account,month,event_group,fee_type,sku,asin,amount,qty
NEXLEV,2026-08,Adjustment,CommissionCorrection,,,65468.13,0.0
NEXLEV,2026-08,Adjustment,FREE_REPLACEMENT_REFUND_ITEMS,FBA78980,B0CDPMX152,123.98,1.0
NEXLEV,2026-08,Adjustment,FREE_REPLACEMENT_REFUND_ITEMS,FBA78981,B0CDPP45BM,7568.45,6.0
NEXLEV,2026-08,Adjustment,FREE_REPLACEMENT_REFUND_ITEMS,FBA79263,B0CYSLCRQS,158.42,1.0
NEXLEV,2026-08,Adjustment,FREE_REPLACEMENT_REFUND_ITEMS,FBA79268,B0D383WQPB,114.86,1.0
NEXLEV,2026-08,Adjustment,FREE_REPLACEMENT_REFUND_ITEMS,FBA79276,B0D2LJSQXZ,216.31,1.0
NEXLEV,2026-08,Adjustment,FREE_REPLACEMENT_REFUND_ITEMS,FBA79373,B0D2P5TGWK,153.09,1.0
NEXLEV,2026-08,Adjustment,FREE_REPLACEMENT_REFUND_ITEMS,FBA79405,B0D9KFP4MG,409.92,1.0
NEXLEV,2026-08,Adjustment,FREE_REPLACEMENT_REFUND_ITEMS,FBA79406,B0DCK3N2JJ,144.77,1.0
NEXLEV,2026-08,Adjustment,FREE_REPLACEMENT_REFUND_ITEMS,FBA79439,B0DCK7ZH5P,197.12,1.0
NEXLEV,2026-08,Adjustment,FREE_REPLACEMENT_REFUND_ITEMS,FBA79443,B0D9KFQG8Q,1168.52,1.0
NEXLEV,2026-08,Adjustment,FREE_REPLACEMENT_REFUND_ITEMS,FBA79452,B0DCGHVN81,224.8,3.0
NEXLEV,2026-08,Adjustment,FREE_REPLACEMENT_REFUND_ITEMS,FBA79463,B0DCK56Q85,615.48,1.0
NEXLEV,2026-08,Adjustment,FREE_REPLACEMENT_REFUND_ITEMS,FBA79493,B0DQCWRG3H,216.49,3.0
NEXLEV,2026-08,Adjustment,FREE_REPLACEMENT_REFUND_ITEMS,FBA79567,B0DNJS23HS,6883.75,9.0
NEXLEV,2026-08,Adjustment,FREE_REPLACEMENT_REFUND_ITEMS,FBA79652,B0F43P6D23,9181.78,18.0
NEXLEV,2026-08,Adjustment,FREE_REPLACEMENT_REFUND_ITEMS,FBA79673,B0FJG5PFGQ,533.26,1.0
NEXLEV,2026-08,Adjustment,FREE_REPLACEMENT_REFUND_ITEMS,FBA79721,B0F2N4N83Y,0.54,2.0
NEXLEV,2026-08,Adjustment,FREE_REPLACEMENT_REFUND_ITEMS,FBA79771,B0F678L8YT,3.85,1.0
NEXLEV,2026-08,Adjustment,FREE_REPLACEMENT_REFUND_ITEMS,FBA79778,B0F67BW7SF,681.87,1.0
NEXLEV,2026-08,Adjustment,FREE_REPLACEMENT_REFUND_ITEMS,FBA79812,B0FS6TB7CP,1918.39,2.0
NEXLEV,2026-08,Adjustment,FREE_REPLACEMENT_REFUND_ITEMS,FBA79971,B0GGHZWMVW,6427.24,7.0
NEXLEV,2026-08,Adjustment,FREE_REPLACEMENT_REFUND_ITEMS,FBA79991,B0GN85NZQN,4245.24,2.0
NEXLEV,2026-08,Adjustment,FREE_REPLACEMENT_REFUND_ITEMS,FBA79992,B0GN94YDY2,592.21,1.0
NEXLEV,2026-08,Adjustment,FREE_REPLACEMENT_REFUND_ITEMS,FBA79993,B0GN8WW6BC,808.78,1.0
NEXLEV,2026-08,Adjustment,FREE_REPLACEMENT_REFUND_ITEMS,FBP79350,B0D67727VG,261.89,1.0
NEXLEV,2026-08,Adjustment,LostOrDamagedReimbursement,,,1114.52,2.0
NEXLEV,2026-08,Adjustment,PAYMENT_RETRACTION_ITEMS,FBA79652,B0F43P6D23,-2230.36,1.0
NEXLEV,2026-08,Adjustment,REVERSAL_REIMBURSEMENT,FBA78980,B0CDPMX152,2283.95,4.0
NEXLEV,2026-08,Adjustment,REVERSAL_REIMBURSEMENT,FBA78981,B0CDPP45BM,8298.25,16.0
NEXLEV,2026-08,Adjustment,REVERSAL_REIMBURSEMENT,FBA78995,B0CDQ55W2M,39.26,1.0
NEXLEV,2026-08,Adjustment,REVERSAL_REIMBURSEMENT,FBA79174,B0CW1JJP9S,355.41,1.0
NEXLEV,2026-08,Adjustment,REVERSAL_REIMBURSEMENT,FBA79229,B0CQX9ZZMH,129.72,1.0
NEXLEV,2026-08,Adjustment,REVERSAL_REIMBURSEMENT,FBA79263,B0CYSLCRQS,5912.97,10.0
NEXLEV,2026-08,Adjustment,REVERSAL_REIMBURSEMENT,FBA79277,B0D672NXC8,424.94,1.0
NEXLEV,2026-08,Adjustment,REVERSAL_REIMBURSEMENT,FBA79349,B0D9KDQCCM,1404.13,7.0
NEXLEV,2026-08,Adjustment,REVERSAL_REIMBURSEMENT,FBA79373,B0D2P5TGWK,459.26,3.0
NEXLEV,2026-08,Adjustment,REVERSAL_REIMBURSEMENT,FBA79374,B0D2P7WLJB,306.18,2.0
NEXLEV,2026-08,Adjustment,REVERSAL_REIMBURSEMENT,FBA79404,B0D9KFZYG8,1162.59,1.0
NEXLEV,2026-08,Adjustment,REVERSAL_REIMBURSEMENT,FBA79405,B0D9KFP4MG,103.13,1.0
NEXLEV,2026-08,Adjustment,REVERSAL_REIMBURSEMENT,FBA79406,B0DCK3N2JJ,18.1,1.0
NEXLEV,2026-08,Adjustment,REVERSAL_REIMBURSEMENT,FBA79439,B0DCK7ZH5P,3638.03,4.0
NEXLEV,2026-08,Adjustment,REVERSAL_REIMBURSEMENT,FBA79452,B0DCGHVN81,4652.3,6.0
NEXLEV,2026-08,Adjustment,REVERSAL_REIMBURSEMENT,FBA79467,B0DK9LYT4P,233.02,1.0
NEXLEV,2026-08,Adjustment,REVERSAL_REIMBURSEMENT,FBA79473,B0DJFH6RTL,82.16,1.0
NEXLEV,2026-08,Adjustment,REVERSAL_REIMBURSEMENT,FBA79474,B0DJFH4K8B,1200.5,1.0
NEXLEV,2026-08,Adjustment,REVERSAL_REIMBURSEMENT,FBA79488,B0DFCG2VGS,11.53,1.0
NEXLEV,2026-08,Adjustment,REVERSAL_REIMBURSEMENT,FBA79492,B0DT6Y7KJM,123.48,1.0
NEXLEV,2026-08,Adjustment,REVERSAL_REIMBURSEMENT,FBA79493,B0DQCWRG3H,446.8,5.0
NEXLEV,2026-08,Adjustment,REVERSAL_REIMBURSEMENT,FBA79567,B0DNJS23HS,22665.34,21.0
NEXLEV,2026-08,Adjustment,REVERSAL_REIMBURSEMENT,FBA79570,B0DKJXRXKM,477.77,2.0
NEXLEV,2026-08,Adjustment,REVERSAL_REIMBURSEMENT,FBA79652,B0F43P6D23,24025.79,40.0
NEXLEV,2026-08,Adjustment,REVERSAL_REIMBURSEMENT,FBA79673,B0FJG5PFGQ,520.57,1.0
NEXLEV,2026-08,Adjustment,REVERSAL_REIMBURSEMENT,FBA79679,B0DVC7VJP1,713.97,2.0
NEXLEV,2026-08,Adjustment,REVERSAL_REIMBURSEMENT,FBA79682,B0DVC8NYY2,1225.78,2.0
NEXLEV,2026-08,Adjustment,REVERSAL_REIMBURSEMENT,FBA79689,B0DVSZ2VVJ,395.71,1.0
NEXLEV,2026-08,Adjustment,REVERSAL_REIMBURSEMENT,FBA79699,B0DTYDTKN8,220.49,1.0
NEXLEV,2026-08,Adjustment,REVERSAL_REIMBURSEMENT,FBA79721,B0F2N4N83Y,4.550000000000001,3.0
NEXLEV,2026-08,Adjustment,REVERSAL_REIMBURSEMENT,FBA79773,B0F74DJYG6,347.42,8.0
NEXLEV,2026-08,Adjustment,REVERSAL_REIMBURSEMENT,FBA79775,B0F67775SH,30.42,2.0
NEXLEV,2026-08,Adjustment,REVERSAL_REIMBURSEMENT,FBA79778,B0F67BW7SF,681.87,1.0
NEXLEV,2026-08,Adjustment,REVERSAL_REIMBURSEMENT,FBA79811,B0FSF1N457,32.49,1.0
NEXLEV,2026-08,Adjustment,REVERSAL_REIMBURSEMENT,FBA79812,B0FS6TB7CP,278.76,3.0
NEXLEV,2026-08,Adjustment,REVERSAL_REIMBURSEMENT,FBA79843,B0FMF1D9NV,1.12,1.0
NEXLEV,2026-08,Adjustment,REVERSAL_REIMBURSEMENT,FBA79849,B0FPGDVVCX,342.04,1.0
NEXLEV,2026-08,Adjustment,REVERSAL_REIMBURSEMENT,FBA79971,B0GGHZWMVW,14205.94,9.0
NEXLEV,2026-08,Adjustment,REVERSAL_REIMBURSEMENT,FBA79984,B0GM1CZC7Y,272.8,1.0
NEXLEV,2026-08,Adjustment,REVERSAL_REIMBURSEMENT,FBA79991,B0GN85NZQN,1384.16,6.0
NEXLEV,2026-08,Adjustment,REVERSAL_REIMBURSEMENT,FBA79992,B0GN94YDY2,77.19,1.0
NEXLEV,2026-08,Adjustment,REVERSAL_REIMBURSEMENT,FBA79993,B0GN8WW6BC,1571.17,2.0
NEXLEV,2026-08,Adjustment,REVERSAL_REIMBURSEMENT,FBA80113,B0GYS6CJD9,75.01,1.0
NEXLEV,2026-08,Adjustment,REVERSAL_REIMBURSEMENT,FBK79271,B0DQ8W1RBV,9.38,1.0
NEXLEV,2026-08,Adjustment,REVERSAL_REIMBURSEMENT,FBK79714,,1.39,1.0
NEXLEV,2026-08,Adjustment,REVERSAL_REIMBURSEMENT,FBK80024,B0GLHC8CB3,1017.51,1.0
NEXLEV,2026-08,Adjustment,WAREHOUSE_DAMAGE,FBA79267,B0D2LD6BYJ,414.56,2.0
NEXLEV,2026-08,Adjustment,WAREHOUSE_DAMAGE,FBA79473,B0DJFH6RTL,488.74,1.0
NEXLEV,2026-08,Adjustment,WAREHOUSE_DAMAGE,FBA79493,B0DQCWRG3H,421.68,1.0
NEXLEV,2026-08,Adjustment,WAREHOUSE_DAMAGE,FBA79565,B0DKJZDY72,496.63,1.0
NEXLEV,2026-08,Refund,Commission,FBA78980,B0CDPMX152,1372.74,13.0
NEXLEV,2026-08,Refund,Commission,FBA78981,B0CDPP45BM,17486.07,83.0
NEXLEV,2026-08,Refund,Commission,FBA78995,B0CDQ55W2M,0.0,1.0
NEXLEV,2026-08,Refund,Commission,FBA79229,B0CQX9ZZMH,123.78,1.0
NEXLEV,2026-08,Refund,Commission,FBA79263,B0CYSLCRQS,4303.79,28.0
NEXLEV,2026-08,Refund,Commission,FBA79273,B0D2LKB4BJ,0.0,1.0
NEXLEV,2026-08,Refund,Commission,FBA79276,B0D2LJSQXZ,1593.16,8.0
NEXLEV,2026-08,Refund,Commission,FBA79277,B0D672NXC8,679.59,1.0
NEXLEV,2026-08,Refund,Commission,FBA79279,B0D8445KJN,0.0,1.0
NEXLEV,2026-08,Refund,Commission,FBA79280,B0D845B2DG,72.81,1.0
NEXLEV,2026-08,Refund,Commission,FBA79332,B0D63FKYZ5,0.0,1.0
NEXLEV,2026-08,Refund,Commission,FBA79349,B0D9KDQCCM,0.0,13.0
NEXLEV,2026-08,Refund,Commission,FBA79373,B0D2P5TGWK,0.0,5.0
NEXLEV,2026-08,Refund,Commission,FBA79374,B0D2P7WLJB,0.0,1.0
NEXLEV,2026-08,Refund,Commission,FBA79381,B0D9KCNVNM,117.17,1.0
NEXLEV,2026-08,Refund,Commission,FBA79405,B0D9KFP4MG,1196.05,7.0
NEXLEV,2026-08,Refund,Commission,FBA79406,B0DCK3N2JJ,1711.32,7.0
NEXLEV,2026-08,Refund,Commission,FBA79436,B0DGTGKPJR,0.0,3.0
NEXLEV,2026-08,Refund,Commission,FBA79439,B0DCK7ZH5P,3019.13,17.0
NEXLEV,2026-08,Refund,Commission,FBA79440,B0DCGHKRXX,421.5,2.0
NEXLEV,2026-08,Refund,Commission,FBA79452,B0DCGHVN81,1086.89,10.0
NEXLEV,2026-08,Refund,Commission,FBA79463,B0DCK56Q85,411.22,3.0
NEXLEV,2026-08,Refund,Commission,FBA79467,B0DK9LYT4P,0.0,1.0
NEXLEV,2026-08,Refund,Commission,FBA79469,B0DCK4DR1B,437.68,2.0
NEXLEV,2026-08,Refund,Commission,FBA79472,B0DFCDZWND,120.99,1.0
NEXLEV,2026-08,Refund,Commission,FBA79480,B0DDC3GVZW,84.39,1.0
NEXLEV,2026-08,Refund,Commission,FBA79488,B0DFCG2VGS,185.76,2.0
NEXLEV,2026-08,Refund,Commission,FBA79492,B0DT6Y7KJM,237.55,1.0
NEXLEV,2026-08,Refund,Commission,FBA79493,B0DQCWRG3H,14465.96,75.0
NEXLEV,2026-08,Refund,Commission,FBA79567,B0DNJS23HS,24427.09,55.0
NEXLEV,2026-08,Refund,Commission,FBA79570,B0DKJXRXKM,425.46,3.0
NEXLEV,2026-08,Refund,Commission,FBA79590,B0DM6BB3VT,779.9,3.0
NEXLEV,2026-08,Refund,Commission,FBA79596,B0DMT19RWC,317.22,1.0
NEXLEV,2026-08,Refund,Commission,FBA79606,B0F2N37819,0.0,1.0
NEXLEV,2026-08,Refund,Commission,FBA79652,B0F43P6D23,12436.8,67.0
NEXLEV,2026-08,Refund,Commission,FBA79673,B0FJG5PFGQ,0.0,3.0
NEXLEV,2026-08,Refund,Commission,FBA79679,B0DVC7VJP1,4190.72,7.0
NEXLEV,2026-08,Refund,Commission,FBA79682,B0DVC8NYY2,492.17,3.0
NEXLEV,2026-08,Refund,Commission,FBA79686,B0DV94R4QD,0.0,1.0
NEXLEV,2026-08,Refund,Commission,FBA79689,B0DVSZ2VVJ,530.92,1.0
NEXLEV,2026-08,Refund,Commission,FBA79692,B0DVC58QPZ,384.54,1.0
NEXLEV,2026-08,Refund,Commission,FBA79698,B0DTK4FY1G,300.07,1.0
NEXLEV,2026-08,Refund,Commission,FBA79699,B0DTYDTKN8,1200.48,2.0
NEXLEV,2026-08,Refund,Commission,FBA79721,B0F2N4N83Y,0.0,4.0
NEXLEV,2026-08,Refund,Commission,FBA79771,B0F678L8YT,0.0,1.0
NEXLEV,2026-08,Refund,Commission,FBA79773,B0F74DJYG6,0.0,13.0
NEXLEV,2026-08,Refund,Commission,FBA79775,B0F67775SH,0.0,3.0
NEXLEV,2026-08,Refund,Commission,FBA79811,B0FSF1N457,0.0,5.0
NEXLEV,2026-08,Refund,Commission,FBA79812,B0FS6TB7CP,700.62,6.0
NEXLEV,2026-08,Refund,Commission,FBA79843,B0FMF1D9NV,0.0,1.0
NEXLEV,2026-08,Refund,Commission,FBA79849,B0FPGDVVCX,1547.4499999999998,3.0
NEXLEV,2026-08,Refund,Commission,FBA79971,B0GGHZWMVW,24323.72,25.0
NEXLEV,2026-08,Refund,Commission,FBA79984,B0GM1CZC7Y,2712.59,6.0
NEXLEV,2026-08,Refund,Commission,FBA79989,B0GN86G345,722.46,2.0
NEXLEV,2026-08,Refund,Commission,FBA79991,B0GN85NZQN,14802.36,29.0
NEXLEV,2026-08,Refund,Commission,FBA79992,B0GN94YDY2,2474.59,4.0
NEXLEV,2026-08,Refund,Commission,FBA79993,B0GN8WW6BC,3938.09,3.0
NEXLEV,2026-08,Refund,Commission,FBA80113,B0GYS6CJD9,0.0,3.0
NEXLEV,2026-08,Refund,Commission,FBK79271,B0DQ8W1RBV,332.5,2.0
NEXLEV,2026-08,Refund,Commission,FBK79347,B0D842173P,0.0,1.0
NEXLEV,2026-08,Refund,Commission,FBK79591,B0F29SZCVF,226.56,1.0
NEXLEV,2026-08,Refund,Commission,FBK79714,,0.0,1.0
NEXLEV,2026-08,Refund,Commission,FBK80015,B0GKNGWLJ2,552.1,1.0
NEXLEV,2026-08,Refund,Commission,FBK80024,B0GLHC8CB3,190.46,1.0
NEXLEV,2026-08,Refund,Commission,FBM79773,,0.0,4.0
NEXLEV,2026-08,Refund,Commission,FBP79350,B0D67727VG,481.92,6.0
NEXLEV,2026-08,Refund,FixedClosingFee,FBA78980,B0CDPMX152,368.16,13.0
NEXLEV,2026-08,Refund,FixedClosingFee,FBA78981,B0CDPP45BM,2024.88,83.0
NEXLEV,2026-08,Refund,FixedClosingFee,FBA78995,B0CDQ55W2M,0.0,1.0
NEXLEV,2026-08,Refund,FixedClosingFee,FBA79229,B0CQX9ZZMH,61.36,1.0
NEXLEV,2026-08,Refund,FixedClosingFee,FBA79263,B0CYSLCRQS,490.88,28.0
NEXLEV,2026-08,Refund,FixedClosingFee,FBA79273,B0D2LKB4BJ,0.0,1.0
NEXLEV,2026-08,Refund,FixedClosingFee,FBA79276,B0D2LJSQXZ,368.16,8.0
NEXLEV,2026-08,Refund,FixedClosingFee,FBA79277,B0D672NXC8,0.0,1.0
NEXLEV,2026-08,Refund,FixedClosingFee,FBA79279,B0D8445KJN,0.0,1.0
NEXLEV,2026-08,Refund,FixedClosingFee,FBA79280,B0D845B2DG,61.36,1.0
NEXLEV,2026-08,Refund,FixedClosingFee,FBA79332,B0D63FKYZ5,61.36,1.0
NEXLEV,2026-08,Refund,FixedClosingFee,FBA79349,B0D9KDQCCM,127.44,13.0
NEXLEV,2026-08,Refund,FixedClosingFee,FBA79373,B0D2P5TGWK,61.36,5.0
NEXLEV,2026-08,Refund,FixedClosingFee,FBA79374,B0D2P7WLJB,0.0,1.0
NEXLEV,2026-08,Refund,FixedClosingFee,FBA79381,B0D9KCNVNM,0.0,1.0
NEXLEV,2026-08,Refund,FixedClosingFee,FBA79405,B0D9KFP4MG,306.8,7.0
NEXLEV,2026-08,Refund,FixedClosingFee,FBA79406,B0DCK3N2JJ,306.8,7.0
NEXLEV,2026-08,Refund,FixedClosingFee,FBA79436,B0DGTGKPJR,30.68,3.0
NEXLEV,2026-08,Refund,FixedClosingFee,FBA79439,B0DCK7ZH5P,368.16,17.0
NEXLEV,2026-08,Refund,FixedClosingFee,FBA79440,B0DCGHKRXX,61.36,2.0
NEXLEV,2026-08,Refund,FixedClosingFee,FBA79452,B0DCGHVN81,368.16,10.0
NEXLEV,2026-08,Refund,FixedClosingFee,FBA79463,B0DCK56Q85,122.72,3.0
NEXLEV,2026-08,Refund,FixedClosingFee,FBA79467,B0DK9LYT4P,0.0,1.0
NEXLEV,2026-08,Refund,FixedClosingFee,FBA79469,B0DCK4DR1B,122.72,2.0
NEXLEV,2026-08,Refund,FixedClosingFee,FBA79472,B0DFCDZWND,61.36,1.0
NEXLEV,2026-08,Refund,FixedClosingFee,FBA79480,B0DDC3GVZW,0.0,1.0
NEXLEV,2026-08,Refund,FixedClosingFee,FBA79488,B0DFCG2VGS,61.36,2.0
NEXLEV,2026-08,Refund,FixedClosingFee,FBA79492,B0DT6Y7KJM,61.36,1.0
NEXLEV,2026-08,Refund,FixedClosingFee,FBA79493,B0DQCWRG3H,3742.96,75.0
NEXLEV,2026-08,Refund,FixedClosingFee,FBA79567,B0DNJS23HS,1349.92,55.0
NEXLEV,2026-08,Refund,FixedClosingFee,FBA79570,B0DKJXRXKM,61.36,3.0
NEXLEV,2026-08,Refund,FixedClosingFee,FBA79590,B0DM6BB3VT,61.36,3.0
NEXLEV,2026-08,Refund,FixedClosingFee,FBA79596,B0DMT19RWC,0.0,1.0
NEXLEV,2026-08,Refund,FixedClosingFee,FBA79606,B0F2N37819,0.0,1.0
NEXLEV,2026-08,Refund,FixedClosingFee,FBA79652,B0F43P6D23,797.68,67.0
NEXLEV,2026-08,Refund,FixedClosingFee,FBA79673,B0FJG5PFGQ,31.86,3.0
NEXLEV,2026-08,Refund,FixedClosingFee,FBA79679,B0DVC7VJP1,184.08,7.0
NEXLEV,2026-08,Refund,FixedClosingFee,FBA79682,B0DVC8NYY2,61.36,3.0
NEXLEV,2026-08,Refund,FixedClosingFee,FBA79686,B0DV94R4QD,31.86,1.0
NEXLEV,2026-08,Refund,FixedClosingFee,FBA79689,B0DVSZ2VVJ,0.0,1.0
NEXLEV,2026-08,Refund,FixedClosingFee,FBA79692,B0DVC58QPZ,61.36,1.0
NEXLEV,2026-08,Refund,FixedClosingFee,FBA79698,B0DTK4FY1G,0.0,1.0
NEXLEV,2026-08,Refund,FixedClosingFee,FBA79699,B0DTYDTKN8,61.36,2.0
NEXLEV,2026-08,Refund,FixedClosingFee,FBA79721,B0F2N4N83Y,30.68,4.0
NEXLEV,2026-08,Refund,FixedClosingFee,FBA79771,B0F678L8YT,31.86,1.0
NEXLEV,2026-08,Refund,FixedClosingFee,FBA79773,B0F74DJYG6,92.04,13.0
NEXLEV,2026-08,Refund,FixedClosingFee,FBA79775,B0F67775SH,0.0,3.0
NEXLEV,2026-08,Refund,FixedClosingFee,FBA79811,B0FSF1N457,127.44,5.0
NEXLEV,2026-08,Refund,FixedClosingFee,FBA79812,B0FS6TB7CP,245.44,6.0
NEXLEV,2026-08,Refund,FixedClosingFee,FBA79843,B0FMF1D9NV,0.0,1.0
NEXLEV,2026-08,Refund,FixedClosingFee,FBA79849,B0FPGDVVCX,61.36,3.0
NEXLEV,2026-08,Refund,FixedClosingFee,FBA79971,B0GGHZWMVW,552.24,25.0
NEXLEV,2026-08,Refund,FixedClosingFee,FBA79984,B0GM1CZC7Y,245.44,6.0
NEXLEV,2026-08,Refund,FixedClosingFee,FBA79989,B0GN86G345,0.0,2.0
NEXLEV,2026-08,Refund,FixedClosingFee,FBA79991,B0GN85NZQN,797.68,29.0
NEXLEV,2026-08,Refund,FixedClosingFee,FBA79992,B0GN94YDY2,184.08,4.0
NEXLEV,2026-08,Refund,FixedClosingFee,FBA79993,B0GN8WW6BC,61.36,3.0
NEXLEV,2026-08,Refund,FixedClosingFee,FBA80113,B0GYS6CJD9,30.68,3.0
NEXLEV,2026-08,Refund,FixedClosingFee,FBK79271,B0DQ8W1RBV,61.36,2.0
NEXLEV,2026-08,Refund,FixedClosingFee,FBK79347,B0D842173P,31.86,1.0
NEXLEV,2026-08,Refund,FixedClosingFee,FBK79591,B0F29SZCVF,61.36,1.0
NEXLEV,2026-08,Refund,FixedClosingFee,FBK79714,,0.0,1.0
NEXLEV,2026-08,Refund,FixedClosingFee,FBK80015,B0GKNGWLJ2,0.0,1.0
NEXLEV,2026-08,Refund,FixedClosingFee,FBK80024,B0GLHC8CB3,61.36,1.0
NEXLEV,2026-08,Refund,FixedClosingFee,FBM79773,,0.0,4.0
NEXLEV,2026-08,Refund,FixedClosingFee,FBP79350,B0D67727VG,277.3,6.0
NEXLEV,2026-08,Refund,GiftwrapChargeback,FBA78980,B0CDPMX152,0.0,13.0
NEXLEV,2026-08,Refund,GiftwrapChargeback,FBA78981,B0CDPP45BM,30.0,83.0
NEXLEV,2026-08,Refund,GiftwrapChargeback,FBA78995,B0CDQ55W2M,0.0,1.0
NEXLEV,2026-08,Refund,GiftwrapChargeback,FBA79229,B0CQX9ZZMH,0.0,1.0
NEXLEV,2026-08,Refund,GiftwrapChargeback,FBA79263,B0CYSLCRQS,0.0,28.0
NEXLEV,2026-08,Refund,GiftwrapChargeback,FBA79273,B0D2LKB4BJ,0.0,1.0
NEXLEV,2026-08,Refund,GiftwrapChargeback,FBA79276,B0D2LJSQXZ,0.0,8.0
NEXLEV,2026-08,Refund,GiftwrapChargeback,FBA79277,B0D672NXC8,0.0,1.0
NEXLEV,2026-08,Refund,GiftwrapChargeback,FBA79279,B0D8445KJN,0.0,1.0
NEXLEV,2026-08,Refund,GiftwrapChargeback,FBA79280,B0D845B2DG,0.0,1.0
NEXLEV,2026-08,Refund,GiftwrapChargeback,FBA79332,B0D63FKYZ5,0.0,1.0
NEXLEV,2026-08,Refund,GiftwrapChargeback,FBA79349,B0D9KDQCCM,0.0,13.0
NEXLEV,2026-08,Refund,GiftwrapChargeback,FBA79373,B0D2P5TGWK,0.0,5.0
NEXLEV,2026-08,Refund,GiftwrapChargeback,FBA79374,B0D2P7WLJB,0.0,1.0
NEXLEV,2026-08,Refund,GiftwrapChargeback,FBA79381,B0D9KCNVNM,0.0,1.0
NEXLEV,2026-08,Refund,GiftwrapChargeback,FBA79405,B0D9KFP4MG,0.0,7.0
NEXLEV,2026-08,Refund,GiftwrapChargeback,FBA79406,B0DCK3N2JJ,0.0,7.0
NEXLEV,2026-08,Refund,GiftwrapChargeback,FBA79436,B0DGTGKPJR,0.0,3.0
NEXLEV,2026-08,Refund,GiftwrapChargeback,FBA79439,B0DCK7ZH5P,0.0,17.0
NEXLEV,2026-08,Refund,GiftwrapChargeback,FBA79440,B0DCGHKRXX,0.0,2.0
NEXLEV,2026-08,Refund,GiftwrapChargeback,FBA79452,B0DCGHVN81,0.0,10.0
NEXLEV,2026-08,Refund,GiftwrapChargeback,FBA79463,B0DCK56Q85,0.0,3.0
NEXLEV,2026-08,Refund,GiftwrapChargeback,FBA79467,B0DK9LYT4P,0.0,1.0
NEXLEV,2026-08,Refund,GiftwrapChargeback,FBA79469,B0DCK4DR1B,0.0,2.0
NEXLEV,2026-08,Refund,GiftwrapChargeback,FBA79472,B0DFCDZWND,0.0,1.0
NEXLEV,2026-08,Refund,GiftwrapChargeback,FBA79480,B0DDC3GVZW,0.0,1.0
NEXLEV,2026-08,Refund,GiftwrapChargeback,FBA79488,B0DFCG2VGS,0.0,2.0
NEXLEV,2026-08,Refund,GiftwrapChargeback,FBA79492,B0DT6Y7KJM,0.0,1.0
NEXLEV,2026-08,Refund,GiftwrapChargeback,FBA79493,B0DQCWRG3H,0.0,75.0
NEXLEV,2026-08,Refund,GiftwrapChargeback,FBA79567,B0DNJS23HS,0.0,55.0
NEXLEV,2026-08,Refund,GiftwrapChargeback,FBA79570,B0DKJXRXKM,0.0,3.0
NEXLEV,2026-08,Refund,GiftwrapChargeback,FBA79590,B0DM6BB3VT,0.0,3.0
NEXLEV,2026-08,Refund,GiftwrapChargeback,FBA79596,B0DMT19RWC,0.0,1.0
NEXLEV,2026-08,Refund,GiftwrapChargeback,FBA79606,B0F2N37819,0.0,1.0
NEXLEV,2026-08,Refund,GiftwrapChargeback,FBA79652,B0F43P6D23,0.0,67.0
NEXLEV,2026-08,Refund,GiftwrapChargeback,FBA79673,B0FJG5PFGQ,0.0,3.0
NEXLEV,2026-08,Refund,GiftwrapChargeback,FBA79679,B0DVC7VJP1,0.0,7.0
NEXLEV,2026-08,Refund,GiftwrapChargeback,FBA79682,B0DVC8NYY2,0.0,3.0
NEXLEV,2026-08,Refund,GiftwrapChargeback,FBA79686,B0DV94R4QD,0.0,1.0
NEXLEV,2026-08,Refund,GiftwrapChargeback,FBA79689,B0DVSZ2VVJ,0.0,1.0
NEXLEV,2026-08,Refund,GiftwrapChargeback,FBA79692,B0DVC58QPZ,0.0,1.0
NEXLEV,2026-08,Refund,GiftwrapChargeback,FBA79698,B0DTK4FY1G,0.0,1.0
NEXLEV,2026-08,Refund,GiftwrapChargeback,FBA79699,B0DTYDTKN8,0.0,2.0
NEXLEV,2026-08,Refund,GiftwrapChargeback,FBA79721,B0F2N4N83Y,0.0,4.0
NEXLEV,2026-08,Refund,GiftwrapChargeback,FBA79771,B0F678L8YT,0.0,1.0
NEXLEV,2026-08,Refund,GiftwrapChargeback,FBA79773,B0F74DJYG6,0.0,13.0
NEXLEV,2026-08,Refund,GiftwrapChargeback,FBA79775,B0F67775SH,0.0,3.0
NEXLEV,2026-08,Refund,GiftwrapChargeback,FBA79811,B0FSF1N457,0.0,5.0
NEXLEV,2026-08,Refund,GiftwrapChargeback,FBA79812,B0FS6TB7CP,0.0,6.0
NEXLEV,2026-08,Refund,GiftwrapChargeback,FBA79843,B0FMF1D9NV,0.0,1.0
NEXLEV,2026-08,Refund,GiftwrapChargeback,FBA79849,B0FPGDVVCX,0.0,3.0
NEXLEV,2026-08,Refund,GiftwrapChargeback,FBA79971,B0GGHZWMVW,0.0,25.0
NEXLEV,2026-08,Refund,GiftwrapChargeback,FBA79984,B0GM1CZC7Y,0.0,6.0
NEXLEV,2026-08,Refund,GiftwrapChargeback,FBA79989,B0GN86G345,0.0,2.0
NEXLEV,2026-08,Refund,GiftwrapChargeback,FBA79991,B0GN85NZQN,0.0,29.0
NEXLEV,2026-08,Refund,GiftwrapChargeback,FBA79992,B0GN94YDY2,0.0,4.0
NEXLEV,2026-08,Refund,GiftwrapChargeback,FBA79993,B0GN8WW6BC,0.0,3.0
NEXLEV,2026-08,Refund,GiftwrapChargeback,FBA80113,B0GYS6CJD9,0.0,3.0
NEXLEV,2026-08,Refund,GiftwrapChargeback,FBK79271,B0DQ8W1RBV,0.0,2.0
NEXLEV,2026-08,Refund,GiftwrapChargeback,FBK79347,B0D842173P,0.0,1.0
NEXLEV,2026-08,Refund,GiftwrapChargeback,FBK79591,B0F29SZCVF,0.0,1.0
NEXLEV,2026-08,Refund,GiftwrapChargeback,FBK79714,,0.0,1.0
NEXLEV,2026-08,Refund,GiftwrapChargeback,FBK80015,B0GKNGWLJ2,0.0,1.0
NEXLEV,2026-08,Refund,GiftwrapChargeback,FBK80024,B0GLHC8CB3,0.0,1.0
NEXLEV,2026-08,Refund,GiftwrapChargeback,FBP79350,B0D67727VG,0.0,6.0
NEXLEV,2026-08,Refund,GiftwrapCommission,FBM79773,,0.0,4.0
NEXLEV,2026-08,Refund,RefundCommission,FBA78980,B0CDPMX152,-908.6,13.0
NEXLEV,2026-08,Refund,RefundCommission,FBA78981,B0CDPP45BM,-6490.000000000001,83.0
NEXLEV,2026-08,Refund,RefundCommission,FBA78995,B0CDQ55W2M,-100.3,1.0
NEXLEV,2026-08,Refund,RefundCommission,FBA79229,B0CQX9ZZMH,0.0,1.0
NEXLEV,2026-08,Refund,RefundCommission,FBA79263,B0CYSLCRQS,-2596.0,28.0
NEXLEV,2026-08,Refund,RefundCommission,FBA79273,B0D2LKB4BJ,-100.3,1.0
NEXLEV,2026-08,Refund,RefundCommission,FBA79276,B0D2LJSQXZ,-259.6,8.0
NEXLEV,2026-08,Refund,RefundCommission,FBA79277,B0D672NXC8,-129.8,1.0
NEXLEV,2026-08,Refund,RefundCommission,FBA79279,B0D8445KJN,-100.3,1.0
NEXLEV,2026-08,Refund,RefundCommission,FBA79280,B0D845B2DG,0.0,1.0
NEXLEV,2026-08,Refund,RefundCommission,FBA79332,B0D63FKYZ5,0.0,1.0
NEXLEV,2026-08,Refund,RefundCommission,FBA79349,B0D9KDQCCM,-902.7,13.0
NEXLEV,2026-08,Refund,RefundCommission,FBA79373,B0D2P5TGWK,-141.60000000000002,5.0
NEXLEV,2026-08,Refund,RefundCommission,FBA79374,B0D2P7WLJB,-47.2,1.0
NEXLEV,2026-08,Refund,RefundCommission,FBA79381,B0D9KCNVNM,-129.8,1.0
NEXLEV,2026-08,Refund,RefundCommission,FBA79405,B0D9KFP4MG,-259.6,7.0
NEXLEV,2026-08,Refund,RefundCommission,FBA79406,B0DCK3N2JJ,-259.6,7.0
NEXLEV,2026-08,Refund,RefundCommission,FBA79436,B0DGTGKPJR,-94.4,3.0
NEXLEV,2026-08,Refund,RefundCommission,FBA79439,B0DCK7ZH5P,-1427.8000000000002,17.0
NEXLEV,2026-08,Refund,RefundCommission,FBA79440,B0DCGHKRXX,-129.8,2.0
NEXLEV,2026-08,Refund,RefundCommission,FBA79452,B0DCGHVN81,-519.2,10.0
NEXLEV,2026-08,Refund,RefundCommission,FBA79463,B0DCK56Q85,-129.8,3.0
NEXLEV,2026-08,Refund,RefundCommission,FBA79467,B0DK9LYT4P,-100.3,1.0
NEXLEV,2026-08,Refund,RefundCommission,FBA79469,B0DCK4DR1B,0.0,2.0
NEXLEV,2026-08,Refund,RefundCommission,FBA79472,B0DFCDZWND,0.0,1.0
NEXLEV,2026-08,Refund,RefundCommission,FBA79480,B0DDC3GVZW,-129.8,1.0
NEXLEV,2026-08,Refund,RefundCommission,FBA79488,B0DFCG2VGS,-129.8,2.0
NEXLEV,2026-08,Refund,RefundCommission,FBA79492,B0DT6Y7KJM,0.0,1.0
NEXLEV,2026-08,Refund,RefundCommission,FBA79493,B0DQCWRG3H,-1817.2000000000005,75.0
NEXLEV,2026-08,Refund,RefundCommission,FBA79567,B0DNJS23HS,-4283.400000000001,55.0
NEXLEV,2026-08,Refund,RefundCommission,FBA79570,B0DKJXRXKM,-259.6,3.0
NEXLEV,2026-08,Refund,RefundCommission,FBA79590,B0DM6BB3VT,-259.6,3.0
NEXLEV,2026-08,Refund,RefundCommission,FBA79596,B0DMT19RWC,-129.8,1.0
NEXLEV,2026-08,Refund,RefundCommission,FBA79606,B0F2N37819,-47.2,1.0
NEXLEV,2026-08,Refund,RefundCommission,FBA79652,B0F43P6D23,-7009.200000000001,67.0
NEXLEV,2026-08,Refund,RefundCommission,FBA79673,B0FJG5PFGQ,-200.6,3.0
NEXLEV,2026-08,Refund,RefundCommission,FBA79679,B0DVC7VJP1,-519.2,7.0
NEXLEV,2026-08,Refund,RefundCommission,FBA79682,B0DVC8NYY2,-259.6,3.0
NEXLEV,2026-08,Refund,RefundCommission,FBA79686,B0DV94R4QD,0.0,1.0
NEXLEV,2026-08,Refund,RefundCommission,FBA79689,B0DVSZ2VVJ,-129.8,1.0
NEXLEV,2026-08,Refund,RefundCommission,FBA79692,B0DVC58QPZ,0.0,1.0
NEXLEV,2026-08,Refund,RefundCommission,FBA79698,B0DTK4FY1G,-129.8,1.0
NEXLEV,2026-08,Refund,RefundCommission,FBA79699,B0DTYDTKN8,-129.8,2.0
NEXLEV,2026-08,Refund,RefundCommission,FBA79721,B0F2N4N83Y,-141.60000000000002,4.0
NEXLEV,2026-08,Refund,RefundCommission,FBA79771,B0F678L8YT,0.0,1.0
NEXLEV,2026-08,Refund,RefundCommission,FBA79773,B0F74DJYG6,-472.0,13.0
NEXLEV,2026-08,Refund,RefundCommission,FBA79775,B0F67775SH,-141.60000000000002,3.0
NEXLEV,2026-08,Refund,RefundCommission,FBA79811,B0FSF1N457,-100.3,5.0
NEXLEV,2026-08,Refund,RefundCommission,FBA79812,B0FS6TB7CP,-259.6,6.0
NEXLEV,2026-08,Refund,RefundCommission,FBA79843,B0FMF1D9NV,-47.2,1.0
NEXLEV,2026-08,Refund,RefundCommission,FBA79849,B0FPGDVVCX,-259.6,3.0
NEXLEV,2026-08,Refund,RefundCommission,FBA79971,B0GGHZWMVW,-2076.8,25.0
NEXLEV,2026-08,Refund,RefundCommission,FBA79984,B0GM1CZC7Y,-259.6,6.0
NEXLEV,2026-08,Refund,RefundCommission,FBA79989,B0GN86G345,-259.6,2.0
NEXLEV,2026-08,Refund,RefundCommission,FBA79991,B0GN85NZQN,-2076.8,29.0
NEXLEV,2026-08,Refund,RefundCommission,FBA79992,B0GN94YDY2,-129.8,4.0
NEXLEV,2026-08,Refund,RefundCommission,FBA79993,B0GN8WW6BC,-259.6,3.0
NEXLEV,2026-08,Refund,RefundCommission,FBA80113,B0GYS6CJD9,-94.4,3.0
NEXLEV,2026-08,Refund,RefundCommission,FBK79271,B0DQ8W1RBV,-129.8,2.0
NEXLEV,2026-08,Refund,RefundCommission,FBK79347,B0D842173P,0.0,1.0
NEXLEV,2026-08,Refund,RefundCommission,FBK79591,B0F29SZCVF,0.0,1.0
NEXLEV,2026-08,Refund,RefundCommission,FBK79714,,-47.2,1.0
NEXLEV,2026-08,Refund,RefundCommission,FBK80015,B0GKNGWLJ2,-129.8,1.0
NEXLEV,2026-08,Refund,RefundCommission,FBK80024,B0GLHC8CB3,0.0,1.0
NEXLEV,2026-08,Refund,RefundCommission,FBM79773,,-188.8,4.0
NEXLEV,2026-08,Refund,RefundCommission,FBP79350,B0D67727VG,-129.8,6.0
NEXLEV,2026-08,Refund,ShippingChargeback,FBA78980,B0CDPMX152,138.0,13.0
NEXLEV,2026-08,Refund,ShippingChargeback,FBA78981,B0CDPP45BM,277.0,83.0
NEXLEV,2026-08,Refund,ShippingChargeback,FBA78995,B0CDQ55W2M,0.0,1.0
NEXLEV,2026-08,Refund,ShippingChargeback,FBA79229,B0CQX9ZZMH,0.0,1.0
NEXLEV,2026-08,Refund,ShippingChargeback,FBA79263,B0CYSLCRQS,0.0,28.0
NEXLEV,2026-08,Refund,ShippingChargeback,FBA79273,B0D2LKB4BJ,0.0,1.0
NEXLEV,2026-08,Refund,ShippingChargeback,FBA79276,B0D2LJSQXZ,59.0,8.0
NEXLEV,2026-08,Refund,ShippingChargeback,FBA79277,B0D672NXC8,0.0,1.0
NEXLEV,2026-08,Refund,ShippingChargeback,FBA79279,B0D8445KJN,0.0,1.0
NEXLEV,2026-08,Refund,ShippingChargeback,FBA79280,B0D845B2DG,0.0,1.0
NEXLEV,2026-08,Refund,ShippingChargeback,FBA79332,B0D63FKYZ5,0.0,1.0
NEXLEV,2026-08,Refund,ShippingChargeback,FBA79349,B0D9KDQCCM,0.0,13.0
NEXLEV,2026-08,Refund,ShippingChargeback,FBA79373,B0D2P5TGWK,40.0,5.0
NEXLEV,2026-08,Refund,ShippingChargeback,FBA79374,B0D2P7WLJB,0.0,1.0
NEXLEV,2026-08,Refund,ShippingChargeback,FBA79381,B0D9KCNVNM,0.0,1.0
NEXLEV,2026-08,Refund,ShippingChargeback,FBA79405,B0D9KFP4MG,0.0,7.0
NEXLEV,2026-08,Refund,ShippingChargeback,FBA79406,B0DCK3N2JJ,79.0,7.0
NEXLEV,2026-08,Refund,ShippingChargeback,FBA79436,B0DGTGKPJR,0.0,3.0
NEXLEV,2026-08,Refund,ShippingChargeback,FBA79439,B0DCK7ZH5P,0.0,17.0
NEXLEV,2026-08,Refund,ShippingChargeback,FBA79440,B0DCGHKRXX,0.0,2.0
NEXLEV,2026-08,Refund,ShippingChargeback,FBA79452,B0DCGHVN81,0.0,10.0
NEXLEV,2026-08,Refund,ShippingChargeback,FBA79463,B0DCK56Q85,0.0,3.0
NEXLEV,2026-08,Refund,ShippingChargeback,FBA79467,B0DK9LYT4P,0.0,1.0
NEXLEV,2026-08,Refund,ShippingChargeback,FBA79469,B0DCK4DR1B,79.0,2.0
NEXLEV,2026-08,Refund,ShippingChargeback,FBA79472,B0DFCDZWND,0.0,1.0
NEXLEV,2026-08,Refund,ShippingChargeback,FBA79480,B0DDC3GVZW,0.0,1.0
NEXLEV,2026-08,Refund,ShippingChargeback,FBA79488,B0DFCG2VGS,0.0,2.0
NEXLEV,2026-08,Refund,ShippingChargeback,FBA79492,B0DT6Y7KJM,0.0,1.0
NEXLEV,2026-08,Refund,ShippingChargeback,FBA79493,B0DQCWRG3H,118.0,75.0
NEXLEV,2026-08,Refund,ShippingChargeback,FBA79567,B0DNJS23HS,0.0,55.0
NEXLEV,2026-08,Refund,ShippingChargeback,FBA79570,B0DKJXRXKM,0.0,3.0
NEXLEV,2026-08,Refund,ShippingChargeback,FBA79590,B0DM6BB3VT,99.0,3.0
NEXLEV,2026-08,Refund,ShippingChargeback,FBA79596,B0DMT19RWC,0.0,1.0
NEXLEV,2026-08,Refund,ShippingChargeback,FBA79606,B0F2N37819,0.0,1.0
NEXLEV,2026-08,Refund,ShippingChargeback,FBA79652,B0F43P6D23,0.0,67.0
NEXLEV,2026-08,Refund,ShippingChargeback,FBA79673,B0FJG5PFGQ,0.0,3.0
NEXLEV,2026-08,Refund,ShippingChargeback,FBA79679,B0DVC7VJP1,0.0,7.0
NEXLEV,2026-08,Refund,ShippingChargeback,FBA79682,B0DVC8NYY2,0.0,3.0
NEXLEV,2026-08,Refund,ShippingChargeback,FBA79686,B0DV94R4QD,0.0,1.0
NEXLEV,2026-08,Refund,ShippingChargeback,FBA79689,B0DVSZ2VVJ,0.0,1.0
NEXLEV,2026-08,Refund,ShippingChargeback,FBA79692,B0DVC58QPZ,0.0,1.0
NEXLEV,2026-08,Refund,ShippingChargeback,FBA79698,B0DTK4FY1G,0.0,1.0
NEXLEV,2026-08,Refund,ShippingChargeback,FBA79699,B0DTYDTKN8,0.0,2.0
NEXLEV,2026-08,Refund,ShippingChargeback,FBA79721,B0F2N4N83Y,0.0,4.0
NEXLEV,2026-08,Refund,ShippingChargeback,FBA79771,B0F678L8YT,0.0,1.0
NEXLEV,2026-08,Refund,ShippingChargeback,FBA79773,B0F74DJYG6,0.0,13.0
NEXLEV,2026-08,Refund,ShippingChargeback,FBA79775,B0F67775SH,0.0,3.0
NEXLEV,2026-08,Refund,ShippingChargeback,FBA79811,B0FSF1N457,0.0,5.0
NEXLEV,2026-08,Refund,ShippingChargeback,FBA79812,B0FS6TB7CP,59.0,6.0
NEXLEV,2026-08,Refund,ShippingChargeback,FBA79843,B0FMF1D9NV,0.0,1.0
NEXLEV,2026-08,Refund,ShippingChargeback,FBA79849,B0FPGDVVCX,0.0,3.0
NEXLEV,2026-08,Refund,ShippingChargeback,FBA79971,B0GGHZWMVW,0.0,25.0
NEXLEV,2026-08,Refund,ShippingChargeback,FBA79984,B0GM1CZC7Y,0.0,6.0
NEXLEV,2026-08,Refund,ShippingChargeback,FBA79989,B0GN86G345,0.0,2.0
NEXLEV,2026-08,Refund,ShippingChargeback,FBA79991,B0GN85NZQN,0.0,29.0
NEXLEV,2026-08,Refund,ShippingChargeback,FBA79992,B0GN94YDY2,0.0,4.0
NEXLEV,2026-08,Refund,ShippingChargeback,FBA79993,B0GN8WW6BC,0.0,3.0
NEXLEV,2026-08,Refund,ShippingChargeback,FBA80113,B0GYS6CJD9,0.0,3.0
NEXLEV,2026-08,Refund,ShippingChargeback,FBK79271,B0DQ8W1RBV,0.0,2.0
NEXLEV,2026-08,Refund,ShippingChargeback,FBK79347,B0D842173P,79.0,1.0
NEXLEV,2026-08,Refund,ShippingChargeback,FBK79591,B0F29SZCVF,0.0,1.0
NEXLEV,2026-08,Refund,ShippingChargeback,FBK79714,,0.0,1.0
NEXLEV,2026-08,Refund,ShippingChargeback,FBK80015,B0GKNGWLJ2,0.0,1.0
NEXLEV,2026-08,Refund,ShippingChargeback,FBK80024,B0GLHC8CB3,0.0,1.0
NEXLEV,2026-08,Refund,ShippingChargeback,FBP79350,B0D67727VG,0.0,6.0
NEXLEV,2026-08,Refund,ShippingHB,FBM79773,,0.0,4.0
NEXLEV,2026-08,Refund,VariableClosingFee,FBA78980,B0CDPMX152,0.0,13.0
NEXLEV,2026-08,Refund,VariableClosingFee,FBA78981,B0CDPP45BM,0.0,83.0
NEXLEV,2026-08,Refund,VariableClosingFee,FBA78995,B0CDQ55W2M,0.0,1.0
NEXLEV,2026-08,Refund,VariableClosingFee,FBA79229,B0CQX9ZZMH,0.0,1.0
NEXLEV,2026-08,Refund,VariableClosingFee,FBA79263,B0CYSLCRQS,0.0,28.0
NEXLEV,2026-08,Refund,VariableClosingFee,FBA79273,B0D2LKB4BJ,0.0,1.0
NEXLEV,2026-08,Refund,VariableClosingFee,FBA79276,B0D2LJSQXZ,0.0,8.0
NEXLEV,2026-08,Refund,VariableClosingFee,FBA79277,B0D672NXC8,0.0,1.0
NEXLEV,2026-08,Refund,VariableClosingFee,FBA79279,B0D8445KJN,0.0,1.0
NEXLEV,2026-08,Refund,VariableClosingFee,FBA79280,B0D845B2DG,0.0,1.0
NEXLEV,2026-08,Refund,VariableClosingFee,FBA79332,B0D63FKYZ5,0.0,1.0
NEXLEV,2026-08,Refund,VariableClosingFee,FBA79349,B0D9KDQCCM,0.0,13.0
NEXLEV,2026-08,Refund,VariableClosingFee,FBA79373,B0D2P5TGWK,0.0,5.0
NEXLEV,2026-08,Refund,VariableClosingFee,FBA79374,B0D2P7WLJB,0.0,1.0
NEXLEV,2026-08,Refund,VariableClosingFee,FBA79381,B0D9KCNVNM,0.0,1.0
NEXLEV,2026-08,Refund,VariableClosingFee,FBA79405,B0D9KFP4MG,0.0,7.0
NEXLEV,2026-08,Refund,VariableClosingFee,FBA79406,B0DCK3N2JJ,0.0,7.0
NEXLEV,2026-08,Refund,VariableClosingFee,FBA79436,B0DGTGKPJR,0.0,3.0
NEXLEV,2026-08,Refund,VariableClosingFee,FBA79439,B0DCK7ZH5P,0.0,17.0
NEXLEV,2026-08,Refund,VariableClosingFee,FBA79440,B0DCGHKRXX,0.0,2.0
NEXLEV,2026-08,Refund,VariableClosingFee,FBA79452,B0DCGHVN81,0.0,10.0
NEXLEV,2026-08,Refund,VariableClosingFee,FBA79463,B0DCK56Q85,0.0,3.0
NEXLEV,2026-08,Refund,VariableClosingFee,FBA79467,B0DK9LYT4P,0.0,1.0
NEXLEV,2026-08,Refund,VariableClosingFee,FBA79469,B0DCK4DR1B,0.0,2.0
NEXLEV,2026-08,Refund,VariableClosingFee,FBA79472,B0DFCDZWND,0.0,1.0
NEXLEV,2026-08,Refund,VariableClosingFee,FBA79480,B0DDC3GVZW,0.0,1.0
NEXLEV,2026-08,Refund,VariableClosingFee,FBA79488,B0DFCG2VGS,0.0,2.0
NEXLEV,2026-08,Refund,VariableClosingFee,FBA79492,B0DT6Y7KJM,0.0,1.0
NEXLEV,2026-08,Refund,VariableClosingFee,FBA79493,B0DQCWRG3H,0.0,75.0
NEXLEV,2026-08,Refund,VariableClosingFee,FBA79567,B0DNJS23HS,0.0,55.0
NEXLEV,2026-08,Refund,VariableClosingFee,FBA79570,B0DKJXRXKM,0.0,3.0
NEXLEV,2026-08,Refund,VariableClosingFee,FBA79590,B0DM6BB3VT,0.0,3.0
NEXLEV,2026-08,Refund,VariableClosingFee,FBA79596,B0DMT19RWC,0.0,1.0
NEXLEV,2026-08,Refund,VariableClosingFee,FBA79606,B0F2N37819,0.0,1.0
NEXLEV,2026-08,Refund,VariableClosingFee,FBA79652,B0F43P6D23,0.0,67.0
NEXLEV,2026-08,Refund,VariableClosingFee,FBA79673,B0FJG5PFGQ,0.0,3.0
NEXLEV,2026-08,Refund,VariableClosingFee,FBA79679,B0DVC7VJP1,0.0,7.0
NEXLEV,2026-08,Refund,VariableClosingFee,FBA79682,B0DVC8NYY2,0.0,3.0
NEXLEV,2026-08,Refund,VariableClosingFee,FBA79686,B0DV94R4QD,0.0,1.0
NEXLEV,2026-08,Refund,VariableClosingFee,FBA79689,B0DVSZ2VVJ,0.0,1.0
NEXLEV,2026-08,Refund,VariableClosingFee,FBA79692,B0DVC58QPZ,0.0,1.0
NEXLEV,2026-08,Refund,VariableClosingFee,FBA79698,B0DTK4FY1G,0.0,1.0
NEXLEV,2026-08,Refund,VariableClosingFee,FBA79699,B0DTYDTKN8,0.0,2.0
NEXLEV,2026-08,Refund,VariableClosingFee,FBA79721,B0F2N4N83Y,0.0,4.0
NEXLEV,2026-08,Refund,VariableClosingFee,FBA79771,B0F678L8YT,0.0,1.0
NEXLEV,2026-08,Refund,VariableClosingFee,FBA79773,B0F74DJYG6,0.0,13.0
NEXLEV,2026-08,Refund,VariableClosingFee,FBA79775,B0F67775SH,0.0,3.0
NEXLEV,2026-08,Refund,VariableClosingFee,FBA79811,B0FSF1N457,0.0,5.0
NEXLEV,2026-08,Refund,VariableClosingFee,FBA79812,B0FS6TB7CP,0.0,6.0
NEXLEV,2026-08,Refund,VariableClosingFee,FBA79843,B0FMF1D9NV,0.0,1.0
NEXLEV,2026-08,Refund,VariableClosingFee,FBA79849,B0FPGDVVCX,0.0,3.0
NEXLEV,2026-08,Refund,VariableClosingFee,FBA79971,B0GGHZWMVW,0.0,25.0
NEXLEV,2026-08,Refund,VariableClosingFee,FBA79984,B0GM1CZC7Y,0.0,6.0
NEXLEV,2026-08,Refund,VariableClosingFee,FBA79989,B0GN86G345,0.0,2.0
NEXLEV,2026-08,Refund,VariableClosingFee,FBA79991,B0GN85NZQN,0.0,29.0
NEXLEV,2026-08,Refund,VariableClosingFee,FBA79992,B0GN94YDY2,0.0,4.0
NEXLEV,2026-08,Refund,VariableClosingFee,FBA79993,B0GN8WW6BC,0.0,3.0
NEXLEV,2026-08,Refund,VariableClosingFee,FBA80113,B0GYS6CJD9,0.0,3.0
NEXLEV,2026-08,Refund,VariableClosingFee,FBK79271,B0DQ8W1RBV,0.0,2.0
NEXLEV,2026-08,Refund,VariableClosingFee,FBK79347,B0D842173P,0.0,1.0
NEXLEV,2026-08,Refund,VariableClosingFee,FBK79591,B0F29SZCVF,0.0,1.0
NEXLEV,2026-08,Refund,VariableClosingFee,FBK79714,,0.0,1.0
NEXLEV,2026-08,Refund,VariableClosingFee,FBK80015,B0GKNGWLJ2,0.0,1.0
NEXLEV,2026-08,Refund,VariableClosingFee,FBK80024,B0GLHC8CB3,0.0,1.0
NEXLEV,2026-08,Refund,VariableClosingFee,FBM79773,,0.0,4.0
NEXLEV,2026-08,Refund,VariableClosingFee,FBP79350,B0D67727VG,0.0,6.0
NEXLEV,2026-08,RefundCharge,GiftWrap,FBA78981,B0CDPP45BM,-25.42,1.0
NEXLEV,2026-08,RefundCharge,GiftWrapTax,FBA78981,B0CDPP45BM,-4.58,1.0
NEXLEV,2026-08,RefundCharge,Principal,FBA78980,B0CDPMX152,-21980.5,12.0
NEXLEV,2026-08,RefundCharge,Principal,FBA78981,B0CDPP45BM,-281947.37,83.0
NEXLEV,2026-08,RefundCharge,Principal,FBA78995,B0CDQ55W2M,-665.71,1.0
NEXLEV,2026-08,RefundCharge,Principal,FBA79229,B0CQX9ZZMH,-1975.42,1.0
NEXLEV,2026-08,RefundCharge,Principal,FBA79263,B0CYSLCRQS,-69123.84,28.0
NEXLEV,2026-08,RefundCharge,Principal,FBA79273,B0D2LKB4BJ,-677.12,1.0
NEXLEV,2026-08,RefundCharge,Principal,FBA79276,B0D2LJSQXZ,-25425.42,8.0
NEXLEV,2026-08,RefundCharge,Principal,FBA79277,B0D672NXC8,-6100.85,1.0
NEXLEV,2026-08,RefundCharge,Principal,FBA79279,B0D8445KJN,-719.5,1.0
NEXLEV,2026-08,RefundCharge,Principal,FBA79280,B0D845B2DG,-1185.6,1.0
NEXLEV,2026-08,RefundCharge,Principal,FBA79332,B0D63FKYZ5,-1008.57,1.0
NEXLEV,2026-08,RefundCharge,Principal,FBA79349,B0D9KDQCCM,-12178.07,13.0
NEXLEV,2026-08,RefundCharge,Principal,FBA79373,B0D2P5TGWK,-1266.92,5.0
NEXLEV,2026-08,RefundCharge,Principal,FBA79374,B0D2P7WLJB,-253.39,1.0
NEXLEV,2026-08,RefundCharge,Principal,FBA79381,B0D9KCNVNM,-1122.04,1.0
NEXLEV,2026-08,RefundCharge,Principal,FBA79405,B0D9KFP4MG,-10781.37,7.0
NEXLEV,2026-08,RefundCharge,Principal,FBA79406,B0DCK3N2JJ,-15350.0,7.0
NEXLEV,2026-08,RefundCharge,Principal,FBA79436,B0DGTGKPJR,-760.16,3.0
NEXLEV,2026-08,RefundCharge,Principal,FBA79439,B0DCK7ZH5P,-48409.29,17.0
NEXLEV,2026-08,RefundCharge,Principal,FBA79440,B0DCGHKRXX,-3218.64,2.0
NEXLEV,2026-08,RefundCharge,Principal,FBA79452,B0DCGHVN81,-17449.13,10.0
NEXLEV,2026-08,RefundCharge,Principal,FBA79463,B0DCK56Q85,-6607.64,3.0
NEXLEV,2026-08,RefundCharge,Principal,FBA79467,B0DK9LYT4P,-846.61,1.0
NEXLEV,2026-08,RefundCharge,Principal,FBA79469,B0DCK4DR1B,-2167.8,2.0
NEXLEV,2026-08,RefundCharge,Principal,FBA79472,B0DFCDZWND,-1301.9,1.0
NEXLEV,2026-08,RefundCharge,Principal,FBA79480,B0DDC3GVZW,-1346.62,1.0
NEXLEV,2026-08,RefundCharge,Principal,FBA79488,B0DFCG2VGS,-2964.4,2.0
NEXLEV,2026-08,RefundCharge,Principal,FBA79492,B0DT6Y7KJM,-1795.76,1.0
NEXLEV,2026-08,RefundCharge,Principal,FBA79493,B0DQCWRG3H,-125046.46,75.0
NEXLEV,2026-08,RefundCharge,Principal,FBA79567,B0DNJS23HS,-273275.42,55.0
NEXLEV,2026-08,RefundCharge,Principal,FBA79570,B0DKJXRXKM,-4365.24,3.0
NEXLEV,2026-08,RefundCharge,Principal,FBA79590,B0DM6BB3VT,-8448.58,3.0
NEXLEV,2026-08,RefundCharge,Principal,FBA79596,B0DMT19RWC,-1765.71,1.0
NEXLEV,2026-08,RefundCharge,Principal,FBA79606,B0F2N37819,-253.38,1.0
NEXLEV,2026-08,RefundCharge,Principal,FBA79652,B0F43P6D23,-200562.83,67.0
NEXLEV,2026-08,RefundCharge,Principal,FBA79673,B0FJG5PFGQ,-2018.64,3.0
NEXLEV,2026-08,RefundCharge,Principal,FBA79679,B0DVC7VJP1,-37621.18,7.0
NEXLEV,2026-08,RefundCharge,Principal,FBA79682,B0DVC8NYY2,-4743.219999999999,3.0
NEXLEV,2026-08,RefundCharge,Principal,FBA79686,B0DV94R4QD,-907.62,1.0
NEXLEV,2026-08,RefundCharge,Principal,FBA79689,B0DVSZ2VVJ,-5713.33,1.0
NEXLEV,2026-08,RefundCharge,Principal,FBA79692,B0DVC58QPZ,-3682.2,1.0
NEXLEV,2026-08,RefundCharge,Principal,FBA79698,B0DTK4FY1G,-2421.9,1.0
NEXLEV,2026-08,RefundCharge,Principal,FBA79699,B0DTYDTKN8,-7184.74,2.0
NEXLEV,2026-08,RefundCharge,Principal,FBA79721,B0F2N4N83Y,-593.24,4.0
NEXLEV,2026-08,RefundCharge,Principal,FBA79771,B0F678L8YT,-507.62,1.0
NEXLEV,2026-08,RefundCharge,Principal,FBA79773,B0F74DJYG6,-2732.16,13.0
NEXLEV,2026-08,RefundCharge,Principal,FBA79775,B0F67775SH,-633.0600000000001,3.0
NEXLEV,2026-08,RefundCharge,Principal,FBA79811,B0FSF1N457,-2487.29,5.0
NEXLEV,2026-08,RefundCharge,Principal,FBA79812,B0FS6TB7CP,-11181.36,6.0
NEXLEV,2026-08,RefundCharge,Principal,FBA79843,B0FMF1D9NV,-233.05,1.0
NEXLEV,2026-08,RefundCharge,Principal,FBA79849,B0FPGDVVCX,-14817.8,3.0
NEXLEV,2026-08,RefundCharge,Principal,FBA79971,B0GGHZWMVW,-247775.34,25.0
NEXLEV,2026-08,RefundCharge,Principal,FBA79984,B0GM1CZC7Y,-26257.62,6.0
NEXLEV,2026-08,RefundCharge,Principal,FBA79989,B0GN86G345,-4235.6,2.0
NEXLEV,2026-08,RefundCharge,Principal,FBA79991,B0GN85NZQN,-136331.36,29.0
NEXLEV,2026-08,RefundCharge,Principal,FBA79992,B0GN94YDY2,-35657.63,4.0
NEXLEV,2026-08,RefundCharge,Principal,FBA79993,B0GN8WW6BC,-35590.68,3.0
NEXLEV,2026-08,RefundCharge,Principal,FBA80113,B0GYS6CJD9,-760.17,3.0
NEXLEV,2026-08,RefundCharge,Principal,FBK79271,B0DQ8W1RBV,-2513.56,2.0
NEXLEV,2026-08,RefundCharge,Principal,FBK79347,B0D842173P,-672.88,1.0
NEXLEV,2026-08,RefundCharge,Principal,FBK79591,B0F29SZCVF,-1462.86,1.0
NEXLEV,2026-08,RefundCharge,Principal,FBK79714,,-253.38,1.0
NEXLEV,2026-08,RefundCharge,Principal,FBK80015,B0GKNGWLJ2,-3304.24,1.0
NEXLEV,2026-08,RefundCharge,Principal,FBK80024,B0GLHC8CB3,-1367.8,1.0
NEXLEV,2026-08,RefundCharge,Principal,FBM79773,,-1013.56,4.0
NEXLEV,2026-08,RefundCharge,Principal,FBP79350,B0D67727VG,-6137.150000000001,6.0
NEXLEV,2026-08,RefundCharge,ReturnShipping,,,0.0,2.0
NEXLEV,2026-08,RefundCharge,ShippingCharge,FBA78980,B0CDPMX152,-218.65,5.0
NEXLEV,2026-08,RefundCharge,ShippingCharge,FBA78981,B0CDPP45BM,-1842.8,43.0
NEXLEV,2026-08,RefundCharge,ShippingCharge,FBA79229,B0CQX9ZZMH,-33.9,1.0
NEXLEV,2026-08,RefundCharge,ShippingCharge,FBA79263,B0CYSLCRQS,-505.94,15.0
NEXLEV,2026-08,RefundCharge,ShippingCharge,FBA79273,B0D2LKB4BJ,-33.9,1.0
NEXLEV,2026-08,RefundCharge,ShippingCharge,FBA79276,B0D2LJSQXZ,-117.8,3.0
NEXLEV,2026-08,RefundCharge,ShippingCharge,FBA79280,B0D845B2DG,-33.9,1.0
NEXLEV,2026-08,RefundCharge,ShippingCharge,FBA79349,B0D9KDQCCM,-304.8,8.0
NEXLEV,2026-08,RefundCharge,ShippingCharge,FBA79373,B0D2P5TGWK,-101.7,3.0
NEXLEV,2026-08,RefundCharge,ShippingCharge,FBA79405,B0D9KFP4MG,-135.6,4.0
NEXLEV,2026-08,RefundCharge,ShippingCharge,FBA79406,B0DCK3N2JJ,-134.75,3.0
NEXLEV,2026-08,RefundCharge,ShippingCharge,FBA79439,B0DCK7ZH5P,-236.44,6.0
NEXLEV,2026-08,RefundCharge,ShippingCharge,FBA79452,B0DCGHVN81,-237.3,7.0
NEXLEV,2026-08,RefundCharge,ShippingCharge,FBA79463,B0DCK56Q85,-33.9,1.0
NEXLEV,2026-08,RefundCharge,ShippingCharge,FBA79469,B0DCK4DR1B,-100.85,2.0
NEXLEV,2026-08,RefundCharge,ShippingCharge,FBA79472,B0DFCDZWND,-38.1,1.0
NEXLEV,2026-08,RefundCharge,ShippingCharge,FBA79480,B0DDC3GVZW,-33.9,1.0
NEXLEV,2026-08,RefundCharge,ShippingCharge,FBA79488,B0DFCG2VGS,-83.9,2.0
NEXLEV,2026-08,RefundCharge,ShippingCharge,FBA79493,B0DQCWRG3H,-2995.78,70.0
NEXLEV,2026-08,RefundCharge,ShippingCharge,FBA79567,B0DNJS23HS,-787.51,23.0
NEXLEV,2026-08,RefundCharge,ShippingCharge,FBA79570,B0DKJXRXKM,-101.7,3.0
NEXLEV,2026-08,RefundCharge,ShippingCharge,FBA79590,B0DM6BB3VT,-132.38,2.0
NEXLEV,2026-08,RefundCharge,ShippingCharge,FBA79596,B0DMT19RWC,-38.1,1.0
NEXLEV,2026-08,RefundCharge,ShippingCharge,FBA79606,B0F2N37819,-16.1,1.0
NEXLEV,2026-08,RefundCharge,ShippingCharge,FBA79652,B0F43P6D23,-639.84,17.0
NEXLEV,2026-08,RefundCharge,ShippingCharge,FBA79673,B0FJG5PFGQ,-33.9,1.0
NEXLEV,2026-08,RefundCharge,ShippingCharge,FBA79679,B0DVC7VJP1,-169.5,5.0
NEXLEV,2026-08,RefundCharge,ShippingCharge,FBA79682,B0DVC8NYY2,-33.9,1.0
NEXLEV,2026-08,RefundCharge,ShippingCharge,FBA79686,B0DV94R4QD,-38.1,1.0
NEXLEV,2026-08,RefundCharge,ShippingCharge,FBA79689,B0DVSZ2VVJ,-38.1,1.0
NEXLEV,2026-08,RefundCharge,ShippingCharge,FBA79692,B0DVC58QPZ,-33.9,1.0
NEXLEV,2026-08,RefundCharge,ShippingCharge,FBA79698,B0DTK4FY1G,-38.1,1.0
NEXLEV,2026-08,RefundCharge,ShippingCharge,FBA79699,B0DTYDTKN8,-33.9,1.0
NEXLEV,2026-08,RefundCharge,ShippingCharge,FBA79721,B0F2N4N83Y,-67.8,2.0
NEXLEV,2026-08,RefundCharge,ShippingCharge,FBA79771,B0F678L8YT,-33.9,1.0
NEXLEV,2026-08,RefundCharge,ShippingCharge,FBA79773,B0F74DJYG6,-67.8,2.0
NEXLEV,2026-08,RefundCharge,ShippingCharge,FBA79775,B0F67775SH,-33.9,1.0
NEXLEV,2026-08,RefundCharge,ShippingCharge,FBA79811,B0FSF1N457,-135.6,4.0
NEXLEV,2026-08,RefundCharge,ShippingCharge,FBA79812,B0FS6TB7CP,-151.7,4.0
NEXLEV,2026-08,RefundCharge,ShippingCharge,FBA79849,B0FPGDVVCX,-33.9,1.0
NEXLEV,2026-08,RefundCharge,ShippingCharge,FBA79971,B0GGHZWMVW,-271.2,8.0
NEXLEV,2026-08,RefundCharge,ShippingCharge,FBA79984,B0GM1CZC7Y,-117.8,4.0
NEXLEV,2026-08,RefundCharge,ShippingCharge,FBA79989,B0GN86G345,-33.9,1.0
NEXLEV,2026-08,RefundCharge,ShippingCharge,FBA79991,B0GN85NZQN,-372.9,11.0
NEXLEV,2026-08,RefundCharge,ShippingCharge,FBA79992,B0GN94YDY2,-33.9,1.0
NEXLEV,2026-08,RefundCharge,ShippingCharge,FBA79993,B0GN8WW6BC,-33.9,1.0
NEXLEV,2026-08,RefundCharge,ShippingCharge,FBK79271,B0DQ8W1RBV,-33.9,1.0
NEXLEV,2026-08,RefundCharge,ShippingCharge,FBK79347,B0D842173P,-66.95,1.0
NEXLEV,2026-08,RefundCharge,ShippingCharge,FBK79591,B0F29SZCVF,-38.1,1.0
NEXLEV,2026-08,RefundCharge,ShippingCharge,FBK80015,B0GKNGWLJ2,-33.9,1.0
NEXLEV,2026-08,RefundCharge,ShippingCharge,FBK80024,B0GLHC8CB3,-33.9,1.0
NEXLEV,2026-08,RefundCharge,ShippingCharge,FBP79350,B0D67727VG,-152.4,4.0
NEXLEV,2026-08,RefundCharge,ShippingTax,FBA78980,B0CDPMX152,-39.35,5.0
NEXLEV,2026-08,RefundCharge,ShippingTax,FBA78981,B0CDPP45BM,-331.7,43.0
NEXLEV,2026-08,RefundCharge,ShippingTax,FBA79229,B0CQX9ZZMH,-6.1,1.0
NEXLEV,2026-08,RefundCharge,ShippingTax,FBA79263,B0CYSLCRQS,-91.06,15.0
NEXLEV,2026-08,RefundCharge,ShippingTax,FBA79273,B0D2LKB4BJ,-6.1,1.0
NEXLEV,2026-08,RefundCharge,ShippingTax,FBA79276,B0D2LJSQXZ,-21.2,3.0
NEXLEV,2026-08,RefundCharge,ShippingTax,FBA79280,B0D845B2DG,-6.1,1.0
NEXLEV,2026-08,RefundCharge,ShippingTax,FBA79349,B0D9KDQCCM,-15.2,8.0
NEXLEV,2026-08,RefundCharge,ShippingTax,FBA79373,B0D2P5TGWK,-18.3,3.0
NEXLEV,2026-08,RefundCharge,ShippingTax,FBA79405,B0D9KFP4MG,-24.4,4.0
NEXLEV,2026-08,RefundCharge,ShippingTax,FBA79406,B0DCK3N2JJ,-24.25,3.0
NEXLEV,2026-08,RefundCharge,ShippingTax,FBA79439,B0DCK7ZH5P,-42.56,6.0
NEXLEV,2026-08,RefundCharge,ShippingTax,FBA79452,B0DCGHVN81,-42.7,7.0
NEXLEV,2026-08,RefundCharge,ShippingTax,FBA79463,B0DCK56Q85,-6.1,1.0
NEXLEV,2026-08,RefundCharge,ShippingTax,FBA79469,B0DCK4DR1B,-18.15,2.0
NEXLEV,2026-08,RefundCharge,ShippingTax,FBA79472,B0DFCDZWND,-1.9,1.0
NEXLEV,2026-08,RefundCharge,ShippingTax,FBA79480,B0DDC3GVZW,-6.1,1.0
NEXLEV,2026-08,RefundCharge,ShippingTax,FBA79488,B0DFCG2VGS,-15.1,2.0
NEXLEV,2026-08,RefundCharge,ShippingTax,FBA79493,B0DQCWRG3H,-539.22,70.0
NEXLEV,2026-08,RefundCharge,ShippingTax,FBA79567,B0DNJS23HS,-141.74,23.0
NEXLEV,2026-08,RefundCharge,ShippingTax,FBA79570,B0DKJXRXKM,-18.3,3.0
NEXLEV,2026-08,RefundCharge,ShippingTax,FBA79590,B0DM6BB3VT,-6.619999999999999,2.0
NEXLEV,2026-08,RefundCharge,ShippingTax,FBA79596,B0DMT19RWC,-1.9,1.0
NEXLEV,2026-08,RefundCharge,ShippingTax,FBA79606,B0F2N37819,-2.9,1.0
NEXLEV,2026-08,RefundCharge,ShippingTax,FBA79652,B0F43P6D23,-115.16,17.0
NEXLEV,2026-08,RefundCharge,ShippingTax,FBA79673,B0FJG5PFGQ,-6.1,1.0
NEXLEV,2026-08,RefundCharge,ShippingTax,FBA79679,B0DVC7VJP1,-30.5,5.0
NEXLEV,2026-08,RefundCharge,ShippingTax,FBA79682,B0DVC8NYY2,-6.1,1.0
NEXLEV,2026-08,RefundCharge,ShippingTax,FBA79686,B0DV94R4QD,-1.9,1.0
NEXLEV,2026-08,RefundCharge,ShippingTax,FBA79689,B0DVSZ2VVJ,-1.9,1.0
NEXLEV,2026-08,RefundCharge,ShippingTax,FBA79692,B0DVC58QPZ,-6.1,1.0
NEXLEV,2026-08,RefundCharge,ShippingTax,FBA79698,B0DTK4FY1G,-1.9,1.0
NEXLEV,2026-08,RefundCharge,ShippingTax,FBA79699,B0DTYDTKN8,-6.1,1.0
NEXLEV,2026-08,RefundCharge,ShippingTax,FBA79721,B0F2N4N83Y,-12.2,2.0
NEXLEV,2026-08,RefundCharge,ShippingTax,FBA79771,B0F678L8YT,-6.1,1.0
NEXLEV,2026-08,RefundCharge,ShippingTax,FBA79773,B0F74DJYG6,-12.2,2.0
NEXLEV,2026-08,RefundCharge,ShippingTax,FBA79775,B0F67775SH,-6.1,1.0
NEXLEV,2026-08,RefundCharge,ShippingTax,FBA79811,B0FSF1N457,-24.4,4.0
NEXLEV,2026-08,RefundCharge,ShippingTax,FBA79812,B0FS6TB7CP,-27.3,4.0
NEXLEV,2026-08,RefundCharge,ShippingTax,FBA79849,B0FPGDVVCX,-6.1,1.0
NEXLEV,2026-08,RefundCharge,ShippingTax,FBA79971,B0GGHZWMVW,-48.8,8.0
NEXLEV,2026-08,RefundCharge,ShippingTax,FBA79984,B0GM1CZC7Y,-21.2,4.0
NEXLEV,2026-08,RefundCharge,ShippingTax,FBA79989,B0GN86G345,-6.1,1.0
NEXLEV,2026-08,RefundCharge,ShippingTax,FBA79991,B0GN85NZQN,-67.1,11.0
NEXLEV,2026-08,RefundCharge,ShippingTax,FBA79992,B0GN94YDY2,-6.1,1.0
NEXLEV,2026-08,RefundCharge,ShippingTax,FBA79993,B0GN8WW6BC,-6.1,1.0
NEXLEV,2026-08,RefundCharge,ShippingTax,FBK79271,B0DQ8W1RBV,-6.1,1.0
NEXLEV,2026-08,RefundCharge,ShippingTax,FBK79347,B0D842173P,-12.05,1.0
NEXLEV,2026-08,RefundCharge,ShippingTax,FBK79591,B0F29SZCVF,-1.9,1.0
NEXLEV,2026-08,RefundCharge,ShippingTax,FBK80015,B0GKNGWLJ2,-6.1,1.0
NEXLEV,2026-08,RefundCharge,ShippingTax,FBK80024,B0GLHC8CB3,-6.1,1.0
NEXLEV,2026-08,RefundCharge,ShippingTax,FBP79350,B0D67727VG,-7.6,4.0
NEXLEV,2026-08,RefundCharge,TCS-CGST,FBA78980,B0CDPMX152,45.71,10.0
NEXLEV,2026-08,RefundCharge,TCS-CGST,FBA78981,B0CDPP45BM,507.53,60.0
NEXLEV,2026-08,RefundCharge,TCS-CGST,FBA79263,B0CYSLCRQS,115.85,19.0
NEXLEV,2026-08,RefundCharge,TCS-CGST,FBA79276,B0D2LJSQXZ,15.95,2.0
NEXLEV,2026-08,RefundCharge,TCS-CGST,FBA79279,B0D8445KJN,1.8,1.0
NEXLEV,2026-08,RefundCharge,TCS-CGST,FBA79280,B0D845B2DG,2.9,1.0
NEXLEV,2026-08,RefundCharge,TCS-CGST,FBA79349,B0D9KDQCCM,14.04,6.0
NEXLEV,2026-08,RefundCharge,TCS-CGST,FBA79373,B0D2P5TGWK,1.97,3.0
NEXLEV,2026-08,RefundCharge,TCS-CGST,FBA79381,B0D9KCNVNM,2.81,1.0
NEXLEV,2026-08,RefundCharge,TCS-CGST,FBA79405,B0D9KFP4MG,3.74,1.0
NEXLEV,2026-08,RefundCharge,TCS-CGST,FBA79406,B0DCK3N2JJ,16.77,3.0
NEXLEV,2026-08,RefundCharge,TCS-CGST,FBA79436,B0DGTGKPJR,0.63,1.0
NEXLEV,2026-08,RefundCharge,TCS-CGST,FBA79439,B0DCK7ZH5P,91.73,13.0
NEXLEV,2026-08,RefundCharge,TCS-CGST,FBA79452,B0DCGHVN81,12.75,3.0
NEXLEV,2026-08,RefundCharge,TCS-CGST,FBA79463,B0DCK56Q85,5.5,1.0
NEXLEV,2026-08,RefundCharge,TCS-CGST,FBA79472,B0DFCDZWND,3.25,1.0
NEXLEV,2026-08,RefundCharge,TCS-CGST,FBA79480,B0DDC3GVZW,3.37,1.0
NEXLEV,2026-08,RefundCharge,TCS-CGST,FBA79488,B0DFCG2VGS,7.42,2.0
NEXLEV,2026-08,RefundCharge,TCS-CGST,FBA79493,B0DQCWRG3H,121.24,29.0
NEXLEV,2026-08,RefundCharge,TCS-CGST,FBA79567,B0DNJS23HS,431.15,35.0
NEXLEV,2026-08,RefundCharge,TCS-CGST,FBA79590,B0DM6BB3VT,7.38,1.0
NEXLEV,2026-08,RefundCharge,TCS-CGST,FBA79606,B0F2N37819,0.63,1.0
NEXLEV,2026-08,RefundCharge,TCS-CGST,FBA79652,B0F43P6D23,96.99,13.0
NEXLEV,2026-08,RefundCharge,TCS-CGST,FBA79673,B0FJG5PFGQ,1.68,1.0
NEXLEV,2026-08,RefundCharge,TCS-CGST,FBA79771,B0F678L8YT,1.27,1.0
NEXLEV,2026-08,RefundCharge,TCS-CGST,FBA79773,B0F74DJYG6,2.6500000000000004,5.0
NEXLEV,2026-08,RefundCharge,TCS-CGST,FBA79775,B0F67775SH,0.53,1.0
NEXLEV,2026-08,RefundCharge,TCS-CGST,FBA79811,B0FSF1N457,1.27,1.0
NEXLEV,2026-08,RefundCharge,TCS-CGST,FBA79812,B0FS6TB7CP,9.32,2.0
NEXLEV,2026-08,RefundCharge,TCS-CGST,FBA79849,B0FPGDVVCX,12.07,1.0
NEXLEV,2026-08,RefundCharge,TCS-CGST,FBA79971,B0GGHZWMVW,217.93,9.0
NEXLEV,2026-08,RefundCharge,TCS-CGST,FBA79984,B0GM1CZC7Y,42.53,4.0
NEXLEV,2026-08,RefundCharge,TCS-CGST,FBA79989,B0GN86G345,5.19,1.0
NEXLEV,2026-08,RefundCharge,TCS-CGST,FBA79991,B0GN85NZQN,59.73,5.0
NEXLEV,2026-08,RefundCharge,TCS-CGST,FBA79992,B0GN94YDY2,66.74,3.0
NEXLEV,2026-08,RefundCharge,TCS-CGST,FBA79993,B0GN8WW6BC,58.73,2.0
NEXLEV,2026-08,RefundCharge,TCS-CGST,FBK79271,B0DQ8W1RBV,3.14,1.0
NEXLEV,2026-08,RefundCharge,TCS-CGST,FBK79714,,0.63,1.0
NEXLEV,2026-08,RefundCharge,TCS-CGST,FBK80024,B0GLHC8CB3,3.42,1.0
NEXLEV,2026-08,RefundCharge,TCS-CGST,FBP79350,B0D67727VG,2.33,1.0
NEXLEV,2026-08,RefundCharge,TCS-IGST,FBA78980,B0CDPMX152,18.75,3.0
NEXLEV,2026-08,RefundCharge,TCS-IGST,FBA78981,B0CDPP45BM,388.77,23.0
NEXLEV,2026-08,RefundCharge,TCS-IGST,FBA78995,B0CDQ55W2M,3.26,1.0
NEXLEV,2026-08,RefundCharge,TCS-IGST,FBA79229,B0CQX9ZZMH,9.88,1.0
NEXLEV,2026-08,RefundCharge,TCS-IGST,FBA79263,B0CYSLCRQS,111.6,9.0
NEXLEV,2026-08,RefundCharge,TCS-IGST,FBA79273,B0D2LKB4BJ,3.32,1.0
NEXLEV,2026-08,RefundCharge,TCS-IGST,FBA79276,B0D2LJSQXZ,95.5,6.0
NEXLEV,2026-08,RefundCharge,TCS-IGST,FBA79277,B0D672NXC8,30.5,1.0
NEXLEV,2026-08,RefundCharge,TCS-IGST,FBA79332,B0D63FKYZ5,5.04,1.0
NEXLEV,2026-08,RefundCharge,TCS-IGST,FBA79349,B0D9KDQCCM,32.84,7.0
NEXLEV,2026-08,RefundCharge,TCS-IGST,FBA79373,B0D2P5TGWK,2.51,2.0
NEXLEV,2026-08,RefundCharge,TCS-IGST,FBA79374,B0D2P7WLJB,1.24,1.0
NEXLEV,2026-08,RefundCharge,TCS-IGST,FBA79405,B0D9KFP4MG,46.13,6.0
NEXLEV,2026-08,RefundCharge,TCS-IGST,FBA79406,B0DCK3N2JJ,43.53,4.0
NEXLEV,2026-08,RefundCharge,TCS-IGST,FBA79436,B0DGTGKPJR,2.54,2.0
NEXLEV,2026-08,RefundCharge,TCS-IGST,FBA79439,B0DCK7ZH5P,57.48,4.0
NEXLEV,2026-08,RefundCharge,TCS-IGST,FBA79440,B0DCGHKRXX,15.94,2.0
NEXLEV,2026-08,RefundCharge,TCS-IGST,FBA79452,B0DCGHVN81,61.220000000000006,7.0
NEXLEV,2026-08,RefundCharge,TCS-IGST,FBA79463,B0DCK56Q85,21.81,2.0
NEXLEV,2026-08,RefundCharge,TCS-IGST,FBA79467,B0DK9LYT4P,4.15,1.0
NEXLEV,2026-08,RefundCharge,TCS-IGST,FBA79469,B0DCK4DR1B,11.17,2.0
NEXLEV,2026-08,RefundCharge,TCS-IGST,FBA79492,B0DT6Y7KJM,8.98,1.0
NEXLEV,2026-08,RefundCharge,TCS-IGST,FBA79493,B0DQCWRG3H,382.0,46.0
NEXLEV,2026-08,RefundCharge,TCS-IGST,FBA79567,B0DNJS23HS,494.84,20.0
NEXLEV,2026-08,RefundCharge,TCS-IGST,FBA79570,B0DKJXRXKM,21.84,3.0
NEXLEV,2026-08,RefundCharge,TCS-IGST,FBA79590,B0DM6BB3VT,27.68,2.0
NEXLEV,2026-08,RefundCharge,TCS-IGST,FBA79596,B0DMT19RWC,8.83,1.0
NEXLEV,2026-08,RefundCharge,TCS-IGST,FBA79652,B0F43P6D23,804.74,54.0
NEXLEV,2026-08,RefundCharge,TCS-IGST,FBA79673,B0FJG5PFGQ,6.72,2.0
NEXLEV,2026-08,RefundCharge,TCS-IGST,FBA79679,B0DVC7VJP1,188.08,7.0
NEXLEV,2026-08,RefundCharge,TCS-IGST,FBA79682,B0DVC8NYY2,23.57,3.0
NEXLEV,2026-08,RefundCharge,TCS-IGST,FBA79686,B0DV94R4QD,4.54,1.0
NEXLEV,2026-08,RefundCharge,TCS-IGST,FBA79689,B0DVSZ2VVJ,28.57,1.0
NEXLEV,2026-08,RefundCharge,TCS-IGST,FBA79692,B0DVC58QPZ,18.41,1.0
NEXLEV,2026-08,RefundCharge,TCS-IGST,FBA79698,B0DTK4FY1G,12.11,1.0
NEXLEV,2026-08,RefundCharge,TCS-IGST,FBA79699,B0DTYDTKN8,35.92,2.0
NEXLEV,2026-08,RefundCharge,TCS-IGST,FBA79721,B0F2N4N83Y,2.96,4.0
NEXLEV,2026-08,RefundCharge,TCS-IGST,FBA79773,B0F74DJYG6,8.4,8.0
NEXLEV,2026-08,RefundCharge,TCS-IGST,FBA79775,B0F67775SH,2.12,2.0
NEXLEV,2026-08,RefundCharge,TCS-IGST,FBA79811,B0FSF1N457,9.89,4.0
NEXLEV,2026-08,RefundCharge,TCS-IGST,FBA79812,B0FS6TB7CP,37.53,4.0
NEXLEV,2026-08,RefundCharge,TCS-IGST,FBA79843,B0FMF1D9NV,1.17,1.0
NEXLEV,2026-08,RefundCharge,TCS-IGST,FBA79849,B0FPGDVVCX,49.94,2.0
NEXLEV,2026-08,RefundCharge,TCS-IGST,FBA79971,B0GGHZWMVW,788.29,16.0
NEXLEV,2026-08,RefundCharge,TCS-IGST,FBA79984,B0GM1CZC7Y,44.45,2.0
NEXLEV,2026-08,RefundCharge,TCS-IGST,FBA79989,B0GN86G345,10.38,1.0
NEXLEV,2026-08,RefundCharge,TCS-IGST,FBA79991,B0GN85NZQN,561.21,24.0
NEXLEV,2026-08,RefundCharge,TCS-IGST,FBA79992,B0GN94YDY2,43.02,1.0
NEXLEV,2026-08,RefundCharge,TCS-IGST,FBA79993,B0GN8WW6BC,59.32,1.0
NEXLEV,2026-08,RefundCharge,TCS-IGST,FBA80113,B0GYS6CJD9,3.81,3.0
NEXLEV,2026-08,RefundCharge,TCS-IGST,FBK79271,B0DQ8W1RBV,6.28,1.0
NEXLEV,2026-08,RefundCharge,TCS-IGST,FBK79347,B0D842173P,3.69,1.0
NEXLEV,2026-08,RefundCharge,TCS-IGST,FBK79591,B0F29SZCVF,7.31,1.0
NEXLEV,2026-08,RefundCharge,TCS-IGST,FBK80015,B0GKNGWLJ2,16.52,1.0
NEXLEV,2026-08,RefundCharge,TCS-IGST,FBM79773,,5.08,4.0
NEXLEV,2026-08,RefundCharge,TCS-IGST,FBP79350,B0D67727VG,25.92,5.0
NEXLEV,2026-08,RefundCharge,TCS-SGST,FBA78980,B0CDPMX152,45.71,10.0
NEXLEV,2026-08,RefundCharge,TCS-SGST,FBA78981,B0CDPP45BM,507.53,60.0
NEXLEV,2026-08,RefundCharge,TCS-SGST,FBA79263,B0CYSLCRQS,115.85,19.0
NEXLEV,2026-08,RefundCharge,TCS-SGST,FBA79276,B0D2LJSQXZ,15.95,2.0
NEXLEV,2026-08,RefundCharge,TCS-SGST,FBA79279,B0D8445KJN,1.8,1.0
NEXLEV,2026-08,RefundCharge,TCS-SGST,FBA79280,B0D845B2DG,2.9,1.0
NEXLEV,2026-08,RefundCharge,TCS-SGST,FBA79349,B0D9KDQCCM,14.04,6.0
NEXLEV,2026-08,RefundCharge,TCS-SGST,FBA79373,B0D2P5TGWK,1.97,3.0
NEXLEV,2026-08,RefundCharge,TCS-SGST,FBA79381,B0D9KCNVNM,2.81,1.0
NEXLEV,2026-08,RefundCharge,TCS-SGST,FBA79405,B0D9KFP4MG,3.74,1.0
NEXLEV,2026-08,RefundCharge,TCS-SGST,FBA79406,B0DCK3N2JJ,16.77,3.0
NEXLEV,2026-08,RefundCharge,TCS-SGST,FBA79436,B0DGTGKPJR,0.63,1.0
NEXLEV,2026-08,RefundCharge,TCS-SGST,FBA79439,B0DCK7ZH5P,91.73,13.0
NEXLEV,2026-08,RefundCharge,TCS-SGST,FBA79452,B0DCGHVN81,12.75,3.0
NEXLEV,2026-08,RefundCharge,TCS-SGST,FBA79463,B0DCK56Q85,5.5,1.0
NEXLEV,2026-08,RefundCharge,TCS-SGST,FBA79472,B0DFCDZWND,3.25,1.0
NEXLEV,2026-08,RefundCharge,TCS-SGST,FBA79480,B0DDC3GVZW,3.37,1.0
NEXLEV,2026-08,RefundCharge,TCS-SGST,FBA79488,B0DFCG2VGS,7.42,2.0
NEXLEV,2026-08,RefundCharge,TCS-SGST,FBA79493,B0DQCWRG3H,121.24,29.0
NEXLEV,2026-08,RefundCharge,TCS-SGST,FBA79567,B0DNJS23HS,431.15,35.0
NEXLEV,2026-08,RefundCharge,TCS-SGST,FBA79590,B0DM6BB3VT,7.38,1.0
NEXLEV,2026-08,RefundCharge,TCS-SGST,FBA79606,B0F2N37819,0.63,1.0
NEXLEV,2026-08,RefundCharge,TCS-SGST,FBA79652,B0F43P6D23,96.99,13.0
NEXLEV,2026-08,RefundCharge,TCS-SGST,FBA79673,B0FJG5PFGQ,1.68,1.0
NEXLEV,2026-08,RefundCharge,TCS-SGST,FBA79771,B0F678L8YT,1.27,1.0
NEXLEV,2026-08,RefundCharge,TCS-SGST,FBA79773,B0F74DJYG6,2.6500000000000004,5.0
NEXLEV,2026-08,RefundCharge,TCS-SGST,FBA79775,B0F67775SH,0.53,1.0
NEXLEV,2026-08,RefundCharge,TCS-SGST,FBA79811,B0FSF1N457,1.27,1.0
NEXLEV,2026-08,RefundCharge,TCS-SGST,FBA79812,B0FS6TB7CP,9.32,2.0
NEXLEV,2026-08,RefundCharge,TCS-SGST,FBA79849,B0FPGDVVCX,12.07,1.0
NEXLEV,2026-08,RefundCharge,TCS-SGST,FBA79971,B0GGHZWMVW,217.93,9.0
NEXLEV,2026-08,RefundCharge,TCS-SGST,FBA79984,B0GM1CZC7Y,42.53,4.0
NEXLEV,2026-08,RefundCharge,TCS-SGST,FBA79989,B0GN86G345,5.19,1.0
NEXLEV,2026-08,RefundCharge,TCS-SGST,FBA79991,B0GN85NZQN,59.73,5.0
NEXLEV,2026-08,RefundCharge,TCS-SGST,FBA79992,B0GN94YDY2,66.74,3.0
NEXLEV,2026-08,RefundCharge,TCS-SGST,FBA79993,B0GN8WW6BC,58.73,2.0
NEXLEV,2026-08,RefundCharge,TCS-SGST,FBK79271,B0DQ8W1RBV,3.14,1.0
NEXLEV,2026-08,RefundCharge,TCS-SGST,FBK79714,,0.63,1.0
NEXLEV,2026-08,RefundCharge,TCS-SGST,FBK80024,B0GLHC8CB3,3.42,1.0
NEXLEV,2026-08,RefundCharge,TCS-SGST,FBP79350,B0D67727VG,2.33,1.0
NEXLEV,2026-08,RefundCharge,Tax,FBA78980,B0CDPMX152,-3956.5,12.0
NEXLEV,2026-08,RefundCharge,Tax,FBA78981,B0CDPP45BM,-50750.63,83.0
NEXLEV,2026-08,RefundCharge,Tax,FBA78995,B0CDQ55W2M,-33.29,1.0
NEXLEV,2026-08,RefundCharge,Tax,FBA79229,B0CQX9ZZMH,-355.58,1.0
NEXLEV,2026-08,RefundCharge,Tax,FBA79263,B0CYSLCRQS,-12442.16,28.0
NEXLEV,2026-08,RefundCharge,Tax,FBA79273,B0D2LKB4BJ,-121.88,1.0
NEXLEV,2026-08,RefundCharge,Tax,FBA79276,B0D2LJSQXZ,-4576.58,8.0
NEXLEV,2026-08,RefundCharge,Tax,FBA79277,B0D672NXC8,-1098.15,1.0
NEXLEV,2026-08,RefundCharge,Tax,FBA79279,B0D8445KJN,-129.5,1.0
NEXLEV,2026-08,RefundCharge,Tax,FBA79280,B0D845B2DG,-213.4,1.0
NEXLEV,2026-08,RefundCharge,Tax,FBA79332,B0D63FKYZ5,-50.43,1.0
NEXLEV,2026-08,RefundCharge,Tax,FBA79349,B0D9KDQCCM,-608.93,13.0
NEXLEV,2026-08,RefundCharge,Tax,FBA79373,B0D2P5TGWK,-228.08,5.0
NEXLEV,2026-08,RefundCharge,Tax,FBA79374,B0D2P7WLJB,-45.61,1.0
NEXLEV,2026-08,RefundCharge,Tax,FBA79381,B0D9KCNVNM,-201.96,1.0
NEXLEV,2026-08,RefundCharge,Tax,FBA79405,B0D9KFP4MG,-1940.63,7.0
NEXLEV,2026-08,RefundCharge,Tax,FBA79406,B0DCK3N2JJ,-2763.0,7.0
NEXLEV,2026-08,RefundCharge,Tax,FBA79436,B0DGTGKPJR,-136.84,3.0
NEXLEV,2026-08,RefundCharge,Tax,FBA79439,B0DCK7ZH5P,-8713.71,17.0
NEXLEV,2026-08,RefundCharge,Tax,FBA79440,B0DCGHKRXX,-579.36,2.0
NEXLEV,2026-08,RefundCharge,Tax,FBA79452,B0DCGHVN81,-3140.87,10.0
NEXLEV,2026-08,RefundCharge,Tax,FBA79463,B0DCK56Q85,-1189.36,3.0
NEXLEV,2026-08,RefundCharge,Tax,FBA79467,B0DK9LYT4P,-152.39,1.0
NEXLEV,2026-08,RefundCharge,Tax,FBA79469,B0DCK4DR1B,-390.2,2.0
NEXLEV,2026-08,RefundCharge,Tax,FBA79472,B0DFCDZWND,-65.1,1.0
NEXLEV,2026-08,RefundCharge,Tax,FBA79480,B0DDC3GVZW,-242.38,1.0
NEXLEV,2026-08,RefundCharge,Tax,FBA79488,B0DFCG2VGS,-533.6,2.0
NEXLEV,2026-08,RefundCharge,Tax,FBA79492,B0DT6Y7KJM,-323.24,1.0
NEXLEV,2026-08,RefundCharge,Tax,FBA79493,B0DQCWRG3H,-22508.54,75.0
NEXLEV,2026-08,RefundCharge,Tax,FBA79567,B0DNJS23HS,-49189.58,55.0
NEXLEV,2026-08,RefundCharge,Tax,FBA79570,B0DKJXRXKM,-785.76,3.0
NEXLEV,2026-08,RefundCharge,Tax,FBA79590,B0DM6BB3VT,-422.42,3.0
NEXLEV,2026-08,RefundCharge,Tax,FBA79596,B0DMT19RWC,-88.29,1.0
NEXLEV,2026-08,RefundCharge,Tax,FBA79606,B0F2N37819,-45.62,1.0
NEXLEV,2026-08,RefundCharge,Tax,FBA79652,B0F43P6D23,-36101.33,67.0
NEXLEV,2026-08,RefundCharge,Tax,FBA79673,B0FJG5PFGQ,-363.36,3.0
NEXLEV,2026-08,RefundCharge,Tax,FBA79679,B0DVC7VJP1,-6771.82,7.0
NEXLEV,2026-08,RefundCharge,Tax,FBA79682,B0DVC8NYY2,-853.78,3.0
NEXLEV,2026-08,RefundCharge,Tax,FBA79686,B0DV94R4QD,-45.38,1.0
NEXLEV,2026-08,RefundCharge,Tax,FBA79689,B0DVSZ2VVJ,-285.67,1.0
NEXLEV,2026-08,RefundCharge,Tax,FBA79692,B0DVC58QPZ,-662.8,1.0
NEXLEV,2026-08,RefundCharge,Tax,FBA79698,B0DTK4FY1G,-121.1,1.0
NEXLEV,2026-08,RefundCharge,Tax,FBA79699,B0DTYDTKN8,-1293.26,2.0
NEXLEV,2026-08,RefundCharge,Tax,FBA79721,B0F2N4N83Y,-106.76,4.0
NEXLEV,2026-08,RefundCharge,Tax,FBA79771,B0F678L8YT,-91.38,1.0
NEXLEV,2026-08,RefundCharge,Tax,FBA79773,B0F74DJYG6,-491.84,13.0
NEXLEV,2026-08,RefundCharge,Tax,FBA79775,B0F67775SH,-113.94,3.0
NEXLEV,2026-08,RefundCharge,Tax,FBA79811,B0FSF1N457,-447.71,5.0
NEXLEV,2026-08,RefundCharge,Tax,FBA79812,B0FS6TB7CP,-2012.64,6.0
NEXLEV,2026-08,RefundCharge,Tax,FBA79843,B0FMF1D9NV,-41.95,1.0
NEXLEV,2026-08,RefundCharge,Tax,FBA79849,B0FPGDVVCX,-2667.2,3.0
NEXLEV,2026-08,RefundCharge,Tax,FBA79971,B0GGHZWMVW,-44599.66,25.0
NEXLEV,2026-08,RefundCharge,Tax,FBA79984,B0GM1CZC7Y,-4726.38,6.0
NEXLEV,2026-08,RefundCharge,Tax,FBA79989,B0GN86G345,-762.4,2.0
NEXLEV,2026-08,RefundCharge,Tax,FBA79991,B0GN85NZQN,-24539.64,29.0
NEXLEV,2026-08,RefundCharge,Tax,FBA79992,B0GN94YDY2,-6418.37,4.0
NEXLEV,2026-08,RefundCharge,Tax,FBA79993,B0GN8WW6BC,-6406.32,3.0
NEXLEV,2026-08,RefundCharge,Tax,FBA80113,B0GYS6CJD9,-136.82999999999998,3.0
NEXLEV,2026-08,RefundCharge,Tax,FBK79271,B0DQ8W1RBV,-452.44,2.0
NEXLEV,2026-08,RefundCharge,Tax,FBK79347,B0D842173P,-121.12,1.0
NEXLEV,2026-08,RefundCharge,Tax,FBK79591,B0F29SZCVF,-73.14,1.0
NEXLEV,2026-08,RefundCharge,Tax,FBK79714,,-45.62,1.0
NEXLEV,2026-08,RefundCharge,Tax,FBK80015,B0GKNGWLJ2,-594.76,1.0
NEXLEV,2026-08,RefundCharge,Tax,FBK80024,B0GLHC8CB3,-246.2,1.0
NEXLEV,2026-08,RefundCharge,Tax,FBM79773,,-182.44,4.0
NEXLEV,2026-08,RefundCharge,Tax,FBP79350,B0D67727VG,-306.85,6.0
NEXLEV,2026-08,ServiceFee,?:MFNPostageFee,,,-1414.82,0.0
NEXLEV,2026-08,ServiceFee,?:Subscription,,,0.0,0.0
NEXLEV,2026-08,ServiceFee,FBA Inventory Storage Fee:FBAStorageFee,,,-132031.83,0.0
NEXLEV,2026-08,ServiceFee,FBA Long Term Storage Fee:FBALongTermStorageFee,,,-21842.9,0.0
NEXLEV,2026-08,ServiceFee,FBA Removal Order: Return Fee:FBARemovalFee,,,-10997.6,0.0
NEXLEV,2026-08,ServiceFee,RefusedDelivery:FBAPerUnitFulfillmentFee,,,5125.469999999999,0.0
NEXLEV,2026-08,ServiceFee,RefusedDelivery:FBAWeightBasedFee,,,22060.1,0.0
NEXLEV,2026-08,ServiceFee,RefusedDelivery:TechnologyFee,,,0.0,0.0
NEXLEV,2026-08,ServiceFee,ShippingAddressUndeliverable:FBAPerUnitFulfillmentFee,,,1934.79,0.0
NEXLEV,2026-08,ServiceFee,ShippingAddressUndeliverable:FBAWeightBasedFee,,,8940.86,0.0
NEXLEV,2026-08,ServiceFee,ShippingAddressUndeliverable:TechnologyFee,,,0.0,0.0
NEXLEV,2026-08,ServiceFee,UnableToDeliver:FBAPerUnitFulfillmentFee,,,241.14,0.0
NEXLEV,2026-08,ServiceFee,UnableToDeliver:FBAWeightBasedFee,,,1181.18,0.0
NEXLEV,2026-08,ServiceFee,UnableToDeliver:TechnologyFee,,,0.0,0.0
AUDIOARRAY,2026-08,Adjustment,CommissionCorrection,,,10967.33,0.0
AUDIOARRAY,2026-08,Adjustment,FREE_REPLACEMENT_REFUND_ITEMS,FBA75673,B0B4DPX2J2,978.3,1.0
AUDIOARRAY,2026-08,Adjustment,FREE_REPLACEMENT_REFUND_ITEMS,FBA75691,B0B4G5JG4P,2334.67,1.0
AUDIOARRAY,2026-08,Adjustment,FREE_REPLACEMENT_REFUND_ITEMS,FBA75692,B0B4G1HPL5,248.75,1.0
AUDIOARRAY,2026-08,Adjustment,FREE_REPLACEMENT_REFUND_ITEMS,FBA77011,B0BPMN89NG,595.6,1.0
AUDIOARRAY,2026-08,Adjustment,FREE_REPLACEMENT_REFUND_ITEMS,FBA78960,B0CBCB82MT,76.87,1.0
AUDIOARRAY,2026-08,Adjustment,FREE_REPLACEMENT_REFUND_ITEMS,FBA79016,B0CH4R1V6S,310.85,1.0
AUDIOARRAY,2026-08,Adjustment,FREE_REPLACEMENT_REFUND_ITEMS,FBA79445,B0DFMLS8JG,2724.84,2.0
AUDIOARRAY,2026-08,Adjustment,FREE_REPLACEMENT_REFUND_ITEMS,FBA79830,B0FJ8TSQK1,158.8,1.0
AUDIOARRAY,2026-08,Adjustment,FREE_REPLACEMENT_REFUND_ITEMS,FBA79839,B0FQBXS6Y2,956.37,1.0
AUDIOARRAY,2026-08,Adjustment,FREE_REPLACEMENT_REFUND_ITEMS,FBA79909,B0FVM17Q4W,703.95,1.0
AUDIOARRAY,2026-08,Adjustment,FREE_REPLACEMENT_REFUND_ITEMS,FBA79996,B0GW8Z556N,51.13,1.0
AUDIOARRAY,2026-08,Adjustment,FREE_REPLACEMENT_REFUND_ITEMS,FBM79783,,18.48,1.0
AUDIOARRAY,2026-08,Adjustment,PostageRefund,,,86.14,0.0
AUDIOARRAY,2026-08,Adjustment,REVERSAL_REIMBURSEMENT,FBA75673,B0B4DPX2J2,1043.36,3.0
AUDIOARRAY,2026-08,Adjustment,REVERSAL_REIMBURSEMENT,FBA75674,B0B4G19R58,192.69,1.0
AUDIOARRAY,2026-08,Adjustment,REVERSAL_REIMBURSEMENT,FBA75691,B0B4G5JG4P,86.46,2.0
AUDIOARRAY,2026-08,Adjustment,REVERSAL_REIMBURSEMENT,FBA76725,B0BLKCSJ7Z,6.91,1.0
AUDIOARRAY,2026-08,Adjustment,REVERSAL_REIMBURSEMENT,FBA76742,B0BLKBJ5HN,6843.860000000001,2.0
AUDIOARRAY,2026-08,Adjustment,REVERSAL_REIMBURSEMENT,FBA79005,B0CKHVHVQ1,297.79,1.0
AUDIOARRAY,2026-08,Adjustment,REVERSAL_REIMBURSEMENT,FBA79482,B0DXFPM4N2,522.51,2.0
AUDIOARRAY,2026-08,Adjustment,REVERSAL_REIMBURSEMENT,FBA79694,B0DT6T6N6B,208.28,3.0
AUDIOARRAY,2026-08,Adjustment,REVERSAL_REIMBURSEMENT,FBA79708,B0FFB6YJM1,806.9000000000001,2.0
AUDIOARRAY,2026-08,Adjustment,REVERSAL_REIMBURSEMENT,FBA79825,B0FJ2DT13L,194.57,1.0
AUDIOARRAY,2026-08,Adjustment,REVERSAL_REIMBURSEMENT,FBA79830,B0FJ8TSQK1,313.98,2.0
AUDIOARRAY,2026-08,Adjustment,REVERSAL_REIMBURSEMENT,FBA79839,B0FQBXS6Y2,970.72,1.0
AUDIOARRAY,2026-08,Adjustment,REVERSAL_REIMBURSEMENT,FBA79842,B0G4DNF8RZ,2261.21,2.0
AUDIOARRAY,2026-08,Adjustment,REVERSAL_REIMBURSEMENT,FBA79903,B0FR5DLXH9,55.82,2.0
AUDIOARRAY,2026-08,Adjustment,REVERSAL_REIMBURSEMENT,FBA79908,B0FTVV1QJY,57.19,2.0
AUDIOARRAY,2026-08,Adjustment,REVERSAL_REIMBURSEMENT,FBA79909,B0FVM17Q4W,104.29,1.0
AUDIOARRAY,2026-08,Adjustment,REVERSAL_REIMBURSEMENT,FBA79960,B0G3B152FR,1553.52,5.0
AUDIOARRAY,2026-08,Adjustment,REVERSAL_REIMBURSEMENT,FBA79974,B0GD8JSPB1,58.09,1.0
AUDIOARRAY,2026-08,Adjustment,REVERSAL_REIMBURSEMENT,FBA80074,B0GY827J9C,546.25,1.0
AUDIOARRAY,2026-08,Adjustment,REVERSAL_REIMBURSEMENT,FBA80076,B0GY857139,2350.18,1.0
AUDIOARRAY,2026-08,Adjustment,REVERSAL_REIMBURSEMENT,FBA80084,B0GXP97CZG,186.73,1.0
AUDIOARRAY,2026-08,Adjustment,REVERSAL_REIMBURSEMENT,FBA80085,B0GXPBHDRF,382.95,1.0
AUDIOARRAY,2026-08,Adjustment,REVERSAL_REIMBURSEMENT,FBA80142,B0H3LHF2WW,731.96,1.0
AUDIOARRAY,2026-08,Adjustment,REVERSAL_REIMBURSEMENT,FBK79708,B0FJS7JZ4V,604.6,1.0
AUDIOARRAY,2026-08,Adjustment,REVERSAL_REIMBURSEMENT,FBM79783,,289.06,2.0
AUDIOARRAY,2026-08,Adjustment,WAREHOUSE_DAMAGE,FBA75677,B0B4KC7VBM,847.5,1.0
AUDIOARRAY,2026-08,Refund,Commission,FBA75673,B0B4DPX2J2,2762.79,8.0
AUDIOARRAY,2026-08,Refund,Commission,FBA75674,B0B4G19R58,2374.56,5.0
AUDIOARRAY,2026-08,Refund,Commission,FBA75675,B0B4G8ZB64,0.0,1.0
AUDIOARRAY,2026-08,Refund,Commission,FBA75677,B0B4KC7VBM,300.49,1.0
AUDIOARRAY,2026-08,Refund,Commission,FBA75689,B0B4G59Y8W,996.85,5.0
AUDIOARRAY,2026-08,Refund,Commission,FBA75690,B0B4K87PR4,487.92,1.0
AUDIOARRAY,2026-08,Refund,Commission,FBA75691,B0B4G5JG4P,4836.09,6.0
AUDIOARRAY,2026-08,Refund,Commission,FBA75692,B0B4G1HPL5,1181.96,2.0
AUDIOARRAY,2026-08,Refund,Commission,FBA76414,B0BLJVJ2GN,0.0,1.0
AUDIOARRAY,2026-08,Refund,Commission,FBA76597,B0BQ7H7418,165.24,1.0
AUDIOARRAY,2026-08,Refund,Commission,FBA76725,B0BLKCSJ7Z,152.52,1.0
AUDIOARRAY,2026-08,Refund,Commission,FBA76742,B0BLKBJ5HN,1168.07,1.0
AUDIOARRAY,2026-08,Refund,Commission,FBA76862,B0BPLWW72Y,217.93,1.0
AUDIOARRAY,2026-08,Refund,Commission,FBA76863,B0BPM2T7BQ,519.07,1.0
AUDIOARRAY,2026-08,Refund,Commission,FBA76864,B0BPLZ5CGV,4889.83,8.0
AUDIOARRAY,2026-08,Refund,Commission,FBA77011,B0BPMN89NG,222.48,1.0
AUDIOARRAY,2026-08,Refund,Commission,FBA77171,B0CH4VCD6R,32.39,1.0
AUDIOARRAY,2026-08,Refund,Commission,FBA78203,B0C4YTNJG7,254.28,1.0
AUDIOARRAY,2026-08,Refund,Commission,FBA78205,B0C539RBGL,441.06,2.0
AUDIOARRAY,2026-08,Refund,Commission,FBA78420,B0C5957W3P,23.85,1.0
AUDIOARRAY,2026-08,Refund,Commission,FBA78423,B0C598Q6PT,23.85,1.0
AUDIOARRAY,2026-08,Refund,Commission,FBA78975,B0CF5TCQKL,1870.19,4.0
AUDIOARRAY,2026-08,Refund,Commission,FBA79005,B0CKHVHVQ1,700.79,1.0
AUDIOARRAY,2026-08,Refund,Commission,FBA79011,B0CH4RNWJX,324.37,1.0
AUDIOARRAY,2026-08,Refund,Commission,FBA79016,B0CH4R1V6S,0.0,1.0
AUDIOARRAY,2026-08,Refund,Commission,FBA79103,B0CM6NTWBP,740.9,2.0
AUDIOARRAY,2026-08,Refund,Commission,FBA79104,B0CM6NVLT9,207.55,1.0
AUDIOARRAY,2026-08,Refund,Commission,FBA79105,B0CM6WH4ZT,340.88,2.0
AUDIOARRAY,2026-08,Refund,Commission,FBA79106,B0CM9KJZWQ,597.73,1.0
AUDIOARRAY,2026-08,Refund,Commission,FBA79107,B0CM9P5CCK,225.95,1.0
AUDIOARRAY,2026-08,Refund,Commission,FBA79108,B0CM9L1QZG,350.2,2.0
AUDIOARRAY,2026-08,Refund,Commission,FBA79355,B0D3M86SH1,648.87,1.0
AUDIOARRAY,2026-08,Refund,Commission,FBA79445,B0DFMLS8JG,519.07,1.0
AUDIOARRAY,2026-08,Refund,Commission,FBA79482,B0DXFPM4N2,2270.68,2.0
AUDIOARRAY,2026-08,Refund,Commission,FBA79694,B0DT6T6N6B,0.0,3.0
AUDIOARRAY,2026-08,Refund,Commission,FBA79708,B0FFB6YJM1,619.41,4.0
AUDIOARRAY,2026-08,Refund,Commission,FBA79813,B0FG88HVQ8,741.76,3.0
AUDIOARRAY,2026-08,Refund,Commission,FBA79820,B0FQJWWDVK,23.85,1.0
AUDIOARRAY,2026-08,Refund,Commission,FBA79830,B0FJ8TSQK1,3237.2,8.0
AUDIOARRAY,2026-08,Refund,Commission,FBA79838,B0FQBX8J17,132.93,1.0
AUDIOARRAY,2026-08,Refund,Commission,FBA79839,B0FQBXS6Y2,389.14,2.0
AUDIOARRAY,2026-08,Refund,Commission,FBA79840,B0FQBWV1ST,513.75,2.0
AUDIOARRAY,2026-08,Refund,Commission,FBA79846,B0FN7C25VS,501.55,1.0
AUDIOARRAY,2026-08,Refund,Commission,FBA79848,B0GN97RFPR,9387.46,10.0
AUDIOARRAY,2026-08,Refund,Commission,FBA79903,B0FR5DLXH9,0.0,8.0
AUDIOARRAY,2026-08,Refund,Commission,FBA79908,B0FTVV1QJY,1074.48,2.0
AUDIOARRAY,2026-08,Refund,Commission,FBA79909,B0FVM17Q4W,1530.8700000000001,6.0
AUDIOARRAY,2026-08,Refund,Commission,FBA79956,B0GMPGNXX3,0.0,3.0
AUDIOARRAY,2026-08,Refund,Commission,FBA79959,B0G39ZHDYP,466.89,3.0
AUDIOARRAY,2026-08,Refund,Commission,FBA79960,B0G3B152FR,1659.24,7.0
AUDIOARRAY,2026-08,Refund,Commission,FBA79961,B0G53H49BS,1050.9099999999999,3.0
AUDIOARRAY,2026-08,Refund,Commission,FBA79962,B0G53LZNY3,2049.15,3.0
AUDIOARRAY,2026-08,Refund,Commission,FBA79966,B0G53KWRVW,3899.58,3.0
AUDIOARRAY,2026-08,Refund,Commission,FBA79967,B0G2C2RCXN,518.94,2.0
AUDIOARRAY,2026-08,Refund,Commission,FBA79968,B0G53M9258,1568.8899999999999,2.0
AUDIOARRAY,2026-08,Refund,Commission,FBA79974,B0GD8JSPB1,5725.18,4.0
AUDIOARRAY,2026-08,Refund,Commission,FBA79982,B0GN8MPYPG,1546.94,3.0
AUDIOARRAY,2026-08,Refund,Commission,FBA79996,B0GW8Z556N,0.0,3.0
AUDIOARRAY,2026-08,Refund,Commission,FBA79999,B0GW92TVVC,648.87,1.0
AUDIOARRAY,2026-08,Refund,Commission,FBA80003,B0GW92TTMS,713.77,1.0
AUDIOARRAY,2026-08,Refund,Commission,FBA80010,B0GW8ZQRFK,207.55,1.0
AUDIOARRAY,2026-08,Refund,Commission,FBA80074,B0GY827J9C,2569.7799999999997,2.0
AUDIOARRAY,2026-08,Refund,Commission,FBA80076,B0GY857139,2517.74,3.0
AUDIOARRAY,2026-08,Refund,Commission,FBA80084,B0GXP97CZG,2410.52,5.0
AUDIOARRAY,2026-08,Refund,Commission,FBA80085,B0GXPBHDRF,1816.94,2.0
AUDIOARRAY,2026-08,Refund,Commission,FBA80141,B0FJS57732,363.31,1.0
AUDIOARRAY,2026-08,Refund,Commission,FBA80142,B0H3LHF2WW,612.36,2.0
AUDIOARRAY,2026-08,Refund,Commission,FBK79708,B0FJS7JZ4V,194.11,1.0
AUDIOARRAY,2026-08,Refund,Commission,FBM79005,,700.79,1.0
AUDIOARRAY,2026-08,Refund,Commission,FBM79783,,3271.99,9.0
AUDIOARRAY,2026-08,Refund,Commission,FBM79830,,809.3,2.0
AUDIOARRAY,2026-08,Refund,FixedClosingFee,FBA75673,B0B4DPX2J2,245.44,8.0
AUDIOARRAY,2026-08,Refund,FixedClosingFee,FBA75674,B0B4G19R58,245.44,5.0
AUDIOARRAY,2026-08,Refund,FixedClosingFee,FBA75675,B0B4G8ZB64,31.86,1.0
AUDIOARRAY,2026-08,Refund,FixedClosingFee,FBA75677,B0B4KC7VBM,61.36,1.0
AUDIOARRAY,2026-08,Refund,FixedClosingFee,FBA75689,B0B4G59Y8W,0.0,5.0
AUDIOARRAY,2026-08,Refund,FixedClosingFee,FBA75690,B0B4K87PR4,0.0,1.0
AUDIOARRAY,2026-08,Refund,FixedClosingFee,FBA75691,B0B4G5JG4P,306.8,6.0
AUDIOARRAY,2026-08,Refund,FixedClosingFee,FBA75692,B0B4G1HPL5,0.0,2.0
AUDIOARRAY,2026-08,Refund,FixedClosingFee,FBA76414,B0BLJVJ2GN,0.0,1.0
AUDIOARRAY,2026-08,Refund,FixedClosingFee,FBA76597,B0BQ7H7418,61.36,1.0
AUDIOARRAY,2026-08,Refund,FixedClosingFee,FBA76725,B0BLKCSJ7Z,61.36,1.0
AUDIOARRAY,2026-08,Refund,FixedClosingFee,FBA76742,B0BLKBJ5HN,0.0,1.0
AUDIOARRAY,2026-08,Refund,FixedClosingFee,FBA76862,B0BPLWW72Y,61.36,1.0
AUDIOARRAY,2026-08,Refund,FixedClosingFee,FBA76863,B0BPM2T7BQ,61.36,1.0
AUDIOARRAY,2026-08,Refund,FixedClosingFee,FBA76864,B0BPLZ5CGV,368.15999999999997,8.0
AUDIOARRAY,2026-08,Refund,FixedClosingFee,FBA77011,B0BPMN89NG,61.36,1.0
AUDIOARRAY,2026-08,Refund,FixedClosingFee,FBA77171,B0CH4VCD6R,0.0,1.0
AUDIOARRAY,2026-08,Refund,FixedClosingFee,FBA78203,B0C4YTNJG7,61.36,1.0
AUDIOARRAY,2026-08,Refund,FixedClosingFee,FBA78205,B0C539RBGL,61.36,2.0
AUDIOARRAY,2026-08,Refund,FixedClosingFee,FBA78420,B0C5957W3P,0.0,1.0
AUDIOARRAY,2026-08,Refund,FixedClosingFee,FBA78423,B0C598Q6PT,0.0,1.0
AUDIOARRAY,2026-08,Refund,FixedClosingFee,FBA78975,B0CF5TCQKL,184.07999999999998,4.0
AUDIOARRAY,2026-08,Refund,FixedClosingFee,FBA79005,B0CKHVHVQ1,0.0,1.0
AUDIOARRAY,2026-08,Refund,FixedClosingFee,FBA79011,B0CH4RNWJX,61.36,1.0
AUDIOARRAY,2026-08,Refund,FixedClosingFee,FBA79016,B0CH4R1V6S,0.0,1.0
AUDIOARRAY,2026-08,Refund,FixedClosingFee,FBA79103,B0CM6NTWBP,122.72,2.0
AUDIOARRAY,2026-08,Refund,FixedClosingFee,FBA79104,B0CM6NVLT9,61.36,1.0
AUDIOARRAY,2026-08,Refund,FixedClosingFee,FBA79105,B0CM6WH4ZT,122.72,2.0
AUDIOARRAY,2026-08,Refund,FixedClosingFee,FBA79106,B0CM9KJZWQ,0.0,1.0
AUDIOARRAY,2026-08,Refund,FixedClosingFee,FBA79107,B0CM9P5CCK,61.36,1.0
AUDIOARRAY,2026-08,Refund,FixedClosingFee,FBA79108,B0CM9L1QZG,122.72,2.0
AUDIOARRAY,2026-08,Refund,FixedClosingFee,FBA79355,B0D3M86SH1,0.0,1.0
AUDIOARRAY,2026-08,Refund,FixedClosingFee,FBA79445,B0DFMLS8JG,0.0,1.0
AUDIOARRAY,2026-08,Refund,FixedClosingFee,FBA79482,B0DXFPM4N2,61.36,2.0
AUDIOARRAY,2026-08,Refund,FixedClosingFee,FBA79694,B0DT6T6N6B,0.0,3.0
AUDIOARRAY,2026-08,Refund,FixedClosingFee,FBA79708,B0FFB6YJM1,61.36,4.0
AUDIOARRAY,2026-08,Refund,FixedClosingFee,FBA79813,B0FG88HVQ8,122.72,3.0
AUDIOARRAY,2026-08,Refund,FixedClosingFee,FBA79820,B0FQJWWDVK,0.0,1.0
AUDIOARRAY,2026-08,Refund,FixedClosingFee,FBA79830,B0FJ8TSQK1,184.07999999999998,8.0
AUDIOARRAY,2026-08,Refund,FixedClosingFee,FBA79838,B0FQBX8J17,61.36,1.0
AUDIOARRAY,2026-08,Refund,FixedClosingFee,FBA79839,B0FQBXS6Y2,61.36,2.0
AUDIOARRAY,2026-08,Refund,FixedClosingFee,FBA79840,B0FQBWV1ST,61.36,2.0
AUDIOARRAY,2026-08,Refund,FixedClosingFee,FBA79846,B0FN7C25VS,61.36,1.0
AUDIOARRAY,2026-08,Refund,FixedClosingFee,FBA79848,B0GN97RFPR,245.44,10.0
AUDIOARRAY,2026-08,Refund,FixedClosingFee,FBA79903,B0FR5DLXH9,127.44,8.0
AUDIOARRAY,2026-08,Refund,FixedClosingFee,FBA79908,B0FTVV1QJY,0.0,2.0
AUDIOARRAY,2026-08,Refund,FixedClosingFee,FBA79909,B0FVM17Q4W,306.8,6.0
AUDIOARRAY,2026-08,Refund,FixedClosingFee,FBA79956,B0GMPGNXX3,31.86,3.0
AUDIOARRAY,2026-08,Refund,FixedClosingFee,FBA79959,B0G39ZHDYP,122.72,3.0
AUDIOARRAY,2026-08,Refund,FixedClosingFee,FBA79960,B0G3B152FR,122.72,7.0
AUDIOARRAY,2026-08,Refund,FixedClosingFee,FBA79961,B0G53H49BS,61.36,3.0
AUDIOARRAY,2026-08,Refund,FixedClosingFee,FBA79962,B0G53LZNY3,0.0,3.0
AUDIOARRAY,2026-08,Refund,FixedClosingFee,FBA79966,B0G53KWRVW,184.07999999999998,3.0
AUDIOARRAY,2026-08,Refund,FixedClosingFee,FBA79967,B0G2C2RCXN,122.72,2.0
AUDIOARRAY,2026-08,Refund,FixedClosingFee,FBA79968,B0G53M9258,61.36,2.0
AUDIOARRAY,2026-08,Refund,FixedClosingFee,FBA79974,B0GD8JSPB1,245.44,4.0
AUDIOARRAY,2026-08,Refund,FixedClosingFee,FBA79982,B0GN8MPYPG,184.07999999999998,3.0
AUDIOARRAY,2026-08,Refund,FixedClosingFee,FBA79996,B0GW8Z556N,95.58,3.0
AUDIOARRAY,2026-08,Refund,FixedClosingFee,FBA79999,B0GW92TVVC,61.36,1.0
AUDIOARRAY,2026-08,Refund,FixedClosingFee,FBA80003,B0GW92TTMS,61.36,1.0
AUDIOARRAY,2026-08,Refund,FixedClosingFee,FBA80010,B0GW8ZQRFK,0.0,1.0
AUDIOARRAY,2026-08,Refund,FixedClosingFee,FBA80074,B0GY827J9C,61.36,2.0
AUDIOARRAY,2026-08,Refund,FixedClosingFee,FBA80076,B0GY857139,122.72,3.0
AUDIOARRAY,2026-08,Refund,FixedClosingFee,FBA80084,B0GXP97CZG,61.36,5.0
AUDIOARRAY,2026-08,Refund,FixedClosingFee,FBA80085,B0GXPBHDRF,61.36,2.0
AUDIOARRAY,2026-08,Refund,FixedClosingFee,FBA80141,B0FJS57732,61.36,1.0
AUDIOARRAY,2026-08,Refund,FixedClosingFee,FBA80142,B0H3LHF2WW,61.36,2.0
AUDIOARRAY,2026-08,Refund,FixedClosingFee,FBK79708,B0FJS7JZ4V,61.36,1.0
AUDIOARRAY,2026-08,Refund,FixedClosingFee,FBM79005,,89.68,1.0
AUDIOARRAY,2026-08,Refund,FixedClosingFee,FBM79783,,245.44,9.0
AUDIOARRAY,2026-08,Refund,FixedClosingFee,FBM79830,,0.0,2.0
AUDIOARRAY,2026-08,Refund,GiftwrapChargeback,FBA75673,B0B4DPX2J2,0.0,8.0
AUDIOARRAY,2026-08,Refund,GiftwrapChargeback,FBA75674,B0B4G19R58,0.0,5.0
AUDIOARRAY,2026-08,Refund,GiftwrapChargeback,FBA75675,B0B4G8ZB64,0.0,1.0
AUDIOARRAY,2026-08,Refund,GiftwrapChargeback,FBA75677,B0B4KC7VBM,0.0,1.0
AUDIOARRAY,2026-08,Refund,GiftwrapChargeback,FBA75689,B0B4G59Y8W,0.0,5.0
AUDIOARRAY,2026-08,Refund,GiftwrapChargeback,FBA75690,B0B4K87PR4,0.0,1.0
AUDIOARRAY,2026-08,Refund,GiftwrapChargeback,FBA75691,B0B4G5JG4P,0.0,6.0
AUDIOARRAY,2026-08,Refund,GiftwrapChargeback,FBA75692,B0B4G1HPL5,0.0,2.0
AUDIOARRAY,2026-08,Refund,GiftwrapChargeback,FBA76414,B0BLJVJ2GN,0.0,1.0
AUDIOARRAY,2026-08,Refund,GiftwrapChargeback,FBA76597,B0BQ7H7418,0.0,1.0
AUDIOARRAY,2026-08,Refund,GiftwrapChargeback,FBA76725,B0BLKCSJ7Z,0.0,1.0
AUDIOARRAY,2026-08,Refund,GiftwrapChargeback,FBA76742,B0BLKBJ5HN,0.0,1.0
AUDIOARRAY,2026-08,Refund,GiftwrapChargeback,FBA76862,B0BPLWW72Y,0.0,1.0
AUDIOARRAY,2026-08,Refund,GiftwrapChargeback,FBA76863,B0BPM2T7BQ,0.0,1.0
AUDIOARRAY,2026-08,Refund,GiftwrapChargeback,FBA76864,B0BPLZ5CGV,0.0,8.0
AUDIOARRAY,2026-08,Refund,GiftwrapChargeback,FBA77011,B0BPMN89NG,0.0,1.0
AUDIOARRAY,2026-08,Refund,GiftwrapChargeback,FBA77171,B0CH4VCD6R,0.0,1.0
AUDIOARRAY,2026-08,Refund,GiftwrapChargeback,FBA78203,B0C4YTNJG7,0.0,1.0
AUDIOARRAY,2026-08,Refund,GiftwrapChargeback,FBA78205,B0C539RBGL,0.0,2.0
AUDIOARRAY,2026-08,Refund,GiftwrapChargeback,FBA78420,B0C5957W3P,0.0,1.0
AUDIOARRAY,2026-08,Refund,GiftwrapChargeback,FBA78423,B0C598Q6PT,0.0,1.0
AUDIOARRAY,2026-08,Refund,GiftwrapChargeback,FBA78975,B0CF5TCQKL,0.0,4.0
AUDIOARRAY,2026-08,Refund,GiftwrapChargeback,FBA79005,B0CKHVHVQ1,0.0,1.0
AUDIOARRAY,2026-08,Refund,GiftwrapChargeback,FBA79011,B0CH4RNWJX,0.0,1.0
AUDIOARRAY,2026-08,Refund,GiftwrapChargeback,FBA79016,B0CH4R1V6S,0.0,1.0
AUDIOARRAY,2026-08,Refund,GiftwrapChargeback,FBA79103,B0CM6NTWBP,0.0,2.0
AUDIOARRAY,2026-08,Refund,GiftwrapChargeback,FBA79104,B0CM6NVLT9,0.0,1.0
AUDIOARRAY,2026-08,Refund,GiftwrapChargeback,FBA79105,B0CM6WH4ZT,0.0,2.0
AUDIOARRAY,2026-08,Refund,GiftwrapChargeback,FBA79106,B0CM9KJZWQ,0.0,1.0
AUDIOARRAY,2026-08,Refund,GiftwrapChargeback,FBA79107,B0CM9P5CCK,0.0,1.0
AUDIOARRAY,2026-08,Refund,GiftwrapChargeback,FBA79108,B0CM9L1QZG,0.0,2.0
AUDIOARRAY,2026-08,Refund,GiftwrapChargeback,FBA79355,B0D3M86SH1,0.0,1.0
AUDIOARRAY,2026-08,Refund,GiftwrapChargeback,FBA79445,B0DFMLS8JG,0.0,1.0
AUDIOARRAY,2026-08,Refund,GiftwrapChargeback,FBA79482,B0DXFPM4N2,0.0,2.0
AUDIOARRAY,2026-08,Refund,GiftwrapChargeback,FBA79694,B0DT6T6N6B,0.0,3.0
AUDIOARRAY,2026-08,Refund,GiftwrapChargeback,FBA79708,B0FFB6YJM1,0.0,4.0
AUDIOARRAY,2026-08,Refund,GiftwrapChargeback,FBA79813,B0FG88HVQ8,0.0,3.0
AUDIOARRAY,2026-08,Refund,GiftwrapChargeback,FBA79820,B0FQJWWDVK,0.0,1.0
AUDIOARRAY,2026-08,Refund,GiftwrapChargeback,FBA79830,B0FJ8TSQK1,0.0,8.0
AUDIOARRAY,2026-08,Refund,GiftwrapChargeback,FBA79838,B0FQBX8J17,0.0,1.0
AUDIOARRAY,2026-08,Refund,GiftwrapChargeback,FBA79839,B0FQBXS6Y2,0.0,2.0
AUDIOARRAY,2026-08,Refund,GiftwrapChargeback,FBA79840,B0FQBWV1ST,0.0,2.0
AUDIOARRAY,2026-08,Refund,GiftwrapChargeback,FBA79846,B0FN7C25VS,0.0,1.0
AUDIOARRAY,2026-08,Refund,GiftwrapChargeback,FBA79848,B0GN97RFPR,0.0,10.0
AUDIOARRAY,2026-08,Refund,GiftwrapChargeback,FBA79903,B0FR5DLXH9,0.0,8.0
AUDIOARRAY,2026-08,Refund,GiftwrapChargeback,FBA79908,B0FTVV1QJY,0.0,2.0
AUDIOARRAY,2026-08,Refund,GiftwrapChargeback,FBA79909,B0FVM17Q4W,0.0,6.0
AUDIOARRAY,2026-08,Refund,GiftwrapChargeback,FBA79956,B0GMPGNXX3,0.0,3.0
AUDIOARRAY,2026-08,Refund,GiftwrapChargeback,FBA79959,B0G39ZHDYP,0.0,3.0
AUDIOARRAY,2026-08,Refund,GiftwrapChargeback,FBA79960,B0G3B152FR,0.0,7.0
AUDIOARRAY,2026-08,Refund,GiftwrapChargeback,FBA79961,B0G53H49BS,0.0,3.0
AUDIOARRAY,2026-08,Refund,GiftwrapChargeback,FBA79962,B0G53LZNY3,0.0,3.0
AUDIOARRAY,2026-08,Refund,GiftwrapChargeback,FBA79966,B0G53KWRVW,0.0,3.0
AUDIOARRAY,2026-08,Refund,GiftwrapChargeback,FBA79967,B0G2C2RCXN,0.0,2.0
AUDIOARRAY,2026-08,Refund,GiftwrapChargeback,FBA79968,B0G53M9258,0.0,2.0
AUDIOARRAY,2026-08,Refund,GiftwrapChargeback,FBA79974,B0GD8JSPB1,0.0,4.0
AUDIOARRAY,2026-08,Refund,GiftwrapChargeback,FBA79982,B0GN8MPYPG,0.0,3.0
AUDIOARRAY,2026-08,Refund,GiftwrapChargeback,FBA79996,B0GW8Z556N,0.0,3.0
AUDIOARRAY,2026-08,Refund,GiftwrapChargeback,FBA79999,B0GW92TVVC,0.0,1.0
AUDIOARRAY,2026-08,Refund,GiftwrapChargeback,FBA80003,B0GW92TTMS,0.0,1.0
AUDIOARRAY,2026-08,Refund,GiftwrapChargeback,FBA80010,B0GW8ZQRFK,0.0,1.0
AUDIOARRAY,2026-08,Refund,GiftwrapChargeback,FBA80074,B0GY827J9C,0.0,2.0
AUDIOARRAY,2026-08,Refund,GiftwrapChargeback,FBA80076,B0GY857139,0.0,3.0
AUDIOARRAY,2026-08,Refund,GiftwrapChargeback,FBA80084,B0GXP97CZG,0.0,5.0
AUDIOARRAY,2026-08,Refund,GiftwrapChargeback,FBA80085,B0GXPBHDRF,0.0,2.0
AUDIOARRAY,2026-08,Refund,GiftwrapChargeback,FBA80141,B0FJS57732,0.0,1.0
AUDIOARRAY,2026-08,Refund,GiftwrapChargeback,FBA80142,B0H3LHF2WW,0.0,2.0
AUDIOARRAY,2026-08,Refund,GiftwrapChargeback,FBK79708,B0FJS7JZ4V,0.0,1.0
AUDIOARRAY,2026-08,Refund,GiftwrapChargeback,FBM79783,,0.0,9.0
AUDIOARRAY,2026-08,Refund,GiftwrapCommission,FBM79005,,0.0,1.0
AUDIOARRAY,2026-08,Refund,GiftwrapCommission,FBM79830,,0.0,2.0
AUDIOARRAY,2026-08,Refund,RefundCommission,FBA75673,B0B4DPX2J2,-519.2,8.0
AUDIOARRAY,2026-08,Refund,RefundCommission,FBA75674,B0B4G19R58,-129.8,5.0
AUDIOARRAY,2026-08,Refund,RefundCommission,FBA75675,B0B4G8ZB64,0.0,1.0
AUDIOARRAY,2026-08,Refund,RefundCommission,FBA75677,B0B4KC7VBM,0.0,1.0
AUDIOARRAY,2026-08,Refund,RefundCommission,FBA75689,B0B4G59Y8W,-649.0,5.0
AUDIOARRAY,2026-08,Refund,RefundCommission,FBA75690,B0B4K87PR4,-129.8,1.0
AUDIOARRAY,2026-08,Refund,RefundCommission,FBA75691,B0B4G5JG4P,-129.8,6.0
AUDIOARRAY,2026-08,Refund,RefundCommission,FBA75692,B0B4G1HPL5,-259.6,2.0
AUDIOARRAY,2026-08,Refund,RefundCommission,FBA76414,B0BLJVJ2GN,-100.3,1.0
AUDIOARRAY,2026-08,Refund,RefundCommission,FBA76597,B0BQ7H7418,0.0,1.0
AUDIOARRAY,2026-08,Refund,RefundCommission,FBA76725,B0BLKCSJ7Z,0.0,1.0
AUDIOARRAY,2026-08,Refund,RefundCommission,FBA76742,B0BLKBJ5HN,-129.8,1.0
AUDIOARRAY,2026-08,Refund,RefundCommission,FBA76862,B0BPLWW72Y,0.0,1.0
AUDIOARRAY,2026-08,Refund,RefundCommission,FBA76863,B0BPM2T7BQ,0.0,1.0
AUDIOARRAY,2026-08,Refund,RefundCommission,FBA76864,B0BPLZ5CGV,-259.6,8.0
AUDIOARRAY,2026-08,Refund,RefundCommission,FBA77011,B0BPMN89NG,0.0,1.0
AUDIOARRAY,2026-08,Refund,RefundCommission,FBA77171,B0CH4VCD6R,-100.3,1.0
AUDIOARRAY,2026-08,Refund,RefundCommission,FBA78203,B0C4YTNJG7,0.0,1.0
AUDIOARRAY,2026-08,Refund,RefundCommission,FBA78205,B0C539RBGL,-129.8,2.0
AUDIOARRAY,2026-08,Refund,RefundCommission,FBA78420,B0C5957W3P,-76.7,1.0
AUDIOARRAY,2026-08,Refund,RefundCommission,FBA78423,B0C598Q6PT,-76.7,1.0
AUDIOARRAY,2026-08,Refund,RefundCommission,FBA78975,B0CF5TCQKL,-129.8,4.0
AUDIOARRAY,2026-08,Refund,RefundCommission,FBA79005,B0CKHVHVQ1,-129.8,1.0
AUDIOARRAY,2026-08,Refund,RefundCommission,FBA79011,B0CH4RNWJX,0.0,1.0
AUDIOARRAY,2026-08,Refund,RefundCommission,FBA79016,B0CH4R1V6S,-100.3,1.0
AUDIOARRAY,2026-08,Refund,RefundCommission,FBA79103,B0CM6NTWBP,0.0,2.0
AUDIOARRAY,2026-08,Refund,RefundCommission,FBA79104,B0CM6NVLT9,0.0,1.0
AUDIOARRAY,2026-08,Refund,RefundCommission,FBA79105,B0CM6WH4ZT,0.0,2.0
AUDIOARRAY,2026-08,Refund,RefundCommission,FBA79106,B0CM9KJZWQ,-129.8,1.0
AUDIOARRAY,2026-08,Refund,RefundCommission,FBA79107,B0CM9P5CCK,0.0,1.0
AUDIOARRAY,2026-08,Refund,RefundCommission,FBA79108,B0CM9L1QZG,0.0,2.0
AUDIOARRAY,2026-08,Refund,RefundCommission,FBA79355,B0D3M86SH1,-129.8,1.0
AUDIOARRAY,2026-08,Refund,RefundCommission,FBA79445,B0DFMLS8JG,-129.8,1.0
AUDIOARRAY,2026-08,Refund,RefundCommission,FBA79482,B0DXFPM4N2,-129.8,2.0
AUDIOARRAY,2026-08,Refund,RefundCommission,FBA79694,B0DT6T6N6B,-277.3,3.0
AUDIOARRAY,2026-08,Refund,RefundCommission,FBA79708,B0FFB6YJM1,-389.40000000000003,4.0
AUDIOARRAY,2026-08,Refund,RefundCommission,FBA79813,B0FG88HVQ8,-129.8,3.0
AUDIOARRAY,2026-08,Refund,RefundCommission,FBA79820,B0FQJWWDVK,-76.7,1.0
AUDIOARRAY,2026-08,Refund,RefundCommission,FBA79830,B0FJ8TSQK1,-649.0,8.0
AUDIOARRAY,2026-08,Refund,RefundCommission,FBA79838,B0FQBX8J17,0.0,1.0
AUDIOARRAY,2026-08,Refund,RefundCommission,FBA79839,B0FQBXS6Y2,-129.8,2.0
AUDIOARRAY,2026-08,Refund,RefundCommission,FBA79840,B0FQBWV1ST,-129.8,2.0
AUDIOARRAY,2026-08,Refund,RefundCommission,FBA79846,B0FN7C25VS,0.0,1.0
AUDIOARRAY,2026-08,Refund,RefundCommission,FBA79848,B0GN97RFPR,-778.8000000000001,10.0
AUDIOARRAY,2026-08,Refund,RefundCommission,FBA79903,B0FR5DLXH9,-401.2,8.0
AUDIOARRAY,2026-08,Refund,RefundCommission,FBA79908,B0FTVV1QJY,-259.6,2.0
AUDIOARRAY,2026-08,Refund,RefundCommission,FBA79909,B0FVM17Q4W,-129.8,6.0
AUDIOARRAY,2026-08,Refund,RefundCommission,FBA79956,B0GMPGNXX3,-200.6,3.0
AUDIOARRAY,2026-08,Refund,RefundCommission,FBA79959,B0G39ZHDYP,-129.8,3.0
AUDIOARRAY,2026-08,Refund,RefundCommission,FBA79960,B0G3B152FR,-649.0,7.0
AUDIOARRAY,2026-08,Refund,RefundCommission,FBA79961,B0G53H49BS,-259.6,3.0
AUDIOARRAY,2026-08,Refund,RefundCommission,FBA79962,B0G53LZNY3,-389.40000000000003,3.0
AUDIOARRAY,2026-08,Refund,RefundCommission,FBA79966,B0G53KWRVW,0.0,3.0
AUDIOARRAY,2026-08,Refund,RefundCommission,FBA79967,B0G2C2RCXN,0.0,2.0
AUDIOARRAY,2026-08,Refund,RefundCommission,FBA79968,B0G53M9258,-129.8,2.0
AUDIOARRAY,2026-08,Refund,RefundCommission,FBA79974,B0GD8JSPB1,0.0,4.0
AUDIOARRAY,2026-08,Refund,RefundCommission,FBA79982,B0GN8MPYPG,0.0,3.0
AUDIOARRAY,2026-08,Refund,RefundCommission,FBA79996,B0GW8Z556N,0.0,3.0
AUDIOARRAY,2026-08,Refund,RefundCommission,FBA79999,B0GW92TVVC,0.0,1.0
AUDIOARRAY,2026-08,Refund,RefundCommission,FBA80003,B0GW92TTMS,0.0,1.0
AUDIOARRAY,2026-08,Refund,RefundCommission,FBA80010,B0GW8ZQRFK,-129.8,1.0
AUDIOARRAY,2026-08,Refund,RefundCommission,FBA80074,B0GY827J9C,-129.8,2.0
AUDIOARRAY,2026-08,Refund,RefundCommission,FBA80076,B0GY857139,-129.8,3.0
AUDIOARRAY,2026-08,Refund,RefundCommission,FBA80084,B0GXP97CZG,-519.2,5.0
AUDIOARRAY,2026-08,Refund,RefundCommission,FBA80085,B0GXPBHDRF,-129.8,2.0
AUDIOARRAY,2026-08,Refund,RefundCommission,FBA80141,B0FJS57732,0.0,1.0
AUDIOARRAY,2026-08,Refund,RefundCommission,FBA80142,B0H3LHF2WW,-129.8,2.0
AUDIOARRAY,2026-08,Refund,RefundCommission,FBK79708,B0FJS7JZ4V,0.0,1.0
AUDIOARRAY,2026-08,Refund,RefundCommission,FBM79005,,0.0,1.0
AUDIOARRAY,2026-08,Refund,RefundCommission,FBM79783,,-649.0,9.0
AUDIOARRAY,2026-08,Refund,RefundCommission,FBM79830,,-259.6,2.0
AUDIOARRAY,2026-08,Refund,ShippingChargeback,FBA75673,B0B4DPX2J2,0.0,8.0
AUDIOARRAY,2026-08,Refund,ShippingChargeback,FBA75674,B0B4G19R58,0.0,5.0
AUDIOARRAY,2026-08,Refund,ShippingChargeback,FBA75675,B0B4G8ZB64,0.0,1.0
AUDIOARRAY,2026-08,Refund,ShippingChargeback,FBA75677,B0B4KC7VBM,0.0,1.0
AUDIOARRAY,2026-08,Refund,ShippingChargeback,FBA75689,B0B4G59Y8W,79.0,5.0
AUDIOARRAY,2026-08,Refund,ShippingChargeback,FBA75690,B0B4K87PR4,0.0,1.0
AUDIOARRAY,2026-08,Refund,ShippingChargeback,FBA75691,B0B4G5JG4P,0.0,6.0
AUDIOARRAY,2026-08,Refund,ShippingChargeback,FBA75692,B0B4G1HPL5,0.0,2.0
AUDIOARRAY,2026-08,Refund,ShippingChargeback,FBA76414,B0BLJVJ2GN,0.0,1.0
AUDIOARRAY,2026-08,Refund,ShippingChargeback,FBA76597,B0BQ7H7418,0.0,1.0
AUDIOARRAY,2026-08,Refund,ShippingChargeback,FBA76725,B0BLKCSJ7Z,0.0,1.0
AUDIOARRAY,2026-08,Refund,ShippingChargeback,FBA76742,B0BLKBJ5HN,0.0,1.0
AUDIOARRAY,2026-08,Refund,ShippingChargeback,FBA76862,B0BPLWW72Y,0.0,1.0
AUDIOARRAY,2026-08,Refund,ShippingChargeback,FBA76863,B0BPM2T7BQ,0.0,1.0
AUDIOARRAY,2026-08,Refund,ShippingChargeback,FBA76864,B0BPLZ5CGV,79.0,8.0
AUDIOARRAY,2026-08,Refund,ShippingChargeback,FBA77011,B0BPMN89NG,0.0,1.0
AUDIOARRAY,2026-08,Refund,ShippingChargeback,FBA77171,B0CH4VCD6R,0.0,1.0
AUDIOARRAY,2026-08,Refund,ShippingChargeback,FBA78203,B0C4YTNJG7,0.0,1.0
AUDIOARRAY,2026-08,Refund,ShippingChargeback,FBA78205,B0C539RBGL,0.0,2.0
AUDIOARRAY,2026-08,Refund,ShippingChargeback,FBA78420,B0C5957W3P,0.0,1.0
AUDIOARRAY,2026-08,Refund,ShippingChargeback,FBA78423,B0C598Q6PT,0.0,1.0
AUDIOARRAY,2026-08,Refund,ShippingChargeback,FBA78975,B0CF5TCQKL,0.0,4.0
AUDIOARRAY,2026-08,Refund,ShippingChargeback,FBA79005,B0CKHVHVQ1,0.0,1.0
AUDIOARRAY,2026-08,Refund,ShippingChargeback,FBA79011,B0CH4RNWJX,0.0,1.0
AUDIOARRAY,2026-08,Refund,ShippingChargeback,FBA79016,B0CH4R1V6S,0.0,1.0
AUDIOARRAY,2026-08,Refund,ShippingChargeback,FBA79103,B0CM6NTWBP,0.0,2.0
AUDIOARRAY,2026-08,Refund,ShippingChargeback,FBA79104,B0CM6NVLT9,0.0,1.0
AUDIOARRAY,2026-08,Refund,ShippingChargeback,FBA79105,B0CM6WH4ZT,0.0,2.0
AUDIOARRAY,2026-08,Refund,ShippingChargeback,FBA79106,B0CM9KJZWQ,0.0,1.0
AUDIOARRAY,2026-08,Refund,ShippingChargeback,FBA79107,B0CM9P5CCK,0.0,1.0
AUDIOARRAY,2026-08,Refund,ShippingChargeback,FBA79108,B0CM9L1QZG,0.0,2.0
AUDIOARRAY,2026-08,Refund,ShippingChargeback,FBA79355,B0D3M86SH1,0.0,1.0
AUDIOARRAY,2026-08,Refund,ShippingChargeback,FBA79445,B0DFMLS8JG,0.0,1.0
AUDIOARRAY,2026-08,Refund,ShippingChargeback,FBA79482,B0DXFPM4N2,0.0,2.0
AUDIOARRAY,2026-08,Refund,ShippingChargeback,FBA79694,B0DT6T6N6B,0.0,3.0
AUDIOARRAY,2026-08,Refund,ShippingChargeback,FBA79708,B0FFB6YJM1,59.0,4.0
AUDIOARRAY,2026-08,Refund,ShippingChargeback,FBA79813,B0FG88HVQ8,0.0,3.0
AUDIOARRAY,2026-08,Refund,ShippingChargeback,FBA79820,B0FQJWWDVK,0.0,1.0
AUDIOARRAY,2026-08,Refund,ShippingChargeback,FBA79830,B0FJ8TSQK1,0.0,8.0
AUDIOARRAY,2026-08,Refund,ShippingChargeback,FBA79838,B0FQBX8J17,0.0,1.0
AUDIOARRAY,2026-08,Refund,ShippingChargeback,FBA79839,B0FQBXS6Y2,0.0,2.0
AUDIOARRAY,2026-08,Refund,ShippingChargeback,FBA79840,B0FQBWV1ST,0.0,2.0
AUDIOARRAY,2026-08,Refund,ShippingChargeback,FBA79846,B0FN7C25VS,0.0,1.0
AUDIOARRAY,2026-08,Refund,ShippingChargeback,FBA79848,B0GN97RFPR,79.0,10.0
AUDIOARRAY,2026-08,Refund,ShippingChargeback,FBA79903,B0FR5DLXH9,0.0,8.0
AUDIOARRAY,2026-08,Refund,ShippingChargeback,FBA79908,B0FTVV1QJY,0.0,2.0
AUDIOARRAY,2026-08,Refund,ShippingChargeback,FBA79909,B0FVM17Q4W,0.0,6.0
AUDIOARRAY,2026-08,Refund,ShippingChargeback,FBA79956,B0GMPGNXX3,0.0,3.0
AUDIOARRAY,2026-08,Refund,ShippingChargeback,FBA79959,B0G39ZHDYP,0.0,3.0
AUDIOARRAY,2026-08,Refund,ShippingChargeback,FBA79960,B0G3B152FR,0.0,7.0
AUDIOARRAY,2026-08,Refund,ShippingChargeback,FBA79961,B0G53H49BS,0.0,3.0
AUDIOARRAY,2026-08,Refund,ShippingChargeback,FBA79962,B0G53LZNY3,0.0,3.0
AUDIOARRAY,2026-08,Refund,ShippingChargeback,FBA79966,B0G53KWRVW,0.0,3.0
AUDIOARRAY,2026-08,Refund,ShippingChargeback,FBA79967,B0G2C2RCXN,0.0,2.0
AUDIOARRAY,2026-08,Refund,ShippingChargeback,FBA79968,B0G53M9258,0.0,2.0
AUDIOARRAY,2026-08,Refund,ShippingChargeback,FBA79974,B0GD8JSPB1,0.0,4.0
AUDIOARRAY,2026-08,Refund,ShippingChargeback,FBA79982,B0GN8MPYPG,0.0,3.0
AUDIOARRAY,2026-08,Refund,ShippingChargeback,FBA79996,B0GW8Z556N,0.0,3.0
AUDIOARRAY,2026-08,Refund,ShippingChargeback,FBA79999,B0GW92TVVC,0.0,1.0
AUDIOARRAY,2026-08,Refund,ShippingChargeback,FBA80003,B0GW92TTMS,0.0,1.0
AUDIOARRAY,2026-08,Refund,ShippingChargeback,FBA80010,B0GW8ZQRFK,0.0,1.0
AUDIOARRAY,2026-08,Refund,ShippingChargeback,FBA80074,B0GY827J9C,0.0,2.0
AUDIOARRAY,2026-08,Refund,ShippingChargeback,FBA80076,B0GY857139,0.0,3.0
AUDIOARRAY,2026-08,Refund,ShippingChargeback,FBA80084,B0GXP97CZG,0.0,5.0
AUDIOARRAY,2026-08,Refund,ShippingChargeback,FBA80085,B0GXPBHDRF,0.0,2.0
AUDIOARRAY,2026-08,Refund,ShippingChargeback,FBA80141,B0FJS57732,0.0,1.0
AUDIOARRAY,2026-08,Refund,ShippingChargeback,FBA80142,B0H3LHF2WW,0.0,2.0
AUDIOARRAY,2026-08,Refund,ShippingChargeback,FBK79708,B0FJS7JZ4V,0.0,1.0
AUDIOARRAY,2026-08,Refund,ShippingChargeback,FBM79783,,79.0,9.0
AUDIOARRAY,2026-08,Refund,ShippingHB,FBM79005,,0.0,1.0
AUDIOARRAY,2026-08,Refund,ShippingHB,FBM79830,,0.0,2.0
AUDIOARRAY,2026-08,Refund,VariableClosingFee,FBA75673,B0B4DPX2J2,0.0,8.0
AUDIOARRAY,2026-08,Refund,VariableClosingFee,FBA75674,B0B4G19R58,0.0,5.0
AUDIOARRAY,2026-08,Refund,VariableClosingFee,FBA75675,B0B4G8ZB64,0.0,1.0
AUDIOARRAY,2026-08,Refund,VariableClosingFee,FBA75677,B0B4KC7VBM,0.0,1.0
AUDIOARRAY,2026-08,Refund,VariableClosingFee,FBA75689,B0B4G59Y8W,0.0,5.0
AUDIOARRAY,2026-08,Refund,VariableClosingFee,FBA75690,B0B4K87PR4,0.0,1.0
AUDIOARRAY,2026-08,Refund,VariableClosingFee,FBA75691,B0B4G5JG4P,0.0,6.0
AUDIOARRAY,2026-08,Refund,VariableClosingFee,FBA75692,B0B4G1HPL5,0.0,2.0
AUDIOARRAY,2026-08,Refund,VariableClosingFee,FBA76414,B0BLJVJ2GN,0.0,1.0
AUDIOARRAY,2026-08,Refund,VariableClosingFee,FBA76597,B0BQ7H7418,0.0,1.0
AUDIOARRAY,2026-08,Refund,VariableClosingFee,FBA76725,B0BLKCSJ7Z,0.0,1.0
AUDIOARRAY,2026-08,Refund,VariableClosingFee,FBA76742,B0BLKBJ5HN,0.0,1.0
AUDIOARRAY,2026-08,Refund,VariableClosingFee,FBA76862,B0BPLWW72Y,0.0,1.0
AUDIOARRAY,2026-08,Refund,VariableClosingFee,FBA76863,B0BPM2T7BQ,0.0,1.0
AUDIOARRAY,2026-08,Refund,VariableClosingFee,FBA76864,B0BPLZ5CGV,0.0,8.0
AUDIOARRAY,2026-08,Refund,VariableClosingFee,FBA77011,B0BPMN89NG,0.0,1.0
AUDIOARRAY,2026-08,Refund,VariableClosingFee,FBA77171,B0CH4VCD6R,0.0,1.0
AUDIOARRAY,2026-08,Refund,VariableClosingFee,FBA78203,B0C4YTNJG7,0.0,1.0
AUDIOARRAY,2026-08,Refund,VariableClosingFee,FBA78205,B0C539RBGL,0.0,2.0
AUDIOARRAY,2026-08,Refund,VariableClosingFee,FBA78420,B0C5957W3P,0.0,1.0
AUDIOARRAY,2026-08,Refund,VariableClosingFee,FBA78423,B0C598Q6PT,0.0,1.0
AUDIOARRAY,2026-08,Refund,VariableClosingFee,FBA78975,B0CF5TCQKL,0.0,4.0
AUDIOARRAY,2026-08,Refund,VariableClosingFee,FBA79005,B0CKHVHVQ1,0.0,1.0
AUDIOARRAY,2026-08,Refund,VariableClosingFee,FBA79011,B0CH4RNWJX,0.0,1.0
AUDIOARRAY,2026-08,Refund,VariableClosingFee,FBA79016,B0CH4R1V6S,0.0,1.0
AUDIOARRAY,2026-08,Refund,VariableClosingFee,FBA79103,B0CM6NTWBP,0.0,2.0
AUDIOARRAY,2026-08,Refund,VariableClosingFee,FBA79104,B0CM6NVLT9,0.0,1.0
AUDIOARRAY,2026-08,Refund,VariableClosingFee,FBA79105,B0CM6WH4ZT,0.0,2.0
AUDIOARRAY,2026-08,Refund,VariableClosingFee,FBA79106,B0CM9KJZWQ,0.0,1.0
AUDIOARRAY,2026-08,Refund,VariableClosingFee,FBA79107,B0CM9P5CCK,0.0,1.0
AUDIOARRAY,2026-08,Refund,VariableClosingFee,FBA79108,B0CM9L1QZG,0.0,2.0
AUDIOARRAY,2026-08,Refund,VariableClosingFee,FBA79355,B0D3M86SH1,0.0,1.0
AUDIOARRAY,2026-08,Refund,VariableClosingFee,FBA79445,B0DFMLS8JG,0.0,1.0
AUDIOARRAY,2026-08,Refund,VariableClosingFee,FBA79482,B0DXFPM4N2,0.0,2.0
AUDIOARRAY,2026-08,Refund,VariableClosingFee,FBA79694,B0DT6T6N6B,0.0,3.0
AUDIOARRAY,2026-08,Refund,VariableClosingFee,FBA79708,B0FFB6YJM1,0.0,4.0
AUDIOARRAY,2026-08,Refund,VariableClosingFee,FBA79813,B0FG88HVQ8,0.0,3.0
AUDIOARRAY,2026-08,Refund,VariableClosingFee,FBA79820,B0FQJWWDVK,0.0,1.0
AUDIOARRAY,2026-08,Refund,VariableClosingFee,FBA79830,B0FJ8TSQK1,0.0,8.0
AUDIOARRAY,2026-08,Refund,VariableClosingFee,FBA79838,B0FQBX8J17,0.0,1.0
AUDIOARRAY,2026-08,Refund,VariableClosingFee,FBA79839,B0FQBXS6Y2,0.0,2.0
AUDIOARRAY,2026-08,Refund,VariableClosingFee,FBA79840,B0FQBWV1ST,0.0,2.0
AUDIOARRAY,2026-08,Refund,VariableClosingFee,FBA79846,B0FN7C25VS,0.0,1.0
AUDIOARRAY,2026-08,Refund,VariableClosingFee,FBA79848,B0GN97RFPR,0.0,10.0
AUDIOARRAY,2026-08,Refund,VariableClosingFee,FBA79903,B0FR5DLXH9,0.0,8.0
AUDIOARRAY,2026-08,Refund,VariableClosingFee,FBA79908,B0FTVV1QJY,0.0,2.0
AUDIOARRAY,2026-08,Refund,VariableClosingFee,FBA79909,B0FVM17Q4W,0.0,6.0
AUDIOARRAY,2026-08,Refund,VariableClosingFee,FBA79956,B0GMPGNXX3,0.0,3.0
AUDIOARRAY,2026-08,Refund,VariableClosingFee,FBA79959,B0G39ZHDYP,0.0,3.0
AUDIOARRAY,2026-08,Refund,VariableClosingFee,FBA79960,B0G3B152FR,0.0,7.0
AUDIOARRAY,2026-08,Refund,VariableClosingFee,FBA79961,B0G53H49BS,0.0,3.0
AUDIOARRAY,2026-08,Refund,VariableClosingFee,FBA79962,B0G53LZNY3,0.0,3.0
AUDIOARRAY,2026-08,Refund,VariableClosingFee,FBA79966,B0G53KWRVW,0.0,3.0
AUDIOARRAY,2026-08,Refund,VariableClosingFee,FBA79967,B0G2C2RCXN,0.0,2.0
AUDIOARRAY,2026-08,Refund,VariableClosingFee,FBA79968,B0G53M9258,0.0,2.0
AUDIOARRAY,2026-08,Refund,VariableClosingFee,FBA79974,B0GD8JSPB1,0.0,4.0
AUDIOARRAY,2026-08,Refund,VariableClosingFee,FBA79982,B0GN8MPYPG,0.0,3.0
AUDIOARRAY,2026-08,Refund,VariableClosingFee,FBA79996,B0GW8Z556N,0.0,3.0
AUDIOARRAY,2026-08,Refund,VariableClosingFee,FBA79999,B0GW92TVVC,0.0,1.0
AUDIOARRAY,2026-08,Refund,VariableClosingFee,FBA80003,B0GW92TTMS,0.0,1.0
AUDIOARRAY,2026-08,Refund,VariableClosingFee,FBA80010,B0GW8ZQRFK,0.0,1.0
AUDIOARRAY,2026-08,Refund,VariableClosingFee,FBA80074,B0GY827J9C,0.0,2.0
AUDIOARRAY,2026-08,Refund,VariableClosingFee,FBA80076,B0GY857139,0.0,3.0
AUDIOARRAY,2026-08,Refund,VariableClosingFee,FBA80084,B0GXP97CZG,0.0,5.0
AUDIOARRAY,2026-08,Refund,VariableClosingFee,FBA80085,B0GXPBHDRF,0.0,2.0
AUDIOARRAY,2026-08,Refund,VariableClosingFee,FBA80141,B0FJS57732,0.0,1.0
AUDIOARRAY,2026-08,Refund,VariableClosingFee,FBA80142,B0H3LHF2WW,0.0,2.0
AUDIOARRAY,2026-08,Refund,VariableClosingFee,FBK79708,B0FJS7JZ4V,0.0,1.0
AUDIOARRAY,2026-08,Refund,VariableClosingFee,FBM79005,,0.0,1.0
AUDIOARRAY,2026-08,Refund,VariableClosingFee,FBM79783,,0.0,9.0
AUDIOARRAY,2026-08,Refund,VariableClosingFee,FBM79830,,0.0,2.0
AUDIOARRAY,2026-08,RefundCharge,Principal,FBA75673,B0B4DPX2J2,-18127.11,8.0
AUDIOARRAY,2026-08,RefundCharge,Principal,FBA75674,B0B4G19R58,-15503.57,5.0
AUDIOARRAY,2026-08,RefundCharge,Principal,FBA75675,B0B4G8ZB64,-752.98,1.0
AUDIOARRAY,2026-08,RefundCharge,Principal,FBA75677,B0B4KC7VBM,-1961.86,1.0
AUDIOARRAY,2026-08,RefundCharge,Principal,FBA75689,B0B4G59Y8W,-6606.76,4.0
AUDIOARRAY,2026-08,RefundCharge,Principal,FBA75690,B0B4K87PR4,-3185.6,1.0
AUDIOARRAY,2026-08,RefundCharge,Principal,FBA75691,B0B4G5JG4P,-31681.38,6.0
AUDIOARRAY,2026-08,RefundCharge,Principal,FBA75692,B0B4G1HPL5,-7794.92,2.0
AUDIOARRAY,2026-08,RefundCharge,Principal,FBA76414,B0BLJVJ2GN,-473.73,1.0
AUDIOARRAY,2026-08,RefundCharge,Principal,FBA76597,B0BQ7H7418,-1100.85,1.0
AUDIOARRAY,2026-08,RefundCharge,Principal,FBA76725,B0BLKCSJ7Z,-1016.1,1.0
AUDIOARRAY,2026-08,RefundCharge,Principal,FBA76742,B0BLKBJ5HN,-7626.28,1.0
AUDIOARRAY,2026-08,RefundCharge,Principal,FBA76862,B0BPLWW72Y,-1422.88,1.0
AUDIOARRAY,2026-08,RefundCharge,Principal,FBA76863,B0BPM2T7BQ,-3388.98,1.0
AUDIOARRAY,2026-08,RefundCharge,Principal,FBA76864,B0BPLZ5CGV,-31925.55,8.0
AUDIOARRAY,2026-08,RefundCharge,Principal,FBA77011,B0BPMN89NG,-1482.2,1.0
AUDIOARRAY,2026-08,RefundCharge,Principal,FBA77171,B0CH4VCD6R,-465.25,1.0
AUDIOARRAY,2026-08,RefundCharge,Principal,FBA78203,B0C4YTNJG7,-1694.07,1.0
AUDIOARRAY,2026-08,RefundCharge,Principal,FBA78205,B0C539RBGL,-2879.66,2.0
AUDIOARRAY,2026-08,RefundCharge,Principal,FBA78420,B0C5957W3P,-380.51,1.0
AUDIOARRAY,2026-08,RefundCharge,Principal,FBA78423,B0C598Q6PT,-380.5,1.0
AUDIOARRAY,2026-08,RefundCharge,Principal,FBA78975,B0CF5TCQKL,-12335.25,4.0
AUDIOARRAY,2026-08,RefundCharge,Principal,FBA79005,B0CKHVHVQ1,-4575.42,1.0
AUDIOARRAY,2026-08,RefundCharge,Principal,FBA79011,B0CH4RNWJX,-2117.8,1.0
AUDIOARRAY,2026-08,RefundCharge,Principal,FBA79016,B0CH4R1V6S,-677.12,1.0
AUDIOARRAY,2026-08,RefundCharge,Principal,FBA79103,B0CM6NTWBP,-4837.28,2.0
AUDIOARRAY,2026-08,RefundCharge,Principal,FBA79104,B0CM6NVLT9,-1355.08,1.0
AUDIOARRAY,2026-08,RefundCharge,Principal,FBA79105,B0CM6WH4ZT,-2249.31,2.0
AUDIOARRAY,2026-08,RefundCharge,Principal,FBA79106,B0CM9KJZWQ,-3982.2,1.0
AUDIOARRAY,2026-08,RefundCharge,Principal,FBA79107,B0CM9P5CCK,-1439.83,1.0
AUDIOARRAY,2026-08,RefundCharge,Principal,FBA79108,B0CM9L1QZG,-2286.44,2.0
AUDIOARRAY,2026-08,RefundCharge,Principal,FBA79355,B0D3M86SH1,-4236.44,1.0
AUDIOARRAY,2026-08,RefundCharge,Principal,FBA79445,B0DFMLS8JG,-3388.98,1.0
AUDIOARRAY,2026-08,RefundCharge,Principal,FBA79482,B0DXFPM4N2,-14972.03,2.0
AUDIOARRAY,2026-08,RefundCharge,Principal,FBA79694,B0DT6T6N6B,-1437.29,3.0
AUDIOARRAY,2026-08,RefundCharge,Principal,FBA79708,B0FFB6YJM1,-4064.4,4.0
AUDIOARRAY,2026-08,RefundCharge,Principal,FBA79813,B0FG88HVQ8,-4909.51,3.0
AUDIOARRAY,2026-08,RefundCharge,Principal,FBA79820,B0FQJWWDVK,-380.5,1.0
AUDIOARRAY,2026-08,RefundCharge,Principal,FBA79830,B0FJ8TSQK1,-21349.12,8.0
AUDIOARRAY,2026-08,RefundCharge,Principal,FBA79838,B0FQBX8J17,-885.59,1.0
AUDIOARRAY,2026-08,RefundCharge,Principal,FBA79839,B0FQBXS6Y2,-2540.68,2.0
AUDIOARRAY,2026-08,RefundCharge,Principal,FBA79840,B0FQBWV1ST,-3388.13,2.0
AUDIOARRAY,2026-08,RefundCharge,Principal,FBA79846,B0FN7C25VS,-3274.58,1.0
AUDIOARRAY,2026-08,RefundCharge,Principal,FBA79848,B0GN97RFPR,-61664.53,10.0
AUDIOARRAY,2026-08,RefundCharge,Principal,FBA79903,B0FR5DLXH9,-5987.3,8.0
AUDIOARRAY,2026-08,RefundCharge,Principal,FBA79908,B0FTVV1QJY,-7015.25,2.0
AUDIOARRAY,2026-08,RefundCharge,Principal,FBA79909,B0FVM17Q4W,-10164.42,6.0
AUDIOARRAY,2026-08,RefundCharge,Principal,FBA79956,B0GMPGNXX3,-1438.13,3.0
AUDIOARRAY,2026-08,RefundCharge,Principal,FBA79959,B0G39ZHDYP,-3048.3,3.0
AUDIOARRAY,2026-08,RefundCharge,Principal,FBA79960,B0G3B152FR,-10926.279999999999,7.0
AUDIOARRAY,2026-08,RefundCharge,Principal,FBA79961,B0G53H49BS,-6861.29,3.0
AUDIOARRAY,2026-08,RefundCharge,Principal,FBA79962,B0G53LZNY3,-13556.779999999999,3.0
AUDIOARRAY,2026-08,RefundCharge,Principal,FBA79966,B0G53KWRVW,-25460.17,3.0
AUDIOARRAY,2026-08,RefundCharge,Principal,FBA79967,B0G2C2RCXN,-3388.12,2.0
AUDIOARRAY,2026-08,RefundCharge,Principal,FBA79968,B0G53M9258,-10243.22,2.0
AUDIOARRAY,2026-08,RefundCharge,Principal,FBA79974,B0GD8JSPB1,-29657.620000000003,4.0
AUDIOARRAY,2026-08,RefundCharge,Principal,FBA79982,B0GN8MPYPG,-13980.51,3.0
AUDIOARRAY,2026-08,RefundCharge,Principal,FBA79996,B0GW8Z556N,-2200.86,3.0
AUDIOARRAY,2026-08,RefundCharge,Principal,FBA79999,B0GW92TVVC,-4236.44,1.0
AUDIOARRAY,2026-08,RefundCharge,Principal,FBA80003,B0GW92TTMS,-4660.17,1.0
AUDIOARRAY,2026-08,RefundCharge,Principal,FBA80010,B0GW8ZQRFK,-1355.08,1.0
AUDIOARRAY,2026-08,RefundCharge,Principal,FBA80074,B0GY827J9C,-16777.97,2.0
AUDIOARRAY,2026-08,RefundCharge,Principal,FBA80076,B0GY857139,-16438.14,3.0
AUDIOARRAY,2026-08,RefundCharge,Principal,FBA80084,B0GXP97CZG,-15927.98,5.0
AUDIOARRAY,2026-08,RefundCharge,Principal,FBA80085,B0GXPBHDRF,-11862.72,2.0
AUDIOARRAY,2026-08,RefundCharge,Principal,FBA80141,B0FJS57732,-2372.03,1.0
AUDIOARRAY,2026-08,RefundCharge,Principal,FBA80142,B0H3LHF2WW,-4079.66,2.0
AUDIOARRAY,2026-08,RefundCharge,Principal,FBK79708,B0FJS7JZ4V,-1016.1,1.0
AUDIOARRAY,2026-08,RefundCharge,Principal,FBM79005,,-4575.42,1.0
AUDIOARRAY,2026-08,RefundCharge,Principal,FBM79783,,-21602.53,9.0
AUDIOARRAY,2026-08,RefundCharge,Principal,FBM79830,,-5337.28,2.0
AUDIOARRAY,2026-08,RefundCharge,ShippingCharge,FBA75673,B0B4DPX2J2,-185.6,5.0
AUDIOARRAY,2026-08,RefundCharge,ShippingCharge,FBA75674,B0B4G19R58,-67.8,2.0
AUDIOARRAY,2026-08,RefundCharge,ShippingCharge,FBA75675,B0B4G8ZB64,-33.9,1.0
AUDIOARRAY,2026-08,RefundCharge,ShippingCharge,FBA75689,B0B4G59Y8W,-100.84,2.0
AUDIOARRAY,2026-08,RefundCharge,ShippingCharge,FBA75691,B0B4G5JG4P,-135.6,4.0
AUDIOARRAY,2026-08,RefundCharge,ShippingCharge,FBA75692,B0B4G1HPL5,-33.9,1.0
AUDIOARRAY,2026-08,RefundCharge,ShippingCharge,FBA76863,B0BPM2T7BQ,-33.9,1.0
AUDIOARRAY,2026-08,RefundCharge,ShippingCharge,FBA76864,B0BPLZ5CGV,-202.54,5.0
AUDIOARRAY,2026-08,RefundCharge,ShippingCharge,FBA77011,B0BPMN89NG,-33.9,1.0
AUDIOARRAY,2026-08,RefundCharge,ShippingCharge,FBA78203,B0C4YTNJG7,-33.9,1.0
AUDIOARRAY,2026-08,RefundCharge,ShippingCharge,FBA78205,B0C539RBGL,-33.9,1.0
AUDIOARRAY,2026-08,RefundCharge,ShippingCharge,FBA78423,B0C598Q6PT,-33.9,1.0
AUDIOARRAY,2026-08,RefundCharge,ShippingCharge,FBA78975,B0CF5TCQKL,-67.8,2.0
AUDIOARRAY,2026-08,RefundCharge,ShippingCharge,FBA79011,B0CH4RNWJX,-33.9,1.0
AUDIOARRAY,2026-08,RefundCharge,ShippingCharge,FBA79016,B0CH4R1V6S,-33.9,1.0
AUDIOARRAY,2026-08,RefundCharge,ShippingCharge,FBA79103,B0CM6NTWBP,-67.8,2.0
AUDIOARRAY,2026-08,RefundCharge,ShippingCharge,FBA79104,B0CM6NVLT9,-33.9,1.0
AUDIOARRAY,2026-08,RefundCharge,ShippingCharge,FBA79105,B0CM6WH4ZT,-83.9,2.0
AUDIOARRAY,2026-08,RefundCharge,ShippingCharge,FBA79107,B0CM9P5CCK,-33.9,1.0
AUDIOARRAY,2026-08,RefundCharge,ShippingCharge,FBA79108,B0CM9L1QZG,-16.1,1.0
AUDIOARRAY,2026-08,RefundCharge,ShippingCharge,FBA79355,B0D3M86SH1,-33.9,1.0
AUDIOARRAY,2026-08,RefundCharge,ShippingCharge,FBA79445,B0DFMLS8JG,-33.9,1.0
AUDIOARRAY,2026-08,RefundCharge,ShippingCharge,FBA79482,B0DXFPM4N2,-33.9,1.0
AUDIOARRAY,2026-08,RefundCharge,ShippingCharge,FBA79694,B0DT6T6N6B,-16.1,1.0
AUDIOARRAY,2026-08,RefundCharge,ShippingCharge,FBA79708,B0FFB6YJM1,-151.7,4.0
AUDIOARRAY,2026-08,RefundCharge,ShippingCharge,FBA79813,B0FG88HVQ8,-67.8,2.0
AUDIOARRAY,2026-08,RefundCharge,ShippingCharge,FBA79830,B0FJ8TSQK1,-169.5,5.0
AUDIOARRAY,2026-08,RefundCharge,ShippingCharge,FBA79838,B0FQBX8J17,-33.9,1.0
AUDIOARRAY,2026-08,RefundCharge,ShippingCharge,FBA79839,B0FQBXS6Y2,-67.8,2.0
AUDIOARRAY,2026-08,RefundCharge,ShippingCharge,FBA79840,B0FQBWV1ST,-67.8,2.0
AUDIOARRAY,2026-08,RefundCharge,ShippingCharge,FBA79846,B0FN7C25VS,-33.9,1.0
AUDIOARRAY,2026-08,RefundCharge,ShippingCharge,FBA79848,B0GN97RFPR,-284.73,5.0
AUDIOARRAY,2026-08,RefundCharge,ShippingCharge,FBA79903,B0FR5DLXH9,-203.39999999999998,6.0
AUDIOARRAY,2026-08,RefundCharge,ShippingCharge,FBA79908,B0FTVV1QJY,-67.8,2.0
AUDIOARRAY,2026-08,RefundCharge,ShippingCharge,FBA79909,B0FVM17Q4W,-16.1,1.0
AUDIOARRAY,2026-08,RefundCharge,ShippingCharge,FBA79956,B0GMPGNXX3,-67.8,2.0
AUDIOARRAY,2026-08,RefundCharge,ShippingCharge,FBA79959,B0G39ZHDYP,-67.8,2.0
AUDIOARRAY,2026-08,RefundCharge,ShippingCharge,FBA79960,B0G3B152FR,-117.8,4.0
AUDIOARRAY,2026-08,RefundCharge,ShippingCharge,FBA79961,B0G53H49BS,-67.8,2.0
AUDIOARRAY,2026-08,RefundCharge,ShippingCharge,FBA79962,B0G53LZNY3,-50.0,2.0
AUDIOARRAY,2026-08,RefundCharge,ShippingCharge,FBA79966,B0G53KWRVW,-67.8,2.0
AUDIOARRAY,2026-08,RefundCharge,ShippingCharge,FBA79967,B0G2C2RCXN,-33.9,1.0
AUDIOARRAY,2026-08,RefundCharge,ShippingCharge,FBA79968,B0G53M9258,-33.9,1.0
AUDIOARRAY,2026-08,RefundCharge,ShippingCharge,FBA79974,B0GD8JSPB1,-33.9,1.0
AUDIOARRAY,2026-08,RefundCharge,ShippingCharge,FBA79982,B0GN8MPYPG,-67.8,2.0
AUDIOARRAY,2026-08,RefundCharge,ShippingCharge,FBA80074,B0GY827J9C,-33.9,1.0
AUDIOARRAY,2026-08,RefundCharge,ShippingCharge,FBA80076,B0GY857139,-101.69999999999999,3.0
AUDIOARRAY,2026-08,RefundCharge,ShippingCharge,FBA80084,B0GXP97CZG,-101.69999999999999,3.0
AUDIOARRAY,2026-08,RefundCharge,ShippingCharge,FBA80085,B0GXPBHDRF,-33.9,1.0
AUDIOARRAY,2026-08,RefundCharge,ShippingCharge,FBA80141,B0FJS57732,-33.9,1.0
AUDIOARRAY,2026-08,RefundCharge,ShippingCharge,FBM79783,,-202.54,5.0
AUDIOARRAY,2026-08,RefundCharge,ShippingTax,FBA75673,B0B4DPX2J2,-33.4,5.0
AUDIOARRAY,2026-08,RefundCharge,ShippingTax,FBA75674,B0B4G19R58,-12.2,2.0
AUDIOARRAY,2026-08,RefundCharge,ShippingTax,FBA75675,B0B4G8ZB64,-6.1,1.0
AUDIOARRAY,2026-08,RefundCharge,ShippingTax,FBA75689,B0B4G59Y8W,-18.16,2.0
AUDIOARRAY,2026-08,RefundCharge,ShippingTax,FBA75691,B0B4G5JG4P,-24.4,4.0
AUDIOARRAY,2026-08,RefundCharge,ShippingTax,FBA75692,B0B4G1HPL5,-6.1,1.0
AUDIOARRAY,2026-08,RefundCharge,ShippingTax,FBA76863,B0BPM2T7BQ,-6.1,1.0
AUDIOARRAY,2026-08,RefundCharge,ShippingTax,FBA76864,B0BPLZ5CGV,-36.46,5.0
AUDIOARRAY,2026-08,RefundCharge,ShippingTax,FBA77011,B0BPMN89NG,-6.1,1.0
AUDIOARRAY,2026-08,RefundCharge,ShippingTax,FBA78203,B0C4YTNJG7,-6.1,1.0
AUDIOARRAY,2026-08,RefundCharge,ShippingTax,FBA78205,B0C539RBGL,-6.1,1.0
AUDIOARRAY,2026-08,RefundCharge,ShippingTax,FBA78423,B0C598Q6PT,-6.1,1.0
AUDIOARRAY,2026-08,RefundCharge,ShippingTax,FBA78975,B0CF5TCQKL,-12.2,2.0
AUDIOARRAY,2026-08,RefundCharge,ShippingTax,FBA79011,B0CH4RNWJX,-6.1,1.0
AUDIOARRAY,2026-08,RefundCharge,ShippingTax,FBA79016,B0CH4R1V6S,-6.1,1.0
AUDIOARRAY,2026-08,RefundCharge,ShippingTax,FBA79103,B0CM6NTWBP,-12.2,2.0
AUDIOARRAY,2026-08,RefundCharge,ShippingTax,FBA79104,B0CM6NVLT9,-6.1,1.0
AUDIOARRAY,2026-08,RefundCharge,ShippingTax,FBA79105,B0CM6WH4ZT,-15.1,2.0
AUDIOARRAY,2026-08,RefundCharge,ShippingTax,FBA79107,B0CM9P5CCK,-6.1,1.0
AUDIOARRAY,2026-08,RefundCharge,ShippingTax,FBA79108,B0CM9L1QZG,-2.9,1.0
AUDIOARRAY,2026-08,RefundCharge,ShippingTax,FBA79355,B0D3M86SH1,-6.1,1.0
AUDIOARRAY,2026-08,RefundCharge,ShippingTax,FBA79445,B0DFMLS8JG,-6.1,1.0
AUDIOARRAY,2026-08,RefundCharge,ShippingTax,FBA79482,B0DXFPM4N2,-6.1,1.0
AUDIOARRAY,2026-08,RefundCharge,ShippingTax,FBA79694,B0DT6T6N6B,-2.9,1.0
AUDIOARRAY,2026-08,RefundCharge,ShippingTax,FBA79708,B0FFB6YJM1,-27.299999999999997,4.0
AUDIOARRAY,2026-08,RefundCharge,ShippingTax,FBA79813,B0FG88HVQ8,-12.2,2.0
AUDIOARRAY,2026-08,RefundCharge,ShippingTax,FBA79830,B0FJ8TSQK1,-30.5,5.0
AUDIOARRAY,2026-08,RefundCharge,ShippingTax,FBA79838,B0FQBX8J17,-6.1,1.0
AUDIOARRAY,2026-08,RefundCharge,ShippingTax,FBA79839,B0FQBXS6Y2,-12.2,2.0
AUDIOARRAY,2026-08,RefundCharge,ShippingTax,FBA79840,B0FQBWV1ST,-12.2,2.0
AUDIOARRAY,2026-08,RefundCharge,ShippingTax,FBA79846,B0FN7C25VS,-6.1,1.0
AUDIOARRAY,2026-08,RefundCharge,ShippingTax,FBA79848,B0GN97RFPR,-51.27,5.0
AUDIOARRAY,2026-08,RefundCharge,ShippingTax,FBA79903,B0FR5DLXH9,-36.599999999999994,6.0
AUDIOARRAY,2026-08,RefundCharge,ShippingTax,FBA79908,B0FTVV1QJY,-12.2,2.0
AUDIOARRAY,2026-08,RefundCharge,ShippingTax,FBA79909,B0FVM17Q4W,-2.9,1.0
AUDIOARRAY,2026-08,RefundCharge,ShippingTax,FBA79956,B0GMPGNXX3,-12.2,2.0
AUDIOARRAY,2026-08,RefundCharge,ShippingTax,FBA79959,B0G39ZHDYP,-12.2,2.0
AUDIOARRAY,2026-08,RefundCharge,ShippingTax,FBA79960,B0G3B152FR,-21.2,4.0
AUDIOARRAY,2026-08,RefundCharge,ShippingTax,FBA79961,B0G53H49BS,-12.2,2.0
AUDIOARRAY,2026-08,RefundCharge,ShippingTax,FBA79962,B0G53LZNY3,-9.0,2.0
AUDIOARRAY,2026-08,RefundCharge,ShippingTax,FBA79966,B0G53KWRVW,-12.2,2.0
AUDIOARRAY,2026-08,RefundCharge,ShippingTax,FBA79967,B0G2C2RCXN,-6.1,1.0
AUDIOARRAY,2026-08,RefundCharge,ShippingTax,FBA79968,B0G53M9258,-6.1,1.0
AUDIOARRAY,2026-08,RefundCharge,ShippingTax,FBA79974,B0GD8JSPB1,-6.1,1.0
AUDIOARRAY,2026-08,RefundCharge,ShippingTax,FBA79982,B0GN8MPYPG,-12.2,2.0
AUDIOARRAY,2026-08,RefundCharge,ShippingTax,FBA80074,B0GY827J9C,-6.1,1.0
AUDIOARRAY,2026-08,RefundCharge,ShippingTax,FBA80076,B0GY857139,-18.299999999999997,3.0
AUDIOARRAY,2026-08,RefundCharge,ShippingTax,FBA80084,B0GXP97CZG,-18.299999999999997,3.0
AUDIOARRAY,2026-08,RefundCharge,ShippingTax,FBA80085,B0GXPBHDRF,-6.1,1.0
AUDIOARRAY,2026-08,RefundCharge,ShippingTax,FBA80141,B0FJS57732,-6.1,1.0
AUDIOARRAY,2026-08,RefundCharge,ShippingTax,FBM79783,,-36.46,5.0
AUDIOARRAY,2026-08,RefundCharge,TCS-CGST,FBA75673,B0B4DPX2J2,16.29,3.0
AUDIOARRAY,2026-08,RefundCharge,TCS-CGST,FBA75677,B0B4KC7VBM,4.9,1.0
AUDIOARRAY,2026-08,RefundCharge,TCS-CGST,FBA75689,B0B4G59Y8W,16.44,5.0
AUDIOARRAY,2026-08,RefundCharge,TCS-CGST,FBA75690,B0B4K87PR4,7.96,1.0
AUDIOARRAY,2026-08,RefundCharge,TCS-CGST,FBA75692,B0B4G1HPL5,9.74,1.0
AUDIOARRAY,2026-08,RefundCharge,TCS-CGST,FBA76742,B0BLKBJ5HN,19.07,1.0
AUDIOARRAY,2026-08,RefundCharge,TCS-CGST,FBA76864,B0BPLZ5CGV,40.23,4.0
AUDIOARRAY,2026-08,RefundCharge,TCS-CGST,FBA78423,B0C598Q6PT,0.95,1.0
AUDIOARRAY,2026-08,RefundCharge,TCS-CGST,FBA78975,B0CF5TCQKL,22.48,3.0
AUDIOARRAY,2026-08,RefundCharge,TCS-CGST,FBA79011,B0CH4RNWJX,5.29,1.0
AUDIOARRAY,2026-08,RefundCharge,TCS-CGST,FBA79016,B0CH4R1V6S,1.69,1.0
AUDIOARRAY,2026-08,RefundCharge,TCS-CGST,FBA79104,B0CM6NVLT9,3.39,1.0
AUDIOARRAY,2026-08,RefundCharge,TCS-CGST,FBA79105,B0CM6WH4ZT,2.9,1.0
AUDIOARRAY,2026-08,RefundCharge,TCS-CGST,FBA79108,B0CM9L1QZG,5.72,2.0
AUDIOARRAY,2026-08,RefundCharge,TCS-CGST,FBA79694,B0DT6T6N6B,2.3,2.0
AUDIOARRAY,2026-08,RefundCharge,TCS-CGST,FBA79820,B0FQJWWDVK,0.95,1.0
AUDIOARRAY,2026-08,RefundCharge,TCS-CGST,FBA79830,B0FJ8TSQK1,13.08,2.0
AUDIOARRAY,2026-08,RefundCharge,TCS-CGST,FBA79840,B0FQBWV1ST,4.15,1.0
AUDIOARRAY,2026-08,RefundCharge,TCS-CGST,FBA79848,B0GN97RFPR,76.09,5.0
AUDIOARRAY,2026-08,RefundCharge,TCS-CGST,FBA79903,B0FR5DLXH9,3.6500000000000004,2.0
AUDIOARRAY,2026-08,RefundCharge,TCS-CGST,FBA79908,B0FTVV1QJY,8.77,1.0
AUDIOARRAY,2026-08,RefundCharge,TCS-CGST,FBA79956,B0GMPGNXX3,2.4299999999999997,2.0
AUDIOARRAY,2026-08,RefundCharge,TCS-CGST,FBA79959,B0G39ZHDYP,5.08,2.0
AUDIOARRAY,2026-08,RefundCharge,TCS-CGST,FBA79960,B0G3B152FR,7.75,2.0
AUDIOARRAY,2026-08,RefundCharge,TCS-CGST,FBA79962,B0G53LZNY3,10.38,1.0
AUDIOARRAY,2026-08,RefundCharge,TCS-CGST,FBA79967,B0G2C2RCXN,8.48,2.0
AUDIOARRAY,2026-08,RefundCharge,TCS-CGST,FBA79968,B0G53M9258,12.9,1.0
AUDIOARRAY,2026-08,RefundCharge,TCS-CGST,FBA79974,B0GD8JSPB1,17.65,1.0
AUDIOARRAY,2026-08,RefundCharge,TCS-CGST,FBA79996,B0GW8Z556N,3.56,2.0
AUDIOARRAY,2026-08,RefundCharge,TCS-CGST,FBA80010,B0GW8ZQRFK,3.39,1.0
AUDIOARRAY,2026-08,RefundCharge,TCS-CGST,FBA80084,B0GXP97CZG,23.41,3.0
AUDIOARRAY,2026-08,RefundCharge,TCS-CGST,FBA80085,B0GXPBHDRF,14.83,1.0
AUDIOARRAY,2026-08,RefundCharge,TCS-CGST,FBM79783,,12.25,2.0
AUDIOARRAY,2026-08,RefundCharge,TCS-IGST,FBA75673,B0B4DPX2J2,57.62,5.0
AUDIOARRAY,2026-08,RefundCharge,TCS-IGST,FBA75674,B0B4G19R58,77.5,5.0
AUDIOARRAY,2026-08,RefundCharge,TCS-IGST,FBA75675,B0B4G8ZB64,3.76,1.0
AUDIOARRAY,2026-08,RefundCharge,TCS-IGST,FBA75691,B0B4G5JG4P,157.87,6.0
AUDIOARRAY,2026-08,RefundCharge,TCS-IGST,FBA75692,B0B4G1HPL5,19.1,1.0
AUDIOARRAY,2026-08,RefundCharge,TCS-IGST,FBA76414,B0BLJVJ2GN,2.37,1.0
AUDIOARRAY,2026-08,RefundCharge,TCS-IGST,FBA76597,B0BQ7H7418,5.39,1.0
AUDIOARRAY,2026-08,RefundCharge,TCS-IGST,FBA76725,B0BLKCSJ7Z,4.98,1.0
AUDIOARRAY,2026-08,RefundCharge,TCS-IGST,FBA76862,B0BPLWW72Y,7.11,1.0
AUDIOARRAY,2026-08,RefundCharge,TCS-IGST,FBA76863,B0BPM2T7BQ,16.94,1.0
AUDIOARRAY,2026-08,RefundCharge,TCS-IGST,FBA76864,B0BPLZ5CGV,79.49,4.0
AUDIOARRAY,2026-08,RefundCharge,TCS-IGST,FBA77011,B0BPMN89NG,7.26,1.0
AUDIOARRAY,2026-08,RefundCharge,TCS-IGST,FBA77171,B0CH4VCD6R,2.33,1.0
AUDIOARRAY,2026-08,RefundCharge,TCS-IGST,FBA78203,B0C4YTNJG7,8.3,1.0
AUDIOARRAY,2026-08,RefundCharge,TCS-IGST,FBA78205,B0C539RBGL,14.4,2.0
AUDIOARRAY,2026-08,RefundCharge,TCS-IGST,FBA78420,B0C5957W3P,1.9,1.0
AUDIOARRAY,2026-08,RefundCharge,TCS-IGST,FBA78975,B0CF5TCQKL,16.1,1.0
AUDIOARRAY,2026-08,RefundCharge,TCS-IGST,FBA79005,B0CKHVHVQ1,22.88,1.0
AUDIOARRAY,2026-08,RefundCharge,TCS-IGST,FBA79103,B0CM6NTWBP,24.18,2.0
AUDIOARRAY,2026-08,RefundCharge,TCS-IGST,FBA79105,B0CM6WH4ZT,5.32,1.0
AUDIOARRAY,2026-08,RefundCharge,TCS-IGST,FBA79106,B0CM9KJZWQ,19.51,1.0
AUDIOARRAY,2026-08,RefundCharge,TCS-IGST,FBA79107,B0CM9P5CCK,7.06,1.0
AUDIOARRAY,2026-08,RefundCharge,TCS-IGST,FBA79355,B0D3M86SH1,21.18,1.0
AUDIOARRAY,2026-08,RefundCharge,TCS-IGST,FBA79445,B0DFMLS8JG,16.94,1.0
AUDIOARRAY,2026-08,RefundCharge,TCS-IGST,FBA79482,B0DXFPM4N2,74.12,2.0
AUDIOARRAY,2026-08,RefundCharge,TCS-IGST,FBA79694,B0DT6T6N6B,2.54,1.0
AUDIOARRAY,2026-08,RefundCharge,TCS-IGST,FBA79708,B0FFB6YJM1,20.47,4.0
AUDIOARRAY,2026-08,RefundCharge,TCS-IGST,FBA79813,B0FG88HVQ8,24.22,3.0
AUDIOARRAY,2026-08,RefundCharge,TCS-IGST,FBA79830,B0FJ8TSQK1,79.52,6.0
AUDIOARRAY,2026-08,RefundCharge,TCS-IGST,FBA79838,B0FQBX8J17,4.34,1.0
AUDIOARRAY,2026-08,RefundCharge,TCS-IGST,FBA79839,B0FQBXS6Y2,12.7,2.0
AUDIOARRAY,2026-08,RefundCharge,TCS-IGST,FBA79840,B0FQBWV1ST,8.47,1.0
AUDIOARRAY,2026-08,RefundCharge,TCS-IGST,FBA79846,B0FN7C25VS,16.37,1.0
AUDIOARRAY,2026-08,RefundCharge,TCS-IGST,FBA79848,B0GN97RFPR,154.62,5.0
AUDIOARRAY,2026-08,RefundCharge,TCS-IGST,FBA79903,B0FR5DLXH9,22.5,6.0
AUDIOARRAY,2026-08,RefundCharge,TCS-IGST,FBA79908,B0FTVV1QJY,17.54,1.0
AUDIOARRAY,2026-08,RefundCharge,TCS-IGST,FBA79909,B0FVM17Q4W,49.970000000000006,6.0
AUDIOARRAY,2026-08,RefundCharge,TCS-IGST,FBA79956,B0GMPGNXX3,2.33,1.0
AUDIOARRAY,2026-08,RefundCharge,TCS-IGST,FBA79959,B0G39ZHDYP,5.08,1.0
AUDIOARRAY,2026-08,RefundCharge,TCS-IGST,FBA79960,B0G3B152FR,38.660000000000004,5.0
AUDIOARRAY,2026-08,RefundCharge,TCS-IGST,FBA79961,B0G53H49BS,34.3,3.0
AUDIOARRAY,2026-08,RefundCharge,TCS-IGST,FBA79962,B0G53LZNY3,46.129999999999995,2.0
AUDIOARRAY,2026-08,RefundCharge,TCS-IGST,FBA79966,B0G53KWRVW,127.3,3.0
AUDIOARRAY,2026-08,RefundCharge,TCS-IGST,FBA79968,B0G53M9258,25.42,1.0
AUDIOARRAY,2026-08,RefundCharge,TCS-IGST,FBA79974,B0GD8JSPB1,111.55000000000001,3.0
AUDIOARRAY,2026-08,RefundCharge,TCS-IGST,FBA79982,B0GN8MPYPG,69.43,3.0
AUDIOARRAY,2026-08,RefundCharge,TCS-IGST,FBA79996,B0GW8Z556N,3.81,1.0
AUDIOARRAY,2026-08,RefundCharge,TCS-IGST,FBA79999,B0GW92TVVC,21.18,1.0
AUDIOARRAY,2026-08,RefundCharge,TCS-IGST,FBA80003,B0GW92TTMS,23.3,1.0
AUDIOARRAY,2026-08,RefundCharge,TCS-IGST,FBA80074,B0GY827J9C,83.89,2.0
AUDIOARRAY,2026-08,RefundCharge,TCS-IGST,FBA80076,B0GY857139,82.19,3.0
AUDIOARRAY,2026-08,RefundCharge,TCS-IGST,FBA80084,B0GXP97CZG,31.880000000000003,2.0
AUDIOARRAY,2026-08,RefundCharge,TCS-IGST,FBA80085,B0GXPBHDRF,29.66,1.0
AUDIOARRAY,2026-08,RefundCharge,TCS-IGST,FBA80141,B0FJS57732,11.86,1.0
AUDIOARRAY,2026-08,RefundCharge,TCS-IGST,FBA80142,B0H3LHF2WW,19.990000000000002,2.0
AUDIOARRAY,2026-08,RefundCharge,TCS-IGST,FBK79708,B0FJS7JZ4V,4.98,1.0
AUDIOARRAY,2026-08,RefundCharge,TCS-IGST,FBM79005,,22.88,1.0
AUDIOARRAY,2026-08,RefundCharge,TCS-IGST,FBM79783,,82.66,7.0
AUDIOARRAY,2026-08,RefundCharge,TCS-IGST,FBM79830,,26.42,2.0
AUDIOARRAY,2026-08,RefundCharge,TCS-SGST,FBA75673,B0B4DPX2J2,16.29,3.0
AUDIOARRAY,2026-08,RefundCharge,TCS-SGST,FBA75677,B0B4KC7VBM,4.9,1.0
AUDIOARRAY,2026-08,RefundCharge,TCS-SGST,FBA75689,B0B4G59Y8W,16.44,5.0
AUDIOARRAY,2026-08,RefundCharge,TCS-SGST,FBA75690,B0B4K87PR4,7.96,1.0
AUDIOARRAY,2026-08,RefundCharge,TCS-SGST,FBA75692,B0B4G1HPL5,9.74,1.0
AUDIOARRAY,2026-08,RefundCharge,TCS-SGST,FBA76742,B0BLKBJ5HN,19.07,1.0
AUDIOARRAY,2026-08,RefundCharge,TCS-SGST,FBA76864,B0BPLZ5CGV,40.23,4.0
AUDIOARRAY,2026-08,RefundCharge,TCS-SGST,FBA78423,B0C598Q6PT,0.95,1.0
AUDIOARRAY,2026-08,RefundCharge,TCS-SGST,FBA78975,B0CF5TCQKL,22.48,3.0
AUDIOARRAY,2026-08,RefundCharge,TCS-SGST,FBA79011,B0CH4RNWJX,5.29,1.0
AUDIOARRAY,2026-08,RefundCharge,TCS-SGST,FBA79016,B0CH4R1V6S,1.69,1.0
AUDIOARRAY,2026-08,RefundCharge,TCS-SGST,FBA79104,B0CM6NVLT9,3.39,1.0
AUDIOARRAY,2026-08,RefundCharge,TCS-SGST,FBA79105,B0CM6WH4ZT,2.9,1.0
AUDIOARRAY,2026-08,RefundCharge,TCS-SGST,FBA79108,B0CM9L1QZG,5.72,2.0
AUDIOARRAY,2026-08,RefundCharge,TCS-SGST,FBA79694,B0DT6T6N6B,2.3,2.0
AUDIOARRAY,2026-08,RefundCharge,TCS-SGST,FBA79820,B0FQJWWDVK,0.95,1.0
AUDIOARRAY,2026-08,RefundCharge,TCS-SGST,FBA79830,B0FJ8TSQK1,13.08,2.0
AUDIOARRAY,2026-08,RefundCharge,TCS-SGST,FBA79840,B0FQBWV1ST,4.15,1.0
AUDIOARRAY,2026-08,RefundCharge,TCS-SGST,FBA79848,B0GN97RFPR,76.09,5.0
AUDIOARRAY,2026-08,RefundCharge,TCS-SGST,FBA79903,B0FR5DLXH9,3.6500000000000004,2.0
AUDIOARRAY,2026-08,RefundCharge,TCS-SGST,FBA79908,B0FTVV1QJY,8.77,1.0
AUDIOARRAY,2026-08,RefundCharge,TCS-SGST,FBA79956,B0GMPGNXX3,2.4299999999999997,2.0
AUDIOARRAY,2026-08,RefundCharge,TCS-SGST,FBA79959,B0G39ZHDYP,5.08,2.0
AUDIOARRAY,2026-08,RefundCharge,TCS-SGST,FBA79960,B0G3B152FR,7.75,2.0
AUDIOARRAY,2026-08,RefundCharge,TCS-SGST,FBA79962,B0G53LZNY3,10.38,1.0
AUDIOARRAY,2026-08,RefundCharge,TCS-SGST,FBA79967,B0G2C2RCXN,8.48,2.0
AUDIOARRAY,2026-08,RefundCharge,TCS-SGST,FBA79968,B0G53M9258,12.9,1.0
AUDIOARRAY,2026-08,RefundCharge,TCS-SGST,FBA79974,B0GD8JSPB1,17.65,1.0
AUDIOARRAY,2026-08,RefundCharge,TCS-SGST,FBA79996,B0GW8Z556N,3.56,2.0
AUDIOARRAY,2026-08,RefundCharge,TCS-SGST,FBA80010,B0GW8ZQRFK,3.39,1.0
AUDIOARRAY,2026-08,RefundCharge,TCS-SGST,FBA80084,B0GXP97CZG,23.41,3.0
AUDIOARRAY,2026-08,RefundCharge,TCS-SGST,FBA80085,B0GXPBHDRF,14.83,1.0
AUDIOARRAY,2026-08,RefundCharge,TCS-SGST,FBM79783,,12.25,2.0
AUDIOARRAY,2026-08,RefundCharge,Tax,FBA75673,B0B4DPX2J2,-3262.89,8.0
AUDIOARRAY,2026-08,RefundCharge,Tax,FBA75674,B0B4G19R58,-2790.63,5.0
AUDIOARRAY,2026-08,RefundCharge,Tax,FBA75675,B0B4G8ZB64,-135.54,1.0
AUDIOARRAY,2026-08,RefundCharge,Tax,FBA75677,B0B4KC7VBM,-353.14,1.0
AUDIOARRAY,2026-08,RefundCharge,Tax,FBA75689,B0B4G59Y8W,-1189.24,4.0
AUDIOARRAY,2026-08,RefundCharge,Tax,FBA75690,B0B4K87PR4,-573.4,1.0
AUDIOARRAY,2026-08,RefundCharge,Tax,FBA75691,B0B4G5JG4P,-5702.62,6.0
AUDIOARRAY,2026-08,RefundCharge,Tax,FBA75692,B0B4G1HPL5,-1403.08,2.0
AUDIOARRAY,2026-08,RefundCharge,Tax,FBA76414,B0BLJVJ2GN,-85.27,1.0
AUDIOARRAY,2026-08,RefundCharge,Tax,FBA76597,B0BQ7H7418,-198.15,1.0
AUDIOARRAY,2026-08,RefundCharge,Tax,FBA76725,B0BLKCSJ7Z,-182.9,1.0
AUDIOARRAY,2026-08,RefundCharge,Tax,FBA76742,B0BLKBJ5HN,-1372.72,1.0
AUDIOARRAY,2026-08,RefundCharge,Tax,FBA76862,B0BPLWW72Y,-256.12,1.0
AUDIOARRAY,2026-08,RefundCharge,Tax,FBA76863,B0BPM2T7BQ,-610.02,1.0
AUDIOARRAY,2026-08,RefundCharge,Tax,FBA76864,B0BPLZ5CGV,-5746.6,8.0
AUDIOARRAY,2026-08,RefundCharge,Tax,FBA77011,B0BPMN89NG,-266.8,1.0
AUDIOARRAY,2026-08,RefundCharge,Tax,FBA77171,B0CH4VCD6R,-83.75,1.0
AUDIOARRAY,2026-08,RefundCharge,Tax,FBA78203,B0C4YTNJG7,-304.93,1.0
AUDIOARRAY,2026-08,RefundCharge,Tax,FBA78205,B0C539RBGL,-518.34,2.0
AUDIOARRAY,2026-08,RefundCharge,Tax,FBA78420,B0C5957W3P,-68.49,1.0
AUDIOARRAY,2026-08,RefundCharge,Tax,FBA78423,B0C598Q6PT,-68.5,1.0
AUDIOARRAY,2026-08,RefundCharge,Tax,FBA78975,B0CF5TCQKL,-2220.35,4.0
AUDIOARRAY,2026-08,RefundCharge,Tax,FBA79005,B0CKHVHVQ1,-823.58,1.0
AUDIOARRAY,2026-08,RefundCharge,Tax,FBA79011,B0CH4RNWJX,-381.2,1.0
AUDIOARRAY,2026-08,RefundCharge,Tax,FBA79016,B0CH4R1V6S,-121.88,1.0
AUDIOARRAY,2026-08,RefundCharge,Tax,FBA79103,B0CM6NTWBP,-870.72,2.0
AUDIOARRAY,2026-08,RefundCharge,Tax,FBA79104,B0CM6NVLT9,-243.92,1.0
AUDIOARRAY,2026-08,RefundCharge,Tax,FBA79105,B0CM6WH4ZT,-404.87,2.0
AUDIOARRAY,2026-08,RefundCharge,Tax,FBA79106,B0CM9KJZWQ,-716.8,1.0
AUDIOARRAY,2026-08,RefundCharge,Tax,FBA79107,B0CM9P5CCK,-259.17,1.0
AUDIOARRAY,2026-08,RefundCharge,Tax,FBA79108,B0CM9L1QZG,-411.56,2.0
AUDIOARRAY,2026-08,RefundCharge,Tax,FBA79355,B0D3M86SH1,-762.56,1.0
AUDIOARRAY,2026-08,RefundCharge,Tax,FBA79445,B0DFMLS8JG,-610.02,1.0
AUDIOARRAY,2026-08,RefundCharge,Tax,FBA79482,B0DXFPM4N2,-2694.9700000000003,2.0
AUDIOARRAY,2026-08,RefundCharge,Tax,FBA79694,B0DT6T6N6B,-258.71,3.0
AUDIOARRAY,2026-08,RefundCharge,Tax,FBA79708,B0FFB6YJM1,-731.6,4.0
AUDIOARRAY,2026-08,RefundCharge,Tax,FBA79813,B0FG88HVQ8,-883.71,3.0
AUDIOARRAY,2026-08,RefundCharge,Tax,FBA79820,B0FQJWWDVK,-68.5,1.0
AUDIOARRAY,2026-08,RefundCharge,Tax,FBA79830,B0FJ8TSQK1,-3842.88,8.0
AUDIOARRAY,2026-08,RefundCharge,Tax,FBA79838,B0FQBX8J17,-159.41,1.0
AUDIOARRAY,2026-08,RefundCharge,Tax,FBA79839,B0FQBXS6Y2,-457.32,2.0
AUDIOARRAY,2026-08,RefundCharge,Tax,FBA79840,B0FQBWV1ST,-609.87,2.0
AUDIOARRAY,2026-08,RefundCharge,Tax,FBA79846,B0FN7C25VS,-589.42,1.0
AUDIOARRAY,2026-08,RefundCharge,Tax,FBA79848,B0GN97RFPR,-11099.62,10.0
AUDIOARRAY,2026-08,RefundCharge,Tax,FBA79903,B0FR5DLXH9,-1077.73,8.0
AUDIOARRAY,2026-08,RefundCharge,Tax,FBA79908,B0FTVV1QJY,-1262.75,2.0
AUDIOARRAY,2026-08,RefundCharge,Tax,FBA79909,B0FVM17Q4W,-1829.58,6.0
AUDIOARRAY,2026-08,RefundCharge,Tax,FBA79956,B0GMPGNXX3,-258.87,3.0
AUDIOARRAY,2026-08,RefundCharge,Tax,FBA79959,B0G39ZHDYP,-548.7,3.0
AUDIOARRAY,2026-08,RefundCharge,Tax,FBA79960,B0G3B152FR,-1966.72,7.0
AUDIOARRAY,2026-08,RefundCharge,Tax,FBA79961,B0G53H49BS,-1235.04,3.0
AUDIOARRAY,2026-08,RefundCharge,Tax,FBA79962,B0G53LZNY3,-2440.2200000000003,3.0
AUDIOARRAY,2026-08,RefundCharge,Tax,FBA79966,B0G53KWRVW,-4582.83,3.0
AUDIOARRAY,2026-08,RefundCharge,Tax,FBA79967,B0G2C2RCXN,-609.88,2.0
AUDIOARRAY,2026-08,RefundCharge,Tax,FBA79968,B0G53M9258,-1843.78,2.0
AUDIOARRAY,2026-08,RefundCharge,Tax,FBA79974,B0GD8JSPB1,-5338.38,4.0
AUDIOARRAY,2026-08,RefundCharge,Tax,FBA79982,B0GN8MPYPG,-2516.4900000000002,3.0
AUDIOARRAY,2026-08,RefundCharge,Tax,FBA79996,B0GW8Z556N,-396.14,3.0
AUDIOARRAY,2026-08,RefundCharge,Tax,FBA79999,B0GW92TVVC,-762.56,1.0
AUDIOARRAY,2026-08,RefundCharge,Tax,FBA80003,B0GW92TTMS,-838.83,1.0
AUDIOARRAY,2026-08,RefundCharge,Tax,FBA80010,B0GW8ZQRFK,-243.92,1.0
AUDIOARRAY,2026-08,RefundCharge,Tax,FBA80074,B0GY827J9C,-3020.0299999999997,2.0
AUDIOARRAY,2026-08,RefundCharge,Tax,FBA80076,B0GY857139,-2958.86,3.0
AUDIOARRAY,2026-08,RefundCharge,Tax,FBA80084,B0GXP97CZG,-2867.02,5.0
AUDIOARRAY,2026-08,RefundCharge,Tax,FBA80085,B0GXPBHDRF,-2135.28,2.0
AUDIOARRAY,2026-08,RefundCharge,Tax,FBA80141,B0FJS57732,-426.97,1.0
AUDIOARRAY,2026-08,RefundCharge,Tax,FBA80142,B0H3LHF2WW,-734.3399999999999,2.0
AUDIOARRAY,2026-08,RefundCharge,Tax,FBK79708,B0FJS7JZ4V,-182.9,1.0
AUDIOARRAY,2026-08,RefundCharge,Tax,FBM79005,,-823.58,1.0
AUDIOARRAY,2026-08,RefundCharge,Tax,FBM79783,,-3888.4700000000003,9.0
AUDIOARRAY,2026-08,RefundCharge,Tax,FBM79830,,-960.72,2.0
AUDIOARRAY,2026-08,ServiceFee,?:MFNPostageFee,,,-1328.6799999999998,0.0
AUDIOARRAY,2026-08,ServiceFee,?:Subscription,,,0.0,0.0
AUDIOARRAY,2026-08,ServiceFee,DeliveredLateByCarrier:FBAPerUnitFulfillmentFee,,,46.31,0.0
AUDIOARRAY,2026-08,ServiceFee,DeliveredLateByCarrier:FBAWeightBasedFee,,,307.98,0.0
AUDIOARRAY,2026-08,ServiceFee,DeliveredLateByCarrier:TechnologyFee,,,0.0,0.0
AUDIOARRAY,2026-08,ServiceFee,FBA Inventory Storage Fee:FBAStorageFee,,,-39173.11,0.0
AUDIOARRAY,2026-08,ServiceFee,FBA Long Term Storage Fee:FBALongTermStorageFee,,,-6711.45,0.0
AUDIOARRAY,2026-08,ServiceFee,FBA Removal Order: Return Fee:FBARemovalFee,,,-4708.2,0.0
AUDIOARRAY,2026-08,ServiceFee,RefusedDelivery:FBAPerUnitFulfillmentFee,,,2227.59,0.0
AUDIOARRAY,2026-08,ServiceFee,RefusedDelivery:FBAWeightBasedFee,,,9215.8,0.0
AUDIOARRAY,2026-08,ServiceFee,RefusedDelivery:TechnologyFee,,,0.0,0.0
AUDIOARRAY,2026-08,ServiceFee,ShippingAddressUndeliverable:FBAPerUnitFulfillmentFee,,,481.34,0.0
AUDIOARRAY,2026-08,ServiceFee,ShippingAddressUndeliverable:FBAWeightBasedFee,,,2090.96,0.0
AUDIOARRAY,2026-08,ServiceFee,ShippingAddressUndeliverable:TechnologyFee,,,0.0,0.0
AUDIOARRAY,2026-08,ServiceFee,UnableToDeliver:FBAPerUnitFulfillmentFee,,,25.96,0.0
AUDIOARRAY,2026-08,ServiceFee,UnableToDeliver:FBAWeightBasedFee,,,109.74,0.0
AUDIOARRAY,2026-08,ServiceFee,UnableToDeliver:TechnologyFee,,,0.0,0.0
