"Image","Title","Item Highlights","Sales Rank: Current","Sales Rank: 30 days avg.","Sales Rank: 90 days avg.","Sales Rank: 365 days avg.","Sales Rank: Drops last 30 days","Monthly Sales Trends: Monthly Sold (Last Known)","Reviews: Rating","Reviews: Rating Count","ASIN","Brand"
"https://m.media-amazon.com/images/I/51Oyw7ZrF3L.jpg;https://m.media-amazon.com/images/I/61oHjF4lJEL.jpg;https://m.media-amazon.com/images/I/71UjlvDnJmL.jpg;https://m.media-amazon.com/images/I/61YN29xEe6L.jpg;https://m.media-amazon.com/images/I/71009VuEY5L.jpg;https://m.media-amazon.com/images/I/71e5+ziKz3L.jpg;https://m.media-amazon.com/images/I/713aOKRcS5L.jpg;https://m.media-amazon.com/images/I/71fz7g1p18L.jpg;https://m.media-amazon.com/images/I/51fxOloJfwL.jpg","Audio Array USB Condenser Microphone Kit | for Podcasting, Online Meeting, Gaming, Singing & Live Streaming | Boom Arm, Pop Filter, Mic Cover, Spider Shock Mount, Tripod & 2.5M USB Cable | AM-C1","","51","55","46","36","18","500","4.1","1871","B0B4DPX2J2","Audio Array"
"https://m.media-amazon.com/images/I/61nEGNSUemL.jpg;https://m.media-amazon.com/images/I/41VvcFvH3OL.jpg;https://m.media-amazon.com/images/I/41gVex36mtL.jpg;https://m.media-amazon.com/images/I/41M+eJGdsHL.jpg;https://m.media-amazon.com/images/I/51WTLliO7NL.jpg;https://m.media-amazon.com/images/I/51kKq0C8VDL.jpg;https://m.media-amazon.com/images/I/51QY-OInhJL.jpg;https://m.media-amazon.com/images/I/41UszpUQvRL.jpg;https://m.media-amazon.com/images/I/610im1ZvntL.jpg","Audio Array AM-C4 USB Plug & Play Condenser Microphone with Tripod, Pop-Filter & Shock Mount | for Conference, Gaming, Podcasting, Voice Over, YouTube, Skype, Zoom & Live Streaming on iOS,Windows","","3947","4350","2956","1930","16","50","3.9","58","B0B4DS678Q","Audio Array"
"https://m.media-amazon.com/images/I/61+ZkLbeh6L.jpg;https://m.media-amazon.com/images/I/61g+YoPVNuL.jpg;https://m.media-amazon.com/images/I/71K2fqOokBL.jpg;https://m.media-amazon.com/images/I/71AE+YXNNhL.jpg;https://m.media-amazon.com/images/I/610im1ZvntL.jpg","Audio Array AM-C7 USB 2 in 1 Plug & Play Condenser Microphone Kit with Boom Arm | 3.5 mm No Latency Monitoring, Volume Control & Mute Button| for Conference, Gaming, Podcasting & Live Streaming","","3947","4224","2919","1464","17","10","4","34","B0B4FZS38V","Audio Array"
"https://m.media-amazon.com/images/I/71+pK4QkBJL.jpg;https://m.media-amazon.com/images/I/61-NvWawmwL.jpg;https://m.media-amazon.com/images/I/71-CdUGMqyL.jpg;https://m.media-amazon.com/images/I/71OXyqiB30L.jpg;https://m.media-amazon.com/images/I/71Kw8RJSXzL.jpg;https://m.media-amazon.com/images/I/71-sJkjZyqL.jpg;https://m.media-amazon.com/images/I/81TBWAhoMhL.jpg;https://m.media-amazon.com/images/I/610im1ZvntL.jpg","Audio Array Mic | Podcast Mic XLR Condenser Microphone Kit with Boom Arm | Pop Filter | Shock Mount & 2M Cable | Cardioid Recording Microphone for Streaming | Podcasting & Home Studio | AM-C2","","483","364","388","708","26","50","3.9","373","B0B4G19R58","Audio Array"
"https://m.media-amazon.com/images/I/51b-y67HxXL.jpg;https://m.media-amazon.com/images/I/81+T8XTl1jL.jpg;https://m.media-amazon.com/images/I/71PQcv7mwFL.jpg;https://m.media-amazon.com/images/I/713cseed+3L.jpg;https://m.media-amazon.com/images/I/51wfKxlWOPL.jpg;https://m.media-amazon.com/images/I/71vYORYxEwL.jpg;https://m.media-amazon.com/images/I/51t8raQakKL.jpg;https://m.media-amazon.com/images/I/31VbpHk1lFL.jpg;https://m.media-amazon.com/images/I/610im1ZvntL.jpg","Audio Array AM-C11 XLR/USB Dynamic Podcast Microphone | Built-in Monitoring | One Touch Mute and Volume Control | Premium Metal Build | 2M XLR & USB Cable | Streaming, Gaming, Podcasting, Singing","","1822","2348","2273","1400","21","10","4.3","300","B0B4G1HPL5","Audio Array"
"https://m.media-amazon.com/images/I/41WC0-pojcL.jpg;https://m.media-amazon.com/images/I/517cm2n-1PL.jpg;https://m.media-amazon.com/images/I/515T4+VTr-L.jpg;https://m.media-amazon.com/images/I/51Jexc1AWOL.jpg;https://m.media-amazon.com/images/I/51LDaUvapFL.jpg;https://m.media-amazon.com/images/I/416ZJLBLkxL.jpg;https://m.media-amazon.com/images/I/41lXuWBLidL.jpg;https://m.media-amazon.com/images/I/41Jx8Qxow6L.jpg","Audio Array AM-C6 USB Plug & Play Condenser Microphone Kit | with pop-Filter & Shock Mount | 3.5 mm No Latency Monitoring, Volume Control & Mute Button | Gaming, Podcasting & Streaming","","1592","4011","2890","1457","17","10","4","56","B0B4G1PXWV","Audio Array"
"https://m.media-amazon.com/images/I/4126zg6Jz4L.jpg;https://m.media-amazon.com/images/I/31TZSmWIoBL.jpg;https://m.media-amazon.com/images/I/71kcCkeVNBL.jpg;https://m.media-amazon.com/images/I/51wGuzTe4PL.jpg;https://m.media-amazon.com/images/I/51vCNydlG1L.jpg;https://m.media-amazon.com/images/I/51z7sGh3oZL.jpg;https://m.media-amazon.com/images/I/51b07n9+YyL.jpg;https://m.media-amazon.com/images/I/41IOAuztwFL.jpg;https://m.media-amazon.com/images/I/610im1ZvntL.jpg","Audio Array AM-W13 UHF Wireless Premium Metal Microphone | 4+ Hours Receiver Battery Backup | Range up to 60m | Karaoke Singing, Wedding, DJ | Compatible with PA System, Amplifier, Mixer, Party Box","","757","2423","2377","1529","23","10","3.8","302","B0B4G59Y8W","Audio Array"
"https://m.media-amazon.com/images/I/41jm-Cth6wL.jpg;https://m.media-amazon.com/images/I/41YcRG3uaXL.jpg;https://m.media-amazon.com/images/I/51ESZmrdD+L.jpg;https://m.media-amazon.com/images/I/41Sc6pnTFJL.jpg;https://m.media-amazon.com/images/I/511WbnfwRRL.jpg;https://m.media-amazon.com/images/I/41z341uST1L.jpg;https://m.media-amazon.com/images/I/41u9KVPsagL.jpg;https://m.media-amazon.com/images/I/5112ZAX27DL.jpg","Audio Array AM-W14 UHF Dual Wireless Premium Metal Microphone | 2X XLR Outs & 1/4"" Mix Out | Range up to 200ft/60m | Karaoke Singing, Wedding, DJ, Church | PA System, Amplifier, Mixer, Party Box","","549","1209","1914","1377","27","10","4.1","159","B0B4G5JG4P","Audio Array"
"https://m.media-amazon.com/images/I/619HkZqEzKL.jpg;https://m.media-amazon.com/images/I/81eh68Z2glL.jpg;https://m.media-amazon.com/images/I/61blXWEmOHL.jpg;https://m.media-amazon.com/images/I/815yHf8toXL.jpg;https://m.media-amazon.com/images/I/71p345N7hxL.jpg;https://m.media-amazon.com/images/I/71KSJ+W07WL.jpg;https://m.media-amazon.com/images/I/61PV-bc6DfL.jpg;https://m.media-amazon.com/images/I/610im1ZvntL.jpg","Audio Array AM-W11 Wireless Mic | Upto 4hr Battery & 60m Range | Volume & Mute Buttons with Indicators | Streaming, Vlogging, YouTube | 1x Lapel mic, Type C Adapter for Plug & Play | 2 Year Warranty","","9545","8781","9335","4535","10","","3.7","40","B0B4G5ZLTB","Audio Array"
"https://m.media-amazon.com/images/I/41CKJztDAHL.jpg;https://m.media-amazon.com/images/I/41zSWNjbTfL.jpg;https://m.media-amazon.com/images/I/51vCNydlG1L.jpg;https://m.media-amazon.com/images/I/718Xpq3HSWL.jpg;https://m.media-amazon.com/images/I/51z7sGh3oZL.jpg;https://m.media-amazon.com/images/I/51c0lRO0GwL.jpg;https://m.media-amazon.com/images/I/51wGuzTe4PL.jpg;https://m.media-amazon.com/images/I/41IOAuztwFL.jpg","Audio Array AM-W12 UHF Dual Wireless Premium Metal Microphones | 4+ Hours Receiver Battery Backup | Range up to 60m| Karaoke Singing, Wedding, DJ, Church | PA System, Amplifier, Mixer, Party Box","","397","1006","1284","1108","33","10","3.8","302","B0B4G763WS","Audio Array"
"https://m.media-amazon.com/images/I/41kfdz+oGSL.jpg;https://m.media-amazon.com/images/I/51cnkhEHiEL.jpg;https://m.media-amazon.com/images/I/51B9ZE0Zr0L.jpg;https://m.media-amazon.com/images/I/51LV9fqSCWL.jpg;https://m.media-amazon.com/images/I/51F2yjVw6LL.jpg;https://m.media-amazon.com/images/I/51YZHIa-N8L.jpg;https://m.media-amazon.com/images/I/610im1ZvntL.jpg","Audio Array AA-04 Metal Spider Shock Mount for Condenser Microphone | Anti Vibration, Suspension, Isolation | 4 Size Bottom Screws & Extra Replacement Elastic Bands | Recommended For Rode, Samson, etc","","1443","1432","1186","1273","28","30","4.1","101","B0B4G7VWXD","Audio Array"
"https://m.media-amazon.com/images/I/51-YXGkhovL.jpg;https://m.media-amazon.com/images/I/718Zeed1OHL.jpg;https://m.media-amazon.com/images/I/51IByHIWx3L.jpg;https://m.media-amazon.com/images/I/61FyXQQrsXL.jpg;https://m.media-amazon.com/images/I/81khNAmGpvL.jpg;https://m.media-amazon.com/images/I/71XfC+LitmL.jpg;https://m.media-amazon.com/images/I/51lIBE+NAHL.jpg;https://m.media-amazon.com/images/I/71viiNRNWFL.jpg","Audio Array AM-W10 Professional Dual Wireless Lapel Mics | Upto 10hr Battery & 100m Range | 2X Lapel mics, Type C Adapter for Easy Plug&Play | Volume & Mute Function | Vlogging, Streaming, YouTube","","10130","8909","7428","3940","14","","3.7","73","B0B4G89VQJ","Audio Array"
"https://m.media-amazon.com/images/I/61rlg1QNJvL.jpg;https://m.media-amazon.com/images/I/61yjXf1ricL.jpg;https://m.media-amazon.com/images/I/719TMgFJUbL.jpg;https://m.media-amazon.com/images/I/61BRpCKZNtL.jpg;https://m.media-amazon.com/images/I/718lzzz1sFL.jpg;https://m.media-amazon.com/images/I/71GmKDz1RsL.jpg;https://m.media-amazon.com/images/I/610im1ZvntL.jpg","Audio Array Suspension Boom Scissor Microphone Stand | Double Layer Mesh Pop Filter | 70cm Sturdy Boom Arm with 1.8kg Capacity | 5/8"" to 3/8"" Screw Adapter | Mic Holder, Foam Cover, Cable Ties | AA-01","","305","267","238","293","21","10","4","594","B0B4G8PH2P","Audio Array"
"https://m.media-amazon.com/images/I/61TT0bmiZqL.jpg;https://m.media-amazon.com/images/I/71BHIwm+nyL.jpg;https://m.media-amazon.com/images/I/513txrZHDSL.jpg;https://m.media-amazon.com/images/I/41TKu23OP8L.jpg;https://m.media-amazon.com/images/I/716wr69LTiL.jpg;https://m.media-amazon.com/images/I/71MC+Z47xdL.jpg;https://m.media-amazon.com/images/I/71Bfc9cEAkL.jpg;https://m.media-amazon.com/images/I/610DG2WBXqL.jpg","Audio Array AM-C3 XLR to TRS Dynamic Handheld Karaoke Microphone | Premium Metal Built with 3M Cable | Singing, Public Meetings, Studio Recording, Live Show, Party, Church, Wedding","","642","1031","1387","817","33","50","4","240","B0B4G8ZB64","Audio Array"
"https://m.media-amazon.com/images/I/61twRXGJcRL.jpg;https://m.media-amazon.com/images/I/61XRtWh3xnL.jpg;https://m.media-amazon.com/images/I/61Gv8nNv1kL.jpg;https://m.media-amazon.com/images/I/719wfH4kt-L.jpg;https://m.media-amazon.com/images/I/61e13t8Km9L.jpg;https://m.media-amazon.com/images/I/51pgpGb2sYL.jpg;https://m.media-amazon.com/images/I/51C4pt0ofRL.jpg;https://m.media-amazon.com/images/I/41mbMPjUIWL.jpg;https://m.media-amazon.com/images/I/610im1ZvntL.jpg","Audio Array AA-03 Double Layer Professional Pop Filter | Flexible 360° Free Angle Adjustable, Durable Windshield | Metal Gooseneck Stabilizing Arm Holder with 32cm Arm Length | Suitable for Recording.","","1928","1177","1177","1177","24","50","4.2","102","B0B4G94VP3","Audio Array"
"https://m.media-amazon.com/images/I/81hu7TyPG3L.jpg;https://m.media-amazon.com/images/I/71p0GgGrXaL.jpg;https://m.media-amazon.com/images/I/71A3Fkt+FKL.jpg;https://m.media-amazon.com/images/I/71+d9O3mqjL.jpg;https://m.media-amazon.com/images/I/71zNjfX3MdL.jpg;https://m.media-amazon.com/images/I/31vQwGms0WL.jpg;https://m.media-amazon.com/images/I/610im1ZvntL.jpg;https://m.media-amazon.com/images/I/31j5Tl4cYcL.jpg","Audio Array AA-02 3-Panel Curved Isolation Shield with Insulation, Absorption & Reflection Filter | 3/8"" and 5/8"" Universal Mic Mount for Recording Studio, Podcasts, Singing & Broadcasting","","1428","1337","1533","2416","23","20","4.2","124","B0B4JRQP22","Audio Array"
"https://m.media-amazon.com/images/I/71upvIFITGL.jpg;https://m.media-amazon.com/images/I/51spBjWzTCL.jpg;https://m.media-amazon.com/images/I/51peYW2loHL.jpg;https://m.media-amazon.com/images/I/517WdjCNGwL.jpg;https://m.media-amazon.com/images/I/51KYllI+WYL.jpg;https://m.media-amazon.com/images/I/51CszK9BIhL.jpg","Audio Array USB Plug & Play Conference Microphone with Speaker | Omni Directional Pickup Upto 4M | Speaker and Mic Mute Buttons | Volume Control & Mute Button | Ideal for Meeting & Video Call | AM-C10","","1175","1504","3073","9727","29","10","4","619","B0B4K87PR4","Audio Array"
"https://m.media-amazon.com/images/I/71lxybPORwL.jpg;https://m.media-amazon.com/images/I/7160rpuCifL.jpg;https://m.media-amazon.com/images/I/71V9-s4ONBL.jpg;https://m.media-amazon.com/images/I/71puZf4W-7L.jpg;https://m.media-amazon.com/images/I/710S-HhEmPL.jpg;https://m.media-amazon.com/images/I/71bs3IRYK2L.jpg;https://m.media-amazon.com/images/I/71XsctxcWsL.jpg;https://m.media-amazon.com/images/I/61x0HIU4PZL.jpg;https://m.media-amazon.com/images/I/610im1ZvntL.jpg","Audio Array USB Plug & Play Conference Mic for Mac OS & Windows | Conference, Recording, Skype, Online Class with Range Upto 5M | One Touch Mute Button & Light Indicator (NOT A Speaker) | AM-C5","","1343","1501","1665","3440","37","50","4","618","B0B4KC7VBM","Audio Array"
"https://m.media-amazon.com/images/I/71EjDPe5msL.jpg;https://m.media-amazon.com/images/I/71-7M5xtKwL.jpg;https://m.media-amazon.com/images/I/7172FKzhVhL.jpg;https://m.media-amazon.com/images/I/71MLxdaiOLL.jpg;https://m.media-amazon.com/images/I/71K0qlvxvpL.jpg;https://m.media-amazon.com/images/I/8142FLrHV2L.jpg;https://m.media-amazon.com/images/I/81bDBzPxKEL.jpg;https://m.media-amazon.com/images/I/71ozwrDieFL.jpg;https://m.media-amazon.com/images/I/610im1ZvntL.jpg","Audio Array Boom Arm | Suspension Scissor Mic Arm Stand | Universal clamp with mic Holder & 3/8″ to 5/8″ Adapter for Shock mounts | Suitable for Stages, Studios, Broadcasting, TV Stations | AA-05","","305","261","234","290","21","50","4","594","B0BLJVJ2GN","Audio Array"
"https://m.media-amazon.com/images/I/41EPNt-xqXL.jpg;https://m.media-amazon.com/images/I/51fYfvMj0fL.jpg;https://m.media-amazon.com/images/I/61x4eDJMWjL.jpg;https://m.media-amazon.com/images/I/61H6PRRFxtL.jpg;https://m.media-amazon.com/images/I/51QlOqjsGRL.jpg;https://m.media-amazon.com/images/I/51zMQa8+jDL.jpg;https://m.media-amazon.com/images/I/51lKt9zW9EL.jpg;https://m.media-amazon.com/images/I/51aKsR1Dy3L.jpg","Audio Array AM-C18 Vlogging Kit 6 in 1 Combo | 3.5mm Shotgun Mic with shockmount & LED Light Tripod Stand for Smartphones & Camera | Upto 3Hrs Battery Life | for Vlogging, Live Streaming, YouTube","","14048","13717","12894","10221","0","","3.3","9","B0BLKB55BM","Audio Array"
"https://m.media-amazon.com/images/I/418w1MVMhNL.jpg;https://m.media-amazon.com/images/I/31U2yZdrjxL.jpg;https://m.media-amazon.com/images/I/4198rtE5-8L.jpg;https://m.media-amazon.com/images/I/51iXoZBqKHL.jpg;https://m.media-amazon.com/images/I/41r3U2y4HxL.jpg;https://m.media-amazon.com/images/I/61em5LZbiGL.jpg;https://m.media-amazon.com/images/I/41UItpWCEqL.jpg;https://m.media-amazon.com/images/I/61ygJDJTlBL.jpg","Audio Array AM-C27 XLR to TRS Cardioid Dynamic Handheld Microphone Sound for Live Events | Premium Built with 4.5M Cable | Singing, Public Meetings, Studio Recording, Live Sound, Party","","12153","11808","10107","7697","0","","3.7","34","B0BLKB6FRR","Audio Array"
"https://m.media-amazon.com/images/I/614eAQdPCiL.jpg;https://m.media-amazon.com/images/I/51T1PX8mqbL.jpg;https://m.media-amazon.com/images/I/711Qjh3fMXL.jpg;https://m.media-amazon.com/images/I/61YlZnZ3aDL.jpg;https://m.media-amazon.com/images/I/71zkpmVaBrL.jpg;https://m.media-amazon.com/images/I/81+jRSvyOoL.jpg","Audio Array AM-K1 Instrument Drum Microphone Kit | Stage Performance & Professional Studio Recording Quality | 1 Kick Drum Mic, 2 Tom Mics, 2 Overhead Condenser Mics with Standard Mounting Accessories","","9785","6226","7113","7815","6","","4.2","3","B0BLKBJ5HN","Audio Array"
"https://m.media-amazon.com/images/I/61bhYwj4-xL.jpg;https://m.media-amazon.com/images/I/61Z8j05VhfL.jpg;https://m.media-amazon.com/images/I/41tiZl58f4L.jpg;https://m.media-amazon.com/images/I/61BZH2v+6LL.jpg;https://m.media-amazon.com/images/I/71BRW1QCvuL.jpg;https://m.media-amazon.com/images/I/615lcYqofvL.jpg;https://m.media-amazon.com/images/I/61+PFglTJJL.jpg;https://m.media-amazon.com/images/I/51Vm4ALCfeL.jpg","Audio Array AM-C20 USB Microphone | Unique Tilt Stand & one Touch Mute | Plug n Play, No Latency Cardioid Pickup | for PC, Smartphones, iOS | Gaming, Streaming, Podcasts, Twitch, YouTube, Discord","","8580","7138","6323","4157","16","10","3.8","32","B0BLKF46QG","Audio Array"
"https://m.media-amazon.com/images/I/418GICDKc3L.jpg;https://m.media-amazon.com/images/I/41o9sO2VDvL.jpg;https://m.media-amazon.com/images/I/517N0by8ufL.jpg;https://m.media-amazon.com/images/I/41a5kZpo8FL.jpg;https://m.media-amazon.com/images/I/41BxPzTEdBL.jpg;https://m.media-amazon.com/images/I/51tK4jczytL.jpg;https://m.media-amazon.com/images/I/414QTEQ2SrL.jpg;https://m.media-amazon.com/images/I/610im1ZvntL.jpg","Audio Array AM-C25 Premium USB Condenser Microphone Kit with Boom Arm & Pop-Filter | No Latency Headphone Monitoring, Volume Control & Mute Button | Discord, Valorant, Gaming, Podcasting & Streaming","","1926","2559","2639","2408","23","","4.2","15","B0BLNCP74M","Audio Array"
"https://m.media-amazon.com/images/I/51jjON-dHdL.jpg;https://m.media-amazon.com/images/I/51vb0bxOJVL.jpg;https://m.media-amazon.com/images/I/51-S8ckqEAL.jpg;https://m.media-amazon.com/images/I/61vj3XUGAwL.jpg;https://m.media-amazon.com/images/I/51umx1eC4JL.jpg;https://m.media-amazon.com/images/I/51B3DxZkB2L.jpg;https://m.media-amazon.com/images/I/51uIAYjC0eL.jpg;https://m.media-amazon.com/images/I/610im1ZvntL.jpg","Audio Array USB Plug & Play Conference Microphone | Omni Directional Pickup Upto 3M | Mic Mute Button | No Drivers Condenser USB Type-C | Ideal for Meetings & Video Calling (Not a Speaker) | AM-C28","","1343","1481","1620","3008","32","50","4","618","B0BPLWW72Y","Audio Array"
"https://m.media-amazon.com/images/I/71Mzx5rvmVL.jpg;https://m.media-amazon.com/images/I/71cuxghbQ9L.jpg;https://m.media-amazon.com/images/I/71GQkD+vY5L.jpg;https://m.media-amazon.com/images/I/71yWBo1kVnL.jpg;https://m.media-amazon.com/images/I/71Y1JVpFlrL.jpg;https://m.media-amazon.com/images/I/71M3mKd2I5L.jpg;https://m.media-amazon.com/images/I/71G6m2RcJnL.jpg;https://m.media-amazon.com/images/I/71MByVm9dvL.jpg;https://m.media-amazon.com/images/I/61-C0MlG9jL.jpg","Audio Array AI-04 HD 2x2 Gen 3 Audio Interface | Premium Mic Pre-Amps | 48V Phantom Power | 24bit/192kHz Hi-Fi Recording | XLR/MIC/LINE inputs | Plug & Play-No Drivers | 2 in 3 out | Metal Body | Red","","122","110","95","88","19","200","4","1013","B0BPLZ5CGV","Audio Array"
"https://m.media-amazon.com/images/I/41zvBzvC16L.jpg;https://m.media-amazon.com/images/I/51or-usBWHL.jpg;https://m.media-amazon.com/images/I/51wgBnXNXNL.jpg;https://m.media-amazon.com/images/I/519tplLsCQL.jpg;https://m.media-amazon.com/images/I/51u6zyLeBbL.jpg;https://m.media-amazon.com/images/I/51+nwcBbtSL.jpg;https://m.media-amazon.com/images/I/51w6iF6bofL.jpg;https://m.media-amazon.com/images/I/610im1ZvntL.jpg","Audio Array AI-03 Professional Sound Card with Bluetooth | Podcast Production Setup with 4 mic input & 4 outputs | +48V phantom power, PC/Mac connectivity | 6-8hr Battery | Streaming, Singing & Gaming","","1549","3212","2813","2906","20","10","3.9","102","B0BPM2T7BQ","Audio Array"
"https://m.media-amazon.com/images/I/71o8okm5zPL.jpg;https://m.media-amazon.com/images/I/612gReyzOHL.jpg;https://m.media-amazon.com/images/I/61PbmCRobgL.jpg;https://m.media-amazon.com/images/I/61Yj+VBMU2L.jpg;https://m.media-amazon.com/images/I/71YS2scoUPL.jpg;https://m.media-amazon.com/images/I/610im1ZvntL.jpg","Audio Array Microphone Boom Arm Stand, 70cm Adjustable Suspension Scissor Stand with Shock Mount, Pop Filter, Desk Clamp, 3/8"" to 5/8"" Adapter & 4 Cable Ties | AA-06","","283","263","643","1190","22","20","4","594","B0BQ7H7418","Audio Array"
"https://m.media-amazon.com/images/I/41Wq535gk9L.jpg;https://m.media-amazon.com/images/I/41b8B2z1p9L.jpg;https://m.media-amazon.com/images/I/51jOJ82+pnL.jpg;https://m.media-amazon.com/images/I/51LIIDXpy2L.jpg;https://m.media-amazon.com/images/I/51X5ur7SeVL.jpg;https://m.media-amazon.com/images/I/413NGCJztxL.jpg;https://m.media-amazon.com/images/I/610im1ZvntL.jpg","Audio Array AM-W15 Dual Wireless Mic with Charging Case | Upto 16hr Battery Backup & 100m Range | Active Noise Cancellation | Informative LCD Screen | BIS & WPC Certified | 2 Yr Warranty","","5969","33340","32793","25329","1","","1.8","8","B0C4YSV3XL","Audio Array"
"https://m.media-amazon.com/images/I/51fB4rSA9yL.jpg;https://m.media-amazon.com/images/I/61027ZnMsTL.jpg;https://m.media-amazon.com/images/I/61keWQsrrbL.jpg;https://m.media-amazon.com/images/I/61Grir+FqSL.jpg;https://m.media-amazon.com/images/I/610im1ZvntL.jpg;https://m.media-amazon.com/images/I/6114hMppanL.jpg;https://m.media-amazon.com/images/I/7115SDRup1L.jpg;https://m.media-amazon.com/images/I/71t66jJaeOL.jpg","Audio Array AM-C31 USB Plug & Play Condenser Microphone Kit | Pop-Filter & Metallic Base | 3.5 mm No Latency Monitoring, Volume Control & Mute Button | for PC/Mobile, Gaming, Podcasting & Streaming","","10321","11635","13140","10313","3","","5","3","B0C4YT43Z3","Audio Array"
"https://m.media-amazon.com/images/I/512zUWVrc8L.jpg;https://m.media-amazon.com/images/I/51mCau+nOSL.jpg;https://m.media-amazon.com/images/I/51Ow0mGsqHL.jpg;https://m.media-amazon.com/images/I/51fnHA9v13L.jpg;https://m.media-amazon.com/images/I/51SxL8UWAYL.jpg;https://m.media-amazon.com/images/I/41loCsWtL3L.jpg;https://m.media-amazon.com/images/I/511Kntu0RTL.jpg","Audio Array AM-C11X XLR Dynamic Microphone | Studio-Quality Audio Output | Cardioid Polar Pattern | Premium Metal Build | 2 Meter XLR Cable | for Streaming, Gaming, Podcasting, Singing","","2756","2448","2293","1685","22","10","4.3","300","B0CBC7QMNV","Audio Array"
"https://m.media-amazon.com/images/I/51FMZaKgg7L.jpg;https://m.media-amazon.com/images/I/61AFHW3TnML.jpg;https://m.media-amazon.com/images/I/71u53X7y3UL.jpg;https://m.media-amazon.com/images/I/61GXgYHAaLL.jpg;https://m.media-amazon.com/images/I/61s-N9+4MpL.jpg;https://m.media-amazon.com/images/I/61AXIYEoR7L.jpg;https://m.media-amazon.com/images/I/610im1ZvntL.jpg","Audio Array XLR to 3.5mm Condenser Microphone Kit | Tripod, 2M Cable & Foam Filter | Compatible with Audio Interface, Mixer | Recording, Podcast, Streaming, Home Studio (Black) |AM-C39","","440","369","391","311","20","20","3.9","372","B0CBCB82MT","Audio Array"
"https://m.media-amazon.com/images/I/51OZxLtdD2L.jpg;https://m.media-amazon.com/images/I/71UgXjb7h0L.jpg;https://m.media-amazon.com/images/I/710u3Meb9UL.jpg;https://m.media-amazon.com/images/I/717kvdogReL.jpg;https://m.media-amazon.com/images/I/71Eq6tvYsTL.jpg;https://m.media-amazon.com/images/I/71jM6A3BvcL.jpg","Audio Array AM-C40 Large Diaphragm USB Condenser Microphone Kit | Boom Arm & Pop-Filter | 96kHz/24bit No Latency Headphone Monitoring with Mute & Volume Control Knob | Singing, Podcasting & Streaming","","9036","6657","5375","3255","6","","4.2","11","B0CBCB9S14","Audio Array"
"https://m.media-amazon.com/images/I/61zGdCdbHiL.jpg;https://m.media-amazon.com/images/I/71mxg10g4gL.jpg;https://m.media-amazon.com/images/I/61UyFX-RRaL.jpg;https://m.media-amazon.com/images/I/71XBttaBw7L.jpg;https://m.media-amazon.com/images/I/71ps-16CH3L.jpg;https://m.media-amazon.com/images/I/71g3QlRa+ML.jpg;https://m.media-amazon.com/images/I/71DuC6x0hRL.jpg;https://m.media-amazon.com/images/I/61VXZD6hHhL.jpg;https://m.media-amazon.com/images/I/610im1ZvntL.jpg","Audio Array Mic Stand For Table | Steel & Aluminum High & Low Profile Boom Mic Arm Stand with Built-In Cable Management | 360° Rotation | 2Kg Load Capacity | Streaming, Podcasting & Studio Recording","","576","483","556","654","20","50","4.3","67","B0CF5R3V95","Audio Array"
"https://m.media-amazon.com/images/I/61FD13gBRQL.jpg;https://m.media-amazon.com/images/I/610jgPpK6yL.jpg;https://m.media-amazon.com/images/I/61wjIetffbL.jpg;https://m.media-amazon.com/images/I/61cDwb9sieL.jpg;https://m.media-amazon.com/images/I/61aHT9zAL9L.jpg;https://m.media-amazon.com/images/I/617wY2vyT0L.jpg;https://m.media-amazon.com/images/I/610im1ZvntL.jpg","Audio Array AA-20 Microphone Arm Stand | 81cm Reach | Premium light weight & slick design | Flexible height & position adjustments | 1kg Weight Capacity | 5/8"" to 3/8"" Screw Adapter | Cable Ties","","305","4385","4180","1893","14","10","4","595","B0CF5RRTDJ","Audio Array"
"https://m.media-amazon.com/images/I/51ckUrHzfpL.jpg;https://m.media-amazon.com/images/I/61kI7ZN52aL.jpg;https://m.media-amazon.com/images/I/61IHyZu6WrL.jpg;https://m.media-amazon.com/images/I/61MAQyx7KyL.jpg;https://m.media-amazon.com/images/I/51ws68+GnlL.jpg;https://m.media-amazon.com/images/I/51rvBpuN6+L.jpg;https://m.media-amazon.com/images/I/61z13JRAa9L.jpg;https://m.media-amazon.com/images/I/610im1ZvntL.jpg","Audio Array AA-22 Desktop Mount Speaker Stands | 15KG Capacity | Height, Tilt & Rotation Adjustable | Smart Cable Management | for Sound Editing, Gaming, Music Production | Red (Set of 2)","","541","336","379","468","21","10","4.7","185","B0CF5SHL15","Audio Array"
"https://m.media-amazon.com/images/I/51Z3hVcfSOL.jpg;https://m.media-amazon.com/images/I/61BNliS0L-L.jpg;https://m.media-amazon.com/images/I/61ezVxI97JL.jpg;https://m.media-amazon.com/images/I/51vjqKl+NVL.jpg;https://m.media-amazon.com/images/I/61nhQazqzML.jpg;https://m.media-amazon.com/images/I/613x+YgVpcL.jpg;https://m.media-amazon.com/images/I/61Lu5zSpJGL.jpg;https://m.media-amazon.com/images/I/610im1ZvntL.jpg","Audio Array AA-21 Speaker Stand Pair | 15KG Capacity | Height, Tilt & Rotation Adjustable | Steel Build | Smart Cable Management | Sound Editing, Music Production Speaker Stand for Desk | Black","","541","337","378","469","24","50","4.7","185","B0CF5TCQKL","Audio Array"
"https://m.media-amazon.com/images/I/411ZLTntIYL.jpg;https://m.media-amazon.com/images/I/61ForO4Q4VL.jpg;https://m.media-amazon.com/images/I/71xX4tjyAqL.jpg;https://m.media-amazon.com/images/I/61JL8SPTUGL.jpg;https://m.media-amazon.com/images/I/61T4JjfeMHL.jpg;https://m.media-amazon.com/images/I/61SWXbqa4fL.jpg;https://m.media-amazon.com/images/I/610im1ZvntL.jpg","Audio Array AM-C41 Plug & Play AI Noise Cancellation USB Condenser Microphone | Mute Button/Echo/Volume Knob | Kit with Tripod, Mic Cover | Gaming, Streaming, Podcast | Mac/PC/Laptop/Mobile","","2114","2582","2612","2310","18","50","3.6","47","B0CH4PMR8K","Audio Array"
"https://m.media-amazon.com/images/I/51nuItYC-RL.jpg;https://m.media-amazon.com/images/I/61cXpjiAt2L.jpg;https://m.media-amazon.com/images/I/71H5qfAP9ML.jpg;https://m.media-amazon.com/images/I/71Kb3v8yAzL.jpg;https://m.media-amazon.com/images/I/71mkIEfILZL.jpg;https://m.media-amazon.com/images/I/71vHE4i8SvL.jpg;https://m.media-amazon.com/images/I/61dP7Mt+TjL.jpg;https://m.media-amazon.com/images/I/610im1ZvntL.jpg","Audio Array AM-C3a Unidirectional Dynamic Handheld Karaoke Microphone | 20Hz - 20kHz Response | Karaoke Singing, Public Meetings, Studio Recording, Live Sound, Party (no Cable Included)","","642","999","1384","817","36","10","3.6","42","B0CH4R1V6S","Audio Array"
"https://m.media-amazon.com/images/I/61isBCLr4JL.jpg;https://m.media-amazon.com/images/I/712urnWHXvL.jpg;https://m.media-amazon.com/images/I/71jUNe49jhL.jpg;https://m.media-amazon.com/images/I/711LEPSB0pL.jpg;https://m.media-amazon.com/images/I/7145D0pmlNL.jpg;https://m.media-amazon.com/images/I/61HZpESNqkL.jpg;https://m.media-amazon.com/images/I/61-C0MlG9jL.jpg","Audio Array XLR to 3.5mm Professional Condenser Microphone Kit | Boom Arm, 2M Cable & Foam Filter | Compatible with Audio Interface, Mixer | Recording, Podcast, Streaming, Home Studio (Black) | AM-C43","","440","369","391","309","20","50","3.9","373","B0CH4RNWJX","Audio Array"
"https://m.media-amazon.com/images/I/61M7yV5dHoL.jpg;https://m.media-amazon.com/images/I/71D2P+vn1HL.jpg;https://m.media-amazon.com/images/I/81bUtAbdtNL.jpg;https://m.media-amazon.com/images/I/81pOFsf2i4L.jpg;https://m.media-amazon.com/images/I/71DuYujikZL.jpg;https://m.media-amazon.com/images/I/71K6XPQ1JAL.jpg;https://m.media-amazon.com/images/I/81ZsYBMilVL.jpg;https://m.media-amazon.com/images/I/610im1ZvntL.jpg","Audio Array AI-06 Streaming Audio Mixer Sound Card | XLR, 1/4"" & line in | PC/Phone RGB Mixer with Volume Fader, Individual Control, Mute and Monitoring, 48V Phantom Power | Stream, Podcast & Karaoke","","2229","2905","1640","942","28","","3.3","15","B0CH4RT4P8","Audio Array"
"https://m.media-amazon.com/images/I/61LDKw26mJL.jpg;https://m.media-amazon.com/images/I/61YGEZcgsaL.jpg;https://m.media-amazon.com/images/I/71xX4tjyAqL.jpg;https://m.media-amazon.com/images/I/61epsWETV8L.jpg;https://m.media-amazon.com/images/I/61hXITZ4ZnL.jpg;https://m.media-amazon.com/images/I/618JuHF2kpL.jpg;https://m.media-amazon.com/images/I/61SWXbqa4fL.jpg;https://m.media-amazon.com/images/I/610im1ZvntL.jpg","Audio Array AM-C42 Plug & Play AI Noise Cancelling USB Condenser Microphone | Mute Button/Echo/Volume Knob | Kit with Boom Arm & Pop Filter | Karaoke, Gaming, Streaming, Podcast | Mac/PC/Mobile","","1926","2598","2631","2337","18","10","3.5","77","B0CH4T2BJD","Audio Array"
"https://m.media-amazon.com/images/I/51exn0S77GL.jpg;https://m.media-amazon.com/images/I/71o+ztDObyL.jpg;https://m.media-amazon.com/images/I/71ajgf+0G0L.jpg;https://m.media-amazon.com/images/I/71HzCxfqC1L.jpg;https://m.media-amazon.com/images/I/71eymN1muQL.jpg;https://m.media-amazon.com/images/I/610im1ZvntL.jpg","Audio Array XLR Cable | 6.35mm Jack Male to XLR 3PIN Female Cord Wire | XLR Cable For Mic/Guitar | Black, 1pc Pack (6 Meter/19.6 Feet) | AC-6XL","","172","234","327","324","29","100","3.9","163","B0CH4VCD6R","Audio Array"
"https://m.media-amazon.com/images/I/41Dw+X11azL.jpg;https://m.media-amazon.com/images/I/61IxYxXhQtL.jpg;https://m.media-amazon.com/images/I/61o5TSTGY7L.jpg;https://m.media-amazon.com/images/I/61oc2L4dW0L.jpg;https://m.media-amazon.com/images/I/610im1ZvntL.jpg","Audio Array AA-25 Handheld Microphone Interview Adapter for Wireless Lapel Microphones | Supports, Rode Go, DJI, Hollyland mics etc | Foam Cover with Built-in Cold Shoe Mount","","565","1036","1603","1494","22","10","4","98","B0CJR76Y7G","Audio Array"
"https://m.media-amazon.com/images/I/61dXtGpXiHL.jpg;https://m.media-amazon.com/images/I/71+zgDZIfuL.jpg;https://m.media-amazon.com/images/I/71wq04Ux+uL.jpg;https://m.media-amazon.com/images/I/71JerSo0xWL.jpg;https://m.media-amazon.com/images/I/61ftuQaiZrL.jpg;https://m.media-amazon.com/images/I/61ojW8yOYKL.jpg;https://m.media-amazon.com/images/I/61TaigX9ifL.jpg;https://m.media-amazon.com/images/I/71xi0g2u1uL.jpg;https://m.media-amazon.com/images/I/610im1ZvntL.jpg","Audio Array Wireless Conference Microphone with Speaker | Bluetooth, USB & 4 Mics | 360° Pickup Upto 4M | Noise Reduction & Enhanced Voice | Portable Speakerphone for Video Calls/Zoom Meeting | AM-W45","","1343","1467","1772","3734","27","100","4","617","B0CKHVHVQ1","Audio Array"
"https://m.media-amazon.com/images/I/81RxZnIrWmL.jpg;https://m.media-amazon.com/images/I/61KiOqsdEML.jpg;https://m.media-amazon.com/images/I/71JOxBCiJ5L.jpg;https://m.media-amazon.com/images/I/61Uj8TRReML.jpg;https://m.media-amazon.com/images/I/61CxkeYNFKL.jpg;https://m.media-amazon.com/images/I/61dsc9Ep8jL.jpg;https://m.media-amazon.com/images/I/71vmhFZPRdL.jpg;https://m.media-amazon.com/images/I/610im1ZvntL.jpg","Audio Array Sound Card Audio Interface | AI-10 Audio Mixer with Bluetooth, 3 Condenser Mic Inputs, +48V Phantom Power, Voice Modes, Denoise & Built-In FX for Gaming, Karaoke & Live Streaming","","344","344","329","258","26","50","3.9","423","B0CM6NTWBP","Audio Array"
"https://m.media-amazon.com/images/I/71YrCJuzJvL.jpg;https://m.media-amazon.com/images/I/61WprfbmtIL.jpg;https://m.media-amazon.com/images/I/71qvS6+9KYL.jpg;https://m.media-amazon.com/images/I/6185IUNbmrL.jpg;https://m.media-amazon.com/images/I/61bPVkshcOL.jpg;https://m.media-amazon.com/images/I/615C1ODk0hL.jpg;https://m.media-amazon.com/images/I/61WJ++DIT7L.jpg;https://m.media-amazon.com/images/I/610im1ZvntL.jpg","Audio Array AI-11 USB Bluetooth Soundcard, 1Ch Mixer, Audio Interface | 2 Condenser In, 2 Out |2 Live Out+1 Accompany In | OTG for mobile and PC/MAC | Effects | Streaming, Podcasting, Gaming, Singing","","344","343","330","257","31","50","3.9","423","B0CM6NVLT9","Audio Array"
"https://m.media-amazon.com/images/I/71G431QWxbL.jpg;https://m.media-amazon.com/images/I/61Rojlg8+kL.jpg;https://m.media-amazon.com/images/I/61DJ3rnvjLL.jpg;https://m.media-amazon.com/images/I/61RMvmUaSkL.jpg;https://m.media-amazon.com/images/I/715BPUDbIbL.jpg;https://m.media-amazon.com/images/I/61G7AJr90CL.jpg;https://m.media-amazon.com/images/I/615mqK3+ZlL.jpg;https://m.media-amazon.com/images/I/610im1ZvntL.jpg","Audio Array AI-12 USB Bluetooth Soundcard | 1Ch Mixer interface | 2 mic inputs, 2 smartphone & PC/Mac outputs | Karaoke Recording, Mobile/PC Streaming, Live Broadcasting | Singing, Recording,Gaming","","1161","1254","1088","807","34","20","3.7","183","B0CM6WH4ZT","Audio Array"
"https://m.media-amazon.com/images/I/718tpQCKZzL.jpg;https://m.media-amazon.com/images/I/71curknY02L.jpg;https://m.media-amazon.com/images/I/71L-A4fODcL.jpg;https://m.media-amazon.com/images/I/718+uxmrnTL.jpg;https://m.media-amazon.com/images/I/71eTM6MgYlL.jpg;https://m.media-amazon.com/images/I/71C1zsjPBAL.jpg;https://m.media-amazon.com/images/I/71on0+Pt+-L.jpg;https://m.media-amazon.com/images/I/715-6IM7XvL.jpg;https://m.media-amazon.com/images/I/610im1ZvntL.jpg","Audio Array Mike for Kids with Speaker | AM-W18 Karaoke mic with Speaker | Karoke Speaker with Bluetooth and Wireless Microphone for Adults | Bluetooth v5.3 | Voice Changer | SD Card & AUX | 8+ Hrs","","1302","1000","801","441","29","50","4.1","284","B0CM9HYVDM","Audio Array"
"https://m.media-amazon.com/images/I/61F9SIVdcDL.jpg;https://m.media-amazon.com/images/I/61pHcgNMv2L.jpg;https://m.media-amazon.com/images/I/71j2evx-TZL.jpg;https://m.media-amazon.com/images/I/61ykuIn306L.jpg;https://m.media-amazon.com/images/I/71HY3qQehjL.jpg;https://m.media-amazon.com/images/I/7146af5tRsL.jpg;https://m.media-amazon.com/images/I/71fPQW-hRCL.jpg;https://m.media-amazon.com/images/I/610im1ZvntL.jpg","Audio Array AM-C44 XLR/USB Professional Dynamic Podcast Microphone | Built-in Monitoring | One Touch Mute & Volume Control | 192kHz/24bit Full Metal Build | 2M XLR & USB Cable | Streaming, Podcasting","","4280","3741","3014","1310","29","10","3.8","93","B0CM9KJZWQ","Audio Array"
"https://m.media-amazon.com/images/I/51ncNUElmiL.jpg;https://m.media-amazon.com/images/I/71Rgkd0Sl0L.jpg;https://m.media-amazon.com/images/I/71l8Ga6LqrL.jpg;https://m.media-amazon.com/images/I/61euUf18R-L.jpg;https://m.media-amazon.com/images/I/61Mh913ausL.jpg;https://m.media-amazon.com/images/I/71xG5n51ipL.jpg;https://m.media-amazon.com/images/I/61ebkwrAQQL.jpg;https://m.media-amazon.com/images/I/610im1ZvntL.jpg","Audio Array Solo Wireless Lapel Over Ear Mic|in-Built ANC,Plug N Play,LongBattery Life,Ultra-Low Latency,Upto 30M Range|Compatible with iPhone&Android|Vlogging,Streaming,Teaching,YouTube,Black|AM-W16","","1959","2763","2304","1306","29","10","3.9","109","B0CM9L1QZG","Audio Array"
"https://m.media-amazon.com/images/I/71V9YLEoYnL.jpg;https://m.media-amazon.com/images/I/716LeOQ-paL.jpg;https://m.media-amazon.com/images/I/61e+60VRwaL.jpg;https://m.media-amazon.com/images/I/71fF-FpiAHL.jpg;https://m.media-amazon.com/images/I/61X-TS2IM+L.jpg;https://m.media-amazon.com/images/I/61+7XTFKG2L.jpg;https://m.media-amazon.com/images/I/71zEIbyJuBL.jpg;https://m.media-amazon.com/images/I/61dS5Db75FL.jpg;https://m.media-amazon.com/images/I/610im1ZvntL.jpg","Audio Array Dual Wireless Lapel Mic|in-Built ANC, Plug N Play,Long Battery Life, Ultra-Low Latency,Upto 30M Range|Compatible with iPhone & Android|Vlogging, Streaming, Teaching,YouTube, Black|AM-W17","","3431","2261","2060","1255","22","10","4","155","B0CM9P5CCK","Audio Array"
"https://m.media-amazon.com/images/I/61lwf-silhL.jpg;https://m.media-amazon.com/images/I/61DXZyVpoJL.jpg;https://m.media-amazon.com/images/I/61XJ6IqQ6SL.jpg;https://m.media-amazon.com/images/I/61Cn0qp7WcL.jpg;https://m.media-amazon.com/images/I/61+sl6Xlt6L.jpg;https://m.media-amazon.com/images/I/71Vtb0iSBGL.jpg;https://m.media-amazon.com/images/I/61c-x+sFzNL.jpg","Audio Array Groove Wireless Bluetooth 5.3 Bookshelf Speaker 30W | 5400mAh Upto 24h Long Battery | 3 EQ Modes | Stylish Premium Metal Body | Superior Bass Quality (AM-W46)","","125722","93364","161047","194373","7","","3.7","19","B0CX1XK5R6","Audio Array"
"https://m.media-amazon.com/images/I/618LIl0nQeL.jpg;https://m.media-amazon.com/images/I/7114J7B+suL.jpg;https://m.media-amazon.com/images/I/719RlDra0iL.jpg;https://m.media-amazon.com/images/I/71MoY6hPAcL.jpg;https://m.media-amazon.com/images/I/81939oLG3QL.jpg;https://m.media-amazon.com/images/I/71PiJ-EF44L.jpg;https://m.media-amazon.com/images/I/612vcef9n2L.jpg;https://m.media-amazon.com/images/I/51xFVZ-SX1L.jpg","Audio Array AM-C45 XLR/USB Professional RGB Dynamic Podcast Microphone | Built-in Monitoring | One Touch Mute Volume & Noise-Cancellation | 2M USB Cable & Metal Base | Streaming, Podcasting, Singing","","1053","1219","1042","842","29","10","3.8","58","B0D3LZWTHV","Audio Array"
"https://m.media-amazon.com/images/I/71YqT5uGIqL.jpg;https://m.media-amazon.com/images/I/81AiFJooMiL.jpg;https://m.media-amazon.com/images/I/81Nlbsz4FtL.jpg;https://m.media-amazon.com/images/I/8102yim04VL.jpg;https://m.media-amazon.com/images/I/71plbKjckHL.jpg;https://m.media-amazon.com/images/I/61m4EWO0xpL.jpg;https://m.media-amazon.com/images/I/81a0p8OdJVL.jpg;https://m.media-amazon.com/images/I/81MfEPKC0UL.jpg;https://m.media-amazon.com/images/I/81IN+4GiTKL.jpg","Audio Array Professional RGB USB Condenser Mic Kit | AI Noise-Cancellation, Mute, Monitoring & Volume Controls | 192kHz/24bit Studio Quality | Gaming, Streaming, Podcast | Mac/PC/Mobile | AM-C46","","51","54","46","39","18","50","4.1","1871","B0D3M1B4Z8","Audio Array"
"https://m.media-amazon.com/images/I/51l95-oFYzL.jpg;https://m.media-amazon.com/images/I/71FWbn6yCsL.jpg;https://m.media-amazon.com/images/I/71DtMP+5LrL.jpg;https://m.media-amazon.com/images/I/71Fg3ot5C-L.jpg;https://m.media-amazon.com/images/I/71y+2XfGUxL.jpg;https://m.media-amazon.com/images/I/71VATm50RwL.jpg;https://m.media-amazon.com/images/I/81k0W4i4AbL.jpg;https://m.media-amazon.com/images/I/71YHbbHoxGL.jpg;https://m.media-amazon.com/images/I/71XvRtg+GmL.jpg","Audio Array AA-19BL RGB Low Profile Boomarm Stand with Riser | 71cm reach & 20 RGB lighting effects & Built-In Cable Management | Matte finish with Flexible adjustments | 2Kg Weight Capacity | Black","","964","497","558","654","16","10","4.4","21","B0D3M86SH1","Audio Array"
"https://m.media-amazon.com/images/I/517ju1TZlbL.jpg;https://m.media-amazon.com/images/I/71xktKnJbhL.jpg;https://m.media-amazon.com/images/I/71X3cJLbaxL.jpg;https://m.media-amazon.com/images/I/71-rDE5B4xL.jpg;https://m.media-amazon.com/images/I/716suaMTZ4L.jpg;https://m.media-amazon.com/images/I/81eTU2bK+tL.jpg;https://m.media-amazon.com/images/I/81-lFFncCiL.jpg;https://m.media-amazon.com/images/I/71lNM3Ua6SL.jpg;https://m.media-amazon.com/images/I/61O4RPIAQyL.jpg","Audio Array AA-19WL RGB Low Profile Boomarm Stand with Riser | 71cm reach & 20 RGB lighting effects & Built-In Cable Management | Matte finish with Flexible adjustments | 2Kg Weight Capacity | White","","576","496","565","656","15","","3.8","8","B0D3Q2T5XX","Audio Array"
"https://m.media-amazon.com/images/I/61l9Vx2eoeL.jpg;https://m.media-amazon.com/images/I/81DLTVJ4xnL.jpg;https://m.media-amazon.com/images/I/810oFurHzGL.jpg;https://m.media-amazon.com/images/I/71GmBaaewLL.jpg;https://m.media-amazon.com/images/I/81Udje6DryL.jpg;https://m.media-amazon.com/images/I/81S-Ex9I4zL.jpg;https://m.media-amazon.com/images/I/61GxJO23hoL.jpg","Audio Array AM-W35 UHF Dual Wireless Premium Karaoke Microphones | 800mah 5-6 Hours Battery Backup | Range up to 50M | Karaoke Singing, Wedding, DJ, Church | PA System, Amplifier, Mixer, Party Box","","757","1079","1283","1056","27","","3.9","301","B0DFMKY4TT","Audio Array"
"https://m.media-amazon.com/images/I/717ih+GtfUL.jpg;https://m.media-amazon.com/images/I/8146YQm4VuL.jpg;https://m.media-amazon.com/images/I/61vXPnLIcwL.jpg;https://m.media-amazon.com/images/I/812tejUOLbL.jpg;https://m.media-amazon.com/images/I/818YkeBLBIL.jpg;https://m.media-amazon.com/images/I/81bvcSI44uL.jpg;https://m.media-amazon.com/images/I/812X+0J+JuL.jpg;https://m.media-amazon.com/images/I/71g9jFYEVIL.jpg","Audio Array AM-W20 Magnetic Wireless Lapel Microphone Set | One Touch Smart Noise Reduction | 48KHz/24Bit Hi-fi Recording | 50M Range | 800mAh 48Hrs Long Battery Backup | Vlogging, Podcast, Streaming","","6627","11414","11415","8222","4","","2.9","18","B0DFMLQBMC","Audio Array"
"https://m.media-amazon.com/images/I/51l7Qzn38+L.jpg;https://m.media-amazon.com/images/I/61O7QafpDCL.jpg;https://m.media-amazon.com/images/I/61Awaca9WKL.jpg;https://m.media-amazon.com/images/I/61-z91vMKBL.jpg;https://m.media-amazon.com/images/I/71kRqX4YkaL.jpg;https://m.media-amazon.com/images/I/71-6PEV9DiL.jpg;https://m.media-amazon.com/images/I/61lTXZdjZwL.jpg;https://m.media-amazon.com/images/I/71eFqw9UOuL.jpg","Audio Array AM-W32 UHF Dual Wireless Metal Microphones | Built-in Rechargeable Battery | 6–8 Hours Backup | 60M Range | Karaoke, DJ, Events, PA System | Echo & Volume Controls","","757","1028","1308","904","20","10","3.8","302","B0DFMLS8JG","Audio Array"
"https://m.media-amazon.com/images/I/71MEf9vdM0L.jpg;https://m.media-amazon.com/images/I/719cYw+w-3L.jpg;https://m.media-amazon.com/images/I/71WTo8iVQqL.jpg;https://m.media-amazon.com/images/I/71TXYuFxgBL.jpg;https://m.media-amazon.com/images/I/91cVjV+IbDL.jpg;https://m.media-amazon.com/images/I/81X1ahkDP0L.jpg;https://m.media-amazon.com/images/I/81ETQQ0dgBL.jpg","Audio Array AM-W34 UHF Dual Wireless Premium Metal Microphones | 800mAh 6-8 Hours Receiver Battery Backup | Range up to 50M | Karaoke Singing, Wedding, Church | PA System, Amplifier, Mixer, Party Box","","757","1046","1321","1057","28","10","3.8","302","B0DFMLXD9S","Audio Array"
"https://m.media-amazon.com/images/I/51cFs-fMJpL.jpg;https://m.media-amazon.com/images/I/71DhnmnGQIL.jpg;https://m.media-amazon.com/images/I/61Awaca9WKL.jpg;https://m.media-amazon.com/images/I/71oylQHiuAL.jpg;https://m.media-amazon.com/images/I/61-V4GQm03L.jpg;https://m.media-amazon.com/images/I/71V2wjv2b3L.jpg;https://m.media-amazon.com/images/I/71y9nqLzPsL.jpg;https://m.media-amazon.com/images/I/81tGGVrz3WL.jpg","Audio Array AM-W33 UHF Metal Solo Wireless Microphone Set | 2000mAh 6-8 Hours Battery Backup | Range up to 50M | Karaoke Singing, Wedding, DJ, Church | PA System, Amplifier, Mixer, Party Box","","397","2122","2266","1196","25","50","3.8","302","B0DFMMTWLY","Audio Array"
"https://m.media-amazon.com/images/I/61CB-2+eboL.jpg;https://m.media-amazon.com/images/I/61i6cPZbRmL.jpg;https://m.media-amazon.com/images/I/61842fA6oTL.jpg;https://m.media-amazon.com/images/I/51lLPJzgS-L.jpg;https://m.media-amazon.com/images/I/71PUj9QBtvL.jpg;https://m.media-amazon.com/images/I/71vOuMEVhwL.jpg;https://m.media-amazon.com/images/I/71NNSCUnmKL.jpg;https://m.media-amazon.com/images/I/71Z4upUDhAL.jpg","Audio Array AM-W36 UHF Dual Wireless Premium Metal Microphone with Charging | 2X XLR Outs & 1/4"" Mix Out | 328ft/100M Range | Karaoke Singing, Wedding, Events | PA System, Amplifier, Mixer, Party Box","","830","1183","1870","1329","30","10","4.1","159","B0DFMNGFTD","Audio Array"
"https://m.media-amazon.com/images/I/71jVa9RTiBL.jpg;https://m.media-amazon.com/images/I/71rUfvCuk4L.jpg;https://m.media-amazon.com/images/I/71xaK13q8eL.jpg;https://m.media-amazon.com/images/I/813vi3NYfTL.jpg;https://m.media-amazon.com/images/I/71LwhZThEKL.jpg;https://m.media-amazon.com/images/I/71g6BWJK2JL.jpg;https://m.media-amazon.com/images/I/61VD-A0eH8L.jpg;https://m.media-amazon.com/images/I/71xCfj637wL.jpg","Audio Array Wireless Microphone Kit | Built in Recording, Noise Reduction & Echo | Smartphones, Cameras, Laptops | Dual-Channel Recording, 200 feet Transmission Range, 48-Hour Battery Life|AM-W21","","18753","10067","7439","11800","7","","3.2","13","B0DFMQCGT1","Audio Array"
"https://m.media-amazon.com/images/I/61Mbjpmi8gL.jpg;https://m.media-amazon.com/images/I/719RlDra0iL.jpg;https://m.media-amazon.com/images/I/7114J7B+suL.jpg;https://m.media-amazon.com/images/I/81939oLG3QL.jpg;https://m.media-amazon.com/images/I/71Y5CRPFrIL.jpg","Audio Array AM-C45 XLR/USB Pro RGB Dynamic Microphone Kit | 192kHz/24bit Studio Quality Output | Volume Control, Mute and Noise Cancellation | Realtime Monitoring for Streaming, Gaming & podcasting","","810","1228","1059","1950","20","","3.8","58","B0DN6LJZBR","Audio Array"
"https://m.media-amazon.com/images/I/61uHzBU8YQL.jpg;https://m.media-amazon.com/images/I/71vYORYxEwL.jpg;https://m.media-amazon.com/images/I/81i1fTIGLAL.jpg;https://m.media-amazon.com/images/I/81UxEFXYZ6L.jpg;https://m.media-amazon.com/images/I/713cseed+3L.jpg;https://m.media-amazon.com/images/I/81vKV6WBZfL.jpg;https://m.media-amazon.com/images/I/51l0IVU8xcL.jpg;https://m.media-amazon.com/images/I/71vJ+1yecAL.jpg;https://m.media-amazon.com/images/I/81f8BeSrhkL.jpg","Audio Array AM-C11 Pro XLR/USB Professional Dynamic Mic Kit | Premium Metal 96kHz/24bit Studio Quality | 2M XLR & USB Cables,Volume Control,Mute & Realtime Monitoring | Streaming,Gaming & podcasting","","1822","2301","2342","2587","15","10","4.3","300","B0DN6MNS1X","Audio Array"
"https://m.media-amazon.com/images/I/61rZrgMYf7L.jpg;https://m.media-amazon.com/images/I/710OjtRx-iL.jpg;https://m.media-amazon.com/images/I/41k5211RH4L.jpg;https://m.media-amazon.com/images/I/7146af5tRsL.jpg;https://m.media-amazon.com/images/I/61pHcgNMv2L.jpg;https://m.media-amazon.com/images/I/71HY3qQehjL.jpg;https://m.media-amazon.com/images/I/51dq3GJmDVL.jpg;https://m.media-amazon.com/images/I/71X7Rebi6eL.jpg","Audio Array AM-C44 Pro XLR/USB Professional Dynamic Microphone Kit | Built-in Monitoring | One Touch Mute & Volume Control | 192kHz/24bit Full Metal Build | 2M XLR & USB Cable | Streaming & Podcasting","","5107","3725","2973","2511","14","10","3.8","93","B0DN6PFWNK","Audio Array"
"https://m.media-amazon.com/images/I/51fjiTreYFL.jpg;https://m.media-amazon.com/images/I/61s53HZ+aeL.jpg;https://m.media-amazon.com/images/I/81y93bxtzpL.jpg;https://m.media-amazon.com/images/I/61T1cyGe4TL.jpg;https://m.media-amazon.com/images/I/61-C0MlG9jL.jpg","Audio Array Metal Mic Stand | Extendable height up to 22cm | Mic Stand For Table | Studio Sound Recording, Streaming, Podcasting, Singing | Stylish Sturdy Metal Design to last long, flat base | AA-26","","232","211","208","394","25","100","4.2","130","B0DT6T6N6B","Audio Array"
"https://m.media-amazon.com/images/I/715nvr3Sn6L.jpg;https://m.media-amazon.com/images/I/81eiodp-4EL.jpg;https://m.media-amazon.com/images/I/71JfVnO+k9L.jpg;https://m.media-amazon.com/images/I/81dA5s1Fj1L.jpg;https://m.media-amazon.com/images/I/81NvIsOdozL.jpg;https://m.media-amazon.com/images/I/717Tc7Mj+GL.jpg;https://m.media-amazon.com/images/I/7125WDPPUqL.jpg;https://m.media-amazon.com/images/I/81bH3CqnXxL.jpg;https://m.media-amazon.com/images/I/71q6kNSDgHL.jpg","Audio Array AM-S1 BT v5.3 Professional 4"" Studio Monitors| 60W Class D,Woven Composite Woofer,1"" Silk-Dome Tweeter| TI 3116D2 Amp, MVsilicon BP1048B2 Chipset| Music/Monitor Mode,Aux,HDMI,USB-C,TRS,RCA","","442","324","349","676","22","100","4.1","237","B0DXFPM4N2","Audio Array"
"https://m.media-amazon.com/images/I/61+PJei1fwL.jpg;https://m.media-amazon.com/images/I/61n7FSkx3TL.jpg;https://m.media-amazon.com/images/I/71ACHmRX7dL.jpg;https://m.media-amazon.com/images/I/71KgdUKW2IL.jpg;https://m.media-amazon.com/images/I/71ivyzpwznL.jpg;https://m.media-amazon.com/images/I/71bC2flNZOL.jpg;https://m.media-amazon.com/images/I/61mEGfPcSDL.jpg;https://m.media-amazon.com/images/I/61gCnerZcLL.jpg","Audio Array AM-W21 Dual Wireless Lapel Mic | TFT Card Recording, Noise Cancellation & Echo | Android, iOS, DSLR Camera, Laptops | 360° Pickup, Plug n Play, 60M Working Range, 48-Hour Battery Life","","17940","17415","12360","6335","0","","1.4","3","B0F2HYY7JF","Audio Array"
"https://m.media-amazon.com/images/I/619ABwK9eHL.jpg;https://m.media-amazon.com/images/I/71FfI9HDcDL.jpg;https://m.media-amazon.com/images/I/81Ptyi1OYlL.jpg;https://m.media-amazon.com/images/I/71i5MCkQHiL.jpg;https://m.media-amazon.com/images/I/71gP0C5mOBL.jpg;https://m.media-amazon.com/images/I/715toqVZUwL.jpg;https://m.media-amazon.com/images/I/719SRdeeVfL.jpg;https://m.media-amazon.com/images/I/81ISnWnfg8L.jpg;https://m.media-amazon.com/images/I/61tFqosuKuL.jpg","Audio Array AM-C47 RGB USB Condenser Mic Kit | AI Noise Cancellation, 192kHz/24Bit Studio Quality, Touch Control, Headphone Monitoring | Podcasting, YouTube, Gaming & Streaming | Mac/PC & Mobile","","8856","7565","5699","3392","6","10","3.6","36","B0FF9R3GKK","Audio Array"
"https://m.media-amazon.com/images/I/71b2Zcv0tGL.jpg;https://m.media-amazon.com/images/I/81HX7aH2R3L.jpg;https://m.media-amazon.com/images/I/81-ioPjXEgL.jpg;https://m.media-amazon.com/images/I/812Y2d-xm9L.jpg;https://m.media-amazon.com/images/I/81ybUobQNeL.jpg;https://m.media-amazon.com/images/I/71zrlEGbUdL.jpg;https://m.media-amazon.com/images/I/71P5r1e1HdL.jpg","Audio Array Sound Bar for Smart TV | Bluetooth Speaker Wireless 25W, Gaming RGB Lights, AUX, USB, FM & TWS I Fast Charge Battery, Multiport Connectivity, for Mobile, PC, Laptops, Tablets | SB-01","","11059","11212","20264","58702","18","10","4.1","284","B0FFB6YJM1","Audio Array"
"https://m.media-amazon.com/images/I/71PVNygRkCL.jpg;https://m.media-amazon.com/images/I/811oRn51XlL.jpg;https://m.media-amazon.com/images/I/81BsFhhaASL.jpg;https://m.media-amazon.com/images/I/71ycCQ4e0uL.jpg;https://m.media-amazon.com/images/I/81DcbVHbhgL.jpg;https://m.media-amazon.com/images/I/8124GxqvcML.jpg;https://m.media-amazon.com/images/I/813X7ChxDQL.jpg;https://m.media-amazon.com/images/I/810wOt6WJGL.jpg;https://m.media-amazon.com/images/I/71G6XAZbFnL.jpg","Audio Array Professional DJ Headphones| Studio Headphone| 50mm Drivers| 32Ω | 20Hz-20kHz | Dual Detachable Cables with Mic & Controls| Buddy Share Technology | 105 dB SPL | Monitoring,Mixing| AH-50","","188","157","145","248","21","200","4.3","133","B0FG88HVQ8","Audio Array"
"https://m.media-amazon.com/images/I/61EDqhJc8bL.jpg;https://m.media-amazon.com/images/I/51TMA5nQCzL.jpg;https://m.media-amazon.com/images/I/415WMJUIeEL.jpg;https://m.media-amazon.com/images/I/51yCXq1MBgL.jpg;https://m.media-amazon.com/images/I/41e2tqUeSQL.jpg;https://m.media-amazon.com/images/I/515Yj+EVYVL.jpg;https://m.media-amazon.com/images/I/51rT6nmJXmL.jpg;https://m.media-amazon.com/images/I/61o7BwDjSbL.jpg;https://m.media-amazon.com/images/I/51SnrfmUQxL.jpg","Audio Array All in 1 Pro Bundle | Condenser Mic with USB Bluetooth Soundcard Mixer | Complete Setup for Streaming, Podcasting, Gaming, Singing & Home Studio Recording| GB-02","","213","344","328","261","26","10","3.9","423","B0FJ2DT13L","Audio Array"
"https://m.media-amazon.com/images/I/71LUk1JxhnL.jpg;https://m.media-amazon.com/images/I/51AxuLvanOL.jpg;https://m.media-amazon.com/images/I/51rITrbR1vL.jpg;https://m.media-amazon.com/images/I/51dAYNkXU7L.jpg;https://m.media-amazon.com/images/I/51i7rVNLU7L.jpg;https://m.media-amazon.com/images/I/51Kh+ZLvZFL.jpg;https://m.media-amazon.com/images/I/71VZoODqSBL.jpg;https://m.media-amazon.com/images/I/51BRPUX8grL.jpg;https://m.media-amazon.com/images/I/71RhxpiW1QL.jpg","Audio Array Portable Karaoke Bundle | Dual Wireless UHF Microphones with Rechargeable Battery Receiver & USB Plug n Play BT Soundcard Mixer | Ideal for Parties, Home Karaoke & Live Singing |KB-01","","23062","3479","2760","2787","13","","","","B0FJ2J6MTF","Audio Array"
"https://m.media-amazon.com/images/I/61Y4axBkKlL.jpg;https://m.media-amazon.com/images/I/511TeRz1XTL.jpg;https://m.media-amazon.com/images/I/51HLqHiP9gL.jpg;https://m.media-amazon.com/images/I/516vjyee9bL.jpg;https://m.media-amazon.com/images/I/51Ym5bgvpuL.jpg;https://m.media-amazon.com/images/I/51uG214I78L.jpg;https://m.media-amazon.com/images/I/51mHrBrfj8L.jpg;https://m.media-amazon.com/images/I/51RkbWduywL.jpg;https://m.media-amazon.com/images/I/510HGgNaoxL.jpg","Audio Array Professional Studio Bundle with 24-Bit/192kHz Audio Interface, 4"" Studio Monitors, Condenser Mic & Stands | for Music Production, Podcasting, Dubbing, Recording & Audio Mixing - UB-01","","442","331","352","797","16","10","3","2","B0FJ2JJZL3","Audio Array"
"https://m.media-amazon.com/images/I/61NH61EH7JL.jpg;https://m.media-amazon.com/images/I/51HLqHiP9gL.jpg;https://m.media-amazon.com/images/I/51icBvCPMEL.jpg;https://m.media-amazon.com/images/I/41k5211RH4L.jpg;https://m.media-amazon.com/images/I/51uG214I78L.jpg;https://m.media-amazon.com/images/I/51ZR6ZA4f2L.jpg;https://m.media-amazon.com/images/I/31qEhNe8quL.jpg;https://m.media-amazon.com/images/I/510HGgNaoxL.jpg;https://m.media-amazon.com/images/I/51RkbWduywL.jpg","Audio Array Complete Podcast Bundle | USB/XLR Dynamic Mic with Audio Interface 24bit/192kHz & Boom Arm Stand | Professional Streaming & Recording Kit for PC, Mac & Mobile Devices - PB-02","","18521","11656","12957","15752","4","","","","B0FJ2LQT7K","Audio Array"
"https://m.media-amazon.com/images/I/616YHk4GafL.jpg;https://m.media-amazon.com/images/I/51HLqHiP9gL.jpg;https://m.media-amazon.com/images/I/51rYh-3cB8L.jpg;https://m.media-amazon.com/images/I/510HGgNaoxL.jpg;https://m.media-amazon.com/images/I/51+yI7+JkZL.jpg;https://m.media-amazon.com/images/I/51uG214I78L.jpg;https://m.media-amazon.com/images/I/51Md99loJvL.jpg;https://m.media-amazon.com/images/I/51RkbWduywL.jpg;https://m.media-amazon.com/images/I/51x-gLWnyEL.jpg","Audio Array Pro Podcasting Bundle | Audio Interface with 48V Phantom Power & Dual USB/XLR Touch-Control Mics | 192kHz/24bit, Mute, Monitor, Volume Control | Recording, Streaming & Podcasting - PB-04","","8567","9032","7368","2956","8","","3.2","4","B0FJ8PZ9H7","Audio Array"
"https://m.media-amazon.com/images/I/61CdfS3XjJL.jpg;https://m.media-amazon.com/images/I/51fMULq7X2L.jpg;https://m.media-amazon.com/images/I/415WMJUIeEL.jpg;https://m.media-amazon.com/images/I/51fJtwgagEL.jpg;https://m.media-amazon.com/images/I/41e2tqUeSQL.jpg;https://m.media-amazon.com/images/I/51UTXIFywYL.jpg;https://m.media-amazon.com/images/I/51SnrfmUQxL.jpg;https://m.media-amazon.com/images/I/51ozk2J8rFL.jpg;https://m.media-amazon.com/images/I/718nvczJESL.jpg","Audio Array Streaming Bundle Kit | USB Condenser Mic & RGB Sound Card with Phantom Power, Voice Effects, Real-Time Monitoring | for Podcasting, Gaming, YouTube & Live Streaming - GB-05","","1387","3081","1665","1057","17","","3.3","15","B0FJ8S53GW","Audio Array"
"https://m.media-amazon.com/images/I/61MF0UR23CL.jpg;https://m.media-amazon.com/images/I/51HLqHiP9gL.jpg;https://m.media-amazon.com/images/I/51icBvCPMEL.jpg;https://m.media-amazon.com/images/I/510HGgNaoxL.jpg;https://m.media-amazon.com/images/I/51ZR6ZA4f2L.jpg;https://m.media-amazon.com/images/I/51uG214I78L.jpg;https://m.media-amazon.com/images/I/51KeGKRN8OL.jpg;https://m.media-amazon.com/images/I/51RkbWduywL.jpg;https://m.media-amazon.com/images/I/71G6m2RcJnL.jpg","Audio Array Complete Podcast Bundle | Dual USB/XLR Dynamic Microphones with Audio Interface 24bit / 192kHz|Metal Body|Pro Streaming & Recording Kit for PC, Mac & Mobile - PB-03","","9395","8903","7319","2500","9","","3.2","4","B0FJ8S5XJ8","Audio Array"
"https://m.media-amazon.com/images/I/71R4sLFMsAL.jpg;https://m.media-amazon.com/images/I/81vyJxdQscL.jpg;https://m.media-amazon.com/images/I/814wtlBvMdL.jpg;https://m.media-amazon.com/images/I/81sGjBrIahL.jpg;https://m.media-amazon.com/images/I/81lOKpO69nL.jpg;https://m.media-amazon.com/images/I/81QbCfFfrZL.jpg;https://m.media-amazon.com/images/I/71cyDz0MvyL.jpg;https://m.media-amazon.com/images/I/81+1u0bIHKL.jpg;https://m.media-amazon.com/images/I/610im1ZvntL.jpg","Audio Array Singing Bundle | Condenser Mic with Boom Arm & Sound Card V8 | Voice Effects, Reverb, Bluetooth | Ideal for Podcasting, Karaoke, Live Streaming, YouTube & Singing - GB-03","","70","453","787","771","23","","4.1","1871","B0FJ8TSQK1","Audio Array"
"https://m.media-amazon.com/images/I/71b2Zcv0tGL.jpg;https://m.media-amazon.com/images/I/812Y2d-xm9L.jpg;https://m.media-amazon.com/images/I/81-ioPjXEgL.jpg;https://m.media-amazon.com/images/I/81ybUobQNeL.jpg;https://m.media-amazon.com/images/I/81HX7aH2R3L.jpg;https://m.media-amazon.com/images/I/71zrlEGbUdL.jpg;https://m.media-amazon.com/images/I/71P5r1e1HdL.jpg","Audio Array SB-01 25W | 2.0 Sound Bar Speaker | BT v5.3 AUX, USB, TF Card, TWS Connectivity | Inbuilt FM Radio | Build in Mics | Dynamic LED Lights","","237578","174127","130600","166230","3","","3.6","18","B0FJS7JZ4V","Audio Array"
"https://m.media-amazon.com/images/I/41fjuM180AL.jpg;https://m.media-amazon.com/images/I/61L4Y3rhbmL.jpg;https://m.media-amazon.com/images/I/71RzwiZET5L.jpg;https://m.media-amazon.com/images/I/61lXt+4LkEL.jpg;https://m.media-amazon.com/images/I/61Ql8UjXVsL.jpg;https://m.media-amazon.com/images/I/61FzrEVliLL.jpg","Audio Array AM-C41 Plug & Play AI Noise Cancellation USB Condenser Microphone | Mute Button/Echo/Volume Knob | Kit with Tripod, Mic Cover | Gaming, Streaming, Podcast | Mac/PC/Laptop/Mobile","","9036","6749","5365","4468","11","10","3.8","5","B0FLYHJ6DK","Audio Array"
"https://m.media-amazon.com/images/I/61NEp4-3cJL.jpg;https://m.media-amazon.com/images/I/51p0Kz0GxWL.jpg;https://m.media-amazon.com/images/I/412oKji2Q0L.jpg;https://m.media-amazon.com/images/I/51kDtAAJ3LL.jpg;https://m.media-amazon.com/images/I/41k5211RH4L.jpg;https://m.media-amazon.com/images/I/51gyhrXexbL.jpg;https://m.media-amazon.com/images/I/31qEhNe8quL.jpg;https://m.media-amazon.com/images/I/51XtbPwwZPL.jpg","Audio Array AM-C11X Pro XLR Podcast Mic Kit with Dynamic Microphone, 2m XLR Cable & Adjustable Boom Arm | Studio-Quality Sound, 20Hz–20kHz, All-Metal Build for Podcasting, Streaming & Recording","","2756","2446","2273","1538","15","","4.3","300","B0FN7C25VS","Audio Array"
"https://m.media-amazon.com/images/I/61j48-LqzkL.jpg;https://m.media-amazon.com/images/I/510HGgNaoxL.jpg;https://m.media-amazon.com/images/I/51XGBkjJNeL.jpg;https://m.media-amazon.com/images/I/51HLqHiP9gL.jpg;https://m.media-amazon.com/images/I/51Hgbbn8-OL.jpg;https://m.media-amazon.com/images/I/51uG214I78L.jpg;https://m.media-amazon.com/images/I/713Sl+J4y2L.jpg;https://m.media-amazon.com/images/I/51RkbWduywL.jpg;https://m.media-amazon.com/images/I/71G6m2RcJnL.jpg","Audio Array Podcast Bundle with USB Condenser Mic Kit, Audio Interface |192kHz/24bit Studio Quality, Plug & Play, Phantom Power, Real-Time Monitoring for Recording, Streaming & Podcasting - PB-08","","10652","17305","12758","8683","0","","1.9","5","B0FN7DYB2M","Audio Array"
"https://m.media-amazon.com/images/I/71CUVYLnwjL.jpg;https://m.media-amazon.com/images/I/71Exr0lxDiL.jpg;https://m.media-amazon.com/images/I/71uBj0hJSXL.jpg;https://m.media-amazon.com/images/I/71eYbKuOGVL.jpg;https://m.media-amazon.com/images/I/71SGlpevyiL.jpg;https://m.media-amazon.com/images/I/71J2ZoOinPL.jpg;https://m.media-amazon.com/images/I/81AvrdMjMpL.jpg;https://m.media-amazon.com/images/I/71FRg4ByX9L.jpg;https://m.media-amazon.com/images/I/714bnmNYwcL.jpg","Audio Array AM-W19 Wireless Lavalier Microphone|192kHz/24bit |AI Noise Cancellation for iPhone/Android, 32h Charging Case, Plug & Play for Vlogging, Streaming, Meetings, Video Recording","","8617","9615","8747","4692","5","10","2.9","26","B0FPR7VFCH","Audio Array"
"https://m.media-amazon.com/images/I/9138c6TAGdL.jpg;https://m.media-amazon.com/images/I/81a1RDcPtKL.jpg;https://m.media-amazon.com/images/I/91gACymvSSL.jpg;https://m.media-amazon.com/images/I/81aqcWHf0aL.jpg;https://m.media-amazon.com/images/I/81wleN7dHcL.jpg;https://m.media-amazon.com/images/I/71SF2B+IbwL.jpg;https://m.media-amazon.com/images/I/81sbd32sunL.jpg;https://m.media-amazon.com/images/I/71bo8-lVhgL.jpg;https://m.media-amazon.com/images/I/814Hryb+xGL.jpg","Audio Array AM-W22 | Latest 2026 Edition Wireless Microphone for Camera/iPhone/Android/iPad/Laptop, Lav Mic with Charging Case, AI Noise Reduction, 50H Battery, 230ft Range, for Recording, YouTube","","2620","4856","4781","2734","12","20","3.5","49","B0FPR962YS","Audio Array"
"https://m.media-amazon.com/images/I/71afmENDGqL.jpg;https://m.media-amazon.com/images/I/71bECZxOa1L.jpg;https://m.media-amazon.com/images/I/812MlASPCyL.jpg;https://m.media-amazon.com/images/I/81E+PitDFaL.jpg;https://m.media-amazon.com/images/I/81hIEo0iOTL.jpg;https://m.media-amazon.com/images/I/81kL6GFyEsL.jpg;https://m.media-amazon.com/images/I/61-C0MlG9jL.jpg","Audio Array AH-40-SL Wired Over-Ear Headphones | 40mm Drivers, 15-22KHz, 32Ω, 105dB SPL | Studio Monitoring, Gaming, Live Music Headset with 3.5mm + 6.3mm Plug Compatibility","","19818","18918","21673","17346","13","50","3.7","46","B0FQBX8J17","Audio Array"
"https://m.media-amazon.com/images/I/71PaKAfgI1L.jpg;https://m.media-amazon.com/images/I/81AqbzB6JmL.jpg;https://m.media-amazon.com/images/I/81RtnTkGJxL.jpg;https://m.media-amazon.com/images/I/718JZqPXS8L.jpg;https://m.media-amazon.com/images/I/71VwLO6CNFL.jpg;https://m.media-amazon.com/images/I/8141y7f-aDL.jpg;https://m.media-amazon.com/images/I/61-C0MlG9jL.jpg","Audio Array Studio Monitoring Headphones | AH-45-BK Overhead Headphones, 40mm Deep Bass Closed-Back, 20–20kHz, 32Ω, 100dB SPL, 3m OFC Cable, Dual Adapter - Black","","240","266","373","595","22","100","4","48","B0FQBXS6Y2","Audio Array"
"https://m.media-amazon.com/images/I/41iJJlND3+L.jpg;https://m.media-amazon.com/images/I/711nGw26IwL.jpg;https://m.media-amazon.com/images/I/81AieA8tlZL.jpg;https://m.media-amazon.com/images/I/51HwdSCNJiL.jpg;https://m.media-amazon.com/images/I/51jxxHlquhL.jpg","Audio Array AC-3XL Mic Cable 6.35mm Jack Male to XLR 3PIN Female Cord Wire | Microphone/Guitar Cable | Black, 1pc Pack (3 Meter/10 Feet)","","172","235","324","323","22","30","4.5","8","B0FQJWWDVK","Audio Array"
"https://m.media-amazon.com/images/I/618k5JuIYpL.jpg;https://m.media-amazon.com/images/I/71nbcjqjLnL.jpg;https://m.media-amazon.com/images/I/71SRD5dYCjL.jpg;https://m.media-amazon.com/images/I/61FRb+K82kL.jpg;https://m.media-amazon.com/images/I/71N7FS-FlML.jpg;https://m.media-amazon.com/images/I/81338QJ3zaL.jpg;https://m.media-amazon.com/images/I/81YgWIeWttL.jpg;https://m.media-amazon.com/images/I/71V9GUxkrIL.jpg;https://m.media-amazon.com/images/I/610im1ZvntL.jpg","Audio Array AA-25 Metal Handheld Microphone Interview Adapter with Wind Shield for Wireless Lapel Microphones | Supports Rode Go, DJI, Hollyland Mics | Foam Cover with Built-in Cold Shoe Mount","","978","976","1585","1350","20","10","4.1","97","B0FR5DLXH9","Audio Array"
"https://m.media-amazon.com/images/I/71wo6gyqEGL.jpg;https://m.media-amazon.com/images/I/81I9EOUHG5L.jpg;https://m.media-amazon.com/images/I/516vjyee9bL.jpg;https://m.media-amazon.com/images/I/51HLqHiP9gL.jpg;https://m.media-amazon.com/images/I/81H9Vew9dML.jpg;https://m.media-amazon.com/images/I/41geyAnpiGL.jpg;https://m.media-amazon.com/images/I/51uG214I78L.jpg;https://m.media-amazon.com/images/I/81P2qVBGVxL.jpg;https://m.media-amazon.com/images/I/510HGgNaoxL.jpg","Audio Array Mic | Professional Studio Recording Bundle with Podcast Mic | 2x2 USB Audio Interface | Condenser Microphone | Studio Headphones | Boom Arm | 24-Bit/192kHz Recording Kit PB-10","","1958","1902","1737","3293","22","20","4","6","B0FTVQQVDC","Audio Array"
"https://m.media-amazon.com/images/I/717ih+GtfUL.jpg;https://m.media-amazon.com/images/I/812tejUOLbL.jpg;https://m.media-amazon.com/images/I/8146YQm4VuL.jpg;https://m.media-amazon.com/images/I/718WjQszoCL.jpg;https://m.media-amazon.com/images/I/81bvcSI44uL.jpg;https://m.media-amazon.com/images/I/91WxRs-M3QL.jpg;https://m.media-amazon.com/images/I/81FvoIetMrL.jpg;https://m.media-amazon.com/images/I/812X+0J+JuL.jpg;https://m.media-amazon.com/images/I/71g9jFYEVIL.jpg","Audio Array Magnetic Wireless Lapel Microphone Set | One Touch Smart Noise Reduction | 48KHz/24Bit Hi-fi Recording | 50M Range | 800mAh 48Hrs Long Battery Backup | Vlogging, Podcast, Streaming|AM-W20","","16749","9073","4354","2123","12","","5","1","B0FVM17Q4W","Audio Array"
"https://m.media-amazon.com/images/I/61P7X-XFQNL.jpg;https://m.media-amazon.com/images/I/71pzZLn8c7L.jpg;https://m.media-amazon.com/images/I/81EqfO8jXrL.jpg;https://m.media-amazon.com/images/I/71qHsavYzAL.jpg;https://m.media-amazon.com/images/I/819NEnZUcgL.jpg;https://m.media-amazon.com/images/I/814qOQ3IPJL.jpg;https://m.media-amazon.com/images/I/61-C0MlG9jL.jpg","Audio Array 8-Channel Hybrid USB Summing Mixer | 4 Analog & 2 Digital Channels(L+R) | 192kHz/24Bit OTG Recording | 99 DSP FX | BT | 4XLR Inputs | +48V | Hi-Z & Headphone Monitoring | M8","","758","840","1646","2660","27","","3.9","15","B0GCP1J2HC","Audio Array"
"https://m.media-amazon.com/images/I/81YbOzf-kZL.jpg;https://m.media-amazon.com/images/I/81J8tdq2OvL.jpg;https://m.media-amazon.com/images/I/91gACymvSSL.jpg;https://m.media-amazon.com/images/I/81aqcWHf0aL.jpg;https://m.media-amazon.com/images/I/81wleN7dHcL.jpg;https://m.media-amazon.com/images/I/71SF2B+IbwL.jpg;https://m.media-amazon.com/images/I/71bo8-lVhgL.jpg;https://m.media-amazon.com/images/I/81sbd32sunL.jpg","Audio Array Latest 2026 Edition Wireless Microphone for Camera/iPhone/Android/iPad/Laptop, Lav Mic with Charging Case, AI Noise Reduction, 50H Battery, 230ft Range, for Recording, YouTube | AM-W22_v2","","2128","2518","2709","2613","15","","4","155","B0GKPXQ8G3","Audio Array"
"https://m.media-amazon.com/images/I/81Vxv9jCKzL.jpg;https://m.media-amazon.com/images/I/81JPfUK0jxL.jpg;https://m.media-amazon.com/images/I/81QhXzwdcAL.jpg;https://m.media-amazon.com/images/I/81DP6FknnhL.jpg;https://m.media-amazon.com/images/I/81QaWf37rML.jpg;https://m.media-amazon.com/images/I/81gcDIpdHvL.jpg;https://m.media-amazon.com/images/I/81cudEYWFXL.jpg;https://m.media-amazon.com/images/I/91e08oHIVcL.jpg;https://m.media-amazon.com/images/I/81BiyCX3QDL.jpg","Audio Array SoniqX 160W Trolley BT Party Speaker|Dual 12"" Full Range Drivers| with 2 Wireless Mics & Remote |TF/USB/Aux/Guitar/2mic Input |Inbuilt Radio, Recording, Karaoke| Upto 6hrs Playtime AM-S6","","","","","","0","","","","B0GN321RXQ","Audio Array"
"https://m.media-amazon.com/images/I/71FUpPRAR+L.jpg;https://m.media-amazon.com/images/I/81oHVIdKIoL.jpg;https://m.media-amazon.com/images/I/71gfRfDLiGL.jpg;https://m.media-amazon.com/images/I/81rsKmpJ9QL.jpg;https://m.media-amazon.com/images/I/71UgH7mcKlL.jpg;https://m.media-amazon.com/images/I/81oNi+SHqEL.jpg;https://m.media-amazon.com/images/I/81bREkd7ABL.jpg;https://m.media-amazon.com/images/I/610im1ZvntL.jpg","Audio Array AK-61 Neo 61 Key Electronic Keyboard with LED Display, 200 Presets & 512 Timbres, Built-in 2.0 Speakers, with Mic, Vibrato, Sustain, Transpose, Battery & Adapter Powered, Headphone Out","","829","3186","3068","2982","18","","3.4","7","B0GN8MFDGZ","Audio Array"
"https://m.media-amazon.com/images/I/71FaSZscyKL.jpg;https://m.media-amazon.com/images/I/71OyIzboH6L.jpg;https://m.media-amazon.com/images/I/81agygImjgL.jpg;https://m.media-amazon.com/images/I/71xkCcaNDyL.jpg;https://m.media-amazon.com/images/I/817SGkrFcCL.jpg;https://m.media-amazon.com/images/I/81NZqyoutyL.jpg;https://m.media-amazon.com/images/I/71ZvPJYcEVL.jpg;https://m.media-amazon.com/images/I/610im1ZvntL.jpg","Audio Array AK-37 White MIDI Keyboard 37 Velocity Sensitive Keys, Built-in Speakers, 200 Presets, Sustain & Touch, Tempo, Octave/Transpose/Tune, Master Volume Knob, LED Display, AA & Type-C Power","","829","2198","2819","3801","23","","3.4","7","B0GN8MMKY1","Audio Array"
"https://m.media-amazon.com/images/I/71na5r6JWcL.jpg;https://m.media-amazon.com/images/I/81NvHLnO7nL.jpg;https://m.media-amazon.com/images/I/81BQtdHgxTL.jpg;https://m.media-amazon.com/images/I/71ztFqhVJQL.jpg;https://m.media-amazon.com/images/I/81N8Z+366FL.jpg;https://m.media-amazon.com/images/I/81cM+INulQL.jpg;https://m.media-amazon.com/images/I/81DKJfbvu7L.jpg;https://m.media-amazon.com/images/I/81TLN5WQ-qL.jpg;https://m.media-amazon.com/images/I/610im1ZvntL.jpg","Audio Array AK-61 Pro 61-Key Portable Electronic Keyboard with LCD Display, Built-in Speakers, Mic Input & Included Mics, 255 Timbres, 512 Rhythms, Battery & Adapter Powered","","829","3522","2829","2617","12","","3.4","7","B0GN8MPYPG","Audio Array"
"https://m.media-amazon.com/images/I/71IgaVpBdRL.jpg;https://m.media-amazon.com/images/I/717nMcmLxFL.jpg;https://m.media-amazon.com/images/I/81v0DSku0iL.jpg;https://m.media-amazon.com/images/I/71ddutDtGhL.jpg;https://m.media-amazon.com/images/I/81bPkqOEObL.jpg;https://m.media-amazon.com/images/I/81jiN7COW9L.jpg;https://m.media-amazon.com/images/I/71Q-UhcfBoL.jpg;https://m.media-amazon.com/images/I/610im1ZvntL.jpg","Audio Array AK-37 Black MIDI Keyboard 37 Velocity Sensitive Keys, Built-in Speakers, 200 Presets, Sustain & Touch, Tempo, Octave/Transpose/Tune, Master Volume Knob, LED Display, AA & Type-C Power","","829","2145","2761","3690","26","","3.4","7","B0GN8RQJRG","Audio Array"
"https://m.media-amazon.com/images/I/61udMyF-nQL.jpg;https://m.media-amazon.com/images/I/61YiE5mneqL.jpg;https://m.media-amazon.com/images/I/61vMisn0vcL.jpg;https://m.media-amazon.com/images/I/61ayKo2gUAL.jpg;https://m.media-amazon.com/images/I/713itusxAdL.jpg;https://m.media-amazon.com/images/I/612gzdwWzzL.jpg;https://m.media-amazon.com/images/I/71+mC81W-rL.jpg","Audio Array AM-C8 USB Plug & Play Condenser Microphone Kit | Pop-Filter & Metallic Base | 3.5 mm No Latency Monitoring, Volume Control & Mute Button| for Conference, Gaming, Podcasting & Streaming","","8879","8421","8421","35043","0","","3.6","36","B0B4FVV78V","Audio Array"
"https://m.media-amazon.com/images/I/61m35bMRh-L.jpg;https://m.media-amazon.com/images/I/611MQtt3FgL.jpg;https://m.media-amazon.com/images/I/619yrLam0uL.jpg;https://m.media-amazon.com/images/I/7155Ayf1lsL.jpg;https://m.media-amazon.com/images/I/61ghopUo-DL.jpg;https://m.media-amazon.com/images/I/61isPbMAFPL.jpg;https://m.media-amazon.com/images/I/61JrqBDODNL.jpg","Audio Array AM-C9 192kHz/24bit Professional USB Condenser Microphone | Metallic Base | No Latency Headphone Monitoring, Volume Control & Mute Button | Discord, Valorant, Gaming, Podcasting & Streaming","","8879","25244","26550","18891","1","","3.6","36","B0B4FXDHXW","Audio Array"
"https://m.media-amazon.com/images/I/513Tcx28FfL.jpg;https://m.media-amazon.com/images/I/61GNNYaLDlL.jpg;https://m.media-amazon.com/images/I/61e6JNTiRyL.jpg;https://m.media-amazon.com/images/I/51PRyLqX4tL.jpg;https://m.media-amazon.com/images/I/512apnfSZ5L.jpg;https://m.media-amazon.com/images/I/61N+9l2uAZL.jpg;https://m.media-amazon.com/images/I/61+N0pBit3L.jpg;https://m.media-amazon.com/images/I/61Zpixgl6XL.jpg","Audio Array All Metal Condenser Collar Microphone with 3.5mm Connector with Battery for DSLR & Smartphone (AM-C12)","","18498","16228","14848","13238","3","","2.4","3","B0BLK31PYH","Audio Array"
"https://m.media-amazon.com/images/I/51H+p6TP1bL.jpg;https://m.media-amazon.com/images/I/313+Xk2lx-L.jpg;https://m.media-amazon.com/images/I/510Gmx7AJFL.jpg;https://m.media-amazon.com/images/I/41rWfn0A0NL.jpg;https://m.media-amazon.com/images/I/41nOkKqjU0L.jpg;https://m.media-amazon.com/images/I/413zeyaLLfL.jpg;https://m.media-amazon.com/images/I/610im1ZvntL.jpg","Audio Array AM-C14 Omnidirectional Condenser Shotgun Microphone with 3.5mm Connector, Shock Mount & Wind Shield | PlugnPlay in DSLR & Smartphones | Vlogging, Streaming, ASMR Videos, etc","","14117","13692","12895","10040","0","","3.7","7","B0BLK6P24G","Audio Array"
"https://m.media-amazon.com/images/I/71G6ORVyhYL.jpg;https://m.media-amazon.com/images/I/61yzqw24RJL.jpg;https://m.media-amazon.com/images/I/711Qjh3fMXL.jpg;https://m.media-amazon.com/images/I/71zkpmVaBrL.jpg;https://m.media-amazon.com/images/I/61YlZnZ3aDL.jpg;https://m.media-amazon.com/images/I/81+jRSvyOoL.jpg","Audio Array AM-K3 Instrument Drum Microphone Kit | Stage Performance and Professional Studio Recording | 1 Kick Drum Mic, 4 Tom Mics, 2 Condenser Mic & 2 Vocal Mics with Standard Mounting Accessories","","9369","6593","7294","7884","9","","3.2","17","B0BLK7VQ2N","Audio Array"
"https://m.media-amazon.com/images/I/41cBZucBo1L.jpg;https://m.media-amazon.com/images/I/612gDILeqzL.jpg;https://m.media-amazon.com/images/I/51G+wrtBznL.jpg;https://m.media-amazon.com/images/I/61+hnFScl5L.jpg;https://m.media-amazon.com/images/I/61lm6TKkNxL.jpg;https://m.media-amazon.com/images/I/61egqTFyQkL.jpg;https://m.media-amazon.com/images/I/51GECoFGtSL.jpg;https://m.media-amazon.com/images/I/51k8xenrMHL.jpg","Audio Array AM-C13 Condenser Lapel Microphone | 6M Shielded Cable | Metal Build | Plug n Play Mobile & DSLR Support | 3.5mm Connector | Omnidirectional Pickup | Hard Case Included | 1 Year Warranty.","","18498","16509","14513","13726","3","","3","1","B0BLK8DNPD","Audio Array"
"https://m.media-amazon.com/images/I/71S4Q+Ll51L.jpg;https://m.media-amazon.com/images/I/61yzqw24RJL.jpg;https://m.media-amazon.com/images/I/711Qjh3fMXL.jpg;https://m.media-amazon.com/images/I/71zkpmVaBrL.jpg;https://m.media-amazon.com/images/I/61YlZnZ3aDL.jpg;https://m.media-amazon.com/images/I/81+jRSvyOoL.jpg","Audio Array AM-K2 Instrument Drum Microphone Kit | Stage Performance and Professional Studio Recording | 1 Kick Drum Mic, 4 Tom Mics, 2 Overhead Condenser Mic with Standard Mounting Accessories","","9785","6271","7208","7903","11","","4","14","B0BLK8PXNY","Audio Array"
"https://m.media-amazon.com/images/I/41+RBuELZQL.jpg;https://m.media-amazon.com/images/I/61lYzJlZ4JL.jpg;https://m.media-amazon.com/images/I/617PXTCATqL.jpg;https://m.media-amazon.com/images/I/617iTfRXTeL.jpg;https://m.media-amazon.com/images/I/617-Ked6eyL.jpg;https://m.media-amazon.com/images/I/61lLXezQlML.jpg;https://m.media-amazon.com/images/I/61wdHS9g1yL.jpg;https://m.media-amazon.com/images/I/61VtTeesrrL.jpg;https://m.media-amazon.com/images/I/610im1ZvntL.jpg","AI-01","","","","","","0","","","","B0BLKCB2JY","Audio Array"
"https://m.media-amazon.com/images/I/51JeFriTYtL.jpg;https://m.media-amazon.com/images/I/61W+fKhBE5L.jpg;https://m.media-amazon.com/images/I/71QttyO5PCL.jpg;https://m.media-amazon.com/images/I/71FovfYmKUL.jpg;https://m.media-amazon.com/images/I/61JqIfanlLL.jpg;https://m.media-amazon.com/images/I/712dp4Zf42L.jpg;https://m.media-amazon.com/images/I/61XxTPAXtYL.jpg;https://m.media-amazon.com/images/I/610im1ZvntL.jpg","Audio Array AM-C24 USB Plug & Play Retro Microphone Kit | No Latency Monitoring & Volume Control Knob | Gaming, Streaming, Podcast, Singing, Discord, Zoom Meeting, YouTube | Laptop, PC, Smartphones","","8583","7159","6343","4131","20","","3.6","24","B0BLKCDRNB","Audio Array"
"https://m.media-amazon.com/images/I/317VJi8oc5L.jpg;https://m.media-amazon.com/images/I/41QYP9uI+VL.jpg;https://m.media-amazon.com/images/I/418+CZLg7tL.jpg;https://m.media-amazon.com/images/I/51i8p1PmjxL.jpg;https://m.media-amazon.com/images/I/51pxsym4dxL.jpg;https://m.media-amazon.com/images/I/51j0zPO3TIL.jpg;https://m.media-amazon.com/images/I/51cRFHET5cL.jpg;https://m.media-amazon.com/images/I/61LarIu9XAL.jpg","Audio Array AI-02 2x2 USB-C Audio Interface | Premium Midas Mic Pre-Amps | 48V Phantom Power | USB Bus 3.0 Ultra Low Latency | XLR/LINE inputs | Plug & Play-No Drivers | Metal Body | Metallic Grey","","","","","39773","0","","3.8","10","B0BLKCJXZR","Audio Array"
"https://m.media-amazon.com/images/I/31Sz2CSRtvL.jpg;https://m.media-amazon.com/images/I/317TMReHHyL.jpg;https://m.media-amazon.com/images/I/51Tuj0GeZZL.jpg;https://m.media-amazon.com/images/I/41uTjwrwflL.jpg;https://m.media-amazon.com/images/I/411RKkqLNjL.jpg;https://m.media-amazon.com/images/I/41BffokMYyL.jpg;https://m.media-amazon.com/images/I/41HBgzGfatL.jpg;https://m.media-amazon.com/images/I/419wyjEsFWL.jpg","Audio Array AM-C22 RGB USB Microphone with Stand | One Touch Mute Button, Easy Volume Control & Headphone Jack for Monitoring | Singing, Streaming, Gaming, Podcasting | PC, Mac","","8012","24123","19076","14182","3","50","3.7","15","B0BLKCSJ7Z","Audio Array"
"https://m.media-amazon.com/images/I/51V-4ZYr6BL.jpg;https://m.media-amazon.com/images/I/41FiCRJfTzL.jpg;https://m.media-amazon.com/images/I/61un3XZ1cHL.jpg;https://m.media-amazon.com/images/I/61D2CTh78nL.jpg;https://m.media-amazon.com/images/I/613OYu5iSBL.jpg;https://m.media-amazon.com/images/I/61LdjWSmfML.jpg;https://m.media-amazon.com/images/I/610im1ZvntL.jpg","Audio Array AM-C17 Dual Head Lapel Microphone | 1M x2 Long & Strong Cables | 3.5mm TRRS & 3.5mm TRRS to TRS Adapter | Omnidirectional Pickup | Mic Covers & Leather Bag Included | 1 Year Warranty","","18001","14520","17474","19309","5","","3","11","B0BLKCWZQD","Audio Array"
"https://m.media-amazon.com/images/I/41S4F2va+cL.jpg;https://m.media-amazon.com/images/I/51HfaU-FdZL.jpg;https://m.media-amazon.com/images/I/51VlL8QuHzL.jpg;https://m.media-amazon.com/images/I/51W8u-ndreL.jpg;https://m.media-amazon.com/images/I/51qgze11gpL.jpg;https://m.media-amazon.com/images/I/51zTZHrQWnL.jpg;https://m.media-amazon.com/images/I/51RzJTIL18L.jpg","Audio Array AM-C16 Lapel Microphone | 1M Long & Strong Cable | 3.5mm TRRS Connector & 3.5mm TRRS to TRS Adapter | Omnidirectional Pickup | Mic Cover & Leather Carry Bag Included | 1 Year Warranty","","","61781","52867","36428","0","","4.8","14","B0BLKCXQRT","Audio Array"
"https://m.media-amazon.com/images/I/41WAzjv3GVL.jpg;https://m.media-amazon.com/images/I/41HIQtOIHaL.jpg;https://m.media-amazon.com/images/I/41dwCF0FU-L.jpg;https://m.media-amazon.com/images/I/51+Y1XZEvsL.jpg;https://m.media-amazon.com/images/I/51YdHfjHKBL.jpg;https://m.media-amazon.com/images/I/41CgG08wgKL.jpg;https://m.media-amazon.com/images/I/51L0ajfOhcL.jpg;https://m.media-amazon.com/images/I/41sc3otxImL.jpg","Audio Array Anti Interference Metal Tube RGB USB Microphone for PC, Mac with Mute Button & Monitor Headphone Jack, for Vocals, YouTube, Streaming, Gaming Along with Mic Gain with pop Filter (AM-C23)","","189878","172533","131850","78866","0","","3.8","16","B0BLKD4815","Audio Array"
"https://m.media-amazon.com/images/I/41pgQN2ZJQL.jpg;https://m.media-amazon.com/images/I/31sfXQmiW9L.jpg;https://m.media-amazon.com/images/I/717G3CCT3EL.jpg;https://m.media-amazon.com/images/I/61d1yos41PL.jpg;https://m.media-amazon.com/images/I/51cQ6-qDW-L.jpg;https://m.media-amazon.com/images/I/61elJkukryL.jpg;https://m.media-amazon.com/images/I/51nZK8PU1vL.jpg;https://m.media-amazon.com/images/I/61+yCEZbBTL.jpg;https://m.media-amazon.com/images/I/610im1ZvntL.jpg","Audio Array AM-C15 Premium Metal XLR Condenser Lapel Microphone | Noise-Free, Highly Sensitive Omni Directional Collar mic with 6 Meter Cable for Recording | DSL & Mixer, Requires +48V Phantom Power","","","","","26544","0","","3.4","9","B0BLKD8FVG","Audio Array"
"https://m.media-amazon.com/images/I/41Z1Ke2zQtL.jpg;https://m.media-amazon.com/images/I/41GHLVDCSiL.jpg;https://m.media-amazon.com/images/I/51nkXUISK1L.jpg;https://m.media-amazon.com/images/I/41cQNUhDCbL.jpg;https://m.media-amazon.com/images/I/412diAmsUXL.jpg;https://m.media-amazon.com/images/I/51VdKZP+64L.jpg;https://m.media-amazon.com/images/I/51-sGfibNaL.jpg;https://m.media-amazon.com/images/I/51zYJ2KzlSL.jpg","Audio Array AM-C19 USB Condenser Microphone | Plug & Play, Tripod, No Latency Monitoring, Gain Control & Mute Button | Home Studio, YouTube, Gaming, Podcasting, Recording & Singing | Mac OS, Windows","","8583","7219","6359","4219","15","","3.4","17","B0BLKDC4PP","Audio Array"
"https://m.media-amazon.com/images/I/41jr8NdhP-L.jpg;https://m.media-amazon.com/images/I/61tTawFc45L.jpg;https://m.media-amazon.com/images/I/61rVxxoxQ9L.jpg;https://m.media-amazon.com/images/I/61Glj0vomuL.jpg;https://m.media-amazon.com/images/I/61CMT2ePQYL.jpg;https://m.media-amazon.com/images/I/6124wg2WenL.jpg;https://m.media-amazon.com/images/I/4198ulDeFCL.jpg;https://m.media-amazon.com/images/I/41HVIqGFzmL.jpg","Audio Array AA-08 5-Panel Metal Isolation Shield For Mics with Insulation, Absorption & Reflection Filter | 3/8"" and 5/8"" Universal Mic Mount for Recording Studio, Podcasts, Singing & Broadcasting","","18032","15634","13072","10316","0","50","4","50","B0BLKGPL4X","Audio Array"
"https://m.media-amazon.com/images/I/31kr0mgMWFL.jpg;https://m.media-amazon.com/images/I/41rhfzq1Y8L.jpg;https://m.media-amazon.com/images/I/41+Zj4FkPBL.jpg;https://m.media-amazon.com/images/I/41L5sRjYfHL.jpg;https://m.media-amazon.com/images/I/41DDlJYJOiL.jpg;https://m.media-amazon.com/images/I/4198ulDeFCL.jpg;https://m.media-amazon.com/images/I/610im1ZvntL.jpg","Audio Array AA-07 3-Panel Metal Isolation Shield For Mics with Insulation, Absorption & Reflection Filter | 3/8"" and 5/8"" Universal Mic Mount for Recording Studio, Podcasts, Singing & Broadcasting","","17946","15545","12984","10233","0","","4","50","B0BLKHVCDX","Audio Array"
"https://m.media-amazon.com/images/I/61scxB8-Y-L.jpg;https://m.media-amazon.com/images/I/61atsA3hGXL.jpg;https://m.media-amazon.com/images/I/71l0nJ6tFbL.jpg;https://m.media-amazon.com/images/I/71FJdlhfioL.jpg;https://m.media-amazon.com/images/I/81ZmSnERT9L.jpg;https://m.media-amazon.com/images/I/61ukk7IEWZL.jpg;https://m.media-amazon.com/images/I/61UYrKlXngL.jpg;https://m.media-amazon.com/images/I/61+816kPIaL.jpg;https://m.media-amazon.com/images/I/610im1ZvntL.jpg","Audio Array USB Condenser Microphone for YouTube, Gaming, Meeting & Recording on Mac OS, Windows & PS 4/5 with Tripod, No Latency Monitoring, Gain Control & Mute Button (AM-C21)","","","","","267241","0","","3.3","3","B0BLNC5D8L","Audio Array"
"https://m.media-amazon.com/images/I/412ULxCtoCL.jpg;https://m.media-amazon.com/images/I/41ha7MrL4oL.jpg;https://m.media-amazon.com/images/I/41cGWXAitnL.jpg;https://m.media-amazon.com/images/I/41TWONfihqL.jpg;https://m.media-amazon.com/images/I/41iX-ErHvzL.jpg;https://m.media-amazon.com/images/I/41NWzPUGQYL.jpg;https://m.media-amazon.com/images/I/41J-7Ce60KL.jpg;https://m.media-amazon.com/images/I/41Rc87oexaL.jpg","Audio Array AM-C26 RGB USB Plug & Play Condenser Microphone Kit with Boom Arm & Pop-filter | 3.5 mm No Latency Monitoring, Volume Control & Mute Button | For Conference, Gaming, Podcasting & Streaming","","28780","24045","20389","15994","0","","3.6","6","B0BLNDQ757","Audio Array"
"https://m.media-amazon.com/images/I/31fPdRdE7RL.jpg;https://m.media-amazon.com/images/I/41FkLfAtQoL.jpg;https://m.media-amazon.com/images/I/51jW-F5geIL.jpg;https://m.media-amazon.com/images/I/412EH0doZcL.jpg;https://m.media-amazon.com/images/I/51pRQAhkx6L.jpg;https://m.media-amazon.com/images/I/41JCuvgvQZL.jpg;https://m.media-amazon.com/images/I/610im1ZvntL.jpg","Audio Array AA-11 Springless Microphone Arm Stand |All Metal Upgraded Heavy Duty Stand With 1.8kg Weight Capacity for stablility & multi-angle adjustment | 5/8"" to 3/8"" Screw Adapter | Cable Ties","","","","2100","1331","0","","4.4","8","B0BLRGCNRG","Audio Array"
"https://m.media-amazon.com/images/I/31QWmckFs7L.jpg;https://m.media-amazon.com/images/I/41J-OKZ+uVL.jpg;https://m.media-amazon.com/images/I/51vWZ0dLA4L.jpg;https://m.media-amazon.com/images/I/516PMcscm1L.jpg;https://m.media-amazon.com/images/I/51aNyG9kT7L.jpg;https://m.media-amazon.com/images/I/51HjOQGEUnL.jpg;https://m.media-amazon.com/images/I/518WO1Fa0AL.jpg;https://m.media-amazon.com/images/I/511zbvH1+wL.jpg","Audio Array AA-12 Springless Microphone Arm | Heavy Duty Stand With 1.8kg Weight Capacity for stablility & multi-angle adjustment | 5/8"" to 3/8"" Screw Adapter | 0.5"" Thick Metal Tube | Cable Ties","","","","66704","45197","0","","3.7","4","B0BLRK37TB","Audio Array"
"https://m.media-amazon.com/images/I/31S1APmTZpL.jpg;https://m.media-amazon.com/images/I/41SARVaNWgL.jpg;https://m.media-amazon.com/images/I/41VEwGItX6L.jpg;https://m.media-amazon.com/images/I/516PMcscm1L.jpg;https://m.media-amazon.com/images/I/518WO1Fa0AL.jpg;https://m.media-amazon.com/images/I/51sy+TNo3RL.jpg;https://m.media-amazon.com/images/I/41NYnR6ZAcL.jpg;https://m.media-amazon.com/images/I/610im1ZvntL.jpg","Audio Array AA-13 Springless Microphone Arm | Heavy Duty Stand With 1.5kg Weight Capacity for stablility & multi-angle adjustment | 5/8"" to 3/8"" Screw Adapter | 0.5"" Thick Metal Tube | Cable Ties","","","","3941","1277","0","","4.1","10","B0BLRKFBBP","Audio Array"
"https://m.media-amazon.com/images/I/51W6C0EMYIL.jpg;https://m.media-amazon.com/images/I/31FKQenwDqL.jpg;https://m.media-amazon.com/images/I/41RFmvRpNnL.jpg;https://m.media-amazon.com/images/I/51NSviTRjXL.jpg;https://m.media-amazon.com/images/I/51hpHoroO2L.jpg;https://m.media-amazon.com/images/I/61kNWbzV5iL.jpg","Audio Array AA-14 Springless Microphone Arm | Heavy Duty Stand With 1.3kg Weight Capacity for stablility & multi-angle adjustment | 5/8"" to 3/8"" Screw Adapter | 0.5"" Thick Metal Tube | Cable Ties","","","","66885","49966","0","","4","4","B0BLS2HJ68","Audio Array"
"https://m.media-amazon.com/images/I/61nUTSTPnwL.jpg;https://m.media-amazon.com/images/I/71hyZ2UUMCL.jpg;https://m.media-amazon.com/images/I/712gjqTChzL.jpg;https://m.media-amazon.com/images/I/71vxkzz-Z7L.jpg;https://m.media-amazon.com/images/I/610im1ZvntL.jpg","Audio Array AA-09 Short Springless Microphone Arm Stand | Sturdy Boom Arm with 2kg Capacity for stability | Non-rebound arm along with multi-angle adjustment | 5/8"" to 3/8"" Screw Adapter | Cable Ties","","46208","44349","35246","19347","0","","4","37","B0BLS63XCL","Audio Array"
"https://m.media-amazon.com/images/I/51mhmw4rtCL.jpg;https://m.media-amazon.com/images/I/617JU0hCH7L.jpg;https://m.media-amazon.com/images/I/61aMen+s7hL.jpg;https://m.media-amazon.com/images/I/61hu-rGMcRL.jpg;https://m.media-amazon.com/images/I/61oeYReeLiL.jpg","Audio Array AI-04 2x2 Audio Interface | Premium Mic Pre-Amps | 48V Phantom Power Support | 24-bit/192kHz High Fidelity Recording | XLR/MIC/LINE inputs | Plug and Play-No Drivers | Metal Body | Black","","11831","9131","7231","2173","5","50","3.9","226","B0BPMBMN3S","Audio Array"
"https://m.media-amazon.com/images/I/41NITVQU01L.jpg;https://m.media-amazon.com/images/I/71Rsyam+YwL.jpg;https://m.media-amazon.com/images/I/71n+YG6z2UL.jpg;https://m.media-amazon.com/images/I/71r4wAaiECL.jpg;https://m.media-amazon.com/images/I/71XtXzqym+L.jpg;https://m.media-amazon.com/images/I/81PCcHzdzGL.jpg;https://m.media-amazon.com/images/I/81fQ8wvsl-L.jpg;https://m.media-amazon.com/images/I/81BuPMsjxeL.jpg;https://m.media-amazon.com/images/I/61AH4dmtGaL.jpg","Audio Array AM-C29 4 Pickup Pattern Professional USB Plug & Play Condenser Microphone | 3.5 mm No Latency Monitoring, Volume Control & Mute Button | For Conference, Gaming, Podcasting & Live Streaming","","17358","10963","10768","15038","5","","5","1","B0BPMN89NG","Audio Array"
"https://m.media-amazon.com/images/I/61R2m0aFc4L.jpg;https://m.media-amazon.com/images/I/611A4Pt0tVL.jpg;https://m.media-amazon.com/images/I/61zJz4xprnL.jpg;https://m.media-amazon.com/images/I/614l9yppMqL.jpg;https://m.media-amazon.com/images/I/71t66jJaeOL.jpg;https://m.media-amazon.com/images/I/6114hMppanL.jpg;https://m.media-amazon.com/images/I/610im1ZvntL.jpg","Audio Array AM-C30 Metal RGB Professional USB Microphone | One-Touch Mute, Gain & No-Latency Monitoring Controls | Shock Mount and Tripod | for PC/Mobile, Gaming, Streaming, Podcasting & Voiceover","","10321","11780","13186","10378","2","","5","3","B0C4YTNJG7","Audio Array"
"https://m.media-amazon.com/images/I/41wdmpzSkuL.jpg;https://m.media-amazon.com/images/I/41Q-S6x6G1L.jpg;https://m.media-amazon.com/images/I/51JBpUDxamL.jpg;https://m.media-amazon.com/images/I/51uyDo3R4DL.jpg;https://m.media-amazon.com/images/I/51WfNO1ncVL.jpg;https://m.media-amazon.com/images/I/41+Alx728jL.jpg;https://m.media-amazon.com/images/I/415COAmDJkL.jpg;https://m.media-amazon.com/images/I/610im1ZvntL.jpg","Audio Array AM-C32 Professional RGB USB Condenser Microphone with Tripod/Pop Filter & Shock Mount | No Latency Monitoring & Mute Button | For PC/Mobile, Gaming, Podcast, Streaming, Recording & Singing","","17358","10910","10705","14996","4","","3.8","10","B0C539RBGL","Audio Array"
"https://m.media-amazon.com/images/I/31pUapmkF5L.jpg;https://m.media-amazon.com/images/I/61wY8vDSGTL.jpg;https://m.media-amazon.com/images/I/616uyOCdjyL.jpg;https://m.media-amazon.com/images/I/61GFPYc8WeL.jpg;https://m.media-amazon.com/images/I/61oOoTbvDCL.jpg;https://m.media-amazon.com/images/I/610im1ZvntL.jpg","Audio Array AA-15 Gaming Microphone Boom Arm Stand | 1M reach | Premium Metal design with Internal Spring | Heavy Duty Mic Stand | 1.5kg Weight Capacity | 5/8"" to 3/8"" Screw Adapter | Cable Ties","","","","","23923","0","","3.7","10","B0C53CQV5Z","Audio Array"
"https://m.media-amazon.com/images/I/41fZoq36eQL.jpg;https://m.media-amazon.com/images/I/61Lx5lfcIeL.jpg;https://m.media-amazon.com/images/I/61eku6k0f-L.jpg;https://m.media-amazon.com/images/I/515e-HLZYsL.jpg;https://m.media-amazon.com/images/I/51cMDLGkDEL.jpg;https://m.media-amazon.com/images/I/61DiEPkTklL.jpg;https://m.media-amazon.com/images/I/610im1ZvntL.jpg","Audio Array AM-A1 Mic Activator | In-line Pre-amp | +25dB Gain | Supports Dynamic Mics AM-C11, Shure SM7B, Shure MV7, etc | Livestream, Singing, Podcast, Vocal Recordings | Requires +48V Phantom Power","","18190","17100","15764","13071","0","","4.2","17","B0C55M2GBN","Audio Array"
"https://m.media-amazon.com/images/I/61vOiAnpbOL.jpg;https://m.media-amazon.com/images/I/61uRQGTJc7L.jpg;https://m.media-amazon.com/images/I/61LJ6D7fgbL.jpg;https://m.media-amazon.com/images/I/610nSN38plL.jpg;https://m.media-amazon.com/images/I/61qR3yrVqPL.jpg;https://m.media-amazon.com/images/I/61keoak1AhL.jpg;https://m.media-amazon.com/images/I/610im1ZvntL.jpg","Audio Array AM-C37 Premium USB/XLR Dynamic Podcast Microphone | Volume, Mute Controls & Headphone Monitoring | Premium Metal Build | 2 Meter USB Cable Included | 96kHz/24bit Studio Performance","","17468","16420","12807","11654","0","","3.4","14","B0C55MY66L","Audio Array"
"https://m.media-amazon.com/images/I/61RvLyjVWqL.jpg;https://m.media-amazon.com/images/I/81plFDreMvL.jpg;https://m.media-amazon.com/images/I/8171PTiJZHL.jpg;https://m.media-amazon.com/images/I/91UTccvAwJL.jpg;https://m.media-amazon.com/images/I/81iSusXRAHL.jpg;https://m.media-amazon.com/images/I/51EA5EEmGLL.jpg;https://m.media-amazon.com/images/I/61S5HhrjwuL.jpg;https://m.media-amazon.com/images/I/71HgHPinKFL.jpg;https://m.media-amazon.com/images/I/61eWhVeBmYL.jpg","Audio Array AM-C38 Condenser Shotgun Microphone | Super Cardioid Pickup | 3.5mm TRRS to TRS Cables & Windshield | 2X 3.5mm Ports for Headphone and Mic | 50h Battery Backup | DSLR & Mobile Support","","14048","13695","12889","10218","0","","5","1","B0C55QXL83","Audio Array"
"https://m.media-amazon.com/images/I/51zej2PfzlL.jpg;https://m.media-amazon.com/images/I/61nsB9fXWuL.jpg;https://m.media-amazon.com/images/I/61fUMevXyZL.jpg;https://m.media-amazon.com/images/I/61-dZw5P1yL.jpg;https://m.media-amazon.com/images/I/610im1ZvntL.jpg;https://m.media-amazon.com/images/I/618w6o5thCL.jpg","Audio Array AM-C34 Lapel Microphone | 1M Long & Strong Cable | 3.5mm Audio Jack | TRRS to TRS & TRRS to USB Type C adapters | Omnidirectional Pickup | Mic Cover & Leather Carry Bag Included","","18498","16419","14898","14373","4","","1.6","4","B0C594FZLM","Audio Array"
"https://m.media-amazon.com/images/I/519nOPUNTvL.jpg;https://m.media-amazon.com/images/I/61nSqGWmT6L.jpg;https://m.media-amazon.com/images/I/61v0FuV6XQL.jpg;https://m.media-amazon.com/images/I/61MyC5Ux7SL.jpg;https://m.media-amazon.com/images/I/61bxbZJP8ZL.jpg;https://m.media-amazon.com/images/I/610im1ZvntL.jpg","Audio Array AM-C33 Lapel Microphone | 1M Long, Strong Cable | 3.5mm TRRS | 3.5mm TRRS Port & TRRS to TRS Adapter | Omnidirectional Pickup | Mic Cover & Leather Carry Bag Included | 1 Year Warranty","","18498","16452","14332","13788","3","","4.2","5","B0C5957W3P","Audio Array"
"https://m.media-amazon.com/images/I/51VmzsZ6tyL.jpg;https://m.media-amazon.com/images/I/61D9ysR4yVL.jpg;https://m.media-amazon.com/images/I/61x-8OLY1HL.jpg;https://m.media-amazon.com/images/I/61nunXHCGGL.jpg;https://m.media-amazon.com/images/I/610im1ZvntL.jpg;https://m.media-amazon.com/images/I/61p8layr7PL.jpg","Audio Array AM-C35 Dual Head Lapel Microphone | 1m x2 Long Cables | 3.5mm TRRS Cable | TRRS to TRS & TRRS to Type C adapters | Omnidirectional Pickup | with Mic Covers & Leather Bag | 1 Year Warranty","","69693","60603","51336","35368","0","","3.7","5","B0C598MNMC","Audio Array"
"https://m.media-amazon.com/images/I/51-EwzrSeML.jpg;https://m.media-amazon.com/images/I/611RREhHjGL.jpg;https://m.media-amazon.com/images/I/61gwgGSmBTL.jpg;https://m.media-amazon.com/images/I/61tuF4Kcl4L.jpg;https://m.media-amazon.com/images/I/610im1ZvntL.jpg;https://m.media-amazon.com/images/I/61Nj38ct0YL.jpg","Audio Array AM-C36 Lapel Microphone | 1M Long & Strong Cable | 3.5mm TRRS| 3.5mm TRRS Port, TRRS to TRS & TRRS to USB Type C adapters | Omnidirectional Pickup | Mic Cover & Leather Bag Included","","18498","16266","14359","13684","3","","","","B0C598Q6PT","Audio Array"
"https://m.media-amazon.com/images/I/51t0Khl41oL.jpg;https://m.media-amazon.com/images/I/71gBW12-qPL.jpg;https://m.media-amazon.com/images/I/71m9EN99rfL.jpg;https://m.media-amazon.com/images/I/71yMwrxH73L.jpg;https://m.media-amazon.com/images/I/610im1ZvntL.jpg","Audio Array AA-10 Heavy Duty Springless Microphone Arm Stand | 50cm+50cm=100cm length with 1.8kg Capacity for stability | Non-rebound arm along with multi-angle adjustment | 5/8"" - 3/8"" Screw Adapter","","22916","20731","17642","13758","0","","3.5","19","B0C59G1C4N","Audio Array"
"","Audio Array AA-24","","","","","","0","","","","B0CF5PCL34","Audio Array"
"https://m.media-amazon.com/images/I/41ahI6DbrAL.jpg","Audio Array AA-16 Microphone Arm Stand | 92cm length | 3 pivoting joints for flexible height and position adjustments | Smart Cable Management | 1kg Weight Capacity | 5/8"" to 3/8"" Screw Adapter","","","","","","0","","","","B0CF5T1LFR","Audio Array"
"https://m.media-amazon.com/images/I/41RJ05mtzXL.jpg;https://m.media-amazon.com/images/I/71sraToJxwL.jpg;https://m.media-amazon.com/images/I/71verwt3LxL.jpg;https://m.media-amazon.com/images/I/61SNQfeuWpL.jpg;https://m.media-amazon.com/images/I/71dMmKdRqXL.jpg;https://m.media-amazon.com/images/I/719slSQIEJL.jpg;https://m.media-amazon.com/images/I/610im1ZvntL.jpg","Audio Array AA-18 Microphone Arm Stand | 85cm reach | Armoured Microphone Stand | 3 pivoting joints for flexible height and position adjustments | 1kg Weight Capacity | 5/8"" to 3/8"" Screw Adapter","","45113","42355","31280","21373","0","","5","4","B0CF5T89FT","Audio Array"
"https://m.media-amazon.com/images/I/41JI8H23OTL.jpg;https://m.media-amazon.com/images/I/61tfgyIsGQL.jpg;https://m.media-amazon.com/images/I/61WzO5-cyAL.jpg;https://m.media-amazon.com/images/I/612z2G5ebVL.jpg;https://m.media-amazon.com/images/I/61yIgNyPdpL.jpg;https://m.media-amazon.com/images/I/610im1ZvntL.jpg","Audio Array AA-17 Microphone Arm Stand | 85cm reach | 3 pivoting joints for flexible height and position adjustments | Smart Cable Management | 1.6kg Weight Capacity | 5/8"" to 3/8"" Screw Adapter","","","","39543","19391","0","","4.8","9","B0CF5TDLFH","Audio Array"
"","Audio Array AA-23","","","","","","0","","","","B0CF5TVDRT","Audio Array"
"https://m.media-amazon.com/images/I/41zvBzvC16L.jpg;https://m.media-amazon.com/images/I/51or-usBWHL.jpg;https://m.media-amazon.com/images/I/51wgBnXNXNL.jpg;https://m.media-amazon.com/images/I/519tplLsCQL.jpg;https://m.media-amazon.com/images/I/51u6zyLeBbL.jpg;https://m.media-amazon.com/images/I/51+nwcBbtSL.jpg;https://m.media-amazon.com/images/I/51w6iF6bofL.jpg;https://m.media-amazon.com/images/I/610im1ZvntL.jpg","Audio Array AB-01 Audio Interface Podcasting Streaming Console Mixer with Bluetooth & XLR to 3.5mm Condenser Mic | Upto 8hr Battery Backup| Gaming, Streaming | Compatible with Mobile & Computers","","2505","3191","2783","2715","10","","3.9","72","B0CF5WXWFH","Audio Array"
"https://m.media-amazon.com/images/I/71UXVKqFZvL.jpg;https://m.media-amazon.com/images/I/81SIbrWk+6L.jpg;https://m.media-amazon.com/images/I/91odS54VV6L.jpg;https://m.media-amazon.com/images/I/91sd5tFpmrL.jpg;https://m.media-amazon.com/images/I/91gwRpZQJCL.jpg;https://m.media-amazon.com/images/I/610im1ZvntL.jpg","Audio Array AI-05 2x4 Audio Interface | Premium Mic Pre-Amps | 48V Phantom Power Support | 24-bit/192kHz | Built-in FX Control | 2 Headphone Outputs | 4 XLR/MIC/LINE inputs | Plug and Play-No Drivers","","39582","35753","31385","24030","0","","3.8","6","B0CF9BY345","Audio Array"
"https://m.media-amazon.com/images/I/61GLEdBEkIL.jpg;https://m.media-amazon.com/images/I/61j-A3S2ZVL.jpg;https://m.media-amazon.com/images/I/6150B-maHbL.jpg;https://m.media-amazon.com/images/I/71ZDqdxtxvL.jpg;https://m.media-amazon.com/images/I/71ctDaP-N-L.jpg;https://m.media-amazon.com/images/I/61DiEPkTklL.jpg;https://m.media-amazon.com/images/I/610im1ZvntL.jpg","Audio Array AI-08 Mini Stereo Audio Mixer | 4 Channel 1/4"" TRS Audio Input Jacks | Line Mixer Stereo/Mono Switch | Mic, Guitar Amplifier | RGB Knobs & 5V/2A DC power | Podcasting & Karaoke | MH400","","","","49718","25325","0","","4.4","10","B0CH4TDGPG","Audio Array"
"https://m.media-amazon.com/images/I/51qQ0ze+6KL.jpg;https://m.media-amazon.com/images/I/61PYCA6dpxL.jpg;https://m.media-amazon.com/images/I/71k+cMmxoHL.jpg;https://m.media-amazon.com/images/I/71qKY7Gqq6L.jpg;https://m.media-amazon.com/images/I/61DiEPkTklL.jpg;https://m.media-amazon.com/images/I/61HQMJHZzJL.jpg;https://m.media-amazon.com/images/I/610im1ZvntL.jpg","Audio Array AI-07 4-Channel Headphone Amplifier with 1/4"" and 1/8"" TRS Jack Input & Output | Dj Mixer & Headphone Splitter Amplifier | Separate Volume Control | DC5V 2A | Podcast Monitoring PH400","","","","","25414","0","","4.2","14","B0CH4THGGM","Audio Array"
"https://m.media-amazon.com/images/I/51JxLpNGaYL.jpg;https://m.media-amazon.com/images/I/617RfFE9UwL.jpg;https://m.media-amazon.com/images/I/61s7YvY5qpL.jpg;https://m.media-amazon.com/images/I/61v4B0sUXPL.jpg;https://m.media-amazon.com/images/I/61QU0YDRWTL.jpg;https://m.media-amazon.com/images/I/61cIxrCHEML.jpg;https://m.media-amazon.com/images/I/610im1ZvntL.jpg","Audio Array AI-09 Professional Dual Channel Balanced Stereo +48V Phantom Power Supply Active DI Box | 9V Battery and 5V DC Power | -15dB pad & HPF | Multi Instrument Input for Live & Studio Sound J22","","38370","34861","30620","24147","0","","4.6","3","B0CH4WFQF6","Audio Array"
"https://m.media-amazon.com/images/I/61OkLDjH2pL.jpg;https://m.media-amazon.com/images/I/61LpHNeVrvL.jpg;https://m.media-amazon.com/images/I/71OVkKCf9FL.jpg;https://m.media-amazon.com/images/I/61pujkVTRYL.jpg;https://m.media-amazon.com/images/I/61gYK1WPFkL.jpg;https://m.media-amazon.com/images/I/71wLkGi847L.jpg;https://m.media-amazon.com/images/I/717aHL22NFL.jpg;https://m.media-amazon.com/images/I/610im1ZvntL.jpg","Audio Array AI-02 2x2 Premium Audio Interface | Superior Midas Mic Pre-Amps | 48V Phantom Power | USB Bus 3.0 Ultra Low Latency | XLR/LINE inputs | Plug & Play-No Drivers | Metal Body | Metallic Red","","12468","12053","11233","9888","0","50","3.4","50","B0CLH7G5WH","Audio Array"
"https://m.media-amazon.com/images/I/51tTud71DUL.jpg;https://m.media-amazon.com/images/I/610im1ZvntL.jpg","Audio Array AB-02 Professional Voiceover Podcasting Streaming Bundle with Audio Interface & XLR Condenser Mic Kit | Studio Quality Setup | Podcast, Gaming, Streaming | Compatible with Mobile/PC","","","","","39351","0","","","","B0CPXVV5XN","Audio Array"
"https://m.media-amazon.com/images/I/61hEyQ3BfjL.jpg","Audio Array AB-05 Dual Professional Podcasting Voiceover Streaming Bundle | Audio Interface, Dynamic Mics & Boom-arms | Studio Quality Setup | Podcast, Gaming, Streaming | For Mobile & Computers","","","","66855","60125","0","","","","B0CPXWXCBS","Audio Array"
"https://m.media-amazon.com/images/I/51IAibKiu3L.jpg;https://m.media-amazon.com/images/I/610im1ZvntL.jpg","AB-03","","","","","","0","","","","B0CPXXJM6C","Audio Array"
"https://m.media-amazon.com/images/I/615lvlQT-iL.jpg;https://m.media-amazon.com/images/I/610im1ZvntL.jpg","Audio Array AB-04 Professional Dual Voiceover Podcasting Bundle with Audio Interface and Condenser Mic Kit | Studio Quality Setup | Podcast, Gaming, Streaming | Compatible with Mobile & Computers","","","","67193","53614","0","","","","B0CPXXYY6H","Audio Array"
"https://m.media-amazon.com/images/I/51PnH3TZt+L.jpg;https://m.media-amazon.com/images/I/616Ay0fwR+L.jpg;https://m.media-amazon.com/images/I/41xKRiqv3IL.jpg;https://m.media-amazon.com/images/I/61wm1GUiq7L.jpg;https://m.media-amazon.com/images/I/61ws3MgP9zL.jpg;https://m.media-amazon.com/images/I/51ezoWYA0wL.jpg","Audio Array AWB-01 Wireless Mics AM-W10 & Handheld Interview Adapter AA-25 | Premium Lapel Microphones for Vlogging, Streaming & Recording | 10hr Battery Backup & 100M Range | All Accessories in Box","","","","66840","62073","0","","","","B0D3M13T6H","Audio Array"
"https://m.media-amazon.com/images/I/51E+Z0LdZIL.jpg;https://m.media-amazon.com/images/I/41izq4GSVRL.jpg;https://m.media-amazon.com/images/I/51fA9KtqQWL.jpg;https://m.media-amazon.com/images/I/61ysvhzROyL.jpg;https://m.media-amazon.com/images/I/51Kw-iiSX7L.jpg;https://m.media-amazon.com/images/I/51sKss-nJjL.jpg;https://m.media-amazon.com/images/I/51Iq3KvfsTL.jpg;https://m.media-amazon.com/images/I/51h-gYIM6wL.jpg;https://m.media-amazon.com/images/I/51l8ERifDqL.jpg","Audio Array AM-C1 USB Condenser Microphone Kit | for Podcasting, Online Meeting, Gaming, Singing & Live Streaming | Boom Arm, Pop Filter, Mic Cover, Spider Shock Mount, Tripod & 2.5M USB Cable","","34941","34304","33068","29769","0","","5","2","B0DFTVZPM8","Audio Array"
"https://m.media-amazon.com/images/I/61xlEDFCi7L.jpg;https://m.media-amazon.com/images/I/51HLqHiP9gL.jpg;https://m.media-amazon.com/images/I/51icBvCPMEL.jpg;https://m.media-amazon.com/images/I/510HGgNaoxL.jpg;https://m.media-amazon.com/images/I/51ZR6ZA4f2L.jpg;https://m.media-amazon.com/images/I/51uG214I78L.jpg;https://m.media-amazon.com/images/I/517X8klWBhL.jpg;https://m.media-amazon.com/images/I/51RkbWduywL.jpg","Audio Array Ultimate Podcast Bundle | Dynamic Microphone with USB/XLR Connectivity & 24-Bit/192kHz Audio Interface | Ideal for Podcasting, Streaming, Voice Recording & Content Creation - PB-01","","8567","9041","7386","2816","4","","3.2","4","B0FJ2HZCVN","Audio Array"
"https://m.media-amazon.com/images/I/71FC+h-FbrL.jpg;https://m.media-amazon.com/images/I/51ldCpjhIyL.jpg;https://m.media-amazon.com/images/I/415WMJUIeEL.jpg;https://m.media-amazon.com/images/I/41e2tqUeSQL.jpg;https://m.media-amazon.com/images/I/51XzwIzP+UL.jpg;https://m.media-amazon.com/images/I/51rT6nmJXmL.jpg;https://m.media-amazon.com/images/I/51mvb3eFQQL.jpg;https://m.media-amazon.com/images/I/51SnrfmUQxL.jpg","Audio Array Ultimate Gaming Bundle | Condenser Mic with Boom Arm & Sound Card | Streaming Kit for PC/Mobile with 14 FX, Voice Modes, Loopback, Real Time Monitoring |for YouTube & Live Stream| GB-01","","213","344","328","255","25","","3.9","424","B0FJ2K95XT","Audio Array"
"https://m.media-amazon.com/images/I/612qcJsMMUL.jpg;https://m.media-amazon.com/images/I/51HLqHiP9gL.jpg;https://m.media-amazon.com/images/I/51icBvCPMEL.jpg;https://m.media-amazon.com/images/I/41k5211RH4L.jpg;https://m.media-amazon.com/images/I/510HGgNaoxL.jpg;https://m.media-amazon.com/images/I/51ZR6ZA4f2L.jpg;https://m.media-amazon.com/images/I/31qEhNe8quL.jpg;https://m.media-amazon.com/images/I/51RkbWduywL.jpg;https://m.media-amazon.com/images/I/51uG214I78L.jpg","Audio Array Podcast Kit | USB/XLR Dynamic Mic with Boom Arm & Audio Interface 24-Bit/192kHz | Metal Build | Plug & Play | No-Latency Monitoring for Streaming, Recording & Content Creation - PB-05","","","","","","0","","","","B0FJ8T4WXM","Audio Array"
"https://m.media-amazon.com/images/I/61MF5d610bL.jpg;https://m.media-amazon.com/images/I/51HLqHiP9gL.jpg;https://m.media-amazon.com/images/I/51rYh-3cB8L.jpg;https://m.media-amazon.com/images/I/41k5211RH4L.jpg;https://m.media-amazon.com/images/I/510HGgNaoxL.jpg;https://m.media-amazon.com/images/I/51+yI7+JkZL.jpg;https://m.media-amazon.com/images/I/31qEhNe8quL.jpg;https://m.media-amazon.com/images/I/51uG214I78L.jpg;https://m.media-amazon.com/images/I/51Md99loJvL.jpg","Audio Array Pro Podcast Bundle | USB/XLR Dynamic Microphone with 24-Bit/192kHz Audio Interface & Boom Arm | Real-Time Monitoring, Plug & Play for Streaming, Recording & Content Creation - PB-06","","18521","11720","12768","15678","3","","3","2","B0FJ8TWCQZ","Audio Array"
"https://m.media-amazon.com/images/I/6187536govL.jpg;https://m.media-amazon.com/images/I/51hXrLQTRdL.jpg;https://m.media-amazon.com/images/I/51fMULq7X2L.jpg;https://m.media-amazon.com/images/I/51xZuyQOMxL.jpg;https://m.media-amazon.com/images/I/51fJtwgagEL.jpg;https://m.media-amazon.com/images/I/51snIjp2dDL.jpg;https://m.media-amazon.com/images/I/51ozk2J8rFL.jpg;https://m.media-amazon.com/images/I/51xYblMoILL.jpg;https://m.media-amazon.com/images/I/51UTXIFywYL.jpg","Audio Array RGB Gaming Bundle | RGB Dynamic Mic 24-Bit/192kHz with Sound Card | Audio, Voice FX, AI Noise Cancellation, Plug & Play for Streaming, Gaming, Podcasting & YouTube","","","","","","0","","","","B0FJ8V2LZM","Audio Array"
"https://m.media-amazon.com/images/I/6187536govL.jpg;https://m.media-amazon.com/images/I/51fMULq7X2L.jpg;https://m.media-amazon.com/images/I/51hXrLQTRdL.jpg;https://m.media-amazon.com/images/I/51fJtwgagEL.jpg;https://m.media-amazon.com/images/I/51xZuyQOMxL.jpg;https://m.media-amazon.com/images/I/51ozk2J8rFL.jpg;https://m.media-amazon.com/images/I/51snIjp2dDL.jpg;https://m.media-amazon.com/images/I/51UTXIFywYL.jpg;https://m.media-amazon.com/images/I/51xYblMoILL.jpg","Audio Array RGB Gaming Bundle|RGB USB Dynamic Microphone with Sound Card – Mute, Volume Control, Monitoring, Noise Cancellation, Voice Effects|for Streaming, Podcasting, Gaming, Singing - GB-04","","47881","44824","32999","29121","0","","","","B0FJ8W5Y9Q","Audio Array"
"https://m.media-amazon.com/images/I/61UapMvG3lL.jpg;https://m.media-amazon.com/images/I/51HLqHiP9gL.jpg;https://m.media-amazon.com/images/I/51hXrLQTRdL.jpg;https://m.media-amazon.com/images/I/41k5211RH4L.jpg;https://m.media-amazon.com/images/I/510HGgNaoxL.jpg;https://m.media-amazon.com/images/I/51xZuyQOMxL.jpg;https://m.media-amazon.com/images/I/31qEhNe8quL.jpg;https://m.media-amazon.com/images/I/51RkbWduywL.jpg;https://m.media-amazon.com/images/I/51snIjp2dDL.jpg","Audio Array RGB Podcast Bundle | Dynamic RGB USB/XLR Mic with 24-Bit/192kHz Audio Interface & Boom Arm | AI Noise Cancelling, Plug & Play Kit for Streaming, Podcasting, Gaming & Recording - PB-07","","18521","11682","13042","15488","2","","","","B0FJ8Z1W81","Audio Array"
"https://m.media-amazon.com/images/I/61LDKw26mJL.jpg;https://m.media-amazon.com/images/I/612AXXX+cKL.jpg;https://m.media-amazon.com/images/I/61XRaZXAeZL.jpg;https://m.media-amazon.com/images/I/71RzwiZET5L.jpg;https://m.media-amazon.com/images/I/51bALqydJ3L.jpg;https://m.media-amazon.com/images/I/61mP+XyK-xL.jpg;https://m.media-amazon.com/images/I/61cBS9MmO1L.jpg;https://m.media-amazon.com/images/I/61FzrEVliLL.jpg","Audio Array AM-C42 Plug & Play AI Noise Cancelling USB Condenser Microphone | Mute Button/Echo/Volume Knob | Kit with Boom Arm & Pop Filter | Karaoke, Gaming, Streaming, Podcast | Mac/PC/Mobile","","9036","6557","5367","4659","5","","3","2","B0FLYJFC22","Audio Array"
"https://m.media-amazon.com/images/I/61lO-ZNejfL.jpg;https://m.media-amazon.com/images/I/511TeRz1XTL.jpg;https://m.media-amazon.com/images/I/41Bnoy1y6kL.jpg;https://m.media-amazon.com/images/I/51Ym5bgvpuL.jpg;https://m.media-amazon.com/images/I/41ZG0e2PvLL.jpg;https://m.media-amazon.com/images/I/51IE5XuR0dL.jpg;https://m.media-amazon.com/images/I/61FNIBUvUgL.jpg;https://m.media-amazon.com/images/I/51v3bxfTA9L.jpg;https://m.media-amazon.com/images/I/61Icg3pSa-L.jpg","Audio Array Studio Monitor Bundle with 60W Powered Speakers & Adjustable Metal Stands | Bluetooth, HDMI ARC, USB-C, RCA Inputs | Professional Studio Monitors for Home Studio, Streaming & Gaming-UB-02","","442","325","345","550","24","","3.7","6","B0FN7B3KWS","Audio Array"
"https://m.media-amazon.com/images/I/61A+eHKMnkL.jpg;https://m.media-amazon.com/images/I/51hXrLQTRdL.jpg;https://m.media-amazon.com/images/I/51fMULq7X2L.jpg;https://m.media-amazon.com/images/I/412oKji2Q0L.jpg;https://m.media-amazon.com/images/I/51xZuyQOMxL.jpg;https://m.media-amazon.com/images/I/51fJtwgagEL.jpg;https://m.media-amazon.com/images/I/41k5211RH4L.jpg;https://m.media-amazon.com/images/I/51xYblMoILL.jpg;https://m.media-amazon.com/images/I/51UTXIFywYL.jpg","Audio Array RGB Gaming Mic Bundle with USB/XLR Microphone, Boom Arm & Sound Card Mixer | Streaming Mic Kit with Voice Effects, AI Noise Cancel, RGB Lights for Podcasting, Gaming & Recording - PB-09","","47881","44815","32915","29351","0","","","","B0FN7FYZM3","Audio Array"
"https://m.media-amazon.com/images/I/71PkxWbW+tL.jpg;https://m.media-amazon.com/images/I/71bECZxOa1L.jpg;https://m.media-amazon.com/images/I/415WMJUIeEL.jpg;https://m.media-amazon.com/images/I/51TMA5nQCzL.jpg;https://m.media-amazon.com/images/I/41e2tqUeSQL.jpg;https://m.media-amazon.com/images/I/812MlASPCyL.jpg;https://m.media-amazon.com/images/I/51yCXq1MBgL.jpg;https://m.media-amazon.com/images/I/51rT6nmJXmL.jpg;https://m.media-amazon.com/images/I/71vHvijw--L.jpg","Audio Array Professional Bundle with Sound Card, USB Condenser Mic, Studio Headphones & Boom Arm | BT SoundCard with Voice Effects & Noise-Control Monitoring for Streaming Recording Podcasting - PB-13","","1278","","","","0","","3.8","5","B0FTVS34SD","Audio Array"
"https://m.media-amazon.com/images/I/61CwvrtuC1L.jpg;https://m.media-amazon.com/images/I/718JZqPXS8L.jpg;https://m.media-amazon.com/images/I/51rYh-3cB8L.jpg;https://m.media-amazon.com/images/I/41k5211RH4L.jpg;https://m.media-amazon.com/images/I/81AqbzB6JmL.jpg;https://m.media-amazon.com/images/I/51+yI7+JkZL.jpg;https://m.media-amazon.com/images/I/8141y7f-aDL.jpg;https://m.media-amazon.com/images/I/71VwLO6CNFL.jpg;https://m.media-amazon.com/images/I/51dq3GJmDVL.jpg","Audio Array Professional Dynamic Studio Bundle with Headphones – USB/XLR Dynamic Microphone, Boom Arm, Monitoring Headphones | 24-bit/192kHz, Plug & Play, No-Latency Recording, Monitoring - PB-11","","1278","7353","6141","6141","8","","4","6","B0FTVSH458","Audio Array"
"https://m.media-amazon.com/images/I/71-Eom8AZ-L.jpg;https://m.media-amazon.com/images/I/71bECZxOa1L.jpg;https://m.media-amazon.com/images/I/51fSf7dxhxL.jpg;https://m.media-amazon.com/images/I/415WMJUIeEL.jpg;https://m.media-amazon.com/images/I/812MlASPCyL.jpg;https://m.media-amazon.com/images/I/51BRPUX8grL.jpg;https://m.media-amazon.com/images/I/41e2tqUeSQL.jpg;https://m.media-amazon.com/images/I/71vHvijw--L.jpg;https://m.media-amazon.com/images/I/51rT6nmJXmL.jpg","Audio Array Professional Recording Bundle with BT Soundcard – USB Condenser Microphone, Studio Headphones | Cardioid Mic, Noise Reduction & 6 Sound Modes for Streaming Recording & Podcasting - PB-14","","1278","2942","3981","4147","18","","","","B0FTVV1QJY","Audio Array"
"https://m.media-amazon.com/images/I/61KRrq19AJL.jpg;https://m.media-amazon.com/images/I/81ZvfBKoUbL.jpg;https://m.media-amazon.com/images/I/51icBvCPMEL.jpg;https://m.media-amazon.com/images/I/51HLqHiP9gL.jpg;https://m.media-amazon.com/images/I/81UsiGYGtsL.jpg;https://m.media-amazon.com/images/I/41k5211RH4L.jpg;https://m.media-amazon.com/images/I/51uG214I78L.jpg;https://m.media-amazon.com/images/I/81JoTBAD2dL.jpg;https://m.media-amazon.com/images/I/51RkbWduywL.jpg","Audio Array Professional Dynamic Bundle with Headphones & Audio Interface - USB/XLR Dynamic Microphone, 24-bit/192kHz Interface, Boom Arm & Semi-Open Headphones | Plug & Play Podcast Kit - PB-12","","1958","6222","6202","7976","9","","3.8","5","B0FTVVLNS9","Audio Array"
"https://m.media-amazon.com/images/I/612jW+UT3dL.jpg;https://m.media-amazon.com/images/I/617ts1W6ZPL.jpg;https://m.media-amazon.com/images/I/61wkrRmpB1L.jpg;https://m.media-amazon.com/images/I/61XCgKOUOmL.jpg;https://m.media-amazon.com/images/I/71Q7ABS2+xL.jpg;https://m.media-amazon.com/images/I/71grzRA2-eL.jpg;https://m.media-amazon.com/images/I/71KU5tdrrKL.jpg;https://m.media-amazon.com/images/I/710fjeEKN8L.jpg;https://m.media-amazon.com/images/I/61XYpPqPv0L.jpg","Audio Array Wireless Mic | AI Noise Cancellation Mic, iPhone/Android Compatible, 32H Charging Case, Plug & Play for Vlogging, Streaming, Meetings & Video Recording","","1959","4021","3604","2346","13","10","3.9","109","B0G2C2RCXN","Audio Array"
"https://m.media-amazon.com/images/I/61vd20PCzfL.jpg;https://m.media-amazon.com/images/I/71e1UMwFkhL.jpg;https://m.media-amazon.com/images/I/7113pPxCdVL.jpg;https://m.media-amazon.com/images/I/71pfUWlv-hL.jpg;https://m.media-amazon.com/images/I/71jl1rOHjwL.jpg;https://m.media-amazon.com/images/I/71DMaVvKFBL.jpg;https://m.media-amazon.com/images/I/71046aQDY7L.jpg;https://m.media-amazon.com/images/I/71dcKfAUnRL.jpg;https://m.media-amazon.com/images/I/71j+DXAIylL.jpg","Audio Array Wired Voice Amplifier for Teachers 2026 Edition | Bluetooth 5.3 | Mic for Teaching with 10W Speaker, Tour Guides | 10Hrs Battery Life |1 Click Monitoring | TWS Connectivity AM-W47 Wired","","190","256","440","1430","23","50","4","29","B0G39ZHDYP","Audio Array"
"https://m.media-amazon.com/images/I/61N7hEs7NWL.jpg;https://m.media-amazon.com/images/I/71GDZas3-TL.jpg;https://m.media-amazon.com/images/I/71MO04p7PdL.jpg;https://m.media-amazon.com/images/I/7101Pfqb8ZL.jpg;https://m.media-amazon.com/images/I/71BttvmvkEL.jpg;https://m.media-amazon.com/images/I/71G2KacmPGL.jpg;https://m.media-amazon.com/images/I/71046aQDY7L.jpg;https://m.media-amazon.com/images/I/71dcKfAUnRL.jpg;https://m.media-amazon.com/images/I/71-dRdlJDYL.jpg","Audio Array Wireless Voice Amplifier 2026 Edition | Bluetooth 5.3 |10W Speaker | Teachers Mic with Speaker Wireless |10 Hrs Battery Life |1 Click Monitoring | TWS Connectivity AM-W47 Wireless","","190","257","1236","1897","21","10","4","29","B0G3B152FR","Audio Array"
"https://m.media-amazon.com/images/I/61kKb2MiMiL.jpg;https://m.media-amazon.com/images/I/511TeRz1XTL.jpg;https://m.media-amazon.com/images/I/41h1inlcPkL.jpg;https://m.media-amazon.com/images/I/51IE5XuR0dL.jpg;https://m.media-amazon.com/images/I/41CmtBlT4aL.jpg;https://m.media-amazon.com/images/I/51Ym5bgvpuL.jpg;https://m.media-amazon.com/images/I/41aTYvyqiVL.jpg;https://m.media-amazon.com/images/I/41suAwU8+ZL.jpg","Audio Array Studio Monitor Bundle with 60W Powered Speakers & Adjustable Metal Stands | Bluetooth, HDMI ARC, USB-C, RCA Inputs | Professional Studio Monitors for Home Studio, Streaming & Gaming-UB-03","","419","327","349","618","21","","2.2","4","B0G3B677Z5","Audio Array"
"https://m.media-amazon.com/images/I/51-eFCv1izL.jpg;https://m.media-amazon.com/images/I/81a1RDcPtKL.jpg;https://m.media-amazon.com/images/I/91gACymvSSL.jpg;https://m.media-amazon.com/images/I/81aqcWHf0aL.jpg;https://m.media-amazon.com/images/I/81wleN7dHcL.jpg;https://m.media-amazon.com/images/I/71DqcgIINqL.jpg;https://m.media-amazon.com/images/I/81sbd32sunL.jpg;https://m.media-amazon.com/images/I/71Yh7lPeW5L.jpg","Audio Array Magnetic Wireless Mic with Charging Pouch 2026 Edition 24Bit/ 48Khz, iPhone/Android/iPad/Laptop, AI Noise Reduction, 50H Battery, 230ft Range for Recording, Vlogging | AM-W23","","2128","2581","2634","2736","16","","4","155","B0G3Q517Y2","Audio Array"
"https://m.media-amazon.com/images/I/716qDPuJvUL.jpg;https://m.media-amazon.com/images/I/71QbkLNdp-L.jpg;https://m.media-amazon.com/images/I/81THLmsL5iL.jpg;https://m.media-amazon.com/images/I/8176PuX513L.jpg;https://m.media-amazon.com/images/I/81O-xQaW3uL.jpg;https://m.media-amazon.com/images/I/91Rr-luk7YL.jpg;https://m.media-amazon.com/images/I/81Oek+Fuf-L.jpg;https://m.media-amazon.com/images/I/71+YTuOmxkL.jpg;https://m.media-amazon.com/images/I/71SpvbSkp3L.jpg","Audio Array AM-W24 2026 Edition Wireless Lapel Microphone with Magnetic Collar Clip, Charging Case,for iPhone/Android/iPad, 30H Battery, 200ft Range, Plug & Play for Recording,Vlogging, Streaming","","2258","3855","3558","2638","18","10","3.9","109","B0G3Q59X8C","Audio Array"
"https://m.media-amazon.com/images/I/61Q8-cDICdL.jpg;https://m.media-amazon.com/images/I/81bm6S6il2L.jpg;https://m.media-amazon.com/images/I/81ZlQYhGZrL.jpg;https://m.media-amazon.com/images/I/81AzVsczNjL.jpg;https://m.media-amazon.com/images/I/81YrLK8XuoL.jpg;https://m.media-amazon.com/images/I/81IEXv76-EL.jpg;https://m.media-amazon.com/images/I/81bOeaiMIsL.jpg;https://m.media-amazon.com/images/I/71U0yWMMU3L.jpg;https://m.media-amazon.com/images/I/81oLS9r3Z0L.jpg","Audio Array AM-C48 XLR/USB Professional Full RGB Dynamic Microphone Kit | AI Noise Cancellation | Touch & Knob Controls | Built-in Headphone Monitoring | Podcasting, Recording, Streaming, YouTube","","810","1211","1021","2666","26","10","3.8","58","B0G4DNF8RZ","Audio Array"
"https://m.media-amazon.com/images/I/81H-p2nItJL.jpg;https://m.media-amazon.com/images/I/81INo1upG4L.jpg;https://m.media-amazon.com/images/I/7184SmJkTGL.jpg;https://m.media-amazon.com/images/I/71st6obL2uL.jpg;https://m.media-amazon.com/images/I/81v62TmlnpL.jpg","Audio Array AM-Pro8 8-Channel Hybrid USB Mixer 8 Analog+2 Digital Channels(L+R), 48kHz/16-Bit, Built-In Compressor, 6AUX Sends, Group Buses, Inserts, +24dBu Balanced Outputs for Live & Studio","","12096","9013","16264","17462","6","","","","B0G53CB72D","Audio Array"
"https://m.media-amazon.com/images/I/71OXRoQuHGL.jpg;https://m.media-amazon.com/images/I/812NDpp78dL.jpg;https://m.media-amazon.com/images/I/81DfWKa01kL.jpg;https://m.media-amazon.com/images/I/81lQN+E+g1L.jpg;https://m.media-amazon.com/images/I/71V6qWObWQL.jpg;https://m.media-amazon.com/images/I/81hzoB7Vl3L.jpg;https://m.media-amazon.com/images/I/81zrT2Q-HtL.jpg;https://m.media-amazon.com/images/I/814fH0JXpiL.jpg;https://m.media-amazon.com/images/I/610im1ZvntL.jpg","Audio Array Sound Mixer 2026 Edition Audio Mixer 4 Channel Hybrid USB | 4 Analog & 2 Digital Channels(L+R) | 2XLR In, 2 TRS In | +48V | Hi-Z, 2 Band EQ, Monitoring, TRS Out, USB-C Power | AI-13","","125","141","314","433","23","100","3.9","87","B0G53H49BS","Audio Array"
"https://m.media-amazon.com/images/I/81J7kUNdPsL.jpg;https://m.media-amazon.com/images/I/81idbRbsFRL.jpg;https://m.media-amazon.com/images/I/81+hXckfdYL.jpg;https://m.media-amazon.com/images/I/71u2MxPdk8L.jpg;https://m.media-amazon.com/images/I/81VAK-KqVoL.jpg;https://m.media-amazon.com/images/I/81BIO5mXG3L.jpg;https://m.media-amazon.com/images/I/8107+dFNOjL.jpg","Audio Array AM-Mix10 10-Channel Hybrid USB Mixer with10 Analog+2 Digital Channel (L+R), 48kHz/16-Bit DSP, +48V, USB-C Powered, AUX Sends, Built-In FX, XLR Outputs for Live, Studio & Podcast","","1550","1772","3974","6347","18","","3.7","12","B0G53KWRVW","Audio Array"
"https://m.media-amazon.com/images/I/81rip9SoXFL.jpg;https://m.media-amazon.com/images/I/811pILfU6UL.jpg;https://m.media-amazon.com/images/I/71dITCzbufL.jpg;https://m.media-amazon.com/images/I/81yMKkJZEKL.jpg;https://m.media-amazon.com/images/I/81jxi55SIRL.jpg","Audio Array AM-Pro12 12-Channel HYBRID USB Mixer 12 channel analog+2 digital 48kHz/16bit,128DSP Fx, Built-In Compressor, 4Group Buses, Inserts,+24dBu Balanced XLR Outs For Live, Studio & Broadcast","","12096","8761","10791","10325","7","","","","B0G53KWRWH","Audio Array"
"https://m.media-amazon.com/images/I/812aEIwQ4jL.jpg;https://m.media-amazon.com/images/I/81-bx6Z7FfL.jpg;https://m.media-amazon.com/images/I/81qQE5L1OGL.jpg;https://m.media-amazon.com/images/I/71xkzv6YIDL.jpg;https://m.media-amazon.com/images/I/81o2s2BvrIL.jpg;https://m.media-amazon.com/images/I/71y5QdNY60L.jpg","Audio Array AM-Mix4 OTG 4-Channel 3 Out Hybrid USB Summing Audio Mixer with 4 Analog + 2 Digital Channels(L+R), 192kHz/24-Bit OTG, 99 DSP FX, Logarithmic Faders, Balanced XLR Out, +48, Hi-Z, 3-Band EQ","","160","1045","15805","13129","19","","3.9","87","B0G53LZNY3","Audio Array"
"https://m.media-amazon.com/images/I/81XLqSOHlQL.jpg;https://m.media-amazon.com/images/I/817z5wgA4SL.jpg;https://m.media-amazon.com/images/I/811m0Ep06jL.jpg;https://m.media-amazon.com/images/I/81yauOc0fwL.jpg;https://m.media-amazon.com/images/I/81BICSAAo+L.jpg;https://m.media-amazon.com/images/I/71NPaGurGKL.jpg;https://m.media-amazon.com/images/I/91+OkQmQKLL.jpg;https://m.media-amazon.com/images/I/81P8Yjyl8mL.jpg;https://m.media-amazon.com/images/I/81XfEX43gaL.jpg","Audio Array 8-Channel Hybrid USB Audio Mixer with 8 Analog & 2 Digital Channels (L+R), 48kHz/16-Bit Processing, +50dB Gain, Combo XLR, +48, Hi-Z, 3-Band EQ, 99 DSP FX, Balanced XLR Output | AI-14","","125","141","311","1107","18","50","3.9","87","B0G53M9258","Audio Array"
"https://m.media-amazon.com/images/I/81jHaIDxIdL.jpg;https://m.media-amazon.com/images/I/81JeeuB7e0L.jpg;https://m.media-amazon.com/images/I/81bOGoepU3L.jpg;https://m.media-amazon.com/images/I/71Cwr8kxhyL.jpg;https://m.media-amazon.com/images/I/71PKpP3RcyL.jpg;https://m.media-amazon.com/images/I/71a7pzrqnyL.jpg;https://m.media-amazon.com/images/I/81SgeHqo+rL.jpg","Audio Array AM-Mix6 6-Channel Hybrid USB Audio Mixer with 6 Analogue + 2 Digital Channels(L+R), 48kHz/16-Bit, +50dB Mic Gain, PAD Switch, Dual AUX Sends,128 DSP FX, XLR Main Output, ≥102dB Max SPL","","1550","1870","4154","6145","17","","3.7","12","B0G53PRM34","Audio Array"
"https://m.media-amazon.com/images/I/71c3JrPAzKL.jpg;https://m.media-amazon.com/images/I/81ebW+QYp2L.jpg;https://m.media-amazon.com/images/I/71bpONBqIwL.jpg;https://m.media-amazon.com/images/I/81WVc5e7opL.jpg;https://m.media-amazon.com/images/I/71zR5Bt03RL.jpg;https://m.media-amazon.com/images/I/71DAwAKvk7L.jpg","Audio Array 60W Bluetooth Bookshelf Speaker Pair | 1.5"" Silk Dome Tweeter, 4"" Sub Woofer | Music & Monitor Mode | Aux, HDMI, USB-C, TRS & RCA Connectivity (AMS1)","","125722","96244","202732","209696","8","","4.5","2","B0GD8JSPB1","Audio Array"
"https://m.media-amazon.com/images/I/61xYOZHkRAL.jpg;https://m.media-amazon.com/images/I/81ALyOO-1KL.jpg;https://m.media-amazon.com/images/I/81X4v8Np+WL.jpg;https://m.media-amazon.com/images/I/81WE4qQ47eL.jpg;https://m.media-amazon.com/images/I/81Zq9XgZqUL.jpg;https://m.media-amazon.com/images/I/71RBvCJvkLL.jpg;https://m.media-amazon.com/images/I/71RV5gwQY7L.jpg","Audio Array A3-XLR 3-Pin Male to Female XLR Cable | 16 Amp High Current | Professional Audio Plug Silver Plated Contacts | Zinc Diecast Metal Body | Latch Lock Compatible with Mic, Mixer & PA Systems","","183","3755","4831","7327","13","","4","1","B0GMPGNXX3","Audio Array"
"https://m.media-amazon.com/images/I/81W43M1H26L.jpg;https://m.media-amazon.com/images/I/81OX56FbXsL.jpg;https://m.media-amazon.com/images/I/71xT8Iu-J1L.jpg;https://m.media-amazon.com/images/I/81720VZP1gL.jpg;https://m.media-amazon.com/images/I/813f6KwHwkL.jpg;https://m.media-amazon.com/images/I/81WJ7XD3KqL.jpg;https://m.media-amazon.com/images/I/718GwnO2ZxL.jpg","Audio Array MT-12 12 Analog+2 Digital Ch (L+R) Hybrid Analog+USB Mixer, Extra Sub Out+Fq Selector 48kHz DSP, 4XLR & 8 TRS In, 3-Band EQ, +48V, 24dBu XLR Out, Graphical EQ, Type-C, Studio & Streaming","","1550","1673","3186","3920","20","","3.7","12","B0GN2LHJY4","Audio Array"
"https://m.media-amazon.com/images/I/81lz5ywJfqL.jpg;https://m.media-amazon.com/images/I/810ig3RwvwL.jpg;https://m.media-amazon.com/images/I/81Tki1CddrL.jpg;https://m.media-amazon.com/images/I/81FeRbEo+5L.jpg;https://m.media-amazon.com/images/I/81wTi5LvXzL.jpg;https://m.media-amazon.com/images/I/81D2ybzYyNL.jpg;https://m.media-amazon.com/images/I/81mrq3R2wdL.jpg;https://m.media-amazon.com/images/I/81K15KtSuoL.jpg;https://m.media-amazon.com/images/I/71VGU7dfQZL.jpg","Audio Array Studio Monitors Speaker Pair 3.5"" | 50W RMS with Bluetooth 5.0 | Fiberglass Woofer & 1″ Silk Dome Tweeter, Class-D | TI 3116D2 Amp | TRS, RCA, AUX Inputs, Bass & Treble Control | AM-S2","","289","275","268","380","24","100","4.6","41","B0GN97RFPR","Audio Array"
"https://m.media-amazon.com/images/I/81rpXSf2NiL.jpg;https://m.media-amazon.com/images/I/81v-Ah+vX8L.jpg;https://m.media-amazon.com/images/I/81i55nP8mOL.jpg;https://m.media-amazon.com/images/I/81AZFl4AyqL.jpg;https://m.media-amazon.com/images/I/81arOD5AANL.jpg;https://m.media-amazon.com/images/I/81NbuQzV80L.jpg;https://m.media-amazon.com/images/I/91khDtrMbjL.jpg;https://m.media-amazon.com/images/I/61-C0MlG9jL.jpg","Audio Array Ear Pads Cushions Compatible with Audio Array AH-50 Professional DJ & Studio Headphones | Soft Protein Leather Earpads with Noise Isolating Soft Foam | Black","","","","4812","4812","0","","","","B0GNM35G8X","Audio Array"
"","Audio Array BM-320 Pro Professional Wireless UHF Microphone with Receiver Box","","","","","","0","","","","B0GV154XPQ","Audio Array"
"https://m.media-amazon.com/images/I/41sh3hHhhbL.jpg","Audio Array UHF IEM Audio Transmitter & Receiver System | PLL Frequency Stability | 100mW High Power Output | XLR & 6.35mm Input | Dual Monitoring Outputs | Metal Build | Low Noise Sound System | JT-1","","","","","","0","","","","B0GV15BVQC","Audio Array"
"https://m.media-amazon.com/images/I/71IdTC2LC4L.jpg;https://m.media-amazon.com/images/I/81tUialdRxL.jpg;https://m.media-amazon.com/images/I/81QCzjrRtmL.jpg;https://m.media-amazon.com/images/I/81MPtnmKc9L.jpg;https://m.media-amazon.com/images/I/81wulxdn3gL.jpg;https://m.media-amazon.com/images/I/81jwocIS0YL.jpg;https://m.media-amazon.com/images/I/81BEaFgLYdL.jpg;https://m.media-amazon.com/images/I/81rIf4LJxAL.jpg;https://m.media-amazon.com/images/I/81JVWuLTKSL.jpg","Audio Array Professional UHF Wireless Interview Microphone System | 100M Range | 6-8H Battery | 630-690MHz | Unidirectional Mic | 126dB SPL | for Stage & Karaoke | DP-718H","","","","","","0","","","","B0GW8XGPB2","Audio Array"
"https://m.media-amazon.com/images/I/61mJrlXFnML.jpg;https://m.media-amazon.com/images/I/81KGfKM6S6L.jpg;https://m.media-amazon.com/images/I/81kCONNUjZL.jpg;https://m.media-amazon.com/images/I/81gfXLzsa1L.jpg;https://m.media-amazon.com/images/I/81Pkb6Dqt9L.jpg;https://m.media-amazon.com/images/I/81gaAOemW1L.jpg;https://m.media-amazon.com/images/I/91DjMWmQa1L.jpg;https://m.media-amazon.com/images/I/61-C0MlG9jL.jpg","Audio Array Single Wireless Mic Transceiver | UHF Wireless Audio System | 24Bit/48kHz Audio | Dual Channel | 16 Frequency Channels | 30-50m Range | DSP Frequency Locking | 6-8H Battery Life |W5","","22647","15842","14968","14968","1","","2","1","B0GW8YC59C","Audio Array"
"https://m.media-amazon.com/images/I/812DxB4mzdL.jpg;https://m.media-amazon.com/images/I/81xx7MJVWiL.jpg;https://m.media-amazon.com/images/I/81ZHqMKWcqL.jpg;https://m.media-amazon.com/images/I/813BX3cdJQL.jpg;https://m.media-amazon.com/images/I/81bRyrr48GL.jpg;https://m.media-amazon.com/images/I/81FcqsBm43L.jpg;https://m.media-amazon.com/images/I/81lwOtatFOL.jpg;https://m.media-amazon.com/images/I/81lQEmjDfcL.jpg;https://m.media-amazon.com/images/I/81xFlWAvPvL.jpg","Audio Array UHF Wireless Microphone System | Anti-Feedback Technology | 100-150M Range | 6-8H Battery Life | 630-690MHz | 126dB SPL | for Stage & Karaoke | AM-W36 Pro","","830","7287","7287","7287","7","","4.1","159","B0GW92316G","Audio Array"
"https://m.media-amazon.com/images/I/61skc-isMPL.jpg","Audio Array Professional UHF Interview Microphone System | Type-C Receiver for Mobile Recording & 6.35mm| 100M Range | 6-8H Battery | 630-690MHz | Unidirectional Mic | 126dB SPL | USB718","","","","","","0","","","","B0GW92TQGV","Audio Array"
"https://m.media-amazon.com/images/I/81DORwHduJL.jpg;https://m.media-amazon.com/images/I/81y5GVextgL.jpg;https://m.media-amazon.com/images/I/81kILQQNOjL.jpg;https://m.media-amazon.com/images/I/81EbC3emloL.jpg;https://m.media-amazon.com/images/I/81+SE2alzAL.jpg;https://m.media-amazon.com/images/I/81uOCy5aHvL.jpg;https://m.media-amazon.com/images/I/81yn-ed4RhL.jpg;https://m.media-amazon.com/images/I/81TQ2UNYgnL.jpg","Audio Array Dual UHF Wireless Microphone System with Brief Case | 24Bit/48kHz Audio | Dual Channel Dynamic Mics | 50m Range | Cardioid Pickup | DSP Frequency Lock | Rechargeable Battery | AM-W32 Pro","","549","12583","12583","12583","1","","4.1","159","B0GW92TTMS","Audio Array"
"https://m.media-amazon.com/images/I/71C2rw+myPL.jpg;https://m.media-amazon.com/images/I/813+ZtPt0QL.jpg;https://m.media-amazon.com/images/I/81TglRZEfOL.jpg;https://m.media-amazon.com/images/I/91vFsOMlnfL.jpg;https://m.media-amazon.com/images/I/71Xs+bputnL.jpg;https://m.media-amazon.com/images/I/812xkRQRTEL.jpg;https://m.media-amazon.com/images/I/71aWCtx-nnL.jpg;https://m.media-amazon.com/images/I/715OLA1HLsL.jpg;https://m.media-amazon.com/images/I/81QO04OjjeL.jpg","Audio Array Wireless IEM Audio System | 24Bit/48kHz Audio | 108dB Dynamic Range | Stereo/Mono Input | 20-30m Range | OTG Output | 8H Battery | for Recording & Streaming | JTG800","","24808","16470","14721","14721","1","","","","B0GW92TVVC","Audio Array"
"https://m.media-amazon.com/images/I/61mJrlXFnML.jpg;https://m.media-amazon.com/images/I/81KGfKM6S6L.jpg;https://m.media-amazon.com/images/I/81kCONNUjZL.jpg;https://m.media-amazon.com/images/I/81gfXLzsa1L.jpg;https://m.media-amazon.com/images/I/81Pkb6Dqt9L.jpg;https://m.media-amazon.com/images/I/81gaAOemW1L.jpg;https://m.media-amazon.com/images/I/91DjMWmQa1L.jpg;https://m.media-amazon.com/images/I/61-C0MlG9jL.jpg","Audio Array Dual Wireless Mic Transceiver | UHF Wireless Audio System | 24Bit/48kHz Audio | Dual Channel | 16 Frequency Channels | 30-50m Range | DSP Frequency Locking | 6-8H Battery Life |W3","","724772","535318","406381","406381","0","","","","B0GW9461N5","Audio Array"
"https://m.media-amazon.com/images/I/71iObHbEKTL.jpg;https://m.media-amazon.com/images/I/81kILQQNOjL.jpg;https://m.media-amazon.com/images/I/81y5GVextgL.jpg;https://m.media-amazon.com/images/I/81+SE2alzAL.jpg;https://m.media-amazon.com/images/I/81EbC3emloL.jpg;https://m.media-amazon.com/images/I/81uOCy5aHvL.jpg;https://m.media-amazon.com/images/I/81yn-ed4RhL.jpg;https://m.media-amazon.com/images/I/81RoYIy5dTL.jpg","Audio Array Solo UHF Wireless Microphone System with Brief Case | 24Bit/48kHz Audio | Dual Channel Dynamic Mics | 50m Range | Cardioid Pickup | DSP Frequency Lock | Rechargeable Battery | AM-W33 Pro","","757","9717","8240","8240","9","","3.9","301","B0GW96SHSK","Audio Array"
"https://m.media-amazon.com/images/I/71vWchPhN0L.jpg;https://m.media-amazon.com/images/I/81cgj1rPqWL.jpg;https://m.media-amazon.com/images/I/81WWZ1mbJGL.jpg;https://m.media-amazon.com/images/I/81My+kTCDYL.jpg;https://m.media-amazon.com/images/I/91Jw8jy84sL.jpg;https://m.media-amazon.com/images/I/81vI3UJcGAL.jpg;https://m.media-amazon.com/images/I/81nMGSfX99L.jpg;https://m.media-amazon.com/images/I/61-C0MlG9jL.jpg","Audio Array Guitar Transceiver | 2.4GHz Wireless Audio System | 24Bit/48kHz Audio | 37 Channels | 30-50m Range | Low Latency | 6-8H Battery | for Recording & Streaming | AE831","","14146","9674","9674","9674","2","","","","B0GXP7LJ75","Audio Array"
"https://m.media-amazon.com/images/I/81lz5ywJfqL.jpg;https://m.media-amazon.com/images/I/81LnzIFvMfL.jpg;https://m.media-amazon.com/images/I/81wTi5LvXzL.jpg;https://m.media-amazon.com/images/I/81FeRbEo+5L.jpg;https://m.media-amazon.com/images/I/81Tki1CddrL.jpg;https://m.media-amazon.com/images/I/810ig3RwvwL.jpg;https://m.media-amazon.com/images/I/81BSIMqV03L.jpg;https://m.media-amazon.com/images/I/61-C0MlG9jL.jpg","Audio Array 3.5"" Bookshelf Speaker Pair | 50W RMS | Bluetooth Connectivity| 2 Modes | 3.5"" Fiberglass Woofer & 1"" Silk Dome Tweeter | TRS/RCA/AUX | Bass & Treble Control (AMS2)","","125722","97199","116523","116523","8","","","","B0H1MTP2ZP","Audio Array"
"https://m.media-amazon.com/images/I/71ptet-kJuL.jpg;https://m.media-amazon.com/images/I/71JbF4Gf7OL.jpg;https://m.media-amazon.com/images/I/81uhNpNqG3L.jpg;https://m.media-amazon.com/images/I/71P2nepqz2L.jpg;https://m.media-amazon.com/images/I/81Kmv4PvEfL.jpg;https://m.media-amazon.com/images/I/81WINNiSBWL.jpg;https://m.media-amazon.com/images/I/816fAdHQHIL.jpg;https://m.media-amazon.com/images/I/81Xz-Mfl3dL.jpg","Audio Array AM-C47 RGB USB Condenser Mic Kit | AI Noise Cancellation, 192kHz/24Bit Studio Quality, Touch Control, Headphone Monitoring | Podcasting, YouTube, Gaming & Streaming | Mac/PC & Mobile","","51","14728","15777","13655","5","","4.1","1871","B0FJS57732","Audio Array"
"https://m.media-amazon.com/images/I/71272w8ZFQL.jpg;https://m.media-amazon.com/images/I/81I9EOUHG5L.jpg;https://m.media-amazon.com/images/I/81H9Vew9dML.jpg;https://m.media-amazon.com/images/I/81P2qVBGVxL.jpg;https://m.media-amazon.com/images/I/81Sa7sJt82L.jpg;https://m.media-amazon.com/images/I/81TmRPalEGL.jpg;https://m.media-amazon.com/images/I/81kwCIYoMoL.jpg;https://m.media-amazon.com/images/I/81ATL5gT0RL.jpg;https://m.media-amazon.com/images/I/81sRcpmzqDL.jpg","Audio Array AH-60-BL, 60Ω, Professional Monitoring Headphones | 53mm Drivers | 10Hz–30KHz | 105dB SPL | Closed-Back, DJ & Studio | 3m Cable with 3.5mm & 6.3mm Plugs (Blue)","","2850","1382","1148","1441","16","10","4","30","B0FQBTRM28","Audio Array"
"https://m.media-amazon.com/images/I/7130Vy-RQeL.jpg;https://m.media-amazon.com/images/I/81UsiGYGtsL.jpg;https://m.media-amazon.com/images/I/81JoTBAD2dL.jpg;https://m.media-amazon.com/images/I/81ZvfBKoUbL.jpg;https://m.media-amazon.com/images/I/81fbQHiG5qL.jpg;https://m.media-amazon.com/images/I/81hCYej+5-L.jpg;https://m.media-amazon.com/images/I/71x-fHPkS8L.jpg;https://m.media-amazon.com/images/I/81-MfMpoeYL.jpg;https://m.media-amazon.com/images/I/81FVI9qvN1L.jpg","Audio Array AH-60-RD Semi-Open Back DJ Headphones | 50mm Drivers Delivers Dynamic Balanced Output | 15Hz–25kHz, 32Ω, 100dB SPL, 1200mW | 3m OFC Single-Sided Cable with Screw-On 3.5mm + 6.3mm Plug","","2850","1358","1110","1452","19","10","4","30","B0FQBWV1ST","Audio Array"
"","Audio Array XM-24 24 Channel Mixer With Carry Case","","","","","","0","","","","B0GTZ9X8Q2","Audio Array"
"https://m.media-amazon.com/images/I/71goON6o+sL.jpg","Audio Array AM-Pro 24 24 CH Hybrid 1st Gen USB Audio Mixer with (24 CH analog & 2 Master CH digital) 48kHz/16-bit audio, 128 DSP FX,+50dB mic gain, compressor, 6 AUX sends, 4 GRP bus, live & studio","","12096","8751","8742","8742","3","","","","B0GTZJF142","Audio Array"
"","Audio Array XM-16 16 Channel Mixer With Carry Case","","","","","","0","","","","B0GTZLGPFR","Audio Array"
"https://m.media-amazon.com/images/I/61JwtSYqzAL.jpg","Audio Array AM-Pro16 16-Channel Hybrid USB Audio Mixer with (16 CH analog & 2 Master CH digital) 48kHz/16-bit audio, 128 DSP FX, +50dB mic gain, compressor, 6 AUX sends, 4 GRP bus for live & studio","","12096","8807","8866","8866","3","","","","B0GTZND3ZN","Audio Array"
"https://m.media-amazon.com/images/I/710UQMKxbqL.jpg;https://m.media-amazon.com/images/I/81nxfp72N1L.jpg;https://m.media-amazon.com/images/I/81dpliMqLtL.jpg;https://m.media-amazon.com/images/I/81WHzb3fhRL.jpg;https://m.media-amazon.com/images/I/81cVl2TV24L.jpg;https://m.media-amazon.com/images/I/81DatqwlWXL.jpg;https://m.media-amazon.com/images/I/81XdCQLtplL.jpg;https://m.media-amazon.com/images/I/61-C0MlG9jL.jpg","Audio Array Premium Dynamic XLR to TRS Microphone | 24Bit/48kHz | Cardioid Pattern | Metal Body & 14mm Diaphragm 3M Cable | for Podcast, Streaming, Studio Recording & Gaming | AM-C51","","737","5136","6625","6625","15","","3","1","B0GW8R2RYM","Audio Array"
"https://m.media-amazon.com/images/I/71Z61qAChOL.jpg;https://m.media-amazon.com/images/I/71+S4ImMqkL.jpg;https://m.media-amazon.com/images/I/81BCNr9GDiL.jpg;https://m.media-amazon.com/images/I/81IWq7Um7XL.jpg;https://m.media-amazon.com/images/I/81g43KSxCYL.jpg;https://m.media-amazon.com/images/I/81wIMtIvB6L.jpg;https://m.media-amazon.com/images/I/813LvM6EEmL.jpg;https://m.media-amazon.com/images/I/91acFYqMMCL.jpg;https://m.media-amazon.com/images/I/61-C0MlG9jL.jpg","Audio Array Dynamic XLR to TRS Microphone | 24Bit/48kHz | Cardioid Pickup | Metal Body & 14mm Diaphragm 3M Cable | for Podcast, Streaming, Vocal Recording & Studio Use | AM-C50","","737","3102","5792","5792","18","","4","1","B0GW8VBCBL","Audio Array"
"https://m.media-amazon.com/images/I/71wBGolLxaL.jpg;https://m.media-amazon.com/images/I/71HhPsCtvnL.jpg;https://m.media-amazon.com/images/I/81X7Ii6wCEL.jpg;https://m.media-amazon.com/images/I/81douqO7QkL.jpg;https://m.media-amazon.com/images/I/81b0GAhS5eL.jpg;https://m.media-amazon.com/images/I/81vm4015xHL.jpg;https://m.media-amazon.com/images/I/81mT1aJLsfL.jpg;https://m.media-amazon.com/images/I/91OFR87mh0L.jpg;https://m.media-amazon.com/images/I/61-C0MlG9jL.jpg","Audio Array Dynamic XLR to TRS Microphone | 24Bit/48kHz | Cardioid Pickup | Metal Body & 14mm Diaphragm 3M Cable | for Podcast, Streaming, Vocal Recording & Studio Use | AM-C49","","737","2414","3962","3962","17","","5","2","B0GW8Z556N","Audio Array"
"https://m.media-amazon.com/images/I/71woZNqqOdL.jpg;https://m.media-amazon.com/images/I/81ITHdEr54L.jpg;https://m.media-amazon.com/images/I/81NLBQHtQML.jpg;https://m.media-amazon.com/images/I/81vLKy3tpPL.jpg;https://m.media-amazon.com/images/I/81UrowsnYNL.jpg;https://m.media-amazon.com/images/I/81tKLPwWwrL.jpg;https://m.media-amazon.com/images/I/816uzy4wbJL.jpg","Audio Array Premium Dynamic XLR to TRS Microphone | 24Bit/48kHz | Cardioid Pattern | Metal Body & 14mm Diaphragm 3M Cable | for Podcast, Streaming, Studio Recording & Gaming | AM-C52","","737","835","835","835","15","","","","B0GW8ZQRFK","Audio Array"
"https://m.media-amazon.com/images/I/81t+tYdSiIL.jpg","Audio Array Quad UHF Wireless Microphone System | Unidirectional Mic | 50-100M Range | 6-8H Battery Life | 630-690MHz | 50Hz-16kHz Response | 126dB SPL | for Karaoke & Stage Use | T-835","","","","","","0","","","","B0GW96CQMG","Audio Array"
"https://m.media-amazon.com/images/I/81U+rxV8RgL.jpg;https://m.media-amazon.com/images/I/718F5WTeksL.jpg;https://m.media-amazon.com/images/I/81Zn9SN2MxL.jpg;https://m.media-amazon.com/images/I/81dVcjkJIgL.jpg;https://m.media-amazon.com/images/I/81mDjcHhboL.jpg;https://m.media-amazon.com/images/I/61ygTctI0sL.jpg;https://m.media-amazon.com/images/I/61+-tGrYPFL.jpg;https://m.media-amazon.com/images/I/81UcVYEsJDL.jpg","Audio Array 4-Channel 3-Out Hybrid USB Summing Audio Mixer | 4 Analog & 2 Digital Channels (L+R) | 99 DSP FX | 192kHz/24-Bit OTG | Balanced XLR Output | Phantom Power & Hi-Z | BE-4","","125","158","1699","1699","18","","3.9","87","B0GXP97CZG","Audio Array"
"https://m.media-amazon.com/images/I/81Ne2KManiL.jpg;https://m.media-amazon.com/images/I/717uCw6Sz-L.jpg;https://m.media-amazon.com/images/I/81cfS-sY6pL.jpg;https://m.media-amazon.com/images/I/718jW1PTuQL.jpg;https://m.media-amazon.com/images/I/81jpEMbH4gL.jpg;https://m.media-amazon.com/images/I/91nh6NPcm7L.jpg;https://m.media-amazon.com/images/I/81JIOUavuqL.jpg;https://m.media-amazon.com/images/I/718DTKbpu9L.jpg;https://m.media-amazon.com/images/I/61-C0MlG9jL.jpg","Audio Array 6-Channel Hybrid USB Summing Mixer | 4 Analog & 2 Digital Channels |192kHz/24Bit OTG Recording| 99 DSP FX| BT Connectivity | 2XLR Mic Inputs |Phantom Power| Hi-Z & Headphone Monitoring |M6","","758","866","860","860","21","","3.9","15","B0GXPBHDRF","Audio Array"
"https://m.media-amazon.com/images/I/71N-+C4NfIL.jpg;https://m.media-amazon.com/images/I/71ghQgy8DXL.jpg;https://m.media-amazon.com/images/I/71giCJfmUqL.jpg;https://m.media-amazon.com/images/I/71XkI9R+B8L.jpg;https://m.media-amazon.com/images/I/71iBMkrxNNL.jpg;https://m.media-amazon.com/images/I/61s6CUpDQBL.jpg;https://m.media-amazon.com/images/I/71VMu13o34L.jpg;https://m.media-amazon.com/images/I/61UVTtSezHL.jpg;https://m.media-amazon.com/images/I/61-C0MlG9jL.jpg","Audio Array Professional Studio Recording Bundle with XLR Condenser Mic Kit, 4-Channel USB Audio Mixer, 50mm DJ Headphones & 48V Phantom Power for Podcasting, Streaming & Home Studio Use | PB-16","","","","","","0","","","","B0GXPGBQB1","Audio Array"
"https://m.media-amazon.com/images/I/61NwkQN3iLL.jpg;https://m.media-amazon.com/images/I/71Z6ADOHaxL.jpg;https://m.media-amazon.com/images/I/71Ht3-vB0IL.jpg;https://m.media-amazon.com/images/I/71Y84llFe+L.jpg;https://m.media-amazon.com/images/I/71BRsz0xGTL.jpg;https://m.media-amazon.com/images/I/51ItmWXd-HL.jpg;https://m.media-amazon.com/images/I/61CZ-Td56JL.jpg;https://m.media-amazon.com/images/I/61WDGrs-UNL.jpg;https://m.media-amazon.com/images/I/61-C0MlG9jL.jpg","Audio Array Professional Studio Bundle with 24-Bit/192kHz Interface, 3.5"" Studio Monitors, Condenser Mic & Speaker Stands|for Music Production, Podcasting, Dubbing, Recording & Audio Mixing| UB-04","","275","273","264","264","18","","","","B0GXY7YJWP","Audio Array"
"https://m.media-amazon.com/images/I/717HVQ6IlJL.jpg;https://m.media-amazon.com/images/I/71cuxghbQ9L.jpg;https://m.media-amazon.com/images/I/71GQkD+vY5L.jpg;https://m.media-amazon.com/images/I/71XkI9R+B8L.jpg;https://m.media-amazon.com/images/I/71VMu13o34L.jpg;https://m.media-amazon.com/images/I/61UVTtSezHL.jpg;https://m.media-amazon.com/images/I/71iBMkrxNNL.jpg;https://m.media-amazon.com/images/I/61s6CUpDQBL.jpg;https://m.media-amazon.com/images/I/61-C0MlG9jL.jpg","Audio Array Studio Recording Bundle| XLR Condenser Mic with 24-bit/192kHz Audio Quality, 2-Channel USB Audio Interface with 48V Phantom Power, +60dB Gain with 50mm Studio Monitoring Headphone | PB-15","","1897","15841","15841","15841","2","","","","B0GY827J9C","Audio Array"
"https://m.media-amazon.com/images/I/61MD9KLk1nL.jpg;https://m.media-amazon.com/images/I/71vDyKGclpL.jpg;https://m.media-amazon.com/images/I/61UU5F+sH2L.jpg;https://m.media-amazon.com/images/I/71ghQgy8DXL.jpg;https://m.media-amazon.com/images/I/71giCJfmUqL.jpg;https://m.media-amazon.com/images/I/71iP6INJVuL.jpg;https://m.media-amazon.com/images/I/61bRqIMMfmL.jpg;https://m.media-amazon.com/images/I/71xT+zuxxuL.jpg;https://m.media-amazon.com/images/I/6158s0bR4uL.jpg","Audio Array Studio Recording Bundle with XLR Condenser Mic Kit, 4-Channel USB Audio Mixer with 48V Phantom Power & 40mm Wired Over-Ear Headphone| Podcast, Streaming, Gaming & Home Studio Setup | PB-17","","10360","","","","0","","","","B0GY857139","Audio Array"
"https://m.media-amazon.com/images/I/61Bzuz6eLxL.jpg;https://m.media-amazon.com/images/I/51BZRsvgV9L.jpg;https://m.media-amazon.com/images/I/51uM3JxwNSL.jpg;https://m.media-amazon.com/images/I/51FxHZhuA3L.jpg;https://m.media-amazon.com/images/I/61VUYePIU4L.jpg;https://m.media-amazon.com/images/I/61B10F1WQqL.jpg;https://m.media-amazon.com/images/I/61DMZg-ZRJL.jpg;https://m.media-amazon.com/images/I/71WIQM17g-L.jpg;https://m.media-amazon.com/images/I/6158s0bR4uL.jpg","Audio Array Streaming Bundle with XLR Condenser Mic, USB-C Sound Card with Bluetooth, +60dB Gain, Effects & 40mm Studio Monitoring Headphone| 20-20KHz,32 Ω, 100dB SPL| for Streaming & Recording| PB-18","","","","","","0","","","","B0GY86ZT1X","Audio Array"
"https://m.media-amazon.com/images/I/81t3ozZHsZL.jpg;https://m.media-amazon.com/images/I/819pfeJ+RJL.jpg;https://m.media-amazon.com/images/I/81hzoB7Vl3L.jpg;https://m.media-amazon.com/images/I/81PcfxxnCFL.jpg;https://m.media-amazon.com/images/I/71V6qWObWQL.jpg;https://m.media-amazon.com/images/I/814fH0JXpiL.jpg;https://m.media-amazon.com/images/I/71jpd89q8DL.jpg;https://m.media-amazon.com/images/I/61-C0MlG9jL.jpg","Audio Array 2026 Edition 4-Channel Hybrid USB Summing Mixer 4 Analog+2 Digital, 48kHz/16-Bit, 2XLR Mic Inputs,TRS Stereo In, 48V Phantom, Hi-Z,2 Band EQ,Monitoring,Amp Out, USB-C Power AI_13","","5721","6707","7025","7025","12","","","","B0H1H3K6B2","Audio Array"
"https://m.media-amazon.com/images/I/61NwkQN3iLL.jpg;https://m.media-amazon.com/images/I/71Z6ADOHaxL.jpg;https://m.media-amazon.com/images/I/71Ht3-vB0IL.jpg;https://m.media-amazon.com/images/I/71Y84llFe+L.jpg;https://m.media-amazon.com/images/I/71BRsz0xGTL.jpg;https://m.media-amazon.com/images/I/51ItmWXd-HL.jpg;https://m.media-amazon.com/images/I/61CZ-Td56JL.jpg;https://m.media-amazon.com/images/I/61WDGrs-UNL.jpg;https://m.media-amazon.com/images/I/61-C0MlG9jL.jpg","Audio Array 3.5"" Studio Monitor Bundle with 50W Powered Speakers & Adjustable Metal Stands|Bluetooth,TRS, AUX, RCA Inputs|5KG Capacity|Height, Tilt & Rotation Adjustable|Smart Cable Management | UB-06","","275","274","284","284","20","","5","1","B0H2FCK54H","Audio Array"
"https://m.media-amazon.com/images/I/81EgRtNvByL.jpg;https://m.media-amazon.com/images/I/81xpRK88cvL.jpg;https://m.media-amazon.com/images/I/81EGqrd2u6L.jpg;https://m.media-amazon.com/images/I/81rQZbjFFqL.jpg;https://m.media-amazon.com/images/I/81gG9OyqJrL.jpg;https://m.media-amazon.com/images/I/81esQCyNUZL.jpg;https://m.media-amazon.com/images/I/81vSxBlR9JL.jpg;https://m.media-amazon.com/images/I/81v7306CQDL.jpg;https://m.media-amazon.com/images/I/811TwafXX-L.jpg","Audio Array 5-Inch 2 Way Near Field Studio Monitor Speakers Pair | 140W RMS Class AB Amplification | Kevlar Woofer, Silk Dome Tweeter | XLR/TRS Inputs | 56Hz-22kHz Frequency Response | X5","","289","1501","1595","1595","11","","","","B0H2Z6R6V8","Audio Array"
"https://m.media-amazon.com/images/I/912Q09TymmL.jpg;https://m.media-amazon.com/images/I/81cSJu3DrUL.jpg;https://m.media-amazon.com/images/I/81c7JudFdmL.jpg;https://m.media-amazon.com/images/I/813Vqa9QA6L.jpg;https://m.media-amazon.com/images/I/81kMqhHRu7L.jpg;https://m.media-amazon.com/images/I/91nJtiGefDL.jpg;https://m.media-amazon.com/images/I/81A4Ig42KCL.jpg;https://m.media-amazon.com/images/I/81GKYWWm39L.jpg;https://m.media-amazon.com/images/I/91cVa8qYX9L.jpg","Audio Array 5-Inch 2 Way Near Field Studio Monitor Speakers Pair | 140W RMS Class AB Amplification | Kevlar Woofer, Silk Dome Tweeter | XLR/TRS Inputs | 56Hz-22kHz Frequency Response | M5","","419","6861","6897","6897","19","","","","B0H2ZCQFTZ","Audio Array"
"https://m.media-amazon.com/images/I/81-EojdRxfL.jpg;https://m.media-amazon.com/images/I/91cV1Mwx7yL.jpg;https://m.media-amazon.com/images/I/91qL1LrRyXL.jpg;https://m.media-amazon.com/images/I/81E0O+X1H6L.jpg;https://m.media-amazon.com/images/I/81pIRUzZPrL.jpg;https://m.media-amazon.com/images/I/81L-6McqOML.jpg;https://m.media-amazon.com/images/I/81ShjAnCTfL.jpg;https://m.media-amazon.com/images/I/81h+Jp0Un+L.jpg;https://m.media-amazon.com/images/I/81QR9uuYwJL.jpg","Audio Array USB Plug & Play Conference Mic for Mac OS & Windows | Conference, Recording, Skype, Online Class with Range Upto 5M | One Touch Mute Button & Light Indicator (NOT A Speaker)| AM-C5 White","","1343","1515","1441","1441","29","","4","618","B0H3LHF2WW","Audio Array"