date,ams_orders,Spend,adGroupName,campaignId,Impressions,14 Day Total Sales (₹),adGroupId,raw_sku,asin,Clicks,campaignName,14 Day Total Units (#),sku,model,brand,category_l0,category_l1,category_l2
2026-07-01,0,30.42,Audio Array-B078WNW4YW-TONOR Wireless-SP-KT-Exact/Phrase,514442633026005,155,0.0,363410393795425,B078WNW4YW,B078WNW4YW,5,Audio Array-B078WNW4YW-TONOR Wireless -SP-KT-Exact/Phrase,0,FBA77117,S20,Tonor,Accessories,Microphone Isolation Shield,
2026-07-02,0,35.08,Audio Array-B078WNW4YW-TONOR Wireless-SP-KT-Exact/Phrase,514442633026005,139,0.0,363410393795425,B078WNW4YW,B078WNW4YW,5,Audio Array-B078WNW4YW-TONOR Wireless -SP-KT-Exact/Phrase,0,FBA77117,S20,Tonor,Accessories,Microphone Isolation Shield,
2026-07-03,0,40.37,Audio Array-B078WNW4YW-TONOR Wireless-SP-KT-Exact/Phrase,514442633026005,161,0.0,363410393795425,B078WNW4YW,B078WNW4YW,7,Audio Array-B078WNW4YW-TONOR Wireless -SP-KT-Exact/Phrase,0,FBA77117,S20,Tonor,Accessories,Microphone Isolation Shield,
2026-07-04,2,54.84,Audio Array-B078WNW4YW-TONOR Wireless-SP-KT-Exact/Phrase,514442633026005,217,4150.84,363410393795425,B078WNW4YW,B078WNW4YW,8,Audio Array-B078WNW4YW-TONOR Wireless -SP-KT-Exact/Phrase,2,FBA77117,S20,Tonor,Accessories,Microphone Isolation Shield,
2026-07-05,0,46.73,Audio Array-B078WNW4YW-TONOR Wireless-SP-KT-Exact/Phrase,514442633026005,194,0.0,363410393795425,B078WNW4YW,B078WNW4YW,8,Audio Array-B078WNW4YW-TONOR Wireless -SP-KT-Exact/Phrase,0,FBA77117,S20,Tonor,Accessories,Microphone Isolation Shield,
2026-07-06,1,13.26,Audio Array-B078WNW4YW-TONOR Wireless-SP-KT-Exact/Phrase,514442633026005,213,2075.42,363410393795425,B078WNW4YW,B078WNW4YW,2,Audio Array-B078WNW4YW-TONOR Wireless -SP-KT-Exact/Phrase,1,FBA77117,S20,Tonor,Accessories,Microphone Isolation Shield,
2026-07-07,0,61.41,Audio Array-B078WNW4YW-TONOR Wireless-SP-KT-Exact/Phrase,514442633026005,233,0.0,363410393795425,B078WNW4YW,B078WNW4YW,9,Audio Array-B078WNW4YW-TONOR Wireless -SP-KT-Exact/Phrase,0,FBA77117,S20,Tonor,Accessories,Microphone Isolation Shield,
2026-07-08,0,16.67,Audio Array-B078WNW4YW-TONOR Wireless-SP-KT-Exact/Phrase,514442633026005,163,0.0,363410393795425,B078WNW4YW,B078WNW4YW,2,Audio Array-B078WNW4YW-TONOR Wireless -SP-KT-Exact/Phrase,0,FBA77117,S20,Tonor,Accessories,Microphone Isolation Shield,
2026-07-09,2,14.7,Audio Array-B078WNW4YW-TONOR Wireless-SP-KT-Exact/Phrase,514442633026005,267,4405.08,363410393795425,B078WNW4YW,B078WNW4YW,3,Audio Array-B078WNW4YW-TONOR Wireless -SP-KT-Exact/Phrase,2,FBA77117,S20,Tonor,Accessories,Microphone Isolation Shield,
2026-07-10,0,35.12,Audio Array-B078WNW4YW-TONOR Wireless-SP-KT-Exact/Phrase,514442633026005,177,0.0,363410393795425,B078WNW4YW,B078WNW4YW,3,Audio Array-B078WNW4YW-TONOR Wireless -SP-KT-Exact/Phrase,0,FBA77117,S20,Tonor,Accessories,Microphone Isolation Shield,
2026-07-11,0,35.68,Audio Array-B078WNW4YW-TONOR Wireless-SP-KT-Exact/Phrase,514442633026005,168,0.0,363410393795425,B078WNW4YW,B078WNW4YW,5,Audio Array-B078WNW4YW-TONOR Wireless -SP-KT-Exact/Phrase,0,FBA77117,S20,Tonor,Accessories,Microphone Isolation Shield,
2026-07-12,0,21.38,Audio Array-B078WNW4YW-TONOR Wireless-SP-KT-Exact/Phrase,514442633026005,203,0.0,363410393795425,B078WNW4YW,B078WNW4YW,4,Audio Array-B078WNW4YW-TONOR Wireless -SP-KT-Exact/Phrase,0,FBA77117,S20,Tonor,Accessories,Microphone Isolation Shield,
2026-07-13,0,28.56,Audio Array-B078WNW4YW-TONOR Wireless-SP-KT-Exact/Phrase,514442633026005,226,0.0,363410393795425,B078WNW4YW,B078WNW4YW,6,Audio Array-B078WNW4YW-TONOR Wireless -SP-KT-Exact/Phrase,0,FBA77117,S20,Tonor,Accessories,Microphone Isolation Shield,
2026-07-14,0,2.26,Audio Array-B078WNW4YW-TONOR Wireless-SP-KT-Exact/Phrase,514442633026005,180,0.0,363410393795425,B078WNW4YW,B078WNW4YW,1,Audio Array-B078WNW4YW-TONOR Wireless -SP-KT-Exact/Phrase,0,FBA77117,S20,Tonor,Accessories,Microphone Isolation Shield,
2026-07-15,0,33.91,Audio Array-B078WNW4YW-TONOR Wireless-SP-KT-Exact/Phrase,514442633026005,192,0.0,363410393795425,B078WNW4YW,B078WNW4YW,4,Audio Array-B078WNW4YW-TONOR Wireless -SP-KT-Exact/Phrase,0,FBA77117,S20,Tonor,Accessories,Microphone Isolation Shield,
2026-07-16,0,41.46,Audio Array-B078WNW4YW-TONOR Wireless-SP-KT-Exact/Phrase,514442633026005,162,0.0,363410393795425,B078WNW4YW,B078WNW4YW,6,Audio Array-B078WNW4YW-TONOR Wireless -SP-KT-Exact/Phrase,0,FBA77117,S20,Tonor,Accessories,Microphone Isolation Shield,
2026-07-17,0,63.01,Audio Array-B078WNW4YW-TONOR Wireless-SP-KT-Exact/Phrase,514442633026005,152,0.0,363410393795425,B078WNW4YW,B078WNW4YW,7,Audio Array-B078WNW4YW-TONOR Wireless -SP-KT-Exact/Phrase,0,FBA77117,S20,Tonor,Accessories,Microphone Isolation Shield,
2026-07-18,0,32.33,Audio Array-B078WNW4YW-TONOR Wireless-SP-KT-Exact/Phrase,514442633026005,143,0.0,363410393795425,B078WNW4YW,B078WNW4YW,6,Audio Array-B078WNW4YW-TONOR Wireless -SP-KT-Exact/Phrase,0,FBA77117,S20,Tonor,Accessories,Microphone Isolation Shield,
2026-07-19,0,10.96,Audio Array-B078WNW4YW-TONOR Wireless-SP-KT-Exact/Phrase,514442633026005,103,0.0,363410393795425,B078WNW4YW,B078WNW4YW,1,Audio Array-B078WNW4YW-TONOR Wireless -SP-KT-Exact/Phrase,0,FBA77117,S20,Tonor,Accessories,Microphone Isolation Shield,
2026-07-20,0,0.0,Audio Array-B078WNW4YW-TONOR Wireless-SP-KT-Exact/Phrase,514442633026005,100,0.0,363410393795425,B078WNW4YW,B078WNW4YW,0,Audio Array-B078WNW4YW-TONOR Wireless -SP-KT-Exact/Phrase,0,FBA77117,S20,Tonor,Accessories,Microphone Isolation Shield,
2026-07-21,0,21.96,Audio Array-B078WNW4YW-TONOR Wireless-SP-KT-Exact/Phrase,514442633026005,123,0.0,363410393795425,B078WNW4YW,B078WNW4YW,3,Audio Array-B078WNW4YW-TONOR Wireless -SP-KT-Exact/Phrase,0,FBA77117,S20,Tonor,Accessories,Microphone Isolation Shield,
2026-07-01,0,377.03,Audio Array-TONOR TC777 Pro -Multi Ad group-SP-KT-Exact/Phrase,507204657793156,10050,0.0,488011059467522,B0BYHHSLPC,B0BYHHSLPC,52,Audio Array-TONOR TC777 Pro -Multi Ad group-SP-KT-Exact/Phrase,0,FBA79116,TC-777 PRO,Tonor,Condenser Microphone,Tripod - RGB,
2026-07-02,1,351.6,Audio Array-TONOR TC777 Pro -Multi Ad group-SP-KT-Exact/Phrase,507204657793156,7514,1778.81,488011059467522,B0BYHHSLPC,B0BYHHSLPC,42,Audio Array-TONOR TC777 Pro -Multi Ad group-SP-KT-Exact/Phrase,1,FBA79116,TC-777 PRO,Tonor,Condenser Microphone,Tripod - RGB,
2026-07-03,1,328.96,Audio Array-TONOR TC777 Pro -Multi Ad group-SP-KT-Exact/Phrase,507204657793156,6957,1736.44,488011059467522,B0BYHHSLPC,B0BYHHSLPC,42,Audio Array-TONOR TC777 Pro -Multi Ad group-SP-KT-Exact/Phrase,1,FBA79116,TC-777 PRO,Tonor,Condenser Microphone,Tripod - RGB,
2026-07-04,1,488.71,Audio Array-TONOR TC777 Pro -Multi Ad group-SP-KT-Exact/Phrase,507204657793156,12065,1948.31,488011059467522,B0BYHHSLPC,B0BYHHSLPC,65,Audio Array-TONOR TC777 Pro -Multi Ad group-SP-KT-Exact/Phrase,1,FBA79116,TC-777 PRO,Tonor,Condenser Microphone,Tripod - RGB,
2026-07-05,1,405.29,Audio Array-TONOR TC777 Pro -Multi Ad group-SP-KT-Exact/Phrase,507204657793156,9338,1736.44,488011059467522,B0BYHHSLPC,B0BYHHSLPC,50,Audio Array-TONOR TC777 Pro -Multi Ad group-SP-KT-Exact/Phrase,1,FBA79116,TC-777 PRO,Tonor,Condenser Microphone,Tripod - RGB,
2026-07-06,0,287.26,Audio Array-TONOR TC777 Pro -Multi Ad group-SP-KT-Exact/Phrase,507204657793156,6896,0.0,488011059467522,B0BYHHSLPC,B0BYHHSLPC,37,Audio Array-TONOR TC777 Pro -Multi Ad group-SP-KT-Exact/Phrase,0,FBA79116,TC-777 PRO,Tonor,Condenser Microphone,Tripod - RGB,
2026-07-07,0,252.24,Audio Array-TONOR TC777 Pro -Multi Ad group-SP-KT-Exact/Phrase,507204657793156,5421,0.0,488011059467522,B0BYHHSLPC,B0BYHHSLPC,34,Audio Array-TONOR TC777 Pro -Multi Ad group-SP-KT-Exact/Phrase,0,FBA79116,TC-777 PRO,Tonor,Condenser Microphone,Tripod - RGB,
2026-07-08,0,223.35,Audio Array-TONOR TC777 Pro -Multi Ad group-SP-KT-Exact/Phrase,507204657793156,5341,0.0,488011059467522,B0BYHHSLPC,B0BYHHSLPC,33,Audio Array-TONOR TC777 Pro -Multi Ad group-SP-KT-Exact/Phrase,0,FBA79116,TC-777 PRO,Tonor,Condenser Microphone,Tripod - RGB,
2026-07-09,0,260.65,Audio Array-TONOR TC777 Pro -Multi Ad group-SP-KT-Exact/Phrase,507204657793156,5559,0.0,488011059467522,B0BYHHSLPC,B0BYHHSLPC,32,Audio Array-TONOR TC777 Pro -Multi Ad group-SP-KT-Exact/Phrase,0,FBA79116,TC-777 PRO,Tonor,Condenser Microphone,Tripod - RGB,
2026-07-10,0,296.27,Audio Array-TONOR TC777 Pro -Multi Ad group-SP-KT-Exact/Phrase,507204657793156,5000,0.0,488011059467522,B0BYHHSLPC,B0BYHHSLPC,37,Audio Array-TONOR TC777 Pro -Multi Ad group-SP-KT-Exact/Phrase,0,FBA79116,TC-777 PRO,Tonor,Condenser Microphone,Tripod - RGB,
2026-07-11,1,373.1,Audio Array-TONOR TC777 Pro -Multi Ad group-SP-KT-Exact/Phrase,507204657793156,7650,1778.81,488011059467522,B0BYHHSLPC,B0BYHHSLPC,48,Audio Array-TONOR TC777 Pro -Multi Ad group-SP-KT-Exact/Phrase,1,FBA79116,TC-777 PRO,Tonor,Condenser Microphone,Tripod - RGB,
2026-07-12,2,440.07,Audio Array-TONOR TC777 Pro -Multi Ad group-SP-KT-Exact/Phrase,507204657793156,9352,3557.62,488011059467522,B0BYHHSLPC,B0BYHHSLPC,56,Audio Array-TONOR TC777 Pro -Multi Ad group-SP-KT-Exact/Phrase,2,FBA79116,TC-777 PRO,Tonor,Condenser Microphone,Tripod - RGB,
2026-07-13,1,342.6,Audio Array-TONOR TC777 Pro -Multi Ad group-SP-KT-Exact/Phrase,507204657793156,8758,1778.81,488011059467522,B0BYHHSLPC,B0BYHHSLPC,45,Audio Array-TONOR TC777 Pro -Multi Ad group-SP-KT-Exact/Phrase,1,FBA79116,TC-777 PRO,Tonor,Condenser Microphone,Tripod - RGB,
2026-07-14,1,464.89,Audio Array-TONOR TC777 Pro -Multi Ad group-SP-KT-Exact/Phrase,507204657793156,9320,1778.81,488011059467522,B0BYHHSLPC,B0BYHHSLPC,61,Audio Array-TONOR TC777 Pro -Multi Ad group-SP-KT-Exact/Phrase,1,FBA79116,TC-777 PRO,Tonor,Condenser Microphone,Tripod - RGB,
2026-07-15,2,438.53,Audio Array-TONOR TC777 Pro -Multi Ad group-SP-KT-Exact/Phrase,507204657793156,8577,4998.3,488011059467522,B0BYHHSLPC,B0BYHHSLPC,60,Audio Array-TONOR TC777 Pro -Multi Ad group-SP-KT-Exact/Phrase,2,FBA79116,TC-777 PRO,Tonor,Condenser Microphone,Tripod - RGB,
2026-07-16,1,347.37,Audio Array-TONOR TC777 Pro -Multi Ad group-SP-KT-Exact/Phrase,507204657793156,5861,1778.81,488011059467522,B0BYHHSLPC,B0BYHHSLPC,49,Audio Array-TONOR TC777 Pro -Multi Ad group-SP-KT-Exact/Phrase,1,FBA79116,TC-777 PRO,Tonor,Condenser Microphone,Tripod - RGB,
2026-07-17,1,279.25,Audio Array-TONOR TC777 Pro -Multi Ad group-SP-KT-Exact/Phrase,507204657793156,6660,1778.82,488011059467522,B0BYHHSLPC,B0BYHHSLPC,36,Audio Array-TONOR TC777 Pro -Multi Ad group-SP-KT-Exact/Phrase,1,FBA79116,TC-777 PRO,Tonor,Condenser Microphone,Tripod - RGB,
2026-07-18,0,416.2,Audio Array-TONOR TC777 Pro -Multi Ad group-SP-KT-Exact/Phrase,507204657793156,7125,0.0,488011059467522,B0BYHHSLPC,B0BYHHSLPC,52,Audio Array-TONOR TC777 Pro -Multi Ad group-SP-KT-Exact/Phrase,0,FBA79116,TC-777 PRO,Tonor,Condenser Microphone,Tripod - RGB,
2026-07-19,4,478.52,Audio Array-TONOR TC777 Pro -Multi Ad group-SP-KT-Exact/Phrase,507204657793156,7877,7115.24,488011059467522,B0BYHHSLPC,B0BYHHSLPC,66,Audio Array-TONOR TC777 Pro -Multi Ad group-SP-KT-Exact/Phrase,4,FBA79116,TC-777 PRO,Tonor,Condenser Microphone,Tripod - RGB,
2026-07-20,1,362.96,Audio Array-TONOR TC777 Pro -Multi Ad group-SP-KT-Exact/Phrase,507204657793156,8590,1778.81,488011059467522,B0BYHHSLPC,B0BYHHSLPC,48,Audio Array-TONOR TC777 Pro -Multi Ad group-SP-KT-Exact/Phrase,1,FBA79116,TC-777 PRO,Tonor,Condenser Microphone,Tripod - RGB,
2026-07-21,2,442.27,Audio Array-TONOR TC777 Pro -Multi Ad group-SP-KT-Exact/Phrase,507204657793156,11754,3557.62,488011059467522,B0BYHHSLPC,B0BYHHSLPC,60,Audio Array-TONOR TC777 Pro -Multi Ad group-SP-KT-Exact/Phrase,2,FBA79116,TC-777 PRO,Tonor,Condenser Microphone,Tripod - RGB,
2026-07-01,0,16.81,Audio Array-B0BYHHSLPC-Tonor TC 777pro-SP-PT,388228545428693,255,0.0,332257791620212,B0BYHHSLPC,B0BYHHSLPC,2,Audio Array-B0BYHHSLPC-Tonor TC 777pro-SP-PT,0,FBA79116,TC-777 PRO,Tonor,Condenser Microphone,Tripod - RGB,
2026-07-02,0,6.0,Audio Array-B0BYHHSLPC-Tonor TC 777pro-SP-PT,388228545428693,233,0.0,332257791620212,B0BYHHSLPC,B0BYHHSLPC,1,Audio Array-B0BYHHSLPC-Tonor TC 777pro-SP-PT,0,FBA79116,TC-777 PRO,Tonor,Condenser Microphone,Tripod - RGB,
2026-07-03,0,0.0,Audio Array-B0BYHHSLPC-Tonor TC 777pro-SP-PT,388228545428693,18,0.0,332257791620212,B0BYHHSLPC,B0BYHHSLPC,0,Audio Array-B0BYHHSLPC-Tonor TC 777pro-SP-PT,0,FBA79116,TC-777 PRO,Tonor,Condenser Microphone,Tripod - RGB,
2026-07-01,0,127.08,Audio Array-B07WLWN2ZT-Tonor TC 777-SP-PT,420588504416118,2964,0.0,555486619547164,B07WLWN2ZT,B07WLWN2ZT,16,Audio Array-B07WLWN2ZT-Tonor TC 777-SP-PT,0,FBA77101,TC-777,Tonor,Condenser Microphone,Tripod,
2026-07-02,0,60.41,Audio Array-B07WLWN2ZT-Tonor TC 777-SP-PT,420588504416118,3256,0.0,555486619547164,B07WLWN2ZT,B07WLWN2ZT,8,Audio Array-B07WLWN2ZT-Tonor TC 777-SP-PT,0,FBA77101,TC-777,Tonor,Condenser Microphone,Tripod,
2026-07-03,0,216.07,Audio Array-B07WLWN2ZT-Tonor TC 777-SP-PT,420588504416118,5107,0.0,555486619547164,B07WLWN2ZT,B07WLWN2ZT,23,Audio Array-B07WLWN2ZT-Tonor TC 777-SP-PT,0,FBA77101,TC-777,Tonor,Condenser Microphone,Tripod,
2026-07-04,2,744.73,Audio Array-B07WLWN2ZT-Tonor TC 777-SP-PT,420588504416118,6842,3472.88,555486619547164,B07WLWN2ZT,B07WLWN2ZT,63,Audio Array-B07WLWN2ZT-Tonor TC 777-SP-PT,2,FBA77101,TC-777,Tonor,Condenser Microphone,Tripod,
2026-07-05,1,451.91,Audio Array-B07WLWN2ZT-Tonor TC 777-SP-PT,420588504416118,4796,1722.03,555486619547164,B07WLWN2ZT,B07WLWN2ZT,43,Audio Array-B07WLWN2ZT-Tonor TC 777-SP-PT,1,FBA77101,TC-777,Tonor,Condenser Microphone,Tripod,
2026-07-06,0,407.65,Audio Array-B07WLWN2ZT-Tonor TC 777-SP-PT,420588504416118,3722,0.0,555486619547164,B07WLWN2ZT,B07WLWN2ZT,36,Audio Array-B07WLWN2ZT-Tonor TC 777-SP-PT,0,FBA77101,TC-777,Tonor,Condenser Microphone,Tripod,
2026-07-07,0,351.09,Audio Array-B07WLWN2ZT-Tonor TC 777-SP-PT,420588504416118,3119,0.0,555486619547164,B07WLWN2ZT,B07WLWN2ZT,31,Audio Array-B07WLWN2ZT-Tonor TC 777-SP-PT,0,FBA77101,TC-777,Tonor,Condenser Microphone,Tripod,
2026-07-08,0,354.18,Audio Array-B07WLWN2ZT-Tonor TC 777-SP-PT,420588504416118,4184,0.0,555486619547164,B07WLWN2ZT,B07WLWN2ZT,33,Audio Array-B07WLWN2ZT-Tonor TC 777-SP-PT,0,FBA77101,TC-777,Tonor,Condenser Microphone,Tripod,
2026-07-09,0,352.46,Audio Array-B07WLWN2ZT-Tonor TC 777-SP-PT,420588504416118,5314,0.0,555486619547164,B07WLWN2ZT,B07WLWN2ZT,36,Audio Array-B07WLWN2ZT-Tonor TC 777-SP-PT,0,FBA77101,TC-777,Tonor,Condenser Microphone,Tripod,
2026-07-10,0,254.75,Audio Array-B07WLWN2ZT-Tonor TC 777-SP-PT,420588504416118,4601,0.0,555486619547164,B07WLWN2ZT,B07WLWN2ZT,23,Audio Array-B07WLWN2ZT-Tonor TC 777-SP-PT,0,FBA77101,TC-777,Tonor,Condenser Microphone,Tripod,
2026-07-11,1,178.61,Audio Array-B07WLWN2ZT-Tonor TC 777-SP-PT,420588504416118,4585,1778.81,555486619547164,B07WLWN2ZT,B07WLWN2ZT,19,Audio Array-B07WLWN2ZT-Tonor TC 777-SP-PT,1,FBA77101,TC-777,Tonor,Condenser Microphone,Tripod,
2026-07-12,0,413.52,Audio Array-B07WLWN2ZT-Tonor TC 777-SP-PT,420588504416118,5588,0.0,555486619547164,B07WLWN2ZT,B07WLWN2ZT,40,Audio Array-B07WLWN2ZT-Tonor TC 777-SP-PT,0,FBA77101,TC-777,Tonor,Condenser Microphone,Tripod,
2026-07-13,0,321.72,Audio Array-B07WLWN2ZT-Tonor TC 777-SP-PT,420588504416118,6371,0.0,555486619547164,B07WLWN2ZT,B07WLWN2ZT,34,Audio Array-B07WLWN2ZT-Tonor TC 777-SP-PT,0,FBA77101,TC-777,Tonor,Condenser Microphone,Tripod,
2026-07-14,0,320.16,Audio Array-B07WLWN2ZT-Tonor TC 777-SP-PT,420588504416118,7103,0.0,555486619547164,B07WLWN2ZT,B07WLWN2ZT,35,Audio Array-B07WLWN2ZT-Tonor TC 777-SP-PT,0,FBA77101,TC-777,Tonor,Condenser Microphone,Tripod,
2026-07-15,0,400.61,Audio Array-B07WLWN2ZT-Tonor TC 777-SP-PT,420588504416118,7037,0.0,555486619547164,B07WLWN2ZT,B07WLWN2ZT,40,Audio Array-B07WLWN2ZT-Tonor TC 777-SP-PT,0,FBA77101,TC-777,Tonor,Condenser Microphone,Tripod,
2026-07-16,0,135.35,Audio Array-B07WLWN2ZT-Tonor TC 777-SP-PT,420588504416118,2036,0.0,555486619547164,B07WLWN2ZT,B07WLWN2ZT,14,Audio Array-B07WLWN2ZT-Tonor TC 777-SP-PT,0,FBA77101,TC-777,Tonor,Condenser Microphone,Tripod,
2026-07-17,0,0.0,Audio Array-B07WLWN2ZT-Tonor TC 777-SP-PT,420588504416118,0,0.0,555486619547164,B07WLWN2ZT,B07WLWN2ZT,0,Audio Array-B07WLWN2ZT-Tonor TC 777-SP-PT,0,FBA77101,TC-777,Tonor,Condenser Microphone,Tripod,
2026-07-18,0,0.0,Audio Array-B07WLWN2ZT-Tonor TC 777-SP-PT,420588504416118,0,0.0,555486619547164,B07WLWN2ZT,B07WLWN2ZT,0,Audio Array-B07WLWN2ZT-Tonor TC 777-SP-PT,0,FBA77101,TC-777,Tonor,Condenser Microphone,Tripod,
2026-07-01,0,7.58,Audio Array-B07GVGMW59-Tonor G11-SP-KT-Exact/Phrase,371931674495691,286,0.0,387060877405390,FBA79260,B07GVGMW59,1,Audio Array-B07GVGMW59-Tonor G11-SP-KT-Exact/Phrase,0,FBA77102,G11,Tonor,,,
2026-07-02,0,43.3,Audio Array-B07GVGMW59-Tonor G11-SP-KT-Exact/Phrase,371931674495691,454,0.0,387060877405390,FBA79260,B07GVGMW59,3,Audio Array-B07GVGMW59-Tonor G11-SP-KT-Exact/Phrase,0,FBA77102,G11,Tonor,,,
2026-07-03,0,0.0,Audio Array-B07GVGMW59-Tonor G11-SP-KT-Exact/Phrase,371931674495691,127,0.0,387060877405390,FBA79260,B07GVGMW59,0,Audio Array-B07GVGMW59-Tonor G11-SP-KT-Exact/Phrase,0,FBA77102,G11,Tonor,,,
2026-07-04,0,0.0,Audio Array-B07GVGMW59-Tonor G11-SP-KT-Exact/Phrase,371931674495691,131,0.0,387060877405390,FBA79260,B07GVGMW59,0,Audio Array-B07GVGMW59-Tonor G11-SP-KT-Exact/Phrase,0,FBA77102,G11,Tonor,,,
2026-07-05,1,14.06,Audio Array-B07GVGMW59-Tonor G11-SP-KT-Exact/Phrase,371931674495691,46,2072.03,387060877405390,FBA79260,B07GVGMW59,1,Audio Array-B07GVGMW59-Tonor G11-SP-KT-Exact/Phrase,1,FBA77102,G11,Tonor,,,
2026-07-06,0,6.53,Audio Array-B07GVGMW59-Tonor G11-SP-KT-Exact/Phrase,371931674495691,38,0.0,387060877405390,FBA79260,B07GVGMW59,1,Audio Array-B07GVGMW59-Tonor G11-SP-KT-Exact/Phrase,0,FBA77102,G11,Tonor,,,
2026-07-07,0,0.0,Audio Array-B07GVGMW59-Tonor G11-SP-KT-Exact/Phrase,371931674495691,46,0.0,387060877405390,FBA79260,B07GVGMW59,0,Audio Array-B07GVGMW59-Tonor G11-SP-KT-Exact/Phrase,0,FBA77102,G11,Tonor,,,
2026-07-08,0,0.0,Audio Array-B07GVGMW59-Tonor G11-SP-KT-Exact/Phrase,371931674495691,44,0.0,387060877405390,FBA79260,B07GVGMW59,0,Audio Array-B07GVGMW59-Tonor G11-SP-KT-Exact/Phrase,0,FBA77102,G11,Tonor,,,
2026-07-09,0,0.0,Audio Array-B07GVGMW59-Tonor G11-SP-KT-Exact/Phrase,371931674495691,27,0.0,387060877405390,FBA79260,B07GVGMW59,0,Audio Array-B07GVGMW59-Tonor G11-SP-KT-Exact/Phrase,0,FBA77102,G11,Tonor,,,
2026-07-10,0,0.0,Audio Array-B07GVGMW59-Tonor G11-SP-KT-Exact/Phrase,371931674495691,37,0.0,387060877405390,FBA79260,B07GVGMW59,0,Audio Array-B07GVGMW59-Tonor G11-SP-KT-Exact/Phrase,0,FBA77102,G11,Tonor,,,
2026-07-11,0,0.0,Audio Array-B07GVGMW59-Tonor G11-SP-KT-Exact/Phrase,371931674495691,66,0.0,387060877405390,FBA79260,B07GVGMW59,0,Audio Array-B07GVGMW59-Tonor G11-SP-KT-Exact/Phrase,0,FBA77102,G11,Tonor,,,
2026-07-12,0,0.0,Audio Array-B07GVGMW59-Tonor G11-SP-KT-Exact/Phrase,371931674495691,57,0.0,387060877405390,FBA79260,B07GVGMW59,0,Audio Array-B07GVGMW59-Tonor G11-SP-KT-Exact/Phrase,0,FBA77102,G11,Tonor,,,
2026-07-13,0,0.0,Audio Array-B07GVGMW59-Tonor G11-SP-KT-Exact/Phrase,371931674495691,71,0.0,387060877405390,FBA79260,B07GVGMW59,0,Audio Array-B07GVGMW59-Tonor G11-SP-KT-Exact/Phrase,0,FBA77102,G11,Tonor,,,
2026-07-14,0,0.0,Audio Array-B07GVGMW59-Tonor G11-SP-KT-Exact/Phrase,371931674495691,68,0.0,387060877405390,FBA79260,B07GVGMW59,0,Audio Array-B07GVGMW59-Tonor G11-SP-KT-Exact/Phrase,0,FBA77102,G11,Tonor,,,
2026-07-15,0,0.0,Audio Array-B07GVGMW59-Tonor G11-SP-KT-Exact/Phrase,371931674495691,42,0.0,387060877405390,FBA79260,B07GVGMW59,0,Audio Array-B07GVGMW59-Tonor G11-SP-KT-Exact/Phrase,0,FBA77102,G11,Tonor,,,
2026-07-16,0,0.0,Audio Array-B07GVGMW59-Tonor G11-SP-KT-Exact/Phrase,371931674495691,23,0.0,387060877405390,FBA79260,B07GVGMW59,0,Audio Array-B07GVGMW59-Tonor G11-SP-KT-Exact/Phrase,0,FBA77102,G11,Tonor,,,
2026-07-17,2,7.45,Audio Array-B07GVGMW59-Tonor G11-SP-KT-Exact/Phrase,371931674495691,43,4574.58,387060877405390,FBA79260,B07GVGMW59,1,Audio Array-B07GVGMW59-Tonor G11-SP-KT-Exact/Phrase,2,FBA77102,G11,Tonor,,,
2026-07-18,0,0.0,Audio Array-B07GVGMW59-Tonor G11-SP-KT-Exact/Phrase,371931674495691,65,0.0,387060877405390,FBA79260,B07GVGMW59,0,Audio Array-B07GVGMW59-Tonor G11-SP-KT-Exact/Phrase,0,FBA77102,G11,Tonor,,,
2026-07-19,0,0.0,Audio Array-B07GVGMW59-Tonor G11-SP-KT-Exact/Phrase,371931674495691,47,0.0,387060877405390,FBA79260,B07GVGMW59,0,Audio Array-B07GVGMW59-Tonor G11-SP-KT-Exact/Phrase,0,FBA77102,G11,Tonor,,,
2026-07-20,0,11.42,Audio Array-B07GVGMW59-Tonor G11-SP-KT-Exact/Phrase,371931674495691,49,0.0,387060877405390,FBA79260,B07GVGMW59,1,Audio Array-B07GVGMW59-Tonor G11-SP-KT-Exact/Phrase,0,FBA77102,G11,Tonor,,,
2026-07-21,0,0.0,Audio Array-B07GVGMW59-Tonor G11-SP-KT-Exact/Phrase,371931674495691,47,0.0,387060877405390,FBA79260,B07GVGMW59,0,Audio Array-B07GVGMW59-Tonor G11-SP-KT-Exact/Phrase,0,FBA77102,G11,Tonor,,,
2026-07-01,0,80.19,Audio Array-TONOR Adjustable Mic-Catch All -SP-KT-Exact/Phrase,541158460414520,1029,0.0,396868641176471,B0CFKHCQ8W,B0CFKHCQ8W,9,Audio Array-TONOR Adjustable Mic-Catch All-SP-KT -Exact/Phrase,0,FBA79585,T20LP,Tonor,Accessories,Low Profile Boom Arm,
2026-07-02,0,73.76,Audio Array-TONOR Adjustable Mic-Catch All -SP-KT-Exact/Phrase,541158460414520,1136,0.0,396868641176471,B0CFKHCQ8W,B0CFKHCQ8W,10,Audio Array-TONOR Adjustable Mic-Catch All-SP-KT -Exact/Phrase,0,FBA79585,T20LP,Tonor,Accessories,Low Profile Boom Arm,
2026-07-03,0,67.01,Audio Array-TONOR Adjustable Mic-Catch All -SP-KT-Exact/Phrase,541158460414520,1139,0.0,396868641176471,B0CFKHCQ8W,B0CFKHCQ8W,9,Audio Array-TONOR Adjustable Mic-Catch All-SP-KT -Exact/Phrase,0,FBA79585,T20LP,Tonor,Accessories,Low Profile Boom Arm,
2026-07-04,0,101.66,Audio Array-TONOR Adjustable Mic-Catch All -SP-KT-Exact/Phrase,541158460414520,2359,0.0,396868641176471,B0CFKHCQ8W,B0CFKHCQ8W,10,Audio Array-TONOR Adjustable Mic-Catch All-SP-KT -Exact/Phrase,0,FBA79585,T20LP,Tonor,Accessories,Low Profile Boom Arm,
2026-07-05,0,156.92,Audio Array-TONOR Adjustable Mic-Catch All -SP-KT-Exact/Phrase,541158460414520,2154,0.0,396868641176471,B0CFKHCQ8W,B0CFKHCQ8W,15,Audio Array-TONOR Adjustable Mic-Catch All-SP-KT -Exact/Phrase,0,FBA79585,T20LP,Tonor,Accessories,Low Profile Boom Arm,
2026-07-06,0,87.82,Audio Array-TONOR Adjustable Mic-Catch All -SP-KT-Exact/Phrase,541158460414520,1649,0.0,396868641176471,B0CFKHCQ8W,B0CFKHCQ8W,6,Audio Array-TONOR Adjustable Mic-Catch All-SP-KT -Exact/Phrase,0,FBA79585,T20LP,Tonor,Accessories,Low Profile Boom Arm,
2026-07-07,0,52.35,Audio Array-TONOR Adjustable Mic-Catch All -SP-KT-Exact/Phrase,541158460414520,1219,0.0,396868641176471,B0CFKHCQ8W,B0CFKHCQ8W,5,Audio Array-TONOR Adjustable Mic-Catch All-SP-KT -Exact/Phrase,0,FBA79585,T20LP,Tonor,Accessories,Low Profile Boom Arm,
2026-07-08,0,81.7,Audio Array-TONOR Adjustable Mic-Catch All -SP-KT-Exact/Phrase,541158460414520,1435,0.0,396868641176471,B0CFKHCQ8W,B0CFKHCQ8W,10,Audio Array-TONOR Adjustable Mic-Catch All-SP-KT -Exact/Phrase,0,FBA79585,T20LP,Tonor,Accessories,Low Profile Boom Arm,
2026-07-09,0,98.39,Audio Array-TONOR Adjustable Mic-Catch All -SP-KT-Exact/Phrase,541158460414520,1554,0.0,396868641176471,B0CFKHCQ8W,B0CFKHCQ8W,8,Audio Array-TONOR Adjustable Mic-Catch All-SP-KT -Exact/Phrase,0,FBA79585,T20LP,Tonor,Accessories,Low Profile Boom Arm,
2026-07-10,0,26.25,Audio Array-TONOR Adjustable Mic-Catch All -SP-KT-Exact/Phrase,541158460414520,1229,0.0,396868641176471,B0CFKHCQ8W,B0CFKHCQ8W,4,Audio Array-TONOR Adjustable Mic-Catch All-SP-KT -Exact/Phrase,0,FBA79585,T20LP,Tonor,Accessories,Low Profile Boom Arm,
2026-07-11,0,42.61,Audio Array-TONOR Adjustable Mic-Catch All -SP-KT-Exact/Phrase,541158460414520,1349,0.0,396868641176471,B0CFKHCQ8W,B0CFKHCQ8W,4,Audio Array-TONOR Adjustable Mic-Catch All-SP-KT -Exact/Phrase,0,FBA79585,T20LP,Tonor,Accessories,Low Profile Boom Arm,
2026-07-12,1,150.35,Audio Array-TONOR Adjustable Mic-Catch All -SP-KT-Exact/Phrase,541158460414520,1830,1778.81,396868641176471,B0CFKHCQ8W,B0CFKHCQ8W,10,Audio Array-TONOR Adjustable Mic-Catch All-SP-KT -Exact/Phrase,1,FBA79585,T20LP,Tonor,Accessories,Low Profile Boom Arm,
2026-07-13,0,92.33,Audio Array-TONOR Adjustable Mic-Catch All -SP-KT-Exact/Phrase,541158460414520,1464,0.0,396868641176471,B0CFKHCQ8W,B0CFKHCQ8W,8,Audio Array-TONOR Adjustable Mic-Catch All-SP-KT -Exact/Phrase,0,FBA79585,T20LP,Tonor,Accessories,Low Profile Boom Arm,
2026-07-14,0,52.05,Audio Array-TONOR Adjustable Mic-Catch All -SP-KT-Exact/Phrase,541158460414520,1002,0.0,396868641176471,B0CFKHCQ8W,B0CFKHCQ8W,7,Audio Array-TONOR Adjustable Mic-Catch All-SP-KT -Exact/Phrase,0,FBA79585,T20LP,Tonor,Accessories,Low Profile Boom Arm,
2026-07-15,0,59.27,Audio Array-TONOR Adjustable Mic-Catch All -SP-KT-Exact/Phrase,541158460414520,766,0.0,396868641176471,B0CFKHCQ8W,B0CFKHCQ8W,6,Audio Array-TONOR Adjustable Mic-Catch All-SP-KT -Exact/Phrase,0,FBA79585,T20LP,Tonor,Accessories,Low Profile Boom Arm,
2026-07-16,0,45.8,Audio Array-TONOR Adjustable Mic-Catch All -SP-KT-Exact/Phrase,541158460414520,1095,0.0,396868641176471,B0CFKHCQ8W,B0CFKHCQ8W,5,Audio Array-TONOR Adjustable Mic-Catch All-SP-KT -Exact/Phrase,0,FBA79585,T20LP,Tonor,Accessories,Low Profile Boom Arm,
2026-07-17,1,38.07,Audio Array-TONOR Adjustable Mic-Catch All -SP-KT-Exact/Phrase,541158460414520,1485,2372.03,396868641176471,B0CFKHCQ8W,B0CFKHCQ8W,6,Audio Array-TONOR Adjustable Mic-Catch All-SP-KT -Exact/Phrase,1,FBA79585,T20LP,Tonor,Accessories,Low Profile Boom Arm,
2026-07-18,0,60.92,Audio Array-TONOR Adjustable Mic-Catch All -SP-KT-Exact/Phrase,541158460414520,2046,0.0,396868641176471,B0CFKHCQ8W,B0CFKHCQ8W,8,Audio Array-TONOR Adjustable Mic-Catch All-SP-KT -Exact/Phrase,0,FBA79585,T20LP,Tonor,Accessories,Low Profile Boom Arm,
2026-07-19,0,100.11,Audio Array-TONOR Adjustable Mic-Catch All -SP-KT-Exact/Phrase,541158460414520,2301,0.0,396868641176471,B0CFKHCQ8W,B0CFKHCQ8W,9,Audio Array-TONOR Adjustable Mic-Catch All-SP-KT -Exact/Phrase,0,FBA79585,T20LP,Tonor,Accessories,Low Profile Boom Arm,
2026-07-20,0,175.99,Audio Array-TONOR Adjustable Mic-Catch All -SP-KT-Exact/Phrase,541158460414520,2176,0.0,396868641176471,B0CFKHCQ8W,B0CFKHCQ8W,7,Audio Array-TONOR Adjustable Mic-Catch All-SP-KT -Exact/Phrase,0,FBA79585,T20LP,Tonor,Accessories,Low Profile Boom Arm,
2026-07-21,0,152.4,Audio Array-TONOR Adjustable Mic-Catch All -SP-KT-Exact/Phrase,541158460414520,2245,0.0,396868641176471,B0CFKHCQ8W,B0CFKHCQ8W,18,Audio Array-TONOR Adjustable Mic-Catch All-SP-KT -Exact/Phrase,0,FBA79585,T20LP,Tonor,Accessories,Low Profile Boom Arm,
2026-07-03,0,0.0,Audio Array-TONOR Adjustable Mic-Catch All -SP-KT-Exact/Phrase,541158460414520,1,0.0,396868641176471,FBM79115,B0C8JDHLX9,0,Audio Array-TONOR Adjustable Mic-Catch All-SP-KT -Exact/Phrase,0,FBA79115,T10,Tonor,Accessories,Boom Arm Kit,
2026-07-04,0,0.0,Audio Array-TONOR Adjustable Mic-Catch All -SP-KT-Exact/Phrase,541158460414520,3,0.0,396868641176471,FBM79115,B0C8JDHLX9,0,Audio Array-TONOR Adjustable Mic-Catch All-SP-KT -Exact/Phrase,0,FBA79115,T10,Tonor,Accessories,Boom Arm Kit,
2026-07-08,0,0.0,Audio Array-TONOR Adjustable Mic-Catch All -SP-KT-Exact/Phrase,541158460414520,1,0.0,396868641176471,FBM79115,B0C8JDHLX9,0,Audio Array-TONOR Adjustable Mic-Catch All-SP-KT -Exact/Phrase,0,FBA79115,T10,Tonor,Accessories,Boom Arm Kit,
2026-07-09,0,0.0,Audio Array-TONOR Adjustable Mic-Catch All -SP-KT-Exact/Phrase,541158460414520,2,0.0,396868641176471,FBM79115,B0C8JDHLX9,0,Audio Array-TONOR Adjustable Mic-Catch All-SP-KT -Exact/Phrase,0,FBA79115,T10,Tonor,Accessories,Boom Arm Kit,
2026-07-11,0,0.0,Audio Array-TONOR Adjustable Mic-Catch All -SP-KT-Exact/Phrase,541158460414520,2,0.0,396868641176471,FBM79115,B0C8JDHLX9,0,Audio Array-TONOR Adjustable Mic-Catch All-SP-KT -Exact/Phrase,0,FBA79115,T10,Tonor,Accessories,Boom Arm Kit,
2026-07-12,0,0.0,Audio Array-TONOR Adjustable Mic-Catch All -SP-KT-Exact/Phrase,541158460414520,2,0.0,396868641176471,FBM79115,B0C8JDHLX9,0,Audio Array-TONOR Adjustable Mic-Catch All-SP-KT -Exact/Phrase,0,FBA79115,T10,Tonor,Accessories,Boom Arm Kit,
2026-07-13,0,0.0,Audio Array-TONOR Adjustable Mic-Catch All -SP-KT-Exact/Phrase,541158460414520,2,0.0,396868641176471,FBM79115,B0C8JDHLX9,0,Audio Array-TONOR Adjustable Mic-Catch All-SP-KT -Exact/Phrase,0,FBA79115,T10,Tonor,Accessories,Boom Arm Kit,
2026-07-15,0,0.0,Audio Array-TONOR Adjustable Mic-Catch All -SP-KT-Exact/Phrase,541158460414520,2,0.0,396868641176471,FBM79115,B0C8JDHLX9,0,Audio Array-TONOR Adjustable Mic-Catch All-SP-KT -Exact/Phrase,0,FBA79115,T10,Tonor,Accessories,Boom Arm Kit,
2026-07-16,0,0.0,Audio Array-TONOR Adjustable Mic-Catch All -SP-KT-Exact/Phrase,541158460414520,2,0.0,396868641176471,FBM79115,B0C8JDHLX9,0,Audio Array-TONOR Adjustable Mic-Catch All-SP-KT -Exact/Phrase,0,FBA79115,T10,Tonor,Accessories,Boom Arm Kit,
2026-07-17,0,0.0,Audio Array-TONOR Adjustable Mic-Catch All -SP-KT-Exact/Phrase,541158460414520,2,0.0,396868641176471,FBM79115,B0C8JDHLX9,0,Audio Array-TONOR Adjustable Mic-Catch All-SP-KT -Exact/Phrase,0,FBA79115,T10,Tonor,Accessories,Boom Arm Kit,
2026-07-18,0,0.0,Audio Array-TONOR Adjustable Mic-Catch All -SP-KT-Exact/Phrase,541158460414520,3,0.0,396868641176471,FBM79115,B0C8JDHLX9,0,Audio Array-TONOR Adjustable Mic-Catch All-SP-KT -Exact/Phrase,0,FBA79115,T10,Tonor,Accessories,Boom Arm Kit,
2026-07-19,0,0.0,Audio Array-TONOR Adjustable Mic-Catch All -SP-KT-Exact/Phrase,541158460414520,6,0.0,396868641176471,FBM79115,B0C8JDHLX9,0,Audio Array-TONOR Adjustable Mic-Catch All-SP-KT -Exact/Phrase,0,FBA79115,T10,Tonor,Accessories,Boom Arm Kit,
2026-07-20,0,0.0,Audio Array-TONOR Adjustable Mic-Catch All -SP-KT-Exact/Phrase,541158460414520,2,0.0,396868641176471,FBM79115,B0C8JDHLX9,0,Audio Array-TONOR Adjustable Mic-Catch All-SP-KT -Exact/Phrase,0,FBA79115,T10,Tonor,Accessories,Boom Arm Kit,
2026-07-21,0,0.0,Audio Array-TONOR Adjustable Mic-Catch All -SP-KT-Exact/Phrase,541158460414520,4,0.0,396868641176471,FBM79115,B0C8JDHLX9,0,Audio Array-TONOR Adjustable Mic-Catch All-SP-KT -Exact/Phrase,0,FBA79115,T10,Tonor,Accessories,Boom Arm Kit,
2026-07-01,1,40.25,Audio Array-TONOR Adjustable Mic-Catch All -SP-KT-Exact/Phrase,541158460414520,458,2372.03,396868641176471,B082W4B7SX,B082W4B7SX,3,Audio Array-TONOR Adjustable Mic-Catch All-SP-KT -Exact/Phrase,1,FBA77106,T20,Tonor,Accessories,Boom Arm Kit,
2026-07-02,0,48.04,Audio Array-TONOR Adjustable Mic-Catch All -SP-KT-Exact/Phrase,541158460414520,386,0.0,396868641176471,B082W4B7SX,B082W4B7SX,2,Audio Array-TONOR Adjustable Mic-Catch All-SP-KT -Exact/Phrase,0,FBA77106,T20,Tonor,Accessories,Boom Arm Kit,
2026-07-03,0,66.15,Audio Array-TONOR Adjustable Mic-Catch All -SP-KT-Exact/Phrase,541158460414520,464,0.0,396868641176471,B082W4B7SX,B082W4B7SX,3,Audio Array-TONOR Adjustable Mic-Catch All-SP-KT -Exact/Phrase,0,FBA77106,T20,Tonor,Accessories,Boom Arm Kit,
2026-07-04,0,28.11,Audio Array-TONOR Adjustable Mic-Catch All -SP-KT-Exact/Phrase,541158460414520,940,0.0,396868641176471,B082W4B7SX,B082W4B7SX,3,Audio Array-TONOR Adjustable Mic-Catch All-SP-KT -Exact/Phrase,0,FBA77106,T20,Tonor,Accessories,Boom Arm Kit,
2026-07-05,0,0.0,Audio Array-TONOR Adjustable Mic-Catch All -SP-KT-Exact/Phrase,541158460414520,1,0.0,396868641176471,B082W4B7SX,B082W4B7SX,0,Audio Array-TONOR Adjustable Mic-Catch All-SP-KT -Exact/Phrase,0,FBA77106,T20,Tonor,Accessories,Boom Arm Kit,
2026-07-06,0,0.0,Audio Array-TONOR Adjustable Mic-Catch All -SP-KT-Exact/Phrase,541158460414520,2,0.0,396868641176471,B082W4B7SX,B082W4B7SX,0,Audio Array-TONOR Adjustable Mic-Catch All-SP-KT -Exact/Phrase,0,FBA77106,T20,Tonor,Accessories,Boom Arm Kit,
2026-07-10,0,0.0,Audio Array-TONOR Adjustable Mic-Catch All -SP-KT-Exact/Phrase,541158460414520,1,0.0,396868641176471,B082W4B7SX,B082W4B7SX,0,Audio Array-TONOR Adjustable Mic-Catch All-SP-KT -Exact/Phrase,0,FBA77106,T20,Tonor,Accessories,Boom Arm Kit,
2026-07-12,0,0.0,Audio Array-TONOR Adjustable Mic-Catch All -SP-KT-Exact/Phrase,541158460414520,1,0.0,396868641176471,B082W4B7SX,B082W4B7SX,0,Audio Array-TONOR Adjustable Mic-Catch All-SP-KT -Exact/Phrase,0,FBA77106,T20,Tonor,Accessories,Boom Arm Kit,
2026-07-13,0,0.0,Audio Array-TONOR Adjustable Mic-Catch All -SP-KT-Exact/Phrase,541158460414520,2,0.0,396868641176471,B082W4B7SX,B082W4B7SX,0,Audio Array-TONOR Adjustable Mic-Catch All-SP-KT -Exact/Phrase,0,FBA77106,T20,Tonor,Accessories,Boom Arm Kit,
2026-07-14,0,0.0,Audio Array-TONOR Adjustable Mic-Catch All -SP-KT-Exact/Phrase,541158460414520,1,0.0,396868641176471,B082W4B7SX,B082W4B7SX,0,Audio Array-TONOR Adjustable Mic-Catch All-SP-KT -Exact/Phrase,0,FBA77106,T20,Tonor,Accessories,Boom Arm Kit,
2026-07-15,0,0.0,Audio Array-TONOR Adjustable Mic-Catch All -SP-KT-Exact/Phrase,541158460414520,2,0.0,396868641176471,B082W4B7SX,B082W4B7SX,0,Audio Array-TONOR Adjustable Mic-Catch All-SP-KT -Exact/Phrase,0,FBA77106,T20,Tonor,Accessories,Boom Arm Kit,
2026-07-18,0,0.0,Audio Array-TONOR Adjustable Mic-Catch All -SP-KT-Exact/Phrase,541158460414520,1,0.0,396868641176471,B082W4B7SX,B082W4B7SX,0,Audio Array-TONOR Adjustable Mic-Catch All-SP-KT -Exact/Phrase,0,FBA77106,T20,Tonor,Accessories,Boom Arm Kit,
2026-07-19,0,0.0,Audio Array-TONOR Adjustable Mic-Catch All -SP-KT-Exact/Phrase,541158460414520,1,0.0,396868641176471,B082W4B7SX,B082W4B7SX,0,Audio Array-TONOR Adjustable Mic-Catch All-SP-KT -Exact/Phrase,0,FBA77106,T20,Tonor,Accessories,Boom Arm Kit,
2026-07-20,0,0.0,Audio Array-TONOR Adjustable Mic-Catch All -SP-KT-Exact/Phrase,541158460414520,1,0.0,396868641176471,B082W4B7SX,B082W4B7SX,0,Audio Array-TONOR Adjustable Mic-Catch All-SP-KT -Exact/Phrase,0,FBA77106,T20,Tonor,Accessories,Boom Arm Kit,
2026-07-21,0,0.0,Audio Array-TONOR Adjustable Mic-Catch All -SP-KT-Exact/Phrase,541158460414520,1,0.0,396868641176471,B082W4B7SX,B082W4B7SX,0,Audio Array-TONOR Adjustable Mic-Catch All-SP-KT -Exact/Phrase,0,FBA77106,T20,Tonor,Accessories,Boom Arm Kit,
2026-07-02,0,0.0,Audio Array-TONOR Adjustable Mic-Catch All -SP-KT-Exact/Phrase,541158460414520,2,0.0,396868641176471,4375329377,B0BRKDLXCD,0,Audio Array-TONOR Adjustable Mic-Catch All-SP-KT -Exact/Phrase,0,FBA79112,T90,Tonor,Accessories,Boom Arm - RGB,
2026-07-04,0,0.0,Audio Array-TONOR Adjustable Mic-Catch All -SP-KT-Exact/Phrase,541158460414520,3,0.0,396868641176471,4375329377,B0BRKDLXCD,0,Audio Array-TONOR Adjustable Mic-Catch All-SP-KT -Exact/Phrase,0,FBA79112,T90,Tonor,Accessories,Boom Arm - RGB,
2026-07-05,0,0.0,Audio Array-TONOR Adjustable Mic-Catch All -SP-KT-Exact/Phrase,541158460414520,2,0.0,396868641176471,4375329377,B0BRKDLXCD,0,Audio Array-TONOR Adjustable Mic-Catch All-SP-KT -Exact/Phrase,0,FBA79112,T90,Tonor,Accessories,Boom Arm - RGB,
2026-07-06,0,0.0,Audio Array-TONOR Adjustable Mic-Catch All -SP-KT-Exact/Phrase,541158460414520,3,0.0,396868641176471,4375329377,B0BRKDLXCD,0,Audio Array-TONOR Adjustable Mic-Catch All-SP-KT -Exact/Phrase,0,FBA79112,T90,Tonor,Accessories,Boom Arm - RGB,
2026-07-08,0,0.0,Audio Array-TONOR Adjustable Mic-Catch All -SP-KT-Exact/Phrase,541158460414520,3,0.0,396868641176471,4375329377,B0BRKDLXCD,0,Audio Array-TONOR Adjustable Mic-Catch All-SP-KT -Exact/Phrase,0,FBA79112,T90,Tonor,Accessories,Boom Arm - RGB,
2026-07-09,0,0.0,Audio Array-TONOR Adjustable Mic-Catch All -SP-KT-Exact/Phrase,541158460414520,3,0.0,396868641176471,4375329377,B0BRKDLXCD,0,Audio Array-TONOR Adjustable Mic-Catch All-SP-KT -Exact/Phrase,0,FBA79112,T90,Tonor,Accessories,Boom Arm - RGB,
2026-07-10,0,0.0,Audio Array-TONOR Adjustable Mic-Catch All -SP-KT-Exact/Phrase,541158460414520,1,0.0,396868641176471,4375329377,B0BRKDLXCD,0,Audio Array-TONOR Adjustable Mic-Catch All-SP-KT -Exact/Phrase,0,FBA79112,T90,Tonor,Accessories,Boom Arm - RGB,
2026-07-11,0,0.0,Audio Array-TONOR Adjustable Mic-Catch All -SP-KT-Exact/Phrase,541158460414520,1,0.0,396868641176471,4375329377,B0BRKDLXCD,0,Audio Array-TONOR Adjustable Mic-Catch All-SP-KT -Exact/Phrase,0,FBA79112,T90,Tonor,Accessories,Boom Arm - RGB,
2026-07-12,0,0.0,Audio Array-TONOR Adjustable Mic-Catch All -SP-KT-Exact/Phrase,541158460414520,1,0.0,396868641176471,4375329377,B0BRKDLXCD,0,Audio Array-TONOR Adjustable Mic-Catch All-SP-KT -Exact/Phrase,0,FBA79112,T90,Tonor,Accessories,Boom Arm - RGB,
2026-07-13,0,0.0,Audio Array-TONOR Adjustable Mic-Catch All -SP-KT-Exact/Phrase,541158460414520,3,0.0,396868641176471,4375329377,B0BRKDLXCD,0,Audio Array-TONOR Adjustable Mic-Catch All-SP-KT -Exact/Phrase,0,FBA79112,T90,Tonor,Accessories,Boom Arm - RGB,
2026-07-14,0,0.0,Audio Array-TONOR Adjustable Mic-Catch All -SP-KT-Exact/Phrase,541158460414520,2,0.0,396868641176471,4375329377,B0BRKDLXCD,0,Audio Array-TONOR Adjustable Mic-Catch All-SP-KT -Exact/Phrase,0,FBA79112,T90,Tonor,Accessories,Boom Arm - RGB,
2026-07-16,0,0.0,Audio Array-TONOR Adjustable Mic-Catch All -SP-KT-Exact/Phrase,541158460414520,3,0.0,396868641176471,4375329377,B0BRKDLXCD,0,Audio Array-TONOR Adjustable Mic-Catch All-SP-KT -Exact/Phrase,0,FBA79112,T90,Tonor,Accessories,Boom Arm - RGB,
2026-07-17,0,0.0,Audio Array-TONOR Adjustable Mic-Catch All -SP-KT-Exact/Phrase,541158460414520,1,0.0,396868641176471,4375329377,B0BRKDLXCD,0,Audio Array-TONOR Adjustable Mic-Catch All-SP-KT -Exact/Phrase,0,FBA79112,T90,Tonor,Accessories,Boom Arm - RGB,
2026-07-18,0,0.0,Audio Array-TONOR Adjustable Mic-Catch All -SP-KT-Exact/Phrase,541158460414520,2,0.0,396868641176471,4375329377,B0BRKDLXCD,0,Audio Array-TONOR Adjustable Mic-Catch All-SP-KT -Exact/Phrase,0,FBA79112,T90,Tonor,Accessories,Boom Arm - RGB,
2026-07-20,0,0.0,Audio Array-TONOR Adjustable Mic-Catch All -SP-KT-Exact/Phrase,541158460414520,1,0.0,396868641176471,4375329377,B0BRKDLXCD,0,Audio Array-TONOR Adjustable Mic-Catch All-SP-KT -Exact/Phrase,0,FBA79112,T90,Tonor,Accessories,Boom Arm - RGB,
2026-07-21,0,0.0,Audio Array-TONOR Adjustable Mic-Catch All -SP-KT-Exact/Phrase,541158460414520,4,0.0,396868641176471,4375329377,B0BRKDLXCD,0,Audio Array-TONOR Adjustable Mic-Catch All-SP-KT -Exact/Phrase,0,FBA79112,T90,Tonor,Accessories,Boom Arm - RGB,
2026-07-01,0,0.0,Audio Array-TONOR Adjustable Mic-Catch All-SP-KT-Exact/Phrase,541158460414520,49,0.0,371137358789604,B082W4B7SX,B082W4B7SX,0,Audio Array-TONOR Adjustable Mic-Catch All-SP-KT -Exact/Phrase,0,FBA77106,T20,Tonor,Accessories,Boom Arm Kit,
2026-07-02,0,11.91,Audio Array-TONOR Adjustable Mic-Catch All-SP-KT-Exact/Phrase,541158460414520,45,0.0,371137358789604,B082W4B7SX,B082W4B7SX,1,Audio Array-TONOR Adjustable Mic-Catch All-SP-KT -Exact/Phrase,0,FBA77106,T20,Tonor,Accessories,Boom Arm Kit,
2026-07-03,0,0.0,Audio Array-TONOR Adjustable Mic-Catch All-SP-KT-Exact/Phrase,541158460414520,9,0.0,371137358789604,B082W4B7SX,B082W4B7SX,0,Audio Array-TONOR Adjustable Mic-Catch All-SP-KT -Exact/Phrase,0,FBA77106,T20,Tonor,Accessories,Boom Arm Kit,
2026-07-01,0,124.69,Audio Array-TONOR TC777 Pro -Multi Ad group-SP-KT -Exact/Phrase,507204657793156,1122,0.0,294023948719461,B0BYHHSLPC,B0BYHHSLPC,9,Audio Array-TONOR TC777 Pro -Multi Ad group-SP-KT-Exact/Phrase,0,FBA79116,TC-777 PRO,Tonor,Condenser Microphone,Tripod - RGB,
2026-07-02,0,169.46,Audio Array-TONOR TC777 Pro -Multi Ad group-SP-KT -Exact/Phrase,507204657793156,1042,0.0,294023948719461,B0BYHHSLPC,B0BYHHSLPC,10,Audio Array-TONOR TC777 Pro -Multi Ad group-SP-KT-Exact/Phrase,0,FBA79116,TC-777 PRO,Tonor,Condenser Microphone,Tripod - RGB,
2026-07-03,0,30.8,Audio Array-TONOR TC777 Pro -Multi Ad group-SP-KT -Exact/Phrase,507204657793156,161,0.0,294023948719461,B0BYHHSLPC,B0BYHHSLPC,2,Audio Array-TONOR TC777 Pro -Multi Ad group-SP-KT-Exact/Phrase,0,FBA79116,TC-777 PRO,Tonor,Condenser Microphone,Tripod - RGB,
2026-07-04,0,0.0,Audio Array-TONOR TC777 Pro -Multi Ad group-SP-KT -Exact/Phrase,507204657793156,0,0.0,294023948719461,B0BYHHSLPC,B0BYHHSLPC,0,Audio Array-TONOR TC777 Pro -Multi Ad group-SP-KT-Exact/Phrase,0,FBA79116,TC-777 PRO,Tonor,Condenser Microphone,Tripod - RGB,
2026-07-05,0,0.0,Audio Array-TONOR TC777 Pro -Multi Ad group-SP-KT -Exact/Phrase,507204657793156,0,0.0,294023948719461,B0BYHHSLPC,B0BYHHSLPC,0,Audio Array-TONOR TC777 Pro -Multi Ad group-SP-KT-Exact/Phrase,0,FBA79116,TC-777 PRO,Tonor,Condenser Microphone,Tripod - RGB,
2026-07-06,0,0.0,Audio Array-TONOR TC777 Pro -Multi Ad group-SP-KT -Exact/Phrase,507204657793156,0,0.0,294023948719461,B0BYHHSLPC,B0BYHHSLPC,0,Audio Array-TONOR TC777 Pro -Multi Ad group-SP-KT-Exact/Phrase,0,FBA79116,TC-777 PRO,Tonor,Condenser Microphone,Tripod - RGB,
2026-07-08,0,0.0,Audio Array-TONOR TC777 Pro -Multi Ad group-SP-KT -Exact/Phrase,507204657793156,0,0.0,294023948719461,B0BYHHSLPC,B0BYHHSLPC,0,Audio Array-TONOR TC777 Pro -Multi Ad group-SP-KT-Exact/Phrase,0,FBA79116,TC-777 PRO,Tonor,Condenser Microphone,Tripod - RGB,
2026-07-01,2,32.02,Ad Group - 23/5/2026 14:00:41.548,185462523855280,2154,3727.12,398812150448120,B08CVP2HXP,B08CVP2HXP,12,AudioArray_Tonor Prosucts_SP_Catch All_Auto,2,FBA77111,TC30,Tonor,Condenser Microphone,Tripod,
2026-07-02,0,30.17,Ad Group - 23/5/2026 14:00:41.548,185462523855280,1834,0.0,398812150448120,B08CVP2HXP,B08CVP2HXP,9,AudioArray_Tonor Prosucts_SP_Catch All_Auto,0,FBA77111,TC30,Tonor,Condenser Microphone,Tripod,
2026-07-03,0,53.67,Ad Group - 23/5/2026 14:00:41.548,185462523855280,1898,0.0,398812150448120,B08CVP2HXP,B08CVP2HXP,15,AudioArray_Tonor Prosucts_SP_Catch All_Auto,0,FBA77111,TC30,Tonor,Condenser Microphone,Tripod,
2026-07-04,1,34.93,Ad Group - 23/5/2026 14:00:41.548,185462523855280,4097,1770.34,398812150448120,B08CVP2HXP,B08CVP2HXP,11,AudioArray_Tonor Prosucts_SP_Catch All_Auto,1,FBA77111,TC30,Tonor,Condenser Microphone,Tripod,
2026-07-05,3,69.63,Ad Group - 23/5/2026 14:00:41.548,185462523855280,3195,4488.98,398812150448120,B08CVP2HXP,B08CVP2HXP,18,AudioArray_Tonor Prosucts_SP_Catch All_Auto,3,FBA77111,TC30,Tonor,Condenser Microphone,Tripod,
2026-07-06,2,68.11,Ad Group - 23/5/2026 14:00:41.548,185462523855280,2499,3540.68,398812150448120,B08CVP2HXP,B08CVP2HXP,17,AudioArray_Tonor Prosucts_SP_Catch All_Auto,2,FBA77111,TC30,Tonor,Condenser Microphone,Tripod,
2026-07-07,0,27.45,Ad Group - 23/5/2026 14:00:41.548,185462523855280,2037,0.0,398812150448120,B08CVP2HXP,B08CVP2HXP,7,AudioArray_Tonor Prosucts_SP_Catch All_Auto,0,FBA77111,TC30,Tonor,Condenser Microphone,Tripod,
2026-07-08,0,21.43,Ad Group - 23/5/2026 14:00:41.548,185462523855280,2289,0.0,398812150448120,B08CVP2HXP,B08CVP2HXP,6,AudioArray_Tonor Prosucts_SP_Catch All_Auto,0,FBA77111,TC30,Tonor,Condenser Microphone,Tripod,
2026-07-09,4,41.13,Ad Group - 23/5/2026 14:00:41.548,185462523855280,2828,5590.68,398812150448120,B08CVP2HXP,B08CVP2HXP,9,AudioArray_Tonor Prosucts_SP_Catch All_Auto,4,FBA77111,TC30,Tonor,Condenser Microphone,Tripod,
2026-07-10,0,55.6,Ad Group - 23/5/2026 14:00:41.548,185462523855280,2729,0.0,398812150448120,B08CVP2HXP,B08CVP2HXP,16,AudioArray_Tonor Prosucts_SP_Catch All_Auto,0,FBA77111,TC30,Tonor,Condenser Microphone,Tripod,
2026-07-11,0,39.22,Ad Group - 23/5/2026 14:00:41.548,185462523855280,3372,0.0,398812150448120,B08CVP2HXP,B08CVP2HXP,12,AudioArray_Tonor Prosucts_SP_Catch All_Auto,0,FBA77111,TC30,Tonor,Condenser Microphone,Tripod,
2026-07-12,0,88.4,Ad Group - 23/5/2026 14:00:41.548,185462523855280,4467,0.0,398812150448120,B08CVP2HXP,B08CVP2HXP,25,AudioArray_Tonor Prosucts_SP_Catch All_Auto,0,FBA77111,TC30,Tonor,Condenser Microphone,Tripod,
2026-07-13,0,64.48,Ad Group - 23/5/2026 14:00:41.548,185462523855280,3580,0.0,398812150448120,B08CVP2HXP,B08CVP2HXP,17,AudioArray_Tonor Prosucts_SP_Catch All_Auto,0,FBA77111,TC30,Tonor,Condenser Microphone,Tripod,
2026-07-14,1,58.18,Ad Group - 23/5/2026 14:00:41.548,185462523855280,3014,1863.56,398812150448120,B08CVP2HXP,B08CVP2HXP,15,AudioArray_Tonor Prosucts_SP_Catch All_Auto,1,FBA77111,TC30,Tonor,Condenser Microphone,Tripod,
2026-07-15,0,40.83,Ad Group - 23/5/2026 14:00:41.548,185462523855280,2352,0.0,398812150448120,B08CVP2HXP,B08CVP2HXP,11,AudioArray_Tonor Prosucts_SP_Catch All_Auto,0,FBA77111,TC30,Tonor,Condenser Microphone,Tripod,
2026-07-16,1,38.41,Ad Group - 23/5/2026 14:00:41.548,185462523855280,1935,2541.53,398812150448120,B08CVP2HXP,B08CVP2HXP,11,AudioArray_Tonor Prosucts_SP_Catch All_Auto,1,FBA77111,TC30,Tonor,Condenser Microphone,Tripod,
2026-07-17,0,44.91,Ad Group - 23/5/2026 14:00:41.548,185462523855280,2035,0.0,398812150448120,B08CVP2HXP,B08CVP2HXP,11,AudioArray_Tonor Prosucts_SP_Catch All_Auto,0,FBA77111,TC30,Tonor,Condenser Microphone,Tripod,
2026-07-18,1,64.12,Ad Group - 23/5/2026 14:00:41.548,185462523855280,2338,1863.56,398812150448120,B08CVP2HXP,B08CVP2HXP,16,AudioArray_Tonor Prosucts_SP_Catch All_Auto,1,FBA77111,TC30,Tonor,Condenser Microphone,Tripod,
2026-07-19,0,43.75,Ad Group - 23/5/2026 14:00:41.548,185462523855280,2718,0.0,398812150448120,B08CVP2HXP,B08CVP2HXP,11,AudioArray_Tonor Prosucts_SP_Catch All_Auto,0,FBA77111,TC30,Tonor,Condenser Microphone,Tripod,
2026-07-20,0,51.01,Ad Group - 23/5/2026 14:00:41.548,185462523855280,2602,0.0,398812150448120,B08CVP2HXP,B08CVP2HXP,17,AudioArray_Tonor Prosucts_SP_Catch All_Auto,0,FBA77111,TC30,Tonor,Condenser Microphone,Tripod,
2026-07-21,1,71.28,Ad Group - 23/5/2026 14:00:41.548,185462523855280,2578,1863.56,398812150448120,B08CVP2HXP,B08CVP2HXP,17,AudioArray_Tonor Prosucts_SP_Catch All_Auto,1,FBA77111,TC30,Tonor,Condenser Microphone,Tripod,
2026-07-01,1,96.2,Ad Group - 23/5/2026 14:00:41.548,185462523855280,8080,1270.34,398812150448120,B07WLWN2ZT,B07WLWN2ZT,29,AudioArray_Tonor Prosucts_SP_Catch All_Auto,1,FBA77101,TC-777,Tonor,Condenser Microphone,Tripod,
2026-07-02,0,83.75,Ad Group - 23/5/2026 14:00:41.548,185462523855280,10581,0.0,398812150448120,B07WLWN2ZT,B07WLWN2ZT,25,AudioArray_Tonor Prosucts_SP_Catch All_Auto,0,FBA77101,TC-777,Tonor,Condenser Microphone,Tripod,
2026-07-03,1,66.16,Ad Group - 23/5/2026 14:00:41.548,185462523855280,8038,1359.32,398812150448120,B07WLWN2ZT,B07WLWN2ZT,22,AudioArray_Tonor Prosucts_SP_Catch All_Auto,1,FBA77101,TC-777,Tonor,Condenser Microphone,Tripod,
2026-07-04,1,138.07,Ad Group - 23/5/2026 14:00:41.548,185462523855280,10866,1770.34,398812150448120,B07WLWN2ZT,B07WLWN2ZT,39,AudioArray_Tonor Prosucts_SP_Catch All_Auto,1,FBA77101,TC-777,Tonor,Condenser Microphone,Tripod,
2026-07-05,2,106.31,Ad Group - 23/5/2026 14:00:41.548,185462523855280,4966,4193.22,398812150448120,B07WLWN2ZT,B07WLWN2ZT,29,AudioArray_Tonor Prosucts_SP_Catch All_Auto,2,FBA77101,TC-777,Tonor,Condenser Microphone,Tripod,
2026-07-06,0,77.57,Ad Group - 23/5/2026 14:00:41.548,185462523855280,3855,0.0,398812150448120,B07WLWN2ZT,B07WLWN2ZT,20,AudioArray_Tonor Prosucts_SP_Catch All_Auto,0,FBA77101,TC-777,Tonor,Condenser Microphone,Tripod,
2026-07-07,0,75.67,Ad Group - 23/5/2026 14:00:41.548,185462523855280,5214,0.0,398812150448120,B07WLWN2ZT,B07WLWN2ZT,21,AudioArray_Tonor Prosucts_SP_Catch All_Auto,0,FBA77101,TC-777,Tonor,Condenser Microphone,Tripod,
2026-07-08,2,83.21,Ad Group - 23/5/2026 14:00:41.548,185462523855280,5779,3388.14,398812150448120,B07WLWN2ZT,B07WLWN2ZT,21,AudioArray_Tonor Prosucts_SP_Catch All_Auto,2,FBA77101,TC-777,Tonor,Condenser Microphone,Tripod,
2026-07-09,0,118.43,Ad Group - 23/5/2026 14:00:41.548,185462523855280,6702,0.0,398812150448120,B07WLWN2ZT,B07WLWN2ZT,32,AudioArray_Tonor Prosucts_SP_Catch All_Auto,0,FBA77101,TC-777,Tonor,Condenser Microphone,Tripod,
2026-07-10,1,142.31,Ad Group - 23/5/2026 14:00:41.548,185462523855280,10784,1694.07,398812150448120,B07WLWN2ZT,B07WLWN2ZT,39,AudioArray_Tonor Prosucts_SP_Catch All_Auto,1,FBA77101,TC-777,Tonor,Condenser Microphone,Tripod,
2026-07-11,0,139.64,Ad Group - 23/5/2026 14:00:41.548,185462523855280,14267,0.0,398812150448120,B07WLWN2ZT,B07WLWN2ZT,39,AudioArray_Tonor Prosucts_SP_Catch All_Auto,0,FBA77101,TC-777,Tonor,Condenser Microphone,Tripod,
2026-07-12,1,239.37,Ad Group - 23/5/2026 14:00:41.548,185462523855280,16960,1694.07,398812150448120,B07WLWN2ZT,B07WLWN2ZT,65,AudioArray_Tonor Prosucts_SP_Catch All_Auto,1,FBA77101,TC-777,Tonor,Condenser Microphone,Tripod,
2026-07-13,1,177.96,Ad Group - 23/5/2026 14:00:41.548,185462523855280,14669,1694.07,398812150448120,B07WLWN2ZT,B07WLWN2ZT,48,AudioArray_Tonor Prosucts_SP_Catch All_Auto,1,FBA77101,TC-777,Tonor,Condenser Microphone,Tripod,
2026-07-14,2,142.62,Ad Group - 23/5/2026 14:00:41.548,185462523855280,13333,3557.63,398812150448120,B07WLWN2ZT,B07WLWN2ZT,38,AudioArray_Tonor Prosucts_SP_Catch All_Auto,2,FBA77101,TC-777,Tonor,Condenser Microphone,Tripod,
2026-07-15,1,147.37,Ad Group - 23/5/2026 14:00:41.548,185462523855280,11118,1863.56,398812150448120,B07WLWN2ZT,B07WLWN2ZT,43,AudioArray_Tonor Prosucts_SP_Catch All_Auto,1,FBA77101,TC-777,Tonor,Condenser Microphone,Tripod,
2026-07-16,1,186.0,Ad Group - 23/5/2026 14:00:41.548,185462523855280,12090,1694.07,398812150448120,B07WLWN2ZT,B07WLWN2ZT,53,AudioArray_Tonor Prosucts_SP_Catch All_Auto,1,FBA77101,TC-777,Tonor,Condenser Microphone,Tripod,
2026-07-17,0,168.73,Ad Group - 23/5/2026 14:00:41.548,185462523855280,12811,0.0,398812150448120,B07WLWN2ZT,B07WLWN2ZT,47,AudioArray_Tonor Prosucts_SP_Catch All_Auto,0,FBA77101,TC-777,Tonor,Condenser Microphone,Tripod,
2026-07-18,2,179.35,Ad Group - 23/5/2026 14:00:41.548,185462523855280,13233,3388.13,398812150448120,B07WLWN2ZT,B07WLWN2ZT,50,AudioArray_Tonor Prosucts_SP_Catch All_Auto,2,FBA77101,TC-777,Tonor,Condenser Microphone,Tripod,
2026-07-19,2,165.49,Ad Group - 23/5/2026 14:00:41.548,185462523855280,12620,3727.12,398812150448120,B07WLWN2ZT,B07WLWN2ZT,47,AudioArray_Tonor Prosucts_SP_Catch All_Auto,2,FBA77101,TC-777,Tonor,Condenser Microphone,Tripod,
2026-07-20,1,154.94,Ad Group - 23/5/2026 14:00:41.548,185462523855280,9685,1694.07,398812150448120,B07WLWN2ZT,B07WLWN2ZT,51,AudioArray_Tonor Prosucts_SP_Catch All_Auto,1,FBA77101,TC-777,Tonor,Condenser Microphone,Tripod,
2026-07-21,0,189.31,Ad Group - 23/5/2026 14:00:41.548,185462523855280,10970,0.0,398812150448120,B07WLWN2ZT,B07WLWN2ZT,49,AudioArray_Tonor Prosucts_SP_Catch All_Auto,0,FBA77101,TC-777,Tonor,Condenser Microphone,Tripod,
2026-07-01,0,2.11,Ad Group - 23/5/2026 14:00:41.548,185462523855280,2701,0.0,398812150448120,B0CQX3VB1R,B0CQX3VB1R,1,AudioArray_Tonor Prosucts_SP_Catch All_Auto,0,FBA79696,TD310+,Tonor,Dynamic Microphone,Hand held Mic + Boom Arm,
2026-07-02,0,23.91,Ad Group - 23/5/2026 14:00:41.548,185462523855280,1819,0.0,398812150448120,B0CQX3VB1R,B0CQX3VB1R,7,AudioArray_Tonor Prosucts_SP_Catch All_Auto,0,FBA79696,TD310+,Tonor,Dynamic Microphone,Hand held Mic + Boom Arm,
2026-07-03,0,11.62,Ad Group - 23/5/2026 14:00:41.548,185462523855280,1824,0.0,398812150448120,B0CQX3VB1R,B0CQX3VB1R,3,AudioArray_Tonor Prosucts_SP_Catch All_Auto,0,FBA79696,TD310+,Tonor,Dynamic Microphone,Hand held Mic + Boom Arm,
2026-07-04,0,16.85,Ad Group - 23/5/2026 14:00:41.548,185462523855280,2889,0.0,398812150448120,B0CQX3VB1R,B0CQX3VB1R,5,AudioArray_Tonor Prosucts_SP_Catch All_Auto,0,FBA79696,TD310+,Tonor,Dynamic Microphone,Hand held Mic + Boom Arm,
2026-07-05,1,31.66,Ad Group - 23/5/2026 14:00:41.548,185462523855280,2652,1694.07,398812150448120,B0CQX3VB1R,B0CQX3VB1R,10,AudioArray_Tonor Prosucts_SP_Catch All_Auto,1,FBA79696,TD310+,Tonor,Dynamic Microphone,Hand held Mic + Boom Arm,
2026-07-06,0,13.91,Ad Group - 23/5/2026 14:00:41.548,185462523855280,2374,0.0,398812150448120,B0CQX3VB1R,B0CQX3VB1R,4,AudioArray_Tonor Prosucts_SP_Catch All_Auto,0,FBA79696,TD310+,Tonor,Dynamic Microphone,Hand held Mic + Boom Arm,
2026-07-07,0,22.04,Ad Group - 23/5/2026 14:00:41.548,185462523855280,1787,0.0,398812150448120,B0CQX3VB1R,B0CQX3VB1R,6,AudioArray_Tonor Prosucts_SP_Catch All_Auto,0,FBA79696,TD310+,Tonor,Dynamic Microphone,Hand held Mic + Boom Arm,
2026-07-08,0,18.68,Ad Group - 23/5/2026 14:00:41.548,185462523855280,1526,0.0,398812150448120,B0CQX3VB1R,B0CQX3VB1R,4,AudioArray_Tonor Prosucts_SP_Catch All_Auto,0,FBA79696,TD310+,Tonor,Dynamic Microphone,Hand held Mic + Boom Arm,
2026-07-09,1,18.86,Ad Group - 23/5/2026 14:00:41.548,185462523855280,1712,1863.56,398812150448120,B0CQX3VB1R,B0CQX3VB1R,5,AudioArray_Tonor Prosucts_SP_Catch All_Auto,1,FBA79696,TD310+,Tonor,Dynamic Microphone,Hand held Mic + Boom Arm,
2026-07-10,0,27.18,Ad Group - 23/5/2026 14:00:41.548,185462523855280,1660,0.0,398812150448120,B0CQX3VB1R,B0CQX3VB1R,8,AudioArray_Tonor Prosucts_SP_Catch All_Auto,0,FBA79696,TD310+,Tonor,Dynamic Microphone,Hand held Mic + Boom Arm,
2026-07-11,0,35.05,Ad Group - 23/5/2026 14:00:41.548,185462523855280,1920,0.0,398812150448120,B0CQX3VB1R,B0CQX3VB1R,8,AudioArray_Tonor Prosucts_SP_Catch All_Auto,0,FBA79696,TD310+,Tonor,Dynamic Microphone,Hand held Mic + Boom Arm,
2026-07-12,0,49.14,Ad Group - 23/5/2026 14:00:41.548,185462523855280,2345,0.0,398812150448120,B0CQX3VB1R,B0CQX3VB1R,13,AudioArray_Tonor Prosucts_SP_Catch All_Auto,0,FBA79696,TD310+,Tonor,Dynamic Microphone,Hand held Mic + Boom Arm,
2026-07-13,1,29.65,Ad Group - 23/5/2026 14:00:41.548,185462523855280,2091,1863.56,398812150448120,B0CQX3VB1R,B0CQX3VB1R,7,AudioArray_Tonor Prosucts_SP_Catch All_Auto,1,FBA79696,TD310+,Tonor,Dynamic Microphone,Hand held Mic + Boom Arm,
2026-07-14,0,17.85,Ad Group - 23/5/2026 14:00:41.548,185462523855280,1945,0.0,398812150448120,B0CQX3VB1R,B0CQX3VB1R,5,AudioArray_Tonor Prosucts_SP_Catch All_Auto,0,FBA79696,TD310+,Tonor,Dynamic Microphone,Hand held Mic + Boom Arm,
2026-07-15,1,17.29,Ad Group - 23/5/2026 14:00:41.548,185462523855280,1548,1694.07,398812150448120,B0CQX3VB1R,B0CQX3VB1R,5,AudioArray_Tonor Prosucts_SP_Catch All_Auto,1,FBA79696,TD310+,Tonor,Dynamic Microphone,Hand held Mic + Boom Arm,
2026-07-16,1,32.58,Ad Group - 23/5/2026 14:00:41.548,185462523855280,1131,1863.56,398812150448120,B0CQX3VB1R,B0CQX3VB1R,8,AudioArray_Tonor Prosucts_SP_Catch All_Auto,1,FBA79696,TD310+,Tonor,Dynamic Microphone,Hand held Mic + Boom Arm,
2026-07-17,1,8.69,Ad Group - 23/5/2026 14:00:41.548,185462523855280,1040,1863.56,398812150448120,B0CQX3VB1R,B0CQX3VB1R,2,AudioArray_Tonor Prosucts_SP_Catch All_Auto,1,FBA79696,TD310+,Tonor,Dynamic Microphone,Hand held Mic + Boom Arm,
2026-07-18,2,47.25,Ad Group - 23/5/2026 14:00:41.548,185462523855280,1445,3727.12,398812150448120,B0CQX3VB1R,B0CQX3VB1R,11,AudioArray_Tonor Prosucts_SP_Catch All_Auto,2,FBA79696,TD310+,Tonor,Dynamic Microphone,Hand held Mic + Boom Arm,
2026-07-19,0,13.81,Ad Group - 23/5/2026 14:00:41.548,185462523855280,1616,0.0,398812150448120,B0CQX3VB1R,B0CQX3VB1R,5,AudioArray_Tonor Prosucts_SP_Catch All_Auto,0,FBA79696,TD310+,Tonor,Dynamic Microphone,Hand held Mic + Boom Arm,
2026-07-20,1,24.63,Ad Group - 23/5/2026 14:00:41.548,185462523855280,1599,1694.07,398812150448120,B0CQX3VB1R,B0CQX3VB1R,7,AudioArray_Tonor Prosucts_SP_Catch All_Auto,1,FBA79696,TD310+,Tonor,Dynamic Microphone,Hand held Mic + Boom Arm,
2026-07-21,0,49.22,Ad Group - 23/5/2026 14:00:41.548,185462523855280,1610,0.0,398812150448120,B0CQX3VB1R,B0CQX3VB1R,11,AudioArray_Tonor Prosucts_SP_Catch All_Auto,0,FBA79696,TD310+,Tonor,Dynamic Microphone,Hand held Mic + Boom Arm,
2026-07-01,0,13.87,Ad Group - 23/5/2026 14:00:41.548,185462523855280,1893,0.0,398812150448120,B0CCV74CL7,B0CCV74CL7,5,AudioArray_Tonor Prosucts_SP_Catch All_Auto,0,FBA79114,TC310+,Tonor,Condenser Microphone,Boom Arm Kit - USB - RGB,
2026-07-02,0,5.76,Ad Group - 23/5/2026 14:00:41.548,185462523855280,1647,0.0,398812150448120,B0CCV74CL7,B0CCV74CL7,3,AudioArray_Tonor Prosucts_SP_Catch All_Auto,0,FBA79114,TC310+,Tonor,Condenser Microphone,Boom Arm Kit - USB - RGB,
2026-07-03,0,17.81,Ad Group - 23/5/2026 14:00:41.548,185462523855280,1814,0.0,398812150448120,B0CCV74CL7,B0CCV74CL7,5,AudioArray_Tonor Prosucts_SP_Catch All_Auto,0,FBA79114,TC310+,Tonor,Condenser Microphone,Boom Arm Kit - USB - RGB,
2026-07-04,2,40.14,Ad Group - 23/5/2026 14:00:41.548,185462523855280,2797,2329.66,398812150448120,B0CCV74CL7,B0CCV74CL7,10,AudioArray_Tonor Prosucts_SP_Catch All_Auto,2,FBA79114,TC310+,Tonor,Condenser Microphone,Boom Arm Kit - USB - RGB,
2026-07-05,0,9.41,Ad Group - 23/5/2026 14:00:41.548,185462523855280,2120,0.0,398812150448120,B0CCV74CL7,B0CCV74CL7,3,AudioArray_Tonor Prosucts_SP_Catch All_Auto,0,FBA79114,TC310+,Tonor,Condenser Microphone,Boom Arm Kit - USB - RGB,
2026-07-06,0,18.57,Ad Group - 23/5/2026 14:00:41.548,185462523855280,1792,0.0,398812150448120,B0CCV74CL7,B0CCV74CL7,4,AudioArray_Tonor Prosucts_SP_Catch All_Auto,0,FBA79114,TC310+,Tonor,Condenser Microphone,Boom Arm Kit - USB - RGB,
2026-07-07,0,12.09,Ad Group - 23/5/2026 14:00:41.548,185462523855280,1497,0.0,398812150448120,B0CCV74CL7,B0CCV74CL7,3,AudioArray_Tonor Prosucts_SP_Catch All_Auto,0,FBA79114,TC310+,Tonor,Condenser Microphone,Boom Arm Kit - USB - RGB,
2026-07-08,0,24.56,Ad Group - 23/5/2026 14:00:41.548,185462523855280,1914,0.0,398812150448120,B0CCV74CL7,B0CCV74CL7,6,AudioArray_Tonor Prosucts_SP_Catch All_Auto,0,FBA79114,TC310+,Tonor,Condenser Microphone,Boom Arm Kit - USB - RGB,
2026-07-09,0,29.74,Ad Group - 23/5/2026 14:00:41.548,185462523855280,2128,0.0,398812150448120,B0CCV74CL7,B0CCV74CL7,7,AudioArray_Tonor Prosucts_SP_Catch All_Auto,0,FBA79114,TC310+,Tonor,Condenser Microphone,Boom Arm Kit - USB - RGB,
2026-07-10,0,51.3,Ad Group - 23/5/2026 14:00:41.548,185462523855280,2015,0.0,398812150448120,B0CCV74CL7,B0CCV74CL7,13,AudioArray_Tonor Prosucts_SP_Catch All_Auto,0,FBA79114,TC310+,Tonor,Condenser Microphone,Boom Arm Kit - USB - RGB,
2026-07-11,0,28.39,Ad Group - 23/5/2026 14:00:41.548,185462523855280,2286,0.0,398812150448120,B0CCV74CL7,B0CCV74CL7,8,AudioArray_Tonor Prosucts_SP_Catch All_Auto,0,FBA79114,TC310+,Tonor,Condenser Microphone,Boom Arm Kit - USB - RGB,
2026-07-12,0,18.82,Ad Group - 23/5/2026 14:00:41.548,185462523855280,2962,0.0,398812150448120,B0CCV74CL7,B0CCV74CL7,6,AudioArray_Tonor Prosucts_SP_Catch All_Auto,0,FBA79114,TC310+,Tonor,Condenser Microphone,Boom Arm Kit - USB - RGB,
2026-07-13,2,29.63,Ad Group - 23/5/2026 14:00:41.548,185462523855280,2723,4913.56,398812150448120,B0CCV74CL7,B0CCV74CL7,8,AudioArray_Tonor Prosucts_SP_Catch All_Auto,2,FBA79114,TC310+,Tonor,Condenser Microphone,Boom Arm Kit - USB - RGB,
2026-07-14,1,84.17,Ad Group - 23/5/2026 14:00:41.548,185462523855280,3385,2456.78,398812150448120,B0CCV74CL7,B0CCV74CL7,20,AudioArray_Tonor Prosucts_SP_Catch All_Auto,1,FBA79114,TC310+,Tonor,Condenser Microphone,Boom Arm Kit - USB - RGB,
2026-07-15,0,20.62,Ad Group - 23/5/2026 14:00:41.548,185462523855280,2532,0.0,398812150448120,B0CCV74CL7,B0CCV74CL7,6,AudioArray_Tonor Prosucts_SP_Catch All_Auto,0,FBA79114,TC310+,Tonor,Condenser Microphone,Boom Arm Kit - USB - RGB,
2026-07-16,0,41.1,Ad Group - 23/5/2026 14:00:41.548,185462523855280,1460,0.0,398812150448120,B0CCV74CL7,B0CCV74CL7,10,AudioArray_Tonor Prosucts_SP_Catch All_Auto,0,FBA79114,TC310+,Tonor,Condenser Microphone,Boom Arm Kit - USB - RGB,
2026-07-17,1,55.48,Ad Group - 23/5/2026 14:00:41.548,185462523855280,1040,0.0,398812150448120,B0CCV74CL7,B0CCV74CL7,15,AudioArray_Tonor Prosucts_SP_Catch All_Auto,1,FBA79114,TC310+,Tonor,Condenser Microphone,Boom Arm Kit - USB - RGB,
2026-07-18,1,48.76,Ad Group - 23/5/2026 14:00:41.548,185462523855280,1319,2456.78,398812150448120,B0CCV74CL7,B0CCV74CL7,11,AudioArray_Tonor Prosucts_SP_Catch All_Auto,1,FBA79114,TC310+,Tonor,Condenser Microphone,Boom Arm Kit - USB - RGB,
2026-07-19,0,75.32,Ad Group - 23/5/2026 14:00:41.548,185462523855280,1406,0.0,398812150448120,B0CCV74CL7,B0CCV74CL7,18,AudioArray_Tonor Prosucts_SP_Catch All_Auto,0,FBA79114,TC310+,Tonor,Condenser Microphone,Boom Arm Kit - USB - RGB,
2026-07-20,0,32.7,Ad Group - 23/5/2026 14:00:41.548,185462523855280,1237,0.0,398812150448120,B0CCV74CL7,B0CCV74CL7,10,AudioArray_Tonor Prosucts_SP_Catch All_Auto,0,FBA79114,TC310+,Tonor,Condenser Microphone,Boom Arm Kit - USB - RGB,
2026-07-21,0,29.74,Ad Group - 23/5/2026 14:00:41.548,185462523855280,1790,0.0,398812150448120,B0CCV74CL7,B0CCV74CL7,8,AudioArray_Tonor Prosucts_SP_Catch All_Auto,0,FBA79114,TC310+,Tonor,Condenser Microphone,Boom Arm Kit - USB - RGB,
2026-07-02,0,0.0,Ad Group - 23/5/2026 14:00:41.548,185462523855280,0,0.0,398812150448120,FBA77117,B078WNW4YW,0,AudioArray_Tonor Prosucts_SP_Catch All_Auto,0,FBA77117,S20,Tonor,Accessories,Microphone Isolation Shield,
2026-07-03,0,0.0,Ad Group - 23/5/2026 14:00:41.548,185462523855280,0,0.0,398812150448120,FBA77117,B078WNW4YW,0,AudioArray_Tonor Prosucts_SP_Catch All_Auto,0,FBA77117,S20,Tonor,Accessories,Microphone Isolation Shield,
2026-07-09,0,0.0,Ad Group - 23/5/2026 14:00:41.548,185462523855280,0,0.0,398812150448120,FBA77117,B078WNW4YW,0,AudioArray_Tonor Prosucts_SP_Catch All_Auto,0,FBA77117,S20,Tonor,Accessories,Microphone Isolation Shield,
2026-07-12,0,0.0,Ad Group - 23/5/2026 14:00:41.548,185462523855280,0,0.0,398812150448120,FBA77117,B078WNW4YW,0,AudioArray_Tonor Prosucts_SP_Catch All_Auto,0,FBA77117,S20,Tonor,Accessories,Microphone Isolation Shield,
2026-07-01,0,0.0,Ad Group - 23/5/2026 14:00:41.548,185462523855280,703,0.0,398812150448120,FBA79260,B07GVGMW59,0,AudioArray_Tonor Prosucts_SP_Catch All_Auto,0,FBA77102,G11,Tonor,,,
2026-07-02,0,0.0,Ad Group - 23/5/2026 14:00:41.548,185462523855280,120,0.0,398812150448120,FBA79260,B07GVGMW59,0,AudioArray_Tonor Prosucts_SP_Catch All_Auto,0,FBA77102,G11,Tonor,,,
2026-07-03,0,0.0,Ad Group - 23/5/2026 14:00:41.548,185462523855280,85,0.0,398812150448120,FBA79260,B07GVGMW59,0,AudioArray_Tonor Prosucts_SP_Catch All_Auto,0,FBA77102,G11,Tonor,,,
2026-07-04,0,0.0,Ad Group - 23/5/2026 14:00:41.548,185462523855280,53,0.0,398812150448120,FBA79260,B07GVGMW59,0,AudioArray_Tonor Prosucts_SP_Catch All_Auto,0,FBA77102,G11,Tonor,,,
2026-07-05,0,7.35,Ad Group - 23/5/2026 14:00:41.548,185462523855280,195,0.0,398812150448120,FBA79260,B07GVGMW59,2,AudioArray_Tonor Prosucts_SP_Catch All_Auto,0,FBA77102,G11,Tonor,,,
2026-07-06,0,6.08,Ad Group - 23/5/2026 14:00:41.548,185462523855280,630,0.0,398812150448120,FBA79260,B07GVGMW59,1,AudioArray_Tonor Prosucts_SP_Catch All_Auto,0,FBA77102,G11,Tonor,,,
2026-07-07,0,1.84,Ad Group - 23/5/2026 14:00:41.548,185462523855280,339,0.0,398812150448120,FBA79260,B07GVGMW59,1,AudioArray_Tonor Prosucts_SP_Catch All_Auto,0,FBA77102,G11,Tonor,,,
2026-07-08,0,0.0,Ad Group - 23/5/2026 14:00:41.548,185462523855280,301,0.0,398812150448120,FBA79260,B07GVGMW59,0,AudioArray_Tonor Prosucts_SP_Catch All_Auto,0,FBA77102,G11,Tonor,,,
2026-07-09,0,11.25,Ad Group - 23/5/2026 14:00:41.548,185462523855280,389,0.0,398812150448120,FBA79260,B07GVGMW59,2,AudioArray_Tonor Prosucts_SP_Catch All_Auto,0,FBA77102,G11,Tonor,,,
2026-07-10,0,5.21,Ad Group - 23/5/2026 14:00:41.548,185462523855280,405,0.0,398812150448120,FBA79260,B07GVGMW59,2,AudioArray_Tonor Prosucts_SP_Catch All_Auto,0,FBA77102,G11,Tonor,,,
2026-07-11,0,0.0,Ad Group - 23/5/2026 14:00:41.548,185462523855280,420,0.0,398812150448120,FBA79260,B07GVGMW59,0,AudioArray_Tonor Prosucts_SP_Catch All_Auto,0,FBA77102,G11,Tonor,,,
2026-07-12,0,5.55,Ad Group - 23/5/2026 14:00:41.548,185462523855280,462,0.0,398812150448120,FBA79260,B07GVGMW59,2,AudioArray_Tonor Prosucts_SP_Catch All_Auto,0,FBA77102,G11,Tonor,,,
2026-07-13,0,7.9,Ad Group - 23/5/2026 14:00:41.548,185462523855280,477,0.0,398812150448120,FBA79260,B07GVGMW59,1,AudioArray_Tonor Prosucts_SP_Catch All_Auto,0,FBA77102,G11,Tonor,,,
2026-07-14,0,3.05,Ad Group - 23/5/2026 14:00:41.548,185462523855280,323,0.0,398812150448120,FBA79260,B07GVGMW59,1,AudioArray_Tonor Prosucts_SP_Catch All_Auto,0,FBA77102,G11,Tonor,,,
2026-07-15,0,8.11,Ad Group - 23/5/2026 14:00:41.548,185462523855280,291,0.0,398812150448120,FBA79260,B07GVGMW59,3,AudioArray_Tonor Prosucts_SP_Catch All_Auto,0,FBA77102,G11,Tonor,,,
2026-07-16,0,13.26,Ad Group - 23/5/2026 14:00:41.548,185462523855280,282,0.0,398812150448120,FBA79260,B07GVGMW59,4,AudioArray_Tonor Prosucts_SP_Catch All_Auto,0,FBA77102,G11,Tonor,,,
2026-07-17,0,0.0,Ad Group - 23/5/2026 14:00:41.548,185462523855280,330,0.0,398812150448120,FBA79260,B07GVGMW59,0,AudioArray_Tonor Prosucts_SP_Catch All_Auto,0,FBA77102,G11,Tonor,,,
2026-07-18,0,3.68,Ad Group - 23/5/2026 14:00:41.548,185462523855280,308,0.0,398812150448120,FBA79260,B07GVGMW59,1,AudioArray_Tonor Prosucts_SP_Catch All_Auto,0,FBA77102,G11,Tonor,,,
2026-07-19,0,6.46,Ad Group - 23/5/2026 14:00:41.548,185462523855280,311,0.0,398812150448120,FBA79260,B07GVGMW59,1,AudioArray_Tonor Prosucts_SP_Catch All_Auto,0,FBA77102,G11,Tonor,,,
2026-07-20,0,2.72,Ad Group - 23/5/2026 14:00:41.548,185462523855280,336,0.0,398812150448120,FBA79260,B07GVGMW59,1,AudioArray_Tonor Prosucts_SP_Catch All_Auto,0,FBA77102,G11,Tonor,,,
2026-07-21,0,4.07,Ad Group - 23/5/2026 14:00:41.548,185462523855280,448,0.0,398812150448120,FBA79260,B07GVGMW59,1,AudioArray_Tonor Prosucts_SP_Catch All_Auto,0,FBA77102,G11,Tonor,,,
2026-07-03,0,0.0,Ad Group - 23/5/2026 14:00:41.548,185462523855280,0,0.0,398812150448120,B0BRKFP94K,B0BRKFP94K,0,AudioArray_Tonor Prosucts_SP_Catch All_Auto,0,FBA79111,TD510,Tonor,Dynamic Microphone,USB/XLR Mic,
2026-07-01,0,17.96,Ad Group - 23/5/2026 14:00:41.548,185462523855280,1479,0.0,398812150448120,B0BTCXQQ6M,B0BTCXQQ6M,5,AudioArray_Tonor Prosucts_SP_Catch All_Auto,0,FBA79113,TC310,Tonor,Condenser Microphone,Tripod - RGB,
2026-07-02,0,17.13,Ad Group - 23/5/2026 14:00:41.548,185462523855280,1047,0.0,398812150448120,B0BTCXQQ6M,B0BTCXQQ6M,5,AudioArray_Tonor Prosucts_SP_Catch All_Auto,0,FBA79113,TC310,Tonor,Condenser Microphone,Tripod - RGB,
2026-07-03,0,11.81,Ad Group - 23/5/2026 14:00:41.548,185462523855280,1141,0.0,398812150448120,B0BTCXQQ6M,B0BTCXQQ6M,3,AudioArray_Tonor Prosucts_SP_Catch All_Auto,0,FBA79113,TC310,Tonor,Condenser Microphone,Tripod - RGB,
2026-07-04,0,30.06,Ad Group - 23/5/2026 14:00:41.548,185462523855280,1912,0.0,398812150448120,B0BTCXQQ6M,B0BTCXQQ6M,11,AudioArray_Tonor Prosucts_SP_Catch All_Auto,0,FBA79113,TC310,Tonor,Condenser Microphone,Tripod - RGB,
2026-07-05,0,16.31,Ad Group - 23/5/2026 14:00:41.548,185462523855280,1743,0.0,398812150448120,B0BTCXQQ6M,B0BTCXQQ6M,4,AudioArray_Tonor Prosucts_SP_Catch All_Auto,0,FBA79113,TC310,Tonor,Condenser Microphone,Tripod - RGB,
2026-07-06,0,22.12,Ad Group - 23/5/2026 14:00:41.548,185462523855280,1552,0.0,398812150448120,B0BTCXQQ6M,B0BTCXQQ6M,5,AudioArray_Tonor Prosucts_SP_Catch All_Auto,0,FBA79113,TC310,Tonor,Condenser Microphone,Tripod - RGB,
2026-07-07,1,19.93,Ad Group - 23/5/2026 14:00:41.548,185462523855280,1089,2117.8,398812150448120,B0BTCXQQ6M,B0BTCXQQ6M,6,AudioArray_Tonor Prosucts_SP_Catch All_Auto,1,FBA79113,TC310,Tonor,Condenser Microphone,Tripod - RGB,
2026-07-08,0,18.74,Ad Group - 23/5/2026 14:00:41.548,185462523855280,1187,0.0,398812150448120,B0BTCXQQ6M,B0BTCXQQ6M,4,AudioArray_Tonor Prosucts_SP_Catch All_Auto,0,FBA79113,TC310,Tonor,Condenser Microphone,Tripod - RGB,
2026-07-09,0,13.44,Ad Group - 23/5/2026 14:00:41.548,185462523855280,1262,0.0,398812150448120,B0BTCXQQ6M,B0BTCXQQ6M,3,AudioArray_Tonor Prosucts_SP_Catch All_Auto,0,FBA79113,TC310,Tonor,Condenser Microphone,Tripod - RGB,
2026-07-10,0,30.18,Ad Group - 23/5/2026 14:00:41.548,185462523855280,1279,0.0,398812150448120,B0BTCXQQ6M,B0BTCXQQ6M,7,AudioArray_Tonor Prosucts_SP_Catch All_Auto,0,FBA79113,TC310,Tonor,Condenser Microphone,Tripod - RGB,
2026-07-11,0,16.01,Ad Group - 23/5/2026 14:00:41.548,185462523855280,1315,0.0,398812150448120,B0BTCXQQ6M,B0BTCXQQ6M,4,AudioArray_Tonor Prosucts_SP_Catch All_Auto,0,FBA79113,TC310,Tonor,Condenser Microphone,Tripod - RGB,
2026-07-12,0,50.16,Ad Group - 23/5/2026 14:00:41.548,185462523855280,1696,0.0,398812150448120,B0BTCXQQ6M,B0BTCXQQ6M,13,AudioArray_Tonor Prosucts_SP_Catch All_Auto,0,FBA79113,TC310,Tonor,Condenser Microphone,Tripod - RGB,
2026-07-13,0,17.42,Ad Group - 23/5/2026 14:00:41.548,185462523855280,1535,0.0,398812150448120,B0BTCXQQ6M,B0BTCXQQ6M,5,AudioArray_Tonor Prosucts_SP_Catch All_Auto,0,FBA79113,TC310,Tonor,Condenser Microphone,Tripod - RGB,
2026-07-14,0,82.67,Ad Group - 23/5/2026 14:00:41.548,185462523855280,1757,0.0,398812150448120,B0BTCXQQ6M,B0BTCXQQ6M,16,AudioArray_Tonor Prosucts_SP_Catch All_Auto,0,FBA79113,TC310,Tonor,Condenser Microphone,Tripod - RGB,
2026-07-15,1,29.9,Ad Group - 23/5/2026 14:00:41.548,185462523855280,1325,1863.56,398812150448120,B0BTCXQQ6M,B0BTCXQQ6M,8,AudioArray_Tonor Prosucts_SP_Catch All_Auto,1,FBA79113,TC310,Tonor,Condenser Microphone,Tripod - RGB,
2026-07-16,0,22.05,Ad Group - 23/5/2026 14:00:41.548,185462523855280,1089,0.0,398812150448120,B0BTCXQQ6M,B0BTCXQQ6M,5,AudioArray_Tonor Prosucts_SP_Catch All_Auto,0,FBA79113,TC310,Tonor,Condenser Microphone,Tripod - RGB,
2026-07-17,0,30.53,Ad Group - 23/5/2026 14:00:41.548,185462523855280,1153,0.0,398812150448120,B0BTCXQQ6M,B0BTCXQQ6M,7,AudioArray_Tonor Prosucts_SP_Catch All_Auto,0,FBA79113,TC310,Tonor,Condenser Microphone,Tripod - RGB,
2026-07-18,1,55.03,Ad Group - 23/5/2026 14:00:41.548,185462523855280,1681,1694.07,398812150448120,B0BTCXQQ6M,B0BTCXQQ6M,14,AudioArray_Tonor Prosucts_SP_Catch All_Auto,1,FBA79113,TC310,Tonor,Condenser Microphone,Tripod - RGB,
2026-07-19,0,14.66,Ad Group - 23/5/2026 14:00:41.548,185462523855280,1861,0.0,398812150448120,B0BTCXQQ6M,B0BTCXQQ6M,4,AudioArray_Tonor Prosucts_SP_Catch All_Auto,0,FBA79113,TC310,Tonor,Condenser Microphone,Tripod - RGB,
2026-07-20,0,22.35,Ad Group - 23/5/2026 14:00:41.548,185462523855280,1533,0.0,398812150448120,B0BTCXQQ6M,B0BTCXQQ6M,7,AudioArray_Tonor Prosucts_SP_Catch All_Auto,0,FBA79113,TC310,Tonor,Condenser Microphone,Tripod - RGB,
2026-07-21,0,38.34,Ad Group - 23/5/2026 14:00:41.548,185462523855280,1715,0.0,398812150448120,B0BTCXQQ6M,B0BTCXQQ6M,12,AudioArray_Tonor Prosucts_SP_Catch All_Auto,0,FBA79113,TC310,Tonor,Condenser Microphone,Tripod - RGB,
2026-07-01,0,7.9,Ad Group - 23/5/2026 14:00:41.548,185462523855280,963,0.0,398812150448120,B0BBL47VR5,B0BBL47VR5,2,AudioArray_Tonor Prosucts_SP_Catch All_Auto,0,FBA77116,TC40S,Tonor,Condenser Microphone,Boom Arm Kit - USB - RGB,
2026-07-02,0,0.0,Ad Group - 23/5/2026 14:00:41.548,185462523855280,2206,0.0,398812150448120,B0BBL47VR5,B0BBL47VR5,0,AudioArray_Tonor Prosucts_SP_Catch All_Auto,0,FBA77116,TC40S,Tonor,Condenser Microphone,Boom Arm Kit - USB - RGB,
2026-07-03,0,0.0,Ad Group - 23/5/2026 14:00:41.548,185462523855280,416,0.0,398812150448120,B0BBL47VR5,B0BBL47VR5,0,AudioArray_Tonor Prosucts_SP_Catch All_Auto,0,FBA77116,TC40S,Tonor,Condenser Microphone,Boom Arm Kit - USB - RGB,
2026-07-04,0,0.0,Ad Group - 23/5/2026 14:00:41.548,185462523855280,293,0.0,398812150448120,B0BBL47VR5,B0BBL47VR5,0,AudioArray_Tonor Prosucts_SP_Catch All_Auto,0,FBA77116,TC40S,Tonor,Condenser Microphone,Boom Arm Kit - USB - RGB,
2026-07-05,0,7.9,Ad Group - 23/5/2026 14:00:41.548,185462523855280,280,0.0,398812150448120,B0BBL47VR5,B0BBL47VR5,2,AudioArray_Tonor Prosucts_SP_Catch All_Auto,0,FBA77116,TC40S,Tonor,Condenser Microphone,Boom Arm Kit - USB - RGB,
2026-07-06,0,4.7,Ad Group - 23/5/2026 14:00:41.548,185462523855280,329,0.0,398812150448120,B0BBL47VR5,B0BBL47VR5,2,AudioArray_Tonor Prosucts_SP_Catch All_Auto,0,FBA77116,TC40S,Tonor,Condenser Microphone,Boom Arm Kit - USB - RGB,
2026-07-07,0,7.27,Ad Group - 23/5/2026 14:00:41.548,185462523855280,295,0.0,398812150448120,B0BBL47VR5,B0BBL47VR5,2,AudioArray_Tonor Prosucts_SP_Catch All_Auto,0,FBA77116,TC40S,Tonor,Condenser Microphone,Boom Arm Kit - USB - RGB,
2026-07-08,0,3.7,Ad Group - 23/5/2026 14:00:41.548,185462523855280,241,0.0,398812150448120,B0BBL47VR5,B0BBL47VR5,1,AudioArray_Tonor Prosucts_SP_Catch All_Auto,0,FBA77116,TC40S,Tonor,Condenser Microphone,Boom Arm Kit - USB - RGB,
2026-07-09,0,3.88,Ad Group - 23/5/2026 14:00:41.548,185462523855280,349,0.0,398812150448120,B0BBL47VR5,B0BBL47VR5,1,AudioArray_Tonor Prosucts_SP_Catch All_Auto,0,FBA77116,TC40S,Tonor,Condenser Microphone,Boom Arm Kit - USB - RGB,
2026-07-10,0,1.0,Ad Group - 23/5/2026 14:00:41.548,185462523855280,316,0.0,398812150448120,B0BBL47VR5,B0BBL47VR5,1,AudioArray_Tonor Prosucts_SP_Catch All_Auto,0,FBA77116,TC40S,Tonor,Condenser Microphone,Boom Arm Kit - USB - RGB,
2026-07-11,0,2.84,Ad Group - 23/5/2026 14:00:41.548,185462523855280,237,0.0,398812150448120,B0BBL47VR5,B0BBL47VR5,1,AudioArray_Tonor Prosucts_SP_Catch All_Auto,0,FBA77116,TC40S,Tonor,Condenser Microphone,Boom Arm Kit - USB - RGB,
2026-07-12,0,4.34,Ad Group - 23/5/2026 14:00:41.548,185462523855280,395,0.0,398812150448120,B0BBL47VR5,B0BBL47VR5,1,AudioArray_Tonor Prosucts_SP_Catch All_Auto,0,FBA77116,TC40S,Tonor,Condenser Microphone,Boom Arm Kit - USB - RGB,
2026-07-13,0,6.75,Ad Group - 23/5/2026 14:00:41.548,185462523855280,345,0.0,398812150448120,B0BBL47VR5,B0BBL47VR5,2,AudioArray_Tonor Prosucts_SP_Catch All_Auto,0,FBA77116,TC40S,Tonor,Condenser Microphone,Boom Arm Kit - USB - RGB,
2026-07-14,0,0.0,Ad Group - 23/5/2026 14:00:41.548,185462523855280,352,0.0,398812150448120,B0BBL47VR5,B0BBL47VR5,0,AudioArray_Tonor Prosucts_SP_Catch All_Auto,0,FBA77116,TC40S,Tonor,Condenser Microphone,Boom Arm Kit - USB - RGB,
2026-07-15,0,3.7,Ad Group - 23/5/2026 14:00:41.548,185462523855280,235,0.0,398812150448120,B0BBL47VR5,B0BBL47VR5,1,AudioArray_Tonor Prosucts_SP_Catch All_Auto,0,FBA77116,TC40S,Tonor,Condenser Microphone,Boom Arm Kit - USB - RGB,
2026-07-16,0,9.24,Ad Group - 23/5/2026 14:00:41.548,185462523855280,257,0.0,398812150448120,B0BBL47VR5,B0BBL47VR5,2,AudioArray_Tonor Prosucts_SP_Catch All_Auto,0,FBA77116,TC40S,Tonor,Condenser Microphone,Boom Arm Kit - USB - RGB,
2026-07-17,0,0.0,Ad Group - 23/5/2026 14:00:41.548,185462523855280,235,0.0,398812150448120,B0BBL47VR5,B0BBL47VR5,0,AudioArray_Tonor Prosucts_SP_Catch All_Auto,0,FBA77116,TC40S,Tonor,Condenser Microphone,Boom Arm Kit - USB - RGB,
2026-07-18,0,3.7,Ad Group - 23/5/2026 14:00:41.548,185462523855280,377,0.0,398812150448120,B0BBL47VR5,B0BBL47VR5,1,AudioArray_Tonor Prosucts_SP_Catch All_Auto,0,FBA77116,TC40S,Tonor,Condenser Microphone,Boom Arm Kit - USB - RGB,
2026-07-19,0,2.37,Ad Group - 23/5/2026 14:00:41.548,185462523855280,564,0.0,398812150448120,B0BBL47VR5,B0BBL47VR5,1,AudioArray_Tonor Prosucts_SP_Catch All_Auto,0,FBA77116,TC40S,Tonor,Condenser Microphone,Boom Arm Kit - USB - RGB,
2026-07-20,0,11.25,Ad Group - 23/5/2026 14:00:41.548,185462523855280,1390,0.0,398812150448120,B0BBL47VR5,B0BBL47VR5,2,AudioArray_Tonor Prosucts_SP_Catch All_Auto,0,FBA77116,TC40S,Tonor,Condenser Microphone,Boom Arm Kit - USB - RGB,
2026-07-21,0,2.47,Ad Group - 23/5/2026 14:00:41.548,185462523855280,3324,0.0,398812150448120,B0BBL47VR5,B0BBL47VR5,1,AudioArray_Tonor Prosucts_SP_Catch All_Auto,0,FBA77116,TC40S,Tonor,Condenser Microphone,Boom Arm Kit - USB - RGB,
2026-07-01,0,0.0,Ad Group - 23/5/2026 14:00:41.548,185462523855280,140,0.0,398812150448120,B08NDB5NWP,B08NDB5NWP,0,AudioArray_Tonor Prosucts_SP_Catch All_Auto,0,FBA77110,TM20,Tonor,Conference Microphone,Wired,
2026-07-02,0,3.95,Ad Group - 23/5/2026 14:00:41.548,185462523855280,96,0.0,398812150448120,B08NDB5NWP,B08NDB5NWP,1,AudioArray_Tonor Prosucts_SP_Catch All_Auto,0,FBA77110,TM20,Tonor,Conference Microphone,Wired,
2026-07-03,0,0.0,Ad Group - 23/5/2026 14:00:41.548,185462523855280,47,0.0,398812150448120,B08NDB5NWP,B08NDB5NWP,0,AudioArray_Tonor Prosucts_SP_Catch All_Auto,0,FBA77110,TM20,Tonor,Conference Microphone,Wired,
2026-07-04,0,1.0,Ad Group - 23/5/2026 14:00:41.548,185462523855280,82,0.0,398812150448120,B08NDB5NWP,B08NDB5NWP,1,AudioArray_Tonor Prosucts_SP_Catch All_Auto,0,FBA77110,TM20,Tonor,Conference Microphone,Wired,
2026-07-05,0,0.0,Ad Group - 23/5/2026 14:00:41.548,185462523855280,308,0.0,398812150448120,B08NDB5NWP,B08NDB5NWP,0,AudioArray_Tonor Prosucts_SP_Catch All_Auto,0,FBA77110,TM20,Tonor,Conference Microphone,Wired,
2026-07-06,0,6.53,Ad Group - 23/5/2026 14:00:41.548,185462523855280,357,0.0,398812150448120,B08NDB5NWP,B08NDB5NWP,2,AudioArray_Tonor Prosucts_SP_Catch All_Auto,0,FBA77110,TM20,Tonor,Conference Microphone,Wired,
2026-07-07,0,6.07,Ad Group - 23/5/2026 14:00:41.548,185462523855280,364,0.0,398812150448120,B08NDB5NWP,B08NDB5NWP,2,AudioArray_Tonor Prosucts_SP_Catch All_Auto,0,FBA77110,TM20,Tonor,Conference Microphone,Wired,
2026-07-08,0,17.47,Ad Group - 23/5/2026 14:00:41.548,185462523855280,365,0.0,398812150448120,B08NDB5NWP,B08NDB5NWP,4,AudioArray_Tonor Prosucts_SP_Catch All_Auto,0,FBA77110,TM20,Tonor,Conference Microphone,Wired,
2026-07-09,0,15.51,Ad Group - 23/5/2026 14:00:41.548,185462523855280,497,0.0,398812150448120,B08NDB5NWP,B08NDB5NWP,5,AudioArray_Tonor Prosucts_SP_Catch All_Auto,0,FBA77110,TM20,Tonor,Conference Microphone,Wired,
2026-07-10,0,27.67,Ad Group - 23/5/2026 14:00:41.548,185462523855280,600,0.0,398812150448120,B08NDB5NWP,B08NDB5NWP,5,AudioArray_Tonor Prosucts_SP_Catch All_Auto,0,FBA77110,TM20,Tonor,Conference Microphone,Wired,
2026-07-11,0,7.3,Ad Group - 23/5/2026 14:00:41.548,185462523855280,539,0.0,398812150448120,B08NDB5NWP,B08NDB5NWP,1,AudioArray_Tonor Prosucts_SP_Catch All_Auto,0,FBA77110,TM20,Tonor,Conference Microphone,Wired,
2026-07-12,0,3.33,Ad Group - 23/5/2026 14:00:41.548,185462523855280,516,0.0,398812150448120,B08NDB5NWP,B08NDB5NWP,1,AudioArray_Tonor Prosucts_SP_Catch All_Auto,0,FBA77110,TM20,Tonor,Conference Microphone,Wired,
2026-07-13,0,5.07,Ad Group - 23/5/2026 14:00:41.548,185462523855280,572,0.0,398812150448120,B08NDB5NWP,B08NDB5NWP,2,AudioArray_Tonor Prosucts_SP_Catch All_Auto,0,FBA77110,TM20,Tonor,Conference Microphone,Wired,
2026-07-14,0,16.55,Ad Group - 23/5/2026 14:00:41.548,185462523855280,546,0.0,398812150448120,B08NDB5NWP,B08NDB5NWP,3,AudioArray_Tonor Prosucts_SP_Catch All_Auto,0,FBA77110,TM20,Tonor,Conference Microphone,Wired,
2026-07-15,0,7.4,Ad Group - 23/5/2026 14:00:41.548,185462523855280,433,0.0,398812150448120,B08NDB5NWP,B08NDB5NWP,1,AudioArray_Tonor Prosucts_SP_Catch All_Auto,0,FBA77110,TM20,Tonor,Conference Microphone,Wired,
2026-07-16,0,29.6,Ad Group - 23/5/2026 14:00:41.548,185462523855280,401,0.0,398812150448120,B08NDB5NWP,B08NDB5NWP,4,AudioArray_Tonor Prosucts_SP_Catch All_Auto,0,FBA77110,TM20,Tonor,Conference Microphone,Wired,
2026-07-17,0,10.66,Ad Group - 23/5/2026 14:00:41.548,185462523855280,446,0.0,398812150448120,B08NDB5NWP,B08NDB5NWP,2,AudioArray_Tonor Prosucts_SP_Catch All_Auto,0,FBA77110,TM20,Tonor,Conference Microphone,Wired,
2026-07-18,1,8.1,Ad Group - 23/5/2026 14:00:41.548,185462523855280,442,2541.53,398812150448120,B08NDB5NWP,B08NDB5NWP,2,AudioArray_Tonor Prosucts_SP_Catch All_Auto,1,FBA77110,TM20,Tonor,Conference Microphone,Wired,
2026-07-19,0,14.8,Ad Group - 23/5/2026 14:00:41.548,185462523855280,341,0.0,398812150448120,B08NDB5NWP,B08NDB5NWP,2,AudioArray_Tonor Prosucts_SP_Catch All_Auto,0,FBA77110,TM20,Tonor,Conference Microphone,Wired,
2026-07-20,0,20.62,Ad Group - 23/5/2026 14:00:41.548,185462523855280,414,0.0,398812150448120,B08NDB5NWP,B08NDB5NWP,6,AudioArray_Tonor Prosucts_SP_Catch All_Auto,0,FBA77110,TM20,Tonor,Conference Microphone,Wired,
2026-07-21,1,6.68,Ad Group - 23/5/2026 14:00:41.548,185462523855280,543,2541.53,398812150448120,B08NDB5NWP,B08NDB5NWP,1,AudioArray_Tonor Prosucts_SP_Catch All_Auto,1,FBA77110,TM20,Tonor,Conference Microphone,Wired,
2026-07-01,0,42.27,Ad Group - 23/5/2026 14:00:41.548,185462523855280,3265,0.0,398812150448120,B01ISNU3X4,B01ISNU3X4,15,AudioArray_Tonor Prosucts_SP_Catch All_Auto,0,FBA77113,K1,Tonor,Dynamic Microphone,Hand held Mic,
2026-07-02,0,48.33,Ad Group - 23/5/2026 14:00:41.548,185462523855280,2874,0.0,398812150448120,B01ISNU3X4,B01ISNU3X4,14,AudioArray_Tonor Prosucts_SP_Catch All_Auto,0,FBA77113,K1,Tonor,Dynamic Microphone,Hand held Mic,
2026-07-03,0,69.07,Ad Group - 23/5/2026 14:00:41.548,185462523855280,2837,0.0,398812150448120,B01ISNU3X4,B01ISNU3X4,19,AudioArray_Tonor Prosucts_SP_Catch All_Auto,0,FBA77113,K1,Tonor,Dynamic Microphone,Hand held Mic,
2026-07-04,0,122.14,Ad Group - 23/5/2026 14:00:41.548,185462523855280,7746,0.0,398812150448120,B01ISNU3X4,B01ISNU3X4,34,AudioArray_Tonor Prosucts_SP_Catch All_Auto,0,FBA77113,K1,Tonor,Dynamic Microphone,Hand held Mic,
2026-07-05,3,193.32,Ad Group - 23/5/2026 14:00:41.548,185462523855280,7874,4065.24,398812150448120,B01ISNU3X4,B01ISNU3X4,52,AudioArray_Tonor Prosucts_SP_Catch All_Auto,3,FBA77113,K1,Tonor,Dynamic Microphone,Hand held Mic,
2026-07-06,1,87.26,Ad Group - 23/5/2026 14:00:41.548,185462523855280,6132,1355.08,398812150448120,B01ISNU3X4,B01ISNU3X4,24,AudioArray_Tonor Prosucts_SP_Catch All_Auto,1,FBA77113,K1,Tonor,Dynamic Microphone,Hand held Mic,
2026-07-07,0,53.12,Ad Group - 23/5/2026 14:00:41.548,185462523855280,4561,0.0,398812150448120,B01ISNU3X4,B01ISNU3X4,14,AudioArray_Tonor Prosucts_SP_Catch All_Auto,0,FBA77113,K1,Tonor,Dynamic Microphone,Hand held Mic,
2026-07-08,1,80.88,Ad Group - 23/5/2026 14:00:41.548,185462523855280,5277,1355.08,398812150448120,B01ISNU3X4,B01ISNU3X4,27,AudioArray_Tonor Prosucts_SP_Catch All_Auto,1,FBA77113,K1,Tonor,Dynamic Microphone,Hand held Mic,
2026-07-09,0,97.78,Ad Group - 23/5/2026 14:00:41.548,185462523855280,5123,0.0,398812150448120,B01ISNU3X4,B01ISNU3X4,28,AudioArray_Tonor Prosucts_SP_Catch All_Auto,0,FBA77113,K1,Tonor,Dynamic Microphone,Hand held Mic,
2026-07-10,1,46.83,Ad Group - 23/5/2026 14:00:41.548,185462523855280,4021,1694.07,398812150448120,B01ISNU3X4,B01ISNU3X4,12,AudioArray_Tonor Prosucts_SP_Catch All_Auto,1,FBA77113,K1,Tonor,Dynamic Microphone,Hand held Mic,
2026-07-11,0,84.41,Ad Group - 23/5/2026 14:00:41.548,185462523855280,4998,0.0,398812150448120,B01ISNU3X4,B01ISNU3X4,23,AudioArray_Tonor Prosucts_SP_Catch All_Auto,0,FBA77113,K1,Tonor,Dynamic Microphone,Hand held Mic,
2026-07-12,2,141.43,Ad Group - 23/5/2026 14:00:41.548,185462523855280,6229,3252.54,398812150448120,B01ISNU3X4,B01ISNU3X4,37,AudioArray_Tonor Prosucts_SP_Catch All_Auto,2,FBA77113,K1,Tonor,Dynamic Microphone,Hand held Mic,
2026-07-13,1,85.1,Ad Group - 23/5/2026 14:00:41.548,185462523855280,5899,1643.22,398812150448120,B01ISNU3X4,B01ISNU3X4,22,AudioArray_Tonor Prosucts_SP_Catch All_Auto,1,FBA77113,K1,Tonor,Dynamic Microphone,Hand held Mic,
2026-07-14,1,97.64,Ad Group - 23/5/2026 14:00:41.548,185462523855280,5263,1609.32,398812150448120,B01ISNU3X4,B01ISNU3X4,30,AudioArray_Tonor Prosucts_SP_Catch All_Auto,1,FBA77113,K1,Tonor,Dynamic Microphone,Hand held Mic,
2026-07-15,2,65.91,Ad Group - 23/5/2026 14:00:41.548,185462523855280,4713,3388.14,398812150448120,B01ISNU3X4,B01ISNU3X4,21,AudioArray_Tonor Prosucts_SP_Catch All_Auto,2,FBA77113,K1,Tonor,Dynamic Microphone,Hand held Mic,
2026-07-16,0,46.86,Ad Group - 23/5/2026 14:00:41.548,185462523855280,3801,0.0,398812150448120,B01ISNU3X4,B01ISNU3X4,13,AudioArray_Tonor Prosucts_SP_Catch All_Auto,0,FBA77113,K1,Tonor,Dynamic Microphone,Hand held Mic,
2026-07-17,0,49.75,Ad Group - 23/5/2026 14:00:41.548,185462523855280,4151,0.0,398812150448120,B01ISNU3X4,B01ISNU3X4,17,AudioArray_Tonor Prosucts_SP_Catch All_Auto,0,FBA77113,K1,Tonor,Dynamic Microphone,Hand held Mic,
2026-07-18,0,63.07,Ad Group - 23/5/2026 14:00:41.548,185462523855280,3253,0.0,398812150448120,B01ISNU3X4,B01ISNU3X4,19,AudioArray_Tonor Prosucts_SP_Catch All_Auto,0,FBA77113,K1,Tonor,Dynamic Microphone,Hand held Mic,
2026-07-19,0,63.19,Ad Group - 23/5/2026 14:00:41.548,185462523855280,4028,0.0,398812150448120,B01ISNU3X4,B01ISNU3X4,19,AudioArray_Tonor Prosucts_SP_Catch All_Auto,0,FBA77113,K1,Tonor,Dynamic Microphone,Hand held Mic,
2026-07-20,0,93.0,Ad Group - 23/5/2026 14:00:41.548,185462523855280,5402,0.0,398812150448120,B01ISNU3X4,B01ISNU3X4,23,AudioArray_Tonor Prosucts_SP_Catch All_Auto,0,FBA77113,K1,Tonor,Dynamic Microphone,Hand held Mic,
2026-07-21,1,136.37,Ad Group - 23/5/2026 14:00:41.548,185462523855280,5668,3133.9,398812150448120,B01ISNU3X4,B01ISNU3X4,41,AudioArray_Tonor Prosucts_SP_Catch All_Auto,2,FBA77113,K1,Tonor,Dynamic Microphone,Hand held Mic,
2026-07-01,0,3.7,Ad Group - 23/5/2026 14:00:41.548,185462523855280,519,0.0,398812150448120,B082W4B7SX,B082W4B7SX,1,AudioArray_Tonor Prosucts_SP_Catch All_Auto,0,FBA77106,T20,Tonor,Accessories,Boom Arm Kit,
2026-07-02,0,0.0,Ad Group - 23/5/2026 14:00:41.548,185462523855280,531,0.0,398812150448120,B082W4B7SX,B082W4B7SX,0,AudioArray_Tonor Prosucts_SP_Catch All_Auto,0,FBA77106,T20,Tonor,Accessories,Boom Arm Kit,
2026-07-03,0,0.0,Ad Group - 23/5/2026 14:00:41.548,185462523855280,407,0.0,398812150448120,B082W4B7SX,B082W4B7SX,0,AudioArray_Tonor Prosucts_SP_Catch All_Auto,0,FBA77106,T20,Tonor,Accessories,Boom Arm Kit,
2026-07-04,0,8.74,Ad Group - 23/5/2026 14:00:41.548,185462523855280,553,0.0,398812150448120,B082W4B7SX,B082W4B7SX,3,AudioArray_Tonor Prosucts_SP_Catch All_Auto,0,FBA77106,T20,Tonor,Accessories,Boom Arm Kit,
2026-07-07,0,0.0,Ad Group - 23/5/2026 14:00:41.548,185462523855280,0,0.0,398812150448120,B082W4B7SX,B082W4B7SX,0,AudioArray_Tonor Prosucts_SP_Catch All_Auto,0,FBA77106,T20,Tonor,Accessories,Boom Arm Kit,
2026-07-08,0,0.0,Ad Group - 23/5/2026 14:00:41.548,185462523855280,2,0.0,398812150448120,B082W4B7SX,B082W4B7SX,0,AudioArray_Tonor Prosucts_SP_Catch All_Auto,0,FBA77106,T20,Tonor,Accessories,Boom Arm Kit,
2026-07-09,0,0.0,Ad Group - 23/5/2026 14:00:41.548,185462523855280,2,0.0,398812150448120,B082W4B7SX,B082W4B7SX,0,AudioArray_Tonor Prosucts_SP_Catch All_Auto,0,FBA77106,T20,Tonor,Accessories,Boom Arm Kit,
2026-07-10,0,0.0,Ad Group - 23/5/2026 14:00:41.548,185462523855280,1,0.0,398812150448120,B082W4B7SX,B082W4B7SX,0,AudioArray_Tonor Prosucts_SP_Catch All_Auto,0,FBA77106,T20,Tonor,Accessories,Boom Arm Kit,
2026-07-11,0,0.0,Ad Group - 23/5/2026 14:00:41.548,185462523855280,2,0.0,398812150448120,B082W4B7SX,B082W4B7SX,0,AudioArray_Tonor Prosucts_SP_Catch All_Auto,0,FBA77106,T20,Tonor,Accessories,Boom Arm Kit,
2026-07-12,0,0.0,Ad Group - 23/5/2026 14:00:41.548,185462523855280,4,0.0,398812150448120,B082W4B7SX,B082W4B7SX,0,AudioArray_Tonor Prosucts_SP_Catch All_Auto,0,FBA77106,T20,Tonor,Accessories,Boom Arm Kit,
2026-07-13,0,0.0,Ad Group - 23/5/2026 14:00:41.548,185462523855280,1,0.0,398812150448120,B082W4B7SX,B082W4B7SX,0,AudioArray_Tonor Prosucts_SP_Catch All_Auto,0,FBA77106,T20,Tonor,Accessories,Boom Arm Kit,
2026-07-14,0,0.0,Ad Group - 23/5/2026 14:00:41.548,185462523855280,3,0.0,398812150448120,B082W4B7SX,B082W4B7SX,0,AudioArray_Tonor Prosucts_SP_Catch All_Auto,0,FBA77106,T20,Tonor,Accessories,Boom Arm Kit,
2026-07-15,0,0.0,Ad Group - 23/5/2026 14:00:41.548,185462523855280,3,0.0,398812150448120,B082W4B7SX,B082W4B7SX,0,AudioArray_Tonor Prosucts_SP_Catch All_Auto,0,FBA77106,T20,Tonor,Accessories,Boom Arm Kit,
2026-07-16,0,0.0,Ad Group - 23/5/2026 14:00:41.548,185462523855280,1,0.0,398812150448120,B082W4B7SX,B082W4B7SX,0,AudioArray_Tonor Prosucts_SP_Catch All_Auto,0,FBA77106,T20,Tonor,Accessories,Boom Arm Kit,
2026-07-17,0,0.0,Ad Group - 23/5/2026 14:00:41.548,185462523855280,1,0.0,398812150448120,B082W4B7SX,B082W4B7SX,0,AudioArray_Tonor Prosucts_SP_Catch All_Auto,0,FBA77106,T20,Tonor,Accessories,Boom Arm Kit,
2026-07-18,0,0.0,Ad Group - 23/5/2026 14:00:41.548,185462523855280,2,0.0,398812150448120,B082W4B7SX,B082W4B7SX,0,AudioArray_Tonor Prosucts_SP_Catch All_Auto,0,FBA77106,T20,Tonor,Accessories,Boom Arm Kit,
2026-07-19,0,0.0,Ad Group - 23/5/2026 14:00:41.548,185462523855280,1,0.0,398812150448120,B082W4B7SX,B082W4B7SX,0,AudioArray_Tonor Prosucts_SP_Catch All_Auto,0,FBA77106,T20,Tonor,Accessories,Boom Arm Kit,
2026-07-20,0,0.0,Ad Group - 23/5/2026 14:00:41.548,185462523855280,2,0.0,398812150448120,B082W4B7SX,B082W4B7SX,0,AudioArray_Tonor Prosucts_SP_Catch All_Auto,0,FBA77106,T20,Tonor,Accessories,Boom Arm Kit,
2026-07-21,0,0.0,Ad Group - 23/5/2026 14:00:41.548,185462523855280,1,0.0,398812150448120,B082W4B7SX,B082W4B7SX,0,AudioArray_Tonor Prosucts_SP_Catch All_Auto,0,FBA77106,T20,Tonor,Accessories,Boom Arm Kit,
2026-07-01,0,15.73,Ad Group - 23/5/2026 14:00:41.548,185462523855280,1092,0.0,398812150448120,B08V1JS3NY,B08V1JS3NY,4,AudioArray_Tonor Prosucts_SP_Catch All_Auto,0,FBA77115,TC40,Tonor,Condenser Microphone,Boom Arm Kit - USB,
2026-07-02,0,10.25,Ad Group - 23/5/2026 14:00:41.548,185462523855280,2167,0.0,398812150448120,B08V1JS3NY,B08V1JS3NY,4,AudioArray_Tonor Prosucts_SP_Catch All_Auto,0,FBA77115,TC40,Tonor,Condenser Microphone,Boom Arm Kit - USB,
2026-07-03,0,3.76,Ad Group - 23/5/2026 14:00:41.548,185462523855280,549,0.0,398812150448120,B08V1JS3NY,B08V1JS3NY,1,AudioArray_Tonor Prosucts_SP_Catch All_Auto,0,FBA77115,TC40,Tonor,Condenser Microphone,Boom Arm Kit - USB,
2026-07-04,2,15.26,Ad Group - 23/5/2026 14:00:41.548,185462523855280,315,3540.68,398812150448120,B08V1JS3NY,B08V1JS3NY,4,AudioArray_Tonor Prosucts_SP_Catch All_Auto,2,FBA77115,TC40,Tonor,Condenser Microphone,Boom Arm Kit - USB,
2026-07-05,0,3.5,Ad Group - 23/5/2026 14:00:41.548,185462523855280,323,0.0,398812150448120,B08V1JS3NY,B08V1JS3NY,1,AudioArray_Tonor Prosucts_SP_Catch All_Auto,0,FBA77115,TC40,Tonor,Condenser Microphone,Boom Arm Kit - USB,
2026-07-06,0,3.7,Ad Group - 23/5/2026 14:00:41.548,185462523855280,285,0.0,398812150448120,B08V1JS3NY,B08V1JS3NY,1,AudioArray_Tonor Prosucts_SP_Catch All_Auto,0,FBA77115,TC40,Tonor,Condenser Microphone,Boom Arm Kit - USB,
2026-07-07,0,7.64,Ad Group - 23/5/2026 14:00:41.548,185462523855280,236,0.0,398812150448120,B08V1JS3NY,B08V1JS3NY,2,AudioArray_Tonor Prosucts_SP_Catch All_Auto,0,FBA77115,TC40,Tonor,Condenser Microphone,Boom Arm Kit - USB,
2026-07-08,0,4.34,Ad Group - 23/5/2026 14:00:41.548,185462523855280,260,0.0,398812150448120,B08V1JS3NY,B08V1JS3NY,1,AudioArray_Tonor Prosucts_SP_Catch All_Auto,0,FBA77115,TC40,Tonor,Condenser Microphone,Boom Arm Kit - USB,
2026-07-09,0,7.58,Ad Group - 23/5/2026 14:00:41.548,185462523855280,342,0.0,398812150448120,B08V1JS3NY,B08V1JS3NY,2,AudioArray_Tonor Prosucts_SP_Catch All_Auto,0,FBA77115,TC40,Tonor,Condenser Microphone,Boom Arm Kit - USB,
2026-07-10,0,4.95,Ad Group - 23/5/2026 14:00:41.548,185462523855280,384,0.0,398812150448120,B08V1JS3NY,B08V1JS3NY,2,AudioArray_Tonor Prosucts_SP_Catch All_Auto,0,FBA77115,TC40,Tonor,Condenser Microphone,Boom Arm Kit - USB,
2026-07-11,0,7.17,Ad Group - 23/5/2026 14:00:41.548,185462523855280,379,0.0,398812150448120,B08V1JS3NY,B08V1JS3NY,2,AudioArray_Tonor Prosucts_SP_Catch All_Auto,0,FBA77115,TC40,Tonor,Condenser Microphone,Boom Arm Kit - USB,
2026-07-12,0,3.7,Ad Group - 23/5/2026 14:00:41.548,185462523855280,447,0.0,398812150448120,B08V1JS3NY,B08V1JS3NY,1,AudioArray_Tonor Prosucts_SP_Catch All_Auto,0,FBA77115,TC40,Tonor,Condenser Microphone,Boom Arm Kit - USB,
2026-07-13,0,1.0,Ad Group - 23/5/2026 14:00:41.548,185462523855280,551,0.0,398812150448120,B08V1JS3NY,B08V1JS3NY,1,AudioArray_Tonor Prosucts_SP_Catch All_Auto,0,FBA77115,TC40,Tonor,Condenser Microphone,Boom Arm Kit - USB,
2026-07-14,0,8.02,Ad Group - 23/5/2026 14:00:41.548,185462523855280,664,0.0,398812150448120,B08V1JS3NY,B08V1JS3NY,3,AudioArray_Tonor Prosucts_SP_Catch All_Auto,0,FBA77115,TC40,Tonor,Condenser Microphone,Boom Arm Kit - USB,
2026-07-15,0,8.46,Ad Group - 23/5/2026 14:00:41.548,185462523855280,428,0.0,398812150448120,B08V1JS3NY,B08V1JS3NY,3,AudioArray_Tonor Prosucts_SP_Catch All_Auto,0,FBA77115,TC40,Tonor,Condenser Microphone,Boom Arm Kit - USB,
2026-07-16,0,0.0,Ad Group - 23/5/2026 14:00:41.548,185462523855280,412,0.0,398812150448120,B08V1JS3NY,B08V1JS3NY,0,AudioArray_Tonor Prosucts_SP_Catch All_Auto,0,FBA77115,TC40,Tonor,Condenser Microphone,Boom Arm Kit - USB,
2026-07-17,0,7.84,Ad Group - 23/5/2026 14:00:41.548,185462523855280,377,0.0,398812150448120,B08V1JS3NY,B08V1JS3NY,2,AudioArray_Tonor Prosucts_SP_Catch All_Auto,0,FBA77115,TC40,Tonor,Condenser Microphone,Boom Arm Kit - USB,
2026-07-18,0,10.81,Ad Group - 23/5/2026 14:00:41.548,185462523855280,434,0.0,398812150448120,B08V1JS3NY,B08V1JS3NY,3,AudioArray_Tonor Prosucts_SP_Catch All_Auto,0,FBA77115,TC40,Tonor,Condenser Microphone,Boom Arm Kit - USB,
2026-07-19,0,5.15,Ad Group - 23/5/2026 14:00:41.548,185462523855280,457,0.0,398812150448120,B08V1JS3NY,B08V1JS3NY,2,AudioArray_Tonor Prosucts_SP_Catch All_Auto,0,FBA77115,TC40,Tonor,Condenser Microphone,Boom Arm Kit - USB,
2026-07-20,0,13.35,Ad Group - 23/5/2026 14:00:41.548,185462523855280,1310,0.0,398812150448120,B08V1JS3NY,B08V1JS3NY,4,AudioArray_Tonor Prosucts_SP_Catch All_Auto,0,FBA77115,TC40,Tonor,Condenser Microphone,Boom Arm Kit - USB,
2026-07-21,0,11.33,Ad Group - 23/5/2026 14:00:41.548,185462523855280,3224,0.0,398812150448120,B08V1JS3NY,B08V1JS3NY,3,AudioArray_Tonor Prosucts_SP_Catch All_Auto,0,FBA77115,TC40,Tonor,Condenser Microphone,Boom Arm Kit - USB,
2026-07-01,0,26.42,Ad Group - 23/5/2026 14:00:41.548,185462523855280,2337,0.0,398812150448120,B0B4WTHLX5,B0B4WTHLX5,7,AudioArray_Tonor Prosucts_SP_Catch All_Auto,0,FBA79574,TC30S,Tonor,Condenser Microphone,Tripod+RGB,
2026-07-02,0,22.38,Ad Group - 23/5/2026 14:00:41.548,185462523855280,2161,0.0,398812150448120,B0B4WTHLX5,B0B4WTHLX5,7,AudioArray_Tonor Prosucts_SP_Catch All_Auto,0,FBA79574,TC30S,Tonor,Condenser Microphone,Tripod+RGB,
2026-07-03,0,19.24,Ad Group - 23/5/2026 14:00:41.548,185462523855280,2049,0.0,398812150448120,B0B4WTHLX5,B0B4WTHLX5,6,AudioArray_Tonor Prosucts_SP_Catch All_Auto,0,FBA79574,TC30S,Tonor,Condenser Microphone,Tripod+RGB,
2026-07-04,1,46.36,Ad Group - 23/5/2026 14:00:41.548,185462523855280,1447,2016.1,398812150448120,B0B4WTHLX5,B0B4WTHLX5,12,AudioArray_Tonor Prosucts_SP_Catch All_Auto,1,FBA79574,TC30S,Tonor,Condenser Microphone,Tripod+RGB,
2026-07-05,0,18.38,Ad Group - 23/5/2026 14:00:41.548,185462523855280,1154,0.0,398812150448120,B0B4WTHLX5,B0B4WTHLX5,5,AudioArray_Tonor Prosucts_SP_Catch All_Auto,0,FBA79574,TC30S,Tonor,Condenser Microphone,Tripod+RGB,
2026-07-06,0,23.1,Ad Group - 23/5/2026 14:00:41.548,185462523855280,1064,0.0,398812150448120,B0B4WTHLX5,B0B4WTHLX5,6,AudioArray_Tonor Prosucts_SP_Catch All_Auto,0,FBA79574,TC30S,Tonor,Condenser Microphone,Tripod+RGB,
2026-07-07,0,14.94,Ad Group - 23/5/2026 14:00:41.548,185462523855280,839,0.0,398812150448120,B0B4WTHLX5,B0B4WTHLX5,5,AudioArray_Tonor Prosucts_SP_Catch All_Auto,0,FBA79574,TC30S,Tonor,Condenser Microphone,Tripod+RGB,
2026-07-08,0,18.92,Ad Group - 23/5/2026 14:00:41.548,185462523855280,856,0.0,398812150448120,B0B4WTHLX5,B0B4WTHLX5,5,AudioArray_Tonor Prosucts_SP_Catch All_Auto,0,FBA79574,TC30S,Tonor,Condenser Microphone,Tripod+RGB,
2026-07-09,0,29.91,Ad Group - 23/5/2026 14:00:41.548,185462523855280,965,0.0,398812150448120,B0B4WTHLX5,B0B4WTHLX5,7,AudioArray_Tonor Prosucts_SP_Catch All_Auto,0,FBA79574,TC30S,Tonor,Condenser Microphone,Tripod+RGB,
2026-07-10,1,17.0,Ad Group - 23/5/2026 14:00:41.548,185462523855280,1179,1778.81,398812150448120,B0B4WTHLX5,B0B4WTHLX5,5,AudioArray_Tonor Prosucts_SP_Catch All_Auto,1,FBA79574,TC30S,Tonor,Condenser Microphone,Tripod+RGB,
2026-07-11,0,29.82,Ad Group - 23/5/2026 14:00:41.548,185462523855280,1510,0.0,398812150448120,B0B4WTHLX5,B0B4WTHLX5,8,AudioArray_Tonor Prosucts_SP_Catch All_Auto,0,FBA79574,TC30S,Tonor,Condenser Microphone,Tripod+RGB,
2026-07-12,0,30.39,Ad Group - 23/5/2026 14:00:41.548,185462523855280,1872,0.0,398812150448120,B0B4WTHLX5,B0B4WTHLX5,9,AudioArray_Tonor Prosucts_SP_Catch All_Auto,0,FBA79574,TC30S,Tonor,Condenser Microphone,Tripod+RGB,
2026-07-13,0,21.92,Ad Group - 23/5/2026 14:00:41.548,185462523855280,1615,0.0,398812150448120,B0B4WTHLX5,B0B4WTHLX5,7,AudioArray_Tonor Prosucts_SP_Catch All_Auto,0,FBA79574,TC30S,Tonor,Condenser Microphone,Tripod+RGB,
2026-07-14,1,42.45,Ad Group - 23/5/2026 14:00:41.548,185462523855280,1525,2117.8,398812150448120,B0B4WTHLX5,B0B4WTHLX5,12,AudioArray_Tonor Prosucts_SP_Catch All_Auto,1,FBA79574,TC30S,Tonor,Condenser Microphone,Tripod+RGB,
2026-07-15,1,7.9,Ad Group - 23/5/2026 14:00:41.548,185462523855280,996,2117.8,398812150448120,B0B4WTHLX5,B0B4WTHLX5,2,AudioArray_Tonor Prosucts_SP_Catch All_Auto,1,FBA79574,TC30S,Tonor,Condenser Microphone,Tripod+RGB,
2026-07-16,1,16.25,Ad Group - 23/5/2026 14:00:41.548,185462523855280,733,1863.56,398812150448120,B0B4WTHLX5,B0B4WTHLX5,5,AudioArray_Tonor Prosucts_SP_Catch All_Auto,1,FBA79574,TC30S,Tonor,Condenser Microphone,Tripod+RGB,
2026-07-17,0,7.37,Ad Group - 23/5/2026 14:00:41.548,185462523855280,648,0.0,398812150448120,B0B4WTHLX5,B0B4WTHLX5,2,AudioArray_Tonor Prosucts_SP_Catch All_Auto,0,FBA79574,TC30S,Tonor,Condenser Microphone,Tripod+RGB,
2026-07-18,0,22.36,Ad Group - 23/5/2026 14:00:41.548,185462523855280,1017,0.0,398812150448120,B0B4WTHLX5,B0B4WTHLX5,6,AudioArray_Tonor Prosucts_SP_Catch All_Auto,0,FBA79574,TC30S,Tonor,Condenser Microphone,Tripod+RGB,
2026-07-19,0,20.36,Ad Group - 23/5/2026 14:00:41.548,185462523855280,1036,0.0,398812150448120,B0B4WTHLX5,B0B4WTHLX5,6,AudioArray_Tonor Prosucts_SP_Catch All_Auto,0,FBA79574,TC30S,Tonor,Condenser Microphone,Tripod+RGB,
2026-07-20,1,23.22,Ad Group - 23/5/2026 14:00:41.548,185462523855280,1513,2117.8,398812150448120,B0B4WTHLX5,B0B4WTHLX5,7,AudioArray_Tonor Prosucts_SP_Catch All_Auto,1,FBA79574,TC30S,Tonor,Condenser Microphone,Tripod+RGB,
2026-07-21,2,28.84,Ad Group - 23/5/2026 14:00:41.548,185462523855280,2740,3727.12,398812150448120,B0B4WTHLX5,B0B4WTHLX5,9,AudioArray_Tonor Prosucts_SP_Catch All_Auto,2,FBA79574,TC30S,Tonor,Condenser Microphone,Tripod+RGB,
2026-07-01,0,0.0,Ad Group - 23/5/2026 14:00:41.548,185462523855280,0,0.0,398812150448120,B07TSN2H9D,B07TSN2H9D,0,AudioArray_Tonor Prosucts_SP_Catch All_Auto,0,FBK77114,TC-2030,Tonor,,,
2026-07-02,0,0.0,Ad Group - 23/5/2026 14:00:41.548,185462523855280,0,0.0,398812150448120,B07TSN2H9D,B07TSN2H9D,0,AudioArray_Tonor Prosucts_SP_Catch All_Auto,0,FBK77114,TC-2030,Tonor,,,
2026-07-03,0,0.0,Ad Group - 23/5/2026 14:00:41.548,185462523855280,0,0.0,398812150448120,B07TSN2H9D,B07TSN2H9D,0,AudioArray_Tonor Prosucts_SP_Catch All_Auto,0,FBK77114,TC-2030,Tonor,,,
2026-07-04,0,0.0,Ad Group - 23/5/2026 14:00:41.548,185462523855280,0,0.0,398812150448120,B07TSN2H9D,B07TSN2H9D,0,AudioArray_Tonor Prosucts_SP_Catch All_Auto,0,FBK77114,TC-2030,Tonor,,,
2026-07-05,0,0.0,Ad Group - 23/5/2026 14:00:41.548,185462523855280,0,0.0,398812150448120,B07TSN2H9D,B07TSN2H9D,0,AudioArray_Tonor Prosucts_SP_Catch All_Auto,0,FBK77114,TC-2030,Tonor,,,
2026-07-09,0,0.0,Ad Group - 23/5/2026 14:00:41.548,185462523855280,0,0.0,398812150448120,B07TSN2H9D,B07TSN2H9D,0,AudioArray_Tonor Prosucts_SP_Catch All_Auto,0,FBK77114,TC-2030,Tonor,,,
2026-07-10,0,0.0,Ad Group - 23/5/2026 14:00:41.548,185462523855280,0,0.0,398812150448120,B07TSN2H9D,B07TSN2H9D,0,AudioArray_Tonor Prosucts_SP_Catch All_Auto,0,FBK77114,TC-2030,Tonor,,,
2026-07-01,0,24.58,Ad Group - 23/5/2026 14:00:41.548,185462523855280,1292,0.0,398812150448120,B0CSCT63BL,B0CSCT63BL,8,AudioArray_Tonor Prosucts_SP_Catch All_Auto,0,FBA79577,TM310,Tonor,Conference Microphone,Wired,
2026-07-02,0,13.17,Ad Group - 23/5/2026 14:00:41.548,185462523855280,1041,0.0,398812150448120,B0CSCT63BL,B0CSCT63BL,4,AudioArray_Tonor Prosucts_SP_Catch All_Auto,0,FBA79577,TM310,Tonor,Conference Microphone,Wired,
2026-07-03,0,0.0,Ad Group - 23/5/2026 14:00:41.548,185462523855280,919,0.0,398812150448120,B0CSCT63BL,B0CSCT63BL,0,AudioArray_Tonor Prosucts_SP_Catch All_Auto,0,FBA79577,TM310,Tonor,Conference Microphone,Wired,
2026-07-04,0,3.95,Ad Group - 23/5/2026 14:00:41.548,185462523855280,1447,0.0,398812150448120,B0CSCT63BL,B0CSCT63BL,1,AudioArray_Tonor Prosucts_SP_Catch All_Auto,0,FBA79577,TM310,Tonor,Conference Microphone,Wired,
2026-07-05,0,41.93,Ad Group - 23/5/2026 14:00:41.548,185462523855280,1561,0.0,398812150448120,B0CSCT63BL,B0CSCT63BL,13,AudioArray_Tonor Prosucts_SP_Catch All_Auto,0,FBA79577,TM310,Tonor,Conference Microphone,Wired,
2026-07-06,0,22.69,Ad Group - 23/5/2026 14:00:41.548,185462523855280,804,0.0,398812150448120,B0CSCT63BL,B0CSCT63BL,6,AudioArray_Tonor Prosucts_SP_Catch All_Auto,0,FBA79577,TM310,Tonor,Conference Microphone,Wired,
2026-07-07,0,13.26,Ad Group - 23/5/2026 14:00:41.548,185462523855280,665,0.0,398812150448120,B0CSCT63BL,B0CSCT63BL,4,AudioArray_Tonor Prosucts_SP_Catch All_Auto,0,FBA79577,TM310,Tonor,Conference Microphone,Wired,
2026-07-08,0,23.02,Ad Group - 23/5/2026 14:00:41.548,185462523855280,754,0.0,398812150448120,B0CSCT63BL,B0CSCT63BL,6,AudioArray_Tonor Prosucts_SP_Catch All_Auto,0,FBA79577,TM310,Tonor,Conference Microphone,Wired,
2026-07-09,0,18.58,Ad Group - 23/5/2026 14:00:41.548,185462523855280,900,0.0,398812150448120,B0CSCT63BL,B0CSCT63BL,5,AudioArray_Tonor Prosucts_SP_Catch All_Auto,0,FBA79577,TM310,Tonor,Conference Microphone,Wired,
2026-07-10,0,20.2,Ad Group - 23/5/2026 14:00:41.548,185462523855280,1140,0.0,398812150448120,B0CSCT63BL,B0CSCT63BL,6,AudioArray_Tonor Prosucts_SP_Catch All_Auto,0,FBA79577,TM310,Tonor,Conference Microphone,Wired,
2026-07-11,0,36.08,Ad Group - 23/5/2026 14:00:41.548,185462523855280,1461,0.0,398812150448120,B0CSCT63BL,B0CSCT63BL,10,AudioArray_Tonor Prosucts_SP_Catch All_Auto,0,FBA79577,TM310,Tonor,Conference Microphone,Wired,
2026-07-12,0,17.9,Ad Group - 23/5/2026 14:00:41.548,185462523855280,1838,0.0,398812150448120,B0CSCT63BL,B0CSCT63BL,5,AudioArray_Tonor Prosucts_SP_Catch All_Auto,0,FBA79577,TM310,Tonor,Conference Microphone,Wired,
2026-07-13,1,32.41,Ad Group - 23/5/2026 14:00:41.548,185462523855280,1086,2287.29,398812150448120,B0CSCT63BL,B0CSCT63BL,8,AudioArray_Tonor Prosucts_SP_Catch All_Auto,1,FBA79577,TM310,Tonor,Conference Microphone,Wired,
2026-07-14,0,33.33,Ad Group - 23/5/2026 14:00:41.548,185462523855280,896,0.0,398812150448120,B0CSCT63BL,B0CSCT63BL,9,AudioArray_Tonor Prosucts_SP_Catch All_Auto,0,FBA79577,TM310,Tonor,Conference Microphone,Wired,
2026-07-15,0,8.02,Ad Group - 23/5/2026 14:00:41.548,185462523855280,625,0.0,398812150448120,B0CSCT63BL,B0CSCT63BL,2,AudioArray_Tonor Prosucts_SP_Catch All_Auto,0,FBA79577,TM310,Tonor,Conference Microphone,Wired,
2026-07-16,0,4.07,Ad Group - 23/5/2026 14:00:41.548,185462523855280,43,0.0,398812150448120,B0CSCT63BL,B0CSCT63BL,1,AudioArray_Tonor Prosucts_SP_Catch All_Auto,0,FBA79577,TM310,Tonor,Conference Microphone,Wired,
2026-07-17,0,0.0,Ad Group - 23/5/2026 14:00:41.548,185462523855280,0,0.0,398812150448120,B0CSCT63BL,B0CSCT63BL,0,AudioArray_Tonor Prosucts_SP_Catch All_Auto,0,FBA79577,TM310,Tonor,Conference Microphone,Wired,
2026-07-18,0,0.0,Ad Group - 23/5/2026 14:00:41.548,185462523855280,0,0.0,398812150448120,B0CSCT63BL,B0CSCT63BL,0,AudioArray_Tonor Prosucts_SP_Catch All_Auto,0,FBA79577,TM310,Tonor,Conference Microphone,Wired,
2026-07-01,0,47.28,Ad Group - 23/5/2026 14:00:41.548,185462523855280,5415,0.0,398812150448120,B0CQX4K9P5,B0CQX4K9P5,16,AudioArray_Tonor Prosucts_SP_Catch All_Auto,0,FBA79697,TD310,Tonor,Dynamic Microphone,Hand held Mic + Stand,
2026-07-02,0,115.11,Ad Group - 23/5/2026 14:00:41.548,185462523855280,4752,0.0,398812150448120,B0CQX4K9P5,B0CQX4K9P5,37,AudioArray_Tonor Prosucts_SP_Catch All_Auto,0,FBA79697,TD310,Tonor,Dynamic Microphone,Hand held Mic + Stand,
2026-07-03,0,64.05,Ad Group - 23/5/2026 14:00:41.548,185462523855280,3847,0.0,398812150448120,B0CQX4K9P5,B0CQX4K9P5,20,AudioArray_Tonor Prosucts_SP_Catch All_Auto,0,FBA79697,TD310,Tonor,Dynamic Microphone,Hand held Mic + Stand,
2026-07-04,0,86.22,Ad Group - 23/5/2026 14:00:41.548,185462523855280,2728,0.0,398812150448120,B0CQX4K9P5,B0CQX4K9P5,24,AudioArray_Tonor Prosucts_SP_Catch All_Auto,0,FBA79697,TD310,Tonor,Dynamic Microphone,Hand held Mic + Stand,
2026-07-05,3,166.21,Ad Group - 23/5/2026 14:00:41.548,185462523855280,2944,3811.02,398812150448120,B0CQX4K9P5,B0CQX4K9P5,44,AudioArray_Tonor Prosucts_SP_Catch All_Auto,3,FBA79697,TD310,Tonor,Dynamic Microphone,Hand held Mic + Stand,
2026-07-06,1,127.4,Ad Group - 23/5/2026 14:00:41.548,185462523855280,2251,1694.07,398812150448120,B0CQX4K9P5,B0CQX4K9P5,35,AudioArray_Tonor Prosucts_SP_Catch All_Auto,1,FBA79697,TD310,Tonor,Dynamic Microphone,Hand held Mic + Stand,
2026-07-07,0,100.38,Ad Group - 23/5/2026 14:00:41.548,185462523855280,2151,0.0,398812150448120,B0CQX4K9P5,B0CQX4K9P5,27,AudioArray_Tonor Prosucts_SP_Catch All_Auto,0,FBA79697,TD310,Tonor,Dynamic Microphone,Hand held Mic + Stand,
2026-07-08,0,62.07,Ad Group - 23/5/2026 14:00:41.548,185462523855280,1933,0.0,398812150448120,B0CQX4K9P5,B0CQX4K9P5,16,AudioArray_Tonor Prosucts_SP_Catch All_Auto,0,FBA79697,TD310,Tonor,Dynamic Microphone,Hand held Mic + Stand,
2026-07-09,0,64.01,Ad Group - 23/5/2026 14:00:41.548,185462523855280,2090,0.0,398812150448120,B0CQX4K9P5,B0CQX4K9P5,18,AudioArray_Tonor Prosucts_SP_Catch All_Auto,0,FBA79697,TD310,Tonor,Dynamic Microphone,Hand held Mic + Stand,
2026-07-10,2,92.8,Ad Group - 23/5/2026 14:00:41.548,185462523855280,4473,1694.07,398812150448120,B0CQX4K9P5,B0CQX4K9P5,26,AudioArray_Tonor Prosucts_SP_Catch All_Auto,2,FBA79697,TD310,Tonor,Dynamic Microphone,Hand held Mic + Stand,
2026-07-11,1,99.34,Ad Group - 23/5/2026 14:00:41.548,185462523855280,5807,2117.8,398812150448120,B0CQX4K9P5,B0CQX4K9P5,27,AudioArray_Tonor Prosucts_SP_Catch All_Auto,1,FBA79697,TD310,Tonor,Dynamic Microphone,Hand held Mic + Stand,
2026-07-12,3,155.36,Ad Group - 23/5/2026 14:00:41.548,185462523855280,7535,5251.7,398812150448120,B0CQX4K9P5,B0CQX4K9P5,43,AudioArray_Tonor Prosucts_SP_Catch All_Auto,3,FBA79697,TD310,Tonor,Dynamic Microphone,Hand held Mic + Stand,
2026-07-13,0,100.35,Ad Group - 23/5/2026 14:00:41.548,185462523855280,7502,0.0,398812150448120,B0CQX4K9P5,B0CQX4K9P5,30,AudioArray_Tonor Prosucts_SP_Catch All_Auto,0,FBA79697,TD310,Tonor,Dynamic Microphone,Hand held Mic + Stand,
2026-07-14,0,100.92,Ad Group - 23/5/2026 14:00:41.548,185462523855280,7408,0.0,398812150448120,B0CQX4K9P5,B0CQX4K9P5,32,AudioArray_Tonor Prosucts_SP_Catch All_Auto,0,FBA79697,TD310,Tonor,Dynamic Microphone,Hand held Mic + Stand,
2026-07-15,0,87.92,Ad Group - 23/5/2026 14:00:41.548,185462523855280,4718,0.0,398812150448120,B0CQX4K9P5,B0CQX4K9P5,25,AudioArray_Tonor Prosucts_SP_Catch All_Auto,0,FBA79697,TD310,Tonor,Dynamic Microphone,Hand held Mic + Stand,
2026-07-16,0,102.39,Ad Group - 23/5/2026 14:00:41.548,185462523855280,3220,0.0,398812150448120,B0CQX4K9P5,B0CQX4K9P5,27,AudioArray_Tonor Prosucts_SP_Catch All_Auto,0,FBA79697,TD310,Tonor,Dynamic Microphone,Hand held Mic + Stand,
2026-07-17,0,67.96,Ad Group - 23/5/2026 14:00:41.548,185462523855280,3476,0.0,398812150448120,B0CQX4K9P5,B0CQX4K9P5,20,AudioArray_Tonor Prosucts_SP_Catch All_Auto,0,FBA79697,TD310,Tonor,Dynamic Microphone,Hand held Mic + Stand,
2026-07-18,1,174.74,Ad Group - 23/5/2026 14:00:41.548,185462523855280,7732,1694.06,398812150448120,B0CQX4K9P5,B0CQX4K9P5,49,AudioArray_Tonor Prosucts_SP_Catch All_Auto,1,FBA79697,TD310,Tonor,Dynamic Microphone,Hand held Mic + Stand,
2026-07-19,0,164.67,Ad Group - 23/5/2026 14:00:41.548,185462523855280,8411,0.0,398812150448120,B0CQX4K9P5,B0CQX4K9P5,45,AudioArray_Tonor Prosucts_SP_Catch All_Auto,0,FBA79697,TD310,Tonor,Dynamic Microphone,Hand held Mic + Stand,
2026-07-20,0,107.29,Ad Group - 23/5/2026 14:00:41.548,185462523855280,5543,0.0,398812150448120,B0CQX4K9P5,B0CQX4K9P5,31,AudioArray_Tonor Prosucts_SP_Catch All_Auto,0,FBA79697,TD310,Tonor,Dynamic Microphone,Hand held Mic + Stand,
2026-07-21,0,125.24,Ad Group - 23/5/2026 14:00:41.548,185462523855280,7166,0.0,398812150448120,B0CQX4K9P5,B0CQX4K9P5,38,AudioArray_Tonor Prosucts_SP_Catch All_Auto,0,FBA79697,TD310,Tonor,Dynamic Microphone,Hand held Mic + Stand,
2026-07-01,1,6.93,Ad Group - 23/5/2026 14:00:41.548,185462523855280,810,1736.44,398812150448120,FBA79585,B0CFKHCQ8W,3,AudioArray_Tonor Prosucts_SP_Catch All_Auto,1,FBA79585,T20LP,Tonor,Accessories,Low Profile Boom Arm,
2026-07-02,0,15.22,Ad Group - 23/5/2026 14:00:41.548,185462523855280,904,0.0,398812150448120,FBA79585,B0CFKHCQ8W,5,AudioArray_Tonor Prosucts_SP_Catch All_Auto,0,FBA79585,T20LP,Tonor,Accessories,Low Profile Boom Arm,
2026-07-03,0,8.41,Ad Group - 23/5/2026 14:00:41.548,185462523855280,707,0.0,398812150448120,FBA79585,B0CFKHCQ8W,2,AudioArray_Tonor Prosucts_SP_Catch All_Auto,0,FBA79585,T20LP,Tonor,Accessories,Low Profile Boom Arm,
2026-07-04,0,13.2,Ad Group - 23/5/2026 14:00:41.548,185462523855280,1134,0.0,398812150448120,FBA79585,B0CFKHCQ8W,4,AudioArray_Tonor Prosucts_SP_Catch All_Auto,0,FBA79585,T20LP,Tonor,Accessories,Low Profile Boom Arm,
2026-07-05,0,7.01,Ad Group - 23/5/2026 14:00:41.548,185462523855280,1005,0.0,398812150448120,FBA79585,B0CFKHCQ8W,2,AudioArray_Tonor Prosucts_SP_Catch All_Auto,0,FBA79585,T20LP,Tonor,Accessories,Low Profile Boom Arm,
2026-07-06,1,10.98,Ad Group - 23/5/2026 14:00:41.548,185462523855280,867,1736.44,398812150448120,FBA79585,B0CFKHCQ8W,4,AudioArray_Tonor Prosucts_SP_Catch All_Auto,1,FBA79585,T20LP,Tonor,Accessories,Low Profile Boom Arm,
2026-07-07,0,4.46,Ad Group - 23/5/2026 14:00:41.548,185462523855280,567,0.0,398812150448120,FBA79585,B0CFKHCQ8W,2,AudioArray_Tonor Prosucts_SP_Catch All_Auto,0,FBA79585,T20LP,Tonor,Accessories,Low Profile Boom Arm,
2026-07-08,0,11.67,Ad Group - 23/5/2026 14:00:41.548,185462523855280,644,0.0,398812150448120,FBA79585,B0CFKHCQ8W,4,AudioArray_Tonor Prosucts_SP_Catch All_Auto,0,FBA79585,T20LP,Tonor,Accessories,Low Profile Boom Arm,
2026-07-09,1,22.63,Ad Group - 23/5/2026 14:00:41.548,185462523855280,887,1778.81,398812150448120,FBA79585,B0CFKHCQ8W,5,AudioArray_Tonor Prosucts_SP_Catch All_Auto,1,FBA79585,T20LP,Tonor,Accessories,Low Profile Boom Arm,
2026-07-10,0,0.0,Ad Group - 23/5/2026 14:00:41.548,185462523855280,627,0.0,398812150448120,FBA79585,B0CFKHCQ8W,0,AudioArray_Tonor Prosucts_SP_Catch All_Auto,0,FBA79585,T20LP,Tonor,Accessories,Low Profile Boom Arm,
2026-07-11,0,7.27,Ad Group - 23/5/2026 14:00:41.548,185462523855280,595,0.0,398812150448120,FBA79585,B0CFKHCQ8W,2,AudioArray_Tonor Prosucts_SP_Catch All_Auto,0,FBA79585,T20LP,Tonor,Accessories,Low Profile Boom Arm,
2026-07-12,0,10.67,Ad Group - 23/5/2026 14:00:41.548,185462523855280,678,0.0,398812150448120,FBA79585,B0CFKHCQ8W,2,AudioArray_Tonor Prosucts_SP_Catch All_Auto,0,FBA79585,T20LP,Tonor,Accessories,Low Profile Boom Arm,
2026-07-13,0,23.0,Ad Group - 23/5/2026 14:00:41.548,185462523855280,619,0.0,398812150448120,FBA79585,B0CFKHCQ8W,6,AudioArray_Tonor Prosucts_SP_Catch All_Auto,0,FBA79585,T20LP,Tonor,Accessories,Low Profile Boom Arm,
2026-07-14,0,13.73,Ad Group - 23/5/2026 14:00:41.548,185462523855280,556,0.0,398812150448120,FBA79585,B0CFKHCQ8W,3,AudioArray_Tonor Prosucts_SP_Catch All_Auto,0,FBA79585,T20LP,Tonor,Accessories,Low Profile Boom Arm,
2026-07-15,0,0.0,Ad Group - 23/5/2026 14:00:41.548,185462523855280,395,0.0,398812150448120,FBA79585,B0CFKHCQ8W,0,AudioArray_Tonor Prosucts_SP_Catch All_Auto,0,FBA79585,T20LP,Tonor,Accessories,Low Profile Boom Arm,
2026-07-16,0,8.67,Ad Group - 23/5/2026 14:00:41.548,185462523855280,512,0.0,398812150448120,FBA79585,B0CFKHCQ8W,3,AudioArray_Tonor Prosucts_SP_Catch All_Auto,0,FBA79585,T20LP,Tonor,Accessories,Low Profile Boom Arm,
2026-07-17,0,8.41,Ad Group - 23/5/2026 14:00:41.548,185462523855280,712,0.0,398812150448120,FBA79585,B0CFKHCQ8W,2,AudioArray_Tonor Prosucts_SP_Catch All_Auto,0,FBA79585,T20LP,Tonor,Accessories,Low Profile Boom Arm,
2026-07-18,0,20.39,Ad Group - 23/5/2026 14:00:41.548,185462523855280,1024,0.0,398812150448120,FBA79585,B0CFKHCQ8W,5,AudioArray_Tonor Prosucts_SP_Catch All_Auto,0,FBA79585,T20LP,Tonor,Accessories,Low Profile Boom Arm,
2026-07-19,0,10.91,Ad Group - 23/5/2026 14:00:41.548,185462523855280,1029,0.0,398812150448120,FBA79585,B0CFKHCQ8W,4,AudioArray_Tonor Prosucts_SP_Catch All_Auto,0,FBA79585,T20LP,Tonor,Accessories,Low Profile Boom Arm,
2026-07-20,0,36.55,Ad Group - 23/5/2026 14:00:41.548,185462523855280,1093,0.0,398812150448120,FBA79585,B0CFKHCQ8W,9,AudioArray_Tonor Prosucts_SP_Catch All_Auto,0,FBA79585,T20LP,Tonor,Accessories,Low Profile Boom Arm,
2026-07-21,0,36.23,Ad Group - 23/5/2026 14:00:41.548,185462523855280,1193,0.0,398812150448120,FBA79585,B0CFKHCQ8W,8,AudioArray_Tonor Prosucts_SP_Catch All_Auto,0,FBA79585,T20LP,Tonor,Accessories,Low Profile Boom Arm,
2026-07-01,0,8.44,Ad Group - 23/5/2026 14:00:41.548,185462523855280,972,0.0,398812150448120,B0BRCR2QQ7,B0BRCR2QQ7,2,AudioArray_Tonor Prosucts_SP_Catch All_Auto,0,FBA79576,TC30S+,Tonor,Condenser Microphone,Boom Arm Kit + RGB,
2026-07-02,0,7.1,Ad Group - 23/5/2026 14:00:41.548,185462523855280,1647,0.0,398812150448120,B0BRCR2QQ7,B0BRCR2QQ7,2,AudioArray_Tonor Prosucts_SP_Catch All_Auto,0,FBA79576,TC30S+,Tonor,Condenser Microphone,Boom Arm Kit + RGB,
2026-07-03,0,6.3,Ad Group - 23/5/2026 14:00:41.548,185462523855280,1737,0.0,398812150448120,B0BRCR2QQ7,B0BRCR2QQ7,3,AudioArray_Tonor Prosucts_SP_Catch All_Auto,0,FBA79576,TC30S+,Tonor,Condenser Microphone,Boom Arm Kit + RGB,
2026-07-04,0,8.59,Ad Group - 23/5/2026 14:00:41.548,185462523855280,528,0.0,398812150448120,B0BRCR2QQ7,B0BRCR2QQ7,3,AudioArray_Tonor Prosucts_SP_Catch All_Auto,0,FBA79576,TC30S+,Tonor,Condenser Microphone,Boom Arm Kit + RGB,
2026-07-05,0,7.35,Ad Group - 23/5/2026 14:00:41.548,185462523855280,413,0.0,398812150448120,B0BRCR2QQ7,B0BRCR2QQ7,2,AudioArray_Tonor Prosucts_SP_Catch All_Auto,0,FBA79576,TC30S+,Tonor,Condenser Microphone,Boom Arm Kit + RGB,
2026-07-06,0,4.52,Ad Group - 23/5/2026 14:00:41.548,185462523855280,452,0.0,398812150448120,B0BRCR2QQ7,B0BRCR2QQ7,2,AudioArray_Tonor Prosucts_SP_Catch All_Auto,0,FBA79576,TC30S+,Tonor,Condenser Microphone,Boom Arm Kit + RGB,
2026-07-07,0,3.95,Ad Group - 23/5/2026 14:00:41.548,185462523855280,299,0.0,398812150448120,B0BRCR2QQ7,B0BRCR2QQ7,1,AudioArray_Tonor Prosucts_SP_Catch All_Auto,0,FBA79576,TC30S+,Tonor,Condenser Microphone,Boom Arm Kit + RGB,
2026-07-08,0,3.95,Ad Group - 23/5/2026 14:00:41.548,185462523855280,366,0.0,398812150448120,B0BRCR2QQ7,B0BRCR2QQ7,1,AudioArray_Tonor Prosucts_SP_Catch All_Auto,0,FBA79576,TC30S+,Tonor,Condenser Microphone,Boom Arm Kit + RGB,
2026-07-09,0,0.0,Ad Group - 23/5/2026 14:00:41.548,185462523855280,464,0.0,398812150448120,B0BRCR2QQ7,B0BRCR2QQ7,0,AudioArray_Tonor Prosucts_SP_Catch All_Auto,0,FBA79576,TC30S+,Tonor,Condenser Microphone,Boom Arm Kit + RGB,
2026-07-10,0,6.14,Ad Group - 23/5/2026 14:00:41.548,185462523855280,413,0.0,398812150448120,B0BRCR2QQ7,B0BRCR2QQ7,1,AudioArray_Tonor Prosucts_SP_Catch All_Auto,0,FBA79576,TC30S+,Tonor,Condenser Microphone,Boom Arm Kit + RGB,
2026-07-11,0,7.55,Ad Group - 23/5/2026 14:00:41.548,185462523855280,518,0.0,398812150448120,B0BRCR2QQ7,B0BRCR2QQ7,2,AudioArray_Tonor Prosucts_SP_Catch All_Auto,0,FBA79576,TC30S+,Tonor,Condenser Microphone,Boom Arm Kit + RGB,
2026-07-12,0,8.68,Ad Group - 23/5/2026 14:00:41.548,185462523855280,624,0.0,398812150448120,B0BRCR2QQ7,B0BRCR2QQ7,3,AudioArray_Tonor Prosucts_SP_Catch All_Auto,0,FBA79576,TC30S+,Tonor,Condenser Microphone,Boom Arm Kit + RGB,
2026-07-13,0,8.75,Ad Group - 23/5/2026 14:00:41.548,185462523855280,706,0.0,398812150448120,B0BRCR2QQ7,B0BRCR2QQ7,3,AudioArray_Tonor Prosucts_SP_Catch All_Auto,0,FBA79576,TC30S+,Tonor,Condenser Microphone,Boom Arm Kit + RGB,
2026-07-14,0,8.02,Ad Group - 23/5/2026 14:00:41.548,185462523855280,747,0.0,398812150448120,B0BRCR2QQ7,B0BRCR2QQ7,2,AudioArray_Tonor Prosucts_SP_Catch All_Auto,0,FBA79576,TC30S+,Tonor,Condenser Microphone,Boom Arm Kit + RGB,
2026-07-15,0,8.98,Ad Group - 23/5/2026 14:00:41.548,185462523855280,587,0.0,398812150448120,B0BRCR2QQ7,B0BRCR2QQ7,3,AudioArray_Tonor Prosucts_SP_Catch All_Auto,0,FBA79576,TC30S+,Tonor,Condenser Microphone,Boom Arm Kit + RGB,
2026-07-16,1,13.12,Ad Group - 23/5/2026 14:00:41.548,185462523855280,598,1778.81,398812150448120,B0BRCR2QQ7,B0BRCR2QQ7,4,AudioArray_Tonor Prosucts_SP_Catch All_Auto,1,FBA79576,TC30S+,Tonor,Condenser Microphone,Boom Arm Kit + RGB,
2026-07-17,0,8.12,Ad Group - 23/5/2026 14:00:41.548,185462523855280,661,0.0,398812150448120,B0BRCR2QQ7,B0BRCR2QQ7,4,AudioArray_Tonor Prosucts_SP_Catch All_Auto,0,FBA79576,TC30S+,Tonor,Condenser Microphone,Boom Arm Kit + RGB,
2026-07-18,1,10.83,Ad Group - 23/5/2026 14:00:41.548,185462523855280,1070,2965.25,398812150448120,B0BRCR2QQ7,B0BRCR2QQ7,3,AudioArray_Tonor Prosucts_SP_Catch All_Auto,1,FBA79576,TC30S+,Tonor,Condenser Microphone,Boom Arm Kit + RGB,
2026-07-19,0,28.13,Ad Group - 23/5/2026 14:00:41.548,185462523855280,1165,0.0,398812150448120,B0BRCR2QQ7,B0BRCR2QQ7,9,AudioArray_Tonor Prosucts_SP_Catch All_Auto,0,FBA79576,TC30S+,Tonor,Condenser Microphone,Boom Arm Kit + RGB,
2026-07-20,0,16.09,Ad Group - 23/5/2026 14:00:41.548,185462523855280,2020,0.0,398812150448120,B0BRCR2QQ7,B0BRCR2QQ7,5,AudioArray_Tonor Prosucts_SP_Catch All_Auto,0,FBA79576,TC30S+,Tonor,Condenser Microphone,Boom Arm Kit + RGB,
2026-07-21,0,9.59,Ad Group - 23/5/2026 14:00:41.548,185462523855280,4977,0.0,398812150448120,B0BRCR2QQ7,B0BRCR2QQ7,3,AudioArray_Tonor Prosucts_SP_Catch All_Auto,0,FBA79576,TC30S+,Tonor,Condenser Microphone,Boom Arm Kit + RGB,
2026-07-01,0,8.52,Ad Group - 23/5/2026 14:00:41.548,185462523855280,1617,0.0,398812150448120,B0BG8CJXHH,B0BG8CJXHH,3,AudioArray_Tonor Prosucts_SP_Catch All_Auto,0,FBA79575,TC30+,Tonor,Condenser Microphone,Boom Arm Kit,
2026-07-02,0,11.01,Ad Group - 23/5/2026 14:00:41.548,185462523855280,2120,0.0,398812150448120,B0BG8CJXHH,B0BG8CJXHH,3,AudioArray_Tonor Prosucts_SP_Catch All_Auto,0,FBA79575,TC30+,Tonor,Condenser Microphone,Boom Arm Kit,
2026-07-03,0,8.29,Ad Group - 23/5/2026 14:00:41.548,185462523855280,911,0.0,398812150448120,B0BG8CJXHH,B0BG8CJXHH,3,AudioArray_Tonor Prosucts_SP_Catch All_Auto,0,FBA79575,TC30+,Tonor,Condenser Microphone,Boom Arm Kit,
2026-07-04,0,11.34,Ad Group - 23/5/2026 14:00:41.548,185462523855280,720,0.0,398812150448120,B0BG8CJXHH,B0BG8CJXHH,3,AudioArray_Tonor Prosucts_SP_Catch All_Auto,0,FBA79575,TC30+,Tonor,Condenser Microphone,Boom Arm Kit,
2026-07-05,0,0.0,Ad Group - 23/5/2026 14:00:41.548,185462523855280,683,0.0,398812150448120,B0BG8CJXHH,B0BG8CJXHH,0,AudioArray_Tonor Prosucts_SP_Catch All_Auto,0,FBA79575,TC30+,Tonor,Condenser Microphone,Boom Arm Kit,
2026-07-06,0,7.8,Ad Group - 23/5/2026 14:00:41.548,185462523855280,636,0.0,398812150448120,B0BG8CJXHH,B0BG8CJXHH,2,AudioArray_Tonor Prosucts_SP_Catch All_Auto,0,FBA79575,TC30+,Tonor,Condenser Microphone,Boom Arm Kit,
2026-07-07,0,21.89,Ad Group - 23/5/2026 14:00:41.548,185462523855280,902,0.0,398812150448120,B0BG8CJXHH,B0BG8CJXHH,5,AudioArray_Tonor Prosucts_SP_Catch All_Auto,0,FBA79575,TC30+,Tonor,Condenser Microphone,Boom Arm Kit,
2026-07-08,0,25.21,Ad Group - 23/5/2026 14:00:41.548,185462523855280,1005,0.0,398812150448120,B0BG8CJXHH,B0BG8CJXHH,6,AudioArray_Tonor Prosucts_SP_Catch All_Auto,0,FBA79575,TC30+,Tonor,Condenser Microphone,Boom Arm Kit,
2026-07-09,0,11.72,Ad Group - 23/5/2026 14:00:41.548,185462523855280,1217,0.0,398812150448120,B0BG8CJXHH,B0BG8CJXHH,3,AudioArray_Tonor Prosucts_SP_Catch All_Auto,0,FBA79575,TC30+,Tonor,Condenser Microphone,Boom Arm Kit,
2026-07-10,0,5.37,Ad Group - 23/5/2026 14:00:41.548,185462523855280,3641,0.0,398812150448120,B0BG8CJXHH,B0BG8CJXHH,2,AudioArray_Tonor Prosucts_SP_Catch All_Auto,0,FBA79575,TC30+,Tonor,Condenser Microphone,Boom Arm Kit,
2026-07-11,0,19.46,Ad Group - 23/5/2026 14:00:41.548,185462523855280,4016,0.0,398812150448120,B0BG8CJXHH,B0BG8CJXHH,6,AudioArray_Tonor Prosucts_SP_Catch All_Auto,0,FBA79575,TC30+,Tonor,Condenser Microphone,Boom Arm Kit,
2026-07-12,0,21.15,Ad Group - 23/5/2026 14:00:41.548,185462523855280,5142,0.0,398812150448120,B0BG8CJXHH,B0BG8CJXHH,8,AudioArray_Tonor Prosucts_SP_Catch All_Auto,0,FBA79575,TC30+,Tonor,Condenser Microphone,Boom Arm Kit,
2026-07-13,0,9.2,Ad Group - 23/5/2026 14:00:41.548,185462523855280,6891,0.0,398812150448120,B0BG8CJXHH,B0BG8CJXHH,4,AudioArray_Tonor Prosucts_SP_Catch All_Auto,0,FBA79575,TC30+,Tonor,Condenser Microphone,Boom Arm Kit,
2026-07-14,0,10.69,Ad Group - 23/5/2026 14:00:41.548,185462523855280,7060,0.0,398812150448120,B0BG8CJXHH,B0BG8CJXHH,3,AudioArray_Tonor Prosucts_SP_Catch All_Auto,0,FBA79575,TC30+,Tonor,Condenser Microphone,Boom Arm Kit,
2026-07-15,0,23.01,Ad Group - 23/5/2026 14:00:41.548,185462523855280,6179,0.0,398812150448120,B0BG8CJXHH,B0BG8CJXHH,8,AudioArray_Tonor Prosucts_SP_Catch All_Auto,0,FBA79575,TC30+,Tonor,Condenser Microphone,Boom Arm Kit,
2026-07-16,0,0.0,Ad Group - 23/5/2026 14:00:41.548,185462523855280,513,0.0,398812150448120,B0BG8CJXHH,B0BG8CJXHH,0,AudioArray_Tonor Prosucts_SP_Catch All_Auto,0,FBA79575,TC30+,Tonor,Condenser Microphone,Boom Arm Kit,
2026-07-17,0,0.0,Ad Group - 23/5/2026 14:00:41.548,185462523855280,0,0.0,398812150448120,B0BG8CJXHH,B0BG8CJXHH,0,AudioArray_Tonor Prosucts_SP_Catch All_Auto,0,FBA79575,TC30+,Tonor,Condenser Microphone,Boom Arm Kit,
2026-07-20,0,0.0,Ad Group - 23/5/2026 14:00:41.548,185462523855280,0,0.0,398812150448120,B0BG8CJXHH,B0BG8CJXHH,0,AudioArray_Tonor Prosucts_SP_Catch All_Auto,0,FBA79575,TC30+,Tonor,Condenser Microphone,Boom Arm Kit,
2026-07-21,0,0.0,Ad Group - 23/5/2026 14:00:41.548,185462523855280,0,0.0,398812150448120,B0BG8CJXHH,B0BG8CJXHH,0,AudioArray_Tonor Prosucts_SP_Catch All_Auto,0,FBA79575,TC30+,Tonor,Condenser Microphone,Boom Arm Kit,
2026-07-01,0,164.53,KT,215129494188065,2679,0.0,114071206061199,FBA79260,B07GVGMW59,18,Audio Array_B07GVGMW59_Tonor Conference Mic_SP,0,FBA77102,G11,Tonor,,,
2026-07-02,2,137.56,KT,215129494188065,2716,4574.58,114071206061199,FBA79260,B07GVGMW59,14,Audio Array_B07GVGMW59_Tonor Conference Mic_SP,2,FBA77102,G11,Tonor,,,
2026-07-03,1,148.81,KT,215129494188065,2537,2287.29,114071206061199,FBA79260,B07GVGMW59,15,Audio Array_B07GVGMW59_Tonor Conference Mic_SP,1,FBA77102,G11,Tonor,,,
2026-07-04,0,127.96,KT,215129494188065,3148,0.0,114071206061199,FBA79260,B07GVGMW59,13,Audio Array_B07GVGMW59_Tonor Conference Mic_SP,0,FBA77102,G11,Tonor,,,
2026-07-05,0,118.45,KT,215129494188065,3051,0.0,114071206061199,FBA79260,B07GVGMW59,12,Audio Array_B07GVGMW59_Tonor Conference Mic_SP,0,FBA77102,G11,Tonor,,,
2026-07-06,0,189.42,KT,215129494188065,3059,0.0,114071206061199,FBA79260,B07GVGMW59,18,Audio Array_B07GVGMW59_Tonor Conference Mic_SP,0,FBA77102,G11,Tonor,,,
2026-07-07,0,99.48,KT,215129494188065,2635,0.0,114071206061199,FBA79260,B07GVGMW59,9,Audio Array_B07GVGMW59_Tonor Conference Mic_SP,0,FBA77102,G11,Tonor,,,
2026-07-08,0,133.54,KT,215129494188065,2551,0.0,114071206061199,FBA79260,B07GVGMW59,13,Audio Array_B07GVGMW59_Tonor Conference Mic_SP,0,FBA77102,G11,Tonor,,,
2026-07-09,1,124.23,KT,215129494188065,2544,2287.29,114071206061199,FBA79260,B07GVGMW59,12,Audio Array_B07GVGMW59_Tonor Conference Mic_SP,1,FBA77102,G11,Tonor,,,
2026-07-10,0,122.72,KT,215129494188065,2395,0.0,114071206061199,FBA79260,B07GVGMW59,14,Audio Array_B07GVGMW59_Tonor Conference Mic_SP,0,FBA77102,G11,Tonor,,,
2026-07-11,0,129.84,KT,215129494188065,2916,0.0,114071206061199,FBA79260,B07GVGMW59,13,Audio Array_B07GVGMW59_Tonor Conference Mic_SP,0,FBA77102,G11,Tonor,,,
2026-07-12,0,152.33,KT,215129494188065,2722,0.0,114071206061199,FBA79260,B07GVGMW59,15,Audio Array_B07GVGMW59_Tonor Conference Mic_SP,0,FBA77102,G11,Tonor,,,
2026-07-13,1,109.46,KT,215129494188065,2871,2287.28,114071206061199,FBA79260,B07GVGMW59,11,Audio Array_B07GVGMW59_Tonor Conference Mic_SP,1,FBA77102,G11,Tonor,,,
2026-07-14,0,42.87,KT,215129494188065,2290,0.0,114071206061199,FBA79260,B07GVGMW59,4,Audio Array_B07GVGMW59_Tonor Conference Mic_SP,0,FBA77102,G11,Tonor,,,
2026-07-15,0,73.76,KT,215129494188065,2164,0.0,114071206061199,FBA79260,B07GVGMW59,7,Audio Array_B07GVGMW59_Tonor Conference Mic_SP,0,FBA77102,G11,Tonor,,,
2026-07-16,0,41.82,KT,215129494188065,1946,0.0,114071206061199,FBA79260,B07GVGMW59,4,Audio Array_B07GVGMW59_Tonor Conference Mic_SP,0,FBA77102,G11,Tonor,,,
2026-07-17,1,121.6,KT,215129494188065,2240,2287.29,114071206061199,FBA79260,B07GVGMW59,11,Audio Array_B07GVGMW59_Tonor Conference Mic_SP,1,FBA77102,G11,Tonor,,,
2026-07-18,0,151.06,KT,215129494188065,1393,0.0,114071206061199,FBA79260,B07GVGMW59,14,Audio Array_B07GVGMW59_Tonor Conference Mic_SP,0,FBA77102,G11,Tonor,,,
2026-07-19,0,9.45,KT,215129494188065,1077,0.0,114071206061199,FBA79260,B07GVGMW59,1,Audio Array_B07GVGMW59_Tonor Conference Mic_SP,0,FBA77102,G11,Tonor,,,
2026-07-20,0,31.39,KT,215129494188065,1493,0.0,114071206061199,FBA79260,B07GVGMW59,4,Audio Array_B07GVGMW59_Tonor Conference Mic_SP,0,FBA77102,G11,Tonor,,,
2026-07-21,1,46.03,KT,215129494188065,1678,2287.29,114071206061199,FBA79260,B07GVGMW59,5,Audio Array_B07GVGMW59_Tonor Conference Mic_SP,1,FBA77102,G11,Tonor,,,
2026-07-01,0,69.91,Refine CT,157594849023851,2075,0.0,252558119268825,B01ISNU3X4,B01ISNU3X4,10,Audio Array_B01ISNU3X4_Tonor Dynamic Mic_SP_PT/CT,0,FBA77113,K1,Tonor,Dynamic Microphone,Hand held Mic,
2026-07-02,1,75.97,Refine CT,157594849023851,2566,1609.32,252558119268825,B01ISNU3X4,B01ISNU3X4,10,Audio Array_B01ISNU3X4_Tonor Dynamic Mic_SP_PT/CT,1,FBA77113,K1,Tonor,Dynamic Microphone,Hand held Mic,
2026-07-03,1,176.84,Refine CT,157594849023851,3664,1609.32,252558119268825,B01ISNU3X4,B01ISNU3X4,21,Audio Array_B01ISNU3X4_Tonor Dynamic Mic_SP_PT/CT,1,FBA77113,K1,Tonor,Dynamic Microphone,Hand held Mic,
2026-07-04,4,326.94,Refine CT,157594849023851,8535,5515.24,252558119268825,B01ISNU3X4,B01ISNU3X4,43,Audio Array_B01ISNU3X4_Tonor Dynamic Mic_SP_PT/CT,4,FBA77113,K1,Tonor,Dynamic Microphone,Hand held Mic,
2026-07-05,4,550.68,Refine CT,157594849023851,7706,5420.32,252558119268825,B01ISNU3X4,B01ISNU3X4,70,Audio Array_B01ISNU3X4_Tonor Dynamic Mic_SP_PT/CT,4,FBA77113,K1,Tonor,Dynamic Microphone,Hand held Mic,
2026-07-06,3,554.7,Refine CT,157594849023851,8099,4160.16,252558119268825,B01ISNU3X4,B01ISNU3X4,58,Audio Array_B01ISNU3X4_Tonor Dynamic Mic_SP_PT/CT,3,FBA77113,K1,Tonor,Dynamic Microphone,Hand held Mic,
2026-07-07,4,336.46,Refine CT,157594849023851,5732,5996.6,252558119268825,B01ISNU3X4,B01ISNU3X4,33,Audio Array_B01ISNU3X4_Tonor Dynamic Mic_SP_PT/CT,4,FBA77113,K1,Tonor,Dynamic Microphone,Hand held Mic,
2026-07-08,0,205.84,Refine CT,157594849023851,7107,0.0,252558119268825,B01ISNU3X4,B01ISNU3X4,22,Audio Array_B01ISNU3X4_Tonor Dynamic Mic_SP_PT/CT,0,FBA77113,K1,Tonor,Dynamic Microphone,Hand held Mic,
2026-07-09,0,224.26,Refine CT,157594849023851,6512,0.0,252558119268825,B01ISNU3X4,B01ISNU3X4,22,Audio Array_B01ISNU3X4_Tonor Dynamic Mic_SP_PT/CT,0,FBA77113,K1,Tonor,Dynamic Microphone,Hand held Mic,
2026-07-10,0,194.78,Refine CT,157594849023851,4775,0.0,252558119268825,B01ISNU3X4,B01ISNU3X4,20,Audio Array_B01ISNU3X4_Tonor Dynamic Mic_SP_PT/CT,0,FBA77113,K1,Tonor,Dynamic Microphone,Hand held Mic,
2026-07-11,0,173.45,Refine CT,157594849023851,4274,0.0,252558119268825,B01ISNU3X4,B01ISNU3X4,18,Audio Array_B01ISNU3X4_Tonor Dynamic Mic_SP_PT/CT,0,FBA77113,K1,Tonor,Dynamic Microphone,Hand held Mic,
2026-07-12,2,249.84,Refine CT,157594849023851,2798,4100.0,252558119268825,B01ISNU3X4,B01ISNU3X4,25,Audio Array_B01ISNU3X4_Tonor Dynamic Mic_SP_PT/CT,2,FBA77113,K1,Tonor,Dynamic Microphone,Hand held Mic,
2026-07-13,0,183.51,Refine CT,157594849023851,2730,0.0,252558119268825,B01ISNU3X4,B01ISNU3X4,17,Audio Array_B01ISNU3X4_Tonor Dynamic Mic_SP_PT/CT,0,FBA77113,K1,Tonor,Dynamic Microphone,Hand held Mic,
2026-07-14,1,266.77,Refine CT,157594849023851,5298,1609.32,252558119268825,B01ISNU3X4,B01ISNU3X4,25,Audio Array_B01ISNU3X4_Tonor Dynamic Mic_SP_PT/CT,1,FBA77113,K1,Tonor,Dynamic Microphone,Hand held Mic,
2026-07-15,0,281.09,Refine CT,157594849023851,5098,0.0,252558119268825,B01ISNU3X4,B01ISNU3X4,28,Audio Array_B01ISNU3X4_Tonor Dynamic Mic_SP_PT/CT,0,FBA77113,K1,Tonor,Dynamic Microphone,Hand held Mic,
2026-07-16,2,325.53,Refine CT,157594849023851,7760,3252.54,252558119268825,B01ISNU3X4,B01ISNU3X4,36,Audio Array_B01ISNU3X4_Tonor Dynamic Mic_SP_PT/CT,2,FBA77113,K1,Tonor,Dynamic Microphone,Hand held Mic,
2026-07-17,4,398.94,Refine CT,157594849023851,7528,6437.28,252558119268825,B01ISNU3X4,B01ISNU3X4,41,Audio Array_B01ISNU3X4_Tonor Dynamic Mic_SP_PT/CT,4,FBA77113,K1,Tonor,Dynamic Microphone,Hand held Mic,
2026-07-18,1,247.32,Refine CT,157594849023851,6523,1643.22,252558119268825,B01ISNU3X4,B01ISNU3X4,24,Audio Array_B01ISNU3X4_Tonor Dynamic Mic_SP_PT/CT,1,FBA77113,K1,Tonor,Dynamic Microphone,Hand held Mic,
2026-07-19,0,405.08,Refine CT,157594849023851,5185,0.0,252558119268825,B01ISNU3X4,B01ISNU3X4,39,Audio Array_B01ISNU3X4_Tonor Dynamic Mic_SP_PT/CT,0,FBA77113,K1,Tonor,Dynamic Microphone,Hand held Mic,
2026-07-20,1,310.4,Refine CT,157594849023851,6458,1609.32,252558119268825,B01ISNU3X4,B01ISNU3X4,32,Audio Array_B01ISNU3X4_Tonor Dynamic Mic_SP_PT/CT,1,FBA77113,K1,Tonor,Dynamic Microphone,Hand held Mic,
2026-07-21,3,330.91,Refine CT,157594849023851,6480,4827.96,252558119268825,B01ISNU3X4,B01ISNU3X4,35,Audio Array_B01ISNU3X4_Tonor Dynamic Mic_SP_PT/CT,3,FBA77113,K1,Tonor,Dynamic Microphone,Hand held Mic,
2026-07-01,0,42.9,PT,157594849023851,187,0.0,228145093736239,B01ISNU3X4,B01ISNU3X4,4,Audio Array_B01ISNU3X4_Tonor Dynamic Mic_SP_PT/CT,0,FBA77113,K1,Tonor,Dynamic Microphone,Hand held Mic,
2026-07-02,0,31.7,PT,157594849023851,62,0.0,228145093736239,B01ISNU3X4,B01ISNU3X4,3,Audio Array_B01ISNU3X4_Tonor Dynamic Mic_SP_PT/CT,0,FBA77113,K1,Tonor,Dynamic Microphone,Hand held Mic,
2026-07-03,0,24.25,PT,157594849023851,80,0.0,228145093736239,B01ISNU3X4,B01ISNU3X4,2,Audio Array_B01ISNU3X4_Tonor Dynamic Mic_SP_PT/CT,0,FBA77113,K1,Tonor,Dynamic Microphone,Hand held Mic,
2026-07-04,0,51.24,PT,157594849023851,201,0.0,228145093736239,B01ISNU3X4,B01ISNU3X4,4,Audio Array_B01ISNU3X4_Tonor Dynamic Mic_SP_PT/CT,0,FBA77113,K1,Tonor,Dynamic Microphone,Hand held Mic,
2026-07-05,0,38.62,PT,157594849023851,203,0.0,228145093736239,B01ISNU3X4,B01ISNU3X4,3,Audio Array_B01ISNU3X4_Tonor Dynamic Mic_SP_PT/CT,0,FBA77113,K1,Tonor,Dynamic Microphone,Hand held Mic,
2026-07-06,1,63.82,PT,157594849023851,343,1355.08,228145093736239,B01ISNU3X4,B01ISNU3X4,6,Audio Array_B01ISNU3X4_Tonor Dynamic Mic_SP_PT/CT,1,FBA77113,K1,Tonor,Dynamic Microphone,Hand held Mic,
2026-07-07,0,51.67,PT,157594849023851,265,0.0,228145093736239,B01ISNU3X4,B01ISNU3X4,3,Audio Array_B01ISNU3X4_Tonor Dynamic Mic_SP_PT/CT,0,FBA77113,K1,Tonor,Dynamic Microphone,Hand held Mic,
2026-07-08,0,0.0,PT,157594849023851,220,0.0,228145093736239,B01ISNU3X4,B01ISNU3X4,0,Audio Array_B01ISNU3X4_Tonor Dynamic Mic_SP_PT/CT,0,FBA77113,K1,Tonor,Dynamic Microphone,Hand held Mic,
2026-07-09,0,84.97,PT,157594849023851,893,0.0,228145093736239,B01ISNU3X4,B01ISNU3X4,6,Audio Array_B01ISNU3X4_Tonor Dynamic Mic_SP_PT/CT,0,FBA77113,K1,Tonor,Dynamic Microphone,Hand held Mic,
2026-07-10,0,64.43,PT,157594849023851,659,0.0,228145093736239,B01ISNU3X4,B01ISNU3X4,4,Audio Array_B01ISNU3X4_Tonor Dynamic Mic_SP_PT/CT,0,FBA77113,K1,Tonor,Dynamic Microphone,Hand held Mic,
2026-07-11,0,177.2,PT,157594849023851,721,0.0,228145093736239,B01ISNU3X4,B01ISNU3X4,11,Audio Array_B01ISNU3X4_Tonor Dynamic Mic_SP_PT/CT,0,FBA77113,K1,Tonor,Dynamic Microphone,Hand held Mic,
2026-07-12,0,45.52,PT,157594849023851,435,0.0,228145093736239,B01ISNU3X4,B01ISNU3X4,3,Audio Array_B01ISNU3X4_Tonor Dynamic Mic_SP_PT/CT,0,FBA77113,K1,Tonor,Dynamic Microphone,Hand held Mic,
2026-07-13,0,117.86,PT,157594849023851,406,0.0,228145093736239,B01ISNU3X4,B01ISNU3X4,8,Audio Array_B01ISNU3X4_Tonor Dynamic Mic_SP_PT/CT,0,FBA77113,K1,Tonor,Dynamic Microphone,Hand held Mic,
2026-07-14,0,34.43,PT,157594849023851,753,0.0,228145093736239,B01ISNU3X4,B01ISNU3X4,2,Audio Array_B01ISNU3X4_Tonor Dynamic Mic_SP_PT/CT,0,FBA77113,K1,Tonor,Dynamic Microphone,Hand held Mic,
2026-07-15,0,40.82,PT,157594849023851,511,0.0,228145093736239,B01ISNU3X4,B01ISNU3X4,3,Audio Array_B01ISNU3X4_Tonor Dynamic Mic_SP_PT/CT,0,FBA77113,K1,Tonor,Dynamic Microphone,Hand held Mic,
2026-07-16,0,78.63,PT,157594849023851,528,0.0,228145093736239,B01ISNU3X4,B01ISNU3X4,6,Audio Array_B01ISNU3X4_Tonor Dynamic Mic_SP_PT/CT,0,FBA77113,K1,Tonor,Dynamic Microphone,Hand held Mic,
2026-07-17,0,0.0,PT,157594849023851,226,0.0,228145093736239,B01ISNU3X4,B01ISNU3X4,0,Audio Array_B01ISNU3X4_Tonor Dynamic Mic_SP_PT/CT,0,FBA77113,K1,Tonor,Dynamic Microphone,Hand held Mic,
2026-07-18,0,22.93,PT,157594849023851,307,0.0,228145093736239,B01ISNU3X4,B01ISNU3X4,2,Audio Array_B01ISNU3X4_Tonor Dynamic Mic_SP_PT/CT,0,FBA77113,K1,Tonor,Dynamic Microphone,Hand held Mic,
2026-07-19,0,104.97,PT,157594849023851,417,0.0,228145093736239,B01ISNU3X4,B01ISNU3X4,7,Audio Array_B01ISNU3X4_Tonor Dynamic Mic_SP_PT/CT,0,FBA77113,K1,Tonor,Dynamic Microphone,Hand held Mic,
2026-07-20,0,16.16,PT,157594849023851,439,0.0,228145093736239,B01ISNU3X4,B01ISNU3X4,1,Audio Array_B01ISNU3X4_Tonor Dynamic Mic_SP_PT/CT,0,FBA77113,K1,Tonor,Dynamic Microphone,Hand held Mic,
2026-07-21,0,0.0,PT,157594849023851,81,0.0,228145093736239,B01ISNU3X4,B01ISNU3X4,0,Audio Array_B01ISNU3X4_Tonor Dynamic Mic_SP_PT/CT,0,FBA77113,K1,Tonor,Dynamic Microphone,Hand held Mic,
2026-07-01,0,101.66,BM,67277704155422,2465,0.0,122947219726387,B08NDB5NWP,B08NDB5NWP,13,Audio Array_B08NDB5NWP_Tonor Conference Mic_SP,0,FBA77110,TM20,Tonor,Conference Microphone,Wired,
2026-07-02,0,114.1,BM,67277704155422,2401,0.0,122947219726387,B08NDB5NWP,B08NDB5NWP,17,Audio Array_B08NDB5NWP_Tonor Conference Mic_SP,0,FBA77110,TM20,Tonor,Conference Microphone,Wired,
2026-07-03,0,175.64,BM,67277704155422,2888,0.0,122947219726387,B08NDB5NWP,B08NDB5NWP,20,Audio Array_B08NDB5NWP_Tonor Conference Mic_SP,0,FBA77110,TM20,Tonor,Conference Microphone,Wired,
2026-07-04,0,336.45,BM,67277704155422,4490,0.0,122947219726387,B08NDB5NWP,B08NDB5NWP,32,Audio Array_B08NDB5NWP_Tonor Conference Mic_SP,0,FBA77110,TM20,Tonor,Conference Microphone,Wired,
2026-07-05,2,275.17,BM,67277704155422,5054,4913.56,122947219726387,B08NDB5NWP,B08NDB5NWP,25,Audio Array_B08NDB5NWP_Tonor Conference Mic_SP,2,FBA77110,TM20,Tonor,Conference Microphone,Wired,
2026-07-06,1,239.92,BM,67277704155422,5944,2456.78,122947219726387,B08NDB5NWP,B08NDB5NWP,22,Audio Array_B08NDB5NWP_Tonor Conference Mic_SP,1,FBA77110,TM20,Tonor,Conference Microphone,Wired,
2026-07-07,0,288.21,BM,67277704155422,4887,0.0,122947219726387,B08NDB5NWP,B08NDB5NWP,27,Audio Array_B08NDB5NWP_Tonor Conference Mic_SP,0,FBA77110,TM20,Tonor,Conference Microphone,Wired,
2026-07-08,0,320.57,BM,67277704155422,4935,0.0,122947219726387,B08NDB5NWP,B08NDB5NWP,30,Audio Array_B08NDB5NWP_Tonor Conference Mic_SP,0,FBA77110,TM20,Tonor,Conference Microphone,Wired,
2026-07-09,0,164.22,BM,67277704155422,2247,0.0,122947219726387,B08NDB5NWP,B08NDB5NWP,14,Audio Array_B08NDB5NWP_Tonor Conference Mic_SP,0,FBA77110,TM20,Tonor,Conference Microphone,Wired,
2026-07-10,0,190.57,BM,67277704155422,4268,0.0,122947219726387,B08NDB5NWP,B08NDB5NWP,18,Audio Array_B08NDB5NWP_Tonor Conference Mic_SP,0,FBA77110,TM20,Tonor,Conference Microphone,Wired,
2026-07-11,0,206.68,BM,67277704155422,3990,0.0,122947219726387,B08NDB5NWP,B08NDB5NWP,20,Audio Array_B08NDB5NWP_Tonor Conference Mic_SP,0,FBA77110,TM20,Tonor,Conference Microphone,Wired,
2026-07-12,0,196.21,BM,67277704155422,3736,0.0,122947219726387,B08NDB5NWP,B08NDB5NWP,20,Audio Array_B08NDB5NWP_Tonor Conference Mic_SP,0,FBA77110,TM20,Tonor,Conference Microphone,Wired,
2026-07-13,0,251.66,BM,67277704155422,3990,0.0,122947219726387,B08NDB5NWP,B08NDB5NWP,26,Audio Array_B08NDB5NWP_Tonor Conference Mic_SP,0,FBA77110,TM20,Tonor,Conference Microphone,Wired,
2026-07-14,1,201.23,BM,67277704155422,3707,2541.53,122947219726387,B08NDB5NWP,B08NDB5NWP,19,Audio Array_B08NDB5NWP_Tonor Conference Mic_SP,1,FBA77110,TM20,Tonor,Conference Microphone,Wired,
2026-07-15,2,225.86,BM,67277704155422,4004,4828.82,122947219726387,B08NDB5NWP,B08NDB5NWP,21,Audio Array_B08NDB5NWP_Tonor Conference Mic_SP,2,FBA77110,TM20,Tonor,Conference Microphone,Wired,
2026-07-16,0,146.03,BM,67277704155422,4215,0.0,122947219726387,B08NDB5NWP,B08NDB5NWP,13,Audio Array_B08NDB5NWP_Tonor Conference Mic_SP,0,FBA77110,TM20,Tonor,Conference Microphone,Wired,
2026-07-17,0,166.06,BM,67277704155422,4202,0.0,122947219726387,B08NDB5NWP,B08NDB5NWP,14,Audio Array_B08NDB5NWP_Tonor Conference Mic_SP,0,FBA77110,TM20,Tonor,Conference Microphone,Wired,
2026-07-18,0,204.82,BM,67277704155422,3203,0.0,122947219726387,B08NDB5NWP,B08NDB5NWP,19,Audio Array_B08NDB5NWP_Tonor Conference Mic_SP,0,FBA77110,TM20,Tonor,Conference Microphone,Wired,
2026-07-19,0,113.4,BM,67277704155422,2424,0.0,122947219726387,B08NDB5NWP,B08NDB5NWP,11,Audio Array_B08NDB5NWP_Tonor Conference Mic_SP,0,FBA77110,TM20,Tonor,Conference Microphone,Wired,
2026-07-20,0,188.69,BM,67277704155422,3179,0.0,122947219726387,B08NDB5NWP,B08NDB5NWP,17,Audio Array_B08NDB5NWP_Tonor Conference Mic_SP,0,FBA77110,TM20,Tonor,Conference Microphone,Wired,
2026-07-21,0,177.74,BM,67277704155422,5767,0.0,122947219726387,B08NDB5NWP,B08NDB5NWP,14,Audio Array_B08NDB5NWP_Tonor Conference Mic_SP,0,FBA77110,TM20,Tonor,Conference Microphone,Wired,
2026-07-01,0,35.99,PT,215129494188065,303,0.0,4823300247742,FBA79260,B07GVGMW59,4,Audio Array_B07GVGMW59_Tonor Conference Mic_SP,0,FBA77102,G11,Tonor,,,
2026-07-02,0,1.6,PT,215129494188065,297,0.0,4823300247742,FBA79260,B07GVGMW59,1,Audio Array_B07GVGMW59_Tonor Conference Mic_SP,0,FBA77102,G11,Tonor,,,
2026-07-03,0,144.89,PT,215129494188065,866,0.0,4823300247742,FBA79260,B07GVGMW59,13,Audio Array_B07GVGMW59_Tonor Conference Mic_SP,0,FBA77102,G11,Tonor,,,
2026-07-04,0,272.51,PT,215129494188065,1348,0.0,4823300247742,FBA79260,B07GVGMW59,22,Audio Array_B07GVGMW59_Tonor Conference Mic_SP,0,FBA77102,G11,Tonor,,,
2026-07-05,1,281.83,PT,215129494188065,1124,1948.31,4823300247742,FBA79260,B07GVGMW59,21,Audio Array_B07GVGMW59_Tonor Conference Mic_SP,1,FBA77102,G11,Tonor,,,
2026-07-06,0,248.6,PT,215129494188065,1323,0.0,4823300247742,FBA79260,B07GVGMW59,18,Audio Array_B07GVGMW59_Tonor Conference Mic_SP,0,FBA77102,G11,Tonor,,,
2026-07-07,0,203.62,PT,215129494188065,871,0.0,4823300247742,FBA79260,B07GVGMW59,16,Audio Array_B07GVGMW59_Tonor Conference Mic_SP,0,FBA77102,G11,Tonor,,,
2026-07-08,1,163.22,PT,215129494188065,833,2287.29,4823300247742,FBA79260,B07GVGMW59,12,Audio Array_B07GVGMW59_Tonor Conference Mic_SP,1,FBA77102,G11,Tonor,,,
2026-07-09,0,179.17,PT,215129494188065,1500,0.0,4823300247742,FBA79260,B07GVGMW59,14,Audio Array_B07GVGMW59_Tonor Conference Mic_SP,0,FBA77102,G11,Tonor,,,
2026-07-10,0,53.31,PT,215129494188065,913,0.0,4823300247742,FBA79260,B07GVGMW59,4,Audio Array_B07GVGMW59_Tonor Conference Mic_SP,0,FBA77102,G11,Tonor,,,
2026-07-11,0,191.54,PT,215129494188065,1015,0.0,4823300247742,FBA79260,B07GVGMW59,15,Audio Array_B07GVGMW59_Tonor Conference Mic_SP,0,FBA77102,G11,Tonor,,,
2026-07-12,0,52.75,PT,215129494188065,829,0.0,4823300247742,FBA79260,B07GVGMW59,5,Audio Array_B07GVGMW59_Tonor Conference Mic_SP,0,FBA77102,G11,Tonor,,,
2026-07-13,0,147.12,PT,215129494188065,1154,0.0,4823300247742,FBA79260,B07GVGMW59,13,Audio Array_B07GVGMW59_Tonor Conference Mic_SP,0,FBA77102,G11,Tonor,,,
2026-07-14,0,230.23,PT,215129494188065,1044,0.0,4823300247742,FBA79260,B07GVGMW59,18,Audio Array_B07GVGMW59_Tonor Conference Mic_SP,0,FBA77102,G11,Tonor,,,
2026-07-15,1,192.94,PT,215129494188065,1209,2287.28,4823300247742,FBA79260,B07GVGMW59,15,Audio Array_B07GVGMW59_Tonor Conference Mic_SP,1,FBA77102,G11,Tonor,,,
2026-07-16,1,160.46,PT,215129494188065,1234,2287.29,4823300247742,FBA79260,B07GVGMW59,11,Audio Array_B07GVGMW59_Tonor Conference Mic_SP,1,FBA77102,G11,Tonor,,,
2026-07-17,1,128.06,PT,215129494188065,1241,2287.29,4823300247742,FBA79260,B07GVGMW59,9,Audio Array_B07GVGMW59_Tonor Conference Mic_SP,1,FBA77102,G11,Tonor,,,
2026-07-18,0,237.66,PT,215129494188065,722,0.0,4823300247742,FBA79260,B07GVGMW59,19,Audio Array_B07GVGMW59_Tonor Conference Mic_SP,0,FBA77102,G11,Tonor,,,
2026-07-19,0,118.92,PT,215129494188065,665,0.0,4823300247742,FBA79260,B07GVGMW59,9,Audio Array_B07GVGMW59_Tonor Conference Mic_SP,0,FBA77102,G11,Tonor,,,
2026-07-20,2,209.39,PT,215129494188065,949,4574.58,4823300247742,FBA79260,B07GVGMW59,17,Audio Array_B07GVGMW59_Tonor Conference Mic_SP,2,FBA77102,G11,Tonor,,,
2026-07-21,1,236.96,PT,215129494188065,1053,2541.53,4823300247742,FBA79260,B07GVGMW59,18,Audio Array_B07GVGMW59_Tonor Conference Mic_SP,1,FBA77102,G11,Tonor,,,
2026-07-01,0,204.59,PT,67277704155422,1092,0.0,107949770069706,B08NDB5NWP,B08NDB5NWP,18,Audio Array_B08NDB5NWP_Tonor Conference Mic_SP,0,FBA77110,TM20,Tonor,Conference Microphone,Wired,
2026-07-02,0,181.42,PT,67277704155422,993,0.0,107949770069706,B08NDB5NWP,B08NDB5NWP,16,Audio Array_B08NDB5NWP_Tonor Conference Mic_SP,0,FBA77110,TM20,Tonor,Conference Microphone,Wired,
2026-07-03,0,103.76,PT,67277704155422,974,0.0,107949770069706,B08NDB5NWP,B08NDB5NWP,9,Audio Array_B08NDB5NWP_Tonor Conference Mic_SP,0,FBA77110,TM20,Tonor,Conference Microphone,Wired,
2026-07-04,0,124.81,PT,67277704155422,863,0.0,107949770069706,B08NDB5NWP,B08NDB5NWP,12,Audio Array_B08NDB5NWP_Tonor Conference Mic_SP,0,FBA77110,TM20,Tonor,Conference Microphone,Wired,
2026-07-05,0,56.36,PT,67277704155422,545,0.0,107949770069706,B08NDB5NWP,B08NDB5NWP,6,Audio Array_B08NDB5NWP_Tonor Conference Mic_SP,0,FBA77110,TM20,Tonor,Conference Microphone,Wired,
2026-07-06,0,110.24,PT,67277704155422,660,0.0,107949770069706,B08NDB5NWP,B08NDB5NWP,9,Audio Array_B08NDB5NWP_Tonor Conference Mic_SP,0,FBA77110,TM20,Tonor,Conference Microphone,Wired,
2026-07-07,0,140.89,PT,67277704155422,1164,0.0,107949770069706,B08NDB5NWP,B08NDB5NWP,10,Audio Array_B08NDB5NWP_Tonor Conference Mic_SP,0,FBA77110,TM20,Tonor,Conference Microphone,Wired,
2026-07-08,0,182.4,PT,67277704155422,1822,0.0,107949770069706,B08NDB5NWP,B08NDB5NWP,17,Audio Array_B08NDB5NWP_Tonor Conference Mic_SP,0,FBA77110,TM20,Tonor,Conference Microphone,Wired,
2026-07-09,0,244.41,PT,67277704155422,994,0.0,107949770069706,B08NDB5NWP,B08NDB5NWP,19,Audio Array_B08NDB5NWP_Tonor Conference Mic_SP,0,FBA77110,TM20,Tonor,Conference Microphone,Wired,
2026-07-10,0,122.26,PT,67277704155422,1300,0.0,107949770069706,B08NDB5NWP,B08NDB5NWP,11,Audio Array_B08NDB5NWP_Tonor Conference Mic_SP,0,FBA77110,TM20,Tonor,Conference Microphone,Wired,
2026-07-11,0,203.5,PT,67277704155422,1432,0.0,107949770069706,B08NDB5NWP,B08NDB5NWP,18,Audio Array_B08NDB5NWP_Tonor Conference Mic_SP,0,FBA77110,TM20,Tonor,Conference Microphone,Wired,
2026-07-12,0,227.51,PT,67277704155422,1335,0.0,107949770069706,B08NDB5NWP,B08NDB5NWP,19,Audio Array_B08NDB5NWP_Tonor Conference Mic_SP,0,FBA77110,TM20,Tonor,Conference Microphone,Wired,
2026-07-13,0,131.97,PT,67277704155422,1228,0.0,107949770069706,B08NDB5NWP,B08NDB5NWP,12,Audio Array_B08NDB5NWP_Tonor Conference Mic_SP,0,FBA77110,TM20,Tonor,Conference Microphone,Wired,
2026-07-14,0,217.41,PT,67277704155422,1012,0.0,107949770069706,B08NDB5NWP,B08NDB5NWP,18,Audio Array_B08NDB5NWP_Tonor Conference Mic_SP,0,FBA77110,TM20,Tonor,Conference Microphone,Wired,
2026-07-15,1,168.2,PT,67277704155422,1064,2541.53,107949770069706,B08NDB5NWP,B08NDB5NWP,14,Audio Array_B08NDB5NWP_Tonor Conference Mic_SP,1,FBA77110,TM20,Tonor,Conference Microphone,Wired,
2026-07-16,0,191.72,PT,67277704155422,1357,0.0,107949770069706,B08NDB5NWP,B08NDB5NWP,15,Audio Array_B08NDB5NWP_Tonor Conference Mic_SP,0,FBA77110,TM20,Tonor,Conference Microphone,Wired,
2026-07-17,0,153.06,PT,67277704155422,1548,0.0,107949770069706,B08NDB5NWP,B08NDB5NWP,12,Audio Array_B08NDB5NWP_Tonor Conference Mic_SP,0,FBA77110,TM20,Tonor,Conference Microphone,Wired,
2026-07-18,0,178.14,PT,67277704155422,813,0.0,107949770069706,B08NDB5NWP,B08NDB5NWP,14,Audio Array_B08NDB5NWP_Tonor Conference Mic_SP,0,FBA77110,TM20,Tonor,Conference Microphone,Wired,
2026-07-19,0,88.28,PT,67277704155422,590,0.0,107949770069706,B08NDB5NWP,B08NDB5NWP,6,Audio Array_B08NDB5NWP_Tonor Conference Mic_SP,0,FBA77110,TM20,Tonor,Conference Microphone,Wired,
2026-07-20,0,135.76,PT,67277704155422,845,0.0,107949770069706,B08NDB5NWP,B08NDB5NWP,10,Audio Array_B08NDB5NWP_Tonor Conference Mic_SP,0,FBA77110,TM20,Tonor,Conference Microphone,Wired,
2026-07-21,0,143.63,PT,67277704155422,919,0.0,107949770069706,B08NDB5NWP,B08NDB5NWP,11,Audio Array_B08NDB5NWP_Tonor Conference Mic_SP,0,FBA77110,TM20,Tonor,Conference Microphone,Wired,
2026-07-01,1,165.01,KT - BM,78495635228839,2269,2710.16,182916318711954,B01ISNU3X4,B01ISNU3X4,21,Audio Array_B01ISNU3X4_Tonor Dynamic Mic_SP_KT,2,FBA77113,K1,Tonor,Dynamic Microphone,Hand held Mic,
2026-07-02,1,147.84,KT - BM,78495635228839,2728,1355.08,182916318711954,B01ISNU3X4,B01ISNU3X4,20,Audio Array_B01ISNU3X4_Tonor Dynamic Mic_SP_KT,1,FBA77113,K1,Tonor,Dynamic Microphone,Hand held Mic,
2026-07-03,0,138.99,KT - BM,78495635228839,2774,0.0,182916318711954,B01ISNU3X4,B01ISNU3X4,17,Audio Array_B01ISNU3X4_Tonor Dynamic Mic_SP_KT,0,FBA77113,K1,Tonor,Dynamic Microphone,Hand held Mic,
2026-07-04,5,485.18,KT - BM,78495635228839,7280,6870.32,182916318711954,B01ISNU3X4,B01ISNU3X4,58,Audio Array_B01ISNU3X4_Tonor Dynamic Mic_SP_KT,5,FBA77113,K1,Tonor,Dynamic Microphone,Hand held Mic,
2026-07-05,1,344.89,KT - BM,78495635228839,4978,1355.08,182916318711954,B01ISNU3X4,B01ISNU3X4,41,Audio Array_B01ISNU3X4_Tonor Dynamic Mic_SP_KT,1,FBA77113,K1,Tonor,Dynamic Microphone,Hand held Mic,
2026-07-06,4,537.44,KT - BM,78495635228839,6049,5515.24,182916318711954,B01ISNU3X4,B01ISNU3X4,56,Audio Array_B01ISNU3X4_Tonor Dynamic Mic_SP_KT,4,FBA77113,K1,Tonor,Dynamic Microphone,Hand held Mic,
2026-07-07,1,406.0,KT - BM,78495635228839,4469,1355.08,182916318711954,B01ISNU3X4,B01ISNU3X4,43,Audio Array_B01ISNU3X4_Tonor Dynamic Mic_SP_KT,1,FBA77113,K1,Tonor,Dynamic Microphone,Hand held Mic,
2026-07-08,0,280.53,KT - BM,78495635228839,4882,0.0,182916318711954,B01ISNU3X4,B01ISNU3X4,30,Audio Array_B01ISNU3X4_Tonor Dynamic Mic_SP_KT,0,FBA77113,K1,Tonor,Dynamic Microphone,Hand held Mic,
2026-07-09,1,319.15,KT - BM,78495635228839,4879,1355.08,182916318711954,B01ISNU3X4,B01ISNU3X4,37,Audio Array_B01ISNU3X4_Tonor Dynamic Mic_SP_KT,1,FBA77113,K1,Tonor,Dynamic Microphone,Hand held Mic,
2026-07-10,1,348.17,KT - BM,78495635228839,3644,1609.32,182916318711954,B01ISNU3X4,B01ISNU3X4,39,Audio Array_B01ISNU3X4_Tonor Dynamic Mic_SP_KT,1,FBA77113,K1,Tonor,Dynamic Microphone,Hand held Mic,
2026-07-11,1,401.9,KT - BM,78495635228839,4251,1643.22,182916318711954,B01ISNU3X4,B01ISNU3X4,44,Audio Array_B01ISNU3X4_Tonor Dynamic Mic_SP_KT,1,FBA77113,K1,Tonor,Dynamic Microphone,Hand held Mic,
2026-07-12,3,502.08,KT - BM,78495635228839,5183,4946.61,182916318711954,B01ISNU3X4,B01ISNU3X4,53,Audio Array_B01ISNU3X4_Tonor Dynamic Mic_SP_KT,3,FBA77113,K1,Tonor,Dynamic Microphone,Hand held Mic,
2026-07-13,3,455.65,KT - BM,78495635228839,5855,4980.51,182916318711954,B01ISNU3X4,B01ISNU3X4,49,Audio Array_B01ISNU3X4_Tonor Dynamic Mic_SP_KT,3,FBA77113,K1,Tonor,Dynamic Microphone,Hand held Mic,
2026-07-14,1,364.12,KT - BM,78495635228839,4539,1609.32,182916318711954,B01ISNU3X4,B01ISNU3X4,45,Audio Array_B01ISNU3X4_Tonor Dynamic Mic_SP_KT,1,FBA77113,K1,Tonor,Dynamic Microphone,Hand held Mic,
2026-07-15,4,277.87,KT - BM,78495635228839,4868,8046.6,182916318711954,B01ISNU3X4,B01ISNU3X4,33,Audio Array_B01ISNU3X4_Tonor Dynamic Mic_SP_KT,6,FBA77113,K1,Tonor,Dynamic Microphone,Hand held Mic,
2026-07-16,1,240.63,KT - BM,78495635228839,4543,1609.32,182916318711954,B01ISNU3X4,B01ISNU3X4,28,Audio Array_B01ISNU3X4_Tonor Dynamic Mic_SP_KT,1,FBA77113,K1,Tonor,Dynamic Microphone,Hand held Mic,
2026-07-17,0,306.57,KT - BM,78495635228839,5183,0.0,182916318711954,B01ISNU3X4,B01ISNU3X4,35,Audio Array_B01ISNU3X4_Tonor Dynamic Mic_SP_KT,0,FBA77113,K1,Tonor,Dynamic Microphone,Hand held Mic,
2026-07-18,0,229.03,KT - BM,78495635228839,4541,0.0,182916318711954,B01ISNU3X4,B01ISNU3X4,25,Audio Array_B01ISNU3X4_Tonor Dynamic Mic_SP_KT,0,FBA77113,K1,Tonor,Dynamic Microphone,Hand held Mic,
2026-07-19,0,332.48,KT - BM,78495635228839,5263,0.0,182916318711954,B01ISNU3X4,B01ISNU3X4,40,Audio Array_B01ISNU3X4_Tonor Dynamic Mic_SP_KT,0,FBA77113,K1,Tonor,Dynamic Microphone,Hand held Mic,
2026-07-20,3,405.61,KT - BM,78495635228839,5052,4861.86,182916318711954,B01ISNU3X4,B01ISNU3X4,48,Audio Array_B01ISNU3X4_Tonor Dynamic Mic_SP_KT,3,FBA77113,K1,Tonor,Dynamic Microphone,Hand held Mic,
2026-07-21,1,384.71,KT - BM,78495635228839,4958,1566.95,182916318711954,B01ISNU3X4,B01ISNU3X4,45,Audio Array_B01ISNU3X4_Tonor Dynamic Mic_SP_KT,1,FBA77113,K1,Tonor,Dynamic Microphone,Hand held Mic,
2026-07-01,0,59.78,KT - PHRASE,78495635228839,693,0.0,122951924852863,B01ISNU3X4,B01ISNU3X4,7,Audio Array_B01ISNU3X4_Tonor Dynamic Mic_SP_KT,0,FBA77113,K1,Tonor,Dynamic Microphone,Hand held Mic,
2026-07-02,0,44.83,KT - PHRASE,78495635228839,749,0.0,122951924852863,B01ISNU3X4,B01ISNU3X4,6,Audio Array_B01ISNU3X4_Tonor Dynamic Mic_SP_KT,0,FBA77113,K1,Tonor,Dynamic Microphone,Hand held Mic,
2026-07-03,0,81.42,KT - PHRASE,78495635228839,1266,0.0,122951924852863,B01ISNU3X4,B01ISNU3X4,10,Audio Array_B01ISNU3X4_Tonor Dynamic Mic_SP_KT,0,FBA77113,K1,Tonor,Dynamic Microphone,Hand held Mic,
2026-07-04,0,223.36,KT - PHRASE,78495635228839,3025,0.0,122951924852863,B01ISNU3X4,B01ISNU3X4,26,Audio Array_B01ISNU3X4_Tonor Dynamic Mic_SP_KT,0,FBA77113,K1,Tonor,Dynamic Microphone,Hand held Mic,
2026-07-05,0,107.74,KT - PHRASE,78495635228839,1205,0.0,122951924852863,B01ISNU3X4,B01ISNU3X4,13,Audio Array_B01ISNU3X4_Tonor Dynamic Mic_SP_KT,0,FBA77113,K1,Tonor,Dynamic Microphone,Hand held Mic,
2026-07-06,1,95.4,KT - PHRASE,78495635228839,1001,1355.08,122951924852863,B01ISNU3X4,B01ISNU3X4,10,Audio Array_B01ISNU3X4_Tonor Dynamic Mic_SP_KT,1,FBA77113,K1,Tonor,Dynamic Microphone,Hand held Mic,
2026-07-08,0,0.0,KT - PHRASE,78495635228839,0,0.0,122951924852863,B01ISNU3X4,B01ISNU3X4,0,Audio Array_B01ISNU3X4_Tonor Dynamic Mic_SP_KT,0,FBA77113,K1,Tonor,Dynamic Microphone,Hand held Mic,
2026-07-09,0,0.0,KT - PHRASE,78495635228839,0,0.0,122951924852863,B01ISNU3X4,B01ISNU3X4,0,Audio Array_B01ISNU3X4_Tonor Dynamic Mic_SP_KT,0,FBA77113,K1,Tonor,Dynamic Microphone,Hand held Mic,
2026-07-10,0,0.0,KT - PHRASE,78495635228839,0,0.0,122951924852863,B01ISNU3X4,B01ISNU3X4,0,Audio Array_B01ISNU3X4_Tonor Dynamic Mic_SP_KT,0,FBA77113,K1,Tonor,Dynamic Microphone,Hand held Mic,
2026-07-01,1,40.68,Ad Group - 26/6/2026 10:03:41.599,80877003270492,21523,2287.29,351946757625022,FBA79260,B07GVGMW59,8,Audio Array_Conference Mic_SP_AT,1,FBA77102,G11,Tonor,,,
2026-07-02,0,127.35,Ad Group - 26/6/2026 10:03:41.599,80877003270492,32571,0.0,351946757625022,FBA79260,B07GVGMW59,26,Audio Array_Conference Mic_SP_AT,0,FBA77102,G11,Tonor,,,
2026-07-03,0,78.57,Ad Group - 26/6/2026 10:03:41.599,80877003270492,33961,0.0,351946757625022,FBA79260,B07GVGMW59,15,Audio Array_Conference Mic_SP_AT,0,FBA77102,G11,Tonor,,,
2026-07-04,0,157.54,Ad Group - 26/6/2026 10:03:41.599,80877003270492,35404,0.0,351946757625022,FBA79260,B07GVGMW59,30,Audio Array_Conference Mic_SP_AT,0,FBA77102,G11,Tonor,,,
2026-07-05,2,86.29,Ad Group - 26/6/2026 10:03:41.599,80877003270492,9481,2456.78,351946757625022,FBA79260,B07GVGMW59,17,Audio Array_Conference Mic_SP_AT,2,FBA77102,G11,Tonor,,,
2026-07-06,0,79.01,Ad Group - 26/6/2026 10:03:41.599,80877003270492,6099,0.0,351946757625022,FBA79260,B07GVGMW59,15,Audio Array_Conference Mic_SP_AT,0,FBA77102,G11,Tonor,,,
2026-07-07,0,94.64,Ad Group - 26/6/2026 10:03:41.599,80877003270492,7361,0.0,351946757625022,FBA79260,B07GVGMW59,17,Audio Array_Conference Mic_SP_AT,0,FBA77102,G11,Tonor,,,
2026-07-08,0,31.95,Ad Group - 26/6/2026 10:03:41.599,80877003270492,8895,0.0,351946757625022,FBA79260,B07GVGMW59,6,Audio Array_Conference Mic_SP_AT,0,FBA77102,G11,Tonor,,,
2026-07-09,1,44.49,Ad Group - 26/6/2026 10:03:41.599,80877003270492,10483,2287.29,351946757625022,FBA79260,B07GVGMW59,8,Audio Array_Conference Mic_SP_AT,1,FBA77102,G11,Tonor,,,
2026-07-10,0,60.03,Ad Group - 26/6/2026 10:03:41.599,80877003270492,12954,0.0,351946757625022,FBA79260,B07GVGMW59,11,Audio Array_Conference Mic_SP_AT,0,FBA77102,G11,Tonor,,,
2026-07-11,2,168.83,Ad Group - 26/6/2026 10:03:41.599,80877003270492,18824,2287.29,351946757625022,FBA79260,B07GVGMW59,32,Audio Array_Conference Mic_SP_AT,2,FBA77102,G11,Tonor,,,
2026-07-12,0,133.1,Ad Group - 26/6/2026 10:03:41.599,80877003270492,20749,0.0,351946757625022,FBA79260,B07GVGMW59,25,Audio Array_Conference Mic_SP_AT,0,FBA77102,G11,Tonor,,,
2026-07-13,1,82.99,Ad Group - 26/6/2026 10:03:41.599,80877003270492,16395,2287.29,351946757625022,FBA79260,B07GVGMW59,15,Audio Array_Conference Mic_SP_AT,1,FBA77102,G11,Tonor,,,
2026-07-14,1,50.17,Ad Group - 26/6/2026 10:03:41.599,80877003270492,10341,2287.29,351946757625022,FBA79260,B07GVGMW59,9,Audio Array_Conference Mic_SP_AT,1,FBA77102,G11,Tonor,,,
2026-07-15,0,45.35,Ad Group - 26/6/2026 10:03:41.599,80877003270492,6869,0.0,351946757625022,FBA79260,B07GVGMW59,9,Audio Array_Conference Mic_SP_AT,0,FBA77102,G11,Tonor,,,
2026-07-16,0,20.99,Ad Group - 26/6/2026 10:03:41.599,80877003270492,5532,0.0,351946757625022,FBA79260,B07GVGMW59,4,Audio Array_Conference Mic_SP_AT,0,FBA77102,G11,Tonor,,,
2026-07-17,0,35.18,Ad Group - 26/6/2026 10:03:41.599,80877003270492,5748,0.0,351946757625022,FBA79260,B07GVGMW59,7,Audio Array_Conference Mic_SP_AT,0,FBA77102,G11,Tonor,,,
2026-07-18,0,22.33,Ad Group - 26/6/2026 10:03:41.599,80877003270492,4482,0.0,351946757625022,FBA79260,B07GVGMW59,4,Audio Array_Conference Mic_SP_AT,0,FBA77102,G11,Tonor,,,
2026-07-19,0,77.02,Ad Group - 26/6/2026 10:03:41.599,80877003270492,5170,0.0,351946757625022,FBA79260,B07GVGMW59,14,Audio Array_Conference Mic_SP_AT,0,FBA77102,G11,Tonor,,,
2026-07-20,0,75.56,Ad Group - 26/6/2026 10:03:41.599,80877003270492,4753,0.0,351946757625022,FBA79260,B07GVGMW59,15,Audio Array_Conference Mic_SP_AT,0,FBA77102,G11,Tonor,,,
2026-07-21,1,61.67,Ad Group - 26/6/2026 10:03:41.599,80877003270492,10168,2287.29,351946757625022,FBA79260,B07GVGMW59,11,Audio Array_Conference Mic_SP_AT,1,FBA77102,G11,Tonor,,,
2026-07-01,0,85.53,Ad Group - 26/6/2026 10:03:41.599,80877003270492,15234,0.0,351946757625022,B08NDB5NWP,B08NDB5NWP,18,Audio Array_Conference Mic_SP_AT,0,FBA77110,TM20,Tonor,Conference Microphone,Wired,
2026-07-02,0,74.28,Ad Group - 26/6/2026 10:03:41.599,80877003270492,14692,0.0,351946757625022,B08NDB5NWP,B08NDB5NWP,14,Audio Array_Conference Mic_SP_AT,0,FBA77110,TM20,Tonor,Conference Microphone,Wired,
2026-07-03,1,155.41,Ad Group - 26/6/2026 10:03:41.599,80877003270492,15423,2592.37,351946757625022,B08NDB5NWP,B08NDB5NWP,30,Audio Array_Conference Mic_SP_AT,1,FBA77110,TM20,Tonor,Conference Microphone,Wired,
2026-07-04,2,141.81,Ad Group - 26/6/2026 10:03:41.599,80877003270492,18291,4913.56,351946757625022,B08NDB5NWP,B08NDB5NWP,27,Audio Array_Conference Mic_SP_AT,2,FBA77110,TM20,Tonor,Conference Microphone,Wired,
2026-07-05,1,132.45,Ad Group - 26/6/2026 10:03:41.599,80877003270492,9263,2456.78,351946757625022,B08NDB5NWP,B08NDB5NWP,26,Audio Array_Conference Mic_SP_AT,1,FBA77110,TM20,Tonor,Conference Microphone,Wired,
2026-07-06,0,79.34,Ad Group - 26/6/2026 10:03:41.599,80877003270492,6698,0.0,351946757625022,B08NDB5NWP,B08NDB5NWP,14,Audio Array_Conference Mic_SP_AT,0,FBA77110,TM20,Tonor,Conference Microphone,Wired,
2026-07-07,1,59.52,Ad Group - 26/6/2026 10:03:41.599,80877003270492,7037,2541.53,351946757625022,B08NDB5NWP,B08NDB5NWP,11,Audio Array_Conference Mic_SP_AT,1,FBA77110,TM20,Tonor,Conference Microphone,Wired,
2026-07-08,0,60.11,Ad Group - 26/6/2026 10:03:41.599,80877003270492,9400,0.0,351946757625022,B08NDB5NWP,B08NDB5NWP,12,Audio Array_Conference Mic_SP_AT,0,FBA77110,TM20,Tonor,Conference Microphone,Wired,
2026-07-09,0,105.38,Ad Group - 26/6/2026 10:03:41.599,80877003270492,12070,0.0,351946757625022,B08NDB5NWP,B08NDB5NWP,18,Audio Array_Conference Mic_SP_AT,0,FBA77110,TM20,Tonor,Conference Microphone,Wired,
2026-07-10,0,79.61,Ad Group - 26/6/2026 10:03:41.599,80877003270492,12155,0.0,351946757625022,B08NDB5NWP,B08NDB5NWP,16,Audio Array_Conference Mic_SP_AT,0,FBA77110,TM20,Tonor,Conference Microphone,Wired,
2026-07-11,0,130.15,Ad Group - 26/6/2026 10:03:41.599,80877003270492,15269,0.0,351946757625022,B08NDB5NWP,B08NDB5NWP,25,Audio Array_Conference Mic_SP_AT,0,FBA77110,TM20,Tonor,Conference Microphone,Wired,
2026-07-12,0,152.58,Ad Group - 26/6/2026 10:03:41.599,80877003270492,16723,0.0,351946757625022,B08NDB5NWP,B08NDB5NWP,30,Audio Array_Conference Mic_SP_AT,0,FBA77110,TM20,Tonor,Conference Microphone,Wired,
2026-07-13,1,111.59,Ad Group - 26/6/2026 10:03:41.599,80877003270492,12934,2541.53,351946757625022,B08NDB5NWP,B08NDB5NWP,21,Audio Array_Conference Mic_SP_AT,1,FBA77110,TM20,Tonor,Conference Microphone,Wired,
2026-07-14,0,47.86,Ad Group - 26/6/2026 10:03:41.599,80877003270492,8795,0.0,351946757625022,B08NDB5NWP,B08NDB5NWP,11,Audio Array_Conference Mic_SP_AT,0,FBA77110,TM20,Tonor,Conference Microphone,Wired,
2026-07-15,0,90.01,Ad Group - 26/6/2026 10:03:41.599,80877003270492,6191,0.0,351946757625022,B08NDB5NWP,B08NDB5NWP,17,Audio Array_Conference Mic_SP_AT,0,FBA77110,TM20,Tonor,Conference Microphone,Wired,
2026-07-16,0,46.53,Ad Group - 26/6/2026 10:03:41.599,80877003270492,5497,0.0,351946757625022,B08NDB5NWP,B08NDB5NWP,9,Audio Array_Conference Mic_SP_AT,0,FBA77110,TM20,Tonor,Conference Microphone,Wired,
2026-07-17,0,61.36,Ad Group - 26/6/2026 10:03:41.599,80877003270492,6944,0.0,351946757625022,B08NDB5NWP,B08NDB5NWP,11,Audio Array_Conference Mic_SP_AT,0,FBA77110,TM20,Tonor,Conference Microphone,Wired,
2026-07-18,1,41.34,Ad Group - 26/6/2026 10:03:41.599,80877003270492,4931,2541.53,351946757625022,B08NDB5NWP,B08NDB5NWP,9,Audio Array_Conference Mic_SP_AT,1,FBA77110,TM20,Tonor,Conference Microphone,Wired,
2026-07-19,0,40.0,Ad Group - 26/6/2026 10:03:41.599,80877003270492,5136,0.0,351946757625022,B08NDB5NWP,B08NDB5NWP,7,Audio Array_Conference Mic_SP_AT,0,FBA77110,TM20,Tonor,Conference Microphone,Wired,
2026-07-20,1,76.08,Ad Group - 26/6/2026 10:03:41.599,80877003270492,5712,2117.8,351946757625022,B08NDB5NWP,B08NDB5NWP,14,Audio Array_Conference Mic_SP_AT,1,FBA77110,TM20,Tonor,Conference Microphone,Wired,
2026-07-21,0,56.78,Ad Group - 26/6/2026 10:03:41.599,80877003270492,14065,0.0,351946757625022,B08NDB5NWP,B08NDB5NWP,11,Audio Array_Conference Mic_SP_AT,0,FBA77110,TM20,Tonor,Conference Microphone,Wired,
2026-07-22,0,18.52,Audio Array-B078WNW4YW-TONOR Wireless-SP-KT-Exact/Phrase,514442633026005,146,0.0,363410393795425,B078WNW4YW,B078WNW4YW,2,Audio Array-B078WNW4YW-TONOR Wireless -SP-KT-Exact/Phrase,0,FBA77117,S20,Tonor,Accessories,Microphone Isolation Shield,
2026-07-23,1,22.86,Audio Array-B078WNW4YW-TONOR Wireless-SP-KT-Exact/Phrase,514442633026005,98,2202.54,363410393795425,B078WNW4YW,B078WNW4YW,4,Audio Array-B078WNW4YW-TONOR Wireless -SP-KT-Exact/Phrase,1,FBA77117,S20,Tonor,Accessories,Microphone Isolation Shield,
2026-07-24,0,34.0,Audio Array-B078WNW4YW-TONOR Wireless-SP-KT-Exact/Phrase,514442633026005,117,0.0,363410393795425,B078WNW4YW,B078WNW4YW,4,Audio Array-B078WNW4YW-TONOR Wireless -SP-KT-Exact/Phrase,0,FBA77117,S20,Tonor,Accessories,Microphone Isolation Shield,
2026-07-25,0,32.6,Audio Array-B078WNW4YW-TONOR Wireless-SP-KT-Exact/Phrase,514442633026005,112,0.0,363410393795425,B078WNW4YW,B078WNW4YW,5,Audio Array-B078WNW4YW-TONOR Wireless -SP-KT-Exact/Phrase,0,FBA77117,S20,Tonor,Accessories,Microphone Isolation Shield,
2026-07-26,0,6.01,Audio Array-B078WNW4YW-TONOR Wireless-SP-KT-Exact/Phrase,514442633026005,204,0.0,363410393795425,B078WNW4YW,B078WNW4YW,1,Audio Array-B078WNW4YW-TONOR Wireless -SP-KT-Exact/Phrase,0,FBA77117,S20,Tonor,Accessories,Microphone Isolation Shield,
2026-07-27,0,14.97,Audio Array-B078WNW4YW-TONOR Wireless-SP-KT-Exact/Phrase,514442633026005,190,0.0,363410393795425,B078WNW4YW,B078WNW4YW,3,Audio Array-B078WNW4YW-TONOR Wireless -SP-KT-Exact/Phrase,0,FBA77117,S20,Tonor,Accessories,Microphone Isolation Shield,
2026-07-28,0,56.64,Audio Array-B078WNW4YW-TONOR Wireless-SP-KT-Exact/Phrase,514442633026005,313,0.0,363410393795425,B078WNW4YW,B078WNW4YW,9,Audio Array-B078WNW4YW-TONOR Wireless -SP-KT-Exact/Phrase,0,FBA77117,S20,Tonor,Accessories,Microphone Isolation Shield,
2026-07-29,1,39.43,Audio Array-B078WNW4YW-TONOR Wireless-SP-KT-Exact/Phrase,514442633026005,234,2202.54,363410393795425,B078WNW4YW,B078WNW4YW,8,Audio Array-B078WNW4YW-TONOR Wireless -SP-KT-Exact/Phrase,1,FBA77117,S20,Tonor,Accessories,Microphone Isolation Shield,
2026-07-30,0,17.64,Audio Array-B078WNW4YW-TONOR Wireless-SP-KT-Exact/Phrase,514442633026005,220,0.0,363410393795425,B078WNW4YW,B078WNW4YW,3,Audio Array-B078WNW4YW-TONOR Wireless -SP-KT-Exact/Phrase,0,FBA77117,S20,Tonor,Accessories,Microphone Isolation Shield,
2026-07-31,0,28.62,Audio Array-B078WNW4YW-TONOR Wireless-SP-KT-Exact/Phrase,514442633026005,206,0.0,363410393795425,B078WNW4YW,B078WNW4YW,4,Audio Array-B078WNW4YW-TONOR Wireless -SP-KT-Exact/Phrase,0,FBA77117,S20,Tonor,Accessories,Microphone Isolation Shield,
2026-07-22,5,437.07,Audio Array-TONOR TC777 Pro -Multi Ad group-SP-KT-Exact/Phrase,507204657793156,12093,8978.8,488011059467522,B0BYHHSLPC,B0BYHHSLPC,58,Audio Array-TONOR TC777 Pro -Multi Ad group-SP-KT-Exact/Phrase,5,FBA79116,TC-777 PRO,Tonor,Condenser Microphone,Tripod - RGB,
2026-07-23,0,282.14,Audio Array-TONOR TC777 Pro -Multi Ad group-SP-KT-Exact/Phrase,507204657793156,7409,0.0,488011059467522,B0BYHHSLPC,B0BYHHSLPC,43,Audio Array-TONOR TC777 Pro -Multi Ad group-SP-KT-Exact/Phrase,0,FBA79116,TC-777 PRO,Tonor,Condenser Microphone,Tripod - RGB,
2026-07-24,1,275.69,Audio Array-TONOR TC777 Pro -Multi Ad group-SP-KT-Exact/Phrase,507204657793156,4959,1778.81,488011059467522,B0BYHHSLPC,B0BYHHSLPC,34,Audio Array-TONOR TC777 Pro -Multi Ad group-SP-KT-Exact/Phrase,1,FBA79116,TC-777 PRO,Tonor,Condenser Microphone,Tripod - RGB,
2026-07-25,2,333.25,Audio Array-TONOR TC777 Pro -Multi Ad group-SP-KT-Exact/Phrase,507204657793156,4425,4235.59,488011059467522,B0BYHHSLPC,B0BYHHSLPC,38,Audio Array-TONOR TC777 Pro -Multi Ad group-SP-KT-Exact/Phrase,2,FBA79116,TC-777 PRO,Tonor,Condenser Microphone,Tripod - RGB,
2026-07-26,0,283.04,Audio Array-TONOR TC777 Pro -Multi Ad group-SP-KT-Exact/Phrase,507204657793156,6122,0.0,488011059467522,B0BYHHSLPC,B0BYHHSLPC,33,Audio Array-TONOR TC777 Pro -Multi Ad group-SP-KT-Exact/Phrase,0,FBA79116,TC-777 PRO,Tonor,Condenser Microphone,Tripod - RGB,
2026-07-27,1,392.27,Audio Array-TONOR TC777 Pro -Multi Ad group-SP-KT-Exact/Phrase,507204657793156,8693,1778.81,488011059467522,B0BYHHSLPC,B0BYHHSLPC,53,Audio Array-TONOR TC777 Pro -Multi Ad group-SP-KT-Exact/Phrase,1,FBA79116,TC-777 PRO,Tonor,Condenser Microphone,Tripod - RGB,
2026-07-28,1,353.19,Audio Array-TONOR TC777 Pro -Multi Ad group-SP-KT-Exact/Phrase,507204657793156,9277,1778.81,488011059467522,B0BYHHSLPC,B0BYHHSLPC,46,Audio Array-TONOR TC777 Pro -Multi Ad group-SP-KT-Exact/Phrase,1,FBA79116,TC-777 PRO,Tonor,Condenser Microphone,Tripod - RGB,
2026-07-29,1,455.67,Audio Array-TONOR TC777 Pro -Multi Ad group-SP-KT-Exact/Phrase,507204657793156,8103,1778.81,488011059467522,B0BYHHSLPC,B0BYHHSLPC,56,Audio Array-TONOR TC777 Pro -Multi Ad group-SP-KT-Exact/Phrase,1,FBA79116,TC-777 PRO,Tonor,Condenser Microphone,Tripod - RGB,
2026-07-30,0,282.18,Audio Array-TONOR TC777 Pro -Multi Ad group-SP-KT-Exact/Phrase,507204657793156,7313,0.0,488011059467522,B0BYHHSLPC,B0BYHHSLPC,30,Audio Array-TONOR TC777 Pro -Multi Ad group-SP-KT-Exact/Phrase,0,FBA79116,TC-777 PRO,Tonor,Condenser Microphone,Tripod - RGB,
2026-07-31,1,415.36,Audio Array-TONOR TC777 Pro -Multi Ad group-SP-KT-Exact/Phrase,507204657793156,7314,1778.81,488011059467522,B0BYHHSLPC,B0BYHHSLPC,53,Audio Array-TONOR TC777 Pro -Multi Ad group-SP-KT-Exact/Phrase,1,FBA79116,TC-777 PRO,Tonor,Condenser Microphone,Tripod - RGB,
2026-07-24,0,0.0,Audio Array-B07WLWN2ZT-Tonor TC 777-SP-PT,420588504416118,0,0.0,555486619547164,B07WLWN2ZT,B07WLWN2ZT,0,Audio Array-B07WLWN2ZT-Tonor TC 777-SP-PT,0,FBA77101,TC-777,Tonor,Condenser Microphone,Tripod,
2026-07-26,0,0.0,Audio Array-B07WLWN2ZT-Tonor TC 777-SP-PT,420588504416118,0,0.0,555486619547164,B07WLWN2ZT,B07WLWN2ZT,0,Audio Array-B07WLWN2ZT-Tonor TC 777-SP-PT,0,FBA77101,TC-777,Tonor,Condenser Microphone,Tripod,
2026-07-29,0,0.0,Audio Array-B07WLWN2ZT-Tonor TC 777-SP-PT,420588504416118,0,0.0,555486619547164,B07WLWN2ZT,B07WLWN2ZT,0,Audio Array-B07WLWN2ZT-Tonor TC 777-SP-PT,0,FBA77101,TC-777,Tonor,Condenser Microphone,Tripod,
2026-07-22,0,0.0,Audio Array-B07GVGMW59-Tonor G11-SP-KT-Exact/Phrase,371931674495691,51,0.0,387060877405390,FBA79260,B07GVGMW59,0,Audio Array-B07GVGMW59-Tonor G11-SP-KT-Exact/Phrase,0,FBA77102,G11,Tonor,,,
2026-07-23,0,0.0,Audio Array-B07GVGMW59-Tonor G11-SP-KT-Exact/Phrase,371931674495691,61,0.0,387060877405390,FBA79260,B07GVGMW59,0,Audio Array-B07GVGMW59-Tonor G11-SP-KT-Exact/Phrase,0,FBA77102,G11,Tonor,,,
2026-07-24,0,0.0,Audio Array-B07GVGMW59-Tonor G11-SP-KT-Exact/Phrase,371931674495691,25,0.0,387060877405390,FBA79260,B07GVGMW59,0,Audio Array-B07GVGMW59-Tonor G11-SP-KT-Exact/Phrase,0,FBA77102,G11,Tonor,,,
2026-07-25,0,0.0,Audio Array-B07GVGMW59-Tonor G11-SP-KT-Exact/Phrase,371931674495691,20,0.0,387060877405390,FBA79260,B07GVGMW59,0,Audio Array-B07GVGMW59-Tonor G11-SP-KT-Exact/Phrase,0,FBA77102,G11,Tonor,,,
2026-07-26,0,0.0,Audio Array-B07GVGMW59-Tonor G11-SP-KT-Exact/Phrase,371931674495691,23,0.0,387060877405390,FBA79260,B07GVGMW59,0,Audio Array-B07GVGMW59-Tonor G11-SP-KT-Exact/Phrase,0,FBA77102,G11,Tonor,,,
2026-07-27,0,10.89,Audio Array-B07GVGMW59-Tonor G11-SP-KT-Exact/Phrase,371931674495691,51,0.0,387060877405390,FBA79260,B07GVGMW59,1,Audio Array-B07GVGMW59-Tonor G11-SP-KT-Exact/Phrase,0,FBA77102,G11,Tonor,,,
2026-07-28,0,36.04,Audio Array-B07GVGMW59-Tonor G11-SP-KT-Exact/Phrase,371931674495691,95,0.0,387060877405390,FBA79260,B07GVGMW59,2,Audio Array-B07GVGMW59-Tonor G11-SP-KT-Exact/Phrase,0,FBA77102,G11,Tonor,,,
2026-07-29,0,0.0,Audio Array-B07GVGMW59-Tonor G11-SP-KT-Exact/Phrase,371931674495691,66,0.0,387060877405390,FBA79260,B07GVGMW59,0,Audio Array-B07GVGMW59-Tonor G11-SP-KT-Exact/Phrase,0,FBA77102,G11,Tonor,,,
2026-07-30,0,0.0,Audio Array-B07GVGMW59-Tonor G11-SP-KT-Exact/Phrase,371931674495691,51,0.0,387060877405390,FBA79260,B07GVGMW59,0,Audio Array-B07GVGMW59-Tonor G11-SP-KT-Exact/Phrase,0,FBA77102,G11,Tonor,,,
2026-07-31,0,0.0,Audio Array-B07GVGMW59-Tonor G11-SP-KT-Exact/Phrase,371931674495691,204,0.0,387060877405390,FBA79260,B07GVGMW59,0,Audio Array-B07GVGMW59-Tonor G11-SP-KT-Exact/Phrase,0,FBA77102,G11,Tonor,,,
2026-07-22,0,311.97,Audio Array-TONOR Adjustable Mic-Catch All -SP-KT-Exact/Phrase,541158460414520,2268,0.0,396868641176471,B0CFKHCQ8W,B0CFKHCQ8W,23,Audio Array-TONOR Adjustable Mic-Catch All-SP-KT -Exact/Phrase,0,FBA79585,T20LP,Tonor,Accessories,Low Profile Boom Arm,
2026-07-23,0,148.26,Audio Array-TONOR Adjustable Mic-Catch All -SP-KT-Exact/Phrase,541158460414520,2183,0.0,396868641176471,B0CFKHCQ8W,B0CFKHCQ8W,5,Audio Array-TONOR Adjustable Mic-Catch All-SP-KT -Exact/Phrase,0,FBA79585,T20LP,Tonor,Accessories,Low Profile Boom Arm,
2026-07-24,0,69.63,Audio Array-TONOR Adjustable Mic-Catch All -SP-KT-Exact/Phrase,541158460414520,1415,0.0,396868641176471,B0CFKHCQ8W,B0CFKHCQ8W,3,Audio Array-TONOR Adjustable Mic-Catch All-SP-KT -Exact/Phrase,0,FBA79585,T20LP,Tonor,Accessories,Low Profile Boom Arm,
2026-07-25,0,53.02,Audio Array-TONOR Adjustable Mic-Catch All -SP-KT-Exact/Phrase,541158460414520,1249,0.0,396868641176471,B0CFKHCQ8W,B0CFKHCQ8W,7,Audio Array-TONOR Adjustable Mic-Catch All-SP-KT -Exact/Phrase,0,FBA79585,T20LP,Tonor,Accessories,Low Profile Boom Arm,
2026-07-26,0,97.55,Audio Array-TONOR Adjustable Mic-Catch All -SP-KT-Exact/Phrase,541158460414520,1617,0.0,396868641176471,B0CFKHCQ8W,B0CFKHCQ8W,8,Audio Array-TONOR Adjustable Mic-Catch All-SP-KT -Exact/Phrase,0,FBA79585,T20LP,Tonor,Accessories,Low Profile Boom Arm,
2026-07-27,0,60.9,Audio Array-TONOR Adjustable Mic-Catch All -SP-KT-Exact/Phrase,541158460414520,459,0.0,396868641176471,B0CFKHCQ8W,B0CFKHCQ8W,5,Audio Array-TONOR Adjustable Mic-Catch All-SP-KT -Exact/Phrase,0,FBA79585,T20LP,Tonor,Accessories,Low Profile Boom Arm,
2026-07-28,0,0.0,Audio Array-TONOR Adjustable Mic-Catch All -SP-KT-Exact/Phrase,541158460414520,0,0.0,396868641176471,B0CFKHCQ8W,B0CFKHCQ8W,0,Audio Array-TONOR Adjustable Mic-Catch All-SP-KT -Exact/Phrase,0,FBA79585,T20LP,Tonor,Accessories,Low Profile Boom Arm,
2026-07-30,0,0.0,Audio Array-TONOR Adjustable Mic-Catch All -SP-KT-Exact/Phrase,541158460414520,0,0.0,396868641176471,B0CFKHCQ8W,B0CFKHCQ8W,0,Audio Array-TONOR Adjustable Mic-Catch All-SP-KT -Exact/Phrase,0,FBA79585,T20LP,Tonor,Accessories,Low Profile Boom Arm,
2026-07-22,0,0.0,Audio Array-TONOR Adjustable Mic-Catch All -SP-KT-Exact/Phrase,541158460414520,1,0.0,396868641176471,FBM79115,B0C8JDHLX9,0,Audio Array-TONOR Adjustable Mic-Catch All-SP-KT -Exact/Phrase,0,FBA79115,T10,Tonor,Accessories,Boom Arm Kit,
2026-07-23,0,0.0,Audio Array-TONOR Adjustable Mic-Catch All -SP-KT-Exact/Phrase,541158460414520,1,0.0,396868641176471,FBM79115,B0C8JDHLX9,0,Audio Array-TONOR Adjustable Mic-Catch All-SP-KT -Exact/Phrase,0,FBA79115,T10,Tonor,Accessories,Boom Arm Kit,
2026-07-24,0,0.0,Audio Array-TONOR Adjustable Mic-Catch All -SP-KT-Exact/Phrase,541158460414520,2,0.0,396868641176471,FBM79115,B0C8JDHLX9,0,Audio Array-TONOR Adjustable Mic-Catch All-SP-KT -Exact/Phrase,0,FBA79115,T10,Tonor,Accessories,Boom Arm Kit,
2026-07-25,0,0.0,Audio Array-TONOR Adjustable Mic-Catch All -SP-KT-Exact/Phrase,541158460414520,1,0.0,396868641176471,FBM79115,B0C8JDHLX9,0,Audio Array-TONOR Adjustable Mic-Catch All-SP-KT -Exact/Phrase,0,FBA79115,T10,Tonor,Accessories,Boom Arm Kit,
2026-07-26,0,0.0,Audio Array-TONOR Adjustable Mic-Catch All -SP-KT-Exact/Phrase,541158460414520,3,0.0,396868641176471,FBM79115,B0C8JDHLX9,0,Audio Array-TONOR Adjustable Mic-Catch All-SP-KT -Exact/Phrase,0,FBA79115,T10,Tonor,Accessories,Boom Arm Kit,
2026-07-27,0,0.0,Audio Array-TONOR Adjustable Mic-Catch All -SP-KT-Exact/Phrase,541158460414520,0,0.0,396868641176471,FBM79115,B0C8JDHLX9,0,Audio Array-TONOR Adjustable Mic-Catch All-SP-KT -Exact/Phrase,0,FBA79115,T10,Tonor,Accessories,Boom Arm Kit,
2026-07-22,0,0.0,Audio Array-TONOR Adjustable Mic-Catch All -SP-KT-Exact/Phrase,541158460414520,2,0.0,396868641176471,B082W4B7SX,B082W4B7SX,0,Audio Array-TONOR Adjustable Mic-Catch All-SP-KT -Exact/Phrase,0,FBA77106,T20,Tonor,Accessories,Boom Arm Kit,
2026-07-23,0,0.0,Audio Array-TONOR Adjustable Mic-Catch All -SP-KT-Exact/Phrase,541158460414520,2,0.0,396868641176471,B082W4B7SX,B082W4B7SX,0,Audio Array-TONOR Adjustable Mic-Catch All-SP-KT -Exact/Phrase,0,FBA77106,T20,Tonor,Accessories,Boom Arm Kit,
2026-07-24,0,13.63,Audio Array-TONOR Adjustable Mic-Catch All -SP-KT-Exact/Phrase,541158460414520,262,0.0,396868641176471,B082W4B7SX,B082W4B7SX,1,Audio Array-TONOR Adjustable Mic-Catch All-SP-KT -Exact/Phrase,0,FBA77106,T20,Tonor,Accessories,Boom Arm Kit,
2026-07-25,0,8.16,Audio Array-TONOR Adjustable Mic-Catch All -SP-KT-Exact/Phrase,541158460414520,378,0.0,396868641176471,B082W4B7SX,B082W4B7SX,1,Audio Array-TONOR Adjustable Mic-Catch All-SP-KT -Exact/Phrase,0,FBA77106,T20,Tonor,Accessories,Boom Arm Kit,
2026-07-26,0,26.97,Audio Array-TONOR Adjustable Mic-Catch All -SP-KT-Exact/Phrase,541158460414520,653,0.0,396868641176471,B082W4B7SX,B082W4B7SX,2,Audio Array-TONOR Adjustable Mic-Catch All-SP-KT -Exact/Phrase,0,FBA77106,T20,Tonor,Accessories,Boom Arm Kit,
2026-07-27,0,52.56,Audio Array-TONOR Adjustable Mic-Catch All -SP-KT-Exact/Phrase,541158460414520,178,0.0,396868641176471,B082W4B7SX,B082W4B7SX,1,Audio Array-TONOR Adjustable Mic-Catch All-SP-KT -Exact/Phrase,0,FBA77106,T20,Tonor,Accessories,Boom Arm Kit,
2026-07-22,0,0.0,Audio Array-TONOR Adjustable Mic-Catch All -SP-KT-Exact/Phrase,541158460414520,5,0.0,396868641176471,4375329377,B0BRKDLXCD,0,Audio Array-TONOR Adjustable Mic-Catch All-SP-KT -Exact/Phrase,0,FBA79112,T90,Tonor,Accessories,Boom Arm - RGB,
2026-07-23,0,0.0,Audio Array-TONOR Adjustable Mic-Catch All -SP-KT-Exact/Phrase,541158460414520,1,0.0,396868641176471,4375329377,B0BRKDLXCD,0,Audio Array-TONOR Adjustable Mic-Catch All-SP-KT -Exact/Phrase,0,FBA79112,T90,Tonor,Accessories,Boom Arm - RGB,
2026-07-24,0,0.0,Audio Array-TONOR Adjustable Mic-Catch All -SP-KT-Exact/Phrase,541158460414520,1,0.0,396868641176471,4375329377,B0BRKDLXCD,0,Audio Array-TONOR Adjustable Mic-Catch All-SP-KT -Exact/Phrase,0,FBA79112,T90,Tonor,Accessories,Boom Arm - RGB,
2026-07-25,0,0.0,Audio Array-TONOR Adjustable Mic-Catch All -SP-KT-Exact/Phrase,541158460414520,1,0.0,396868641176471,4375329377,B0BRKDLXCD,0,Audio Array-TONOR Adjustable Mic-Catch All-SP-KT -Exact/Phrase,0,FBA79112,T90,Tonor,Accessories,Boom Arm - RGB,
2026-07-26,0,0.0,Audio Array-TONOR Adjustable Mic-Catch All -SP-KT-Exact/Phrase,541158460414520,1,0.0,396868641176471,4375329377,B0BRKDLXCD,0,Audio Array-TONOR Adjustable Mic-Catch All-SP-KT -Exact/Phrase,0,FBA79112,T90,Tonor,Accessories,Boom Arm - RGB,
2026-07-22,3,99.9,Ad Group - 23/5/2026 14:00:41.548,185462523855280,3344,5336.44,398812150448120,B08CVP2HXP,B08CVP2HXP,25,AudioArray_Tonor Prosucts_SP_Catch All_Auto,3,FBA77111,TC30,Tonor,Condenser Microphone,Tripod,
2026-07-23,1,54.86,Ad Group - 23/5/2026 14:00:41.548,185462523855280,2261,1863.56,398812150448120,B08CVP2HXP,B08CVP2HXP,15,AudioArray_Tonor Prosucts_SP_Catch All_Auto,1,FBA77111,TC30,Tonor,Condenser Microphone,Tripod,
2026-07-24,0,24.08,Ad Group - 23/5/2026 14:00:41.548,185462523855280,1556,0.0,398812150448120,B08CVP2HXP,B08CVP2HXP,7,AudioArray_Tonor Prosucts_SP_Catch All_Auto,0,FBA77111,TC30,Tonor,Condenser Microphone,Tripod,
2026-07-25,0,44.84,Ad Group - 23/5/2026 14:00:41.548,185462523855280,1689,0.0,398812150448120,B08CVP2HXP,B08CVP2HXP,12,AudioArray_Tonor Prosucts_SP_Catch All_Auto,0,FBA77111,TC30,Tonor,Condenser Microphone,Tripod,
2026-07-26,1,31.48,Ad Group - 23/5/2026 14:00:41.548,185462523855280,2476,1863.56,398812150448120,B08CVP2HXP,B08CVP2HXP,9,AudioArray_Tonor Prosucts_SP_Catch All_Auto,1,FBA77111,TC30,Tonor,Condenser Microphone,Tripod,
2026-07-27,0,68.77,Ad Group - 23/5/2026 14:00:41.548,185462523855280,3396,0.0,398812150448120,B08CVP2HXP,B08CVP2HXP,18,AudioArray_Tonor Prosucts_SP_Catch All_Auto,0,FBA77111,TC30,Tonor,Condenser Microphone,Tripod,
2026-07-28,0,56.41,Ad Group - 23/5/2026 14:00:41.548,185462523855280,3285,0.0,398812150448120,B08CVP2HXP,B08CVP2HXP,18,AudioArray_Tonor Prosucts_SP_Catch All_Auto,0,FBA77111,TC30,Tonor,Condenser Microphone,Tripod,
2026-07-29,1,57.49,Ad Group - 23/5/2026 14:00:41.548,185462523855280,2653,1863.56,398812150448120,B08CVP2HXP,B08CVP2HXP,18,AudioArray_Tonor Prosucts_SP_Catch All_Auto,1,FBA77111,TC30,Tonor,Condenser Microphone,Tripod,
2026-07-30,1,86.7,Ad Group - 23/5/2026 14:00:41.548,185462523855280,2717,1694.07,398812150448120,B08CVP2HXP,B08CVP2HXP,24,AudioArray_Tonor Prosucts_SP_Catch All_Auto,1,FBA77111,TC30,Tonor,Condenser Microphone,Tripod,
2026-07-31,0,105.55,Ad Group - 23/5/2026 14:00:41.548,185462523855280,3121,0.0,398812150448120,B08CVP2HXP,B08CVP2HXP,27,AudioArray_Tonor Prosucts_SP_Catch All_Auto,0,FBA77111,TC30,Tonor,Condenser Microphone,Tripod,
2026-07-22,2,187.57,Ad Group - 23/5/2026 14:00:41.548,185462523855280,12704,3557.63,398812150448120,B07WLWN2ZT,B07WLWN2ZT,54,AudioArray_Tonor Prosucts_SP_Catch All_Auto,2,FBA77101,TC-777,Tonor,Condenser Microphone,Tripod,
2026-07-23,2,215.07,Ad Group - 23/5/2026 14:00:41.548,185462523855280,12770,3811.87,398812150448120,B07WLWN2ZT,B07WLWN2ZT,62,AudioArray_Tonor Prosucts_SP_Catch All_Auto,2,FBA77101,TC-777,Tonor,Condenser Microphone,Tripod,
2026-07-24,0,144.53,Ad Group - 23/5/2026 14:00:41.548,185462523855280,10320,0.0,398812150448120,B07WLWN2ZT,B07WLWN2ZT,42,AudioArray_Tonor Prosucts_SP_Catch All_Auto,0,FBA77101,TC-777,Tonor,Condenser Microphone,Tripod,
2026-07-25,2,174.95,Ad Group - 23/5/2026 14:00:41.548,185462523855280,9636,3508.47,398812150448120,B07WLWN2ZT,B07WLWN2ZT,49,AudioArray_Tonor Prosucts_SP_Catch All_Auto,2,FBA77101,TC-777,Tonor,Condenser Microphone,Tripod,
2026-07-26,2,184.08,Ad Group - 23/5/2026 14:00:41.548,185462523855280,13054,1863.56,398812150448120,B07WLWN2ZT,B07WLWN2ZT,52,AudioArray_Tonor Prosucts_SP_Catch All_Auto,2,FBA77101,TC-777,Tonor,Condenser Microphone,Tripod,
2026-07-27,0,228.86,Ad Group - 23/5/2026 14:00:41.548,185462523855280,14520,0.0,398812150448120,B07WLWN2ZT,B07WLWN2ZT,63,AudioArray_Tonor Prosucts_SP_Catch All_Auto,0,FBA77101,TC-777,Tonor,Condenser Microphone,Tripod,
2026-07-28,0,259.43,Ad Group - 23/5/2026 14:00:41.548,185462523855280,16166,0.0,398812150448120,B07WLWN2ZT,B07WLWN2ZT,72,AudioArray_Tonor Prosucts_SP_Catch All_Auto,0,FBA77101,TC-777,Tonor,Condenser Microphone,Tripod,
2026-07-29,0,228.93,Ad Group - 23/5/2026 14:00:41.548,185462523855280,13695,0.0,398812150448120,B07WLWN2ZT,B07WLWN2ZT,63,AudioArray_Tonor Prosucts_SP_Catch All_Auto,0,FBA77101,TC-777,Tonor,Condenser Microphone,Tripod,
2026-07-30,0,193.23,Ad Group - 23/5/2026 14:00:41.548,185462523855280,13848,0.0,398812150448120,B07WLWN2ZT,B07WLWN2ZT,57,AudioArray_Tonor Prosucts_SP_Catch All_Auto,0,FBA77101,TC-777,Tonor,Condenser Microphone,Tripod,
2026-07-31,1,181.07,Ad Group - 23/5/2026 14:00:41.548,185462523855280,7161,1694.07,398812150448120,B07WLWN2ZT,B07WLWN2ZT,52,AudioArray_Tonor Prosucts_SP_Catch All_Auto,1,FBA77101,TC-777,Tonor,Condenser Microphone,Tripod,
2026-07-22,0,39.15,Ad Group - 23/5/2026 14:00:41.548,185462523855280,1927,0.0,398812150448120,B0CQX3VB1R,B0CQX3VB1R,12,AudioArray_Tonor Prosucts_SP_Catch All_Auto,0,FBA79696,TD310+,Tonor,Dynamic Microphone,Hand held Mic + Boom Arm,
2026-07-23,0,11.3,Ad Group - 23/5/2026 14:00:41.548,185462523855280,1476,0.0,398812150448120,B0CQX3VB1R,B0CQX3VB1R,3,AudioArray_Tonor Prosucts_SP_Catch All_Auto,0,FBA79696,TD310+,Tonor,Dynamic Microphone,Hand held Mic + Boom Arm,
2026-07-24,0,13.76,Ad Group - 23/5/2026 14:00:41.548,185462523855280,1051,0.0,398812150448120,B0CQX3VB1R,B0CQX3VB1R,4,AudioArray_Tonor Prosucts_SP_Catch All_Auto,0,FBA79696,TD310+,Tonor,Dynamic Microphone,Hand held Mic + Boom Arm,
2026-07-25,0,11.35,Ad Group - 23/5/2026 14:00:41.548,185462523855280,936,0.0,398812150448120,B0CQX3VB1R,B0CQX3VB1R,2,AudioArray_Tonor Prosucts_SP_Catch All_Auto,0,FBA79696,TD310+,Tonor,Dynamic Microphone,Hand held Mic + Boom Arm,
2026-07-26,1,31.96,Ad Group - 23/5/2026 14:00:41.548,185462523855280,1040,1863.56,398812150448120,B0CQX3VB1R,B0CQX3VB1R,8,AudioArray_Tonor Prosucts_SP_Catch All_Auto,1,FBA79696,TD310+,Tonor,Dynamic Microphone,Hand held Mic + Boom Arm,
2026-07-27,0,34.73,Ad Group - 23/5/2026 14:00:41.548,185462523855280,1658,0.0,398812150448120,B0CQX3VB1R,B0CQX3VB1R,7,AudioArray_Tonor Prosucts_SP_Catch All_Auto,0,FBA79696,TD310+,Tonor,Dynamic Microphone,Hand held Mic + Boom Arm,
2026-07-28,0,12.78,Ad Group - 23/5/2026 14:00:41.548,185462523855280,1782,0.0,398812150448120,B0CQX3VB1R,B0CQX3VB1R,3,AudioArray_Tonor Prosucts_SP_Catch All_Auto,0,FBA79696,TD310+,Tonor,Dynamic Microphone,Hand held Mic + Boom Arm,
2026-07-29,1,21.19,Ad Group - 23/5/2026 14:00:41.548,185462523855280,879,1694.07,398812150448120,B0CQX3VB1R,B0CQX3VB1R,5,AudioArray_Tonor Prosucts_SP_Catch All_Auto,1,FBA79696,TD310+,Tonor,Dynamic Microphone,Hand held Mic + Boom Arm,
2026-07-30,0,14.89,Ad Group - 23/5/2026 14:00:41.548,185462523855280,740,0.0,398812150448120,B0CQX3VB1R,B0CQX3VB1R,4,AudioArray_Tonor Prosucts_SP_Catch All_Auto,0,FBA79696,TD310+,Tonor,Dynamic Microphone,Hand held Mic + Boom Arm,
2026-07-31,0,8.06,Ad Group - 23/5/2026 14:00:41.548,185462523855280,715,0.0,398812150448120,B0CQX3VB1R,B0CQX3VB1R,3,AudioArray_Tonor Prosucts_SP_Catch All_Auto,0,FBA79696,TD310+,Tonor,Dynamic Microphone,Hand held Mic + Boom Arm,
2026-07-22,0,58.97,Ad Group - 23/5/2026 14:00:41.548,185462523855280,1929,0.0,398812150448120,B0CCV74CL7,B0CCV74CL7,18,AudioArray_Tonor Prosucts_SP_Catch All_Auto,0,FBA79114,TC310+,Tonor,Condenser Microphone,Boom Arm Kit - USB - RGB,
2026-07-23,1,34.55,Ad Group - 23/5/2026 14:00:41.548,185462523855280,2070,2456.78,398812150448120,B0CCV74CL7,B0CCV74CL7,8,AudioArray_Tonor Prosucts_SP_Catch All_Auto,1,FBA79114,TC310+,Tonor,Condenser Microphone,Boom Arm Kit - USB - RGB,
2026-07-24,2,37.9,Ad Group - 23/5/2026 14:00:41.548,185462523855280,1454,4913.56,398812150448120,B0CCV74CL7,B0CCV74CL7,10,AudioArray_Tonor Prosucts_SP_Catch All_Auto,2,FBA79114,TC310+,Tonor,Condenser Microphone,Boom Arm Kit - USB - RGB,
2026-07-25,0,19.6,Ad Group - 23/5/2026 14:00:41.548,185462523855280,1407,0.0,398812150448120,B0CCV74CL7,B0CCV74CL7,6,AudioArray_Tonor Prosucts_SP_Catch All_Auto,0,FBA79114,TC310+,Tonor,Condenser Microphone,Boom Arm Kit - USB - RGB,
2026-07-26,2,35.65,Ad Group - 23/5/2026 14:00:41.548,185462523855280,1818,4913.56,398812150448120,B0CCV74CL7,B0CCV74CL7,10,AudioArray_Tonor Prosucts_SP_Catch All_Auto,2,FBA79114,TC310+,Tonor,Condenser Microphone,Boom Arm Kit - USB - RGB,
2026-07-27,1,50.31,Ad Group - 23/5/2026 14:00:41.548,185462523855280,3055,2456.78,398812150448120,B0CCV74CL7,B0CCV74CL7,12,AudioArray_Tonor Prosucts_SP_Catch All_Auto,1,FBA79114,TC310+,Tonor,Condenser Microphone,Boom Arm Kit - USB - RGB,
2026-07-28,0,58.01,Ad Group - 23/5/2026 14:00:41.548,185462523855280,3544,0.0,398812150448120,B0CCV74CL7,B0CCV74CL7,15,AudioArray_Tonor Prosucts_SP_Catch All_Auto,0,FBA79114,TC310+,Tonor,Condenser Microphone,Boom Arm Kit - USB - RGB,
2026-07-29,1,47.55,Ad Group - 23/5/2026 14:00:41.548,185462523855280,2818,2456.78,398812150448120,B0CCV74CL7,B0CCV74CL7,12,AudioArray_Tonor Prosucts_SP_Catch All_Auto,1,FBA79114,TC310+,Tonor,Condenser Microphone,Boom Arm Kit - USB - RGB,
2026-07-30,1,70.02,Ad Group - 23/5/2026 14:00:41.548,185462523855280,2347,2456.78,398812150448120,B0CCV74CL7,B0CCV74CL7,15,AudioArray_Tonor Prosucts_SP_Catch All_Auto,1,FBA79114,TC310+,Tonor,Condenser Microphone,Boom Arm Kit - USB - RGB,
2026-07-31,0,27.76,Ad Group - 23/5/2026 14:00:41.548,185462523855280,2000,0.0,398812150448120,B0CCV74CL7,B0CCV74CL7,8,AudioArray_Tonor Prosucts_SP_Catch All_Auto,0,FBA79114,TC310+,Tonor,Condenser Microphone,Boom Arm Kit - USB - RGB,
2026-07-22,0,12.22,Ad Group - 23/5/2026 14:00:41.548,185462523855280,586,0.0,398812150448120,FBA79260,B07GVGMW59,2,AudioArray_Tonor Prosucts_SP_Catch All_Auto,0,FBA77102,G11,Tonor,,,
2026-07-23,0,0.0,Ad Group - 23/5/2026 14:00:41.548,185462523855280,430,0.0,398812150448120,FBA79260,B07GVGMW59,0,AudioArray_Tonor Prosucts_SP_Catch All_Auto,0,FBA77102,G11,Tonor,,,
2026-07-24,0,0.0,Ad Group - 23/5/2026 14:00:41.548,185462523855280,411,0.0,398812150448120,FBA79260,B07GVGMW59,0,AudioArray_Tonor Prosucts_SP_Catch All_Auto,0,FBA77102,G11,Tonor,,,
2026-07-25,1,8.33,Ad Group - 23/5/2026 14:00:41.548,185462523855280,329,2287.29,398812150448120,FBA79260,B07GVGMW59,3,AudioArray_Tonor Prosucts_SP_Catch All_Auto,1,FBA77102,G11,Tonor,,,
2026-07-26,0,0.0,Ad Group - 23/5/2026 14:00:41.548,185462523855280,376,0.0,398812150448120,FBA79260,B07GVGMW59,0,AudioArray_Tonor Prosucts_SP_Catch All_Auto,0,FBA77102,G11,Tonor,,,
2026-07-27,0,0.0,Ad Group - 23/5/2026 14:00:41.548,185462523855280,613,0.0,398812150448120,FBA79260,B07GVGMW59,0,AudioArray_Tonor Prosucts_SP_Catch All_Auto,0,FBA77102,G11,Tonor,,,
2026-07-28,0,1.0,Ad Group - 23/5/2026 14:00:41.548,185462523855280,525,0.0,398812150448120,FBA79260,B07GVGMW59,1,AudioArray_Tonor Prosucts_SP_Catch All_Auto,0,FBA77102,G11,Tonor,,,
2026-07-29,0,0.0,Ad Group - 23/5/2026 14:00:41.548,185462523855280,500,0.0,398812150448120,FBA79260,B07GVGMW59,0,AudioArray_Tonor Prosucts_SP_Catch All_Auto,0,FBA77102,G11,Tonor,,,
2026-07-30,0,8.15,Ad Group - 23/5/2026 14:00:41.548,185462523855280,508,0.0,398812150448120,FBA79260,B07GVGMW59,2,AudioArray_Tonor Prosucts_SP_Catch All_Auto,0,FBA77102,G11,Tonor,,,
2026-07-31,0,8.83,Ad Group - 23/5/2026 14:00:41.548,185462523855280,516,0.0,398812150448120,FBA79260,B07GVGMW59,3,AudioArray_Tonor Prosucts_SP_Catch All_Auto,0,FBA77102,G11,Tonor,,,
2026-07-22,2,42.8,Ad Group - 23/5/2026 14:00:41.548,185462523855280,2955,4235.59,398812150448120,B0BTCXQQ6M,B0BTCXQQ6M,14,AudioArray_Tonor Prosucts_SP_Catch All_Auto,2,FBA79113,TC310,Tonor,Condenser Microphone,Tripod - RGB,
2026-07-23,1,23.78,Ad Group - 23/5/2026 14:00:41.548,185462523855280,1495,2117.8,398812150448120,B0BTCXQQ6M,B0BTCXQQ6M,7,AudioArray_Tonor Prosucts_SP_Catch All_Auto,1,FBA79113,TC310,Tonor,Condenser Microphone,Tripod - RGB,
2026-07-24,0,32.22,Ad Group - 23/5/2026 14:00:41.548,185462523855280,816,0.0,398812150448120,B0BTCXQQ6M,B0BTCXQQ6M,9,AudioArray_Tonor Prosucts_SP_Catch All_Auto,0,FBA79113,TC310,Tonor,Condenser Microphone,Tripod - RGB,
2026-07-25,2,25.03,Ad Group - 23/5/2026 14:00:41.548,185462523855280,771,4235.59,398812150448120,B0BTCXQQ6M,B0BTCXQQ6M,8,AudioArray_Tonor Prosucts_SP_Catch All_Auto,2,FBA79113,TC310,Tonor,Condenser Microphone,Tripod - RGB,
2026-07-26,1,24.72,Ad Group - 23/5/2026 14:00:41.548,185462523855280,698,2117.8,398812150448120,B0BTCXQQ6M,B0BTCXQQ6M,6,AudioArray_Tonor Prosucts_SP_Catch All_Auto,1,FBA79113,TC310,Tonor,Condenser Microphone,Tripod - RGB,
2026-07-27,0,56.6,Ad Group - 23/5/2026 14:00:41.548,185462523855280,1391,0.0,398812150448120,B0BTCXQQ6M,B0BTCXQQ6M,15,AudioArray_Tonor Prosucts_SP_Catch All_Auto,0,FBA79113,TC310,Tonor,Condenser Microphone,Tripod - RGB,
2026-07-28,1,30.62,Ad Group - 23/5/2026 14:00:41.548,185462523855280,1566,2117.8,398812150448120,B0BTCXQQ6M,B0BTCXQQ6M,9,AudioArray_Tonor Prosucts_SP_Catch All_Auto,1,FBA79113,TC310,Tonor,Condenser Microphone,Tripod - RGB,
2026-07-29,0,43.29,Ad Group - 23/5/2026 14:00:41.548,185462523855280,1796,0.0,398812150448120,B0BTCXQQ6M,B0BTCXQQ6M,13,AudioArray_Tonor Prosucts_SP_Catch All_Auto,0,FBA79113,TC310,Tonor,Condenser Microphone,Tripod - RGB,
2026-07-30,0,36.35,Ad Group - 23/5/2026 14:00:41.548,185462523855280,1684,0.0,398812150448120,B0BTCXQQ6M,B0BTCXQQ6M,9,AudioArray_Tonor Prosucts_SP_Catch All_Auto,0,FBA79113,TC310,Tonor,Condenser Microphone,Tripod - RGB,
2026-07-31,0,36.32,Ad Group - 23/5/2026 14:00:41.548,185462523855280,1493,0.0,398812150448120,B0BTCXQQ6M,B0BTCXQQ6M,7,AudioArray_Tonor Prosucts_SP_Catch All_Auto,0,FBA79113,TC310,Tonor,Condenser Microphone,Tripod - RGB,
2026-07-22,0,5.64,Ad Group - 23/5/2026 14:00:41.548,185462523855280,3946,0.0,398812150448120,B0BBL47VR5,B0BBL47VR5,2,AudioArray_Tonor Prosucts_SP_Catch All_Auto,0,FBA77116,TC40S,Tonor,Condenser Microphone,Boom Arm Kit - USB - RGB,
2026-07-23,0,1.61,Ad Group - 23/5/2026 14:00:41.548,185462523855280,1498,0.0,398812150448120,B0BBL47VR5,B0BBL47VR5,1,AudioArray_Tonor Prosucts_SP_Catch All_Auto,0,FBA77116,TC40S,Tonor,Condenser Microphone,Boom Arm Kit - USB - RGB,
2026-07-24,0,0.0,Ad Group - 23/5/2026 14:00:41.548,185462523855280,277,0.0,398812150448120,B0BBL47VR5,B0BBL47VR5,0,AudioArray_Tonor Prosucts_SP_Catch All_Auto,0,FBA77116,TC40S,Tonor,Condenser Microphone,Boom Arm Kit - USB - RGB,
2026-07-25,0,0.0,Ad Group - 23/5/2026 14:00:41.548,185462523855280,200,0.0,398812150448120,B0BBL47VR5,B0BBL47VR5,0,AudioArray_Tonor Prosucts_SP_Catch All_Auto,0,FBA77116,TC40S,Tonor,Condenser Microphone,Boom Arm Kit - USB - RGB,
2026-07-26,0,0.0,Ad Group - 23/5/2026 14:00:41.548,185462523855280,297,0.0,398812150448120,B0BBL47VR5,B0BBL47VR5,0,AudioArray_Tonor Prosucts_SP_Catch All_Auto,0,FBA77116,TC40S,Tonor,Condenser Microphone,Boom Arm Kit - USB - RGB,
2026-07-27,0,0.0,Ad Group - 23/5/2026 14:00:41.548,185462523855280,456,0.0,398812150448120,B0BBL47VR5,B0BBL47VR5,0,AudioArray_Tonor Prosucts_SP_Catch All_Auto,0,FBA77116,TC40S,Tonor,Condenser Microphone,Boom Arm Kit - USB - RGB,
2026-07-28,0,3.7,Ad Group - 23/5/2026 14:00:41.548,185462523855280,394,0.0,398812150448120,B0BBL47VR5,B0BBL47VR5,1,AudioArray_Tonor Prosucts_SP_Catch All_Auto,0,FBA77116,TC40S,Tonor,Condenser Microphone,Boom Arm Kit - USB - RGB,
2026-07-29,0,0.0,Ad Group - 23/5/2026 14:00:41.548,185462523855280,456,0.0,398812150448120,B0BBL47VR5,B0BBL47VR5,0,AudioArray_Tonor Prosucts_SP_Catch All_Auto,0,FBA77116,TC40S,Tonor,Condenser Microphone,Boom Arm Kit - USB - RGB,
2026-07-30,0,13.96,Ad Group - 23/5/2026 14:00:41.548,185462523855280,3768,0.0,398812150448120,B0BBL47VR5,B0BBL47VR5,3,AudioArray_Tonor Prosucts_SP_Catch All_Auto,0,FBA77116,TC40S,Tonor,Condenser Microphone,Boom Arm Kit - USB - RGB,
2026-07-31,0,9.65,Ad Group - 23/5/2026 14:00:41.548,185462523855280,5679,0.0,398812150448120,B0BBL47VR5,B0BBL47VR5,4,AudioArray_Tonor Prosucts_SP_Catch All_Auto,0,FBA77116,TC40S,Tonor,Condenser Microphone,Boom Arm Kit - USB - RGB,
2026-07-22,1,13.06,Ad Group - 23/5/2026 14:00:41.548,185462523855280,737,2541.53,398812150448120,B08NDB5NWP,B08NDB5NWP,3,AudioArray_Tonor Prosucts_SP_Catch All_Auto,1,FBA77110,TM20,Tonor,Conference Microphone,Wired,
2026-07-23,0,3.4,Ad Group - 23/5/2026 14:00:41.548,185462523855280,535,0.0,398812150448120,B08NDB5NWP,B08NDB5NWP,1,AudioArray_Tonor Prosucts_SP_Catch All_Auto,0,FBA77110,TM20,Tonor,Conference Microphone,Wired,
2026-07-24,0,12.41,Ad Group - 23/5/2026 14:00:41.548,185462523855280,422,0.0,398812150448120,B08NDB5NWP,B08NDB5NWP,3,AudioArray_Tonor Prosucts_SP_Catch All_Auto,0,FBA77110,TM20,Tonor,Conference Microphone,Wired,
2026-07-25,0,0.0,Ad Group - 23/5/2026 14:00:41.548,185462523855280,366,0.0,398812150448120,B08NDB5NWP,B08NDB5NWP,0,AudioArray_Tonor Prosucts_SP_Catch All_Auto,0,FBA77110,TM20,Tonor,Conference Microphone,Wired,
2026-07-26,0,3.48,Ad Group - 23/5/2026 14:00:41.548,185462523855280,346,0.0,398812150448120,B08NDB5NWP,B08NDB5NWP,1,AudioArray_Tonor Prosucts_SP_Catch All_Auto,0,FBA77110,TM20,Tonor,Conference Microphone,Wired,
2026-07-27,0,17.37,Ad Group - 23/5/2026 14:00:41.548,185462523855280,589,0.0,398812150448120,B08NDB5NWP,B08NDB5NWP,4,AudioArray_Tonor Prosucts_SP_Catch All_Auto,0,FBA77110,TM20,Tonor,Conference Microphone,Wired,
2026-07-28,0,14.64,Ad Group - 23/5/2026 14:00:41.548,185462523855280,595,0.0,398812150448120,B08NDB5NWP,B08NDB5NWP,2,AudioArray_Tonor Prosucts_SP_Catch All_Auto,0,FBA77110,TM20,Tonor,Conference Microphone,Wired,
2026-07-29,0,16.1,Ad Group - 23/5/2026 14:00:41.548,185462523855280,460,0.0,398812150448120,B08NDB5NWP,B08NDB5NWP,4,AudioArray_Tonor Prosucts_SP_Catch All_Auto,0,FBA77110,TM20,Tonor,Conference Microphone,Wired,
2026-07-30,0,8.0,Ad Group - 23/5/2026 14:00:41.548,185462523855280,507,0.0,398812150448120,B08NDB5NWP,B08NDB5NWP,2,AudioArray_Tonor Prosucts_SP_Catch All_Auto,0,FBA77110,TM20,Tonor,Conference Microphone,Wired,
2026-07-31,0,9.06,Ad Group - 23/5/2026 14:00:41.548,185462523855280,577,0.0,398812150448120,B08NDB5NWP,B08NDB5NWP,2,AudioArray_Tonor Prosucts_SP_Catch All_Auto,0,FBA77110,TM20,Tonor,Conference Microphone,Wired,
2026-07-22,0,142.98,Ad Group - 23/5/2026 14:00:41.548,185462523855280,7741,0.0,398812150448120,B01ISNU3X4,B01ISNU3X4,39,AudioArray_Tonor Prosucts_SP_Catch All_Auto,0,FBA77113,K1,Tonor,Dynamic Microphone,Hand held Mic,
2026-07-23,0,78.75,Ad Group - 23/5/2026 14:00:41.548,185462523855280,8111,0.0,398812150448120,B01ISNU3X4,B01ISNU3X4,24,AudioArray_Tonor Prosucts_SP_Catch All_Auto,0,FBA77113,K1,Tonor,Dynamic Microphone,Hand held Mic,
2026-07-24,1,97.65,Ad Group - 23/5/2026 14:00:41.548,185462523855280,7171,1609.32,398812150448120,B01ISNU3X4,B01ISNU3X4,30,AudioArray_Tonor Prosucts_SP_Catch All_Auto,1,FBA77113,K1,Tonor,Dynamic Microphone,Hand held Mic,
2026-07-25,0,61.63,Ad Group - 23/5/2026 14:00:41.548,185462523855280,7312,0.0,398812150448120,B01ISNU3X4,B01ISNU3X4,20,AudioArray_Tonor Prosucts_SP_Catch All_Auto,0,FBA77113,K1,Tonor,Dynamic Microphone,Hand held Mic,
2026-07-26,0,107.16,Ad Group - 23/5/2026 14:00:41.548,185462523855280,9443,0.0,398812150448120,B01ISNU3X4,B01ISNU3X4,33,AudioArray_Tonor Prosucts_SP_Catch All_Auto,0,FBA77113,K1,Tonor,Dynamic Microphone,Hand held Mic,
2026-07-27,0,99.97,Ad Group - 23/5/2026 14:00:41.548,185462523855280,8161,0.0,398812150448120,B01ISNU3X4,B01ISNU3X4,31,AudioArray_Tonor Prosucts_SP_Catch All_Auto,0,FBA77113,K1,Tonor,Dynamic Microphone,Hand held Mic,
2026-07-28,1,147.21,Ad Group - 23/5/2026 14:00:41.548,185462523855280,8209,1609.32,398812150448120,B01ISNU3X4,B01ISNU3X4,40,AudioArray_Tonor Prosucts_SP_Catch All_Auto,1,FBA77113,K1,Tonor,Dynamic Microphone,Hand held Mic,
2026-07-29,2,154.3,Ad Group - 23/5/2026 14:00:41.548,185462523855280,7612,3218.64,398812150448120,B01ISNU3X4,B01ISNU3X4,39,AudioArray_Tonor Prosucts_SP_Catch All_Auto,2,FBA77113,K1,Tonor,Dynamic Microphone,Hand held Mic,
2026-07-30,1,89.59,Ad Group - 23/5/2026 14:00:41.548,185462523855280,7394,1609.32,398812150448120,B01ISNU3X4,B01ISNU3X4,27,AudioArray_Tonor Prosucts_SP_Catch All_Auto,1,FBA77113,K1,Tonor,Dynamic Microphone,Hand held Mic,
2026-07-31,0,53.99,Ad Group - 23/5/2026 14:00:41.548,185462523855280,7037,0.0,398812150448120,B01ISNU3X4,B01ISNU3X4,15,AudioArray_Tonor Prosucts_SP_Catch All_Auto,0,FBA77113,K1,Tonor,Dynamic Microphone,Hand held Mic,
2026-07-22,0,0.0,Ad Group - 23/5/2026 14:00:41.548,185462523855280,2,0.0,398812150448120,B082W4B7SX,B082W4B7SX,0,AudioArray_Tonor Prosucts_SP_Catch All_Auto,0,FBA77106,T20,Tonor,Accessories,Boom Arm Kit,
2026-07-24,0,0.0,Ad Group - 23/5/2026 14:00:41.548,185462523855280,199,0.0,398812150448120,B082W4B7SX,B082W4B7SX,0,AudioArray_Tonor Prosucts_SP_Catch All_Auto,0,FBA77106,T20,Tonor,Accessories,Boom Arm Kit,
2026-07-25,0,0.0,Ad Group - 23/5/2026 14:00:41.548,185462523855280,333,0.0,398812150448120,B082W4B7SX,B082W4B7SX,0,AudioArray_Tonor Prosucts_SP_Catch All_Auto,0,FBA77106,T20,Tonor,Accessories,Boom Arm Kit,
2026-07-26,0,0.0,Ad Group - 23/5/2026 14:00:41.548,185462523855280,610,0.0,398812150448120,B082W4B7SX,B082W4B7SX,0,AudioArray_Tonor Prosucts_SP_Catch All_Auto,0,FBA77106,T20,Tonor,Accessories,Boom Arm Kit,
2026-07-27,0,16.68,Ad Group - 23/5/2026 14:00:41.548,185462523855280,621,0.0,398812150448120,B082W4B7SX,B082W4B7SX,4,AudioArray_Tonor Prosucts_SP_Catch All_Auto,0,FBA77106,T20,Tonor,Accessories,Boom Arm Kit,
2026-07-28,0,9.07,Ad Group - 23/5/2026 14:00:41.548,185462523855280,797,0.0,398812150448120,B082W4B7SX,B082W4B7SX,3,AudioArray_Tonor Prosucts_SP_Catch All_Auto,0,FBA77106,T20,Tonor,Accessories,Boom Arm Kit,
2026-07-29,1,4.07,Ad Group - 23/5/2026 14:00:41.548,185462523855280,705,1778.81,398812150448120,B082W4B7SX,B082W4B7SX,1,AudioArray_Tonor Prosucts_SP_Catch All_Auto,1,FBA77106,T20,Tonor,Accessories,Boom Arm Kit,
2026-07-30,0,15.74,Ad Group - 23/5/2026 14:00:41.548,185462523855280,728,0.0,398812150448120,B082W4B7SX,B082W4B7SX,5,AudioArray_Tonor Prosucts_SP_Catch All_Auto,0,FBA77106,T20,Tonor,Accessories,Boom Arm Kit,
2026-07-31,0,3.47,Ad Group - 23/5/2026 14:00:41.548,185462523855280,870,0.0,398812150448120,B082W4B7SX,B082W4B7SX,1,AudioArray_Tonor Prosucts_SP_Catch All_Auto,0,FBA77106,T20,Tonor,Accessories,Boom Arm Kit,
2026-07-22,0,24.0,Ad Group - 23/5/2026 14:00:41.548,185462523855280,4214,0.0,398812150448120,B08V1JS3NY,B08V1JS3NY,8,AudioArray_Tonor Prosucts_SP_Catch All_Auto,0,FBA77115,TC40,Tonor,Condenser Microphone,Boom Arm Kit - USB,
2026-07-23,0,3.69,Ad Group - 23/5/2026 14:00:41.548,185462523855280,3373,0.0,398812150448120,B08V1JS3NY,B08V1JS3NY,1,AudioArray_Tonor Prosucts_SP_Catch All_Auto,0,FBA77115,TC40,Tonor,Condenser Microphone,Boom Arm Kit - USB,
2026-07-24,0,6.37,Ad Group - 23/5/2026 14:00:41.548,185462523855280,2388,0.0,398812150448120,B08V1JS3NY,B08V1JS3NY,2,AudioArray_Tonor Prosucts_SP_Catch All_Auto,0,FBA77115,TC40,Tonor,Condenser Microphone,Boom Arm Kit - USB,
2026-07-25,1,22.53,Ad Group - 23/5/2026 14:00:41.548,185462523855280,1368,2795.76,398812150448120,B08V1JS3NY,B08V1JS3NY,6,AudioArray_Tonor Prosucts_SP_Catch All_Auto,1,FBA77115,TC40,Tonor,Condenser Microphone,Boom Arm Kit - USB,
2026-07-26,0,0.0,Ad Group - 23/5/2026 14:00:41.548,185462523855280,1714,0.0,398812150448120,B08V1JS3NY,B08V1JS3NY,0,AudioArray_Tonor Prosucts_SP_Catch All_Auto,0,FBA77115,TC40,Tonor,Condenser Microphone,Boom Arm Kit - USB,
2026-07-27,1,22.21,Ad Group - 23/5/2026 14:00:41.548,185462523855280,3647,2965.25,398812150448120,B08V1JS3NY,B08V1JS3NY,6,AudioArray_Tonor Prosucts_SP_Catch All_Auto,1,FBA77115,TC40,Tonor,Condenser Microphone,Boom Arm Kit - USB,
2026-07-28,0,21.72,Ad Group - 23/5/2026 14:00:41.548,185462523855280,4068,0.0,398812150448120,B08V1JS3NY,B08V1JS3NY,6,AudioArray_Tonor Prosucts_SP_Catch All_Auto,0,FBA77115,TC40,Tonor,Condenser Microphone,Boom Arm Kit - USB,
2026-07-29,0,4.0,Ad Group - 23/5/2026 14:00:41.548,185462523855280,1469,0.0,398812150448120,B08V1JS3NY,B08V1JS3NY,1,AudioArray_Tonor Prosucts_SP_Catch All_Auto,0,FBA77115,TC40,Tonor,Condenser Microphone,Boom Arm Kit - USB,
2026-07-30,0,20.31,Ad Group - 23/5/2026 14:00:41.548,185462523855280,3439,0.0,398812150448120,B08V1JS3NY,B08V1JS3NY,7,AudioArray_Tonor Prosucts_SP_Catch All_Auto,0,FBA77115,TC40,Tonor,Condenser Microphone,Boom Arm Kit - USB,
2026-07-31,0,12.33,Ad Group - 23/5/2026 14:00:41.548,185462523855280,6201,0.0,398812150448120,B08V1JS3NY,B08V1JS3NY,4,AudioArray_Tonor Prosucts_SP_Catch All_Auto,0,FBA77115,TC40,Tonor,Condenser Microphone,Boom Arm Kit - USB,
2026-07-22,0,56.76,Ad Group - 23/5/2026 14:00:41.548,185462523855280,2921,0.0,398812150448120,B0B4WTHLX5,B0B4WTHLX5,17,AudioArray_Tonor Prosucts_SP_Catch All_Auto,0,FBA79574,TC30S,Tonor,Condenser Microphone,Tripod+RGB,
2026-07-23,0,15.19,Ad Group - 23/5/2026 14:00:41.548,185462523855280,2790,0.0,398812150448120,B0B4WTHLX5,B0B4WTHLX5,6,AudioArray_Tonor Prosucts_SP_Catch All_Auto,0,FBA79574,TC30S,Tonor,Condenser Microphone,Tripod+RGB,
2026-07-24,0,24.1,Ad Group - 23/5/2026 14:00:41.548,185462523855280,2424,0.0,398812150448120,B0B4WTHLX5,B0B4WTHLX5,7,AudioArray_Tonor Prosucts_SP_Catch All_Auto,0,FBA79574,TC30S,Tonor,Condenser Microphone,Tripod+RGB,
2026-07-25,0,8.34,Ad Group - 23/5/2026 14:00:41.548,185462523855280,2488,0.0,398812150448120,B0B4WTHLX5,B0B4WTHLX5,5,AudioArray_Tonor Prosucts_SP_Catch All_Auto,0,FBA79574,TC30S,Tonor,Condenser Microphone,Tripod+RGB,
2026-07-26,0,14.89,Ad Group - 23/5/2026 14:00:41.548,185462523855280,2453,0.0,398812150448120,B0B4WTHLX5,B0B4WTHLX5,5,AudioArray_Tonor Prosucts_SP_Catch All_Auto,0,FBA79574,TC30S,Tonor,Condenser Microphone,Tripod+RGB,
2026-07-27,1,33.05,Ad Group - 23/5/2026 14:00:41.548,185462523855280,2299,1778.81,398812150448120,B0B4WTHLX5,B0B4WTHLX5,11,AudioArray_Tonor Prosucts_SP_Catch All_Auto,1,FBA79574,TC30S,Tonor,Condenser Microphone,Tripod+RGB,
2026-07-28,0,16.87,Ad Group - 23/5/2026 14:00:41.548,185462523855280,2468,0.0,398812150448120,B0B4WTHLX5,B0B4WTHLX5,6,AudioArray_Tonor Prosucts_SP_Catch All_Auto,0,FBA79574,TC30S,Tonor,Condenser Microphone,Tripod+RGB,
2026-07-29,1,29.59,Ad Group - 23/5/2026 14:00:41.548,185462523855280,2146,1863.56,398812150448120,B0B4WTHLX5,B0B4WTHLX5,10,AudioArray_Tonor Prosucts_SP_Catch All_Auto,1,FBA79574,TC30S,Tonor,Condenser Microphone,Tripod+RGB,
2026-07-30,0,31.44,Ad Group - 23/5/2026 14:00:41.548,185462523855280,1564,0.0,398812150448120,B0B4WTHLX5,B0B4WTHLX5,9,AudioArray_Tonor Prosucts_SP_Catch All_Auto,0,FBA79574,TC30S,Tonor,Condenser Microphone,Tripod+RGB,
2026-07-31,0,12.45,Ad Group - 23/5/2026 14:00:41.548,185462523855280,1331,0.0,398812150448120,B0B4WTHLX5,B0B4WTHLX5,4,AudioArray_Tonor Prosucts_SP_Catch All_Auto,0,FBA79574,TC30S,Tonor,Condenser Microphone,Tripod+RGB,
2026-07-22,0,0.0,Ad Group - 23/5/2026 14:00:41.548,185462523855280,0,0.0,398812150448120,B0CSCT63BL,B0CSCT63BL,0,AudioArray_Tonor Prosucts_SP_Catch All_Auto,0,FBA79577,TM310,Tonor,Conference Microphone,Wired,
2026-07-25,0,0.0,Ad Group - 23/5/2026 14:00:41.548,185462523855280,0,0.0,398812150448120,B0CSCT63BL,B0CSCT63BL,0,AudioArray_Tonor Prosucts_SP_Catch All_Auto,0,FBA79577,TM310,Tonor,Conference Microphone,Wired,
2026-07-22,1,151.3,Ad Group - 23/5/2026 14:00:41.548,185462523855280,8167,1694.07,398812150448120,B0CQX4K9P5,B0CQX4K9P5,44,AudioArray_Tonor Prosucts_SP_Catch All_Auto,1,FBA79697,TD310,Tonor,Dynamic Microphone,Hand held Mic + Stand,
2026-07-23,1,124.41,Ad Group - 23/5/2026 14:00:41.548,185462523855280,4663,1694.07,398812150448120,B0CQX4K9P5,B0CQX4K9P5,37,AudioArray_Tonor Prosucts_SP_Catch All_Auto,1,FBA79697,TD310,Tonor,Dynamic Microphone,Hand held Mic + Stand,
2026-07-24,0,127.61,Ad Group - 23/5/2026 14:00:41.548,185462523855280,3238,0.0,398812150448120,B0CQX4K9P5,B0CQX4K9P5,35,AudioArray_Tonor Prosucts_SP_Catch All_Auto,0,FBA79697,TD310,Tonor,Dynamic Microphone,Hand held Mic + Stand,
2026-07-25,1,106.24,Ad Group - 23/5/2026 14:00:41.548,185462523855280,2496,1694.07,398812150448120,B0CQX4K9P5,B0CQX4K9P5,32,AudioArray_Tonor Prosucts_SP_Catch All_Auto,1,FBA79697,TD310,Tonor,Dynamic Microphone,Hand held Mic + Stand,
2026-07-26,1,114.0,Ad Group - 23/5/2026 14:00:41.548,185462523855280,3783,1694.07,398812150448120,B0CQX4K9P5,B0CQX4K9P5,30,AudioArray_Tonor Prosucts_SP_Catch All_Auto,1,FBA79697,TD310,Tonor,Dynamic Microphone,Hand held Mic + Stand,
2026-07-27,0,114.01,Ad Group - 23/5/2026 14:00:41.548,185462523855280,4112,0.0,398812150448120,B0CQX4K9P5,B0CQX4K9P5,35,AudioArray_Tonor Prosucts_SP_Catch All_Auto,0,FBA79697,TD310,Tonor,Dynamic Microphone,Hand held Mic + Stand,
2026-07-28,0,160.88,Ad Group - 23/5/2026 14:00:41.548,185462523855280,4178,0.0,398812150448120,B0CQX4K9P5,B0CQX4K9P5,46,AudioArray_Tonor Prosucts_SP_Catch All_Auto,0,FBA79697,TD310,Tonor,Dynamic Microphone,Hand held Mic + Stand,
2026-07-29,0,132.81,Ad Group - 23/5/2026 14:00:41.548,185462523855280,4080,0.0,398812150448120,B0CQX4K9P5,B0CQX4K9P5,38,AudioArray_Tonor Prosucts_SP_Catch All_Auto,0,FBA79697,TD310,Tonor,Dynamic Microphone,Hand held Mic + Stand,
2026-07-30,1,108.55,Ad Group - 23/5/2026 14:00:41.548,185462523855280,6067,1863.56,398812150448120,B0CQX4K9P5,B0CQX4K9P5,30,AudioArray_Tonor Prosucts_SP_Catch All_Auto,1,FBA79697,TD310,Tonor,Dynamic Microphone,Hand held Mic + Stand,
2026-07-31,0,148.17,Ad Group - 23/5/2026 14:00:41.548,185462523855280,4118,0.0,398812150448120,B0CQX4K9P5,B0CQX4K9P5,43,AudioArray_Tonor Prosucts_SP_Catch All_Auto,0,FBA79697,TD310,Tonor,Dynamic Microphone,Hand held Mic + Stand,
2026-07-22,0,13.08,Ad Group - 23/5/2026 14:00:41.548,185462523855280,1359,0.0,398812150448120,FBA79585,B0CFKHCQ8W,3,AudioArray_Tonor Prosucts_SP_Catch All_Auto,0,FBA79585,T20LP,Tonor,Accessories,Low Profile Boom Arm,
2026-07-23,0,10.31,Ad Group - 23/5/2026 14:00:41.548,185462523855280,1080,0.0,398812150448120,FBA79585,B0CFKHCQ8W,2,AudioArray_Tonor Prosucts_SP_Catch All_Auto,0,FBA79585,T20LP,Tonor,Accessories,Low Profile Boom Arm,
2026-07-24,1,8.94,Ad Group - 23/5/2026 14:00:41.548,185462523855280,744,2372.03,398812150448120,FBA79585,B0CFKHCQ8W,4,AudioArray_Tonor Prosucts_SP_Catch All_Auto,1,FBA79585,T20LP,Tonor,Accessories,Low Profile Boom Arm,
2026-07-25,0,10.57,Ad Group - 23/5/2026 14:00:41.548,185462523855280,522,0.0,398812150448120,FBA79585,B0CFKHCQ8W,3,AudioArray_Tonor Prosucts_SP_Catch All_Auto,0,FBA79585,T20LP,Tonor,Accessories,Low Profile Boom Arm,
2026-07-26,0,10.02,Ad Group - 23/5/2026 14:00:41.548,185462523855280,700,0.0,398812150448120,FBA79585,B0CFKHCQ8W,3,AudioArray_Tonor Prosucts_SP_Catch All_Auto,0,FBA79585,T20LP,Tonor,Accessories,Low Profile Boom Arm,
2026-07-27,0,22.31,Ad Group - 23/5/2026 14:00:41.548,185462523855280,1394,0.0,398812150448120,FBA79585,B0CFKHCQ8W,6,AudioArray_Tonor Prosucts_SP_Catch All_Auto,0,FBA79585,T20LP,Tonor,Accessories,Low Profile Boom Arm,
2026-07-28,0,21.39,Ad Group - 23/5/2026 14:00:41.548,185462523855280,1351,0.0,398812150448120,FBA79585,B0CFKHCQ8W,6,AudioArray_Tonor Prosucts_SP_Catch All_Auto,0,FBA79585,T20LP,Tonor,Accessories,Low Profile Boom Arm,
2026-07-29,0,51.75,Ad Group - 23/5/2026 14:00:41.548,185462523855280,1205,0.0,398812150448120,FBA79585,B0CFKHCQ8W,12,AudioArray_Tonor Prosucts_SP_Catch All_Auto,0,FBA79585,T20LP,Tonor,Accessories,Low Profile Boom Arm,
2026-07-30,0,10.9,Ad Group - 23/5/2026 14:00:41.548,185462523855280,1428,0.0,398812150448120,FBA79585,B0CFKHCQ8W,2,AudioArray_Tonor Prosucts_SP_Catch All_Auto,0,FBA79585,T20LP,Tonor,Accessories,Low Profile Boom Arm,
2026-07-31,0,30.45,Ad Group - 23/5/2026 14:00:41.548,185462523855280,1384,0.0,398812150448120,FBA79585,B0CFKHCQ8W,8,AudioArray_Tonor Prosucts_SP_Catch All_Auto,0,FBA79585,T20LP,Tonor,Accessories,Low Profile Boom Arm,
2026-07-22,0,29.65,Ad Group - 23/5/2026 14:00:41.548,185462523855280,6040,0.0,398812150448120,B0BRCR2QQ7,B0BRCR2QQ7,10,AudioArray_Tonor Prosucts_SP_Catch All_Auto,0,FBA79576,TC30S+,Tonor,Condenser Microphone,Boom Arm Kit + RGB,
2026-07-23,0,16.99,Ad Group - 23/5/2026 14:00:41.548,185462523855280,4643,0.0,398812150448120,B0BRCR2QQ7,B0BRCR2QQ7,4,AudioArray_Tonor Prosucts_SP_Catch All_Auto,0,FBA79576,TC30S+,Tonor,Condenser Microphone,Boom Arm Kit + RGB,
2026-07-24,1,33.1,Ad Group - 23/5/2026 14:00:41.548,185462523855280,3493,1863.56,398812150448120,B0BRCR2QQ7,B0BRCR2QQ7,10,AudioArray_Tonor Prosucts_SP_Catch All_Auto,1,FBA79576,TC30S+,Tonor,Condenser Microphone,Boom Arm Kit + RGB,
2026-07-25,0,9.87,Ad Group - 23/5/2026 14:00:41.548,185462523855280,2471,0.0,398812150448120,B0BRCR2QQ7,B0BRCR2QQ7,3,AudioArray_Tonor Prosucts_SP_Catch All_Auto,0,FBA79576,TC30S+,Tonor,Condenser Microphone,Boom Arm Kit + RGB,
2026-07-26,0,10.47,Ad Group - 23/5/2026 14:00:41.548,185462523855280,3072,0.0,398812150448120,B0BRCR2QQ7,B0BRCR2QQ7,3,AudioArray_Tonor Prosucts_SP_Catch All_Auto,0,FBA79576,TC30S+,Tonor,Condenser Microphone,Boom Arm Kit + RGB,
2026-07-27,0,27.64,Ad Group - 23/5/2026 14:00:41.548,185462523855280,5662,0.0,398812150448120,B0BRCR2QQ7,B0BRCR2QQ7,9,AudioArray_Tonor Prosucts_SP_Catch All_Auto,0,FBA79576,TC30S+,Tonor,Condenser Microphone,Boom Arm Kit + RGB,
2026-07-28,0,21.61,Ad Group - 23/5/2026 14:00:41.548,185462523855280,6001,0.0,398812150448120,B0BRCR2QQ7,B0BRCR2QQ7,7,AudioArray_Tonor Prosucts_SP_Catch All_Auto,0,FBA79576,TC30S+,Tonor,Condenser Microphone,Boom Arm Kit + RGB,
2026-07-29,0,13.13,Ad Group - 23/5/2026 14:00:41.548,185462523855280,2254,0.0,398812150448120,B0BRCR2QQ7,B0BRCR2QQ7,4,AudioArray_Tonor Prosucts_SP_Catch All_Auto,0,FBA79576,TC30S+,Tonor,Condenser Microphone,Boom Arm Kit + RGB,
2026-07-30,0,7.17,Ad Group - 23/5/2026 14:00:41.548,185462523855280,1694,0.0,398812150448120,B0BRCR2QQ7,B0BRCR2QQ7,2,AudioArray_Tonor Prosucts_SP_Catch All_Auto,0,FBA79576,TC30S+,Tonor,Condenser Microphone,Boom Arm Kit + RGB,
2026-07-31,1,38.06,Ad Group - 23/5/2026 14:00:41.548,185462523855280,7167,1863.56,398812150448120,B0BRCR2QQ7,B0BRCR2QQ7,11,AudioArray_Tonor Prosucts_SP_Catch All_Auto,1,FBA79576,TC30S+,Tonor,Condenser Microphone,Boom Arm Kit + RGB,
2026-07-22,0,100.7,KT,215129494188065,1857,0.0,114071206061199,FBA79260,B07GVGMW59,10,Audio Array_B07GVGMW59_Tonor Conference Mic_SP,0,FBA77102,G11,Tonor,,,
2026-07-23,0,137.51,KT,215129494188065,1945,0.0,114071206061199,FBA79260,B07GVGMW59,12,Audio Array_B07GVGMW59_Tonor Conference Mic_SP,0,FBA77102,G11,Tonor,,,
2026-07-24,1,96.9,KT,215129494188065,1706,2287.28,114071206061199,FBA79260,B07GVGMW59,9,Audio Array_B07GVGMW59_Tonor Conference Mic_SP,1,FBA77102,G11,Tonor,,,
2026-07-25,0,71.33,KT,215129494188065,1821,0.0,114071206061199,FBA79260,B07GVGMW59,6,Audio Array_B07GVGMW59_Tonor Conference Mic_SP,0,FBA77102,G11,Tonor,,,
2026-07-26,0,104.82,KT,215129494188065,1646,0.0,114071206061199,FBA79260,B07GVGMW59,10,Audio Array_B07GVGMW59_Tonor Conference Mic_SP,0,FBA77102,G11,Tonor,,,
2026-07-27,0,88.79,KT,215129494188065,2121,0.0,114071206061199,FBA79260,B07GVGMW59,8,Audio Array_B07GVGMW59_Tonor Conference Mic_SP,0,FBA77102,G11,Tonor,,,
2026-07-28,1,97.94,KT,215129494188065,2552,2287.29,114071206061199,FBA79260,B07GVGMW59,9,Audio Array_B07GVGMW59_Tonor Conference Mic_SP,1,FBA77102,G11,Tonor,,,
2026-07-29,0,143.2,KT,215129494188065,1234,0.0,114071206061199,FBA79260,B07GVGMW59,12,Audio Array_B07GVGMW59_Tonor Conference Mic_SP,0,FBA77102,G11,Tonor,,,
2026-07-30,2,191.93,KT,215129494188065,1014,4483.89,114071206061199,FBA79260,B07GVGMW59,17,Audio Array_B07GVGMW59_Tonor Conference Mic_SP,2,FBA77102,G11,Tonor,,,
2026-07-31,0,106.52,KT,215129494188065,867,0.0,114071206061199,FBA79260,B07GVGMW59,7,Audio Array_B07GVGMW59_Tonor Conference Mic_SP,0,FBA77102,G11,Tonor,,,
2026-07-22,0,58.3,Refine CT,157594849023851,1496,0.0,252558119268825,B01ISNU3X4,B01ISNU3X4,6,Audio Array_B01ISNU3X4_Tonor Dynamic Mic_SP_PT/CT,0,FBA77113,K1,Tonor,Dynamic Microphone,Hand held Mic,
2026-07-23,0,64.85,Refine CT,157594849023851,1464,0.0,252558119268825,B01ISNU3X4,B01ISNU3X4,7,Audio Array_B01ISNU3X4_Tonor Dynamic Mic_SP_PT/CT,0,FBA77113,K1,Tonor,Dynamic Microphone,Hand held Mic,
2026-07-24,1,167.88,Refine CT,157594849023851,4207,1609.32,252558119268825,B01ISNU3X4,B01ISNU3X4,17,Audio Array_B01ISNU3X4_Tonor Dynamic Mic_SP_PT/CT,1,FBA77113,K1,Tonor,Dynamic Microphone,Hand held Mic,
2026-07-25,2,345.54,Refine CT,157594849023851,7880,4827.96,252558119268825,B01ISNU3X4,B01ISNU3X4,36,Audio Array_B01ISNU3X4_Tonor Dynamic Mic_SP_PT/CT,3,FBA77113,K1,Tonor,Dynamic Microphone,Hand held Mic,
2026-07-26,1,463.33,Refine CT,157594849023851,9246,1609.32,252558119268825,B01ISNU3X4,B01ISNU3X4,48,Audio Array_B01ISNU3X4_Tonor Dynamic Mic_SP_PT/CT,1,FBA77113,K1,Tonor,Dynamic Microphone,Hand held Mic,
2026-07-27,2,360.77,Refine CT,157594849023851,8574,3218.64,252558119268825,B01ISNU3X4,B01ISNU3X4,36,Audio Array_B01ISNU3X4_Tonor Dynamic Mic_SP_PT/CT,2,FBA77113,K1,Tonor,Dynamic Microphone,Hand held Mic,
2026-07-28,0,375.77,Refine CT,157594849023851,7754,0.0,252558119268825,B01ISNU3X4,B01ISNU3X4,38,Audio Array_B01ISNU3X4_Tonor Dynamic Mic_SP_PT/CT,0,FBA77113,K1,Tonor,Dynamic Microphone,Hand held Mic,
2026-07-29,0,270.53,Refine CT,157594849023851,6405,0.0,252558119268825,B01ISNU3X4,B01ISNU3X4,30,Audio Array_B01ISNU3X4_Tonor Dynamic Mic_SP_PT/CT,0,FBA77113,K1,Tonor,Dynamic Microphone,Hand held Mic,
2026-07-30,1,238.9,Refine CT,157594849023851,5539,1694.07,252558119268825,B01ISNU3X4,B01ISNU3X4,24,Audio Array_B01ISNU3X4_Tonor Dynamic Mic_SP_PT/CT,1,FBA77113,K1,Tonor,Dynamic Microphone,Hand held Mic,
2026-07-31,4,282.39,Refine CT,157594849023851,4323,6522.03,252558119268825,B01ISNU3X4,B01ISNU3X4,28,Audio Array_B01ISNU3X4_Tonor Dynamic Mic_SP_PT/CT,4,FBA77113,K1,Tonor,Dynamic Microphone,Hand held Mic,
2026-07-22,0,0.0,PT,157594849023851,17,0.0,228145093736239,B01ISNU3X4,B01ISNU3X4,0,Audio Array_B01ISNU3X4_Tonor Dynamic Mic_SP_PT/CT,0,FBA77113,K1,Tonor,Dynamic Microphone,Hand held Mic,
2026-07-23,0,0.0,PT,157594849023851,1,0.0,228145093736239,B01ISNU3X4,B01ISNU3X4,0,Audio Array_B01ISNU3X4_Tonor Dynamic Mic_SP_PT/CT,0,FBA77113,K1,Tonor,Dynamic Microphone,Hand held Mic,
2026-07-24,0,0.0,PT,157594849023851,13,0.0,228145093736239,B01ISNU3X4,B01ISNU3X4,0,Audio Array_B01ISNU3X4_Tonor Dynamic Mic_SP_PT/CT,0,FBA77113,K1,Tonor,Dynamic Microphone,Hand held Mic,
2026-07-25,0,23.31,PT,157594849023851,215,0.0,228145093736239,B01ISNU3X4,B01ISNU3X4,2,Audio Array_B01ISNU3X4_Tonor Dynamic Mic_SP_PT/CT,0,FBA77113,K1,Tonor,Dynamic Microphone,Hand held Mic,
2026-07-26,0,0.0,PT,157594849023851,233,0.0,228145093736239,B01ISNU3X4,B01ISNU3X4,0,Audio Array_B01ISNU3X4_Tonor Dynamic Mic_SP_PT/CT,0,FBA77113,K1,Tonor,Dynamic Microphone,Hand held Mic,
2026-07-22,0,217.81,BM,67277704155422,4528,0.0,122947219726387,B08NDB5NWP,B08NDB5NWP,18,Audio Array_B08NDB5NWP_Tonor Conference Mic_SP,0,FBA77110,TM20,Tonor,Conference Microphone,Wired,
2026-07-23,0,193.18,BM,67277704155422,3927,0.0,122947219726387,B08NDB5NWP,B08NDB5NWP,20,Audio Array_B08NDB5NWP_Tonor Conference Mic_SP,0,FBA77110,TM20,Tonor,Conference Microphone,Wired,
2026-07-24,0,163.58,BM,67277704155422,2844,0.0,122947219726387,B08NDB5NWP,B08NDB5NWP,13,Audio Array_B08NDB5NWP_Tonor Conference Mic_SP,0,FBA77110,TM20,Tonor,Conference Microphone,Wired,
2026-07-25,0,89.96,BM,67277704155422,2724,0.0,122947219726387,B08NDB5NWP,B08NDB5NWP,7,Audio Array_B08NDB5NWP_Tonor Conference Mic_SP,0,FBA77110,TM20,Tonor,Conference Microphone,Wired,
2026-07-26,0,125.17,BM,67277704155422,2729,0.0,122947219726387,B08NDB5NWP,B08NDB5NWP,11,Audio Array_B08NDB5NWP_Tonor Conference Mic_SP,0,FBA77110,TM20,Tonor,Conference Microphone,Wired,
2026-07-27,1,127.74,BM,67277704155422,2965,12707.65,122947219726387,B08NDB5NWP,B08NDB5NWP,10,Audio Array_B08NDB5NWP_Tonor Conference Mic_SP,5,FBA77110,TM20,Tonor,Conference Microphone,Wired,
2026-07-28,0,178.77,BM,67277704155422,3761,0.0,122947219726387,B08NDB5NWP,B08NDB5NWP,17,Audio Array_B08NDB5NWP_Tonor Conference Mic_SP,0,FBA77110,TM20,Tonor,Conference Microphone,Wired,
2026-07-29,0,158.89,BM,67277704155422,2335,0.0,122947219726387,B08NDB5NWP,B08NDB5NWP,13,Audio Array_B08NDB5NWP_Tonor Conference Mic_SP,0,FBA77110,TM20,Tonor,Conference Microphone,Wired,
2026-07-30,0,255.17,BM,67277704155422,3003,0.0,122947219726387,B08NDB5NWP,B08NDB5NWP,21,Audio Array_B08NDB5NWP_Tonor Conference Mic_SP,0,FBA77110,TM20,Tonor,Conference Microphone,Wired,
2026-07-31,0,197.5,BM,67277704155422,2381,0.0,122947219726387,B08NDB5NWP,B08NDB5NWP,15,Audio Array_B08NDB5NWP_Tonor Conference Mic_SP,0,FBA77110,TM20,Tonor,Conference Microphone,Wired,
2026-07-22,0,102.61,PT,215129494188065,927,0.0,4823300247742,FBA79260,B07GVGMW59,8,Audio Array_B07GVGMW59_Tonor Conference Mic_SP,0,FBA77102,G11,Tonor,,,
2026-07-23,0,130.88,PT,215129494188065,1010,0.0,4823300247742,FBA79260,B07GVGMW59,11,Audio Array_B07GVGMW59_Tonor Conference Mic_SP,0,FBA77102,G11,Tonor,,,
2026-07-24,0,80.47,PT,215129494188065,947,0.0,4823300247742,FBA79260,B07GVGMW59,8,Audio Array_B07GVGMW59_Tonor Conference Mic_SP,0,FBA77102,G11,Tonor,,,
2026-07-25,0,59.49,PT,215129494188065,859,0.0,4823300247742,FBA79260,B07GVGMW59,4,Audio Array_B07GVGMW59_Tonor Conference Mic_SP,0,FBA77102,G11,Tonor,,,
2026-07-26,0,112.68,PT,215129494188065,1023,0.0,4823300247742,FBA79260,B07GVGMW59,9,Audio Array_B07GVGMW59_Tonor Conference Mic_SP,0,FBA77102,G11,Tonor,,,
2026-07-27,0,44.3,PT,215129494188065,797,0.0,4823300247742,FBA79260,B07GVGMW59,5,Audio Array_B07GVGMW59_Tonor Conference Mic_SP,0,FBA77102,G11,Tonor,,,
2026-07-28,0,92.99,PT,215129494188065,966,0.0,4823300247742,FBA79260,B07GVGMW59,8,Audio Array_B07GVGMW59_Tonor Conference Mic_SP,0,FBA77102,G11,Tonor,,,
2026-07-29,0,68.34,PT,215129494188065,618,0.0,4823300247742,FBA79260,B07GVGMW59,6,Audio Array_B07GVGMW59_Tonor Conference Mic_SP,0,FBA77102,G11,Tonor,,,
2026-07-30,0,119.78,PT,215129494188065,621,0.0,4823300247742,FBA79260,B07GVGMW59,8,Audio Array_B07GVGMW59_Tonor Conference Mic_SP,0,FBA77102,G11,Tonor,,,
2026-07-31,1,139.56,PT,215129494188065,960,2287.29,4823300247742,FBA79260,B07GVGMW59,10,Audio Array_B07GVGMW59_Tonor Conference Mic_SP,1,FBA77102,G11,Tonor,,,
2026-07-22,0,133.72,PT,67277704155422,1219,0.0,107949770069706,B08NDB5NWP,B08NDB5NWP,12,Audio Array_B08NDB5NWP_Tonor Conference Mic_SP,0,FBA77110,TM20,Tonor,Conference Microphone,Wired,
2026-07-23,0,181.96,PT,67277704155422,1395,0.0,107949770069706,B08NDB5NWP,B08NDB5NWP,15,Audio Array_B08NDB5NWP_Tonor Conference Mic_SP,0,FBA77110,TM20,Tonor,Conference Microphone,Wired,
2026-07-24,0,63.3,PT,67277704155422,1217,0.0,107949770069706,B08NDB5NWP,B08NDB5NWP,6,Audio Array_B08NDB5NWP_Tonor Conference Mic_SP,0,FBA77110,TM20,Tonor,Conference Microphone,Wired,
2026-07-25,0,142.71,PT,67277704155422,690,0.0,107949770069706,B08NDB5NWP,B08NDB5NWP,10,Audio Array_B08NDB5NWP_Tonor Conference Mic_SP,0,FBA77110,TM20,Tonor,Conference Microphone,Wired,
2026-07-26,0,97.4,PT,67277704155422,757,0.0,107949770069706,B08NDB5NWP,B08NDB5NWP,8,Audio Array_B08NDB5NWP_Tonor Conference Mic_SP,0,FBA77110,TM20,Tonor,Conference Microphone,Wired,
2026-07-27,0,41.32,PT,67277704155422,206,0.0,107949770069706,B08NDB5NWP,B08NDB5NWP,3,Audio Array_B08NDB5NWP_Tonor Conference Mic_SP,0,FBA77110,TM20,Tonor,Conference Microphone,Wired,
2026-07-31,0,0.0,PT,67277704155422,0,0.0,107949770069706,B08NDB5NWP,B08NDB5NWP,0,Audio Array_B08NDB5NWP_Tonor Conference Mic_SP,0,FBA77110,TM20,Tonor,Conference Microphone,Wired,
2026-07-22,2,521.29,KT - BM,78495635228839,5323,3133.9,182916318711954,B01ISNU3X4,B01ISNU3X4,62,Audio Array_B01ISNU3X4_Tonor Dynamic Mic_SP_KT,2,FBA77113,K1,Tonor,Dynamic Microphone,Hand held Mic,
2026-07-23,1,414.51,KT - BM,78495635228839,6280,1609.32,182916318711954,B01ISNU3X4,B01ISNU3X4,48,Audio Array_B01ISNU3X4_Tonor Dynamic Mic_SP_KT,1,FBA77113,K1,Tonor,Dynamic Microphone,Hand held Mic,
2026-07-24,5,356.3,KT - BM,78495635228839,4835,6522.02,182916318711954,B01ISNU3X4,B01ISNU3X4,39,Audio Array_B01ISNU3X4_Tonor Dynamic Mic_SP_KT,5,FBA77113,K1,Tonor,Dynamic Microphone,Hand held Mic,
2026-07-25,1,278.62,KT - BM,78495635228839,4400,1609.32,182916318711954,B01ISNU3X4,B01ISNU3X4,31,Audio Array_B01ISNU3X4_Tonor Dynamic Mic_SP_KT,1,FBA77113,K1,Tonor,Dynamic Microphone,Hand held Mic,
2026-07-26,0,450.6,KT - BM,78495635228839,7058,0.0,182916318711954,B01ISNU3X4,B01ISNU3X4,47,Audio Array_B01ISNU3X4_Tonor Dynamic Mic_SP_KT,0,FBA77113,K1,Tonor,Dynamic Microphone,Hand held Mic,
2026-07-27,0,373.32,KT - BM,78495635228839,5943,0.0,182916318711954,B01ISNU3X4,B01ISNU3X4,43,Audio Array_B01ISNU3X4_Tonor Dynamic Mic_SP_KT,0,FBA77113,K1,Tonor,Dynamic Microphone,Hand held Mic,
2026-07-28,3,359.9,KT - BM,78495635228839,5843,4827.96,182916318711954,B01ISNU3X4,B01ISNU3X4,39,Audio Array_B01ISNU3X4_Tonor Dynamic Mic_SP_KT,3,FBA77113,K1,Tonor,Dynamic Microphone,Hand held Mic,
2026-07-29,5,546.78,KT - BM,78495635228839,5081,6437.28,182916318711954,B01ISNU3X4,B01ISNU3X4,55,Audio Array_B01ISNU3X4_Tonor Dynamic Mic_SP_KT,5,FBA77113,K1,Tonor,Dynamic Microphone,Hand held Mic,
2026-07-30,3,370.39,KT - BM,78495635228839,4781,3218.64,182916318711954,B01ISNU3X4,B01ISNU3X4,38,Audio Array_B01ISNU3X4_Tonor Dynamic Mic_SP_KT,3,FBA77113,K1,Tonor,Dynamic Microphone,Hand held Mic,
2026-07-31,0,436.7,KT - BM,78495635228839,4402,0.0,182916318711954,B01ISNU3X4,B01ISNU3X4,46,Audio Array_B01ISNU3X4_Tonor Dynamic Mic_SP_KT,0,FBA77113,K1,Tonor,Dynamic Microphone,Hand held Mic,
2026-07-22,0,26.9,Ad Group - 26/6/2026 10:03:41.599,80877003270492,12454,0.0,351946757625022,FBA79260,B07GVGMW59,5,Audio Array_Conference Mic_SP_AT,0,FBA77102,G11,Tonor,,,
2026-07-23,0,54.58,Ad Group - 26/6/2026 10:03:41.599,80877003270492,10749,0.0,351946757625022,FBA79260,B07GVGMW59,11,Audio Array_Conference Mic_SP_AT,0,FBA77102,G11,Tonor,,,
2026-07-24,0,50.45,Ad Group - 26/6/2026 10:03:41.599,80877003270492,8105,0.0,351946757625022,FBA79260,B07GVGMW59,9,Audio Array_Conference Mic_SP_AT,0,FBA77102,G11,Tonor,,,
2026-07-25,0,74.22,Ad Group - 26/6/2026 10:03:41.599,80877003270492,12807,0.0,351946757625022,FBA79260,B07GVGMW59,14,Audio Array_Conference Mic_SP_AT,0,FBA77102,G11,Tonor,,,
2026-07-26,0,118.5,Ad Group - 26/6/2026 10:03:41.599,80877003270492,16299,0.0,351946757625022,FBA79260,B07GVGMW59,22,Audio Array_Conference Mic_SP_AT,0,FBA77102,G11,Tonor,,,
2026-07-27,0,102.84,Ad Group - 26/6/2026 10:03:41.599,80877003270492,15175,0.0,351946757625022,FBA79260,B07GVGMW59,18,Audio Array_Conference Mic_SP_AT,0,FBA77102,G11,Tonor,,,
2026-07-28,0,69.33,Ad Group - 26/6/2026 10:03:41.599,80877003270492,10798,0.0,351946757625022,FBA79260,B07GVGMW59,11,Audio Array_Conference Mic_SP_AT,0,FBA77102,G11,Tonor,,,
2026-07-29,0,66.0,Ad Group - 26/6/2026 10:03:41.599,80877003270492,9767,0.0,351946757625022,FBA79260,B07GVGMW59,12,Audio Array_Conference Mic_SP_AT,0,FBA77102,G11,Tonor,,,
2026-07-30,0,63.81,Ad Group - 26/6/2026 10:03:41.599,80877003270492,9638,0.0,351946757625022,FBA79260,B07GVGMW59,11,Audio Array_Conference Mic_SP_AT,0,FBA77102,G11,Tonor,,,
2026-07-31,1,68.05,Ad Group - 26/6/2026 10:03:41.599,80877003270492,9504,2541.52,351946757625022,FBA79260,B07GVGMW59,12,Audio Array_Conference Mic_SP_AT,1,FBA77102,G11,Tonor,,,
2026-07-22,1,73.64,Ad Group - 26/6/2026 10:03:41.599,80877003270492,17209,2117.8,351946757625022,B08NDB5NWP,B08NDB5NWP,14,Audio Array_Conference Mic_SP_AT,1,FBA77110,TM20,Tonor,Conference Microphone,Wired,
2026-07-23,0,85.63,Ad Group - 26/6/2026 10:03:41.599,80877003270492,11642,0.0,351946757625022,B08NDB5NWP,B08NDB5NWP,18,Audio Array_Conference Mic_SP_AT,0,FBA77110,TM20,Tonor,Conference Microphone,Wired,
2026-07-24,0,91.25,Ad Group - 26/6/2026 10:03:41.599,80877003270492,7058,0.0,351946757625022,B08NDB5NWP,B08NDB5NWP,17,Audio Array_Conference Mic_SP_AT,0,FBA77110,TM20,Tonor,Conference Microphone,Wired,
2026-07-25,0,34.26,Ad Group - 26/6/2026 10:03:41.599,80877003270492,6466,0.0,351946757625022,B08NDB5NWP,B08NDB5NWP,6,Audio Array_Conference Mic_SP_AT,0,FBA77110,TM20,Tonor,Conference Microphone,Wired,
2026-07-26,0,56.39,Ad Group - 26/6/2026 10:03:41.599,80877003270492,7225,0.0,351946757625022,B08NDB5NWP,B08NDB5NWP,11,Audio Array_Conference Mic_SP_AT,0,FBA77110,TM20,Tonor,Conference Microphone,Wired,
2026-07-27,0,78.85,Ad Group - 26/6/2026 10:03:41.599,80877003270492,6560,0.0,351946757625022,B08NDB5NWP,B08NDB5NWP,14,Audio Array_Conference Mic_SP_AT,0,FBA77110,TM20,Tonor,Conference Microphone,Wired,
2026-07-28,0,102.04,Ad Group - 26/6/2026 10:03:41.599,80877003270492,8272,0.0,351946757625022,B08NDB5NWP,B08NDB5NWP,18,Audio Array_Conference Mic_SP_AT,0,FBA77110,TM20,Tonor,Conference Microphone,Wired,
2026-07-29,1,66.6,Ad Group - 26/6/2026 10:03:41.599,80877003270492,3979,2541.53,351946757625022,B08NDB5NWP,B08NDB5NWP,13,Audio Array_Conference Mic_SP_AT,1,FBA77110,TM20,Tonor,Conference Microphone,Wired,
2026-07-30,0,67.98,Ad Group - 26/6/2026 10:03:41.599,80877003270492,5492,0.0,351946757625022,B08NDB5NWP,B08NDB5NWP,12,Audio Array_Conference Mic_SP_AT,0,FBA77110,TM20,Tonor,Conference Microphone,Wired,
2026-07-31,0,28.32,Ad Group - 26/6/2026 10:03:41.599,80877003270492,5433,0.0,351946757625022,B08NDB5NWP,B08NDB5NWP,5,Audio Array_Conference Mic_SP_AT,0,FBA77110,TM20,Tonor,Conference Microphone,Wired,
