date,asin,Spend,adGroupName,ams_orders,campaignId,14 Day Total Units (#),Impressions,raw_sku,adGroupId,14 Day Total Sales (₹),Clicks,campaignName,sku,model,brand,category_l0,category_l1,category_l2
2026-06-05,B0B4DPX2J2,115.1,Condenser Microphones,0,88800319740398,0,23622,B0B4DPX2J2,1530305156531,0.0,71,Audio Array-Catch All-SD-CT,FBA75673,AM-C1,Audio Array,Microphone Condenser,USB Microphone Kit - Boomarm,
2026-06-06,B0B4DPX2J2,236.94,Condenser Microphones,1,88800319740398,1,25673,B0B4DPX2J2,1530305156531,2244.92,64,Audio Array-Catch All-SD-CT,FBA75673,AM-C1,Audio Array,Microphone Condenser,USB Microphone Kit - Boomarm,
2026-06-07,B0B4DPX2J2,176.98,Condenser Microphones,0,88800319740398,0,21445,B0B4DPX2J2,1530305156531,0.0,43,Audio Array-Catch All-SD-CT,FBA75673,AM-C1,Audio Array,Microphone Condenser,USB Microphone Kit - Boomarm,
2026-06-08,B0B4DPX2J2,199.3,Condenser Microphones,1,88800319740398,1,20817,B0B4DPX2J2,1530305156531,2244.92,46,Audio Array-Catch All-SD-CT,FBA75673,AM-C1,Audio Array,Microphone Condenser,USB Microphone Kit - Boomarm,
2026-06-09,B0B4DPX2J2,215.61,Condenser Microphones,0,88800319740398,0,12548,B0B4DPX2J2,1530305156531,0.0,44,Audio Array-Catch All-SD-CT,FBA75673,AM-C1,Audio Array,Microphone Condenser,USB Microphone Kit - Boomarm,
2026-06-10,B0B4DPX2J2,220.77,Condenser Microphones,1,88800319740398,1,15242,B0B4DPX2J2,1530305156531,2244.92,41,Audio Array-Catch All-SD-CT,FBA75673,AM-C1,Audio Array,Microphone Condenser,USB Microphone Kit - Boomarm,
2026-06-11,B0B4DPX2J2,151.7,Condenser Microphones,1,88800319740398,1,19005,B0B4DPX2J2,1530305156531,0.0,29,Audio Array-Catch All-SD-CT,FBA75673,AM-C1,Audio Array,Microphone Condenser,USB Microphone Kit - Boomarm,
2026-06-12,B0B4DPX2J2,113.13,Condenser Microphones,3,88800319740398,3,8916,B0B4DPX2J2,1530305156531,8726.27,28,Audio Array-Catch All-SD-CT,FBA75673,AM-C1,Audio Array,Microphone Condenser,USB Microphone Kit - Boomarm,
2026-06-13,B0B4DPX2J2,92.74,Condenser Microphones,1,88800319740398,1,6937,B0B4DPX2J2,1530305156531,2244.92,20,Audio Array-Catch All-SD-CT,FBA75673,AM-C1,Audio Array,Microphone Condenser,USB Microphone Kit - Boomarm,
2026-06-14,B0B4DPX2J2,148.39,Condenser Microphones,0,88800319740398,0,14743,B0B4DPX2J2,1530305156531,0.0,65,Audio Array-Catch All-SD-CT,FBA75673,AM-C1,Audio Array,Microphone Condenser,USB Microphone Kit - Boomarm,
2026-06-15,B0B4DPX2J2,484.49,Condenser Microphones,1,88800319740398,1,27214,B0B4DPX2J2,1530305156531,2244.92,115,Audio Array-Catch All-SD-CT,FBA75673,AM-C1,Audio Array,Microphone Condenser,USB Microphone Kit - Boomarm,
2026-06-16,B0B4DPX2J2,545.44,Condenser Microphones,0,88800319740398,0,62219,B0B4DPX2J2,1530305156531,0.0,172,Audio Array-Catch All-SD-CT,FBA75673,AM-C1,Audio Array,Microphone Condenser,USB Microphone Kit - Boomarm,
2026-06-17,B0B4DPX2J2,72.32,Condenser Microphones,1,88800319740398,1,6452,B0B4DPX2J2,1530305156531,2244.92,14,Audio Array-Catch All-SD-CT,FBA75673,AM-C1,Audio Array,Microphone Condenser,USB Microphone Kit - Boomarm,
2026-06-18,B0B4DPX2J2,81.96,Condenser Microphones,0,88800319740398,0,5399,B0B4DPX2J2,1530305156531,0.0,13,Audio Array-Catch All-SD-CT,FBA75673,AM-C1,Audio Array,Microphone Condenser,USB Microphone Kit - Boomarm,
2026-06-19,B0B4DPX2J2,194.11,Condenser Microphones,0,88800319740398,0,8334,B0B4DPX2J2,1530305156531,0.0,27,Audio Array-Catch All-SD-CT,FBA75673,AM-C1,Audio Array,Microphone Condenser,USB Microphone Kit - Boomarm,
2026-06-20,B0B4DPX2J2,224.61,Condenser Microphones,0,88800319740398,0,11078,B0B4DPX2J2,1530305156531,0.0,39,Audio Array-Catch All-SD-CT,FBA75673,AM-C1,Audio Array,Microphone Condenser,USB Microphone Kit - Boomarm,
2026-06-21,B0B4DPX2J2,204.08,Condenser Microphones,0,88800319740398,0,15960,B0B4DPX2J2,1530305156531,0.0,41,Audio Array-Catch All-SD-CT,FBA75673,AM-C1,Audio Array,Microphone Condenser,USB Microphone Kit - Boomarm,
2026-06-22,B0B4DPX2J2,286.45,Condenser Microphones,1,88800319740398,1,20646,B0B4DPX2J2,1530305156531,2244.92,55,Audio Array-Catch All-SD-CT,FBA75673,AM-C1,Audio Array,Microphone Condenser,USB Microphone Kit - Boomarm,
2026-06-23,B0B4DPX2J2,110.78,Condenser Microphones,0,88800319740398,0,13047,B0B4DPX2J2,1530305156531,0.0,25,Audio Array-Catch All-SD-CT,FBA75673,AM-C1,Audio Array,Microphone Condenser,USB Microphone Kit - Boomarm,
2026-06-24,B0B4DPX2J2,120.15,Condenser Microphones,1,88800319740398,1,8632,B0B4DPX2J2,1530305156531,0.0,24,Audio Array-Catch All-SD-CT,FBA75673,AM-C1,Audio Array,Microphone Condenser,USB Microphone Kit - Boomarm,
2026-06-25,B0B4DPX2J2,50.12,Condenser Microphones,1,88800319740398,1,7167,B0B4DPX2J2,1530305156531,2287.29,15,Audio Array-Catch All-SD-CT,FBA75673,AM-C1,Audio Array,Microphone Condenser,USB Microphone Kit - Boomarm,
2026-06-05,B0B4G19R58,49.66,Condenser Microphones,0,88800319740398,0,8742,B0B4G19R58,1530305156531,0.0,19,Audio Array-Catch All-SD-CT,FBA75674,AM-C2,Audio Array,Microphone Condenser,XLR Microphone Kit - Boomarm,
2026-06-06,B0B4G19R58,28.52,Condenser Microphones,0,88800319740398,0,10907,B0B4G19R58,1530305156531,0.0,14,Audio Array-Catch All-SD-CT,FBA75674,AM-C2,Audio Array,Microphone Condenser,XLR Microphone Kit - Boomarm,
2026-06-07,B0B4G19R58,63.77,Condenser Microphones,0,88800319740398,0,8249,B0B4G19R58,1530305156531,0.0,17,Audio Array-Catch All-SD-CT,FBA75674,AM-C2,Audio Array,Microphone Condenser,XLR Microphone Kit - Boomarm,
2026-06-08,B0B4G19R58,138.48,Condenser Microphones,1,88800319740398,1,7970,B0B4G19R58,1530305156531,4236.44,22,Audio Array-Catch All-SD-CT,FBA75674,AM-C2,Audio Array,Microphone Condenser,XLR Microphone Kit - Boomarm,
2026-06-09,B0B4G19R58,25.43,Condenser Microphones,0,88800319740398,0,3395,B0B4G19R58,1530305156531,0.0,4,Audio Array-Catch All-SD-CT,FBA75674,AM-C2,Audio Array,Microphone Condenser,XLR Microphone Kit - Boomarm,
2026-06-10,B0B4G19R58,0.0,Condenser Microphones,0,88800319740398,0,0,B0B4G19R58,1530305156531,0.0,0,Audio Array-Catch All-SD-CT,FBA75674,AM-C2,Audio Array,Microphone Condenser,XLR Microphone Kit - Boomarm,
2026-06-11,B0B4G19R58,0.0,Condenser Microphones,0,88800319740398,0,0,B0B4G19R58,1530305156531,0.0,0,Audio Array-Catch All-SD-CT,FBA75674,AM-C2,Audio Array,Microphone Condenser,XLR Microphone Kit - Boomarm,
2026-06-12,B0B4G19R58,0.0,Condenser Microphones,0,88800319740398,0,0,B0B4G19R58,1530305156531,0.0,0,Audio Array-Catch All-SD-CT,FBA75674,AM-C2,Audio Array,Microphone Condenser,XLR Microphone Kit - Boomarm,
2026-06-13,B0B4G19R58,0.0,Condenser Microphones,0,88800319740398,0,0,B0B4G19R58,1530305156531,0.0,0,Audio Array-Catch All-SD-CT,FBA75674,AM-C2,Audio Array,Microphone Condenser,XLR Microphone Kit - Boomarm,
2026-06-14,B0B4G19R58,0.0,Condenser Microphones,0,88800319740398,0,0,B0B4G19R58,1530305156531,0.0,0,Audio Array-Catch All-SD-CT,FBA75674,AM-C2,Audio Array,Microphone Condenser,XLR Microphone Kit - Boomarm,
2026-06-15,B0B4G19R58,0.0,Condenser Microphones,0,88800319740398,0,0,B0B4G19R58,1530305156531,0.0,0,Audio Array-Catch All-SD-CT,FBA75674,AM-C2,Audio Array,Microphone Condenser,XLR Microphone Kit - Boomarm,
2026-06-16,B0B4G19R58,0.0,Condenser Microphones,0,88800319740398,0,0,B0B4G19R58,1530305156531,0.0,0,Audio Array-Catch All-SD-CT,FBA75674,AM-C2,Audio Array,Microphone Condenser,XLR Microphone Kit - Boomarm,
2026-06-17,B0B4G19R58,0.0,Condenser Microphones,0,88800319740398,0,0,B0B4G19R58,1530305156531,0.0,0,Audio Array-Catch All-SD-CT,FBA75674,AM-C2,Audio Array,Microphone Condenser,XLR Microphone Kit - Boomarm,
2026-06-18,B0B4G19R58,0.0,Condenser Microphones,0,88800319740398,0,0,B0B4G19R58,1530305156531,0.0,0,Audio Array-Catch All-SD-CT,FBA75674,AM-C2,Audio Array,Microphone Condenser,XLR Microphone Kit - Boomarm,
2026-06-19,B0B4G19R58,0.0,Condenser Microphones,0,88800319740398,0,0,B0B4G19R58,1530305156531,0.0,0,Audio Array-Catch All-SD-CT,FBA75674,AM-C2,Audio Array,Microphone Condenser,XLR Microphone Kit - Boomarm,
2026-06-20,B0B4G19R58,0.0,Condenser Microphones,0,88800319740398,0,0,B0B4G19R58,1530305156531,0.0,0,Audio Array-Catch All-SD-CT,FBA75674,AM-C2,Audio Array,Microphone Condenser,XLR Microphone Kit - Boomarm,
2026-06-21,B0B4G19R58,0.0,Condenser Microphones,0,88800319740398,0,0,B0B4G19R58,1530305156531,0.0,0,Audio Array-Catch All-SD-CT,FBA75674,AM-C2,Audio Array,Microphone Condenser,XLR Microphone Kit - Boomarm,
2026-06-22,B0B4G19R58,6.89,Condenser Microphones,0,88800319740398,0,669,B0B4G19R58,1530305156531,0.0,3,Audio Array-Catch All-SD-CT,FBA75674,AM-C2,Audio Array,Microphone Condenser,XLR Microphone Kit - Boomarm,
2026-06-23,B0B4G19R58,9.56,Condenser Microphones,0,88800319740398,0,1547,B0B4G19R58,1530305156531,0.0,4,Audio Array-Catch All-SD-CT,FBA75674,AM-C2,Audio Array,Microphone Condenser,XLR Microphone Kit - Boomarm,
2026-06-24,B0B4G19R58,18.56,Condenser Microphones,0,88800319740398,0,2033,B0B4G19R58,1530305156531,0.0,6,Audio Array-Catch All-SD-CT,FBA75674,AM-C2,Audio Array,Microphone Condenser,XLR Microphone Kit - Boomarm,
2026-06-25,B0B4G19R58,36.2,Condenser Microphones,0,88800319740398,0,4716,B0B4G19R58,1530305156531,0.0,8,Audio Array-Catch All-SD-CT,FBA75674,AM-C2,Audio Array,Microphone Condenser,XLR Microphone Kit - Boomarm,
2026-06-05,B0B4G8ZB64,0.0,Handheld Dynamic,0,88800319740398,0,0,B0B4G8ZB64,92137177023119,0.0,0,Audio Array-Catch All-SD-CT,FBA75675,AM-C3,Audio Array,Microphone Dynamic,Vocal Microphone,
2026-06-06,B0B4G8ZB64,0.0,Handheld Dynamic,0,88800319740398,0,0,B0B4G8ZB64,92137177023119,0.0,0,Audio Array-Catch All-SD-CT,FBA75675,AM-C3,Audio Array,Microphone Dynamic,Vocal Microphone,
2026-06-07,B0B4G8ZB64,0.0,Handheld Dynamic,0,88800319740398,0,0,B0B4G8ZB64,92137177023119,0.0,0,Audio Array-Catch All-SD-CT,FBA75675,AM-C3,Audio Array,Microphone Dynamic,Vocal Microphone,
2026-06-08,B0B4G8ZB64,0.0,Handheld Dynamic,0,88800319740398,0,0,B0B4G8ZB64,92137177023119,0.0,0,Audio Array-Catch All-SD-CT,FBA75675,AM-C3,Audio Array,Microphone Dynamic,Vocal Microphone,
2026-06-09,B0B4G8ZB64,0.0,Handheld Dynamic,0,88800319740398,0,0,B0B4G8ZB64,92137177023119,0.0,0,Audio Array-Catch All-SD-CT,FBA75675,AM-C3,Audio Array,Microphone Dynamic,Vocal Microphone,
2026-06-10,B0B4G8ZB64,0.0,Handheld Dynamic,0,88800319740398,0,0,B0B4G8ZB64,92137177023119,0.0,0,Audio Array-Catch All-SD-CT,FBA75675,AM-C3,Audio Array,Microphone Dynamic,Vocal Microphone,
2026-06-11,B0B4G8ZB64,0.0,Handheld Dynamic,0,88800319740398,0,0,B0B4G8ZB64,92137177023119,0.0,0,Audio Array-Catch All-SD-CT,FBA75675,AM-C3,Audio Array,Microphone Dynamic,Vocal Microphone,
2026-06-12,B0B4G8ZB64,0.0,Handheld Dynamic,0,88800319740398,0,0,B0B4G8ZB64,92137177023119,0.0,0,Audio Array-Catch All-SD-CT,FBA75675,AM-C3,Audio Array,Microphone Dynamic,Vocal Microphone,
2026-06-13,B0B4G8ZB64,0.0,Handheld Dynamic,0,88800319740398,0,0,B0B4G8ZB64,92137177023119,0.0,0,Audio Array-Catch All-SD-CT,FBA75675,AM-C3,Audio Array,Microphone Dynamic,Vocal Microphone,
2026-06-14,B0B4G8ZB64,0.0,Handheld Dynamic,0,88800319740398,0,0,B0B4G8ZB64,92137177023119,0.0,0,Audio Array-Catch All-SD-CT,FBA75675,AM-C3,Audio Array,Microphone Dynamic,Vocal Microphone,
2026-06-15,B0B4G8ZB64,0.0,Handheld Dynamic,0,88800319740398,0,0,B0B4G8ZB64,92137177023119,0.0,0,Audio Array-Catch All-SD-CT,FBA75675,AM-C3,Audio Array,Microphone Dynamic,Vocal Microphone,
2026-06-16,B0B4G8ZB64,0.0,Handheld Dynamic,0,88800319740398,0,0,B0B4G8ZB64,92137177023119,0.0,0,Audio Array-Catch All-SD-CT,FBA75675,AM-C3,Audio Array,Microphone Dynamic,Vocal Microphone,
2026-06-17,B0B4G8ZB64,0.0,Handheld Dynamic,0,88800319740398,0,0,B0B4G8ZB64,92137177023119,0.0,0,Audio Array-Catch All-SD-CT,FBA75675,AM-C3,Audio Array,Microphone Dynamic,Vocal Microphone,
2026-06-18,B0B4G8ZB64,0.0,Handheld Dynamic,0,88800319740398,0,0,B0B4G8ZB64,92137177023119,0.0,0,Audio Array-Catch All-SD-CT,FBA75675,AM-C3,Audio Array,Microphone Dynamic,Vocal Microphone,
2026-06-19,B0B4G8ZB64,0.0,Handheld Dynamic,0,88800319740398,0,0,B0B4G8ZB64,92137177023119,0.0,0,Audio Array-Catch All-SD-CT,FBA75675,AM-C3,Audio Array,Microphone Dynamic,Vocal Microphone,
2026-06-20,B0B4G8ZB64,0.0,Handheld Dynamic,0,88800319740398,0,0,B0B4G8ZB64,92137177023119,0.0,0,Audio Array-Catch All-SD-CT,FBA75675,AM-C3,Audio Array,Microphone Dynamic,Vocal Microphone,
2026-06-21,B0B4G8ZB64,0.0,Handheld Dynamic,0,88800319740398,0,0,B0B4G8ZB64,92137177023119,0.0,0,Audio Array-Catch All-SD-CT,FBA75675,AM-C3,Audio Array,Microphone Dynamic,Vocal Microphone,
2026-06-22,B0B4G8ZB64,0.0,Handheld Dynamic,0,88800319740398,0,0,B0B4G8ZB64,92137177023119,0.0,0,Audio Array-Catch All-SD-CT,FBA75675,AM-C3,Audio Array,Microphone Dynamic,Vocal Microphone,
2026-06-23,B0B4G8ZB64,0.0,Handheld Dynamic,0,88800319740398,0,0,B0B4G8ZB64,92137177023119,0.0,0,Audio Array-Catch All-SD-CT,FBA75675,AM-C3,Audio Array,Microphone Dynamic,Vocal Microphone,
2026-06-24,B0B4G8ZB64,0.0,Handheld Dynamic,0,88800319740398,0,0,B0B4G8ZB64,92137177023119,0.0,0,Audio Array-Catch All-SD-CT,FBA75675,AM-C3,Audio Array,Microphone Dynamic,Vocal Microphone,
2026-06-25,B0B4G8ZB64,0.0,Handheld Dynamic,0,88800319740398,0,0,B0B4G8ZB64,92137177023119,0.0,0,Audio Array-Catch All-SD-CT,FBA75675,AM-C3,Audio Array,Microphone Dynamic,Vocal Microphone,
2026-06-05,B0B4KC7VBM,0.0,Conference Mics,0,88800319740398,0,0,B0B4KC7VBM,198602319025234,0.0,0,Audio Array-Catch All-SD-CT,FBA75677,AM-C5,Audio Array,Microphone Conference,Conference Microphone,
2026-06-06,B0B4KC7VBM,0.0,Conference Mics,0,88800319740398,0,0,B0B4KC7VBM,198602319025234,0.0,0,Audio Array-Catch All-SD-CT,FBA75677,AM-C5,Audio Array,Microphone Conference,Conference Microphone,
2026-06-07,B0B4KC7VBM,0.0,Conference Mics,0,88800319740398,0,0,B0B4KC7VBM,198602319025234,0.0,0,Audio Array-Catch All-SD-CT,FBA75677,AM-C5,Audio Array,Microphone Conference,Conference Microphone,
2026-06-08,B0B4KC7VBM,0.0,Conference Mics,0,88800319740398,0,0,B0B4KC7VBM,198602319025234,0.0,0,Audio Array-Catch All-SD-CT,FBA75677,AM-C5,Audio Array,Microphone Conference,Conference Microphone,
2026-06-09,B0B4KC7VBM,0.0,Conference Mics,0,88800319740398,0,0,B0B4KC7VBM,198602319025234,0.0,0,Audio Array-Catch All-SD-CT,FBA75677,AM-C5,Audio Array,Microphone Conference,Conference Microphone,
2026-06-10,B0B4KC7VBM,0.0,Conference Mics,0,88800319740398,0,0,B0B4KC7VBM,198602319025234,0.0,0,Audio Array-Catch All-SD-CT,FBA75677,AM-C5,Audio Array,Microphone Conference,Conference Microphone,
2026-06-11,B0B4KC7VBM,0.0,Conference Mics,0,88800319740398,0,0,B0B4KC7VBM,198602319025234,0.0,0,Audio Array-Catch All-SD-CT,FBA75677,AM-C5,Audio Array,Microphone Conference,Conference Microphone,
2026-06-12,B0B4KC7VBM,0.0,Conference Mics,0,88800319740398,0,0,B0B4KC7VBM,198602319025234,0.0,0,Audio Array-Catch All-SD-CT,FBA75677,AM-C5,Audio Array,Microphone Conference,Conference Microphone,
2026-06-13,B0B4KC7VBM,0.0,Conference Mics,0,88800319740398,0,0,B0B4KC7VBM,198602319025234,0.0,0,Audio Array-Catch All-SD-CT,FBA75677,AM-C5,Audio Array,Microphone Conference,Conference Microphone,
2026-06-14,B0B4KC7VBM,0.0,Conference Mics,0,88800319740398,0,0,B0B4KC7VBM,198602319025234,0.0,0,Audio Array-Catch All-SD-CT,FBA75677,AM-C5,Audio Array,Microphone Conference,Conference Microphone,
2026-06-15,B0B4KC7VBM,0.0,Conference Mics,0,88800319740398,0,0,B0B4KC7VBM,198602319025234,0.0,0,Audio Array-Catch All-SD-CT,FBA75677,AM-C5,Audio Array,Microphone Conference,Conference Microphone,
2026-06-16,B0B4KC7VBM,0.0,Conference Mics,0,88800319740398,0,0,B0B4KC7VBM,198602319025234,0.0,0,Audio Array-Catch All-SD-CT,FBA75677,AM-C5,Audio Array,Microphone Conference,Conference Microphone,
2026-06-17,B0B4KC7VBM,0.0,Conference Mics,0,88800319740398,0,0,B0B4KC7VBM,198602319025234,0.0,0,Audio Array-Catch All-SD-CT,FBA75677,AM-C5,Audio Array,Microphone Conference,Conference Microphone,
2026-06-18,B0B4KC7VBM,0.0,Conference Mics,0,88800319740398,0,0,B0B4KC7VBM,198602319025234,0.0,0,Audio Array-Catch All-SD-CT,FBA75677,AM-C5,Audio Array,Microphone Conference,Conference Microphone,
2026-06-19,B0B4KC7VBM,0.0,Conference Mics,0,88800319740398,0,0,B0B4KC7VBM,198602319025234,0.0,0,Audio Array-Catch All-SD-CT,FBA75677,AM-C5,Audio Array,Microphone Conference,Conference Microphone,
2026-06-20,B0B4KC7VBM,0.0,Conference Mics,0,88800319740398,0,0,B0B4KC7VBM,198602319025234,0.0,0,Audio Array-Catch All-SD-CT,FBA75677,AM-C5,Audio Array,Microphone Conference,Conference Microphone,
2026-06-21,B0B4KC7VBM,0.0,Conference Mics,0,88800319740398,0,0,B0B4KC7VBM,198602319025234,0.0,0,Audio Array-Catch All-SD-CT,FBA75677,AM-C5,Audio Array,Microphone Conference,Conference Microphone,
2026-06-22,B0B4KC7VBM,0.0,Conference Mics,0,88800319740398,0,0,B0B4KC7VBM,198602319025234,0.0,0,Audio Array-Catch All-SD-CT,FBA75677,AM-C5,Audio Array,Microphone Conference,Conference Microphone,
2026-06-23,B0B4KC7VBM,0.0,Conference Mics,0,88800319740398,0,0,B0B4KC7VBM,198602319025234,0.0,0,Audio Array-Catch All-SD-CT,FBA75677,AM-C5,Audio Array,Microphone Conference,Conference Microphone,
2026-06-24,B0B4KC7VBM,0.0,Conference Mics,0,88800319740398,0,0,B0B4KC7VBM,198602319025234,0.0,0,Audio Array-Catch All-SD-CT,FBA75677,AM-C5,Audio Array,Microphone Conference,Conference Microphone,
2026-06-25,B0B4KC7VBM,0.0,Conference Mics,0,88800319740398,0,0,B0B4KC7VBM,198602319025234,0.0,0,Audio Array-Catch All-SD-CT,FBA75677,AM-C5,Audio Array,Microphone Conference,Conference Microphone,
2026-06-05,B0B4K87PR4,0.0,Conference Mics,0,88800319740398,0,0,B0B4K87PR4,198602319025234,0.0,0,Audio Array-Catch All-SD-CT,FBA75690,AM-C10,Audio Array,Microphone Conference,Conference Microphone,
2026-06-06,B0B4K87PR4,0.0,Conference Mics,0,88800319740398,0,0,B0B4K87PR4,198602319025234,0.0,0,Audio Array-Catch All-SD-CT,FBA75690,AM-C10,Audio Array,Microphone Conference,Conference Microphone,
2026-06-07,B0B4K87PR4,0.0,Conference Mics,0,88800319740398,0,0,B0B4K87PR4,198602319025234,0.0,0,Audio Array-Catch All-SD-CT,FBA75690,AM-C10,Audio Array,Microphone Conference,Conference Microphone,
2026-06-08,B0B4K87PR4,0.0,Conference Mics,0,88800319740398,0,0,B0B4K87PR4,198602319025234,0.0,0,Audio Array-Catch All-SD-CT,FBA75690,AM-C10,Audio Array,Microphone Conference,Conference Microphone,
2026-06-09,B0B4K87PR4,0.0,Conference Mics,0,88800319740398,0,0,B0B4K87PR4,198602319025234,0.0,0,Audio Array-Catch All-SD-CT,FBA75690,AM-C10,Audio Array,Microphone Conference,Conference Microphone,
2026-06-10,B0B4K87PR4,0.0,Conference Mics,0,88800319740398,0,0,B0B4K87PR4,198602319025234,0.0,0,Audio Array-Catch All-SD-CT,FBA75690,AM-C10,Audio Array,Microphone Conference,Conference Microphone,
2026-06-11,B0B4K87PR4,0.0,Conference Mics,0,88800319740398,0,0,B0B4K87PR4,198602319025234,0.0,0,Audio Array-Catch All-SD-CT,FBA75690,AM-C10,Audio Array,Microphone Conference,Conference Microphone,
2026-06-12,B0B4K87PR4,0.0,Conference Mics,0,88800319740398,0,0,B0B4K87PR4,198602319025234,0.0,0,Audio Array-Catch All-SD-CT,FBA75690,AM-C10,Audio Array,Microphone Conference,Conference Microphone,
2026-06-13,B0B4K87PR4,0.0,Conference Mics,0,88800319740398,0,0,B0B4K87PR4,198602319025234,0.0,0,Audio Array-Catch All-SD-CT,FBA75690,AM-C10,Audio Array,Microphone Conference,Conference Microphone,
2026-06-14,B0B4K87PR4,0.0,Conference Mics,0,88800319740398,0,0,B0B4K87PR4,198602319025234,0.0,0,Audio Array-Catch All-SD-CT,FBA75690,AM-C10,Audio Array,Microphone Conference,Conference Microphone,
2026-06-15,B0B4K87PR4,0.0,Conference Mics,0,88800319740398,0,0,B0B4K87PR4,198602319025234,0.0,0,Audio Array-Catch All-SD-CT,FBA75690,AM-C10,Audio Array,Microphone Conference,Conference Microphone,
2026-06-16,B0B4K87PR4,0.0,Conference Mics,0,88800319740398,0,0,B0B4K87PR4,198602319025234,0.0,0,Audio Array-Catch All-SD-CT,FBA75690,AM-C10,Audio Array,Microphone Conference,Conference Microphone,
2026-06-17,B0B4K87PR4,0.0,Conference Mics,0,88800319740398,0,0,B0B4K87PR4,198602319025234,0.0,0,Audio Array-Catch All-SD-CT,FBA75690,AM-C10,Audio Array,Microphone Conference,Conference Microphone,
2026-06-18,B0B4K87PR4,0.0,Conference Mics,0,88800319740398,0,0,B0B4K87PR4,198602319025234,0.0,0,Audio Array-Catch All-SD-CT,FBA75690,AM-C10,Audio Array,Microphone Conference,Conference Microphone,
2026-06-19,B0B4K87PR4,0.0,Conference Mics,0,88800319740398,0,0,B0B4K87PR4,198602319025234,0.0,0,Audio Array-Catch All-SD-CT,FBA75690,AM-C10,Audio Array,Microphone Conference,Conference Microphone,
2026-06-20,B0B4K87PR4,0.0,Conference Mics,0,88800319740398,0,0,B0B4K87PR4,198602319025234,0.0,0,Audio Array-Catch All-SD-CT,FBA75690,AM-C10,Audio Array,Microphone Conference,Conference Microphone,
2026-06-21,B0B4K87PR4,0.0,Conference Mics,0,88800319740398,0,0,B0B4K87PR4,198602319025234,0.0,0,Audio Array-Catch All-SD-CT,FBA75690,AM-C10,Audio Array,Microphone Conference,Conference Microphone,
2026-06-22,B0B4K87PR4,0.0,Conference Mics,0,88800319740398,0,0,B0B4K87PR4,198602319025234,0.0,0,Audio Array-Catch All-SD-CT,FBA75690,AM-C10,Audio Array,Microphone Conference,Conference Microphone,
2026-06-23,B0B4K87PR4,0.0,Conference Mics,0,88800319740398,0,0,B0B4K87PR4,198602319025234,0.0,0,Audio Array-Catch All-SD-CT,FBA75690,AM-C10,Audio Array,Microphone Conference,Conference Microphone,
2026-06-24,B0B4K87PR4,0.0,Conference Mics,0,88800319740398,0,0,B0B4K87PR4,198602319025234,0.0,0,Audio Array-Catch All-SD-CT,FBA75690,AM-C10,Audio Array,Microphone Conference,Conference Microphone,
2026-06-25,B0B4K87PR4,0.0,Conference Mics,0,88800319740398,0,0,B0B4K87PR4,198602319025234,0.0,0,Audio Array-Catch All-SD-CT,FBA75690,AM-C10,Audio Array,Microphone Conference,Conference Microphone,
2026-06-05,B0BPLZ5CGV,952.52,Audio Interfaces,3,88800319740398,3,31448,B0BPLZ5CGV,21046032203721,12200.85,107,Audio Array-Catch All-SD-CT,FBA76864,AI-04 Red,Audio Array,Audio Interface,Audio Interface,
2026-06-06,B0BPLZ5CGV,819.7,Audio Interfaces,3,88800319740398,3,30744,B0BPLZ5CGV,21046032203721,9827.97,119,Audio Array-Catch All-SD-CT,FBA76864,AI-04 Red,Audio Array,Audio Interface,Audio Interface,
2026-06-07,B0BPLZ5CGV,828.38,Audio Interfaces,1,88800319740398,1,30173,B0BPLZ5CGV,21046032203721,4066.95,89,Audio Array-Catch All-SD-CT,FBA76864,AI-04 Red,Audio Array,Audio Interface,Audio Interface,
2026-06-08,B0BPLZ5CGV,930.63,Audio Interfaces,3,88800319740398,3,31260,B0BPLZ5CGV,21046032203721,12540.67,123,Audio Array-Catch All-SD-CT,FBA76864,AI-04 Red,Audio Array,Audio Interface,Audio Interface,
2026-06-09,B0BPLZ5CGV,373.9,Audio Interfaces,1,88800319740398,1,15477,B0BPLZ5CGV,21046032203721,2329.66,51,Audio Array-Catch All-SD-CT,FBA76864,AI-04 Red,Audio Array,Audio Interface,Audio Interface,
2026-06-10,B0BPLZ5CGV,828.7,Audio Interfaces,3,88800319740398,3,18598,B0BPLZ5CGV,21046032203721,12200.85,79,Audio Array-Catch All-SD-CT,FBA76864,AI-04 Red,Audio Array,Audio Interface,Audio Interface,
2026-06-11,B0BPLZ5CGV,1022.4,Audio Interfaces,2,88800319740398,2,19007,B0BPLZ5CGV,21046032203721,4066.95,64,Audio Array-Catch All-SD-CT,FBA76864,AI-04 Red,Audio Array,Audio Interface,Audio Interface,
2026-06-12,B0BPLZ5CGV,705.11,Audio Interfaces,2,88800319740398,2,23310,B0BPLZ5CGV,21046032203721,4616.95,62,Audio Array-Catch All-SD-CT,FBA76864,AI-04 Red,Audio Array,Audio Interface,Audio Interface,
2026-06-13,B0BPLZ5CGV,1001.11,Audio Interfaces,2,88800319740398,2,28291,B0BPLZ5CGV,21046032203721,8133.9,94,Audio Array-Catch All-SD-CT,FBA76864,AI-04 Red,Audio Array,Audio Interface,Audio Interface,
2026-06-14,B0BPLZ5CGV,1261.77,Audio Interfaces,1,88800319740398,1,21097,B0BPLZ5CGV,21046032203721,0.0,78,Audio Array-Catch All-SD-CT,FBA76864,AI-04 Red,Audio Array,Audio Interface,Audio Interface,
2026-06-15,B0BPLZ5CGV,845.59,Audio Interfaces,1,88800319740398,1,15560,B0BPLZ5CGV,21046032203721,4066.95,47,Audio Array-Catch All-SD-CT,FBA76864,AI-04 Red,Audio Array,Audio Interface,Audio Interface,
2026-06-16,B0BPLZ5CGV,412.5,Audio Interfaces,0,88800319740398,0,10353,B0BPLZ5CGV,21046032203721,0.0,43,Audio Array-Catch All-SD-CT,FBA76864,AI-04 Red,Audio Array,Audio Interface,Audio Interface,
2026-06-17,B0BPLZ5CGV,1334.19,Audio Interfaces,3,88800319740398,3,21651,B0BPLZ5CGV,21046032203721,8133.9,84,Audio Array-Catch All-SD-CT,FBA76864,AI-04 Red,Audio Array,Audio Interface,Audio Interface,
2026-06-18,B0BPLZ5CGV,1447.79,Audio Interfaces,2,88800319740398,2,23903,B0BPLZ5CGV,21046032203721,9405.09,91,Audio Array-Catch All-SD-CT,FBA76864,AI-04 Red,Audio Array,Audio Interface,Audio Interface,
2026-06-19,B0BPLZ5CGV,1308.94,Audio Interfaces,1,88800319740398,1,23351,B0BPLZ5CGV,21046032203721,4066.95,86,Audio Array-Catch All-SD-CT,FBA76864,AI-04 Red,Audio Array,Audio Interface,Audio Interface,
2026-06-20,B0BPLZ5CGV,1152.47,Audio Interfaces,1,88800319740398,1,26502,B0BPLZ5CGV,21046032203721,4066.95,94,Audio Array-Catch All-SD-CT,FBA76864,AI-04 Red,Audio Array,Audio Interface,Audio Interface,
2026-06-21,B0BPLZ5CGV,1044.31,Audio Interfaces,0,88800319740398,0,27217,B0BPLZ5CGV,21046032203721,0.0,75,Audio Array-Catch All-SD-CT,FBA76864,AI-04 Red,Audio Array,Audio Interface,Audio Interface,
2026-06-22,B0BPLZ5CGV,1028.6,Audio Interfaces,1,88800319740398,1,34599,B0BPLZ5CGV,21046032203721,4066.95,99,Audio Array-Catch All-SD-CT,FBA76864,AI-04 Red,Audio Array,Audio Interface,Audio Interface,
2026-06-23,B0BPLZ5CGV,800.64,Audio Interfaces,0,88800319740398,0,25597,B0BPLZ5CGV,21046032203721,0.0,73,Audio Array-Catch All-SD-CT,FBA76864,AI-04 Red,Audio Array,Audio Interface,Audio Interface,
2026-06-24,B0BPLZ5CGV,891.74,Audio Interfaces,1,88800319740398,1,17776,B0BPLZ5CGV,21046032203721,4066.95,60,Audio Array-Catch All-SD-CT,FBA76864,AI-04 Red,Audio Array,Audio Interface,Audio Interface,
2026-06-25,B0BPLZ5CGV,1437.11,Audio Interfaces,2,88800319740398,2,26032,B0BPLZ5CGV,21046032203721,4066.95,103,Audio Array-Catch All-SD-CT,FBA76864,AI-04 Red,Audio Array,Audio Interface,Audio Interface,
2026-06-05,B0B4G1HPL5,0.0,Dynamic Mic,0,88800319740398,0,0,B0B4G1HPL5,189182706060711,0.0,0,Audio Array-Catch All-SD-CT,FBA75692,AM-C11,Audio Array,Microphone Dynamic,USB/XLR Dynamic Mic,
2026-06-06,B0B4G1HPL5,0.0,Dynamic Mic,0,88800319740398,0,0,B0B4G1HPL5,189182706060711,0.0,0,Audio Array-Catch All-SD-CT,FBA75692,AM-C11,Audio Array,Microphone Dynamic,USB/XLR Dynamic Mic,
2026-06-07,B0B4G1HPL5,0.0,Dynamic Mic,0,88800319740398,0,0,B0B4G1HPL5,189182706060711,0.0,0,Audio Array-Catch All-SD-CT,FBA75692,AM-C11,Audio Array,Microphone Dynamic,USB/XLR Dynamic Mic,
2026-06-08,B0B4G1HPL5,0.0,Dynamic Mic,0,88800319740398,0,0,B0B4G1HPL5,189182706060711,0.0,0,Audio Array-Catch All-SD-CT,FBA75692,AM-C11,Audio Array,Microphone Dynamic,USB/XLR Dynamic Mic,
2026-06-09,B0B4G1HPL5,0.0,Dynamic Mic,0,88800319740398,0,0,B0B4G1HPL5,189182706060711,0.0,0,Audio Array-Catch All-SD-CT,FBA75692,AM-C11,Audio Array,Microphone Dynamic,USB/XLR Dynamic Mic,
2026-06-10,B0B4G1HPL5,0.0,Dynamic Mic,0,88800319740398,0,0,B0B4G1HPL5,189182706060711,0.0,0,Audio Array-Catch All-SD-CT,FBA75692,AM-C11,Audio Array,Microphone Dynamic,USB/XLR Dynamic Mic,
2026-06-11,B0B4G1HPL5,0.0,Dynamic Mic,0,88800319740398,0,0,B0B4G1HPL5,189182706060711,0.0,0,Audio Array-Catch All-SD-CT,FBA75692,AM-C11,Audio Array,Microphone Dynamic,USB/XLR Dynamic Mic,
2026-06-12,B0B4G1HPL5,0.0,Dynamic Mic,0,88800319740398,0,0,B0B4G1HPL5,189182706060711,0.0,0,Audio Array-Catch All-SD-CT,FBA75692,AM-C11,Audio Array,Microphone Dynamic,USB/XLR Dynamic Mic,
2026-06-13,B0B4G1HPL5,0.0,Dynamic Mic,0,88800319740398,0,0,B0B4G1HPL5,189182706060711,0.0,0,Audio Array-Catch All-SD-CT,FBA75692,AM-C11,Audio Array,Microphone Dynamic,USB/XLR Dynamic Mic,
2026-06-14,B0B4G1HPL5,0.0,Dynamic Mic,0,88800319740398,0,0,B0B4G1HPL5,189182706060711,0.0,0,Audio Array-Catch All-SD-CT,FBA75692,AM-C11,Audio Array,Microphone Dynamic,USB/XLR Dynamic Mic,
2026-06-15,B0B4G1HPL5,0.0,Dynamic Mic,0,88800319740398,0,0,B0B4G1HPL5,189182706060711,0.0,0,Audio Array-Catch All-SD-CT,FBA75692,AM-C11,Audio Array,Microphone Dynamic,USB/XLR Dynamic Mic,
2026-06-16,B0B4G1HPL5,0.0,Dynamic Mic,0,88800319740398,0,0,B0B4G1HPL5,189182706060711,0.0,0,Audio Array-Catch All-SD-CT,FBA75692,AM-C11,Audio Array,Microphone Dynamic,USB/XLR Dynamic Mic,
2026-06-17,B0B4G1HPL5,0.0,Dynamic Mic,0,88800319740398,0,0,B0B4G1HPL5,189182706060711,0.0,0,Audio Array-Catch All-SD-CT,FBA75692,AM-C11,Audio Array,Microphone Dynamic,USB/XLR Dynamic Mic,
2026-06-18,B0B4G1HPL5,0.0,Dynamic Mic,0,88800319740398,0,0,B0B4G1HPL5,189182706060711,0.0,0,Audio Array-Catch All-SD-CT,FBA75692,AM-C11,Audio Array,Microphone Dynamic,USB/XLR Dynamic Mic,
2026-06-19,B0B4G1HPL5,0.0,Dynamic Mic,0,88800319740398,0,0,B0B4G1HPL5,189182706060711,0.0,0,Audio Array-Catch All-SD-CT,FBA75692,AM-C11,Audio Array,Microphone Dynamic,USB/XLR Dynamic Mic,
2026-06-20,B0B4G1HPL5,0.0,Dynamic Mic,0,88800319740398,0,0,B0B4G1HPL5,189182706060711,0.0,0,Audio Array-Catch All-SD-CT,FBA75692,AM-C11,Audio Array,Microphone Dynamic,USB/XLR Dynamic Mic,
2026-06-21,B0B4G1HPL5,0.0,Dynamic Mic,0,88800319740398,0,0,B0B4G1HPL5,189182706060711,0.0,0,Audio Array-Catch All-SD-CT,FBA75692,AM-C11,Audio Array,Microphone Dynamic,USB/XLR Dynamic Mic,
2026-06-22,B0B4G1HPL5,0.0,Dynamic Mic,0,88800319740398,0,0,B0B4G1HPL5,189182706060711,0.0,0,Audio Array-Catch All-SD-CT,FBA75692,AM-C11,Audio Array,Microphone Dynamic,USB/XLR Dynamic Mic,
2026-06-23,B0B4G1HPL5,0.0,Dynamic Mic,0,88800319740398,0,0,B0B4G1HPL5,189182706060711,0.0,0,Audio Array-Catch All-SD-CT,FBA75692,AM-C11,Audio Array,Microphone Dynamic,USB/XLR Dynamic Mic,
2026-06-24,B0B4G1HPL5,0.0,Dynamic Mic,0,88800319740398,0,0,B0B4G1HPL5,189182706060711,0.0,0,Audio Array-Catch All-SD-CT,FBA75692,AM-C11,Audio Array,Microphone Dynamic,USB/XLR Dynamic Mic,
2026-06-25,B0B4G1HPL5,0.0,Dynamic Mic,0,88800319740398,0,0,B0B4G1HPL5,189182706060711,0.0,0,Audio Array-Catch All-SD-CT,FBA75692,AM-C11,Audio Array,Microphone Dynamic,USB/XLR Dynamic Mic,
2026-06-05,B0B4DPX2J2,625.03,Audio Array-Multi Ad group-Condenser -SD-PT,2,339757386460382,2,15810,B0B4DPX2J2,460860619426172,4489.84,66,Audio Array-B0B4DPX2J2-Condenser-SD-PT,FBA75673,AM-C1,Audio Array,Microphone Condenser,USB Microphone Kit - Boomarm,
2026-06-06,B0B4DPX2J2,633.78,Audio Array-Multi Ad group-Condenser -SD-PT,1,339757386460382,1,8098,B0B4DPX2J2,460860619426172,2244.92,37,Audio Array-B0B4DPX2J2-Condenser-SD-PT,FBA75673,AM-C1,Audio Array,Microphone Condenser,USB Microphone Kit - Boomarm,
2026-06-07,B0B4DPX2J2,647.96,Audio Array-Multi Ad group-Condenser -SD-PT,3,339757386460382,3,12236,B0B4DPX2J2,460860619426172,6734.76,39,Audio Array-B0B4DPX2J2-Condenser-SD-PT,FBA75673,AM-C1,Audio Array,Microphone Condenser,USB Microphone Kit - Boomarm,
2026-06-08,B0B4DPX2J2,599.07,Audio Array-Multi Ad group-Condenser -SD-PT,0,339757386460382,0,5069,B0B4DPX2J2,460860619426172,0.0,24,Audio Array-B0B4DPX2J2-Condenser-SD-PT,FBA75673,AM-C1,Audio Array,Microphone Condenser,USB Microphone Kit - Boomarm,
2026-06-09,B0B4DPX2J2,606.3,Audio Array-Multi Ad group-Condenser -SD-PT,2,339757386460382,2,11137,B0B4DPX2J2,460860619426172,2244.92,41,Audio Array-B0B4DPX2J2-Condenser-SD-PT,FBA75673,AM-C1,Audio Array,Microphone Condenser,USB Microphone Kit - Boomarm,
2026-06-10,B0B4DPX2J2,514.98,Audio Array-Multi Ad group-Condenser -SD-PT,1,339757386460382,1,20661,B0B4DPX2J2,460860619426172,2244.92,48,Audio Array-B0B4DPX2J2-Condenser-SD-PT,FBA75673,AM-C1,Audio Array,Microphone Condenser,USB Microphone Kit - Boomarm,
2026-06-11,B0B4DPX2J2,592.87,Audio Array-Multi Ad group-Condenser -SD-PT,0,339757386460382,0,15133,B0B4DPX2J2,460860619426172,0.0,52,Audio Array-B0B4DPX2J2-Condenser-SD-PT,FBA75673,AM-C1,Audio Array,Microphone Condenser,USB Microphone Kit - Boomarm,
2026-06-12,B0B4DPX2J2,520.27,Audio Array-Multi Ad group-Condenser -SD-PT,0,339757386460382,0,7533,B0B4DPX2J2,460860619426172,0.0,32,Audio Array-B0B4DPX2J2-Condenser-SD-PT,FBA75673,AM-C1,Audio Array,Microphone Condenser,USB Microphone Kit - Boomarm,
2026-06-13,B0B4DPX2J2,503.36,Audio Array-Multi Ad group-Condenser -SD-PT,1,339757386460382,1,20505,B0B4DPX2J2,460860619426172,2244.92,46,Audio Array-B0B4DPX2J2-Condenser-SD-PT,FBA75673,AM-C1,Audio Array,Microphone Condenser,USB Microphone Kit - Boomarm,
2026-06-14,B0B4DPX2J2,526.39,Audio Array-Multi Ad group-Condenser -SD-PT,0,339757386460382,0,19225,B0B4DPX2J2,460860619426172,0.0,49,Audio Array-B0B4DPX2J2-Condenser-SD-PT,FBA75673,AM-C1,Audio Array,Microphone Condenser,USB Microphone Kit - Boomarm,
2026-06-15,B0B4DPX2J2,503.49,Audio Array-Multi Ad group-Condenser -SD-PT,1,339757386460382,1,7879,B0B4DPX2J2,460860619426172,2244.92,38,Audio Array-B0B4DPX2J2-Condenser-SD-PT,FBA75673,AM-C1,Audio Array,Microphone Condenser,USB Microphone Kit - Boomarm,
2026-06-16,B0B4DPX2J2,540.07,Audio Array-Multi Ad group-Condenser -SD-PT,3,339757386460382,3,7269,B0B4DPX2J2,460860619426172,5844.92,28,Audio Array-B0B4DPX2J2-Condenser-SD-PT,FBA75673,AM-C1,Audio Array,Microphone Condenser,USB Microphone Kit - Boomarm,
2026-06-17,B0B4DPX2J2,507.87,Audio Array-Multi Ad group-Condenser -SD-PT,0,339757386460382,0,11410,B0B4DPX2J2,460860619426172,0.0,32,Audio Array-B0B4DPX2J2-Condenser-SD-PT,FBA75673,AM-C1,Audio Array,Microphone Condenser,USB Microphone Kit - Boomarm,
2026-06-18,B0B4DPX2J2,601.65,Audio Array-Multi Ad group-Condenser -SD-PT,3,339757386460382,3,21004,B0B4DPX2J2,460860619426172,4997.47,47,Audio Array-B0B4DPX2J2-Condenser-SD-PT,FBA75673,AM-C1,Audio Array,Microphone Condenser,USB Microphone Kit - Boomarm,
2026-06-19,B0B4DPX2J2,560.32,Audio Array-Multi Ad group-Condenser -SD-PT,0,339757386460382,0,19523,B0B4DPX2J2,460860619426172,0.0,41,Audio Array-B0B4DPX2J2-Condenser-SD-PT,FBA75673,AM-C1,Audio Array,Microphone Condenser,USB Microphone Kit - Boomarm,
2026-06-20,B0B4DPX2J2,544.42,Audio Array-Multi Ad group-Condenser -SD-PT,0,339757386460382,0,15730,B0B4DPX2J2,460860619426172,0.0,33,Audio Array-B0B4DPX2J2-Condenser-SD-PT,FBA75673,AM-C1,Audio Array,Microphone Condenser,USB Microphone Kit - Boomarm,
2026-06-21,B0B4DPX2J2,558.8,Audio Array-Multi Ad group-Condenser -SD-PT,0,339757386460382,0,16447,B0B4DPX2J2,460860619426172,0.0,35,Audio Array-B0B4DPX2J2-Condenser-SD-PT,FBA75673,AM-C1,Audio Array,Microphone Condenser,USB Microphone Kit - Boomarm,
2026-06-22,B0B4DPX2J2,547.73,Audio Array-Multi Ad group-Condenser -SD-PT,1,339757386460382,1,12745,B0B4DPX2J2,460860619426172,2244.92,43,Audio Array-B0B4DPX2J2-Condenser-SD-PT,FBA75673,AM-C1,Audio Array,Microphone Condenser,USB Microphone Kit - Boomarm,
2026-06-23,B0B4DPX2J2,563.6,Audio Array-Multi Ad group-Condenser -SD-PT,0,339757386460382,0,11392,B0B4DPX2J2,460860619426172,0.0,36,Audio Array-B0B4DPX2J2-Condenser-SD-PT,FBA75673,AM-C1,Audio Array,Microphone Condenser,USB Microphone Kit - Boomarm,
2026-06-24,B0B4DPX2J2,550.16,Audio Array-Multi Ad group-Condenser -SD-PT,1,339757386460382,1,11450,B0B4DPX2J2,460860619426172,2244.92,35,Audio Array-B0B4DPX2J2-Condenser-SD-PT,FBA75673,AM-C1,Audio Array,Microphone Condenser,USB Microphone Kit - Boomarm,
2026-06-25,B0B4DPX2J2,553.06,Audio Array-Multi Ad group-Condenser -SD-PT,1,339757386460382,1,9911,B0B4DPX2J2,460860619426172,465.25,42,Audio Array-B0B4DPX2J2-Condenser-SD-PT,FBA75673,AM-C1,Audio Array,Microphone Condenser,USB Microphone Kit - Boomarm,
2026-06-05,B0CBC7QMNV,0.0,Dynamic Mic,0,88800319740398,0,0,B0CBC7QMNV,189182706060711,0.0,0,Audio Array-Catch All-SD-CT,FBA78925,AM-C11X,Audio Array,Microphone Dynamic,XLR Dynamic Mic,
2026-06-06,B0CBC7QMNV,0.0,Dynamic Mic,0,88800319740398,0,0,B0CBC7QMNV,189182706060711,0.0,0,Audio Array-Catch All-SD-CT,FBA78925,AM-C11X,Audio Array,Microphone Dynamic,XLR Dynamic Mic,
2026-06-07,B0CBC7QMNV,0.0,Dynamic Mic,0,88800319740398,0,0,B0CBC7QMNV,189182706060711,0.0,0,Audio Array-Catch All-SD-CT,FBA78925,AM-C11X,Audio Array,Microphone Dynamic,XLR Dynamic Mic,
2026-06-08,B0CBC7QMNV,0.0,Dynamic Mic,0,88800319740398,0,0,B0CBC7QMNV,189182706060711,0.0,0,Audio Array-Catch All-SD-CT,FBA78925,AM-C11X,Audio Array,Microphone Dynamic,XLR Dynamic Mic,
2026-06-09,B0CBC7QMNV,0.0,Dynamic Mic,0,88800319740398,0,0,B0CBC7QMNV,189182706060711,0.0,0,Audio Array-Catch All-SD-CT,FBA78925,AM-C11X,Audio Array,Microphone Dynamic,XLR Dynamic Mic,
2026-06-10,B0CBC7QMNV,0.0,Dynamic Mic,0,88800319740398,0,0,B0CBC7QMNV,189182706060711,0.0,0,Audio Array-Catch All-SD-CT,FBA78925,AM-C11X,Audio Array,Microphone Dynamic,XLR Dynamic Mic,
2026-06-11,B0CBC7QMNV,0.0,Dynamic Mic,0,88800319740398,0,0,B0CBC7QMNV,189182706060711,0.0,0,Audio Array-Catch All-SD-CT,FBA78925,AM-C11X,Audio Array,Microphone Dynamic,XLR Dynamic Mic,
2026-06-12,B0CBC7QMNV,0.0,Dynamic Mic,0,88800319740398,0,0,B0CBC7QMNV,189182706060711,0.0,0,Audio Array-Catch All-SD-CT,FBA78925,AM-C11X,Audio Array,Microphone Dynamic,XLR Dynamic Mic,
2026-06-13,B0CBC7QMNV,0.0,Dynamic Mic,0,88800319740398,0,0,B0CBC7QMNV,189182706060711,0.0,0,Audio Array-Catch All-SD-CT,FBA78925,AM-C11X,Audio Array,Microphone Dynamic,XLR Dynamic Mic,
2026-06-14,B0CBC7QMNV,0.0,Dynamic Mic,0,88800319740398,0,0,B0CBC7QMNV,189182706060711,0.0,0,Audio Array-Catch All-SD-CT,FBA78925,AM-C11X,Audio Array,Microphone Dynamic,XLR Dynamic Mic,
2026-06-15,B0CBC7QMNV,0.0,Dynamic Mic,0,88800319740398,0,0,B0CBC7QMNV,189182706060711,0.0,0,Audio Array-Catch All-SD-CT,FBA78925,AM-C11X,Audio Array,Microphone Dynamic,XLR Dynamic Mic,
2026-06-16,B0CBC7QMNV,0.0,Dynamic Mic,0,88800319740398,0,0,B0CBC7QMNV,189182706060711,0.0,0,Audio Array-Catch All-SD-CT,FBA78925,AM-C11X,Audio Array,Microphone Dynamic,XLR Dynamic Mic,
2026-06-17,B0CBC7QMNV,0.0,Dynamic Mic,0,88800319740398,0,0,B0CBC7QMNV,189182706060711,0.0,0,Audio Array-Catch All-SD-CT,FBA78925,AM-C11X,Audio Array,Microphone Dynamic,XLR Dynamic Mic,
2026-06-18,B0CBC7QMNV,0.0,Dynamic Mic,0,88800319740398,0,0,B0CBC7QMNV,189182706060711,0.0,0,Audio Array-Catch All-SD-CT,FBA78925,AM-C11X,Audio Array,Microphone Dynamic,XLR Dynamic Mic,
2026-06-19,B0CBC7QMNV,0.0,Dynamic Mic,0,88800319740398,0,0,B0CBC7QMNV,189182706060711,0.0,0,Audio Array-Catch All-SD-CT,FBA78925,AM-C11X,Audio Array,Microphone Dynamic,XLR Dynamic Mic,
2026-06-20,B0CBC7QMNV,0.0,Dynamic Mic,0,88800319740398,0,0,B0CBC7QMNV,189182706060711,0.0,0,Audio Array-Catch All-SD-CT,FBA78925,AM-C11X,Audio Array,Microphone Dynamic,XLR Dynamic Mic,
2026-06-21,B0CBC7QMNV,0.0,Dynamic Mic,0,88800319740398,0,0,B0CBC7QMNV,189182706060711,0.0,0,Audio Array-Catch All-SD-CT,FBA78925,AM-C11X,Audio Array,Microphone Dynamic,XLR Dynamic Mic,
2026-06-22,B0CBC7QMNV,0.0,Dynamic Mic,0,88800319740398,0,0,B0CBC7QMNV,189182706060711,0.0,0,Audio Array-Catch All-SD-CT,FBA78925,AM-C11X,Audio Array,Microphone Dynamic,XLR Dynamic Mic,
2026-06-23,B0CBC7QMNV,0.0,Dynamic Mic,0,88800319740398,0,0,B0CBC7QMNV,189182706060711,0.0,0,Audio Array-Catch All-SD-CT,FBA78925,AM-C11X,Audio Array,Microphone Dynamic,XLR Dynamic Mic,
2026-06-24,B0CBC7QMNV,0.0,Dynamic Mic,0,88800319740398,0,0,B0CBC7QMNV,189182706060711,0.0,0,Audio Array-Catch All-SD-CT,FBA78925,AM-C11X,Audio Array,Microphone Dynamic,XLR Dynamic Mic,
2026-06-25,B0CBC7QMNV,0.0,Dynamic Mic,0,88800319740398,0,0,B0CBC7QMNV,189182706060711,0.0,0,Audio Array-Catch All-SD-CT,FBA78925,AM-C11X,Audio Array,Microphone Dynamic,XLR Dynamic Mic,
2026-06-05,B0CM6NTWBP,181.48,Audio Interfaces,0,88800319740398,0,8053,B0CM6NTWBP,21046032203721,0.0,15,Audio Array-Catch All-SD-CT,FBA79103,AI-10,Audio Array,Audio Interface,Audio Interface,
2026-06-06,B0CM6NTWBP,83.32,Audio Interfaces,0,88800319740398,0,11229,B0CM6NTWBP,21046032203721,0.0,19,Audio Array-Catch All-SD-CT,FBA79103,AI-10,Audio Array,Audio Interface,Audio Interface,
2026-06-07,B0CM6NTWBP,119.27,Audio Interfaces,1,88800319740398,1,15060,B0CM6NTWBP,21046032203721,0.0,28,Audio Array-Catch All-SD-CT,FBA79103,AI-10,Audio Array,Audio Interface,Audio Interface,
2026-06-08,B0CM6NTWBP,156.45,Audio Interfaces,0,88800319740398,0,13652,B0CM6NTWBP,21046032203721,0.0,27,Audio Array-Catch All-SD-CT,FBA79103,AI-10,Audio Array,Audio Interface,Audio Interface,
2026-06-09,B0CM6NTWBP,182.43,Audio Interfaces,0,88800319740398,0,6546,B0CM6NTWBP,21046032203721,0.0,14,Audio Array-Catch All-SD-CT,FBA79103,AI-10,Audio Array,Audio Interface,Audio Interface,
2026-06-10,B0CM6NTWBP,0.0,Audio Interfaces,0,88800319740398,0,0,B0CM6NTWBP,21046032203721,0.0,0,Audio Array-Catch All-SD-CT,FBA79103,AI-10,Audio Array,Audio Interface,Audio Interface,
2026-06-11,B0CM6NTWBP,0.0,Audio Interfaces,0,88800319740398,0,0,B0CM6NTWBP,21046032203721,0.0,0,Audio Array-Catch All-SD-CT,FBA79103,AI-10,Audio Array,Audio Interface,Audio Interface,
2026-06-12,B0CM6NTWBP,0.0,Audio Interfaces,0,88800319740398,0,0,B0CM6NTWBP,21046032203721,0.0,0,Audio Array-Catch All-SD-CT,FBA79103,AI-10,Audio Array,Audio Interface,Audio Interface,
2026-06-13,B0CM6NTWBP,0.0,Audio Interfaces,0,88800319740398,0,0,B0CM6NTWBP,21046032203721,0.0,0,Audio Array-Catch All-SD-CT,FBA79103,AI-10,Audio Array,Audio Interface,Audio Interface,
2026-06-14,B0CM6NTWBP,0.0,Audio Interfaces,0,88800319740398,0,0,B0CM6NTWBP,21046032203721,0.0,0,Audio Array-Catch All-SD-CT,FBA79103,AI-10,Audio Array,Audio Interface,Audio Interface,
2026-06-15,B0CM6NTWBP,0.0,Audio Interfaces,0,88800319740398,0,0,B0CM6NTWBP,21046032203721,0.0,0,Audio Array-Catch All-SD-CT,FBA79103,AI-10,Audio Array,Audio Interface,Audio Interface,
2026-06-16,B0CM6NTWBP,0.0,Audio Interfaces,0,88800319740398,0,0,B0CM6NTWBP,21046032203721,0.0,0,Audio Array-Catch All-SD-CT,FBA79103,AI-10,Audio Array,Audio Interface,Audio Interface,
2026-06-17,B0CM6NTWBP,0.0,Audio Interfaces,0,88800319740398,0,0,B0CM6NTWBP,21046032203721,0.0,0,Audio Array-Catch All-SD-CT,FBA79103,AI-10,Audio Array,Audio Interface,Audio Interface,
2026-06-18,B0CM6NTWBP,0.0,Audio Interfaces,0,88800319740398,0,0,B0CM6NTWBP,21046032203721,0.0,0,Audio Array-Catch All-SD-CT,FBA79103,AI-10,Audio Array,Audio Interface,Audio Interface,
2026-06-19,B0CM6NTWBP,0.0,Audio Interfaces,0,88800319740398,0,0,B0CM6NTWBP,21046032203721,0.0,0,Audio Array-Catch All-SD-CT,FBA79103,AI-10,Audio Array,Audio Interface,Audio Interface,
2026-06-20,B0CM6NTWBP,0.0,Audio Interfaces,0,88800319740398,0,0,B0CM6NTWBP,21046032203721,0.0,0,Audio Array-Catch All-SD-CT,FBA79103,AI-10,Audio Array,Audio Interface,Audio Interface,
2026-06-21,B0CM6NTWBP,0.0,Audio Interfaces,0,88800319740398,0,0,B0CM6NTWBP,21046032203721,0.0,0,Audio Array-Catch All-SD-CT,FBA79103,AI-10,Audio Array,Audio Interface,Audio Interface,
2026-06-22,B0CM6NTWBP,0.0,Audio Interfaces,0,88800319740398,0,0,B0CM6NTWBP,21046032203721,0.0,0,Audio Array-Catch All-SD-CT,FBA79103,AI-10,Audio Array,Audio Interface,Audio Interface,
2026-06-23,B0CM6NTWBP,0.0,Audio Interfaces,0,88800319740398,0,0,B0CM6NTWBP,21046032203721,0.0,0,Audio Array-Catch All-SD-CT,FBA79103,AI-10,Audio Array,Audio Interface,Audio Interface,
2026-06-24,B0CM6NTWBP,0.0,Audio Interfaces,0,88800319740398,0,0,B0CM6NTWBP,21046032203721,0.0,0,Audio Array-Catch All-SD-CT,FBA79103,AI-10,Audio Array,Audio Interface,Audio Interface,
2026-06-25,B0CM6NTWBP,0.0,Audio Interfaces,0,88800319740398,0,0,B0CM6NTWBP,21046032203721,0.0,0,Audio Array-Catch All-SD-CT,FBA79103,AI-10,Audio Array,Audio Interface,Audio Interface,
2026-06-05,B0CM6NVLT9,0.0,Audio Interfaces,0,88800319740398,0,0,B0CM6NVLT9,21046032203721,0.0,0,Audio Array-Catch All-SD-CT,FBA79104,AI-11,Audio Array,Audio Interface,Audio Interface,
2026-06-06,B0CM6NVLT9,0.0,Audio Interfaces,0,88800319740398,0,0,B0CM6NVLT9,21046032203721,0.0,0,Audio Array-Catch All-SD-CT,FBA79104,AI-11,Audio Array,Audio Interface,Audio Interface,
2026-06-07,B0CM6NVLT9,0.0,Audio Interfaces,0,88800319740398,0,0,B0CM6NVLT9,21046032203721,0.0,0,Audio Array-Catch All-SD-CT,FBA79104,AI-11,Audio Array,Audio Interface,Audio Interface,
2026-06-08,B0CM6NVLT9,0.0,Audio Interfaces,0,88800319740398,0,0,B0CM6NVLT9,21046032203721,0.0,0,Audio Array-Catch All-SD-CT,FBA79104,AI-11,Audio Array,Audio Interface,Audio Interface,
2026-06-09,B0CM6NVLT9,0.0,Audio Interfaces,0,88800319740398,0,0,B0CM6NVLT9,21046032203721,0.0,0,Audio Array-Catch All-SD-CT,FBA79104,AI-11,Audio Array,Audio Interface,Audio Interface,
2026-06-10,B0CM6NVLT9,0.0,Audio Interfaces,0,88800319740398,0,0,B0CM6NVLT9,21046032203721,0.0,0,Audio Array-Catch All-SD-CT,FBA79104,AI-11,Audio Array,Audio Interface,Audio Interface,
2026-06-11,B0CM6NVLT9,0.0,Audio Interfaces,0,88800319740398,0,0,B0CM6NVLT9,21046032203721,0.0,0,Audio Array-Catch All-SD-CT,FBA79104,AI-11,Audio Array,Audio Interface,Audio Interface,
2026-06-12,B0CM6NVLT9,0.0,Audio Interfaces,0,88800319740398,0,0,B0CM6NVLT9,21046032203721,0.0,0,Audio Array-Catch All-SD-CT,FBA79104,AI-11,Audio Array,Audio Interface,Audio Interface,
2026-06-13,B0CM6NVLT9,0.0,Audio Interfaces,0,88800319740398,0,0,B0CM6NVLT9,21046032203721,0.0,0,Audio Array-Catch All-SD-CT,FBA79104,AI-11,Audio Array,Audio Interface,Audio Interface,
2026-06-14,B0CM6NVLT9,0.0,Audio Interfaces,0,88800319740398,0,0,B0CM6NVLT9,21046032203721,0.0,0,Audio Array-Catch All-SD-CT,FBA79104,AI-11,Audio Array,Audio Interface,Audio Interface,
2026-06-15,B0CM6NVLT9,0.0,Audio Interfaces,0,88800319740398,0,0,B0CM6NVLT9,21046032203721,0.0,0,Audio Array-Catch All-SD-CT,FBA79104,AI-11,Audio Array,Audio Interface,Audio Interface,
2026-06-16,B0CM6NVLT9,0.0,Audio Interfaces,0,88800319740398,0,0,B0CM6NVLT9,21046032203721,0.0,0,Audio Array-Catch All-SD-CT,FBA79104,AI-11,Audio Array,Audio Interface,Audio Interface,
2026-06-17,B0CM6NVLT9,0.0,Audio Interfaces,0,88800319740398,0,0,B0CM6NVLT9,21046032203721,0.0,0,Audio Array-Catch All-SD-CT,FBA79104,AI-11,Audio Array,Audio Interface,Audio Interface,
2026-06-18,B0CM6NVLT9,0.0,Audio Interfaces,0,88800319740398,0,0,B0CM6NVLT9,21046032203721,0.0,0,Audio Array-Catch All-SD-CT,FBA79104,AI-11,Audio Array,Audio Interface,Audio Interface,
2026-06-19,B0CM6NVLT9,0.0,Audio Interfaces,0,88800319740398,0,0,B0CM6NVLT9,21046032203721,0.0,0,Audio Array-Catch All-SD-CT,FBA79104,AI-11,Audio Array,Audio Interface,Audio Interface,
2026-06-20,B0CM6NVLT9,0.0,Audio Interfaces,0,88800319740398,0,0,B0CM6NVLT9,21046032203721,0.0,0,Audio Array-Catch All-SD-CT,FBA79104,AI-11,Audio Array,Audio Interface,Audio Interface,
2026-06-21,B0CM6NVLT9,0.0,Audio Interfaces,0,88800319740398,0,0,B0CM6NVLT9,21046032203721,0.0,0,Audio Array-Catch All-SD-CT,FBA79104,AI-11,Audio Array,Audio Interface,Audio Interface,
2026-06-22,B0CM6NVLT9,0.0,Audio Interfaces,0,88800319740398,0,0,B0CM6NVLT9,21046032203721,0.0,0,Audio Array-Catch All-SD-CT,FBA79104,AI-11,Audio Array,Audio Interface,Audio Interface,
2026-06-23,B0CM6NVLT9,0.0,Audio Interfaces,0,88800319740398,0,0,B0CM6NVLT9,21046032203721,0.0,0,Audio Array-Catch All-SD-CT,FBA79104,AI-11,Audio Array,Audio Interface,Audio Interface,
2026-06-24,B0CM6NVLT9,0.0,Audio Interfaces,0,88800319740398,0,0,B0CM6NVLT9,21046032203721,0.0,0,Audio Array-Catch All-SD-CT,FBA79104,AI-11,Audio Array,Audio Interface,Audio Interface,
2026-06-25,B0CM6NVLT9,0.0,Audio Interfaces,0,88800319740398,0,0,B0CM6NVLT9,21046032203721,0.0,0,Audio Array-Catch All-SD-CT,FBA79104,AI-11,Audio Array,Audio Interface,Audio Interface,
2026-06-05,B0CKHVHVQ1,0.0,Conference Mics,0,88800319740398,0,0,B0CKHVHVQ1,198602319025234,0.0,0,Audio Array-Catch All-SD-CT,FBA79005,AM-W45,Audio Array,Microphone Conference,Wireless Conference Microphone,
2026-06-06,B0CKHVHVQ1,0.0,Conference Mics,0,88800319740398,0,0,B0CKHVHVQ1,198602319025234,0.0,0,Audio Array-Catch All-SD-CT,FBA79005,AM-W45,Audio Array,Microphone Conference,Wireless Conference Microphone,
2026-06-07,B0CKHVHVQ1,0.0,Conference Mics,0,88800319740398,0,0,B0CKHVHVQ1,198602319025234,0.0,0,Audio Array-Catch All-SD-CT,FBA79005,AM-W45,Audio Array,Microphone Conference,Wireless Conference Microphone,
2026-06-08,B0CKHVHVQ1,0.0,Conference Mics,0,88800319740398,0,0,B0CKHVHVQ1,198602319025234,0.0,0,Audio Array-Catch All-SD-CT,FBA79005,AM-W45,Audio Array,Microphone Conference,Wireless Conference Microphone,
2026-06-09,B0CKHVHVQ1,0.0,Conference Mics,0,88800319740398,0,0,B0CKHVHVQ1,198602319025234,0.0,0,Audio Array-Catch All-SD-CT,FBA79005,AM-W45,Audio Array,Microphone Conference,Wireless Conference Microphone,
2026-06-10,B0CKHVHVQ1,0.0,Conference Mics,0,88800319740398,0,0,B0CKHVHVQ1,198602319025234,0.0,0,Audio Array-Catch All-SD-CT,FBA79005,AM-W45,Audio Array,Microphone Conference,Wireless Conference Microphone,
2026-06-11,B0CKHVHVQ1,0.0,Conference Mics,0,88800319740398,0,0,B0CKHVHVQ1,198602319025234,0.0,0,Audio Array-Catch All-SD-CT,FBA79005,AM-W45,Audio Array,Microphone Conference,Wireless Conference Microphone,
2026-06-12,B0CKHVHVQ1,0.0,Conference Mics,0,88800319740398,0,0,B0CKHVHVQ1,198602319025234,0.0,0,Audio Array-Catch All-SD-CT,FBA79005,AM-W45,Audio Array,Microphone Conference,Wireless Conference Microphone,
2026-06-13,B0CKHVHVQ1,0.0,Conference Mics,0,88800319740398,0,0,B0CKHVHVQ1,198602319025234,0.0,0,Audio Array-Catch All-SD-CT,FBA79005,AM-W45,Audio Array,Microphone Conference,Wireless Conference Microphone,
2026-06-14,B0CKHVHVQ1,0.0,Conference Mics,0,88800319740398,0,0,B0CKHVHVQ1,198602319025234,0.0,0,Audio Array-Catch All-SD-CT,FBA79005,AM-W45,Audio Array,Microphone Conference,Wireless Conference Microphone,
2026-06-15,B0CKHVHVQ1,0.0,Conference Mics,0,88800319740398,0,0,B0CKHVHVQ1,198602319025234,0.0,0,Audio Array-Catch All-SD-CT,FBA79005,AM-W45,Audio Array,Microphone Conference,Wireless Conference Microphone,
2026-06-16,B0CKHVHVQ1,0.0,Conference Mics,0,88800319740398,0,0,B0CKHVHVQ1,198602319025234,0.0,0,Audio Array-Catch All-SD-CT,FBA79005,AM-W45,Audio Array,Microphone Conference,Wireless Conference Microphone,
2026-06-17,B0CKHVHVQ1,0.0,Conference Mics,0,88800319740398,0,0,B0CKHVHVQ1,198602319025234,0.0,0,Audio Array-Catch All-SD-CT,FBA79005,AM-W45,Audio Array,Microphone Conference,Wireless Conference Microphone,
2026-06-18,B0CKHVHVQ1,0.0,Conference Mics,0,88800319740398,0,0,B0CKHVHVQ1,198602319025234,0.0,0,Audio Array-Catch All-SD-CT,FBA79005,AM-W45,Audio Array,Microphone Conference,Wireless Conference Microphone,
2026-06-19,B0CKHVHVQ1,0.0,Conference Mics,0,88800319740398,0,0,B0CKHVHVQ1,198602319025234,0.0,0,Audio Array-Catch All-SD-CT,FBA79005,AM-W45,Audio Array,Microphone Conference,Wireless Conference Microphone,
2026-06-20,B0CKHVHVQ1,0.0,Conference Mics,0,88800319740398,0,0,B0CKHVHVQ1,198602319025234,0.0,0,Audio Array-Catch All-SD-CT,FBA79005,AM-W45,Audio Array,Microphone Conference,Wireless Conference Microphone,
2026-06-21,B0CKHVHVQ1,0.0,Conference Mics,0,88800319740398,0,0,B0CKHVHVQ1,198602319025234,0.0,0,Audio Array-Catch All-SD-CT,FBA79005,AM-W45,Audio Array,Microphone Conference,Wireless Conference Microphone,
2026-06-22,B0CKHVHVQ1,0.0,Conference Mics,0,88800319740398,0,0,B0CKHVHVQ1,198602319025234,0.0,0,Audio Array-Catch All-SD-CT,FBA79005,AM-W45,Audio Array,Microphone Conference,Wireless Conference Microphone,
2026-06-23,B0CKHVHVQ1,0.0,Conference Mics,0,88800319740398,0,0,B0CKHVHVQ1,198602319025234,0.0,0,Audio Array-Catch All-SD-CT,FBA79005,AM-W45,Audio Array,Microphone Conference,Wireless Conference Microphone,
2026-06-24,B0CKHVHVQ1,0.0,Conference Mics,0,88800319740398,0,0,B0CKHVHVQ1,198602319025234,0.0,0,Audio Array-Catch All-SD-CT,FBA79005,AM-W45,Audio Array,Microphone Conference,Wireless Conference Microphone,
2026-06-25,B0CKHVHVQ1,0.0,Conference Mics,0,88800319740398,0,0,B0CKHVHVQ1,198602319025234,0.0,0,Audio Array-Catch All-SD-CT,FBA79005,AM-W45,Audio Array,Microphone Conference,Wireless Conference Microphone,
2026-06-05,B0CM6WH4ZT,0.0,Audio Interfaces,0,88800319740398,0,0,B0CM6WH4ZT,21046032203721,0.0,0,Audio Array-Catch All-SD-CT,FBA79105,AI-12,Audio Array,Audio Interface,Audio Interface,
2026-06-06,B0CM6WH4ZT,0.0,Audio Interfaces,0,88800319740398,0,0,B0CM6WH4ZT,21046032203721,0.0,0,Audio Array-Catch All-SD-CT,FBA79105,AI-12,Audio Array,Audio Interface,Audio Interface,
2026-06-07,B0CM6WH4ZT,0.0,Audio Interfaces,0,88800319740398,0,0,B0CM6WH4ZT,21046032203721,0.0,0,Audio Array-Catch All-SD-CT,FBA79105,AI-12,Audio Array,Audio Interface,Audio Interface,
2026-06-08,B0CM6WH4ZT,0.0,Audio Interfaces,0,88800319740398,0,0,B0CM6WH4ZT,21046032203721,0.0,0,Audio Array-Catch All-SD-CT,FBA79105,AI-12,Audio Array,Audio Interface,Audio Interface,
2026-06-09,B0CM6WH4ZT,0.0,Audio Interfaces,0,88800319740398,0,0,B0CM6WH4ZT,21046032203721,0.0,0,Audio Array-Catch All-SD-CT,FBA79105,AI-12,Audio Array,Audio Interface,Audio Interface,
2026-06-10,B0CM6WH4ZT,0.0,Audio Interfaces,0,88800319740398,0,0,B0CM6WH4ZT,21046032203721,0.0,0,Audio Array-Catch All-SD-CT,FBA79105,AI-12,Audio Array,Audio Interface,Audio Interface,
2026-06-11,B0CM6WH4ZT,0.0,Audio Interfaces,0,88800319740398,0,0,B0CM6WH4ZT,21046032203721,0.0,0,Audio Array-Catch All-SD-CT,FBA79105,AI-12,Audio Array,Audio Interface,Audio Interface,
2026-06-12,B0CM6WH4ZT,0.0,Audio Interfaces,0,88800319740398,0,0,B0CM6WH4ZT,21046032203721,0.0,0,Audio Array-Catch All-SD-CT,FBA79105,AI-12,Audio Array,Audio Interface,Audio Interface,
2026-06-13,B0CM6WH4ZT,0.0,Audio Interfaces,0,88800319740398,0,0,B0CM6WH4ZT,21046032203721,0.0,0,Audio Array-Catch All-SD-CT,FBA79105,AI-12,Audio Array,Audio Interface,Audio Interface,
2026-06-14,B0CM6WH4ZT,0.0,Audio Interfaces,0,88800319740398,0,0,B0CM6WH4ZT,21046032203721,0.0,0,Audio Array-Catch All-SD-CT,FBA79105,AI-12,Audio Array,Audio Interface,Audio Interface,
2026-06-15,B0CM6WH4ZT,0.0,Audio Interfaces,0,88800319740398,0,0,B0CM6WH4ZT,21046032203721,0.0,0,Audio Array-Catch All-SD-CT,FBA79105,AI-12,Audio Array,Audio Interface,Audio Interface,
2026-06-16,B0CM6WH4ZT,0.0,Audio Interfaces,0,88800319740398,0,0,B0CM6WH4ZT,21046032203721,0.0,0,Audio Array-Catch All-SD-CT,FBA79105,AI-12,Audio Array,Audio Interface,Audio Interface,
2026-06-17,B0CM6WH4ZT,0.0,Audio Interfaces,0,88800319740398,0,0,B0CM6WH4ZT,21046032203721,0.0,0,Audio Array-Catch All-SD-CT,FBA79105,AI-12,Audio Array,Audio Interface,Audio Interface,
2026-06-18,B0CM6WH4ZT,0.0,Audio Interfaces,0,88800319740398,0,0,B0CM6WH4ZT,21046032203721,0.0,0,Audio Array-Catch All-SD-CT,FBA79105,AI-12,Audio Array,Audio Interface,Audio Interface,
2026-06-19,B0CM6WH4ZT,0.0,Audio Interfaces,0,88800319740398,0,0,B0CM6WH4ZT,21046032203721,0.0,0,Audio Array-Catch All-SD-CT,FBA79105,AI-12,Audio Array,Audio Interface,Audio Interface,
2026-06-20,B0CM6WH4ZT,0.0,Audio Interfaces,0,88800319740398,0,0,B0CM6WH4ZT,21046032203721,0.0,0,Audio Array-Catch All-SD-CT,FBA79105,AI-12,Audio Array,Audio Interface,Audio Interface,
2026-06-21,B0CM6WH4ZT,0.0,Audio Interfaces,0,88800319740398,0,0,B0CM6WH4ZT,21046032203721,0.0,0,Audio Array-Catch All-SD-CT,FBA79105,AI-12,Audio Array,Audio Interface,Audio Interface,
2026-06-22,B0CM6WH4ZT,0.0,Audio Interfaces,0,88800319740398,0,0,B0CM6WH4ZT,21046032203721,0.0,0,Audio Array-Catch All-SD-CT,FBA79105,AI-12,Audio Array,Audio Interface,Audio Interface,
2026-06-23,B0CM6WH4ZT,0.0,Audio Interfaces,0,88800319740398,0,0,B0CM6WH4ZT,21046032203721,0.0,0,Audio Array-Catch All-SD-CT,FBA79105,AI-12,Audio Array,Audio Interface,Audio Interface,
2026-06-24,B0CM6WH4ZT,0.0,Audio Interfaces,0,88800319740398,0,0,B0CM6WH4ZT,21046032203721,0.0,0,Audio Array-Catch All-SD-CT,FBA79105,AI-12,Audio Array,Audio Interface,Audio Interface,
2026-06-25,B0CM6WH4ZT,0.0,Audio Interfaces,0,88800319740398,0,0,B0CM6WH4ZT,21046032203721,0.0,0,Audio Array-Catch All-SD-CT,FBA79105,AI-12,Audio Array,Audio Interface,Audio Interface,
2026-06-05,B0CM9KJZWQ,0.0,Dynamic Mic,0,88800319740398,0,0,B0CM9KJZWQ,189182706060711,0.0,0,Audio Array-Catch All-SD-CT,FBA79106,AM-C44,Audio Array,Microphone Dynamic,Dynamic Microphone,
2026-06-06,B0CM9KJZWQ,0.0,Dynamic Mic,0,88800319740398,0,0,B0CM9KJZWQ,189182706060711,0.0,0,Audio Array-Catch All-SD-CT,FBA79106,AM-C44,Audio Array,Microphone Dynamic,Dynamic Microphone,
2026-06-07,B0CM9KJZWQ,0.0,Dynamic Mic,0,88800319740398,0,0,B0CM9KJZWQ,189182706060711,0.0,0,Audio Array-Catch All-SD-CT,FBA79106,AM-C44,Audio Array,Microphone Dynamic,Dynamic Microphone,
2026-06-08,B0CM9KJZWQ,0.0,Dynamic Mic,0,88800319740398,0,0,B0CM9KJZWQ,189182706060711,0.0,0,Audio Array-Catch All-SD-CT,FBA79106,AM-C44,Audio Array,Microphone Dynamic,Dynamic Microphone,
2026-06-09,B0CM9KJZWQ,0.0,Dynamic Mic,0,88800319740398,0,0,B0CM9KJZWQ,189182706060711,0.0,0,Audio Array-Catch All-SD-CT,FBA79106,AM-C44,Audio Array,Microphone Dynamic,Dynamic Microphone,
2026-06-10,B0CM9KJZWQ,0.0,Dynamic Mic,0,88800319740398,0,0,B0CM9KJZWQ,189182706060711,0.0,0,Audio Array-Catch All-SD-CT,FBA79106,AM-C44,Audio Array,Microphone Dynamic,Dynamic Microphone,
2026-06-11,B0CM9KJZWQ,0.0,Dynamic Mic,0,88800319740398,0,0,B0CM9KJZWQ,189182706060711,0.0,0,Audio Array-Catch All-SD-CT,FBA79106,AM-C44,Audio Array,Microphone Dynamic,Dynamic Microphone,
2026-06-12,B0CM9KJZWQ,0.0,Dynamic Mic,0,88800319740398,0,0,B0CM9KJZWQ,189182706060711,0.0,0,Audio Array-Catch All-SD-CT,FBA79106,AM-C44,Audio Array,Microphone Dynamic,Dynamic Microphone,
2026-06-13,B0CM9KJZWQ,0.0,Dynamic Mic,0,88800319740398,0,0,B0CM9KJZWQ,189182706060711,0.0,0,Audio Array-Catch All-SD-CT,FBA79106,AM-C44,Audio Array,Microphone Dynamic,Dynamic Microphone,
2026-06-14,B0CM9KJZWQ,0.0,Dynamic Mic,0,88800319740398,0,0,B0CM9KJZWQ,189182706060711,0.0,0,Audio Array-Catch All-SD-CT,FBA79106,AM-C44,Audio Array,Microphone Dynamic,Dynamic Microphone,
2026-06-15,B0CM9KJZWQ,0.0,Dynamic Mic,0,88800319740398,0,0,B0CM9KJZWQ,189182706060711,0.0,0,Audio Array-Catch All-SD-CT,FBA79106,AM-C44,Audio Array,Microphone Dynamic,Dynamic Microphone,
2026-06-16,B0CM9KJZWQ,0.0,Dynamic Mic,0,88800319740398,0,0,B0CM9KJZWQ,189182706060711,0.0,0,Audio Array-Catch All-SD-CT,FBA79106,AM-C44,Audio Array,Microphone Dynamic,Dynamic Microphone,
2026-06-17,B0CM9KJZWQ,0.0,Dynamic Mic,0,88800319740398,0,0,B0CM9KJZWQ,189182706060711,0.0,0,Audio Array-Catch All-SD-CT,FBA79106,AM-C44,Audio Array,Microphone Dynamic,Dynamic Microphone,
2026-06-18,B0CM9KJZWQ,0.0,Dynamic Mic,0,88800319740398,0,0,B0CM9KJZWQ,189182706060711,0.0,0,Audio Array-Catch All-SD-CT,FBA79106,AM-C44,Audio Array,Microphone Dynamic,Dynamic Microphone,
2026-06-19,B0CM9KJZWQ,0.0,Dynamic Mic,0,88800319740398,0,0,B0CM9KJZWQ,189182706060711,0.0,0,Audio Array-Catch All-SD-CT,FBA79106,AM-C44,Audio Array,Microphone Dynamic,Dynamic Microphone,
2026-06-20,B0CM9KJZWQ,0.0,Dynamic Mic,0,88800319740398,0,0,B0CM9KJZWQ,189182706060711,0.0,0,Audio Array-Catch All-SD-CT,FBA79106,AM-C44,Audio Array,Microphone Dynamic,Dynamic Microphone,
2026-06-21,B0CM9KJZWQ,0.0,Dynamic Mic,0,88800319740398,0,0,B0CM9KJZWQ,189182706060711,0.0,0,Audio Array-Catch All-SD-CT,FBA79106,AM-C44,Audio Array,Microphone Dynamic,Dynamic Microphone,
2026-06-22,B0CM9KJZWQ,0.0,Dynamic Mic,0,88800319740398,0,0,B0CM9KJZWQ,189182706060711,0.0,0,Audio Array-Catch All-SD-CT,FBA79106,AM-C44,Audio Array,Microphone Dynamic,Dynamic Microphone,
2026-06-23,B0CM9KJZWQ,0.0,Dynamic Mic,0,88800319740398,0,0,B0CM9KJZWQ,189182706060711,0.0,0,Audio Array-Catch All-SD-CT,FBA79106,AM-C44,Audio Array,Microphone Dynamic,Dynamic Microphone,
2026-06-24,B0CM9KJZWQ,0.0,Dynamic Mic,0,88800319740398,0,0,B0CM9KJZWQ,189182706060711,0.0,0,Audio Array-Catch All-SD-CT,FBA79106,AM-C44,Audio Array,Microphone Dynamic,Dynamic Microphone,
2026-06-25,B0CM9KJZWQ,0.0,Dynamic Mic,0,88800319740398,0,0,B0CM9KJZWQ,189182706060711,0.0,0,Audio Array-Catch All-SD-CT,FBA79106,AM-C44,Audio Array,Microphone Dynamic,Dynamic Microphone,
2026-06-05,B0BPLZ5CGV,616.63,Audio Array-B0BPLZ5CGV-Audio Interface-SD-Audience,0,524199669707983,0,17581,B0BPLZ5CGV,367954928515427,0.0,49,Audio Array-B0BPLZ5CGV-Audio Interface-SD-Audience,FBA76864,AI-04 Red,Audio Array,Audio Interface,Audio Interface,
2026-06-06,B0BPLZ5CGV,626.27,Audio Array-B0BPLZ5CGV-Audio Interface-SD-Audience,0,524199669707983,0,17718,B0BPLZ5CGV,367954928515427,0.0,49,Audio Array-B0BPLZ5CGV-Audio Interface-SD-Audience,FBA76864,AI-04 Red,Audio Array,Audio Interface,Audio Interface,
2026-06-07,B0BPLZ5CGV,809.49,Audio Array-B0BPLZ5CGV-Audio Interface-SD-Audience,2,524199669707983,2,18813,B0BPLZ5CGV,367954928515427,8051.34,71,Audio Array-B0BPLZ5CGV-Audio Interface-SD-Audience,FBA76864,AI-04 Red,Audio Array,Audio Interface,Audio Interface,
2026-06-08,B0BPLZ5CGV,1017.43,Audio Array-B0BPLZ5CGV-Audio Interface-SD-Audience,6,524199669707983,6,16067,B0BPLZ5CGV,367954928515427,20250.0,76,Audio Array-B0BPLZ5CGV-Audio Interface-SD-Audience,FBA76864,AI-04 Red,Audio Array,Audio Interface,Audio Interface,
2026-06-09,B0BPLZ5CGV,1000.13,Audio Array-B0BPLZ5CGV-Audio Interface-SD-Audience,1,524199669707983,1,20702,B0BPLZ5CGV,367954928515427,4066.95,63,Audio Array-B0BPLZ5CGV-Audio Interface-SD-Audience,FBA76864,AI-04 Red,Audio Array,Audio Interface,Audio Interface,
2026-06-10,B0BPLZ5CGV,1007.33,Audio Array-B0BPLZ5CGV-Audio Interface-SD-Audience,0,524199669707983,0,35023,B0BPLZ5CGV,367954928515427,0.0,119,Audio Array-B0BPLZ5CGV-Audio Interface-SD-Audience,FBA76864,AI-04 Red,Audio Array,Audio Interface,Audio Interface,
2026-06-11,B0BPLZ5CGV,991.65,Audio Array-B0BPLZ5CGV-Audio Interface-SD-Audience,2,524199669707983,2,52171,B0BPLZ5CGV,367954928515427,8133.9,155,Audio Array-B0BPLZ5CGV-Audio Interface-SD-Audience,FBA76864,AI-04 Red,Audio Array,Audio Interface,Audio Interface,
2026-06-12,B0BPLZ5CGV,928.68,Audio Array-B0BPLZ5CGV-Audio Interface-SD-Audience,1,524199669707983,1,67752,B0BPLZ5CGV,367954928515427,4066.94,201,Audio Array-B0BPLZ5CGV-Audio Interface-SD-Audience,FBA76864,AI-04 Red,Audio Array,Audio Interface,Audio Interface,
2026-06-13,B0BPLZ5CGV,777.5,Audio Array-B0BPLZ5CGV-Audio Interface-SD-Audience,0,524199669707983,0,44265,B0BPLZ5CGV,367954928515427,0.0,129,Audio Array-B0BPLZ5CGV-Audio Interface-SD-Audience,FBA76864,AI-04 Red,Audio Array,Audio Interface,Audio Interface,
2026-06-14,B0BPLZ5CGV,1051.9,Audio Array-B0BPLZ5CGV-Audio Interface-SD-Audience,0,524199669707983,0,60877,B0BPLZ5CGV,367954928515427,0.0,175,Audio Array-B0BPLZ5CGV-Audio Interface-SD-Audience,FBA76864,AI-04 Red,Audio Array,Audio Interface,Audio Interface,
2026-06-15,B0BPLZ5CGV,997.9,Audio Array-B0BPLZ5CGV-Audio Interface-SD-Audience,3,524199669707983,3,69451,B0BPLZ5CGV,367954928515427,8706.77,201,Audio Array-B0BPLZ5CGV-Audio Interface-SD-Audience,FBA76864,AI-04 Red,Audio Array,Audio Interface,Audio Interface,
2026-06-16,B0BPLZ5CGV,1003.8,Audio Array-B0BPLZ5CGV-Audio Interface-SD-Audience,0,524199669707983,0,53978,B0BPLZ5CGV,367954928515427,0.0,159,Audio Array-B0BPLZ5CGV-Audio Interface-SD-Audience,FBA76864,AI-04 Red,Audio Array,Audio Interface,Audio Interface,
2026-06-17,B0BPLZ5CGV,981.75,Audio Array-B0BPLZ5CGV-Audio Interface-SD-Audience,1,524199669707983,1,62474,B0BPLZ5CGV,367954928515427,4066.95,157,Audio Array-B0BPLZ5CGV-Audio Interface-SD-Audience,FBA76864,AI-04 Red,Audio Array,Audio Interface,Audio Interface,
2026-06-18,B0BPLZ5CGV,917.58,Audio Array-B0BPLZ5CGV-Audio Interface-SD-Audience,2,524199669707983,2,41531,B0BPLZ5CGV,367954928515427,7455.93,120,Audio Array-B0BPLZ5CGV-Audio Interface-SD-Audience,FBA76864,AI-04 Red,Audio Array,Audio Interface,Audio Interface,
2026-06-19,B0BPLZ5CGV,929.42,Audio Array-B0BPLZ5CGV-Audio Interface-SD-Audience,0,524199669707983,0,45374,B0BPLZ5CGV,367954928515427,0.0,115,Audio Array-B0BPLZ5CGV-Audio Interface-SD-Audience,FBA76864,AI-04 Red,Audio Array,Audio Interface,Audio Interface,
2026-06-20,B0BPLZ5CGV,905.76,Audio Array-B0BPLZ5CGV-Audio Interface-SD-Audience,1,524199669707983,1,44402,B0BPLZ5CGV,367954928515427,4066.95,117,Audio Array-B0BPLZ5CGV-Audio Interface-SD-Audience,FBA76864,AI-04 Red,Audio Array,Audio Interface,Audio Interface,
2026-06-21,B0BPLZ5CGV,899.09,Audio Array-B0BPLZ5CGV-Audio Interface-SD-Audience,2,524199669707983,2,42317,B0BPLZ5CGV,367954928515427,5252.54,127,Audio Array-B0BPLZ5CGV-Audio Interface-SD-Audience,FBA76864,AI-04 Red,Audio Array,Audio Interface,Audio Interface,
2026-06-22,B0BPLZ5CGV,671.95,Audio Array-B0BPLZ5CGV-Audio Interface-SD-Audience,0,524199669707983,0,31097,B0BPLZ5CGV,367954928515427,0.0,83,Audio Array-B0BPLZ5CGV-Audio Interface-SD-Audience,FBA76864,AI-04 Red,Audio Array,Audio Interface,Audio Interface,
2026-06-23,B0BPLZ5CGV,535.14,Audio Array-B0BPLZ5CGV-Audio Interface-SD-Audience,1,524199669707983,1,22504,B0BPLZ5CGV,367954928515427,4066.95,82,Audio Array-B0BPLZ5CGV-Audio Interface-SD-Audience,FBA76864,AI-04 Red,Audio Array,Audio Interface,Audio Interface,
2026-06-24,B0BPLZ5CGV,857.92,Audio Array-B0BPLZ5CGV-Audio Interface-SD-Audience,0,524199669707983,0,23889,B0BPLZ5CGV,367954928515427,0.0,81,Audio Array-B0BPLZ5CGV-Audio Interface-SD-Audience,FBA76864,AI-04 Red,Audio Array,Audio Interface,Audio Interface,
2026-06-25,B0BPLZ5CGV,471.18,Audio Array-B0BPLZ5CGV-Audio Interface-SD-Audience,1,524199669707983,1,23931,B0BPLZ5CGV,367954928515427,4066.95,59,Audio Array-B0BPLZ5CGV-Audio Interface-SD-Audience,FBA76864,AI-04 Red,Audio Array,Audio Interface,Audio Interface,
2026-06-05,B0DXFPM4N2,592.8,Studio Monitor,0,88800319740398,0,89664,B0DXFPM4N2,351170855286614,0.0,289,Audio Array-Catch All-SD-CT,FBA79482,AM-S1,Audio Array,Monitor Speakers,Studio Monitor Speaker,
2026-06-06,B0DXFPM4N2,935.47,Studio Monitor,0,88800319740398,0,84052,B0DXFPM4N2,351170855286614,0.0,302,Audio Array-Catch All-SD-CT,FBA79482,AM-S1,Audio Array,Monitor Speakers,Studio Monitor Speaker,
2026-06-07,B0DXFPM4N2,1247.92,Studio Monitor,1,88800319740398,1,102226,B0DXFPM4N2,351170855286614,5931.36,381,Audio Array-Catch All-SD-CT,FBA79482,AM-S1,Audio Array,Monitor Speakers,Studio Monitor Speaker,
2026-06-08,B0DXFPM4N2,828.1,Studio Monitor,0,88800319740398,0,89152,B0DXFPM4N2,351170855286614,0.0,310,Audio Array-Catch All-SD-CT,FBA79482,AM-S1,Audio Array,Monitor Speakers,Studio Monitor Speaker,
2026-06-09,B0DXFPM4N2,614.49,Studio Monitor,0,88800319740398,0,58885,B0DXFPM4N2,351170855286614,0.0,209,Audio Array-Catch All-SD-CT,FBA79482,AM-S1,Audio Array,Monitor Speakers,Studio Monitor Speaker,
2026-06-10,B0DXFPM4N2,589.86,Studio Monitor,0,88800319740398,0,63904,B0DXFPM4N2,351170855286614,0.0,277,Audio Array-Catch All-SD-CT,FBA79482,AM-S1,Audio Array,Monitor Speakers,Studio Monitor Speaker,
2026-06-11,B0DXFPM4N2,307.62,Studio Monitor,0,88800319740398,0,40891,B0DXFPM4N2,351170855286614,0.0,167,Audio Array-Catch All-SD-CT,FBA79482,AM-S1,Audio Array,Monitor Speakers,Studio Monitor Speaker,
2026-06-12,B0DXFPM4N2,422.87,Studio Monitor,0,88800319740398,0,38077,B0DXFPM4N2,351170855286614,0.0,171,Audio Array-Catch All-SD-CT,FBA79482,AM-S1,Audio Array,Monitor Speakers,Studio Monitor Speaker,
2026-06-13,B0DXFPM4N2,457.86,Studio Monitor,0,88800319740398,0,53568,B0DXFPM4N2,351170855286614,0.0,264,Audio Array-Catch All-SD-CT,FBA79482,AM-S1,Audio Array,Monitor Speakers,Studio Monitor Speaker,
2026-06-14,B0DXFPM4N2,243.02,Studio Monitor,0,88800319740398,0,36153,B0DXFPM4N2,351170855286614,0.0,147,Audio Array-Catch All-SD-CT,FBA79482,AM-S1,Audio Array,Monitor Speakers,Studio Monitor Speaker,
2026-06-15,B0DXFPM4N2,421.63,Studio Monitor,1,88800319740398,1,41651,B0DXFPM4N2,351170855286614,8050.0,183,Audio Array-Catch All-SD-CT,FBA79482,AM-S1,Audio Array,Monitor Speakers,Studio Monitor Speaker,
2026-06-16,B0DXFPM4N2,333.34,Studio Monitor,1,88800319740398,1,36589,B0DXFPM4N2,351170855286614,6355.08,124,Audio Array-Catch All-SD-CT,FBA79482,AM-S1,Audio Array,Monitor Speakers,Studio Monitor Speaker,
2026-06-17,B0DXFPM4N2,249.42,Studio Monitor,1,88800319740398,1,31802,B0DXFPM4N2,351170855286614,8050.0,153,Audio Array-Catch All-SD-CT,FBA79482,AM-S1,Audio Array,Monitor Speakers,Studio Monitor Speaker,
2026-06-18,B0DXFPM4N2,285.07,Studio Monitor,1,88800319740398,1,28900,B0DXFPM4N2,351170855286614,1007.63,119,Audio Array-Catch All-SD-CT,FBA79482,AM-S1,Audio Array,Monitor Speakers,Studio Monitor Speaker,
2026-06-19,B0DXFPM4N2,220.42,Studio Monitor,0,88800319740398,0,26657,B0DXFPM4N2,351170855286614,0.0,105,Audio Array-Catch All-SD-CT,FBA79482,AM-S1,Audio Array,Monitor Speakers,Studio Monitor Speaker,
2026-06-20,B0DXFPM4N2,294.66,Studio Monitor,0,88800319740398,0,27497,B0DXFPM4N2,351170855286614,0.0,139,Audio Array-Catch All-SD-CT,FBA79482,AM-S1,Audio Array,Monitor Speakers,Studio Monitor Speaker,
2026-06-21,B0DXFPM4N2,196.1,Studio Monitor,0,88800319740398,0,19542,B0DXFPM4N2,351170855286614,0.0,70,Audio Array-Catch All-SD-CT,FBA79482,AM-S1,Audio Array,Monitor Speakers,Studio Monitor Speaker,
2026-06-22,B0DXFPM4N2,260.84,Studio Monitor,1,88800319740398,1,30483,B0DXFPM4N2,351170855286614,4066.95,149,Audio Array-Catch All-SD-CT,FBA79482,AM-S1,Audio Array,Monitor Speakers,Studio Monitor Speaker,
2026-06-23,B0DXFPM4N2,228.13,Studio Monitor,0,88800319740398,0,32921,B0DXFPM4N2,351170855286614,0.0,139,Audio Array-Catch All-SD-CT,FBA79482,AM-S1,Audio Array,Monitor Speakers,Studio Monitor Speaker,
2026-06-24,B0DXFPM4N2,184.75,Studio Monitor,0,88800319740398,0,22749,B0DXFPM4N2,351170855286614,0.0,106,Audio Array-Catch All-SD-CT,FBA79482,AM-S1,Audio Array,Monitor Speakers,Studio Monitor Speaker,
2026-06-25,B0DXFPM4N2,295.91,Studio Monitor,0,88800319740398,0,34133,B0DXFPM4N2,351170855286614,0.0,145,Audio Array-Catch All-SD-CT,FBA79482,AM-S1,Audio Array,Monitor Speakers,Studio Monitor Speaker,
2026-06-05,B0CM9L1QZG,0.0,Wireless Lapel Mic,0,88800319740398,0,0,FBA79108,485818304366864,0.0,0,Audio Array-Catch All-SD-CT,FBA79108,AM-W16,Audio Array,Microphone Wireless Lapel,Wireless Lapel Microphone,
2026-06-06,B0CM9L1QZG,0.0,Wireless Lapel Mic,0,88800319740398,0,0,FBA79108,485818304366864,0.0,0,Audio Array-Catch All-SD-CT,FBA79108,AM-W16,Audio Array,Microphone Wireless Lapel,Wireless Lapel Microphone,
2026-06-07,B0CM9L1QZG,0.0,Wireless Lapel Mic,0,88800319740398,0,0,FBA79108,485818304366864,0.0,0,Audio Array-Catch All-SD-CT,FBA79108,AM-W16,Audio Array,Microphone Wireless Lapel,Wireless Lapel Microphone,
2026-06-08,B0CM9L1QZG,0.0,Wireless Lapel Mic,0,88800319740398,0,0,FBA79108,485818304366864,0.0,0,Audio Array-Catch All-SD-CT,FBA79108,AM-W16,Audio Array,Microphone Wireless Lapel,Wireless Lapel Microphone,
2026-06-09,B0CM9L1QZG,0.0,Wireless Lapel Mic,0,88800319740398,0,0,FBA79108,485818304366864,0.0,0,Audio Array-Catch All-SD-CT,FBA79108,AM-W16,Audio Array,Microphone Wireless Lapel,Wireless Lapel Microphone,
2026-06-10,B0CM9L1QZG,0.0,Wireless Lapel Mic,0,88800319740398,0,0,FBA79108,485818304366864,0.0,0,Audio Array-Catch All-SD-CT,FBA79108,AM-W16,Audio Array,Microphone Wireless Lapel,Wireless Lapel Microphone,
2026-06-11,B0CM9L1QZG,0.0,Wireless Lapel Mic,0,88800319740398,0,0,FBA79108,485818304366864,0.0,0,Audio Array-Catch All-SD-CT,FBA79108,AM-W16,Audio Array,Microphone Wireless Lapel,Wireless Lapel Microphone,
2026-06-12,B0CM9L1QZG,0.0,Wireless Lapel Mic,0,88800319740398,0,0,FBA79108,485818304366864,0.0,0,Audio Array-Catch All-SD-CT,FBA79108,AM-W16,Audio Array,Microphone Wireless Lapel,Wireless Lapel Microphone,
2026-06-13,B0CM9L1QZG,0.0,Wireless Lapel Mic,0,88800319740398,0,0,FBA79108,485818304366864,0.0,0,Audio Array-Catch All-SD-CT,FBA79108,AM-W16,Audio Array,Microphone Wireless Lapel,Wireless Lapel Microphone,
2026-06-14,B0CM9L1QZG,0.0,Wireless Lapel Mic,0,88800319740398,0,0,FBA79108,485818304366864,0.0,0,Audio Array-Catch All-SD-CT,FBA79108,AM-W16,Audio Array,Microphone Wireless Lapel,Wireless Lapel Microphone,
2026-06-15,B0CM9L1QZG,0.0,Wireless Lapel Mic,0,88800319740398,0,0,FBA79108,485818304366864,0.0,0,Audio Array-Catch All-SD-CT,FBA79108,AM-W16,Audio Array,Microphone Wireless Lapel,Wireless Lapel Microphone,
2026-06-16,B0CM9L1QZG,0.0,Wireless Lapel Mic,0,88800319740398,0,0,FBA79108,485818304366864,0.0,0,Audio Array-Catch All-SD-CT,FBA79108,AM-W16,Audio Array,Microphone Wireless Lapel,Wireless Lapel Microphone,
2026-06-17,B0CM9L1QZG,0.0,Wireless Lapel Mic,0,88800319740398,0,0,FBA79108,485818304366864,0.0,0,Audio Array-Catch All-SD-CT,FBA79108,AM-W16,Audio Array,Microphone Wireless Lapel,Wireless Lapel Microphone,
2026-06-18,B0CM9L1QZG,0.0,Wireless Lapel Mic,0,88800319740398,0,0,FBA79108,485818304366864,0.0,0,Audio Array-Catch All-SD-CT,FBA79108,AM-W16,Audio Array,Microphone Wireless Lapel,Wireless Lapel Microphone,
2026-06-19,B0CM9L1QZG,0.0,Wireless Lapel Mic,0,88800319740398,0,0,FBA79108,485818304366864,0.0,0,Audio Array-Catch All-SD-CT,FBA79108,AM-W16,Audio Array,Microphone Wireless Lapel,Wireless Lapel Microphone,
2026-06-20,B0CM9L1QZG,0.0,Wireless Lapel Mic,0,88800319740398,0,0,FBA79108,485818304366864,0.0,0,Audio Array-Catch All-SD-CT,FBA79108,AM-W16,Audio Array,Microphone Wireless Lapel,Wireless Lapel Microphone,
2026-06-21,B0CM9L1QZG,0.0,Wireless Lapel Mic,0,88800319740398,0,0,FBA79108,485818304366864,0.0,0,Audio Array-Catch All-SD-CT,FBA79108,AM-W16,Audio Array,Microphone Wireless Lapel,Wireless Lapel Microphone,
2026-06-22,B0CM9L1QZG,0.0,Wireless Lapel Mic,0,88800319740398,0,0,FBA79108,485818304366864,0.0,0,Audio Array-Catch All-SD-CT,FBA79108,AM-W16,Audio Array,Microphone Wireless Lapel,Wireless Lapel Microphone,
2026-06-23,B0CM9L1QZG,0.0,Wireless Lapel Mic,0,88800319740398,0,0,FBA79108,485818304366864,0.0,0,Audio Array-Catch All-SD-CT,FBA79108,AM-W16,Audio Array,Microphone Wireless Lapel,Wireless Lapel Microphone,
2026-06-24,B0CM9L1QZG,0.0,Wireless Lapel Mic,0,88800319740398,0,0,FBA79108,485818304366864,0.0,0,Audio Array-Catch All-SD-CT,FBA79108,AM-W16,Audio Array,Microphone Wireless Lapel,Wireless Lapel Microphone,
2026-06-25,B0CM9L1QZG,0.0,Wireless Lapel Mic,0,88800319740398,0,0,FBA79108,485818304366864,0.0,0,Audio Array-Catch All-SD-CT,FBA79108,AM-W16,Audio Array,Microphone Wireless Lapel,Wireless Lapel Microphone,
2026-06-05,B0CM9P5CCK,0.0,Wireless Lapel Mic,0,88800319740398,0,0,B0CM9P5CCK,485818304366864,0.0,0,Audio Array-Catch All-SD-CT,FBA79107,AM-W17,Audio Array,Microphone Wireless Lapel,Wireless Lapel Microphone,
2026-06-06,B0CM9P5CCK,0.0,Wireless Lapel Mic,0,88800319740398,0,0,B0CM9P5CCK,485818304366864,0.0,0,Audio Array-Catch All-SD-CT,FBA79107,AM-W17,Audio Array,Microphone Wireless Lapel,Wireless Lapel Microphone,
2026-06-07,B0CM9P5CCK,0.0,Wireless Lapel Mic,0,88800319740398,0,0,B0CM9P5CCK,485818304366864,0.0,0,Audio Array-Catch All-SD-CT,FBA79107,AM-W17,Audio Array,Microphone Wireless Lapel,Wireless Lapel Microphone,
2026-06-08,B0CM9P5CCK,0.0,Wireless Lapel Mic,0,88800319740398,0,0,B0CM9P5CCK,485818304366864,0.0,0,Audio Array-Catch All-SD-CT,FBA79107,AM-W17,Audio Array,Microphone Wireless Lapel,Wireless Lapel Microphone,
2026-06-09,B0CM9P5CCK,0.0,Wireless Lapel Mic,0,88800319740398,0,0,B0CM9P5CCK,485818304366864,0.0,0,Audio Array-Catch All-SD-CT,FBA79107,AM-W17,Audio Array,Microphone Wireless Lapel,Wireless Lapel Microphone,
2026-06-10,B0CM9P5CCK,0.0,Wireless Lapel Mic,0,88800319740398,0,0,B0CM9P5CCK,485818304366864,0.0,0,Audio Array-Catch All-SD-CT,FBA79107,AM-W17,Audio Array,Microphone Wireless Lapel,Wireless Lapel Microphone,
2026-06-11,B0CM9P5CCK,0.0,Wireless Lapel Mic,0,88800319740398,0,0,B0CM9P5CCK,485818304366864,0.0,0,Audio Array-Catch All-SD-CT,FBA79107,AM-W17,Audio Array,Microphone Wireless Lapel,Wireless Lapel Microphone,
2026-06-12,B0CM9P5CCK,0.0,Wireless Lapel Mic,0,88800319740398,0,0,B0CM9P5CCK,485818304366864,0.0,0,Audio Array-Catch All-SD-CT,FBA79107,AM-W17,Audio Array,Microphone Wireless Lapel,Wireless Lapel Microphone,
2026-06-13,B0CM9P5CCK,0.0,Wireless Lapel Mic,0,88800319740398,0,0,B0CM9P5CCK,485818304366864,0.0,0,Audio Array-Catch All-SD-CT,FBA79107,AM-W17,Audio Array,Microphone Wireless Lapel,Wireless Lapel Microphone,
2026-06-14,B0CM9P5CCK,0.0,Wireless Lapel Mic,0,88800319740398,0,0,B0CM9P5CCK,485818304366864,0.0,0,Audio Array-Catch All-SD-CT,FBA79107,AM-W17,Audio Array,Microphone Wireless Lapel,Wireless Lapel Microphone,
2026-06-15,B0CM9P5CCK,0.0,Wireless Lapel Mic,0,88800319740398,0,0,B0CM9P5CCK,485818304366864,0.0,0,Audio Array-Catch All-SD-CT,FBA79107,AM-W17,Audio Array,Microphone Wireless Lapel,Wireless Lapel Microphone,
2026-06-16,B0CM9P5CCK,0.0,Wireless Lapel Mic,0,88800319740398,0,0,B0CM9P5CCK,485818304366864,0.0,0,Audio Array-Catch All-SD-CT,FBA79107,AM-W17,Audio Array,Microphone Wireless Lapel,Wireless Lapel Microphone,
2026-06-17,B0CM9P5CCK,0.0,Wireless Lapel Mic,0,88800319740398,0,0,B0CM9P5CCK,485818304366864,0.0,0,Audio Array-Catch All-SD-CT,FBA79107,AM-W17,Audio Array,Microphone Wireless Lapel,Wireless Lapel Microphone,
2026-06-18,B0CM9P5CCK,0.0,Wireless Lapel Mic,0,88800319740398,0,0,B0CM9P5CCK,485818304366864,0.0,0,Audio Array-Catch All-SD-CT,FBA79107,AM-W17,Audio Array,Microphone Wireless Lapel,Wireless Lapel Microphone,
2026-06-19,B0CM9P5CCK,0.0,Wireless Lapel Mic,0,88800319740398,0,0,B0CM9P5CCK,485818304366864,0.0,0,Audio Array-Catch All-SD-CT,FBA79107,AM-W17,Audio Array,Microphone Wireless Lapel,Wireless Lapel Microphone,
2026-06-20,B0CM9P5CCK,0.0,Wireless Lapel Mic,0,88800319740398,0,0,B0CM9P5CCK,485818304366864,0.0,0,Audio Array-Catch All-SD-CT,FBA79107,AM-W17,Audio Array,Microphone Wireless Lapel,Wireless Lapel Microphone,
2026-06-21,B0CM9P5CCK,0.0,Wireless Lapel Mic,0,88800319740398,0,0,B0CM9P5CCK,485818304366864,0.0,0,Audio Array-Catch All-SD-CT,FBA79107,AM-W17,Audio Array,Microphone Wireless Lapel,Wireless Lapel Microphone,
2026-06-22,B0CM9P5CCK,0.0,Wireless Lapel Mic,0,88800319740398,0,0,B0CM9P5CCK,485818304366864,0.0,0,Audio Array-Catch All-SD-CT,FBA79107,AM-W17,Audio Array,Microphone Wireless Lapel,Wireless Lapel Microphone,
2026-06-23,B0CM9P5CCK,0.0,Wireless Lapel Mic,0,88800319740398,0,0,B0CM9P5CCK,485818304366864,0.0,0,Audio Array-Catch All-SD-CT,FBA79107,AM-W17,Audio Array,Microphone Wireless Lapel,Wireless Lapel Microphone,
2026-06-24,B0CM9P5CCK,0.0,Wireless Lapel Mic,0,88800319740398,0,0,B0CM9P5CCK,485818304366864,0.0,0,Audio Array-Catch All-SD-CT,FBA79107,AM-W17,Audio Array,Microphone Wireless Lapel,Wireless Lapel Microphone,
2026-06-25,B0CM9P5CCK,0.0,Wireless Lapel Mic,0,88800319740398,0,0,B0CM9P5CCK,485818304366864,0.0,0,Audio Array-Catch All-SD-CT,FBA79107,AM-W17,Audio Array,Microphone Wireless Lapel,Wireless Lapel Microphone,
2026-06-19,B0B4DPX2J2,0.0,AM-C1,0,410053711120242,0,0,B0B4DPX2J2,517197999895779,0.0,0,Audio Array AM-C1_SD_VR_L14D,FBA75673,AM-C1,Audio Array,Microphone Condenser,USB Microphone Kit - Boomarm,
2026-06-18,B0DFMNGFTD,0.0,Wireless UHF Mic,0,88800319740398,0,0,Audio Array AM-W36,292833753743023,0.0,0,Audio Array-Catch All-SD-CT,FBA79449,AM-W36,Audio Array,Microphone Wireless Handheld,Wireless Microphone,
2026-06-05,B0D3M1B4Z8,0.0,Condenser Microphones,0,88800319740398,0,0,B0D3M1B4Z8,1530305156531,0.0,0,Audio Array-Catch All-SD-CT,FBA79380,AM-C46,Audio Array,Microphone Condenser,Condenser Mic with Boom Arm,
2026-06-06,B0D3M1B4Z8,0.0,Condenser Microphones,0,88800319740398,0,0,B0D3M1B4Z8,1530305156531,0.0,0,Audio Array-Catch All-SD-CT,FBA79380,AM-C46,Audio Array,Microphone Condenser,Condenser Mic with Boom Arm,
2026-06-07,B0D3M1B4Z8,0.0,Condenser Microphones,0,88800319740398,0,0,B0D3M1B4Z8,1530305156531,0.0,0,Audio Array-Catch All-SD-CT,FBA79380,AM-C46,Audio Array,Microphone Condenser,Condenser Mic with Boom Arm,
2026-06-08,B0D3M1B4Z8,0.0,Condenser Microphones,0,88800319740398,0,0,B0D3M1B4Z8,1530305156531,0.0,0,Audio Array-Catch All-SD-CT,FBA79380,AM-C46,Audio Array,Microphone Condenser,Condenser Mic with Boom Arm,
2026-06-09,B0D3M1B4Z8,0.0,Condenser Microphones,0,88800319740398,0,21,B0D3M1B4Z8,1530305156531,0.0,0,Audio Array-Catch All-SD-CT,FBA79380,AM-C46,Audio Array,Microphone Condenser,Condenser Mic with Boom Arm,
2026-06-10,B0D3M1B4Z8,27.26,Condenser Microphones,2,88800319740398,3,2585,B0D3M1B4Z8,1530305156531,6268.65,6,Audio Array-Catch All-SD-CT,FBA79380,AM-C46,Audio Array,Microphone Condenser,Condenser Mic with Boom Arm,
2026-06-11,B0D3M1B4Z8,33.69,Condenser Microphones,0,88800319740398,0,2407,B0D3M1B4Z8,1530305156531,0.0,8,Audio Array-Catch All-SD-CT,FBA79380,AM-C46,Audio Array,Microphone Condenser,Condenser Mic with Boom Arm,
2026-06-12,B0D3M1B4Z8,48.03,Condenser Microphones,0,88800319740398,0,8787,B0D3M1B4Z8,1530305156531,0.0,16,Audio Array-Catch All-SD-CT,FBA79380,AM-C46,Audio Array,Microphone Condenser,Condenser Mic with Boom Arm,
2026-06-13,B0D3M1B4Z8,104.03,Condenser Microphones,1,88800319740398,1,7082,B0D3M1B4Z8,1530305156531,2880.51,21,Audio Array-Catch All-SD-CT,FBA79380,AM-C46,Audio Array,Microphone Condenser,Condenser Mic with Boom Arm,
2026-06-14,B0D3M1B4Z8,135.09,Condenser Microphones,1,88800319740398,1,11603,B0D3M1B4Z8,1530305156531,2244.92,37,Audio Array-Catch All-SD-CT,FBA79380,AM-C46,Audio Array,Microphone Condenser,Condenser Mic with Boom Arm,
2026-06-15,B0D3M1B4Z8,136.2,Condenser Microphones,0,88800319740398,0,22894,B0D3M1B4Z8,1530305156531,0.0,47,Audio Array-Catch All-SD-CT,FBA79380,AM-C46,Audio Array,Microphone Condenser,Condenser Mic with Boom Arm,
2026-06-16,B0D3M1B4Z8,274.66,Condenser Microphones,0,88800319740398,0,25953,B0D3M1B4Z8,1530305156531,0.0,99,Audio Array-Catch All-SD-CT,FBA79380,AM-C46,Audio Array,Microphone Condenser,Condenser Mic with Boom Arm,
2026-06-17,B0D3M1B4Z8,31.36,Condenser Microphones,0,88800319740398,0,4094,B0D3M1B4Z8,1530305156531,0.0,6,Audio Array-Catch All-SD-CT,FBA79380,AM-C46,Audio Array,Microphone Condenser,Condenser Mic with Boom Arm,
2026-06-18,B0D3M1B4Z8,1.28,Condenser Microphones,0,88800319740398,0,2096,B0D3M1B4Z8,1530305156531,0.0,1,Audio Array-Catch All-SD-CT,FBA79380,AM-C46,Audio Array,Microphone Condenser,Condenser Mic with Boom Arm,
2026-06-19,B0D3M1B4Z8,19.14,Condenser Microphones,0,88800319740398,0,5357,B0D3M1B4Z8,1530305156531,0.0,8,Audio Array-Catch All-SD-CT,FBA79380,AM-C46,Audio Array,Microphone Condenser,Condenser Mic with Boom Arm,
2026-06-20,B0D3M1B4Z8,50.74,Condenser Microphones,0,88800319740398,0,6465,B0D3M1B4Z8,1530305156531,0.0,10,Audio Array-Catch All-SD-CT,FBA79380,AM-C46,Audio Array,Microphone Condenser,Condenser Mic with Boom Arm,
2026-06-21,B0D3M1B4Z8,47.74,Condenser Microphones,0,88800319740398,0,7074,B0D3M1B4Z8,1530305156531,0.0,19,Audio Array-Catch All-SD-CT,FBA79380,AM-C46,Audio Array,Microphone Condenser,Condenser Mic with Boom Arm,
2026-06-22,B0D3M1B4Z8,47.02,Condenser Microphones,1,88800319740398,1,6724,B0D3M1B4Z8,1530305156531,1397.46,14,Audio Array-Catch All-SD-CT,FBA79380,AM-C46,Audio Array,Microphone Condenser,Condenser Mic with Boom Arm,
2026-06-23,B0D3M1B4Z8,62.34,Condenser Microphones,0,88800319740398,0,7002,B0D3M1B4Z8,1530305156531,0.0,12,Audio Array-Catch All-SD-CT,FBA79380,AM-C46,Audio Array,Microphone Condenser,Condenser Mic with Boom Arm,
2026-06-24,B0D3M1B4Z8,57.42,Condenser Microphones,0,88800319740398,0,5153,B0D3M1B4Z8,1530305156531,0.0,9,Audio Array-Catch All-SD-CT,FBA79380,AM-C46,Audio Array,Microphone Condenser,Condenser Mic with Boom Arm,
2026-06-25,B0D3M1B4Z8,39.49,Condenser Microphones,0,88800319740398,0,3817,B0D3M1B4Z8,1530305156531,0.0,4,Audio Array-Catch All-SD-CT,FBA79380,AM-C46,Audio Array,Microphone Condenser,Condenser Mic with Boom Arm,
2026-06-05,B0D3LZWTHV,0.0,Dynamic Mic,0,88800319740398,0,0,B0D3LZWTHV,189182706060711,0.0,0,Audio Array-Catch All-SD-CT,FBA79379,AM-C45,Audio Array,Microphone Dynamic,Dynamic Microphone,
2026-06-06,B0D3LZWTHV,0.0,Dynamic Mic,0,88800319740398,0,0,B0D3LZWTHV,189182706060711,0.0,0,Audio Array-Catch All-SD-CT,FBA79379,AM-C45,Audio Array,Microphone Dynamic,Dynamic Microphone,
2026-06-07,B0D3LZWTHV,0.0,Dynamic Mic,0,88800319740398,0,0,B0D3LZWTHV,189182706060711,0.0,0,Audio Array-Catch All-SD-CT,FBA79379,AM-C45,Audio Array,Microphone Dynamic,Dynamic Microphone,
2026-06-08,B0D3LZWTHV,0.0,Dynamic Mic,0,88800319740398,0,0,B0D3LZWTHV,189182706060711,0.0,0,Audio Array-Catch All-SD-CT,FBA79379,AM-C45,Audio Array,Microphone Dynamic,Dynamic Microphone,
2026-06-09,B0D3LZWTHV,0.0,Dynamic Mic,0,88800319740398,0,0,B0D3LZWTHV,189182706060711,0.0,0,Audio Array-Catch All-SD-CT,FBA79379,AM-C45,Audio Array,Microphone Dynamic,Dynamic Microphone,
2026-06-10,B0D3LZWTHV,0.0,Dynamic Mic,0,88800319740398,0,0,B0D3LZWTHV,189182706060711,0.0,0,Audio Array-Catch All-SD-CT,FBA79379,AM-C45,Audio Array,Microphone Dynamic,Dynamic Microphone,
2026-06-11,B0D3LZWTHV,0.0,Dynamic Mic,0,88800319740398,0,0,B0D3LZWTHV,189182706060711,0.0,0,Audio Array-Catch All-SD-CT,FBA79379,AM-C45,Audio Array,Microphone Dynamic,Dynamic Microphone,
2026-06-12,B0D3LZWTHV,0.0,Dynamic Mic,0,88800319740398,0,0,B0D3LZWTHV,189182706060711,0.0,0,Audio Array-Catch All-SD-CT,FBA79379,AM-C45,Audio Array,Microphone Dynamic,Dynamic Microphone,
2026-06-13,B0D3LZWTHV,0.0,Dynamic Mic,0,88800319740398,0,0,B0D3LZWTHV,189182706060711,0.0,0,Audio Array-Catch All-SD-CT,FBA79379,AM-C45,Audio Array,Microphone Dynamic,Dynamic Microphone,
2026-06-14,B0D3LZWTHV,0.0,Dynamic Mic,0,88800319740398,0,0,B0D3LZWTHV,189182706060711,0.0,0,Audio Array-Catch All-SD-CT,FBA79379,AM-C45,Audio Array,Microphone Dynamic,Dynamic Microphone,
2026-06-15,B0D3LZWTHV,0.0,Dynamic Mic,0,88800319740398,0,0,B0D3LZWTHV,189182706060711,0.0,0,Audio Array-Catch All-SD-CT,FBA79379,AM-C45,Audio Array,Microphone Dynamic,Dynamic Microphone,
2026-06-16,B0D3LZWTHV,0.0,Dynamic Mic,0,88800319740398,0,0,B0D3LZWTHV,189182706060711,0.0,0,Audio Array-Catch All-SD-CT,FBA79379,AM-C45,Audio Array,Microphone Dynamic,Dynamic Microphone,
2026-06-17,B0D3LZWTHV,0.0,Dynamic Mic,0,88800319740398,0,0,B0D3LZWTHV,189182706060711,0.0,0,Audio Array-Catch All-SD-CT,FBA79379,AM-C45,Audio Array,Microphone Dynamic,Dynamic Microphone,
2026-06-18,B0D3LZWTHV,0.0,Dynamic Mic,0,88800319740398,0,0,B0D3LZWTHV,189182706060711,0.0,0,Audio Array-Catch All-SD-CT,FBA79379,AM-C45,Audio Array,Microphone Dynamic,Dynamic Microphone,
2026-06-19,B0D3LZWTHV,0.0,Dynamic Mic,0,88800319740398,0,0,B0D3LZWTHV,189182706060711,0.0,0,Audio Array-Catch All-SD-CT,FBA79379,AM-C45,Audio Array,Microphone Dynamic,Dynamic Microphone,
2026-06-20,B0D3LZWTHV,0.0,Dynamic Mic,0,88800319740398,0,0,B0D3LZWTHV,189182706060711,0.0,0,Audio Array-Catch All-SD-CT,FBA79379,AM-C45,Audio Array,Microphone Dynamic,Dynamic Microphone,
2026-06-21,B0D3LZWTHV,0.0,Dynamic Mic,0,88800319740398,0,0,B0D3LZWTHV,189182706060711,0.0,0,Audio Array-Catch All-SD-CT,FBA79379,AM-C45,Audio Array,Microphone Dynamic,Dynamic Microphone,
2026-06-22,B0D3LZWTHV,0.0,Dynamic Mic,0,88800319740398,0,0,B0D3LZWTHV,189182706060711,0.0,0,Audio Array-Catch All-SD-CT,FBA79379,AM-C45,Audio Array,Microphone Dynamic,Dynamic Microphone,
2026-06-23,B0D3LZWTHV,0.0,Dynamic Mic,0,88800319740398,0,0,B0D3LZWTHV,189182706060711,0.0,0,Audio Array-Catch All-SD-CT,FBA79379,AM-C45,Audio Array,Microphone Dynamic,Dynamic Microphone,
2026-06-24,B0D3LZWTHV,0.0,Dynamic Mic,0,88800319740398,0,0,B0D3LZWTHV,189182706060711,0.0,0,Audio Array-Catch All-SD-CT,FBA79379,AM-C45,Audio Array,Microphone Dynamic,Dynamic Microphone,
2026-06-25,B0D3LZWTHV,0.0,Dynamic Mic,0,88800319740398,0,0,B0D3LZWTHV,189182706060711,0.0,0,Audio Array-Catch All-SD-CT,FBA79379,AM-C45,Audio Array,Microphone Dynamic,Dynamic Microphone,
2026-06-05,B0DXFPM4N2,0.0,AM-S1,0,421040402925353,0,0,B0DXFPM4N2,546547861511351,0.0,0,AA_Studio_Monitor_AM-S1_SD_In-Marketing,FBA79482,AM-S1,Audio Array,Monitor Speakers,Studio Monitor Speaker,
2026-06-06,B0DXFPM4N2,0.0,AM-S1,0,421040402925353,0,0,B0DXFPM4N2,546547861511351,0.0,0,AA_Studio_Monitor_AM-S1_SD_In-Marketing,FBA79482,AM-S1,Audio Array,Monitor Speakers,Studio Monitor Speaker,
2026-06-07,B0DXFPM4N2,0.0,AM-S1,0,421040402925353,0,0,B0DXFPM4N2,546547861511351,0.0,0,AA_Studio_Monitor_AM-S1_SD_In-Marketing,FBA79482,AM-S1,Audio Array,Monitor Speakers,Studio Monitor Speaker,
2026-06-08,B0DXFPM4N2,0.0,AM-S1,0,421040402925353,0,0,B0DXFPM4N2,546547861511351,0.0,0,AA_Studio_Monitor_AM-S1_SD_In-Marketing,FBA79482,AM-S1,Audio Array,Monitor Speakers,Studio Monitor Speaker,
2026-06-09,B0DXFPM4N2,0.0,AM-S1,0,421040402925353,0,0,B0DXFPM4N2,546547861511351,0.0,0,AA_Studio_Monitor_AM-S1_SD_In-Marketing,FBA79482,AM-S1,Audio Array,Monitor Speakers,Studio Monitor Speaker,
2026-06-10,B0DXFPM4N2,0.0,AM-S1,0,421040402925353,0,0,B0DXFPM4N2,546547861511351,0.0,0,AA_Studio_Monitor_AM-S1_SD_In-Marketing,FBA79482,AM-S1,Audio Array,Monitor Speakers,Studio Monitor Speaker,
2026-06-11,B0DXFPM4N2,0.0,AM-S1,0,421040402925353,0,0,B0DXFPM4N2,546547861511351,0.0,0,AA_Studio_Monitor_AM-S1_SD_In-Marketing,FBA79482,AM-S1,Audio Array,Monitor Speakers,Studio Monitor Speaker,
2026-06-12,B0DXFPM4N2,0.0,AM-S1,0,421040402925353,0,0,B0DXFPM4N2,546547861511351,0.0,0,AA_Studio_Monitor_AM-S1_SD_In-Marketing,FBA79482,AM-S1,Audio Array,Monitor Speakers,Studio Monitor Speaker,
2026-06-13,B0DXFPM4N2,0.0,AM-S1,0,421040402925353,0,0,B0DXFPM4N2,546547861511351,0.0,0,AA_Studio_Monitor_AM-S1_SD_In-Marketing,FBA79482,AM-S1,Audio Array,Monitor Speakers,Studio Monitor Speaker,
2026-06-14,B0DXFPM4N2,0.0,AM-S1,0,421040402925353,0,0,B0DXFPM4N2,546547861511351,0.0,0,AA_Studio_Monitor_AM-S1_SD_In-Marketing,FBA79482,AM-S1,Audio Array,Monitor Speakers,Studio Monitor Speaker,
2026-06-15,B0DXFPM4N2,0.0,AM-S1,0,421040402925353,0,0,B0DXFPM4N2,546547861511351,0.0,0,AA_Studio_Monitor_AM-S1_SD_In-Marketing,FBA79482,AM-S1,Audio Array,Monitor Speakers,Studio Monitor Speaker,
2026-06-16,B0DXFPM4N2,0.0,AM-S1,0,421040402925353,0,0,B0DXFPM4N2,546547861511351,0.0,0,AA_Studio_Monitor_AM-S1_SD_In-Marketing,FBA79482,AM-S1,Audio Array,Monitor Speakers,Studio Monitor Speaker,
2026-06-17,B0DXFPM4N2,0.0,AM-S1,0,421040402925353,0,0,B0DXFPM4N2,546547861511351,0.0,0,AA_Studio_Monitor_AM-S1_SD_In-Marketing,FBA79482,AM-S1,Audio Array,Monitor Speakers,Studio Monitor Speaker,
2026-06-18,B0DXFPM4N2,0.0,AM-S1,0,421040402925353,0,0,B0DXFPM4N2,546547861511351,0.0,0,AA_Studio_Monitor_AM-S1_SD_In-Marketing,FBA79482,AM-S1,Audio Array,Monitor Speakers,Studio Monitor Speaker,
2026-06-19,B0DXFPM4N2,0.0,AM-S1,0,421040402925353,0,0,B0DXFPM4N2,546547861511351,0.0,0,AA_Studio_Monitor_AM-S1_SD_In-Marketing,FBA79482,AM-S1,Audio Array,Monitor Speakers,Studio Monitor Speaker,
2026-06-20,B0DXFPM4N2,0.0,AM-S1,0,421040402925353,0,0,B0DXFPM4N2,546547861511351,0.0,0,AA_Studio_Monitor_AM-S1_SD_In-Marketing,FBA79482,AM-S1,Audio Array,Monitor Speakers,Studio Monitor Speaker,
2026-06-21,B0DXFPM4N2,0.0,AM-S1,0,421040402925353,0,0,B0DXFPM4N2,546547861511351,0.0,0,AA_Studio_Monitor_AM-S1_SD_In-Marketing,FBA79482,AM-S1,Audio Array,Monitor Speakers,Studio Monitor Speaker,
2026-06-22,B0DXFPM4N2,0.0,AM-S1,0,421040402925353,0,0,B0DXFPM4N2,546547861511351,0.0,0,AA_Studio_Monitor_AM-S1_SD_In-Marketing,FBA79482,AM-S1,Audio Array,Monitor Speakers,Studio Monitor Speaker,
2026-06-23,B0DXFPM4N2,0.0,AM-S1,0,421040402925353,0,0,B0DXFPM4N2,546547861511351,0.0,0,AA_Studio_Monitor_AM-S1_SD_In-Marketing,FBA79482,AM-S1,Audio Array,Monitor Speakers,Studio Monitor Speaker,
2026-06-24,B0DXFPM4N2,0.0,AM-S1,0,421040402925353,0,0,B0DXFPM4N2,546547861511351,0.0,0,AA_Studio_Monitor_AM-S1_SD_In-Marketing,FBA79482,AM-S1,Audio Array,Monitor Speakers,Studio Monitor Speaker,
2026-06-25,B0DXFPM4N2,0.0,AM-S1,0,421040402925353,0,0,B0DXFPM4N2,546547861511351,0.0,0,AA_Studio_Monitor_AM-S1_SD_In-Marketing,FBA79482,AM-S1,Audio Array,Monitor Speakers,Studio Monitor Speaker,
2026-06-05,B0FPR962YS,0.0,Wireless Lapel Mic,0,88800319740398,0,0,B0FPR962YS,485818304366864,0.0,0,Audio Array-Catch All-SD-CT,FBA79816,AM-W22,Audio Array,Microphone Wireless Lapel,Wireless Lapel Microphone,
2026-06-06,B0FPR962YS,0.0,Wireless Lapel Mic,0,88800319740398,0,0,B0FPR962YS,485818304366864,0.0,0,Audio Array-Catch All-SD-CT,FBA79816,AM-W22,Audio Array,Microphone Wireless Lapel,Wireless Lapel Microphone,
2026-06-07,B0FPR962YS,0.0,Wireless Lapel Mic,0,88800319740398,0,0,B0FPR962YS,485818304366864,0.0,0,Audio Array-Catch All-SD-CT,FBA79816,AM-W22,Audio Array,Microphone Wireless Lapel,Wireless Lapel Microphone,
2026-06-08,B0FPR962YS,0.0,Wireless Lapel Mic,0,88800319740398,0,0,B0FPR962YS,485818304366864,0.0,0,Audio Array-Catch All-SD-CT,FBA79816,AM-W22,Audio Array,Microphone Wireless Lapel,Wireless Lapel Microphone,
2026-06-09,B0FPR962YS,0.0,Wireless Lapel Mic,0,88800319740398,0,0,B0FPR962YS,485818304366864,0.0,0,Audio Array-Catch All-SD-CT,FBA79816,AM-W22,Audio Array,Microphone Wireless Lapel,Wireless Lapel Microphone,
2026-06-10,B0FPR962YS,0.0,Wireless Lapel Mic,0,88800319740398,0,0,B0FPR962YS,485818304366864,0.0,0,Audio Array-Catch All-SD-CT,FBA79816,AM-W22,Audio Array,Microphone Wireless Lapel,Wireless Lapel Microphone,
2026-06-11,B0FPR962YS,0.0,Wireless Lapel Mic,0,88800319740398,0,0,B0FPR962YS,485818304366864,0.0,0,Audio Array-Catch All-SD-CT,FBA79816,AM-W22,Audio Array,Microphone Wireless Lapel,Wireless Lapel Microphone,
2026-06-12,B0FPR962YS,0.0,Wireless Lapel Mic,0,88800319740398,0,0,B0FPR962YS,485818304366864,0.0,0,Audio Array-Catch All-SD-CT,FBA79816,AM-W22,Audio Array,Microphone Wireless Lapel,Wireless Lapel Microphone,
2026-06-13,B0FPR962YS,0.0,Wireless Lapel Mic,0,88800319740398,0,0,B0FPR962YS,485818304366864,0.0,0,Audio Array-Catch All-SD-CT,FBA79816,AM-W22,Audio Array,Microphone Wireless Lapel,Wireless Lapel Microphone,
2026-06-14,B0FPR962YS,0.0,Wireless Lapel Mic,0,88800319740398,0,0,B0FPR962YS,485818304366864,0.0,0,Audio Array-Catch All-SD-CT,FBA79816,AM-W22,Audio Array,Microphone Wireless Lapel,Wireless Lapel Microphone,
2026-06-15,B0FPR962YS,0.0,Wireless Lapel Mic,0,88800319740398,0,0,B0FPR962YS,485818304366864,0.0,0,Audio Array-Catch All-SD-CT,FBA79816,AM-W22,Audio Array,Microphone Wireless Lapel,Wireless Lapel Microphone,
2026-06-16,B0FPR962YS,0.0,Wireless Lapel Mic,0,88800319740398,0,0,B0FPR962YS,485818304366864,0.0,0,Audio Array-Catch All-SD-CT,FBA79816,AM-W22,Audio Array,Microphone Wireless Lapel,Wireless Lapel Microphone,
2026-06-17,B0FPR962YS,0.0,Wireless Lapel Mic,0,88800319740398,0,0,B0FPR962YS,485818304366864,0.0,0,Audio Array-Catch All-SD-CT,FBA79816,AM-W22,Audio Array,Microphone Wireless Lapel,Wireless Lapel Microphone,
2026-06-18,B0FPR962YS,0.0,Wireless Lapel Mic,0,88800319740398,0,0,B0FPR962YS,485818304366864,0.0,0,Audio Array-Catch All-SD-CT,FBA79816,AM-W22,Audio Array,Microphone Wireless Lapel,Wireless Lapel Microphone,
2026-06-19,B0FPR962YS,0.0,Wireless Lapel Mic,0,88800319740398,0,0,B0FPR962YS,485818304366864,0.0,0,Audio Array-Catch All-SD-CT,FBA79816,AM-W22,Audio Array,Microphone Wireless Lapel,Wireless Lapel Microphone,
2026-06-20,B0FPR962YS,0.0,Wireless Lapel Mic,0,88800319740398,0,0,B0FPR962YS,485818304366864,0.0,0,Audio Array-Catch All-SD-CT,FBA79816,AM-W22,Audio Array,Microphone Wireless Lapel,Wireless Lapel Microphone,
2026-06-21,B0FPR962YS,0.0,Wireless Lapel Mic,0,88800319740398,0,0,B0FPR962YS,485818304366864,0.0,0,Audio Array-Catch All-SD-CT,FBA79816,AM-W22,Audio Array,Microphone Wireless Lapel,Wireless Lapel Microphone,
2026-06-22,B0FPR962YS,0.0,Wireless Lapel Mic,0,88800319740398,0,0,B0FPR962YS,485818304366864,0.0,0,Audio Array-Catch All-SD-CT,FBA79816,AM-W22,Audio Array,Microphone Wireless Lapel,Wireless Lapel Microphone,
2026-06-23,B0FPR962YS,0.0,Wireless Lapel Mic,0,88800319740398,0,0,B0FPR962YS,485818304366864,0.0,0,Audio Array-Catch All-SD-CT,FBA79816,AM-W22,Audio Array,Microphone Wireless Lapel,Wireless Lapel Microphone,
2026-06-24,B0FPR962YS,0.0,Wireless Lapel Mic,0,88800319740398,0,0,B0FPR962YS,485818304366864,0.0,0,Audio Array-Catch All-SD-CT,FBA79816,AM-W22,Audio Array,Microphone Wireless Lapel,Wireless Lapel Microphone,
2026-06-25,B0FPR962YS,0.0,Wireless Lapel Mic,0,88800319740398,0,0,B0FPR962YS,485818304366864,0.0,0,Audio Array-Catch All-SD-CT,FBA79816,AM-W22,Audio Array,Microphone Wireless Lapel,Wireless Lapel Microphone,
2026-06-05,B0FPR7VFCH,0.0,Wireless Lapel Mic,0,88800319740398,0,0,B0FPR7VFCH,485818304366864,0.0,0,Audio Array-Catch All-SD-CT,FBA79815,AM-W19,Audio Array,Microphone Wireless Lapel,Wireless Lapel Microphone,
2026-06-06,B0FPR7VFCH,0.0,Wireless Lapel Mic,0,88800319740398,0,0,B0FPR7VFCH,485818304366864,0.0,0,Audio Array-Catch All-SD-CT,FBA79815,AM-W19,Audio Array,Microphone Wireless Lapel,Wireless Lapel Microphone,
2026-06-07,B0FPR7VFCH,0.0,Wireless Lapel Mic,0,88800319740398,0,0,B0FPR7VFCH,485818304366864,0.0,0,Audio Array-Catch All-SD-CT,FBA79815,AM-W19,Audio Array,Microphone Wireless Lapel,Wireless Lapel Microphone,
2026-06-08,B0FPR7VFCH,0.0,Wireless Lapel Mic,0,88800319740398,0,0,B0FPR7VFCH,485818304366864,0.0,0,Audio Array-Catch All-SD-CT,FBA79815,AM-W19,Audio Array,Microphone Wireless Lapel,Wireless Lapel Microphone,
2026-06-09,B0FPR7VFCH,0.0,Wireless Lapel Mic,0,88800319740398,0,0,B0FPR7VFCH,485818304366864,0.0,0,Audio Array-Catch All-SD-CT,FBA79815,AM-W19,Audio Array,Microphone Wireless Lapel,Wireless Lapel Microphone,
2026-06-10,B0FPR7VFCH,0.0,Wireless Lapel Mic,0,88800319740398,0,0,B0FPR7VFCH,485818304366864,0.0,0,Audio Array-Catch All-SD-CT,FBA79815,AM-W19,Audio Array,Microphone Wireless Lapel,Wireless Lapel Microphone,
2026-06-11,B0FPR7VFCH,0.0,Wireless Lapel Mic,0,88800319740398,0,0,B0FPR7VFCH,485818304366864,0.0,0,Audio Array-Catch All-SD-CT,FBA79815,AM-W19,Audio Array,Microphone Wireless Lapel,Wireless Lapel Microphone,
2026-06-12,B0FPR7VFCH,0.0,Wireless Lapel Mic,0,88800319740398,0,0,B0FPR7VFCH,485818304366864,0.0,0,Audio Array-Catch All-SD-CT,FBA79815,AM-W19,Audio Array,Microphone Wireless Lapel,Wireless Lapel Microphone,
2026-06-13,B0FPR7VFCH,0.0,Wireless Lapel Mic,0,88800319740398,0,0,B0FPR7VFCH,485818304366864,0.0,0,Audio Array-Catch All-SD-CT,FBA79815,AM-W19,Audio Array,Microphone Wireless Lapel,Wireless Lapel Microphone,
2026-06-14,B0FPR7VFCH,0.0,Wireless Lapel Mic,0,88800319740398,0,0,B0FPR7VFCH,485818304366864,0.0,0,Audio Array-Catch All-SD-CT,FBA79815,AM-W19,Audio Array,Microphone Wireless Lapel,Wireless Lapel Microphone,
2026-06-15,B0FPR7VFCH,0.0,Wireless Lapel Mic,0,88800319740398,0,0,B0FPR7VFCH,485818304366864,0.0,0,Audio Array-Catch All-SD-CT,FBA79815,AM-W19,Audio Array,Microphone Wireless Lapel,Wireless Lapel Microphone,
2026-06-16,B0FPR7VFCH,0.0,Wireless Lapel Mic,0,88800319740398,0,0,B0FPR7VFCH,485818304366864,0.0,0,Audio Array-Catch All-SD-CT,FBA79815,AM-W19,Audio Array,Microphone Wireless Lapel,Wireless Lapel Microphone,
2026-06-17,B0FPR7VFCH,0.0,Wireless Lapel Mic,0,88800319740398,0,0,B0FPR7VFCH,485818304366864,0.0,0,Audio Array-Catch All-SD-CT,FBA79815,AM-W19,Audio Array,Microphone Wireless Lapel,Wireless Lapel Microphone,
2026-06-18,B0FPR7VFCH,0.0,Wireless Lapel Mic,0,88800319740398,0,0,B0FPR7VFCH,485818304366864,0.0,0,Audio Array-Catch All-SD-CT,FBA79815,AM-W19,Audio Array,Microphone Wireless Lapel,Wireless Lapel Microphone,
2026-06-19,B0FPR7VFCH,0.0,Wireless Lapel Mic,0,88800319740398,0,0,B0FPR7VFCH,485818304366864,0.0,0,Audio Array-Catch All-SD-CT,FBA79815,AM-W19,Audio Array,Microphone Wireless Lapel,Wireless Lapel Microphone,
2026-06-20,B0FPR7VFCH,0.0,Wireless Lapel Mic,0,88800319740398,0,0,B0FPR7VFCH,485818304366864,0.0,0,Audio Array-Catch All-SD-CT,FBA79815,AM-W19,Audio Array,Microphone Wireless Lapel,Wireless Lapel Microphone,
2026-06-21,B0FPR7VFCH,0.0,Wireless Lapel Mic,0,88800319740398,0,0,B0FPR7VFCH,485818304366864,0.0,0,Audio Array-Catch All-SD-CT,FBA79815,AM-W19,Audio Array,Microphone Wireless Lapel,Wireless Lapel Microphone,
2026-06-22,B0FPR7VFCH,0.0,Wireless Lapel Mic,0,88800319740398,0,0,B0FPR7VFCH,485818304366864,0.0,0,Audio Array-Catch All-SD-CT,FBA79815,AM-W19,Audio Array,Microphone Wireless Lapel,Wireless Lapel Microphone,
2026-06-23,B0FPR7VFCH,0.0,Wireless Lapel Mic,0,88800319740398,0,0,B0FPR7VFCH,485818304366864,0.0,0,Audio Array-Catch All-SD-CT,FBA79815,AM-W19,Audio Array,Microphone Wireless Lapel,Wireless Lapel Microphone,
2026-06-24,B0FPR7VFCH,0.0,Wireless Lapel Mic,0,88800319740398,0,0,B0FPR7VFCH,485818304366864,0.0,0,Audio Array-Catch All-SD-CT,FBA79815,AM-W19,Audio Array,Microphone Wireless Lapel,Wireless Lapel Microphone,
2026-06-25,B0FPR7VFCH,0.0,Wireless Lapel Mic,0,88800319740398,0,0,B0FPR7VFCH,485818304366864,0.0,0,Audio Array-Catch All-SD-CT,FBA79815,AM-W19,Audio Array,Microphone Wireless Lapel,Wireless Lapel Microphone,
2026-06-05,B0FVM17Q4W,0.0,Wireless Lapel Mic,0,88800319740398,0,0,FBA79909,485818304366864,0.0,0,Audio Array-Catch All-SD-CT,FBA79909,AM-W20,Audio Array,Microphone Wireless Lapel,Wireless Lapel Microphone,
2026-06-06,B0FVM17Q4W,0.0,Wireless Lapel Mic,0,88800319740398,0,0,FBA79909,485818304366864,0.0,0,Audio Array-Catch All-SD-CT,FBA79909,AM-W20,Audio Array,Microphone Wireless Lapel,Wireless Lapel Microphone,
2026-06-07,B0FVM17Q4W,0.0,Wireless Lapel Mic,0,88800319740398,0,0,FBA79909,485818304366864,0.0,0,Audio Array-Catch All-SD-CT,FBA79909,AM-W20,Audio Array,Microphone Wireless Lapel,Wireless Lapel Microphone,
2026-06-08,B0FVM17Q4W,0.0,Wireless Lapel Mic,0,88800319740398,0,0,FBA79909,485818304366864,0.0,0,Audio Array-Catch All-SD-CT,FBA79909,AM-W20,Audio Array,Microphone Wireless Lapel,Wireless Lapel Microphone,
2026-06-09,B0FVM17Q4W,0.0,Wireless Lapel Mic,0,88800319740398,0,0,FBA79909,485818304366864,0.0,0,Audio Array-Catch All-SD-CT,FBA79909,AM-W20,Audio Array,Microphone Wireless Lapel,Wireless Lapel Microphone,
2026-06-10,B0FVM17Q4W,0.0,Wireless Lapel Mic,0,88800319740398,0,0,FBA79909,485818304366864,0.0,0,Audio Array-Catch All-SD-CT,FBA79909,AM-W20,Audio Array,Microphone Wireless Lapel,Wireless Lapel Microphone,
2026-06-11,B0FVM17Q4W,0.0,Wireless Lapel Mic,0,88800319740398,0,0,FBA79909,485818304366864,0.0,0,Audio Array-Catch All-SD-CT,FBA79909,AM-W20,Audio Array,Microphone Wireless Lapel,Wireless Lapel Microphone,
2026-06-12,B0FVM17Q4W,0.0,Wireless Lapel Mic,0,88800319740398,0,0,FBA79909,485818304366864,0.0,0,Audio Array-Catch All-SD-CT,FBA79909,AM-W20,Audio Array,Microphone Wireless Lapel,Wireless Lapel Microphone,
2026-06-13,B0FVM17Q4W,0.0,Wireless Lapel Mic,0,88800319740398,0,0,FBA79909,485818304366864,0.0,0,Audio Array-Catch All-SD-CT,FBA79909,AM-W20,Audio Array,Microphone Wireless Lapel,Wireless Lapel Microphone,
2026-06-14,B0FVM17Q4W,0.0,Wireless Lapel Mic,0,88800319740398,0,0,FBA79909,485818304366864,0.0,0,Audio Array-Catch All-SD-CT,FBA79909,AM-W20,Audio Array,Microphone Wireless Lapel,Wireless Lapel Microphone,
2026-06-15,B0FVM17Q4W,0.0,Wireless Lapel Mic,0,88800319740398,0,0,FBA79909,485818304366864,0.0,0,Audio Array-Catch All-SD-CT,FBA79909,AM-W20,Audio Array,Microphone Wireless Lapel,Wireless Lapel Microphone,
2026-06-16,B0FVM17Q4W,0.0,Wireless Lapel Mic,0,88800319740398,0,0,FBA79909,485818304366864,0.0,0,Audio Array-Catch All-SD-CT,FBA79909,AM-W20,Audio Array,Microphone Wireless Lapel,Wireless Lapel Microphone,
2026-06-17,B0FVM17Q4W,0.0,Wireless Lapel Mic,0,88800319740398,0,0,FBA79909,485818304366864,0.0,0,Audio Array-Catch All-SD-CT,FBA79909,AM-W20,Audio Array,Microphone Wireless Lapel,Wireless Lapel Microphone,
2026-06-18,B0FVM17Q4W,0.0,Wireless Lapel Mic,0,88800319740398,0,0,FBA79909,485818304366864,0.0,0,Audio Array-Catch All-SD-CT,FBA79909,AM-W20,Audio Array,Microphone Wireless Lapel,Wireless Lapel Microphone,
2026-06-19,B0FVM17Q4W,0.0,Wireless Lapel Mic,0,88800319740398,0,0,FBA79909,485818304366864,0.0,0,Audio Array-Catch All-SD-CT,FBA79909,AM-W20,Audio Array,Microphone Wireless Lapel,Wireless Lapel Microphone,
2026-06-20,B0FVM17Q4W,0.0,Wireless Lapel Mic,0,88800319740398,0,0,FBA79909,485818304366864,0.0,0,Audio Array-Catch All-SD-CT,FBA79909,AM-W20,Audio Array,Microphone Wireless Lapel,Wireless Lapel Microphone,
2026-06-21,B0FVM17Q4W,0.0,Wireless Lapel Mic,0,88800319740398,0,0,FBA79909,485818304366864,0.0,0,Audio Array-Catch All-SD-CT,FBA79909,AM-W20,Audio Array,Microphone Wireless Lapel,Wireless Lapel Microphone,
2026-06-22,B0FVM17Q4W,0.0,Wireless Lapel Mic,0,88800319740398,0,0,FBA79909,485818304366864,0.0,0,Audio Array-Catch All-SD-CT,FBA79909,AM-W20,Audio Array,Microphone Wireless Lapel,Wireless Lapel Microphone,
2026-06-23,B0FVM17Q4W,0.0,Wireless Lapel Mic,0,88800319740398,0,0,FBA79909,485818304366864,0.0,0,Audio Array-Catch All-SD-CT,FBA79909,AM-W20,Audio Array,Microphone Wireless Lapel,Wireless Lapel Microphone,
2026-06-24,B0FVM17Q4W,0.0,Wireless Lapel Mic,0,88800319740398,0,0,FBA79909,485818304366864,0.0,0,Audio Array-Catch All-SD-CT,FBA79909,AM-W20,Audio Array,Microphone Wireless Lapel,Wireless Lapel Microphone,
2026-06-25,B0FVM17Q4W,0.0,Wireless Lapel Mic,0,88800319740398,0,0,FBA79909,485818304366864,0.0,0,Audio Array-Catch All-SD-CT,FBA79909,AM-W20,Audio Array,Microphone Wireless Lapel,Wireless Lapel Microphone,
2026-06-05,B0FG88HVQ8,265.8,Audio Array-B0FG88HVQ8-DJ Headphone-SD-PT,1,275721825853561,1,9476,B0FG88HVQ8,323075178229933,1694.07,30,Audio Array-B0FG88HVQ8-DJ Headphone-SD-PT,FBA79813,AH-50,Audio Array,DJ Headphone,DJ Headphone,
2026-06-06,B0FG88HVQ8,221.2,Audio Array-B0FG88HVQ8-DJ Headphone-SD-PT,0,275721825853561,0,11349,B0FG88HVQ8,323075178229933,0.0,38,Audio Array-B0FG88HVQ8-DJ Headphone-SD-PT,FBA79813,AH-50,Audio Array,DJ Headphone,DJ Headphone,
2026-06-07,B0FG88HVQ8,326.13,Audio Array-B0FG88HVQ8-DJ Headphone-SD-PT,1,275721825853561,1,12955,B0FG88HVQ8,323075178229933,1694.07,36,Audio Array-B0FG88HVQ8-DJ Headphone-SD-PT,FBA79813,AH-50,Audio Array,DJ Headphone,DJ Headphone,
2026-06-08,B0FG88HVQ8,354.63,Audio Array-B0FG88HVQ8-DJ Headphone-SD-PT,3,275721825853561,3,12284,B0FG88HVQ8,323075178229933,5082.21,47,Audio Array-B0FG88HVQ8-DJ Headphone-SD-PT,FBA79813,AH-50,Audio Array,DJ Headphone,DJ Headphone,
2026-06-09,B0FG88HVQ8,246.86,Audio Array-B0FG88HVQ8-DJ Headphone-SD-PT,0,275721825853561,0,13055,B0FG88HVQ8,323075178229933,0.0,41,Audio Array-B0FG88HVQ8-DJ Headphone-SD-PT,FBA79813,AH-50,Audio Array,DJ Headphone,DJ Headphone,
2026-06-10,B0FG88HVQ8,276.77,Audio Array-B0FG88HVQ8-DJ Headphone-SD-PT,3,275721825853561,3,11832,B0FG88HVQ8,323075178229933,5082.21,46,Audio Array-B0FG88HVQ8-DJ Headphone-SD-PT,FBA79813,AH-50,Audio Array,DJ Headphone,DJ Headphone,
2026-06-11,B0FG88HVQ8,325.44,Audio Array-B0FG88HVQ8-DJ Headphone-SD-PT,0,275721825853561,0,13877,B0FG88HVQ8,323075178229933,0.0,52,Audio Array-B0FG88HVQ8-DJ Headphone-SD-PT,FBA79813,AH-50,Audio Array,DJ Headphone,DJ Headphone,
2026-06-12,B0FG88HVQ8,350.19,Audio Array-B0FG88HVQ8-DJ Headphone-SD-PT,1,275721825853561,1,9870,B0FG88HVQ8,323075178229933,1694.07,45,Audio Array-B0FG88HVQ8-DJ Headphone-SD-PT,FBA79813,AH-50,Audio Array,DJ Headphone,DJ Headphone,
2026-06-13,B0FG88HVQ8,350.54,Audio Array-B0FG88HVQ8-DJ Headphone-SD-PT,3,275721825853561,3,8122,B0FG88HVQ8,323075178229933,5082.21,43,Audio Array-B0FG88HVQ8-DJ Headphone-SD-PT,FBA79813,AH-50,Audio Array,DJ Headphone,DJ Headphone,
2026-06-14,B0FG88HVQ8,368.28,Audio Array-B0FG88HVQ8-DJ Headphone-SD-PT,0,275721825853561,0,9883,B0FG88HVQ8,323075178229933,0.0,51,Audio Array-B0FG88HVQ8-DJ Headphone-SD-PT,FBA79813,AH-50,Audio Array,DJ Headphone,DJ Headphone,
2026-06-15,B0FG88HVQ8,351.16,Audio Array-B0FG88HVQ8-DJ Headphone-SD-PT,1,275721825853561,1,12708,B0FG88HVQ8,323075178229933,1694.07,46,Audio Array-B0FG88HVQ8-DJ Headphone-SD-PT,FBA79813,AH-50,Audio Array,DJ Headphone,DJ Headphone,
2026-06-16,B0FG88HVQ8,359.27,Audio Array-B0FG88HVQ8-DJ Headphone-SD-PT,2,275721825853561,2,11300,B0FG88HVQ8,323075178229933,3388.14,48,Audio Array-B0FG88HVQ8-DJ Headphone-SD-PT,FBA79813,AH-50,Audio Array,DJ Headphone,DJ Headphone,
2026-06-17,B0FG88HVQ8,352.53,Audio Array-B0FG88HVQ8-DJ Headphone-SD-PT,0,275721825853561,0,6369,B0FG88HVQ8,323075178229933,0.0,30,Audio Array-B0FG88HVQ8-DJ Headphone-SD-PT,FBA79813,AH-50,Audio Array,DJ Headphone,DJ Headphone,
2026-06-18,B0FG88HVQ8,318.27,Audio Array-B0FG88HVQ8-DJ Headphone-SD-PT,2,275721825853561,2,9543,B0FG88HVQ8,323075178229933,3388.14,34,Audio Array-B0FG88HVQ8-DJ Headphone-SD-PT,FBA79813,AH-50,Audio Array,DJ Headphone,DJ Headphone,
2026-06-19,B0FG88HVQ8,346.14,Audio Array-B0FG88HVQ8-DJ Headphone-SD-PT,1,275721825853561,1,7707,B0FG88HVQ8,323075178229933,1694.07,36,Audio Array-B0FG88HVQ8-DJ Headphone-SD-PT,FBA79813,AH-50,Audio Array,DJ Headphone,DJ Headphone,
2026-06-20,B0FG88HVQ8,323.22,Audio Array-B0FG88HVQ8-DJ Headphone-SD-PT,0,275721825853561,0,7673,B0FG88HVQ8,323075178229933,0.0,33,Audio Array-B0FG88HVQ8-DJ Headphone-SD-PT,FBA79813,AH-50,Audio Array,DJ Headphone,DJ Headphone,
2026-06-21,B0FG88HVQ8,322.69,Audio Array-B0FG88HVQ8-DJ Headphone-SD-PT,2,275721825853561,2,10190,B0FG88HVQ8,323075178229933,3145.76,35,Audio Array-B0FG88HVQ8-DJ Headphone-SD-PT,FBA79813,AH-50,Audio Array,DJ Headphone,DJ Headphone,
2026-06-22,B0FG88HVQ8,204.19,Audio Array-B0FG88HVQ8-DJ Headphone-SD-PT,1,275721825853561,1,8706,B0FG88HVQ8,323075178229933,1694.07,33,Audio Array-B0FG88HVQ8-DJ Headphone-SD-PT,FBA79813,AH-50,Audio Array,DJ Headphone,DJ Headphone,
2026-06-23,B0FG88HVQ8,320.12,Audio Array-B0FG88HVQ8-DJ Headphone-SD-PT,1,275721825853561,1,6624,B0FG88HVQ8,323075178229933,1711.02,33,Audio Array-B0FG88HVQ8-DJ Headphone-SD-PT,FBA79813,AH-50,Audio Array,DJ Headphone,DJ Headphone,
2026-06-24,B0FG88HVQ8,217.87,Audio Array-B0FG88HVQ8-DJ Headphone-SD-PT,0,275721825853561,0,7169,B0FG88HVQ8,323075178229933,0.0,28,Audio Array-B0FG88HVQ8-DJ Headphone-SD-PT,FBA79813,AH-50,Audio Array,DJ Headphone,DJ Headphone,
2026-06-25,B0FG88HVQ8,222.61,Audio Array-B0FG88HVQ8-DJ Headphone-SD-PT,1,275721825853561,1,8347,B0FG88HVQ8,323075178229933,1694.07,32,Audio Array-B0FG88HVQ8-DJ Headphone-SD-PT,FBA79813,AH-50,Audio Array,DJ Headphone,DJ Headphone,
2026-06-05,B0B4DPX2J2,61.25,Audio Array-Multi Ad group-Condenser-SD-PT,0,339757386460382,0,2900,B0B4DPX2J2,507142498946816,0.0,7,Audio Array-B0B4DPX2J2-Condenser-SD-PT,FBA75673,AM-C1,Audio Array,Microphone Condenser,USB Microphone Kit - Boomarm,
2026-06-06,B0B4DPX2J2,69.74,Audio Array-Multi Ad group-Condenser-SD-PT,0,339757386460382,0,3510,B0B4DPX2J2,507142498946816,0.0,7,Audio Array-B0B4DPX2J2-Condenser-SD-PT,FBA75673,AM-C1,Audio Array,Microphone Condenser,USB Microphone Kit - Boomarm,
2026-06-07,B0B4DPX2J2,59.68,Audio Array-Multi Ad group-Condenser-SD-PT,0,339757386460382,0,4578,B0B4DPX2J2,507142498946816,0.0,6,Audio Array-B0B4DPX2J2-Condenser-SD-PT,FBA75673,AM-C1,Audio Array,Microphone Condenser,USB Microphone Kit - Boomarm,
2026-06-08,B0B4DPX2J2,106.63,Audio Array-Multi Ad group-Condenser-SD-PT,0,339757386460382,0,2237,B0B4DPX2J2,507142498946816,0.0,6,Audio Array-B0B4DPX2J2-Condenser-SD-PT,FBA75673,AM-C1,Audio Array,Microphone Condenser,USB Microphone Kit - Boomarm,
2026-06-09,B0B4DPX2J2,121.04,Audio Array-Multi Ad group-Condenser-SD-PT,0,339757386460382,0,6532,B0B4DPX2J2,507142498946816,0.0,12,Audio Array-B0B4DPX2J2-Condenser-SD-PT,FBA75673,AM-C1,Audio Array,Microphone Condenser,USB Microphone Kit - Boomarm,
2026-06-10,B0B4DPX2J2,0.0,Audio Array-Multi Ad group-Condenser-SD-PT,0,339757386460382,0,0,B0B4DPX2J2,507142498946816,0.0,0,Audio Array-B0B4DPX2J2-Condenser-SD-PT,FBA75673,AM-C1,Audio Array,Microphone Condenser,USB Microphone Kit - Boomarm,
2026-06-11,B0B4DPX2J2,0.0,Audio Array-Multi Ad group-Condenser-SD-PT,0,339757386460382,0,0,B0B4DPX2J2,507142498946816,0.0,0,Audio Array-B0B4DPX2J2-Condenser-SD-PT,FBA75673,AM-C1,Audio Array,Microphone Condenser,USB Microphone Kit - Boomarm,
2026-06-12,B0B4DPX2J2,0.0,Audio Array-Multi Ad group-Condenser-SD-PT,0,339757386460382,0,0,B0B4DPX2J2,507142498946816,0.0,0,Audio Array-B0B4DPX2J2-Condenser-SD-PT,FBA75673,AM-C1,Audio Array,Microphone Condenser,USB Microphone Kit - Boomarm,
2026-06-13,B0B4DPX2J2,0.0,Audio Array-Multi Ad group-Condenser-SD-PT,0,339757386460382,0,0,B0B4DPX2J2,507142498946816,0.0,0,Audio Array-B0B4DPX2J2-Condenser-SD-PT,FBA75673,AM-C1,Audio Array,Microphone Condenser,USB Microphone Kit - Boomarm,
2026-06-14,B0B4DPX2J2,0.0,Audio Array-Multi Ad group-Condenser-SD-PT,0,339757386460382,0,0,B0B4DPX2J2,507142498946816,0.0,0,Audio Array-B0B4DPX2J2-Condenser-SD-PT,FBA75673,AM-C1,Audio Array,Microphone Condenser,USB Microphone Kit - Boomarm,
2026-06-15,B0B4DPX2J2,0.0,Audio Array-Multi Ad group-Condenser-SD-PT,0,339757386460382,0,0,B0B4DPX2J2,507142498946816,0.0,0,Audio Array-B0B4DPX2J2-Condenser-SD-PT,FBA75673,AM-C1,Audio Array,Microphone Condenser,USB Microphone Kit - Boomarm,
2026-06-16,B0B4DPX2J2,0.0,Audio Array-Multi Ad group-Condenser-SD-PT,0,339757386460382,0,0,B0B4DPX2J2,507142498946816,0.0,0,Audio Array-B0B4DPX2J2-Condenser-SD-PT,FBA75673,AM-C1,Audio Array,Microphone Condenser,USB Microphone Kit - Boomarm,
2026-06-17,B0B4DPX2J2,0.0,Audio Array-Multi Ad group-Condenser-SD-PT,0,339757386460382,0,0,B0B4DPX2J2,507142498946816,0.0,0,Audio Array-B0B4DPX2J2-Condenser-SD-PT,FBA75673,AM-C1,Audio Array,Microphone Condenser,USB Microphone Kit - Boomarm,
2026-06-18,B0B4DPX2J2,0.0,Audio Array-Multi Ad group-Condenser-SD-PT,0,339757386460382,0,0,B0B4DPX2J2,507142498946816,0.0,0,Audio Array-B0B4DPX2J2-Condenser-SD-PT,FBA75673,AM-C1,Audio Array,Microphone Condenser,USB Microphone Kit - Boomarm,
2026-06-19,B0B4DPX2J2,0.0,Audio Array-Multi Ad group-Condenser-SD-PT,0,339757386460382,0,0,B0B4DPX2J2,507142498946816,0.0,0,Audio Array-B0B4DPX2J2-Condenser-SD-PT,FBA75673,AM-C1,Audio Array,Microphone Condenser,USB Microphone Kit - Boomarm,
2026-06-20,B0B4DPX2J2,0.0,Audio Array-Multi Ad group-Condenser-SD-PT,0,339757386460382,0,0,B0B4DPX2J2,507142498946816,0.0,0,Audio Array-B0B4DPX2J2-Condenser-SD-PT,FBA75673,AM-C1,Audio Array,Microphone Condenser,USB Microphone Kit - Boomarm,
2026-06-21,B0B4DPX2J2,0.0,Audio Array-Multi Ad group-Condenser-SD-PT,0,339757386460382,0,0,B0B4DPX2J2,507142498946816,0.0,0,Audio Array-B0B4DPX2J2-Condenser-SD-PT,FBA75673,AM-C1,Audio Array,Microphone Condenser,USB Microphone Kit - Boomarm,
2026-06-22,B0B4DPX2J2,0.0,Audio Array-Multi Ad group-Condenser-SD-PT,0,339757386460382,0,0,B0B4DPX2J2,507142498946816,0.0,0,Audio Array-B0B4DPX2J2-Condenser-SD-PT,FBA75673,AM-C1,Audio Array,Microphone Condenser,USB Microphone Kit - Boomarm,
2026-06-23,B0B4DPX2J2,0.0,Audio Array-Multi Ad group-Condenser-SD-PT,0,339757386460382,0,0,B0B4DPX2J2,507142498946816,0.0,0,Audio Array-B0B4DPX2J2-Condenser-SD-PT,FBA75673,AM-C1,Audio Array,Microphone Condenser,USB Microphone Kit - Boomarm,
2026-06-24,B0B4DPX2J2,0.0,Audio Array-Multi Ad group-Condenser-SD-PT,0,339757386460382,0,0,B0B4DPX2J2,507142498946816,0.0,0,Audio Array-B0B4DPX2J2-Condenser-SD-PT,FBA75673,AM-C1,Audio Array,Microphone Condenser,USB Microphone Kit - Boomarm,
2026-06-25,B0B4DPX2J2,0.0,Audio Array-Multi Ad group-Condenser-SD-PT,0,339757386460382,0,0,B0B4DPX2J2,507142498946816,0.0,0,Audio Array-B0B4DPX2J2-Condenser-SD-PT,FBA75673,AM-C1,Audio Array,Microphone Condenser,USB Microphone Kit - Boomarm,
2026-06-05,B0GKPXQ8G3,0.0,Wireless Lapel Mic,0,88800319740398,0,0,B0GKPXQ8G3,485818304366864,0.0,0,Audio Array-Catch All-SD-CT,FBA80016,AM-W22,Audio Array,Microphone Wireless Lapel,Wireless Lapel Microphone,
2026-06-06,B0GKPXQ8G3,0.0,Wireless Lapel Mic,0,88800319740398,0,0,B0GKPXQ8G3,485818304366864,0.0,0,Audio Array-Catch All-SD-CT,FBA80016,AM-W22,Audio Array,Microphone Wireless Lapel,Wireless Lapel Microphone,
2026-06-07,B0GKPXQ8G3,0.0,Wireless Lapel Mic,0,88800319740398,0,0,B0GKPXQ8G3,485818304366864,0.0,0,Audio Array-Catch All-SD-CT,FBA80016,AM-W22,Audio Array,Microphone Wireless Lapel,Wireless Lapel Microphone,
2026-06-08,B0GKPXQ8G3,0.0,Wireless Lapel Mic,0,88800319740398,0,0,B0GKPXQ8G3,485818304366864,0.0,0,Audio Array-Catch All-SD-CT,FBA80016,AM-W22,Audio Array,Microphone Wireless Lapel,Wireless Lapel Microphone,
2026-06-09,B0GKPXQ8G3,0.0,Wireless Lapel Mic,0,88800319740398,0,0,B0GKPXQ8G3,485818304366864,0.0,0,Audio Array-Catch All-SD-CT,FBA80016,AM-W22,Audio Array,Microphone Wireless Lapel,Wireless Lapel Microphone,
2026-06-10,B0GKPXQ8G3,0.0,Wireless Lapel Mic,0,88800319740398,0,0,B0GKPXQ8G3,485818304366864,0.0,0,Audio Array-Catch All-SD-CT,FBA80016,AM-W22,Audio Array,Microphone Wireless Lapel,Wireless Lapel Microphone,
2026-06-11,B0GKPXQ8G3,0.0,Wireless Lapel Mic,0,88800319740398,0,0,B0GKPXQ8G3,485818304366864,0.0,0,Audio Array-Catch All-SD-CT,FBA80016,AM-W22,Audio Array,Microphone Wireless Lapel,Wireless Lapel Microphone,
2026-06-12,B0GKPXQ8G3,0.0,Wireless Lapel Mic,0,88800319740398,0,0,B0GKPXQ8G3,485818304366864,0.0,0,Audio Array-Catch All-SD-CT,FBA80016,AM-W22,Audio Array,Microphone Wireless Lapel,Wireless Lapel Microphone,
2026-06-13,B0GKPXQ8G3,0.0,Wireless Lapel Mic,0,88800319740398,0,0,B0GKPXQ8G3,485818304366864,0.0,0,Audio Array-Catch All-SD-CT,FBA80016,AM-W22,Audio Array,Microphone Wireless Lapel,Wireless Lapel Microphone,
2026-06-14,B0GKPXQ8G3,0.0,Wireless Lapel Mic,0,88800319740398,0,0,B0GKPXQ8G3,485818304366864,0.0,0,Audio Array-Catch All-SD-CT,FBA80016,AM-W22,Audio Array,Microphone Wireless Lapel,Wireless Lapel Microphone,
2026-06-15,B0GKPXQ8G3,0.0,Wireless Lapel Mic,0,88800319740398,0,0,B0GKPXQ8G3,485818304366864,0.0,0,Audio Array-Catch All-SD-CT,FBA80016,AM-W22,Audio Array,Microphone Wireless Lapel,Wireless Lapel Microphone,
2026-06-16,B0GKPXQ8G3,0.0,Wireless Lapel Mic,0,88800319740398,0,0,B0GKPXQ8G3,485818304366864,0.0,0,Audio Array-Catch All-SD-CT,FBA80016,AM-W22,Audio Array,Microphone Wireless Lapel,Wireless Lapel Microphone,
2026-06-17,B0GKPXQ8G3,0.0,Wireless Lapel Mic,0,88800319740398,0,0,B0GKPXQ8G3,485818304366864,0.0,0,Audio Array-Catch All-SD-CT,FBA80016,AM-W22,Audio Array,Microphone Wireless Lapel,Wireless Lapel Microphone,
2026-06-18,B0GKPXQ8G3,0.0,Wireless Lapel Mic,0,88800319740398,0,0,B0GKPXQ8G3,485818304366864,0.0,0,Audio Array-Catch All-SD-CT,FBA80016,AM-W22,Audio Array,Microphone Wireless Lapel,Wireless Lapel Microphone,
2026-06-19,B0GKPXQ8G3,0.0,Wireless Lapel Mic,0,88800319740398,0,0,B0GKPXQ8G3,485818304366864,0.0,0,Audio Array-Catch All-SD-CT,FBA80016,AM-W22,Audio Array,Microphone Wireless Lapel,Wireless Lapel Microphone,
2026-06-20,B0GKPXQ8G3,0.0,Wireless Lapel Mic,0,88800319740398,0,0,B0GKPXQ8G3,485818304366864,0.0,0,Audio Array-Catch All-SD-CT,FBA80016,AM-W22,Audio Array,Microphone Wireless Lapel,Wireless Lapel Microphone,
2026-06-21,B0GKPXQ8G3,0.0,Wireless Lapel Mic,0,88800319740398,0,0,B0GKPXQ8G3,485818304366864,0.0,0,Audio Array-Catch All-SD-CT,FBA80016,AM-W22,Audio Array,Microphone Wireless Lapel,Wireless Lapel Microphone,
2026-06-22,B0GKPXQ8G3,0.0,Wireless Lapel Mic,0,88800319740398,0,0,B0GKPXQ8G3,485818304366864,0.0,0,Audio Array-Catch All-SD-CT,FBA80016,AM-W22,Audio Array,Microphone Wireless Lapel,Wireless Lapel Microphone,
2026-06-23,B0GKPXQ8G3,0.0,Wireless Lapel Mic,0,88800319740398,0,0,B0GKPXQ8G3,485818304366864,0.0,0,Audio Array-Catch All-SD-CT,FBA80016,AM-W22,Audio Array,Microphone Wireless Lapel,Wireless Lapel Microphone,
2026-06-24,B0GKPXQ8G3,0.0,Wireless Lapel Mic,0,88800319740398,0,0,B0GKPXQ8G3,485818304366864,0.0,0,Audio Array-Catch All-SD-CT,FBA80016,AM-W22,Audio Array,Microphone Wireless Lapel,Wireless Lapel Microphone,
2026-06-25,B0GKPXQ8G3,0.0,Wireless Lapel Mic,0,88800319740398,0,0,B0GKPXQ8G3,485818304366864,0.0,0,Audio Array-Catch All-SD-CT,FBA80016,AM-W22,Audio Array,Microphone Wireless Lapel,Wireless Lapel Microphone,
2026-06-05,B0G3Q517Y2,0.0,Wireless Lapel Mic,0,88800319740398,0,0,B0G3Q517Y2,485818304366864,0.0,0,Audio Array-Catch All-SD-CT,FBA79957,AM-W23,Audio Array,Microphone Wireless Lapel,Wireless Lapel Microphone,
2026-06-06,B0G3Q517Y2,0.0,Wireless Lapel Mic,0,88800319740398,0,0,B0G3Q517Y2,485818304366864,0.0,0,Audio Array-Catch All-SD-CT,FBA79957,AM-W23,Audio Array,Microphone Wireless Lapel,Wireless Lapel Microphone,
2026-06-07,B0G3Q517Y2,0.0,Wireless Lapel Mic,0,88800319740398,0,0,B0G3Q517Y2,485818304366864,0.0,0,Audio Array-Catch All-SD-CT,FBA79957,AM-W23,Audio Array,Microphone Wireless Lapel,Wireless Lapel Microphone,
2026-06-08,B0G3Q517Y2,0.0,Wireless Lapel Mic,0,88800319740398,0,0,B0G3Q517Y2,485818304366864,0.0,0,Audio Array-Catch All-SD-CT,FBA79957,AM-W23,Audio Array,Microphone Wireless Lapel,Wireless Lapel Microphone,
2026-06-09,B0G3Q517Y2,0.0,Wireless Lapel Mic,0,88800319740398,0,0,B0G3Q517Y2,485818304366864,0.0,0,Audio Array-Catch All-SD-CT,FBA79957,AM-W23,Audio Array,Microphone Wireless Lapel,Wireless Lapel Microphone,
2026-06-10,B0G3Q517Y2,0.0,Wireless Lapel Mic,0,88800319740398,0,0,B0G3Q517Y2,485818304366864,0.0,0,Audio Array-Catch All-SD-CT,FBA79957,AM-W23,Audio Array,Microphone Wireless Lapel,Wireless Lapel Microphone,
2026-06-11,B0G3Q517Y2,0.0,Wireless Lapel Mic,0,88800319740398,0,0,B0G3Q517Y2,485818304366864,0.0,0,Audio Array-Catch All-SD-CT,FBA79957,AM-W23,Audio Array,Microphone Wireless Lapel,Wireless Lapel Microphone,
2026-06-12,B0G3Q517Y2,0.0,Wireless Lapel Mic,0,88800319740398,0,0,B0G3Q517Y2,485818304366864,0.0,0,Audio Array-Catch All-SD-CT,FBA79957,AM-W23,Audio Array,Microphone Wireless Lapel,Wireless Lapel Microphone,
2026-06-13,B0G3Q517Y2,0.0,Wireless Lapel Mic,0,88800319740398,0,0,B0G3Q517Y2,485818304366864,0.0,0,Audio Array-Catch All-SD-CT,FBA79957,AM-W23,Audio Array,Microphone Wireless Lapel,Wireless Lapel Microphone,
2026-06-14,B0G3Q517Y2,0.0,Wireless Lapel Mic,0,88800319740398,0,0,B0G3Q517Y2,485818304366864,0.0,0,Audio Array-Catch All-SD-CT,FBA79957,AM-W23,Audio Array,Microphone Wireless Lapel,Wireless Lapel Microphone,
2026-06-15,B0G3Q517Y2,0.0,Wireless Lapel Mic,0,88800319740398,0,0,B0G3Q517Y2,485818304366864,0.0,0,Audio Array-Catch All-SD-CT,FBA79957,AM-W23,Audio Array,Microphone Wireless Lapel,Wireless Lapel Microphone,
2026-06-16,B0G3Q517Y2,0.0,Wireless Lapel Mic,0,88800319740398,0,0,B0G3Q517Y2,485818304366864,0.0,0,Audio Array-Catch All-SD-CT,FBA79957,AM-W23,Audio Array,Microphone Wireless Lapel,Wireless Lapel Microphone,
2026-06-17,B0G3Q517Y2,0.0,Wireless Lapel Mic,0,88800319740398,0,0,B0G3Q517Y2,485818304366864,0.0,0,Audio Array-Catch All-SD-CT,FBA79957,AM-W23,Audio Array,Microphone Wireless Lapel,Wireless Lapel Microphone,
2026-06-18,B0G3Q517Y2,0.0,Wireless Lapel Mic,0,88800319740398,0,0,B0G3Q517Y2,485818304366864,0.0,0,Audio Array-Catch All-SD-CT,FBA79957,AM-W23,Audio Array,Microphone Wireless Lapel,Wireless Lapel Microphone,
2026-06-19,B0G3Q517Y2,0.0,Wireless Lapel Mic,0,88800319740398,0,0,B0G3Q517Y2,485818304366864,0.0,0,Audio Array-Catch All-SD-CT,FBA79957,AM-W23,Audio Array,Microphone Wireless Lapel,Wireless Lapel Microphone,
2026-06-20,B0G3Q517Y2,0.0,Wireless Lapel Mic,0,88800319740398,0,0,B0G3Q517Y2,485818304366864,0.0,0,Audio Array-Catch All-SD-CT,FBA79957,AM-W23,Audio Array,Microphone Wireless Lapel,Wireless Lapel Microphone,
2026-06-21,B0G3Q517Y2,0.0,Wireless Lapel Mic,0,88800319740398,0,0,B0G3Q517Y2,485818304366864,0.0,0,Audio Array-Catch All-SD-CT,FBA79957,AM-W23,Audio Array,Microphone Wireless Lapel,Wireless Lapel Microphone,
2026-06-22,B0G3Q517Y2,0.0,Wireless Lapel Mic,0,88800319740398,0,0,B0G3Q517Y2,485818304366864,0.0,0,Audio Array-Catch All-SD-CT,FBA79957,AM-W23,Audio Array,Microphone Wireless Lapel,Wireless Lapel Microphone,
2026-06-23,B0G3Q517Y2,0.0,Wireless Lapel Mic,0,88800319740398,0,0,B0G3Q517Y2,485818304366864,0.0,0,Audio Array-Catch All-SD-CT,FBA79957,AM-W23,Audio Array,Microphone Wireless Lapel,Wireless Lapel Microphone,
2026-06-24,B0G3Q517Y2,0.0,Wireless Lapel Mic,0,88800319740398,0,0,B0G3Q517Y2,485818304366864,0.0,0,Audio Array-Catch All-SD-CT,FBA79957,AM-W23,Audio Array,Microphone Wireless Lapel,Wireless Lapel Microphone,
2026-06-25,B0G3Q517Y2,0.0,Wireless Lapel Mic,0,88800319740398,0,0,B0G3Q517Y2,485818304366864,0.0,0,Audio Array-Catch All-SD-CT,FBA79957,AM-W23,Audio Array,Microphone Wireless Lapel,Wireless Lapel Microphone,
2026-06-05,B0G3Q59X8C,0.0,Wireless Lapel Mic,0,88800319740398,0,0,B0G3Q59X8C,485818304366864,0.0,0,Audio Array-Catch All-SD-CT,FBA79958,AM-W24,Audio Array,Microphone Wireless Lapel,Wireless Lapel Microphone,
2026-06-06,B0G3Q59X8C,0.0,Wireless Lapel Mic,0,88800319740398,0,0,B0G3Q59X8C,485818304366864,0.0,0,Audio Array-Catch All-SD-CT,FBA79958,AM-W24,Audio Array,Microphone Wireless Lapel,Wireless Lapel Microphone,
2026-06-07,B0G3Q59X8C,0.0,Wireless Lapel Mic,0,88800319740398,0,0,B0G3Q59X8C,485818304366864,0.0,0,Audio Array-Catch All-SD-CT,FBA79958,AM-W24,Audio Array,Microphone Wireless Lapel,Wireless Lapel Microphone,
2026-06-08,B0G3Q59X8C,0.0,Wireless Lapel Mic,0,88800319740398,0,0,B0G3Q59X8C,485818304366864,0.0,0,Audio Array-Catch All-SD-CT,FBA79958,AM-W24,Audio Array,Microphone Wireless Lapel,Wireless Lapel Microphone,
2026-06-09,B0G3Q59X8C,0.0,Wireless Lapel Mic,0,88800319740398,0,0,B0G3Q59X8C,485818304366864,0.0,0,Audio Array-Catch All-SD-CT,FBA79958,AM-W24,Audio Array,Microphone Wireless Lapel,Wireless Lapel Microphone,
2026-06-10,B0G3Q59X8C,0.0,Wireless Lapel Mic,0,88800319740398,0,0,B0G3Q59X8C,485818304366864,0.0,0,Audio Array-Catch All-SD-CT,FBA79958,AM-W24,Audio Array,Microphone Wireless Lapel,Wireless Lapel Microphone,
2026-06-11,B0G3Q59X8C,0.0,Wireless Lapel Mic,0,88800319740398,0,0,B0G3Q59X8C,485818304366864,0.0,0,Audio Array-Catch All-SD-CT,FBA79958,AM-W24,Audio Array,Microphone Wireless Lapel,Wireless Lapel Microphone,
2026-06-12,B0G3Q59X8C,0.0,Wireless Lapel Mic,0,88800319740398,0,0,B0G3Q59X8C,485818304366864,0.0,0,Audio Array-Catch All-SD-CT,FBA79958,AM-W24,Audio Array,Microphone Wireless Lapel,Wireless Lapel Microphone,
2026-06-13,B0G3Q59X8C,0.0,Wireless Lapel Mic,0,88800319740398,0,0,B0G3Q59X8C,485818304366864,0.0,0,Audio Array-Catch All-SD-CT,FBA79958,AM-W24,Audio Array,Microphone Wireless Lapel,Wireless Lapel Microphone,
2026-06-14,B0G3Q59X8C,0.0,Wireless Lapel Mic,0,88800319740398,0,0,B0G3Q59X8C,485818304366864,0.0,0,Audio Array-Catch All-SD-CT,FBA79958,AM-W24,Audio Array,Microphone Wireless Lapel,Wireless Lapel Microphone,
2026-06-15,B0G3Q59X8C,0.0,Wireless Lapel Mic,0,88800319740398,0,0,B0G3Q59X8C,485818304366864,0.0,0,Audio Array-Catch All-SD-CT,FBA79958,AM-W24,Audio Array,Microphone Wireless Lapel,Wireless Lapel Microphone,
2026-06-16,B0G3Q59X8C,0.0,Wireless Lapel Mic,0,88800319740398,0,0,B0G3Q59X8C,485818304366864,0.0,0,Audio Array-Catch All-SD-CT,FBA79958,AM-W24,Audio Array,Microphone Wireless Lapel,Wireless Lapel Microphone,
2026-06-17,B0G3Q59X8C,0.0,Wireless Lapel Mic,0,88800319740398,0,0,B0G3Q59X8C,485818304366864,0.0,0,Audio Array-Catch All-SD-CT,FBA79958,AM-W24,Audio Array,Microphone Wireless Lapel,Wireless Lapel Microphone,
2026-06-18,B0G3Q59X8C,0.0,Wireless Lapel Mic,0,88800319740398,0,0,B0G3Q59X8C,485818304366864,0.0,0,Audio Array-Catch All-SD-CT,FBA79958,AM-W24,Audio Array,Microphone Wireless Lapel,Wireless Lapel Microphone,
2026-06-19,B0G3Q59X8C,0.0,Wireless Lapel Mic,0,88800319740398,0,0,B0G3Q59X8C,485818304366864,0.0,0,Audio Array-Catch All-SD-CT,FBA79958,AM-W24,Audio Array,Microphone Wireless Lapel,Wireless Lapel Microphone,
2026-06-20,B0G3Q59X8C,0.0,Wireless Lapel Mic,0,88800319740398,0,0,B0G3Q59X8C,485818304366864,0.0,0,Audio Array-Catch All-SD-CT,FBA79958,AM-W24,Audio Array,Microphone Wireless Lapel,Wireless Lapel Microphone,
2026-06-21,B0G3Q59X8C,0.0,Wireless Lapel Mic,0,88800319740398,0,0,B0G3Q59X8C,485818304366864,0.0,0,Audio Array-Catch All-SD-CT,FBA79958,AM-W24,Audio Array,Microphone Wireless Lapel,Wireless Lapel Microphone,
2026-06-22,B0G3Q59X8C,0.0,Wireless Lapel Mic,0,88800319740398,0,0,B0G3Q59X8C,485818304366864,0.0,0,Audio Array-Catch All-SD-CT,FBA79958,AM-W24,Audio Array,Microphone Wireless Lapel,Wireless Lapel Microphone,
2026-06-23,B0G3Q59X8C,0.0,Wireless Lapel Mic,0,88800319740398,0,0,B0G3Q59X8C,485818304366864,0.0,0,Audio Array-Catch All-SD-CT,FBA79958,AM-W24,Audio Array,Microphone Wireless Lapel,Wireless Lapel Microphone,
2026-06-24,B0G3Q59X8C,0.0,Wireless Lapel Mic,0,88800319740398,0,0,B0G3Q59X8C,485818304366864,0.0,0,Audio Array-Catch All-SD-CT,FBA79958,AM-W24,Audio Array,Microphone Wireless Lapel,Wireless Lapel Microphone,
2026-06-25,B0G3Q59X8C,0.0,Wireless Lapel Mic,0,88800319740398,0,0,B0G3Q59X8C,485818304366864,0.0,0,Audio Array-Catch All-SD-CT,FBA79958,AM-W24,Audio Array,Microphone Wireless Lapel,Wireless Lapel Microphone,
2026-06-05,B0G2C2RCXN,0.0,Wireless Lapel Mic,0,88800319740398,0,0,B0G2C2RCXN,485818304366864,0.0,0,Audio Array-Catch All-SD-CT,FBA79967,AM-W19,Audio Array,Microphone Wireless Lapel,Wireless Lapel Microphone,
2026-06-06,B0G2C2RCXN,0.0,Wireless Lapel Mic,0,88800319740398,0,0,B0G2C2RCXN,485818304366864,0.0,0,Audio Array-Catch All-SD-CT,FBA79967,AM-W19,Audio Array,Microphone Wireless Lapel,Wireless Lapel Microphone,
2026-06-07,B0G2C2RCXN,0.0,Wireless Lapel Mic,0,88800319740398,0,0,B0G2C2RCXN,485818304366864,0.0,0,Audio Array-Catch All-SD-CT,FBA79967,AM-W19,Audio Array,Microphone Wireless Lapel,Wireless Lapel Microphone,
2026-06-08,B0G2C2RCXN,0.0,Wireless Lapel Mic,0,88800319740398,0,0,B0G2C2RCXN,485818304366864,0.0,0,Audio Array-Catch All-SD-CT,FBA79967,AM-W19,Audio Array,Microphone Wireless Lapel,Wireless Lapel Microphone,
2026-06-09,B0G2C2RCXN,0.0,Wireless Lapel Mic,0,88800319740398,0,0,B0G2C2RCXN,485818304366864,0.0,0,Audio Array-Catch All-SD-CT,FBA79967,AM-W19,Audio Array,Microphone Wireless Lapel,Wireless Lapel Microphone,
2026-06-10,B0G2C2RCXN,0.0,Wireless Lapel Mic,0,88800319740398,0,0,B0G2C2RCXN,485818304366864,0.0,0,Audio Array-Catch All-SD-CT,FBA79967,AM-W19,Audio Array,Microphone Wireless Lapel,Wireless Lapel Microphone,
2026-06-11,B0G2C2RCXN,0.0,Wireless Lapel Mic,0,88800319740398,0,0,B0G2C2RCXN,485818304366864,0.0,0,Audio Array-Catch All-SD-CT,FBA79967,AM-W19,Audio Array,Microphone Wireless Lapel,Wireless Lapel Microphone,
2026-06-12,B0G2C2RCXN,0.0,Wireless Lapel Mic,0,88800319740398,0,0,B0G2C2RCXN,485818304366864,0.0,0,Audio Array-Catch All-SD-CT,FBA79967,AM-W19,Audio Array,Microphone Wireless Lapel,Wireless Lapel Microphone,
2026-06-13,B0G2C2RCXN,0.0,Wireless Lapel Mic,0,88800319740398,0,0,B0G2C2RCXN,485818304366864,0.0,0,Audio Array-Catch All-SD-CT,FBA79967,AM-W19,Audio Array,Microphone Wireless Lapel,Wireless Lapel Microphone,
2026-06-14,B0G2C2RCXN,0.0,Wireless Lapel Mic,0,88800319740398,0,0,B0G2C2RCXN,485818304366864,0.0,0,Audio Array-Catch All-SD-CT,FBA79967,AM-W19,Audio Array,Microphone Wireless Lapel,Wireless Lapel Microphone,
2026-06-15,B0G2C2RCXN,0.0,Wireless Lapel Mic,0,88800319740398,0,0,B0G2C2RCXN,485818304366864,0.0,0,Audio Array-Catch All-SD-CT,FBA79967,AM-W19,Audio Array,Microphone Wireless Lapel,Wireless Lapel Microphone,
2026-06-16,B0G2C2RCXN,0.0,Wireless Lapel Mic,0,88800319740398,0,0,B0G2C2RCXN,485818304366864,0.0,0,Audio Array-Catch All-SD-CT,FBA79967,AM-W19,Audio Array,Microphone Wireless Lapel,Wireless Lapel Microphone,
2026-06-17,B0G2C2RCXN,0.0,Wireless Lapel Mic,0,88800319740398,0,0,B0G2C2RCXN,485818304366864,0.0,0,Audio Array-Catch All-SD-CT,FBA79967,AM-W19,Audio Array,Microphone Wireless Lapel,Wireless Lapel Microphone,
2026-06-18,B0G2C2RCXN,0.0,Wireless Lapel Mic,0,88800319740398,0,0,B0G2C2RCXN,485818304366864,0.0,0,Audio Array-Catch All-SD-CT,FBA79967,AM-W19,Audio Array,Microphone Wireless Lapel,Wireless Lapel Microphone,
2026-06-19,B0G2C2RCXN,0.0,Wireless Lapel Mic,0,88800319740398,0,0,B0G2C2RCXN,485818304366864,0.0,0,Audio Array-Catch All-SD-CT,FBA79967,AM-W19,Audio Array,Microphone Wireless Lapel,Wireless Lapel Microphone,
2026-06-20,B0G2C2RCXN,0.0,Wireless Lapel Mic,0,88800319740398,0,0,B0G2C2RCXN,485818304366864,0.0,0,Audio Array-Catch All-SD-CT,FBA79967,AM-W19,Audio Array,Microphone Wireless Lapel,Wireless Lapel Microphone,
2026-06-21,B0G2C2RCXN,0.0,Wireless Lapel Mic,0,88800319740398,0,0,B0G2C2RCXN,485818304366864,0.0,0,Audio Array-Catch All-SD-CT,FBA79967,AM-W19,Audio Array,Microphone Wireless Lapel,Wireless Lapel Microphone,
2026-06-22,B0G2C2RCXN,0.0,Wireless Lapel Mic,0,88800319740398,0,0,B0G2C2RCXN,485818304366864,0.0,0,Audio Array-Catch All-SD-CT,FBA79967,AM-W19,Audio Array,Microphone Wireless Lapel,Wireless Lapel Microphone,
2026-06-23,B0G2C2RCXN,0.0,Wireless Lapel Mic,0,88800319740398,0,0,B0G2C2RCXN,485818304366864,0.0,0,Audio Array-Catch All-SD-CT,FBA79967,AM-W19,Audio Array,Microphone Wireless Lapel,Wireless Lapel Microphone,
2026-06-24,B0G2C2RCXN,0.0,Wireless Lapel Mic,0,88800319740398,0,0,B0G2C2RCXN,485818304366864,0.0,0,Audio Array-Catch All-SD-CT,FBA79967,AM-W19,Audio Array,Microphone Wireless Lapel,Wireless Lapel Microphone,
2026-06-25,B0G2C2RCXN,0.0,Wireless Lapel Mic,0,88800319740398,0,0,B0G2C2RCXN,485818304366864,0.0,0,Audio Array-Catch All-SD-CT,FBA79967,AM-W19,Audio Array,Microphone Wireless Lapel,Wireless Lapel Microphone,
2026-06-05,B0CH4RNWJX,117.13,Condenser Microphones,0,88800319740398,0,10111,B0CH4RNWJX,1530305156531,0.0,34,Audio Array-Catch All-SD-CT,FBA79011,AM-C43,Audio Array,Microphone Condenser,XLR Microphone Kit - Boomarm,
2026-06-06,B0CH4RNWJX,311.57,Condenser Microphones,0,88800319740398,0,26570,B0CH4RNWJX,1530305156531,0.0,61,Audio Array-Catch All-SD-CT,FBA79011,AM-C43,Audio Array,Microphone Condenser,XLR Microphone Kit - Boomarm,
2026-06-07,B0CH4RNWJX,214.4,Condenser Microphones,0,88800319740398,0,22966,B0CH4RNWJX,1530305156531,0.0,41,Audio Array-Catch All-SD-CT,FBA79011,AM-C43,Audio Array,Microphone Condenser,XLR Microphone Kit - Boomarm,
2026-06-08,B0CH4RNWJX,322.44,Condenser Microphones,1,88800319740398,1,26663,B0CH4RNWJX,1530305156531,1045.81,69,Audio Array-Catch All-SD-CT,FBA79011,AM-C43,Audio Array,Microphone Condenser,XLR Microphone Kit - Boomarm,
2026-06-09,B0CH4RNWJX,177.68,Condenser Microphones,0,88800319740398,0,19979,B0CH4RNWJX,1530305156531,0.0,39,Audio Array-Catch All-SD-CT,FBA79011,AM-C43,Audio Array,Microphone Condenser,XLR Microphone Kit - Boomarm,
2026-06-10,B0CH4RNWJX,63.39,Condenser Microphones,1,88800319740398,1,13062,B0CH4RNWJX,1530305156531,2117.8,21,Audio Array-Catch All-SD-CT,FBA79011,AM-C43,Audio Array,Microphone Condenser,XLR Microphone Kit - Boomarm,
2026-06-11,B0CH4RNWJX,82.68,Condenser Microphones,0,88800319740398,0,7697,B0CH4RNWJX,1530305156531,0.0,18,Audio Array-Catch All-SD-CT,FBA79011,AM-C43,Audio Array,Microphone Condenser,XLR Microphone Kit - Boomarm,
2026-06-12,B0CH4RNWJX,62.23,Condenser Microphones,0,88800319740398,0,5204,B0CH4RNWJX,1530305156531,0.0,11,Audio Array-Catch All-SD-CT,FBA79011,AM-C43,Audio Array,Microphone Condenser,XLR Microphone Kit - Boomarm,
2026-06-13,B0CH4RNWJX,44.96,Condenser Microphones,1,88800319740398,1,4636,B0CH4RNWJX,1530305156531,1100.85,10,Audio Array-Catch All-SD-CT,FBA79011,AM-C43,Audio Array,Microphone Condenser,XLR Microphone Kit - Boomarm,
2026-06-14,B0CH4RNWJX,78.88,Condenser Microphones,2,88800319740398,2,3176,B0CH4RNWJX,1530305156531,2117.8,15,Audio Array-Catch All-SD-CT,FBA79011,AM-C43,Audio Array,Microphone Condenser,XLR Microphone Kit - Boomarm,
2026-06-15,B0CH4RNWJX,92.14,Condenser Microphones,0,88800319740398,0,4239,B0CH4RNWJX,1530305156531,0.0,13,Audio Array-Catch All-SD-CT,FBA79011,AM-C43,Audio Array,Microphone Condenser,XLR Microphone Kit - Boomarm,
2026-06-16,B0CH4RNWJX,82.8,Condenser Microphones,0,88800319740398,0,9822,B0CH4RNWJX,1530305156531,0.0,16,Audio Array-Catch All-SD-CT,FBA79011,AM-C43,Audio Array,Microphone Condenser,XLR Microphone Kit - Boomarm,
2026-06-17,B0CH4RNWJX,57.89,Condenser Microphones,0,88800319740398,0,4187,B0CH4RNWJX,1530305156531,0.0,11,Audio Array-Catch All-SD-CT,FBA79011,AM-C43,Audio Array,Microphone Condenser,XLR Microphone Kit - Boomarm,
2026-06-18,B0CH4RNWJX,25.1,Condenser Microphones,0,88800319740398,0,3558,B0CH4RNWJX,1530305156531,0.0,8,Audio Array-Catch All-SD-CT,FBA79011,AM-C43,Audio Array,Microphone Condenser,XLR Microphone Kit - Boomarm,
2026-06-19,B0CH4RNWJX,58.07,Condenser Microphones,0,88800319740398,0,3178,B0CH4RNWJX,1530305156531,0.0,9,Audio Array-Catch All-SD-CT,FBA79011,AM-C43,Audio Array,Microphone Condenser,XLR Microphone Kit - Boomarm,
2026-06-20,B0CH4RNWJX,36.21,Condenser Microphones,0,88800319740398,0,2682,B0CH4RNWJX,1530305156531,0.0,5,Audio Array-Catch All-SD-CT,FBA79011,AM-C43,Audio Array,Microphone Condenser,XLR Microphone Kit - Boomarm,
2026-06-21,B0CH4RNWJX,19.72,Condenser Microphones,0,88800319740398,0,2875,B0CH4RNWJX,1530305156531,0.0,3,Audio Array-Catch All-SD-CT,FBA79011,AM-C43,Audio Array,Microphone Condenser,XLR Microphone Kit - Boomarm,
2026-06-22,B0CH4RNWJX,74.88,Condenser Microphones,0,88800319740398,0,7332,B0CH4RNWJX,1530305156531,0.0,18,Audio Array-Catch All-SD-CT,FBA79011,AM-C43,Audio Array,Microphone Condenser,XLR Microphone Kit - Boomarm,
2026-06-23,B0CH4RNWJX,122.81,Condenser Microphones,0,88800319740398,0,7123,B0CH4RNWJX,1530305156531,0.0,20,Audio Array-Catch All-SD-CT,FBA79011,AM-C43,Audio Array,Microphone Condenser,XLR Microphone Kit - Boomarm,
2026-06-24,B0CH4RNWJX,103.44,Condenser Microphones,0,88800319740398,0,5200,B0CH4RNWJX,1530305156531,0.0,21,Audio Array-Catch All-SD-CT,FBA79011,AM-C43,Audio Array,Microphone Condenser,XLR Microphone Kit - Boomarm,
2026-06-25,B0CH4RNWJX,52.03,Condenser Microphones,1,88800319740398,1,4765,B0CH4RNWJX,1530305156531,5507.63,12,Audio Array-Catch All-SD-CT,FBA79011,AM-C43,Audio Array,Microphone Condenser,XLR Microphone Kit - Boomarm,
2026-06-05,B0B4DPX2J2,0.0,SD PT,0,141203437506581,0,0,B0B4DPX2J2,495866250972751,0.0,0,AA_Condenser_AM-C1_SD_PT (Self),FBA75673,AM-C1,Audio Array,Microphone Condenser,USB Microphone Kit - Boomarm,
2026-06-06,B0B4DPX2J2,0.0,SD PT,0,141203437506581,0,0,B0B4DPX2J2,495866250972751,0.0,0,AA_Condenser_AM-C1_SD_PT (Self),FBA75673,AM-C1,Audio Array,Microphone Condenser,USB Microphone Kit - Boomarm,
2026-06-07,B0B4DPX2J2,0.0,SD PT,0,141203437506581,0,0,B0B4DPX2J2,495866250972751,0.0,0,AA_Condenser_AM-C1_SD_PT (Self),FBA75673,AM-C1,Audio Array,Microphone Condenser,USB Microphone Kit - Boomarm,
2026-06-08,B0B4DPX2J2,0.0,SD PT,0,141203437506581,0,0,B0B4DPX2J2,495866250972751,0.0,0,AA_Condenser_AM-C1_SD_PT (Self),FBA75673,AM-C1,Audio Array,Microphone Condenser,USB Microphone Kit - Boomarm,
2026-06-09,B0B4DPX2J2,0.0,SD PT,0,141203437506581,0,0,B0B4DPX2J2,495866250972751,0.0,0,AA_Condenser_AM-C1_SD_PT (Self),FBA75673,AM-C1,Audio Array,Microphone Condenser,USB Microphone Kit - Boomarm,
2026-06-10,B0B4DPX2J2,0.0,SD PT,0,141203437506581,0,0,B0B4DPX2J2,495866250972751,0.0,0,AA_Condenser_AM-C1_SD_PT (Self),FBA75673,AM-C1,Audio Array,Microphone Condenser,USB Microphone Kit - Boomarm,
2026-06-11,B0B4DPX2J2,0.0,SD PT,0,141203437506581,0,0,B0B4DPX2J2,495866250972751,0.0,0,AA_Condenser_AM-C1_SD_PT (Self),FBA75673,AM-C1,Audio Array,Microphone Condenser,USB Microphone Kit - Boomarm,
2026-06-12,B0B4DPX2J2,0.0,SD PT,0,141203437506581,0,0,B0B4DPX2J2,495866250972751,0.0,0,AA_Condenser_AM-C1_SD_PT (Self),FBA75673,AM-C1,Audio Array,Microphone Condenser,USB Microphone Kit - Boomarm,
2026-06-13,B0B4DPX2J2,0.0,SD PT,0,141203437506581,0,0,B0B4DPX2J2,495866250972751,0.0,0,AA_Condenser_AM-C1_SD_PT (Self),FBA75673,AM-C1,Audio Array,Microphone Condenser,USB Microphone Kit - Boomarm,
2026-06-14,B0B4DPX2J2,0.0,SD PT,0,141203437506581,0,0,B0B4DPX2J2,495866250972751,0.0,0,AA_Condenser_AM-C1_SD_PT (Self),FBA75673,AM-C1,Audio Array,Microphone Condenser,USB Microphone Kit - Boomarm,
2026-06-15,B0B4DPX2J2,0.0,SD PT,0,141203437506581,0,0,B0B4DPX2J2,495866250972751,0.0,0,AA_Condenser_AM-C1_SD_PT (Self),FBA75673,AM-C1,Audio Array,Microphone Condenser,USB Microphone Kit - Boomarm,
2026-06-16,B0B4DPX2J2,0.0,SD PT,0,141203437506581,0,0,B0B4DPX2J2,495866250972751,0.0,0,AA_Condenser_AM-C1_SD_PT (Self),FBA75673,AM-C1,Audio Array,Microphone Condenser,USB Microphone Kit - Boomarm,
2026-06-17,B0B4DPX2J2,0.0,SD PT,0,141203437506581,0,0,B0B4DPX2J2,495866250972751,0.0,0,AA_Condenser_AM-C1_SD_PT (Self),FBA75673,AM-C1,Audio Array,Microphone Condenser,USB Microphone Kit - Boomarm,
2026-06-18,B0B4DPX2J2,0.0,SD PT,0,141203437506581,0,0,B0B4DPX2J2,495866250972751,0.0,0,AA_Condenser_AM-C1_SD_PT (Self),FBA75673,AM-C1,Audio Array,Microphone Condenser,USB Microphone Kit - Boomarm,
2026-06-19,B0B4DPX2J2,0.0,SD PT,0,141203437506581,0,0,B0B4DPX2J2,495866250972751,0.0,0,AA_Condenser_AM-C1_SD_PT (Self),FBA75673,AM-C1,Audio Array,Microphone Condenser,USB Microphone Kit - Boomarm,
2026-06-20,B0B4DPX2J2,0.0,SD PT,0,141203437506581,0,0,B0B4DPX2J2,495866250972751,0.0,0,AA_Condenser_AM-C1_SD_PT (Self),FBA75673,AM-C1,Audio Array,Microphone Condenser,USB Microphone Kit - Boomarm,
2026-06-21,B0B4DPX2J2,0.0,SD PT,0,141203437506581,0,0,B0B4DPX2J2,495866250972751,0.0,0,AA_Condenser_AM-C1_SD_PT (Self),FBA75673,AM-C1,Audio Array,Microphone Condenser,USB Microphone Kit - Boomarm,
2026-06-22,B0B4DPX2J2,0.0,SD PT,0,141203437506581,0,0,B0B4DPX2J2,495866250972751,0.0,0,AA_Condenser_AM-C1_SD_PT (Self),FBA75673,AM-C1,Audio Array,Microphone Condenser,USB Microphone Kit - Boomarm,
2026-06-23,B0B4DPX2J2,0.0,SD PT,0,141203437506581,0,0,B0B4DPX2J2,495866250972751,0.0,0,AA_Condenser_AM-C1_SD_PT (Self),FBA75673,AM-C1,Audio Array,Microphone Condenser,USB Microphone Kit - Boomarm,
2026-06-24,B0B4DPX2J2,0.0,SD PT,0,141203437506581,0,0,B0B4DPX2J2,495866250972751,0.0,0,AA_Condenser_AM-C1_SD_PT (Self),FBA75673,AM-C1,Audio Array,Microphone Condenser,USB Microphone Kit - Boomarm,
2026-06-25,B0B4DPX2J2,0.0,SD PT,0,141203437506581,0,0,B0B4DPX2J2,495866250972751,0.0,0,AA_Condenser_AM-C1_SD_PT (Self),FBA75673,AM-C1,Audio Array,Microphone Condenser,USB Microphone Kit - Boomarm,
2026-06-05,B0D3M1B4Z8,0.0,SD PT,0,141203437506581,0,0,B0D3M1B4Z8,495866250972751,0.0,0,AA_Condenser_AM-C1_SD_PT (Self),FBA79380,AM-C46,Audio Array,Microphone Condenser,Condenser Mic with Boom Arm,
2026-06-06,B0D3M1B4Z8,0.0,SD PT,0,141203437506581,0,0,B0D3M1B4Z8,495866250972751,0.0,0,AA_Condenser_AM-C1_SD_PT (Self),FBA79380,AM-C46,Audio Array,Microphone Condenser,Condenser Mic with Boom Arm,
2026-06-07,B0D3M1B4Z8,0.0,SD PT,0,141203437506581,0,0,B0D3M1B4Z8,495866250972751,0.0,0,AA_Condenser_AM-C1_SD_PT (Self),FBA79380,AM-C46,Audio Array,Microphone Condenser,Condenser Mic with Boom Arm,
2026-06-08,B0D3M1B4Z8,0.0,SD PT,0,141203437506581,0,0,B0D3M1B4Z8,495866250972751,0.0,0,AA_Condenser_AM-C1_SD_PT (Self),FBA79380,AM-C46,Audio Array,Microphone Condenser,Condenser Mic with Boom Arm,
2026-06-09,B0D3M1B4Z8,0.0,SD PT,0,141203437506581,0,0,B0D3M1B4Z8,495866250972751,0.0,0,AA_Condenser_AM-C1_SD_PT (Self),FBA79380,AM-C46,Audio Array,Microphone Condenser,Condenser Mic with Boom Arm,
2026-06-10,B0D3M1B4Z8,0.0,SD PT,0,141203437506581,0,0,B0D3M1B4Z8,495866250972751,0.0,0,AA_Condenser_AM-C1_SD_PT (Self),FBA79380,AM-C46,Audio Array,Microphone Condenser,Condenser Mic with Boom Arm,
2026-06-11,B0D3M1B4Z8,0.0,SD PT,0,141203437506581,0,0,B0D3M1B4Z8,495866250972751,0.0,0,AA_Condenser_AM-C1_SD_PT (Self),FBA79380,AM-C46,Audio Array,Microphone Condenser,Condenser Mic with Boom Arm,
2026-06-12,B0D3M1B4Z8,0.0,SD PT,0,141203437506581,0,0,B0D3M1B4Z8,495866250972751,0.0,0,AA_Condenser_AM-C1_SD_PT (Self),FBA79380,AM-C46,Audio Array,Microphone Condenser,Condenser Mic with Boom Arm,
2026-06-13,B0D3M1B4Z8,0.0,SD PT,0,141203437506581,0,0,B0D3M1B4Z8,495866250972751,0.0,0,AA_Condenser_AM-C1_SD_PT (Self),FBA79380,AM-C46,Audio Array,Microphone Condenser,Condenser Mic with Boom Arm,
2026-06-14,B0D3M1B4Z8,0.0,SD PT,0,141203437506581,0,0,B0D3M1B4Z8,495866250972751,0.0,0,AA_Condenser_AM-C1_SD_PT (Self),FBA79380,AM-C46,Audio Array,Microphone Condenser,Condenser Mic with Boom Arm,
2026-06-15,B0D3M1B4Z8,0.0,SD PT,0,141203437506581,0,0,B0D3M1B4Z8,495866250972751,0.0,0,AA_Condenser_AM-C1_SD_PT (Self),FBA79380,AM-C46,Audio Array,Microphone Condenser,Condenser Mic with Boom Arm,
2026-06-16,B0D3M1B4Z8,0.0,SD PT,0,141203437506581,0,0,B0D3M1B4Z8,495866250972751,0.0,0,AA_Condenser_AM-C1_SD_PT (Self),FBA79380,AM-C46,Audio Array,Microphone Condenser,Condenser Mic with Boom Arm,
2026-06-17,B0D3M1B4Z8,0.0,SD PT,0,141203437506581,0,0,B0D3M1B4Z8,495866250972751,0.0,0,AA_Condenser_AM-C1_SD_PT (Self),FBA79380,AM-C46,Audio Array,Microphone Condenser,Condenser Mic with Boom Arm,
2026-06-18,B0D3M1B4Z8,0.0,SD PT,0,141203437506581,0,0,B0D3M1B4Z8,495866250972751,0.0,0,AA_Condenser_AM-C1_SD_PT (Self),FBA79380,AM-C46,Audio Array,Microphone Condenser,Condenser Mic with Boom Arm,
2026-06-19,B0D3M1B4Z8,0.0,SD PT,0,141203437506581,0,0,B0D3M1B4Z8,495866250972751,0.0,0,AA_Condenser_AM-C1_SD_PT (Self),FBA79380,AM-C46,Audio Array,Microphone Condenser,Condenser Mic with Boom Arm,
2026-06-20,B0D3M1B4Z8,0.0,SD PT,0,141203437506581,0,0,B0D3M1B4Z8,495866250972751,0.0,0,AA_Condenser_AM-C1_SD_PT (Self),FBA79380,AM-C46,Audio Array,Microphone Condenser,Condenser Mic with Boom Arm,
2026-06-21,B0D3M1B4Z8,0.0,SD PT,0,141203437506581,0,0,B0D3M1B4Z8,495866250972751,0.0,0,AA_Condenser_AM-C1_SD_PT (Self),FBA79380,AM-C46,Audio Array,Microphone Condenser,Condenser Mic with Boom Arm,
2026-06-22,B0D3M1B4Z8,0.0,SD PT,0,141203437506581,0,0,B0D3M1B4Z8,495866250972751,0.0,0,AA_Condenser_AM-C1_SD_PT (Self),FBA79380,AM-C46,Audio Array,Microphone Condenser,Condenser Mic with Boom Arm,
2026-06-23,B0D3M1B4Z8,0.0,SD PT,0,141203437506581,0,0,B0D3M1B4Z8,495866250972751,0.0,0,AA_Condenser_AM-C1_SD_PT (Self),FBA79380,AM-C46,Audio Array,Microphone Condenser,Condenser Mic with Boom Arm,
2026-06-24,B0D3M1B4Z8,0.0,SD PT,0,141203437506581,0,0,B0D3M1B4Z8,495866250972751,0.0,0,AA_Condenser_AM-C1_SD_PT (Self),FBA79380,AM-C46,Audio Array,Microphone Condenser,Condenser Mic with Boom Arm,
2026-06-25,B0D3M1B4Z8,0.0,SD PT,0,141203437506581,0,0,B0D3M1B4Z8,495866250972751,0.0,0,AA_Condenser_AM-C1_SD_PT (Self),FBA79380,AM-C46,Audio Array,Microphone Condenser,Condenser Mic with Boom Arm,
2026-06-05,B0GN97RFPR,1315.73,Studio Monitor,1,88800319740398,1,209905,FBA79848,351170855286614,5931.36,776,Audio Array-Catch All-SD-CT,FBA79848,AM-S2,Audio Array,Monitor Speakers,Studio Monitor Speaker,
2026-06-06,B0GN97RFPR,1113.68,Studio Monitor,1,88800319740398,1,132124,FBA79848,351170855286614,7033.05,567,Audio Array-Catch All-SD-CT,FBA79848,AM-S2,Audio Array,Monitor Speakers,Studio Monitor Speaker,
2026-06-07,B0GN97RFPR,1204.95,Studio Monitor,0,88800319740398,0,177841,FBA79848,351170855286614,0.0,667,Audio Array-Catch All-SD-CT,FBA79848,AM-S2,Audio Array,Monitor Speakers,Studio Monitor Speaker,
2026-06-08,B0GN97RFPR,1091.96,Studio Monitor,0,88800319740398,0,154969,FBA79848,351170855286614,0.0,590,Audio Array-Catch All-SD-CT,FBA79848,AM-S2,Audio Array,Monitor Speakers,Studio Monitor Speaker,
2026-06-09,B0GN97RFPR,1001.15,Studio Monitor,1,88800319740398,1,134754,FBA79848,351170855286614,5931.36,524,Audio Array-Catch All-SD-CT,FBA79848,AM-S2,Audio Array,Monitor Speakers,Studio Monitor Speaker,
2026-06-10,B0GN97RFPR,937.05,Studio Monitor,1,88800319740398,1,117326,FBA79848,351170855286614,761.86,523,Audio Array-Catch All-SD-CT,FBA79848,AM-S2,Audio Array,Monitor Speakers,Studio Monitor Speaker,
2026-06-11,B0GN97RFPR,1014.21,Studio Monitor,0,88800319740398,0,120029,FBA79848,351170855286614,0.0,443,Audio Array-Catch All-SD-CT,FBA79848,AM-S2,Audio Array,Monitor Speakers,Studio Monitor Speaker,
2026-06-12,B0GN97RFPR,1278.2,Studio Monitor,1,88800319740398,1,227665,FBA79848,351170855286614,1355.08,694,Audio Array-Catch All-SD-CT,FBA79848,AM-S2,Audio Array,Monitor Speakers,Studio Monitor Speaker,
2026-06-13,B0GN97RFPR,1491.91,Studio Monitor,1,88800319740398,1,242081,FBA79848,351170855286614,6355.08,923,Audio Array-Catch All-SD-CT,FBA79848,AM-S2,Audio Array,Monitor Speakers,Studio Monitor Speaker,
2026-06-14,B0GN97RFPR,1019.29,Studio Monitor,1,88800319740398,1,168617,FBA79848,351170855286614,846.61,587,Audio Array-Catch All-SD-CT,FBA79848,AM-S2,Audio Array,Monitor Speakers,Studio Monitor Speaker,
2026-06-15,B0GN97RFPR,1069.11,Studio Monitor,0,88800319740398,0,139497,FBA79848,351170855286614,0.0,531,Audio Array-Catch All-SD-CT,FBA79848,AM-S2,Audio Array,Monitor Speakers,Studio Monitor Speaker,
2026-06-16,B0GN97RFPR,1216.94,Studio Monitor,1,88800319740398,1,130737,FBA79848,351170855286614,6355.08,423,Audio Array-Catch All-SD-CT,FBA79848,AM-S2,Audio Array,Monitor Speakers,Studio Monitor Speaker,
2026-06-17,B0GN97RFPR,1098.61,Studio Monitor,0,88800319740398,0,144691,FBA79848,351170855286614,0.0,542,Audio Array-Catch All-SD-CT,FBA79848,AM-S2,Audio Array,Monitor Speakers,Studio Monitor Speaker,
2026-06-18,B0GN97RFPR,813.76,Studio Monitor,2,88800319740398,2,96904,FBA79848,351170855286614,14196.61,344,Audio Array-Catch All-SD-CT,FBA79848,AM-S2,Audio Array,Monitor Speakers,Studio Monitor Speaker,
2026-06-19,B0GN97RFPR,983.54,Studio Monitor,0,88800319740398,0,117535,FBA79848,351170855286614,0.0,501,Audio Array-Catch All-SD-CT,FBA79848,AM-S2,Audio Array,Monitor Speakers,Studio Monitor Speaker,
2026-06-20,B0GN97RFPR,953.9,Studio Monitor,1,88800319740398,1,132939,FBA79848,351170855286614,6524.58,519,Audio Array-Catch All-SD-CT,FBA79848,AM-S2,Audio Array,Monitor Speakers,Studio Monitor Speaker,
2026-06-21,B0GN97RFPR,912.98,Studio Monitor,2,88800319740398,2,110836,FBA79848,351170855286614,8218.65,431,Audio Array-Catch All-SD-CT,FBA79848,AM-S2,Audio Array,Monitor Speakers,Studio Monitor Speaker,
2026-06-22,B0GN97RFPR,804.71,Studio Monitor,0,88800319740398,0,97794,FBA79848,351170855286614,0.0,466,Audio Array-Catch All-SD-CT,FBA79848,AM-S2,Audio Array,Monitor Speakers,Studio Monitor Speaker,
2026-06-23,B0GN97RFPR,804.63,Studio Monitor,0,88800319740398,0,121916,FBA79848,351170855286614,0.0,500,Audio Array-Catch All-SD-CT,FBA79848,AM-S2,Audio Array,Monitor Speakers,Studio Monitor Speaker,
2026-06-24,B0GN97RFPR,947.11,Studio Monitor,1,88800319740398,1,129937,FBA79848,351170855286614,7626.27,555,Audio Array-Catch All-SD-CT,FBA79848,AM-S2,Audio Array,Monitor Speakers,Studio Monitor Speaker,
2026-06-25,B0GN97RFPR,732.31,Studio Monitor,1,88800319740398,1,158895,FBA79848,351170855286614,6524.58,537,Audio Array-Catch All-SD-CT,FBA79848,AM-S2,Audio Array,Monitor Speakers,Studio Monitor Speaker,
2026-06-05,B0DN6MNS1X,0.0,Dynamic Mic,0,88800319740398,0,0,B0DN6MNS1X,189182706060711,0.0,0,Audio Array-Catch All-SD-CT,FBA79654,AM-C11 Pro,Audio Array,Microphone Dynamic,Microphone Dynamic,
2026-06-06,B0DN6MNS1X,0.0,Dynamic Mic,0,88800319740398,0,0,B0DN6MNS1X,189182706060711,0.0,0,Audio Array-Catch All-SD-CT,FBA79654,AM-C11 Pro,Audio Array,Microphone Dynamic,Microphone Dynamic,
2026-06-07,B0DN6MNS1X,0.0,Dynamic Mic,0,88800319740398,0,0,B0DN6MNS1X,189182706060711,0.0,0,Audio Array-Catch All-SD-CT,FBA79654,AM-C11 Pro,Audio Array,Microphone Dynamic,Microphone Dynamic,
2026-06-08,B0DN6MNS1X,0.0,Dynamic Mic,0,88800319740398,0,0,B0DN6MNS1X,189182706060711,0.0,0,Audio Array-Catch All-SD-CT,FBA79654,AM-C11 Pro,Audio Array,Microphone Dynamic,Microphone Dynamic,
2026-06-09,B0DN6MNS1X,0.0,Dynamic Mic,0,88800319740398,0,0,B0DN6MNS1X,189182706060711,0.0,0,Audio Array-Catch All-SD-CT,FBA79654,AM-C11 Pro,Audio Array,Microphone Dynamic,Microphone Dynamic,
2026-06-10,B0DN6MNS1X,0.0,Dynamic Mic,0,88800319740398,0,0,B0DN6MNS1X,189182706060711,0.0,0,Audio Array-Catch All-SD-CT,FBA79654,AM-C11 Pro,Audio Array,Microphone Dynamic,Microphone Dynamic,
2026-06-11,B0DN6MNS1X,0.0,Dynamic Mic,0,88800319740398,0,0,B0DN6MNS1X,189182706060711,0.0,0,Audio Array-Catch All-SD-CT,FBA79654,AM-C11 Pro,Audio Array,Microphone Dynamic,Microphone Dynamic,
2026-06-12,B0DN6MNS1X,0.0,Dynamic Mic,0,88800319740398,0,0,B0DN6MNS1X,189182706060711,0.0,0,Audio Array-Catch All-SD-CT,FBA79654,AM-C11 Pro,Audio Array,Microphone Dynamic,Microphone Dynamic,
2026-06-13,B0DN6MNS1X,0.0,Dynamic Mic,0,88800319740398,0,0,B0DN6MNS1X,189182706060711,0.0,0,Audio Array-Catch All-SD-CT,FBA79654,AM-C11 Pro,Audio Array,Microphone Dynamic,Microphone Dynamic,
2026-06-14,B0DN6MNS1X,0.0,Dynamic Mic,0,88800319740398,0,0,B0DN6MNS1X,189182706060711,0.0,0,Audio Array-Catch All-SD-CT,FBA79654,AM-C11 Pro,Audio Array,Microphone Dynamic,Microphone Dynamic,
2026-06-15,B0DN6MNS1X,0.0,Dynamic Mic,0,88800319740398,0,0,B0DN6MNS1X,189182706060711,0.0,0,Audio Array-Catch All-SD-CT,FBA79654,AM-C11 Pro,Audio Array,Microphone Dynamic,Microphone Dynamic,
2026-06-16,B0DN6MNS1X,0.0,Dynamic Mic,0,88800319740398,0,0,B0DN6MNS1X,189182706060711,0.0,0,Audio Array-Catch All-SD-CT,FBA79654,AM-C11 Pro,Audio Array,Microphone Dynamic,Microphone Dynamic,
2026-06-17,B0DN6MNS1X,0.0,Dynamic Mic,0,88800319740398,0,0,B0DN6MNS1X,189182706060711,0.0,0,Audio Array-Catch All-SD-CT,FBA79654,AM-C11 Pro,Audio Array,Microphone Dynamic,Microphone Dynamic,
2026-06-18,B0DN6MNS1X,0.0,Dynamic Mic,0,88800319740398,0,0,B0DN6MNS1X,189182706060711,0.0,0,Audio Array-Catch All-SD-CT,FBA79654,AM-C11 Pro,Audio Array,Microphone Dynamic,Microphone Dynamic,
2026-06-19,B0DN6MNS1X,0.0,Dynamic Mic,0,88800319740398,0,0,B0DN6MNS1X,189182706060711,0.0,0,Audio Array-Catch All-SD-CT,FBA79654,AM-C11 Pro,Audio Array,Microphone Dynamic,Microphone Dynamic,
2026-06-20,B0DN6MNS1X,0.0,Dynamic Mic,0,88800319740398,0,0,B0DN6MNS1X,189182706060711,0.0,0,Audio Array-Catch All-SD-CT,FBA79654,AM-C11 Pro,Audio Array,Microphone Dynamic,Microphone Dynamic,
2026-06-21,B0DN6MNS1X,0.0,Dynamic Mic,0,88800319740398,0,0,B0DN6MNS1X,189182706060711,0.0,0,Audio Array-Catch All-SD-CT,FBA79654,AM-C11 Pro,Audio Array,Microphone Dynamic,Microphone Dynamic,
2026-06-22,B0DN6MNS1X,0.0,Dynamic Mic,0,88800319740398,0,0,B0DN6MNS1X,189182706060711,0.0,0,Audio Array-Catch All-SD-CT,FBA79654,AM-C11 Pro,Audio Array,Microphone Dynamic,Microphone Dynamic,
2026-06-23,B0DN6MNS1X,0.0,Dynamic Mic,0,88800319740398,0,0,B0DN6MNS1X,189182706060711,0.0,0,Audio Array-Catch All-SD-CT,FBA79654,AM-C11 Pro,Audio Array,Microphone Dynamic,Microphone Dynamic,
2026-06-24,B0DN6MNS1X,0.0,Dynamic Mic,0,88800319740398,0,0,B0DN6MNS1X,189182706060711,0.0,0,Audio Array-Catch All-SD-CT,FBA79654,AM-C11 Pro,Audio Array,Microphone Dynamic,Microphone Dynamic,
2026-06-25,B0DN6MNS1X,0.0,Dynamic Mic,0,88800319740398,0,0,B0DN6MNS1X,189182706060711,0.0,0,Audio Array-Catch All-SD-CT,FBA79654,AM-C11 Pro,Audio Array,Microphone Dynamic,Microphone Dynamic,
2026-06-05,B0DN6PFWNK,0.0,Dynamic Mic,0,88800319740398,0,0,B0DN6PFWNK,189182706060711,0.0,0,Audio Array-Catch All-SD-CT,FBA79655,AM-C44 Pro,Audio Array,Microphone Dynamic,Microphone Dynamic,
2026-06-06,B0DN6PFWNK,0.0,Dynamic Mic,0,88800319740398,0,0,B0DN6PFWNK,189182706060711,0.0,0,Audio Array-Catch All-SD-CT,FBA79655,AM-C44 Pro,Audio Array,Microphone Dynamic,Microphone Dynamic,
2026-06-07,B0DN6PFWNK,0.0,Dynamic Mic,0,88800319740398,0,0,B0DN6PFWNK,189182706060711,0.0,0,Audio Array-Catch All-SD-CT,FBA79655,AM-C44 Pro,Audio Array,Microphone Dynamic,Microphone Dynamic,
2026-06-08,B0DN6PFWNK,0.0,Dynamic Mic,0,88800319740398,0,0,B0DN6PFWNK,189182706060711,0.0,0,Audio Array-Catch All-SD-CT,FBA79655,AM-C44 Pro,Audio Array,Microphone Dynamic,Microphone Dynamic,
2026-06-09,B0DN6PFWNK,0.0,Dynamic Mic,0,88800319740398,0,0,B0DN6PFWNK,189182706060711,0.0,0,Audio Array-Catch All-SD-CT,FBA79655,AM-C44 Pro,Audio Array,Microphone Dynamic,Microphone Dynamic,
2026-06-10,B0DN6PFWNK,0.0,Dynamic Mic,0,88800319740398,0,0,B0DN6PFWNK,189182706060711,0.0,0,Audio Array-Catch All-SD-CT,FBA79655,AM-C44 Pro,Audio Array,Microphone Dynamic,Microphone Dynamic,
2026-06-11,B0DN6PFWNK,0.0,Dynamic Mic,0,88800319740398,0,0,B0DN6PFWNK,189182706060711,0.0,0,Audio Array-Catch All-SD-CT,FBA79655,AM-C44 Pro,Audio Array,Microphone Dynamic,Microphone Dynamic,
2026-06-12,B0DN6PFWNK,0.0,Dynamic Mic,0,88800319740398,0,0,B0DN6PFWNK,189182706060711,0.0,0,Audio Array-Catch All-SD-CT,FBA79655,AM-C44 Pro,Audio Array,Microphone Dynamic,Microphone Dynamic,
2026-06-13,B0DN6PFWNK,0.0,Dynamic Mic,0,88800319740398,0,0,B0DN6PFWNK,189182706060711,0.0,0,Audio Array-Catch All-SD-CT,FBA79655,AM-C44 Pro,Audio Array,Microphone Dynamic,Microphone Dynamic,
2026-06-14,B0DN6PFWNK,0.0,Dynamic Mic,0,88800319740398,0,0,B0DN6PFWNK,189182706060711,0.0,0,Audio Array-Catch All-SD-CT,FBA79655,AM-C44 Pro,Audio Array,Microphone Dynamic,Microphone Dynamic,
2026-06-15,B0DN6PFWNK,0.0,Dynamic Mic,0,88800319740398,0,0,B0DN6PFWNK,189182706060711,0.0,0,Audio Array-Catch All-SD-CT,FBA79655,AM-C44 Pro,Audio Array,Microphone Dynamic,Microphone Dynamic,
2026-06-16,B0DN6PFWNK,0.0,Dynamic Mic,0,88800319740398,0,0,B0DN6PFWNK,189182706060711,0.0,0,Audio Array-Catch All-SD-CT,FBA79655,AM-C44 Pro,Audio Array,Microphone Dynamic,Microphone Dynamic,
2026-06-17,B0DN6PFWNK,0.0,Dynamic Mic,0,88800319740398,0,0,B0DN6PFWNK,189182706060711,0.0,0,Audio Array-Catch All-SD-CT,FBA79655,AM-C44 Pro,Audio Array,Microphone Dynamic,Microphone Dynamic,
2026-06-18,B0DN6PFWNK,0.0,Dynamic Mic,0,88800319740398,0,0,B0DN6PFWNK,189182706060711,0.0,0,Audio Array-Catch All-SD-CT,FBA79655,AM-C44 Pro,Audio Array,Microphone Dynamic,Microphone Dynamic,
2026-06-19,B0DN6PFWNK,0.0,Dynamic Mic,0,88800319740398,0,0,B0DN6PFWNK,189182706060711,0.0,0,Audio Array-Catch All-SD-CT,FBA79655,AM-C44 Pro,Audio Array,Microphone Dynamic,Microphone Dynamic,
2026-06-20,B0DN6PFWNK,0.0,Dynamic Mic,0,88800319740398,0,0,B0DN6PFWNK,189182706060711,0.0,0,Audio Array-Catch All-SD-CT,FBA79655,AM-C44 Pro,Audio Array,Microphone Dynamic,Microphone Dynamic,
2026-06-21,B0DN6PFWNK,0.0,Dynamic Mic,0,88800319740398,0,0,B0DN6PFWNK,189182706060711,0.0,0,Audio Array-Catch All-SD-CT,FBA79655,AM-C44 Pro,Audio Array,Microphone Dynamic,Microphone Dynamic,
2026-06-22,B0DN6PFWNK,0.0,Dynamic Mic,0,88800319740398,0,0,B0DN6PFWNK,189182706060711,0.0,0,Audio Array-Catch All-SD-CT,FBA79655,AM-C44 Pro,Audio Array,Microphone Dynamic,Microphone Dynamic,
2026-06-23,B0DN6PFWNK,0.0,Dynamic Mic,0,88800319740398,0,0,B0DN6PFWNK,189182706060711,0.0,0,Audio Array-Catch All-SD-CT,FBA79655,AM-C44 Pro,Audio Array,Microphone Dynamic,Microphone Dynamic,
2026-06-24,B0DN6PFWNK,0.0,Dynamic Mic,0,88800319740398,0,0,B0DN6PFWNK,189182706060711,0.0,0,Audio Array-Catch All-SD-CT,FBA79655,AM-C44 Pro,Audio Array,Microphone Dynamic,Microphone Dynamic,
2026-06-25,B0DN6PFWNK,0.0,Dynamic Mic,0,88800319740398,0,0,B0DN6PFWNK,189182706060711,0.0,0,Audio Array-Catch All-SD-CT,FBA79655,AM-C44 Pro,Audio Array,Microphone Dynamic,Microphone Dynamic,
2026-06-05,B0GW8Z556N,0.0,Handheld Dynamic,0,88800319740398,0,0,FBM79996,92137177023119,0.0,0,Audio Array-Catch All-SD-CT,FBA79996,AM-C49,Audio Array,Microphone Dynamic,Vocal Microphone,
2026-06-06,B0GW8Z556N,0.0,Handheld Dynamic,0,88800319740398,0,0,FBM79996,92137177023119,0.0,0,Audio Array-Catch All-SD-CT,FBA79996,AM-C49,Audio Array,Microphone Dynamic,Vocal Microphone,
2026-06-07,B0GW8Z556N,0.0,Handheld Dynamic,0,88800319740398,0,0,FBM79996,92137177023119,0.0,0,Audio Array-Catch All-SD-CT,FBA79996,AM-C49,Audio Array,Microphone Dynamic,Vocal Microphone,
2026-06-08,B0GW8Z556N,0.0,Handheld Dynamic,0,88800319740398,0,0,FBM79996,92137177023119,0.0,0,Audio Array-Catch All-SD-CT,FBA79996,AM-C49,Audio Array,Microphone Dynamic,Vocal Microphone,
2026-06-09,B0GW8Z556N,0.0,Handheld Dynamic,0,88800319740398,0,0,FBM79996,92137177023119,0.0,0,Audio Array-Catch All-SD-CT,FBA79996,AM-C49,Audio Array,Microphone Dynamic,Vocal Microphone,
2026-06-10,B0GW8Z556N,0.0,Handheld Dynamic,0,88800319740398,0,0,FBM79996,92137177023119,0.0,0,Audio Array-Catch All-SD-CT,FBA79996,AM-C49,Audio Array,Microphone Dynamic,Vocal Microphone,
2026-06-11,B0GW8Z556N,0.0,Handheld Dynamic,0,88800319740398,0,0,FBM79996,92137177023119,0.0,0,Audio Array-Catch All-SD-CT,FBA79996,AM-C49,Audio Array,Microphone Dynamic,Vocal Microphone,
2026-06-12,B0GW8Z556N,0.0,Handheld Dynamic,0,88800319740398,0,0,FBM79996,92137177023119,0.0,0,Audio Array-Catch All-SD-CT,FBA79996,AM-C49,Audio Array,Microphone Dynamic,Vocal Microphone,
2026-06-13,B0GW8Z556N,0.0,Handheld Dynamic,0,88800319740398,0,0,FBM79996,92137177023119,0.0,0,Audio Array-Catch All-SD-CT,FBA79996,AM-C49,Audio Array,Microphone Dynamic,Vocal Microphone,
2026-06-14,B0GW8Z556N,0.0,Handheld Dynamic,0,88800319740398,0,0,FBM79996,92137177023119,0.0,0,Audio Array-Catch All-SD-CT,FBA79996,AM-C49,Audio Array,Microphone Dynamic,Vocal Microphone,
2026-06-15,B0GW8Z556N,0.0,Handheld Dynamic,0,88800319740398,0,0,FBM79996,92137177023119,0.0,0,Audio Array-Catch All-SD-CT,FBA79996,AM-C49,Audio Array,Microphone Dynamic,Vocal Microphone,
2026-06-16,B0GW8Z556N,0.0,Handheld Dynamic,0,88800319740398,0,0,FBM79996,92137177023119,0.0,0,Audio Array-Catch All-SD-CT,FBA79996,AM-C49,Audio Array,Microphone Dynamic,Vocal Microphone,
2026-06-17,B0GW8Z556N,0.0,Handheld Dynamic,0,88800319740398,0,0,FBM79996,92137177023119,0.0,0,Audio Array-Catch All-SD-CT,FBA79996,AM-C49,Audio Array,Microphone Dynamic,Vocal Microphone,
2026-06-18,B0GW8Z556N,0.0,Handheld Dynamic,0,88800319740398,0,0,FBM79996,92137177023119,0.0,0,Audio Array-Catch All-SD-CT,FBA79996,AM-C49,Audio Array,Microphone Dynamic,Vocal Microphone,
2026-06-19,B0GW8Z556N,0.0,Handheld Dynamic,0,88800319740398,0,0,FBM79996,92137177023119,0.0,0,Audio Array-Catch All-SD-CT,FBA79996,AM-C49,Audio Array,Microphone Dynamic,Vocal Microphone,
2026-06-20,B0GW8Z556N,0.0,Handheld Dynamic,0,88800319740398,0,0,FBM79996,92137177023119,0.0,0,Audio Array-Catch All-SD-CT,FBA79996,AM-C49,Audio Array,Microphone Dynamic,Vocal Microphone,
2026-06-21,B0GW8Z556N,0.0,Handheld Dynamic,0,88800319740398,0,0,FBM79996,92137177023119,0.0,0,Audio Array-Catch All-SD-CT,FBA79996,AM-C49,Audio Array,Microphone Dynamic,Vocal Microphone,
2026-06-22,B0GW8Z556N,0.0,Handheld Dynamic,0,88800319740398,0,0,FBM79996,92137177023119,0.0,0,Audio Array-Catch All-SD-CT,FBA79996,AM-C49,Audio Array,Microphone Dynamic,Vocal Microphone,
2026-06-23,B0GW8Z556N,0.0,Handheld Dynamic,0,88800319740398,0,0,FBM79996,92137177023119,0.0,0,Audio Array-Catch All-SD-CT,FBA79996,AM-C49,Audio Array,Microphone Dynamic,Vocal Microphone,
2026-06-24,B0GW8Z556N,0.0,Handheld Dynamic,0,88800319740398,0,0,FBM79996,92137177023119,0.0,0,Audio Array-Catch All-SD-CT,FBA79996,AM-C49,Audio Array,Microphone Dynamic,Vocal Microphone,
2026-06-25,B0GW8Z556N,0.0,Handheld Dynamic,0,88800319740398,0,0,FBM79996,92137177023119,0.0,0,Audio Array-Catch All-SD-CT,FBA79996,AM-C49,Audio Array,Microphone Dynamic,Vocal Microphone,
2026-06-05,B0GW8VBCBL,0.0,Handheld Dynamic,0,88800319740398,0,0,FBM79995,92137177023119,0.0,0,Audio Array-Catch All-SD-CT,FBA79995,AM-C50,Audio Array,Microphone Dynamic,Vocal Microphone,
2026-06-06,B0GW8VBCBL,0.0,Handheld Dynamic,0,88800319740398,0,0,FBM79995,92137177023119,0.0,0,Audio Array-Catch All-SD-CT,FBA79995,AM-C50,Audio Array,Microphone Dynamic,Vocal Microphone,
2026-06-07,B0GW8VBCBL,0.0,Handheld Dynamic,0,88800319740398,0,0,FBM79995,92137177023119,0.0,0,Audio Array-Catch All-SD-CT,FBA79995,AM-C50,Audio Array,Microphone Dynamic,Vocal Microphone,
2026-06-08,B0GW8VBCBL,0.0,Handheld Dynamic,0,88800319740398,0,0,FBM79995,92137177023119,0.0,0,Audio Array-Catch All-SD-CT,FBA79995,AM-C50,Audio Array,Microphone Dynamic,Vocal Microphone,
2026-06-09,B0GW8VBCBL,0.0,Handheld Dynamic,0,88800319740398,0,0,FBM79995,92137177023119,0.0,0,Audio Array-Catch All-SD-CT,FBA79995,AM-C50,Audio Array,Microphone Dynamic,Vocal Microphone,
2026-06-10,B0GW8VBCBL,0.0,Handheld Dynamic,0,88800319740398,0,0,FBM79995,92137177023119,0.0,0,Audio Array-Catch All-SD-CT,FBA79995,AM-C50,Audio Array,Microphone Dynamic,Vocal Microphone,
2026-06-11,B0GW8VBCBL,0.0,Handheld Dynamic,0,88800319740398,0,0,FBM79995,92137177023119,0.0,0,Audio Array-Catch All-SD-CT,FBA79995,AM-C50,Audio Array,Microphone Dynamic,Vocal Microphone,
2026-06-12,B0GW8VBCBL,0.0,Handheld Dynamic,0,88800319740398,0,0,FBM79995,92137177023119,0.0,0,Audio Array-Catch All-SD-CT,FBA79995,AM-C50,Audio Array,Microphone Dynamic,Vocal Microphone,
2026-06-13,B0GW8VBCBL,0.0,Handheld Dynamic,0,88800319740398,0,0,FBM79995,92137177023119,0.0,0,Audio Array-Catch All-SD-CT,FBA79995,AM-C50,Audio Array,Microphone Dynamic,Vocal Microphone,
2026-06-14,B0GW8VBCBL,0.0,Handheld Dynamic,0,88800319740398,0,0,FBM79995,92137177023119,0.0,0,Audio Array-Catch All-SD-CT,FBA79995,AM-C50,Audio Array,Microphone Dynamic,Vocal Microphone,
2026-06-15,B0GW8VBCBL,0.0,Handheld Dynamic,0,88800319740398,0,0,FBM79995,92137177023119,0.0,0,Audio Array-Catch All-SD-CT,FBA79995,AM-C50,Audio Array,Microphone Dynamic,Vocal Microphone,
2026-06-16,B0GW8VBCBL,0.0,Handheld Dynamic,0,88800319740398,0,0,FBM79995,92137177023119,0.0,0,Audio Array-Catch All-SD-CT,FBA79995,AM-C50,Audio Array,Microphone Dynamic,Vocal Microphone,
2026-06-17,B0GW8VBCBL,0.0,Handheld Dynamic,0,88800319740398,0,0,FBM79995,92137177023119,0.0,0,Audio Array-Catch All-SD-CT,FBA79995,AM-C50,Audio Array,Microphone Dynamic,Vocal Microphone,
2026-06-18,B0GW8VBCBL,0.0,Handheld Dynamic,0,88800319740398,0,0,FBM79995,92137177023119,0.0,0,Audio Array-Catch All-SD-CT,FBA79995,AM-C50,Audio Array,Microphone Dynamic,Vocal Microphone,
2026-06-19,B0GW8VBCBL,0.0,Handheld Dynamic,0,88800319740398,0,0,FBM79995,92137177023119,0.0,0,Audio Array-Catch All-SD-CT,FBA79995,AM-C50,Audio Array,Microphone Dynamic,Vocal Microphone,
2026-06-20,B0GW8VBCBL,0.0,Handheld Dynamic,0,88800319740398,0,0,FBM79995,92137177023119,0.0,0,Audio Array-Catch All-SD-CT,FBA79995,AM-C50,Audio Array,Microphone Dynamic,Vocal Microphone,
2026-06-21,B0GW8VBCBL,0.0,Handheld Dynamic,0,88800319740398,0,0,FBM79995,92137177023119,0.0,0,Audio Array-Catch All-SD-CT,FBA79995,AM-C50,Audio Array,Microphone Dynamic,Vocal Microphone,
2026-06-22,B0GW8VBCBL,0.0,Handheld Dynamic,0,88800319740398,0,0,FBM79995,92137177023119,0.0,0,Audio Array-Catch All-SD-CT,FBA79995,AM-C50,Audio Array,Microphone Dynamic,Vocal Microphone,
2026-06-23,B0GW8VBCBL,0.0,Handheld Dynamic,0,88800319740398,0,0,FBM79995,92137177023119,0.0,0,Audio Array-Catch All-SD-CT,FBA79995,AM-C50,Audio Array,Microphone Dynamic,Vocal Microphone,
2026-06-24,B0GW8VBCBL,0.0,Handheld Dynamic,0,88800319740398,0,0,FBM79995,92137177023119,0.0,0,Audio Array-Catch All-SD-CT,FBA79995,AM-C50,Audio Array,Microphone Dynamic,Vocal Microphone,
2026-06-25,B0GW8VBCBL,0.0,Handheld Dynamic,0,88800319740398,0,0,FBM79995,92137177023119,0.0,0,Audio Array-Catch All-SD-CT,FBA79995,AM-C50,Audio Array,Microphone Dynamic,Vocal Microphone,
2026-06-05,B0GW8R2RYM,0.0,Handheld Dynamic,0,88800319740398,0,0,FBM80009,92137177023119,0.0,0,Audio Array-Catch All-SD-CT,FBA80009,AM-C51,Audio Array,Microphone Dynamic,Vocal Microphone,
2026-06-06,B0GW8R2RYM,0.0,Handheld Dynamic,0,88800319740398,0,0,FBM80009,92137177023119,0.0,0,Audio Array-Catch All-SD-CT,FBA80009,AM-C51,Audio Array,Microphone Dynamic,Vocal Microphone,
2026-06-07,B0GW8R2RYM,0.0,Handheld Dynamic,0,88800319740398,0,0,FBM80009,92137177023119,0.0,0,Audio Array-Catch All-SD-CT,FBA80009,AM-C51,Audio Array,Microphone Dynamic,Vocal Microphone,
2026-06-08,B0GW8R2RYM,0.0,Handheld Dynamic,0,88800319740398,0,0,FBM80009,92137177023119,0.0,0,Audio Array-Catch All-SD-CT,FBA80009,AM-C51,Audio Array,Microphone Dynamic,Vocal Microphone,
2026-06-09,B0GW8R2RYM,0.0,Handheld Dynamic,0,88800319740398,0,0,FBM80009,92137177023119,0.0,0,Audio Array-Catch All-SD-CT,FBA80009,AM-C51,Audio Array,Microphone Dynamic,Vocal Microphone,
2026-06-10,B0GW8R2RYM,0.0,Handheld Dynamic,0,88800319740398,0,0,FBM80009,92137177023119,0.0,0,Audio Array-Catch All-SD-CT,FBA80009,AM-C51,Audio Array,Microphone Dynamic,Vocal Microphone,
2026-06-11,B0GW8R2RYM,0.0,Handheld Dynamic,0,88800319740398,0,0,FBM80009,92137177023119,0.0,0,Audio Array-Catch All-SD-CT,FBA80009,AM-C51,Audio Array,Microphone Dynamic,Vocal Microphone,
2026-06-12,B0GW8R2RYM,0.0,Handheld Dynamic,0,88800319740398,0,0,FBM80009,92137177023119,0.0,0,Audio Array-Catch All-SD-CT,FBA80009,AM-C51,Audio Array,Microphone Dynamic,Vocal Microphone,
2026-06-13,B0GW8R2RYM,0.0,Handheld Dynamic,0,88800319740398,0,0,FBM80009,92137177023119,0.0,0,Audio Array-Catch All-SD-CT,FBA80009,AM-C51,Audio Array,Microphone Dynamic,Vocal Microphone,
2026-06-14,B0GW8R2RYM,0.0,Handheld Dynamic,0,88800319740398,0,0,FBM80009,92137177023119,0.0,0,Audio Array-Catch All-SD-CT,FBA80009,AM-C51,Audio Array,Microphone Dynamic,Vocal Microphone,
2026-06-15,B0GW8R2RYM,0.0,Handheld Dynamic,0,88800319740398,0,0,FBM80009,92137177023119,0.0,0,Audio Array-Catch All-SD-CT,FBA80009,AM-C51,Audio Array,Microphone Dynamic,Vocal Microphone,
2026-06-16,B0GW8R2RYM,0.0,Handheld Dynamic,0,88800319740398,0,0,FBM80009,92137177023119,0.0,0,Audio Array-Catch All-SD-CT,FBA80009,AM-C51,Audio Array,Microphone Dynamic,Vocal Microphone,
2026-06-17,B0GW8R2RYM,0.0,Handheld Dynamic,0,88800319740398,0,0,FBM80009,92137177023119,0.0,0,Audio Array-Catch All-SD-CT,FBA80009,AM-C51,Audio Array,Microphone Dynamic,Vocal Microphone,
2026-06-18,B0GW8R2RYM,0.0,Handheld Dynamic,0,88800319740398,0,0,FBM80009,92137177023119,0.0,0,Audio Array-Catch All-SD-CT,FBA80009,AM-C51,Audio Array,Microphone Dynamic,Vocal Microphone,
2026-06-19,B0GW8R2RYM,0.0,Handheld Dynamic,0,88800319740398,0,0,FBM80009,92137177023119,0.0,0,Audio Array-Catch All-SD-CT,FBA80009,AM-C51,Audio Array,Microphone Dynamic,Vocal Microphone,
2026-06-20,B0GW8R2RYM,0.0,Handheld Dynamic,0,88800319740398,0,0,FBM80009,92137177023119,0.0,0,Audio Array-Catch All-SD-CT,FBA80009,AM-C51,Audio Array,Microphone Dynamic,Vocal Microphone,
2026-06-21,B0GW8R2RYM,0.0,Handheld Dynamic,0,88800319740398,0,0,FBM80009,92137177023119,0.0,0,Audio Array-Catch All-SD-CT,FBA80009,AM-C51,Audio Array,Microphone Dynamic,Vocal Microphone,
2026-06-22,B0GW8R2RYM,0.0,Handheld Dynamic,0,88800319740398,0,0,FBM80009,92137177023119,0.0,0,Audio Array-Catch All-SD-CT,FBA80009,AM-C51,Audio Array,Microphone Dynamic,Vocal Microphone,
2026-06-23,B0GW8R2RYM,0.0,Handheld Dynamic,0,88800319740398,0,0,FBM80009,92137177023119,0.0,0,Audio Array-Catch All-SD-CT,FBA80009,AM-C51,Audio Array,Microphone Dynamic,Vocal Microphone,
2026-06-24,B0GW8R2RYM,0.0,Handheld Dynamic,0,88800319740398,0,0,FBM80009,92137177023119,0.0,0,Audio Array-Catch All-SD-CT,FBA80009,AM-C51,Audio Array,Microphone Dynamic,Vocal Microphone,
2026-06-25,B0GW8R2RYM,0.0,Handheld Dynamic,0,88800319740398,0,0,FBM80009,92137177023119,0.0,0,Audio Array-Catch All-SD-CT,FBA80009,AM-C51,Audio Array,Microphone Dynamic,Vocal Microphone,
2026-06-05,B0GW8ZQRFK,0.0,Handheld Dynamic,0,88800319740398,0,0,B0GW8ZQRFK,92137177023119,0.0,0,Audio Array-Catch All-SD-CT,FBA80010,AM-C52,Audio Array,Microphone Dynamic,Vocal Microphone,
2026-06-06,B0GW8ZQRFK,0.0,Handheld Dynamic,0,88800319740398,0,0,B0GW8ZQRFK,92137177023119,0.0,0,Audio Array-Catch All-SD-CT,FBA80010,AM-C52,Audio Array,Microphone Dynamic,Vocal Microphone,
2026-06-07,B0GW8ZQRFK,0.0,Handheld Dynamic,0,88800319740398,0,0,B0GW8ZQRFK,92137177023119,0.0,0,Audio Array-Catch All-SD-CT,FBA80010,AM-C52,Audio Array,Microphone Dynamic,Vocal Microphone,
2026-06-08,B0GW8ZQRFK,0.0,Handheld Dynamic,0,88800319740398,0,0,B0GW8ZQRFK,92137177023119,0.0,0,Audio Array-Catch All-SD-CT,FBA80010,AM-C52,Audio Array,Microphone Dynamic,Vocal Microphone,
2026-06-09,B0GW8ZQRFK,0.0,Handheld Dynamic,0,88800319740398,0,0,B0GW8ZQRFK,92137177023119,0.0,0,Audio Array-Catch All-SD-CT,FBA80010,AM-C52,Audio Array,Microphone Dynamic,Vocal Microphone,
2026-06-10,B0GW8ZQRFK,0.0,Handheld Dynamic,0,88800319740398,0,0,B0GW8ZQRFK,92137177023119,0.0,0,Audio Array-Catch All-SD-CT,FBA80010,AM-C52,Audio Array,Microphone Dynamic,Vocal Microphone,
2026-06-11,B0GW8ZQRFK,0.0,Handheld Dynamic,0,88800319740398,0,0,B0GW8ZQRFK,92137177023119,0.0,0,Audio Array-Catch All-SD-CT,FBA80010,AM-C52,Audio Array,Microphone Dynamic,Vocal Microphone,
2026-06-12,B0GW8ZQRFK,0.0,Handheld Dynamic,0,88800319740398,0,0,B0GW8ZQRFK,92137177023119,0.0,0,Audio Array-Catch All-SD-CT,FBA80010,AM-C52,Audio Array,Microphone Dynamic,Vocal Microphone,
2026-06-13,B0GW8ZQRFK,0.0,Handheld Dynamic,0,88800319740398,0,0,B0GW8ZQRFK,92137177023119,0.0,0,Audio Array-Catch All-SD-CT,FBA80010,AM-C52,Audio Array,Microphone Dynamic,Vocal Microphone,
2026-06-14,B0GW8ZQRFK,0.0,Handheld Dynamic,0,88800319740398,0,0,B0GW8ZQRFK,92137177023119,0.0,0,Audio Array-Catch All-SD-CT,FBA80010,AM-C52,Audio Array,Microphone Dynamic,Vocal Microphone,
2026-06-15,B0GW8ZQRFK,0.0,Handheld Dynamic,0,88800319740398,0,0,B0GW8ZQRFK,92137177023119,0.0,0,Audio Array-Catch All-SD-CT,FBA80010,AM-C52,Audio Array,Microphone Dynamic,Vocal Microphone,
2026-06-16,B0GW8ZQRFK,0.0,Handheld Dynamic,0,88800319740398,0,0,B0GW8ZQRFK,92137177023119,0.0,0,Audio Array-Catch All-SD-CT,FBA80010,AM-C52,Audio Array,Microphone Dynamic,Vocal Microphone,
2026-06-17,B0GW8ZQRFK,0.0,Handheld Dynamic,0,88800319740398,0,0,B0GW8ZQRFK,92137177023119,0.0,0,Audio Array-Catch All-SD-CT,FBA80010,AM-C52,Audio Array,Microphone Dynamic,Vocal Microphone,
2026-06-18,B0GW8ZQRFK,0.0,Handheld Dynamic,0,88800319740398,0,0,B0GW8ZQRFK,92137177023119,0.0,0,Audio Array-Catch All-SD-CT,FBA80010,AM-C52,Audio Array,Microphone Dynamic,Vocal Microphone,
2026-06-19,B0GW8ZQRFK,0.0,Handheld Dynamic,0,88800319740398,0,0,B0GW8ZQRFK,92137177023119,0.0,0,Audio Array-Catch All-SD-CT,FBA80010,AM-C52,Audio Array,Microphone Dynamic,Vocal Microphone,
2026-06-20,B0GW8ZQRFK,0.0,Handheld Dynamic,0,88800319740398,0,0,B0GW8ZQRFK,92137177023119,0.0,0,Audio Array-Catch All-SD-CT,FBA80010,AM-C52,Audio Array,Microphone Dynamic,Vocal Microphone,
2026-06-21,B0GW8ZQRFK,0.0,Handheld Dynamic,0,88800319740398,0,0,B0GW8ZQRFK,92137177023119,0.0,0,Audio Array-Catch All-SD-CT,FBA80010,AM-C52,Audio Array,Microphone Dynamic,Vocal Microphone,
2026-06-22,B0GW8ZQRFK,0.0,Handheld Dynamic,0,88800319740398,0,0,B0GW8ZQRFK,92137177023119,0.0,0,Audio Array-Catch All-SD-CT,FBA80010,AM-C52,Audio Array,Microphone Dynamic,Vocal Microphone,
2026-06-23,B0GW8ZQRFK,0.0,Handheld Dynamic,0,88800319740398,0,0,B0GW8ZQRFK,92137177023119,0.0,0,Audio Array-Catch All-SD-CT,FBA80010,AM-C52,Audio Array,Microphone Dynamic,Vocal Microphone,
2026-06-24,B0GW8ZQRFK,0.0,Handheld Dynamic,0,88800319740398,0,0,B0GW8ZQRFK,92137177023119,0.0,0,Audio Array-Catch All-SD-CT,FBA80010,AM-C52,Audio Array,Microphone Dynamic,Vocal Microphone,
2026-06-25,B0GW8ZQRFK,0.0,Handheld Dynamic,0,88800319740398,0,0,B0GW8ZQRFK,92137177023119,0.0,0,Audio Array-Catch All-SD-CT,FBA80010,AM-C52,Audio Array,Microphone Dynamic,Vocal Microphone,
2026-06-05,B0G53H49BS,746.39,Mixer,1,88800319740398,1,33404,B0G53H49BS,357270359239140,6665.71,124,Audio Array-Catch All-SD-CT,FBA79961,AI-13,Audio Array,Audio Mixer,4 channels Mixer,
2026-06-06,B0G53H49BS,690.65,Mixer,1,88800319740398,1,27773,B0G53H49BS,357270359239140,2329.66,125,Audio Array-Catch All-SD-CT,FBA79961,AI-13,Audio Array,Audio Mixer,4 channels Mixer,
2026-06-07,B0G53H49BS,496.95,Mixer,0,88800319740398,0,24748,B0G53H49BS,357270359239140,0.0,90,Audio Array-Catch All-SD-CT,FBA79961,AI-13,Audio Array,Audio Mixer,4 channels Mixer,
2026-06-08,B0G53H49BS,602.75,Mixer,0,88800319740398,0,23158,B0G53H49BS,357270359239140,0.0,94,Audio Array-Catch All-SD-CT,FBA79961,AI-13,Audio Array,Audio Mixer,4 channels Mixer,
2026-06-09,B0G53H49BS,390.21,Mixer,0,88800319740398,0,19420,B0G53H49BS,357270359239140,0.0,76,Audio Array-Catch All-SD-CT,FBA79961,AI-13,Audio Array,Audio Mixer,4 channels Mixer,
2026-06-10,B0G53H49BS,594.02,Mixer,0,88800319740398,0,28169,B0G53H49BS,357270359239140,0.0,116,Audio Array-Catch All-SD-CT,FBA79961,AI-13,Audio Array,Audio Mixer,4 channels Mixer,
2026-06-11,B0G53H49BS,600.72,Mixer,1,88800319740398,1,23202,B0G53H49BS,357270359239140,2329.66,116,Audio Array-Catch All-SD-CT,FBA79961,AI-13,Audio Array,Audio Mixer,4 channels Mixer,
2026-06-12,B0G53H49BS,622.22,Mixer,0,88800319740398,0,21673,B0G53H49BS,357270359239140,0.0,88,Audio Array-Catch All-SD-CT,FBA79961,AI-13,Audio Array,Audio Mixer,4 channels Mixer,
2026-06-13,B0G53H49BS,330.75,Mixer,0,88800319740398,0,17103,B0G53H49BS,357270359239140,0.0,79,Audio Array-Catch All-SD-CT,FBA79961,AI-13,Audio Array,Audio Mixer,4 channels Mixer,
2026-06-14,B0G53H49BS,555.36,Mixer,2,88800319740398,2,17139,B0G53H49BS,357270359239140,3642.37,85,Audio Array-Catch All-SD-CT,FBA79961,AI-13,Audio Array,Audio Mixer,4 channels Mixer,
2026-06-15,B0G53H49BS,597.43,Mixer,2,88800319740398,2,23642,B0G53H49BS,357270359239140,4676.27,89,Audio Array-Catch All-SD-CT,FBA79961,AI-13,Audio Array,Audio Mixer,4 channels Mixer,
2026-06-16,B0G53H49BS,766.63,Mixer,2,88800319740398,2,20259,B0G53H49BS,357270359239140,4659.31,79,Audio Array-Catch All-SD-CT,FBA79961,AI-13,Audio Array,Audio Mixer,4 channels Mixer,
2026-06-17,B0G53H49BS,653.54,Mixer,0,88800319740398,0,20140,B0G53H49BS,357270359239140,0.0,103,Audio Array-Catch All-SD-CT,FBA79961,AI-13,Audio Array,Audio Mixer,4 channels Mixer,
2026-06-18,B0G53H49BS,520.03,Mixer,2,88800319740398,2,21176,B0G53H49BS,357270359239140,4659.32,97,Audio Array-Catch All-SD-CT,FBA79961,AI-13,Audio Array,Audio Mixer,4 channels Mixer,
2026-06-19,B0G53H49BS,453.21,Mixer,0,88800319740398,0,22617,B0G53H49BS,357270359239140,0.0,80,Audio Array-Catch All-SD-CT,FBA79961,AI-13,Audio Array,Audio Mixer,4 channels Mixer,
2026-06-20,B0G53H49BS,467.32,Mixer,1,88800319740398,1,23430,B0G53H49BS,357270359239140,2329.66,98,Audio Array-Catch All-SD-CT,FBA79961,AI-13,Audio Array,Audio Mixer,4 channels Mixer,
2026-06-21,B0G53H49BS,826.21,Mixer,0,88800319740398,0,31058,B0G53H49BS,357270359239140,0.0,121,Audio Array-Catch All-SD-CT,FBA79961,AI-13,Audio Array,Audio Mixer,4 channels Mixer,
2026-06-22,B0G53H49BS,972.77,Mixer,2,88800319740398,2,38715,B0G53H49BS,357270359239140,4701.69,168,Audio Array-Catch All-SD-CT,FBA79961,AI-13,Audio Array,Audio Mixer,4 channels Mixer,
2026-06-23,B0G53H49BS,897.69,Mixer,1,88800319740398,1,40931,B0G53H49BS,357270359239140,2372.03,159,Audio Array-Catch All-SD-CT,FBA79961,AI-13,Audio Array,Audio Mixer,4 channels Mixer,
2026-06-24,B0G53H49BS,687.34,Mixer,0,88800319740398,0,26475,B0G53H49BS,357270359239140,0.0,117,Audio Array-Catch All-SD-CT,FBA79961,AI-13,Audio Array,Audio Mixer,4 channels Mixer,
2026-06-25,B0G53H49BS,757.97,Mixer,0,88800319740398,0,32203,B0G53H49BS,357270359239140,0.0,141,Audio Array-Catch All-SD-CT,FBA79961,AI-13,Audio Array,Audio Mixer,4 channels Mixer,
2026-06-05,B0G53M9258,0.0,Mixer,0,88800319740398,0,0,B0G53M9258,357270359239140,0.0,0,Audio Array-Catch All-SD-CT,FBA79968,AI-14,Audio Array,Audio Mixer,8 channels Mixer,
2026-06-06,B0G53M9258,0.0,Mixer,0,88800319740398,0,0,B0G53M9258,357270359239140,0.0,0,Audio Array-Catch All-SD-CT,FBA79968,AI-14,Audio Array,Audio Mixer,8 channels Mixer,
2026-06-07,B0G53M9258,0.0,Mixer,0,88800319740398,0,0,B0G53M9258,357270359239140,0.0,0,Audio Array-Catch All-SD-CT,FBA79968,AI-14,Audio Array,Audio Mixer,8 channels Mixer,
2026-06-08,B0G53M9258,0.0,Mixer,0,88800319740398,0,0,B0G53M9258,357270359239140,0.0,0,Audio Array-Catch All-SD-CT,FBA79968,AI-14,Audio Array,Audio Mixer,8 channels Mixer,
2026-06-09,B0G53M9258,0.0,Mixer,0,88800319740398,0,0,B0G53M9258,357270359239140,0.0,0,Audio Array-Catch All-SD-CT,FBA79968,AI-14,Audio Array,Audio Mixer,8 channels Mixer,
2026-06-10,B0G53M9258,161.35,Mixer,1,88800319740398,2,10760,B0G53M9258,357270359239140,10506.78,67,Audio Array-Catch All-SD-CT,FBA79968,AI-14,Audio Array,Audio Mixer,8 channels Mixer,
2026-06-11,B0G53M9258,173.71,Mixer,2,88800319740398,2,9533,B0G53M9258,357270359239140,6862.71,46,Audio Array-Catch All-SD-CT,FBA79968,AI-14,Audio Array,Audio Mixer,8 channels Mixer,
2026-06-12,B0G53M9258,214.25,Mixer,0,88800319740398,0,10321,B0G53M9258,357270359239140,0.0,58,Audio Array-Catch All-SD-CT,FBA79968,AI-14,Audio Array,Audio Mixer,8 channels Mixer,
2026-06-13,B0G53M9258,247.62,Mixer,1,88800319740398,1,16641,B0G53M9258,357270359239140,2329.66,74,Audio Array-Catch All-SD-CT,FBA79968,AI-14,Audio Array,Audio Mixer,8 channels Mixer,
2026-06-14,B0G53M9258,309.54,Mixer,1,88800319740398,1,11863,B0G53M9258,357270359239140,5507.63,57,Audio Array-Catch All-SD-CT,FBA79968,AI-14,Audio Array,Audio Mixer,8 channels Mixer,
2026-06-15,B0G53M9258,185.18,Mixer,1,88800319740398,1,10915,B0G53M9258,357270359239140,7033.05,45,Audio Array-Catch All-SD-CT,FBA79968,AI-14,Audio Array,Audio Mixer,8 channels Mixer,
2026-06-16,B0G53M9258,257.73,Mixer,1,88800319740398,1,8593,B0G53M9258,357270359239140,1312.71,44,Audio Array-Catch All-SD-CT,FBA79968,AI-14,Audio Array,Audio Mixer,8 channels Mixer,
2026-06-17,B0G53M9258,177.96,Mixer,0,88800319740398,0,8850,B0G53M9258,357270359239140,0.0,36,Audio Array-Catch All-SD-CT,FBA79968,AI-14,Audio Array,Audio Mixer,8 channels Mixer,
2026-06-18,B0G53M9258,178.44,Mixer,1,88800319740398,1,9208,B0G53M9258,357270359239140,0.0,51,Audio Array-Catch All-SD-CT,FBA79968,AI-14,Audio Array,Audio Mixer,8 channels Mixer,
2026-06-19,B0G53M9258,138.07,Mixer,0,88800319740398,0,8142,B0G53M9258,357270359239140,0.0,38,Audio Array-Catch All-SD-CT,FBA79968,AI-14,Audio Array,Audio Mixer,8 channels Mixer,
2026-06-20,B0G53M9258,162.08,Mixer,0,88800319740398,0,7646,B0G53M9258,357270359239140,0.0,44,Audio Array-Catch All-SD-CT,FBA79968,AI-14,Audio Array,Audio Mixer,8 channels Mixer,
2026-06-21,B0G53M9258,132.29,Mixer,1,88800319740398,1,8168,B0G53M9258,357270359239140,7033.05,30,Audio Array-Catch All-SD-CT,FBA79968,AI-14,Audio Array,Audio Mixer,8 channels Mixer,
2026-06-22,B0G53M9258,400.09,Mixer,0,88800319740398,0,18320,B0G53M9258,357270359239140,0.0,88,Audio Array-Catch All-SD-CT,FBA79968,AI-14,Audio Array,Audio Mixer,8 channels Mixer,
2026-06-23,B0G53M9258,330.57,Mixer,1,88800319740398,1,14332,B0G53M9258,357270359239140,5083.9,62,Audio Array-Catch All-SD-CT,FBA79968,AI-14,Audio Array,Audio Mixer,8 channels Mixer,
2026-06-24,B0G53M9258,162.6,Mixer,0,88800319740398,0,12337,B0G53M9258,357270359239140,0.0,53,Audio Array-Catch All-SD-CT,FBA79968,AI-14,Audio Array,Audio Mixer,8 channels Mixer,
2026-06-25,B0G53M9258,170.67,Mixer,1,88800319740398,1,11382,B0G53M9258,357270359239140,5083.9,49,Audio Array-Catch All-SD-CT,FBA79968,AI-14,Audio Array,Audio Mixer,8 channels Mixer,
2026-06-05,B0GCP1J2HC,55.6,Mixer,0,88800319740398,0,3134,B0GCP1J2HC,357270359239140,0.0,12,Audio Array-Catch All-SD-CT,FBA79972,M8,Audio Array,Audio Mixer,8 channels Mixer,
2026-06-06,B0GCP1J2HC,48.93,Mixer,1,88800319740398,1,2942,B0GCP1J2HC,357270359239140,7033.05,17,Audio Array-Catch All-SD-CT,FBA79972,M8,Audio Array,Audio Mixer,8 channels Mixer,
2026-06-07,B0GCP1J2HC,25.5,Mixer,0,88800319740398,0,2319,B0GCP1J2HC,357270359239140,0.0,14,Audio Array-Catch All-SD-CT,FBA79972,M8,Audio Array,Audio Mixer,8 channels Mixer,
2026-06-08,B0GCP1J2HC,46.61,Mixer,0,88800319740398,0,2398,B0GCP1J2HC,357270359239140,0.0,14,Audio Array-Catch All-SD-CT,FBA79972,M8,Audio Array,Audio Mixer,8 channels Mixer,
2026-06-09,B0GCP1J2HC,24.86,Mixer,0,88800319740398,0,1854,B0GCP1J2HC,357270359239140,0.0,10,Audio Array-Catch All-SD-CT,FBA79972,M8,Audio Array,Audio Mixer,8 channels Mixer,
2026-06-10,B0GCP1J2HC,75.28,Mixer,1,88800319740398,1,3641,B0GCP1J2HC,357270359239140,3982.2,27,Audio Array-Catch All-SD-CT,FBA79972,M8,Audio Array,Audio Mixer,8 channels Mixer,
2026-06-11,B0GCP1J2HC,134.17,Mixer,0,88800319740398,0,4540,B0GCP1J2HC,357270359239140,0.0,31,Audio Array-Catch All-SD-CT,FBA79972,M8,Audio Array,Audio Mixer,8 channels Mixer,
2026-06-12,B0GCP1J2HC,58.62,Mixer,0,88800319740398,0,2664,B0GCP1J2HC,357270359239140,0.0,25,Audio Array-Catch All-SD-CT,FBA79972,M8,Audio Array,Audio Mixer,8 channels Mixer,
2026-06-13,B0GCP1J2HC,36.47,Mixer,0,88800319740398,0,2240,B0GCP1J2HC,357270359239140,0.0,16,Audio Array-Catch All-SD-CT,FBA79972,M8,Audio Array,Audio Mixer,8 channels Mixer,
2026-06-14,B0GCP1J2HC,88.35,Mixer,1,88800319740398,1,2054,B0GCP1J2HC,357270359239140,7033.05,21,Audio Array-Catch All-SD-CT,FBA79972,M8,Audio Array,Audio Mixer,8 channels Mixer,
2026-06-15,B0GCP1J2HC,39.14,Mixer,0,88800319740398,0,1624,B0GCP1J2HC,357270359239140,0.0,14,Audio Array-Catch All-SD-CT,FBA79972,M8,Audio Array,Audio Mixer,8 channels Mixer,
2026-06-16,B0GCP1J2HC,48.05,Mixer,0,88800319740398,0,1866,B0GCP1J2HC,357270359239140,0.0,10,Audio Array-Catch All-SD-CT,FBA79972,M8,Audio Array,Audio Mixer,8 channels Mixer,
2026-06-17,B0GCP1J2HC,95.63,Mixer,0,88800319740398,0,2620,B0GCP1J2HC,357270359239140,0.0,17,Audio Array-Catch All-SD-CT,FBA79972,M8,Audio Array,Audio Mixer,8 channels Mixer,
2026-06-18,B0GCP1J2HC,72.08,Mixer,0,88800319740398,0,4003,B0GCP1J2HC,357270359239140,0.0,21,Audio Array-Catch All-SD-CT,FBA79972,M8,Audio Array,Audio Mixer,8 channels Mixer,
2026-06-19,B0GCP1J2HC,25.77,Mixer,0,88800319740398,0,3682,B0GCP1J2HC,357270359239140,0.0,10,Audio Array-Catch All-SD-CT,FBA79972,M8,Audio Array,Audio Mixer,8 channels Mixer,
2026-06-20,B0GCP1J2HC,81.07,Mixer,0,88800319740398,0,3214,B0GCP1J2HC,357270359239140,0.0,17,Audio Array-Catch All-SD-CT,FBA79972,M8,Audio Array,Audio Mixer,8 channels Mixer,
2026-06-21,B0GCP1J2HC,40.79,Mixer,0,88800319740398,0,4069,B0GCP1J2HC,357270359239140,0.0,17,Audio Array-Catch All-SD-CT,FBA79972,M8,Audio Array,Audio Mixer,8 channels Mixer,
2026-06-22,B0GCP1J2HC,131.86,Mixer,0,88800319740398,0,8212,B0GCP1J2HC,357270359239140,0.0,25,Audio Array-Catch All-SD-CT,FBA79972,M8,Audio Array,Audio Mixer,8 channels Mixer,
2026-06-23,B0GCP1J2HC,172.74,Mixer,0,88800319740398,0,8132,B0GCP1J2HC,357270359239140,0.0,51,Audio Array-Catch All-SD-CT,FBA79972,M8,Audio Array,Audio Mixer,8 channels Mixer,
2026-06-24,B0GCP1J2HC,41.16,Mixer,0,88800319740398,0,3264,B0GCP1J2HC,357270359239140,0.0,14,Audio Array-Catch All-SD-CT,FBA79972,M8,Audio Array,Audio Mixer,8 channels Mixer,
2026-06-25,B0GCP1J2HC,33.89,Mixer,0,88800319740398,0,2064,B0GCP1J2HC,357270359239140,0.0,12,Audio Array-Catch All-SD-CT,FBA79972,M8,Audio Array,Audio Mixer,8 channels Mixer,
2026-06-05,B0GN2LHJY4,8.27,Mixer,0,88800319740398,0,1231,B0GN2LHJY4,357270359239140,0.0,6,Audio Array-Catch All-SD-CT,FBA80007,MT-12,Audio Array,Audio Mixer,12 channels Mixer,
2026-06-06,B0GN2LHJY4,49.0,Mixer,0,88800319740398,0,2727,B0GN2LHJY4,357270359239140,0.0,14,Audio Array-Catch All-SD-CT,FBA80007,MT-12,Audio Array,Audio Mixer,12 channels Mixer,
2026-06-07,B0GN2LHJY4,17.26,Mixer,0,88800319740398,0,2428,B0GN2LHJY4,357270359239140,0.0,8,Audio Array-Catch All-SD-CT,FBA80007,MT-12,Audio Array,Audio Mixer,12 channels Mixer,
2026-06-08,B0GN2LHJY4,34.92,Mixer,0,88800319740398,0,2236,B0GN2LHJY4,357270359239140,0.0,13,Audio Array-Catch All-SD-CT,FBA80007,MT-12,Audio Array,Audio Mixer,12 channels Mixer,
2026-06-09,B0GN2LHJY4,14.22,Mixer,0,88800319740398,0,1170,B0GN2LHJY4,357270359239140,0.0,4,Audio Array-Catch All-SD-CT,FBA80007,MT-12,Audio Array,Audio Mixer,12 channels Mixer,
2026-06-10,B0GN2LHJY4,0.0,Mixer,0,88800319740398,0,0,B0GN2LHJY4,357270359239140,0.0,0,Audio Array-Catch All-SD-CT,FBA80007,MT-12,Audio Array,Audio Mixer,12 channels Mixer,
2026-06-11,B0GN2LHJY4,0.0,Mixer,0,88800319740398,0,0,B0GN2LHJY4,357270359239140,0.0,0,Audio Array-Catch All-SD-CT,FBA80007,MT-12,Audio Array,Audio Mixer,12 channels Mixer,
2026-06-12,B0GN2LHJY4,0.0,Mixer,0,88800319740398,0,0,B0GN2LHJY4,357270359239140,0.0,0,Audio Array-Catch All-SD-CT,FBA80007,MT-12,Audio Array,Audio Mixer,12 channels Mixer,
2026-06-13,B0GN2LHJY4,0.0,Mixer,0,88800319740398,0,0,B0GN2LHJY4,357270359239140,0.0,0,Audio Array-Catch All-SD-CT,FBA80007,MT-12,Audio Array,Audio Mixer,12 channels Mixer,
2026-06-14,B0GN2LHJY4,0.0,Mixer,0,88800319740398,0,0,B0GN2LHJY4,357270359239140,0.0,0,Audio Array-Catch All-SD-CT,FBA80007,MT-12,Audio Array,Audio Mixer,12 channels Mixer,
2026-06-15,B0GN2LHJY4,0.0,Mixer,0,88800319740398,0,0,B0GN2LHJY4,357270359239140,0.0,0,Audio Array-Catch All-SD-CT,FBA80007,MT-12,Audio Array,Audio Mixer,12 channels Mixer,
2026-06-16,B0GN2LHJY4,0.0,Mixer,0,88800319740398,0,0,B0GN2LHJY4,357270359239140,0.0,0,Audio Array-Catch All-SD-CT,FBA80007,MT-12,Audio Array,Audio Mixer,12 channels Mixer,
2026-06-17,B0GN2LHJY4,0.0,Mixer,0,88800319740398,0,0,B0GN2LHJY4,357270359239140,0.0,0,Audio Array-Catch All-SD-CT,FBA80007,MT-12,Audio Array,Audio Mixer,12 channels Mixer,
2026-06-18,B0GN2LHJY4,0.0,Mixer,0,88800319740398,0,0,B0GN2LHJY4,357270359239140,0.0,0,Audio Array-Catch All-SD-CT,FBA80007,MT-12,Audio Array,Audio Mixer,12 channels Mixer,
2026-06-19,B0GN2LHJY4,0.0,Mixer,0,88800319740398,0,0,B0GN2LHJY4,357270359239140,0.0,0,Audio Array-Catch All-SD-CT,FBA80007,MT-12,Audio Array,Audio Mixer,12 channels Mixer,
2026-06-20,B0GN2LHJY4,0.0,Mixer,0,88800319740398,0,0,B0GN2LHJY4,357270359239140,0.0,0,Audio Array-Catch All-SD-CT,FBA80007,MT-12,Audio Array,Audio Mixer,12 channels Mixer,
2026-06-21,B0GN2LHJY4,0.0,Mixer,0,88800319740398,0,0,B0GN2LHJY4,357270359239140,0.0,0,Audio Array-Catch All-SD-CT,FBA80007,MT-12,Audio Array,Audio Mixer,12 channels Mixer,
2026-06-22,B0GN2LHJY4,0.0,Mixer,0,88800319740398,0,0,B0GN2LHJY4,357270359239140,0.0,0,Audio Array-Catch All-SD-CT,FBA80007,MT-12,Audio Array,Audio Mixer,12 channels Mixer,
2026-06-23,B0GN2LHJY4,0.0,Mixer,0,88800319740398,0,0,B0GN2LHJY4,357270359239140,0.0,0,Audio Array-Catch All-SD-CT,FBA80007,MT-12,Audio Array,Audio Mixer,12 channels Mixer,
2026-06-24,B0GN2LHJY4,0.0,Mixer,0,88800319740398,0,0,B0GN2LHJY4,357270359239140,0.0,0,Audio Array-Catch All-SD-CT,FBA80007,MT-12,Audio Array,Audio Mixer,12 channels Mixer,
2026-06-25,B0GN2LHJY4,0.0,Mixer,0,88800319740398,0,0,B0GN2LHJY4,357270359239140,0.0,0,Audio Array-Catch All-SD-CT,FBA80007,MT-12,Audio Array,Audio Mixer,12 channels Mixer,
2026-06-05,B0FFB6YJM1,0.0,Ad group - 1,0,35441080560180,0,197,B0FFB6YJM1,539830322340115,0.0,0,AudioArray-B0FFB6YJM1-Soundbar_SD_Video-PT,FBA79708,SB-01,Audio Array,Sound Bar,Sound Bar,
2026-06-06,B0FFB6YJM1,30.15,Ad group - 1,0,35441080560180,0,296,B0FFB6YJM1,539830322340115,0.0,1,AudioArray-B0FFB6YJM1-Soundbar_SD_Video-PT,FBA79708,SB-01,Audio Array,Sound Bar,Sound Bar,
2026-06-07,B0FFB6YJM1,0.0,Ad group - 1,0,35441080560180,0,267,B0FFB6YJM1,539830322340115,0.0,0,AudioArray-B0FFB6YJM1-Soundbar_SD_Video-PT,FBA79708,SB-01,Audio Array,Sound Bar,Sound Bar,
2026-06-08,B0FFB6YJM1,3.35,Ad group - 1,0,35441080560180,0,383,B0FFB6YJM1,539830322340115,0.0,1,AudioArray-B0FFB6YJM1-Soundbar_SD_Video-PT,FBA79708,SB-01,Audio Array,Sound Bar,Sound Bar,
2026-06-09,B0FFB6YJM1,0.0,Ad group - 1,0,35441080560180,0,363,B0FFB6YJM1,539830322340115,0.0,0,AudioArray-B0FFB6YJM1-Soundbar_SD_Video-PT,FBA79708,SB-01,Audio Array,Sound Bar,Sound Bar,
2026-06-10,B0FFB6YJM1,17.07,Ad group - 1,0,35441080560180,0,246,B0FFB6YJM1,539830322340115,0.0,2,AudioArray-B0FFB6YJM1-Soundbar_SD_Video-PT,FBA79708,SB-01,Audio Array,Sound Bar,Sound Bar,
2026-06-11,B0FFB6YJM1,0.0,Ad group - 1,0,35441080560180,0,239,B0FFB6YJM1,539830322340115,0.0,0,AudioArray-B0FFB6YJM1-Soundbar_SD_Video-PT,FBA79708,SB-01,Audio Array,Sound Bar,Sound Bar,
2026-06-12,B0FFB6YJM1,0.0,Ad group - 1,0,35441080560180,0,187,B0FFB6YJM1,539830322340115,0.0,0,AudioArray-B0FFB6YJM1-Soundbar_SD_Video-PT,FBA79708,SB-01,Audio Array,Sound Bar,Sound Bar,
2026-06-13,B0FFB6YJM1,0.0,Ad group - 1,0,35441080560180,0,197,B0FFB6YJM1,539830322340115,0.0,0,AudioArray-B0FFB6YJM1-Soundbar_SD_Video-PT,FBA79708,SB-01,Audio Array,Sound Bar,Sound Bar,
2026-06-14,B0FFB6YJM1,10.88,Ad group - 1,0,35441080560180,0,140,B0FFB6YJM1,539830322340115,0.0,1,AudioArray-B0FFB6YJM1-Soundbar_SD_Video-PT,FBA79708,SB-01,Audio Array,Sound Bar,Sound Bar,
2026-06-15,B0FFB6YJM1,0.0,Ad group - 1,0,35441080560180,0,196,B0FFB6YJM1,539830322340115,0.0,0,AudioArray-B0FFB6YJM1-Soundbar_SD_Video-PT,FBA79708,SB-01,Audio Array,Sound Bar,Sound Bar,
2026-06-16,B0FFB6YJM1,0.0,Ad group - 1,0,35441080560180,0,145,B0FFB6YJM1,539830322340115,0.0,0,AudioArray-B0FFB6YJM1-Soundbar_SD_Video-PT,FBA79708,SB-01,Audio Array,Sound Bar,Sound Bar,
2026-06-17,B0FFB6YJM1,0.0,Ad group - 1,0,35441080560180,0,158,B0FFB6YJM1,539830322340115,0.0,0,AudioArray-B0FFB6YJM1-Soundbar_SD_Video-PT,FBA79708,SB-01,Audio Array,Sound Bar,Sound Bar,
2026-06-18,B0FFB6YJM1,0.0,Ad group - 1,0,35441080560180,0,115,B0FFB6YJM1,539830322340115,0.0,0,AudioArray-B0FFB6YJM1-Soundbar_SD_Video-PT,FBA79708,SB-01,Audio Array,Sound Bar,Sound Bar,
2026-06-19,B0FFB6YJM1,0.0,Ad group - 1,0,35441080560180,0,174,B0FFB6YJM1,539830322340115,0.0,0,AudioArray-B0FFB6YJM1-Soundbar_SD_Video-PT,FBA79708,SB-01,Audio Array,Sound Bar,Sound Bar,
2026-06-20,B0FFB6YJM1,0.0,Ad group - 1,0,35441080560180,0,79,B0FFB6YJM1,539830322340115,0.0,0,AudioArray-B0FFB6YJM1-Soundbar_SD_Video-PT,FBA79708,SB-01,Audio Array,Sound Bar,Sound Bar,
2026-06-21,B0FFB6YJM1,0.0,Ad group - 1,0,35441080560180,0,71,B0FFB6YJM1,539830322340115,0.0,0,AudioArray-B0FFB6YJM1-Soundbar_SD_Video-PT,FBA79708,SB-01,Audio Array,Sound Bar,Sound Bar,
2026-06-22,B0FFB6YJM1,0.0,Ad group - 1,0,35441080560180,0,97,B0FFB6YJM1,539830322340115,0.0,0,AudioArray-B0FFB6YJM1-Soundbar_SD_Video-PT,FBA79708,SB-01,Audio Array,Sound Bar,Sound Bar,
2026-06-23,B0FFB6YJM1,19.48,Ad group - 1,0,35441080560180,0,171,B0FFB6YJM1,539830322340115,0.0,2,AudioArray-B0FFB6YJM1-Soundbar_SD_Video-PT,FBA79708,SB-01,Audio Array,Sound Bar,Sound Bar,
2026-06-24,B0FFB6YJM1,0.0,Ad group - 1,0,35441080560180,0,156,B0FFB6YJM1,539830322340115,0.0,0,AudioArray-B0FFB6YJM1-Soundbar_SD_Video-PT,FBA79708,SB-01,Audio Array,Sound Bar,Sound Bar,
2026-06-25,B0FFB6YJM1,4.53,Ad group - 1,0,35441080560180,0,105,B0FFB6YJM1,539830322340115,0.0,1,AudioArray-B0FFB6YJM1-Soundbar_SD_Video-PT,FBA79708,SB-01,Audio Array,Sound Bar,Sound Bar,
2026-06-05,B0FFB6YJM1,17.26,Ad group - 2,0,35441080560180,0,268,B0FFB6YJM1,407954458795009,0.0,1,AudioArray-B0FFB6YJM1-Soundbar_SD_Video-PT,FBA79708,SB-01,Audio Array,Sound Bar,Sound Bar,
2026-06-06,B0FFB6YJM1,0.0,Ad group - 2,0,35441080560180,0,287,B0FFB6YJM1,407954458795009,0.0,0,AudioArray-B0FFB6YJM1-Soundbar_SD_Video-PT,FBA79708,SB-01,Audio Array,Sound Bar,Sound Bar,
2026-06-07,B0FFB6YJM1,41.3,Ad group - 2,0,35441080560180,0,277,B0FFB6YJM1,407954458795009,0.0,2,AudioArray-B0FFB6YJM1-Soundbar_SD_Video-PT,FBA79708,SB-01,Audio Array,Sound Bar,Sound Bar,
2026-06-08,B0FFB6YJM1,0.0,Ad group - 2,0,35441080560180,0,231,B0FFB6YJM1,407954458795009,0.0,0,AudioArray-B0FFB6YJM1-Soundbar_SD_Video-PT,FBA79708,SB-01,Audio Array,Sound Bar,Sound Bar,
2026-06-09,B0FFB6YJM1,0.0,Ad group - 2,0,35441080560180,0,237,B0FFB6YJM1,407954458795009,0.0,0,AudioArray-B0FFB6YJM1-Soundbar_SD_Video-PT,FBA79708,SB-01,Audio Array,Sound Bar,Sound Bar,
2026-06-10,B0FFB6YJM1,0.0,Ad group - 2,0,35441080560180,0,172,B0FFB6YJM1,407954458795009,0.0,0,AudioArray-B0FFB6YJM1-Soundbar_SD_Video-PT,FBA79708,SB-01,Audio Array,Sound Bar,Sound Bar,
2026-06-11,B0FFB6YJM1,47.19,Ad group - 2,0,35441080560180,0,208,B0FFB6YJM1,407954458795009,0.0,2,AudioArray-B0FFB6YJM1-Soundbar_SD_Video-PT,FBA79708,SB-01,Audio Array,Sound Bar,Sound Bar,
2026-06-12,B0FFB6YJM1,0.0,Ad group - 2,0,35441080560180,0,184,B0FFB6YJM1,407954458795009,0.0,0,AudioArray-B0FFB6YJM1-Soundbar_SD_Video-PT,FBA79708,SB-01,Audio Array,Sound Bar,Sound Bar,
2026-06-13,B0FFB6YJM1,0.0,Ad group - 2,0,35441080560180,0,113,B0FFB6YJM1,407954458795009,0.0,0,AudioArray-B0FFB6YJM1-Soundbar_SD_Video-PT,FBA79708,SB-01,Audio Array,Sound Bar,Sound Bar,
2026-06-14,B0FFB6YJM1,0.0,Ad group - 2,0,35441080560180,0,97,B0FFB6YJM1,407954458795009,0.0,0,AudioArray-B0FFB6YJM1-Soundbar_SD_Video-PT,FBA79708,SB-01,Audio Array,Sound Bar,Sound Bar,
2026-06-15,B0FFB6YJM1,0.0,Ad group - 2,0,35441080560180,0,109,B0FFB6YJM1,407954458795009,0.0,0,AudioArray-B0FFB6YJM1-Soundbar_SD_Video-PT,FBA79708,SB-01,Audio Array,Sound Bar,Sound Bar,
2026-06-16,B0FFB6YJM1,4.38,Ad group - 2,0,35441080560180,0,48,B0FFB6YJM1,407954458795009,0.0,1,AudioArray-B0FFB6YJM1-Soundbar_SD_Video-PT,FBA79708,SB-01,Audio Array,Sound Bar,Sound Bar,
2026-06-17,B0FFB6YJM1,0.0,Ad group - 2,0,35441080560180,0,39,B0FFB6YJM1,407954458795009,0.0,0,AudioArray-B0FFB6YJM1-Soundbar_SD_Video-PT,FBA79708,SB-01,Audio Array,Sound Bar,Sound Bar,
2026-06-18,B0FFB6YJM1,0.0,Ad group - 2,0,35441080560180,0,21,B0FFB6YJM1,407954458795009,0.0,0,AudioArray-B0FFB6YJM1-Soundbar_SD_Video-PT,FBA79708,SB-01,Audio Array,Sound Bar,Sound Bar,
2026-06-19,B0FFB6YJM1,0.0,Ad group - 2,0,35441080560180,0,23,B0FFB6YJM1,407954458795009,0.0,0,AudioArray-B0FFB6YJM1-Soundbar_SD_Video-PT,FBA79708,SB-01,Audio Array,Sound Bar,Sound Bar,
2026-06-20,B0FFB6YJM1,0.0,Ad group - 2,0,35441080560180,0,22,B0FFB6YJM1,407954458795009,0.0,0,AudioArray-B0FFB6YJM1-Soundbar_SD_Video-PT,FBA79708,SB-01,Audio Array,Sound Bar,Sound Bar,
2026-06-21,B0FFB6YJM1,0.0,Ad group - 2,0,35441080560180,0,26,B0FFB6YJM1,407954458795009,0.0,0,AudioArray-B0FFB6YJM1-Soundbar_SD_Video-PT,FBA79708,SB-01,Audio Array,Sound Bar,Sound Bar,
2026-06-22,B0FFB6YJM1,0.0,Ad group - 2,0,35441080560180,0,27,B0FFB6YJM1,407954458795009,0.0,0,AudioArray-B0FFB6YJM1-Soundbar_SD_Video-PT,FBA79708,SB-01,Audio Array,Sound Bar,Sound Bar,
2026-06-23,B0FFB6YJM1,0.0,Ad group - 2,0,35441080560180,0,27,B0FFB6YJM1,407954458795009,0.0,0,AudioArray-B0FFB6YJM1-Soundbar_SD_Video-PT,FBA79708,SB-01,Audio Array,Sound Bar,Sound Bar,
2026-06-24,B0FFB6YJM1,0.0,Ad group - 2,0,35441080560180,0,28,B0FFB6YJM1,407954458795009,0.0,0,AudioArray-B0FFB6YJM1-Soundbar_SD_Video-PT,FBA79708,SB-01,Audio Array,Sound Bar,Sound Bar,
2026-06-25,B0FFB6YJM1,0.0,Ad group - 2,0,35441080560180,0,11,B0FFB6YJM1,407954458795009,0.0,0,AudioArray-B0FFB6YJM1-Soundbar_SD_Video-PT,FBA79708,SB-01,Audio Array,Sound Bar,Sound Bar,
2026-06-26,B0B4DPX2J2,108.4,Condenser Microphones,0,88800319740398,0,9481,B0B4DPX2J2,1530305156531,0.0,21,Audio Array-Catch All-SD-CT,FBA75673,AM-C1,Audio Array,Microphone Condenser,USB Microphone Kit - Boomarm,
2026-06-27,B0B4DPX2J2,199.89,Condenser Microphones,0,88800319740398,0,6755,B0B4DPX2J2,1530305156531,0.0,24,Audio Array-Catch All-SD-CT,FBA75673,AM-C1,Audio Array,Microphone Condenser,USB Microphone Kit - Boomarm,
2026-06-28,B0B4DPX2J2,166.64,Condenser Microphones,0,88800319740398,0,5834,B0B4DPX2J2,1530305156531,0.0,20,Audio Array-Catch All-SD-CT,FBA75673,AM-C1,Audio Array,Microphone Condenser,USB Microphone Kit - Boomarm,
2026-06-29,B0B4DPX2J2,145.38,Condenser Microphones,1,88800319740398,1,4972,B0B4DPX2J2,1530305156531,2287.29,15,Audio Array-Catch All-SD-CT,FBA75673,AM-C1,Audio Array,Microphone Condenser,USB Microphone Kit - Boomarm,
2026-06-30,B0B4DPX2J2,165.36,Condenser Microphones,0,88800319740398,0,7387,B0B4DPX2J2,1530305156531,0.0,28,Audio Array-Catch All-SD-CT,FBA75673,AM-C1,Audio Array,Microphone Condenser,USB Microphone Kit - Boomarm,
2026-06-26,B0B4G19R58,59.03,Condenser Microphones,0,88800319740398,0,5516,B0B4G19R58,1530305156531,0.0,11,Audio Array-Catch All-SD-CT,FBA75674,AM-C2,Audio Array,Microphone Condenser,XLR Microphone Kit - Boomarm,
2026-06-27,B0B4G19R58,62.85,Condenser Microphones,0,88800319740398,0,5445,B0B4G19R58,1530305156531,0.0,10,Audio Array-Catch All-SD-CT,FBA75674,AM-C2,Audio Array,Microphone Condenser,XLR Microphone Kit - Boomarm,
2026-06-28,B0B4G19R58,36.86,Condenser Microphones,1,88800319740398,1,5657,B0B4G19R58,1530305156531,4066.95,8,Audio Array-Catch All-SD-CT,FBA75674,AM-C2,Audio Array,Microphone Condenser,XLR Microphone Kit - Boomarm,
2026-06-29,B0B4G19R58,66.66,Condenser Microphones,0,88800319740398,0,4370,B0B4G19R58,1530305156531,0.0,18,Audio Array-Catch All-SD-CT,FBA75674,AM-C2,Audio Array,Microphone Condenser,XLR Microphone Kit - Boomarm,
2026-06-30,B0B4G19R58,31.36,Condenser Microphones,0,88800319740398,0,5289,B0B4G19R58,1530305156531,0.0,12,Audio Array-Catch All-SD-CT,FBA75674,AM-C2,Audio Array,Microphone Condenser,XLR Microphone Kit - Boomarm,
2026-06-26,B0B4G8ZB64,0.0,Handheld Dynamic,0,88800319740398,0,0,B0B4G8ZB64,92137177023119,0.0,0,Audio Array-Catch All-SD-CT,FBA75675,AM-C3,Audio Array,Microphone Dynamic,Vocal Microphone,
2026-06-27,B0B4G8ZB64,0.0,Handheld Dynamic,0,88800319740398,0,0,B0B4G8ZB64,92137177023119,0.0,0,Audio Array-Catch All-SD-CT,FBA75675,AM-C3,Audio Array,Microphone Dynamic,Vocal Microphone,
2026-06-28,B0B4G8ZB64,0.0,Handheld Dynamic,0,88800319740398,0,0,B0B4G8ZB64,92137177023119,0.0,0,Audio Array-Catch All-SD-CT,FBA75675,AM-C3,Audio Array,Microphone Dynamic,Vocal Microphone,
2026-06-29,B0B4G8ZB64,0.0,Handheld Dynamic,0,88800319740398,0,0,B0B4G8ZB64,92137177023119,0.0,0,Audio Array-Catch All-SD-CT,FBA75675,AM-C3,Audio Array,Microphone Dynamic,Vocal Microphone,
2026-06-30,B0B4G8ZB64,0.0,Handheld Dynamic,0,88800319740398,0,0,B0B4G8ZB64,92137177023119,0.0,0,Audio Array-Catch All-SD-CT,FBA75675,AM-C3,Audio Array,Microphone Dynamic,Vocal Microphone,
2026-06-26,B0B4KC7VBM,0.0,Conference Mics,0,88800319740398,0,0,B0B4KC7VBM,198602319025234,0.0,0,Audio Array-Catch All-SD-CT,FBA75677,AM-C5,Audio Array,Microphone Conference,Conference Microphone,
2026-06-27,B0B4KC7VBM,0.0,Conference Mics,0,88800319740398,0,0,B0B4KC7VBM,198602319025234,0.0,0,Audio Array-Catch All-SD-CT,FBA75677,AM-C5,Audio Array,Microphone Conference,Conference Microphone,
2026-06-28,B0B4KC7VBM,0.0,Conference Mics,0,88800319740398,0,0,B0B4KC7VBM,198602319025234,0.0,0,Audio Array-Catch All-SD-CT,FBA75677,AM-C5,Audio Array,Microphone Conference,Conference Microphone,
2026-06-29,B0B4KC7VBM,0.0,Conference Mics,0,88800319740398,0,0,B0B4KC7VBM,198602319025234,0.0,0,Audio Array-Catch All-SD-CT,FBA75677,AM-C5,Audio Array,Microphone Conference,Conference Microphone,
2026-06-30,B0B4KC7VBM,0.0,Conference Mics,0,88800319740398,0,0,B0B4KC7VBM,198602319025234,0.0,0,Audio Array-Catch All-SD-CT,FBA75677,AM-C5,Audio Array,Microphone Conference,Conference Microphone,
2026-06-26,B0B4K87PR4,0.0,Conference Mics,0,88800319740398,0,0,B0B4K87PR4,198602319025234,0.0,0,Audio Array-Catch All-SD-CT,FBA75690,AM-C10,Audio Array,Microphone Conference,Conference Microphone,
2026-06-27,B0B4K87PR4,0.0,Conference Mics,0,88800319740398,0,0,B0B4K87PR4,198602319025234,0.0,0,Audio Array-Catch All-SD-CT,FBA75690,AM-C10,Audio Array,Microphone Conference,Conference Microphone,
2026-06-28,B0B4K87PR4,0.0,Conference Mics,0,88800319740398,0,0,B0B4K87PR4,198602319025234,0.0,0,Audio Array-Catch All-SD-CT,FBA75690,AM-C10,Audio Array,Microphone Conference,Conference Microphone,
2026-06-29,B0B4K87PR4,0.0,Conference Mics,0,88800319740398,0,0,B0B4K87PR4,198602319025234,0.0,0,Audio Array-Catch All-SD-CT,FBA75690,AM-C10,Audio Array,Microphone Conference,Conference Microphone,
2026-06-30,B0B4K87PR4,0.0,Conference Mics,0,88800319740398,0,0,B0B4K87PR4,198602319025234,0.0,0,Audio Array-Catch All-SD-CT,FBA75690,AM-C10,Audio Array,Microphone Conference,Conference Microphone,
2026-06-26,B0BPLZ5CGV,1225.19,Audio Interfaces,0,88800319740398,0,35523,B0BPLZ5CGV,21046032203721,0.0,130,Audio Array-Catch All-SD-CT,FBA76864,AI-04 Red,Audio Array,Audio Interface,Audio Interface,
2026-06-27,B0BPLZ5CGV,780.49,Audio Interfaces,1,88800319740398,1,20794,B0BPLZ5CGV,21046032203721,6524.58,75,Audio Array-Catch All-SD-CT,FBA76864,AI-04 Red,Audio Array,Audio Interface,Audio Interface,
2026-06-28,B0BPLZ5CGV,923.88,Audio Interfaces,0,88800319740398,0,24161,B0BPLZ5CGV,21046032203721,0.0,77,Audio Array-Catch All-SD-CT,FBA76864,AI-04 Red,Audio Array,Audio Interface,Audio Interface,
2026-06-29,B0BPLZ5CGV,1036.61,Audio Interfaces,3,88800319740398,3,22741,B0BPLZ5CGV,21046032203721,5774.58,78,Audio Array-Catch All-SD-CT,FBA76864,AI-04 Red,Audio Array,Audio Interface,Audio Interface,
2026-06-30,B0BPLZ5CGV,584.88,Audio Interfaces,0,88800319740398,0,20744,B0BPLZ5CGV,21046032203721,0.0,54,Audio Array-Catch All-SD-CT,FBA76864,AI-04 Red,Audio Array,Audio Interface,Audio Interface,
2026-06-26,B0B4G1HPL5,0.0,Dynamic Mic,0,88800319740398,0,0,B0B4G1HPL5,189182706060711,0.0,0,Audio Array-Catch All-SD-CT,FBA75692,AM-C11,Audio Array,Microphone Dynamic,USB/XLR Dynamic Mic,
2026-06-27,B0B4G1HPL5,0.0,Dynamic Mic,0,88800319740398,0,0,B0B4G1HPL5,189182706060711,0.0,0,Audio Array-Catch All-SD-CT,FBA75692,AM-C11,Audio Array,Microphone Dynamic,USB/XLR Dynamic Mic,
2026-06-28,B0B4G1HPL5,0.0,Dynamic Mic,0,88800319740398,0,0,B0B4G1HPL5,189182706060711,0.0,0,Audio Array-Catch All-SD-CT,FBA75692,AM-C11,Audio Array,Microphone Dynamic,USB/XLR Dynamic Mic,
2026-06-29,B0B4G1HPL5,0.0,Dynamic Mic,0,88800319740398,0,0,B0B4G1HPL5,189182706060711,0.0,0,Audio Array-Catch All-SD-CT,FBA75692,AM-C11,Audio Array,Microphone Dynamic,USB/XLR Dynamic Mic,
2026-06-30,B0B4G1HPL5,0.0,Dynamic Mic,0,88800319740398,0,0,B0B4G1HPL5,189182706060711,0.0,0,Audio Array-Catch All-SD-CT,FBA75692,AM-C11,Audio Array,Microphone Dynamic,USB/XLR Dynamic Mic,
2026-06-26,B0B4DPX2J2,507.95,Audio Array-Multi Ad group-Condenser -SD-PT,0,339757386460382,0,12741,B0B4DPX2J2,460860619426172,0.0,36,Audio Array-B0B4DPX2J2-Condenser-SD-PT,FBA75673,AM-C1,Audio Array,Microphone Condenser,USB Microphone Kit - Boomarm,
2026-06-27,B0B4DPX2J2,542.18,Audio Array-Multi Ad group-Condenser -SD-PT,0,339757386460382,0,7946,B0B4DPX2J2,460860619426172,0.0,27,Audio Array-B0B4DPX2J2-Condenser-SD-PT,FBA75673,AM-C1,Audio Array,Microphone Condenser,USB Microphone Kit - Boomarm,
2026-06-28,B0B4DPX2J2,426.87,Audio Array-Multi Ad group-Condenser -SD-PT,1,339757386460382,1,11947,B0B4DPX2J2,460860619426172,2134.75,32,Audio Array-B0B4DPX2J2-Condenser-SD-PT,FBA75673,AM-C1,Audio Array,Microphone Condenser,USB Microphone Kit - Boomarm,
2026-06-29,B0B4DPX2J2,548.62,Audio Array-Multi Ad group-Condenser -SD-PT,1,339757386460382,1,9641,B0B4DPX2J2,460860619426172,2287.29,35,Audio Array-B0B4DPX2J2-Condenser-SD-PT,FBA75673,AM-C1,Audio Array,Microphone Condenser,USB Microphone Kit - Boomarm,
2026-06-30,B0B4DPX2J2,500.89,Audio Array-Multi Ad group-Condenser -SD-PT,0,339757386460382,0,10588,B0B4DPX2J2,460860619426172,0.0,30,Audio Array-B0B4DPX2J2-Condenser-SD-PT,FBA75673,AM-C1,Audio Array,Microphone Condenser,USB Microphone Kit - Boomarm,
2026-06-26,B0CBC7QMNV,0.0,Dynamic Mic,0,88800319740398,0,0,B0CBC7QMNV,189182706060711,0.0,0,Audio Array-Catch All-SD-CT,FBA78925,AM-C11X,Audio Array,Microphone Dynamic,XLR Dynamic Mic,
2026-06-27,B0CBC7QMNV,0.0,Dynamic Mic,0,88800319740398,0,0,B0CBC7QMNV,189182706060711,0.0,0,Audio Array-Catch All-SD-CT,FBA78925,AM-C11X,Audio Array,Microphone Dynamic,XLR Dynamic Mic,
2026-06-28,B0CBC7QMNV,0.0,Dynamic Mic,0,88800319740398,0,0,B0CBC7QMNV,189182706060711,0.0,0,Audio Array-Catch All-SD-CT,FBA78925,AM-C11X,Audio Array,Microphone Dynamic,XLR Dynamic Mic,
2026-06-29,B0CBC7QMNV,0.0,Dynamic Mic,0,88800319740398,0,0,B0CBC7QMNV,189182706060711,0.0,0,Audio Array-Catch All-SD-CT,FBA78925,AM-C11X,Audio Array,Microphone Dynamic,XLR Dynamic Mic,
2026-06-30,B0CBC7QMNV,0.0,Dynamic Mic,0,88800319740398,0,0,B0CBC7QMNV,189182706060711,0.0,0,Audio Array-Catch All-SD-CT,FBA78925,AM-C11X,Audio Array,Microphone Dynamic,XLR Dynamic Mic,
2026-06-26,B0CM6NTWBP,0.0,Audio Interfaces,0,88800319740398,0,0,B0CM6NTWBP,21046032203721,0.0,0,Audio Array-Catch All-SD-CT,FBA79103,AI-10,Audio Array,Audio Interface,Audio Interface,
2026-06-27,B0CM6NTWBP,0.0,Audio Interfaces,0,88800319740398,0,0,B0CM6NTWBP,21046032203721,0.0,0,Audio Array-Catch All-SD-CT,FBA79103,AI-10,Audio Array,Audio Interface,Audio Interface,
2026-06-28,B0CM6NTWBP,0.0,Audio Interfaces,0,88800319740398,0,0,B0CM6NTWBP,21046032203721,0.0,0,Audio Array-Catch All-SD-CT,FBA79103,AI-10,Audio Array,Audio Interface,Audio Interface,
2026-06-29,B0CM6NTWBP,0.0,Audio Interfaces,0,88800319740398,0,0,B0CM6NTWBP,21046032203721,0.0,0,Audio Array-Catch All-SD-CT,FBA79103,AI-10,Audio Array,Audio Interface,Audio Interface,
2026-06-30,B0CM6NTWBP,0.0,Audio Interfaces,0,88800319740398,0,0,B0CM6NTWBP,21046032203721,0.0,0,Audio Array-Catch All-SD-CT,FBA79103,AI-10,Audio Array,Audio Interface,Audio Interface,
2026-06-26,B0CM6NVLT9,0.0,Audio Interfaces,0,88800319740398,0,0,B0CM6NVLT9,21046032203721,0.0,0,Audio Array-Catch All-SD-CT,FBA79104,AI-11,Audio Array,Audio Interface,Audio Interface,
2026-06-27,B0CM6NVLT9,0.0,Audio Interfaces,0,88800319740398,0,0,B0CM6NVLT9,21046032203721,0.0,0,Audio Array-Catch All-SD-CT,FBA79104,AI-11,Audio Array,Audio Interface,Audio Interface,
2026-06-28,B0CM6NVLT9,0.0,Audio Interfaces,0,88800319740398,0,0,B0CM6NVLT9,21046032203721,0.0,0,Audio Array-Catch All-SD-CT,FBA79104,AI-11,Audio Array,Audio Interface,Audio Interface,
2026-06-29,B0CM6NVLT9,0.0,Audio Interfaces,0,88800319740398,0,0,B0CM6NVLT9,21046032203721,0.0,0,Audio Array-Catch All-SD-CT,FBA79104,AI-11,Audio Array,Audio Interface,Audio Interface,
2026-06-30,B0CM6NVLT9,0.0,Audio Interfaces,0,88800319740398,0,0,B0CM6NVLT9,21046032203721,0.0,0,Audio Array-Catch All-SD-CT,FBA79104,AI-11,Audio Array,Audio Interface,Audio Interface,
2026-06-26,B0CKHVHVQ1,0.0,Conference Mics,0,88800319740398,0,0,B0CKHVHVQ1,198602319025234,0.0,0,Audio Array-Catch All-SD-CT,FBA79005,AM-W45,Audio Array,Microphone Conference,Wireless Conference Microphone,
2026-06-27,B0CKHVHVQ1,0.0,Conference Mics,0,88800319740398,0,0,B0CKHVHVQ1,198602319025234,0.0,0,Audio Array-Catch All-SD-CT,FBA79005,AM-W45,Audio Array,Microphone Conference,Wireless Conference Microphone,
2026-06-28,B0CKHVHVQ1,0.0,Conference Mics,0,88800319740398,0,0,B0CKHVHVQ1,198602319025234,0.0,0,Audio Array-Catch All-SD-CT,FBA79005,AM-W45,Audio Array,Microphone Conference,Wireless Conference Microphone,
2026-06-29,B0CKHVHVQ1,0.0,Conference Mics,0,88800319740398,0,0,B0CKHVHVQ1,198602319025234,0.0,0,Audio Array-Catch All-SD-CT,FBA79005,AM-W45,Audio Array,Microphone Conference,Wireless Conference Microphone,
2026-06-30,B0CKHVHVQ1,0.0,Conference Mics,0,88800319740398,0,0,B0CKHVHVQ1,198602319025234,0.0,0,Audio Array-Catch All-SD-CT,FBA79005,AM-W45,Audio Array,Microphone Conference,Wireless Conference Microphone,
2026-06-26,B0CM6WH4ZT,0.0,Audio Interfaces,0,88800319740398,0,0,B0CM6WH4ZT,21046032203721,0.0,0,Audio Array-Catch All-SD-CT,FBA79105,AI-12,Audio Array,Audio Interface,Audio Interface,
2026-06-27,B0CM6WH4ZT,0.0,Audio Interfaces,0,88800319740398,0,0,B0CM6WH4ZT,21046032203721,0.0,0,Audio Array-Catch All-SD-CT,FBA79105,AI-12,Audio Array,Audio Interface,Audio Interface,
2026-06-28,B0CM6WH4ZT,0.0,Audio Interfaces,0,88800319740398,0,0,B0CM6WH4ZT,21046032203721,0.0,0,Audio Array-Catch All-SD-CT,FBA79105,AI-12,Audio Array,Audio Interface,Audio Interface,
2026-06-29,B0CM6WH4ZT,0.0,Audio Interfaces,0,88800319740398,0,0,B0CM6WH4ZT,21046032203721,0.0,0,Audio Array-Catch All-SD-CT,FBA79105,AI-12,Audio Array,Audio Interface,Audio Interface,
2026-06-30,B0CM6WH4ZT,0.0,Audio Interfaces,0,88800319740398,0,0,B0CM6WH4ZT,21046032203721,0.0,0,Audio Array-Catch All-SD-CT,FBA79105,AI-12,Audio Array,Audio Interface,Audio Interface,
2026-06-26,B0CM9KJZWQ,0.0,Dynamic Mic,0,88800319740398,0,0,B0CM9KJZWQ,189182706060711,0.0,0,Audio Array-Catch All-SD-CT,FBA79106,AM-C44,Audio Array,Microphone Dynamic,Dynamic Microphone,
2026-06-27,B0CM9KJZWQ,0.0,Dynamic Mic,0,88800319740398,0,0,B0CM9KJZWQ,189182706060711,0.0,0,Audio Array-Catch All-SD-CT,FBA79106,AM-C44,Audio Array,Microphone Dynamic,Dynamic Microphone,
2026-06-28,B0CM9KJZWQ,0.0,Dynamic Mic,0,88800319740398,0,0,B0CM9KJZWQ,189182706060711,0.0,0,Audio Array-Catch All-SD-CT,FBA79106,AM-C44,Audio Array,Microphone Dynamic,Dynamic Microphone,
2026-06-29,B0CM9KJZWQ,0.0,Dynamic Mic,0,88800319740398,0,0,B0CM9KJZWQ,189182706060711,0.0,0,Audio Array-Catch All-SD-CT,FBA79106,AM-C44,Audio Array,Microphone Dynamic,Dynamic Microphone,
2026-06-30,B0CM9KJZWQ,0.0,Dynamic Mic,0,88800319740398,0,0,B0CM9KJZWQ,189182706060711,0.0,0,Audio Array-Catch All-SD-CT,FBA79106,AM-C44,Audio Array,Microphone Dynamic,Dynamic Microphone,
2026-06-26,B0BPLZ5CGV,407.44,Audio Array-B0BPLZ5CGV-Audio Interface-SD-Audience,3,524199669707983,3,23658,B0BPLZ5CGV,367954928515427,10955.93,72,Audio Array-B0BPLZ5CGV-Audio Interface-SD-Audience,FBA76864,AI-04 Red,Audio Array,Audio Interface,Audio Interface,
2026-06-27,B0BPLZ5CGV,899.48,Audio Array-B0BPLZ5CGV-Audio Interface-SD-Audience,0,524199669707983,0,33089,B0BPLZ5CGV,367954928515427,0.0,84,Audio Array-B0BPLZ5CGV-Audio Interface-SD-Audience,FBA76864,AI-04 Red,Audio Array,Audio Interface,Audio Interface,
2026-06-28,B0BPLZ5CGV,910.54,Audio Array-B0BPLZ5CGV-Audio Interface-SD-Audience,1,524199669707983,1,21159,B0BPLZ5CGV,367954928515427,4066.95,75,Audio Array-B0BPLZ5CGV-Audio Interface-SD-Audience,FBA76864,AI-04 Red,Audio Array,Audio Interface,Audio Interface,
2026-06-29,B0BPLZ5CGV,918.28,Audio Array-B0BPLZ5CGV-Audio Interface-SD-Audience,1,524199669707983,1,21836,B0BPLZ5CGV,367954928515427,4066.95,54,Audio Array-B0BPLZ5CGV-Audio Interface-SD-Audience,FBA76864,AI-04 Red,Audio Array,Audio Interface,Audio Interface,
2026-06-30,B0BPLZ5CGV,946.55,Audio Array-B0BPLZ5CGV-Audio Interface-SD-Audience,0,524199669707983,0,25634,B0BPLZ5CGV,367954928515427,0.0,78,Audio Array-B0BPLZ5CGV-Audio Interface-SD-Audience,FBA76864,AI-04 Red,Audio Array,Audio Interface,Audio Interface,
2026-06-26,B0DXFPM4N2,137.69,Studio Monitor,0,88800319740398,0,24270,B0DXFPM4N2,351170855286614,0.0,97,Audio Array-Catch All-SD-CT,FBA79482,AM-S1,Audio Array,Monitor Speakers,Studio Monitor Speaker,
2026-06-27,B0DXFPM4N2,273.86,Studio Monitor,1,88800319740398,1,26703,B0DXFPM4N2,351170855286614,9574.58,126,Audio Array-Catch All-SD-CT,FBA79482,AM-S1,Audio Array,Monitor Speakers,Studio Monitor Speaker,
2026-06-28,B0DXFPM4N2,270.16,Studio Monitor,0,88800319740398,0,24956,B0DXFPM4N2,351170855286614,0.0,123,Audio Array-Catch All-SD-CT,FBA79482,AM-S1,Audio Array,Monitor Speakers,Studio Monitor Speaker,
2026-06-29,B0DXFPM4N2,195.81,Studio Monitor,0,88800319740398,0,25381,B0DXFPM4N2,351170855286614,0.0,108,Audio Array-Catch All-SD-CT,FBA79482,AM-S1,Audio Array,Monitor Speakers,Studio Monitor Speaker,
2026-06-30,B0DXFPM4N2,189.53,Studio Monitor,0,88800319740398,0,26372,B0DXFPM4N2,351170855286614,0.0,117,Audio Array-Catch All-SD-CT,FBA79482,AM-S1,Audio Array,Monitor Speakers,Studio Monitor Speaker,
2026-06-26,B0CM9L1QZG,0.0,Wireless Lapel Mic,0,88800319740398,0,0,FBA79108,485818304366864,0.0,0,Audio Array-Catch All-SD-CT,FBA79108,AM-W16,Audio Array,Microphone Wireless Lapel,Wireless Lapel Microphone,
2026-06-27,B0CM9L1QZG,0.0,Wireless Lapel Mic,0,88800319740398,0,0,FBA79108,485818304366864,0.0,0,Audio Array-Catch All-SD-CT,FBA79108,AM-W16,Audio Array,Microphone Wireless Lapel,Wireless Lapel Microphone,
2026-06-28,B0CM9L1QZG,0.0,Wireless Lapel Mic,0,88800319740398,0,0,FBA79108,485818304366864,0.0,0,Audio Array-Catch All-SD-CT,FBA79108,AM-W16,Audio Array,Microphone Wireless Lapel,Wireless Lapel Microphone,
2026-06-29,B0CM9L1QZG,0.0,Wireless Lapel Mic,0,88800319740398,0,0,FBA79108,485818304366864,0.0,0,Audio Array-Catch All-SD-CT,FBA79108,AM-W16,Audio Array,Microphone Wireless Lapel,Wireless Lapel Microphone,
2026-06-30,B0CM9L1QZG,0.0,Wireless Lapel Mic,0,88800319740398,0,0,FBA79108,485818304366864,0.0,0,Audio Array-Catch All-SD-CT,FBA79108,AM-W16,Audio Array,Microphone Wireless Lapel,Wireless Lapel Microphone,
2026-06-26,B0CM9P5CCK,0.0,Wireless Lapel Mic,0,88800319740398,0,0,B0CM9P5CCK,485818304366864,0.0,0,Audio Array-Catch All-SD-CT,FBA79107,AM-W17,Audio Array,Microphone Wireless Lapel,Wireless Lapel Microphone,
2026-06-27,B0CM9P5CCK,0.0,Wireless Lapel Mic,0,88800319740398,0,0,B0CM9P5CCK,485818304366864,0.0,0,Audio Array-Catch All-SD-CT,FBA79107,AM-W17,Audio Array,Microphone Wireless Lapel,Wireless Lapel Microphone,
2026-06-28,B0CM9P5CCK,0.0,Wireless Lapel Mic,0,88800319740398,0,0,B0CM9P5CCK,485818304366864,0.0,0,Audio Array-Catch All-SD-CT,FBA79107,AM-W17,Audio Array,Microphone Wireless Lapel,Wireless Lapel Microphone,
2026-06-29,B0CM9P5CCK,0.0,Wireless Lapel Mic,0,88800319740398,0,0,B0CM9P5CCK,485818304366864,0.0,0,Audio Array-Catch All-SD-CT,FBA79107,AM-W17,Audio Array,Microphone Wireless Lapel,Wireless Lapel Microphone,
2026-06-30,B0CM9P5CCK,0.0,Wireless Lapel Mic,0,88800319740398,0,0,B0CM9P5CCK,485818304366864,0.0,0,Audio Array-Catch All-SD-CT,FBA79107,AM-W17,Audio Array,Microphone Wireless Lapel,Wireless Lapel Microphone,
2026-06-26,B0D3M1B4Z8,8.17,Condenser Microphones,0,88800319740398,0,4140,B0D3M1B4Z8,1530305156531,0.0,4,Audio Array-Catch All-SD-CT,FBA79380,AM-C46,Audio Array,Microphone Condenser,Condenser Mic with Boom Arm,
2026-06-27,B0D3M1B4Z8,26.65,Condenser Microphones,0,88800319740398,0,5568,B0D3M1B4Z8,1530305156531,0.0,6,Audio Array-Catch All-SD-CT,FBA79380,AM-C46,Audio Array,Microphone Condenser,Condenser Mic with Boom Arm,
2026-06-28,B0D3M1B4Z8,13.08,Condenser Microphones,1,88800319740398,1,6451,B0D3M1B4Z8,1530305156531,2880.51,7,Audio Array-Catch All-SD-CT,FBA79380,AM-C46,Audio Array,Microphone Condenser,Condenser Mic with Boom Arm,
2026-06-29,B0D3M1B4Z8,35.36,Condenser Microphones,0,88800319740398,0,4946,B0D3M1B4Z8,1530305156531,0.0,7,Audio Array-Catch All-SD-CT,FBA79380,AM-C46,Audio Array,Microphone Condenser,Condenser Mic with Boom Arm,
2026-06-30,B0D3M1B4Z8,48.66,Condenser Microphones,0,88800319740398,0,6625,B0D3M1B4Z8,1530305156531,0.0,13,Audio Array-Catch All-SD-CT,FBA79380,AM-C46,Audio Array,Microphone Condenser,Condenser Mic with Boom Arm,
2026-06-26,B0D3LZWTHV,0.0,Dynamic Mic,0,88800319740398,0,0,B0D3LZWTHV,189182706060711,0.0,0,Audio Array-Catch All-SD-CT,FBA79379,AM-C45,Audio Array,Microphone Dynamic,Dynamic Microphone,
2026-06-27,B0D3LZWTHV,0.0,Dynamic Mic,0,88800319740398,0,0,B0D3LZWTHV,189182706060711,0.0,0,Audio Array-Catch All-SD-CT,FBA79379,AM-C45,Audio Array,Microphone Dynamic,Dynamic Microphone,
2026-06-28,B0D3LZWTHV,0.0,Dynamic Mic,0,88800319740398,0,0,B0D3LZWTHV,189182706060711,0.0,0,Audio Array-Catch All-SD-CT,FBA79379,AM-C45,Audio Array,Microphone Dynamic,Dynamic Microphone,
2026-06-29,B0D3LZWTHV,0.0,Dynamic Mic,0,88800319740398,0,0,B0D3LZWTHV,189182706060711,0.0,0,Audio Array-Catch All-SD-CT,FBA79379,AM-C45,Audio Array,Microphone Dynamic,Dynamic Microphone,
2026-06-30,B0D3LZWTHV,0.0,Dynamic Mic,0,88800319740398,0,0,B0D3LZWTHV,189182706060711,0.0,0,Audio Array-Catch All-SD-CT,FBA79379,AM-C45,Audio Array,Microphone Dynamic,Dynamic Microphone,
2026-06-26,B0DXFPM4N2,0.0,AM-S1,0,421040402925353,0,0,B0DXFPM4N2,546547861511351,0.0,0,AA_Studio_Monitor_AM-S1_SD_In-Marketing,FBA79482,AM-S1,Audio Array,Monitor Speakers,Studio Monitor Speaker,
2026-06-27,B0DXFPM4N2,0.0,AM-S1,0,421040402925353,0,0,B0DXFPM4N2,546547861511351,0.0,0,AA_Studio_Monitor_AM-S1_SD_In-Marketing,FBA79482,AM-S1,Audio Array,Monitor Speakers,Studio Monitor Speaker,
2026-06-28,B0DXFPM4N2,0.0,AM-S1,0,421040402925353,0,0,B0DXFPM4N2,546547861511351,0.0,0,AA_Studio_Monitor_AM-S1_SD_In-Marketing,FBA79482,AM-S1,Audio Array,Monitor Speakers,Studio Monitor Speaker,
2026-06-29,B0DXFPM4N2,0.0,AM-S1,0,421040402925353,0,0,B0DXFPM4N2,546547861511351,0.0,0,AA_Studio_Monitor_AM-S1_SD_In-Marketing,FBA79482,AM-S1,Audio Array,Monitor Speakers,Studio Monitor Speaker,
2026-06-30,B0DXFPM4N2,0.0,AM-S1,0,421040402925353,0,0,B0DXFPM4N2,546547861511351,0.0,0,AA_Studio_Monitor_AM-S1_SD_In-Marketing,FBA79482,AM-S1,Audio Array,Monitor Speakers,Studio Monitor Speaker,
2026-06-26,B0FPR962YS,0.0,Wireless Lapel Mic,0,88800319740398,0,0,B0FPR962YS,485818304366864,0.0,0,Audio Array-Catch All-SD-CT,FBA79816,AM-W22,Audio Array,Microphone Wireless Lapel,Wireless Lapel Microphone,
2026-06-27,B0FPR962YS,0.0,Wireless Lapel Mic,0,88800319740398,0,0,B0FPR962YS,485818304366864,0.0,0,Audio Array-Catch All-SD-CT,FBA79816,AM-W22,Audio Array,Microphone Wireless Lapel,Wireless Lapel Microphone,
2026-06-28,B0FPR962YS,0.0,Wireless Lapel Mic,0,88800319740398,0,0,B0FPR962YS,485818304366864,0.0,0,Audio Array-Catch All-SD-CT,FBA79816,AM-W22,Audio Array,Microphone Wireless Lapel,Wireless Lapel Microphone,
2026-06-29,B0FPR962YS,0.0,Wireless Lapel Mic,0,88800319740398,0,0,B0FPR962YS,485818304366864,0.0,0,Audio Array-Catch All-SD-CT,FBA79816,AM-W22,Audio Array,Microphone Wireless Lapel,Wireless Lapel Microphone,
2026-06-30,B0FPR962YS,0.0,Wireless Lapel Mic,0,88800319740398,0,0,B0FPR962YS,485818304366864,0.0,0,Audio Array-Catch All-SD-CT,FBA79816,AM-W22,Audio Array,Microphone Wireless Lapel,Wireless Lapel Microphone,
2026-06-26,B0FPR7VFCH,0.0,Wireless Lapel Mic,0,88800319740398,0,0,B0FPR7VFCH,485818304366864,0.0,0,Audio Array-Catch All-SD-CT,FBA79815,AM-W19,Audio Array,Microphone Wireless Lapel,Wireless Lapel Microphone,
2026-06-27,B0FPR7VFCH,0.0,Wireless Lapel Mic,0,88800319740398,0,0,B0FPR7VFCH,485818304366864,0.0,0,Audio Array-Catch All-SD-CT,FBA79815,AM-W19,Audio Array,Microphone Wireless Lapel,Wireless Lapel Microphone,
2026-06-28,B0FPR7VFCH,0.0,Wireless Lapel Mic,0,88800319740398,0,0,B0FPR7VFCH,485818304366864,0.0,0,Audio Array-Catch All-SD-CT,FBA79815,AM-W19,Audio Array,Microphone Wireless Lapel,Wireless Lapel Microphone,
2026-06-29,B0FPR7VFCH,0.0,Wireless Lapel Mic,0,88800319740398,0,0,B0FPR7VFCH,485818304366864,0.0,0,Audio Array-Catch All-SD-CT,FBA79815,AM-W19,Audio Array,Microphone Wireless Lapel,Wireless Lapel Microphone,
2026-06-30,B0FPR7VFCH,0.0,Wireless Lapel Mic,0,88800319740398,0,0,B0FPR7VFCH,485818304366864,0.0,0,Audio Array-Catch All-SD-CT,FBA79815,AM-W19,Audio Array,Microphone Wireless Lapel,Wireless Lapel Microphone,
2026-06-26,B0FVM17Q4W,0.0,Wireless Lapel Mic,0,88800319740398,0,0,FBA79909,485818304366864,0.0,0,Audio Array-Catch All-SD-CT,FBA79909,AM-W20,Audio Array,Microphone Wireless Lapel,Wireless Lapel Microphone,
2026-06-27,B0FVM17Q4W,0.0,Wireless Lapel Mic,0,88800319740398,0,0,FBA79909,485818304366864,0.0,0,Audio Array-Catch All-SD-CT,FBA79909,AM-W20,Audio Array,Microphone Wireless Lapel,Wireless Lapel Microphone,
2026-06-28,B0FVM17Q4W,0.0,Wireless Lapel Mic,0,88800319740398,0,0,FBA79909,485818304366864,0.0,0,Audio Array-Catch All-SD-CT,FBA79909,AM-W20,Audio Array,Microphone Wireless Lapel,Wireless Lapel Microphone,
2026-06-29,B0FVM17Q4W,0.0,Wireless Lapel Mic,0,88800319740398,0,0,FBA79909,485818304366864,0.0,0,Audio Array-Catch All-SD-CT,FBA79909,AM-W20,Audio Array,Microphone Wireless Lapel,Wireless Lapel Microphone,
2026-06-30,B0FVM17Q4W,0.0,Wireless Lapel Mic,0,88800319740398,0,0,FBA79909,485818304366864,0.0,0,Audio Array-Catch All-SD-CT,FBA79909,AM-W20,Audio Array,Microphone Wireless Lapel,Wireless Lapel Microphone,
2026-06-26,B0FG88HVQ8,271.82,Audio Array-B0FG88HVQ8-DJ Headphone-SD-PT,1,275721825853561,1,7561,B0FG88HVQ8,323075178229933,1694.07,27,Audio Array-B0FG88HVQ8-DJ Headphone-SD-PT,FBA79813,AH-50,Audio Array,DJ Headphone,DJ Headphone,
2026-06-27,B0FG88HVQ8,285.15,Audio Array-B0FG88HVQ8-DJ Headphone-SD-PT,0,275721825853561,0,8374,B0FG88HVQ8,323075178229933,0.0,44,Audio Array-B0FG88HVQ8-DJ Headphone-SD-PT,FBA79813,AH-50,Audio Array,DJ Headphone,DJ Headphone,
2026-06-28,B0FG88HVQ8,323.57,Audio Array-B0FG88HVQ8-DJ Headphone-SD-PT,1,275721825853561,1,8357,B0FG88HVQ8,323075178229933,1609.32,43,Audio Array-B0FG88HVQ8-DJ Headphone-SD-PT,FBA79813,AH-50,Audio Array,DJ Headphone,DJ Headphone,
2026-06-29,B0FG88HVQ8,73.06,Audio Array-B0FG88HVQ8-DJ Headphone-SD-PT,0,275721825853561,0,7186,B0FG88HVQ8,323075178229933,0.0,15,Audio Array-B0FG88HVQ8-DJ Headphone-SD-PT,FBA79813,AH-50,Audio Array,DJ Headphone,DJ Headphone,
2026-06-30,B0FG88HVQ8,387.31,Audio Array-B0FG88HVQ8-DJ Headphone-SD-PT,3,275721825853561,3,6785,B0FG88HVQ8,323075178229933,5082.2,28,Audio Array-B0FG88HVQ8-DJ Headphone-SD-PT,FBA79813,AH-50,Audio Array,DJ Headphone,DJ Headphone,
2026-06-26,B0B4DPX2J2,0.0,Audio Array-Multi Ad group-Condenser-SD-PT,0,339757386460382,0,0,B0B4DPX2J2,507142498946816,0.0,0,Audio Array-B0B4DPX2J2-Condenser-SD-PT,FBA75673,AM-C1,Audio Array,Microphone Condenser,USB Microphone Kit - Boomarm,
2026-06-27,B0B4DPX2J2,0.0,Audio Array-Multi Ad group-Condenser-SD-PT,0,339757386460382,0,0,B0B4DPX2J2,507142498946816,0.0,0,Audio Array-B0B4DPX2J2-Condenser-SD-PT,FBA75673,AM-C1,Audio Array,Microphone Condenser,USB Microphone Kit - Boomarm,
2026-06-28,B0B4DPX2J2,0.0,Audio Array-Multi Ad group-Condenser-SD-PT,0,339757386460382,0,0,B0B4DPX2J2,507142498946816,0.0,0,Audio Array-B0B4DPX2J2-Condenser-SD-PT,FBA75673,AM-C1,Audio Array,Microphone Condenser,USB Microphone Kit - Boomarm,
2026-06-29,B0B4DPX2J2,0.0,Audio Array-Multi Ad group-Condenser-SD-PT,0,339757386460382,0,0,B0B4DPX2J2,507142498946816,0.0,0,Audio Array-B0B4DPX2J2-Condenser-SD-PT,FBA75673,AM-C1,Audio Array,Microphone Condenser,USB Microphone Kit - Boomarm,
2026-06-30,B0B4DPX2J2,0.0,Audio Array-Multi Ad group-Condenser-SD-PT,0,339757386460382,0,0,B0B4DPX2J2,507142498946816,0.0,0,Audio Array-B0B4DPX2J2-Condenser-SD-PT,FBA75673,AM-C1,Audio Array,Microphone Condenser,USB Microphone Kit - Boomarm,
2026-06-26,B0GKPXQ8G3,0.0,Wireless Lapel Mic,0,88800319740398,0,0,B0GKPXQ8G3,485818304366864,0.0,0,Audio Array-Catch All-SD-CT,FBA80016,AM-W22,Audio Array,Microphone Wireless Lapel,Wireless Lapel Microphone,
2026-06-27,B0GKPXQ8G3,0.0,Wireless Lapel Mic,0,88800319740398,0,0,B0GKPXQ8G3,485818304366864,0.0,0,Audio Array-Catch All-SD-CT,FBA80016,AM-W22,Audio Array,Microphone Wireless Lapel,Wireless Lapel Microphone,
2026-06-28,B0GKPXQ8G3,0.0,Wireless Lapel Mic,0,88800319740398,0,0,B0GKPXQ8G3,485818304366864,0.0,0,Audio Array-Catch All-SD-CT,FBA80016,AM-W22,Audio Array,Microphone Wireless Lapel,Wireless Lapel Microphone,
2026-06-29,B0GKPXQ8G3,0.0,Wireless Lapel Mic,0,88800319740398,0,0,B0GKPXQ8G3,485818304366864,0.0,0,Audio Array-Catch All-SD-CT,FBA80016,AM-W22,Audio Array,Microphone Wireless Lapel,Wireless Lapel Microphone,
2026-06-30,B0GKPXQ8G3,0.0,Wireless Lapel Mic,0,88800319740398,0,0,B0GKPXQ8G3,485818304366864,0.0,0,Audio Array-Catch All-SD-CT,FBA80016,AM-W22,Audio Array,Microphone Wireless Lapel,Wireless Lapel Microphone,
2026-06-26,B0G3Q517Y2,0.0,Wireless Lapel Mic,0,88800319740398,0,0,B0G3Q517Y2,485818304366864,0.0,0,Audio Array-Catch All-SD-CT,FBA79957,AM-W23,Audio Array,Microphone Wireless Lapel,Wireless Lapel Microphone,
2026-06-27,B0G3Q517Y2,0.0,Wireless Lapel Mic,0,88800319740398,0,0,B0G3Q517Y2,485818304366864,0.0,0,Audio Array-Catch All-SD-CT,FBA79957,AM-W23,Audio Array,Microphone Wireless Lapel,Wireless Lapel Microphone,
2026-06-28,B0G3Q517Y2,0.0,Wireless Lapel Mic,0,88800319740398,0,0,B0G3Q517Y2,485818304366864,0.0,0,Audio Array-Catch All-SD-CT,FBA79957,AM-W23,Audio Array,Microphone Wireless Lapel,Wireless Lapel Microphone,
2026-06-29,B0G3Q517Y2,0.0,Wireless Lapel Mic,0,88800319740398,0,0,B0G3Q517Y2,485818304366864,0.0,0,Audio Array-Catch All-SD-CT,FBA79957,AM-W23,Audio Array,Microphone Wireless Lapel,Wireless Lapel Microphone,
2026-06-30,B0G3Q517Y2,0.0,Wireless Lapel Mic,0,88800319740398,0,0,B0G3Q517Y2,485818304366864,0.0,0,Audio Array-Catch All-SD-CT,FBA79957,AM-W23,Audio Array,Microphone Wireless Lapel,Wireless Lapel Microphone,
2026-06-26,B0G3Q59X8C,0.0,Wireless Lapel Mic,0,88800319740398,0,0,B0G3Q59X8C,485818304366864,0.0,0,Audio Array-Catch All-SD-CT,FBA79958,AM-W24,Audio Array,Microphone Wireless Lapel,Wireless Lapel Microphone,
2026-06-27,B0G3Q59X8C,0.0,Wireless Lapel Mic,0,88800319740398,0,0,B0G3Q59X8C,485818304366864,0.0,0,Audio Array-Catch All-SD-CT,FBA79958,AM-W24,Audio Array,Microphone Wireless Lapel,Wireless Lapel Microphone,
2026-06-28,B0G3Q59X8C,0.0,Wireless Lapel Mic,0,88800319740398,0,0,B0G3Q59X8C,485818304366864,0.0,0,Audio Array-Catch All-SD-CT,FBA79958,AM-W24,Audio Array,Microphone Wireless Lapel,Wireless Lapel Microphone,
2026-06-29,B0G3Q59X8C,0.0,Wireless Lapel Mic,0,88800319740398,0,0,B0G3Q59X8C,485818304366864,0.0,0,Audio Array-Catch All-SD-CT,FBA79958,AM-W24,Audio Array,Microphone Wireless Lapel,Wireless Lapel Microphone,
2026-06-30,B0G3Q59X8C,0.0,Wireless Lapel Mic,0,88800319740398,0,0,B0G3Q59X8C,485818304366864,0.0,0,Audio Array-Catch All-SD-CT,FBA79958,AM-W24,Audio Array,Microphone Wireless Lapel,Wireless Lapel Microphone,
2026-06-26,B0G2C2RCXN,0.0,Wireless Lapel Mic,0,88800319740398,0,0,B0G2C2RCXN,485818304366864,0.0,0,Audio Array-Catch All-SD-CT,FBA79967,AM-W19,Audio Array,Microphone Wireless Lapel,Wireless Lapel Microphone,
2026-06-27,B0G2C2RCXN,0.0,Wireless Lapel Mic,0,88800319740398,0,0,B0G2C2RCXN,485818304366864,0.0,0,Audio Array-Catch All-SD-CT,FBA79967,AM-W19,Audio Array,Microphone Wireless Lapel,Wireless Lapel Microphone,
2026-06-28,B0G2C2RCXN,0.0,Wireless Lapel Mic,0,88800319740398,0,0,B0G2C2RCXN,485818304366864,0.0,0,Audio Array-Catch All-SD-CT,FBA79967,AM-W19,Audio Array,Microphone Wireless Lapel,Wireless Lapel Microphone,
2026-06-29,B0G2C2RCXN,0.0,Wireless Lapel Mic,0,88800319740398,0,0,B0G2C2RCXN,485818304366864,0.0,0,Audio Array-Catch All-SD-CT,FBA79967,AM-W19,Audio Array,Microphone Wireless Lapel,Wireless Lapel Microphone,
2026-06-30,B0G2C2RCXN,0.0,Wireless Lapel Mic,0,88800319740398,0,0,B0G2C2RCXN,485818304366864,0.0,0,Audio Array-Catch All-SD-CT,FBA79967,AM-W19,Audio Array,Microphone Wireless Lapel,Wireless Lapel Microphone,
2026-06-26,B0CH4RNWJX,46.64,Condenser Microphones,0,88800319740398,0,4880,B0CH4RNWJX,1530305156531,0.0,8,Audio Array-Catch All-SD-CT,FBA79011,AM-C43,Audio Array,Microphone Condenser,XLR Microphone Kit - Boomarm,
2026-06-27,B0CH4RNWJX,59.12,Condenser Microphones,0,88800319740398,0,4507,B0CH4RNWJX,1530305156531,0.0,10,Audio Array-Catch All-SD-CT,FBA79011,AM-C43,Audio Array,Microphone Condenser,XLR Microphone Kit - Boomarm,
2026-06-28,B0CH4RNWJX,57.38,Condenser Microphones,0,88800319740398,0,3917,B0CH4RNWJX,1530305156531,0.0,10,Audio Array-Catch All-SD-CT,FBA79011,AM-C43,Audio Array,Microphone Condenser,XLR Microphone Kit - Boomarm,
2026-06-29,B0CH4RNWJX,95.55,Condenser Microphones,0,88800319740398,0,3224,B0CH4RNWJX,1530305156531,0.0,10,Audio Array-Catch All-SD-CT,FBA79011,AM-C43,Audio Array,Microphone Condenser,XLR Microphone Kit - Boomarm,
2026-06-30,B0CH4RNWJX,61.79,Condenser Microphones,0,88800319740398,0,3717,B0CH4RNWJX,1530305156531,0.0,12,Audio Array-Catch All-SD-CT,FBA79011,AM-C43,Audio Array,Microphone Condenser,XLR Microphone Kit - Boomarm,
2026-06-26,B0B4DPX2J2,0.0,SD PT,0,141203437506581,0,0,B0B4DPX2J2,495866250972751,0.0,0,AA_Condenser_AM-C1_SD_PT (Self),FBA75673,AM-C1,Audio Array,Microphone Condenser,USB Microphone Kit - Boomarm,
2026-06-27,B0B4DPX2J2,0.0,SD PT,0,141203437506581,0,0,B0B4DPX2J2,495866250972751,0.0,0,AA_Condenser_AM-C1_SD_PT (Self),FBA75673,AM-C1,Audio Array,Microphone Condenser,USB Microphone Kit - Boomarm,
2026-06-28,B0B4DPX2J2,0.0,SD PT,0,141203437506581,0,0,B0B4DPX2J2,495866250972751,0.0,0,AA_Condenser_AM-C1_SD_PT (Self),FBA75673,AM-C1,Audio Array,Microphone Condenser,USB Microphone Kit - Boomarm,
2026-06-29,B0B4DPX2J2,0.0,SD PT,0,141203437506581,0,0,B0B4DPX2J2,495866250972751,0.0,0,AA_Condenser_AM-C1_SD_PT (Self),FBA75673,AM-C1,Audio Array,Microphone Condenser,USB Microphone Kit - Boomarm,
2026-06-30,B0B4DPX2J2,0.0,SD PT,0,141203437506581,0,0,B0B4DPX2J2,495866250972751,0.0,0,AA_Condenser_AM-C1_SD_PT (Self),FBA75673,AM-C1,Audio Array,Microphone Condenser,USB Microphone Kit - Boomarm,
2026-06-26,B0D3M1B4Z8,0.0,SD PT,0,141203437506581,0,0,B0D3M1B4Z8,495866250972751,0.0,0,AA_Condenser_AM-C1_SD_PT (Self),FBA79380,AM-C46,Audio Array,Microphone Condenser,Condenser Mic with Boom Arm,
2026-06-27,B0D3M1B4Z8,0.0,SD PT,0,141203437506581,0,0,B0D3M1B4Z8,495866250972751,0.0,0,AA_Condenser_AM-C1_SD_PT (Self),FBA79380,AM-C46,Audio Array,Microphone Condenser,Condenser Mic with Boom Arm,
2026-06-28,B0D3M1B4Z8,0.0,SD PT,0,141203437506581,0,0,B0D3M1B4Z8,495866250972751,0.0,0,AA_Condenser_AM-C1_SD_PT (Self),FBA79380,AM-C46,Audio Array,Microphone Condenser,Condenser Mic with Boom Arm,
2026-06-29,B0D3M1B4Z8,0.0,SD PT,0,141203437506581,0,0,B0D3M1B4Z8,495866250972751,0.0,0,AA_Condenser_AM-C1_SD_PT (Self),FBA79380,AM-C46,Audio Array,Microphone Condenser,Condenser Mic with Boom Arm,
2026-06-30,B0D3M1B4Z8,0.0,SD PT,0,141203437506581,0,0,B0D3M1B4Z8,495866250972751,0.0,0,AA_Condenser_AM-C1_SD_PT (Self),FBA79380,AM-C46,Audio Array,Microphone Condenser,Condenser Mic with Boom Arm,
2026-06-26,B0GN97RFPR,1003.08,Studio Monitor,2,88800319740398,2,164478,FBA79848,351170855286614,11693.22,631,Audio Array-Catch All-SD-CT,FBA79848,AM-S2,Audio Array,Monitor Speakers,Studio Monitor Speaker,
2026-06-27,B0GN97RFPR,1009.0,Studio Monitor,3,88800319740398,3,165877,FBA79848,351170855286614,8006.78,591,Audio Array-Catch All-SD-CT,FBA79848,AM-S2,Audio Array,Monitor Speakers,Studio Monitor Speaker,
2026-06-28,B0GN97RFPR,1039.53,Studio Monitor,1,88800319740398,1,172932,FBA79848,351170855286614,7626.27,643,Audio Array-Catch All-SD-CT,FBA79848,AM-S2,Audio Array,Monitor Speakers,Studio Monitor Speaker,
2026-06-29,B0GN97RFPR,916.64,Studio Monitor,3,88800319740398,3,139139,FBA79848,351170855286614,9150.0,530,Audio Array-Catch All-SD-CT,FBA79848,AM-S2,Audio Array,Monitor Speakers,Studio Monitor Speaker,
2026-06-30,B0GN97RFPR,991.34,Studio Monitor,1,88800319740398,1,110101,FBA79848,351170855286614,7626.27,599,Audio Array-Catch All-SD-CT,FBA79848,AM-S2,Audio Array,Monitor Speakers,Studio Monitor Speaker,
2026-06-26,B0DN6MNS1X,0.0,Dynamic Mic,0,88800319740398,0,0,B0DN6MNS1X,189182706060711,0.0,0,Audio Array-Catch All-SD-CT,FBA79654,AM-C11 Pro,Audio Array,Microphone Dynamic,Microphone Dynamic,
2026-06-27,B0DN6MNS1X,0.0,Dynamic Mic,0,88800319740398,0,0,B0DN6MNS1X,189182706060711,0.0,0,Audio Array-Catch All-SD-CT,FBA79654,AM-C11 Pro,Audio Array,Microphone Dynamic,Microphone Dynamic,
2026-06-28,B0DN6MNS1X,0.0,Dynamic Mic,0,88800319740398,0,0,B0DN6MNS1X,189182706060711,0.0,0,Audio Array-Catch All-SD-CT,FBA79654,AM-C11 Pro,Audio Array,Microphone Dynamic,Microphone Dynamic,
2026-06-29,B0DN6MNS1X,0.0,Dynamic Mic,0,88800319740398,0,0,B0DN6MNS1X,189182706060711,0.0,0,Audio Array-Catch All-SD-CT,FBA79654,AM-C11 Pro,Audio Array,Microphone Dynamic,Microphone Dynamic,
2026-06-30,B0DN6MNS1X,0.0,Dynamic Mic,0,88800319740398,0,0,B0DN6MNS1X,189182706060711,0.0,0,Audio Array-Catch All-SD-CT,FBA79654,AM-C11 Pro,Audio Array,Microphone Dynamic,Microphone Dynamic,
2026-06-26,B0DN6PFWNK,0.0,Dynamic Mic,0,88800319740398,0,0,B0DN6PFWNK,189182706060711,0.0,0,Audio Array-Catch All-SD-CT,FBA79655,AM-C44 Pro,Audio Array,Microphone Dynamic,Microphone Dynamic,
2026-06-27,B0DN6PFWNK,0.0,Dynamic Mic,0,88800319740398,0,0,B0DN6PFWNK,189182706060711,0.0,0,Audio Array-Catch All-SD-CT,FBA79655,AM-C44 Pro,Audio Array,Microphone Dynamic,Microphone Dynamic,
2026-06-28,B0DN6PFWNK,0.0,Dynamic Mic,0,88800319740398,0,0,B0DN6PFWNK,189182706060711,0.0,0,Audio Array-Catch All-SD-CT,FBA79655,AM-C44 Pro,Audio Array,Microphone Dynamic,Microphone Dynamic,
2026-06-29,B0DN6PFWNK,0.0,Dynamic Mic,0,88800319740398,0,0,B0DN6PFWNK,189182706060711,0.0,0,Audio Array-Catch All-SD-CT,FBA79655,AM-C44 Pro,Audio Array,Microphone Dynamic,Microphone Dynamic,
2026-06-30,B0DN6PFWNK,0.0,Dynamic Mic,0,88800319740398,0,0,B0DN6PFWNK,189182706060711,0.0,0,Audio Array-Catch All-SD-CT,FBA79655,AM-C44 Pro,Audio Array,Microphone Dynamic,Microphone Dynamic,
2026-06-26,B0GW8Z556N,0.0,Handheld Dynamic,0,88800319740398,0,0,FBM79996,92137177023119,0.0,0,Audio Array-Catch All-SD-CT,FBA79996,AM-C49,Audio Array,Microphone Dynamic,Vocal Microphone,
2026-06-27,B0GW8Z556N,0.0,Handheld Dynamic,0,88800319740398,0,0,FBM79996,92137177023119,0.0,0,Audio Array-Catch All-SD-CT,FBA79996,AM-C49,Audio Array,Microphone Dynamic,Vocal Microphone,
2026-06-28,B0GW8Z556N,0.0,Handheld Dynamic,0,88800319740398,0,0,FBM79996,92137177023119,0.0,0,Audio Array-Catch All-SD-CT,FBA79996,AM-C49,Audio Array,Microphone Dynamic,Vocal Microphone,
2026-06-29,B0GW8Z556N,0.0,Handheld Dynamic,0,88800319740398,0,0,FBM79996,92137177023119,0.0,0,Audio Array-Catch All-SD-CT,FBA79996,AM-C49,Audio Array,Microphone Dynamic,Vocal Microphone,
2026-06-30,B0GW8Z556N,0.0,Handheld Dynamic,0,88800319740398,0,0,FBM79996,92137177023119,0.0,0,Audio Array-Catch All-SD-CT,FBA79996,AM-C49,Audio Array,Microphone Dynamic,Vocal Microphone,
2026-06-26,B0GW8VBCBL,0.0,Handheld Dynamic,0,88800319740398,0,0,FBM79995,92137177023119,0.0,0,Audio Array-Catch All-SD-CT,FBA79995,AM-C50,Audio Array,Microphone Dynamic,Vocal Microphone,
2026-06-27,B0GW8VBCBL,0.0,Handheld Dynamic,0,88800319740398,0,0,FBM79995,92137177023119,0.0,0,Audio Array-Catch All-SD-CT,FBA79995,AM-C50,Audio Array,Microphone Dynamic,Vocal Microphone,
2026-06-28,B0GW8VBCBL,0.0,Handheld Dynamic,0,88800319740398,0,0,FBM79995,92137177023119,0.0,0,Audio Array-Catch All-SD-CT,FBA79995,AM-C50,Audio Array,Microphone Dynamic,Vocal Microphone,
2026-06-29,B0GW8VBCBL,0.0,Handheld Dynamic,0,88800319740398,0,0,FBM79995,92137177023119,0.0,0,Audio Array-Catch All-SD-CT,FBA79995,AM-C50,Audio Array,Microphone Dynamic,Vocal Microphone,
2026-06-30,B0GW8VBCBL,0.0,Handheld Dynamic,0,88800319740398,0,0,FBM79995,92137177023119,0.0,0,Audio Array-Catch All-SD-CT,FBA79995,AM-C50,Audio Array,Microphone Dynamic,Vocal Microphone,
2026-06-26,B0GW8R2RYM,0.0,Handheld Dynamic,0,88800319740398,0,0,FBM80009,92137177023119,0.0,0,Audio Array-Catch All-SD-CT,FBA80009,AM-C51,Audio Array,Microphone Dynamic,Vocal Microphone,
2026-06-27,B0GW8R2RYM,0.0,Handheld Dynamic,0,88800319740398,0,0,FBM80009,92137177023119,0.0,0,Audio Array-Catch All-SD-CT,FBA80009,AM-C51,Audio Array,Microphone Dynamic,Vocal Microphone,
2026-06-28,B0GW8R2RYM,0.0,Handheld Dynamic,0,88800319740398,0,0,FBM80009,92137177023119,0.0,0,Audio Array-Catch All-SD-CT,FBA80009,AM-C51,Audio Array,Microphone Dynamic,Vocal Microphone,
2026-06-29,B0GW8R2RYM,0.0,Handheld Dynamic,0,88800319740398,0,0,FBM80009,92137177023119,0.0,0,Audio Array-Catch All-SD-CT,FBA80009,AM-C51,Audio Array,Microphone Dynamic,Vocal Microphone,
2026-06-30,B0GW8R2RYM,0.0,Handheld Dynamic,0,88800319740398,0,0,FBM80009,92137177023119,0.0,0,Audio Array-Catch All-SD-CT,FBA80009,AM-C51,Audio Array,Microphone Dynamic,Vocal Microphone,
2026-06-26,B0GW8ZQRFK,0.0,Handheld Dynamic,0,88800319740398,0,0,B0GW8ZQRFK,92137177023119,0.0,0,Audio Array-Catch All-SD-CT,FBA80010,AM-C52,Audio Array,Microphone Dynamic,Vocal Microphone,
2026-06-27,B0GW8ZQRFK,0.0,Handheld Dynamic,0,88800319740398,0,0,B0GW8ZQRFK,92137177023119,0.0,0,Audio Array-Catch All-SD-CT,FBA80010,AM-C52,Audio Array,Microphone Dynamic,Vocal Microphone,
2026-06-28,B0GW8ZQRFK,0.0,Handheld Dynamic,0,88800319740398,0,0,B0GW8ZQRFK,92137177023119,0.0,0,Audio Array-Catch All-SD-CT,FBA80010,AM-C52,Audio Array,Microphone Dynamic,Vocal Microphone,
2026-06-29,B0GW8ZQRFK,0.0,Handheld Dynamic,0,88800319740398,0,0,B0GW8ZQRFK,92137177023119,0.0,0,Audio Array-Catch All-SD-CT,FBA80010,AM-C52,Audio Array,Microphone Dynamic,Vocal Microphone,
2026-06-30,B0GW8ZQRFK,0.0,Handheld Dynamic,0,88800319740398,0,0,B0GW8ZQRFK,92137177023119,0.0,0,Audio Array-Catch All-SD-CT,FBA80010,AM-C52,Audio Array,Microphone Dynamic,Vocal Microphone,
2026-06-26,B0G53H49BS,600.95,Mixer,1,88800319740398,1,30109,B0G53H49BS,357270359239140,4448.31,140,Audio Array-Catch All-SD-CT,FBA79961,AI-13,Audio Array,Audio Mixer,4 channels Mixer,
2026-06-27,B0G53H49BS,635.58,Mixer,1,88800319740398,1,28983,B0G53H49BS,357270359239140,2372.03,128,Audio Array-Catch All-SD-CT,FBA79961,AI-13,Audio Array,Audio Mixer,4 channels Mixer,
2026-06-28,B0G53H49BS,560.98,Mixer,1,88800319740398,1,33567,B0G53H49BS,357270359239140,2372.03,133,Audio Array-Catch All-SD-CT,FBA79961,AI-13,Audio Array,Audio Mixer,4 channels Mixer,
2026-06-29,B0G53H49BS,587.85,Mixer,3,88800319740398,3,31791,B0G53H49BS,357270359239140,3722.03,128,Audio Array-Catch All-SD-CT,FBA79961,AI-13,Audio Array,Audio Mixer,4 channels Mixer,
2026-06-30,B0G53H49BS,711.81,Mixer,3,88800319740398,3,35380,B0G53H49BS,357270359239140,4744.06,142,Audio Array-Catch All-SD-CT,FBA79961,AI-13,Audio Array,Audio Mixer,4 channels Mixer,
2026-06-26,B0G53M9258,384.76,Mixer,0,88800319740398,0,23614,B0G53M9258,357270359239140,0.0,105,Audio Array-Catch All-SD-CT,FBA79968,AI-14,Audio Array,Audio Mixer,8 channels Mixer,
2026-06-27,B0G53M9258,545.6,Mixer,0,88800319740398,0,30659,B0G53M9258,357270359239140,0.0,102,Audio Array-Catch All-SD-CT,FBA79968,AI-14,Audio Array,Audio Mixer,8 channels Mixer,
2026-06-28,B0G53M9258,538.38,Mixer,0,88800319740398,0,31067,B0G53M9258,357270359239140,0.0,110,Audio Array-Catch All-SD-CT,FBA79968,AI-14,Audio Array,Audio Mixer,8 channels Mixer,
2026-06-29,B0G53M9258,543.87,Mixer,0,88800319740398,0,29850,B0G53M9258,357270359239140,0.0,115,Audio Array-Catch All-SD-CT,FBA79968,AI-14,Audio Array,Audio Mixer,8 channels Mixer,
2026-06-30,B0G53M9258,499.05,Mixer,0,88800319740398,0,29830,B0G53M9258,357270359239140,0.0,88,Audio Array-Catch All-SD-CT,FBA79968,AI-14,Audio Array,Audio Mixer,8 channels Mixer,
2026-06-26,B0GCP1J2HC,20.51,Mixer,0,88800319740398,0,827,B0GCP1J2HC,357270359239140,0.0,4,Audio Array-Catch All-SD-CT,FBA79972,M8,Audio Array,Audio Mixer,8 channels Mixer,
2026-06-27,B0GCP1J2HC,0.0,Mixer,0,88800319740398,0,0,B0GCP1J2HC,357270359239140,0.0,0,Audio Array-Catch All-SD-CT,FBA79972,M8,Audio Array,Audio Mixer,8 channels Mixer,
2026-06-28,B0GCP1J2HC,0.0,Mixer,0,88800319740398,0,0,B0GCP1J2HC,357270359239140,0.0,0,Audio Array-Catch All-SD-CT,FBA79972,M8,Audio Array,Audio Mixer,8 channels Mixer,
2026-06-29,B0GCP1J2HC,24.55,Mixer,1,88800319740398,1,290,B0GCP1J2HC,357270359239140,1609.32,3,Audio Array-Catch All-SD-CT,FBA79972,M8,Audio Array,Audio Mixer,8 channels Mixer,
2026-06-30,B0GCP1J2HC,0.0,Mixer,0,88800319740398,0,0,B0GCP1J2HC,357270359239140,0.0,0,Audio Array-Catch All-SD-CT,FBA79972,M8,Audio Array,Audio Mixer,8 channels Mixer,
2026-06-26,B0GN2LHJY4,0.0,Mixer,0,88800319740398,0,0,B0GN2LHJY4,357270359239140,0.0,0,Audio Array-Catch All-SD-CT,FBA80007,MT-12,Audio Array,Audio Mixer,12 channels Mixer,
2026-06-27,B0GN2LHJY4,0.0,Mixer,0,88800319740398,0,0,B0GN2LHJY4,357270359239140,0.0,0,Audio Array-Catch All-SD-CT,FBA80007,MT-12,Audio Array,Audio Mixer,12 channels Mixer,
2026-06-28,B0GN2LHJY4,0.0,Mixer,0,88800319740398,0,0,B0GN2LHJY4,357270359239140,0.0,0,Audio Array-Catch All-SD-CT,FBA80007,MT-12,Audio Array,Audio Mixer,12 channels Mixer,
2026-06-29,B0GN2LHJY4,0.0,Mixer,0,88800319740398,0,0,B0GN2LHJY4,357270359239140,0.0,0,Audio Array-Catch All-SD-CT,FBA80007,MT-12,Audio Array,Audio Mixer,12 channels Mixer,
2026-06-30,B0GN2LHJY4,0.0,Mixer,0,88800319740398,0,0,B0GN2LHJY4,357270359239140,0.0,0,Audio Array-Catch All-SD-CT,FBA80007,MT-12,Audio Array,Audio Mixer,12 channels Mixer,
2026-06-26,B0FFB6YJM1,0.0,Ad group - 1,0,35441080560180,0,11,B0FFB6YJM1,539830322340115,0.0,0,AudioArray-B0FFB6YJM1-Soundbar_SD_Video-PT,FBA79708,SB-01,Audio Array,Sound Bar,Sound Bar,
2026-06-27,B0FFB6YJM1,0.0,Ad group - 1,0,35441080560180,0,0,B0FFB6YJM1,539830322340115,0.0,0,AudioArray-B0FFB6YJM1-Soundbar_SD_Video-PT,FBA79708,SB-01,Audio Array,Sound Bar,Sound Bar,
2026-06-28,B0FFB6YJM1,0.0,Ad group - 1,0,35441080560180,0,0,B0FFB6YJM1,539830322340115,0.0,0,AudioArray-B0FFB6YJM1-Soundbar_SD_Video-PT,FBA79708,SB-01,Audio Array,Sound Bar,Sound Bar,
2026-06-29,B0FFB6YJM1,0.0,Ad group - 1,0,35441080560180,0,0,B0FFB6YJM1,539830322340115,0.0,0,AudioArray-B0FFB6YJM1-Soundbar_SD_Video-PT,FBA79708,SB-01,Audio Array,Sound Bar,Sound Bar,
2026-06-30,B0FFB6YJM1,0.0,Ad group - 1,0,35441080560180,0,0,B0FFB6YJM1,539830322340115,0.0,0,AudioArray-B0FFB6YJM1-Soundbar_SD_Video-PT,FBA79708,SB-01,Audio Array,Sound Bar,Sound Bar,
2026-06-26,B0FFB6YJM1,0.0,Ad group - 2,0,35441080560180,0,5,B0FFB6YJM1,407954458795009,0.0,0,AudioArray-B0FFB6YJM1-Soundbar_SD_Video-PT,FBA79708,SB-01,Audio Array,Sound Bar,Sound Bar,
2026-06-27,B0FFB6YJM1,0.0,Ad group - 2,0,35441080560180,0,0,B0FFB6YJM1,407954458795009,0.0,0,AudioArray-B0FFB6YJM1-Soundbar_SD_Video-PT,FBA79708,SB-01,Audio Array,Sound Bar,Sound Bar,
2026-06-28,B0FFB6YJM1,0.0,Ad group - 2,0,35441080560180,0,0,B0FFB6YJM1,407954458795009,0.0,0,AudioArray-B0FFB6YJM1-Soundbar_SD_Video-PT,FBA79708,SB-01,Audio Array,Sound Bar,Sound Bar,
2026-06-29,B0FFB6YJM1,0.0,Ad group - 2,0,35441080560180,0,0,B0FFB6YJM1,407954458795009,0.0,0,AudioArray-B0FFB6YJM1-Soundbar_SD_Video-PT,FBA79708,SB-01,Audio Array,Sound Bar,Sound Bar,
2026-06-30,B0FFB6YJM1,0.0,Ad group - 2,0,35441080560180,0,0,B0FFB6YJM1,407954458795009,0.0,0,AudioArray-B0FFB6YJM1-Soundbar_SD_Video-PT,FBA79708,SB-01,Audio Array,Sound Bar,Sound Bar,
