date,ams_orders,Spend,adGroupName,campaignId,Impressions,14 Day Total Sales (₹),adGroupId,raw_sku,asin,Clicks,campaignName,14 Day Total Units (#),sku,model,brand,category_l0,category_l1,category_l2
2026-06-01,0,23.55,Camb-SP-Lshape-CDesk-Multiple Asin- PT,289530718938549,872,0.0,547956455393054,FBA76416,B0BFW59TRG,1,Camb-SP-L shape-CDesk-Multiple Asin- PT,0,FBA76416,WM-LOD-BK,White Mulberry,Desk,L-Shaped Desk,
2026-06-02,0,187.88,Camb-SP-Lshape-CDesk-Multiple Asin- PT,289530718938549,881,0.0,547956455393054,FBA76416,B0BFW59TRG,8,Camb-SP-L shape-CDesk-Multiple Asin- PT,0,FBA76416,WM-LOD-BK,White Mulberry,Desk,L-Shaped Desk,
2026-06-03,0,227.86,Camb-SP-Lshape-CDesk-Multiple Asin- PT,289530718938549,721,0.0,547956455393054,FBA76416,B0BFW59TRG,8,Camb-SP-L shape-CDesk-Multiple Asin- PT,0,FBA76416,WM-LOD-BK,White Mulberry,Desk,L-Shaped Desk,
2026-06-04,0,282.67,Camb-SP-Lshape-CDesk-Multiple Asin- PT,289530718938549,648,0.0,547956455393054,FBA76416,B0BFW59TRG,9,Camb-SP-L shape-CDesk-Multiple Asin- PT,0,FBA76416,WM-LOD-BK,White Mulberry,Desk,L-Shaped Desk,
2026-06-05,0,163.53,Camb-SP-Lshape-CDesk-Multiple Asin- PT,289530718938549,597,0.0,547956455393054,FBA76416,B0BFW59TRG,5,Camb-SP-L shape-CDesk-Multiple Asin- PT,0,FBA76416,WM-LOD-BK,White Mulberry,Desk,L-Shaped Desk,
2026-06-06,0,224.67,Camb-SP-Lshape-CDesk-Multiple Asin- PT,289530718938549,973,0.0,547956455393054,FBA76416,B0BFW59TRG,8,Camb-SP-L shape-CDesk-Multiple Asin- PT,0,FBA76416,WM-LOD-BK,White Mulberry,Desk,L-Shaped Desk,
2026-06-07,1,251.17,Camb-SP-Lshape-CDesk-Multiple Asin- PT,289530718938549,829,7075.42,547956455393054,FBA76416,B0BFW59TRG,9,Camb-SP-L shape-CDesk-Multiple Asin- PT,1,FBA76416,WM-LOD-BK,White Mulberry,Desk,L-Shaped Desk,
2026-06-08,0,232.54,Camb-SP-Lshape-CDesk-Multiple Asin- PT,289530718938549,642,0.0,547956455393054,FBA76416,B0BFW59TRG,7,Camb-SP-L shape-CDesk-Multiple Asin- PT,0,FBA76416,WM-LOD-BK,White Mulberry,Desk,L-Shaped Desk,
2026-06-09,0,133.62,Camb-SP-Lshape-CDesk-Multiple Asin- PT,289530718938549,654,0.0,547956455393054,FBA76416,B0BFW59TRG,6,Camb-SP-L shape-CDesk-Multiple Asin- PT,0,FBA76416,WM-LOD-BK,White Mulberry,Desk,L-Shaped Desk,
2026-06-10,0,138.38,Camb-SP-Lshape-CDesk-Multiple Asin- PT,289530718938549,620,0.0,547956455393054,FBA76416,B0BFW59TRG,5,Camb-SP-L shape-CDesk-Multiple Asin- PT,0,FBA76416,WM-LOD-BK,White Mulberry,Desk,L-Shaped Desk,
2026-06-11,0,28.98,Camb-SP-Lshape-CDesk-Multiple Asin- PT,289530718938549,125,0.0,547956455393054,FBA76416,B0BFW59TRG,1,Camb-SP-L shape-CDesk-Multiple Asin- PT,0,FBA76416,WM-LOD-BK,White Mulberry,Desk,L-Shaped Desk,
2026-06-12,0,110.46,Camb-SP-Lshape-CDesk-Multiple Asin- PT,289530718938549,693,0.0,547956455393054,FBA76416,B0BFW59TRG,3,Camb-SP-L shape-CDesk-Multiple Asin- PT,0,FBA76416,WM-LOD-BK,White Mulberry,Desk,L-Shaped Desk,
2026-06-13,0,141.6,Camb-SP-Lshape-CDesk-Multiple Asin- PT,289530718938549,773,0.0,547956455393054,FBA76416,B0BFW59TRG,6,Camb-SP-L shape-CDesk-Multiple Asin- PT,0,FBA76416,WM-LOD-BK,White Mulberry,Desk,L-Shaped Desk,
2026-06-14,0,28.08,Camb-SP-Lshape-CDesk-Multiple Asin- PT,289530718938549,137,0.0,547956455393054,FBA76416,B0BFW59TRG,1,Camb-SP-L shape-CDesk-Multiple Asin- PT,0,FBA76416,WM-LOD-BK,White Mulberry,Desk,L-Shaped Desk,
2026-06-15,0,0.0,Camb-SP-Lshape-CDesk-Multiple Asin- PT,289530718938549,119,0.0,547956455393054,FBA76416,B0BFW59TRG,0,Camb-SP-L shape-CDesk-Multiple Asin- PT,0,FBA76416,WM-LOD-BK,White Mulberry,Desk,L-Shaped Desk,
2026-06-16,0,0.0,Camb-SP-Lshape-CDesk-Multiple Asin- PT,289530718938549,53,0.0,547956455393054,FBA76416,B0BFW59TRG,0,Camb-SP-L shape-CDesk-Multiple Asin- PT,0,FBA76416,WM-LOD-BK,White Mulberry,Desk,L-Shaped Desk,
2026-06-17,0,0.0,Camb-SP-Lshape-CDesk-Multiple Asin- PT,289530718938549,1,0.0,547956455393054,FBA76416,B0BFW59TRG,0,Camb-SP-L shape-CDesk-Multiple Asin- PT,0,FBA76416,WM-LOD-BK,White Mulberry,Desk,L-Shaped Desk,
2026-06-18,0,55.69,Camb-SP-Lshape-CDesk-Multiple Asin- PT,289530718938549,140,0.0,547956455393054,FBA76416,B0BFW59TRG,2,Camb-SP-L shape-CDesk-Multiple Asin- PT,0,FBA76416,WM-LOD-BK,White Mulberry,Desk,L-Shaped Desk,
2026-06-19,0,25.03,Camb-SP-Lshape-CDesk-Multiple Asin- PT,289530718938549,143,0.0,547956455393054,FBA76416,B0BFW59TRG,1,Camb-SP-L shape-CDesk-Multiple Asin- PT,0,FBA76416,WM-LOD-BK,White Mulberry,Desk,L-Shaped Desk,
2026-06-20,0,0.0,Camb-SP-Lshape-CDesk-Multiple Asin- PT,289530718938549,22,0.0,547956455393054,FBA76416,B0BFW59TRG,0,Camb-SP-L shape-CDesk-Multiple Asin- PT,0,FBA76416,WM-LOD-BK,White Mulberry,Desk,L-Shaped Desk,
2026-06-15,0,0.0,Camb-SP-Lshape-CDesk-Multiple Asin- PT,289530718938549,0,0.0,547956455393054,FBA76415,B0BFWD6SNF,0,Camb-SP-L shape-CDesk-Multiple Asin- PT,0,FBA76415,WM-LOD-CF,White Mulberry,Desk,L-Shaped Desk,
2026-06-01,0,628.76,SP KT,342881645216651,6093,0.0,519614556161900,FBA79179,B0CPT3Q25C,23,Camb-SP-Motorized Desk-B0CPT3Q25C- Exact,0,FBA79179,WM-SE08-CF,White Mulberry,Desk-Adjustable,Motorized,
2026-06-02,0,445.53,SP KT,342881645216651,3507,0.0,519614556161900,FBA79179,B0CPT3Q25C,13,Camb-SP-Motorized Desk-B0CPT3Q25C- Exact,0,FBA79179,WM-SE08-CF,White Mulberry,Desk-Adjustable,Motorized,
2026-06-19,0,0.0,SP KT,342881645216651,0,0.0,519614556161900,FBA79179,B0CPT3Q25C,0,Camb-SP-Motorized Desk-B0CPT3Q25C- Exact,0,FBA79179,WM-SE08-CF,White Mulberry,Desk-Adjustable,Motorized,
2026-06-01,0,278.77,Competitor SP PT,560137260484327,1593,0.0,290559463904827,FBA79179,B0CPT3Q25C,8,Camb-SP-stand desk- B0DQ1NV8D2- PT,0,FBA79179,WM-SE08-CF,White Mulberry,Desk-Adjustable,Motorized,
2026-06-02,0,264.82,Competitor SP PT,560137260484327,946,0.0,290559463904827,FBA79179,B0CPT3Q25C,7,Camb-SP-stand desk- B0DQ1NV8D2- PT,0,FBA79179,WM-SE08-CF,White Mulberry,Desk-Adjustable,Motorized,
2026-06-03,0,376.31,Competitor SP PT,560137260484327,1223,0.0,290559463904827,FBA79179,B0CPT3Q25C,12,Camb-SP-stand desk- B0DQ1NV8D2- PT,0,FBA79179,WM-SE08-CF,White Mulberry,Desk-Adjustable,Motorized,
2026-06-04,0,212.25,Competitor SP PT,560137260484327,402,0.0,290559463904827,FBA79179,B0CPT3Q25C,6,Camb-SP-stand desk- B0DQ1NV8D2- PT,0,FBA79179,WM-SE08-CF,White Mulberry,Desk-Adjustable,Motorized,
2026-06-05,0,202.37,Competitor SP PT,560137260484327,647,0.0,290559463904827,FBA79179,B0CPT3Q25C,5,Camb-SP-stand desk- B0DQ1NV8D2- PT,0,FBA79179,WM-SE08-CF,White Mulberry,Desk-Adjustable,Motorized,
2026-06-06,0,207.84,Competitor SP PT,560137260484327,619,0.0,290559463904827,FBA79179,B0CPT3Q25C,5,Camb-SP-stand desk- B0DQ1NV8D2- PT,0,FBA79179,WM-SE08-CF,White Mulberry,Desk-Adjustable,Motorized,
2026-06-07,0,323.49,Competitor SP PT,560137260484327,894,0.0,290559463904827,FBA79179,B0CPT3Q25C,8,Camb-SP-stand desk- B0DQ1NV8D2- PT,0,FBA79179,WM-SE08-CF,White Mulberry,Desk-Adjustable,Motorized,
2026-06-08,0,248.55,Competitor SP PT,560137260484327,705,0.0,290559463904827,FBA79179,B0CPT3Q25C,6,Camb-SP-stand desk- B0DQ1NV8D2- PT,0,FBA79179,WM-SE08-CF,White Mulberry,Desk-Adjustable,Motorized,
2026-06-09,0,250.95,Competitor SP PT,560137260484327,1190,0.0,290559463904827,FBA79179,B0CPT3Q25C,5,Camb-SP-stand desk- B0DQ1NV8D2- PT,0,FBA79179,WM-SE08-CF,White Mulberry,Desk-Adjustable,Motorized,
2026-06-10,0,294.21,Competitor SP PT,560137260484327,560,0.0,290559463904827,FBA79179,B0CPT3Q25C,10,Camb-SP-stand desk- B0DQ1NV8D2- PT,0,FBA79179,WM-SE08-CF,White Mulberry,Desk-Adjustable,Motorized,
2026-06-11,0,183.98,Competitor SP PT,560137260484327,458,0.0,290559463904827,FBA79179,B0CPT3Q25C,5,Camb-SP-stand desk- B0DQ1NV8D2- PT,0,FBA79179,WM-SE08-CF,White Mulberry,Desk-Adjustable,Motorized,
2026-06-12,0,243.12,Competitor SP PT,560137260484327,797,0.0,290559463904827,FBA79179,B0CPT3Q25C,7,Camb-SP-stand desk- B0DQ1NV8D2- PT,0,FBA79179,WM-SE08-CF,White Mulberry,Desk-Adjustable,Motorized,
2026-06-13,0,267.16,Competitor SP PT,560137260484327,684,0.0,290559463904827,FBA79179,B0CPT3Q25C,8,Camb-SP-stand desk- B0DQ1NV8D2- PT,0,FBA79179,WM-SE08-CF,White Mulberry,Desk-Adjustable,Motorized,
2026-06-14,0,0.0,Competitor SP PT,560137260484327,24,0.0,290559463904827,FBA79179,B0CPT3Q25C,0,Camb-SP-stand desk- B0DQ1NV8D2- PT,0,FBA79179,WM-SE08-CF,White Mulberry,Desk-Adjustable,Motorized,
2026-06-15,0,0.0,Competitor SP PT,560137260484327,201,0.0,290559463904827,FBA79179,B0CPT3Q25C,0,Camb-SP-stand desk- B0DQ1NV8D2- PT,0,FBA79179,WM-SE08-CF,White Mulberry,Desk-Adjustable,Motorized,
2026-06-16,0,96.31,Competitor SP PT,560137260484327,414,0.0,290559463904827,FBA79179,B0CPT3Q25C,3,Camb-SP-stand desk- B0DQ1NV8D2- PT,0,FBA79179,WM-SE08-CF,White Mulberry,Desk-Adjustable,Motorized,
2026-06-17,0,27.53,Competitor SP PT,560137260484327,216,0.0,290559463904827,FBA79179,B0CPT3Q25C,1,Camb-SP-stand desk- B0DQ1NV8D2- PT,0,FBA79179,WM-SE08-CF,White Mulberry,Desk-Adjustable,Motorized,
2026-06-18,0,0.0,Competitor SP PT,560137260484327,92,0.0,290559463904827,FBA79179,B0CPT3Q25C,0,Camb-SP-stand desk- B0DQ1NV8D2- PT,0,FBA79179,WM-SE08-CF,White Mulberry,Desk-Adjustable,Motorized,
2026-06-19,0,45.0,Competitor SP PT,560137260484327,77,0.0,290559463904827,FBA79179,B0CPT3Q25C,1,Camb-SP-stand desk- B0DQ1NV8D2- PT,0,FBA79179,WM-SE08-CF,White Mulberry,Desk-Adjustable,Motorized,
2026-06-20,0,157.41,Competitor SP PT,560137260484327,134,0.0,290559463904827,FBA79179,B0CPT3Q25C,4,Camb-SP-stand desk- B0DQ1NV8D2- PT,0,FBA79179,WM-SE08-CF,White Mulberry,Desk-Adjustable,Motorized,
2026-06-21,0,107.26,Competitor SP PT,560137260484327,140,0.0,290559463904827,FBA79179,B0CPT3Q25C,4,Camb-SP-stand desk- B0DQ1NV8D2- PT,0,FBA79179,WM-SE08-CF,White Mulberry,Desk-Adjustable,Motorized,
2026-06-01,0,602.08,B0BFVMDJ2K,448535718219287,5436,0.0,476359613412584,FBA76417,B0BFVMDJ2K,26,Camb-SP-L shape-B0BFVMDJ2K/B0BFWD6SNF- Exact/Phrase,0,FBA76417,WM-LOD-WH,White Mulberry,Desk,L-Shaped Desk,
2026-06-02,0,356.34,B0BFVMDJ2K,448535718219287,2584,0.0,476359613412584,FBA76417,B0BFVMDJ2K,18,Camb-SP-L shape-B0BFVMDJ2K/B0BFWD6SNF- Exact/Phrase,0,FBA76417,WM-LOD-WH,White Mulberry,Desk,L-Shaped Desk,
2026-06-03,0,640.95,B0BFVMDJ2K,448535718219287,5717,0.0,476359613412584,FBA76417,B0BFVMDJ2K,28,Camb-SP-L shape-B0BFVMDJ2K/B0BFWD6SNF- Exact/Phrase,0,FBA76417,WM-LOD-WH,White Mulberry,Desk,L-Shaped Desk,
2026-06-04,0,516.45,B0BFVMDJ2K,448535718219287,4429,0.0,476359613412584,FBA76417,B0BFVMDJ2K,25,Camb-SP-L shape-B0BFVMDJ2K/B0BFWD6SNF- Exact/Phrase,0,FBA76417,WM-LOD-WH,White Mulberry,Desk,L-Shaped Desk,
2026-06-05,0,341.77,B0BFVMDJ2K,448535718219287,1504,0.0,476359613412584,FBA76417,B0BFVMDJ2K,11,Camb-SP-L shape-B0BFVMDJ2K/B0BFWD6SNF- Exact/Phrase,0,FBA76417,WM-LOD-WH,White Mulberry,Desk,L-Shaped Desk,
2026-06-06,0,313.41,B0BFVMDJ2K,448535718219287,1823,0.0,476359613412584,FBA76417,B0BFVMDJ2K,11,Camb-SP-L shape-B0BFVMDJ2K/B0BFWD6SNF- Exact/Phrase,0,FBA76417,WM-LOD-WH,White Mulberry,Desk,L-Shaped Desk,
2026-06-07,0,310.9,B0BFVMDJ2K,448535718219287,1089,0.0,476359613412584,FBA76417,B0BFVMDJ2K,11,Camb-SP-L shape-B0BFVMDJ2K/B0BFWD6SNF- Exact/Phrase,0,FBA76417,WM-LOD-WH,White Mulberry,Desk,L-Shaped Desk,
2026-06-08,0,350.58,B0BFVMDJ2K,448535718219287,1289,0.0,476359613412584,FBA76417,B0BFVMDJ2K,16,Camb-SP-L shape-B0BFVMDJ2K/B0BFWD6SNF- Exact/Phrase,0,FBA76417,WM-LOD-WH,White Mulberry,Desk,L-Shaped Desk,
2026-06-09,0,351.19,B0BFVMDJ2K,448535718219287,2514,0.0,476359613412584,FBA76417,B0BFVMDJ2K,14,Camb-SP-L shape-B0BFVMDJ2K/B0BFWD6SNF- Exact/Phrase,0,FBA76417,WM-LOD-WH,White Mulberry,Desk,L-Shaped Desk,
2026-06-10,0,406.99,B0BFVMDJ2K,448535718219287,2009,0.0,476359613412584,FBA76417,B0BFVMDJ2K,15,Camb-SP-L shape-B0BFVMDJ2K/B0BFWD6SNF- Exact/Phrase,0,FBA76417,WM-LOD-WH,White Mulberry,Desk,L-Shaped Desk,
2026-06-11,0,352.18,B0BFVMDJ2K,448535718219287,2667,0.0,476359613412584,FBA76417,B0BFVMDJ2K,13,Camb-SP-L shape-B0BFVMDJ2K/B0BFWD6SNF- Exact/Phrase,0,FBA76417,WM-LOD-WH,White Mulberry,Desk,L-Shaped Desk,
2026-06-12,0,358.46,B0BFVMDJ2K,448535718219287,2053,0.0,476359613412584,FBA76417,B0BFVMDJ2K,17,Camb-SP-L shape-B0BFVMDJ2K/B0BFWD6SNF- Exact/Phrase,0,FBA76417,WM-LOD-WH,White Mulberry,Desk,L-Shaped Desk,
2026-06-13,0,352.68,B0BFVMDJ2K,448535718219287,2032,0.0,476359613412584,FBA76417,B0BFVMDJ2K,13,Camb-SP-L shape-B0BFVMDJ2K/B0BFWD6SNF- Exact/Phrase,0,FBA76417,WM-LOD-WH,White Mulberry,Desk,L-Shaped Desk,
2026-06-14,0,453.87,B0BFVMDJ2K,448535718219287,1738,0.0,476359613412584,FBA76417,B0BFVMDJ2K,16,Camb-SP-L shape-B0BFVMDJ2K/B0BFWD6SNF- Exact/Phrase,0,FBA76417,WM-LOD-WH,White Mulberry,Desk,L-Shaped Desk,
2026-06-15,0,407.03,B0BFVMDJ2K,448535718219287,3060,0.0,476359613412584,FBA76417,B0BFVMDJ2K,17,Camb-SP-L shape-B0BFVMDJ2K/B0BFWD6SNF- Exact/Phrase,0,FBA76417,WM-LOD-WH,White Mulberry,Desk,L-Shaped Desk,
2026-06-16,0,425.29,B0BFVMDJ2K,448535718219287,3521,0.0,476359613412584,FBA76417,B0BFVMDJ2K,17,Camb-SP-L shape-B0BFVMDJ2K/B0BFWD6SNF- Exact/Phrase,0,FBA76417,WM-LOD-WH,White Mulberry,Desk,L-Shaped Desk,
2026-06-17,0,271.19,B0BFVMDJ2K,448535718219287,2102,0.0,476359613412584,FBA76417,B0BFVMDJ2K,12,Camb-SP-L shape-B0BFVMDJ2K/B0BFWD6SNF- Exact/Phrase,0,FBA76417,WM-LOD-WH,White Mulberry,Desk,L-Shaped Desk,
2026-06-18,0,315.74,B0BFVMDJ2K,448535718219287,2949,0.0,476359613412584,FBA76417,B0BFVMDJ2K,13,Camb-SP-L shape-B0BFVMDJ2K/B0BFWD6SNF- Exact/Phrase,0,FBA76417,WM-LOD-WH,White Mulberry,Desk,L-Shaped Desk,
2026-06-19,0,302.56,B0BFVMDJ2K,448535718219287,1339,0.0,476359613412584,FBA76417,B0BFVMDJ2K,10,Camb-SP-L shape-B0BFVMDJ2K/B0BFWD6SNF- Exact/Phrase,0,FBA76417,WM-LOD-WH,White Mulberry,Desk,L-Shaped Desk,
2026-06-20,0,408.45,B0BFVMDJ2K,448535718219287,2748,0.0,476359613412584,FBA76417,B0BFVMDJ2K,17,Camb-SP-L shape-B0BFVMDJ2K/B0BFWD6SNF- Exact/Phrase,0,FBA76417,WM-LOD-WH,White Mulberry,Desk,L-Shaped Desk,
2026-06-21,0,375.85,B0BFVMDJ2K,448535718219287,2673,0.0,476359613412584,FBA76417,B0BFVMDJ2K,17,Camb-SP-L shape-B0BFVMDJ2K/B0BFWD6SNF- Exact/Phrase,0,FBA76417,WM-LOD-WH,White Mulberry,Desk,L-Shaped Desk,
2026-06-01,0,357.78,EX and PH,358669458515629,2045,0.0,283286854914329,FBA79167,B0CPFS24ML,23,SP KT_B0CPFS24ML_Manual_Gaming,0,FBA79167,WM-GD07-CB,White Mulberry,Desk,Gaming Desk,
2026-06-02,0,360.59,EX and PH,358669458515629,1464,0.0,283286854914329,FBA79167,B0CPFS24ML,21,SP KT_B0CPFS24ML_Manual_Gaming,0,FBA79167,WM-GD07-CB,White Mulberry,Desk,Gaming Desk,
2026-06-01,0,86.14,SP_PT,426994415684787,438,0.0,379878346221662,FBA79167,B0CPFS24ML,6,Camb-SP-Zshape-B0CPFS24ML-PT01,0,FBA79167,WM-GD07-CB,White Mulberry,Desk,Gaming Desk,
2026-06-02,0,255.81,SP_PT,426994415684787,935,0.0,379878346221662,FBA79167,B0CPFS24ML,13,Camb-SP-Zshape-B0CPFS24ML-PT01,0,FBA79167,WM-GD07-CB,White Mulberry,Desk,Gaming Desk,
2026-06-03,1,459.68,SP_PT,426994415684787,1268,11016.1,379878346221662,FBA79167,B0CPFS24ML,21,Camb-SP-Zshape-B0CPFS24ML-PT01,1,FBA79167,WM-GD07-CB,White Mulberry,Desk,Gaming Desk,
2026-06-04,0,249.79,SP_PT,426994415684787,899,0.0,379878346221662,FBA79167,B0CPFS24ML,13,Camb-SP-Zshape-B0CPFS24ML-PT01,0,FBA79167,WM-GD07-CB,White Mulberry,Desk,Gaming Desk,
2026-06-05,0,379.26,SP_PT,426994415684787,897,0.0,379878346221662,FBA79167,B0CPFS24ML,18,Camb-SP-Zshape-B0CPFS24ML-PT01,0,FBA79167,WM-GD07-CB,White Mulberry,Desk,Gaming Desk,
2026-06-06,0,183.54,SP_PT,426994415684787,713,0.0,379878346221662,FBA79167,B0CPFS24ML,14,Camb-SP-Zshape-B0CPFS24ML-PT01,0,FBA79167,WM-GD07-CB,White Mulberry,Desk,Gaming Desk,
2026-06-07,0,232.92,SP_PT,426994415684787,917,0.0,379878346221662,FBA79167,B0CPFS24ML,13,Camb-SP-Zshape-B0CPFS24ML-PT01,0,FBA79167,WM-GD07-CB,White Mulberry,Desk,Gaming Desk,
2026-06-08,0,112.5,SP_PT,426994415684787,666,0.0,379878346221662,FBA79167,B0CPFS24ML,12,Camb-SP-Zshape-B0CPFS24ML-PT01,0,FBA79167,WM-GD07-CB,White Mulberry,Desk,Gaming Desk,
2026-06-09,0,265.83,SP_PT,426994415684787,986,0.0,379878346221662,FBA79167,B0CPFS24ML,14,Camb-SP-Zshape-B0CPFS24ML-PT01,0,FBA79167,WM-GD07-CB,White Mulberry,Desk,Gaming Desk,
2026-06-10,1,152.1,SP_PT,426994415684787,941,7287.28,379878346221662,FBA79167,B0CPFS24ML,9,Camb-SP-Zshape-B0CPFS24ML-PT01,1,FBA79167,WM-GD07-CB,White Mulberry,Desk,Gaming Desk,
2026-06-11,0,135.39,SP_PT,426994415684787,793,0.0,379878346221662,FBA79167,B0CPFS24ML,9,Camb-SP-Zshape-B0CPFS24ML-PT01,0,FBA79167,WM-GD07-CB,White Mulberry,Desk,Gaming Desk,
2026-06-12,0,158.4,SP_PT,426994415684787,868,0.0,379878346221662,FBA79167,B0CPFS24ML,9,Camb-SP-Zshape-B0CPFS24ML-PT01,0,FBA79167,WM-GD07-CB,White Mulberry,Desk,Gaming Desk,
2026-06-13,0,258.08,SP_PT,426994415684787,813,0.0,379878346221662,FBA79167,B0CPFS24ML,14,Camb-SP-Zshape-B0CPFS24ML-PT01,0,FBA79167,WM-GD07-CB,White Mulberry,Desk,Gaming Desk,
2026-06-14,0,127.83,SP_PT,426994415684787,732,0.0,379878346221662,FBA79167,B0CPFS24ML,10,Camb-SP-Zshape-B0CPFS24ML-PT01,0,FBA79167,WM-GD07-CB,White Mulberry,Desk,Gaming Desk,
2026-06-15,0,40.98,SP_PT,426994415684787,539,0.0,379878346221662,FBA79167,B0CPFS24ML,3,Camb-SP-Zshape-B0CPFS24ML-PT01,0,FBA79167,WM-GD07-CB,White Mulberry,Desk,Gaming Desk,
2026-06-16,0,98.53,SP_PT,426994415684787,694,0.0,379878346221662,FBA79167,B0CPFS24ML,8,Camb-SP-Zshape-B0CPFS24ML-PT01,0,FBA79167,WM-GD07-CB,White Mulberry,Desk,Gaming Desk,
2026-06-17,2,99.18,SP_PT,426994415684787,534,14574.58,379878346221662,FBA79167,B0CPFS24ML,7,Camb-SP-Zshape-B0CPFS24ML-PT01,2,FBA79167,WM-GD07-CB,White Mulberry,Desk,Gaming Desk,
2026-06-18,0,101.88,SP_PT,426994415684787,621,0.0,379878346221662,FBA79167,B0CPFS24ML,7,Camb-SP-Zshape-B0CPFS24ML-PT01,0,FBA79167,WM-GD07-CB,White Mulberry,Desk,Gaming Desk,
2026-06-19,0,57.68,SP_PT,426994415684787,554,0.0,379878346221662,FBA79167,B0CPFS24ML,5,Camb-SP-Zshape-B0CPFS24ML-PT01,0,FBA79167,WM-GD07-CB,White Mulberry,Desk,Gaming Desk,
2026-06-20,1,66.38,SP_PT,426994415684787,498,7287.29,379878346221662,FBA79167,B0CPFS24ML,5,Camb-SP-Zshape-B0CPFS24ML-PT01,1,FBA79167,WM-GD07-CB,White Mulberry,Desk,Gaming Desk,
2026-06-21,0,302.71,SP_PT,426994415684787,1440,0.0,379878346221662,FBA79167,B0CPFS24ML,16,Camb-SP-Zshape-B0CPFS24ML-PT01,0,FBA79167,WM-GD07-CB,White Mulberry,Desk,Gaming Desk,
2026-06-01,1,303.83,SP_Category PT_B0CPFS24ML_Gaming,412742150516518,2414,7202.54,312798478472879,FBA79167,B0CPFS24ML,31,Camb- Z shaped - B0CPFS24ML- CT ref-SP,1,FBA79167,WM-GD07-CB,White Mulberry,Desk,Gaming Desk,
2026-06-02,0,423.82,SP_Category PT_B0CPFS24ML_Gaming,412742150516518,4765,0.0,312798478472879,FBA79167,B0CPFS24ML,41,Camb- Z shaped - B0CPFS24ML- CT ref-SP,0,FBA79167,WM-GD07-CB,White Mulberry,Desk,Gaming Desk,
2026-06-03,0,461.62,SP_Category PT_B0CPFS24ML_Gaming,412742150516518,2495,0.0,312798478472879,FBA79167,B0CPFS24ML,38,Camb- Z shaped - B0CPFS24ML- CT ref-SP,0,FBA79167,WM-GD07-CB,White Mulberry,Desk,Gaming Desk,
2026-06-04,0,364.79,SP_Category PT_B0CPFS24ML_Gaming,412742150516518,3524,0.0,312798478472879,FBA79167,B0CPFS24ML,35,Camb- Z shaped - B0CPFS24ML- CT ref-SP,0,FBA79167,WM-GD07-CB,White Mulberry,Desk,Gaming Desk,
2026-06-05,0,404.31,SP_Category PT_B0CPFS24ML_Gaming,412742150516518,2764,0.0,312798478472879,FBA79167,B0CPFS24ML,39,Camb- Z shaped - B0CPFS24ML- CT ref-SP,0,FBA79167,WM-GD07-CB,White Mulberry,Desk,Gaming Desk,
2026-06-06,0,247.57,SP_Category PT_B0CPFS24ML_Gaming,412742150516518,922,0.0,312798478472879,FBA79167,B0CPFS24ML,21,Camb- Z shaped - B0CPFS24ML- CT ref-SP,0,FBA79167,WM-GD07-CB,White Mulberry,Desk,Gaming Desk,
2026-06-07,0,226.56,SP_Category PT_B0CPFS24ML_Gaming,412742150516518,2127,0.0,312798478472879,FBA79167,B0CPFS24ML,26,Camb- Z shaped - B0CPFS24ML- CT ref-SP,0,FBA79167,WM-GD07-CB,White Mulberry,Desk,Gaming Desk,
2026-06-08,0,269.04,SP_Category PT_B0CPFS24ML_Gaming,412742150516518,2277,0.0,312798478472879,FBA79167,B0CPFS24ML,27,Camb- Z shaped - B0CPFS24ML- CT ref-SP,0,FBA79167,WM-GD07-CB,White Mulberry,Desk,Gaming Desk,
2026-06-09,0,398.55,SP_Category PT_B0CPFS24ML_Gaming,412742150516518,2586,0.0,312798478472879,FBA79167,B0CPFS24ML,40,Camb- Z shaped - B0CPFS24ML- CT ref-SP,0,FBA79167,WM-GD07-CB,White Mulberry,Desk,Gaming Desk,
2026-06-10,1,269.59,SP_Category PT_B0CPFS24ML_Gaming,412742150516518,1983,7287.29,312798478472879,FBA79167,B0CPFS24ML,27,Camb- Z shaped - B0CPFS24ML- CT ref-SP,1,FBA79167,WM-GD07-CB,White Mulberry,Desk,Gaming Desk,
2026-06-11,0,309.09,SP_Category PT_B0CPFS24ML_Gaming,412742150516518,1212,0.0,312798478472879,FBA79167,B0CPFS24ML,29,Camb- Z shaped - B0CPFS24ML- CT ref-SP,0,FBA79167,WM-GD07-CB,White Mulberry,Desk,Gaming Desk,
2026-06-12,1,225.44,SP_Category PT_B0CPFS24ML_Gaming,412742150516518,781,7287.29,312798478472879,FBA79167,B0CPFS24ML,21,Camb- Z shaped - B0CPFS24ML- CT ref-SP,1,FBA79167,WM-GD07-CB,White Mulberry,Desk,Gaming Desk,
2026-06-13,0,250.54,SP_Category PT_B0CPFS24ML_Gaming,412742150516518,1800,0.0,312798478472879,FBA79167,B0CPFS24ML,24,Camb- Z shaped - B0CPFS24ML- CT ref-SP,0,FBA79167,WM-GD07-CB,White Mulberry,Desk,Gaming Desk,
2026-06-14,0,300.78,SP_Category PT_B0CPFS24ML_Gaming,412742150516518,1362,0.0,312798478472879,FBA79167,B0CPFS24ML,27,Camb- Z shaped - B0CPFS24ML- CT ref-SP,0,FBA79167,WM-GD07-CB,White Mulberry,Desk,Gaming Desk,
2026-06-15,0,352.54,SP_Category PT_B0CPFS24ML_Gaming,412742150516518,2695,0.0,312798478472879,FBA79167,B0CPFS24ML,36,Camb- Z shaped - B0CPFS24ML- CT ref-SP,0,FBA79167,WM-GD07-CB,White Mulberry,Desk,Gaming Desk,
2026-06-16,0,367.02,SP_Category PT_B0CPFS24ML_Gaming,412742150516518,2661,0.0,312798478472879,FBA79167,B0CPFS24ML,35,Camb- Z shaped - B0CPFS24ML- CT ref-SP,0,FBA79167,WM-GD07-CB,White Mulberry,Desk,Gaming Desk,
2026-06-17,0,359.24,SP_Category PT_B0CPFS24ML_Gaming,412742150516518,3603,0.0,312798478472879,FBA79167,B0CPFS24ML,38,Camb- Z shaped - B0CPFS24ML- CT ref-SP,0,FBA79167,WM-GD07-CB,White Mulberry,Desk,Gaming Desk,
2026-06-18,0,233.43,SP_Category PT_B0CPFS24ML_Gaming,412742150516518,2086,0.0,312798478472879,FBA79167,B0CPFS24ML,27,Camb- Z shaped - B0CPFS24ML- CT ref-SP,0,FBA79167,WM-GD07-CB,White Mulberry,Desk,Gaming Desk,
2026-06-19,0,307.37,SP_Category PT_B0CPFS24ML_Gaming,412742150516518,2631,0.0,312798478472879,FBA79167,B0CPFS24ML,31,Camb- Z shaped - B0CPFS24ML- CT ref-SP,0,FBA79167,WM-GD07-CB,White Mulberry,Desk,Gaming Desk,
2026-06-20,0,271.44,SP_Category PT_B0CPFS24ML_Gaming,412742150516518,1805,0.0,312798478472879,FBA79167,B0CPFS24ML,27,Camb- Z shaped - B0CPFS24ML- CT ref-SP,0,FBA79167,WM-GD07-CB,White Mulberry,Desk,Gaming Desk,
2026-06-21,0,203.21,SP_Category PT_B0CPFS24ML_Gaming,412742150516518,1592,0.0,312798478472879,FBA79167,B0CPFS24ML,17,Camb- Z shaped - B0CPFS24ML- CT ref-SP,0,FBA79167,WM-GD07-CB,White Mulberry,Desk,Gaming Desk,
2026-06-01,0,209.86,SP_CompPT,358589201155658,783,0.0,434320267745611,FBA79179,B0CPT3Q25C,11,Camb-SP-Motorized Desk-B0CPT3Q25C - PT01,0,FBA79179,WM-SE08-CF,White Mulberry,Desk-Adjustable,Motorized,
2026-06-02,0,447.24,SP_CompPT,358589201155658,2958,0.0,434320267745611,FBA79179,B0CPT3Q25C,19,Camb-SP-Motorized Desk-B0CPT3Q25C - PT01,0,FBA79179,WM-SE08-CF,White Mulberry,Desk-Adjustable,Motorized,
2026-06-03,0,472.1,SP_CompPT,358589201155658,2117,0.0,434320267745611,FBA79179,B0CPT3Q25C,19,Camb-SP-Motorized Desk-B0CPT3Q25C - PT01,0,FBA79179,WM-SE08-CF,White Mulberry,Desk-Adjustable,Motorized,
2026-06-04,0,360.89,SP_CompPT,358589201155658,2177,0.0,434320267745611,FBA79179,B0CPT3Q25C,16,Camb-SP-Motorized Desk-B0CPT3Q25C - PT01,0,FBA79179,WM-SE08-CF,White Mulberry,Desk-Adjustable,Motorized,
2026-06-05,0,241.79,SP_CompPT,358589201155658,2067,0.0,434320267745611,FBA79179,B0CPT3Q25C,11,Camb-SP-Motorized Desk-B0CPT3Q25C - PT01,0,FBA79179,WM-SE08-CF,White Mulberry,Desk-Adjustable,Motorized,
2026-06-06,0,352.85,SP_CompPT,358589201155658,527,0.0,434320267745611,FBA79179,B0CPT3Q25C,12,Camb-SP-Motorized Desk-B0CPT3Q25C - PT01,0,FBA79179,WM-SE08-CF,White Mulberry,Desk-Adjustable,Motorized,
2026-06-07,0,257.72,SP_CompPT,358589201155658,661,0.0,434320267745611,FBA79179,B0CPT3Q25C,11,Camb-SP-Motorized Desk-B0CPT3Q25C - PT01,0,FBA79179,WM-SE08-CF,White Mulberry,Desk-Adjustable,Motorized,
2026-06-08,0,363.19,SP_CompPT,358589201155658,1015,0.0,434320267745611,FBA79179,B0CPT3Q25C,14,Camb-SP-Motorized Desk-B0CPT3Q25C - PT01,0,FBA79179,WM-SE08-CF,White Mulberry,Desk-Adjustable,Motorized,
2026-06-09,0,275.15,SP_CompPT,358589201155658,1352,0.0,434320267745611,FBA79179,B0CPT3Q25C,9,Camb-SP-Motorized Desk-B0CPT3Q25C - PT01,0,FBA79179,WM-SE08-CF,White Mulberry,Desk-Adjustable,Motorized,
2026-06-10,0,608.23,SP_CompPT,358589201155658,1820,0.0,434320267745611,FBA79179,B0CPT3Q25C,18,Camb-SP-Motorized Desk-B0CPT3Q25C - PT01,0,FBA79179,WM-SE08-CF,White Mulberry,Desk-Adjustable,Motorized,
2026-06-11,0,545.71,SP_CompPT,358589201155658,2014,0.0,434320267745611,FBA79179,B0CPT3Q25C,20,Camb-SP-Motorized Desk-B0CPT3Q25C - PT01,0,FBA79179,WM-SE08-CF,White Mulberry,Desk-Adjustable,Motorized,
2026-06-12,0,566.73,SP_CompPT,358589201155658,1409,0.0,434320267745611,FBA79179,B0CPT3Q25C,21,Camb-SP-Motorized Desk-B0CPT3Q25C - PT01,0,FBA79179,WM-SE08-CF,White Mulberry,Desk-Adjustable,Motorized,
2026-06-13,0,552.35,SP_CompPT,358589201155658,381,0.0,434320267745611,FBA79179,B0CPT3Q25C,18,Camb-SP-Motorized Desk-B0CPT3Q25C - PT01,0,FBA79179,WM-SE08-CF,White Mulberry,Desk-Adjustable,Motorized,
2026-06-14,0,545.44,SP_CompPT,358589201155658,441,0.0,434320267745611,FBA79179,B0CPT3Q25C,16,Camb-SP-Motorized Desk-B0CPT3Q25C - PT01,0,FBA79179,WM-SE08-CF,White Mulberry,Desk-Adjustable,Motorized,
2026-06-15,0,553.6,SP_CompPT,358589201155658,1757,0.0,434320267745611,FBA79179,B0CPT3Q25C,19,Camb-SP-Motorized Desk-B0CPT3Q25C - PT01,0,FBA79179,WM-SE08-CF,White Mulberry,Desk-Adjustable,Motorized,
2026-06-16,0,546.87,SP_CompPT,358589201155658,839,0.0,434320267745611,FBA79179,B0CPT3Q25C,18,Camb-SP-Motorized Desk-B0CPT3Q25C - PT01,0,FBA79179,WM-SE08-CF,White Mulberry,Desk-Adjustable,Motorized,
2026-06-01,0,616.61,SP_KT_Gaming_Non Performing Ph,319658247499276,9503,0.0,342077107178497,FBA79167,B0CPFS24ML,60,Camb-Zshape-Gaming- B0CPFS24ML-Phrase/Exact,0,FBA79167,WM-GD07-CB,White Mulberry,Desk,Gaming Desk,
2026-06-02,0,521.4,SP_KT_Gaming_Non Performing Ph,319658247499276,6958,0.0,342077107178497,FBA79167,B0CPFS24ML,50,Camb-Zshape-Gaming- B0CPFS24ML-Phrase/Exact,0,FBA79167,WM-GD07-CB,White Mulberry,Desk,Gaming Desk,
2026-06-03,0,664.19,SP_KT_Gaming_Non Performing Ph,319658247499276,10285,0.0,342077107178497,FBA79167,B0CPFS24ML,64,Camb-Zshape-Gaming- B0CPFS24ML-Phrase/Exact,0,FBA79167,WM-GD07-CB,White Mulberry,Desk,Gaming Desk,
2026-06-04,1,570.32,SP_KT_Gaming_Non Performing Ph,319658247499276,5990,7202.54,342077107178497,FBA79167,B0CPFS24ML,52,Camb-Zshape-Gaming- B0CPFS24ML-Phrase/Exact,1,FBA79167,WM-GD07-CB,White Mulberry,Desk,Gaming Desk,
2026-06-05,0,359.56,SP_KT_Gaming_Non Performing Ph,319658247499276,4030,0.0,342077107178497,FBA79167,B0CPFS24ML,38,Camb-Zshape-Gaming- B0CPFS24ML-Phrase/Exact,0,FBA79167,WM-GD07-CB,White Mulberry,Desk,Gaming Desk,
2026-06-06,0,353.94,SP_KT_Gaming_Non Performing Ph,319658247499276,3344,0.0,342077107178497,FBA79167,B0CPFS24ML,32,Camb-Zshape-Gaming- B0CPFS24ML-Phrase/Exact,0,FBA79167,WM-GD07-CB,White Mulberry,Desk,Gaming Desk,
2026-06-07,0,505.65,SP_KT_Gaming_Non Performing Ph,319658247499276,6790,0.0,342077107178497,FBA79167,B0CPFS24ML,50,Camb-Zshape-Gaming- B0CPFS24ML-Phrase/Exact,0,FBA79167,WM-GD07-CB,White Mulberry,Desk,Gaming Desk,
2026-06-08,0,532.51,SP_KT_Gaming_Non Performing Ph,319658247499276,5675,0.0,342077107178497,FBA79167,B0CPFS24ML,52,Camb-Zshape-Gaming- B0CPFS24ML-Phrase/Exact,0,FBA79167,WM-GD07-CB,White Mulberry,Desk,Gaming Desk,
2026-06-09,0,552.34,SP_KT_Gaming_Non Performing Ph,319658247499276,4534,0.0,342077107178497,FBA79167,B0CPFS24ML,48,Camb-Zshape-Gaming- B0CPFS24ML-Phrase/Exact,0,FBA79167,WM-GD07-CB,White Mulberry,Desk,Gaming Desk,
2026-06-10,0,411.37,SP_KT_Gaming_Non Performing Ph,319658247499276,5981,0.0,342077107178497,FBA79167,B0CPFS24ML,38,Camb-Zshape-Gaming- B0CPFS24ML-Phrase/Exact,0,FBA79167,WM-GD07-CB,White Mulberry,Desk,Gaming Desk,
2026-06-11,0,570.04,SP_KT_Gaming_Non Performing Ph,319658247499276,11872,0.0,342077107178497,FBA79167,B0CPFS24ML,55,Camb-Zshape-Gaming- B0CPFS24ML-Phrase/Exact,0,FBA79167,WM-GD07-CB,White Mulberry,Desk,Gaming Desk,
2026-06-12,0,504.78,SP_KT_Gaming_Non Performing Ph,319658247499276,6979,0.0,342077107178497,FBA79167,B0CPFS24ML,45,Camb-Zshape-Gaming- B0CPFS24ML-Phrase/Exact,0,FBA79167,WM-GD07-CB,White Mulberry,Desk,Gaming Desk,
2026-06-13,0,508.22,SP_KT_Gaming_Non Performing Ph,319658247499276,4843,0.0,342077107178497,FBA79167,B0CPFS24ML,37,Camb-Zshape-Gaming- B0CPFS24ML-Phrase/Exact,0,FBA79167,WM-GD07-CB,White Mulberry,Desk,Gaming Desk,
2026-06-14,0,529.97,SP_KT_Gaming_Non Performing Ph,319658247499276,7190,0.0,342077107178497,FBA79167,B0CPFS24ML,39,Camb-Zshape-Gaming- B0CPFS24ML-Phrase/Exact,0,FBA79167,WM-GD07-CB,White Mulberry,Desk,Gaming Desk,
2026-06-15,0,413.13,SP_KT_Gaming_Non Performing Ph,319658247499276,4036,0.0,342077107178497,FBA79167,B0CPFS24ML,32,Camb-Zshape-Gaming- B0CPFS24ML-Phrase/Exact,0,FBA79167,WM-GD07-CB,White Mulberry,Desk,Gaming Desk,
2026-06-16,0,407.35,SP_KT_Gaming_Non Performing Ph,319658247499276,4691,0.0,342077107178497,FBA79167,B0CPFS24ML,24,Camb-Zshape-Gaming- B0CPFS24ML-Phrase/Exact,0,FBA79167,WM-GD07-CB,White Mulberry,Desk,Gaming Desk,
2026-06-17,0,421.03,SP_KT_Gaming_Non Performing Ph,319658247499276,3605,0.0,342077107178497,FBA79167,B0CPFS24ML,25,Camb-Zshape-Gaming- B0CPFS24ML-Phrase/Exact,0,FBA79167,WM-GD07-CB,White Mulberry,Desk,Gaming Desk,
2026-06-18,0,527.16,SP_KT_Gaming_Non Performing Ph,319658247499276,5268,0.0,342077107178497,FBA79167,B0CPFS24ML,35,Camb-Zshape-Gaming- B0CPFS24ML-Phrase/Exact,0,FBA79167,WM-GD07-CB,White Mulberry,Desk,Gaming Desk,
2026-06-19,1,611.12,SP_KT_Gaming_Non Performing Ph,319658247499276,5567,7287.29,342077107178497,FBA79167,B0CPFS24ML,42,Camb-Zshape-Gaming- B0CPFS24ML-Phrase/Exact,1,FBA79167,WM-GD07-CB,White Mulberry,Desk,Gaming Desk,
2026-06-20,1,500.44,SP_KT_Gaming_Non Performing Ph,319658247499276,3955,7456.78,342077107178497,FBA79167,B0CPFS24ML,34,Camb-Zshape-Gaming- B0CPFS24ML-Phrase/Exact,1,FBA79167,WM-GD07-CB,White Mulberry,Desk,Gaming Desk,
2026-06-21,0,451.67,SP_KT_Gaming_Non Performing Ph,319658247499276,4205,0.0,342077107178497,FBA79167,B0CPFS24ML,27,Camb-Zshape-Gaming- B0CPFS24ML-Phrase/Exact,0,FBA79167,WM-GD07-CB,White Mulberry,Desk,Gaming Desk,
2026-06-01,0,37.63,SP_KT_L shape Non Performing Ex,343190802252772,651,0.0,403537191337807,FBA76415,B0BFWD6SNF,2,SP_KT_L shape Non Performing Ex,0,FBA76415,WM-LOD-CF,White Mulberry,Desk,L-Shaped Desk,
2026-06-02,0,41.66,SP_KT_L shape Non Performing Ex,343190802252772,499,0.0,403537191337807,FBA76415,B0BFWD6SNF,2,SP_KT_L shape Non Performing Ex,0,FBA76415,WM-LOD-CF,White Mulberry,Desk,L-Shaped Desk,
2026-06-03,0,0.0,SP_KT_L shape Non Performing Ex,343190802252772,721,0.0,403537191337807,FBA76415,B0BFWD6SNF,0,SP_KT_L shape Non Performing Ex,0,FBA76415,WM-LOD-CF,White Mulberry,Desk,L-Shaped Desk,
2026-06-04,0,25.91,SP_KT_L shape Non Performing Ex,343190802252772,865,0.0,403537191337807,FBA76415,B0BFWD6SNF,2,SP_KT_L shape Non Performing Ex,0,FBA76415,WM-LOD-CF,White Mulberry,Desk,L-Shaped Desk,
2026-06-05,0,14.47,SP_KT_L shape Non Performing Ex,343190802252772,480,0.0,403537191337807,FBA76415,B0BFWD6SNF,1,SP_KT_L shape Non Performing Ex,0,FBA76415,WM-LOD-CF,White Mulberry,Desk,L-Shaped Desk,
2026-06-06,0,94.68,SP_KT_L shape Non Performing Ex,343190802252772,518,0.0,403537191337807,FBA76415,B0BFWD6SNF,5,SP_KT_L shape Non Performing Ex,0,FBA76415,WM-LOD-CF,White Mulberry,Desk,L-Shaped Desk,
2026-06-07,0,23.86,SP_KT_L shape Non Performing Ex,343190802252772,328,0.0,403537191337807,FBA76415,B0BFWD6SNF,1,SP_KT_L shape Non Performing Ex,0,FBA76415,WM-LOD-CF,White Mulberry,Desk,L-Shaped Desk,
2026-06-08,0,51.45,SP_KT_L shape Non Performing Ex,343190802252772,131,0.0,403537191337807,FBA76415,B0BFWD6SNF,1,SP_KT_L shape Non Performing Ex,0,FBA76415,WM-LOD-CF,White Mulberry,Desk,L-Shaped Desk,
2026-06-09,0,0.0,SP_KT_L shape Non Performing Ex,343190802252772,128,0.0,403537191337807,FBA76415,B0BFWD6SNF,0,SP_KT_L shape Non Performing Ex,0,FBA76415,WM-LOD-CF,White Mulberry,Desk,L-Shaped Desk,
2026-06-10,0,24.16,SP_KT_L shape Non Performing Ex,343190802252772,170,0.0,403537191337807,FBA76415,B0BFWD6SNF,1,SP_KT_L shape Non Performing Ex,0,FBA76415,WM-LOD-CF,White Mulberry,Desk,L-Shaped Desk,
2026-06-11,0,0.0,SP_KT_L shape Non Performing Ex,343190802252772,84,0.0,403537191337807,FBA76415,B0BFWD6SNF,0,SP_KT_L shape Non Performing Ex,0,FBA76415,WM-LOD-CF,White Mulberry,Desk,L-Shaped Desk,
2026-06-12,0,0.0,SP_KT_L shape Non Performing Ex,343190802252772,87,0.0,403537191337807,FBA76415,B0BFWD6SNF,0,SP_KT_L shape Non Performing Ex,0,FBA76415,WM-LOD-CF,White Mulberry,Desk,L-Shaped Desk,
2026-06-13,0,13.39,SP_KT_L shape Non Performing Ex,343190802252772,14,0.0,403537191337807,FBA76415,B0BFWD6SNF,1,SP_KT_L shape Non Performing Ex,0,FBA76415,WM-LOD-CF,White Mulberry,Desk,L-Shaped Desk,
2026-06-14,0,60.96,SP_KT_L shape Non Performing Ex,343190802252772,38,0.0,403537191337807,FBA76415,B0BFWD6SNF,2,SP_KT_L shape Non Performing Ex,0,FBA76415,WM-LOD-CF,White Mulberry,Desk,L-Shaped Desk,
2026-06-15,0,0.0,SP_KT_L shape Non Performing Ex,343190802252772,11,0.0,403537191337807,FBA76415,B0BFWD6SNF,0,SP_KT_L shape Non Performing Ex,0,FBA76415,WM-LOD-CF,White Mulberry,Desk,L-Shaped Desk,
2026-06-16,0,0.0,SP_KT_L shape Non Performing Ex,343190802252772,375,0.0,403537191337807,FBA76415,B0BFWD6SNF,0,SP_KT_L shape Non Performing Ex,0,FBA76415,WM-LOD-CF,White Mulberry,Desk,L-Shaped Desk,
2026-06-17,0,0.0,SP_KT_L shape Non Performing Ex,343190802252772,283,0.0,403537191337807,FBA76415,B0BFWD6SNF,0,SP_KT_L shape Non Performing Ex,0,FBA76415,WM-LOD-CF,White Mulberry,Desk,L-Shaped Desk,
2026-06-18,0,0.0,SP_KT_L shape Non Performing Ex,343190802252772,51,0.0,403537191337807,FBA76415,B0BFWD6SNF,0,SP_KT_L shape Non Performing Ex,0,FBA76415,WM-LOD-CF,White Mulberry,Desk,L-Shaped Desk,
2026-06-19,0,0.0,SP_KT_L shape Non Performing Ex,343190802252772,66,0.0,403537191337807,FBA76415,B0BFWD6SNF,0,SP_KT_L shape Non Performing Ex,0,FBA76415,WM-LOD-CF,White Mulberry,Desk,L-Shaped Desk,
2026-06-20,0,30.57,SP_KT_L shape Non Performing Ex,343190802252772,452,0.0,403537191337807,FBA76415,B0BFWD6SNF,1,SP_KT_L shape Non Performing Ex,0,FBA76415,WM-LOD-CF,White Mulberry,Desk,L-Shaped Desk,
2026-06-21,0,0.0,SP_KT_L shape Non Performing Ex,343190802252772,472,0.0,403537191337807,FBA76415,B0BFWD6SNF,0,SP_KT_L shape Non Performing Ex,0,FBA76415,WM-LOD-CF,White Mulberry,Desk,L-Shaped Desk,
2026-06-01,0,47.17,SP_KT_L shape Non Performing Ex,343190802252772,573,0.0,403537191337807,FBA76416,B0BFW59TRG,2,SP_KT_L shape Non Performing Ex,0,FBA76416,WM-LOD-BK,White Mulberry,Desk,L-Shaped Desk,
2026-06-02,0,0.0,SP_KT_L shape Non Performing Ex,343190802252772,171,0.0,403537191337807,FBA76416,B0BFW59TRG,0,SP_KT_L shape Non Performing Ex,0,FBA76416,WM-LOD-BK,White Mulberry,Desk,L-Shaped Desk,
2026-06-03,0,33.18,SP_KT_L shape Non Performing Ex,343190802252772,666,0.0,403537191337807,FBA76416,B0BFW59TRG,2,SP_KT_L shape Non Performing Ex,0,FBA76416,WM-LOD-BK,White Mulberry,Desk,L-Shaped Desk,
2026-06-04,0,80.27,SP_KT_L shape Non Performing Ex,343190802252772,308,0.0,403537191337807,FBA76416,B0BFW59TRG,4,SP_KT_L shape Non Performing Ex,0,FBA76416,WM-LOD-BK,White Mulberry,Desk,L-Shaped Desk,
2026-06-05,0,0.0,SP_KT_L shape Non Performing Ex,343190802252772,103,0.0,403537191337807,FBA76416,B0BFW59TRG,0,SP_KT_L shape Non Performing Ex,0,FBA76416,WM-LOD-BK,White Mulberry,Desk,L-Shaped Desk,
2026-06-06,0,49.88,SP_KT_L shape Non Performing Ex,343190802252772,222,0.0,403537191337807,FBA76416,B0BFW59TRG,3,SP_KT_L shape Non Performing Ex,0,FBA76416,WM-LOD-BK,White Mulberry,Desk,L-Shaped Desk,
2026-06-07,0,0.0,SP_KT_L shape Non Performing Ex,343190802252772,178,0.0,403537191337807,FBA76416,B0BFW59TRG,0,SP_KT_L shape Non Performing Ex,0,FBA76416,WM-LOD-BK,White Mulberry,Desk,L-Shaped Desk,
2026-06-08,0,0.0,SP_KT_L shape Non Performing Ex,343190802252772,147,0.0,403537191337807,FBA76416,B0BFW59TRG,0,SP_KT_L shape Non Performing Ex,0,FBA76416,WM-LOD-BK,White Mulberry,Desk,L-Shaped Desk,
2026-06-09,0,11.1,SP_KT_L shape Non Performing Ex,343190802252772,189,0.0,403537191337807,FBA76416,B0BFW59TRG,1,SP_KT_L shape Non Performing Ex,0,FBA76416,WM-LOD-BK,White Mulberry,Desk,L-Shaped Desk,
2026-06-10,0,25.01,SP_KT_L shape Non Performing Ex,343190802252772,413,0.0,403537191337807,FBA76416,B0BFW59TRG,1,SP_KT_L shape Non Performing Ex,0,FBA76416,WM-LOD-BK,White Mulberry,Desk,L-Shaped Desk,
2026-06-11,0,22.8,SP_KT_L shape Non Performing Ex,343190802252772,377,0.0,403537191337807,FBA76416,B0BFW59TRG,1,SP_KT_L shape Non Performing Ex,0,FBA76416,WM-LOD-BK,White Mulberry,Desk,L-Shaped Desk,
2026-06-12,0,0.0,SP_KT_L shape Non Performing Ex,343190802252772,26,0.0,403537191337807,FBA76416,B0BFW59TRG,0,SP_KT_L shape Non Performing Ex,0,FBA76416,WM-LOD-BK,White Mulberry,Desk,L-Shaped Desk,
2026-06-13,0,26.57,SP_KT_L shape Non Performing Ex,343190802252772,32,0.0,403537191337807,FBA76416,B0BFW59TRG,1,SP_KT_L shape Non Performing Ex,0,FBA76416,WM-LOD-BK,White Mulberry,Desk,L-Shaped Desk,
2026-06-14,0,12.73,SP_KT_L shape Non Performing Ex,343190802252772,722,0.0,403537191337807,FBA76416,B0BFW59TRG,1,SP_KT_L shape Non Performing Ex,0,FBA76416,WM-LOD-BK,White Mulberry,Desk,L-Shaped Desk,
2026-06-15,0,0.0,SP_KT_L shape Non Performing Ex,343190802252772,302,0.0,403537191337807,FBA76416,B0BFW59TRG,0,SP_KT_L shape Non Performing Ex,0,FBA76416,WM-LOD-BK,White Mulberry,Desk,L-Shaped Desk,
2026-06-16,0,0.0,SP_KT_L shape Non Performing Ex,343190802252772,114,0.0,403537191337807,FBA76416,B0BFW59TRG,0,SP_KT_L shape Non Performing Ex,0,FBA76416,WM-LOD-BK,White Mulberry,Desk,L-Shaped Desk,
2026-06-18,0,0.0,SP_KT_L shape Non Performing Ex,343190802252772,13,0.0,403537191337807,FBA76416,B0BFW59TRG,0,SP_KT_L shape Non Performing Ex,0,FBA76416,WM-LOD-BK,White Mulberry,Desk,L-Shaped Desk,
2026-06-19,0,0.0,SP_KT_L shape Non Performing Ex,343190802252772,67,0.0,403537191337807,FBA76416,B0BFW59TRG,0,SP_KT_L shape Non Performing Ex,0,FBA76416,WM-LOD-BK,White Mulberry,Desk,L-Shaped Desk,
2026-06-20,0,0.0,SP_KT_L shape Non Performing Ex,343190802252772,7,0.0,403537191337807,FBA76416,B0BFW59TRG,0,SP_KT_L shape Non Performing Ex,0,FBA76416,WM-LOD-BK,White Mulberry,Desk,L-Shaped Desk,
2026-06-01,0,22.09,SP_KT_L shape Non Performing Ex,343190802252772,214,0.0,403537191337807,FBA76417,B0BFVMDJ2K,1,SP_KT_L shape Non Performing Ex,0,FBA76417,WM-LOD-WH,White Mulberry,Desk,L-Shaped Desk,
2026-06-02,0,0.0,SP_KT_L shape Non Performing Ex,343190802252772,336,0.0,403537191337807,FBA76417,B0BFVMDJ2K,0,SP_KT_L shape Non Performing Ex,0,FBA76417,WM-LOD-WH,White Mulberry,Desk,L-Shaped Desk,
2026-06-03,0,43.86,SP_KT_L shape Non Performing Ex,343190802252772,448,0.0,403537191337807,FBA76417,B0BFVMDJ2K,2,SP_KT_L shape Non Performing Ex,0,FBA76417,WM-LOD-WH,White Mulberry,Desk,L-Shaped Desk,
2026-06-04,0,0.0,SP_KT_L shape Non Performing Ex,343190802252772,24,0.0,403537191337807,FBA76417,B0BFVMDJ2K,0,SP_KT_L shape Non Performing Ex,0,FBA76417,WM-LOD-WH,White Mulberry,Desk,L-Shaped Desk,
2026-06-05,0,21.1,SP_KT_L shape Non Performing Ex,343190802252772,109,0.0,403537191337807,FBA76417,B0BFVMDJ2K,1,SP_KT_L shape Non Performing Ex,0,FBA76417,WM-LOD-WH,White Mulberry,Desk,L-Shaped Desk,
2026-06-06,0,86.88,SP_KT_L shape Non Performing Ex,343190802252772,776,0.0,403537191337807,FBA76417,B0BFVMDJ2K,5,SP_KT_L shape Non Performing Ex,0,FBA76417,WM-LOD-WH,White Mulberry,Desk,L-Shaped Desk,
2026-06-07,0,31.05,SP_KT_L shape Non Performing Ex,343190802252772,780,0.0,403537191337807,FBA76417,B0BFVMDJ2K,1,SP_KT_L shape Non Performing Ex,0,FBA76417,WM-LOD-WH,White Mulberry,Desk,L-Shaped Desk,
2026-06-08,0,38.48,SP_KT_L shape Non Performing Ex,343190802252772,816,0.0,403537191337807,FBA76417,B0BFVMDJ2K,2,SP_KT_L shape Non Performing Ex,0,FBA76417,WM-LOD-WH,White Mulberry,Desk,L-Shaped Desk,
2026-06-09,0,46.8,SP_KT_L shape Non Performing Ex,343190802252772,1197,0.0,403537191337807,FBA76417,B0BFVMDJ2K,2,SP_KT_L shape Non Performing Ex,0,FBA76417,WM-LOD-WH,White Mulberry,Desk,L-Shaped Desk,
2026-06-10,0,79.68,SP_KT_L shape Non Performing Ex,343190802252772,702,0.0,403537191337807,FBA76417,B0BFVMDJ2K,4,SP_KT_L shape Non Performing Ex,0,FBA76417,WM-LOD-WH,White Mulberry,Desk,L-Shaped Desk,
2026-06-01,0,0.0,SP_PT_L shape Non Performing PT,367359102623689,159,0.0,452216515354016,FBA76415,B0BFWD6SNF,0,SP_PT_L shape Non Performing PT,0,FBA76415,WM-LOD-CF,White Mulberry,Desk,L-Shaped Desk,
2026-06-02,0,139.48,SP_PT_L shape Non Performing PT,367359102623689,738,0.0,452216515354016,FBA76415,B0BFWD6SNF,5,SP_PT_L shape Non Performing PT,0,FBA76415,WM-LOD-CF,White Mulberry,Desk,L-Shaped Desk,
2026-06-03,0,204.46,SP_PT_L shape Non Performing PT,367359102623689,1794,0.0,452216515354016,FBA76415,B0BFWD6SNF,8,SP_PT_L shape Non Performing PT,0,FBA76415,WM-LOD-CF,White Mulberry,Desk,L-Shaped Desk,
2026-06-04,0,143.58,SP_PT_L shape Non Performing PT,367359102623689,1081,0.0,452216515354016,FBA76415,B0BFWD6SNF,5,SP_PT_L shape Non Performing PT,0,FBA76415,WM-LOD-CF,White Mulberry,Desk,L-Shaped Desk,
2026-06-05,0,113.48,SP_PT_L shape Non Performing PT,367359102623689,752,0.0,452216515354016,FBA76415,B0BFWD6SNF,6,SP_PT_L shape Non Performing PT,0,FBA76415,WM-LOD-CF,White Mulberry,Desk,L-Shaped Desk,
2026-06-06,0,155.84,SP_PT_L shape Non Performing PT,367359102623689,1032,0.0,452216515354016,FBA76415,B0BFWD6SNF,6,SP_PT_L shape Non Performing PT,0,FBA76415,WM-LOD-CF,White Mulberry,Desk,L-Shaped Desk,
2026-06-07,1,180.01,SP_PT_L shape Non Performing PT,367359102623689,621,7075.42,452216515354016,FBA76415,B0BFWD6SNF,8,SP_PT_L shape Non Performing PT,1,FBA76415,WM-LOD-CF,White Mulberry,Desk,L-Shaped Desk,
2026-06-08,0,0.0,SP_PT_L shape Non Performing PT,367359102623689,277,0.0,452216515354016,FBA76415,B0BFWD6SNF,0,SP_PT_L shape Non Performing PT,0,FBA76415,WM-LOD-CF,White Mulberry,Desk,L-Shaped Desk,
2026-06-09,0,16.27,SP_PT_L shape Non Performing PT,367359102623689,473,0.0,452216515354016,FBA76415,B0BFWD6SNF,1,SP_PT_L shape Non Performing PT,0,FBA76415,WM-LOD-CF,White Mulberry,Desk,L-Shaped Desk,
2026-06-10,0,85.01,SP_PT_L shape Non Performing PT,367359102623689,600,0.0,452216515354016,FBA76415,B0BFWD6SNF,4,SP_PT_L shape Non Performing PT,0,FBA76415,WM-LOD-CF,White Mulberry,Desk,L-Shaped Desk,
2026-06-11,0,0.0,SP_PT_L shape Non Performing PT,367359102623689,522,0.0,452216515354016,FBA76415,B0BFWD6SNF,0,SP_PT_L shape Non Performing PT,0,FBA76415,WM-LOD-CF,White Mulberry,Desk,L-Shaped Desk,
2026-06-12,0,36.89,SP_PT_L shape Non Performing PT,367359102623689,442,0.0,452216515354016,FBA76415,B0BFWD6SNF,2,SP_PT_L shape Non Performing PT,0,FBA76415,WM-LOD-CF,White Mulberry,Desk,L-Shaped Desk,
2026-06-13,0,150.78,SP_PT_L shape Non Performing PT,367359102623689,527,0.0,452216515354016,FBA76415,B0BFWD6SNF,6,SP_PT_L shape Non Performing PT,0,FBA76415,WM-LOD-CF,White Mulberry,Desk,L-Shaped Desk,
2026-06-14,0,78.73,SP_PT_L shape Non Performing PT,367359102623689,1264,0.0,452216515354016,FBA76415,B0BFWD6SNF,5,SP_PT_L shape Non Performing PT,0,FBA76415,WM-LOD-CF,White Mulberry,Desk,L-Shaped Desk,
2026-06-15,0,139.95,SP_PT_L shape Non Performing PT,367359102623689,358,0.0,452216515354016,FBA76415,B0BFWD6SNF,4,SP_PT_L shape Non Performing PT,0,FBA76415,WM-LOD-CF,White Mulberry,Desk,L-Shaped Desk,
2026-06-16,0,121.83,SP_PT_L shape Non Performing PT,367359102623689,237,0.0,452216515354016,FBA76415,B0BFWD6SNF,3,SP_PT_L shape Non Performing PT,0,FBA76415,WM-LOD-CF,White Mulberry,Desk,L-Shaped Desk,
2026-06-17,0,84.02,SP_PT_L shape Non Performing PT,367359102623689,300,0.0,452216515354016,FBA76415,B0BFWD6SNF,5,SP_PT_L shape Non Performing PT,0,FBA76415,WM-LOD-CF,White Mulberry,Desk,L-Shaped Desk,
2026-06-18,0,29.72,SP_PT_L shape Non Performing PT,367359102623689,179,0.0,452216515354016,FBA76415,B0BFWD6SNF,1,SP_PT_L shape Non Performing PT,0,FBA76415,WM-LOD-CF,White Mulberry,Desk,L-Shaped Desk,
2026-06-19,0,44.86,SP_PT_L shape Non Performing PT,367359102623689,255,0.0,452216515354016,FBA76415,B0BFWD6SNF,3,SP_PT_L shape Non Performing PT,0,FBA76415,WM-LOD-CF,White Mulberry,Desk,L-Shaped Desk,
2026-06-20,0,0.0,SP_PT_L shape Non Performing PT,367359102623689,302,0.0,452216515354016,FBA76415,B0BFWD6SNF,0,SP_PT_L shape Non Performing PT,0,FBA76415,WM-LOD-CF,White Mulberry,Desk,L-Shaped Desk,
2026-06-21,0,36.85,SP_PT_L shape Non Performing PT,367359102623689,131,0.0,452216515354016,FBA76415,B0BFWD6SNF,1,SP_PT_L shape Non Performing PT,0,FBA76415,WM-LOD-CF,White Mulberry,Desk,L-Shaped Desk,
2026-06-01,0,47.85,SP_PT_L shape Non Performing PT,367359102623689,168,0.0,452216515354016,FBA76417,B0BFVMDJ2K,3,SP_PT_L shape Non Performing PT,0,FBA76417,WM-LOD-WH,White Mulberry,Desk,L-Shaped Desk,
2026-06-02,0,124.34,SP_PT_L shape Non Performing PT,367359102623689,330,0.0,452216515354016,FBA76417,B0BFVMDJ2K,4,SP_PT_L shape Non Performing PT,0,FBA76417,WM-LOD-WH,White Mulberry,Desk,L-Shaped Desk,
2026-06-03,0,161.36,SP_PT_L shape Non Performing PT,367359102623689,768,0.0,452216515354016,FBA76417,B0BFVMDJ2K,9,SP_PT_L shape Non Performing PT,0,FBA76417,WM-LOD-WH,White Mulberry,Desk,L-Shaped Desk,
2026-06-04,0,186.54,SP_PT_L shape Non Performing PT,367359102623689,486,0.0,452216515354016,FBA76417,B0BFVMDJ2K,10,SP_PT_L shape Non Performing PT,0,FBA76417,WM-LOD-WH,White Mulberry,Desk,L-Shaped Desk,
2026-06-05,0,117.99,SP_PT_L shape Non Performing PT,367359102623689,326,0.0,452216515354016,FBA76417,B0BFVMDJ2K,5,SP_PT_L shape Non Performing PT,0,FBA76417,WM-LOD-WH,White Mulberry,Desk,L-Shaped Desk,
2026-06-06,0,186.66,SP_PT_L shape Non Performing PT,367359102623689,543,0.0,452216515354016,FBA76417,B0BFVMDJ2K,8,SP_PT_L shape Non Performing PT,0,FBA76417,WM-LOD-WH,White Mulberry,Desk,L-Shaped Desk,
2026-06-07,0,70.15,SP_PT_L shape Non Performing PT,367359102623689,497,0.0,452216515354016,FBA76417,B0BFVMDJ2K,3,SP_PT_L shape Non Performing PT,0,FBA76417,WM-LOD-WH,White Mulberry,Desk,L-Shaped Desk,
2026-06-08,0,42.02,SP_PT_L shape Non Performing PT,367359102623689,431,0.0,452216515354016,FBA76417,B0BFVMDJ2K,3,SP_PT_L shape Non Performing PT,0,FBA76417,WM-LOD-WH,White Mulberry,Desk,L-Shaped Desk,
2026-06-09,0,241.01,SP_PT_L shape Non Performing PT,367359102623689,1667,0.0,452216515354016,FBA76417,B0BFVMDJ2K,12,SP_PT_L shape Non Performing PT,0,FBA76417,WM-LOD-WH,White Mulberry,Desk,L-Shaped Desk,
2026-06-10,0,171.75,SP_PT_L shape Non Performing PT,367359102623689,1553,0.0,452216515354016,FBA76417,B0BFVMDJ2K,9,SP_PT_L shape Non Performing PT,0,FBA76417,WM-LOD-WH,White Mulberry,Desk,L-Shaped Desk,
2026-06-11,0,215.35,SP_PT_L shape Non Performing PT,367359102623689,1748,0.0,452216515354016,FBA76417,B0BFVMDJ2K,12,SP_PT_L shape Non Performing PT,0,FBA76417,WM-LOD-WH,White Mulberry,Desk,L-Shaped Desk,
2026-06-12,0,149.61,SP_PT_L shape Non Performing PT,367359102623689,1600,0.0,452216515354016,FBA76417,B0BFVMDJ2K,9,SP_PT_L shape Non Performing PT,0,FBA76417,WM-LOD-WH,White Mulberry,Desk,L-Shaped Desk,
2026-06-13,0,195.56,SP_PT_L shape Non Performing PT,367359102623689,1928,0.0,452216515354016,FBA76417,B0BFVMDJ2K,11,SP_PT_L shape Non Performing PT,0,FBA76417,WM-LOD-WH,White Mulberry,Desk,L-Shaped Desk,
2026-06-14,0,200.91,SP_PT_L shape Non Performing PT,367359102623689,1919,0.0,452216515354016,FBA76417,B0BFVMDJ2K,13,SP_PT_L shape Non Performing PT,0,FBA76417,WM-LOD-WH,White Mulberry,Desk,L-Shaped Desk,
2026-06-15,0,155.58,SP_PT_L shape Non Performing PT,367359102623689,1529,0.0,452216515354016,FBA76417,B0BFVMDJ2K,11,SP_PT_L shape Non Performing PT,0,FBA76417,WM-LOD-WH,White Mulberry,Desk,L-Shaped Desk,
2026-06-16,0,199.03,SP_PT_L shape Non Performing PT,367359102623689,980,0.0,452216515354016,FBA76417,B0BFVMDJ2K,8,SP_PT_L shape Non Performing PT,0,FBA76417,WM-LOD-WH,White Mulberry,Desk,L-Shaped Desk,
2026-06-17,0,98.57,SP_PT_L shape Non Performing PT,367359102623689,1205,0.0,452216515354016,FBA76417,B0BFVMDJ2K,6,SP_PT_L shape Non Performing PT,0,FBA76417,WM-LOD-WH,White Mulberry,Desk,L-Shaped Desk,
2026-06-18,0,68.88,SP_PT_L shape Non Performing PT,367359102623689,419,0.0,452216515354016,FBA76417,B0BFVMDJ2K,5,SP_PT_L shape Non Performing PT,0,FBA76417,WM-LOD-WH,White Mulberry,Desk,L-Shaped Desk,
2026-06-19,0,108.88,SP_PT_L shape Non Performing PT,367359102623689,752,0.0,452216515354016,FBA76417,B0BFVMDJ2K,7,SP_PT_L shape Non Performing PT,0,FBA76417,WM-LOD-WH,White Mulberry,Desk,L-Shaped Desk,
2026-06-20,0,127.39,SP_PT_L shape Non Performing PT,367359102623689,939,0.0,452216515354016,FBA76417,B0BFVMDJ2K,7,SP_PT_L shape Non Performing PT,0,FBA76417,WM-LOD-WH,White Mulberry,Desk,L-Shaped Desk,
2026-06-21,0,230.32,SP_PT_L shape Non Performing PT,367359102623689,734,0.0,452216515354016,FBA76417,B0BFVMDJ2K,9,SP_PT_L shape Non Performing PT,0,FBA76417,WM-LOD-WH,White Mulberry,Desk,L-Shaped Desk,
2026-06-01,3,117.75,B0BFWD6SNF:FBA76415,524663751193808,1597,21353.38,337201421286163,FBA76415,B0BFWD6SNF,12,Camb-SP-L shape-B0BFWD6SNF - Broad,3,FBA76415,WM-LOD-CF,White Mulberry,Desk,L-Shaped Desk,
2026-06-02,1,121.1,B0BFWD6SNF:FBA76415,524663751193808,1447,7075.42,337201421286163,FBA76415,B0BFWD6SNF,13,Camb-SP-L shape-B0BFWD6SNF - Broad,1,FBA76415,WM-LOD-CF,White Mulberry,Desk,L-Shaped Desk,
2026-06-03,1,83.48,B0BFWD6SNF:FBA76415,524663751193808,1897,7075.42,337201421286163,FBA76415,B0BFWD6SNF,13,Camb-SP-L shape-B0BFWD6SNF - Broad,1,FBA76415,WM-LOD-CF,White Mulberry,Desk,L-Shaped Desk,
2026-06-04,0,145.75,B0BFWD6SNF:FBA76415,524663751193808,1833,0.0,337201421286163,FBA76415,B0BFWD6SNF,20,Camb-SP-L shape-B0BFWD6SNF - Broad,0,FBA76415,WM-LOD-CF,White Mulberry,Desk,L-Shaped Desk,
2026-06-05,0,44.68,B0BFWD6SNF:FBA76415,524663751193808,864,0.0,337201421286163,FBA76415,B0BFWD6SNF,7,Camb-SP-L shape-B0BFWD6SNF - Broad,0,FBA76415,WM-LOD-CF,White Mulberry,Desk,L-Shaped Desk,
2026-06-06,1,267.71,B0BFWD6SNF:FBA76415,524663751193808,1455,7202.54,337201421286163,FBA76415,B0BFWD6SNF,23,Camb-SP-L shape-B0BFWD6SNF - Broad,1,FBA76415,WM-LOD-CF,White Mulberry,Desk,L-Shaped Desk,
2026-06-07,0,257.23,B0BFWD6SNF:FBA76415,524663751193808,2151,0.0,337201421286163,FBA76415,B0BFWD6SNF,18,Camb-SP-L shape-B0BFWD6SNF - Broad,0,FBA76415,WM-LOD-CF,White Mulberry,Desk,L-Shaped Desk,
2026-06-08,1,236.1,B0BFWD6SNF:FBA76415,524663751193808,5678,7456.78,337201421286163,FBA76415,B0BFWD6SNF,21,Camb-SP-L shape-B0BFWD6SNF - Broad,1,FBA76415,WM-LOD-CF,White Mulberry,Desk,L-Shaped Desk,
2026-06-09,2,273.34,B0BFWD6SNF:FBA76415,524663751193808,3202,14532.2,337201421286163,FBA76415,B0BFWD6SNF,19,Camb-SP-L shape-B0BFWD6SNF - Broad,2,FBA76415,WM-LOD-CF,White Mulberry,Desk,L-Shaped Desk,
2026-06-10,1,219.82,B0BFWD6SNF:FBA76415,524663751193808,2543,7456.78,337201421286163,FBA76415,B0BFWD6SNF,16,Camb-SP-L shape-B0BFWD6SNF - Broad,1,FBA76415,WM-LOD-CF,White Mulberry,Desk,L-Shaped Desk,
2026-06-11,0,199.32,B0BFWD6SNF:FBA76415,524663751193808,2206,0.0,337201421286163,FBA76415,B0BFWD6SNF,14,Camb-SP-L shape-B0BFWD6SNF - Broad,0,FBA76415,WM-LOD-CF,White Mulberry,Desk,L-Shaped Desk,
2026-06-12,0,38.18,B0BFWD6SNF:FBA76415,524663751193808,670,0.0,337201421286163,FBA76415,B0BFWD6SNF,4,Camb-SP-L shape-B0BFWD6SNF - Broad,0,FBA76415,WM-LOD-CF,White Mulberry,Desk,L-Shaped Desk,
2026-06-13,0,326.92,B0BFWD6SNF:FBA76415,524663751193808,1689,0.0,337201421286163,FBA76415,B0BFWD6SNF,22,Camb-SP-L shape-B0BFWD6SNF - Broad,0,FBA76415,WM-LOD-CF,White Mulberry,Desk,L-Shaped Desk,
2026-06-14,0,90.23,B0BFWD6SNF:FBA76415,524663751193808,1102,0.0,337201421286163,FBA76415,B0BFWD6SNF,11,Camb-SP-L shape-B0BFWD6SNF - Broad,0,FBA76415,WM-LOD-CF,White Mulberry,Desk,L-Shaped Desk,
2026-06-15,1,174.12,B0BFWD6SNF:FBA76415,524663751193808,1027,7075.42,337201421286163,FBA76415,B0BFWD6SNF,13,Camb-SP-L shape-B0BFWD6SNF - Broad,1,FBA76415,WM-LOD-CF,White Mulberry,Desk,L-Shaped Desk,
2026-06-16,1,80.17,B0BFWD6SNF:FBA76415,524663751193808,651,7456.78,337201421286163,FBA76415,B0BFWD6SNF,6,Camb-SP-L shape-B0BFWD6SNF - Broad,1,FBA76415,WM-LOD-CF,White Mulberry,Desk,L-Shaped Desk,
2026-06-17,1,129.78,B0BFWD6SNF:FBA76415,524663751193808,1438,7075.42,337201421286163,FBA76415,B0BFWD6SNF,11,Camb-SP-L shape-B0BFWD6SNF - Broad,1,FBA76415,WM-LOD-CF,White Mulberry,Desk,L-Shaped Desk,
2026-06-18,0,239.67,B0BFWD6SNF:FBA76415,524663751193808,2147,0.0,337201421286163,FBA76415,B0BFWD6SNF,21,Camb-SP-L shape-B0BFWD6SNF - Broad,0,FBA76415,WM-LOD-CF,White Mulberry,Desk,L-Shaped Desk,
2026-06-19,1,69.26,B0BFWD6SNF:FBA76415,524663751193808,708,7075.42,337201421286163,FBA76415,B0BFWD6SNF,6,Camb-SP-L shape-B0BFWD6SNF - Broad,1,FBA76415,WM-LOD-CF,White Mulberry,Desk,L-Shaped Desk,
2026-06-20,0,155.43,B0BFWD6SNF:FBA76415,524663751193808,1595,0.0,337201421286163,FBA76415,B0BFWD6SNF,11,Camb-SP-L shape-B0BFWD6SNF - Broad,0,FBA76415,WM-LOD-CF,White Mulberry,Desk,L-Shaped Desk,
2026-06-21,0,239.84,B0BFWD6SNF:FBA76415,524663751193808,1881,0.0,337201421286163,FBA76415,B0BFWD6SNF,18,Camb-SP-L shape-B0BFWD6SNF - Broad,0,FBA76415,WM-LOD-CF,White Mulberry,Desk,L-Shaped Desk,
2026-06-01,1,326.19,B0BFW59TRG,537241969626380,7085,7075.42,508538047163539,FBA76416,B0BFW59TRG,16,Camb-SP-L shape-Multiple Asins- Exact/Phrase,1,FBA76416,WM-LOD-BK,White Mulberry,Desk,L-Shaped Desk,
2026-06-02,0,194.98,B0BFW59TRG,537241969626380,3343,0.0,508538047163539,FBA76416,B0BFW59TRG,10,Camb-SP-L shape-Multiple Asins- Exact/Phrase,0,FBA76416,WM-LOD-BK,White Mulberry,Desk,L-Shaped Desk,
2026-06-03,0,512.95,B0BFW59TRG,537241969626380,4222,0.0,508538047163539,FBA76416,B0BFW59TRG,20,Camb-SP-L shape-Multiple Asins- Exact/Phrase,0,FBA76416,WM-LOD-BK,White Mulberry,Desk,L-Shaped Desk,
2026-06-04,0,428.54,B0BFW59TRG,537241969626380,5724,0.0,508538047163539,FBA76416,B0BFW59TRG,17,Camb-SP-L shape-Multiple Asins- Exact/Phrase,0,FBA76416,WM-LOD-BK,White Mulberry,Desk,L-Shaped Desk,
2026-06-05,0,180.88,B0BFW59TRG,537241969626380,3031,0.0,508538047163539,FBA76416,B0BFW59TRG,8,Camb-SP-L shape-Multiple Asins- Exact/Phrase,0,FBA76416,WM-LOD-BK,White Mulberry,Desk,L-Shaped Desk,
2026-06-06,0,195.08,B0BFW59TRG,537241969626380,1691,0.0,508538047163539,FBA76416,B0BFW59TRG,8,Camb-SP-L shape-Multiple Asins- Exact/Phrase,0,FBA76416,WM-LOD-BK,White Mulberry,Desk,L-Shaped Desk,
2026-06-07,0,181.99,B0BFW59TRG,537241969626380,2544,0.0,508538047163539,FBA76416,B0BFW59TRG,8,Camb-SP-L shape-Multiple Asins- Exact/Phrase,0,FBA76416,WM-LOD-BK,White Mulberry,Desk,L-Shaped Desk,
2026-06-08,0,105.64,B0BFW59TRG,537241969626380,1657,0.0,508538047163539,FBA76416,B0BFW59TRG,4,Camb-SP-L shape-Multiple Asins- Exact/Phrase,0,FBA76416,WM-LOD-BK,White Mulberry,Desk,L-Shaped Desk,
2026-06-09,0,311.94,B0BFW59TRG,537241969626380,4136,0.0,508538047163539,FBA76416,B0BFW59TRG,12,Camb-SP-L shape-Multiple Asins- Exact/Phrase,0,FBA76416,WM-LOD-BK,White Mulberry,Desk,L-Shaped Desk,
2026-06-10,0,166.67,B0BFW59TRG,537241969626380,3496,0.0,508538047163539,FBA76416,B0BFW59TRG,8,Camb-SP-L shape-Multiple Asins- Exact/Phrase,0,FBA76416,WM-LOD-BK,White Mulberry,Desk,L-Shaped Desk,
2026-06-11,0,182.91,B0BFW59TRG,537241969626380,1877,0.0,508538047163539,FBA76416,B0BFW59TRG,9,Camb-SP-L shape-Multiple Asins- Exact/Phrase,0,FBA76416,WM-LOD-BK,White Mulberry,Desk,L-Shaped Desk,
2026-06-12,0,207.66,B0BFW59TRG,537241969626380,2316,0.0,508538047163539,FBA76416,B0BFW59TRG,10,Camb-SP-L shape-Multiple Asins- Exact/Phrase,0,FBA76416,WM-LOD-BK,White Mulberry,Desk,L-Shaped Desk,
2026-06-13,0,207.06,B0BFW59TRG,537241969626380,3038,0.0,508538047163539,FBA76416,B0BFW59TRG,9,Camb-SP-L shape-Multiple Asins- Exact/Phrase,0,FBA76416,WM-LOD-BK,White Mulberry,Desk,L-Shaped Desk,
2026-06-14,0,223.83,B0BFW59TRG,537241969626380,4692,0.0,508538047163539,FBA76416,B0BFW59TRG,11,Camb-SP-L shape-Multiple Asins- Exact/Phrase,0,FBA76416,WM-LOD-BK,White Mulberry,Desk,L-Shaped Desk,
2026-06-15,0,239.86,B0BFW59TRG,537241969626380,2453,0.0,508538047163539,FBA76416,B0BFW59TRG,9,Camb-SP-L shape-Multiple Asins- Exact/Phrase,0,FBA76416,WM-LOD-BK,White Mulberry,Desk,L-Shaped Desk,
2026-06-16,0,308.1,B0BFW59TRG,537241969626380,2715,0.0,508538047163539,FBA76416,B0BFW59TRG,12,Camb-SP-L shape-Multiple Asins- Exact/Phrase,0,FBA76416,WM-LOD-BK,White Mulberry,Desk,L-Shaped Desk,
2026-06-18,0,272.43,B0BFW59TRG,537241969626380,3225,0.0,508538047163539,FBA76416,B0BFW59TRG,11,Camb-SP-L shape-Multiple Asins- Exact/Phrase,0,FBA76416,WM-LOD-BK,White Mulberry,Desk,L-Shaped Desk,
2026-06-19,0,563.06,B0BFW59TRG,537241969626380,6886,0.0,508538047163539,FBA76416,B0BFW59TRG,22,Camb-SP-L shape-Multiple Asins- Exact/Phrase,0,FBA76416,WM-LOD-BK,White Mulberry,Desk,L-Shaped Desk,
2026-06-20,0,314.1,B0BFW59TRG,537241969626380,2321,0.0,508538047163539,FBA76416,B0BFW59TRG,11,Camb-SP-L shape-Multiple Asins- Exact/Phrase,0,FBA76416,WM-LOD-BK,White Mulberry,Desk,L-Shaped Desk,
2026-06-21,0,0.0,B0BFW59TRG,537241969626380,0,0.0,508538047163539,FBA76416,B0BFW59TRG,0,Camb-SP-L shape-Multiple Asins- Exact/Phrase,0,FBA76416,WM-LOD-BK,White Mulberry,Desk,L-Shaped Desk,
2026-06-01,0,363.81,Adjustable,409023356808090,3118,0.0,483994247172069,FBA79179,B0CPT3Q25C,9,Camb-SP-Motorized Desk- B0CPT3Q25C- Exact,0,FBA79179,WM-SE08-CF,White Mulberry,Desk-Adjustable,Motorized,
2026-06-02,0,350.13,Adjustable,409023356808090,1329,0.0,483994247172069,FBA79179,B0CPT3Q25C,8,Camb-SP-Motorized Desk- B0CPT3Q25C- Exact,0,FBA79179,WM-SE08-CF,White Mulberry,Desk-Adjustable,Motorized,
2026-06-03,0,0.0,Adjustable,409023356808090,0,0.0,483994247172069,FBA79179,B0CPT3Q25C,0,Camb-SP-Motorized Desk- B0CPT3Q25C- Exact,0,FBA79179,WM-SE08-CF,White Mulberry,Desk-Adjustable,Motorized,
2026-06-10,0,367.8,Adjustable,409023356808090,1056,0.0,483994247172069,FBA79179,B0CPT3Q25C,10,Camb-SP-Motorized Desk- B0CPT3Q25C- Exact,0,FBA79179,WM-SE08-CF,White Mulberry,Desk-Adjustable,Motorized,
2026-06-11,0,345.71,Adjustable,409023356808090,1166,0.0,483994247172069,FBA79179,B0CPT3Q25C,8,Camb-SP-Motorized Desk- B0CPT3Q25C- Exact,0,FBA79179,WM-SE08-CF,White Mulberry,Desk-Adjustable,Motorized,
2026-06-12,0,359.84,Adjustable,409023356808090,4774,0.0,483994247172069,FBA79179,B0CPT3Q25C,11,Camb-SP-Motorized Desk- B0CPT3Q25C- Exact,0,FBA79179,WM-SE08-CF,White Mulberry,Desk-Adjustable,Motorized,
2026-06-13,0,534.24,Adjustable,409023356808090,3560,0.0,483994247172069,FBA79179,B0CPT3Q25C,13,Camb-SP-Motorized Desk- B0CPT3Q25C- Exact,0,FBA79179,WM-SE08-CF,White Mulberry,Desk-Adjustable,Motorized,
2026-06-14,1,460.99,Adjustable,409023356808090,3792,12712.71,483994247172069,FBA79179,B0CPT3Q25C,11,Camb-SP-Motorized Desk- B0CPT3Q25C- Exact,1,FBA79179,WM-SE08-CF,White Mulberry,Desk-Adjustable,Motorized,
2026-06-15,0,468.66,Adjustable,409023356808090,4860,0.0,483994247172069,FBA79179,B0CPT3Q25C,11,Camb-SP-Motorized Desk- B0CPT3Q25C- Exact,0,FBA79179,WM-SE08-CF,White Mulberry,Desk-Adjustable,Motorized,
2026-06-16,1,703.71,Adjustable,409023356808090,9448,12712.71,483994247172069,FBA79179,B0CPT3Q25C,21,Camb-SP-Motorized Desk- B0CPT3Q25C- Exact,1,FBA79179,WM-SE08-CF,White Mulberry,Desk-Adjustable,Motorized,
2026-06-17,0,674.37,Adjustable,409023356808090,7509,0.0,483994247172069,FBA79179,B0CPT3Q25C,15,Camb-SP-Motorized Desk- B0CPT3Q25C- Exact,0,FBA79179,WM-SE08-CF,White Mulberry,Desk-Adjustable,Motorized,
2026-06-18,0,649.1,Adjustable,409023356808090,8588,0.0,483994247172069,FBA79179,B0CPT3Q25C,18,Camb-SP-Motorized Desk- B0CPT3Q25C- Exact,0,FBA79179,WM-SE08-CF,White Mulberry,Desk-Adjustable,Motorized,
2026-06-19,0,640.83,Adjustable,409023356808090,5793,0.0,483994247172069,FBA79179,B0CPT3Q25C,15,Camb-SP-Motorized Desk- B0CPT3Q25C- Exact,0,FBA79179,WM-SE08-CF,White Mulberry,Desk-Adjustable,Motorized,
2026-06-20,0,640.61,Adjustable,409023356808090,8342,0.0,483994247172069,FBA79179,B0CPT3Q25C,13,Camb-SP-Motorized Desk- B0CPT3Q25C- Exact,0,FBA79179,WM-SE08-CF,White Mulberry,Desk-Adjustable,Motorized,
2026-06-21,0,649.99,Adjustable,409023356808090,7108,0.0,483994247172069,FBA79179,B0CPT3Q25C,15,Camb-SP-Motorized Desk- B0CPT3Q25C- Exact,0,FBA79179,WM-SE08-CF,White Mulberry,Desk-Adjustable,Motorized,
2026-06-01,0,53.02,B0BFVNS8HS,537241969626380,242,0.0,403091191432997,FBA76417,B0BFVMDJ2K,3,Camb-SP-L shape-Multiple Asins- Exact/Phrase,0,FBA76417,WM-LOD-WH,White Mulberry,Desk,L-Shaped Desk,
2026-06-02,0,20.18,B0BFVNS8HS,537241969626380,256,0.0,403091191432997,FBA76417,B0BFVMDJ2K,1,Camb-SP-L shape-Multiple Asins- Exact/Phrase,0,FBA76417,WM-LOD-WH,White Mulberry,Desk,L-Shaped Desk,
2026-06-03,0,64.81,B0BFVNS8HS,537241969626380,482,0.0,403091191432997,FBA76417,B0BFVMDJ2K,3,Camb-SP-L shape-Multiple Asins- Exact/Phrase,0,FBA76417,WM-LOD-WH,White Mulberry,Desk,L-Shaped Desk,
2026-06-04,0,28.32,B0BFVNS8HS,537241969626380,328,0.0,403091191432997,FBA76417,B0BFVMDJ2K,2,Camb-SP-L shape-Multiple Asins- Exact/Phrase,0,FBA76417,WM-LOD-WH,White Mulberry,Desk,L-Shaped Desk,
2026-06-05,0,38.46,B0BFVNS8HS,537241969626380,315,0.0,403091191432997,FBA76417,B0BFVMDJ2K,2,Camb-SP-L shape-Multiple Asins- Exact/Phrase,0,FBA76417,WM-LOD-WH,White Mulberry,Desk,L-Shaped Desk,
2026-06-06,0,76.5,B0BFVNS8HS,537241969626380,1056,0.0,403091191432997,FBA76417,B0BFVMDJ2K,4,Camb-SP-L shape-Multiple Asins- Exact/Phrase,0,FBA76417,WM-LOD-WH,White Mulberry,Desk,L-Shaped Desk,
2026-06-07,0,86.12,B0BFVNS8HS,537241969626380,646,0.0,403091191432997,FBA76417,B0BFVMDJ2K,4,Camb-SP-L shape-Multiple Asins- Exact/Phrase,0,FBA76417,WM-LOD-WH,White Mulberry,Desk,L-Shaped Desk,
2026-06-08,1,95.52,B0BFVNS8HS,537241969626380,1229,7075.42,403091191432997,FBA76417,B0BFVMDJ2K,6,Camb-SP-L shape-Multiple Asins- Exact/Phrase,1,FBA76417,WM-LOD-WH,White Mulberry,Desk,L-Shaped Desk,
2026-06-09,0,68.35,B0BFVNS8HS,537241969626380,525,0.0,403091191432997,FBA76417,B0BFVMDJ2K,3,Camb-SP-L shape-Multiple Asins- Exact/Phrase,0,FBA76417,WM-LOD-WH,White Mulberry,Desk,L-Shaped Desk,
2026-06-10,0,143.47,B0BFVNS8HS,537241969626380,1164,0.0,403091191432997,FBA76417,B0BFVMDJ2K,7,Camb-SP-L shape-Multiple Asins- Exact/Phrase,0,FBA76417,WM-LOD-WH,White Mulberry,Desk,L-Shaped Desk,
2026-06-11,0,109.51,B0BFVNS8HS,537241969626380,1157,0.0,403091191432997,FBA76417,B0BFVMDJ2K,5,Camb-SP-L shape-Multiple Asins- Exact/Phrase,0,FBA76417,WM-LOD-WH,White Mulberry,Desk,L-Shaped Desk,
2026-06-12,0,90.9,B0BFVNS8HS,537241969626380,779,0.0,403091191432997,FBA76417,B0BFVMDJ2K,3,Camb-SP-L shape-Multiple Asins- Exact/Phrase,0,FBA76417,WM-LOD-WH,White Mulberry,Desk,L-Shaped Desk,
2026-06-13,0,0.0,B0BFVNS8HS,537241969626380,472,0.0,403091191432997,FBA76417,B0BFVMDJ2K,0,Camb-SP-L shape-Multiple Asins- Exact/Phrase,0,FBA76417,WM-LOD-WH,White Mulberry,Desk,L-Shaped Desk,
2026-06-14,0,0.0,B0BFVNS8HS,537241969626380,658,0.0,403091191432997,FBA76417,B0BFVMDJ2K,0,Camb-SP-L shape-Multiple Asins- Exact/Phrase,0,FBA76417,WM-LOD-WH,White Mulberry,Desk,L-Shaped Desk,
2026-06-15,0,45.84,B0BFVNS8HS,537241969626380,433,0.0,403091191432997,FBA76417,B0BFVMDJ2K,2,Camb-SP-L shape-Multiple Asins- Exact/Phrase,0,FBA76417,WM-LOD-WH,White Mulberry,Desk,L-Shaped Desk,
2026-06-16,0,11.89,B0BFVNS8HS,537241969626380,491,0.0,403091191432997,FBA76417,B0BFVMDJ2K,1,Camb-SP-L shape-Multiple Asins- Exact/Phrase,0,FBA76417,WM-LOD-WH,White Mulberry,Desk,L-Shaped Desk,
2026-06-17,0,269.01,B0BFVNS8HS,537241969626380,3249,0.0,403091191432997,FBA76417,B0BFVMDJ2K,12,Camb-SP-L shape-Multiple Asins- Exact/Phrase,0,FBA76417,WM-LOD-WH,White Mulberry,Desk,L-Shaped Desk,
2026-06-18,0,166.33,B0BFVNS8HS,537241969626380,750,0.0,403091191432997,FBA76417,B0BFVMDJ2K,7,Camb-SP-L shape-Multiple Asins- Exact/Phrase,0,FBA76417,WM-LOD-WH,White Mulberry,Desk,L-Shaped Desk,
2026-06-19,0,21.22,B0BFVNS8HS,537241969626380,401,0.0,403091191432997,FBA76417,B0BFVMDJ2K,1,Camb-SP-L shape-Multiple Asins- Exact/Phrase,0,FBA76417,WM-LOD-WH,White Mulberry,Desk,L-Shaped Desk,
2026-06-20,0,50.45,B0BFVNS8HS,537241969626380,907,0.0,403091191432997,FBA76417,B0BFVMDJ2K,2,Camb-SP-L shape-Multiple Asins- Exact/Phrase,0,FBA76417,WM-LOD-WH,White Mulberry,Desk,L-Shaped Desk,
2026-06-21,0,121.21,B0BFVNS8HS,537241969626380,1164,0.0,403091191432997,FBA76417,B0BFVMDJ2K,7,Camb-SP-L shape-Multiple Asins- Exact/Phrase,0,FBA76417,WM-LOD-WH,White Mulberry,Desk,L-Shaped Desk,
2026-06-01,0,85.23,B0BFVNS8HS,537241969626380,1123,0.0,403091191432997,FBA76415,B0BFWD6SNF,4,Camb-SP-L shape-Multiple Asins- Exact/Phrase,0,FBA76415,WM-LOD-CF,White Mulberry,Desk,L-Shaped Desk,
2026-06-02,0,71.86,B0BFVNS8HS,537241969626380,953,0.0,403091191432997,FBA76415,B0BFWD6SNF,4,Camb-SP-L shape-Multiple Asins- Exact/Phrase,0,FBA76415,WM-LOD-CF,White Mulberry,Desk,L-Shaped Desk,
2026-06-03,0,45.09,B0BFVNS8HS,537241969626380,1071,0.0,403091191432997,FBA76415,B0BFWD6SNF,2,Camb-SP-L shape-Multiple Asins- Exact/Phrase,0,FBA76415,WM-LOD-CF,White Mulberry,Desk,L-Shaped Desk,
2026-06-04,0,41.2,B0BFVNS8HS,537241969626380,1701,0.0,403091191432997,FBA76415,B0BFWD6SNF,2,Camb-SP-L shape-Multiple Asins- Exact/Phrase,0,FBA76415,WM-LOD-CF,White Mulberry,Desk,L-Shaped Desk,
2026-06-05,0,132.3,B0BFVNS8HS,537241969626380,2058,0.0,403091191432997,FBA76415,B0BFWD6SNF,5,Camb-SP-L shape-Multiple Asins- Exact/Phrase,0,FBA76415,WM-LOD-CF,White Mulberry,Desk,L-Shaped Desk,
2026-06-06,0,87.8,B0BFVNS8HS,537241969626380,729,0.0,403091191432997,FBA76415,B0BFWD6SNF,4,Camb-SP-L shape-Multiple Asins- Exact/Phrase,0,FBA76415,WM-LOD-CF,White Mulberry,Desk,L-Shaped Desk,
2026-06-07,0,16.93,B0BFVNS8HS,537241969626380,1016,0.0,403091191432997,FBA76415,B0BFWD6SNF,1,Camb-SP-L shape-Multiple Asins- Exact/Phrase,0,FBA76415,WM-LOD-CF,White Mulberry,Desk,L-Shaped Desk,
2026-06-08,0,99.32,B0BFVNS8HS,537241969626380,590,0.0,403091191432997,FBA76415,B0BFWD6SNF,4,Camb-SP-L shape-Multiple Asins- Exact/Phrase,0,FBA76415,WM-LOD-CF,White Mulberry,Desk,L-Shaped Desk,
2026-06-09,0,0.0,B0BFVNS8HS,537241969626380,269,0.0,403091191432997,FBA76415,B0BFWD6SNF,0,Camb-SP-L shape-Multiple Asins- Exact/Phrase,0,FBA76415,WM-LOD-CF,White Mulberry,Desk,L-Shaped Desk,
2026-06-10,0,0.0,B0BFVNS8HS,537241969626380,1004,0.0,403091191432997,FBA76415,B0BFWD6SNF,0,Camb-SP-L shape-Multiple Asins- Exact/Phrase,0,FBA76415,WM-LOD-CF,White Mulberry,Desk,L-Shaped Desk,
2026-06-11,0,8.36,B0BFVNS8HS,537241969626380,496,0.0,403091191432997,FBA76415,B0BFWD6SNF,1,Camb-SP-L shape-Multiple Asins- Exact/Phrase,0,FBA76415,WM-LOD-CF,White Mulberry,Desk,L-Shaped Desk,
2026-06-12,0,30.55,B0BFVNS8HS,537241969626380,539,0.0,403091191432997,FBA76415,B0BFWD6SNF,1,Camb-SP-L shape-Multiple Asins- Exact/Phrase,0,FBA76415,WM-LOD-CF,White Mulberry,Desk,L-Shaped Desk,
2026-06-13,0,90.34,B0BFVNS8HS,537241969626380,727,0.0,403091191432997,FBA76415,B0BFWD6SNF,3,Camb-SP-L shape-Multiple Asins- Exact/Phrase,0,FBA76415,WM-LOD-CF,White Mulberry,Desk,L-Shaped Desk,
2026-06-14,0,56.7,B0BFVNS8HS,537241969626380,985,0.0,403091191432997,FBA76415,B0BFWD6SNF,2,Camb-SP-L shape-Multiple Asins- Exact/Phrase,0,FBA76415,WM-LOD-CF,White Mulberry,Desk,L-Shaped Desk,
2026-06-15,0,21.65,B0BFVNS8HS,537241969626380,521,0.0,403091191432997,FBA76415,B0BFWD6SNF,1,Camb-SP-L shape-Multiple Asins- Exact/Phrase,0,FBA76415,WM-LOD-CF,White Mulberry,Desk,L-Shaped Desk,
2026-06-16,0,12.84,B0BFVNS8HS,537241969626380,598,0.0,403091191432997,FBA76415,B0BFWD6SNF,1,Camb-SP-L shape-Multiple Asins- Exact/Phrase,0,FBA76415,WM-LOD-CF,White Mulberry,Desk,L-Shaped Desk,
2026-06-17,0,133.74,B0BFVNS8HS,537241969626380,1448,0.0,403091191432997,FBA76415,B0BFWD6SNF,5,Camb-SP-L shape-Multiple Asins- Exact/Phrase,0,FBA76415,WM-LOD-CF,White Mulberry,Desk,L-Shaped Desk,
2026-06-18,0,0.0,B0BFVNS8HS,537241969626380,187,0.0,403091191432997,FBA76415,B0BFWD6SNF,0,Camb-SP-L shape-Multiple Asins- Exact/Phrase,0,FBA76415,WM-LOD-CF,White Mulberry,Desk,L-Shaped Desk,
2026-06-19,0,33.81,B0BFVNS8HS,537241969626380,187,0.0,403091191432997,FBA76415,B0BFWD6SNF,1,Camb-SP-L shape-Multiple Asins- Exact/Phrase,0,FBA76415,WM-LOD-CF,White Mulberry,Desk,L-Shaped Desk,
2026-06-20,0,18.48,B0BFVNS8HS,537241969626380,322,0.0,403091191432997,FBA76415,B0BFWD6SNF,1,Camb-SP-L shape-Multiple Asins- Exact/Phrase,0,FBA76415,WM-LOD-CF,White Mulberry,Desk,L-Shaped Desk,
2026-06-21,0,296.82,B0BFVNS8HS,537241969626380,3043,0.0,403091191432997,FBA76415,B0BFWD6SNF,11,Camb-SP-L shape-Multiple Asins- Exact/Phrase,0,FBA76415,WM-LOD-CF,White Mulberry,Desk,L-Shaped Desk,
2026-06-01,0,37.08,B0BFVNS8HS,537241969626380,553,0.0,403091191432997,FBA76416,B0BFW59TRG,2,Camb-SP-L shape-Multiple Asins- Exact/Phrase,0,FBA76416,WM-LOD-BK,White Mulberry,Desk,L-Shaped Desk,
2026-06-02,0,72.11,B0BFVNS8HS,537241969626380,595,0.0,403091191432997,FBA76416,B0BFW59TRG,3,Camb-SP-L shape-Multiple Asins- Exact/Phrase,0,FBA76416,WM-LOD-BK,White Mulberry,Desk,L-Shaped Desk,
2026-06-03,0,54.22,B0BFVNS8HS,537241969626380,864,0.0,403091191432997,FBA76416,B0BFW59TRG,3,Camb-SP-L shape-Multiple Asins- Exact/Phrase,0,FBA76416,WM-LOD-BK,White Mulberry,Desk,L-Shaped Desk,
2026-06-04,0,31.15,B0BFVNS8HS,537241969626380,670,0.0,403091191432997,FBA76416,B0BFW59TRG,2,Camb-SP-L shape-Multiple Asins- Exact/Phrase,0,FBA76416,WM-LOD-BK,White Mulberry,Desk,L-Shaped Desk,
2026-06-05,0,29.43,B0BFVNS8HS,537241969626380,659,0.0,403091191432997,FBA76416,B0BFW59TRG,1,Camb-SP-L shape-Multiple Asins- Exact/Phrase,0,FBA76416,WM-LOD-BK,White Mulberry,Desk,L-Shaped Desk,
2026-06-06,0,0.0,B0BFVNS8HS,537241969626380,330,0.0,403091191432997,FBA76416,B0BFW59TRG,0,Camb-SP-L shape-Multiple Asins- Exact/Phrase,0,FBA76416,WM-LOD-BK,White Mulberry,Desk,L-Shaped Desk,
2026-06-07,0,77.68,B0BFVNS8HS,537241969626380,489,0.0,403091191432997,FBA76416,B0BFW59TRG,3,Camb-SP-L shape-Multiple Asins- Exact/Phrase,0,FBA76416,WM-LOD-BK,White Mulberry,Desk,L-Shaped Desk,
2026-06-08,0,103.48,B0BFVNS8HS,537241969626380,400,0.0,403091191432997,FBA76416,B0BFW59TRG,5,Camb-SP-L shape-Multiple Asins- Exact/Phrase,0,FBA76416,WM-LOD-BK,White Mulberry,Desk,L-Shaped Desk,
2026-06-09,0,38.16,B0BFVNS8HS,537241969626380,333,0.0,403091191432997,FBA76416,B0BFW59TRG,2,Camb-SP-L shape-Multiple Asins- Exact/Phrase,0,FBA76416,WM-LOD-BK,White Mulberry,Desk,L-Shaped Desk,
2026-06-10,0,43.66,B0BFVNS8HS,537241969626380,639,0.0,403091191432997,FBA76416,B0BFW59TRG,2,Camb-SP-L shape-Multiple Asins- Exact/Phrase,0,FBA76416,WM-LOD-BK,White Mulberry,Desk,L-Shaped Desk,
2026-06-11,0,72.36,B0BFVNS8HS,537241969626380,529,0.0,403091191432997,FBA76416,B0BFW59TRG,3,Camb-SP-L shape-Multiple Asins- Exact/Phrase,0,FBA76416,WM-LOD-BK,White Mulberry,Desk,L-Shaped Desk,
2026-06-12,1,56.52,B0BFVNS8HS,537241969626380,478,7075.42,403091191432997,FBA76416,B0BFW59TRG,3,Camb-SP-L shape-Multiple Asins- Exact/Phrase,1,FBA76416,WM-LOD-BK,White Mulberry,Desk,L-Shaped Desk,
2026-06-13,0,36.14,B0BFVNS8HS,537241969626380,682,0.0,403091191432997,FBA76416,B0BFW59TRG,2,Camb-SP-L shape-Multiple Asins- Exact/Phrase,0,FBA76416,WM-LOD-BK,White Mulberry,Desk,L-Shaped Desk,
2026-06-14,0,125.41,B0BFVNS8HS,537241969626380,983,0.0,403091191432997,FBA76416,B0BFW59TRG,6,Camb-SP-L shape-Multiple Asins- Exact/Phrase,0,FBA76416,WM-LOD-BK,White Mulberry,Desk,L-Shaped Desk,
2026-06-15,0,104.03,B0BFVNS8HS,537241969626380,894,0.0,403091191432997,FBA76416,B0BFW59TRG,5,Camb-SP-L shape-Multiple Asins- Exact/Phrase,0,FBA76416,WM-LOD-BK,White Mulberry,Desk,L-Shaped Desk,
2026-06-16,0,105.31,B0BFVNS8HS,537241969626380,878,0.0,403091191432997,FBA76416,B0BFW59TRG,6,Camb-SP-L shape-Multiple Asins- Exact/Phrase,0,FBA76416,WM-LOD-BK,White Mulberry,Desk,L-Shaped Desk,
2026-06-18,0,80.93,B0BFVNS8HS,537241969626380,660,0.0,403091191432997,FBA76416,B0BFW59TRG,3,Camb-SP-L shape-Multiple Asins- Exact/Phrase,0,FBA76416,WM-LOD-BK,White Mulberry,Desk,L-Shaped Desk,
2026-06-19,0,14.68,B0BFVNS8HS,537241969626380,572,0.0,403091191432997,FBA76416,B0BFW59TRG,1,Camb-SP-L shape-Multiple Asins- Exact/Phrase,0,FBA76416,WM-LOD-BK,White Mulberry,Desk,L-Shaped Desk,
2026-06-20,0,72.71,B0BFVNS8HS,537241969626380,487,0.0,403091191432997,FBA76416,B0BFW59TRG,2,Camb-SP-L shape-Multiple Asins- Exact/Phrase,0,FBA76416,WM-LOD-BK,White Mulberry,Desk,L-Shaped Desk,
2026-06-01,0,651.91,L Shaped Desks,379958261260226,12521,0.0,371841610705982,FBA76417,B0BFVMDJ2K,27,Camb-SP-Lshape-Multiple Asins- Exact 01,0,FBA76417,WM-LOD-WH,White Mulberry,Desk,L-Shaped Desk,
2026-06-02,0,330.09,L Shaped Desks,379958261260226,3032,0.0,371841610705982,FBA76417,B0BFVMDJ2K,15,Camb-SP-Lshape-Multiple Asins- Exact 01,0,FBA76417,WM-LOD-WH,White Mulberry,Desk,L-Shaped Desk,
2026-06-03,0,671.93,L Shaped Desks,379958261260226,10084,0.0,371841610705982,FBA76417,B0BFVMDJ2K,33,Camb-SP-Lshape-Multiple Asins- Exact 01,0,FBA76417,WM-LOD-WH,White Mulberry,Desk,L-Shaped Desk,
2026-06-04,0,415.18,L Shaped Desks,379958261260226,2883,0.0,371841610705982,FBA76417,B0BFVMDJ2K,20,Camb-SP-Lshape-Multiple Asins- Exact 01,0,FBA76417,WM-LOD-WH,White Mulberry,Desk,L-Shaped Desk,
2026-06-05,1,411.32,L Shaped Desks,379958261260226,6473,7075.42,371841610705982,FBA76417,B0BFVMDJ2K,21,Camb-SP-Lshape-Multiple Asins- Exact 01,1,FBA76417,WM-LOD-WH,White Mulberry,Desk,L-Shaped Desk,
2026-06-06,1,275.84,L Shaped Desks,379958261260226,1855,6029.66,371841610705982,FBA76417,B0BFVMDJ2K,15,Camb-SP-Lshape-Multiple Asins- Exact 01,1,FBA76417,WM-LOD-WH,White Mulberry,Desk,L-Shaped Desk,
2026-06-07,0,389.17,L Shaped Desks,379958261260226,9993,0.0,371841610705982,FBA76417,B0BFVMDJ2K,20,Camb-SP-Lshape-Multiple Asins- Exact 01,0,FBA76417,WM-LOD-WH,White Mulberry,Desk,L-Shaped Desk,
2026-06-08,0,367.94,L Shaped Desks,379958261260226,2359,0.0,371841610705982,FBA76417,B0BFVMDJ2K,17,Camb-SP-Lshape-Multiple Asins- Exact 01,0,FBA76417,WM-LOD-WH,White Mulberry,Desk,L-Shaped Desk,
2026-06-09,0,405.95,L Shaped Desks,379958261260226,3575,0.0,371841610705982,FBA76417,B0BFVMDJ2K,21,Camb-SP-Lshape-Multiple Asins- Exact 01,0,FBA76417,WM-LOD-WH,White Mulberry,Desk,L-Shaped Desk,
2026-06-10,0,406.64,L Shaped Desks,379958261260226,12915,0.0,371841610705982,FBA76417,B0BFVMDJ2K,21,Camb-SP-Lshape-Multiple Asins- Exact 01,0,FBA76417,WM-LOD-WH,White Mulberry,Desk,L-Shaped Desk,
2026-06-11,0,376.07,L Shaped Desks,379958261260226,2983,0.0,371841610705982,FBA76417,B0BFVMDJ2K,20,Camb-SP-Lshape-Multiple Asins- Exact 01,0,FBA76417,WM-LOD-WH,White Mulberry,Desk,L-Shaped Desk,
2026-06-12,0,354.79,L Shaped Desks,379958261260226,8158,0.0,371841610705982,FBA76417,B0BFVMDJ2K,17,Camb-SP-Lshape-Multiple Asins- Exact 01,0,FBA76417,WM-LOD-WH,White Mulberry,Desk,L-Shaped Desk,
2026-06-13,0,353.13,L Shaped Desks,379958261260226,4571,0.0,371841610705982,FBA76417,B0BFVMDJ2K,15,Camb-SP-Lshape-Multiple Asins- Exact 01,0,FBA76417,WM-LOD-WH,White Mulberry,Desk,L-Shaped Desk,
2026-06-14,0,425.96,L Shaped Desks,379958261260226,8021,0.0,371841610705982,FBA76417,B0BFVMDJ2K,21,Camb-SP-Lshape-Multiple Asins- Exact 01,0,FBA76417,WM-LOD-WH,White Mulberry,Desk,L-Shaped Desk,
2026-06-15,0,291.83,L Shaped Desks,379958261260226,4007,0.0,371841610705982,FBA76417,B0BFVMDJ2K,14,Camb-SP-Lshape-Multiple Asins- Exact 01,0,FBA76417,WM-LOD-WH,White Mulberry,Desk,L-Shaped Desk,
2026-06-01,0,48.23,L Shaped Desks,379958261260226,643,0.0,371841610705982,FBA76416,B0BFW59TRG,2,Camb-SP-Lshape-Multiple Asins- Exact 01,0,FBA76416,WM-LOD-BK,White Mulberry,Desk,L-Shaped Desk,
2026-06-02,0,71.49,L Shaped Desks,379958261260226,1428,0.0,371841610705982,FBA76416,B0BFW59TRG,2,Camb-SP-Lshape-Multiple Asins- Exact 01,0,FBA76416,WM-LOD-BK,White Mulberry,Desk,L-Shaped Desk,
2026-06-03,0,84.45,L Shaped Desks,379958261260226,1610,0.0,371841610705982,FBA76416,B0BFW59TRG,4,Camb-SP-Lshape-Multiple Asins- Exact 01,0,FBA76416,WM-LOD-BK,White Mulberry,Desk,L-Shaped Desk,
2026-06-04,0,43.01,L Shaped Desks,379958261260226,956,0.0,371841610705982,FBA76416,B0BFW59TRG,2,Camb-SP-Lshape-Multiple Asins- Exact 01,0,FBA76416,WM-LOD-BK,White Mulberry,Desk,L-Shaped Desk,
2026-06-01,0,527.43,Adjustable,170726446453708,8079,0.0,420791732459482,FBA79179,B0CPT3Q25C,21,WM_SP_KT_Adjustable_Exact_Manual_HV,0,FBA79179,WM-SE08-CF,White Mulberry,Desk-Adjustable,Motorized,
2026-06-02,0,431.01,Adjustable,170726446453708,13166,0.0,420791732459482,FBA79179,B0CPT3Q25C,16,WM_SP_KT_Adjustable_Exact_Manual_HV,0,FBA79179,WM-SE08-CF,White Mulberry,Desk-Adjustable,Motorized,
2026-06-03,0,620.27,Adjustable,170726446453708,13921,0.0,420791732459482,FBA79179,B0CPT3Q25C,24,WM_SP_KT_Adjustable_Exact_Manual_HV,0,FBA79179,WM-SE08-CF,White Mulberry,Desk-Adjustable,Motorized,
2026-06-04,0,472.29,Adjustable,170726446453708,20808,0.0,420791732459482,FBA79179,B0CPT3Q25C,19,WM_SP_KT_Adjustable_Exact_Manual_HV,0,FBA79179,WM-SE08-CF,White Mulberry,Desk-Adjustable,Motorized,
2026-06-05,0,355.68,Adjustable,170726446453708,14856,0.0,420791732459482,FBA79179,B0CPT3Q25C,15,WM_SP_KT_Adjustable_Exact_Manual_HV,0,FBA79179,WM-SE08-CF,White Mulberry,Desk-Adjustable,Motorized,
2026-06-06,0,364.26,Adjustable,170726446453708,10157,0.0,420791732459482,FBA79179,B0CPT3Q25C,15,WM_SP_KT_Adjustable_Exact_Manual_HV,0,FBA79179,WM-SE08-CF,White Mulberry,Desk-Adjustable,Motorized,
2026-06-07,0,373.51,Adjustable,170726446453708,9569,0.0,420791732459482,FBA79179,B0CPT3Q25C,15,WM_SP_KT_Adjustable_Exact_Manual_HV,0,FBA79179,WM-SE08-CF,White Mulberry,Desk-Adjustable,Motorized,
2026-06-08,0,358.16,Adjustable,170726446453708,3152,0.0,420791732459482,FBA79179,B0CPT3Q25C,14,WM_SP_KT_Adjustable_Exact_Manual_HV,0,FBA79179,WM-SE08-CF,White Mulberry,Desk-Adjustable,Motorized,
2026-06-09,0,263.26,Adjustable,170726446453708,4061,0.0,420791732459482,FBA79179,B0CPT3Q25C,11,WM_SP_KT_Adjustable_Exact_Manual_HV,0,FBA79179,WM-SE08-CF,White Mulberry,Desk-Adjustable,Motorized,
2026-06-10,0,270.81,Adjustable,170726446453708,8698,0.0,420791732459482,FBA79179,B0CPT3Q25C,12,WM_SP_KT_Adjustable_Exact_Manual_HV,0,FBA79179,WM-SE08-CF,White Mulberry,Desk-Adjustable,Motorized,
2026-06-11,0,306.58,Adjustable,170726446453708,8866,0.0,420791732459482,FBA79179,B0CPT3Q25C,13,WM_SP_KT_Adjustable_Exact_Manual_HV,0,FBA79179,WM-SE08-CF,White Mulberry,Desk-Adjustable,Motorized,
2026-06-12,0,255.06,Adjustable,170726446453708,2073,0.0,420791732459482,FBA79179,B0CPT3Q25C,10,WM_SP_KT_Adjustable_Exact_Manual_HV,0,FBA79179,WM-SE08-CF,White Mulberry,Desk-Adjustable,Motorized,
2026-06-01,0,84.48,PT 02,187467568019980,507,0.0,201378889850562,FBA79167,B0CPFS24ML,8,Camb-SP-Zshape-B0CPFS24ML- PT,0,FBA79167,WM-GD07-CB,White Mulberry,Desk,Gaming Desk,
2026-06-02,0,52.84,PT 02,187467568019980,525,0.0,201378889850562,FBA79167,B0CPFS24ML,5,Camb-SP-Zshape-B0CPFS24ML- PT,0,FBA79167,WM-GD07-CB,White Mulberry,Desk,Gaming Desk,
2026-06-03,0,70.35,PT 02,187467568019980,486,0.0,201378889850562,FBA79167,B0CPFS24ML,6,Camb-SP-Zshape-B0CPFS24ML- PT,0,FBA79167,WM-GD07-CB,White Mulberry,Desk,Gaming Desk,
2026-06-04,0,113.25,PT 02,187467568019980,1089,0.0,201378889850562,FBA79167,B0CPFS24ML,14,Camb-SP-Zshape-B0CPFS24ML- PT,0,FBA79167,WM-GD07-CB,White Mulberry,Desk,Gaming Desk,
2026-06-05,0,156.83,PT 02,187467568019980,904,0.0,201378889850562,FBA79167,B0CPFS24ML,12,Camb-SP-Zshape-B0CPFS24ML- PT,0,FBA79167,WM-GD07-CB,White Mulberry,Desk,Gaming Desk,
2026-06-06,0,214.73,PT 02,187467568019980,1135,0.0,201378889850562,FBA79167,B0CPFS24ML,17,Camb-SP-Zshape-B0CPFS24ML- PT,0,FBA79167,WM-GD07-CB,White Mulberry,Desk,Gaming Desk,
2026-06-07,0,143.7,PT 02,187467568019980,576,0.0,201378889850562,FBA79167,B0CPFS24ML,11,Camb-SP-Zshape-B0CPFS24ML- PT,0,FBA79167,WM-GD07-CB,White Mulberry,Desk,Gaming Desk,
2026-06-08,0,17.83,PT 02,187467568019980,482,0.0,201378889850562,FBA79167,B0CPFS24ML,1,Camb-SP-Zshape-B0CPFS24ML- PT,0,FBA79167,WM-GD07-CB,White Mulberry,Desk,Gaming Desk,
2026-06-09,0,205.42,PT 02,187467568019980,1056,0.0,201378889850562,FBA79167,B0CPFS24ML,19,Camb-SP-Zshape-B0CPFS24ML- PT,0,FBA79167,WM-GD07-CB,White Mulberry,Desk,Gaming Desk,
2026-06-10,0,40.57,PT 02,187467568019980,932,0.0,201378889850562,FBA79167,B0CPFS24ML,5,Camb-SP-Zshape-B0CPFS24ML- PT,0,FBA79167,WM-GD07-CB,White Mulberry,Desk,Gaming Desk,
2026-06-11,0,0.0,PT 02,187467568019980,219,0.0,201378889850562,FBA79167,B0CPFS24ML,0,Camb-SP-Zshape-B0CPFS24ML- PT,0,FBA79167,WM-GD07-CB,White Mulberry,Desk,Gaming Desk,
2026-06-12,0,39.35,PT 02,187467568019980,454,0.0,201378889850562,FBA79167,B0CPFS24ML,5,Camb-SP-Zshape-B0CPFS24ML- PT,0,FBA79167,WM-GD07-CB,White Mulberry,Desk,Gaming Desk,
2026-06-13,0,55.16,PT 02,187467568019980,333,0.0,201378889850562,FBA79167,B0CPFS24ML,6,Camb-SP-Zshape-B0CPFS24ML- PT,0,FBA79167,WM-GD07-CB,White Mulberry,Desk,Gaming Desk,
2026-06-14,0,21.11,PT 02,187467568019980,262,0.0,201378889850562,FBA79167,B0CPFS24ML,4,Camb-SP-Zshape-B0CPFS24ML- PT,0,FBA79167,WM-GD07-CB,White Mulberry,Desk,Gaming Desk,
2026-06-15,0,14.3,PT 02,187467568019980,483,0.0,201378889850562,FBA79167,B0CPFS24ML,2,Camb-SP-Zshape-B0CPFS24ML- PT,0,FBA79167,WM-GD07-CB,White Mulberry,Desk,Gaming Desk,
2026-06-16,0,56.48,PT 02,187467568019980,624,0.0,201378889850562,FBA79167,B0CPFS24ML,5,Camb-SP-Zshape-B0CPFS24ML- PT,0,FBA79167,WM-GD07-CB,White Mulberry,Desk,Gaming Desk,
2026-06-17,0,69.85,PT 02,187467568019980,601,0.0,201378889850562,FBA79167,B0CPFS24ML,8,Camb-SP-Zshape-B0CPFS24ML- PT,0,FBA79167,WM-GD07-CB,White Mulberry,Desk,Gaming Desk,
2026-06-18,0,44.9,PT 02,187467568019980,490,0.0,201378889850562,FBA79167,B0CPFS24ML,4,Camb-SP-Zshape-B0CPFS24ML- PT,0,FBA79167,WM-GD07-CB,White Mulberry,Desk,Gaming Desk,
2026-06-19,0,59.17,PT 02,187467568019980,574,0.0,201378889850562,FBA79167,B0CPFS24ML,5,Camb-SP-Zshape-B0CPFS24ML- PT,0,FBA79167,WM-GD07-CB,White Mulberry,Desk,Gaming Desk,
2026-06-20,0,65.96,PT 02,187467568019980,679,0.0,201378889850562,FBA79167,B0CPFS24ML,7,Camb-SP-Zshape-B0CPFS24ML- PT,0,FBA79167,WM-GD07-CB,White Mulberry,Desk,Gaming Desk,
2026-06-21,0,73.05,PT 02,187467568019980,722,0.0,201378889850562,FBA79167,B0CPFS24ML,8,Camb-SP-Zshape-B0CPFS24ML- PT,0,FBA79167,WM-GD07-CB,White Mulberry,Desk,Gaming Desk,
2026-06-01,0,419.82,Camb-SP-Zshape-B0CPFS24ML- PT,187467568019980,1268,0.0,237874663709045,FBA79167,B0CPFS24ML,24,Camb-SP-Zshape-B0CPFS24ML- PT,0,FBA79167,WM-GD07-CB,White Mulberry,Desk,Gaming Desk,
2026-06-02,0,217.04,Camb-SP-Zshape-B0CPFS24ML- PT,187467568019980,1340,0.0,237874663709045,FBA79167,B0CPFS24ML,12,Camb-SP-Zshape-B0CPFS24ML- PT,0,FBA79167,WM-GD07-CB,White Mulberry,Desk,Gaming Desk,
2026-06-03,0,430.99,Camb-SP-Zshape-B0CPFS24ML- PT,187467568019980,1250,0.0,237874663709045,FBA79167,B0CPFS24ML,26,Camb-SP-Zshape-B0CPFS24ML- PT,0,FBA79167,WM-GD07-CB,White Mulberry,Desk,Gaming Desk,
2026-06-04,0,346.34,Camb-SP-Zshape-B0CPFS24ML- PT,187467568019980,1256,0.0,237874663709045,FBA79167,B0CPFS24ML,19,Camb-SP-Zshape-B0CPFS24ML- PT,0,FBA79167,WM-GD07-CB,White Mulberry,Desk,Gaming Desk,
2026-06-05,0,202.12,Camb-SP-Zshape-B0CPFS24ML- PT,187467568019980,1235,0.0,237874663709045,FBA79167,B0CPFS24ML,10,Camb-SP-Zshape-B0CPFS24ML- PT,0,FBA79167,WM-GD07-CB,White Mulberry,Desk,Gaming Desk,
2026-06-06,0,154.55,Camb-SP-Zshape-B0CPFS24ML- PT,187467568019980,796,0.0,237874663709045,FBA79167,B0CPFS24ML,9,Camb-SP-Zshape-B0CPFS24ML- PT,0,FBA79167,WM-GD07-CB,White Mulberry,Desk,Gaming Desk,
2026-06-07,1,216.82,Camb-SP-Zshape-B0CPFS24ML- PT,187467568019980,1207,7202.54,237874663709045,FBA79167,B0CPFS24ML,13,Camb-SP-Zshape-B0CPFS24ML- PT,1,FBA79167,WM-GD07-CB,White Mulberry,Desk,Gaming Desk,
2026-06-08,1,441.43,Camb-SP-Zshape-B0CPFS24ML- PT,187467568019980,1344,7287.29,237874663709045,FBA79167,B0CPFS24ML,22,Camb-SP-Zshape-B0CPFS24ML- PT,1,FBA79167,WM-GD07-CB,White Mulberry,Desk,Gaming Desk,
2026-06-09,0,98.83,Camb-SP-Zshape-B0CPFS24ML- PT,187467568019980,816,0.0,237874663709045,FBA79167,B0CPFS24ML,6,Camb-SP-Zshape-B0CPFS24ML- PT,0,FBA79167,WM-GD07-CB,White Mulberry,Desk,Gaming Desk,
2026-06-10,0,229.8,Camb-SP-Zshape-B0CPFS24ML- PT,187467568019980,1216,0.0,237874663709045,FBA79167,B0CPFS24ML,12,Camb-SP-Zshape-B0CPFS24ML- PT,0,FBA79167,WM-GD07-CB,White Mulberry,Desk,Gaming Desk,
2026-06-11,0,315.83,Camb-SP-Zshape-B0CPFS24ML- PT,187467568019980,746,0.0,237874663709045,FBA79167,B0CPFS24ML,19,Camb-SP-Zshape-B0CPFS24ML- PT,0,FBA79167,WM-GD07-CB,White Mulberry,Desk,Gaming Desk,
2026-06-12,1,196.02,Camb-SP-Zshape-B0CPFS24ML- PT,187467568019980,711,7287.29,237874663709045,FBA79167,B0CPFS24ML,11,Camb-SP-Zshape-B0CPFS24ML- PT,1,FBA79167,WM-GD07-CB,White Mulberry,Desk,Gaming Desk,
2026-06-13,0,84.79,Camb-SP-Zshape-B0CPFS24ML- PT,187467568019980,429,0.0,237874663709045,FBA79167,B0CPFS24ML,5,Camb-SP-Zshape-B0CPFS24ML- PT,0,FBA79167,WM-GD07-CB,White Mulberry,Desk,Gaming Desk,
2026-06-14,0,110.93,Camb-SP-Zshape-B0CPFS24ML- PT,187467568019980,1083,0.0,237874663709045,FBA79167,B0CPFS24ML,5,Camb-SP-Zshape-B0CPFS24ML- PT,0,FBA79167,WM-GD07-CB,White Mulberry,Desk,Gaming Desk,
2026-06-15,0,201.21,Camb-SP-Zshape-B0CPFS24ML- PT,187467568019980,1785,0.0,237874663709045,FBA79167,B0CPFS24ML,12,Camb-SP-Zshape-B0CPFS24ML- PT,0,FBA79167,WM-GD07-CB,White Mulberry,Desk,Gaming Desk,
2026-06-16,0,113.32,Camb-SP-Zshape-B0CPFS24ML- PT,187467568019980,1461,0.0,237874663709045,FBA79167,B0CPFS24ML,6,Camb-SP-Zshape-B0CPFS24ML- PT,0,FBA79167,WM-GD07-CB,White Mulberry,Desk,Gaming Desk,
2026-06-17,0,66.65,Camb-SP-Zshape-B0CPFS24ML- PT,187467568019980,1383,0.0,237874663709045,FBA79167,B0CPFS24ML,3,Camb-SP-Zshape-B0CPFS24ML- PT,0,FBA79167,WM-GD07-CB,White Mulberry,Desk,Gaming Desk,
2026-06-18,0,229.37,Camb-SP-Zshape-B0CPFS24ML- PT,187467568019980,1199,0.0,237874663709045,FBA79167,B0CPFS24ML,11,Camb-SP-Zshape-B0CPFS24ML- PT,0,FBA79167,WM-GD07-CB,White Mulberry,Desk,Gaming Desk,
2026-06-19,0,226.6,Camb-SP-Zshape-B0CPFS24ML- PT,187467568019980,1496,0.0,237874663709045,FBA79167,B0CPFS24ML,11,Camb-SP-Zshape-B0CPFS24ML- PT,0,FBA79167,WM-GD07-CB,White Mulberry,Desk,Gaming Desk,
2026-06-20,0,175.48,Camb-SP-Zshape-B0CPFS24ML- PT,187467568019980,1570,0.0,237874663709045,FBA79167,B0CPFS24ML,9,Camb-SP-Zshape-B0CPFS24ML- PT,0,FBA79167,WM-GD07-CB,White Mulberry,Desk,Gaming Desk,
2026-06-21,0,198.42,Camb-SP-Zshape-B0CPFS24ML- PT,187467568019980,1599,0.0,237874663709045,FBA79167,B0CPFS24ML,11,Camb-SP-Zshape-B0CPFS24ML- PT,0,FBA79167,WM-GD07-CB,White Mulberry,Desk,Gaming Desk,
2026-06-01,0,504.38,Camb-SP-Zshape-B0CPFS24ML- Phrase,262398489862684,5865,0.0,71345441658351,FBA79167,B0CPFS24ML,43,Camb-SP-Zshape-B0CPFS24ML- Phrase,0,FBA79167,WM-GD07-CB,White Mulberry,Desk,Gaming Desk,
2026-06-02,0,297.33,Camb-SP-Zshape-B0CPFS24ML- Phrase,262398489862684,2794,0.0,71345441658351,FBA79167,B0CPFS24ML,20,Camb-SP-Zshape-B0CPFS24ML- Phrase,0,FBA79167,WM-GD07-CB,White Mulberry,Desk,Gaming Desk,
2026-06-03,0,542.06,Camb-SP-Zshape-B0CPFS24ML- Phrase,262398489862684,6301,0.0,71345441658351,FBA79167,B0CPFS24ML,42,Camb-SP-Zshape-B0CPFS24ML- Phrase,0,FBA79167,WM-GD07-CB,White Mulberry,Desk,Gaming Desk,
2026-06-04,0,232.08,Camb-SP-Zshape-B0CPFS24ML- Phrase,262398489862684,2892,0.0,71345441658351,FBA79167,B0CPFS24ML,20,Camb-SP-Zshape-B0CPFS24ML- Phrase,0,FBA79167,WM-GD07-CB,White Mulberry,Desk,Gaming Desk,
2026-06-05,1,355.76,Camb-SP-Zshape-B0CPFS24ML- Phrase,262398489862684,2438,7202.54,71345441658351,FBA79167,B0CPFS24ML,23,Camb-SP-Zshape-B0CPFS24ML- Phrase,1,FBA79167,WM-GD07-CB,White Mulberry,Desk,Gaming Desk,
2026-06-06,0,471.23,Camb-SP-Zshape-B0CPFS24ML- Phrase,262398489862684,5691,0.0,71345441658351,FBA79167,B0CPFS24ML,37,Camb-SP-Zshape-B0CPFS24ML- Phrase,0,FBA79167,WM-GD07-CB,White Mulberry,Desk,Gaming Desk,
2026-06-07,2,278.87,Camb-SP-Zshape-B0CPFS24ML- Phrase,262398489862684,1811,7202.54,71345441658351,FBA79167,B0CPFS24ML,20,Camb-SP-Zshape-B0CPFS24ML- Phrase,2,FBA79167,WM-GD07-CB,White Mulberry,Desk,Gaming Desk,
2026-06-08,1,352.37,Camb-SP-Zshape-B0CPFS24ML- Phrase,262398489862684,4601,7287.29,71345441658351,FBA79167,B0CPFS24ML,31,Camb-SP-Zshape-B0CPFS24ML- Phrase,1,FBA79167,WM-GD07-CB,White Mulberry,Desk,Gaming Desk,
2026-06-09,0,414.85,Camb-SP-Zshape-B0CPFS24ML- Phrase,262398489862684,5175,0.0,71345441658351,FBA79167,B0CPFS24ML,31,Camb-SP-Zshape-B0CPFS24ML- Phrase,0,FBA79167,WM-GD07-CB,White Mulberry,Desk,Gaming Desk,
2026-06-10,1,264.26,Camb-SP-Zshape-B0CPFS24ML- Phrase,262398489862684,3710,7287.29,71345441658351,FBA79167,B0CPFS24ML,21,Camb-SP-Zshape-B0CPFS24ML- Phrase,1,FBA79167,WM-GD07-CB,White Mulberry,Desk,Gaming Desk,
2026-06-11,0,209.44,Camb-SP-Zshape-B0CPFS24ML- Phrase,262398489862684,1840,0.0,71345441658351,FBA79167,B0CPFS24ML,16,Camb-SP-Zshape-B0CPFS24ML- Phrase,0,FBA79167,WM-GD07-CB,White Mulberry,Desk,Gaming Desk,
2026-06-12,0,202.38,Camb-SP-Zshape-B0CPFS24ML- Phrase,262398489862684,1172,0.0,71345441658351,FBA79167,B0CPFS24ML,14,Camb-SP-Zshape-B0CPFS24ML- Phrase,0,FBA79167,WM-GD07-CB,White Mulberry,Desk,Gaming Desk,
2026-06-13,0,312.17,Camb-SP-Zshape-B0CPFS24ML- Phrase,262398489862684,1824,0.0,71345441658351,FBA79167,B0CPFS24ML,20,Camb-SP-Zshape-B0CPFS24ML- Phrase,0,FBA79167,WM-GD07-CB,White Mulberry,Desk,Gaming Desk,
2026-06-14,1,271.32,Camb-SP-Zshape-B0CPFS24ML- Phrase,262398489862684,2867,7287.29,71345441658351,FBA79167,B0CPFS24ML,22,Camb-SP-Zshape-B0CPFS24ML- Phrase,1,FBA79167,WM-GD07-CB,White Mulberry,Desk,Gaming Desk,
2026-06-15,1,516.36,Camb-SP-Zshape-B0CPFS24ML- Phrase,262398489862684,3773,7287.29,71345441658351,FBA79167,B0CPFS24ML,36,Camb-SP-Zshape-B0CPFS24ML- Phrase,1,FBA79167,WM-GD07-CB,White Mulberry,Desk,Gaming Desk,
2026-06-16,0,360.92,Camb-SP-Zshape-B0CPFS24ML- Phrase,262398489862684,2633,0.0,71345441658351,FBA79167,B0CPFS24ML,24,Camb-SP-Zshape-B0CPFS24ML- Phrase,0,FBA79167,WM-GD07-CB,White Mulberry,Desk,Gaming Desk,
2026-06-17,0,281.67,Camb-SP-Zshape-B0CPFS24ML- Phrase,262398489862684,2787,0.0,71345441658351,FBA79167,B0CPFS24ML,22,Camb-SP-Zshape-B0CPFS24ML- Phrase,0,FBA79167,WM-GD07-CB,White Mulberry,Desk,Gaming Desk,
2026-06-18,0,185.23,Camb-SP-Zshape-B0CPFS24ML- Phrase,262398489862684,1235,0.0,71345441658351,FBA79167,B0CPFS24ML,13,Camb-SP-Zshape-B0CPFS24ML- Phrase,0,FBA79167,WM-GD07-CB,White Mulberry,Desk,Gaming Desk,
2026-06-19,2,186.33,Camb-SP-Zshape-B0CPFS24ML- Phrase,262398489862684,945,14574.56,71345441658351,FBA79167,B0CPFS24ML,13,Camb-SP-Zshape-B0CPFS24ML- Phrase,2,FBA79167,WM-GD07-CB,White Mulberry,Desk,Gaming Desk,
2026-06-20,0,190.87,Camb-SP-Zshape-B0CPFS24ML- Phrase,262398489862684,1814,0.0,71345441658351,FBA79167,B0CPFS24ML,14,Camb-SP-Zshape-B0CPFS24ML- Phrase,0,FBA79167,WM-GD07-CB,White Mulberry,Desk,Gaming Desk,
2026-06-21,0,181.85,Camb-SP-Zshape-B0CPFS24ML- Phrase,262398489862684,2176,0.0,71345441658351,FBA79167,B0CPFS24ML,12,Camb-SP-Zshape-B0CPFS24ML- Phrase,0,FBA79167,WM-GD07-CB,White Mulberry,Desk,Gaming Desk,
2026-06-01,1,257.18,CT Ref Desks,274968356532225,1736,7202.54,261216200537801,FBA79167,B0CPFS24ML,16,Camb-SP-Zshape-B0CPFS24ML- CT ref,1,FBA79167,WM-GD07-CB,White Mulberry,Desk,Gaming Desk,
2026-06-02,0,89.24,CT Ref Desks,274968356532225,590,0.0,261216200537801,FBA79167,B0CPFS24ML,5,Camb-SP-Zshape-B0CPFS24ML- CT ref,0,FBA79167,WM-GD07-CB,White Mulberry,Desk,Gaming Desk,
2026-06-03,0,236.17,CT Ref Desks,274968356532225,4306,0.0,261216200537801,FBA79167,B0CPFS24ML,15,Camb-SP-Zshape-B0CPFS24ML- CT ref,0,FBA79167,WM-GD07-CB,White Mulberry,Desk,Gaming Desk,
2026-06-04,0,279.03,CT Ref Desks,274968356532225,1851,0.0,261216200537801,FBA79167,B0CPFS24ML,16,Camb-SP-Zshape-B0CPFS24ML- CT ref,0,FBA79167,WM-GD07-CB,White Mulberry,Desk,Gaming Desk,
2026-06-05,0,233.82,CT Ref Desks,274968356532225,977,0.0,261216200537801,FBA79167,B0CPFS24ML,13,Camb-SP-Zshape-B0CPFS24ML- CT ref,0,FBA79167,WM-GD07-CB,White Mulberry,Desk,Gaming Desk,
2026-06-06,1,173.71,CT Ref Desks,274968356532225,4550,7202.54,261216200537801,FBA79167,B0CPFS24ML,10,Camb-SP-Zshape-B0CPFS24ML- CT ref,1,FBA79167,WM-GD07-CB,White Mulberry,Desk,Gaming Desk,
2026-06-07,0,427.74,CT Ref Desks,274968356532225,1465,0.0,261216200537801,FBA79167,B0CPFS24ML,22,Camb-SP-Zshape-B0CPFS24ML- CT ref,0,FBA79167,WM-GD07-CB,White Mulberry,Desk,Gaming Desk,
2026-06-08,0,326.48,CT Ref Desks,274968356532225,1746,0.0,261216200537801,FBA79167,B0CPFS24ML,18,Camb-SP-Zshape-B0CPFS24ML- CT ref,0,FBA79167,WM-GD07-CB,White Mulberry,Desk,Gaming Desk,
2026-06-09,0,366.46,CT Ref Desks,274968356532225,2060,0.0,261216200537801,FBA79167,B0CPFS24ML,22,Camb-SP-Zshape-B0CPFS24ML- CT ref,0,FBA79167,WM-GD07-CB,White Mulberry,Desk,Gaming Desk,
2026-06-10,0,342.12,CT Ref Desks,274968356532225,2486,0.0,261216200537801,FBA79167,B0CPFS24ML,19,Camb-SP-Zshape-B0CPFS24ML- CT ref,0,FBA79167,WM-GD07-CB,White Mulberry,Desk,Gaming Desk,
2026-06-11,0,460.78,CT Ref Desks,274968356532225,2370,0.0,261216200537801,FBA79167,B0CPFS24ML,27,Camb-SP-Zshape-B0CPFS24ML- CT ref,0,FBA79167,WM-GD07-CB,White Mulberry,Desk,Gaming Desk,
2026-06-12,0,243.53,CT Ref Desks,274968356532225,837,0.0,261216200537801,FBA79167,B0CPFS24ML,14,Camb-SP-Zshape-B0CPFS24ML- CT ref,0,FBA79167,WM-GD07-CB,White Mulberry,Desk,Gaming Desk,
2026-06-13,0,64.99,CT Ref Desks,274968356532225,218,0.0,261216200537801,FBA79167,B0CPFS24ML,4,Camb-SP-Zshape-B0CPFS24ML- CT ref,0,FBA79167,WM-GD07-CB,White Mulberry,Desk,Gaming Desk,
2026-06-15,2,541.65,CT Ref Desks,274968356532225,2592,14574.58,261216200537801,FBA79167,B0CPFS24ML,30,Camb-SP-Zshape-B0CPFS24ML- CT ref,2,FBA79167,WM-GD07-CB,White Mulberry,Desk,Gaming Desk,
2026-06-16,1,607.39,CT Ref Desks,274968356532225,2481,7287.29,261216200537801,FBA79167,B0CPFS24ML,26,Camb-SP-Zshape-B0CPFS24ML- CT ref,1,FBA79167,WM-GD07-CB,White Mulberry,Desk,Gaming Desk,
2026-06-17,0,502.73,CT Ref Desks,274968356532225,2132,0.0,261216200537801,FBA79167,B0CPFS24ML,24,Camb-SP-Zshape-B0CPFS24ML- CT ref,0,FBA79167,WM-GD07-CB,White Mulberry,Desk,Gaming Desk,
2026-06-18,1,445.03,CT Ref Desks,274968356532225,2114,7287.29,261216200537801,FBA79167,B0CPFS24ML,23,Camb-SP-Zshape-B0CPFS24ML- CT ref,1,FBA79167,WM-GD07-CB,White Mulberry,Desk,Gaming Desk,
2026-06-19,0,454.55,CT Ref Desks,274968356532225,946,0.0,261216200537801,FBA79167,B0CPFS24ML,17,Camb-SP-Zshape-B0CPFS24ML- CT ref,0,FBA79167,WM-GD07-CB,White Mulberry,Desk,Gaming Desk,
2026-06-20,0,585.98,CT Ref Desks,274968356532225,3450,0.0,261216200537801,FBA79167,B0CPFS24ML,35,Camb-SP-Zshape-B0CPFS24ML- CT ref,0,FBA79167,WM-GD07-CB,White Mulberry,Desk,Gaming Desk,
2026-06-21,0,354.83,CT Ref Desks,274968356532225,226,0.0,261216200537801,FBA79167,B0CPFS24ML,12,Camb-SP-Zshape-B0CPFS24ML- CT ref,0,FBA79167,WM-GD07-CB,White Mulberry,Desk,Gaming Desk,
2026-06-01,0,100.33,CT Ref Computer Workstations,274968356532225,700,0.0,34761884181693,FBA79167,B0CPFS24ML,6,Camb-SP-Zshape-B0CPFS24ML- CT ref,0,FBA79167,WM-GD07-CB,White Mulberry,Desk,Gaming Desk,
2026-06-02,0,281.18,CT Ref Computer Workstations,274968356532225,568,0.0,34761884181693,FBA79167,B0CPFS24ML,12,Camb-SP-Zshape-B0CPFS24ML- CT ref,0,FBA79167,WM-GD07-CB,White Mulberry,Desk,Gaming Desk,
2026-06-03,0,169.16,CT Ref Computer Workstations,274968356532225,1673,0.0,34761884181693,FBA79167,B0CPFS24ML,10,Camb-SP-Zshape-B0CPFS24ML- CT ref,0,FBA79167,WM-GD07-CB,White Mulberry,Desk,Gaming Desk,
2026-06-04,0,209.13,CT Ref Computer Workstations,274968356532225,807,0.0,34761884181693,FBA79167,B0CPFS24ML,9,Camb-SP-Zshape-B0CPFS24ML- CT ref,0,FBA79167,WM-GD07-CB,White Mulberry,Desk,Gaming Desk,
2026-06-05,1,116.69,CT Ref Computer Workstations,274968356532225,433,7202.54,34761884181693,FBA79167,B0CPFS24ML,6,Camb-SP-Zshape-B0CPFS24ML- CT ref,1,FBA79167,WM-GD07-CB,White Mulberry,Desk,Gaming Desk,
2026-06-06,0,87.48,CT Ref Computer Workstations,274968356532225,1764,0.0,34761884181693,FBA79167,B0CPFS24ML,4,Camb-SP-Zshape-B0CPFS24ML- CT ref,0,FBA79167,WM-GD07-CB,White Mulberry,Desk,Gaming Desk,
2026-06-07,0,62.61,CT Ref Computer Workstations,274968356532225,429,0.0,34761884181693,FBA79167,B0CPFS24ML,3,Camb-SP-Zshape-B0CPFS24ML- CT ref,0,FBA79167,WM-GD07-CB,White Mulberry,Desk,Gaming Desk,
2026-06-08,0,113.09,CT Ref Computer Workstations,274968356532225,653,0.0,34761884181693,FBA79167,B0CPFS24ML,6,Camb-SP-Zshape-B0CPFS24ML- CT ref,0,FBA79167,WM-GD07-CB,White Mulberry,Desk,Gaming Desk,
2026-06-09,0,65.78,CT Ref Computer Workstations,274968356532225,299,0.0,34761884181693,FBA79167,B0CPFS24ML,3,Camb-SP-Zshape-B0CPFS24ML- CT ref,0,FBA79167,WM-GD07-CB,White Mulberry,Desk,Gaming Desk,
2026-06-10,0,66.03,CT Ref Computer Workstations,274968356532225,335,0.0,34761884181693,FBA79167,B0CPFS24ML,4,Camb-SP-Zshape-B0CPFS24ML- CT ref,0,FBA79167,WM-GD07-CB,White Mulberry,Desk,Gaming Desk,
2026-06-11,0,0.0,CT Ref Computer Workstations,274968356532225,214,0.0,34761884181693,FBA79167,B0CPFS24ML,0,Camb-SP-Zshape-B0CPFS24ML- CT ref,0,FBA79167,WM-GD07-CB,White Mulberry,Desk,Gaming Desk,
2026-06-12,0,170.32,CT Ref Computer Workstations,274968356532225,192,0.0,34761884181693,FBA79167,B0CPFS24ML,8,Camb-SP-Zshape-B0CPFS24ML- CT ref,0,FBA79167,WM-GD07-CB,White Mulberry,Desk,Gaming Desk,
2026-06-13,0,294.2,CT Ref Computer Workstations,274968356532225,598,0.0,34761884181693,FBA79167,B0CPFS24ML,16,Camb-SP-Zshape-B0CPFS24ML- CT ref,0,FBA79167,WM-GD07-CB,White Mulberry,Desk,Gaming Desk,
2026-06-14,0,370.85,CT Ref Computer Workstations,274968356532225,1530,0.0,34761884181693,FBA79167,B0CPFS24ML,19,Camb-SP-Zshape-B0CPFS24ML- CT ref,0,FBA79167,WM-GD07-CB,White Mulberry,Desk,Gaming Desk,
2026-06-15,0,65.24,CT Ref Computer Workstations,274968356532225,337,0.0,34761884181693,FBA79167,B0CPFS24ML,3,Camb-SP-Zshape-B0CPFS24ML- CT ref,0,FBA79167,WM-GD07-CB,White Mulberry,Desk,Gaming Desk,
2026-06-01,0,165.89,Camb-B0CPT3Q25C - Motorized-SP-PT,270743893003149,208,0.0,48768600056460,FBA79179,B0CPT3Q25C,4,Camb-B0CPT3Q25C - Motorized-SP-PT,0,FBA79179,WM-SE08-CF,White Mulberry,Desk-Adjustable,Motorized,
2026-06-02,0,402.32,Camb-B0CPT3Q25C - Motorized-SP-PT,270743893003149,477,0.0,48768600056460,FBA79179,B0CPT3Q25C,7,Camb-B0CPT3Q25C - Motorized-SP-PT,0,FBA79179,WM-SE08-CF,White Mulberry,Desk-Adjustable,Motorized,
2026-06-03,0,195.9,Camb-B0CPT3Q25C - Motorized-SP-PT,270743893003149,377,0.0,48768600056460,FBA79179,B0CPT3Q25C,4,Camb-B0CPT3Q25C - Motorized-SP-PT,0,FBA79179,WM-SE08-CF,White Mulberry,Desk-Adjustable,Motorized,
2026-06-04,0,292.53,Camb-B0CPT3Q25C - Motorized-SP-PT,270743893003149,882,0.0,48768600056460,FBA79179,B0CPT3Q25C,8,Camb-B0CPT3Q25C - Motorized-SP-PT,0,FBA79179,WM-SE08-CF,White Mulberry,Desk-Adjustable,Motorized,
2026-06-05,0,289.1,Camb-B0CPT3Q25C - Motorized-SP-PT,270743893003149,743,0.0,48768600056460,FBA79179,B0CPT3Q25C,6,Camb-B0CPT3Q25C - Motorized-SP-PT,0,FBA79179,WM-SE08-CF,White Mulberry,Desk-Adjustable,Motorized,
2026-06-06,0,184.09,Camb-B0CPT3Q25C - Motorized-SP-PT,270743893003149,436,0.0,48768600056460,FBA79179,B0CPT3Q25C,5,Camb-B0CPT3Q25C - Motorized-SP-PT,0,FBA79179,WM-SE08-CF,White Mulberry,Desk-Adjustable,Motorized,
2026-06-07,0,273.7,Camb-B0CPT3Q25C - Motorized-SP-PT,270743893003149,325,0.0,48768600056460,FBA79179,B0CPT3Q25C,5,Camb-B0CPT3Q25C - Motorized-SP-PT,0,FBA79179,WM-SE08-CF,White Mulberry,Desk-Adjustable,Motorized,
2026-06-08,0,230.34,Camb-B0CPT3Q25C - Motorized-SP-PT,270743893003149,663,0.0,48768600056460,FBA79179,B0CPT3Q25C,6,Camb-B0CPT3Q25C - Motorized-SP-PT,0,FBA79179,WM-SE08-CF,White Mulberry,Desk-Adjustable,Motorized,
2026-06-09,0,196.75,Camb-B0CPT3Q25C - Motorized-SP-PT,270743893003149,1033,0.0,48768600056460,FBA79179,B0CPT3Q25C,5,Camb-B0CPT3Q25C - Motorized-SP-PT,0,FBA79179,WM-SE08-CF,White Mulberry,Desk-Adjustable,Motorized,
2026-06-10,0,615.92,Camb-B0CPT3Q25C - Motorized-SP-PT,270743893003149,1924,0.0,48768600056460,FBA79179,B0CPT3Q25C,16,Camb-B0CPT3Q25C - Motorized-SP-PT,0,FBA79179,WM-SE08-CF,White Mulberry,Desk-Adjustable,Motorized,
2026-06-11,0,571.77,Camb-B0CPT3Q25C - Motorized-SP-PT,270743893003149,2431,0.0,48768600056460,FBA79179,B0CPT3Q25C,16,Camb-B0CPT3Q25C - Motorized-SP-PT,0,FBA79179,WM-SE08-CF,White Mulberry,Desk-Adjustable,Motorized,
2026-06-12,0,563.88,Camb-B0CPT3Q25C - Motorized-SP-PT,270743893003149,1637,0.0,48768600056460,FBA79179,B0CPT3Q25C,19,Camb-B0CPT3Q25C - Motorized-SP-PT,0,FBA79179,WM-SE08-CF,White Mulberry,Desk-Adjustable,Motorized,
2026-06-13,0,645.35,Camb-B0CPT3Q25C - Motorized-SP-PT,270743893003149,1513,0.0,48768600056460,FBA79179,B0CPT3Q25C,19,Camb-B0CPT3Q25C - Motorized-SP-PT,0,FBA79179,WM-SE08-CF,White Mulberry,Desk-Adjustable,Motorized,
2026-06-14,0,675.08,Camb-B0CPT3Q25C - Motorized-SP-PT,270743893003149,1451,0.0,48768600056460,FBA79179,B0CPT3Q25C,17,Camb-B0CPT3Q25C - Motorized-SP-PT,0,FBA79179,WM-SE08-CF,White Mulberry,Desk-Adjustable,Motorized,
2026-06-15,0,631.89,Camb-B0CPT3Q25C - Motorized-SP-PT,270743893003149,1307,0.0,48768600056460,FBA79179,B0CPT3Q25C,18,Camb-B0CPT3Q25C - Motorized-SP-PT,0,FBA79179,WM-SE08-CF,White Mulberry,Desk-Adjustable,Motorized,
2026-06-16,0,113.59,Camb-B0CPT3Q25C - Motorized-SP-PT,270743893003149,204,0.0,48768600056460,FBA79179,B0CPT3Q25C,3,Camb-B0CPT3Q25C - Motorized-SP-PT,0,FBA79179,WM-SE08-CF,White Mulberry,Desk-Adjustable,Motorized,
2026-06-08,0,0.0,Camb-SP-Lshape-Multi Asin- AT,28046356694748,0,0.0,327373674275924,FBA76417,B0BFVMDJ2K,0,Camb-SP-Lshape-Multi Asin- AT,0,FBA76417,WM-LOD-WH,White Mulberry,Desk,L-Shaped Desk,
2026-06-01,0,137.29,defensive,47924876659540,708,0.0,169075283069949,FBA79179,B0CPT3Q25C,6,Camb - Multi Asin-Defensive,0,FBA79179,WM-SE08-CF,White Mulberry,Desk-Adjustable,Motorized,
2026-06-01,0,53.08,defensive,47924876659540,483,0.0,169075283069949,FBA79662,B0DQ4YWSMC,2,Camb - Multi Asin-Defensive,0,FBA79662,WM-MODL-WH,White Mulberry,Desk-Adjustable,Motorized,
2026-06-01,0,77.86,Branded,41018142655949,603,0.0,17749223973231,FBA79179,B0CPT3Q25C,5,Camb-SP-Branded,0,FBA79179,WM-SE08-CF,White Mulberry,Desk-Adjustable,Motorized,
2026-06-02,1,139.73,Branded,41018142655949,431,11016.1,17749223973231,FBA79179,B0CPT3Q25C,6,Camb-SP-Branded,1,FBA79179,WM-SE08-CF,White Mulberry,Desk-Adjustable,Motorized,
2026-06-03,1,176.16,Branded,41018142655949,1220,11016.1,17749223973231,FBA79179,B0CPT3Q25C,8,Camb-SP-Branded,1,FBA79179,WM-SE08-CF,White Mulberry,Desk-Adjustable,Motorized,
2026-06-04,0,134.33,Branded,41018142655949,1600,0.0,17749223973231,FBA79179,B0CPT3Q25C,6,Camb-SP-Branded,0,FBA79179,WM-SE08-CF,White Mulberry,Desk-Adjustable,Motorized,
2026-06-05,0,95.14,Branded,41018142655949,968,0.0,17749223973231,FBA79179,B0CPT3Q25C,4,Camb-SP-Branded,0,FBA79179,WM-SE08-CF,White Mulberry,Desk-Adjustable,Motorized,
2026-06-06,0,158.13,Branded,41018142655949,1053,0.0,17749223973231,FBA79179,B0CPT3Q25C,8,Camb-SP-Branded,0,FBA79179,WM-SE08-CF,White Mulberry,Desk-Adjustable,Motorized,
2026-06-07,0,157.71,Branded,41018142655949,829,0.0,17749223973231,FBA79179,B0CPT3Q25C,8,Camb-SP-Branded,0,FBA79179,WM-SE08-CF,White Mulberry,Desk-Adjustable,Motorized,
2026-06-08,0,122.89,Branded,41018142655949,1773,0.0,17749223973231,FBA79179,B0CPT3Q25C,4,Camb-SP-Branded,0,FBA79179,WM-SE08-CF,White Mulberry,Desk-Adjustable,Motorized,
2026-06-09,1,101.08,Branded,41018142655949,740,12712.71,17749223973231,FBA79179,B0CPT3Q25C,5,Camb-SP-Branded,1,FBA79179,WM-SE08-CF,White Mulberry,Desk-Adjustable,Motorized,
2026-06-10,0,128.1,Branded,41018142655949,290,0.0,17749223973231,FBA79179,B0CPT3Q25C,7,Camb-SP-Branded,0,FBA79179,WM-SE08-CF,White Mulberry,Desk-Adjustable,Motorized,
2026-06-11,0,126.31,Branded,41018142655949,1677,0.0,17749223973231,FBA79179,B0CPT3Q25C,5,Camb-SP-Branded,0,FBA79179,WM-SE08-CF,White Mulberry,Desk-Adjustable,Motorized,
2026-06-12,0,98.48,Branded,41018142655949,1830,0.0,17749223973231,FBA79179,B0CPT3Q25C,4,Camb-SP-Branded,0,FBA79179,WM-SE08-CF,White Mulberry,Desk-Adjustable,Motorized,
2026-06-13,0,124.41,Branded,41018142655949,964,0.0,17749223973231,FBA79179,B0CPT3Q25C,5,Camb-SP-Branded,0,FBA79179,WM-SE08-CF,White Mulberry,Desk-Adjustable,Motorized,
2026-06-14,0,138.66,Branded,41018142655949,1127,0.0,17749223973231,FBA79179,B0CPT3Q25C,6,Camb-SP-Branded,0,FBA79179,WM-SE08-CF,White Mulberry,Desk-Adjustable,Motorized,
2026-06-15,0,79.08,Branded,41018142655949,676,0.0,17749223973231,FBA79179,B0CPT3Q25C,6,Camb-SP-Branded,0,FBA79179,WM-SE08-CF,White Mulberry,Desk-Adjustable,Motorized,
2026-06-16,0,81.92,Branded,41018142655949,526,0.0,17749223973231,FBA79179,B0CPT3Q25C,3,Camb-SP-Branded,0,FBA79179,WM-SE08-CF,White Mulberry,Desk-Adjustable,Motorized,
2026-06-17,0,49.15,Branded,41018142655949,755,0.0,17749223973231,FBA79179,B0CPT3Q25C,2,Camb-SP-Branded,0,FBA79179,WM-SE08-CF,White Mulberry,Desk-Adjustable,Motorized,
2026-06-18,0,7.27,Branded,41018142655949,623,0.0,17749223973231,FBA79179,B0CPT3Q25C,1,Camb-SP-Branded,0,FBA79179,WM-SE08-CF,White Mulberry,Desk-Adjustable,Motorized,
2026-06-19,0,37.37,Branded,41018142655949,225,0.0,17749223973231,FBA79179,B0CPT3Q25C,2,Camb-SP-Branded,0,FBA79179,WM-SE08-CF,White Mulberry,Desk-Adjustable,Motorized,
2026-06-20,0,53.74,Branded,41018142655949,396,0.0,17749223973231,FBA79179,B0CPT3Q25C,2,Camb-SP-Branded,0,FBA79179,WM-SE08-CF,White Mulberry,Desk-Adjustable,Motorized,
2026-06-21,0,49.05,Branded,41018142655949,538,0.0,17749223973231,FBA79179,B0CPT3Q25C,3,Camb-SP-Branded,0,FBA79179,WM-SE08-CF,White Mulberry,Desk-Adjustable,Motorized,
2026-06-01,0,59.18,Branded,41018142655949,358,0.0,17749223973231,FBA79662,B0DQ4YWSMC,3,Camb-SP-Branded,0,FBA79662,WM-MODL-WH,White Mulberry,Desk-Adjustable,Motorized,
2026-06-02,0,4.71,Branded,41018142655949,71,0.0,17749223973231,FBA79662,B0DQ4YWSMC,1,Camb-SP-Branded,0,FBA79662,WM-MODL-WH,White Mulberry,Desk-Adjustable,Motorized,
2026-06-03,0,0.0,Branded,41018142655949,245,0.0,17749223973231,FBA79662,B0DQ4YWSMC,0,Camb-SP-Branded,0,FBA79662,WM-MODL-WH,White Mulberry,Desk-Adjustable,Motorized,
2026-06-04,0,20.71,Branded,41018142655949,258,0.0,17749223973231,FBA79662,B0DQ4YWSMC,1,Camb-SP-Branded,0,FBA79662,WM-MODL-WH,White Mulberry,Desk-Adjustable,Motorized,
2026-06-05,0,0.0,Branded,41018142655949,83,0.0,17749223973231,FBA79662,B0DQ4YWSMC,0,Camb-SP-Branded,0,FBA79662,WM-MODL-WH,White Mulberry,Desk-Adjustable,Motorized,
2026-06-06,0,0.0,Branded,41018142655949,127,0.0,17749223973231,FBA79662,B0DQ4YWSMC,0,Camb-SP-Branded,0,FBA79662,WM-MODL-WH,White Mulberry,Desk-Adjustable,Motorized,
2026-06-07,0,0.0,Branded,41018142655949,152,0.0,17749223973231,FBA79662,B0DQ4YWSMC,0,Camb-SP-Branded,0,FBA79662,WM-MODL-WH,White Mulberry,Desk-Adjustable,Motorized,
2026-06-08,0,31.92,Branded,41018142655949,249,0.0,17749223973231,FBA79662,B0DQ4YWSMC,1,Camb-SP-Branded,0,FBA79662,WM-MODL-WH,White Mulberry,Desk-Adjustable,Motorized,
2026-06-09,0,63.72,Branded,41018142655949,135,0.0,17749223973231,FBA79662,B0DQ4YWSMC,2,Camb-SP-Branded,0,FBA79662,WM-MODL-WH,White Mulberry,Desk-Adjustable,Motorized,
2026-06-10,0,0.0,Branded,41018142655949,34,0.0,17749223973231,FBA79662,B0DQ4YWSMC,0,Camb-SP-Branded,0,FBA79662,WM-MODL-WH,White Mulberry,Desk-Adjustable,Motorized,
2026-06-11,0,0.0,Branded,41018142655949,177,0.0,17749223973231,FBA79662,B0DQ4YWSMC,0,Camb-SP-Branded,0,FBA79662,WM-MODL-WH,White Mulberry,Desk-Adjustable,Motorized,
2026-06-12,0,31.98,Branded,41018142655949,320,0.0,17749223973231,FBA79662,B0DQ4YWSMC,1,Camb-SP-Branded,0,FBA79662,WM-MODL-WH,White Mulberry,Desk-Adjustable,Motorized,
2026-06-13,1,79.85,Branded,41018142655949,88,7287.29,17749223973231,FBA79662,B0DQ4YWSMC,3,Camb-SP-Branded,1,FBA79662,WM-MODL-WH,White Mulberry,Desk-Adjustable,Motorized,
2026-06-14,0,26.96,Branded,41018142655949,205,0.0,17749223973231,FBA79662,B0DQ4YWSMC,1,Camb-SP-Branded,0,FBA79662,WM-MODL-WH,White Mulberry,Desk-Adjustable,Motorized,
2026-06-15,0,36.6,Branded,41018142655949,224,0.0,17749223973231,FBA79662,B0DQ4YWSMC,2,Camb-SP-Branded,0,FBA79662,WM-MODL-WH,White Mulberry,Desk-Adjustable,Motorized,
2026-06-16,0,0.0,Branded,41018142655949,137,0.0,17749223973231,FBA79662,B0DQ4YWSMC,0,Camb-SP-Branded,0,FBA79662,WM-MODL-WH,White Mulberry,Desk-Adjustable,Motorized,
2026-06-17,0,0.0,Branded,41018142655949,378,0.0,17749223973231,FBA79662,B0DQ4YWSMC,0,Camb-SP-Branded,0,FBA79662,WM-MODL-WH,White Mulberry,Desk-Adjustable,Motorized,
2026-06-18,0,25.13,Branded,41018142655949,105,0.0,17749223973231,FBA79662,B0DQ4YWSMC,1,Camb-SP-Branded,0,FBA79662,WM-MODL-WH,White Mulberry,Desk-Adjustable,Motorized,
2026-06-19,0,0.0,Branded,41018142655949,48,0.0,17749223973231,FBA79662,B0DQ4YWSMC,0,Camb-SP-Branded,0,FBA79662,WM-MODL-WH,White Mulberry,Desk-Adjustable,Motorized,
2026-06-20,0,25.52,Branded,41018142655949,84,0.0,17749223973231,FBA79662,B0DQ4YWSMC,1,Camb-SP-Branded,0,FBA79662,WM-MODL-WH,White Mulberry,Desk-Adjustable,Motorized,
2026-06-21,0,10.35,Branded,41018142655949,162,0.0,17749223973231,FBA79662,B0DQ4YWSMC,1,Camb-SP-Branded,0,FBA79662,WM-MODL-WH,White Mulberry,Desk-Adjustable,Motorized,
2026-06-01,0,0.0,defensive,47924876659540,210,0.0,169075283069949,FBA76416,B0BFW59TRG,0,Camb - Multi Asin-Defensive,0,FBA76416,WM-LOD-BK,White Mulberry,Desk,L-Shaped Desk,
2026-06-01,0,97.77,Phrase,133503533607585,2242,0.0,194277562673858,FBA76415,B0BFWD6SNF,4,Camb-Lshape- B0BFVMDJ2K/ B0BFWD6SNF - Phrase,0,FBA76415,WM-LOD-CF,White Mulberry,Desk,L-Shaped Desk,
2026-06-02,0,81.16,Phrase,133503533607585,2225,0.0,194277562673858,FBA76415,B0BFWD6SNF,4,Camb-Lshape- B0BFVMDJ2K/ B0BFWD6SNF - Phrase,0,FBA76415,WM-LOD-CF,White Mulberry,Desk,L-Shaped Desk,
2026-06-03,0,74.66,Phrase,133503533607585,1106,0.0,194277562673858,FBA76415,B0BFWD6SNF,3,Camb-Lshape- B0BFVMDJ2K/ B0BFWD6SNF - Phrase,0,FBA76415,WM-LOD-CF,White Mulberry,Desk,L-Shaped Desk,
2026-06-04,0,25.2,Phrase,133503533607585,495,0.0,194277562673858,FBA76415,B0BFWD6SNF,1,Camb-Lshape- B0BFVMDJ2K/ B0BFWD6SNF - Phrase,0,FBA76415,WM-LOD-CF,White Mulberry,Desk,L-Shaped Desk,
2026-06-05,0,0.0,Phrase,133503533607585,252,0.0,194277562673858,FBA76415,B0BFWD6SNF,0,Camb-Lshape- B0BFVMDJ2K/ B0BFWD6SNF - Phrase,0,FBA76415,WM-LOD-CF,White Mulberry,Desk,L-Shaped Desk,
2026-06-01,0,0.0,defensive,47924876659540,16,0.0,169075283069949,FBA76418,B0BFVNS8HS,0,Camb - Multi Asin-Defensive,0,FBA76418,WM-LOD-IN,White Mulberry,Desk,L-Shaped Desk,
2026-06-01,0,233.95,BM,87797046013029,1515,0.0,187078049801283,FBA76417,B0BFVMDJ2K,8,Camb-L shaped-SP- B0BFVMDJ2K /B0BFWD6SNF -BM,0,FBA76417,WM-LOD-WH,White Mulberry,Desk,L-Shaped Desk,
2026-06-02,0,380.85,BM,87797046013029,1683,0.0,187078049801283,FBA76417,B0BFVMDJ2K,11,Camb-L shaped-SP- B0BFVMDJ2K /B0BFWD6SNF -BM,0,FBA76417,WM-LOD-WH,White Mulberry,Desk,L-Shaped Desk,
2026-06-01,0,31.94,Phrase,81779190034640,333,0.0,92196115696657,FBA76418,B0BFVNS8HS,1,Camb-SP-B0BFVNS8HS -L-Shape-Exact-phrase,0,FBA76418,WM-LOD-IN,White Mulberry,Desk,L-Shaped Desk,
2026-06-02,0,15.11,Phrase,81779190034640,468,0.0,92196115696657,FBA76418,B0BFVNS8HS,1,Camb-SP-B0BFVNS8HS -L-Shape-Exact-phrase,0,FBA76418,WM-LOD-IN,White Mulberry,Desk,L-Shaped Desk,
2026-06-03,0,47.07,Phrase,81779190034640,1764,0.0,92196115696657,FBA76418,B0BFVNS8HS,1,Camb-SP-B0BFVNS8HS -L-Shape-Exact-phrase,0,FBA76418,WM-LOD-IN,White Mulberry,Desk,L-Shaped Desk,
2026-06-04,0,0.0,Phrase,81779190034640,1133,0.0,92196115696657,FBA76418,B0BFVNS8HS,0,Camb-SP-B0BFVNS8HS -L-Shape-Exact-phrase,0,FBA76418,WM-LOD-IN,White Mulberry,Desk,L-Shaped Desk,
2026-06-05,0,0.0,Phrase,81779190034640,115,0.0,92196115696657,FBA76418,B0BFVNS8HS,0,Camb-SP-B0BFVNS8HS -L-Shape-Exact-phrase,0,FBA76418,WM-LOD-IN,White Mulberry,Desk,L-Shaped Desk,
2026-06-01,0,354.53,White Mulberry-B0BFVMDJ2K-Exact-SP,247992614625612,4376,0.0,101282059085145,FBA76417,B0BFVMDJ2K,16,Camb-B0BFVMDJ2K-L Shaped -Exact & Phrase(1)-SP,0,FBA76417,WM-LOD-WH,White Mulberry,Desk,L-Shaped Desk,
2026-06-02,0,558.9,White Mulberry-B0BFVMDJ2K-Exact-SP,247992614625612,4575,0.0,101282059085145,FBA76417,B0BFVMDJ2K,22,Camb-B0BFVMDJ2K-L Shaped -Exact & Phrase(1)-SP,0,FBA76417,WM-LOD-WH,White Mulberry,Desk,L-Shaped Desk,
2026-06-03,0,352.49,White Mulberry-B0BFVMDJ2K-Exact-SP,247992614625612,2585,0.0,101282059085145,FBA76417,B0BFVMDJ2K,13,Camb-B0BFVMDJ2K-L Shaped -Exact & Phrase(1)-SP,0,FBA76417,WM-LOD-WH,White Mulberry,Desk,L-Shaped Desk,
2026-06-04,0,0.0,White Mulberry-B0BFVMDJ2K-Exact-SP,247992614625612,180,0.0,101282059085145,FBA76417,B0BFVMDJ2K,0,Camb-B0BFVMDJ2K-L Shaped -Exact & Phrase(1)-SP,0,FBA76417,WM-LOD-WH,White Mulberry,Desk,L-Shaped Desk,
2026-06-05,0,0.0,White Mulberry-B0BFVMDJ2K-Exact-SP,247992614625612,102,0.0,101282059085145,FBA76417,B0BFVMDJ2K,0,Camb-B0BFVMDJ2K-L Shaped -Exact & Phrase(1)-SP,0,FBA76417,WM-LOD-WH,White Mulberry,Desk,L-Shaped Desk,
2026-06-01,0,131.1,BM,93097832438017,3022,0.0,111432664573265,FBA76415,B0BFWD6SNF,6,Camb-Lshape- B0BFVMDJ2K/ B0BFWD6SNF - BM,0,FBA76415,WM-LOD-CF,White Mulberry,Desk,L-Shaped Desk,
2026-06-02,0,138.45,BM,93097832438017,4052,0.0,111432664573265,FBA76415,B0BFWD6SNF,7,Camb-Lshape- B0BFVMDJ2K/ B0BFWD6SNF - BM,0,FBA76415,WM-LOD-CF,White Mulberry,Desk,L-Shaped Desk,
2026-06-01,0,0.0,Phrase(1)-SP,142488269862568,89,0.0,96001071196321,FBA76415,B0BFWD6SNF,0,Camb-SP- L Shaped-B0BFWD6SNF-Exact & Phrase(2),0,FBA76415,WM-LOD-CF,White Mulberry,Desk,L-Shaped Desk,
2026-06-02,0,15.53,Phrase(1)-SP,142488269862568,105,0.0,96001071196321,FBA76415,B0BFWD6SNF,1,Camb-SP- L Shaped-B0BFWD6SNF-Exact & Phrase(2),0,FBA76415,WM-LOD-CF,White Mulberry,Desk,L-Shaped Desk,
2026-06-03,0,0.0,Phrase(1)-SP,142488269862568,104,0.0,96001071196321,FBA76415,B0BFWD6SNF,0,Camb-SP- L Shaped-B0BFWD6SNF-Exact & Phrase(2),0,FBA76415,WM-LOD-CF,White Mulberry,Desk,L-Shaped Desk,
2026-06-04,0,23.54,Phrase(1)-SP,142488269862568,151,0.0,96001071196321,FBA76415,B0BFWD6SNF,1,Camb-SP- L Shaped-B0BFWD6SNF-Exact & Phrase(2),0,FBA76415,WM-LOD-CF,White Mulberry,Desk,L-Shaped Desk,
2026-06-05,0,0.0,Phrase(1)-SP,142488269862568,94,0.0,96001071196321,FBA76415,B0BFWD6SNF,0,Camb-SP- L Shaped-B0BFWD6SNF-Exact & Phrase(2),0,FBA76415,WM-LOD-CF,White Mulberry,Desk,L-Shaped Desk,
2026-06-01,0,307.27,BM,93097832438017,2842,0.0,111432664573265,FBA76417,B0BFVMDJ2K,15,Camb-Lshape- B0BFVMDJ2K/ B0BFWD6SNF - BM,0,FBA76417,WM-LOD-WH,White Mulberry,Desk,L-Shaped Desk,
2026-06-02,0,421.83,BM,93097832438017,4746,0.0,111432664573265,FBA76417,B0BFVMDJ2K,19,Camb-Lshape- B0BFVMDJ2K/ B0BFWD6SNF - BM,0,FBA76417,WM-LOD-WH,White Mulberry,Desk,L-Shaped Desk,
2026-06-01,0,125.12,Exact(1),129197403412591,878,0.0,247695902731029,FBA76416,B0BFW59TRG,6,Camb-B0BFW59TRG-L-Shape-Phrase-Exact-SP,0,FBA76416,WM-LOD-BK,White Mulberry,Desk,L-Shaped Desk,
2026-06-02,0,169.11,Exact(1),129197403412591,868,0.0,247695902731029,FBA76416,B0BFW59TRG,5,Camb-B0BFW59TRG-L-Shape-Phrase-Exact-SP,0,FBA76416,WM-LOD-BK,White Mulberry,Desk,L-Shaped Desk,
2026-06-03,0,138.1,Exact(1),129197403412591,499,0.0,247695902731029,FBA76416,B0BFW59TRG,4,Camb-B0BFW59TRG-L-Shape-Phrase-Exact-SP,0,FBA76416,WM-LOD-BK,White Mulberry,Desk,L-Shaped Desk,
2026-06-04,0,156.69,Exact(1),129197403412591,601,0.0,247695902731029,FBA76416,B0BFW59TRG,6,Camb-B0BFW59TRG-L-Shape-Phrase-Exact-SP,0,FBA76416,WM-LOD-BK,White Mulberry,Desk,L-Shaped Desk,
2026-06-05,0,177.14,Exact(1),129197403412591,915,0.0,247695902731029,FBA76416,B0BFW59TRG,4,Camb-B0BFW59TRG-L-Shape-Phrase-Exact-SP,0,FBA76416,WM-LOD-BK,White Mulberry,Desk,L-Shaped Desk,
2026-06-06,0,101.79,Exact(1),129197403412591,1020,0.0,247695902731029,FBA76416,B0BFW59TRG,3,Camb-B0BFW59TRG-L-Shape-Phrase-Exact-SP,0,FBA76416,WM-LOD-BK,White Mulberry,Desk,L-Shaped Desk,
2026-06-07,0,135.96,Exact(1),129197403412591,624,0.0,247695902731029,FBA76416,B0BFW59TRG,5,Camb-B0BFW59TRG-L-Shape-Phrase-Exact-SP,0,FBA76416,WM-LOD-BK,White Mulberry,Desk,L-Shaped Desk,
2026-06-08,0,17.81,Exact(1),129197403412591,233,0.0,247695902731029,FBA76416,B0BFW59TRG,1,Camb-B0BFW59TRG-L-Shape-Phrase-Exact-SP,0,FBA76416,WM-LOD-BK,White Mulberry,Desk,L-Shaped Desk,
2026-06-09,0,72.24,Exact(1),129197403412591,1047,0.0,247695902731029,FBA76416,B0BFW59TRG,3,Camb-B0BFW59TRG-L-Shape-Phrase-Exact-SP,0,FBA76416,WM-LOD-BK,White Mulberry,Desk,L-Shaped Desk,
2026-06-10,0,68.88,Exact(1),129197403412591,893,0.0,247695902731029,FBA76416,B0BFW59TRG,2,Camb-B0BFW59TRG-L-Shape-Phrase-Exact-SP,0,FBA76416,WM-LOD-BK,White Mulberry,Desk,L-Shaped Desk,
2026-06-11,0,49.57,Exact(1),129197403412591,859,0.0,247695902731029,FBA76416,B0BFW59TRG,1,Camb-B0BFW59TRG-L-Shape-Phrase-Exact-SP,0,FBA76416,WM-LOD-BK,White Mulberry,Desk,L-Shaped Desk,
2026-06-12,0,92.55,Exact(1),129197403412591,825,0.0,247695902731029,FBA76416,B0BFW59TRG,4,Camb-B0BFW59TRG-L-Shape-Phrase-Exact-SP,0,FBA76416,WM-LOD-BK,White Mulberry,Desk,L-Shaped Desk,
2026-06-13,0,48.82,Exact(1),129197403412591,984,0.0,247695902731029,FBA76416,B0BFW59TRG,2,Camb-B0BFW59TRG-L-Shape-Phrase-Exact-SP,0,FBA76416,WM-LOD-BK,White Mulberry,Desk,L-Shaped Desk,
2026-06-14,0,175.28,Exact(1),129197403412591,1191,0.0,247695902731029,FBA76416,B0BFW59TRG,6,Camb-B0BFW59TRG-L-Shape-Phrase-Exact-SP,0,FBA76416,WM-LOD-BK,White Mulberry,Desk,L-Shaped Desk,
2026-06-15,0,196.75,Exact(1),129197403412591,1160,0.0,247695902731029,FBA76416,B0BFW59TRG,6,Camb-B0BFW59TRG-L-Shape-Phrase-Exact-SP,0,FBA76416,WM-LOD-BK,White Mulberry,Desk,L-Shaped Desk,
2026-06-16,0,58.7,Exact(1),129197403412591,908,0.0,247695902731029,FBA76416,B0BFW59TRG,2,Camb-B0BFW59TRG-L-Shape-Phrase-Exact-SP,0,FBA76416,WM-LOD-BK,White Mulberry,Desk,L-Shaped Desk,
2026-06-17,0,0.0,Exact(1),129197403412591,76,0.0,247695902731029,FBA76416,B0BFW59TRG,0,Camb-B0BFW59TRG-L-Shape-Phrase-Exact-SP,0,FBA76416,WM-LOD-BK,White Mulberry,Desk,L-Shaped Desk,
2026-06-18,0,165.15,Exact(1),129197403412591,1863,0.0,247695902731029,FBA76416,B0BFW59TRG,5,Camb-B0BFW59TRG-L-Shape-Phrase-Exact-SP,0,FBA76416,WM-LOD-BK,White Mulberry,Desk,L-Shaped Desk,
2026-06-19,0,93.8,Exact(1),129197403412591,1657,0.0,247695902731029,FBA76416,B0BFW59TRG,2,Camb-B0BFW59TRG-L-Shape-Phrase-Exact-SP,0,FBA76416,WM-LOD-BK,White Mulberry,Desk,L-Shaped Desk,
2026-06-20,0,0.0,Exact(1),129197403412591,196,0.0,247695902731029,FBA76416,B0BFW59TRG,0,Camb-B0BFW59TRG-L-Shape-Phrase-Exact-SP,0,FBA76416,WM-LOD-BK,White Mulberry,Desk,L-Shaped Desk,
2026-06-01,0,189.11,PT 02,253867240542334,360,0.0,188654340576594,FBA76417,B0BFVMDJ2K,4,Camb-Lshape- B0BFVMDJ2K/ B0BFWD6SNF - PT,0,FBA76417,WM-LOD-WH,White Mulberry,Desk,L-Shaped Desk,
2026-06-02,0,54.96,PT 02,253867240542334,390,0.0,188654340576594,FBA76417,B0BFVMDJ2K,2,Camb-Lshape- B0BFVMDJ2K/ B0BFWD6SNF - PT,0,FBA76417,WM-LOD-WH,White Mulberry,Desk,L-Shaped Desk,
2026-06-03,0,188.65,PT 02,253867240542334,515,0.0,188654340576594,FBA76417,B0BFVMDJ2K,6,Camb-Lshape- B0BFVMDJ2K/ B0BFWD6SNF - PT,0,FBA76417,WM-LOD-WH,White Mulberry,Desk,L-Shaped Desk,
2026-06-04,0,37.64,PT 02,253867240542334,554,0.0,188654340576594,FBA76417,B0BFVMDJ2K,1,Camb-Lshape- B0BFVMDJ2K/ B0BFWD6SNF - PT,0,FBA76417,WM-LOD-WH,White Mulberry,Desk,L-Shaped Desk,
2026-06-05,0,259.79,PT 02,253867240542334,275,0.0,188654340576594,FBA76417,B0BFVMDJ2K,7,Camb-Lshape- B0BFVMDJ2K/ B0BFWD6SNF - PT,0,FBA76417,WM-LOD-WH,White Mulberry,Desk,L-Shaped Desk,
2026-06-01,0,0.0,Branded,41018142655949,901,0.0,17749223973231,FBA76418,B0BFVNS8HS,0,Camb-SP-Branded,0,FBA76418,WM-LOD-IN,White Mulberry,Desk,L-Shaped Desk,
2026-06-02,0,0.0,Branded,41018142655949,617,0.0,17749223973231,FBA76418,B0BFVNS8HS,0,Camb-SP-Branded,0,FBA76418,WM-LOD-IN,White Mulberry,Desk,L-Shaped Desk,
2026-06-03,0,0.0,Branded,41018142655949,218,0.0,17749223973231,FBA76418,B0BFVNS8HS,0,Camb-SP-Branded,0,FBA76418,WM-LOD-IN,White Mulberry,Desk,L-Shaped Desk,
2026-06-04,0,0.0,Branded,41018142655949,166,0.0,17749223973231,FBA76418,B0BFVNS8HS,0,Camb-SP-Branded,0,FBA76418,WM-LOD-IN,White Mulberry,Desk,L-Shaped Desk,
2026-06-05,0,27.58,Branded,41018142655949,90,0.0,17749223973231,FBA76418,B0BFVNS8HS,1,Camb-SP-Branded,0,FBA76418,WM-LOD-IN,White Mulberry,Desk,L-Shaped Desk,
2026-06-06,0,0.0,Branded,41018142655949,108,0.0,17749223973231,FBA76418,B0BFVNS8HS,0,Camb-SP-Branded,0,FBA76418,WM-LOD-IN,White Mulberry,Desk,L-Shaped Desk,
2026-06-07,0,0.0,Branded,41018142655949,81,0.0,17749223973231,FBA76418,B0BFVNS8HS,0,Camb-SP-Branded,0,FBA76418,WM-LOD-IN,White Mulberry,Desk,L-Shaped Desk,
2026-06-08,0,0.0,Branded,41018142655949,220,0.0,17749223973231,FBA76418,B0BFVNS8HS,0,Camb-SP-Branded,0,FBA76418,WM-LOD-IN,White Mulberry,Desk,L-Shaped Desk,
2026-06-09,0,23.73,Branded,41018142655949,103,0.0,17749223973231,FBA76418,B0BFVNS8HS,1,Camb-SP-Branded,0,FBA76418,WM-LOD-IN,White Mulberry,Desk,L-Shaped Desk,
2026-06-10,0,83.44,Branded,41018142655949,64,0.0,17749223973231,FBA76418,B0BFVNS8HS,3,Camb-SP-Branded,0,FBA76418,WM-LOD-IN,White Mulberry,Desk,L-Shaped Desk,
2026-06-11,0,31.98,Branded,41018142655949,226,0.0,17749223973231,FBA76418,B0BFVNS8HS,1,Camb-SP-Branded,0,FBA76418,WM-LOD-IN,White Mulberry,Desk,L-Shaped Desk,
2026-06-12,0,0.0,Branded,41018142655949,343,0.0,17749223973231,FBA76418,B0BFVNS8HS,0,Camb-SP-Branded,0,FBA76418,WM-LOD-IN,White Mulberry,Desk,L-Shaped Desk,
2026-06-13,0,60.08,Branded,41018142655949,180,0.0,17749223973231,FBA76418,B0BFVNS8HS,2,Camb-SP-Branded,0,FBA76418,WM-LOD-IN,White Mulberry,Desk,L-Shaped Desk,
2026-06-14,0,0.0,Branded,41018142655949,507,0.0,17749223973231,FBA76418,B0BFVNS8HS,0,Camb-SP-Branded,0,FBA76418,WM-LOD-IN,White Mulberry,Desk,L-Shaped Desk,
2026-06-15,0,51.44,Branded,41018142655949,626,0.0,17749223973231,FBA76418,B0BFVNS8HS,3,Camb-SP-Branded,0,FBA76418,WM-LOD-IN,White Mulberry,Desk,L-Shaped Desk,
2026-06-16,0,0.0,Branded,41018142655949,209,0.0,17749223973231,FBA76418,B0BFVNS8HS,0,Camb-SP-Branded,0,FBA76418,WM-LOD-IN,White Mulberry,Desk,L-Shaped Desk,
2026-06-17,0,60.46,Branded,41018142655949,732,0.0,17749223973231,FBA76418,B0BFVNS8HS,3,Camb-SP-Branded,0,FBA76418,WM-LOD-IN,White Mulberry,Desk,L-Shaped Desk,
2026-06-18,0,86.22,Branded,41018142655949,453,0.0,17749223973231,FBA76418,B0BFVNS8HS,4,Camb-SP-Branded,0,FBA76418,WM-LOD-IN,White Mulberry,Desk,L-Shaped Desk,
2026-06-19,0,51.84,Branded,41018142655949,132,0.0,17749223973231,FBA76418,B0BFVNS8HS,2,Camb-SP-Branded,0,FBA76418,WM-LOD-IN,White Mulberry,Desk,L-Shaped Desk,
2026-06-20,0,25.72,Branded,41018142655949,249,0.0,17749223973231,FBA76418,B0BFVNS8HS,1,Camb-SP-Branded,0,FBA76418,WM-LOD-IN,White Mulberry,Desk,L-Shaped Desk,
2026-06-21,0,136.9,Branded,41018142655949,522,0.0,17749223973231,FBA76418,B0BFVNS8HS,6,Camb-SP-Branded,0,FBA76418,WM-LOD-IN,White Mulberry,Desk,L-Shaped Desk,
2026-06-01,0,261.15,Phrase,133503533607585,4146,0.0,194277562673858,FBA76417,B0BFVMDJ2K,13,Camb-Lshape- B0BFVMDJ2K/ B0BFWD6SNF - Phrase,0,FBA76417,WM-LOD-WH,White Mulberry,Desk,L-Shaped Desk,
2026-06-02,0,190.34,Phrase,133503533607585,2436,0.0,194277562673858,FBA76417,B0BFVMDJ2K,10,Camb-Lshape- B0BFVMDJ2K/ B0BFWD6SNF - Phrase,0,FBA76417,WM-LOD-WH,White Mulberry,Desk,L-Shaped Desk,
2026-06-03,0,73.41,Phrase,133503533607585,614,0.0,194277562673858,FBA76417,B0BFVMDJ2K,4,Camb-Lshape- B0BFVMDJ2K/ B0BFWD6SNF - Phrase,0,FBA76417,WM-LOD-WH,White Mulberry,Desk,L-Shaped Desk,
2026-06-04,0,130.31,Phrase,133503533607585,333,0.0,194277562673858,FBA76417,B0BFVMDJ2K,7,Camb-Lshape- B0BFVMDJ2K/ B0BFWD6SNF - Phrase,0,FBA76417,WM-LOD-WH,White Mulberry,Desk,L-Shaped Desk,
2026-06-05,0,20.79,Phrase,133503533607585,150,0.0,194277562673858,FBA76417,B0BFVMDJ2K,1,Camb-Lshape- B0BFVMDJ2K/ B0BFWD6SNF - Phrase,0,FBA76417,WM-LOD-WH,White Mulberry,Desk,L-Shaped Desk,
2026-06-01,0,99.1,defensive,47924876659540,430,0.0,169075283069949,FBA76415,B0BFWD6SNF,4,Camb - Multi Asin-Defensive,0,FBA76415,WM-LOD-CF,White Mulberry,Desk,L-Shaped Desk,
2026-06-01,0,224.52,Phrase(1),129197403412591,2941,0.0,228187672633058,FBA76416,B0BFW59TRG,9,Camb-B0BFW59TRG-L-Shape-Phrase-Exact-SP,0,FBA76416,WM-LOD-BK,White Mulberry,Desk,L-Shaped Desk,
2026-06-02,0,125.91,Phrase(1),129197403412591,1810,0.0,228187672633058,FBA76416,B0BFW59TRG,5,Camb-B0BFW59TRG-L-Shape-Phrase-Exact-SP,0,FBA76416,WM-LOD-BK,White Mulberry,Desk,L-Shaped Desk,
2026-06-03,0,113.32,Phrase(1),129197403412591,1445,0.0,228187672633058,FBA76416,B0BFW59TRG,5,Camb-B0BFW59TRG-L-Shape-Phrase-Exact-SP,0,FBA76416,WM-LOD-BK,White Mulberry,Desk,L-Shaped Desk,
2026-06-04,0,69.17,Phrase(1),129197403412591,974,0.0,228187672633058,FBA76416,B0BFW59TRG,3,Camb-B0BFW59TRG-L-Shape-Phrase-Exact-SP,0,FBA76416,WM-LOD-BK,White Mulberry,Desk,L-Shaped Desk,
2026-06-05,0,136.01,Phrase(1),129197403412591,2183,0.0,228187672633058,FBA76416,B0BFW59TRG,5,Camb-B0BFW59TRG-L-Shape-Phrase-Exact-SP,0,FBA76416,WM-LOD-BK,White Mulberry,Desk,L-Shaped Desk,
2026-06-06,0,134.92,Phrase(1),129197403412591,2976,0.0,228187672633058,FBA76416,B0BFW59TRG,5,Camb-B0BFW59TRG-L-Shape-Phrase-Exact-SP,0,FBA76416,WM-LOD-BK,White Mulberry,Desk,L-Shaped Desk,
2026-06-07,0,99.71,Phrase(1),129197403412591,2310,0.0,228187672633058,FBA76416,B0BFW59TRG,4,Camb-B0BFW59TRG-L-Shape-Phrase-Exact-SP,0,FBA76416,WM-LOD-BK,White Mulberry,Desk,L-Shaped Desk,
2026-06-08,0,120.12,Phrase(1),129197403412591,818,0.0,228187672633058,FBA76416,B0BFW59TRG,4,Camb-B0BFW59TRG-L-Shape-Phrase-Exact-SP,0,FBA76416,WM-LOD-BK,White Mulberry,Desk,L-Shaped Desk,
2026-06-09,0,78.44,Phrase(1),129197403412591,1466,0.0,228187672633058,FBA76416,B0BFW59TRG,4,Camb-B0BFW59TRG-L-Shape-Phrase-Exact-SP,0,FBA76416,WM-LOD-BK,White Mulberry,Desk,L-Shaped Desk,
2026-06-01,0,17.09,Branded,41018142655949,96,0.0,17749223973231,FBA76416,B0BFW59TRG,1,Camb-SP-Branded,0,FBA76416,WM-LOD-BK,White Mulberry,Desk,L-Shaped Desk,
2026-06-02,0,0.0,Branded,41018142655949,124,0.0,17749223973231,FBA76416,B0BFW59TRG,0,Camb-SP-Branded,0,FBA76416,WM-LOD-BK,White Mulberry,Desk,L-Shaped Desk,
2026-06-03,0,20.29,Branded,41018142655949,364,0.0,17749223973231,FBA76416,B0BFW59TRG,1,Camb-SP-Branded,0,FBA76416,WM-LOD-BK,White Mulberry,Desk,L-Shaped Desk,
2026-06-04,0,29.13,Branded,41018142655949,411,0.0,17749223973231,FBA76416,B0BFW59TRG,2,Camb-SP-Branded,0,FBA76416,WM-LOD-BK,White Mulberry,Desk,L-Shaped Desk,
2026-06-05,0,0.0,Branded,41018142655949,224,0.0,17749223973231,FBA76416,B0BFW59TRG,0,Camb-SP-Branded,0,FBA76416,WM-LOD-BK,White Mulberry,Desk,L-Shaped Desk,
2026-06-06,0,58.6,Branded,41018142655949,229,0.0,17749223973231,FBA76416,B0BFW59TRG,3,Camb-SP-Branded,0,FBA76416,WM-LOD-BK,White Mulberry,Desk,L-Shaped Desk,
2026-06-07,1,14.09,Branded,41018142655949,202,7075.42,17749223973231,FBA76416,B0BFW59TRG,1,Camb-SP-Branded,1,FBA76416,WM-LOD-BK,White Mulberry,Desk,L-Shaped Desk,
2026-06-08,0,0.0,Branded,41018142655949,332,0.0,17749223973231,FBA76416,B0BFW59TRG,0,Camb-SP-Branded,0,FBA76416,WM-LOD-BK,White Mulberry,Desk,L-Shaped Desk,
2026-06-09,0,91.91,Branded,41018142655949,199,0.0,17749223973231,FBA76416,B0BFW59TRG,4,Camb-SP-Branded,0,FBA76416,WM-LOD-BK,White Mulberry,Desk,L-Shaped Desk,
2026-06-10,0,90.04,Branded,41018142655949,123,0.0,17749223973231,FBA76416,B0BFW59TRG,3,Camb-SP-Branded,0,FBA76416,WM-LOD-BK,White Mulberry,Desk,L-Shaped Desk,
2026-06-11,0,0.0,Branded,41018142655949,268,0.0,17749223973231,FBA76416,B0BFW59TRG,0,Camb-SP-Branded,0,FBA76416,WM-LOD-BK,White Mulberry,Desk,L-Shaped Desk,
2026-06-12,0,0.0,Branded,41018142655949,224,0.0,17749223973231,FBA76416,B0BFW59TRG,0,Camb-SP-Branded,0,FBA76416,WM-LOD-BK,White Mulberry,Desk,L-Shaped Desk,
2026-06-13,0,31.98,Branded,41018142655949,121,0.0,17749223973231,FBA76416,B0BFW59TRG,1,Camb-SP-Branded,0,FBA76416,WM-LOD-BK,White Mulberry,Desk,L-Shaped Desk,
2026-06-14,0,24.06,Branded,41018142655949,208,0.0,17749223973231,FBA76416,B0BFW59TRG,1,Camb-SP-Branded,0,FBA76416,WM-LOD-BK,White Mulberry,Desk,L-Shaped Desk,
2026-06-15,0,28.33,Branded,41018142655949,220,0.0,17749223973231,FBA76416,B0BFW59TRG,1,Camb-SP-Branded,0,FBA76416,WM-LOD-BK,White Mulberry,Desk,L-Shaped Desk,
2026-06-16,0,0.0,Branded,41018142655949,145,0.0,17749223973231,FBA76416,B0BFW59TRG,0,Camb-SP-Branded,0,FBA76416,WM-LOD-BK,White Mulberry,Desk,L-Shaped Desk,
2026-06-18,0,43.82,Branded,41018142655949,209,0.0,17749223973231,FBA76416,B0BFW59TRG,2,Camb-SP-Branded,0,FBA76416,WM-LOD-BK,White Mulberry,Desk,L-Shaped Desk,
2026-06-19,0,0.0,Branded,41018142655949,83,0.0,17749223973231,FBA76416,B0BFW59TRG,0,Camb-SP-Branded,0,FBA76416,WM-LOD-BK,White Mulberry,Desk,L-Shaped Desk,
2026-06-20,0,61.92,Branded,41018142655949,44,0.0,17749223973231,FBA76416,B0BFW59TRG,2,Camb-SP-Branded,0,FBA76416,WM-LOD-BK,White Mulberry,Desk,L-Shaped Desk,
2026-06-01,0,34.84,Branded,41018142655949,204,0.0,17749223973231,FBA76417,B0BFVMDJ2K,2,Camb-SP-Branded,0,FBA76417,WM-LOD-WH,White Mulberry,Desk,L-Shaped Desk,
2026-06-02,0,58.57,Branded,41018142655949,179,0.0,17749223973231,FBA76417,B0BFVMDJ2K,3,Camb-SP-Branded,0,FBA76417,WM-LOD-WH,White Mulberry,Desk,L-Shaped Desk,
2026-06-03,0,127.82,Branded,41018142655949,513,0.0,17749223973231,FBA76417,B0BFVMDJ2K,6,Camb-SP-Branded,0,FBA76417,WM-LOD-WH,White Mulberry,Desk,L-Shaped Desk,
2026-06-04,0,59.3,Branded,41018142655949,487,0.0,17749223973231,FBA76417,B0BFVMDJ2K,2,Camb-SP-Branded,0,FBA76417,WM-LOD-WH,White Mulberry,Desk,L-Shaped Desk,
2026-06-05,0,71.75,Branded,41018142655949,262,0.0,17749223973231,FBA76417,B0BFVMDJ2K,3,Camb-SP-Branded,0,FBA76417,WM-LOD-WH,White Mulberry,Desk,L-Shaped Desk,
2026-06-06,0,47.75,Branded,41018142655949,271,0.0,17749223973231,FBA76417,B0BFVMDJ2K,2,Camb-SP-Branded,0,FBA76417,WM-LOD-WH,White Mulberry,Desk,L-Shaped Desk,
2026-06-07,0,26.18,Branded,41018142655949,203,0.0,17749223973231,FBA76417,B0BFVMDJ2K,1,Camb-SP-Branded,0,FBA76417,WM-LOD-WH,White Mulberry,Desk,L-Shaped Desk,
2026-06-08,0,0.0,Branded,41018142655949,542,0.0,17749223973231,FBA76417,B0BFVMDJ2K,0,Camb-SP-Branded,0,FBA76417,WM-LOD-WH,White Mulberry,Desk,L-Shaped Desk,
2026-06-09,0,23.97,Branded,41018142655949,313,0.0,17749223973231,FBA76417,B0BFVMDJ2K,1,Camb-SP-Branded,0,FBA76417,WM-LOD-WH,White Mulberry,Desk,L-Shaped Desk,
2026-06-10,0,0.0,Branded,41018142655949,161,0.0,17749223973231,FBA76417,B0BFVMDJ2K,0,Camb-SP-Branded,0,FBA76417,WM-LOD-WH,White Mulberry,Desk,L-Shaped Desk,
2026-06-11,0,77.7,Branded,41018142655949,1267,0.0,17749223973231,FBA76417,B0BFVMDJ2K,3,Camb-SP-Branded,0,FBA76417,WM-LOD-WH,White Mulberry,Desk,L-Shaped Desk,
2026-06-12,0,56.0,Branded,41018142655949,2060,0.0,17749223973231,FBA76417,B0BFVMDJ2K,3,Camb-SP-Branded,0,FBA76417,WM-LOD-WH,White Mulberry,Desk,L-Shaped Desk,
2026-06-13,0,30.12,Branded,41018142655949,978,0.0,17749223973231,FBA76417,B0BFVMDJ2K,1,Camb-SP-Branded,0,FBA76417,WM-LOD-WH,White Mulberry,Desk,L-Shaped Desk,
2026-06-14,0,109.83,Branded,41018142655949,1257,0.0,17749223973231,FBA76417,B0BFVMDJ2K,5,Camb-SP-Branded,0,FBA76417,WM-LOD-WH,White Mulberry,Desk,L-Shaped Desk,
2026-06-15,0,31.55,Branded,41018142655949,383,0.0,17749223973231,FBA76417,B0BFVMDJ2K,1,Camb-SP-Branded,0,FBA76417,WM-LOD-WH,White Mulberry,Desk,L-Shaped Desk,
2026-06-16,0,55.36,Branded,41018142655949,145,0.0,17749223973231,FBA76417,B0BFVMDJ2K,2,Camb-SP-Branded,0,FBA76417,WM-LOD-WH,White Mulberry,Desk,L-Shaped Desk,
2026-06-17,0,31.98,Branded,41018142655949,503,0.0,17749223973231,FBA76417,B0BFVMDJ2K,1,Camb-SP-Branded,0,FBA76417,WM-LOD-WH,White Mulberry,Desk,L-Shaped Desk,
2026-06-18,0,0.0,Branded,41018142655949,228,0.0,17749223973231,FBA76417,B0BFVMDJ2K,0,Camb-SP-Branded,0,FBA76417,WM-LOD-WH,White Mulberry,Desk,L-Shaped Desk,
2026-06-19,0,23.79,Branded,41018142655949,64,0.0,17749223973231,FBA76417,B0BFVMDJ2K,1,Camb-SP-Branded,0,FBA76417,WM-LOD-WH,White Mulberry,Desk,L-Shaped Desk,
2026-06-20,0,13.77,Branded,41018142655949,106,0.0,17749223973231,FBA76417,B0BFVMDJ2K,1,Camb-SP-Branded,0,FBA76417,WM-LOD-WH,White Mulberry,Desk,L-Shaped Desk,
2026-06-21,0,0.0,Branded,41018142655949,234,0.0,17749223973231,FBA76417,B0BFVMDJ2K,0,Camb-SP-Branded,0,FBA76417,WM-LOD-WH,White Mulberry,Desk,L-Shaped Desk,
2026-06-01,0,84.57,defensive,47924876659540,194,0.0,169075283069949,FBA76417,B0BFVMDJ2K,3,Camb - Multi Asin-Defensive,0,FBA76417,WM-LOD-WH,White Mulberry,Desk,L-Shaped Desk,
2026-06-01,0,238.25,BM,87797046013029,2416,0.0,187078049801283,FBA76415,B0BFWD6SNF,8,Camb-L shaped-SP- B0BFVMDJ2K /B0BFWD6SNF -BM,0,FBA76415,WM-LOD-CF,White Mulberry,Desk,L-Shaped Desk,
2026-06-02,0,165.25,BM,87797046013029,2478,0.0,187078049801283,FBA76415,B0BFWD6SNF,5,Camb-L shaped-SP- B0BFVMDJ2K /B0BFWD6SNF -BM,0,FBA76415,WM-LOD-CF,White Mulberry,Desk,L-Shaped Desk,
2026-06-01,0,11.64,Branded,41018142655949,230,0.0,17749223973231,FBA76415,B0BFWD6SNF,1,Camb-SP-Branded,0,FBA76415,WM-LOD-CF,White Mulberry,Desk,L-Shaped Desk,
2026-06-02,0,113.52,Branded,41018142655949,378,0.0,17749223973231,FBA76415,B0BFWD6SNF,4,Camb-SP-Branded,0,FBA76415,WM-LOD-CF,White Mulberry,Desk,L-Shaped Desk,
2026-06-03,0,18.19,Branded,41018142655949,1317,0.0,17749223973231,FBA76415,B0BFWD6SNF,1,Camb-SP-Branded,0,FBA76415,WM-LOD-CF,White Mulberry,Desk,L-Shaped Desk,
2026-06-04,0,124.11,Branded,41018142655949,2176,0.0,17749223973231,FBA76415,B0BFWD6SNF,5,Camb-SP-Branded,0,FBA76415,WM-LOD-CF,White Mulberry,Desk,L-Shaped Desk,
2026-06-05,0,161.46,Branded,41018142655949,1252,0.0,17749223973231,FBA76415,B0BFWD6SNF,6,Camb-SP-Branded,0,FBA76415,WM-LOD-CF,White Mulberry,Desk,L-Shaped Desk,
2026-06-06,0,58.27,Branded,41018142655949,913,0.0,17749223973231,FBA76415,B0BFWD6SNF,2,Camb-SP-Branded,0,FBA76415,WM-LOD-CF,White Mulberry,Desk,L-Shaped Desk,
2026-06-07,0,84.2,Branded,41018142655949,822,0.0,17749223973231,FBA76415,B0BFWD6SNF,3,Camb-SP-Branded,0,FBA76415,WM-LOD-CF,White Mulberry,Desk,L-Shaped Desk,
2026-06-08,0,82.56,Branded,41018142655949,1722,0.0,17749223973231,FBA76415,B0BFWD6SNF,3,Camb-SP-Branded,0,FBA76415,WM-LOD-CF,White Mulberry,Desk,L-Shaped Desk,
2026-06-09,0,18.69,Branded,41018142655949,436,0.0,17749223973231,FBA76415,B0BFWD6SNF,1,Camb-SP-Branded,0,FBA76415,WM-LOD-CF,White Mulberry,Desk,L-Shaped Desk,
2026-06-10,0,0.0,Branded,41018142655949,171,0.0,17749223973231,FBA76415,B0BFWD6SNF,0,Camb-SP-Branded,0,FBA76415,WM-LOD-CF,White Mulberry,Desk,L-Shaped Desk,
2026-06-11,0,31.98,Branded,41018142655949,295,0.0,17749223973231,FBA76415,B0BFWD6SNF,1,Camb-SP-Branded,0,FBA76415,WM-LOD-CF,White Mulberry,Desk,L-Shaped Desk,
2026-06-12,0,28.83,Branded,41018142655949,710,0.0,17749223973231,FBA76415,B0BFWD6SNF,1,Camb-SP-Branded,0,FBA76415,WM-LOD-CF,White Mulberry,Desk,L-Shaped Desk,
2026-06-13,0,24.93,Branded,41018142655949,358,0.0,17749223973231,FBA76415,B0BFWD6SNF,1,Camb-SP-Branded,0,FBA76415,WM-LOD-CF,White Mulberry,Desk,L-Shaped Desk,
2026-06-14,1,23.56,Branded,41018142655949,368,7287.29,17749223973231,FBA76415,B0BFWD6SNF,1,Camb-SP-Branded,1,FBA76415,WM-LOD-CF,White Mulberry,Desk,L-Shaped Desk,
2026-06-15,0,0.0,Branded,41018142655949,152,0.0,17749223973231,FBA76415,B0BFWD6SNF,0,Camb-SP-Branded,0,FBA76415,WM-LOD-CF,White Mulberry,Desk,L-Shaped Desk,
2026-06-16,0,0.0,Branded,41018142655949,98,0.0,17749223973231,FBA76415,B0BFWD6SNF,0,Camb-SP-Branded,0,FBA76415,WM-LOD-CF,White Mulberry,Desk,L-Shaped Desk,
2026-06-17,0,4.67,Branded,41018142655949,140,0.0,17749223973231,FBA76415,B0BFWD6SNF,1,Camb-SP-Branded,0,FBA76415,WM-LOD-CF,White Mulberry,Desk,L-Shaped Desk,
2026-06-18,0,0.0,Branded,41018142655949,164,0.0,17749223973231,FBA76415,B0BFWD6SNF,0,Camb-SP-Branded,0,FBA76415,WM-LOD-CF,White Mulberry,Desk,L-Shaped Desk,
2026-06-19,0,22.93,Branded,41018142655949,57,0.0,17749223973231,FBA76415,B0BFWD6SNF,1,Camb-SP-Branded,0,FBA76415,WM-LOD-CF,White Mulberry,Desk,L-Shaped Desk,
2026-06-20,0,31.46,Branded,41018142655949,38,0.0,17749223973231,FBA76415,B0BFWD6SNF,1,Camb-SP-Branded,0,FBA76415,WM-LOD-CF,White Mulberry,Desk,L-Shaped Desk,
2026-06-21,0,0.0,Branded,41018142655949,160,0.0,17749223973231,FBA76415,B0BFWD6SNF,0,Camb-SP-Branded,0,FBA76415,WM-LOD-CF,White Mulberry,Desk,L-Shaped Desk,
2026-06-01,0,221.73,PT 02,253867240542334,969,0.0,188654340576594,FBA76415,B0BFWD6SNF,6,Camb-Lshape- B0BFVMDJ2K/ B0BFWD6SNF - PT,0,FBA76415,WM-LOD-CF,White Mulberry,Desk,L-Shaped Desk,
2026-06-02,0,54.47,PT 02,253867240542334,310,0.0,188654340576594,FBA76415,B0BFWD6SNF,1,Camb-Lshape- B0BFVMDJ2K/ B0BFWD6SNF - PT,0,FBA76415,WM-LOD-CF,White Mulberry,Desk,L-Shaped Desk,
2026-06-03,0,219.63,PT 02,253867240542334,1004,0.0,188654340576594,FBA76415,B0BFWD6SNF,4,Camb-Lshape- B0BFVMDJ2K/ B0BFWD6SNF - PT,0,FBA76415,WM-LOD-CF,White Mulberry,Desk,L-Shaped Desk,
2026-06-04,0,0.0,PT 02,253867240542334,235,0.0,188654340576594,FBA76415,B0BFWD6SNF,0,Camb-Lshape- B0BFVMDJ2K/ B0BFWD6SNF - PT,0,FBA76415,WM-LOD-CF,White Mulberry,Desk,L-Shaped Desk,
2026-06-05,0,74.58,PT 02,253867240542334,657,0.0,188654340576594,FBA76415,B0BFWD6SNF,2,Camb-Lshape- B0BFVMDJ2K/ B0BFWD6SNF - PT,0,FBA76415,WM-LOD-CF,White Mulberry,Desk,L-Shaped Desk,
2026-06-01,0,23.32,exact,81779190034640,579,0.0,206709191579512,FBA76418,B0BFVNS8HS,1,Camb-SP-B0BFVNS8HS -L-Shape-Exact-phrase,0,FBA76418,WM-LOD-IN,White Mulberry,Desk,L-Shaped Desk,
2026-06-02,0,16.56,exact,81779190034640,676,0.0,206709191579512,FBA76418,B0BFVNS8HS,1,Camb-SP-B0BFVNS8HS -L-Shape-Exact-phrase,0,FBA76418,WM-LOD-IN,White Mulberry,Desk,L-Shaped Desk,
2026-06-03,0,55.88,exact,81779190034640,1083,0.0,206709191579512,FBA76418,B0BFVNS8HS,2,Camb-SP-B0BFVNS8HS -L-Shape-Exact-phrase,0,FBA76418,WM-LOD-IN,White Mulberry,Desk,L-Shaped Desk,
2026-06-04,0,34.44,exact,81779190034640,797,0.0,206709191579512,FBA76418,B0BFVNS8HS,2,Camb-SP-B0BFVNS8HS -L-Shape-Exact-phrase,0,FBA76418,WM-LOD-IN,White Mulberry,Desk,L-Shaped Desk,
2026-06-05,0,24.48,exact,81779190034640,296,0.0,206709191579512,FBA76418,B0BFVNS8HS,1,Camb-SP-B0BFVNS8HS -L-Shape-Exact-phrase,0,FBA76418,WM-LOD-IN,White Mulberry,Desk,L-Shaped Desk,
2026-06-02,0,6.08,Phrase,275080209531414,44,0.0,222164671888696,FBA76416,B0BFW59TRG,1,Camb-L shape-SP-KT-Phrase,0,FBA76416,WM-LOD-BK,White Mulberry,Desk,L-Shaped Desk,
2026-06-03,0,165.14,Phrase,275080209531414,4647,0.0,222164671888696,FBA76416,B0BFW59TRG,12,Camb-L shape-SP-KT-Phrase,0,FBA76416,WM-LOD-BK,White Mulberry,Desk,L-Shaped Desk,
2026-06-04,0,51.15,Phrase,275080209531414,1481,0.0,222164671888696,FBA76416,B0BFW59TRG,3,Camb-L shape-SP-KT-Phrase,0,FBA76416,WM-LOD-BK,White Mulberry,Desk,L-Shaped Desk,
2026-06-05,0,0.0,Phrase,275080209531414,160,0.0,222164671888696,FBA76416,B0BFW59TRG,0,Camb-L shape-SP-KT-Phrase,0,FBA76416,WM-LOD-BK,White Mulberry,Desk,L-Shaped Desk,
2026-06-06,0,36.55,Phrase,275080209531414,403,0.0,222164671888696,FBA76416,B0BFW59TRG,2,Camb-L shape-SP-KT-Phrase,0,FBA76416,WM-LOD-BK,White Mulberry,Desk,L-Shaped Desk,
2026-06-07,1,56.19,Phrase,275080209531414,358,7075.42,222164671888696,FBA76416,B0BFW59TRG,3,Camb-L shape-SP-KT-Phrase,1,FBA76416,WM-LOD-BK,White Mulberry,Desk,L-Shaped Desk,
2026-06-08,0,94.67,Phrase,275080209531414,275,0.0,222164671888696,FBA76416,B0BFW59TRG,4,Camb-L shape-SP-KT-Phrase,0,FBA76416,WM-LOD-BK,White Mulberry,Desk,L-Shaped Desk,
2026-06-09,0,21.27,Phrase,275080209531414,279,0.0,222164671888696,FBA76416,B0BFW59TRG,2,Camb-L shape-SP-KT-Phrase,0,FBA76416,WM-LOD-BK,White Mulberry,Desk,L-Shaped Desk,
2026-06-10,1,49.41,Phrase,275080209531414,399,7075.42,222164671888696,FBA76416,B0BFW59TRG,3,Camb-L shape-SP-KT-Phrase,1,FBA76416,WM-LOD-BK,White Mulberry,Desk,L-Shaped Desk,
2026-06-11,0,128.28,Phrase,275080209531414,346,0.0,222164671888696,FBA76416,B0BFW59TRG,6,Camb-L shape-SP-KT-Phrase,0,FBA76416,WM-LOD-BK,White Mulberry,Desk,L-Shaped Desk,
2026-06-12,0,148.09,Phrase,275080209531414,281,0.0,222164671888696,FBA76416,B0BFW59TRG,6,Camb-L shape-SP-KT-Phrase,0,FBA76416,WM-LOD-BK,White Mulberry,Desk,L-Shaped Desk,
2026-06-13,0,60.27,Phrase,275080209531414,298,0.0,222164671888696,FBA76416,B0BFW59TRG,2,Camb-L shape-SP-KT-Phrase,0,FBA76416,WM-LOD-BK,White Mulberry,Desk,L-Shaped Desk,
2026-06-14,0,148.12,Phrase,275080209531414,371,0.0,222164671888696,FBA76416,B0BFW59TRG,8,Camb-L shape-SP-KT-Phrase,0,FBA76416,WM-LOD-BK,White Mulberry,Desk,L-Shaped Desk,
2026-06-15,0,201.18,Phrase,275080209531414,819,0.0,222164671888696,FBA76416,B0BFW59TRG,7,Camb-L shape-SP-KT-Phrase,0,FBA76416,WM-LOD-BK,White Mulberry,Desk,L-Shaped Desk,
2026-06-16,0,220.39,Phrase,275080209531414,1884,0.0,222164671888696,FBA76416,B0BFW59TRG,8,Camb-L shape-SP-KT-Phrase,0,FBA76416,WM-LOD-BK,White Mulberry,Desk,L-Shaped Desk,
2026-06-18,0,191.93,Phrase,275080209531414,1893,0.0,222164671888696,FBA76416,B0BFW59TRG,8,Camb-L shape-SP-KT-Phrase,0,FBA76416,WM-LOD-BK,White Mulberry,Desk,L-Shaped Desk,
2026-06-19,0,111.71,Phrase,275080209531414,1510,0.0,222164671888696,FBA76416,B0BFW59TRG,3,Camb-L shape-SP-KT-Phrase,0,FBA76416,WM-LOD-BK,White Mulberry,Desk,L-Shaped Desk,
2026-06-20,0,97.21,Phrase,275080209531414,777,0.0,222164671888696,FBA76416,B0BFW59TRG,3,Camb-L shape-SP-KT-Phrase,0,FBA76416,WM-LOD-BK,White Mulberry,Desk,L-Shaped Desk,
2026-06-02,0,0.0,Phrase,275080209531414,27,0.0,222164671888696,FBA76417,B0BFVMDJ2K,0,Camb-L shape-SP-KT-Phrase,0,FBA76417,WM-LOD-WH,White Mulberry,Desk,L-Shaped Desk,
2026-06-03,0,499.64,Phrase,275080209531414,7020,0.0,222164671888696,FBA76417,B0BFVMDJ2K,34,Camb-L shape-SP-KT-Phrase,0,FBA76417,WM-LOD-WH,White Mulberry,Desk,L-Shaped Desk,
2026-06-04,0,269.22,Phrase,275080209531414,2445,0.0,222164671888696,FBA76417,B0BFVMDJ2K,17,Camb-L shape-SP-KT-Phrase,0,FBA76417,WM-LOD-WH,White Mulberry,Desk,L-Shaped Desk,
2026-06-05,0,79.19,Phrase,275080209531414,203,0.0,222164671888696,FBA76417,B0BFVMDJ2K,6,Camb-L shape-SP-KT-Phrase,0,FBA76417,WM-LOD-WH,White Mulberry,Desk,L-Shaped Desk,
2026-06-06,0,12.48,Phrase,275080209531414,412,0.0,222164671888696,FBA76417,B0BFVMDJ2K,1,Camb-L shape-SP-KT-Phrase,0,FBA76417,WM-LOD-WH,White Mulberry,Desk,L-Shaped Desk,
2026-06-07,0,50.23,Phrase,275080209531414,614,0.0,222164671888696,FBA76417,B0BFVMDJ2K,4,Camb-L shape-SP-KT-Phrase,0,FBA76417,WM-LOD-WH,White Mulberry,Desk,L-Shaped Desk,
2026-06-08,0,47.98,Phrase,275080209531414,511,0.0,222164671888696,FBA76417,B0BFVMDJ2K,2,Camb-L shape-SP-KT-Phrase,0,FBA76417,WM-LOD-WH,White Mulberry,Desk,L-Shaped Desk,
2026-06-09,0,93.13,Phrase,275080209531414,650,0.0,222164671888696,FBA76417,B0BFVMDJ2K,4,Camb-L shape-SP-KT-Phrase,0,FBA76417,WM-LOD-WH,White Mulberry,Desk,L-Shaped Desk,
2026-06-10,0,13.88,Phrase,275080209531414,775,0.0,222164671888696,FBA76417,B0BFVMDJ2K,1,Camb-L shape-SP-KT-Phrase,0,FBA76417,WM-LOD-WH,White Mulberry,Desk,L-Shaped Desk,
2026-06-11,0,82.44,Phrase,275080209531414,858,0.0,222164671888696,FBA76417,B0BFVMDJ2K,3,Camb-L shape-SP-KT-Phrase,0,FBA76417,WM-LOD-WH,White Mulberry,Desk,L-Shaped Desk,
2026-06-12,1,80.76,Phrase,275080209531414,755,7075.42,222164671888696,FBA76417,B0BFVMDJ2K,3,Camb-L shape-SP-KT-Phrase,1,FBA76417,WM-LOD-WH,White Mulberry,Desk,L-Shaped Desk,
2026-06-13,0,94.8,Phrase,275080209531414,876,0.0,222164671888696,FBA76417,B0BFVMDJ2K,5,Camb-L shape-SP-KT-Phrase,0,FBA76417,WM-LOD-WH,White Mulberry,Desk,L-Shaped Desk,
2026-06-14,0,58.5,Phrase,275080209531414,911,0.0,222164671888696,FBA76417,B0BFVMDJ2K,3,Camb-L shape-SP-KT-Phrase,0,FBA76417,WM-LOD-WH,White Mulberry,Desk,L-Shaped Desk,
2026-06-15,0,118.6,Phrase,275080209531414,1139,0.0,222164671888696,FBA76417,B0BFVMDJ2K,6,Camb-L shape-SP-KT-Phrase,0,FBA76417,WM-LOD-WH,White Mulberry,Desk,L-Shaped Desk,
2026-06-16,0,89.61,Phrase,275080209531414,1612,0.0,222164671888696,FBA76417,B0BFVMDJ2K,4,Camb-L shape-SP-KT-Phrase,0,FBA76417,WM-LOD-WH,White Mulberry,Desk,L-Shaped Desk,
2026-06-17,0,191.43,Phrase,275080209531414,2316,0.0,222164671888696,FBA76417,B0BFVMDJ2K,8,Camb-L shape-SP-KT-Phrase,0,FBA76417,WM-LOD-WH,White Mulberry,Desk,L-Shaped Desk,
2026-06-18,1,116.94,Phrase,275080209531414,1831,14150.84,222164671888696,FBA76417,B0BFVMDJ2K,5,Camb-L shape-SP-KT-Phrase,2,FBA76417,WM-LOD-WH,White Mulberry,Desk,L-Shaped Desk,
2026-06-19,0,159.53,Phrase,275080209531414,1416,0.0,222164671888696,FBA76417,B0BFVMDJ2K,6,Camb-L shape-SP-KT-Phrase,0,FBA76417,WM-LOD-WH,White Mulberry,Desk,L-Shaped Desk,
2026-06-20,0,195.15,Phrase,275080209531414,2205,0.0,222164671888696,FBA76417,B0BFVMDJ2K,10,Camb-L shape-SP-KT-Phrase,0,FBA76417,WM-LOD-WH,White Mulberry,Desk,L-Shaped Desk,
2026-06-21,0,291.72,Phrase,275080209531414,2577,0.0,222164671888696,FBA76417,B0BFVMDJ2K,11,Camb-L shape-SP-KT-Phrase,0,FBA76417,WM-LOD-WH,White Mulberry,Desk,L-Shaped Desk,
2026-06-03,0,76.38,Camb-Motorized-SP-PT-Exact,103433556581429,384,0.0,87379985437177,FBA79179,B0CPT3Q25C,4,Camb-Motorized-SP-PT,0,FBA79179,WM-SE08-CF,White Mulberry,Desk-Adjustable,Motorized,
2026-06-04,0,40.92,Camb-Motorized-SP-PT-Exact,103433556581429,416,0.0,87379985437177,FBA79179,B0CPT3Q25C,2,Camb-Motorized-SP-PT,0,FBA79179,WM-SE08-CF,White Mulberry,Desk-Adjustable,Motorized,
2026-06-05,0,33.49,Camb-Motorized-SP-PT-Exact,103433556581429,401,0.0,87379985437177,FBA79179,B0CPT3Q25C,2,Camb-Motorized-SP-PT,0,FBA79179,WM-SE08-CF,White Mulberry,Desk-Adjustable,Motorized,
2026-06-06,0,19.44,Camb-Motorized-SP-PT-Exact,103433556581429,175,0.0,87379985437177,FBA79179,B0CPT3Q25C,1,Camb-Motorized-SP-PT,0,FBA79179,WM-SE08-CF,White Mulberry,Desk-Adjustable,Motorized,
2026-06-07,0,175.93,Camb-Motorized-SP-PT-Exact,103433556581429,997,0.0,87379985437177,FBA79179,B0CPT3Q25C,9,Camb-Motorized-SP-PT,0,FBA79179,WM-SE08-CF,White Mulberry,Desk-Adjustable,Motorized,
2026-06-08,0,36.18,Camb-Motorized-SP-PT-Exact,103433556581429,464,0.0,87379985437177,FBA79179,B0CPT3Q25C,2,Camb-Motorized-SP-PT,0,FBA79179,WM-SE08-CF,White Mulberry,Desk-Adjustable,Motorized,
2026-06-09,0,20.41,Camb-Motorized-SP-PT-Exact,103433556581429,111,0.0,87379985437177,FBA79179,B0CPT3Q25C,1,Camb-Motorized-SP-PT,0,FBA79179,WM-SE08-CF,White Mulberry,Desk-Adjustable,Motorized,
2026-06-10,0,93.19,Camb-Motorized-SP-PT-Exact,103433556581429,218,0.0,87379985437177,FBA79179,B0CPT3Q25C,4,Camb-Motorized-SP-PT,0,FBA79179,WM-SE08-CF,White Mulberry,Desk-Adjustable,Motorized,
2026-06-03,0,0.0,Camb-Motorized-SP-PT-Exact,103433556581429,3,0.0,87379985437177,FBA79662,B0DQ4YWSMC,0,Camb-Motorized-SP-PT,0,FBA79662,WM-MODL-WH,White Mulberry,Desk-Adjustable,Motorized,
2026-06-04,0,40.92,Camb-Motorized-SP-PT-Exact,103433556581429,261,0.0,87379985437177,FBA79662,B0DQ4YWSMC,2,Camb-Motorized-SP-PT,0,FBA79662,WM-MODL-WH,White Mulberry,Desk-Adjustable,Motorized,
2026-06-05,0,0.0,Camb-Motorized-SP-PT-Exact,103433556581429,74,0.0,87379985437177,FBA79662,B0DQ4YWSMC,0,Camb-Motorized-SP-PT,0,FBA79662,WM-MODL-WH,White Mulberry,Desk-Adjustable,Motorized,
2026-06-06,0,0.0,Camb-Motorized-SP-PT-Exact,103433556581429,393,0.0,87379985437177,FBA79662,B0DQ4YWSMC,0,Camb-Motorized-SP-PT,0,FBA79662,WM-MODL-WH,White Mulberry,Desk-Adjustable,Motorized,
2026-06-07,0,0.0,Camb-Motorized-SP-PT-Exact,103433556581429,54,0.0,87379985437177,FBA79662,B0DQ4YWSMC,0,Camb-Motorized-SP-PT,0,FBA79662,WM-MODL-WH,White Mulberry,Desk-Adjustable,Motorized,
2026-06-08,0,19.44,Camb-Motorized-SP-PT-Exact,103433556581429,172,0.0,87379985437177,FBA79662,B0DQ4YWSMC,1,Camb-Motorized-SP-PT,0,FBA79662,WM-MODL-WH,White Mulberry,Desk-Adjustable,Motorized,
2026-06-09,0,20.41,Camb-Motorized-SP-PT-Exact,103433556581429,164,0.0,87379985437177,FBA79662,B0DQ4YWSMC,1,Camb-Motorized-SP-PT,0,FBA79662,WM-MODL-WH,White Mulberry,Desk-Adjustable,Motorized,
2026-06-03,0,92.85,Camb-Lshape-SP-PT-Exact,157334461413448,505,0.0,237599517878966,FBA76417,B0BFVMDJ2K,5,Camb-Lshape-SP-PT-Exact,0,FBA76417,WM-LOD-WH,White Mulberry,Desk,L-Shaped Desk,
2026-06-04,0,82.0,Camb-Lshape-SP-PT-Exact,157334461413448,578,0.0,237599517878966,FBA76417,B0BFVMDJ2K,5,Camb-Lshape-SP-PT-Exact,0,FBA76417,WM-LOD-WH,White Mulberry,Desk,L-Shaped Desk,
2026-06-05,0,113.53,Camb-Lshape-SP-PT-Exact,157334461413448,471,0.0,237599517878966,FBA76417,B0BFVMDJ2K,7,Camb-Lshape-SP-PT-Exact,0,FBA76417,WM-LOD-WH,White Mulberry,Desk,L-Shaped Desk,
2026-06-06,0,52.32,Camb-Lshape-SP-PT-Exact,157334461413448,230,0.0,237599517878966,FBA76417,B0BFVMDJ2K,3,Camb-Lshape-SP-PT-Exact,0,FBA76417,WM-LOD-WH,White Mulberry,Desk,L-Shaped Desk,
2026-06-07,0,55.72,Camb-Lshape-SP-PT-Exact,157334461413448,257,0.0,237599517878966,FBA76417,B0BFVMDJ2K,3,Camb-Lshape-SP-PT-Exact,0,FBA76417,WM-LOD-WH,White Mulberry,Desk,L-Shaped Desk,
2026-06-08,0,181.68,Camb-Lshape-SP-PT-Exact,157334461413448,555,0.0,237599517878966,FBA76417,B0BFVMDJ2K,9,Camb-Lshape-SP-PT-Exact,0,FBA76417,WM-LOD-WH,White Mulberry,Desk,L-Shaped Desk,
2026-06-09,0,102.13,Camb-Lshape-SP-PT-Exact,157334461413448,808,0.0,237599517878966,FBA76417,B0BFVMDJ2K,6,Camb-Lshape-SP-PT-Exact,0,FBA76417,WM-LOD-WH,White Mulberry,Desk,L-Shaped Desk,
2026-06-10,0,209.48,Camb-Lshape-SP-PT-Exact,157334461413448,928,0.0,237599517878966,FBA76417,B0BFVMDJ2K,9,Camb-Lshape-SP-PT-Exact,0,FBA76417,WM-LOD-WH,White Mulberry,Desk,L-Shaped Desk,
2026-06-11,0,130.34,Camb-Lshape-SP-PT-Exact,157334461413448,842,0.0,237599517878966,FBA76417,B0BFVMDJ2K,6,Camb-Lshape-SP-PT-Exact,0,FBA76417,WM-LOD-WH,White Mulberry,Desk,L-Shaped Desk,
2026-06-12,0,126.17,Camb-Lshape-SP-PT-Exact,157334461413448,1095,0.0,237599517878966,FBA76417,B0BFVMDJ2K,6,Camb-Lshape-SP-PT-Exact,0,FBA76417,WM-LOD-WH,White Mulberry,Desk,L-Shaped Desk,
2026-06-13,0,158.33,Camb-Lshape-SP-PT-Exact,157334461413448,578,0.0,237599517878966,FBA76417,B0BFVMDJ2K,8,Camb-Lshape-SP-PT-Exact,0,FBA76417,WM-LOD-WH,White Mulberry,Desk,L-Shaped Desk,
2026-06-14,0,165.85,Camb-Lshape-SP-PT-Exact,157334461413448,649,0.0,237599517878966,FBA76417,B0BFVMDJ2K,7,Camb-Lshape-SP-PT-Exact,0,FBA76417,WM-LOD-WH,White Mulberry,Desk,L-Shaped Desk,
2026-06-15,0,108.83,Camb-Lshape-SP-PT-Exact,157334461413448,636,0.0,237599517878966,FBA76417,B0BFVMDJ2K,5,Camb-Lshape-SP-PT-Exact,0,FBA76417,WM-LOD-WH,White Mulberry,Desk,L-Shaped Desk,
2026-06-03,0,57.7,Camb-Lshape-SP-PT-Exact,157334461413448,924,0.0,237599517878966,FBA76416,B0BFW59TRG,4,Camb-Lshape-SP-PT-Exact,0,FBA76416,WM-LOD-BK,White Mulberry,Desk,L-Shaped Desk,
2026-06-04,0,187.24,Camb-Lshape-SP-PT-Exact,157334461413448,1161,0.0,237599517878966,FBA76416,B0BFW59TRG,10,Camb-Lshape-SP-PT-Exact,0,FBA76416,WM-LOD-BK,White Mulberry,Desk,L-Shaped Desk,
2026-06-05,0,37.65,Camb-Lshape-SP-PT-Exact,157334461413448,520,0.0,237599517878966,FBA76416,B0BFW59TRG,2,Camb-Lshape-SP-PT-Exact,0,FBA76416,WM-LOD-BK,White Mulberry,Desk,L-Shaped Desk,
2026-06-06,0,91.98,Camb-Lshape-SP-PT-Exact,157334461413448,755,0.0,237599517878966,FBA76416,B0BFW59TRG,5,Camb-Lshape-SP-PT-Exact,0,FBA76416,WM-LOD-BK,White Mulberry,Desk,L-Shaped Desk,
2026-06-07,0,96.39,Camb-Lshape-SP-PT-Exact,157334461413448,430,0.0,237599517878966,FBA76416,B0BFW59TRG,5,Camb-Lshape-SP-PT-Exact,0,FBA76416,WM-LOD-BK,White Mulberry,Desk,L-Shaped Desk,
2026-06-08,0,32.63,Camb-Lshape-SP-PT-Exact,157334461413448,619,0.0,237599517878966,FBA76416,B0BFW59TRG,2,Camb-Lshape-SP-PT-Exact,0,FBA76416,WM-LOD-BK,White Mulberry,Desk,L-Shaped Desk,
2026-06-09,0,81.07,Camb-Lshape-SP-PT-Exact,157334461413448,431,0.0,237599517878966,FBA76416,B0BFW59TRG,4,Camb-Lshape-SP-PT-Exact,0,FBA76416,WM-LOD-BK,White Mulberry,Desk,L-Shaped Desk,
2026-06-10,0,0.0,Camb-Lshape-SP-PT-Exact,157334461413448,144,0.0,237599517878966,FBA76416,B0BFW59TRG,0,Camb-Lshape-SP-PT-Exact,0,FBA76416,WM-LOD-BK,White Mulberry,Desk,L-Shaped Desk,
2026-06-11,0,55.45,Camb-Lshape-SP-PT-Exact,157334461413448,242,0.0,237599517878966,FBA76416,B0BFW59TRG,2,Camb-Lshape-SP-PT-Exact,0,FBA76416,WM-LOD-BK,White Mulberry,Desk,L-Shaped Desk,
2026-06-12,0,180.73,Camb-Lshape-SP-PT-Exact,157334461413448,699,0.0,237599517878966,FBA76416,B0BFW59TRG,7,Camb-Lshape-SP-PT-Exact,0,FBA76416,WM-LOD-BK,White Mulberry,Desk,L-Shaped Desk,
2026-06-13,0,143.78,Camb-Lshape-SP-PT-Exact,157334461413448,496,0.0,237599517878966,FBA76416,B0BFW59TRG,6,Camb-Lshape-SP-PT-Exact,0,FBA76416,WM-LOD-BK,White Mulberry,Desk,L-Shaped Desk,
2026-06-14,0,118.74,Camb-Lshape-SP-PT-Exact,157334461413448,483,0.0,237599517878966,FBA76416,B0BFW59TRG,5,Camb-Lshape-SP-PT-Exact,0,FBA76416,WM-LOD-BK,White Mulberry,Desk,L-Shaped Desk,
2026-06-15,0,207.97,Camb-Lshape-SP-PT-Exact,157334461413448,903,0.0,237599517878966,FBA76416,B0BFW59TRG,10,Camb-Lshape-SP-PT-Exact,0,FBA76416,WM-LOD-BK,White Mulberry,Desk,L-Shaped Desk,
2026-06-03,0,96.18,SP-Exact,103433556581429,383,0.0,185417852912695,FBA79179,B0CPT3Q25C,5,Camb-Motorized-SP-PT,0,FBA79179,WM-SE08-CF,White Mulberry,Desk-Adjustable,Motorized,
2026-06-04,0,153.86,SP-Exact,103433556581429,487,0.0,185417852912695,FBA79179,B0CPT3Q25C,8,Camb-Motorized-SP-PT,0,FBA79179,WM-SE08-CF,White Mulberry,Desk-Adjustable,Motorized,
2026-06-05,0,77.73,SP-Exact,103433556581429,516,0.0,185417852912695,FBA79179,B0CPT3Q25C,4,Camb-Motorized-SP-PT,0,FBA79179,WM-SE08-CF,White Mulberry,Desk-Adjustable,Motorized,
2026-06-06,0,186.59,SP-Exact,103433556581429,741,0.0,185417852912695,FBA79179,B0CPT3Q25C,9,Camb-Motorized-SP-PT,0,FBA79179,WM-SE08-CF,White Mulberry,Desk-Adjustable,Motorized,
2026-06-07,0,0.0,SP-Exact,103433556581429,462,0.0,185417852912695,FBA79179,B0CPT3Q25C,0,Camb-Motorized-SP-PT,0,FBA79179,WM-SE08-CF,White Mulberry,Desk-Adjustable,Motorized,
2026-06-08,0,142.85,SP-Exact,103433556581429,465,0.0,185417852912695,FBA79179,B0CPT3Q25C,6,Camb-Motorized-SP-PT,0,FBA79179,WM-SE08-CF,White Mulberry,Desk-Adjustable,Motorized,
2026-06-09,0,261.03,SP-Exact,103433556581429,1281,0.0,185417852912695,FBA79179,B0CPT3Q25C,9,Camb-Motorized-SP-PT,0,FBA79179,WM-SE08-CF,White Mulberry,Desk-Adjustable,Motorized,
2026-06-10,0,128.36,SP-Exact,103433556581429,223,0.0,185417852912695,FBA79179,B0CPT3Q25C,5,Camb-Motorized-SP-PT,0,FBA79179,WM-SE08-CF,White Mulberry,Desk-Adjustable,Motorized,
2026-06-03,0,0.0,SP-Exact,103433556581429,3,0.0,185417852912695,FBA79662,B0DQ4YWSMC,0,Camb-Motorized-SP-PT,0,FBA79662,WM-MODL-WH,White Mulberry,Desk-Adjustable,Motorized,
2026-06-04,0,20.46,SP-Exact,103433556581429,171,0.0,185417852912695,FBA79662,B0DQ4YWSMC,1,Camb-Motorized-SP-PT,0,FBA79662,WM-MODL-WH,White Mulberry,Desk-Adjustable,Motorized,
2026-06-05,0,20.46,SP-Exact,103433556581429,62,0.0,185417852912695,FBA79662,B0DQ4YWSMC,1,Camb-Motorized-SP-PT,0,FBA79662,WM-MODL-WH,White Mulberry,Desk-Adjustable,Motorized,
2026-06-06,0,60.78,SP-Exact,103433556581429,194,0.0,185417852912695,FBA79662,B0DQ4YWSMC,3,Camb-Motorized-SP-PT,0,FBA79662,WM-MODL-WH,White Mulberry,Desk-Adjustable,Motorized,
2026-06-07,0,0.0,SP-Exact,103433556581429,29,0.0,185417852912695,FBA79662,B0DQ4YWSMC,0,Camb-Motorized-SP-PT,0,FBA79662,WM-MODL-WH,White Mulberry,Desk-Adjustable,Motorized,
2026-06-08,0,16.51,SP-Exact,103433556581429,156,0.0,185417852912695,FBA79662,B0DQ4YWSMC,1,Camb-Motorized-SP-PT,0,FBA79662,WM-MODL-WH,White Mulberry,Desk-Adjustable,Motorized,
2026-06-09,0,0.0,SP-Exact,103433556581429,79,0.0,185417852912695,FBA79662,B0DQ4YWSMC,0,Camb-Motorized-SP-PT,0,FBA79662,WM-MODL-WH,White Mulberry,Desk-Adjustable,Motorized,
2026-06-02,0,171.29,BM-02,147496541577049,1349,0.0,83023359346066,FBA79179,B0CPT3Q25C,13,Camb-Motorized-SP-KT-BM,0,FBA79179,WM-SE08-CF,White Mulberry,Desk-Adjustable,Motorized,
2026-06-03,0,515.0,BM-02,147496541577049,7065,0.0,83023359346066,FBA79179,B0CPT3Q25C,32,Camb-Motorized-SP-KT-BM,0,FBA79179,WM-SE08-CF,White Mulberry,Desk-Adjustable,Motorized,
2026-06-04,0,296.4,BM-02,147496541577049,2031,0.0,83023359346066,FBA79179,B0CPT3Q25C,17,Camb-Motorized-SP-KT-BM,0,FBA79179,WM-SE08-CF,White Mulberry,Desk-Adjustable,Motorized,
2026-06-05,1,238.55,BM-02,147496541577049,2662,12712.71,83023359346066,FBA79179,B0CPT3Q25C,13,Camb-Motorized-SP-KT-BM,1,FBA79179,WM-SE08-CF,White Mulberry,Desk-Adjustable,Motorized,
2026-06-02,0,0.0,BM-02,147496541577049,196,0.0,83023359346066,FBA79662,B0DQ4YWSMC,0,Camb-Motorized-SP-KT-BM,0,FBA79662,WM-MODL-WH,White Mulberry,Desk-Adjustable,Motorized,
2026-06-03,0,174.96,BM-02,147496541577049,3947,0.0,83023359346066,FBA79662,B0DQ4YWSMC,11,Camb-Motorized-SP-KT-BM,0,FBA79662,WM-MODL-WH,White Mulberry,Desk-Adjustable,Motorized,
2026-06-04,0,19.91,BM-02,147496541577049,1171,0.0,83023359346066,FBA79662,B0DQ4YWSMC,1,Camb-Motorized-SP-KT-BM,0,FBA79662,WM-MODL-WH,White Mulberry,Desk-Adjustable,Motorized,
2026-06-05,0,124.35,BM-02,147496541577049,2185,0.0,83023359346066,FBA79662,B0DQ4YWSMC,6,Camb-Motorized-SP-KT-BM,0,FBA79662,WM-MODL-WH,White Mulberry,Desk-Adjustable,Motorized,
2026-06-06,1,305.9,BM-02,147496541577049,2731,12712.71,83023359346066,FBA79662,B0DQ4YWSMC,15,Camb-Motorized-SP-KT-BM,1,FBA79662,WM-MODL-WH,White Mulberry,Desk-Adjustable,Motorized,
2026-06-07,0,317.39,BM-02,147496541577049,4212,0.0,83023359346066,FBA79662,B0DQ4YWSMC,14,Camb-Motorized-SP-KT-BM,0,FBA79662,WM-MODL-WH,White Mulberry,Desk-Adjustable,Motorized,
2026-06-08,0,357.25,BM-02,147496541577049,4802,0.0,83023359346066,FBA79662,B0DQ4YWSMC,15,Camb-Motorized-SP-KT-BM,0,FBA79662,WM-MODL-WH,White Mulberry,Desk-Adjustable,Motorized,
2026-06-09,0,457.77,BM-02,147496541577049,4496,0.0,83023359346066,FBA79662,B0DQ4YWSMC,19,Camb-Motorized-SP-KT-BM,0,FBA79662,WM-MODL-WH,White Mulberry,Desk-Adjustable,Motorized,
2026-06-10,0,610.41,BM-02,147496541577049,5715,0.0,83023359346066,FBA79662,B0DQ4YWSMC,24,Camb-Motorized-SP-KT-BM,0,FBA79662,WM-MODL-WH,White Mulberry,Desk-Adjustable,Motorized,
2026-06-11,0,559.92,BM-02,147496541577049,2474,0.0,83023359346066,FBA79662,B0DQ4YWSMC,21,Camb-Motorized-SP-KT-BM,0,FBA79662,WM-MODL-WH,White Mulberry,Desk-Adjustable,Motorized,
2026-06-12,1,548.8,BM-02,147496541577049,4310,12712.71,83023359346066,FBA79662,B0DQ4YWSMC,21,Camb-Motorized-SP-KT-BM,1,FBA79662,WM-MODL-WH,White Mulberry,Desk-Adjustable,Motorized,
2026-06-13,0,541.07,BM-02,147496541577049,4826,0.0,83023359346066,FBA79662,B0DQ4YWSMC,21,Camb-Motorized-SP-KT-BM,0,FBA79662,WM-MODL-WH,White Mulberry,Desk-Adjustable,Motorized,
2026-06-14,0,542.65,BM-02,147496541577049,6563,0.0,83023359346066,FBA79662,B0DQ4YWSMC,22,Camb-Motorized-SP-KT-BM,0,FBA79662,WM-MODL-WH,White Mulberry,Desk-Adjustable,Motorized,
2026-06-15,0,540.82,BM-02,147496541577049,9186,0.0,83023359346066,FBA79662,B0DQ4YWSMC,22,Camb-Motorized-SP-KT-BM,0,FBA79662,WM-MODL-WH,White Mulberry,Desk-Adjustable,Motorized,
2026-06-16,0,561.57,BM-02,147496541577049,6016,0.0,83023359346066,FBA79662,B0DQ4YWSMC,22,Camb-Motorized-SP-KT-BM,0,FBA79662,WM-MODL-WH,White Mulberry,Desk-Adjustable,Motorized,
2026-06-17,0,556.18,BM-02,147496541577049,7297,0.0,83023359346066,FBA79662,B0DQ4YWSMC,23,Camb-Motorized-SP-KT-BM,0,FBA79662,WM-MODL-WH,White Mulberry,Desk-Adjustable,Motorized,
2026-06-18,0,559.34,BM-02,147496541577049,4552,0.0,83023359346066,FBA79662,B0DQ4YWSMC,22,Camb-Motorized-SP-KT-BM,0,FBA79662,WM-MODL-WH,White Mulberry,Desk-Adjustable,Motorized,
2026-06-19,0,574.94,BM-02,147496541577049,8180,0.0,83023359346066,FBA79662,B0DQ4YWSMC,25,Camb-Motorized-SP-KT-BM,0,FBA79662,WM-MODL-WH,White Mulberry,Desk-Adjustable,Motorized,
2026-06-20,0,607.22,BM-02,147496541577049,4124,0.0,83023359346066,FBA79662,B0DQ4YWSMC,26,Camb-Motorized-SP-KT-BM,0,FBA79662,WM-MODL-WH,White Mulberry,Desk-Adjustable,Motorized,
2026-06-21,0,585.87,BM-02,147496541577049,5828,0.0,83023359346066,FBA79662,B0DQ4YWSMC,23,Camb-Motorized-SP-KT-BM,0,FBA79662,WM-MODL-WH,White Mulberry,Desk-Adjustable,Motorized,
2026-06-03,0,93.69,Camb-Motorized-SP-KT-Phrase,204210238007825,1082,0.0,201860345634077,FBA79179,B0CPT3Q25C,6,Camb-Motorized-SP-KT-Phrase,0,FBA79179,WM-SE08-CF,White Mulberry,Desk-Adjustable,Motorized,
2026-06-04,0,82.08,Camb-Motorized-SP-KT-Phrase,204210238007825,834,0.0,201860345634077,FBA79179,B0CPT3Q25C,5,Camb-Motorized-SP-KT-Phrase,0,FBA79179,WM-SE08-CF,White Mulberry,Desk-Adjustable,Motorized,
2026-06-03,0,269.25,Camb-Motorized-SP-KT-Phrase,204210238007825,10170,0.0,201860345634077,FBA79662,B0DQ4YWSMC,16,Camb-Motorized-SP-KT-Phrase,0,FBA79662,WM-MODL-WH,White Mulberry,Desk-Adjustable,Motorized,
2026-06-04,0,284.67,Camb-Motorized-SP-KT-Phrase,204210238007825,8127,0.0,201860345634077,FBA79662,B0DQ4YWSMC,17,Camb-Motorized-SP-KT-Phrase,0,FBA79662,WM-MODL-WH,White Mulberry,Desk-Adjustable,Motorized,
2026-06-09,0,0.0,White Mulberry Height Adjustable Table-Phrase-SP,42732584201244,1,0.0,57951453687768,FBA79179,B0CPT3Q25C,0,White Mulberry Height Adjustable Table-Phrase-SP,0,FBA79179,WM-SE08-CF,White Mulberry,Desk-Adjustable,Motorized,
2026-06-09,0,0.0,White Mulberry Height Adjustable Table- B0DQ4YWSMCB0CPT3Q25C- B0DQ4YWSMC-SP-Phrase,265249282670871,4,0.0,73798287799008,FBA79179,B0CPT3Q25C,0,White Mulberry Height Adjustable Table-B0CPT3Q25C-SP-Phrase,0,FBA79179,WM-SE08-CF,White Mulberry,Desk-Adjustable,Motorized,
2026-06-09,0,0.0,White Mulberry Height Adjustable Table-B0CPT3Q25C-SP-BM,20689611836747,10,0.0,176857200488040,FBA79179,B0CPT3Q25C,0,White Mulberry Height Adjustable Table-B0CPT3Q25C-B0DQ4YWSMC-SP-BM,0,FBA79179,WM-SE08-CF,White Mulberry,Desk-Adjustable,Motorized,
2026-06-11,0,0.0,Camb-B0CPT3Q25C - Motorized-SP-PT,270743893003149,3,0.0,48768600056460,FBA79662,B0DQ4YWSMC,0,Camb-B0CPT3Q25C - Motorized-SP-PT,0,FBA79662,WM-MODL-WH,White Mulberry,Desk-Adjustable,Motorized,
2026-06-12,0,0.0,Camb-B0CPT3Q25C - Motorized-SP-PT,270743893003149,139,0.0,48768600056460,FBA79662,B0DQ4YWSMC,0,Camb-B0CPT3Q25C - Motorized-SP-PT,0,FBA79662,WM-MODL-WH,White Mulberry,Desk-Adjustable,Motorized,
2026-06-13,0,78.85,Camb-B0CPT3Q25C - Motorized-SP-PT,270743893003149,540,0.0,48768600056460,FBA79662,B0DQ4YWSMC,2,Camb-B0CPT3Q25C - Motorized-SP-PT,0,FBA79662,WM-MODL-WH,White Mulberry,Desk-Adjustable,Motorized,
2026-06-14,0,45.69,Camb-B0CPT3Q25C - Motorized-SP-PT,270743893003149,446,0.0,48768600056460,FBA79662,B0DQ4YWSMC,1,Camb-B0CPT3Q25C - Motorized-SP-PT,0,FBA79662,WM-MODL-WH,White Mulberry,Desk-Adjustable,Motorized,
2026-06-16,0,0.0,Camb-B0CPT3Q25C - Motorized-SP-PT,270743893003149,41,0.0,48768600056460,FBA79662,B0DQ4YWSMC,0,Camb-B0CPT3Q25C - Motorized-SP-PT,0,FBA79662,WM-MODL-WH,White Mulberry,Desk-Adjustable,Motorized,
2026-06-09,0,29.1,Ad Group - 9/6/2026 20:21:22.149,72008220029287,249,0.0,53751056208558,FBA79179,B0CPT3Q25C,2,Camb - Height Adjustable table -  SP - BM,0,FBA79179,WM-SE08-CF,White Mulberry,Desk-Adjustable,Motorized,
2026-06-10,0,8.14,Ad Group - 9/6/2026 20:21:22.149,72008220029287,984,0.0,53751056208558,FBA79179,B0CPT3Q25C,1,Camb - Height Adjustable table -  SP - BM,0,FBA79179,WM-SE08-CF,White Mulberry,Desk-Adjustable,Motorized,
2026-06-09,0,0.0,Ad Group - 9/6/2026 20:21:22.149,72008220029287,10,0.0,53751056208558,FBA79662,B0DQ4YWSMC,0,Camb - Height Adjustable table -  SP - BM,0,FBA79662,WM-MODL-WH,White Mulberry,Desk-Adjustable,Motorized,
2026-06-10,0,29.55,Ad Group - 9/6/2026 20:21:22.149,72008220029287,87,0.0,53751056208558,FBA79662,B0DQ4YWSMC,2,Camb - Height Adjustable table -  SP - BM,0,FBA79662,WM-MODL-WH,White Mulberry,Desk-Adjustable,Motorized,
2026-06-09,0,43.52,Ad Group - 9/6/2026 20:07:26.373,190347346606059,62,0.0,50207335893417,FBA79179,B0CPT3Q25C,3,Camb-Height Adjustable table-KT-Phrase,0,FBA79179,WM-SE08-CF,White Mulberry,Desk-Adjustable,Motorized,
2026-06-10,0,0.0,Ad Group - 9/6/2026 20:07:26.373,190347346606059,224,0.0,50207335893417,FBA79179,B0CPT3Q25C,0,Camb-Height Adjustable table-KT-Phrase,0,FBA79179,WM-SE08-CF,White Mulberry,Desk-Adjustable,Motorized,
2026-06-09,0,0.0,Ad Group - 9/6/2026 20:07:26.373,190347346606059,13,0.0,50207335893417,FBA79662,B0DQ4YWSMC,0,Camb-Height Adjustable table-KT-Phrase,0,FBA79662,WM-MODL-WH,White Mulberry,Desk-Adjustable,Motorized,
2026-06-10,0,0.0,Ad Group - 9/6/2026 20:07:26.373,190347346606059,42,0.0,50207335893417,FBA79662,B0DQ4YWSMC,0,Camb-Height Adjustable table-KT-Phrase,0,FBA79662,WM-MODL-WH,White Mulberry,Desk-Adjustable,Motorized,
2026-06-09,0,15.08,Ad Group - 9/6/2026 20:17:19.377,72008220029287,135,0.0,21465890838700,FBA79179,B0CPT3Q25C,1,Camb - Height Adjustable table -  SP - BM,0,FBA79179,WM-SE08-CF,White Mulberry,Desk-Adjustable,Motorized,
2026-06-10,0,81.44,Ad Group - 9/6/2026 20:17:19.377,72008220029287,973,0.0,21465890838700,FBA79179,B0CPT3Q25C,5,Camb - Height Adjustable table -  SP - BM,0,FBA79179,WM-SE08-CF,White Mulberry,Desk-Adjustable,Motorized,
2026-06-09,0,0.0,Ad Group - 9/6/2026 20:17:19.377,72008220029287,9,0.0,21465890838700,FBA79662,B0DQ4YWSMC,0,Camb - Height Adjustable table -  SP - BM,0,FBA79662,WM-MODL-WH,White Mulberry,Desk-Adjustable,Motorized,
2026-06-10,0,16.59,Ad Group - 9/6/2026 20:17:19.377,72008220029287,386,0.0,21465890838700,FBA79662,B0DQ4YWSMC,1,Camb - Height Adjustable table -  SP - BM,0,FBA79662,WM-MODL-WH,White Mulberry,Desk-Adjustable,Motorized,
2026-06-11,0,63.67,PT-01,144947796311911,702,0.0,273922139052052,FBA79179,B0CPT3Q25C,5,Camb-SP-Motorized Desk- B0CPT3Q25C-PT,0,FBA79179,WM-SE08-CF,White Mulberry,Desk-Adjustable,Motorized,
2026-06-12,0,94.5,PT-01,144947796311911,1167,0.0,273922139052052,FBA79179,B0CPT3Q25C,7,Camb-SP-Motorized Desk- B0CPT3Q25C-PT,0,FBA79179,WM-SE08-CF,White Mulberry,Desk-Adjustable,Motorized,
2026-06-13,0,207.37,PT-01,144947796311911,1800,0.0,273922139052052,FBA79179,B0CPT3Q25C,17,Camb-SP-Motorized Desk- B0CPT3Q25C-PT,0,FBA79179,WM-SE08-CF,White Mulberry,Desk-Adjustable,Motorized,
2026-06-14,0,14.12,PT-01,144947796311911,114,0.0,273922139052052,FBA79179,B0CPT3Q25C,1,Camb-SP-Motorized Desk- B0CPT3Q25C-PT,0,FBA79179,WM-SE08-CF,White Mulberry,Desk-Adjustable,Motorized,
2026-06-15,0,0.0,PT-01,144947796311911,65,0.0,273922139052052,FBA79179,B0CPT3Q25C,0,Camb-SP-Motorized Desk- B0CPT3Q25C-PT,0,FBA79179,WM-SE08-CF,White Mulberry,Desk-Adjustable,Motorized,
2026-06-16,0,15.12,PT-01,144947796311911,203,0.0,273922139052052,FBA79179,B0CPT3Q25C,1,Camb-SP-Motorized Desk- B0CPT3Q25C-PT,0,FBA79179,WM-SE08-CF,White Mulberry,Desk-Adjustable,Motorized,
2026-06-17,0,0.0,PT-01,144947796311911,189,0.0,273922139052052,FBA79179,B0CPT3Q25C,0,Camb-SP-Motorized Desk- B0CPT3Q25C-PT,0,FBA79179,WM-SE08-CF,White Mulberry,Desk-Adjustable,Motorized,
2026-06-18,0,0.0,PT-01,144947796311911,71,0.0,273922139052052,FBA79179,B0CPT3Q25C,0,Camb-SP-Motorized Desk- B0CPT3Q25C-PT,0,FBA79179,WM-SE08-CF,White Mulberry,Desk-Adjustable,Motorized,
2026-06-19,0,2.8,PT-01,144947796311911,32,0.0,273922139052052,FBA79179,B0CPT3Q25C,1,Camb-SP-Motorized Desk- B0CPT3Q25C-PT,0,FBA79179,WM-SE08-CF,White Mulberry,Desk-Adjustable,Motorized,
2026-06-20,0,0.0,PT-01,144947796311911,37,0.0,273922139052052,FBA79179,B0CPT3Q25C,0,Camb-SP-Motorized Desk- B0CPT3Q25C-PT,0,FBA79179,WM-SE08-CF,White Mulberry,Desk-Adjustable,Motorized,
2026-06-21,0,71.21,PT-01,144947796311911,361,0.0,273922139052052,FBA79179,B0CPT3Q25C,5,Camb-SP-Motorized Desk- B0CPT3Q25C-PT,0,FBA79179,WM-SE08-CF,White Mulberry,Desk-Adjustable,Motorized,
2026-06-11,0,0.0,PT-02,144947796311911,17,0.0,158676498114586,FBA79179,B0CPT3Q25C,0,Camb-SP-Motorized Desk- B0CPT3Q25C-PT,0,FBA79179,WM-SE08-CF,White Mulberry,Desk-Adjustable,Motorized,
2026-06-12,0,34.1,PT-02,144947796311911,452,0.0,158676498114586,FBA79179,B0CPT3Q25C,3,Camb-SP-Motorized Desk- B0CPT3Q25C-PT,0,FBA79179,WM-SE08-CF,White Mulberry,Desk-Adjustable,Motorized,
2026-06-13,0,117.55,PT-02,144947796311911,769,0.0,158676498114586,FBA79179,B0CPT3Q25C,9,Camb-SP-Motorized Desk- B0CPT3Q25C-PT,0,FBA79179,WM-SE08-CF,White Mulberry,Desk-Adjustable,Motorized,
2026-06-14,0,132.36,PT-02,144947796311911,1057,0.0,158676498114586,FBA79179,B0CPT3Q25C,10,Camb-SP-Motorized Desk- B0CPT3Q25C-PT,0,FBA79179,WM-SE08-CF,White Mulberry,Desk-Adjustable,Motorized,
2026-06-15,0,128.47,PT-02,144947796311911,652,0.0,158676498114586,FBA79179,B0CPT3Q25C,10,Camb-SP-Motorized Desk- B0CPT3Q25C-PT,0,FBA79179,WM-SE08-CF,White Mulberry,Desk-Adjustable,Motorized,
2026-06-16,0,96.96,PT-02,144947796311911,732,0.0,158676498114586,FBA79179,B0CPT3Q25C,7,Camb-SP-Motorized Desk- B0CPT3Q25C-PT,0,FBA79179,WM-SE08-CF,White Mulberry,Desk-Adjustable,Motorized,
2026-06-17,0,57.49,PT-02,144947796311911,1137,0.0,158676498114586,FBA79179,B0CPT3Q25C,4,Camb-SP-Motorized Desk- B0CPT3Q25C-PT,0,FBA79179,WM-SE08-CF,White Mulberry,Desk-Adjustable,Motorized,
2026-06-18,0,72.8,PT-02,144947796311911,1605,0.0,158676498114586,FBA79179,B0CPT3Q25C,5,Camb-SP-Motorized Desk- B0CPT3Q25C-PT,0,FBA79179,WM-SE08-CF,White Mulberry,Desk-Adjustable,Motorized,
2026-06-19,0,29.12,PT-02,144947796311911,1025,0.0,158676498114586,FBA79179,B0CPT3Q25C,2,Camb-SP-Motorized Desk- B0CPT3Q25C-PT,0,FBA79179,WM-SE08-CF,White Mulberry,Desk-Adjustable,Motorized,
2026-06-20,0,0.0,PT-02,144947796311911,35,0.0,158676498114586,FBA79179,B0CPT3Q25C,0,Camb-SP-Motorized Desk- B0CPT3Q25C-PT,0,FBA79179,WM-SE08-CF,White Mulberry,Desk-Adjustable,Motorized,
2026-06-21,0,0.0,PT-02,144947796311911,17,0.0,158676498114586,FBA79179,B0CPT3Q25C,0,Camb-SP-Motorized Desk- B0CPT3Q25C-PT,0,FBA79179,WM-SE08-CF,White Mulberry,Desk-Adjustable,Motorized,
2026-06-11,2,111.59,Camb-SP- L Shaped-B0BFWD6SNF-PT,121906419773510,1603,14532.2,107933770890360,FBA76415,B0BFWD6SNF,12,Camb-SP- L Shape-B0BFWD6SNF-PT,2,FBA76415,WM-LOD-CF,White Mulberry,Desk,L-Shaped Desk,
2026-06-12,1,57.73,Camb-SP- L Shaped-B0BFWD6SNF-PT,121906419773510,1575,7075.42,107933770890360,FBA76415,B0BFWD6SNF,6,Camb-SP- L Shape-B0BFWD6SNF-PT,1,FBA76415,WM-LOD-CF,White Mulberry,Desk,L-Shaped Desk,
2026-06-13,0,258.92,Camb-SP- L Shaped-B0BFWD6SNF-PT,121906419773510,2681,0.0,107933770890360,FBA76415,B0BFWD6SNF,25,Camb-SP- L Shape-B0BFWD6SNF-PT,0,FBA76415,WM-LOD-CF,White Mulberry,Desk,L-Shaped Desk,
2026-06-14,0,201.6,Camb-SP- L Shaped-B0BFWD6SNF-PT,121906419773510,3080,0.0,107933770890360,FBA76415,B0BFWD6SNF,20,Camb-SP- L Shape-B0BFWD6SNF-PT,0,FBA76415,WM-LOD-CF,White Mulberry,Desk,L-Shaped Desk,
2026-06-15,1,161.4,Camb-SP- L Shaped-B0BFWD6SNF-PT,121906419773510,2176,7075.42,107933770890360,FBA76415,B0BFWD6SNF,16,Camb-SP- L Shape-B0BFWD6SNF-PT,1,FBA76415,WM-LOD-CF,White Mulberry,Desk,L-Shaped Desk,
2026-06-16,1,277.11,Camb-SP- L Shaped-B0BFWD6SNF-PT,121906419773510,2325,7456.78,107933770890360,FBA76415,B0BFWD6SNF,24,Camb-SP- L Shape-B0BFWD6SNF-PT,1,FBA76415,WM-LOD-CF,White Mulberry,Desk,L-Shaped Desk,
2026-06-17,1,136.4,Camb-SP- L Shaped-B0BFWD6SNF-PT,121906419773510,709,7456.78,107933770890360,FBA76415,B0BFWD6SNF,13,Camb-SP- L Shape-B0BFWD6SNF-PT,1,FBA76415,WM-LOD-CF,White Mulberry,Desk,L-Shaped Desk,
2026-06-18,0,87.69,Camb-SP- L Shaped-B0BFWD6SNF-PT,121906419773510,501,0.0,107933770890360,FBA76415,B0BFWD6SNF,8,Camb-SP- L Shape-B0BFWD6SNF-PT,0,FBA76415,WM-LOD-CF,White Mulberry,Desk,L-Shaped Desk,
2026-06-19,0,186.61,Camb-SP- L Shaped-B0BFWD6SNF-PT,121906419773510,1365,0.0,107933770890360,FBA76415,B0BFWD6SNF,17,Camb-SP- L Shape-B0BFWD6SNF-PT,0,FBA76415,WM-LOD-CF,White Mulberry,Desk,L-Shaped Desk,
2026-06-20,0,128.32,Camb-SP- L Shaped-B0BFWD6SNF-PT,121906419773510,1562,0.0,107933770890360,FBA76415,B0BFWD6SNF,11,Camb-SP- L Shape-B0BFWD6SNF-PT,0,FBA76415,WM-LOD-CF,White Mulberry,Desk,L-Shaped Desk,
2026-06-21,0,163.87,Camb-SP- L Shaped-B0BFWD6SNF-PT,121906419773510,1619,0.0,107933770890360,FBA76415,B0BFWD6SNF,15,Camb-SP- L Shape-B0BFWD6SNF-PT,0,FBA76415,WM-LOD-CF,White Mulberry,Desk,L-Shaped Desk,
2026-06-10,0,0.0,Phrase,275454191039806,52,0.0,270568720280956,FBA79662,B0DQ4YWSMC,0,Camb-Motorized desk-B0DQ4YWSMC- Phrase,0,FBA79662,WM-MODL-WH,White Mulberry,Desk-Adjustable,Motorized,
2026-06-11,0,36.06,Phrase,275454191039806,255,0.0,270568720280956,FBA79662,B0DQ4YWSMC,3,Camb-Motorized desk-B0DQ4YWSMC- Phrase,0,FBA79662,WM-MODL-WH,White Mulberry,Desk-Adjustable,Motorized,
2026-06-12,0,9.02,Phrase,275454191039806,254,0.0,270568720280956,FBA79662,B0DQ4YWSMC,1,Camb-Motorized desk-B0DQ4YWSMC- Phrase,0,FBA79662,WM-MODL-WH,White Mulberry,Desk-Adjustable,Motorized,
2026-06-13,0,32.12,Phrase,275454191039806,604,0.0,270568720280956,FBA79662,B0DQ4YWSMC,3,Camb-Motorized desk-B0DQ4YWSMC- Phrase,0,FBA79662,WM-MODL-WH,White Mulberry,Desk-Adjustable,Motorized,
2026-06-14,0,92.35,Phrase,275454191039806,1388,0.0,270568720280956,FBA79662,B0DQ4YWSMC,8,Camb-Motorized desk-B0DQ4YWSMC- Phrase,0,FBA79662,WM-MODL-WH,White Mulberry,Desk-Adjustable,Motorized,
2026-06-15,0,57.72,Phrase,275454191039806,1557,0.0,270568720280956,FBA79662,B0DQ4YWSMC,5,Camb-Motorized desk-B0DQ4YWSMC- Phrase,0,FBA79662,WM-MODL-WH,White Mulberry,Desk-Adjustable,Motorized,
2026-06-16,0,35.81,Phrase,275454191039806,1956,0.0,270568720280956,FBA79662,B0DQ4YWSMC,4,Camb-Motorized desk-B0DQ4YWSMC- Phrase,0,FBA79662,WM-MODL-WH,White Mulberry,Desk-Adjustable,Motorized,
2026-06-17,0,34.31,Phrase,275454191039806,1057,0.0,270568720280956,FBA79662,B0DQ4YWSMC,3,Camb-Motorized desk-B0DQ4YWSMC- Phrase,0,FBA79662,WM-MODL-WH,White Mulberry,Desk-Adjustable,Motorized,
2026-06-18,0,45.66,Phrase,275454191039806,1348,0.0,270568720280956,FBA79662,B0DQ4YWSMC,4,Camb-Motorized desk-B0DQ4YWSMC- Phrase,0,FBA79662,WM-MODL-WH,White Mulberry,Desk-Adjustable,Motorized,
2026-06-19,0,0.0,Phrase,275454191039806,1619,0.0,270568720280956,FBA79662,B0DQ4YWSMC,0,Camb-Motorized desk-B0DQ4YWSMC- Phrase,0,FBA79662,WM-MODL-WH,White Mulberry,Desk-Adjustable,Motorized,
2026-06-20,0,53.76,Phrase,275454191039806,1466,0.0,270568720280956,FBA79662,B0DQ4YWSMC,5,Camb-Motorized desk-B0DQ4YWSMC- Phrase,0,FBA79662,WM-MODL-WH,White Mulberry,Desk-Adjustable,Motorized,
2026-06-21,0,47.99,Phrase,275454191039806,1493,0.0,270568720280956,FBA79662,B0DQ4YWSMC,4,Camb-Motorized desk-B0DQ4YWSMC- Phrase,0,FBA79662,WM-MODL-WH,White Mulberry,Desk-Adjustable,Motorized,
2026-06-10,0,0.0,BM,25468658094924,198,0.0,204617802611948,FBA79179,B0CPT3Q25C,0,Camb-SP-Motorized Desk- B0CPT3Q25C- BM,0,FBA79179,WM-SE08-CF,White Mulberry,Desk-Adjustable,Motorized,
2026-06-11,0,347.86,BM,25468658094924,2143,0.0,204617802611948,FBA79179,B0CPT3Q25C,26,Camb-SP-Motorized Desk- B0CPT3Q25C- BM,0,FBA79179,WM-SE08-CF,White Mulberry,Desk-Adjustable,Motorized,
2026-06-12,0,375.94,BM,25468658094924,2404,0.0,204617802611948,FBA79179,B0CPT3Q25C,29,Camb-SP-Motorized Desk- B0CPT3Q25C- BM,0,FBA79179,WM-SE08-CF,White Mulberry,Desk-Adjustable,Motorized,
2026-06-13,0,525.08,BM,25468658094924,7245,0.0,204617802611948,FBA79179,B0CPT3Q25C,40,Camb-SP-Motorized Desk- B0CPT3Q25C- BM,0,FBA79179,WM-SE08-CF,White Mulberry,Desk-Adjustable,Motorized,
2026-06-14,0,630.19,BM,25468658094924,7007,0.0,204617802611948,FBA79179,B0CPT3Q25C,47,Camb-SP-Motorized Desk- B0CPT3Q25C- BM,0,FBA79179,WM-SE08-CF,White Mulberry,Desk-Adjustable,Motorized,
2026-06-15,1,630.46,BM,25468658094924,5011,7287.29,204617802611948,FBA79179,B0CPT3Q25C,47,Camb-SP-Motorized Desk- B0CPT3Q25C- BM,1,FBA79179,WM-SE08-CF,White Mulberry,Desk-Adjustable,Motorized,
2026-06-16,0,273.73,BM,25468658094924,2987,0.0,204617802611948,FBA79179,B0CPT3Q25C,20,Camb-SP-Motorized Desk- B0CPT3Q25C- BM,0,FBA79179,WM-SE08-CF,White Mulberry,Desk-Adjustable,Motorized,
2026-06-17,0,97.88,BM,25468658094924,2746,0.0,204617802611948,FBA79179,B0CPT3Q25C,7,Camb-SP-Motorized Desk- B0CPT3Q25C- BM,0,FBA79179,WM-SE08-CF,White Mulberry,Desk-Adjustable,Motorized,
2026-06-18,0,212.24,BM,25468658094924,2298,0.0,204617802611948,FBA79179,B0CPT3Q25C,15,Camb-SP-Motorized Desk- B0CPT3Q25C- BM,0,FBA79179,WM-SE08-CF,White Mulberry,Desk-Adjustable,Motorized,
2026-06-19,0,98.74,BM,25468658094924,2072,0.0,204617802611948,FBA79179,B0CPT3Q25C,7,Camb-SP-Motorized Desk- B0CPT3Q25C- BM,0,FBA79179,WM-SE08-CF,White Mulberry,Desk-Adjustable,Motorized,
2026-06-20,0,137.29,BM,25468658094924,2936,0.0,204617802611948,FBA79179,B0CPT3Q25C,10,Camb-SP-Motorized Desk- B0CPT3Q25C- BM,0,FBA79179,WM-SE08-CF,White Mulberry,Desk-Adjustable,Motorized,
2026-06-21,0,515.97,BM,25468658094924,16293,0.0,204617802611948,FBA79179,B0CPT3Q25C,38,Camb-SP-Motorized Desk- B0CPT3Q25C- BM,0,FBA79179,WM-SE08-CF,White Mulberry,Desk-Adjustable,Motorized,
2026-06-10,0,0.0,BM,107540685554468,29,0.0,140562153243264,FBA79662,B0DQ4YWSMC,0,Camb-Motorized desk-B0DQ4YWSMC - BM,0,FBA79662,WM-MODL-WH,White Mulberry,Desk-Adjustable,Motorized,
2026-06-11,0,22.85,BM,107540685554468,517,0.0,140562153243264,FBA79662,B0DQ4YWSMC,2,Camb-Motorized desk-B0DQ4YWSMC - BM,0,FBA79662,WM-MODL-WH,White Mulberry,Desk-Adjustable,Motorized,
2026-06-12,0,36.89,BM,107540685554468,384,0.0,140562153243264,FBA79662,B0DQ4YWSMC,4,Camb-Motorized desk-B0DQ4YWSMC - BM,0,FBA79662,WM-MODL-WH,White Mulberry,Desk-Adjustable,Motorized,
2026-06-13,0,51.24,BM,107540685554468,628,0.0,140562153243264,FBA79662,B0DQ4YWSMC,5,Camb-Motorized desk-B0DQ4YWSMC - BM,0,FBA79662,WM-MODL-WH,White Mulberry,Desk-Adjustable,Motorized,
2026-06-14,0,107.05,BM,107540685554468,1404,0.0,140562153243264,FBA79662,B0DQ4YWSMC,9,Camb-Motorized desk-B0DQ4YWSMC - BM,0,FBA79662,WM-MODL-WH,White Mulberry,Desk-Adjustable,Motorized,
2026-06-15,0,151.55,BM,107540685554468,1033,0.0,140562153243264,FBA79662,B0DQ4YWSMC,13,Camb-Motorized desk-B0DQ4YWSMC - BM,0,FBA79662,WM-MODL-WH,White Mulberry,Desk-Adjustable,Motorized,
2026-06-16,0,53.84,BM,107540685554468,699,0.0,140562153243264,FBA79662,B0DQ4YWSMC,4,Camb-Motorized desk-B0DQ4YWSMC - BM,0,FBA79662,WM-MODL-WH,White Mulberry,Desk-Adjustable,Motorized,
2026-06-17,0,184.73,BM,107540685554468,729,0.0,140562153243264,FBA79662,B0DQ4YWSMC,14,Camb-Motorized desk-B0DQ4YWSMC - BM,0,FBA79662,WM-MODL-WH,White Mulberry,Desk-Adjustable,Motorized,
2026-06-18,0,99.4,BM,107540685554468,855,0.0,140562153243264,FBA79662,B0DQ4YWSMC,8,Camb-Motorized desk-B0DQ4YWSMC - BM,0,FBA79662,WM-MODL-WH,White Mulberry,Desk-Adjustable,Motorized,
2026-06-19,0,66.81,BM,107540685554468,703,0.0,140562153243264,FBA79662,B0DQ4YWSMC,5,Camb-Motorized desk-B0DQ4YWSMC - BM,0,FBA79662,WM-MODL-WH,White Mulberry,Desk-Adjustable,Motorized,
2026-06-20,0,79.41,BM,107540685554468,667,0.0,140562153243264,FBA79662,B0DQ4YWSMC,6,Camb-Motorized desk-B0DQ4YWSMC - BM,0,FBA79662,WM-MODL-WH,White Mulberry,Desk-Adjustable,Motorized,
2026-06-21,0,106.59,BM,107540685554468,1194,0.0,140562153243264,FBA79662,B0DQ4YWSMC,8,Camb-Motorized desk-B0DQ4YWSMC - BM,0,FBA79662,WM-MODL-WH,White Mulberry,Desk-Adjustable,Motorized,
2026-06-11,0,0.0,PT-02,164282570458862,43,0.0,277937653547015,FBA79662,B0DQ4YWSMC,0,Camb-Motorized desk- B0DQ4YWSMC - PT 02,0,FBA79662,WM-MODL-WH,White Mulberry,Desk-Adjustable,Motorized,
2026-06-12,0,0.0,PT-02,164282570458862,129,0.0,277937653547015,FBA79662,B0DQ4YWSMC,0,Camb-Motorized desk- B0DQ4YWSMC - PT 02,0,FBA79662,WM-MODL-WH,White Mulberry,Desk-Adjustable,Motorized,
2026-06-13,0,66.15,PT-02,164282570458862,307,0.0,277937653547015,FBA79662,B0DQ4YWSMC,5,Camb-Motorized desk- B0DQ4YWSMC - PT 02,0,FBA79662,WM-MODL-WH,White Mulberry,Desk-Adjustable,Motorized,
2026-06-14,0,0.0,PT-02,164282570458862,21,0.0,277937653547015,FBA79662,B0DQ4YWSMC,0,Camb-Motorized desk- B0DQ4YWSMC - PT 02,0,FBA79662,WM-MODL-WH,White Mulberry,Desk-Adjustable,Motorized,
2026-06-15,0,0.0,PT-02,164282570458862,37,0.0,277937653547015,FBA79662,B0DQ4YWSMC,0,Camb-Motorized desk- B0DQ4YWSMC - PT 02,0,FBA79662,WM-MODL-WH,White Mulberry,Desk-Adjustable,Motorized,
2026-06-16,0,5.66,PT-02,164282570458862,166,0.0,277937653547015,FBA79662,B0DQ4YWSMC,1,Camb-Motorized desk- B0DQ4YWSMC - PT 02,0,FBA79662,WM-MODL-WH,White Mulberry,Desk-Adjustable,Motorized,
2026-06-17,0,4.27,PT-02,164282570458862,75,0.0,277937653547015,FBA79662,B0DQ4YWSMC,1,Camb-Motorized desk- B0DQ4YWSMC - PT 02,0,FBA79662,WM-MODL-WH,White Mulberry,Desk-Adjustable,Motorized,
2026-06-18,0,0.0,PT-02,164282570458862,165,0.0,277937653547015,FBA79662,B0DQ4YWSMC,0,Camb-Motorized desk- B0DQ4YWSMC - PT 02,0,FBA79662,WM-MODL-WH,White Mulberry,Desk-Adjustable,Motorized,
2026-06-19,0,15.1,PT-02,164282570458862,359,0.0,277937653547015,FBA79662,B0DQ4YWSMC,1,Camb-Motorized desk- B0DQ4YWSMC - PT 02,0,FBA79662,WM-MODL-WH,White Mulberry,Desk-Adjustable,Motorized,
2026-06-20,0,45.3,PT-02,164282570458862,637,0.0,277937653547015,FBA79662,B0DQ4YWSMC,3,Camb-Motorized desk- B0DQ4YWSMC - PT 02,0,FBA79662,WM-MODL-WH,White Mulberry,Desk-Adjustable,Motorized,
2026-06-21,0,59.38,PT-02,164282570458862,821,0.0,277937653547015,FBA79662,B0DQ4YWSMC,4,Camb-Motorized desk- B0DQ4YWSMC - PT 02,0,FBA79662,WM-MODL-WH,White Mulberry,Desk-Adjustable,Motorized,
2026-06-11,0,12.02,PT,11761325934113,61,0.0,82099055292421,FBA79662,B0DQ4YWSMC,1,Camb-Motorized sit stand-B0DQ4YWSMC- PT,0,FBA79662,WM-MODL-WH,White Mulberry,Desk-Adjustable,Motorized,
2026-06-12,0,145.41,PT,11761325934113,2040,0.0,82099055292421,FBA79662,B0DQ4YWSMC,13,Camb-Motorized sit stand-B0DQ4YWSMC- PT,0,FBA79662,WM-MODL-WH,White Mulberry,Desk-Adjustable,Motorized,
2026-06-13,0,238.55,PT,11761325934113,3906,0.0,82099055292421,FBA79662,B0DQ4YWSMC,20,Camb-Motorized sit stand-B0DQ4YWSMC- PT,0,FBA79662,WM-MODL-WH,White Mulberry,Desk-Adjustable,Motorized,
2026-06-14,1,135.89,PT,11761325934113,2573,12712.71,82099055292421,FBA79662,B0DQ4YWSMC,12,Camb-Motorized sit stand-B0DQ4YWSMC- PT,1,FBA79662,WM-MODL-WH,White Mulberry,Desk-Adjustable,Motorized,
2026-06-15,1,87.26,PT,11761325934113,1650,12712.72,82099055292421,FBA79662,B0DQ4YWSMC,7,Camb-Motorized sit stand-B0DQ4YWSMC- PT,1,FBA79662,WM-MODL-WH,White Mulberry,Desk-Adjustable,Motorized,
2026-06-16,0,126.39,PT,11761325934113,3925,0.0,82099055292421,FBA79662,B0DQ4YWSMC,10,Camb-Motorized sit stand-B0DQ4YWSMC- PT,0,FBA79662,WM-MODL-WH,White Mulberry,Desk-Adjustable,Motorized,
2026-06-17,0,91.25,PT,11761325934113,1221,0.0,82099055292421,FBA79662,B0DQ4YWSMC,7,Camb-Motorized sit stand-B0DQ4YWSMC- PT,0,FBA79662,WM-MODL-WH,White Mulberry,Desk-Adjustable,Motorized,
2026-06-18,0,0.0,PT,11761325934113,23,0.0,82099055292421,FBA79662,B0DQ4YWSMC,0,Camb-Motorized sit stand-B0DQ4YWSMC- PT,0,FBA79662,WM-MODL-WH,White Mulberry,Desk-Adjustable,Motorized,
2026-06-19,0,13.2,PT,11761325934113,30,0.0,82099055292421,FBA79662,B0DQ4YWSMC,1,Camb-Motorized sit stand-B0DQ4YWSMC- PT,0,FBA79662,WM-MODL-WH,White Mulberry,Desk-Adjustable,Motorized,
2026-06-20,0,14.5,PT,11761325934113,89,0.0,82099055292421,FBA79662,B0DQ4YWSMC,1,Camb-Motorized sit stand-B0DQ4YWSMC- PT,0,FBA79662,WM-MODL-WH,White Mulberry,Desk-Adjustable,Motorized,
2026-06-21,0,75.6,PT,11761325934113,1812,0.0,82099055292421,FBA79662,B0DQ4YWSMC,6,Camb-Motorized sit stand-B0DQ4YWSMC- PT,0,FBA79662,WM-MODL-WH,White Mulberry,Desk-Adjustable,Motorized,
2026-06-10,0,0.0,Exact,264075379186899,42,0.0,280028453561394,FBA79179,B0CPT3Q25C,0,Camb-SP-Motorized Desk- B0CPT3Q25C- Exact - 01,0,FBA79179,WM-SE08-CF,White Mulberry,Desk-Adjustable,Motorized,
2026-06-11,0,40.5,Exact,264075379186899,384,0.0,280028453561394,FBA79179,B0CPT3Q25C,3,Camb-SP-Motorized Desk- B0CPT3Q25C- Exact - 01,0,FBA79179,WM-SE08-CF,White Mulberry,Desk-Adjustable,Motorized,
2026-06-12,0,54.77,Exact,264075379186899,433,0.0,280028453561394,FBA79179,B0CPT3Q25C,5,Camb-SP-Motorized Desk- B0CPT3Q25C- Exact - 01,0,FBA79179,WM-SE08-CF,White Mulberry,Desk-Adjustable,Motorized,
2026-06-13,0,69.02,Exact,264075379186899,781,0.0,280028453561394,FBA79179,B0CPT3Q25C,5,Camb-SP-Motorized Desk- B0CPT3Q25C- Exact - 01,0,FBA79179,WM-SE08-CF,White Mulberry,Desk-Adjustable,Motorized,
2026-06-14,0,14.12,Exact,264075379186899,814,0.0,280028453561394,FBA79179,B0CPT3Q25C,1,Camb-SP-Motorized Desk- B0CPT3Q25C- Exact - 01,0,FBA79179,WM-SE08-CF,White Mulberry,Desk-Adjustable,Motorized,
2026-06-15,1,52.73,Exact,264075379186899,803,12712.71,280028453561394,FBA79179,B0CPT3Q25C,4,Camb-SP-Motorized Desk- B0CPT3Q25C- Exact - 01,1,FBA79179,WM-SE08-CF,White Mulberry,Desk-Adjustable,Motorized,
2026-06-16,0,23.16,Exact,264075379186899,727,0.0,280028453561394,FBA79179,B0CPT3Q25C,2,Camb-SP-Motorized Desk- B0CPT3Q25C- Exact - 01,0,FBA79179,WM-SE08-CF,White Mulberry,Desk-Adjustable,Motorized,
2026-06-17,0,45.36,Exact,264075379186899,721,0.0,280028453561394,FBA79179,B0CPT3Q25C,3,Camb-SP-Motorized Desk- B0CPT3Q25C- Exact - 01,0,FBA79179,WM-SE08-CF,White Mulberry,Desk-Adjustable,Motorized,
2026-06-18,0,50.32,Exact,264075379186899,751,0.0,280028453561394,FBA79179,B0CPT3Q25C,4,Camb-SP-Motorized Desk- B0CPT3Q25C- Exact - 01,0,FBA79179,WM-SE08-CF,White Mulberry,Desk-Adjustable,Motorized,
2026-06-19,0,30.24,Exact,264075379186899,1206,0.0,280028453561394,FBA79179,B0CPT3Q25C,2,Camb-SP-Motorized Desk- B0CPT3Q25C- Exact - 01,0,FBA79179,WM-SE08-CF,White Mulberry,Desk-Adjustable,Motorized,
2026-06-20,0,66.19,Exact,264075379186899,897,0.0,280028453561394,FBA79179,B0CPT3Q25C,5,Camb-SP-Motorized Desk- B0CPT3Q25C- Exact - 01,0,FBA79179,WM-SE08-CF,White Mulberry,Desk-Adjustable,Motorized,
2026-06-21,0,45.36,Exact,264075379186899,1442,0.0,280028453561394,FBA79179,B0CPT3Q25C,3,Camb-SP-Motorized Desk- B0CPT3Q25C- Exact - 01,0,FBA79179,WM-SE08-CF,White Mulberry,Desk-Adjustable,Motorized,
2026-06-10,0,0.0,Exact,54096613074678,3,0.0,205371708111332,FBA79662,B0DQ4YWSMC,0,Camb-Motorized desk-B0DQ4YWSMC - Exact,0,FBA79662,WM-MODL-WH,White Mulberry,Desk-Adjustable,Motorized,
2026-06-11,0,0.0,Exact,54096613074678,28,0.0,205371708111332,FBA79662,B0DQ4YWSMC,0,Camb-Motorized desk-B0DQ4YWSMC - Exact,0,FBA79662,WM-MODL-WH,White Mulberry,Desk-Adjustable,Motorized,
2026-06-12,0,0.0,Exact,54096613074678,48,0.0,205371708111332,FBA79662,B0DQ4YWSMC,0,Camb-Motorized desk-B0DQ4YWSMC - Exact,0,FBA79662,WM-MODL-WH,White Mulberry,Desk-Adjustable,Motorized,
2026-06-13,0,0.0,Exact,54096613074678,77,0.0,205371708111332,FBA79662,B0DQ4YWSMC,0,Camb-Motorized desk-B0DQ4YWSMC - Exact,0,FBA79662,WM-MODL-WH,White Mulberry,Desk-Adjustable,Motorized,
2026-06-14,0,12.89,Exact,54096613074678,83,0.0,205371708111332,FBA79662,B0DQ4YWSMC,1,Camb-Motorized desk-B0DQ4YWSMC - Exact,0,FBA79662,WM-MODL-WH,White Mulberry,Desk-Adjustable,Motorized,
2026-06-15,0,0.0,Exact,54096613074678,73,0.0,205371708111332,FBA79662,B0DQ4YWSMC,0,Camb-Motorized desk-B0DQ4YWSMC - Exact,0,FBA79662,WM-MODL-WH,White Mulberry,Desk-Adjustable,Motorized,
2026-06-16,0,0.0,Exact,54096613074678,79,0.0,205371708111332,FBA79662,B0DQ4YWSMC,0,Camb-Motorized desk-B0DQ4YWSMC - Exact,0,FBA79662,WM-MODL-WH,White Mulberry,Desk-Adjustable,Motorized,
2026-06-17,0,0.0,Exact,54096613074678,78,0.0,205371708111332,FBA79662,B0DQ4YWSMC,0,Camb-Motorized desk-B0DQ4YWSMC - Exact,0,FBA79662,WM-MODL-WH,White Mulberry,Desk-Adjustable,Motorized,
2026-06-18,0,15.15,Exact,54096613074678,218,0.0,205371708111332,FBA79662,B0DQ4YWSMC,1,Camb-Motorized desk-B0DQ4YWSMC - Exact,0,FBA79662,WM-MODL-WH,White Mulberry,Desk-Adjustable,Motorized,
2026-06-19,0,0.0,Exact,54096613074678,66,0.0,205371708111332,FBA79662,B0DQ4YWSMC,0,Camb-Motorized desk-B0DQ4YWSMC - Exact,0,FBA79662,WM-MODL-WH,White Mulberry,Desk-Adjustable,Motorized,
2026-06-20,0,0.0,Exact,54096613074678,135,0.0,205371708111332,FBA79662,B0DQ4YWSMC,0,Camb-Motorized desk-B0DQ4YWSMC - Exact,0,FBA79662,WM-MODL-WH,White Mulberry,Desk-Adjustable,Motorized,
2026-06-21,0,13.78,Exact,54096613074678,168,0.0,205371708111332,FBA79662,B0DQ4YWSMC,1,Camb-Motorized desk-B0DQ4YWSMC - Exact,0,FBA79662,WM-MODL-WH,White Mulberry,Desk-Adjustable,Motorized,
2026-06-10,0,26.25,Camb-SP- L Shaped-B0BFWD6SNF-BM,165926011483591,402,0.0,39650872491346,FBA76415,B0BFWD6SNF,3,Camb-SP- L Shape-B0BFWD6SNF-BM,0,FBA76415,WM-LOD-CF,White Mulberry,Desk,L-Shaped Desk,
2026-06-11,1,254.55,Camb-SP- L Shaped-B0BFWD6SNF-BM,165926011483591,1559,7456.78,39650872491346,FBA76415,B0BFWD6SNF,15,Camb-SP- L Shape-B0BFWD6SNF-BM,1,FBA76415,WM-LOD-CF,White Mulberry,Desk,L-Shaped Desk,
2026-06-12,0,258.81,Camb-SP- L Shaped-B0BFWD6SNF-BM,165926011483591,3079,0.0,39650872491346,FBA76415,B0BFWD6SNF,18,Camb-SP- L Shape-B0BFWD6SNF-BM,0,FBA76415,WM-LOD-CF,White Mulberry,Desk,L-Shaped Desk,
2026-06-13,0,157.97,Camb-SP- L Shaped-B0BFWD6SNF-BM,165926011483591,2796,0.0,39650872491346,FBA76415,B0BFWD6SNF,11,Camb-SP- L Shape-B0BFWD6SNF-BM,0,FBA76415,WM-LOD-CF,White Mulberry,Desk,L-Shaped Desk,
2026-06-14,1,184.46,Camb-SP- L Shaped-B0BFWD6SNF-BM,165926011483591,2028,7456.78,39650872491346,FBA76415,B0BFWD6SNF,13,Camb-SP- L Shape-B0BFWD6SNF-BM,1,FBA76415,WM-LOD-CF,White Mulberry,Desk,L-Shaped Desk,
2026-06-15,2,262.73,Camb-SP- L Shaped-B0BFWD6SNF-BM,165926011483591,2324,14532.2,39650872491346,FBA76415,B0BFWD6SNF,16,Camb-SP- L Shape-B0BFWD6SNF-BM,2,FBA76415,WM-LOD-CF,White Mulberry,Desk,L-Shaped Desk,
2026-06-16,0,248.86,Camb-SP- L Shaped-B0BFWD6SNF-BM,165926011483591,1275,0.0,39650872491346,FBA76415,B0BFWD6SNF,13,Camb-SP- L Shape-B0BFWD6SNF-BM,0,FBA76415,WM-LOD-CF,White Mulberry,Desk,L-Shaped Desk,
2026-06-17,0,259.07,Camb-SP- L Shaped-B0BFWD6SNF-BM,165926011483591,2396,0.0,39650872491346,FBA76415,B0BFWD6SNF,15,Camb-SP- L Shape-B0BFWD6SNF-BM,0,FBA76415,WM-LOD-CF,White Mulberry,Desk,L-Shaped Desk,
2026-06-18,0,353.83,Camb-SP- L Shaped-B0BFWD6SNF-BM,165926011483591,2741,0.0,39650872491346,FBA76415,B0BFWD6SNF,19,Camb-SP- L Shape-B0BFWD6SNF-BM,0,FBA76415,WM-LOD-CF,White Mulberry,Desk,L-Shaped Desk,
2026-06-19,0,316.35,Camb-SP- L Shaped-B0BFWD6SNF-BM,165926011483591,1980,0.0,39650872491346,FBA76415,B0BFWD6SNF,17,Camb-SP- L Shape-B0BFWD6SNF-BM,0,FBA76415,WM-LOD-CF,White Mulberry,Desk,L-Shaped Desk,
2026-06-20,0,409.28,Camb-SP- L Shaped-B0BFWD6SNF-BM,165926011483591,2442,0.0,39650872491346,FBA76415,B0BFWD6SNF,20,Camb-SP- L Shape-B0BFWD6SNF-BM,0,FBA76415,WM-LOD-CF,White Mulberry,Desk,L-Shaped Desk,
2026-06-21,0,400.68,Camb-SP- L Shaped-B0BFWD6SNF-BM,165926011483591,1734,0.0,39650872491346,FBA76415,B0BFWD6SNF,20,Camb-SP- L Shape-B0BFWD6SNF-BM,0,FBA76415,WM-LOD-CF,White Mulberry,Desk,L-Shaped Desk,
2026-06-10,0,0.0,Camb-SP- L Shaped-B0BFWD6SNF- Phrase,107389291114184,22,0.0,19776824829539,FBA76415,B0BFWD6SNF,0,Camb-SP- L Shape-B0BFWD6SNF- Phrase,0,FBA76415,WM-LOD-CF,White Mulberry,Desk,L-Shaped Desk,
2026-06-11,0,11.53,Camb-SP- L Shaped-B0BFWD6SNF- Phrase,107389291114184,397,0.0,19776824829539,FBA76415,B0BFWD6SNF,2,Camb-SP- L Shape-B0BFWD6SNF- Phrase,0,FBA76415,WM-LOD-CF,White Mulberry,Desk,L-Shaped Desk,
2026-06-12,0,24.21,Camb-SP- L Shaped-B0BFWD6SNF- Phrase,107389291114184,171,0.0,19776824829539,FBA76415,B0BFWD6SNF,3,Camb-SP- L Shape-B0BFWD6SNF- Phrase,0,FBA76415,WM-LOD-CF,White Mulberry,Desk,L-Shaped Desk,
2026-06-13,0,10.82,Camb-SP- L Shaped-B0BFWD6SNF- Phrase,107389291114184,370,0.0,19776824829539,FBA76415,B0BFWD6SNF,1,Camb-SP- L Shape-B0BFWD6SNF- Phrase,0,FBA76415,WM-LOD-CF,White Mulberry,Desk,L-Shaped Desk,
2026-06-14,0,15.82,Camb-SP- L Shaped-B0BFWD6SNF- Phrase,107389291114184,640,0.0,19776824829539,FBA76415,B0BFWD6SNF,2,Camb-SP- L Shape-B0BFWD6SNF- Phrase,0,FBA76415,WM-LOD-CF,White Mulberry,Desk,L-Shaped Desk,
2026-06-15,0,26.43,Camb-SP- L Shaped-B0BFWD6SNF- Phrase,107389291114184,743,0.0,19776824829539,FBA76415,B0BFWD6SNF,3,Camb-SP- L Shape-B0BFWD6SNF- Phrase,0,FBA76415,WM-LOD-CF,White Mulberry,Desk,L-Shaped Desk,
2026-06-16,0,10.84,Camb-SP- L Shaped-B0BFWD6SNF- Phrase,107389291114184,1175,0.0,19776824829539,FBA76415,B0BFWD6SNF,1,Camb-SP- L Shape-B0BFWD6SNF- Phrase,0,FBA76415,WM-LOD-CF,White Mulberry,Desk,L-Shaped Desk,
2026-06-17,0,33.82,Camb-SP- L Shaped-B0BFWD6SNF- Phrase,107389291114184,811,0.0,19776824829539,FBA76415,B0BFWD6SNF,3,Camb-SP- L Shape-B0BFWD6SNF- Phrase,0,FBA76415,WM-LOD-CF,White Mulberry,Desk,L-Shaped Desk,
2026-06-18,0,12.78,Camb-SP- L Shaped-B0BFWD6SNF- Phrase,107389291114184,1153,0.0,19776824829539,FBA76415,B0BFWD6SNF,1,Camb-SP- L Shape-B0BFWD6SNF- Phrase,0,FBA76415,WM-LOD-CF,White Mulberry,Desk,L-Shaped Desk,
2026-06-19,0,45.24,Camb-SP- L Shaped-B0BFWD6SNF- Phrase,107389291114184,1193,0.0,19776824829539,FBA76415,B0BFWD6SNF,3,Camb-SP- L Shape-B0BFWD6SNF- Phrase,0,FBA76415,WM-LOD-CF,White Mulberry,Desk,L-Shaped Desk,
2026-06-20,1,88.22,Camb-SP- L Shaped-B0BFWD6SNF- Phrase,107389291114184,1851,7075.42,19776824829539,FBA76415,B0BFWD6SNF,7,Camb-SP- L Shape-B0BFWD6SNF- Phrase,1,FBA76415,WM-LOD-CF,White Mulberry,Desk,L-Shaped Desk,
2026-06-21,0,89.24,Camb-SP- L Shaped-B0BFWD6SNF- Phrase,107389291114184,1676,0.0,19776824829539,FBA76415,B0BFWD6SNF,6,Camb-SP- L Shape-B0BFWD6SNF- Phrase,0,FBA76415,WM-LOD-CF,White Mulberry,Desk,L-Shaped Desk,
2026-06-10,0,0.0,Exact,278885157049316,79,0.0,120634221110339,FBA76415,B0BFWD6SNF,0,Camb-SP- L Shape-B0BFWD6SNF-Exact,0,FBA76415,WM-LOD-CF,White Mulberry,Desk,L-Shaped Desk,
2026-06-11,0,10.3,Exact,278885157049316,351,0.0,120634221110339,FBA76415,B0BFWD6SNF,1,Camb-SP- L Shape-B0BFWD6SNF-Exact,0,FBA76415,WM-LOD-CF,White Mulberry,Desk,L-Shaped Desk,
2026-06-12,0,0.0,Exact,278885157049316,339,0.0,120634221110339,FBA76415,B0BFWD6SNF,0,Camb-SP- L Shape-B0BFWD6SNF-Exact,0,FBA76415,WM-LOD-CF,White Mulberry,Desk,L-Shaped Desk,
2026-06-13,0,30.56,Exact,278885157049316,674,0.0,120634221110339,FBA76415,B0BFWD6SNF,3,Camb-SP- L Shape-B0BFWD6SNF-Exact,0,FBA76415,WM-LOD-CF,White Mulberry,Desk,L-Shaped Desk,
2026-06-14,0,0.0,Exact,278885157049316,767,0.0,120634221110339,FBA76415,B0BFWD6SNF,0,Camb-SP- L Shape-B0BFWD6SNF-Exact,0,FBA76415,WM-LOD-CF,White Mulberry,Desk,L-Shaped Desk,
2026-06-15,0,8.25,Exact,278885157049316,1070,0.0,120634221110339,FBA76415,B0BFWD6SNF,1,Camb-SP- L Shape-B0BFWD6SNF-Exact,0,FBA76415,WM-LOD-CF,White Mulberry,Desk,L-Shaped Desk,
2026-06-16,0,58.09,Exact,278885157049316,2857,0.0,120634221110339,FBA76415,B0BFWD6SNF,6,Camb-SP- L Shape-B0BFWD6SNF-Exact,0,FBA76415,WM-LOD-CF,White Mulberry,Desk,L-Shaped Desk,
2026-06-17,0,21.42,Exact,278885157049316,2306,0.0,120634221110339,FBA76415,B0BFWD6SNF,2,Camb-SP- L Shape-B0BFWD6SNF-Exact,0,FBA76415,WM-LOD-CF,White Mulberry,Desk,L-Shaped Desk,
2026-06-18,0,25.87,Exact,278885157049316,2672,0.0,120634221110339,FBA76415,B0BFWD6SNF,3,Camb-SP- L Shape-B0BFWD6SNF-Exact,0,FBA76415,WM-LOD-CF,White Mulberry,Desk,L-Shaped Desk,
2026-06-19,0,56.98,Exact,278885157049316,2392,0.0,120634221110339,FBA76415,B0BFWD6SNF,5,Camb-SP- L Shape-B0BFWD6SNF-Exact,0,FBA76415,WM-LOD-CF,White Mulberry,Desk,L-Shaped Desk,
2026-06-20,0,76.43,Exact,278885157049316,3062,0.0,120634221110339,FBA76415,B0BFWD6SNF,5,Camb-SP- L Shape-B0BFWD6SNF-Exact,0,FBA76415,WM-LOD-CF,White Mulberry,Desk,L-Shaped Desk,
2026-06-21,0,168.67,Exact,278885157049316,2734,0.0,120634221110339,FBA76415,B0BFWD6SNF,12,Camb-SP- L Shape-B0BFWD6SNF-Exact,0,FBA76415,WM-LOD-CF,White Mulberry,Desk,L-Shaped Desk,
2026-06-17,0,0.0,Defensive,14073645187638,67,0.0,73292258587057,FBA79662,B0DQ4YWSMC,0,Camb-Motorized desk- SP- Defensive,0,FBA79662,WM-MODL-WH,White Mulberry,Desk-Adjustable,Motorized,
2026-06-18,0,31.15,Defensive,14073645187638,411,0.0,73292258587057,FBA79662,B0DQ4YWSMC,2,Camb-Motorized desk- SP- Defensive,0,FBA79662,WM-MODL-WH,White Mulberry,Desk-Adjustable,Motorized,
2026-06-19,0,50.87,Defensive,14073645187638,598,0.0,73292258587057,FBA79662,B0DQ4YWSMC,4,Camb-Motorized desk- SP- Defensive,0,FBA79662,WM-MODL-WH,White Mulberry,Desk-Adjustable,Motorized,
2026-06-20,0,127.68,Defensive,14073645187638,873,0.0,73292258587057,FBA79662,B0DQ4YWSMC,8,Camb-Motorized desk- SP- Defensive,0,FBA79662,WM-MODL-WH,White Mulberry,Desk-Adjustable,Motorized,
2026-06-21,0,59.83,Defensive,14073645187638,858,0.0,73292258587057,FBA79662,B0DQ4YWSMC,4,Camb-Motorized desk- SP- Defensive,0,FBA79662,WM-MODL-WH,White Mulberry,Desk-Adjustable,Motorized,
2026-06-17,0,17.5,Defensive,14073645187638,190,0.0,73292258587057,FBA79179,B0CPT3Q25C,1,Camb-Motorized desk- SP- Defensive,0,FBA79179,WM-SE08-CF,White Mulberry,Desk-Adjustable,Motorized,
2026-06-18,0,0.0,Defensive,14073645187638,163,0.0,73292258587057,FBA79179,B0CPT3Q25C,0,Camb-Motorized desk- SP- Defensive,0,FBA79179,WM-SE08-CF,White Mulberry,Desk-Adjustable,Motorized,
2026-06-19,0,42.03,Defensive,14073645187638,256,0.0,73292258587057,FBA79179,B0CPT3Q25C,4,Camb-Motorized desk- SP- Defensive,0,FBA79179,WM-SE08-CF,White Mulberry,Desk-Adjustable,Motorized,
2026-06-20,0,55.76,Defensive,14073645187638,428,0.0,73292258587057,FBA79179,B0CPT3Q25C,4,Camb-Motorized desk- SP- Defensive,0,FBA79179,WM-SE08-CF,White Mulberry,Desk-Adjustable,Motorized,
2026-06-21,0,121.21,Defensive,14073645187638,477,0.0,73292258587057,FBA79179,B0CPT3Q25C,7,Camb-Motorized desk- SP- Defensive,0,FBA79179,WM-SE08-CF,White Mulberry,Desk-Adjustable,Motorized,
2026-06-18,0,13.27,PT02,117155740561404,308,0.0,66753207637246,FBA79662,B0DQ4YWSMC,1,Camb- Motorized-SP-PT002,0,FBA79662,WM-MODL-WH,White Mulberry,Desk-Adjustable,Motorized,
2026-06-19,0,56.25,PT02,117155740561404,2333,0.0,66753207637246,FBA79662,B0DQ4YWSMC,4,Camb- Motorized-SP-PT002,0,FBA79662,WM-MODL-WH,White Mulberry,Desk-Adjustable,Motorized,
2026-06-20,0,254.88,PT02,117155740561404,5033,0.0,66753207637246,FBA79662,B0DQ4YWSMC,17,Camb- Motorized-SP-PT002,0,FBA79662,WM-MODL-WH,White Mulberry,Desk-Adjustable,Motorized,
2026-06-21,0,255.69,PT02,117155740561404,4170,0.0,66753207637246,FBA79662,B0DQ4YWSMC,17,Camb- Motorized-SP-PT002,0,FBA79662,WM-MODL-WH,White Mulberry,Desk-Adjustable,Motorized,
2026-06-17,0,0.0,PT02,117155740561404,77,0.0,66753207637246,FBA79179,B0CPT3Q25C,0,Camb- Motorized-SP-PT002,0,FBA79179,WM-SE08-CF,White Mulberry,Desk-Adjustable,Motorized,
2026-06-18,0,236.34,PT02,117155740561404,2013,0.0,66753207637246,FBA79179,B0CPT3Q25C,16,Camb- Motorized-SP-PT002,0,FBA79179,WM-SE08-CF,White Mulberry,Desk-Adjustable,Motorized,
2026-06-19,0,329.98,PT02,117155740561404,3083,0.0,66753207637246,FBA79179,B0CPT3Q25C,23,Camb- Motorized-SP-PT002,0,FBA79179,WM-SE08-CF,White Mulberry,Desk-Adjustable,Motorized,
2026-06-20,0,352.72,PT02,117155740561404,2855,0.0,66753207637246,FBA79179,B0CPT3Q25C,24,Camb- Motorized-SP-PT002,0,FBA79179,WM-SE08-CF,White Mulberry,Desk-Adjustable,Motorized,
2026-06-21,0,373.21,PT02,117155740561404,2435,0.0,66753207637246,FBA79179,B0CPT3Q25C,26,Camb- Motorized-SP-PT002,0,FBA79179,WM-SE08-CF,White Mulberry,Desk-Adjustable,Motorized,
2026-06-17,0,0.0,PT001,245193196826145,156,0.0,261631583743869,FBA79662,B0DQ4YWSMC,0,Camb-SP-Motorized Desk-B0CPT3Q25C - PT001,0,FBA79662,WM-MODL-WH,White Mulberry,Desk-Adjustable,Motorized,
2026-06-18,0,111.77,PT001,245193196826145,2147,0.0,261631583743869,FBA79662,B0DQ4YWSMC,8,Camb-SP-Motorized Desk-B0CPT3Q25C - PT001,0,FBA79662,WM-MODL-WH,White Mulberry,Desk-Adjustable,Motorized,
2026-06-19,0,120.4,PT001,245193196826145,2777,0.0,261631583743869,FBA79662,B0DQ4YWSMC,8,Camb-SP-Motorized Desk-B0CPT3Q25C - PT001,0,FBA79662,WM-MODL-WH,White Mulberry,Desk-Adjustable,Motorized,
2026-06-20,0,162.13,PT001,245193196826145,3210,0.0,261631583743869,FBA79662,B0DQ4YWSMC,11,Camb-SP-Motorized Desk-B0CPT3Q25C - PT001,0,FBA79662,WM-MODL-WH,White Mulberry,Desk-Adjustable,Motorized,
2026-06-21,0,160.09,PT001,245193196826145,3398,0.0,261631583743869,FBA79662,B0DQ4YWSMC,11,Camb-SP-Motorized Desk-B0CPT3Q25C - PT001,0,FBA79662,WM-MODL-WH,White Mulberry,Desk-Adjustable,Motorized,
2026-06-17,0,45.15,PT001,245193196826145,279,0.0,261631583743869,FBA79179,B0CPT3Q25C,3,Camb-SP-Motorized Desk-B0CPT3Q25C - PT001,0,FBA79179,WM-SE08-CF,White Mulberry,Desk-Adjustable,Motorized,
2026-06-18,0,105.06,PT001,245193196826145,1284,0.0,261631583743869,FBA79179,B0CPT3Q25C,7,Camb-SP-Motorized Desk-B0CPT3Q25C - PT001,0,FBA79179,WM-SE08-CF,White Mulberry,Desk-Adjustable,Motorized,
2026-06-19,0,194.61,PT001,245193196826145,1860,0.0,261631583743869,FBA79179,B0CPT3Q25C,13,Camb-SP-Motorized Desk-B0CPT3Q25C - PT001,0,FBA79179,WM-SE08-CF,White Mulberry,Desk-Adjustable,Motorized,
2026-06-20,0,389.06,PT001,245193196826145,2747,0.0,261631583743869,FBA79179,B0CPT3Q25C,27,Camb-SP-Motorized Desk-B0CPT3Q25C - PT001,0,FBA79179,WM-SE08-CF,White Mulberry,Desk-Adjustable,Motorized,
2026-06-21,0,410.27,PT001,245193196826145,2694,0.0,261631583743869,FBA79179,B0CPT3Q25C,28,Camb-SP-Motorized Desk-B0CPT3Q25C - PT001,0,FBA79179,WM-SE08-CF,White Mulberry,Desk-Adjustable,Motorized,
2026-06-17,0,0.0,Phrase,240620452622853,3,0.0,198187959581345,FBA76416,B0BFW59TRG,0,Camb-SP- L Shape-Multi Asin- Phrase,0,FBA76416,WM-LOD-BK,White Mulberry,Desk,L-Shaped Desk,
2026-06-18,0,0.0,Phrase,240620452622853,153,0.0,198187959581345,FBA76416,B0BFW59TRG,0,Camb-SP- L Shape-Multi Asin- Phrase,0,FBA76416,WM-LOD-BK,White Mulberry,Desk,L-Shaped Desk,
2026-06-19,0,20.02,Phrase,240620452622853,186,0.0,198187959581345,FBA76416,B0BFW59TRG,1,Camb-SP- L Shape-Multi Asin- Phrase,0,FBA76416,WM-LOD-BK,White Mulberry,Desk,L-Shaped Desk,
2026-06-20,0,0.0,Phrase,240620452622853,30,0.0,198187959581345,FBA76416,B0BFW59TRG,0,Camb-SP- L Shape-Multi Asin- Phrase,0,FBA76416,WM-LOD-BK,White Mulberry,Desk,L-Shaped Desk,
2026-06-17,0,0.0,Phrase,240620452622853,62,0.0,198187959581345,FBA76415,B0BFWD6SNF,0,Camb-SP- L Shape-Multi Asin- Phrase,0,FBA76415,WM-LOD-CF,White Mulberry,Desk,L-Shaped Desk,
2026-06-18,0,15.55,Phrase,240620452622853,91,0.0,198187959581345,FBA76415,B0BFWD6SNF,1,Camb-SP- L Shape-Multi Asin- Phrase,0,FBA76415,WM-LOD-CF,White Mulberry,Desk,L-Shaped Desk,
2026-06-19,0,37.95,Phrase,240620452622853,116,0.0,198187959581345,FBA76415,B0BFWD6SNF,2,Camb-SP- L Shape-Multi Asin- Phrase,0,FBA76415,WM-LOD-CF,White Mulberry,Desk,L-Shaped Desk,
2026-06-20,0,17.82,Phrase,240620452622853,473,0.0,198187959581345,FBA76415,B0BFWD6SNF,1,Camb-SP- L Shape-Multi Asin- Phrase,0,FBA76415,WM-LOD-CF,White Mulberry,Desk,L-Shaped Desk,
2026-06-21,0,56.7,Phrase,240620452622853,462,0.0,198187959581345,FBA76415,B0BFWD6SNF,3,Camb-SP- L Shape-Multi Asin- Phrase,0,FBA76415,WM-LOD-CF,White Mulberry,Desk,L-Shaped Desk,
2026-06-20,0,259.83,Camb-Gaming Desk-B0CPFS24ML-BM-SP,91257507585543,1591,0.0,272185303250084,FBA79167,B0CPFS24ML,25,Camb-Gaming Desk-B0CPFS24ML-BM-SP,0,FBA79167,WM-GD07-CB,White Mulberry,Desk,Gaming Desk,
2026-06-21,0,234.01,Camb-Gaming Desk-B0CPFS24ML-BM-SP,91257507585543,1316,0.0,272185303250084,FBA79167,B0CPFS24ML,22,Camb-Gaming Desk-B0CPFS24ML-BM-SP,0,FBA79167,WM-GD07-CB,White Mulberry,Desk,Gaming Desk,
2026-06-20,0,202.98,Camb- Gaming Desk-B0CPFS24ML-CT-SP,220148658681520,3146,0.0,81299836770943,FBA79167,B0CPFS24ML,23,Camb- Gaming Desk-B0CPFS24ML-CT-SP,0,FBA79167,WM-GD07-CB,White Mulberry,Desk,Gaming Desk,
2026-06-21,1,203.61,Camb- Gaming Desk-B0CPFS24ML-CT-SP,220148658681520,2490,7287.29,81299836770943,FBA79167,B0CPFS24ML,19,Camb- Gaming Desk-B0CPFS24ML-CT-SP,1,FBA79167,WM-GD07-CB,White Mulberry,Desk,Gaming Desk,
2026-06-20,0,101.74,Camb- Gaming Desk-B0CPFS24ML-Phrase-SP,123946954384986,522,0.0,159655993543964,FBA79167,B0CPFS24ML,10,Camb- Gaming Desk-B0CPFS24ML-Phrase-SP,0,FBA79167,WM-GD07-CB,White Mulberry,Desk,Gaming Desk,
2026-06-21,0,101.26,Camb- Gaming Desk-B0CPFS24ML-Phrase-SP,123946954384986,630,0.0,159655993543964,FBA79167,B0CPFS24ML,10,Camb- Gaming Desk-B0CPFS24ML-Phrase-SP,0,FBA79167,WM-GD07-CB,White Mulberry,Desk,Gaming Desk,
2026-06-22,0,29.4,Competitor SP PT,560137260484327,47,0.0,290559463904827,FBA79179,B0CPT3Q25C,1,Camb-SP-stand desk- B0DQ1NV8D2- PT,0,FBA79179,WM-SE08-CF,White Mulberry,Desk-Adjustable,Motorized,
2026-06-23,0,0.0,Competitor SP PT,560137260484327,37,0.0,290559463904827,FBA79179,B0CPT3Q25C,0,Camb-SP-stand desk- B0DQ1NV8D2- PT,0,FBA79179,WM-SE08-CF,White Mulberry,Desk-Adjustable,Motorized,
2026-06-24,0,26.96,Competitor SP PT,560137260484327,46,0.0,290559463904827,FBA79179,B0CPT3Q25C,1,Camb-SP-stand desk- B0DQ1NV8D2- PT,0,FBA79179,WM-SE08-CF,White Mulberry,Desk-Adjustable,Motorized,
2026-06-25,0,0.0,Competitor SP PT,560137260484327,4,0.0,290559463904827,FBA79179,B0CPT3Q25C,0,Camb-SP-stand desk- B0DQ1NV8D2- PT,0,FBA79179,WM-SE08-CF,White Mulberry,Desk-Adjustable,Motorized,
2026-06-22,0,382.38,B0BFVMDJ2K,448535718219287,2135,0.0,476359613412584,FBA76417,B0BFVMDJ2K,11,Camb-SP-L shape-B0BFVMDJ2K/B0BFWD6SNF- Exact/Phrase,0,FBA76417,WM-LOD-WH,White Mulberry,Desk,L-Shaped Desk,
2026-06-25,1,245.69,EX and PH,358669458515629,872,7372.03,283286854914329,FBA79167,B0CPFS24ML,17,SP KT_B0CPFS24ML_Manual_Gaming,1,FBA79167,WM-GD07-CB,White Mulberry,Desk,Gaming Desk,
2026-06-29,0,0.0,EX and PH,358669458515629,0,0.0,283286854914329,FBA79167,B0CPFS24ML,0,SP KT_B0CPFS24ML_Manual_Gaming,0,FBA79167,WM-GD07-CB,White Mulberry,Desk,Gaming Desk,
2026-06-22,0,328.97,SP_PT,426994415684787,1422,0.0,379878346221662,FBA79167,B0CPFS24ML,18,Camb-SP-Zshape-B0CPFS24ML-PT01,0,FBA79167,WM-GD07-CB,White Mulberry,Desk,Gaming Desk,
2026-06-23,0,514.67,SP_PT,426994415684787,1986,0.0,379878346221662,FBA79167,B0CPFS24ML,33,Camb-SP-Zshape-B0CPFS24ML-PT01,0,FBA79167,WM-GD07-CB,White Mulberry,Desk,Gaming Desk,
2026-06-24,0,504.26,SP_PT,426994415684787,1155,0.0,379878346221662,FBA79167,B0CPFS24ML,27,Camb-SP-Zshape-B0CPFS24ML-PT01,0,FBA79167,WM-GD07-CB,White Mulberry,Desk,Gaming Desk,
2026-06-25,0,374.35,SP_PT,426994415684787,963,0.0,379878346221662,FBA79167,B0CPFS24ML,19,Camb-SP-Zshape-B0CPFS24ML-PT01,0,FBA79167,WM-GD07-CB,White Mulberry,Desk,Gaming Desk,
2026-06-26,0,508.12,SP_PT,426994415684787,1912,0.0,379878346221662,FBA79167,B0CPFS24ML,31,Camb-SP-Zshape-B0CPFS24ML-PT01,0,FBA79167,WM-GD07-CB,White Mulberry,Desk,Gaming Desk,
2026-06-27,0,494.05,SP_PT,426994415684787,1996,0.0,379878346221662,FBA79167,B0CPFS24ML,32,Camb-SP-Zshape-B0CPFS24ML-PT01,0,FBA79167,WM-GD07-CB,White Mulberry,Desk,Gaming Desk,
2026-06-28,1,513.07,SP_PT,426994415684787,1616,7287.29,379878346221662,FBA79167,B0CPFS24ML,33,Camb-SP-Zshape-B0CPFS24ML-PT01,1,FBA79167,WM-GD07-CB,White Mulberry,Desk,Gaming Desk,
2026-06-29,0,615.08,SP_PT,426994415684787,2482,0.0,379878346221662,FBA79167,B0CPFS24ML,37,Camb-SP-Zshape-B0CPFS24ML-PT01,0,FBA79167,WM-GD07-CB,White Mulberry,Desk,Gaming Desk,
2026-06-30,0,541.25,SP_PT,426994415684787,3088,0.0,379878346221662,FBA79167,B0CPFS24ML,35,Camb-SP-Zshape-B0CPFS24ML-PT01,0,FBA79167,WM-GD07-CB,White Mulberry,Desk,Gaming Desk,
2026-06-22,0,181.75,SP_Category PT_B0CPFS24ML_Gaming,412742150516518,1199,0.0,312798478472879,FBA79167,B0CPFS24ML,19,Camb- Z shaped - B0CPFS24ML- CT ref-SP,0,FBA79167,WM-GD07-CB,White Mulberry,Desk,Gaming Desk,
2026-06-23,0,181.02,SP_Category PT_B0CPFS24ML_Gaming,412742150516518,1158,0.0,312798478472879,FBA79167,B0CPFS24ML,19,Camb- Z shaped - B0CPFS24ML- CT ref-SP,0,FBA79167,WM-GD07-CB,White Mulberry,Desk,Gaming Desk,
2026-06-24,0,192.57,SP_Category PT_B0CPFS24ML_Gaming,412742150516518,762,0.0,312798478472879,FBA79167,B0CPFS24ML,20,Camb- Z shaped - B0CPFS24ML- CT ref-SP,0,FBA79167,WM-GD07-CB,White Mulberry,Desk,Gaming Desk,
2026-06-25,2,309.86,SP_Category PT_B0CPFS24ML_Gaming,412742150516518,2656,14574.58,312798478472879,FBA79167,B0CPFS24ML,28,Camb- Z shaped - B0CPFS24ML- CT ref-SP,2,FBA79167,WM-GD07-CB,White Mulberry,Desk,Gaming Desk,
2026-06-26,0,273.96,SP_Category PT_B0CPFS24ML_Gaming,412742150516518,1810,0.0,312798478472879,FBA79167,B0CPFS24ML,26,Camb- Z shaped - B0CPFS24ML- CT ref-SP,0,FBA79167,WM-GD07-CB,White Mulberry,Desk,Gaming Desk,
2026-06-27,1,272.01,SP_Category PT_B0CPFS24ML_Gaming,412742150516518,1175,7287.29,312798478472879,FBA79167,B0CPFS24ML,24,Camb- Z shaped - B0CPFS24ML- CT ref-SP,1,FBA79167,WM-GD07-CB,White Mulberry,Desk,Gaming Desk,
2026-06-28,0,259.01,SP_Category PT_B0CPFS24ML_Gaming,412742150516518,1125,0.0,312798478472879,FBA79167,B0CPFS24ML,22,Camb- Z shaped - B0CPFS24ML- CT ref-SP,0,FBA79167,WM-GD07-CB,White Mulberry,Desk,Gaming Desk,
2026-06-29,0,272.94,SP_Category PT_B0CPFS24ML_Gaming,412742150516518,2186,0.0,312798478472879,FBA79167,B0CPFS24ML,25,Camb- Z shaped - B0CPFS24ML- CT ref-SP,0,FBA79167,WM-GD07-CB,White Mulberry,Desk,Gaming Desk,
2026-06-30,0,281.14,SP_Category PT_B0CPFS24ML_Gaming,412742150516518,1534,0.0,312798478472879,FBA79167,B0CPFS24ML,27,Camb- Z shaped - B0CPFS24ML- CT ref-SP,0,FBA79167,WM-GD07-CB,White Mulberry,Desk,Gaming Desk,
2026-06-25,0,30.99,SP_AT_B0CPFS24ML_Gaming,550495280342820,1367,0.0,342841075444244,FBA79167,B0CPFS24ML,7,SP AT_B0CPFS24ML_Gaming,0,FBA79167,WM-GD07-CB,White Mulberry,Desk,Gaming Desk,
2026-06-22,0,459.3,SP_KT_Gaming_Non Performing Ph,319658247499276,4049,0.0,342077107178497,FBA79167,B0CPFS24ML,31,Camb-Zshape-Gaming- B0CPFS24ML-Phrase/Exact,0,FBA79167,WM-GD07-CB,White Mulberry,Desk,Gaming Desk,
2026-06-23,3,459.9,SP_KT_Gaming_Non Performing Ph,319658247499276,4444,14574.58,342077107178497,FBA79167,B0CPFS24ML,30,Camb-Zshape-Gaming- B0CPFS24ML-Phrase/Exact,3,FBA79167,WM-GD07-CB,White Mulberry,Desk,Gaming Desk,
2026-06-24,0,409.75,SP_KT_Gaming_Non Performing Ph,319658247499276,3512,0.0,342077107178497,FBA79167,B0CPFS24ML,24,Camb-Zshape-Gaming- B0CPFS24ML-Phrase/Exact,0,FBA79167,WM-GD07-CB,White Mulberry,Desk,Gaming Desk,
2026-06-25,0,406.57,SP_KT_Gaming_Non Performing Ph,319658247499276,3596,0.0,342077107178497,FBA79167,B0CPFS24ML,28,Camb-Zshape-Gaming- B0CPFS24ML-Phrase/Exact,0,FBA79167,WM-GD07-CB,White Mulberry,Desk,Gaming Desk,
2026-06-26,0,507.51,SP_KT_Gaming_Non Performing Ph,319658247499276,4719,0.0,342077107178497,FBA79167,B0CPFS24ML,34,Camb-Zshape-Gaming- B0CPFS24ML-Phrase/Exact,0,FBA79167,WM-GD07-CB,White Mulberry,Desk,Gaming Desk,
2026-06-27,0,465.38,SP_KT_Gaming_Non Performing Ph,319658247499276,3113,0.0,342077107178497,FBA79167,B0CPFS24ML,27,Camb-Zshape-Gaming- B0CPFS24ML-Phrase/Exact,0,FBA79167,WM-GD07-CB,White Mulberry,Desk,Gaming Desk,
2026-06-28,0,462.12,SP_KT_Gaming_Non Performing Ph,319658247499276,3663,0.0,342077107178497,FBA79167,B0CPFS24ML,27,Camb-Zshape-Gaming- B0CPFS24ML-Phrase/Exact,0,FBA79167,WM-GD07-CB,White Mulberry,Desk,Gaming Desk,
2026-06-29,0,456.59,SP_KT_Gaming_Non Performing Ph,319658247499276,4282,0.0,342077107178497,FBA79167,B0CPFS24ML,28,Camb-Zshape-Gaming- B0CPFS24ML-Phrase/Exact,0,FBA79167,WM-GD07-CB,White Mulberry,Desk,Gaming Desk,
2026-06-30,0,452.02,SP_KT_Gaming_Non Performing Ph,319658247499276,3942,0.0,342077107178497,FBA79167,B0CPFS24ML,27,Camb-Zshape-Gaming- B0CPFS24ML-Phrase/Exact,0,FBA79167,WM-GD07-CB,White Mulberry,Desk,Gaming Desk,
2026-06-22,0,17.23,SP_KT_L shape Non Performing Ex,343190802252772,340,0.0,403537191337807,FBA76415,B0BFWD6SNF,1,SP_KT_L shape Non Performing Ex,0,FBA76415,WM-LOD-CF,White Mulberry,Desk,L-Shaped Desk,
2026-06-23,0,0.0,SP_KT_L shape Non Performing Ex,343190802252772,784,0.0,403537191337807,FBA76415,B0BFWD6SNF,0,SP_KT_L shape Non Performing Ex,0,FBA76415,WM-LOD-CF,White Mulberry,Desk,L-Shaped Desk,
2026-06-24,0,75.19,SP_KT_L shape Non Performing Ex,343190802252772,473,0.0,403537191337807,FBA76415,B0BFWD6SNF,4,SP_KT_L shape Non Performing Ex,0,FBA76415,WM-LOD-CF,White Mulberry,Desk,L-Shaped Desk,
2026-06-25,0,0.0,SP_KT_L shape Non Performing Ex,343190802252772,28,0.0,403537191337807,FBA76415,B0BFWD6SNF,0,SP_KT_L shape Non Performing Ex,0,FBA76415,WM-LOD-CF,White Mulberry,Desk,L-Shaped Desk,
2026-06-22,0,0.0,SP_PT_L shape Non Performing PT,367359102623689,202,0.0,452216515354016,FBA76415,B0BFWD6SNF,0,SP_PT_L shape Non Performing PT,0,FBA76415,WM-LOD-CF,White Mulberry,Desk,L-Shaped Desk,
2026-06-22,0,188.05,SP_PT_L shape Non Performing PT,367359102623689,663,0.0,452216515354016,FBA76417,B0BFVMDJ2K,9,SP_PT_L shape Non Performing PT,0,FBA76417,WM-LOD-WH,White Mulberry,Desk,L-Shaped Desk,
2026-06-22,0,152.6,B0BFWD6SNF:FBA76415,524663751193808,1057,0.0,337201421286163,FBA76415,B0BFWD6SNF,13,Camb-SP-L shape-B0BFWD6SNF - Broad,0,FBA76415,WM-LOD-CF,White Mulberry,Desk,L-Shaped Desk,
2026-06-23,0,53.66,B0BFWD6SNF:FBA76415,524663751193808,737,0.0,337201421286163,FBA76415,B0BFWD6SNF,5,Camb-SP-L shape-B0BFWD6SNF - Broad,0,FBA76415,WM-LOD-CF,White Mulberry,Desk,L-Shaped Desk,
2026-06-24,1,216.39,B0BFWD6SNF:FBA76415,524663751193808,1783,7075.42,337201421286163,FBA76415,B0BFWD6SNF,20,Camb-SP-L shape-B0BFWD6SNF - Broad,1,FBA76415,WM-LOD-CF,White Mulberry,Desk,L-Shaped Desk,
2026-06-25,2,124.02,B0BFWD6SNF:FBA76415,524663751193808,1524,7287.29,337201421286163,FBA76415,B0BFWD6SNF,13,Camb-SP-L shape-B0BFWD6SNF - Broad,2,FBA76415,WM-LOD-CF,White Mulberry,Desk,L-Shaped Desk,
2026-06-26,0,361.96,B0BFWD6SNF:FBA76415,524663751193808,7790,0.0,337201421286163,FBA76415,B0BFWD6SNF,27,Camb-SP-L shape-B0BFWD6SNF - Broad,0,FBA76415,WM-LOD-CF,White Mulberry,Desk,L-Shaped Desk,
2026-06-27,0,383.24,B0BFWD6SNF:FBA76415,524663751193808,6491,0.0,337201421286163,FBA76415,B0BFWD6SNF,27,Camb-SP-L shape-B0BFWD6SNF - Broad,0,FBA76415,WM-LOD-CF,White Mulberry,Desk,L-Shaped Desk,
2026-06-28,0,380.74,B0BFWD6SNF:FBA76415,524663751193808,6372,0.0,337201421286163,FBA76415,B0BFWD6SNF,28,Camb-SP-L shape-B0BFWD6SNF - Broad,0,FBA76415,WM-LOD-CF,White Mulberry,Desk,L-Shaped Desk,
2026-06-29,0,386.08,B0BFWD6SNF:FBA76415,524663751193808,20467,0.0,337201421286163,FBA76415,B0BFWD6SNF,36,Camb-SP-L shape-B0BFWD6SNF - Broad,0,FBA76415,WM-LOD-CF,White Mulberry,Desk,L-Shaped Desk,
2026-06-30,0,308.74,B0BFWD6SNF:FBA76415,524663751193808,17417,0.0,337201421286163,FBA76415,B0BFWD6SNF,22,Camb-SP-L shape-B0BFWD6SNF - Broad,0,FBA76415,WM-LOD-CF,White Mulberry,Desk,L-Shaped Desk,
2026-06-22,0,644.69,Adjustable,409023356808090,5358,0.0,483994247172069,FBA79179,B0CPT3Q25C,16,Camb-SP-Motorized Desk- B0CPT3Q25C- Exact,0,FBA79179,WM-SE08-CF,White Mulberry,Desk-Adjustable,Motorized,
2026-06-23,0,719.74,Adjustable,409023356808090,6100,0.0,483994247172069,FBA79179,B0CPT3Q25C,19,Camb-SP-Motorized Desk- B0CPT3Q25C- Exact,0,FBA79179,WM-SE08-CF,White Mulberry,Desk-Adjustable,Motorized,
2026-06-24,0,670.21,Adjustable,409023356808090,4056,0.0,483994247172069,FBA79179,B0CPT3Q25C,19,Camb-SP-Motorized Desk- B0CPT3Q25C- Exact,0,FBA79179,WM-SE08-CF,White Mulberry,Desk-Adjustable,Motorized,
2026-06-25,0,728.25,Adjustable,409023356808090,6157,0.0,483994247172069,FBA79179,B0CPT3Q25C,19,Camb-SP-Motorized Desk- B0CPT3Q25C- Exact,0,FBA79179,WM-SE08-CF,White Mulberry,Desk-Adjustable,Motorized,
2026-06-22,0,226.06,B0BFVNS8HS,537241969626380,3369,0.0,403091191432997,FBA76417,B0BFVMDJ2K,11,Camb-SP-L shape-Multiple Asins- Exact/Phrase,0,FBA76417,WM-LOD-WH,White Mulberry,Desk,L-Shaped Desk,
2026-06-23,0,299.58,B0BFVNS8HS,537241969626380,4844,0.0,403091191432997,FBA76417,B0BFVMDJ2K,15,Camb-SP-L shape-Multiple Asins- Exact/Phrase,0,FBA76417,WM-LOD-WH,White Mulberry,Desk,L-Shaped Desk,
2026-06-24,0,375.9,B0BFVNS8HS,537241969626380,2126,0.0,403091191432997,FBA76417,B0BFVMDJ2K,15,Camb-SP-L shape-Multiple Asins- Exact/Phrase,0,FBA76417,WM-LOD-WH,White Mulberry,Desk,L-Shaped Desk,
2026-06-25,0,202.11,B0BFVNS8HS,537241969626380,2680,0.0,403091191432997,FBA76417,B0BFVMDJ2K,10,Camb-SP-L shape-Multiple Asins- Exact/Phrase,0,FBA76417,WM-LOD-WH,White Mulberry,Desk,L-Shaped Desk,
2026-06-26,0,253.57,B0BFVNS8HS,537241969626380,2571,0.0,403091191432997,FBA76417,B0BFVMDJ2K,12,Camb-SP-L shape-Multiple Asins- Exact/Phrase,0,FBA76417,WM-LOD-WH,White Mulberry,Desk,L-Shaped Desk,
2026-06-27,0,321.6,B0BFVNS8HS,537241969626380,3488,0.0,403091191432997,FBA76417,B0BFVMDJ2K,17,Camb-SP-L shape-Multiple Asins- Exact/Phrase,0,FBA76417,WM-LOD-WH,White Mulberry,Desk,L-Shaped Desk,
2026-06-28,1,331.78,B0BFVNS8HS,537241969626380,2681,7075.42,403091191432997,FBA76417,B0BFVMDJ2K,16,Camb-SP-L shape-Multiple Asins- Exact/Phrase,1,FBA76417,WM-LOD-WH,White Mulberry,Desk,L-Shaped Desk,
2026-06-29,0,371.66,B0BFVNS8HS,537241969626380,4127,0.0,403091191432997,FBA76417,B0BFVMDJ2K,23,Camb-SP-L shape-Multiple Asins- Exact/Phrase,0,FBA76417,WM-LOD-WH,White Mulberry,Desk,L-Shaped Desk,
2026-06-30,0,288.46,B0BFVNS8HS,537241969626380,4179,0.0,403091191432997,FBA76417,B0BFVMDJ2K,14,Camb-SP-L shape-Multiple Asins- Exact/Phrase,0,FBA76417,WM-LOD-WH,White Mulberry,Desk,L-Shaped Desk,
2026-06-22,0,196.89,B0BFVNS8HS,537241969626380,2150,0.0,403091191432997,FBA76415,B0BFWD6SNF,8,Camb-SP-L shape-Multiple Asins- Exact/Phrase,0,FBA76415,WM-LOD-CF,White Mulberry,Desk,L-Shaped Desk,
2026-06-23,0,117.02,B0BFVNS8HS,537241969626380,2760,0.0,403091191432997,FBA76415,B0BFWD6SNF,6,Camb-SP-L shape-Multiple Asins- Exact/Phrase,0,FBA76415,WM-LOD-CF,White Mulberry,Desk,L-Shaped Desk,
2026-06-24,0,47.56,B0BFVNS8HS,537241969626380,704,0.0,403091191432997,FBA76415,B0BFWD6SNF,2,Camb-SP-L shape-Multiple Asins- Exact/Phrase,0,FBA76415,WM-LOD-CF,White Mulberry,Desk,L-Shaped Desk,
2026-06-25,0,168.8,B0BFVNS8HS,537241969626380,920,0.0,403091191432997,FBA76415,B0BFWD6SNF,6,Camb-SP-L shape-Multiple Asins- Exact/Phrase,0,FBA76415,WM-LOD-CF,White Mulberry,Desk,L-Shaped Desk,
2026-06-26,0,112.83,B0BFVNS8HS,537241969626380,1662,0.0,403091191432997,FBA76415,B0BFWD6SNF,6,Camb-SP-L shape-Multiple Asins- Exact/Phrase,0,FBA76415,WM-LOD-CF,White Mulberry,Desk,L-Shaped Desk,
2026-06-27,0,54.35,B0BFVNS8HS,537241969626380,2625,0.0,403091191432997,FBA76415,B0BFWD6SNF,2,Camb-SP-L shape-Multiple Asins- Exact/Phrase,0,FBA76415,WM-LOD-CF,White Mulberry,Desk,L-Shaped Desk,
2026-06-28,0,34.93,B0BFVNS8HS,537241969626380,2126,0.0,403091191432997,FBA76415,B0BFWD6SNF,1,Camb-SP-L shape-Multiple Asins- Exact/Phrase,0,FBA76415,WM-LOD-CF,White Mulberry,Desk,L-Shaped Desk,
2026-06-29,0,180.24,B0BFVNS8HS,537241969626380,2654,0.0,403091191432997,FBA76415,B0BFWD6SNF,9,Camb-SP-L shape-Multiple Asins- Exact/Phrase,0,FBA76415,WM-LOD-CF,White Mulberry,Desk,L-Shaped Desk,
2026-06-30,0,185.37,B0BFVNS8HS,537241969626380,2291,0.0,403091191432997,FBA76415,B0BFWD6SNF,7,Camb-SP-L shape-Multiple Asins- Exact/Phrase,0,FBA76415,WM-LOD-CF,White Mulberry,Desk,L-Shaped Desk,
2026-06-22,0,53.4,PT 02,187467568019980,678,0.0,201378889850562,FBA79167,B0CPFS24ML,9,Camb-SP-Zshape-B0CPFS24ML- PT,0,FBA79167,WM-GD07-CB,White Mulberry,Desk,Gaming Desk,
2026-06-23,0,11.69,PT 02,187467568019980,407,0.0,201378889850562,FBA79167,B0CPFS24ML,1,Camb-SP-Zshape-B0CPFS24ML- PT,0,FBA79167,WM-GD07-CB,White Mulberry,Desk,Gaming Desk,
2026-06-24,0,2.12,PT 02,187467568019980,232,0.0,201378889850562,FBA79167,B0CPFS24ML,1,Camb-SP-Zshape-B0CPFS24ML- PT,0,FBA79167,WM-GD07-CB,White Mulberry,Desk,Gaming Desk,
2026-06-25,0,0.0,PT 02,187467568019980,198,0.0,201378889850562,FBA79167,B0CPFS24ML,0,Camb-SP-Zshape-B0CPFS24ML- PT,0,FBA79167,WM-GD07-CB,White Mulberry,Desk,Gaming Desk,
2026-06-26,0,11.03,PT 02,187467568019980,113,0.0,201378889850562,FBA79167,B0CPFS24ML,1,Camb-SP-Zshape-B0CPFS24ML- PT,0,FBA79167,WM-GD07-CB,White Mulberry,Desk,Gaming Desk,
2026-06-22,0,217.88,Camb-SP-Zshape-B0CPFS24ML- PT,187467568019980,1461,0.0,237874663709045,FBA79167,B0CPFS24ML,9,Camb-SP-Zshape-B0CPFS24ML- PT,0,FBA79167,WM-GD07-CB,White Mulberry,Desk,Gaming Desk,
2026-06-23,0,266.3,Camb-SP-Zshape-B0CPFS24ML- PT,187467568019980,1364,0.0,237874663709045,FBA79167,B0CPFS24ML,12,Camb-SP-Zshape-B0CPFS24ML- PT,0,FBA79167,WM-GD07-CB,White Mulberry,Desk,Gaming Desk,
2026-06-24,0,275.46,Camb-SP-Zshape-B0CPFS24ML- PT,187467568019980,1093,0.0,237874663709045,FBA79167,B0CPFS24ML,13,Camb-SP-Zshape-B0CPFS24ML- PT,0,FBA79167,WM-GD07-CB,White Mulberry,Desk,Gaming Desk,
2026-06-25,0,465.58,Camb-SP-Zshape-B0CPFS24ML- PT,187467568019980,1796,0.0,237874663709045,FBA79167,B0CPFS24ML,26,Camb-SP-Zshape-B0CPFS24ML- PT,0,FBA79167,WM-GD07-CB,White Mulberry,Desk,Gaming Desk,
2026-06-26,0,457.77,Camb-SP-Zshape-B0CPFS24ML- PT,187467568019980,2114,0.0,237874663709045,FBA79167,B0CPFS24ML,22,Camb-SP-Zshape-B0CPFS24ML- PT,0,FBA79167,WM-GD07-CB,White Mulberry,Desk,Gaming Desk,
2026-06-27,0,458.54,Camb-SP-Zshape-B0CPFS24ML- PT,187467568019980,2135,0.0,237874663709045,FBA79167,B0CPFS24ML,23,Camb-SP-Zshape-B0CPFS24ML- PT,0,FBA79167,WM-GD07-CB,White Mulberry,Desk,Gaming Desk,
2026-06-28,1,470.5,Camb-SP-Zshape-B0CPFS24ML- PT,187467568019980,2642,7287.29,237874663709045,FBA79167,B0CPFS24ML,25,Camb-SP-Zshape-B0CPFS24ML- PT,1,FBA79167,WM-GD07-CB,White Mulberry,Desk,Gaming Desk,
2026-06-29,0,456.62,Camb-SP-Zshape-B0CPFS24ML- PT,187467568019980,1926,0.0,237874663709045,FBA79167,B0CPFS24ML,23,Camb-SP-Zshape-B0CPFS24ML- PT,0,FBA79167,WM-GD07-CB,White Mulberry,Desk,Gaming Desk,
2026-06-30,0,385.58,Camb-SP-Zshape-B0CPFS24ML- PT,187467568019980,4047,0.0,237874663709045,FBA79167,B0CPFS24ML,23,Camb-SP-Zshape-B0CPFS24ML- PT,0,FBA79167,WM-GD07-CB,White Mulberry,Desk,Gaming Desk,
2026-06-22,0,206.87,Camb-SP-Zshape-B0CPFS24ML- Phrase,262398489862684,1387,0.0,71345441658351,FBA79167,B0CPFS24ML,12,Camb-SP-Zshape-B0CPFS24ML- Phrase,0,FBA79167,WM-GD07-CB,White Mulberry,Desk,Gaming Desk,
2026-06-23,0,192.99,Camb-SP-Zshape-B0CPFS24ML- Phrase,262398489862684,2368,0.0,71345441658351,FBA79167,B0CPFS24ML,13,Camb-SP-Zshape-B0CPFS24ML- Phrase,0,FBA79167,WM-GD07-CB,White Mulberry,Desk,Gaming Desk,
2026-06-24,0,189.43,Camb-SP-Zshape-B0CPFS24ML- Phrase,262398489862684,2149,0.0,71345441658351,FBA79167,B0CPFS24ML,16,Camb-SP-Zshape-B0CPFS24ML- Phrase,0,FBA79167,WM-GD07-CB,White Mulberry,Desk,Gaming Desk,
2026-06-25,0,425.84,Camb-SP-Zshape-B0CPFS24ML- Phrase,262398489862684,3351,0.0,71345441658351,FBA79167,B0CPFS24ML,30,Camb-SP-Zshape-B0CPFS24ML- Phrase,0,FBA79167,WM-GD07-CB,White Mulberry,Desk,Gaming Desk,
2026-06-26,0,460.89,Camb-SP-Zshape-B0CPFS24ML- Phrase,262398489862684,5015,0.0,71345441658351,FBA79167,B0CPFS24ML,29,Camb-SP-Zshape-B0CPFS24ML- Phrase,0,FBA79167,WM-GD07-CB,White Mulberry,Desk,Gaming Desk,
2026-06-27,0,450.09,Camb-SP-Zshape-B0CPFS24ML- Phrase,262398489862684,2836,0.0,71345441658351,FBA79167,B0CPFS24ML,32,Camb-SP-Zshape-B0CPFS24ML- Phrase,0,FBA79167,WM-GD07-CB,White Mulberry,Desk,Gaming Desk,
2026-06-28,2,452.24,Camb-SP-Zshape-B0CPFS24ML- Phrase,262398489862684,2488,14489.83,71345441658351,FBA79167,B0CPFS24ML,30,Camb-SP-Zshape-B0CPFS24ML- Phrase,2,FBA79167,WM-GD07-CB,White Mulberry,Desk,Gaming Desk,
2026-06-29,1,456.61,Camb-SP-Zshape-B0CPFS24ML- Phrase,262398489862684,3927,7287.29,71345441658351,FBA79167,B0CPFS24ML,30,Camb-SP-Zshape-B0CPFS24ML- Phrase,1,FBA79167,WM-GD07-CB,White Mulberry,Desk,Gaming Desk,
2026-06-30,0,476.75,Camb-SP-Zshape-B0CPFS24ML- Phrase,262398489862684,3267,0.0,71345441658351,FBA79167,B0CPFS24ML,35,Camb-SP-Zshape-B0CPFS24ML- Phrase,0,FBA79167,WM-GD07-CB,White Mulberry,Desk,Gaming Desk,
2026-06-22,0,497.61,CT Ref Desks,274968356532225,1325,0.0,261216200537801,FBA79167,B0CPFS24ML,21,Camb-SP-Zshape-B0CPFS24ML- CT ref,0,FBA79167,WM-GD07-CB,White Mulberry,Desk,Gaming Desk,
2026-06-23,0,421.27,CT Ref Desks,274968356532225,792,0.0,261216200537801,FBA79167,B0CPFS24ML,15,Camb-SP-Zshape-B0CPFS24ML- CT ref,0,FBA79167,WM-GD07-CB,White Mulberry,Desk,Gaming Desk,
2026-06-24,0,356.07,CT Ref Desks,274968356532225,1502,0.0,261216200537801,FBA79167,B0CPFS24ML,19,Camb-SP-Zshape-B0CPFS24ML- CT ref,0,FBA79167,WM-GD07-CB,White Mulberry,Desk,Gaming Desk,
2026-06-25,0,639.6,CT Ref Desks,274968356532225,3933,0.0,261216200537801,FBA79167,B0CPFS24ML,34,Camb-SP-Zshape-B0CPFS24ML- CT ref,0,FBA79167,WM-GD07-CB,White Mulberry,Desk,Gaming Desk,
2026-06-26,0,542.39,CT Ref Desks,274968356532225,3240,0.0,261216200537801,FBA79167,B0CPFS24ML,27,Camb-SP-Zshape-B0CPFS24ML- CT ref,0,FBA79167,WM-GD07-CB,White Mulberry,Desk,Gaming Desk,
2026-06-22,0,59.84,Branded,41018142655949,878,0.0,17749223973231,FBA79179,B0CPT3Q25C,2,Camb-SP-Branded,0,FBA79179,WM-SE08-CF,White Mulberry,Desk-Adjustable,Motorized,
2026-06-23,0,56.01,Branded,41018142655949,622,0.0,17749223973231,FBA79179,B0CPT3Q25C,2,Camb-SP-Branded,0,FBA79179,WM-SE08-CF,White Mulberry,Desk-Adjustable,Motorized,
2026-06-24,0,125.39,Branded,41018142655949,1201,0.0,17749223973231,FBA79179,B0CPT3Q25C,7,Camb-SP-Branded,0,FBA79179,WM-SE08-CF,White Mulberry,Desk-Adjustable,Motorized,
2026-06-25,0,75.39,Branded,41018142655949,726,0.0,17749223973231,FBA79179,B0CPT3Q25C,4,Camb-SP-Branded,0,FBA79179,WM-SE08-CF,White Mulberry,Desk-Adjustable,Motorized,
2026-06-26,0,105.46,Branded,41018142655949,1425,0.0,17749223973231,FBA79179,B0CPT3Q25C,5,Camb-SP-Branded,0,FBA79179,WM-SE08-CF,White Mulberry,Desk-Adjustable,Motorized,
2026-06-27,0,0.0,Branded,41018142655949,1784,0.0,17749223973231,FBA79179,B0CPT3Q25C,0,Camb-SP-Branded,0,FBA79179,WM-SE08-CF,White Mulberry,Desk-Adjustable,Motorized,
2026-06-28,0,170.15,Branded,41018142655949,805,0.0,17749223973231,FBA79179,B0CPT3Q25C,8,Camb-SP-Branded,0,FBA79179,WM-SE08-CF,White Mulberry,Desk-Adjustable,Motorized,
2026-06-29,0,16.86,Branded,41018142655949,1072,0.0,17749223973231,FBA79179,B0CPT3Q25C,3,Camb-SP-Branded,0,FBA79179,WM-SE08-CF,White Mulberry,Desk-Adjustable,Motorized,
2026-06-30,0,61.84,Branded,41018142655949,1193,0.0,17749223973231,FBA79179,B0CPT3Q25C,3,Camb-SP-Branded,0,FBA79179,WM-SE08-CF,White Mulberry,Desk-Adjustable,Motorized,
2026-06-22,0,0.0,Branded,41018142655949,243,0.0,17749223973231,FBA79662,B0DQ4YWSMC,0,Camb-SP-Branded,0,FBA79662,WM-MODL-WH,White Mulberry,Desk-Adjustable,Motorized,
2026-06-23,0,31.45,Branded,41018142655949,114,0.0,17749223973231,FBA79662,B0DQ4YWSMC,1,Camb-SP-Branded,0,FBA79662,WM-MODL-WH,White Mulberry,Desk-Adjustable,Motorized,
2026-06-24,0,32.47,Branded,41018142655949,305,0.0,17749223973231,FBA79662,B0DQ4YWSMC,2,Camb-SP-Branded,0,FBA79662,WM-MODL-WH,White Mulberry,Desk-Adjustable,Motorized,
2026-06-25,0,57.95,Branded,41018142655949,169,0.0,17749223973231,FBA79662,B0DQ4YWSMC,3,Camb-SP-Branded,0,FBA79662,WM-MODL-WH,White Mulberry,Desk-Adjustable,Motorized,
2026-06-26,0,0.0,Branded,41018142655949,275,0.0,17749223973231,FBA79662,B0DQ4YWSMC,0,Camb-SP-Branded,0,FBA79662,WM-MODL-WH,White Mulberry,Desk-Adjustable,Motorized,
2026-06-27,0,70.93,Branded,41018142655949,367,0.0,17749223973231,FBA79662,B0DQ4YWSMC,2,Camb-SP-Branded,0,FBA79662,WM-MODL-WH,White Mulberry,Desk-Adjustable,Motorized,
2026-06-28,0,0.0,Branded,41018142655949,110,0.0,17749223973231,FBA79662,B0DQ4YWSMC,0,Camb-SP-Branded,0,FBA79662,WM-MODL-WH,White Mulberry,Desk-Adjustable,Motorized,
2026-06-29,0,28.26,Branded,41018142655949,193,0.0,17749223973231,FBA79662,B0DQ4YWSMC,2,Camb-SP-Branded,0,FBA79662,WM-MODL-WH,White Mulberry,Desk-Adjustable,Motorized,
2026-06-30,0,18.67,Branded,41018142655949,139,0.0,17749223973231,FBA79662,B0DQ4YWSMC,1,Camb-SP-Branded,0,FBA79662,WM-MODL-WH,White Mulberry,Desk-Adjustable,Motorized,
2026-06-22,0,26.11,Branded,41018142655949,624,0.0,17749223973231,FBA76418,B0BFVNS8HS,1,Camb-SP-Branded,0,FBA76418,WM-LOD-IN,White Mulberry,Desk,L-Shaped Desk,
2026-06-23,0,53.29,Branded,41018142655949,326,0.0,17749223973231,FBA76418,B0BFVNS8HS,2,Camb-SP-Branded,0,FBA76418,WM-LOD-IN,White Mulberry,Desk,L-Shaped Desk,
2026-06-24,0,59.48,Branded,41018142655949,639,0.0,17749223973231,FBA76418,B0BFVNS8HS,2,Camb-SP-Branded,0,FBA76418,WM-LOD-IN,White Mulberry,Desk,L-Shaped Desk,
2026-06-25,0,0.0,Branded,41018142655949,37,0.0,17749223973231,FBA76418,B0BFVNS8HS,0,Camb-SP-Branded,0,FBA76418,WM-LOD-IN,White Mulberry,Desk,L-Shaped Desk,
2026-06-22,0,19.39,Branded,41018142655949,346,0.0,17749223973231,FBA76417,B0BFVMDJ2K,1,Camb-SP-Branded,0,FBA76417,WM-LOD-WH,White Mulberry,Desk,L-Shaped Desk,
2026-06-23,0,87.99,Branded,41018142655949,405,0.0,17749223973231,FBA76417,B0BFVMDJ2K,3,Camb-SP-Branded,0,FBA76417,WM-LOD-WH,White Mulberry,Desk,L-Shaped Desk,
2026-06-24,0,70.01,Branded,41018142655949,1140,0.0,17749223973231,FBA76417,B0BFVMDJ2K,3,Camb-SP-Branded,0,FBA76417,WM-LOD-WH,White Mulberry,Desk,L-Shaped Desk,
2026-06-25,0,80.08,Branded,41018142655949,439,0.0,17749223973231,FBA76417,B0BFVMDJ2K,3,Camb-SP-Branded,0,FBA76417,WM-LOD-WH,White Mulberry,Desk,L-Shaped Desk,
2026-06-26,0,0.0,Branded,41018142655949,236,0.0,17749223973231,FBA76417,B0BFVMDJ2K,0,Camb-SP-Branded,0,FBA76417,WM-LOD-WH,White Mulberry,Desk,L-Shaped Desk,
2026-06-22,0,88.63,Branded,41018142655949,469,0.0,17749223973231,FBA76415,B0BFWD6SNF,3,Camb-SP-Branded,0,FBA76415,WM-LOD-CF,White Mulberry,Desk,L-Shaped Desk,
2026-06-23,0,81.83,Branded,41018142655949,514,0.0,17749223973231,FBA76415,B0BFWD6SNF,3,Camb-SP-Branded,0,FBA76415,WM-LOD-CF,White Mulberry,Desk,L-Shaped Desk,
2026-06-24,0,0.0,Branded,41018142655949,483,0.0,17749223973231,FBA76415,B0BFWD6SNF,0,Camb-SP-Branded,0,FBA76415,WM-LOD-CF,White Mulberry,Desk,L-Shaped Desk,
2026-06-25,0,60.72,Branded,41018142655949,612,0.0,17749223973231,FBA76415,B0BFWD6SNF,2,Camb-SP-Branded,0,FBA76415,WM-LOD-CF,White Mulberry,Desk,L-Shaped Desk,
2026-06-26,0,74.82,Branded,41018142655949,1108,0.0,17749223973231,FBA76415,B0BFWD6SNF,3,Camb-SP-Branded,0,FBA76415,WM-LOD-CF,White Mulberry,Desk,L-Shaped Desk,
2026-06-27,0,120.02,Branded,41018142655949,1486,0.0,17749223973231,FBA76415,B0BFWD6SNF,7,Camb-SP-Branded,0,FBA76415,WM-LOD-CF,White Mulberry,Desk,L-Shaped Desk,
2026-06-28,0,166.71,Branded,41018142655949,683,0.0,17749223973231,FBA76415,B0BFWD6SNF,6,Camb-SP-Branded,0,FBA76415,WM-LOD-CF,White Mulberry,Desk,L-Shaped Desk,
2026-06-29,0,56.5,Branded,41018142655949,951,0.0,17749223973231,FBA76415,B0BFWD6SNF,4,Camb-SP-Branded,0,FBA76415,WM-LOD-CF,White Mulberry,Desk,L-Shaped Desk,
2026-06-30,0,21.0,Branded,41018142655949,1085,0.0,17749223973231,FBA76415,B0BFWD6SNF,1,Camb-SP-Branded,0,FBA76415,WM-LOD-CF,White Mulberry,Desk,L-Shaped Desk,
2026-06-22,1,284.3,Phrase,275080209531414,4727,7075.42,222164671888696,FBA76417,B0BFVMDJ2K,12,Camb-L shape-SP-KT-Phrase,1,FBA76417,WM-LOD-WH,White Mulberry,Desk,L-Shaped Desk,
2026-06-23,0,295.01,Phrase,275080209531414,3437,0.0,222164671888696,FBA76417,B0BFVMDJ2K,10,Camb-L shape-SP-KT-Phrase,0,FBA76417,WM-LOD-WH,White Mulberry,Desk,L-Shaped Desk,
2026-06-24,1,274.18,Phrase,275080209531414,2731,7075.42,222164671888696,FBA76417,B0BFVMDJ2K,13,Camb-L shape-SP-KT-Phrase,1,FBA76417,WM-LOD-WH,White Mulberry,Desk,L-Shaped Desk,
2026-06-25,0,364.91,Phrase,275080209531414,4424,0.0,222164671888696,FBA76417,B0BFVMDJ2K,15,Camb-L shape-SP-KT-Phrase,0,FBA76417,WM-LOD-WH,White Mulberry,Desk,L-Shaped Desk,
2026-06-26,0,241.47,Phrase,275080209531414,4911,0.0,222164671888696,FBA76417,B0BFVMDJ2K,11,Camb-L shape-SP-KT-Phrase,0,FBA76417,WM-LOD-WH,White Mulberry,Desk,L-Shaped Desk,
2026-06-27,0,330.58,Phrase,275080209531414,3007,0.0,222164671888696,FBA76417,B0BFVMDJ2K,15,Camb-L shape-SP-KT-Phrase,0,FBA76417,WM-LOD-WH,White Mulberry,Desk,L-Shaped Desk,
2026-06-28,0,286.77,Phrase,275080209531414,5670,0.0,222164671888696,FBA76417,B0BFVMDJ2K,13,Camb-L shape-SP-KT-Phrase,0,FBA76417,WM-LOD-WH,White Mulberry,Desk,L-Shaped Desk,
2026-06-29,0,318.06,Phrase,275080209531414,4578,0.0,222164671888696,FBA76417,B0BFVMDJ2K,15,Camb-L shape-SP-KT-Phrase,0,FBA76417,WM-LOD-WH,White Mulberry,Desk,L-Shaped Desk,
2026-06-30,0,287.83,Phrase,275080209531414,5577,0.0,222164671888696,FBA76417,B0BFVMDJ2K,11,Camb-L shape-SP-KT-Phrase,0,FBA76417,WM-LOD-WH,White Mulberry,Desk,L-Shaped Desk,
2026-06-22,0,547.95,BM-02,147496541577049,3580,0.0,83023359346066,FBA79662,B0DQ4YWSMC,22,Camb-Motorized-SP-KT-BM,0,FBA79662,WM-MODL-WH,White Mulberry,Desk-Adjustable,Motorized,
2026-06-23,0,563.72,BM-02,147496541577049,4126,0.0,83023359346066,FBA79662,B0DQ4YWSMC,22,Camb-Motorized-SP-KT-BM,0,FBA79662,WM-MODL-WH,White Mulberry,Desk-Adjustable,Motorized,
2026-06-24,0,544.14,BM-02,147496541577049,2210,0.0,83023359346066,FBA79662,B0DQ4YWSMC,21,Camb-Motorized-SP-KT-BM,0,FBA79662,WM-MODL-WH,White Mulberry,Desk-Adjustable,Motorized,
2026-06-25,1,543.0,BM-02,147496541577049,8577,12712.71,83023359346066,FBA79662,B0DQ4YWSMC,22,Camb-Motorized-SP-KT-BM,1,FBA79662,WM-MODL-WH,White Mulberry,Desk-Adjustable,Motorized,
2026-06-26,0,585.93,BM-02,147496541577049,4485,0.0,83023359346066,FBA79662,B0DQ4YWSMC,22,Camb-Motorized-SP-KT-BM,0,FBA79662,WM-MODL-WH,White Mulberry,Desk-Adjustable,Motorized,
2026-06-27,0,545.24,BM-02,147496541577049,7491,0.0,83023359346066,FBA79662,B0DQ4YWSMC,24,Camb-Motorized-SP-KT-BM,0,FBA79662,WM-MODL-WH,White Mulberry,Desk-Adjustable,Motorized,
2026-06-28,0,548.25,BM-02,147496541577049,3358,0.0,83023359346066,FBA79662,B0DQ4YWSMC,24,Camb-Motorized-SP-KT-BM,0,FBA79662,WM-MODL-WH,White Mulberry,Desk-Adjustable,Motorized,
2026-06-29,2,568.4,BM-02,147496541577049,7014,25298.29,83023359346066,FBA79662,B0DQ4YWSMC,25,Camb-Motorized-SP-KT-BM,2,FBA79662,WM-MODL-WH,White Mulberry,Desk-Adjustable,Motorized,
2026-06-30,0,540.1,BM-02,147496541577049,5027,0.0,83023359346066,FBA79662,B0DQ4YWSMC,25,Camb-Motorized-SP-KT-BM,0,FBA79662,WM-MODL-WH,White Mulberry,Desk-Adjustable,Motorized,
2026-06-22,0,87.58,PT-01,144947796311911,400,0.0,273922139052052,FBA79179,B0CPT3Q25C,6,Camb-SP-Motorized Desk- B0CPT3Q25C-PT,0,FBA79179,WM-SE08-CF,White Mulberry,Desk-Adjustable,Motorized,
2026-06-23,0,73.99,PT-01,144947796311911,418,0.0,273922139052052,FBA79179,B0CPT3Q25C,5,Camb-SP-Motorized Desk- B0CPT3Q25C-PT,0,FBA79179,WM-SE08-CF,White Mulberry,Desk-Adjustable,Motorized,
2026-06-24,0,15.12,PT-01,144947796311911,332,0.0,273922139052052,FBA79179,B0CPT3Q25C,1,Camb-SP-Motorized Desk- B0CPT3Q25C-PT,0,FBA79179,WM-SE08-CF,White Mulberry,Desk-Adjustable,Motorized,
2026-06-25,0,15.12,PT-01,144947796311911,214,0.0,273922139052052,FBA79179,B0CPT3Q25C,1,Camb-SP-Motorized Desk- B0CPT3Q25C-PT,0,FBA79179,WM-SE08-CF,White Mulberry,Desk-Adjustable,Motorized,
2026-06-26,0,0.0,PT-01,144947796311911,38,0.0,273922139052052,FBA79179,B0CPT3Q25C,0,Camb-SP-Motorized Desk- B0CPT3Q25C-PT,0,FBA79179,WM-SE08-CF,White Mulberry,Desk-Adjustable,Motorized,
2026-06-22,0,14.56,PT-02,144947796311911,8,0.0,158676498114586,FBA79179,B0CPT3Q25C,1,Camb-SP-Motorized Desk- B0CPT3Q25C-PT,0,FBA79179,WM-SE08-CF,White Mulberry,Desk-Adjustable,Motorized,
2026-06-23,0,14.56,PT-02,144947796311911,14,0.0,158676498114586,FBA79179,B0CPT3Q25C,1,Camb-SP-Motorized Desk- B0CPT3Q25C-PT,0,FBA79179,WM-SE08-CF,White Mulberry,Desk-Adjustable,Motorized,
2026-06-24,0,0.0,PT-02,144947796311911,15,0.0,158676498114586,FBA79179,B0CPT3Q25C,0,Camb-SP-Motorized Desk- B0CPT3Q25C-PT,0,FBA79179,WM-SE08-CF,White Mulberry,Desk-Adjustable,Motorized,
2026-06-25,0,0.0,PT-02,144947796311911,17,0.0,158676498114586,FBA79179,B0CPT3Q25C,0,Camb-SP-Motorized Desk- B0CPT3Q25C-PT,0,FBA79179,WM-SE08-CF,White Mulberry,Desk-Adjustable,Motorized,
2026-06-26,0,0.0,PT-02,144947796311911,4,0.0,158676498114586,FBA79179,B0CPT3Q25C,0,Camb-SP-Motorized Desk- B0CPT3Q25C-PT,0,FBA79179,WM-SE08-CF,White Mulberry,Desk-Adjustable,Motorized,
2026-06-22,0,120.5,Camb-SP- L Shaped-B0BFWD6SNF-PT,121906419773510,1185,0.0,107933770890360,FBA76415,B0BFWD6SNF,12,Camb-SP- L Shape-B0BFWD6SNF-PT,0,FBA76415,WM-LOD-CF,White Mulberry,Desk,L-Shaped Desk,
2026-06-23,0,190.68,Camb-SP- L Shaped-B0BFWD6SNF-PT,121906419773510,1429,0.0,107933770890360,FBA76415,B0BFWD6SNF,16,Camb-SP- L Shape-B0BFWD6SNF-PT,0,FBA76415,WM-LOD-CF,White Mulberry,Desk,L-Shaped Desk,
2026-06-24,0,247.01,Camb-SP- L Shaped-B0BFWD6SNF-PT,121906419773510,1709,0.0,107933770890360,FBA76415,B0BFWD6SNF,18,Camb-SP- L Shape-B0BFWD6SNF-PT,0,FBA76415,WM-LOD-CF,White Mulberry,Desk,L-Shaped Desk,
2026-06-25,0,147.16,Camb-SP- L Shaped-B0BFWD6SNF-PT,121906419773510,1343,0.0,107933770890360,FBA76415,B0BFWD6SNF,11,Camb-SP- L Shape-B0BFWD6SNF-PT,0,FBA76415,WM-LOD-CF,White Mulberry,Desk,L-Shaped Desk,
2026-06-26,0,393.44,Camb-SP- L Shaped-B0BFWD6SNF-PT,121906419773510,1405,0.0,107933770890360,FBA76415,B0BFWD6SNF,22,Camb-SP- L Shape-B0BFWD6SNF-PT,0,FBA76415,WM-LOD-CF,White Mulberry,Desk,L-Shaped Desk,
2026-06-27,0,378.23,Camb-SP- L Shaped-B0BFWD6SNF-PT,121906419773510,1759,0.0,107933770890360,FBA76415,B0BFWD6SNF,22,Camb-SP- L Shape-B0BFWD6SNF-PT,0,FBA76415,WM-LOD-CF,White Mulberry,Desk,L-Shaped Desk,
2026-06-28,0,378.14,Camb-SP- L Shaped-B0BFWD6SNF-PT,121906419773510,1166,0.0,107933770890360,FBA76415,B0BFWD6SNF,21,Camb-SP- L Shape-B0BFWD6SNF-PT,0,FBA76415,WM-LOD-CF,White Mulberry,Desk,L-Shaped Desk,
2026-06-29,0,378.74,Camb-SP- L Shaped-B0BFWD6SNF-PT,121906419773510,3444,0.0,107933770890360,FBA76415,B0BFWD6SNF,22,Camb-SP- L Shape-B0BFWD6SNF-PT,0,FBA76415,WM-LOD-CF,White Mulberry,Desk,L-Shaped Desk,
2026-06-30,0,378.84,Camb-SP- L Shaped-B0BFWD6SNF-PT,121906419773510,3449,0.0,107933770890360,FBA76415,B0BFWD6SNF,21,Camb-SP- L Shape-B0BFWD6SNF-PT,0,FBA76415,WM-LOD-CF,White Mulberry,Desk,L-Shaped Desk,
2026-06-22,0,0.0,Phrase,275454191039806,664,0.0,270568720280956,FBA79662,B0DQ4YWSMC,0,Camb-Motorized desk-B0DQ4YWSMC- Phrase,0,FBA79662,WM-MODL-WH,White Mulberry,Desk-Adjustable,Motorized,
2026-06-23,0,41.54,Phrase,275454191039806,729,0.0,270568720280956,FBA79662,B0DQ4YWSMC,3,Camb-Motorized desk-B0DQ4YWSMC- Phrase,0,FBA79662,WM-MODL-WH,White Mulberry,Desk-Adjustable,Motorized,
2026-06-24,0,41.68,Phrase,275454191039806,620,0.0,270568720280956,FBA79662,B0DQ4YWSMC,3,Camb-Motorized desk-B0DQ4YWSMC- Phrase,0,FBA79662,WM-MODL-WH,White Mulberry,Desk-Adjustable,Motorized,
2026-06-25,0,0.0,Phrase,275454191039806,111,0.0,270568720280956,FBA79662,B0DQ4YWSMC,0,Camb-Motorized desk-B0DQ4YWSMC- Phrase,0,FBA79662,WM-MODL-WH,White Mulberry,Desk-Adjustable,Motorized,
2026-06-22,0,276.75,BM,25468658094924,6292,0.0,204617802611948,FBA79179,B0CPT3Q25C,21,Camb-SP-Motorized Desk- B0CPT3Q25C- BM,0,FBA79179,WM-SE08-CF,White Mulberry,Desk-Adjustable,Motorized,
2026-06-23,0,377.36,BM,25468658094924,8817,0.0,204617802611948,FBA79179,B0CPT3Q25C,27,Camb-SP-Motorized Desk- B0CPT3Q25C- BM,0,FBA79179,WM-SE08-CF,White Mulberry,Desk-Adjustable,Motorized,
2026-06-24,0,362.13,BM,25468658094924,5522,0.0,204617802611948,FBA79179,B0CPT3Q25C,26,Camb-SP-Motorized Desk- B0CPT3Q25C- BM,0,FBA79179,WM-SE08-CF,White Mulberry,Desk-Adjustable,Motorized,
2026-06-25,0,56.59,BM,25468658094924,569,0.0,204617802611948,FBA79179,B0CPT3Q25C,4,Camb-SP-Motorized Desk- B0CPT3Q25C- BM,0,FBA79179,WM-SE08-CF,White Mulberry,Desk-Adjustable,Motorized,
2026-06-29,0,0.0,BM,25468658094924,0,0.0,204617802611948,FBA79179,B0CPT3Q25C,0,Camb-SP-Motorized Desk- B0CPT3Q25C- BM,0,FBA79179,WM-SE08-CF,White Mulberry,Desk-Adjustable,Motorized,
2026-06-22,0,83.01,BM,107540685554468,1078,0.0,140562153243264,FBA79662,B0DQ4YWSMC,6,Camb-Motorized desk-B0DQ4YWSMC - BM,0,FBA79662,WM-MODL-WH,White Mulberry,Desk-Adjustable,Motorized,
2026-06-23,0,92.34,BM,107540685554468,598,0.0,140562153243264,FBA79662,B0DQ4YWSMC,7,Camb-Motorized desk-B0DQ4YWSMC - BM,0,FBA79662,WM-MODL-WH,White Mulberry,Desk-Adjustable,Motorized,
2026-06-24,0,105.31,BM,107540685554468,678,0.0,140562153243264,FBA79662,B0DQ4YWSMC,8,Camb-Motorized desk-B0DQ4YWSMC - BM,0,FBA79662,WM-MODL-WH,White Mulberry,Desk-Adjustable,Motorized,
2026-06-25,0,14.17,BM,107540685554468,127,0.0,140562153243264,FBA79662,B0DQ4YWSMC,1,Camb-Motorized desk-B0DQ4YWSMC - BM,0,FBA79662,WM-MODL-WH,White Mulberry,Desk-Adjustable,Motorized,
2026-06-22,0,57.57,PT-02,164282570458862,571,0.0,277937653547015,FBA79662,B0DQ4YWSMC,4,Camb-Motorized desk- B0DQ4YWSMC - PT 02,0,FBA79662,WM-MODL-WH,White Mulberry,Desk-Adjustable,Motorized,
2026-06-23,0,37.47,PT-02,164282570458862,255,0.0,277937653547015,FBA79662,B0DQ4YWSMC,3,Camb-Motorized desk- B0DQ4YWSMC - PT 02,0,FBA79662,WM-MODL-WH,White Mulberry,Desk-Adjustable,Motorized,
2026-06-24,0,0.0,PT-02,164282570458862,253,0.0,277937653547015,FBA79662,B0DQ4YWSMC,0,Camb-Motorized desk- B0DQ4YWSMC - PT 02,0,FBA79662,WM-MODL-WH,White Mulberry,Desk-Adjustable,Motorized,
2026-06-25,0,19.55,PT-02,164282570458862,108,0.0,277937653547015,FBA79662,B0DQ4YWSMC,2,Camb-Motorized desk- B0DQ4YWSMC - PT 02,0,FBA79662,WM-MODL-WH,White Mulberry,Desk-Adjustable,Motorized,
2026-06-22,0,12.43,PT,11761325934113,934,0.0,82099055292421,FBA79662,B0DQ4YWSMC,1,Camb-Motorized sit stand-B0DQ4YWSMC- PT,0,FBA79662,WM-MODL-WH,White Mulberry,Desk-Adjustable,Motorized,
2026-06-23,0,13.2,PT,11761325934113,46,0.0,82099055292421,FBA79662,B0DQ4YWSMC,1,Camb-Motorized sit stand-B0DQ4YWSMC- PT,0,FBA79662,WM-MODL-WH,White Mulberry,Desk-Adjustable,Motorized,
2026-06-24,0,13.2,PT,11761325934113,1288,0.0,82099055292421,FBA79662,B0DQ4YWSMC,1,Camb-Motorized sit stand-B0DQ4YWSMC- PT,0,FBA79662,WM-MODL-WH,White Mulberry,Desk-Adjustable,Motorized,
2026-06-25,0,13.2,PT,11761325934113,427,0.0,82099055292421,FBA79662,B0DQ4YWSMC,1,Camb-Motorized sit stand-B0DQ4YWSMC- PT,0,FBA79662,WM-MODL-WH,White Mulberry,Desk-Adjustable,Motorized,
2026-06-26,0,119.19,PT,11761325934113,1274,0.0,82099055292421,FBA79662,B0DQ4YWSMC,9,Camb-Motorized sit stand-B0DQ4YWSMC- PT,0,FBA79662,WM-MODL-WH,White Mulberry,Desk-Adjustable,Motorized,
2026-06-27,0,208.54,PT,11761325934113,2244,0.0,82099055292421,FBA79662,B0DQ4YWSMC,16,Camb-Motorized sit stand-B0DQ4YWSMC- PT,0,FBA79662,WM-MODL-WH,White Mulberry,Desk-Adjustable,Motorized,
2026-06-28,0,212.86,PT,11761325934113,2088,0.0,82099055292421,FBA79662,B0DQ4YWSMC,16,Camb-Motorized sit stand-B0DQ4YWSMC- PT,0,FBA79662,WM-MODL-WH,White Mulberry,Desk-Adjustable,Motorized,
2026-06-29,0,198.35,PT,11761325934113,3076,0.0,82099055292421,FBA79662,B0DQ4YWSMC,15,Camb-Motorized sit stand-B0DQ4YWSMC- PT,0,FBA79662,WM-MODL-WH,White Mulberry,Desk-Adjustable,Motorized,
2026-06-30,0,172.45,PT,11761325934113,3151,0.0,82099055292421,FBA79662,B0DQ4YWSMC,13,Camb-Motorized sit stand-B0DQ4YWSMC- PT,0,FBA79662,WM-MODL-WH,White Mulberry,Desk-Adjustable,Motorized,
2026-06-22,0,81.19,Exact,264075379186899,1607,0.0,280028453561394,FBA79179,B0CPT3Q25C,6,Camb-SP-Motorized Desk- B0CPT3Q25C- Exact - 01,0,FBA79179,WM-SE08-CF,White Mulberry,Desk-Adjustable,Motorized,
2026-06-23,0,93.09,Exact,264075379186899,1588,0.0,280028453561394,FBA79179,B0CPT3Q25C,7,Camb-SP-Motorized Desk- B0CPT3Q25C- Exact - 01,0,FBA79179,WM-SE08-CF,White Mulberry,Desk-Adjustable,Motorized,
2026-06-24,0,28.6,Exact,264075379186899,1315,0.0,280028453561394,FBA79179,B0CPT3Q25C,2,Camb-SP-Motorized Desk- B0CPT3Q25C- Exact - 01,0,FBA79179,WM-SE08-CF,White Mulberry,Desk-Adjustable,Motorized,
2026-06-25,0,71.92,Exact,264075379186899,842,0.0,280028453561394,FBA79179,B0CPT3Q25C,5,Camb-SP-Motorized Desk- B0CPT3Q25C- Exact - 01,0,FBA79179,WM-SE08-CF,White Mulberry,Desk-Adjustable,Motorized,
2026-06-26,0,0.0,Exact,264075379186899,1089,0.0,280028453561394,FBA79179,B0CPT3Q25C,0,Camb-SP-Motorized Desk- B0CPT3Q25C- Exact - 01,0,FBA79179,WM-SE08-CF,White Mulberry,Desk-Adjustable,Motorized,
2026-06-27,0,107.37,Exact,264075379186899,1243,0.0,280028453561394,FBA79179,B0CPT3Q25C,6,Camb-SP-Motorized Desk- B0CPT3Q25C- Exact - 01,0,FBA79179,WM-SE08-CF,White Mulberry,Desk-Adjustable,Motorized,
2026-06-28,0,159.48,Exact,264075379186899,2614,0.0,280028453561394,FBA79179,B0CPT3Q25C,9,Camb-SP-Motorized Desk- B0CPT3Q25C- Exact - 01,0,FBA79179,WM-SE08-CF,White Mulberry,Desk-Adjustable,Motorized,
2026-06-29,0,218.62,Exact,264075379186899,2563,0.0,280028453561394,FBA79179,B0CPT3Q25C,13,Camb-SP-Motorized Desk- B0CPT3Q25C- Exact - 01,0,FBA79179,WM-SE08-CF,White Mulberry,Desk-Adjustable,Motorized,
2026-06-30,0,50.95,Exact,264075379186899,1758,0.0,280028453561394,FBA79179,B0CPT3Q25C,3,Camb-SP-Motorized Desk- B0CPT3Q25C- Exact - 01,0,FBA79179,WM-SE08-CF,White Mulberry,Desk-Adjustable,Motorized,
2026-06-22,0,0.0,Exact,54096613074678,86,0.0,205371708111332,FBA79662,B0DQ4YWSMC,0,Camb-Motorized desk-B0DQ4YWSMC - Exact,0,FBA79662,WM-MODL-WH,White Mulberry,Desk-Adjustable,Motorized,
2026-06-23,0,0.0,Exact,54096613074678,42,0.0,205371708111332,FBA79662,B0DQ4YWSMC,0,Camb-Motorized desk-B0DQ4YWSMC - Exact,0,FBA79662,WM-MODL-WH,White Mulberry,Desk-Adjustable,Motorized,
2026-06-24,0,20.71,Exact,54096613074678,42,0.0,205371708111332,FBA79662,B0DQ4YWSMC,2,Camb-Motorized desk-B0DQ4YWSMC - Exact,0,FBA79662,WM-MODL-WH,White Mulberry,Desk-Adjustable,Motorized,
2026-06-25,0,0.0,Exact,54096613074678,17,0.0,205371708111332,FBA79662,B0DQ4YWSMC,0,Camb-Motorized desk-B0DQ4YWSMC - Exact,0,FBA79662,WM-MODL-WH,White Mulberry,Desk-Adjustable,Motorized,
2026-06-22,0,517.95,Camb-SP- L Shaped-B0BFWD6SNF-BM,165926011483591,1932,0.0,39650872491346,FBA76415,B0BFWD6SNF,24,Camb-SP- L Shape-B0BFWD6SNF-BM,0,FBA76415,WM-LOD-CF,White Mulberry,Desk,L-Shaped Desk,
2026-06-23,0,515.26,Camb-SP- L Shaped-B0BFWD6SNF-BM,165926011483591,3110,0.0,39650872491346,FBA76415,B0BFWD6SNF,25,Camb-SP- L Shape-B0BFWD6SNF-BM,0,FBA76415,WM-LOD-CF,White Mulberry,Desk,L-Shaped Desk,
2026-06-24,1,351.54,Camb-SP- L Shaped-B0BFWD6SNF-BM,165926011483591,3954,7456.78,39650872491346,FBA76415,B0BFWD6SNF,19,Camb-SP- L Shape-B0BFWD6SNF-BM,1,FBA76415,WM-LOD-CF,White Mulberry,Desk,L-Shaped Desk,
2026-06-25,0,328.72,Camb-SP- L Shaped-B0BFWD6SNF-BM,165926011483591,2233,0.0,39650872491346,FBA76415,B0BFWD6SNF,14,Camb-SP- L Shape-B0BFWD6SNF-BM,0,FBA76415,WM-LOD-CF,White Mulberry,Desk,L-Shaped Desk,
2026-06-26,1,327.23,Camb-SP- L Shaped-B0BFWD6SNF-BM,165926011483591,1708,7075.42,39650872491346,FBA76415,B0BFWD6SNF,15,Camb-SP- L Shape-B0BFWD6SNF-BM,1,FBA76415,WM-LOD-CF,White Mulberry,Desk,L-Shaped Desk,
2026-06-27,0,330.82,Camb-SP- L Shaped-B0BFWD6SNF-BM,165926011483591,2286,0.0,39650872491346,FBA76415,B0BFWD6SNF,13,Camb-SP- L Shape-B0BFWD6SNF-BM,0,FBA76415,WM-LOD-CF,White Mulberry,Desk,L-Shaped Desk,
2026-06-28,0,333.61,Camb-SP- L Shaped-B0BFWD6SNF-BM,165926011483591,2727,0.0,39650872491346,FBA76415,B0BFWD6SNF,14,Camb-SP- L Shape-B0BFWD6SNF-BM,0,FBA76415,WM-LOD-CF,White Mulberry,Desk,L-Shaped Desk,
2026-06-29,1,318.1,Camb-SP- L Shaped-B0BFWD6SNF-BM,165926011483591,3188,6677.12,39650872491346,FBA76415,B0BFWD6SNF,16,Camb-SP- L Shape-B0BFWD6SNF-BM,1,FBA76415,WM-LOD-CF,White Mulberry,Desk,L-Shaped Desk,
2026-06-30,0,326.97,Camb-SP- L Shaped-B0BFWD6SNF-BM,165926011483591,3226,0.0,39650872491346,FBA76415,B0BFWD6SNF,14,Camb-SP- L Shape-B0BFWD6SNF-BM,0,FBA76415,WM-LOD-CF,White Mulberry,Desk,L-Shaped Desk,
2026-06-22,0,99.99,Camb-SP- L Shaped-B0BFWD6SNF- Phrase,107389291114184,1956,0.0,19776824829539,FBA76415,B0BFWD6SNF,8,Camb-SP- L Shape-B0BFWD6SNF- Phrase,0,FBA76415,WM-LOD-CF,White Mulberry,Desk,L-Shaped Desk,
2026-06-23,0,117.19,Camb-SP- L Shaped-B0BFWD6SNF- Phrase,107389291114184,2789,0.0,19776824829539,FBA76415,B0BFWD6SNF,7,Camb-SP- L Shape-B0BFWD6SNF- Phrase,0,FBA76415,WM-LOD-CF,White Mulberry,Desk,L-Shaped Desk,
2026-06-24,1,119.26,Camb-SP- L Shaped-B0BFWD6SNF- Phrase,107389291114184,2961,7075.42,19776824829539,FBA76415,B0BFWD6SNF,9,Camb-SP- L Shape-B0BFWD6SNF- Phrase,1,FBA76415,WM-LOD-CF,White Mulberry,Desk,L-Shaped Desk,
2026-06-25,0,225.91,Camb-SP- L Shaped-B0BFWD6SNF- Phrase,107389291114184,4094,0.0,19776824829539,FBA76415,B0BFWD6SNF,12,Camb-SP- L Shape-B0BFWD6SNF- Phrase,0,FBA76415,WM-LOD-CF,White Mulberry,Desk,L-Shaped Desk,
2026-06-26,1,331.78,Camb-SP- L Shaped-B0BFWD6SNF- Phrase,107389291114184,5122,7075.42,19776824829539,FBA76415,B0BFWD6SNF,17,Camb-SP- L Shape-B0BFWD6SNF- Phrase,1,FBA76415,WM-LOD-CF,White Mulberry,Desk,L-Shaped Desk,
2026-06-27,0,201.96,Camb-SP- L Shaped-B0BFWD6SNF- Phrase,107389291114184,7345,0.0,19776824829539,FBA76415,B0BFWD6SNF,12,Camb-SP- L Shape-B0BFWD6SNF- Phrase,0,FBA76415,WM-LOD-CF,White Mulberry,Desk,L-Shaped Desk,
2026-06-28,0,241.38,Camb-SP- L Shaped-B0BFWD6SNF- Phrase,107389291114184,4929,0.0,19776824829539,FBA76415,B0BFWD6SNF,13,Camb-SP- L Shape-B0BFWD6SNF- Phrase,0,FBA76415,WM-LOD-CF,White Mulberry,Desk,L-Shaped Desk,
2026-06-29,0,148.99,Camb-SP- L Shaped-B0BFWD6SNF- Phrase,107389291114184,4745,0.0,19776824829539,FBA76415,B0BFWD6SNF,9,Camb-SP- L Shape-B0BFWD6SNF- Phrase,0,FBA76415,WM-LOD-CF,White Mulberry,Desk,L-Shaped Desk,
2026-06-30,0,101.28,Camb-SP- L Shaped-B0BFWD6SNF- Phrase,107389291114184,4035,0.0,19776824829539,FBA76415,B0BFWD6SNF,6,Camb-SP- L Shape-B0BFWD6SNF- Phrase,0,FBA76415,WM-LOD-CF,White Mulberry,Desk,L-Shaped Desk,
2026-06-22,0,61.15,Exact,278885157049316,2678,0.0,120634221110339,FBA76415,B0BFWD6SNF,6,Camb-SP- L Shape-B0BFWD6SNF-Exact,0,FBA76415,WM-LOD-CF,White Mulberry,Desk,L-Shaped Desk,
2026-06-23,0,62.56,Exact,278885157049316,3166,0.0,120634221110339,FBA76415,B0BFWD6SNF,4,Camb-SP- L Shape-B0BFWD6SNF-Exact,0,FBA76415,WM-LOD-CF,White Mulberry,Desk,L-Shaped Desk,
2026-06-24,0,154.68,Exact,278885157049316,2407,0.0,120634221110339,FBA76415,B0BFWD6SNF,10,Camb-SP- L Shape-B0BFWD6SNF-Exact,0,FBA76415,WM-LOD-CF,White Mulberry,Desk,L-Shaped Desk,
2026-06-25,0,293.52,Exact,278885157049316,5854,0.0,120634221110339,FBA76415,B0BFWD6SNF,15,Camb-SP- L Shape-B0BFWD6SNF-Exact,0,FBA76415,WM-LOD-CF,White Mulberry,Desk,L-Shaped Desk,
2026-06-26,0,178.59,Exact,278885157049316,3634,0.0,120634221110339,FBA76415,B0BFWD6SNF,9,Camb-SP- L Shape-B0BFWD6SNF-Exact,0,FBA76415,WM-LOD-CF,White Mulberry,Desk,L-Shaped Desk,
2026-06-22,0,17.5,Defensive,14073645187638,644,0.0,73292258587057,FBA79662,B0DQ4YWSMC,1,Camb-Motorized desk- SP- Defensive,0,FBA79662,WM-MODL-WH,White Mulberry,Desk-Adjustable,Motorized,
2026-06-23,0,67.88,Defensive,14073645187638,438,0.0,73292258587057,FBA79662,B0DQ4YWSMC,4,Camb-Motorized desk- SP- Defensive,0,FBA79662,WM-MODL-WH,White Mulberry,Desk-Adjustable,Motorized,
2026-06-24,0,70.0,Defensive,14073645187638,461,0.0,73292258587057,FBA79662,B0DQ4YWSMC,4,Camb-Motorized desk- SP- Defensive,0,FBA79662,WM-MODL-WH,White Mulberry,Desk-Adjustable,Motorized,
2026-06-25,0,0.0,Defensive,14073645187638,402,0.0,73292258587057,FBA79662,B0DQ4YWSMC,0,Camb-Motorized desk- SP- Defensive,0,FBA79662,WM-MODL-WH,White Mulberry,Desk-Adjustable,Motorized,
2026-06-22,0,128.34,Defensive,14073645187638,417,0.0,73292258587057,FBA79179,B0CPT3Q25C,9,Camb-Motorized desk- SP- Defensive,0,FBA79179,WM-SE08-CF,White Mulberry,Desk-Adjustable,Motorized,
2026-06-23,0,88.49,Defensive,14073645187638,381,0.0,73292258587057,FBA79179,B0CPT3Q25C,8,Camb-Motorized desk- SP- Defensive,0,FBA79179,WM-SE08-CF,White Mulberry,Desk-Adjustable,Motorized,
2026-06-24,0,151.15,Defensive,14073645187638,443,0.0,73292258587057,FBA79179,B0CPT3Q25C,9,Camb-Motorized desk- SP- Defensive,0,FBA79179,WM-SE08-CF,White Mulberry,Desk-Adjustable,Motorized,
2026-06-25,0,15.72,Defensive,14073645187638,339,0.0,73292258587057,FBA79179,B0CPT3Q25C,1,Camb-Motorized desk- SP- Defensive,0,FBA79179,WM-SE08-CF,White Mulberry,Desk-Adjustable,Motorized,
2026-06-22,0,194.8,PT02,117155740561404,4256,0.0,66753207637246,FBA79662,B0DQ4YWSMC,13,Camb- Motorized-SP-PT002,0,FBA79662,WM-MODL-WH,White Mulberry,Desk-Adjustable,Motorized,
2026-06-23,0,105.35,PT02,117155740561404,2505,0.0,66753207637246,FBA79662,B0DQ4YWSMC,7,Camb- Motorized-SP-PT002,0,FBA79662,WM-MODL-WH,White Mulberry,Desk-Adjustable,Motorized,
2026-06-24,0,15.05,PT02,117155740561404,913,0.0,66753207637246,FBA79662,B0DQ4YWSMC,1,Camb- Motorized-SP-PT002,0,FBA79662,WM-MODL-WH,White Mulberry,Desk-Adjustable,Motorized,
2026-06-25,0,30.1,PT02,117155740561404,606,0.0,66753207637246,FBA79662,B0DQ4YWSMC,2,Camb- Motorized-SP-PT002,0,FBA79662,WM-MODL-WH,White Mulberry,Desk-Adjustable,Motorized,
2026-06-22,0,433.23,PT02,117155740561404,2690,0.0,66753207637246,FBA79179,B0CPT3Q25C,29,Camb- Motorized-SP-PT002,0,FBA79179,WM-SE08-CF,White Mulberry,Desk-Adjustable,Motorized,
2026-06-23,0,471.57,PT02,117155740561404,2837,0.0,66753207637246,FBA79179,B0CPT3Q25C,32,Camb- Motorized-SP-PT002,0,FBA79179,WM-SE08-CF,White Mulberry,Desk-Adjustable,Motorized,
2026-06-24,0,349.23,PT02,117155740561404,1087,0.0,66753207637246,FBA79179,B0CPT3Q25C,24,Camb- Motorized-SP-PT002,0,FBA79179,WM-SE08-CF,White Mulberry,Desk-Adjustable,Motorized,
2026-06-25,0,105.35,PT02,117155740561404,672,0.0,66753207637246,FBA79179,B0CPT3Q25C,7,Camb- Motorized-SP-PT002,0,FBA79179,WM-SE08-CF,White Mulberry,Desk-Adjustable,Motorized,
2026-06-22,0,133.09,PT001,245193196826145,2803,0.0,261631583743869,FBA79662,B0DQ4YWSMC,9,Camb-SP-Motorized Desk-B0CPT3Q25C - PT001,0,FBA79662,WM-MODL-WH,White Mulberry,Desk-Adjustable,Motorized,
2026-06-23,0,148.83,PT001,245193196826145,1700,0.0,261631583743869,FBA79662,B0DQ4YWSMC,10,Camb-SP-Motorized Desk-B0CPT3Q25C - PT001,0,FBA79662,WM-MODL-WH,White Mulberry,Desk-Adjustable,Motorized,
2026-06-24,0,102.57,PT001,245193196826145,1359,0.0,261631583743869,FBA79662,B0DQ4YWSMC,7,Camb-SP-Motorized Desk-B0CPT3Q25C - PT001,0,FBA79662,WM-MODL-WH,White Mulberry,Desk-Adjustable,Motorized,
2026-06-25,0,46.65,PT001,245193196826145,1698,0.0,261631583743869,FBA79662,B0DQ4YWSMC,3,Camb-SP-Motorized Desk-B0CPT3Q25C - PT001,0,FBA79662,WM-MODL-WH,White Mulberry,Desk-Adjustable,Motorized,
2026-06-26,0,31.6,PT001,245193196826145,644,0.0,261631583743869,FBA79662,B0DQ4YWSMC,2,Camb-SP-Motorized Desk-B0CPT3Q25C - PT001,0,FBA79662,WM-MODL-WH,White Mulberry,Desk-Adjustable,Motorized,
2026-06-22,0,181.09,PT001,245193196826145,1461,0.0,261631583743869,FBA79179,B0CPT3Q25C,13,Camb-SP-Motorized Desk-B0CPT3Q25C - PT001,0,FBA79179,WM-SE08-CF,White Mulberry,Desk-Adjustable,Motorized,
2026-06-23,0,328.11,PT001,245193196826145,2473,0.0,261631583743869,FBA79179,B0CPT3Q25C,23,Camb-SP-Motorized Desk-B0CPT3Q25C - PT001,0,FBA79179,WM-SE08-CF,White Mulberry,Desk-Adjustable,Motorized,
2026-06-24,0,526.38,PT001,245193196826145,3363,0.0,261631583743869,FBA79179,B0CPT3Q25C,36,Camb-SP-Motorized Desk-B0CPT3Q25C - PT001,0,FBA79179,WM-SE08-CF,White Mulberry,Desk-Adjustable,Motorized,
2026-06-25,1,286.02,PT001,245193196826145,2530,12712.71,261631583743869,FBA79179,B0CPT3Q25C,19,Camb-SP-Motorized Desk-B0CPT3Q25C - PT001,1,FBA79179,WM-SE08-CF,White Mulberry,Desk-Adjustable,Motorized,
2026-06-26,0,31.93,PT001,245193196826145,890,0.0,261631583743869,FBA79179,B0CPT3Q25C,3,Camb-SP-Motorized Desk-B0CPT3Q25C - PT001,0,FBA79179,WM-SE08-CF,White Mulberry,Desk-Adjustable,Motorized,
2026-06-22,0,18.27,Phrase,240620452622853,199,0.0,198187959581345,FBA76415,B0BFWD6SNF,1,Camb-SP- L Shape-Multi Asin- Phrase,0,FBA76415,WM-LOD-CF,White Mulberry,Desk,L-Shaped Desk,
2026-06-23,0,31.01,Phrase,240620452622853,298,0.0,198187959581345,FBA76415,B0BFWD6SNF,2,Camb-SP- L Shape-Multi Asin- Phrase,0,FBA76415,WM-LOD-CF,White Mulberry,Desk,L-Shaped Desk,
2026-06-24,0,62.1,Phrase,240620452622853,348,0.0,198187959581345,FBA76415,B0BFWD6SNF,4,Camb-SP- L Shape-Multi Asin- Phrase,0,FBA76415,WM-LOD-CF,White Mulberry,Desk,L-Shaped Desk,
2026-06-25,0,151.22,Phrase,240620452622853,566,0.0,198187959581345,FBA76415,B0BFWD6SNF,8,Camb-SP- L Shape-Multi Asin- Phrase,0,FBA76415,WM-LOD-CF,White Mulberry,Desk,L-Shaped Desk,
2026-06-26,0,12.67,Phrase,240620452622853,567,0.0,198187959581345,FBA76415,B0BFWD6SNF,1,Camb-SP- L Shape-Multi Asin- Phrase,0,FBA76415,WM-LOD-CF,White Mulberry,Desk,L-Shaped Desk,
2026-06-27,0,44.78,Phrase,240620452622853,943,0.0,198187959581345,FBA76415,B0BFWD6SNF,2,Camb-SP- L Shape-Multi Asin- Phrase,0,FBA76415,WM-LOD-CF,White Mulberry,Desk,L-Shaped Desk,
2026-06-28,0,74.12,Phrase,240620452622853,818,0.0,198187959581345,FBA76415,B0BFWD6SNF,4,Camb-SP- L Shape-Multi Asin- Phrase,0,FBA76415,WM-LOD-CF,White Mulberry,Desk,L-Shaped Desk,
2026-06-29,0,106.98,Phrase,240620452622853,1109,0.0,198187959581345,FBA76415,B0BFWD6SNF,6,Camb-SP- L Shape-Multi Asin- Phrase,0,FBA76415,WM-LOD-CF,White Mulberry,Desk,L-Shaped Desk,
2026-06-30,1,91.39,Phrase,240620452622853,957,7075.42,198187959581345,FBA76415,B0BFWD6SNF,4,Camb-SP- L Shape-Multi Asin- Phrase,1,FBA76415,WM-LOD-CF,White Mulberry,Desk,L-Shaped Desk,
2026-06-22,0,300.81,Camb-Gaming Desk-B0CPFS24ML-BM-SP,91257507585543,2238,0.0,272185303250084,FBA79167,B0CPFS24ML,28,Camb-Gaming Desk-B0CPFS24ML-BM-SP,0,FBA79167,WM-GD07-CB,White Mulberry,Desk,Gaming Desk,
2026-06-23,0,355.32,Camb-Gaming Desk-B0CPFS24ML-BM-SP,91257507585543,4921,0.0,272185303250084,FBA79167,B0CPFS24ML,29,Camb-Gaming Desk-B0CPFS24ML-BM-SP,0,FBA79167,WM-GD07-CB,White Mulberry,Desk,Gaming Desk,
2026-06-24,1,405.01,Camb-Gaming Desk-B0CPFS24ML-BM-SP,91257507585543,3729,7287.29,272185303250084,FBA79167,B0CPFS24ML,31,Camb-Gaming Desk-B0CPFS24ML-BM-SP,1,FBA79167,WM-GD07-CB,White Mulberry,Desk,Gaming Desk,
2026-06-25,0,410.97,Camb-Gaming Desk-B0CPFS24ML-BM-SP,91257507585543,4805,0.0,272185303250084,FBA79167,B0CPFS24ML,30,Camb-Gaming Desk-B0CPFS24ML-BM-SP,0,FBA79167,WM-GD07-CB,White Mulberry,Desk,Gaming Desk,
2026-06-26,0,372.87,Camb-Gaming Desk-B0CPFS24ML-BM-SP,91257507585543,5222,0.0,272185303250084,FBA79167,B0CPFS24ML,25,Camb-Gaming Desk-B0CPFS24ML-BM-SP,0,FBA79167,WM-GD07-CB,White Mulberry,Desk,Gaming Desk,
2026-06-27,0,361.15,Camb-Gaming Desk-B0CPFS24ML-BM-SP,91257507585543,4917,0.0,272185303250084,FBA79167,B0CPFS24ML,21,Camb-Gaming Desk-B0CPFS24ML-BM-SP,0,FBA79167,WM-GD07-CB,White Mulberry,Desk,Gaming Desk,
2026-06-28,0,382.99,Camb-Gaming Desk-B0CPFS24ML-BM-SP,91257507585543,4451,0.0,272185303250084,FBA79167,B0CPFS24ML,23,Camb-Gaming Desk-B0CPFS24ML-BM-SP,0,FBA79167,WM-GD07-CB,White Mulberry,Desk,Gaming Desk,
2026-06-29,2,360.05,Camb-Gaming Desk-B0CPFS24ML-BM-SP,91257507585543,4128,14574.57,272185303250084,FBA79167,B0CPFS24ML,23,Camb-Gaming Desk-B0CPFS24ML-BM-SP,2,FBA79167,WM-GD07-CB,White Mulberry,Desk,Gaming Desk,
2026-06-30,0,446.71,Camb-Gaming Desk-B0CPFS24ML-BM-SP,91257507585543,2388,0.0,272185303250084,FBA79167,B0CPFS24ML,29,Camb-Gaming Desk-B0CPFS24ML-BM-SP,0,FBA79167,WM-GD07-CB,White Mulberry,Desk,Gaming Desk,
2026-06-22,0,355.12,Camb- Gaming Desk-B0CPFS24ML-CT-SP,220148658681520,2683,0.0,81299836770943,FBA79167,B0CPFS24ML,31,Camb- Gaming Desk-B0CPFS24ML-CT-SP,0,FBA79167,WM-GD07-CB,White Mulberry,Desk,Gaming Desk,
2026-06-23,0,275.87,Camb- Gaming Desk-B0CPFS24ML-CT-SP,220148658681520,1504,0.0,81299836770943,FBA79167,B0CPFS24ML,20,Camb- Gaming Desk-B0CPFS24ML-CT-SP,0,FBA79167,WM-GD07-CB,White Mulberry,Desk,Gaming Desk,
2026-06-24,0,363.43,Camb- Gaming Desk-B0CPFS24ML-CT-SP,220148658681520,3566,0.0,81299836770943,FBA79167,B0CPFS24ML,26,Camb- Gaming Desk-B0CPFS24ML-CT-SP,0,FBA79167,WM-GD07-CB,White Mulberry,Desk,Gaming Desk,
2026-06-25,0,354.37,Camb- Gaming Desk-B0CPFS24ML-CT-SP,220148658681520,2426,0.0,81299836770943,FBA79167,B0CPFS24ML,27,Camb- Gaming Desk-B0CPFS24ML-CT-SP,0,FBA79167,WM-GD07-CB,White Mulberry,Desk,Gaming Desk,
2026-06-22,0,56.43,Camb- Gaming Desk-B0CPFS24ML-Phrase-SP,123946954384986,605,0.0,159655993543964,FBA79167,B0CPFS24ML,5,Camb- Gaming Desk-B0CPFS24ML-Phrase-SP,0,FBA79167,WM-GD07-CB,White Mulberry,Desk,Gaming Desk,
2026-06-23,1,149.55,Camb- Gaming Desk-B0CPFS24ML-Phrase-SP,123946954384986,592,7372.03,159655993543964,FBA79167,B0CPFS24ML,13,Camb- Gaming Desk-B0CPFS24ML-Phrase-SP,1,FBA79167,WM-GD07-CB,White Mulberry,Desk,Gaming Desk,
2026-06-24,0,69.33,Camb- Gaming Desk-B0CPFS24ML-Phrase-SP,123946954384986,607,0.0,159655993543964,FBA79167,B0CPFS24ML,6,Camb- Gaming Desk-B0CPFS24ML-Phrase-SP,0,FBA79167,WM-GD07-CB,White Mulberry,Desk,Gaming Desk,
2026-06-25,0,137.25,Camb- Gaming Desk-B0CPFS24ML-Phrase-SP,123946954384986,642,0.0,159655993543964,FBA79167,B0CPFS24ML,12,Camb- Gaming Desk-B0CPFS24ML-Phrase-SP,0,FBA79167,WM-GD07-CB,White Mulberry,Desk,Gaming Desk,
2026-06-26,0,198.6,Camb- Gaming Desk-B0CPFS24ML-Phrase-SP,123946954384986,1519,0.0,159655993543964,FBA79167,B0CPFS24ML,15,Camb- Gaming Desk-B0CPFS24ML-Phrase-SP,0,FBA79167,WM-GD07-CB,White Mulberry,Desk,Gaming Desk,
2026-06-27,0,209.99,Camb- Gaming Desk-B0CPFS24ML-Phrase-SP,123946954384986,1664,0.0,159655993543964,FBA79167,B0CPFS24ML,17,Camb- Gaming Desk-B0CPFS24ML-Phrase-SP,0,FBA79167,WM-GD07-CB,White Mulberry,Desk,Gaming Desk,
2026-06-28,0,198.13,Camb- Gaming Desk-B0CPFS24ML-Phrase-SP,123946954384986,2092,0.0,159655993543964,FBA79167,B0CPFS24ML,14,Camb- Gaming Desk-B0CPFS24ML-Phrase-SP,0,FBA79167,WM-GD07-CB,White Mulberry,Desk,Gaming Desk,
2026-06-29,0,181.93,Camb- Gaming Desk-B0CPFS24ML-Phrase-SP,123946954384986,1585,0.0,159655993543964,FBA79167,B0CPFS24ML,14,Camb- Gaming Desk-B0CPFS24ML-Phrase-SP,0,FBA79167,WM-GD07-CB,White Mulberry,Desk,Gaming Desk,
2026-06-30,0,164.2,Camb- Gaming Desk-B0CPFS24ML-Phrase-SP,123946954384986,930,0.0,159655993543964,FBA79167,B0CPFS24ML,12,Camb- Gaming Desk-B0CPFS24ML-Phrase-SP,0,FBA79167,WM-GD07-CB,White Mulberry,Desk,Gaming Desk,
2026-06-25,0,49.78,White Mulberry L-Shaped Desk-B0BFVMDJ2K-PT-SP,84335100495107,370,0.0,184727165134203,FBA76417,B0BFVMDJ2K,4,White Mulberry L-Shaped Desk-B0BFVMDJ2K-PT-SP,0,FBA76417,WM-LOD-WH,White Mulberry,Desk,L-Shaped Desk,
2026-06-26,0,161.75,White Mulberry L-Shaped Desk-B0BFVMDJ2K-PT-SP,84335100495107,649,0.0,184727165134203,FBA76417,B0BFVMDJ2K,10,White Mulberry L-Shaped Desk-B0BFVMDJ2K-PT-SP,0,FBA76417,WM-LOD-WH,White Mulberry,Desk,L-Shaped Desk,
2026-06-27,0,152.07,White Mulberry L-Shaped Desk-B0BFVMDJ2K-PT-SP,84335100495107,1252,0.0,184727165134203,FBA76417,B0BFVMDJ2K,9,White Mulberry L-Shaped Desk-B0BFVMDJ2K-PT-SP,0,FBA76417,WM-LOD-WH,White Mulberry,Desk,L-Shaped Desk,
2026-06-28,0,144.64,White Mulberry L-Shaped Desk-B0BFVMDJ2K-PT-SP,84335100495107,1393,0.0,184727165134203,FBA76417,B0BFVMDJ2K,9,White Mulberry L-Shaped Desk-B0BFVMDJ2K-PT-SP,0,FBA76417,WM-LOD-WH,White Mulberry,Desk,L-Shaped Desk,
2026-06-29,0,162.21,White Mulberry L-Shaped Desk-B0BFVMDJ2K-PT-SP,84335100495107,1337,0.0,184727165134203,FBA76417,B0BFVMDJ2K,9,White Mulberry L-Shaped Desk-B0BFVMDJ2K-PT-SP,0,FBA76417,WM-LOD-WH,White Mulberry,Desk,L-Shaped Desk,
2026-06-30,0,210.69,White Mulberry L-Shaped Desk-B0BFVMDJ2K-PT-SP,84335100495107,2106,0.0,184727165134203,FBA76417,B0BFVMDJ2K,11,White Mulberry L-Shaped Desk-B0BFVMDJ2K-PT-SP,0,FBA76417,WM-LOD-WH,White Mulberry,Desk,L-Shaped Desk,
2026-06-25,0,160.24,White Mulberry L-Shape Corner Desk-B0BFVMDJ2K-BM-SP,112671401667830,1923,0.0,8104856647790,FBA76417,B0BFVMDJ2K,10,White Mulberry L-Shape Corner Desk-B0BFVMDJ2K-BM(1)-SP,0,FBA76417,WM-LOD-WH,White Mulberry,Desk,L-Shaped Desk,
2026-06-26,0,211.78,White Mulberry L-Shape Corner Desk-B0BFVMDJ2K-BM-SP,112671401667830,2784,0.0,8104856647790,FBA76417,B0BFVMDJ2K,15,White Mulberry L-Shape Corner Desk-B0BFVMDJ2K-BM(1)-SP,0,FBA76417,WM-LOD-WH,White Mulberry,Desk,L-Shaped Desk,
2026-06-27,0,181.0,White Mulberry L-Shape Corner Desk-B0BFVMDJ2K-BM-SP,112671401667830,1653,0.0,8104856647790,FBA76417,B0BFVMDJ2K,11,White Mulberry L-Shape Corner Desk-B0BFVMDJ2K-BM(1)-SP,0,FBA76417,WM-LOD-WH,White Mulberry,Desk,L-Shaped Desk,
2026-06-28,0,180.17,White Mulberry L-Shape Corner Desk-B0BFVMDJ2K-BM-SP,112671401667830,1907,0.0,8104856647790,FBA76417,B0BFVMDJ2K,12,White Mulberry L-Shape Corner Desk-B0BFVMDJ2K-BM(1)-SP,0,FBA76417,WM-LOD-WH,White Mulberry,Desk,L-Shaped Desk,
2026-06-29,0,187.49,White Mulberry L-Shape Corner Desk-B0BFVMDJ2K-BM-SP,112671401667830,2944,0.0,8104856647790,FBA76417,B0BFVMDJ2K,13,White Mulberry L-Shape Corner Desk-B0BFVMDJ2K-BM(1)-SP,0,FBA76417,WM-LOD-WH,White Mulberry,Desk,L-Shaped Desk,
2026-06-30,0,201.95,White Mulberry L-Shape Corner Desk-B0BFVMDJ2K-BM-SP,112671401667830,5069,0.0,8104856647790,FBA76417,B0BFVMDJ2K,15,White Mulberry L-Shape Corner Desk-B0BFVMDJ2K-BM(1)-SP,0,FBA76417,WM-LOD-WH,White Mulberry,Desk,L-Shaped Desk,
2026-06-25,0,151.63,White Mulberry L-Shaped Desk-B0BFVMDJ2K-BM-SP,77025523732246,2962,0.0,202691154895281,FBA76417,B0BFVMDJ2K,12,White Mulberry L-Shaped Desk-B0BFVMDJ2K-BM-1-SP,0,FBA76417,WM-LOD-WH,White Mulberry,Desk,L-Shaped Desk,
2026-06-26,0,160.98,White Mulberry L-Shaped Desk-B0BFVMDJ2K-BM-SP,77025523732246,1584,0.0,202691154895281,FBA76417,B0BFVMDJ2K,9,White Mulberry L-Shaped Desk-B0BFVMDJ2K-BM-1-SP,0,FBA76417,WM-LOD-WH,White Mulberry,Desk,L-Shaped Desk,
2026-06-25,0,157.95,White Mulberry L-Shaped Desk-B0BFVMDJ2K-AT-SP,127788110712070,1495,0.0,295429149919412,FBA76417,B0BFVMDJ2K,10,White Mulberry L-Shaped Desk-B0BFVMDJ2K-AT-SP,0,FBA76417,WM-LOD-WH,White Mulberry,Desk,L-Shaped Desk,
2026-06-26,0,200.78,White Mulberry L-Shaped Desk-B0BFVMDJ2K-AT-SP,127788110712070,1891,0.0,295429149919412,FBA76417,B0BFVMDJ2K,12,White Mulberry L-Shaped Desk-B0BFVMDJ2K-AT-SP,0,FBA76417,WM-LOD-WH,White Mulberry,Desk,L-Shaped Desk,
2026-06-27,0,206.47,White Mulberry L-Shaped Desk-B0BFVMDJ2K-AT-SP,127788110712070,2622,0.0,295429149919412,FBA76417,B0BFVMDJ2K,13,White Mulberry L-Shaped Desk-B0BFVMDJ2K-AT-SP,0,FBA76417,WM-LOD-WH,White Mulberry,Desk,L-Shaped Desk,
2026-06-28,0,195.68,White Mulberry L-Shaped Desk-B0BFVMDJ2K-AT-SP,127788110712070,2201,0.0,295429149919412,FBA76417,B0BFVMDJ2K,12,White Mulberry L-Shaped Desk-B0BFVMDJ2K-AT-SP,0,FBA76417,WM-LOD-WH,White Mulberry,Desk,L-Shaped Desk,
2026-06-29,0,209.94,White Mulberry L-Shaped Desk-B0BFVMDJ2K-AT-SP,127788110712070,1652,0.0,295429149919412,FBA76417,B0BFVMDJ2K,12,White Mulberry L-Shaped Desk-B0BFVMDJ2K-AT-SP,0,FBA76417,WM-LOD-WH,White Mulberry,Desk,L-Shaped Desk,
2026-06-30,0,285.42,White Mulberry L-Shaped Desk-B0BFVMDJ2K-AT-SP,127788110712070,2803,0.0,295429149919412,FBA76417,B0BFVMDJ2K,17,White Mulberry L-Shaped Desk-B0BFVMDJ2K-AT-SP,0,FBA76417,WM-LOD-WH,White Mulberry,Desk,L-Shaped Desk,
2026-06-25,0,12.83,White Mulberry L-Shape Corner Desk-B0BFVMDJ2K-BM-2--SP,136223121722055,274,0.0,178249845638833,FBA76417,B0BFVMDJ2K,1,White Mulberry L-Shape Corner Desk-B0BFVMDJ2K-BM-2--SP,0,FBA76417,WM-LOD-WH,White Mulberry,Desk,L-Shaped Desk,
2026-06-26,0,115.81,White Mulberry L-Shape Corner Desk-B0BFVMDJ2K-BM-2--SP,136223121722055,1339,0.0,178249845638833,FBA76417,B0BFVMDJ2K,7,White Mulberry L-Shape Corner Desk-B0BFVMDJ2K-BM-2--SP,0,FBA76417,WM-LOD-WH,White Mulberry,Desk,L-Shaped Desk,
2026-06-27,1,199.06,White Mulberry L-Shape Corner Desk-B0BFVMDJ2K-BM-2--SP,136223121722055,2848,7075.42,178249845638833,FBA76417,B0BFVMDJ2K,13,White Mulberry L-Shape Corner Desk-B0BFVMDJ2K-BM-2--SP,1,FBA76417,WM-LOD-WH,White Mulberry,Desk,L-Shaped Desk,
2026-06-28,0,160.99,White Mulberry L-Shape Corner Desk-B0BFVMDJ2K-BM-2--SP,136223121722055,2108,0.0,178249845638833,FBA76417,B0BFVMDJ2K,10,White Mulberry L-Shape Corner Desk-B0BFVMDJ2K-BM-2--SP,0,FBA76417,WM-LOD-WH,White Mulberry,Desk,L-Shaped Desk,
2026-06-29,0,93.46,White Mulberry L-Shape Corner Desk-B0BFVMDJ2K-BM-2--SP,136223121722055,1953,0.0,178249845638833,FBA76417,B0BFVMDJ2K,6,White Mulberry L-Shape Corner Desk-B0BFVMDJ2K-BM-2--SP,0,FBA76417,WM-LOD-WH,White Mulberry,Desk,L-Shaped Desk,
2026-06-30,0,218.11,White Mulberry L-Shape Corner Desk-B0BFVMDJ2K-BM-2--SP,136223121722055,2307,0.0,178249845638833,FBA76417,B0BFVMDJ2K,14,White Mulberry L-Shape Corner Desk-B0BFVMDJ2K-BM-2--SP,0,FBA76417,WM-LOD-WH,White Mulberry,Desk,L-Shaped Desk,
2026-06-25,0,152.51,White Mulberry L-Shaped Desk-B0BFVMDJ2K-CT-SP,122486618578318,2927,0.0,222988660664992,FBA76417,B0BFVMDJ2K,12,White Mulberry L-Shaped Desk-B0BFVMDJ2K-CT-SP,0,FBA76417,WM-LOD-WH,White Mulberry,Desk,L-Shaped Desk,
2026-06-26,0,185.61,White Mulberry L-Shaped Desk-B0BFVMDJ2K-CT-SP,122486618578318,2911,0.0,222988660664992,FBA76417,B0BFVMDJ2K,12,White Mulberry L-Shaped Desk-B0BFVMDJ2K-CT-SP,0,FBA76417,WM-LOD-WH,White Mulberry,Desk,L-Shaped Desk,
2026-06-27,0,230.46,White Mulberry L-Shaped Desk-B0BFVMDJ2K-CT-SP,122486618578318,1323,0.0,222988660664992,FBA76417,B0BFVMDJ2K,16,White Mulberry L-Shaped Desk-B0BFVMDJ2K-CT-SP,0,FBA76417,WM-LOD-WH,White Mulberry,Desk,L-Shaped Desk,
2026-06-28,0,219.74,White Mulberry L-Shaped Desk-B0BFVMDJ2K-CT-SP,122486618578318,2644,0.0,222988660664992,FBA76417,B0BFVMDJ2K,13,White Mulberry L-Shaped Desk-B0BFVMDJ2K-CT-SP,0,FBA76417,WM-LOD-WH,White Mulberry,Desk,L-Shaped Desk,
2026-06-29,0,236.04,White Mulberry L-Shaped Desk-B0BFVMDJ2K-CT-SP,122486618578318,1208,0.0,222988660664992,FBA76417,B0BFVMDJ2K,13,White Mulberry L-Shaped Desk-B0BFVMDJ2K-CT-SP,0,FBA76417,WM-LOD-WH,White Mulberry,Desk,L-Shaped Desk,
2026-06-30,0,251.13,White Mulberry L-Shaped Desk-B0BFVMDJ2K-CT-SP,122486618578318,2634,0.0,222988660664992,FBA76417,B0BFVMDJ2K,14,White Mulberry L-Shaped Desk-B0BFVMDJ2K-CT-SP,0,FBA76417,WM-LOD-WH,White Mulberry,Desk,L-Shaped Desk,
2026-06-25,0,30.88,White Mulberry L-Shape Corner Desk-B0BFVMDJ2K-PT-SP,29550096334157,67,0.0,199325005431936,FBA76417,B0BFVMDJ2K,2,White Mulberry L-Shape Corner Desk-B0BFVMDJ2K-PT-SP,0,FBA76417,WM-LOD-WH,White Mulberry,Desk,L-Shaped Desk,
2026-06-26,0,0.0,White Mulberry L-Shape Corner Desk-B0BFVMDJ2K-PT-SP,29550096334157,41,0.0,199325005431936,FBA76417,B0BFVMDJ2K,0,White Mulberry L-Shape Corner Desk-B0BFVMDJ2K-PT-SP,0,FBA76417,WM-LOD-WH,White Mulberry,Desk,L-Shaped Desk,
2026-06-25,0,162.4,White Mulberry L-Shape Corner Desk-B0BFVMDJ2K-CT-SP,238934270240986,2046,0.0,5393580881449,FBA76417,B0BFVMDJ2K,10,White Mulberry L-Shape Corner Desk-B0BFVMDJ2K-CT-SP,0,FBA76417,WM-LOD-WH,White Mulberry,Desk,L-Shaped Desk,
2026-06-26,0,159.05,White Mulberry L-Shape Corner Desk-B0BFVMDJ2K-CT-SP,238934270240986,5441,0.0,5393580881449,FBA76417,B0BFVMDJ2K,16,White Mulberry L-Shape Corner Desk-B0BFVMDJ2K-CT-SP,0,FBA76417,WM-LOD-WH,White Mulberry,Desk,L-Shaped Desk,
2026-06-25,0,0.0,White Mulberry L-Shaped Desk-B0BFVMDJ2K-BM-2-SP,204350451885911,19,0.0,111685037193262,FBA76417,B0BFVMDJ2K,0,White Mulberry L-Shaped Desk-B0BFVMDJ2K-BM-2-SP,0,FBA76417,WM-LOD-WH,White Mulberry,Desk,L-Shaped Desk,
2026-06-26,0,0.0,White Mulberry L-Shaped Desk-B0BFVMDJ2K-BM-2-SP,204350451885911,4,0.0,111685037193262,FBA76417,B0BFVMDJ2K,0,White Mulberry L-Shaped Desk-B0BFVMDJ2K-BM-2-SP,0,FBA76417,WM-LOD-WH,White Mulberry,Desk,L-Shaped Desk,
2026-06-25,0,160.58,White Mulberry L-Shape-B0BFVMDJ2K-B0BFVMDJ2K-AT-SP,62510103108635,1191,0.0,358296065705463,FBA76417,B0BFVMDJ2K,10,White Mulberry L-Shape-B0BFVMDJ2K-B0BFVMDJ2K-AT-SP,0,FBA76417,WM-LOD-WH,White Mulberry,Desk,L-Shaped Desk,
2026-06-26,0,153.76,White Mulberry L-Shape-B0BFVMDJ2K-B0BFVMDJ2K-AT-SP,62510103108635,2412,0.0,358296065705463,FBA76417,B0BFVMDJ2K,9,White Mulberry L-Shape-B0BFVMDJ2K-B0BFVMDJ2K-AT-SP,0,FBA76417,WM-LOD-WH,White Mulberry,Desk,L-Shaped Desk,
2026-06-27,0,204.76,White Mulberry L-Shaped Desk-B0BFWD6SNF-CT-SP,122200237335741,2137,0.0,18350657528584,FBA76415,B0BFWD6SNF,15,White Mulberry L-Shaped Desk-B0BFWD6SNF-CT-SP,0,FBA76415,WM-LOD-CF,White Mulberry,Desk,L-Shaped Desk,
2026-06-28,0,188.15,White Mulberry L-Shaped Desk-B0BFWD6SNF-CT-SP,122200237335741,1552,0.0,18350657528584,FBA76415,B0BFWD6SNF,11,White Mulberry L-Shaped Desk-B0BFWD6SNF-CT-SP,0,FBA76415,WM-LOD-CF,White Mulberry,Desk,L-Shaped Desk,
2026-06-29,0,189.24,White Mulberry L-Shaped Desk-B0BFWD6SNF-CT-SP,122200237335741,3221,0.0,18350657528584,FBA76415,B0BFWD6SNF,12,White Mulberry L-Shaped Desk-B0BFWD6SNF-CT-SP,0,FBA76415,WM-LOD-CF,White Mulberry,Desk,L-Shaped Desk,
2026-06-30,0,233.6,White Mulberry L-Shaped Desk-B0BFWD6SNF-CT-SP,122200237335741,7718,0.0,18350657528584,FBA76415,B0BFWD6SNF,14,White Mulberry L-Shaped Desk-B0BFWD6SNF-CT-SP,0,FBA76415,WM-LOD-CF,White Mulberry,Desk,L-Shaped Desk,
2026-06-09,0,159.28,SP AT_Monitor Arm,351358093777691,1608,0.0,331174861715873,B0DB5VG39T,B0DB5VG39T,10,WM-SP- Monitor Arms- Multi Asins - AT,0,FBA79476,WM-GS1M-BK,White Mulberry,Monitor Arm,Monitor Arm,
2026-06-10,1,324.69,SP AT_Monitor Arm,351358093777691,6540,2783.9,331174861715873,B0DB5VG39T,B0DB5VG39T,19,WM-SP- Monitor Arms- Multi Asins - AT,1,FBA79476,WM-GS1M-BK,White Mulberry,Monitor Arm,Monitor Arm,
2026-06-11,0,148.81,SP AT_Monitor Arm,351358093777691,809,0.0,331174861715873,B0DB5VG39T,B0DB5VG39T,6,WM-SP- Monitor Arms- Multi Asins - AT,0,FBA79476,WM-GS1M-BK,White Mulberry,Monitor Arm,Monitor Arm,
2026-06-12,0,141.68,SP AT_Monitor Arm,351358093777691,431,0.0,331174861715873,B0DB5VG39T,B0DB5VG39T,7,WM-SP- Monitor Arms- Multi Asins - AT,0,FBA79476,WM-GS1M-BK,White Mulberry,Monitor Arm,Monitor Arm,
2026-06-17,0,82.16,SP AT_Monitor Arm,351358093777691,213,0.0,331174861715873,B0DB5VG39T,B0DB5VG39T,3,WM-SP- Monitor Arms- Multi Asins - AT,0,FBA79476,WM-GS1M-BK,White Mulberry,Monitor Arm,Monitor Arm,
2026-06-18,0,247.4,SP AT_Monitor Arm,351358093777691,748,0.0,331174861715873,B0DB5VG39T,B0DB5VG39T,11,WM-SP- Monitor Arms- Multi Asins - AT,0,FBA79476,WM-GS1M-BK,White Mulberry,Monitor Arm,Monitor Arm,
2026-06-19,0,205.85,SP AT_Monitor Arm,351358093777691,1310,0.0,331174861715873,B0DB5VG39T,B0DB5VG39T,10,WM-SP- Monitor Arms- Multi Asins - AT,0,FBA79476,WM-GS1M-BK,White Mulberry,Monitor Arm,Monitor Arm,
2026-06-20,0,165.74,SP AT_Monitor Arm,351358093777691,717,0.0,331174861715873,B0DB5VG39T,B0DB5VG39T,7,WM-SP- Monitor Arms- Multi Asins - AT,0,FBA79476,WM-GS1M-BK,White Mulberry,Monitor Arm,Monitor Arm,
2026-06-21,0,121.99,SP AT_Monitor Arm,351358093777691,756,0.0,331174861715873,B0DB5VG39T,B0DB5VG39T,6,WM-SP- Monitor Arms- Multi Asins - AT,0,FBA79476,WM-GS1M-BK,White Mulberry,Monitor Arm,Monitor Arm,
2026-06-01,0,246.4,SP AT_Monitor Arm,351358093777691,1113,0.0,331174861715873,B0DB5VVPSB,B0DB5VVPSB,13,WM-SP- Monitor Arms- Multi Asins - AT,0,FBA79477,WM-GS2M-BK,White Mulberry,Monitor Arm,Monitor Arm,
2026-06-02,0,176.46,SP AT_Monitor Arm,351358093777691,950,0.0,331174861715873,B0DB5VVPSB,B0DB5VVPSB,11,WM-SP- Monitor Arms- Multi Asins - AT,0,FBA79477,WM-GS2M-BK,White Mulberry,Monitor Arm,Monitor Arm,
2026-06-03,0,261.79,SP AT_Monitor Arm,351358093777691,800,0.0,331174861715873,B0DB5VVPSB,B0DB5VVPSB,12,WM-SP- Monitor Arms- Multi Asins - AT,0,FBA79477,WM-GS2M-BK,White Mulberry,Monitor Arm,Monitor Arm,
2026-06-04,0,138.48,SP AT_Monitor Arm,351358093777691,1953,0.0,331174861715873,B0DB5VVPSB,B0DB5VVPSB,8,WM-SP- Monitor Arms- Multi Asins - AT,0,FBA79477,WM-GS2M-BK,White Mulberry,Monitor Arm,Monitor Arm,
2026-06-05,0,254.95,SP AT_Monitor Arm,351358093777691,2252,0.0,331174861715873,B0DB5VVPSB,B0DB5VVPSB,15,WM-SP- Monitor Arms- Multi Asins - AT,0,FBA79477,WM-GS2M-BK,White Mulberry,Monitor Arm,Monitor Arm,
2026-06-07,0,0.0,SP AT_Monitor Arm,351358093777691,0,0.0,331174861715873,B0DB5VVPSB,B0DB5VVPSB,0,WM-SP- Monitor Arms- Multi Asins - AT,0,FBA79477,WM-GS2M-BK,White Mulberry,Monitor Arm,Monitor Arm,
2026-06-08,0,0.0,SP AT_Monitor Arm,351358093777691,0,0.0,331174861715873,B0DB5VVPSB,B0DB5VVPSB,0,WM-SP- Monitor Arms- Multi Asins - AT,0,FBA79477,WM-GS2M-BK,White Mulberry,Monitor Arm,Monitor Arm,
2026-06-09,0,0.0,SP AT_Monitor Arm,351358093777691,0,0.0,331174861715873,B0DB5VVPSB,B0DB5VVPSB,0,WM-SP- Monitor Arms- Multi Asins - AT,0,FBA79477,WM-GS2M-BK,White Mulberry,Monitor Arm,Monitor Arm,
2026-06-10,0,0.0,SP AT_Monitor Arm,351358093777691,0,0.0,331174861715873,B0DB5VVPSB,B0DB5VVPSB,0,WM-SP- Monitor Arms- Multi Asins - AT,0,FBA79477,WM-GS2M-BK,White Mulberry,Monitor Arm,Monitor Arm,
2026-06-12,0,0.0,SP AT_Monitor Arm,351358093777691,0,0.0,331174861715873,B0DB5VVPSB,B0DB5VVPSB,0,WM-SP- Monitor Arms- Multi Asins - AT,0,FBA79477,WM-GS2M-BK,White Mulberry,Monitor Arm,Monitor Arm,
2026-06-15,0,0.0,SP AT_Monitor Arm,351358093777691,0,0.0,331174861715873,B0DB5VVPSB,B0DB5VVPSB,0,WM-SP- Monitor Arms- Multi Asins - AT,0,FBA79477,WM-GS2M-BK,White Mulberry,Monitor Arm,Monitor Arm,
2026-06-16,0,0.0,SP AT_Monitor Arm,351358093777691,0,0.0,331174861715873,B0DB5VVPSB,B0DB5VVPSB,0,WM-SP- Monitor Arms- Multi Asins - AT,0,FBA79477,WM-GS2M-BK,White Mulberry,Monitor Arm,Monitor Arm,
2026-06-01,0,95.03,SP AT_Monitor Arm,351358093777691,914,0.0,331174861715873,B0DP2Z5DQ9,B0DP2Z5DQ9,4,WM-SP- Monitor Arms- Multi Asins - AT,0,FBA79615,VLMS1ML,White Mulberry,Monitor Arm,Monitor Arm,
2026-06-02,0,175.53,SP AT_Monitor Arm,351358093777691,1039,0.0,331174861715873,B0DP2Z5DQ9,B0DP2Z5DQ9,10,WM-SP- Monitor Arms- Multi Asins - AT,0,FBA79615,VLMS1ML,White Mulberry,Monitor Arm,Monitor Arm,
2026-06-03,0,60.96,SP AT_Monitor Arm,351358093777691,330,0.0,331174861715873,B0DP2Z5DQ9,B0DP2Z5DQ9,2,WM-SP- Monitor Arms- Multi Asins - AT,0,FBA79615,VLMS1ML,White Mulberry,Monitor Arm,Monitor Arm,
2026-06-04,0,71.32,SP AT_Monitor Arm,351358093777691,3457,0.0,331174861715873,B0DP2Z5DQ9,B0DP2Z5DQ9,5,WM-SP- Monitor Arms- Multi Asins - AT,0,FBA79615,VLMS1ML,White Mulberry,Monitor Arm,Monitor Arm,
2026-06-05,0,60.7,SP AT_Monitor Arm,351358093777691,3993,0.0,331174861715873,B0DP2Z5DQ9,B0DP2Z5DQ9,3,WM-SP- Monitor Arms- Multi Asins - AT,0,FBA79615,VLMS1ML,White Mulberry,Monitor Arm,Monitor Arm,
2026-06-06,0,151.67,SP AT_Monitor Arm,351358093777691,5542,0.0,331174861715873,B0DP2Z5DQ9,B0DP2Z5DQ9,10,WM-SP- Monitor Arms- Multi Asins - AT,0,FBA79615,VLMS1ML,White Mulberry,Monitor Arm,Monitor Arm,
2026-06-07,0,111.17,SP AT_Monitor Arm,351358093777691,2794,0.0,331174861715873,B0DP2Z5DQ9,B0DP2Z5DQ9,7,WM-SP- Monitor Arms- Multi Asins - AT,0,FBA79615,VLMS1ML,White Mulberry,Monitor Arm,Monitor Arm,
2026-06-08,1,307.97,SP AT_Monitor Arm,351358093777691,9598,2783.9,331174861715873,B0DP2Z5DQ9,B0DP2Z5DQ9,21,WM-SP- Monitor Arms- Multi Asins - AT,1,FBA79615,VLMS1ML,White Mulberry,Monitor Arm,Monitor Arm,
2026-06-09,0,125.68,SP AT_Monitor Arm,351358093777691,3393,0.0,331174861715873,B0DP2Z5DQ9,B0DP2Z5DQ9,9,WM-SP- Monitor Arms- Multi Asins - AT,0,FBA79615,VLMS1ML,White Mulberry,Monitor Arm,Monitor Arm,
2026-06-10,0,0.0,SP AT_Monitor Arm,351358093777691,1,0.0,331174861715873,B0DP2Z5DQ9,B0DP2Z5DQ9,0,WM-SP- Monitor Arms- Multi Asins - AT,0,FBA79615,VLMS1ML,White Mulberry,Monitor Arm,Monitor Arm,
2026-06-11,0,58.94,SP AT_Monitor Arm,351358093777691,406,0.0,331174861715873,B0DP2Z5DQ9,B0DP2Z5DQ9,3,WM-SP- Monitor Arms- Multi Asins - AT,0,FBA79615,VLMS1ML,White Mulberry,Monitor Arm,Monitor Arm,
2026-06-01,0,32.61,SP AT_Monitor Arm,351358093777691,1125,0.0,331174861715873,B0DP32F346,B0DP32F346,2,WM-SP- Monitor Arms- Multi Asins - AT,0,FBA79617,HDWF1ML,White Mulberry,Monitor Arm,Monitor Arm,
2026-06-02,0,41.47,SP AT_Monitor Arm,351358093777691,2121,0.0,331174861715873,B0DP32F346,B0DP32F346,2,WM-SP- Monitor Arms- Multi Asins - AT,0,FBA79617,HDWF1ML,White Mulberry,Monitor Arm,Monitor Arm,
2026-06-03,0,0.0,SP AT_Monitor Arm,351358093777691,121,0.0,331174861715873,B0DP32F346,B0DP32F346,0,WM-SP- Monitor Arms- Multi Asins - AT,0,FBA79617,HDWF1ML,White Mulberry,Monitor Arm,Monitor Arm,
2026-06-04,0,114.78,SP AT_Monitor Arm,351358093777691,4138,0.0,331174861715873,B0DP32F346,B0DP32F346,5,WM-SP- Monitor Arms- Multi Asins - AT,0,FBA79617,HDWF1ML,White Mulberry,Monitor Arm,Monitor Arm,
2026-06-05,0,41.54,SP AT_Monitor Arm,351358093777691,3172,0.0,331174861715873,B0DP32F346,B0DP32F346,2,WM-SP- Monitor Arms- Multi Asins - AT,0,FBA79617,HDWF1ML,White Mulberry,Monitor Arm,Monitor Arm,
2026-06-06,0,214.6,SP AT_Monitor Arm,351358093777691,6504,0.0,331174861715873,B0DP32F346,B0DP32F346,15,WM-SP- Monitor Arms- Multi Asins - AT,0,FBA79617,HDWF1ML,White Mulberry,Monitor Arm,Monitor Arm,
2026-06-07,0,174.91,SP AT_Monitor Arm,351358093777691,4726,0.0,331174861715873,B0DP32F346,B0DP32F346,11,WM-SP- Monitor Arms- Multi Asins - AT,0,FBA79617,HDWF1ML,White Mulberry,Monitor Arm,Monitor Arm,
2026-06-09,0,0.0,SP AT_Monitor Arm,351358093777691,0,0.0,331174861715873,B0DP32F346,B0DP32F346,0,WM-SP- Monitor Arms- Multi Asins - AT,0,FBA79617,HDWF1ML,White Mulberry,Monitor Arm,Monitor Arm,
2026-06-20,0,0.0,SP AT_Monitor Arm,351358093777691,0,0.0,331174861715873,B0DP32F346,B0DP32F346,0,WM-SP- Monitor Arms- Multi Asins - AT,0,FBA79617,HDWF1ML,White Mulberry,Monitor Arm,Monitor Arm,
2026-06-17,0,40.66,SP AT_Monitor Arm,351358093777691,553,0.0,331174861715873,B0DP2VVRND,B0DP2VVRND,3,WM-SP- Monitor Arms- Multi Asins - AT,0,FBA79613,MS1ML,White Mulberry,Monitor Arm,Monitor Arm,
2026-06-18,1,168.77,SP AT_Monitor Arm,351358093777691,700,1736.44,331174861715873,B0DP2VVRND,B0DP2VVRND,9,WM-SP- Monitor Arms- Multi Asins - AT,1,FBA79613,MS1ML,White Mulberry,Monitor Arm,Monitor Arm,
2026-06-19,1,164.8,SP AT_Monitor Arm,351358093777691,1641,1694.07,331174861715873,B0DP2VVRND,B0DP2VVRND,11,WM-SP- Monitor Arms- Multi Asins - AT,1,FBA79613,MS1ML,White Mulberry,Monitor Arm,Monitor Arm,
2026-06-20,0,154.02,SP AT_Monitor Arm,351358093777691,1820,0.0,331174861715873,B0DP2VVRND,B0DP2VVRND,7,WM-SP- Monitor Arms- Multi Asins - AT,0,FBA79613,MS1ML,White Mulberry,Monitor Arm,Monitor Arm,
2026-06-21,1,152.54,SP AT_Monitor Arm,351358093777691,1307,1694.07,331174861715873,B0DP2VVRND,B0DP2VVRND,8,WM-SP- Monitor Arms- Multi Asins - AT,1,FBA79613,MS1ML,White Mulberry,Monitor Arm,Monitor Arm,
2026-06-01,0,154.17,SP AT_Monitor Arm,351358093777691,3399,0.0,331174861715873,B0DP2WC5VW,B0DP2WC5VW,11,WM-SP- Monitor Arms- Multi Asins - AT,0,FBA79612,WM1ML,White Mulberry,Monitor Arm,Monitor Arm,
2026-06-02,0,133.14,SP AT_Monitor Arm,351358093777691,4586,0.0,331174861715873,B0DP2WC5VW,B0DP2WC5VW,11,WM-SP- Monitor Arms- Multi Asins - AT,0,FBA79612,WM1ML,White Mulberry,Monitor Arm,Monitor Arm,
2026-06-03,1,102.89,SP AT_Monitor Arm,351358093777691,860,2965.25,331174861715873,B0DP2WC5VW,B0DP2WC5VW,8,WM-SP- Monitor Arms- Multi Asins - AT,1,FBA79612,WM1ML,White Mulberry,Monitor Arm,Monitor Arm,
2026-06-05,0,0.0,SP AT_Monitor Arm,351358093777691,0,0.0,331174861715873,B0DP2WC5VW,B0DP2WC5VW,0,WM-SP- Monitor Arms- Multi Asins - AT,0,FBA79612,WM1ML,White Mulberry,Monitor Arm,Monitor Arm,
2026-06-01,0,415.49,SP KT_Monitor Arm,357248461466975,6882,0.0,330001425422235,B0DB5VG39T,B0DB5VG39T,18,WM-SP-Gas Spring -Multi Asins- Phrase & Exact,0,FBA79476,WM-GS1M-BK,White Mulberry,Monitor Arm,Monitor Arm,
2026-06-02,0,489.17,SP KT_Monitor Arm,357248461466975,12193,0.0,330001425422235,B0DB5VG39T,B0DB5VG39T,23,WM-SP-Gas Spring -Multi Asins- Phrase & Exact,0,FBA79476,WM-GS1M-BK,White Mulberry,Monitor Arm,Monitor Arm,
2026-06-03,0,386.14,SP KT_Monitor Arm,357248461466975,11332,0.0,330001425422235,B0DB5VG39T,B0DB5VG39T,17,WM-SP-Gas Spring -Multi Asins- Phrase & Exact,0,FBA79476,WM-GS1M-BK,White Mulberry,Monitor Arm,Monitor Arm,
2026-06-04,0,243.3,SP KT_Monitor Arm,357248461466975,2427,0.0,330001425422235,B0DB5VG39T,B0DB5VG39T,12,WM-SP-Gas Spring -Multi Asins- Phrase & Exact,0,FBA79476,WM-GS1M-BK,White Mulberry,Monitor Arm,Monitor Arm,
2026-06-05,0,257.2,SP KT_Monitor Arm,357248461466975,3809,0.0,330001425422235,B0DB5VG39T,B0DB5VG39T,11,WM-SP-Gas Spring -Multi Asins- Phrase & Exact,0,FBA79476,WM-GS1M-BK,White Mulberry,Monitor Arm,Monitor Arm,
2026-06-06,0,381.91,SP KT_Monitor Arm,357248461466975,8903,0.0,330001425422235,B0DB5VG39T,B0DB5VG39T,15,WM-SP-Gas Spring -Multi Asins- Phrase & Exact,0,FBA79476,WM-GS1M-BK,White Mulberry,Monitor Arm,Monitor Arm,
2026-06-07,0,286.43,SP KT_Monitor Arm,357248461466975,2751,0.0,330001425422235,B0DB5VG39T,B0DB5VG39T,13,WM-SP-Gas Spring -Multi Asins- Phrase & Exact,0,FBA79476,WM-GS1M-BK,White Mulberry,Monitor Arm,Monitor Arm,
2026-06-08,0,302.6,SP KT_Monitor Arm,357248461466975,7851,0.0,330001425422235,B0DB5VG39T,B0DB5VG39T,14,WM-SP-Gas Spring -Multi Asins- Phrase & Exact,0,FBA79476,WM-GS1M-BK,White Mulberry,Monitor Arm,Monitor Arm,
2026-06-09,0,220.61,SP KT_Monitor Arm,357248461466975,4327,0.0,330001425422235,B0DB5VG39T,B0DB5VG39T,11,WM-SP-Gas Spring -Multi Asins- Phrase & Exact,0,FBA79476,WM-GS1M-BK,White Mulberry,Monitor Arm,Monitor Arm,
2026-06-10,0,205.72,SP KT_Monitor Arm,357248461466975,3446,0.0,330001425422235,B0DB5VG39T,B0DB5VG39T,9,WM-SP-Gas Spring -Multi Asins- Phrase & Exact,0,FBA79476,WM-GS1M-BK,White Mulberry,Monitor Arm,Monitor Arm,
2026-06-11,0,230.18,SP KT_Monitor Arm,357248461466975,2176,0.0,330001425422235,B0DB5VG39T,B0DB5VG39T,7,WM-SP-Gas Spring -Multi Asins- Phrase & Exact,0,FBA79476,WM-GS1M-BK,White Mulberry,Monitor Arm,Monitor Arm,
2026-06-12,0,339.35,SP KT_Monitor Arm,357248461466975,7329,0.0,330001425422235,B0DB5VG39T,B0DB5VG39T,16,WM-SP-Gas Spring -Multi Asins- Phrase & Exact,0,FBA79476,WM-GS1M-BK,White Mulberry,Monitor Arm,Monitor Arm,
2026-06-13,0,361.2,SP KT_Monitor Arm,357248461466975,2925,0.0,330001425422235,B0DB5VG39T,B0DB5VG39T,15,WM-SP-Gas Spring -Multi Asins- Phrase & Exact,0,FBA79476,WM-GS1M-BK,White Mulberry,Monitor Arm,Monitor Arm,
2026-06-14,1,346.65,SP KT_Monitor Arm,357248461466975,5599,2329.66,330001425422235,B0DB5VG39T,B0DB5VG39T,16,WM-SP-Gas Spring -Multi Asins- Phrase & Exact,1,FBA79476,WM-GS1M-BK,White Mulberry,Monitor Arm,Monitor Arm,
2026-06-15,0,256.49,SP KT_Monitor Arm,357248461466975,2986,0.0,330001425422235,B0DB5VG39T,B0DB5VG39T,11,WM-SP-Gas Spring -Multi Asins- Phrase & Exact,0,FBA79476,WM-GS1M-BK,White Mulberry,Monitor Arm,Monitor Arm,
2026-06-16,0,276.04,SP KT_Monitor Arm,357248461466975,4243,0.0,330001425422235,B0DB5VG39T,B0DB5VG39T,12,WM-SP-Gas Spring -Multi Asins- Phrase & Exact,0,FBA79476,WM-GS1M-BK,White Mulberry,Monitor Arm,Monitor Arm,
2026-06-17,1,273.51,SP KT_Monitor Arm,357248461466975,2261,4659.32,330001425422235,B0DB5VG39T,B0DB5VG39T,11,WM-SP-Gas Spring -Multi Asins- Phrase & Exact,2,FBA79476,WM-GS1M-BK,White Mulberry,Monitor Arm,Monitor Arm,
2026-06-18,1,255.78,SP KT_Monitor Arm,357248461466975,1986,4551.32,330001425422235,B0DB5VG39T,B0DB5VG39T,11,WM-SP-Gas Spring -Multi Asins- Phrase & Exact,2,FBA79476,WM-GS1M-BK,White Mulberry,Monitor Arm,Monitor Arm,
2026-06-19,0,276.65,SP KT_Monitor Arm,357248461466975,1662,0.0,330001425422235,B0DB5VG39T,B0DB5VG39T,10,WM-SP-Gas Spring -Multi Asins- Phrase & Exact,0,FBA79476,WM-GS1M-BK,White Mulberry,Monitor Arm,Monitor Arm,
2026-06-20,0,229.4,SP KT_Monitor Arm,357248461466975,2104,0.0,330001425422235,B0DB5VG39T,B0DB5VG39T,9,WM-SP-Gas Spring -Multi Asins- Phrase & Exact,0,FBA79476,WM-GS1M-BK,White Mulberry,Monitor Arm,Monitor Arm,
2026-06-21,0,222.89,SP KT_Monitor Arm,357248461466975,5564,0.0,330001425422235,B0DB5VG39T,B0DB5VG39T,10,WM-SP-Gas Spring -Multi Asins- Phrase & Exact,0,FBA79476,WM-GS1M-BK,White Mulberry,Monitor Arm,Monitor Arm,
2026-06-04,0,0.0,SP KT_Monitor Arm,357248461466975,0,0.0,330001425422235,B0DB5VVPSB,B0DB5VVPSB,0,WM-SP-Gas Spring -Multi Asins- Phrase & Exact,0,FBA79477,WM-GS2M-BK,White Mulberry,Monitor Arm,Monitor Arm,
2026-06-01,0,0.0,CT,333944346920350,103,0.0,445621266644991,B0DB5W4TCP,B0DB5W4TCP,0,WM-SP- Monitor Arms-  B0DP32F346  - CT,0,FBA79478,WM-HA1M-BK,White Mulberry,Monitor Arm,Monitor Arm,
2026-06-02,1,54.64,CT,333944346920350,423,1481.36,445621266644991,B0DB5W4TCP,B0DB5W4TCP,3,WM-SP- Monitor Arms-  B0DP32F346  - CT,1,FBA79478,WM-HA1M-BK,White Mulberry,Monitor Arm,Monitor Arm,
2026-06-03,0,107.49,CT,333944346920350,815,0.0,445621266644991,B0DB5W4TCP,B0DB5W4TCP,5,WM-SP- Monitor Arms-  B0DP32F346  - CT,0,FBA79478,WM-HA1M-BK,White Mulberry,Monitor Arm,Monitor Arm,
2026-06-04,0,159.21,CT,333944346920350,876,0.0,445621266644991,B0DB5W4TCP,B0DB5W4TCP,7,WM-SP- Monitor Arms-  B0DP32F346  - CT,0,FBA79478,WM-HA1M-BK,White Mulberry,Monitor Arm,Monitor Arm,
2026-06-05,1,96.51,CT,333944346920350,787,1450.84,445621266644991,B0DB5W4TCP,B0DB5W4TCP,5,WM-SP- Monitor Arms-  B0DP32F346  - CT,1,FBA79478,WM-HA1M-BK,White Mulberry,Monitor Arm,Monitor Arm,
2026-06-06,0,62.89,CT,333944346920350,860,0.0,445621266644991,B0DB5W4TCP,B0DB5W4TCP,4,WM-SP- Monitor Arms-  B0DP32F346  - CT,0,FBA79478,WM-HA1M-BK,White Mulberry,Monitor Arm,Monitor Arm,
2026-06-07,0,144.66,CT,333944346920350,1423,0.0,445621266644991,B0DB5W4TCP,B0DB5W4TCP,9,WM-SP- Monitor Arms-  B0DP32F346  - CT,0,FBA79478,WM-HA1M-BK,White Mulberry,Monitor Arm,Monitor Arm,
2026-06-08,0,172.6,CT,333944346920350,1783,0.0,445621266644991,B0DB5W4TCP,B0DB5W4TCP,8,WM-SP- Monitor Arms-  B0DP32F346  - CT,0,FBA79478,WM-HA1M-BK,White Mulberry,Monitor Arm,Monitor Arm,
2026-06-09,0,168.38,CT,333944346920350,969,0.0,445621266644991,B0DB5W4TCP,B0DB5W4TCP,7,WM-SP- Monitor Arms-  B0DP32F346  - CT,0,FBA79478,WM-HA1M-BK,White Mulberry,Monitor Arm,Monitor Arm,
2026-06-10,0,197.61,CT,333944346920350,1939,0.0,445621266644991,B0DB5W4TCP,B0DB5W4TCP,9,WM-SP- Monitor Arms-  B0DP32F346  - CT,0,FBA79478,WM-HA1M-BK,White Mulberry,Monitor Arm,Monitor Arm,
2026-06-11,0,140.67,CT,333944346920350,1475,0.0,445621266644991,B0DB5W4TCP,B0DB5W4TCP,7,WM-SP- Monitor Arms-  B0DP32F346  - CT,0,FBA79478,WM-HA1M-BK,White Mulberry,Monitor Arm,Monitor Arm,
2026-06-12,0,23.99,CT,333944346920350,408,0.0,445621266644991,B0DB5W4TCP,B0DB5W4TCP,1,WM-SP- Monitor Arms-  B0DP32F346  - CT,0,FBA79478,WM-HA1M-BK,White Mulberry,Monitor Arm,Monitor Arm,
2026-06-13,0,113.74,CT,333944346920350,744,0.0,445621266644991,B0DB5W4TCP,B0DB5W4TCP,5,WM-SP- Monitor Arms-  B0DP32F346  - CT,0,FBA79478,WM-HA1M-BK,White Mulberry,Monitor Arm,Monitor Arm,
2026-06-14,0,165.03,CT,333944346920350,1072,0.0,445621266644991,B0DB5W4TCP,B0DB5W4TCP,7,WM-SP- Monitor Arms-  B0DP32F346  - CT,0,FBA79478,WM-HA1M-BK,White Mulberry,Monitor Arm,Monitor Arm,
2026-06-15,0,117.29,CT,333944346920350,661,0.0,445621266644991,B0DB5W4TCP,B0DB5W4TCP,5,WM-SP- Monitor Arms-  B0DP32F346  - CT,0,FBA79478,WM-HA1M-BK,White Mulberry,Monitor Arm,Monitor Arm,
2026-06-16,0,59.77,CT,333944346920350,1658,0.0,445621266644991,B0DB5W4TCP,B0DB5W4TCP,3,WM-SP- Monitor Arms-  B0DP32F346  - CT,0,FBA79478,WM-HA1M-BK,White Mulberry,Monitor Arm,Monitor Arm,
2026-06-17,0,71.9,CT,333944346920350,1770,0.0,445621266644991,B0DB5W4TCP,B0DB5W4TCP,4,WM-SP- Monitor Arms-  B0DP32F346  - CT,0,FBA79478,WM-HA1M-BK,White Mulberry,Monitor Arm,Monitor Arm,
2026-06-18,0,211.0,CT,333944346920350,1007,0.0,445621266644991,B0DB5W4TCP,B0DB5W4TCP,11,WM-SP- Monitor Arms-  B0DP32F346  - CT,0,FBA79478,WM-HA1M-BK,White Mulberry,Monitor Arm,Monitor Arm,
2026-06-19,0,53.68,CT,333944346920350,610,0.0,445621266644991,B0DB5W4TCP,B0DB5W4TCP,3,WM-SP- Monitor Arms-  B0DP32F346  - CT,0,FBA79478,WM-HA1M-BK,White Mulberry,Monitor Arm,Monitor Arm,
2026-06-20,0,135.48,CT,333944346920350,1468,0.0,445621266644991,B0DB5W4TCP,B0DB5W4TCP,7,WM-SP- Monitor Arms-  B0DP32F346  - CT,0,FBA79478,WM-HA1M-BK,White Mulberry,Monitor Arm,Monitor Arm,
2026-06-21,0,97.47,CT,333944346920350,614,0.0,445621266644991,B0DB5W4TCP,B0DB5W4TCP,5,WM-SP- Monitor Arms-  B0DP32F346  - CT,0,FBA79478,WM-HA1M-BK,White Mulberry,Monitor Arm,Monitor Arm,
2026-06-01,1,101.53,CT,333944346920350,308,2372.03,445621266644991,B0DP2Z5DQ9,B0DP2Z5DQ9,5,WM-SP- Monitor Arms-  B0DP32F346  - CT,1,FBA79615,VLMS1ML,White Mulberry,Monitor Arm,Monitor Arm,
2026-06-02,0,179.4,CT,333944346920350,579,0.0,445621266644991,B0DP2Z5DQ9,B0DP2Z5DQ9,11,WM-SP- Monitor Arms-  B0DP32F346  - CT,0,FBA79615,VLMS1ML,White Mulberry,Monitor Arm,Monitor Arm,
2026-06-03,1,192.58,CT,333944346920350,1752,2783.9,445621266644991,B0DP2Z5DQ9,B0DP2Z5DQ9,10,WM-SP- Monitor Arms-  B0DP32F346  - CT,1,FBA79615,VLMS1ML,White Mulberry,Monitor Arm,Monitor Arm,
2026-06-04,0,225.24,CT,333944346920350,1572,0.0,445621266644991,B0DP2Z5DQ9,B0DP2Z5DQ9,11,WM-SP- Monitor Arms-  B0DP32F346  - CT,0,FBA79615,VLMS1ML,White Mulberry,Monitor Arm,Monitor Arm,
2026-06-05,0,140.18,CT,333944346920350,1098,0.0,445621266644991,B0DP2Z5DQ9,B0DP2Z5DQ9,9,WM-SP- Monitor Arms-  B0DP32F346  - CT,0,FBA79615,VLMS1ML,White Mulberry,Monitor Arm,Monitor Arm,
2026-06-06,0,224.79,CT,333944346920350,1653,0.0,445621266644991,B0DP2Z5DQ9,B0DP2Z5DQ9,12,WM-SP- Monitor Arms-  B0DP32F346  - CT,0,FBA79615,VLMS1ML,White Mulberry,Monitor Arm,Monitor Arm,
2026-06-07,0,174.99,CT,333944346920350,878,0.0,445621266644991,B0DP2Z5DQ9,B0DP2Z5DQ9,11,WM-SP- Monitor Arms-  B0DP32F346  - CT,0,FBA79615,VLMS1ML,White Mulberry,Monitor Arm,Monitor Arm,
2026-06-08,0,148.96,CT,333944346920350,764,0.0,445621266644991,B0DP2Z5DQ9,B0DP2Z5DQ9,7,WM-SP- Monitor Arms-  B0DP32F346  - CT,0,FBA79615,VLMS1ML,White Mulberry,Monitor Arm,Monitor Arm,
2026-06-09,0,57.64,CT,333944346920350,891,0.0,445621266644991,B0DP2Z5DQ9,B0DP2Z5DQ9,3,WM-SP- Monitor Arms-  B0DP32F346  - CT,0,FBA79615,VLMS1ML,White Mulberry,Monitor Arm,Monitor Arm,
2026-06-10,0,0.0,CT,333944346920350,3,0.0,445621266644991,B0DP2Z5DQ9,B0DP2Z5DQ9,0,WM-SP- Monitor Arms-  B0DP32F346  - CT,0,FBA79615,VLMS1ML,White Mulberry,Monitor Arm,Monitor Arm,
2026-06-11,0,178.81,CT,333944346920350,1099,0.0,445621266644991,B0DP2Z5DQ9,B0DP2Z5DQ9,8,WM-SP- Monitor Arms-  B0DP32F346  - CT,0,FBA79615,VLMS1ML,White Mulberry,Monitor Arm,Monitor Arm,
2026-06-12,0,0.0,CT,333944346920350,18,0.0,445621266644991,B0DP2Z5DQ9,B0DP2Z5DQ9,0,WM-SP- Monitor Arms-  B0DP32F346  - CT,0,FBA79615,VLMS1ML,White Mulberry,Monitor Arm,Monitor Arm,
2026-06-13,0,0.0,CT,333944346920350,1,0.0,445621266644991,B0DP2Z5DQ9,B0DP2Z5DQ9,0,WM-SP- Monitor Arms-  B0DP32F346  - CT,0,FBA79615,VLMS1ML,White Mulberry,Monitor Arm,Monitor Arm,
2026-06-14,0,0.0,CT,333944346920350,1,0.0,445621266644991,B0DP2Z5DQ9,B0DP2Z5DQ9,0,WM-SP- Monitor Arms-  B0DP32F346  - CT,0,FBA79615,VLMS1ML,White Mulberry,Monitor Arm,Monitor Arm,
2026-06-15,0,76.97,CT,333944346920350,219,0.0,445621266644991,B0DP2Z5DQ9,B0DP2Z5DQ9,4,WM-SP- Monitor Arms-  B0DP32F346  - CT,0,FBA79615,VLMS1ML,White Mulberry,Monitor Arm,Monitor Arm,
2026-06-16,0,61.19,CT,333944346920350,350,0.0,445621266644991,B0DP2Z5DQ9,B0DP2Z5DQ9,3,WM-SP- Monitor Arms-  B0DP32F346  - CT,0,FBA79615,VLMS1ML,White Mulberry,Monitor Arm,Monitor Arm,
2026-06-17,0,25.64,CT,333944346920350,83,0.0,445621266644991,B0DP2Z5DQ9,B0DP2Z5DQ9,1,WM-SP- Monitor Arms-  B0DP32F346  - CT,0,FBA79615,VLMS1ML,White Mulberry,Monitor Arm,Monitor Arm,
2026-06-01,0,337.0,CT,333944346920350,1554,0.0,445621266644991,B0DP2WC5VW,B0DP2WC5VW,17,WM-SP- Monitor Arms-  B0DP32F346  - CT,0,FBA79612,WM1ML,White Mulberry,Monitor Arm,Monitor Arm,
2026-06-02,1,208.69,CT,333944346920350,1171,2783.9,445621266644991,B0DP2WC5VW,B0DP2WC5VW,10,WM-SP- Monitor Arms-  B0DP32F346  - CT,1,FBA79612,WM1ML,White Mulberry,Monitor Arm,Monitor Arm,
2026-06-03,0,217.04,CT,333944346920350,1428,0.0,445621266644991,B0DP2WC5VW,B0DP2WC5VW,11,WM-SP- Monitor Arms-  B0DP32F346  - CT,0,FBA79612,WM1ML,White Mulberry,Monitor Arm,Monitor Arm,
2026-06-04,0,0.0,CT,333944346920350,0,0.0,445621266644991,B0DP2WC5VW,B0DP2WC5VW,0,WM-SP- Monitor Arms-  B0DP32F346  - CT,0,FBA79612,WM1ML,White Mulberry,Monitor Arm,Monitor Arm,
2026-06-05,0,0.0,CT,333944346920350,0,0.0,445621266644991,B0DP2WC5VW,B0DP2WC5VW,0,WM-SP- Monitor Arms-  B0DP32F346  - CT,0,FBA79612,WM1ML,White Mulberry,Monitor Arm,Monitor Arm,
2026-06-06,0,0.0,CT,333944346920350,0,0.0,445621266644991,B0DP2WC5VW,B0DP2WC5VW,0,WM-SP- Monitor Arms-  B0DP32F346  - CT,0,FBA79612,WM1ML,White Mulberry,Monitor Arm,Monitor Arm,
2026-06-07,0,0.0,CT,333944346920350,0,0.0,445621266644991,B0DP2WC5VW,B0DP2WC5VW,0,WM-SP- Monitor Arms-  B0DP32F346  - CT,0,FBA79612,WM1ML,White Mulberry,Monitor Arm,Monitor Arm,
2026-06-08,0,0.0,CT,333944346920350,0,0.0,445621266644991,B0DP2WC5VW,B0DP2WC5VW,0,WM-SP- Monitor Arms-  B0DP32F346  - CT,0,FBA79612,WM1ML,White Mulberry,Monitor Arm,Monitor Arm,
2026-06-10,0,0.0,CT,333944346920350,0,0.0,445621266644991,B0DP2WC5VW,B0DP2WC5VW,0,WM-SP- Monitor Arms-  B0DP32F346  - CT,0,FBA79612,WM1ML,White Mulberry,Monitor Arm,Monitor Arm,
2026-06-13,0,0.0,CT,333944346920350,0,0.0,445621266644991,B0DP2WC5VW,B0DP2WC5VW,0,WM-SP- Monitor Arms-  B0DP32F346  - CT,0,FBA79612,WM1ML,White Mulberry,Monitor Arm,Monitor Arm,
2026-06-01,0,12.54,CT,333944346920350,91,0.0,445621266644991,FBA79617,B0DP32F346,1,WM-SP- Monitor Arms-  B0DP32F346  - CT,0,FBA79617,HDWF1ML,White Mulberry,Monitor Arm,Monitor Arm,
2026-06-02,0,13.0,CT,333944346920350,272,0.0,445621266644991,FBA79617,B0DP32F346,1,WM-SP- Monitor Arms-  B0DP32F346  - CT,0,FBA79617,HDWF1ML,White Mulberry,Monitor Arm,Monitor Arm,
2026-06-03,0,48.7,CT,333944346920350,487,0.0,445621266644991,FBA79617,B0DP32F346,4,WM-SP- Monitor Arms-  B0DP32F346  - CT,0,FBA79617,HDWF1ML,White Mulberry,Monitor Arm,Monitor Arm,
2026-06-04,0,0.0,CT,333944346920350,44,0.0,445621266644991,FBA79617,B0DP32F346,0,WM-SP- Monitor Arms-  B0DP32F346  - CT,0,FBA79617,HDWF1ML,White Mulberry,Monitor Arm,Monitor Arm,
2026-06-05,0,49.56,CT,333944346920350,343,0.0,445621266644991,FBA79617,B0DP32F346,2,WM-SP- Monitor Arms-  B0DP32F346  - CT,0,FBA79617,HDWF1ML,White Mulberry,Monitor Arm,Monitor Arm,
2026-06-06,0,80.22,CT,333944346920350,853,0.0,445621266644991,FBA79617,B0DP32F346,4,WM-SP- Monitor Arms-  B0DP32F346  - CT,0,FBA79617,HDWF1ML,White Mulberry,Monitor Arm,Monitor Arm,
2026-06-07,1,42.83,CT,333944346920350,273,2329.66,445621266644991,FBA79617,B0DP32F346,2,WM-SP- Monitor Arms-  B0DP32F346  - CT,1,FBA79617,HDWF1ML,White Mulberry,Monitor Arm,Monitor Arm,
2026-06-08,1,193.53,CT,333944346920350,1570,2626.27,445621266644991,FBA79617,B0DP32F346,13,WM-SP- Monitor Arms-  B0DP32F346  - CT,1,FBA79617,HDWF1ML,White Mulberry,Monitor Arm,Monitor Arm,
2026-06-09,0,83.01,CT,333944346920350,989,0.0,445621266644991,FBA79617,B0DP32F346,4,WM-SP- Monitor Arms-  B0DP32F346  - CT,0,FBA79617,HDWF1ML,White Mulberry,Monitor Arm,Monitor Arm,
2026-06-10,0,156.17,CT,333944346920350,2458,0.0,445621266644991,FBA79617,B0DP32F346,8,WM-SP- Monitor Arms-  B0DP32F346  - CT,0,FBA79617,HDWF1ML,White Mulberry,Monitor Arm,Monitor Arm,
2026-06-11,0,0.0,CT,333944346920350,417,0.0,445621266644991,FBA79617,B0DP32F346,0,WM-SP- Monitor Arms-  B0DP32F346  - CT,0,FBA79617,HDWF1ML,White Mulberry,Monitor Arm,Monitor Arm,
2026-06-12,0,159.75,CT,333944346920350,1305,0.0,445621266644991,FBA79617,B0DP32F346,7,WM-SP- Monitor Arms-  B0DP32F346  - CT,0,FBA79617,HDWF1ML,White Mulberry,Monitor Arm,Monitor Arm,
2026-06-13,0,224.2,CT,333944346920350,1310,0.0,445621266644991,FBA79617,B0DP32F346,10,WM-SP- Monitor Arms-  B0DP32F346  - CT,0,FBA79617,HDWF1ML,White Mulberry,Monitor Arm,Monitor Arm,
2026-06-14,0,107.3,CT,333944346920350,1925,0.0,445621266644991,FBA79617,B0DP32F346,6,WM-SP- Monitor Arms-  B0DP32F346  - CT,0,FBA79617,HDWF1ML,White Mulberry,Monitor Arm,Monitor Arm,
2026-06-15,0,63.16,CT,333944346920350,904,0.0,445621266644991,FBA79617,B0DP32F346,3,WM-SP- Monitor Arms-  B0DP32F346  - CT,0,FBA79617,HDWF1ML,White Mulberry,Monitor Arm,Monitor Arm,
2026-06-16,0,145.79,CT,333944346920350,1856,0.0,445621266644991,FBA79617,B0DP32F346,7,WM-SP- Monitor Arms-  B0DP32F346  - CT,0,FBA79617,HDWF1ML,White Mulberry,Monitor Arm,Monitor Arm,
2026-06-17,0,121.59,CT,333944346920350,2134,0.0,445621266644991,FBA79617,B0DP32F346,6,WM-SP- Monitor Arms-  B0DP32F346  - CT,0,FBA79617,HDWF1ML,White Mulberry,Monitor Arm,Monitor Arm,
2026-06-18,0,150.51,CT,333944346920350,951,0.0,445621266644991,FBA79617,B0DP32F346,8,WM-SP- Monitor Arms-  B0DP32F346  - CT,0,FBA79617,HDWF1ML,White Mulberry,Monitor Arm,Monitor Arm,
2026-06-19,1,86.59,CT,333944346920350,609,2626.27,445621266644991,FBA79617,B0DP32F346,5,WM-SP- Monitor Arms-  B0DP32F346  - CT,1,FBA79617,HDWF1ML,White Mulberry,Monitor Arm,Monitor Arm,
2026-06-20,0,75.86,CT,333944346920350,1665,0.0,445621266644991,FBA79617,B0DP32F346,5,WM-SP- Monitor Arms-  B0DP32F346  - CT,0,FBA79617,HDWF1ML,White Mulberry,Monitor Arm,Monitor Arm,
2026-06-21,0,52.74,CT,333944346920350,414,0.0,445621266644991,FBA79617,B0DP32F346,3,WM-SP- Monitor Arms-  B0DP32F346  - CT,0,FBA79617,HDWF1ML,White Mulberry,Monitor Arm,Monitor Arm,
2026-06-19,0,273.51,CT,333944346920350,878,0.0,445621266644991,B0DP2VVRND,B0DP2VVRND,14,WM-SP- Monitor Arms-  B0DP32F346  - CT,0,FBA79613,MS1ML,White Mulberry,Monitor Arm,Monitor Arm,
2026-06-20,0,89.87,CT,333944346920350,1574,0.0,445621266644991,B0DP2VVRND,B0DP2VVRND,7,WM-SP- Monitor Arms-  B0DP32F346  - CT,0,FBA79613,MS1ML,White Mulberry,Monitor Arm,Monitor Arm,
2026-06-21,0,112.18,CT,333944346920350,816,0.0,445621266644991,B0DP2VVRND,B0DP2VVRND,6,WM-SP- Monitor Arms-  B0DP32F346  - CT,0,FBA79613,MS1ML,White Mulberry,Monitor Arm,Monitor Arm,
2026-06-01,0,353.16,EX & PH,346981797802055,2254,0.0,542750015603942,FBA79617,B0DP32F346,14,WM-SP- Premium Monitor Arms- Multi Asins -Phrase,0,FBA79617,HDWF1ML,White Mulberry,Monitor Arm,Monitor Arm,
2026-06-02,0,467.34,EX & PH,346981797802055,5589,0.0,542750015603942,FBA79617,B0DP32F346,19,WM-SP- Premium Monitor Arms- Multi Asins -Phrase,0,FBA79617,HDWF1ML,White Mulberry,Monitor Arm,Monitor Arm,
2026-06-03,0,351.33,EX & PH,346981797802055,3335,0.0,542750015603942,FBA79617,B0DP32F346,13,WM-SP- Premium Monitor Arms- Multi Asins -Phrase,0,FBA79617,HDWF1ML,White Mulberry,Monitor Arm,Monitor Arm,
2026-06-04,0,247.69,EX & PH,346981797802055,2953,0.0,542750015603942,FBA79617,B0DP32F346,10,WM-SP- Premium Monitor Arms- Multi Asins -Phrase,0,FBA79617,HDWF1ML,White Mulberry,Monitor Arm,Monitor Arm,
2026-06-05,0,355.28,EX & PH,346981797802055,2855,0.0,542750015603942,FBA79617,B0DP32F346,14,WM-SP- Premium Monitor Arms- Multi Asins -Phrase,0,FBA79617,HDWF1ML,White Mulberry,Monitor Arm,Monitor Arm,
2026-06-06,0,414.12,EX & PH,346981797802055,3787,0.0,542750015603942,FBA79617,B0DP32F346,16,WM-SP- Premium Monitor Arms- Multi Asins -Phrase,0,FBA79617,HDWF1ML,White Mulberry,Monitor Arm,Monitor Arm,
2026-06-07,0,281.66,EX & PH,346981797802055,1430,0.0,542750015603942,FBA79617,B0DP32F346,10,WM-SP- Premium Monitor Arms- Multi Asins -Phrase,0,FBA79617,HDWF1ML,White Mulberry,Monitor Arm,Monitor Arm,
2026-06-08,0,233.86,EX & PH,346981797802055,2986,0.0,542750015603942,FBA79617,B0DP32F346,8,WM-SP- Premium Monitor Arms- Multi Asins -Phrase,0,FBA79617,HDWF1ML,White Mulberry,Monitor Arm,Monitor Arm,
2026-06-09,0,266.57,EX & PH,346981797802055,1908,0.0,542750015603942,FBA79617,B0DP32F346,10,WM-SP- Premium Monitor Arms- Multi Asins -Phrase,0,FBA79617,HDWF1ML,White Mulberry,Monitor Arm,Monitor Arm,
2026-06-10,0,140.54,EX & PH,346981797802055,3437,0.0,542750015603942,FBA79617,B0DP32F346,5,WM-SP- Premium Monitor Arms- Multi Asins -Phrase,0,FBA79617,HDWF1ML,White Mulberry,Monitor Arm,Monitor Arm,
2026-06-11,1,158.87,EX & PH,346981797802055,1214,1450.85,542750015603942,FBA79617,B0DP32F346,7,WM-SP- Premium Monitor Arms- Multi Asins -Phrase,1,FBA79617,HDWF1ML,White Mulberry,Monitor Arm,Monitor Arm,
2026-06-12,1,210.61,EX & PH,346981797802055,1297,2626.27,542750015603942,FBA79617,B0DP32F346,8,WM-SP- Premium Monitor Arms- Multi Asins -Phrase,1,FBA79617,HDWF1ML,White Mulberry,Monitor Arm,Monitor Arm,
2026-06-13,1,355.77,EX & PH,346981797802055,2790,2626.27,542750015603942,FBA79617,B0DP32F346,18,WM-SP- Premium Monitor Arms- Multi Asins -Phrase,1,FBA79617,HDWF1ML,White Mulberry,Monitor Arm,Monitor Arm,
2026-06-14,0,178.28,EX & PH,346981797802055,3306,0.0,542750015603942,FBA79617,B0DP32F346,9,WM-SP- Premium Monitor Arms- Multi Asins -Phrase,0,FBA79617,HDWF1ML,White Mulberry,Monitor Arm,Monitor Arm,
2026-06-15,0,292.43,EX & PH,346981797802055,3940,0.0,542750015603942,FBA79617,B0DP32F346,14,WM-SP- Premium Monitor Arms- Multi Asins -Phrase,0,FBA79617,HDWF1ML,White Mulberry,Monitor Arm,Monitor Arm,
2026-06-16,0,133.05,EX & PH,346981797802055,3024,0.0,542750015603942,FBA79617,B0DP32F346,5,WM-SP- Premium Monitor Arms- Multi Asins -Phrase,0,FBA79617,HDWF1ML,White Mulberry,Monitor Arm,Monitor Arm,
2026-06-17,1,218.27,EX & PH,346981797802055,1277,3643.22,542750015603942,FBA79617,B0DP32F346,10,WM-SP- Premium Monitor Arms- Multi Asins -Phrase,1,FBA79617,HDWF1ML,White Mulberry,Monitor Arm,Monitor Arm,
2026-06-18,0,139.62,EX & PH,346981797802055,2309,0.0,542750015603942,FBA79617,B0DP32F346,6,WM-SP- Premium Monitor Arms- Multi Asins -Phrase,0,FBA79617,HDWF1ML,White Mulberry,Monitor Arm,Monitor Arm,
2026-06-19,0,157.91,EX & PH,346981797802055,1214,0.0,542750015603942,FBA79617,B0DP32F346,6,WM-SP- Premium Monitor Arms- Multi Asins -Phrase,0,FBA79617,HDWF1ML,White Mulberry,Monitor Arm,Monitor Arm,
2026-06-20,1,206.5,EX & PH,346981797802055,618,2626.27,542750015603942,FBA79617,B0DP32F346,8,WM-SP- Premium Monitor Arms- Multi Asins -Phrase,1,FBA79617,HDWF1ML,White Mulberry,Monitor Arm,Monitor Arm,
2026-06-21,1,204.37,EX & PH,346981797802055,1953,2626.27,542750015603942,FBA79617,B0DP32F346,8,WM-SP- Premium Monitor Arms- Multi Asins -Phrase,1,FBA79617,HDWF1ML,White Mulberry,Monitor Arm,Monitor Arm,
2026-06-08,0,0.0,EX & PH,346981797802055,85,0.0,542750015603942,FBA79616,B0DP3194QN,0,WM-SP- Premium Monitor Arms- Multi Asins -Phrase,0,FBA79616,HD1ML,White Mulberry,Monitor Arm,Monitor Arm,
2026-06-09,0,0.0,EX & PH,346981797802055,487,0.0,542750015603942,FBA79616,B0DP3194QN,0,WM-SP- Premium Monitor Arms- Multi Asins -Phrase,0,FBA79616,HD1ML,White Mulberry,Monitor Arm,Monitor Arm,
2026-06-10,0,20.15,EX & PH,346981797802055,1364,0.0,542750015603942,FBA79616,B0DP3194QN,1,WM-SP- Premium Monitor Arms- Multi Asins -Phrase,0,FBA79616,HD1ML,White Mulberry,Monitor Arm,Monitor Arm,
2026-06-11,0,48.2,EX & PH,346981797802055,400,0.0,542750015603942,FBA79616,B0DP3194QN,2,WM-SP- Premium Monitor Arms- Multi Asins -Phrase,0,FBA79616,HD1ML,White Mulberry,Monitor Arm,Monitor Arm,
2026-06-12,0,0.0,EX & PH,346981797802055,459,0.0,542750015603942,FBA79616,B0DP3194QN,0,WM-SP- Premium Monitor Arms- Multi Asins -Phrase,0,FBA79616,HD1ML,White Mulberry,Monitor Arm,Monitor Arm,
2026-06-13,0,0.0,EX & PH,346981797802055,939,0.0,542750015603942,FBA79616,B0DP3194QN,0,WM-SP- Premium Monitor Arms- Multi Asins -Phrase,0,FBA79616,HD1ML,White Mulberry,Monitor Arm,Monitor Arm,
2026-06-14,0,24.03,EX & PH,346981797802055,1163,0.0,542750015603942,FBA79616,B0DP3194QN,1,WM-SP- Premium Monitor Arms- Multi Asins -Phrase,0,FBA79616,HD1ML,White Mulberry,Monitor Arm,Monitor Arm,
2026-06-15,0,29.92,EX & PH,346981797802055,1082,0.0,542750015603942,FBA79616,B0DP3194QN,2,WM-SP- Premium Monitor Arms- Multi Asins -Phrase,0,FBA79616,HD1ML,White Mulberry,Monitor Arm,Monitor Arm,
2026-06-16,0,19.77,EX & PH,346981797802055,1119,0.0,542750015603942,FBA79616,B0DP3194QN,1,WM-SP- Premium Monitor Arms- Multi Asins -Phrase,0,FBA79616,HD1ML,White Mulberry,Monitor Arm,Monitor Arm,
2026-06-17,0,24.12,EX & PH,346981797802055,516,0.0,542750015603942,FBA79616,B0DP3194QN,1,WM-SP- Premium Monitor Arms- Multi Asins -Phrase,0,FBA79616,HD1ML,White Mulberry,Monitor Arm,Monitor Arm,
2026-06-18,0,0.0,EX & PH,346981797802055,1034,0.0,542750015603942,FBA79616,B0DP3194QN,0,WM-SP- Premium Monitor Arms- Multi Asins -Phrase,0,FBA79616,HD1ML,White Mulberry,Monitor Arm,Monitor Arm,
2026-06-19,0,0.0,EX & PH,346981797802055,575,0.0,542750015603942,FBA79616,B0DP3194QN,0,WM-SP- Premium Monitor Arms- Multi Asins -Phrase,0,FBA79616,HD1ML,White Mulberry,Monitor Arm,Monitor Arm,
2026-06-20,0,0.0,EX & PH,346981797802055,235,0.0,542750015603942,FBA79616,B0DP3194QN,0,WM-SP- Premium Monitor Arms- Multi Asins -Phrase,0,FBA79616,HD1ML,White Mulberry,Monitor Arm,Monitor Arm,
2026-06-21,0,0.0,EX & PH,346981797802055,649,0.0,542750015603942,FBA79616,B0DP3194QN,0,WM-SP- Premium Monitor Arms- Multi Asins -Phrase,0,FBA79616,HD1ML,White Mulberry,Monitor Arm,Monitor Arm,
2026-06-01,0,303.28,SP KT_Monitor Arm Wall Mount,444600260684162,714,0.0,434747311338219,FBA79612,B0DP2WC5VW,17,WM- SP-Wall Mounted Stand- B0DP2WC5VW- Exact & Phrase,0,FBA79612,WM1ML,White Mulberry,Monitor Arm,Monitor Arm,
2026-06-02,0,317.31,SP KT_Monitor Arm Wall Mount,444600260684162,797,0.0,434747311338219,FBA79612,B0DP2WC5VW,16,WM- SP-Wall Mounted Stand- B0DP2WC5VW- Exact & Phrase,0,FBA79612,WM1ML,White Mulberry,Monitor Arm,Monitor Arm,
2026-06-03,0,148.95,SP KT_Monitor Arm Wall Mount,444600260684162,489,0.0,434747311338219,FBA79612,B0DP2WC5VW,8,WM- SP-Wall Mounted Stand- B0DP2WC5VW- Exact & Phrase,0,FBA79612,WM1ML,White Mulberry,Monitor Arm,Monitor Arm,
2026-06-04,0,0.0,SP KT_Monitor Arm Wall Mount,444600260684162,0,0.0,434747311338219,FBA79612,B0DP2WC5VW,0,WM- SP-Wall Mounted Stand- B0DP2WC5VW- Exact & Phrase,0,FBA79612,WM1ML,White Mulberry,Monitor Arm,Monitor Arm,
2026-06-05,0,0.0,SP KT_Monitor Arm Wall Mount,444600260684162,0,0.0,434747311338219,FBA79612,B0DP2WC5VW,0,WM- SP-Wall Mounted Stand- B0DP2WC5VW- Exact & Phrase,0,FBA79612,WM1ML,White Mulberry,Monitor Arm,Monitor Arm,
2026-06-06,0,0.0,SP KT_Monitor Arm Wall Mount,444600260684162,0,0.0,434747311338219,FBA79612,B0DP2WC5VW,0,WM- SP-Wall Mounted Stand- B0DP2WC5VW- Exact & Phrase,0,FBA79612,WM1ML,White Mulberry,Monitor Arm,Monitor Arm,
2026-06-07,0,0.0,SP KT_Monitor Arm Wall Mount,444600260684162,0,0.0,434747311338219,FBA79612,B0DP2WC5VW,0,WM- SP-Wall Mounted Stand- B0DP2WC5VW- Exact & Phrase,0,FBA79612,WM1ML,White Mulberry,Monitor Arm,Monitor Arm,
2026-06-08,0,0.0,SP KT_Monitor Arm Wall Mount,444600260684162,0,0.0,434747311338219,FBA79612,B0DP2WC5VW,0,WM- SP-Wall Mounted Stand- B0DP2WC5VW- Exact & Phrase,0,FBA79612,WM1ML,White Mulberry,Monitor Arm,Monitor Arm,
2026-06-09,0,0.0,SP KT_Monitor Arm Wall Mount,444600260684162,0,0.0,434747311338219,FBA79612,B0DP2WC5VW,0,WM- SP-Wall Mounted Stand- B0DP2WC5VW- Exact & Phrase,0,FBA79612,WM1ML,White Mulberry,Monitor Arm,Monitor Arm,
2026-06-11,0,0.0,SP KT_Monitor Arm Wall Mount,444600260684162,0,0.0,434747311338219,FBA79612,B0DP2WC5VW,0,WM- SP-Wall Mounted Stand- B0DP2WC5VW- Exact & Phrase,0,FBA79612,WM1ML,White Mulberry,Monitor Arm,Monitor Arm,
2026-06-13,0,0.0,SP KT_Monitor Arm Wall Mount,444600260684162,0,0.0,434747311338219,FBA79612,B0DP2WC5VW,0,WM- SP-Wall Mounted Stand- B0DP2WC5VW- Exact & Phrase,0,FBA79612,WM1ML,White Mulberry,Monitor Arm,Monitor Arm,
2026-06-14,0,0.0,SP KT_Monitor Arm Wall Mount,444600260684162,0,0.0,434747311338219,FBA79612,B0DP2WC5VW,0,WM- SP-Wall Mounted Stand- B0DP2WC5VW- Exact & Phrase,0,FBA79612,WM1ML,White Mulberry,Monitor Arm,Monitor Arm,
2026-06-01,0,359.66,SP KT_Monitor Arm Stand,553840653829223,2852,0.0,450019521351105,B0DP2Z5DQ9,B0DP2Z5DQ9,19,WM-SP-Monitor Stand-B0DP2Z5DQ9 -Phrase,0,FBA79615,VLMS1ML,White Mulberry,Monitor Arm,Monitor Arm,
2026-06-02,0,457.95,SP KT_Monitor Arm Stand,553840653829223,5599,0.0,450019521351105,B0DP2Z5DQ9,B0DP2Z5DQ9,26,WM-SP-Monitor Stand-B0DP2Z5DQ9 -Phrase,0,FBA79615,VLMS1ML,White Mulberry,Monitor Arm,Monitor Arm,
2026-06-03,0,355.9,SP KT_Monitor Arm Stand,553840653829223,4472,0.0,450019521351105,B0DP2Z5DQ9,B0DP2Z5DQ9,21,WM-SP-Monitor Stand-B0DP2Z5DQ9 -Phrase,0,FBA79615,VLMS1ML,White Mulberry,Monitor Arm,Monitor Arm,
2026-06-04,0,356.27,SP KT_Monitor Arm Stand,553840653829223,2225,0.0,450019521351105,B0DP2Z5DQ9,B0DP2Z5DQ9,17,WM-SP-Monitor Stand-B0DP2Z5DQ9 -Phrase,0,FBA79615,VLMS1ML,White Mulberry,Monitor Arm,Monitor Arm,
2026-06-05,1,608.42,SP KT_Monitor Arm Stand,553840653829223,6308,1795.76,450019521351105,B0DP2Z5DQ9,B0DP2Z5DQ9,37,WM-SP-Monitor Stand-B0DP2Z5DQ9 -Phrase,1,FBA79615,VLMS1ML,White Mulberry,Monitor Arm,Monitor Arm,
2026-06-06,0,355.75,SP KT_Monitor Arm Stand,553840653829223,3542,0.0,450019521351105,B0DP2Z5DQ9,B0DP2Z5DQ9,20,WM-SP-Monitor Stand-B0DP2Z5DQ9 -Phrase,0,FBA79615,VLMS1ML,White Mulberry,Monitor Arm,Monitor Arm,
2026-06-07,0,300.03,SP KT_Monitor Arm Stand,553840653829223,3033,0.0,450019521351105,B0DP2Z5DQ9,B0DP2Z5DQ9,16,WM-SP-Monitor Stand-B0DP2Z5DQ9 -Phrase,0,FBA79615,VLMS1ML,White Mulberry,Monitor Arm,Monitor Arm,
2026-06-08,0,401.77,SP KT_Monitor Arm Stand,553840653829223,4847,0.0,450019521351105,B0DP2Z5DQ9,B0DP2Z5DQ9,21,WM-SP-Monitor Stand-B0DP2Z5DQ9 -Phrase,0,FBA79615,VLMS1ML,White Mulberry,Monitor Arm,Monitor Arm,
2026-06-09,0,301.17,SP KT_Monitor Arm Stand,553840653829223,2941,0.0,450019521351105,B0DP2Z5DQ9,B0DP2Z5DQ9,13,WM-SP-Monitor Stand-B0DP2Z5DQ9 -Phrase,0,FBA79615,VLMS1ML,White Mulberry,Monitor Arm,Monitor Arm,
2026-06-10,0,0.0,SP KT_Monitor Arm Stand,553840653829223,8,0.0,450019521351105,B0DP2Z5DQ9,B0DP2Z5DQ9,0,WM-SP-Monitor Stand-B0DP2Z5DQ9 -Phrase,0,FBA79615,VLMS1ML,White Mulberry,Monitor Arm,Monitor Arm,
2026-06-11,0,259.66,SP KT_Monitor Arm Stand,553840653829223,2919,0.0,450019521351105,B0DP2Z5DQ9,B0DP2Z5DQ9,14,WM-SP-Monitor Stand-B0DP2Z5DQ9 -Phrase,0,FBA79615,VLMS1ML,White Mulberry,Monitor Arm,Monitor Arm,
2026-06-12,0,36.69,SP KT_Monitor Arm Stand,553840653829223,264,0.0,450019521351105,B0DP2Z5DQ9,B0DP2Z5DQ9,2,WM-SP-Monitor Stand-B0DP2Z5DQ9 -Phrase,0,FBA79615,VLMS1ML,White Mulberry,Monitor Arm,Monitor Arm,
2026-06-13,0,0.0,SP KT_Monitor Arm Stand,553840653829223,9,0.0,450019521351105,B0DP2Z5DQ9,B0DP2Z5DQ9,0,WM-SP-Monitor Stand-B0DP2Z5DQ9 -Phrase,0,FBA79615,VLMS1ML,White Mulberry,Monitor Arm,Monitor Arm,
2026-06-14,0,0.0,SP KT_Monitor Arm Stand,553840653829223,15,0.0,450019521351105,B0DP2Z5DQ9,B0DP2Z5DQ9,0,WM-SP-Monitor Stand-B0DP2Z5DQ9 -Phrase,0,FBA79615,VLMS1ML,White Mulberry,Monitor Arm,Monitor Arm,
2026-06-15,0,138.23,SP KT_Monitor Arm Stand,553840653829223,1429,0.0,450019521351105,B0DP2Z5DQ9,B0DP2Z5DQ9,7,WM-SP-Monitor Stand-B0DP2Z5DQ9 -Phrase,0,FBA79615,VLMS1ML,White Mulberry,Monitor Arm,Monitor Arm,
2026-06-16,0,155.49,SP KT_Monitor Arm Stand,553840653829223,433,0.0,450019521351105,B0DP2Z5DQ9,B0DP2Z5DQ9,7,WM-SP-Monitor Stand-B0DP2Z5DQ9 -Phrase,0,FBA79615,VLMS1ML,White Mulberry,Monitor Arm,Monitor Arm,
2026-06-17,0,117.33,SP KT_Monitor Arm Stand,553840653829223,1249,0.0,450019521351105,B0DP2Z5DQ9,B0DP2Z5DQ9,5,WM-SP-Monitor Stand-B0DP2Z5DQ9 -Phrase,0,FBA79615,VLMS1ML,White Mulberry,Monitor Arm,Monitor Arm,
2026-06-18,0,0.0,SP KT_Monitor Arm Stand,553840653829223,0,0.0,450019521351105,B0DP2Z5DQ9,B0DP2Z5DQ9,0,WM-SP-Monitor Stand-B0DP2Z5DQ9 -Phrase,0,FBA79615,VLMS1ML,White Mulberry,Monitor Arm,Monitor Arm,
2026-06-19,0,0.0,SP KT_Monitor Arm Stand,553840653829223,0,0.0,450019521351105,B0DP2Z5DQ9,B0DP2Z5DQ9,0,WM-SP-Monitor Stand-B0DP2Z5DQ9 -Phrase,0,FBA79615,VLMS1ML,White Mulberry,Monitor Arm,Monitor Arm,
2026-06-17,0,19.41,SP KT_Monitor Arm Stand,553840653829223,2,0.0,450019521351105,B0DP2VVRND,B0DP2VVRND,1,WM-SP-Monitor Stand-B0DP2Z5DQ9 -Phrase,0,FBA79613,MS1ML,White Mulberry,Monitor Arm,Monitor Arm,
2026-06-18,1,254.13,SP KT_Monitor Arm Stand,553840653829223,703,1694.07,450019521351105,B0DP2VVRND,B0DP2VVRND,12,WM-SP-Monitor Stand-B0DP2Z5DQ9 -Phrase,1,FBA79613,MS1ML,White Mulberry,Monitor Arm,Monitor Arm,
2026-06-19,0,234.32,SP KT_Monitor Arm Stand,553840653829223,1618,0.0,450019521351105,B0DP2VVRND,B0DP2VVRND,11,WM-SP-Monitor Stand-B0DP2Z5DQ9 -Phrase,0,FBA79613,MS1ML,White Mulberry,Monitor Arm,Monitor Arm,
2026-06-20,1,317.33,SP KT_Monitor Arm Stand,553840653829223,1834,1694.07,450019521351105,B0DP2VVRND,B0DP2VVRND,11,WM-SP-Monitor Stand-B0DP2Z5DQ9 -Phrase,1,FBA79613,MS1ML,White Mulberry,Monitor Arm,Monitor Arm,
2026-06-21,0,261.34,SP KT_Monitor Arm Stand,553840653829223,1239,0.0,450019521351105,B0DP2VVRND,B0DP2VVRND,8,WM-SP-Monitor Stand-B0DP2Z5DQ9 -Phrase,0,FBA79613,MS1ML,White Mulberry,Monitor Arm,Monitor Arm,
2026-06-01,0,0.0,SP PT_Monitor Arm Height Adj-HA1ML - B0DB5W4TCP,539393009463293,0,0.0,457137973643531,B0DB5YTQZV,B0DB5YTQZV,0,WM- SP- Adj Metal desk- Multi Asins- PT,0,FBA79479,WM-HA2M-BK,White Mulberry,Monitor Arm,Monitor Arm,
2026-06-01,0,162.19,SP PT_Monitor Arm Height Adj-HA1ML - B0DB5W4TCP,539393009463293,2381,0.0,457137973643531,B0DB5W4TCP,B0DB5W4TCP,8,WM- SP- Adj Metal desk- Multi Asins- PT,0,FBA79478,WM-HA1M-BK,White Mulberry,Monitor Arm,Monitor Arm,
2026-06-02,0,155.73,SP PT_Monitor Arm Height Adj-HA1ML - B0DB5W4TCP,539393009463293,1499,0.0,457137973643531,B0DB5W4TCP,B0DB5W4TCP,7,WM- SP- Adj Metal desk- Multi Asins- PT,0,FBA79478,WM-HA1M-BK,White Mulberry,Monitor Arm,Monitor Arm,
2026-06-03,0,0.0,SP PT_Monitor Arm Height Adj-HA1ML - B0DB5W4TCP,539393009463293,14,0.0,457137973643531,B0DB5W4TCP,B0DB5W4TCP,0,WM- SP- Adj Metal desk- Multi Asins- PT,0,FBA79478,WM-HA1M-BK,White Mulberry,Monitor Arm,Monitor Arm,
2026-06-04,0,0.0,SP PT_Monitor Arm Height Adj-HA1ML - B0DB5W4TCP,539393009463293,19,0.0,457137973643531,B0DB5W4TCP,B0DB5W4TCP,0,WM- SP- Adj Metal desk- Multi Asins- PT,0,FBA79478,WM-HA1M-BK,White Mulberry,Monitor Arm,Monitor Arm,
2026-06-05,0,127.34,SP PT_Monitor Arm Height Adj-HA1ML - B0DB5W4TCP,539393009463293,640,0.0,457137973643531,B0DB5W4TCP,B0DB5W4TCP,6,WM- SP- Adj Metal desk- Multi Asins- PT,0,FBA79478,WM-HA1M-BK,White Mulberry,Monitor Arm,Monitor Arm,
2026-06-06,0,308.87,SP PT_Monitor Arm Height Adj-HA1ML - B0DB5W4TCP,539393009463293,1922,0.0,457137973643531,B0DB5W4TCP,B0DB5W4TCP,15,WM- SP- Adj Metal desk- Multi Asins- PT,0,FBA79478,WM-HA1M-BK,White Mulberry,Monitor Arm,Monitor Arm,
2026-06-07,0,208.94,SP PT_Monitor Arm Height Adj-HA1ML - B0DB5W4TCP,539393009463293,2166,0.0,457137973643531,B0DB5W4TCP,B0DB5W4TCP,10,WM- SP- Adj Metal desk- Multi Asins- PT,0,FBA79478,WM-HA1M-BK,White Mulberry,Monitor Arm,Monitor Arm,
2026-06-08,0,216.37,SP PT_Monitor Arm Height Adj-HA1ML - B0DB5W4TCP,539393009463293,1456,0.0,457137973643531,B0DB5W4TCP,B0DB5W4TCP,7,WM- SP- Adj Metal desk- Multi Asins- PT,0,FBA79478,WM-HA1M-BK,White Mulberry,Monitor Arm,Monitor Arm,
2026-06-09,0,258.39,SP PT_Monitor Arm Height Adj-HA1ML - B0DB5W4TCP,539393009463293,576,0.0,457137973643531,B0DB5W4TCP,B0DB5W4TCP,9,WM- SP- Adj Metal desk- Multi Asins- PT,0,FBA79478,WM-HA1M-BK,White Mulberry,Monitor Arm,Monitor Arm,
2026-06-10,0,158.49,SP PT_Monitor Arm Height Adj-HA1ML - B0DB5W4TCP,539393009463293,619,0.0,457137973643531,B0DB5W4TCP,B0DB5W4TCP,6,WM- SP- Adj Metal desk- Multi Asins- PT,0,FBA79478,WM-HA1M-BK,White Mulberry,Monitor Arm,Monitor Arm,
2026-06-11,0,169.63,SP PT_Monitor Arm Height Adj-HA1ML - B0DB5W4TCP,539393009463293,1054,0.0,457137973643531,B0DB5W4TCP,B0DB5W4TCP,6,WM- SP- Adj Metal desk- Multi Asins- PT,0,FBA79478,WM-HA1M-BK,White Mulberry,Monitor Arm,Monitor Arm,
2026-06-12,0,149.52,SP PT_Monitor Arm Height Adj-HA1ML - B0DB5W4TCP,539393009463293,741,0.0,457137973643531,B0DB5W4TCP,B0DB5W4TCP,6,WM- SP- Adj Metal desk- Multi Asins- PT,0,FBA79478,WM-HA1M-BK,White Mulberry,Monitor Arm,Monitor Arm,
2026-06-13,0,0.0,SP PT_Monitor Arm Height Adj-HA1ML - B0DB5W4TCP,539393009463293,0,0.0,457137973643531,B0DB5W4TCP,B0DB5W4TCP,0,WM- SP- Adj Metal desk- Multi Asins- PT,0,FBA79478,WM-HA1M-BK,White Mulberry,Monitor Arm,Monitor Arm,
2026-06-14,0,0.0,SP PT_Monitor Arm Height Adj-HA1ML - B0DB5W4TCP,539393009463293,0,0.0,457137973643531,B0DB5W4TCP,B0DB5W4TCP,0,WM- SP- Adj Metal desk- Multi Asins- PT,0,FBA79478,WM-HA1M-BK,White Mulberry,Monitor Arm,Monitor Arm,
2026-06-19,0,0.0,SP PT_Monitor Arm Height Adj-HA1ML - B0DB5W4TCP,539393009463293,0,0.0,457137973643531,B0DB5W4TCP,B0DB5W4TCP,0,WM- SP- Adj Metal desk- Multi Asins- PT,0,FBA79478,WM-HA1M-BK,White Mulberry,Monitor Arm,Monitor Arm,
2026-06-01,0,250.08,SP PT_Monitor Arm,366899319331204,447,0.0,335699046583289,B0DB5VG39T,B0DB5VG39T,8,WM-SP-Gas Spring MA- B0DB5VG39T- PT,0,FBA79476,WM-GS1M-BK,White Mulberry,Monitor Arm,Monitor Arm,
2026-06-02,1,264.61,SP PT_Monitor Arm,366899319331204,585,2329.66,335699046583289,B0DB5VG39T,B0DB5VG39T,11,WM-SP-Gas Spring MA- B0DB5VG39T- PT,1,FBA79476,WM-GS1M-BK,White Mulberry,Monitor Arm,Monitor Arm,
2026-06-03,2,371.76,SP PT_Monitor Arm,366899319331204,488,3811.86,335699046583289,B0DB5VG39T,B0DB5VG39T,13,WM-SP-Gas Spring MA- B0DB5VG39T- PT,2,FBA79476,WM-GS1M-BK,White Mulberry,Monitor Arm,Monitor Arm,
2026-06-04,0,0.0,SP PT_Monitor Arm,366899319331204,5,0.0,335699046583289,B0DB5VG39T,B0DB5VG39T,0,WM-SP-Gas Spring MA- B0DB5VG39T- PT,0,FBA79476,WM-GS1M-BK,White Mulberry,Monitor Arm,Monitor Arm,
2026-06-05,0,223.41,SP PT_Monitor Arm,366899319331204,212,0.0,335699046583289,B0DB5VG39T,B0DB5VG39T,8,WM-SP-Gas Spring MA- B0DB5VG39T- PT,0,FBA79476,WM-GS1M-BK,White Mulberry,Monitor Arm,Monitor Arm,
2026-06-06,0,105.91,SP PT_Monitor Arm,366899319331204,135,0.0,335699046583289,B0DB5VG39T,B0DB5VG39T,4,WM-SP-Gas Spring MA- B0DB5VG39T- PT,0,FBA79476,WM-GS1M-BK,White Mulberry,Monitor Arm,Monitor Arm,
2026-06-07,0,127.59,SP PT_Monitor Arm,366899319331204,215,0.0,335699046583289,B0DB5VG39T,B0DB5VG39T,4,WM-SP-Gas Spring MA- B0DB5VG39T- PT,0,FBA79476,WM-GS1M-BK,White Mulberry,Monitor Arm,Monitor Arm,
2026-06-08,0,109.63,SP PT_Monitor Arm,366899319331204,352,0.0,335699046583289,B0DB5VG39T,B0DB5VG39T,4,WM-SP-Gas Spring MA- B0DB5VG39T- PT,0,FBA79476,WM-GS1M-BK,White Mulberry,Monitor Arm,Monitor Arm,
2026-06-09,0,183.64,SP PT_Monitor Arm,366899319331204,660,0.0,335699046583289,B0DB5VG39T,B0DB5VG39T,6,WM-SP-Gas Spring MA- B0DB5VG39T- PT,0,FBA79476,WM-GS1M-BK,White Mulberry,Monitor Arm,Monitor Arm,
2026-06-10,1,143.7,SP PT_Monitor Arm,366899319331204,791,2540.68,335699046583289,B0DB5VG39T,B0DB5VG39T,5,WM-SP-Gas Spring MA- B0DB5VG39T- PT,1,FBA79476,WM-GS1M-BK,White Mulberry,Monitor Arm,Monitor Arm,
2026-06-11,0,38.67,SP PT_Monitor Arm,366899319331204,252,0.0,335699046583289,B0DB5VG39T,B0DB5VG39T,1,WM-SP-Gas Spring MA- B0DB5VG39T- PT,0,FBA79476,WM-GS1M-BK,White Mulberry,Monitor Arm,Monitor Arm,
2026-06-12,0,112.8,SP PT_Monitor Arm,366899319331204,561,0.0,335699046583289,B0DB5VG39T,B0DB5VG39T,4,WM-SP-Gas Spring MA- B0DB5VG39T- PT,0,FBA79476,WM-GS1M-BK,White Mulberry,Monitor Arm,Monitor Arm,
2026-06-13,0,121.63,SP PT_Monitor Arm,366899319331204,560,0.0,335699046583289,B0DB5VG39T,B0DB5VG39T,5,WM-SP-Gas Spring MA- B0DB5VG39T- PT,0,FBA79476,WM-GS1M-BK,White Mulberry,Monitor Arm,Monitor Arm,
2026-06-14,0,373.38,SP PT_Monitor Arm,366899319331204,713,0.0,335699046583289,B0DB5VG39T,B0DB5VG39T,11,WM-SP-Gas Spring MA- B0DB5VG39T- PT,0,FBA79476,WM-GS1M-BK,White Mulberry,Monitor Arm,Monitor Arm,
2026-06-15,0,133.16,SP PT_Monitor Arm,366899319331204,354,0.0,335699046583289,B0DB5VG39T,B0DB5VG39T,4,WM-SP-Gas Spring MA- B0DB5VG39T- PT,0,FBA79476,WM-GS1M-BK,White Mulberry,Monitor Arm,Monitor Arm,
2026-06-16,1,180.65,SP PT_Monitor Arm,366899319331204,334,3643.22,335699046583289,B0DB5VG39T,B0DB5VG39T,6,WM-SP-Gas Spring MA- B0DB5VG39T- PT,1,FBA79476,WM-GS1M-BK,White Mulberry,Monitor Arm,Monitor Arm,
2026-06-17,0,290.86,SP PT_Monitor Arm,366899319331204,767,0.0,335699046583289,B0DB5VG39T,B0DB5VG39T,10,WM-SP-Gas Spring MA- B0DB5VG39T- PT,0,FBA79476,WM-GS1M-BK,White Mulberry,Monitor Arm,Monitor Arm,
2026-06-18,0,266.9,SP PT_Monitor Arm,366899319331204,1694,0.0,335699046583289,B0DB5VG39T,B0DB5VG39T,7,WM-SP-Gas Spring MA- B0DB5VG39T- PT,0,FBA79476,WM-GS1M-BK,White Mulberry,Monitor Arm,Monitor Arm,
2026-06-19,0,188.39,SP PT_Monitor Arm,366899319331204,659,0.0,335699046583289,B0DB5VG39T,B0DB5VG39T,5,WM-SP-Gas Spring MA- B0DB5VG39T- PT,0,FBA79476,WM-GS1M-BK,White Mulberry,Monitor Arm,Monitor Arm,
2026-06-20,0,327.03,SP PT_Monitor Arm,366899319331204,3025,0.0,335699046583289,B0DB5VG39T,B0DB5VG39T,9,WM-SP-Gas Spring MA- B0DB5VG39T- PT,0,FBA79476,WM-GS1M-BK,White Mulberry,Monitor Arm,Monitor Arm,
2026-06-21,0,303.32,SP PT_Monitor Arm,366899319331204,1585,0.0,335699046583289,B0DB5VG39T,B0DB5VG39T,9,WM-SP-Gas Spring MA- B0DB5VG39T- PT,0,FBA79476,WM-GS1M-BK,White Mulberry,Monitor Arm,Monitor Arm,
2026-06-01,0,0.0,SP PT_Monitor Arm,366899319331204,134,0.0,335699046583289,B0DB5VVPSB,B0DB5VVPSB,0,WM-SP-Gas Spring MA- B0DB5VG39T- PT,0,FBA79477,WM-GS2M-BK,White Mulberry,Monitor Arm,Monitor Arm,
2026-06-02,0,101.14,SP PT_Monitor Arm,366899319331204,383,0.0,335699046583289,B0DB5VVPSB,B0DB5VVPSB,4,WM-SP-Gas Spring MA- B0DB5VG39T- PT,0,FBA79477,WM-GS2M-BK,White Mulberry,Monitor Arm,Monitor Arm,
2026-06-03,0,19.43,SP PT_Monitor Arm,366899319331204,319,0.0,335699046583289,B0DB5VVPSB,B0DB5VVPSB,1,WM-SP-Gas Spring MA- B0DB5VG39T- PT,0,FBA79477,WM-GS2M-BK,White Mulberry,Monitor Arm,Monitor Arm,
2026-06-04,1,407.5,SP PT_Monitor Arm,366899319331204,810,4151.69,335699046583289,B0DB5VVPSB,B0DB5VVPSB,12,WM-SP-Gas Spring MA- B0DB5VG39T- PT,1,FBA79477,WM-GS2M-BK,White Mulberry,Monitor Arm,Monitor Arm,
2026-06-05,0,90.89,SP PT_Monitor Arm,366899319331204,459,0.0,335699046583289,B0DB5VVPSB,B0DB5VVPSB,4,WM-SP-Gas Spring MA- B0DB5VG39T- PT,0,FBA79477,WM-GS2M-BK,White Mulberry,Monitor Arm,Monitor Arm,
2026-06-06,0,162.26,SP PT_Monitor Arm,366899319331204,160,0.0,335699046583289,B0DB5VVPSB,B0DB5VVPSB,7,WM-SP-Gas Spring MA- B0DB5VG39T- PT,0,FBA79477,WM-GS2M-BK,White Mulberry,Monitor Arm,Monitor Arm,
2026-06-07,0,135.2,SP PT_Monitor Arm,366899319331204,209,0.0,335699046583289,B0DB5VVPSB,B0DB5VVPSB,4,WM-SP-Gas Spring MA- B0DB5VG39T- PT,0,FBA79477,WM-GS2M-BK,White Mulberry,Monitor Arm,Monitor Arm,
2026-06-08,0,47.16,SP PT_Monitor Arm,366899319331204,238,0.0,335699046583289,B0DB5VVPSB,B0DB5VVPSB,2,WM-SP-Gas Spring MA- B0DB5VG39T- PT,0,FBA79477,WM-GS2M-BK,White Mulberry,Monitor Arm,Monitor Arm,
2026-06-09,1,144.65,SP PT_Monitor Arm,366899319331204,702,1694.07,335699046583289,B0DB5VVPSB,B0DB5VVPSB,6,WM-SP-Gas Spring MA- B0DB5VG39T- PT,1,FBA79477,WM-GS2M-BK,White Mulberry,Monitor Arm,Monitor Arm,
2026-06-10,0,106.52,SP PT_Monitor Arm,366899319331204,513,0.0,335699046583289,B0DB5VVPSB,B0DB5VVPSB,3,WM-SP-Gas Spring MA- B0DB5VG39T- PT,0,FBA79477,WM-GS2M-BK,White Mulberry,Monitor Arm,Monitor Arm,
2026-06-11,0,52.98,SP PT_Monitor Arm,366899319331204,247,0.0,335699046583289,B0DB5VVPSB,B0DB5VVPSB,2,WM-SP-Gas Spring MA- B0DB5VG39T- PT,0,FBA79477,WM-GS2M-BK,White Mulberry,Monitor Arm,Monitor Arm,
2026-06-12,0,32.26,SP PT_Monitor Arm,366899319331204,170,0.0,335699046583289,B0DB5VVPSB,B0DB5VVPSB,1,WM-SP-Gas Spring MA- B0DB5VG39T- PT,0,FBA79477,WM-GS2M-BK,White Mulberry,Monitor Arm,Monitor Arm,
2026-06-13,0,134.71,SP PT_Monitor Arm,366899319331204,364,0.0,335699046583289,B0DB5VVPSB,B0DB5VVPSB,4,WM-SP-Gas Spring MA- B0DB5VG39T- PT,0,FBA79477,WM-GS2M-BK,White Mulberry,Monitor Arm,Monitor Arm,
2026-06-14,0,0.0,SP PT_Monitor Arm,366899319331204,82,0.0,335699046583289,B0DB5VVPSB,B0DB5VVPSB,0,WM-SP-Gas Spring MA- B0DB5VG39T- PT,0,FBA79477,WM-GS2M-BK,White Mulberry,Monitor Arm,Monitor Arm,
2026-06-15,0,97.56,SP PT_Monitor Arm,366899319331204,283,0.0,335699046583289,B0DB5VVPSB,B0DB5VVPSB,3,WM-SP-Gas Spring MA- B0DB5VG39T- PT,0,FBA79477,WM-GS2M-BK,White Mulberry,Monitor Arm,Monitor Arm,
2026-06-16,0,123.49,SP PT_Monitor Arm,366899319331204,261,0.0,335699046583289,B0DB5VVPSB,B0DB5VVPSB,3,WM-SP-Gas Spring MA- B0DB5VG39T- PT,0,FBA79477,WM-GS2M-BK,White Mulberry,Monitor Arm,Monitor Arm,
2026-06-17,0,0.0,SP PT_Monitor Arm,366899319331204,390,0.0,335699046583289,B0DB5VVPSB,B0DB5VVPSB,0,WM-SP-Gas Spring MA- B0DB5VG39T- PT,0,FBA79477,WM-GS2M-BK,White Mulberry,Monitor Arm,Monitor Arm,
2026-06-18,0,37.01,SP PT_Monitor Arm,366899319331204,58,0.0,335699046583289,B0DB5VVPSB,B0DB5VVPSB,1,WM-SP-Gas Spring MA- B0DB5VG39T- PT,0,FBA79477,WM-GS2M-BK,White Mulberry,Monitor Arm,Monitor Arm,
2026-06-19,0,64.74,SP PT_Monitor Arm,366899319331204,153,0.0,335699046583289,B0DB5VVPSB,B0DB5VVPSB,2,WM-SP-Gas Spring MA- B0DB5VG39T- PT,0,FBA79477,WM-GS2M-BK,White Mulberry,Monitor Arm,Monitor Arm,
2026-06-20,0,0.0,SP PT_Monitor Arm,366899319331204,0,0.0,335699046583289,B0DB5VVPSB,B0DB5VVPSB,0,WM-SP-Gas Spring MA- B0DB5VG39T- PT,0,FBA79477,WM-GS2M-BK,White Mulberry,Monitor Arm,Monitor Arm,
2026-06-21,0,0.0,SP PT_Monitor Arm,366899319331204,0,0.0,335699046583289,B0DB5VVPSB,B0DB5VVPSB,0,WM-SP-Gas Spring MA- B0DB5VG39T- PT,0,FBA79477,WM-GS2M-BK,White Mulberry,Monitor Arm,Monitor Arm,
2026-06-01,1,125.77,PT,551718651462342,1083,2372.03,468603991229425,B0DP2Z5DQ9,B0DP2Z5DQ9,10,WM-SP-Monitor Stand-B0DP2VVRND - PT,1,FBA79615,VLMS1ML,White Mulberry,Monitor Arm,Monitor Arm,
2026-06-02,1,175.38,PT,551718651462342,1019,2372.03,468603991229425,B0DP2Z5DQ9,B0DP2Z5DQ9,11,WM-SP-Monitor Stand-B0DP2VVRND - PT,1,FBA79615,VLMS1ML,White Mulberry,Monitor Arm,Monitor Arm,
2026-06-03,1,269.74,PT,551718651462342,882,2372.03,468603991229425,B0DP2Z5DQ9,B0DP2Z5DQ9,15,WM-SP-Monitor Stand-B0DP2VVRND - PT,1,FBA79615,VLMS1ML,White Mulberry,Monitor Arm,Monitor Arm,
2026-06-04,2,232.23,PT,551718651462342,1078,4744.07,468603991229425,B0DP2Z5DQ9,B0DP2Z5DQ9,15,WM-SP-Monitor Stand-B0DP2VVRND - PT,2,FBA79615,VLMS1ML,White Mulberry,Monitor Arm,Monitor Arm,
2026-06-05,0,236.43,PT,551718651462342,1163,0.0,468603991229425,B0DP2Z5DQ9,B0DP2Z5DQ9,20,WM-SP-Monitor Stand-B0DP2VVRND - PT,0,FBA79615,VLMS1ML,White Mulberry,Monitor Arm,Monitor Arm,
2026-06-06,0,264.62,PT,551718651462342,941,0.0,468603991229425,B0DP2Z5DQ9,B0DP2Z5DQ9,14,WM-SP-Monitor Stand-B0DP2VVRND - PT,0,FBA79615,VLMS1ML,White Mulberry,Monitor Arm,Monitor Arm,
2026-06-07,0,263.66,PT,551718651462342,1001,0.0,468603991229425,B0DP2Z5DQ9,B0DP2Z5DQ9,15,WM-SP-Monitor Stand-B0DP2VVRND - PT,0,FBA79615,VLMS1ML,White Mulberry,Monitor Arm,Monitor Arm,
2026-06-08,0,155.0,PT,551718651462342,916,0.0,468603991229425,B0DP2Z5DQ9,B0DP2Z5DQ9,9,WM-SP-Monitor Stand-B0DP2VVRND - PT,0,FBA79615,VLMS1ML,White Mulberry,Monitor Arm,Monitor Arm,
2026-06-09,0,32.01,PT,551718651462342,378,0.0,468603991229425,B0DP2Z5DQ9,B0DP2Z5DQ9,2,WM-SP-Monitor Stand-B0DP2VVRND - PT,0,FBA79615,VLMS1ML,White Mulberry,Monitor Arm,Monitor Arm,
2026-06-10,0,0.0,PT,551718651462342,1,0.0,468603991229425,B0DP2Z5DQ9,B0DP2Z5DQ9,0,WM-SP-Monitor Stand-B0DP2VVRND - PT,0,FBA79615,VLMS1ML,White Mulberry,Monitor Arm,Monitor Arm,
2026-06-11,0,191.46,PT,551718651462342,983,0.0,468603991229425,B0DP2Z5DQ9,B0DP2Z5DQ9,14,WM-SP-Monitor Stand-B0DP2VVRND - PT,0,FBA79615,VLMS1ML,White Mulberry,Monitor Arm,Monitor Arm,
2026-06-12,0,0.0,PT,551718651462342,20,0.0,468603991229425,B0DP2Z5DQ9,B0DP2Z5DQ9,0,WM-SP-Monitor Stand-B0DP2VVRND - PT,0,FBA79615,VLMS1ML,White Mulberry,Monitor Arm,Monitor Arm,
2026-06-13,0,0.0,PT,551718651462342,2,0.0,468603991229425,B0DP2Z5DQ9,B0DP2Z5DQ9,0,WM-SP-Monitor Stand-B0DP2VVRND - PT,0,FBA79615,VLMS1ML,White Mulberry,Monitor Arm,Monitor Arm,
2026-06-14,0,0.0,PT,551718651462342,2,0.0,468603991229425,B0DP2Z5DQ9,B0DP2Z5DQ9,0,WM-SP-Monitor Stand-B0DP2VVRND - PT,0,FBA79615,VLMS1ML,White Mulberry,Monitor Arm,Monitor Arm,
2026-06-15,0,10.12,PT,551718651462342,109,0.0,468603991229425,B0DP2Z5DQ9,B0DP2Z5DQ9,1,WM-SP-Monitor Stand-B0DP2VVRND - PT,0,FBA79615,VLMS1ML,White Mulberry,Monitor Arm,Monitor Arm,
2026-06-16,0,179.37,PT,551718651462342,849,0.0,468603991229425,B0DP2Z5DQ9,B0DP2Z5DQ9,13,WM-SP-Monitor Stand-B0DP2VVRND - PT,0,FBA79615,VLMS1ML,White Mulberry,Monitor Arm,Monitor Arm,
2026-06-17,0,35.81,PT,551718651462342,101,0.0,468603991229425,B0DP2Z5DQ9,B0DP2Z5DQ9,3,WM-SP-Monitor Stand-B0DP2VVRND - PT,0,FBA79615,VLMS1ML,White Mulberry,Monitor Arm,Monitor Arm,
2026-06-20,0,0.0,PT,551718651462342,0,0.0,468603991229425,B0DP2Z5DQ9,B0DP2Z5DQ9,0,WM-SP-Monitor Stand-B0DP2VVRND - PT,0,FBA79615,VLMS1ML,White Mulberry,Monitor Arm,Monitor Arm,
2026-06-18,1,25.5,PT,551718651462342,129,1694.07,468603991229425,B0DP2VVRND,B0DP2VVRND,3,WM-SP-Monitor Stand-B0DP2VVRND - PT,1,FBA79613,MS1ML,White Mulberry,Monitor Arm,Monitor Arm,
2026-06-19,0,105.37,PT,551718651462342,356,0.0,468603991229425,B0DP2VVRND,B0DP2VVRND,12,WM-SP-Monitor Stand-B0DP2VVRND - PT,0,FBA79613,MS1ML,White Mulberry,Monitor Arm,Monitor Arm,
2026-06-20,0,80.3,PT,551718651462342,418,0.0,468603991229425,B0DP2VVRND,B0DP2VVRND,9,WM-SP-Monitor Stand-B0DP2VVRND - PT,0,FBA79613,MS1ML,White Mulberry,Monitor Arm,Monitor Arm,
2026-06-21,0,19.03,PT,551718651462342,599,0.0,468603991229425,B0DP2VVRND,B0DP2VVRND,1,WM-SP-Monitor Stand-B0DP2VVRND - PT,0,FBA79613,MS1ML,White Mulberry,Monitor Arm,Monitor Arm,
2026-06-01,2,270.48,PT,365272285965158,695,5579.66,552331871890571,FBA79612,B0DP2WC5VW,18,WM- Wall Mounted Stand- B0DP2WC5VW- PT,2,FBA79612,WM1ML,White Mulberry,Monitor Arm,Monitor Arm,
2026-06-02,0,269.5,PT,365272285965158,846,0.0,552331871890571,FBA79612,B0DP2WC5VW,14,WM- Wall Mounted Stand- B0DP2WC5VW- PT,0,FBA79612,WM1ML,White Mulberry,Monitor Arm,Monitor Arm,
2026-06-03,0,94.1,PT,365272285965158,460,0.0,552331871890571,FBA79612,B0DP2WC5VW,6,WM- Wall Mounted Stand- B0DP2WC5VW- PT,0,FBA79612,WM1ML,White Mulberry,Monitor Arm,Monitor Arm,
2026-06-04,0,0.0,PT,365272285965158,0,0.0,552331871890571,FBA79612,B0DP2WC5VW,0,WM- Wall Mounted Stand- B0DP2WC5VW- PT,0,FBA79612,WM1ML,White Mulberry,Monitor Arm,Monitor Arm,
2026-06-05,0,0.0,PT,365272285965158,0,0.0,552331871890571,FBA79612,B0DP2WC5VW,0,WM- Wall Mounted Stand- B0DP2WC5VW- PT,0,FBA79612,WM1ML,White Mulberry,Monitor Arm,Monitor Arm,
2026-06-06,0,0.0,PT,365272285965158,0,0.0,552331871890571,FBA79612,B0DP2WC5VW,0,WM- Wall Mounted Stand- B0DP2WC5VW- PT,0,FBA79612,WM1ML,White Mulberry,Monitor Arm,Monitor Arm,
2026-06-07,0,0.0,PT,365272285965158,0,0.0,552331871890571,FBA79612,B0DP2WC5VW,0,WM- Wall Mounted Stand- B0DP2WC5VW- PT,0,FBA79612,WM1ML,White Mulberry,Monitor Arm,Monitor Arm,
2026-06-08,0,0.0,PT,365272285965158,0,0.0,552331871890571,FBA79612,B0DP2WC5VW,0,WM- Wall Mounted Stand- B0DP2WC5VW- PT,0,FBA79612,WM1ML,White Mulberry,Monitor Arm,Monitor Arm,
2026-06-09,0,0.0,PT,365272285965158,0,0.0,552331871890571,FBA79612,B0DP2WC5VW,0,WM- Wall Mounted Stand- B0DP2WC5VW- PT,0,FBA79612,WM1ML,White Mulberry,Monitor Arm,Monitor Arm,
2026-06-13,0,0.0,PT,365272285965158,0,0.0,552331871890571,FBA79612,B0DP2WC5VW,0,WM- Wall Mounted Stand- B0DP2WC5VW- PT,0,FBA79612,WM1ML,White Mulberry,Monitor Arm,Monitor Arm,
2026-06-01,1,360.74,PT,350911962574007,1966,5194.54,346786782688079,FBA79617,B0DP32F346,12,WM- SP- Wooden Arm- B0DP32F346- PT,2,FBA79617,HDWF1ML,White Mulberry,Monitor Arm,Monitor Arm,
2026-06-02,1,407.36,PT,350911962574007,3743,2329.66,346786782688079,FBA79617,B0DP32F346,12,WM- SP- Wooden Arm- B0DP32F346- PT,1,FBA79617,HDWF1ML,White Mulberry,Monitor Arm,Monitor Arm,
2026-06-03,1,360.7,PT,350911962574007,1423,2626.27,346786782688079,FBA79617,B0DP32F346,13,WM- SP- Wooden Arm- B0DP32F346- PT,1,FBA79617,HDWF1ML,White Mulberry,Monitor Arm,Monitor Arm,
2026-06-04,1,321.96,PT,350911962574007,2331,2783.9,346786782688079,FBA79617,B0DP32F346,13,WM- SP- Wooden Arm- B0DP32F346- PT,1,FBA79617,HDWF1ML,White Mulberry,Monitor Arm,Monitor Arm,
2026-06-05,0,401.64,PT,350911962574007,2363,0.0,346786782688079,FBA79617,B0DP32F346,12,WM- SP- Wooden Arm- B0DP32F346- PT,0,FBA79617,HDWF1ML,White Mulberry,Monitor Arm,Monitor Arm,
2026-06-06,0,387.33,PT,350911962574007,2658,0.0,346786782688079,FBA79617,B0DP32F346,10,WM- SP- Wooden Arm- B0DP32F346- PT,0,FBA79617,HDWF1ML,White Mulberry,Monitor Arm,Monitor Arm,
2026-06-07,1,259.97,PT,350911962574007,1225,2626.27,346786782688079,FBA79617,B0DP32F346,9,WM- SP- Wooden Arm- B0DP32F346- PT,1,FBA79617,HDWF1ML,White Mulberry,Monitor Arm,Monitor Arm,
2026-06-08,0,188.8,PT,350911962574007,1206,0.0,346786782688079,FBA79617,B0DP32F346,5,WM- SP- Wooden Arm- B0DP32F346- PT,0,FBA79617,HDWF1ML,White Mulberry,Monitor Arm,Monitor Arm,
2026-06-09,0,323.05,PT,350911962574007,756,0.0,346786782688079,FBA79617,B0DP32F346,8,WM- SP- Wooden Arm- B0DP32F346- PT,0,FBA79617,HDWF1ML,White Mulberry,Monitor Arm,Monitor Arm,
2026-06-10,0,321.82,PT,350911962574007,1050,0.0,346786782688079,FBA79617,B0DP32F346,10,WM- SP- Wooden Arm- B0DP32F346- PT,0,FBA79617,HDWF1ML,White Mulberry,Monitor Arm,Monitor Arm,
2026-06-11,0,218.85,PT,350911962574007,858,0.0,346786782688079,FBA79617,B0DP32F346,7,WM- SP- Wooden Arm- B0DP32F346- PT,0,FBA79617,HDWF1ML,White Mulberry,Monitor Arm,Monitor Arm,
2026-06-12,2,329.2,PT,350911962574007,2006,2626.27,346786782688079,FBA79617,B0DP32F346,9,WM- SP- Wooden Arm- B0DP32F346- PT,2,FBA79617,HDWF1ML,White Mulberry,Monitor Arm,Monitor Arm,
2026-06-13,0,426.05,PT,350911962574007,1588,0.0,346786782688079,FBA79617,B0DP32F346,12,WM- SP- Wooden Arm- B0DP32F346- PT,0,FBA79617,HDWF1ML,White Mulberry,Monitor Arm,Monitor Arm,
2026-06-14,0,331.99,PT,350911962574007,2129,0.0,346786782688079,FBA79617,B0DP32F346,11,WM- SP- Wooden Arm- B0DP32F346- PT,0,FBA79617,HDWF1ML,White Mulberry,Monitor Arm,Monitor Arm,
2026-06-15,0,235.15,PT,350911962574007,1491,0.0,346786782688079,FBA79617,B0DP32F346,8,WM- SP- Wooden Arm- B0DP32F346- PT,0,FBA79617,HDWF1ML,White Mulberry,Monitor Arm,Monitor Arm,
2026-06-16,0,157.89,PT,350911962574007,935,0.0,346786782688079,FBA79617,B0DP32F346,5,WM- SP- Wooden Arm- B0DP32F346- PT,0,FBA79617,HDWF1ML,White Mulberry,Monitor Arm,Monitor Arm,
2026-06-17,0,285.21,PT,350911962574007,904,0.0,346786782688079,FBA79617,B0DP32F346,8,WM- SP- Wooden Arm- B0DP32F346- PT,0,FBA79617,HDWF1ML,White Mulberry,Monitor Arm,Monitor Arm,
2026-06-18,0,177.93,PT,350911962574007,514,0.0,346786782688079,FBA79617,B0DP32F346,5,WM- SP- Wooden Arm- B0DP32F346- PT,0,FBA79617,HDWF1ML,White Mulberry,Monitor Arm,Monitor Arm,
2026-06-19,0,267.02,PT,350911962574007,254,0.0,346786782688079,FBA79617,B0DP32F346,6,WM- SP- Wooden Arm- B0DP32F346- PT,0,FBA79617,HDWF1ML,White Mulberry,Monitor Arm,Monitor Arm,
2026-06-20,0,49.88,PT,350911962574007,195,0.0,346786782688079,FBA79617,B0DP32F346,1,WM- SP- Wooden Arm- B0DP32F346- PT,0,FBA79617,HDWF1ML,White Mulberry,Monitor Arm,Monitor Arm,
2026-06-21,0,74.26,PT,350911962574007,269,0.0,346786782688079,FBA79617,B0DP32F346,2,WM- SP- Wooden Arm- B0DP32F346- PT,0,FBA79617,HDWF1ML,White Mulberry,Monitor Arm,Monitor Arm,
2026-06-01,0,0.0,SP PT_Monitor Arm Height Adj-HA2ML - B0DB5YTQZV,307155910002298,53,0.0,443114952516334,FBA79479,B0DB5YTQZV,0,WM- Height Adjustable stand- Dual-B0DB5YTQZV- PT,0,FBA79479,WM-HA2M-BK,White Mulberry,Monitor Arm,Monitor Arm,
2026-06-02,0,47.59,SP PT_Monitor Arm Height Adj-HA2ML - B0DB5YTQZV,307155910002298,34,0.0,443114952516334,FBA79479,B0DB5YTQZV,1,WM- Height Adjustable stand- Dual-B0DB5YTQZV- PT,0,FBA79479,WM-HA2M-BK,White Mulberry,Monitor Arm,Monitor Arm,
2026-06-03,0,0.0,SP PT_Monitor Arm Height Adj-HA2ML - B0DB5YTQZV,307155910002298,84,0.0,443114952516334,FBA79479,B0DB5YTQZV,0,WM- Height Adjustable stand- Dual-B0DB5YTQZV- PT,0,FBA79479,WM-HA2M-BK,White Mulberry,Monitor Arm,Monitor Arm,
2026-06-04,0,34.63,SP PT_Monitor Arm Height Adj-HA2ML - B0DB5YTQZV,307155910002298,65,0.0,443114952516334,FBA79479,B0DB5YTQZV,1,WM- Height Adjustable stand- Dual-B0DB5YTQZV- PT,0,FBA79479,WM-HA2M-BK,White Mulberry,Monitor Arm,Monitor Arm,
2026-06-05,0,0.0,SP PT_Monitor Arm Height Adj-HA2ML - B0DB5YTQZV,307155910002298,30,0.0,443114952516334,FBA79479,B0DB5YTQZV,0,WM- Height Adjustable stand- Dual-B0DB5YTQZV- PT,0,FBA79479,WM-HA2M-BK,White Mulberry,Monitor Arm,Monitor Arm,
2026-06-06,0,0.0,SP PT_Monitor Arm Height Adj-HA2ML - B0DB5YTQZV,307155910002298,7,0.0,443114952516334,FBA79479,B0DB5YTQZV,0,WM- Height Adjustable stand- Dual-B0DB5YTQZV- PT,0,FBA79479,WM-HA2M-BK,White Mulberry,Monitor Arm,Monitor Arm,
2026-06-07,0,28.55,SP PT_Monitor Arm Height Adj-HA2ML - B0DB5YTQZV,307155910002298,198,0.0,443114952516334,FBA79479,B0DB5YTQZV,1,WM- Height Adjustable stand- Dual-B0DB5YTQZV- PT,0,FBA79479,WM-HA2M-BK,White Mulberry,Monitor Arm,Monitor Arm,
2026-06-08,0,0.0,SP PT_Monitor Arm Height Adj-HA2ML - B0DB5YTQZV,307155910002298,14,0.0,443114952516334,FBA79479,B0DB5YTQZV,0,WM- Height Adjustable stand- Dual-B0DB5YTQZV- PT,0,FBA79479,WM-HA2M-BK,White Mulberry,Monitor Arm,Monitor Arm,
2026-06-10,0,0.0,SP PT_Monitor Arm Height Adj-HA2ML - B0DB5YTQZV,307155910002298,0,0.0,443114952516334,FBA79479,B0DB5YTQZV,0,WM- Height Adjustable stand- Dual-B0DB5YTQZV- PT,0,FBA79479,WM-HA2M-BK,White Mulberry,Monitor Arm,Monitor Arm,
2026-06-17,0,0.0,SP PT_Monitor Arm Height Adj-HA2ML - B0DB5YTQZV,307155910002298,0,0.0,443114952516334,FBA79479,B0DB5YTQZV,0,WM- Height Adjustable stand- Dual-B0DB5YTQZV- PT,0,FBA79479,WM-HA2M-BK,White Mulberry,Monitor Arm,Monitor Arm,
2026-06-03,0,0.0,SP CT_TV Wall Mount,318979632187767,0,0.0,320679984977381,FBK79788,B0FN4D3C89,0,WM-SP-TV Brackets- Multi Asins- CT,0,FBK79788,TVCT1ML,White Mulberry,Monitor Arm,TV Wall Mount,
2026-06-01,0,21.74,SP CT_TV Wall Mount,318979632187767,263,0.0,320679984977381,FBK79789,B0FN4DSQ6P,1,WM-SP-TV Brackets- Multi Asins- CT,0,FBK79789,TVMF1ML,White Mulberry,Monitor Arm,TV Wall Mount,
2026-06-02,0,211.84,SP CT_TV Wall Mount,318979632187767,1303,0.0,320679984977381,FBK79789,B0FN4DSQ6P,12,WM-SP-TV Brackets- Multi Asins- CT,0,FBK79789,TVMF1ML,White Mulberry,Monitor Arm,TV Wall Mount,
2026-06-03,1,139.34,SP CT_TV Wall Mount,318979632187767,1483,490.68,320679984977381,FBK79789,B0FN4DSQ6P,8,WM-SP-TV Brackets- Multi Asins- CT,1,FBK79789,TVMF1ML,White Mulberry,Monitor Arm,TV Wall Mount,
2026-06-04,1,168.44,SP CT_TV Wall Mount,318979632187767,1274,363.56,320679984977381,FBK79789,B0FN4DSQ6P,10,WM-SP-TV Brackets- Multi Asins- CT,1,FBK79789,TVMF1ML,White Mulberry,Monitor Arm,TV Wall Mount,
2026-06-05,1,174.42,SP CT_TV Wall Mount,318979632187767,2045,490.68,320679984977381,FBK79789,B0FN4DSQ6P,11,WM-SP-TV Brackets- Multi Asins- CT,1,FBK79789,TVMF1ML,White Mulberry,Monitor Arm,TV Wall Mount,
2026-06-06,1,181.81,SP CT_TV Wall Mount,318979632187767,1943,490.68,320679984977381,FBK79789,B0FN4DSQ6P,12,WM-SP-TV Brackets- Multi Asins- CT,1,FBK79789,TVMF1ML,White Mulberry,Monitor Arm,TV Wall Mount,
2026-06-07,1,112.29,SP CT_TV Wall Mount,318979632187767,1351,490.68,320679984977381,FBK79789,B0FN4DSQ6P,7,WM-SP-TV Brackets- Multi Asins- CT,1,FBK79789,TVMF1ML,White Mulberry,Monitor Arm,TV Wall Mount,
2026-06-08,0,0.0,SP CT_TV Wall Mount,318979632187767,696,0.0,320679984977381,FBK79789,B0FN4DSQ6P,0,WM-SP-TV Brackets- Multi Asins- CT,0,FBK79789,TVMF1ML,White Mulberry,Monitor Arm,TV Wall Mount,
2026-06-09,0,190.5,SP CT_TV Wall Mount,318979632187767,2289,0.0,320679984977381,FBK79789,B0FN4DSQ6P,13,WM-SP-TV Brackets- Multi Asins- CT,0,FBK79789,TVMF1ML,White Mulberry,Monitor Arm,TV Wall Mount,
2026-06-10,0,143.09,SP CT_TV Wall Mount,318979632187767,1974,0.0,320679984977381,FBK79789,B0FN4DSQ6P,9,WM-SP-TV Brackets- Multi Asins- CT,0,FBK79789,TVMF1ML,White Mulberry,Monitor Arm,TV Wall Mount,
2026-06-11,1,163.27,SP CT_TV Wall Mount,318979632187767,822,490.68,320679984977381,FBK79789,B0FN4DSQ6P,9,WM-SP-TV Brackets- Multi Asins- CT,1,FBK79789,TVMF1ML,White Mulberry,Monitor Arm,TV Wall Mount,
2026-06-12,1,158.74,SP CT_TV Wall Mount,318979632187767,1406,490.68,320679984977381,FBK79789,B0FN4DSQ6P,9,WM-SP-TV Brackets- Multi Asins- CT,1,FBK79789,TVMF1ML,White Mulberry,Monitor Arm,TV Wall Mount,
2026-06-13,3,221.49,SP CT_TV Wall Mount,318979632187767,2070,1344.92,320679984977381,FBK79789,B0FN4DSQ6P,13,WM-SP-TV Brackets- Multi Asins- CT,3,FBK79789,TVMF1ML,White Mulberry,Monitor Arm,TV Wall Mount,
2026-06-14,1,212.68,SP CT_TV Wall Mount,318979632187767,2011,490.68,320679984977381,FBK79789,B0FN4DSQ6P,13,WM-SP-TV Brackets- Multi Asins- CT,1,FBK79789,TVMF1ML,White Mulberry,Monitor Arm,TV Wall Mount,
2026-06-15,0,246.8,SP CT_TV Wall Mount,318979632187767,1579,0.0,320679984977381,FBK79789,B0FN4DSQ6P,15,WM-SP-TV Brackets- Multi Asins- CT,0,FBK79789,TVMF1ML,White Mulberry,Monitor Arm,TV Wall Mount,
2026-06-16,2,185.4,SP CT_TV Wall Mount,318979632187767,1742,981.36,320679984977381,FBK79789,B0FN4DSQ6P,12,WM-SP-TV Brackets- Multi Asins- CT,2,FBK79789,TVMF1ML,White Mulberry,Monitor Arm,TV Wall Mount,
2026-06-17,0,140.98,SP CT_TV Wall Mount,318979632187767,2467,0.0,320679984977381,FBK79789,B0FN4DSQ6P,8,WM-SP-TV Brackets- Multi Asins- CT,0,FBK79789,TVMF1ML,White Mulberry,Monitor Arm,TV Wall Mount,
2026-06-18,2,186.47,SP CT_TV Wall Mount,318979632187767,2167,1108.48,320679984977381,FBK79789,B0FN4DSQ6P,11,WM-SP-TV Brackets- Multi Asins- CT,2,FBK79789,TVMF1ML,White Mulberry,Monitor Arm,TV Wall Mount,
2026-06-19,0,186.39,SP CT_TV Wall Mount,318979632187767,1948,0.0,320679984977381,FBK79789,B0FN4DSQ6P,12,WM-SP-TV Brackets- Multi Asins- CT,0,FBK79789,TVMF1ML,White Mulberry,Monitor Arm,TV Wall Mount,
2026-06-20,3,205.82,SP CT_TV Wall Mount,318979632187767,1722,1726.28,320679984977381,FBK79789,B0FN4DSQ6P,11,WM-SP-TV Brackets- Multi Asins- CT,3,FBK79789,TVMF1ML,White Mulberry,Monitor Arm,TV Wall Mount,
2026-06-21,3,186.47,SP CT_TV Wall Mount,318979632187767,1714,1599.16,320679984977381,FBK79789,B0FN4DSQ6P,10,WM-SP-TV Brackets- Multi Asins- CT,3,FBK79789,TVMF1ML,White Mulberry,Monitor Arm,TV Wall Mount,
2026-06-01,0,0.0,SP CT_TV Wall Mount,318979632187767,100,0.0,320679984977381,FBK79791,B0FN4HDM6Z,0,WM-SP-TV Brackets- Multi Asins- CT,0,FBK79791,TVFM1ML,White Mulberry,Monitor Arm,TV Wall Mount,
2026-06-02,0,142.7,SP CT_TV Wall Mount,318979632187767,569,0.0,320679984977381,FBK79791,B0FN4HDM6Z,6,WM-SP-TV Brackets- Multi Asins- CT,0,FBK79791,TVFM1ML,White Mulberry,Monitor Arm,TV Wall Mount,
2026-06-03,0,114.7,SP CT_TV Wall Mount,318979632187767,555,0.0,320679984977381,FBK79791,B0FN4HDM6Z,5,WM-SP-TV Brackets- Multi Asins- CT,0,FBK79791,TVFM1ML,White Mulberry,Monitor Arm,TV Wall Mount,
2026-06-04,0,97.81,SP CT_TV Wall Mount,318979632187767,412,0.0,320679984977381,FBK79791,B0FN4HDM6Z,5,WM-SP-TV Brackets- Multi Asins- CT,0,FBK79791,TVFM1ML,White Mulberry,Monitor Arm,TV Wall Mount,
2026-06-05,0,77.08,SP CT_TV Wall Mount,318979632187767,726,0.0,320679984977381,FBK79791,B0FN4HDM6Z,4,WM-SP-TV Brackets- Multi Asins- CT,0,FBK79791,TVFM1ML,White Mulberry,Monitor Arm,TV Wall Mount,
2026-06-06,0,53.27,SP CT_TV Wall Mount,318979632187767,782,0.0,320679984977381,FBK79791,B0FN4HDM6Z,3,WM-SP-TV Brackets- Multi Asins- CT,0,FBK79791,TVFM1ML,White Mulberry,Monitor Arm,TV Wall Mount,
2026-06-07,0,140.82,SP CT_TV Wall Mount,318979632187767,472,0.0,320679984977381,FBK79791,B0FN4HDM6Z,9,WM-SP-TV Brackets- Multi Asins- CT,0,FBK79791,TVFM1ML,White Mulberry,Monitor Arm,TV Wall Mount,
2026-06-08,1,38.0,SP CT_TV Wall Mount,318979632187767,192,1778.81,320679984977381,FBK79791,B0FN4HDM6Z,2,WM-SP-TV Brackets- Multi Asins- CT,1,FBK79791,TVFM1ML,White Mulberry,Monitor Arm,TV Wall Mount,
2026-06-09,0,50.88,SP CT_TV Wall Mount,318979632187767,1059,0.0,320679984977381,FBK79791,B0FN4HDM6Z,3,WM-SP-TV Brackets- Multi Asins- CT,0,FBK79791,TVFM1ML,White Mulberry,Monitor Arm,TV Wall Mount,
2026-06-10,0,114.36,SP CT_TV Wall Mount,318979632187767,977,0.0,320679984977381,FBK79791,B0FN4HDM6Z,7,WM-SP-TV Brackets- Multi Asins- CT,0,FBK79791,TVFM1ML,White Mulberry,Monitor Arm,TV Wall Mount,
2026-06-11,0,0.0,SP CT_TV Wall Mount,318979632187767,184,0.0,320679984977381,FBK79791,B0FN4HDM6Z,0,WM-SP-TV Brackets- Multi Asins- CT,0,FBK79791,TVFM1ML,White Mulberry,Monitor Arm,TV Wall Mount,
2026-06-12,0,107.0,SP CT_TV Wall Mount,318979632187767,992,0.0,320679984977381,FBK79791,B0FN4HDM6Z,6,WM-SP-TV Brackets- Multi Asins- CT,0,FBK79791,TVFM1ML,White Mulberry,Monitor Arm,TV Wall Mount,
2026-06-13,0,106.83,SP CT_TV Wall Mount,318979632187767,1338,0.0,320679984977381,FBK79791,B0FN4HDM6Z,6,WM-SP-TV Brackets- Multi Asins- CT,0,FBK79791,TVFM1ML,White Mulberry,Monitor Arm,TV Wall Mount,
2026-06-14,0,108.5,SP CT_TV Wall Mount,318979632187767,1121,0.0,320679984977381,FBK79791,B0FN4HDM6Z,6,WM-SP-TV Brackets- Multi Asins- CT,0,FBK79791,TVFM1ML,White Mulberry,Monitor Arm,TV Wall Mount,
2026-06-15,0,70.91,SP CT_TV Wall Mount,318979632187767,749,0.0,320679984977381,FBK79791,B0FN4HDM6Z,4,WM-SP-TV Brackets- Multi Asins- CT,0,FBK79791,TVFM1ML,White Mulberry,Monitor Arm,TV Wall Mount,
2026-06-16,0,28.25,SP CT_TV Wall Mount,318979632187767,400,0.0,320679984977381,FBK79791,B0FN4HDM6Z,2,WM-SP-TV Brackets- Multi Asins- CT,0,FBK79791,TVFM1ML,White Mulberry,Monitor Arm,TV Wall Mount,
2026-06-18,0,0.0,SP CT_TV Wall Mount,318979632187767,0,0.0,320679984977381,FBK79791,B0FN4HDM6Z,0,WM-SP-TV Brackets- Multi Asins- CT,0,FBK79791,TVFM1ML,White Mulberry,Monitor Arm,TV Wall Mount,
2026-06-19,0,0.0,SP CT_TV Wall Mount,318979632187767,0,0.0,320679984977381,FBK79791,B0FN4HDM6Z,0,WM-SP-TV Brackets- Multi Asins- CT,0,FBK79791,TVFM1ML,White Mulberry,Monitor Arm,TV Wall Mount,
2026-06-01,0,0.0,SP PT_POS Stand,366635017663735,2,0.0,363212612593904,FBK79786,B0FN4FPJ83,0,WM-SP-POS stand- Multi - PT,0,FBK79786,POSS-01,White Mulberry,Monitor Arm,POS Stand,
2026-06-02,0,0.0,SP PT_POS Stand,366635017663735,2,0.0,363212612593904,FBK79786,B0FN4FPJ83,0,WM-SP-POS stand- Multi - PT,0,FBK79786,POSS-01,White Mulberry,Monitor Arm,POS Stand,
2026-06-03,0,0.0,SP PT_POS Stand,366635017663735,5,0.0,363212612593904,FBK79786,B0FN4FPJ83,0,WM-SP-POS stand- Multi - PT,0,FBK79786,POSS-01,White Mulberry,Monitor Arm,POS Stand,
2026-06-04,0,0.0,SP PT_POS Stand,366635017663735,1,0.0,363212612593904,FBK79786,B0FN4FPJ83,0,WM-SP-POS stand- Multi - PT,0,FBK79786,POSS-01,White Mulberry,Monitor Arm,POS Stand,
2026-06-05,0,10.04,SP PT_POS Stand,366635017663735,3,0.0,363212612593904,FBK79786,B0FN4FPJ83,1,WM-SP-POS stand- Multi - PT,0,FBK79786,POSS-01,White Mulberry,Monitor Arm,POS Stand,
2026-06-06,0,0.0,SP PT_POS Stand,366635017663735,2,0.0,363212612593904,FBK79786,B0FN4FPJ83,0,WM-SP-POS stand- Multi - PT,0,FBK79786,POSS-01,White Mulberry,Monitor Arm,POS Stand,
2026-06-07,0,0.0,SP PT_POS Stand,366635017663735,2,0.0,363212612593904,FBK79786,B0FN4FPJ83,0,WM-SP-POS stand- Multi - PT,0,FBK79786,POSS-01,White Mulberry,Monitor Arm,POS Stand,
2026-06-08,0,0.0,SP PT_POS Stand,366635017663735,1,0.0,363212612593904,FBK79786,B0FN4FPJ83,0,WM-SP-POS stand- Multi - PT,0,FBK79786,POSS-01,White Mulberry,Monitor Arm,POS Stand,
2026-06-01,0,33.89,SP PT_TV Wall Mount,402084441383247,403,0.0,433564641482557,FBK79788,B0FN4D3C89,2,WM-SP-TV Brackets- Multi Asins- PT,0,FBK79788,TVCT1ML,White Mulberry,Monitor Arm,TV Wall Mount,
2026-06-02,0,86.73,SP PT_TV Wall Mount,402084441383247,626,0.0,433564641482557,FBK79788,B0FN4D3C89,4,WM-SP-TV Brackets- Multi Asins- PT,0,FBK79788,TVCT1ML,White Mulberry,Monitor Arm,TV Wall Mount,
2026-06-03,1,78.73,SP PT_TV Wall Mount,402084441383247,218,363.56,433564641482557,FBK79788,B0FN4D3C89,4,WM-SP-TV Brackets- Multi Asins- PT,1,FBK79788,TVCT1ML,White Mulberry,Monitor Arm,TV Wall Mount,
2026-06-01,1,151.31,SP PT_TV Wall Mount,402084441383247,281,490.68,433564641482557,FBK79789,B0FN4DSQ6P,4,WM-SP-TV Brackets- Multi Asins- PT,1,FBK79789,TVMF1ML,White Mulberry,Monitor Arm,TV Wall Mount,
2026-06-02,0,73.59,SP PT_TV Wall Mount,402084441383247,302,0.0,433564641482557,FBK79789,B0FN4DSQ6P,3,WM-SP-TV Brackets- Multi Asins- PT,0,FBK79789,TVMF1ML,White Mulberry,Monitor Arm,TV Wall Mount,
2026-06-03,0,176.99,SP PT_TV Wall Mount,402084441383247,256,0.0,433564641482557,FBK79789,B0FN4DSQ6P,6,WM-SP-TV Brackets- Multi Asins- PT,0,FBK79789,TVMF1ML,White Mulberry,Monitor Arm,TV Wall Mount,
2026-06-04,3,197.31,SP PT_TV Wall Mount,402084441383247,940,1344.92,433564641482557,FBK79789,B0FN4DSQ6P,7,WM-SP-TV Brackets- Multi Asins- PT,3,FBK79789,TVMF1ML,White Mulberry,Monitor Arm,TV Wall Mount,
2026-06-05,2,125.35,SP PT_TV Wall Mount,402084441383247,461,1108.48,433564641482557,FBK79789,B0FN4DSQ6P,4,WM-SP-TV Brackets- Multi Asins- PT,2,FBK79789,TVMF1ML,White Mulberry,Monitor Arm,TV Wall Mount,
2026-06-06,0,297.44,SP PT_TV Wall Mount,402084441383247,833,0.0,433564641482557,FBK79789,B0FN4DSQ6P,10,WM-SP-TV Brackets- Multi Asins- PT,0,FBK79789,TVMF1ML,White Mulberry,Monitor Arm,TV Wall Mount,
2026-06-07,0,142.7,SP PT_TV Wall Mount,402084441383247,527,0.0,433564641482557,FBK79789,B0FN4DSQ6P,6,WM-SP-TV Brackets- Multi Asins- PT,0,FBK79789,TVMF1ML,White Mulberry,Monitor Arm,TV Wall Mount,
2026-06-08,0,294.77,SP PT_TV Wall Mount,402084441383247,885,0.0,433564641482557,FBK79789,B0FN4DSQ6P,9,WM-SP-TV Brackets- Multi Asins- PT,0,FBK79789,TVMF1ML,White Mulberry,Monitor Arm,TV Wall Mount,
2026-06-09,2,288.94,SP PT_TV Wall Mount,402084441383247,981,981.36,433564641482557,FBK79789,B0FN4DSQ6P,13,WM-SP-TV Brackets- Multi Asins- PT,2,FBK79789,TVMF1ML,White Mulberry,Monitor Arm,TV Wall Mount,
2026-06-10,0,325.96,SP PT_TV Wall Mount,402084441383247,1192,0.0,433564641482557,FBK79789,B0FN4DSQ6P,12,WM-SP-TV Brackets- Multi Asins- PT,0,FBK79789,TVMF1ML,White Mulberry,Monitor Arm,TV Wall Mount,
2026-06-11,0,161.75,SP PT_TV Wall Mount,402084441383247,818,0.0,433564641482557,FBK79789,B0FN4DSQ6P,8,WM-SP-TV Brackets- Multi Asins- PT,0,FBK79789,TVMF1ML,White Mulberry,Monitor Arm,TV Wall Mount,
2026-06-12,2,370.52,SP PT_TV Wall Mount,402084441383247,647,981.36,433564641482557,FBK79789,B0FN4DSQ6P,16,WM-SP-TV Brackets- Multi Asins- PT,2,FBK79789,TVMF1ML,White Mulberry,Monitor Arm,TV Wall Mount,
2026-06-13,1,435.53,SP PT_TV Wall Mount,402084441383247,1004,617.8,433564641482557,FBK79789,B0FN4DSQ6P,16,WM-SP-TV Brackets- Multi Asins- PT,1,FBK79789,TVMF1ML,White Mulberry,Monitor Arm,TV Wall Mount,
2026-06-14,2,436.44,SP PT_TV Wall Mount,402084441383247,965,981.36,433564641482557,FBK79789,B0FN4DSQ6P,17,WM-SP-TV Brackets- Multi Asins- PT,2,FBK79789,TVMF1ML,White Mulberry,Monitor Arm,TV Wall Mount,
2026-06-15,1,381.36,SP PT_TV Wall Mount,402084441383247,1056,617.8,433564641482557,FBK79789,B0FN4DSQ6P,14,WM-SP-TV Brackets- Multi Asins- PT,1,FBK79789,TVMF1ML,White Mulberry,Monitor Arm,TV Wall Mount,
2026-06-16,0,311.07,SP PT_TV Wall Mount,402084441383247,1332,0.0,433564641482557,FBK79789,B0FN4DSQ6P,11,WM-SP-TV Brackets- Multi Asins- PT,0,FBK79789,TVMF1ML,White Mulberry,Monitor Arm,TV Wall Mount,
2026-06-17,0,314.62,SP PT_TV Wall Mount,402084441383247,948,0.0,433564641482557,FBK79789,B0FN4DSQ6P,10,WM-SP-TV Brackets- Multi Asins- PT,0,FBK79789,TVMF1ML,White Mulberry,Monitor Arm,TV Wall Mount,
2026-06-18,0,0.0,SP PT_TV Wall Mount,402084441383247,38,0.0,433564641482557,FBK79789,B0FN4DSQ6P,0,WM-SP-TV Brackets- Multi Asins- PT,0,FBK79789,TVMF1ML,White Mulberry,Monitor Arm,TV Wall Mount,
2026-06-19,0,51.49,SP PT_TV Wall Mount,402084441383247,313,0.0,433564641482557,FBK79789,B0FN4DSQ6P,4,WM-SP-TV Brackets- Multi Asins- PT,0,FBK79789,TVMF1ML,White Mulberry,Monitor Arm,TV Wall Mount,
2026-06-20,1,145.26,SP PT_TV Wall Mount,402084441383247,596,617.8,433564641482557,FBK79789,B0FN4DSQ6P,7,WM-SP-TV Brackets- Multi Asins- PT,1,FBK79789,TVMF1ML,White Mulberry,Monitor Arm,TV Wall Mount,
2026-06-21,0,206.08,SP PT_TV Wall Mount,402084441383247,674,0.0,433564641482557,FBK79789,B0FN4DSQ6P,5,WM-SP-TV Brackets- Multi Asins- PT,0,FBK79789,TVMF1ML,White Mulberry,Monitor Arm,TV Wall Mount,
2026-06-01,0,57.61,SP PT_TV Wall Mount,402084441383247,92,0.0,433564641482557,FBK79791,B0FN4HDM6Z,3,WM-SP-TV Brackets- Multi Asins- PT,0,FBK79791,TVFM1ML,White Mulberry,Monitor Arm,TV Wall Mount,
2026-06-02,0,206.91,SP PT_TV Wall Mount,402084441383247,147,0.0,433564641482557,FBK79791,B0FN4HDM6Z,8,WM-SP-TV Brackets- Multi Asins- PT,0,FBK79791,TVFM1ML,White Mulberry,Monitor Arm,TV Wall Mount,
2026-06-03,0,0.0,SP PT_TV Wall Mount,402084441383247,100,0.0,433564641482557,FBK79791,B0FN4HDM6Z,0,WM-SP-TV Brackets- Multi Asins- PT,0,FBK79791,TVFM1ML,White Mulberry,Monitor Arm,TV Wall Mount,
2026-06-04,0,141.14,SP PT_TV Wall Mount,402084441383247,285,0.0,433564641482557,FBK79791,B0FN4HDM6Z,5,WM-SP-TV Brackets- Multi Asins- PT,0,FBK79791,TVFM1ML,White Mulberry,Monitor Arm,TV Wall Mount,
2026-06-05,0,41.25,SP PT_TV Wall Mount,402084441383247,78,0.0,433564641482557,FBK79791,B0FN4HDM6Z,2,WM-SP-TV Brackets- Multi Asins- PT,0,FBK79791,TVFM1ML,White Mulberry,Monitor Arm,TV Wall Mount,
2026-06-06,0,52.71,SP PT_TV Wall Mount,402084441383247,114,0.0,433564641482557,FBK79791,B0FN4HDM6Z,3,WM-SP-TV Brackets- Multi Asins- PT,0,FBK79791,TVFM1ML,White Mulberry,Monitor Arm,TV Wall Mount,
2026-06-07,0,77.3,SP PT_TV Wall Mount,402084441383247,104,0.0,433564641482557,FBK79791,B0FN4HDM6Z,3,WM-SP-TV Brackets- Multi Asins- PT,0,FBK79791,TVFM1ML,White Mulberry,Monitor Arm,TV Wall Mount,
2026-06-08,0,87.59,SP PT_TV Wall Mount,402084441383247,282,0.0,433564641482557,FBK79791,B0FN4HDM6Z,4,WM-SP-TV Brackets- Multi Asins- PT,0,FBK79791,TVFM1ML,White Mulberry,Monitor Arm,TV Wall Mount,
2026-06-09,0,53.93,SP PT_TV Wall Mount,402084441383247,169,0.0,433564641482557,FBK79791,B0FN4HDM6Z,2,WM-SP-TV Brackets- Multi Asins- PT,0,FBK79791,TVFM1ML,White Mulberry,Monitor Arm,TV Wall Mount,
2026-06-10,0,24.23,SP PT_TV Wall Mount,402084441383247,76,0.0,433564641482557,FBK79791,B0FN4HDM6Z,1,WM-SP-TV Brackets- Multi Asins- PT,0,FBK79791,TVFM1ML,White Mulberry,Monitor Arm,TV Wall Mount,
2026-06-11,0,44.57,SP PT_TV Wall Mount,402084441383247,115,0.0,433564641482557,FBK79791,B0FN4HDM6Z,2,WM-SP-TV Brackets- Multi Asins- PT,0,FBK79791,TVFM1ML,White Mulberry,Monitor Arm,TV Wall Mount,
2026-06-12,0,55.95,SP PT_TV Wall Mount,402084441383247,144,0.0,433564641482557,FBK79791,B0FN4HDM6Z,2,WM-SP-TV Brackets- Multi Asins- PT,0,FBK79791,TVFM1ML,White Mulberry,Monitor Arm,TV Wall Mount,
2026-06-13,0,60.0,SP PT_TV Wall Mount,402084441383247,250,0.0,433564641482557,FBK79791,B0FN4HDM6Z,3,WM-SP-TV Brackets- Multi Asins- PT,0,FBK79791,TVFM1ML,White Mulberry,Monitor Arm,TV Wall Mount,
2026-06-14,0,28.86,SP PT_TV Wall Mount,402084441383247,45,0.0,433564641482557,FBK79791,B0FN4HDM6Z,1,WM-SP-TV Brackets- Multi Asins- PT,0,FBK79791,TVFM1ML,White Mulberry,Monitor Arm,TV Wall Mount,
2026-06-15,0,25.98,SP PT_TV Wall Mount,402084441383247,72,0.0,433564641482557,FBK79791,B0FN4HDM6Z,1,WM-SP-TV Brackets- Multi Asins- PT,0,FBK79791,TVFM1ML,White Mulberry,Monitor Arm,TV Wall Mount,
2026-06-16,0,28.1,SP PT_TV Wall Mount,402084441383247,29,0.0,433564641482557,FBK79791,B0FN4HDM6Z,1,WM-SP-TV Brackets- Multi Asins- PT,0,FBK79791,TVFM1ML,White Mulberry,Monitor Arm,TV Wall Mount,
2026-06-17,0,41.4,SP PT_TV Wall Mount,402084441383247,18,0.0,433564641482557,FBK79791,B0FN4HDM6Z,1,WM-SP-TV Brackets- Multi Asins- PT,0,FBK79791,TVFM1ML,White Mulberry,Monitor Arm,TV Wall Mount,
2026-06-18,1,75.16,SP PT_TV Wall Mount,402084441383247,112,1778.81,433564641482557,FBK79791,B0FN4HDM6Z,2,WM-SP-TV Brackets- Multi Asins- PT,1,FBK79791,TVFM1ML,White Mulberry,Monitor Arm,TV Wall Mount,
2026-06-19,1,124.75,SP PT_TV Wall Mount,402084441383247,245,1778.81,433564641482557,FBK79791,B0FN4HDM6Z,4,WM-SP-TV Brackets- Multi Asins- PT,1,FBK79791,TVFM1ML,White Mulberry,Monitor Arm,TV Wall Mount,
2026-06-20,0,93.13,SP PT_TV Wall Mount,402084441383247,229,0.0,433564641482557,FBK79791,B0FN4HDM6Z,3,WM-SP-TV Brackets- Multi Asins- PT,0,FBK79791,TVFM1ML,White Mulberry,Monitor Arm,TV Wall Mount,
2026-06-21,0,74.24,SP PT_TV Wall Mount,402084441383247,254,0.0,433564641482557,FBK79791,B0FN4HDM6Z,2,WM-SP-TV Brackets- Multi Asins- PT,0,FBK79791,TVFM1ML,White Mulberry,Monitor Arm,TV Wall Mount,
2026-06-02,0,0.0,SP KT_Monitor Arm - B0DB5VG39T - GIFS,425165543944722,0,0.0,343439639919890,B0DB5VG39T,B0DB5VG39T,0,WM-SP-Gas Spring MA- B0DB5VG39T- Exact & Phrase,0,FBA79476,WM-GS1M-BK,White Mulberry,Monitor Arm,Monitor Arm,
2026-06-05,0,0.0,SP KT_Monitor Arm - B0DB5VG39T - GIFS,425165543944722,0,0.0,343439639919890,B0DB5VG39T,B0DB5VG39T,0,WM-SP-Gas Spring MA- B0DB5VG39T- Exact & Phrase,0,FBA79476,WM-GS1M-BK,White Mulberry,Monitor Arm,Monitor Arm,
2026-06-17,0,150.74,Exact & Phrase,332134320889851,708,0.0,411105719916846,B0DP2VVRND,B0DP2VVRND,10,WM-SP-Monitor Stand-B0DP2VVRND  - Phrase,0,FBA79613,MS1ML,White Mulberry,Monitor Arm,Monitor Arm,
2026-06-18,0,309.46,Exact & Phrase,332134320889851,870,0.0,411105719916846,B0DP2VVRND,B0DP2VVRND,19,WM-SP-Monitor Stand-B0DP2VVRND  - Phrase,0,FBA79613,MS1ML,White Mulberry,Monitor Arm,Monitor Arm,
2026-06-19,1,301.48,Exact & Phrase,332134320889851,756,1694.07,411105719916846,B0DP2VVRND,B0DP2VVRND,18,WM-SP-Monitor Stand-B0DP2VVRND  - Phrase,1,FBA79613,MS1ML,White Mulberry,Monitor Arm,Monitor Arm,
2026-06-20,1,359.03,Exact & Phrase,332134320889851,891,1694.07,411105719916846,B0DP2VVRND,B0DP2VVRND,17,WM-SP-Monitor Stand-B0DP2VVRND  - Phrase,1,FBA79613,MS1ML,White Mulberry,Monitor Arm,Monitor Arm,
2026-06-21,1,318.31,Exact & Phrase,332134320889851,837,1694.07,411105719916846,B0DP2VVRND,B0DP2VVRND,14,WM-SP-Monitor Stand-B0DP2VVRND  - Phrase,1,FBA79613,MS1ML,White Mulberry,Monitor Arm,Monitor Arm,
2026-06-01,1,463.2,Exact & Phrase,332134320889851,1169,2372.03,411105719916846,B0DP2Z5DQ9,B0DP2Z5DQ9,23,WM-SP-Monitor Stand-B0DP2VVRND  - Phrase,1,FBA79615,VLMS1ML,White Mulberry,Monitor Arm,Monitor Arm,
2026-06-02,0,353.65,Exact & Phrase,332134320889851,1611,0.0,411105719916846,B0DP2Z5DQ9,B0DP2Z5DQ9,18,WM-SP-Monitor Stand-B0DP2VVRND  - Phrase,0,FBA79615,VLMS1ML,White Mulberry,Monitor Arm,Monitor Arm,
2026-06-03,1,355.37,Exact & Phrase,332134320889851,844,4744.08,411105719916846,B0DP2Z5DQ9,B0DP2Z5DQ9,15,WM-SP-Monitor Stand-B0DP2VVRND  - Phrase,2,FBA79615,VLMS1ML,White Mulberry,Monitor Arm,Monitor Arm,
2026-06-04,0,352.23,Exact & Phrase,332134320889851,951,0.0,411105719916846,B0DP2Z5DQ9,B0DP2Z5DQ9,15,WM-SP-Monitor Stand-B0DP2VVRND  - Phrase,0,FBA79615,VLMS1ML,White Mulberry,Monitor Arm,Monitor Arm,
2026-06-05,1,412.37,Exact & Phrase,332134320889851,2840,1795.76,411105719916846,B0DP2Z5DQ9,B0DP2Z5DQ9,24,WM-SP-Monitor Stand-B0DP2VVRND  - Phrase,1,FBA79615,VLMS1ML,White Mulberry,Monitor Arm,Monitor Arm,
2026-06-06,0,307.68,Exact & Phrase,332134320889851,767,0.0,411105719916846,B0DP2Z5DQ9,B0DP2Z5DQ9,15,WM-SP-Monitor Stand-B0DP2VVRND  - Phrase,0,FBA79615,VLMS1ML,White Mulberry,Monitor Arm,Monitor Arm,
2026-06-07,1,259.63,Exact & Phrase,332134320889851,1004,2372.03,411105719916846,B0DP2Z5DQ9,B0DP2Z5DQ9,11,WM-SP-Monitor Stand-B0DP2VVRND  - Phrase,1,FBA79615,VLMS1ML,White Mulberry,Monitor Arm,Monitor Arm,
2026-06-08,0,323.36,Exact & Phrase,332134320889851,1453,0.0,411105719916846,B0DP2Z5DQ9,B0DP2Z5DQ9,16,WM-SP-Monitor Stand-B0DP2VVRND  - Phrase,0,FBA79615,VLMS1ML,White Mulberry,Monitor Arm,Monitor Arm,
2026-06-09,0,125.99,Exact & Phrase,332134320889851,1191,0.0,411105719916846,B0DP2Z5DQ9,B0DP2Z5DQ9,8,WM-SP-Monitor Stand-B0DP2VVRND  - Phrase,0,FBA79615,VLMS1ML,White Mulberry,Monitor Arm,Monitor Arm,
2026-06-10,0,0.0,Exact & Phrase,332134320889851,20,0.0,411105719916846,B0DP2Z5DQ9,B0DP2Z5DQ9,0,WM-SP-Monitor Stand-B0DP2VVRND  - Phrase,0,FBA79615,VLMS1ML,White Mulberry,Monitor Arm,Monitor Arm,
2026-06-11,0,208.63,Exact & Phrase,332134320889851,3127,0.0,411105719916846,B0DP2Z5DQ9,B0DP2Z5DQ9,9,WM-SP-Monitor Stand-B0DP2VVRND  - Phrase,0,FBA79615,VLMS1ML,White Mulberry,Monitor Arm,Monitor Arm,
2026-06-12,1,74.82,Exact & Phrase,332134320889851,345,2372.03,411105719916846,B0DP2Z5DQ9,B0DP2Z5DQ9,3,WM-SP-Monitor Stand-B0DP2VVRND  - Phrase,1,FBA79615,VLMS1ML,White Mulberry,Monitor Arm,Monitor Arm,
2026-06-13,0,0.0,Exact & Phrase,332134320889851,3,0.0,411105719916846,B0DP2Z5DQ9,B0DP2Z5DQ9,0,WM-SP-Monitor Stand-B0DP2VVRND  - Phrase,0,FBA79615,VLMS1ML,White Mulberry,Monitor Arm,Monitor Arm,
2026-06-14,0,0.0,Exact & Phrase,332134320889851,8,0.0,411105719916846,B0DP2Z5DQ9,B0DP2Z5DQ9,0,WM-SP-Monitor Stand-B0DP2VVRND  - Phrase,0,FBA79615,VLMS1ML,White Mulberry,Monitor Arm,Monitor Arm,
2026-06-15,0,185.58,Exact & Phrase,332134320889851,306,0.0,411105719916846,B0DP2Z5DQ9,B0DP2Z5DQ9,6,WM-SP-Monitor Stand-B0DP2VVRND  - Phrase,0,FBA79615,VLMS1ML,White Mulberry,Monitor Arm,Monitor Arm,
2026-06-16,0,255.0,Exact & Phrase,332134320889851,845,0.0,411105719916846,B0DP2Z5DQ9,B0DP2Z5DQ9,13,WM-SP-Monitor Stand-B0DP2VVRND  - Phrase,0,FBA79615,VLMS1ML,White Mulberry,Monitor Arm,Monitor Arm,
2026-06-17,2,50.67,Exact & Phrase,332134320889851,278,2372.03,411105719916846,B0DP2Z5DQ9,B0DP2Z5DQ9,3,WM-SP-Monitor Stand-B0DP2VVRND  - Phrase,2,FBA79615,VLMS1ML,White Mulberry,Monitor Arm,Monitor Arm,
2026-06-18,0,0.0,Exact & Phrase,332134320889851,0,0.0,411105719916846,B0DP2Z5DQ9,B0DP2Z5DQ9,0,WM-SP-Monitor Stand-B0DP2VVRND  - Phrase,0,FBA79615,VLMS1ML,White Mulberry,Monitor Arm,Monitor Arm,
2026-06-19,0,0.0,Exact & Phrase,332134320889851,0,0.0,411105719916846,B0DP2Z5DQ9,B0DP2Z5DQ9,0,WM-SP-Monitor Stand-B0DP2VVRND  - Phrase,0,FBA79615,VLMS1ML,White Mulberry,Monitor Arm,Monitor Arm,
2026-06-01,0,469.29,SP KT_Monitor Arm Wall Mount -  B0DP2WC5VW GIFS,282638815897450,2778,0.0,472087314865233,FBA79612,B0DP2WC5VW,25,WM- Wall Mounted Stand- B0DP2WC5VW- Phrase & exact,0,FBA79612,WM1ML,White Mulberry,Monitor Arm,Monitor Arm,
2026-06-02,0,455.88,SP KT_Monitor Arm Wall Mount -  B0DP2WC5VW GIFS,282638815897450,2803,0.0,472087314865233,FBA79612,B0DP2WC5VW,20,WM- Wall Mounted Stand- B0DP2WC5VW- Phrase & exact,0,FBA79612,WM1ML,White Mulberry,Monitor Arm,Monitor Arm,
2026-06-03,1,355.44,SP KT_Monitor Arm Wall Mount -  B0DP2WC5VW GIFS,282638815897450,2408,2783.9,472087314865233,FBA79612,B0DP2WC5VW,15,WM- Wall Mounted Stand- B0DP2WC5VW- Phrase & exact,1,FBA79612,WM1ML,White Mulberry,Monitor Arm,Monitor Arm,
2026-06-04,0,0.0,SP KT_Monitor Arm Wall Mount -  B0DP2WC5VW GIFS,282638815897450,0,0.0,472087314865233,FBA79612,B0DP2WC5VW,0,WM- Wall Mounted Stand- B0DP2WC5VW- Phrase & exact,0,FBA79612,WM1ML,White Mulberry,Monitor Arm,Monitor Arm,
2026-06-05,0,0.0,SP KT_Monitor Arm Wall Mount -  B0DP2WC5VW GIFS,282638815897450,0,0.0,472087314865233,FBA79612,B0DP2WC5VW,0,WM- Wall Mounted Stand- B0DP2WC5VW- Phrase & exact,0,FBA79612,WM1ML,White Mulberry,Monitor Arm,Monitor Arm,
2026-06-06,0,0.0,SP KT_Monitor Arm Wall Mount -  B0DP2WC5VW GIFS,282638815897450,0,0.0,472087314865233,FBA79612,B0DP2WC5VW,0,WM- Wall Mounted Stand- B0DP2WC5VW- Phrase & exact,0,FBA79612,WM1ML,White Mulberry,Monitor Arm,Monitor Arm,
2026-06-07,0,0.0,SP KT_Monitor Arm Wall Mount -  B0DP2WC5VW GIFS,282638815897450,0,0.0,472087314865233,FBA79612,B0DP2WC5VW,0,WM- Wall Mounted Stand- B0DP2WC5VW- Phrase & exact,0,FBA79612,WM1ML,White Mulberry,Monitor Arm,Monitor Arm,
2026-06-08,0,0.0,SP KT_Monitor Arm Wall Mount -  B0DP2WC5VW GIFS,282638815897450,0,0.0,472087314865233,FBA79612,B0DP2WC5VW,0,WM- Wall Mounted Stand- B0DP2WC5VW- Phrase & exact,0,FBA79612,WM1ML,White Mulberry,Monitor Arm,Monitor Arm,
2026-06-09,0,0.0,SP KT_Monitor Arm Wall Mount -  B0DP2WC5VW GIFS,282638815897450,0,0.0,472087314865233,FBA79612,B0DP2WC5VW,0,WM- Wall Mounted Stand- B0DP2WC5VW- Phrase & exact,0,FBA79612,WM1ML,White Mulberry,Monitor Arm,Monitor Arm,
2026-06-10,0,0.0,SP KT_Monitor Arm Wall Mount -  B0DP2WC5VW GIFS,282638815897450,0,0.0,472087314865233,FBA79612,B0DP2WC5VW,0,WM- Wall Mounted Stand- B0DP2WC5VW- Phrase & exact,0,FBA79612,WM1ML,White Mulberry,Monitor Arm,Monitor Arm,
2026-06-11,0,0.0,SP KT_Monitor Arm Wall Mount -  B0DP2WC5VW GIFS,282638815897450,0,0.0,472087314865233,FBA79612,B0DP2WC5VW,0,WM- Wall Mounted Stand- B0DP2WC5VW- Phrase & exact,0,FBA79612,WM1ML,White Mulberry,Monitor Arm,Monitor Arm,
2026-06-13,0,0.0,SP KT_Monitor Arm Wall Mount -  B0DP2WC5VW GIFS,282638815897450,0,0.0,472087314865233,FBA79612,B0DP2WC5VW,0,WM- Wall Mounted Stand- B0DP2WC5VW- Phrase & exact,0,FBA79612,WM1ML,White Mulberry,Monitor Arm,Monitor Arm,
2026-06-14,0,0.0,SP KT_Monitor Arm Wall Mount -  B0DP2WC5VW GIFS,282638815897450,0,0.0,472087314865233,FBA79612,B0DP2WC5VW,0,WM- Wall Mounted Stand- B0DP2WC5VW- Phrase & exact,0,FBA79612,WM1ML,White Mulberry,Monitor Arm,Monitor Arm,
2026-06-01,1,52.0,SP PT_TV Wall Mount (Search Terms),353406111190773,495,363.56,348167676045587,FBK79788,B0FN4D3C89,5,WM-SP-TV Brackets- Multi Asins- PT01,1,FBK79788,TVCT1ML,White Mulberry,Monitor Arm,TV Wall Mount,
2026-06-02,1,151.49,SP PT_TV Wall Mount (Search Terms),353406111190773,2588,363.56,348167676045587,FBK79788,B0FN4D3C89,15,WM-SP-TV Brackets- Multi Asins- PT01,1,FBK79788,TVCT1ML,White Mulberry,Monitor Arm,TV Wall Mount,
2026-06-03,1,121.59,SP PT_TV Wall Mount (Search Terms),353406111190773,1419,363.56,348167676045587,FBK79788,B0FN4D3C89,11,WM-SP-TV Brackets- Multi Asins- PT01,1,FBK79788,TVCT1ML,White Mulberry,Monitor Arm,TV Wall Mount,
2026-06-04,0,0.0,SP PT_TV Wall Mount (Search Terms),353406111190773,0,0.0,348167676045587,FBK79788,B0FN4D3C89,0,WM-SP-TV Brackets- Multi Asins- PT01,0,FBK79788,TVCT1ML,White Mulberry,Monitor Arm,TV Wall Mount,
2026-06-07,0,0.0,SP PT_TV Wall Mount (Search Terms),353406111190773,0,0.0,348167676045587,FBK79788,B0FN4D3C89,0,WM-SP-TV Brackets- Multi Asins- PT01,0,FBK79788,TVCT1ML,White Mulberry,Monitor Arm,TV Wall Mount,
2026-06-08,0,0.0,SP PT_TV Wall Mount (Search Terms),353406111190773,0,0.0,348167676045587,FBK79788,B0FN4D3C89,0,WM-SP-TV Brackets- Multi Asins- PT01,0,FBK79788,TVCT1ML,White Mulberry,Monitor Arm,TV Wall Mount,
2026-06-01,0,0.0,SP PT_TV Wall Mount (Search Terms),353406111190773,92,0.0,348167676045587,FBK79789,B0FN4DSQ6P,0,WM-SP-TV Brackets- Multi Asins- PT01,0,FBK79789,TVMF1ML,White Mulberry,Monitor Arm,TV Wall Mount,
2026-06-02,2,48.98,SP PT_TV Wall Mount (Search Terms),353406111190773,718,981.36,348167676045587,FBK79789,B0FN4DSQ6P,4,WM-SP-TV Brackets- Multi Asins- PT01,2,FBK79789,TVMF1ML,White Mulberry,Monitor Arm,TV Wall Mount,
2026-06-03,0,67.51,SP PT_TV Wall Mount (Search Terms),353406111190773,1359,0.0,348167676045587,FBK79789,B0FN4DSQ6P,5,WM-SP-TV Brackets- Multi Asins- PT01,0,FBK79789,TVMF1ML,White Mulberry,Monitor Arm,TV Wall Mount,
2026-06-04,3,183.0,SP PT_TV Wall Mount (Search Terms),353406111190773,2734,1344.92,348167676045587,FBK79789,B0FN4DSQ6P,15,WM-SP-TV Brackets- Multi Asins- PT01,3,FBK79789,TVMF1ML,White Mulberry,Monitor Arm,TV Wall Mount,
2026-06-05,1,143.0,SP PT_TV Wall Mount (Search Terms),353406111190773,2838,490.68,348167676045587,FBK79789,B0FN4DSQ6P,11,WM-SP-TV Brackets- Multi Asins- PT01,1,FBK79789,TVMF1ML,White Mulberry,Monitor Arm,TV Wall Mount,
2026-06-06,7,145.76,SP PT_TV Wall Mount (Search Terms),353406111190773,2547,3561.88,348167676045587,FBK79789,B0FN4DSQ6P,13,WM-SP-TV Brackets- Multi Asins- PT01,7,FBK79789,TVMF1ML,White Mulberry,Monitor Arm,TV Wall Mount,
2026-06-07,1,256.2,SP PT_TV Wall Mount (Search Terms),353406111190773,4384,981.36,348167676045587,FBK79789,B0FN4DSQ6P,18,WM-SP-TV Brackets- Multi Asins- PT01,2,FBK79789,TVMF1ML,White Mulberry,Monitor Arm,TV Wall Mount,
2026-06-08,0,132.73,SP PT_TV Wall Mount (Search Terms),353406111190773,4444,0.0,348167676045587,FBK79789,B0FN4DSQ6P,12,WM-SP-TV Brackets- Multi Asins- PT01,0,FBK79789,TVMF1ML,White Mulberry,Monitor Arm,TV Wall Mount,
2026-06-09,0,150.96,SP PT_TV Wall Mount (Search Terms),353406111190773,2113,0.0,348167676045587,FBK79789,B0FN4DSQ6P,11,WM-SP-TV Brackets- Multi Asins- PT01,0,FBK79789,TVMF1ML,White Mulberry,Monitor Arm,TV Wall Mount,
2026-06-10,2,209.83,SP PT_TV Wall Mount (Search Terms),353406111190773,3940,854.24,348167676045587,FBK79789,B0FN4DSQ6P,16,WM-SP-TV Brackets- Multi Asins- PT01,2,FBK79789,TVMF1ML,White Mulberry,Monitor Arm,TV Wall Mount,
2026-06-11,1,124.12,SP PT_TV Wall Mount (Search Terms),353406111190773,1420,490.68,348167676045587,FBK79789,B0FN4DSQ6P,12,WM-SP-TV Brackets- Multi Asins- PT01,1,FBK79789,TVMF1ML,White Mulberry,Monitor Arm,TV Wall Mount,
2026-06-12,2,232.61,SP PT_TV Wall Mount (Search Terms),353406111190773,1685,981.36,348167676045587,FBK79789,B0FN4DSQ6P,16,WM-SP-TV Brackets- Multi Asins- PT01,2,FBK79789,TVMF1ML,White Mulberry,Monitor Arm,TV Wall Mount,
2026-06-13,3,300.96,SP PT_TV Wall Mount (Search Terms),353406111190773,2458,1344.92,348167676045587,FBK79789,B0FN4DSQ6P,21,WM-SP-TV Brackets- Multi Asins- PT01,3,FBK79789,TVMF1ML,White Mulberry,Monitor Arm,TV Wall Mount,
2026-06-14,0,7.82,SP PT_TV Wall Mount (Search Terms),353406111190773,153,0.0,348167676045587,FBK79789,B0FN4DSQ6P,1,WM-SP-TV Brackets- Multi Asins- PT01,0,FBK79789,TVMF1ML,White Mulberry,Monitor Arm,TV Wall Mount,
2026-06-15,0,8.17,SP PT_TV Wall Mount (Search Terms),353406111190773,169,0.0,348167676045587,FBK79789,B0FN4DSQ6P,1,WM-SP-TV Brackets- Multi Asins- PT01,0,FBK79789,TVMF1ML,White Mulberry,Monitor Arm,TV Wall Mount,
2026-06-16,0,0.0,SP PT_TV Wall Mount (Search Terms),353406111190773,160,0.0,348167676045587,FBK79789,B0FN4DSQ6P,0,WM-SP-TV Brackets- Multi Asins- PT01,0,FBK79789,TVMF1ML,White Mulberry,Monitor Arm,TV Wall Mount,
2026-06-17,1,20.34,SP PT_TV Wall Mount (Search Terms),353406111190773,132,490.68,348167676045587,FBK79789,B0FN4DSQ6P,2,WM-SP-TV Brackets- Multi Asins- PT01,1,FBK79789,TVMF1ML,White Mulberry,Monitor Arm,TV Wall Mount,
2026-06-18,0,0.0,SP PT_TV Wall Mount (Search Terms),353406111190773,95,0.0,348167676045587,FBK79789,B0FN4DSQ6P,0,WM-SP-TV Brackets- Multi Asins- PT01,0,FBK79789,TVMF1ML,White Mulberry,Monitor Arm,TV Wall Mount,
2026-06-19,0,0.0,SP PT_TV Wall Mount (Search Terms),353406111190773,90,0.0,348167676045587,FBK79789,B0FN4DSQ6P,0,WM-SP-TV Brackets- Multi Asins- PT01,0,FBK79789,TVMF1ML,White Mulberry,Monitor Arm,TV Wall Mount,
2026-06-20,0,14.96,SP PT_TV Wall Mount (Search Terms),353406111190773,98,0.0,348167676045587,FBK79789,B0FN4DSQ6P,1,WM-SP-TV Brackets- Multi Asins- PT01,0,FBK79789,TVMF1ML,White Mulberry,Monitor Arm,TV Wall Mount,
2026-06-21,0,9.54,SP PT_TV Wall Mount (Search Terms),353406111190773,173,0.0,348167676045587,FBK79789,B0FN4DSQ6P,1,WM-SP-TV Brackets- Multi Asins- PT01,0,FBK79789,TVMF1ML,White Mulberry,Monitor Arm,TV Wall Mount,
2026-06-01,1,119.7,Wall Mounts,374346625385100,2255,363.56,465495590956309,FBK79788,B0FN4D3C89,15,WM-SP-TV Brackets- Multi Asins- Exact,1,FBK79788,TVCT1ML,White Mulberry,Monitor Arm,TV Wall Mount,
2026-06-02,2,142.91,Wall Mounts,374346625385100,2661,363.56,465495590956309,FBK79788,B0FN4D3C89,18,WM-SP-TV Brackets- Multi Asins- Exact,2,FBK79788,TVCT1ML,White Mulberry,Monitor Arm,TV Wall Mount,
2026-06-03,1,31.37,Wall Mounts,374346625385100,1471,490.68,465495590956309,FBK79788,B0FN4D3C89,4,WM-SP-TV Brackets- Multi Asins- Exact,1,FBK79788,TVCT1ML,White Mulberry,Monitor Arm,TV Wall Mount,
2026-06-04,0,0.0,Wall Mounts,374346625385100,0,0.0,465495590956309,FBK79788,B0FN4D3C89,0,WM-SP-TV Brackets- Multi Asins- Exact,0,FBK79788,TVCT1ML,White Mulberry,Monitor Arm,TV Wall Mount,
2026-06-05,0,0.0,Wall Mounts,374346625385100,0,0.0,465495590956309,FBK79788,B0FN4D3C89,0,WM-SP-TV Brackets- Multi Asins- Exact,0,FBK79788,TVCT1ML,White Mulberry,Monitor Arm,TV Wall Mount,
2026-06-06,0,0.0,Wall Mounts,374346625385100,0,0.0,465495590956309,FBK79788,B0FN4D3C89,0,WM-SP-TV Brackets- Multi Asins- Exact,0,FBK79788,TVCT1ML,White Mulberry,Monitor Arm,TV Wall Mount,
2026-06-09,0,0.0,Wall Mounts,374346625385100,0,0.0,465495590956309,FBK79788,B0FN4D3C89,0,WM-SP-TV Brackets- Multi Asins- Exact,0,FBK79788,TVCT1ML,White Mulberry,Monitor Arm,TV Wall Mount,
2026-06-11,0,0.0,Wall Mounts,374346625385100,0,0.0,465495590956309,FBK79788,B0FN4D3C89,0,WM-SP-TV Brackets- Multi Asins- Exact,0,FBK79788,TVCT1ML,White Mulberry,Monitor Arm,TV Wall Mount,
2026-06-16,0,0.0,Wall Mounts,374346625385100,0,0.0,465495590956309,FBK79788,B0FN4D3C89,0,WM-SP-TV Brackets- Multi Asins- Exact,0,FBK79788,TVCT1ML,White Mulberry,Monitor Arm,TV Wall Mount,
2026-06-01,0,31.71,Wall Mounts,374346625385100,387,0.0,465495590956309,FBK79789,B0FN4DSQ6P,5,WM-SP-TV Brackets- Multi Asins- Exact,0,FBK79789,TVMF1ML,White Mulberry,Monitor Arm,TV Wall Mount,
2026-06-02,0,8.8,Wall Mounts,374346625385100,577,0.0,465495590956309,FBK79789,B0FN4DSQ6P,1,WM-SP-TV Brackets- Multi Asins- Exact,0,FBK79789,TVMF1ML,White Mulberry,Monitor Arm,TV Wall Mount,
2026-06-03,0,5.93,Wall Mounts,374346625385100,953,0.0,465495590956309,FBK79789,B0FN4DSQ6P,1,WM-SP-TV Brackets- Multi Asins- Exact,0,FBK79789,TVMF1ML,White Mulberry,Monitor Arm,TV Wall Mount,
2026-06-04,0,36.35,Wall Mounts,374346625385100,1191,0.0,465495590956309,FBK79789,B0FN4DSQ6P,4,WM-SP-TV Brackets- Multi Asins- Exact,0,FBK79789,TVMF1ML,White Mulberry,Monitor Arm,TV Wall Mount,
2026-06-05,0,14.33,Wall Mounts,374346625385100,1107,0.0,465495590956309,FBK79789,B0FN4DSQ6P,2,WM-SP-TV Brackets- Multi Asins- Exact,0,FBK79789,TVMF1ML,White Mulberry,Monitor Arm,TV Wall Mount,
2026-06-06,0,9.57,Wall Mounts,374346625385100,676,0.0,465495590956309,FBK79789,B0FN4DSQ6P,1,WM-SP-TV Brackets- Multi Asins- Exact,0,FBK79789,TVMF1ML,White Mulberry,Monitor Arm,TV Wall Mount,
2026-06-07,0,29.26,Wall Mounts,374346625385100,401,0.0,465495590956309,FBK79789,B0FN4DSQ6P,5,WM-SP-TV Brackets- Multi Asins- Exact,0,FBK79789,TVMF1ML,White Mulberry,Monitor Arm,TV Wall Mount,
2026-06-08,2,54.43,Wall Mounts,374346625385100,443,981.36,465495590956309,FBK79789,B0FN4DSQ6P,5,WM-SP-TV Brackets- Multi Asins- Exact,2,FBK79789,TVMF1ML,White Mulberry,Monitor Arm,TV Wall Mount,
2026-06-09,0,0.0,Wall Mounts,374346625385100,528,0.0,465495590956309,FBK79789,B0FN4DSQ6P,0,WM-SP-TV Brackets- Multi Asins- Exact,0,FBK79789,TVMF1ML,White Mulberry,Monitor Arm,TV Wall Mount,
2026-06-10,1,33.5,Wall Mounts,374346625385100,395,490.68,465495590956309,FBK79789,B0FN4DSQ6P,4,WM-SP-TV Brackets- Multi Asins- Exact,1,FBK79789,TVMF1ML,White Mulberry,Monitor Arm,TV Wall Mount,
2026-06-11,0,71.17,Wall Mounts,374346625385100,1023,0.0,465495590956309,FBK79789,B0FN4DSQ6P,7,WM-SP-TV Brackets- Multi Asins- Exact,0,FBK79789,TVMF1ML,White Mulberry,Monitor Arm,TV Wall Mount,
2026-06-12,1,96.86,Wall Mounts,374346625385100,639,617.8,465495590956309,FBK79789,B0FN4DSQ6P,7,WM-SP-TV Brackets- Multi Asins- Exact,1,FBK79789,TVMF1ML,White Mulberry,Monitor Arm,TV Wall Mount,
2026-06-13,2,185.67,Wall Mounts,374346625385100,1412,981.36,465495590956309,FBK79789,B0FN4DSQ6P,16,WM-SP-TV Brackets- Multi Asins- Exact,2,FBK79789,TVMF1ML,White Mulberry,Monitor Arm,TV Wall Mount,
2026-06-14,0,109.22,Wall Mounts,374346625385100,4657,0.0,465495590956309,FBK79789,B0FN4DSQ6P,9,WM-SP-TV Brackets- Multi Asins- Exact,0,FBK79789,TVMF1ML,White Mulberry,Monitor Arm,TV Wall Mount,
2026-06-15,0,167.54,Wall Mounts,374346625385100,4033,0.0,465495590956309,FBK79789,B0FN4DSQ6P,16,WM-SP-TV Brackets- Multi Asins- Exact,0,FBK79789,TVMF1ML,White Mulberry,Monitor Arm,TV Wall Mount,
2026-06-16,0,81.69,Wall Mounts,374346625385100,2896,0.0,465495590956309,FBK79789,B0FN4DSQ6P,7,WM-SP-TV Brackets- Multi Asins- Exact,0,FBK79789,TVMF1ML,White Mulberry,Monitor Arm,TV Wall Mount,
2026-06-17,1,141.79,Wall Mounts,374346625385100,3787,490.68,465495590956309,FBK79789,B0FN4DSQ6P,11,WM-SP-TV Brackets- Multi Asins- Exact,1,FBK79789,TVMF1ML,White Mulberry,Monitor Arm,TV Wall Mount,
2026-06-18,1,225.05,Wall Mounts,374346625385100,4026,490.68,465495590956309,FBK79789,B0FN4DSQ6P,15,WM-SP-TV Brackets- Multi Asins- Exact,1,FBK79789,TVMF1ML,White Mulberry,Monitor Arm,TV Wall Mount,
2026-06-19,1,221.42,Wall Mounts,374346625385100,3548,490.68,465495590956309,FBK79789,B0FN4DSQ6P,18,WM-SP-TV Brackets- Multi Asins- Exact,1,FBK79789,TVMF1ML,White Mulberry,Monitor Arm,TV Wall Mount,
2026-06-20,0,192.9,Wall Mounts,374346625385100,4646,0.0,465495590956309,FBK79789,B0FN4DSQ6P,16,WM-SP-TV Brackets- Multi Asins- Exact,0,FBK79789,TVMF1ML,White Mulberry,Monitor Arm,TV Wall Mount,
2026-06-21,3,156.78,Wall Mounts,374346625385100,3066,854.24,465495590956309,FBK79789,B0FN4DSQ6P,11,WM-SP-TV Brackets- Multi Asins- Exact,3,FBK79789,TVMF1ML,White Mulberry,Monitor Arm,TV Wall Mount,
2026-06-01,0,207.18,Monitor Arms,348027716837234,4727,0.0,341785857376797,B0DP2WC5VW,B0DP2WC5VW,16,WM-SP- Monitor Arms- Multi Asins - exact,0,FBA79612,WM1ML,White Mulberry,Monitor Arm,Monitor Arm,
2026-06-02,0,206.84,Monitor Arms,348027716837234,4666,0.0,341785857376797,B0DP2WC5VW,B0DP2WC5VW,12,WM-SP- Monitor Arms- Multi Asins - exact,0,FBA79612,WM1ML,White Mulberry,Monitor Arm,Monitor Arm,
2026-06-03,0,169.27,Monitor Arms,348027716837234,2350,0.0,341785857376797,B0DP2WC5VW,B0DP2WC5VW,11,WM-SP- Monitor Arms- Multi Asins - exact,0,FBA79612,WM1ML,White Mulberry,Monitor Arm,Monitor Arm,
2026-06-04,0,0.0,Monitor Arms,348027716837234,0,0.0,341785857376797,B0DP2WC5VW,B0DP2WC5VW,0,WM-SP- Monitor Arms- Multi Asins - exact,0,FBA79612,WM1ML,White Mulberry,Monitor Arm,Monitor Arm,
2026-06-05,0,0.0,Monitor Arms,348027716837234,0,0.0,341785857376797,B0DP2WC5VW,B0DP2WC5VW,0,WM-SP- Monitor Arms- Multi Asins - exact,0,FBA79612,WM1ML,White Mulberry,Monitor Arm,Monitor Arm,
2026-06-06,0,0.0,Monitor Arms,348027716837234,0,0.0,341785857376797,B0DP2WC5VW,B0DP2WC5VW,0,WM-SP- Monitor Arms- Multi Asins - exact,0,FBA79612,WM1ML,White Mulberry,Monitor Arm,Monitor Arm,
2026-06-07,0,0.0,Monitor Arms,348027716837234,0,0.0,341785857376797,B0DP2WC5VW,B0DP2WC5VW,0,WM-SP- Monitor Arms- Multi Asins - exact,0,FBA79612,WM1ML,White Mulberry,Monitor Arm,Monitor Arm,
2026-06-08,0,0.0,Monitor Arms,348027716837234,0,0.0,341785857376797,B0DP2WC5VW,B0DP2WC5VW,0,WM-SP- Monitor Arms- Multi Asins - exact,0,FBA79612,WM1ML,White Mulberry,Monitor Arm,Monitor Arm,
2026-06-09,0,0.0,Monitor Arms,348027716837234,0,0.0,341785857376797,B0DP2WC5VW,B0DP2WC5VW,0,WM-SP- Monitor Arms- Multi Asins - exact,0,FBA79612,WM1ML,White Mulberry,Monitor Arm,Monitor Arm,
2026-06-03,0,0.0,Monitor Arms,348027716837234,0,0.0,341785857376797,B0DB5W4TCP,B0DB5W4TCP,0,WM-SP- Monitor Arms- Multi Asins - exact,0,FBA79478,WM-HA1M-BK,White Mulberry,Monitor Arm,Monitor Arm,
2026-06-06,0,0.0,Monitor Arms,348027716837234,0,0.0,341785857376797,B0DB5W4TCP,B0DB5W4TCP,0,WM-SP- Monitor Arms- Multi Asins - exact,0,FBA79478,WM-HA1M-BK,White Mulberry,Monitor Arm,Monitor Arm,
2026-06-17,0,29.16,Monitor Arms,348027716837234,568,0.0,341785857376797,B0DP2VVRND,B0DP2VVRND,1,WM-SP- Monitor Arms- Multi Asins - exact,0,FBA79613,MS1ML,White Mulberry,Monitor Arm,Monitor Arm,
2026-06-18,0,128.42,Monitor Arms,348027716837234,4256,0.0,341785857376797,B0DP2VVRND,B0DP2VVRND,8,WM-SP- Monitor Arms- Multi Asins - exact,0,FBA79613,MS1ML,White Mulberry,Monitor Arm,Monitor Arm,
2026-06-19,0,259.55,Monitor Arms,348027716837234,4296,0.0,341785857376797,B0DP2VVRND,B0DP2VVRND,12,WM-SP- Monitor Arms- Multi Asins - exact,0,FBA79613,MS1ML,White Mulberry,Monitor Arm,Monitor Arm,
2026-06-20,0,223.68,Monitor Arms,348027716837234,6054,0.0,341785857376797,B0DP2VVRND,B0DP2VVRND,12,WM-SP- Monitor Arms- Multi Asins - exact,0,FBA79613,MS1ML,White Mulberry,Monitor Arm,Monitor Arm,
2026-06-21,0,261.48,Monitor Arms,348027716837234,4752,0.0,341785857376797,B0DP2VVRND,B0DP2VVRND,14,WM-SP- Monitor Arms- Multi Asins - exact,0,FBA79613,MS1ML,White Mulberry,Monitor Arm,Monitor Arm,
2026-06-18,0,0.0,SP PT_Monitor Arm,366899319331204,138,0.0,335699046583289,B0DP2VVRND,B0DP2VVRND,0,WM-SP-Gas Spring MA- B0DB5VG39T- PT,0,FBA79613,MS1ML,White Mulberry,Monitor Arm,Monitor Arm,
2026-06-19,0,170.7,SP PT_Monitor Arm,366899319331204,352,0.0,335699046583289,B0DP2VVRND,B0DP2VVRND,5,WM-SP-Gas Spring MA- B0DB5VG39T- PT,0,FBA79613,MS1ML,White Mulberry,Monitor Arm,Monitor Arm,
2026-06-21,0,0.0,SP PT_Monitor Arm,366899319331204,0,0.0,335699046583289,B0DP2VVRND,B0DP2VVRND,0,WM-SP-Gas Spring MA- B0DB5VG39T- PT,0,FBA79613,MS1ML,White Mulberry,Monitor Arm,Monitor Arm,
2026-06-04,0,0.0,SP PT_Monitor Arm,366899319331204,16,0.0,335699046583289,FBA79615,B0DP2Z5DQ9,0,WM-SP-Gas Spring MA- B0DB5VG39T- PT,0,FBA79615,VLMS1ML,White Mulberry,Monitor Arm,Monitor Arm,
2026-06-05,0,46.75,SP PT_Monitor Arm,366899319331204,429,0.0,335699046583289,FBA79615,B0DP2Z5DQ9,2,WM-SP-Gas Spring MA- B0DB5VG39T- PT,0,FBA79615,VLMS1ML,White Mulberry,Monitor Arm,Monitor Arm,
2026-06-06,1,88.01,SP PT_Monitor Arm,366899319331204,246,2372.03,335699046583289,FBA79615,B0DP2Z5DQ9,3,WM-SP-Gas Spring MA- B0DB5VG39T- PT,1,FBA79615,VLMS1ML,White Mulberry,Monitor Arm,Monitor Arm,
2026-06-07,0,30.45,SP PT_Monitor Arm,366899319331204,197,0.0,335699046583289,FBA79615,B0DP2Z5DQ9,2,WM-SP-Gas Spring MA- B0DB5VG39T- PT,0,FBA79615,VLMS1ML,White Mulberry,Monitor Arm,Monitor Arm,
2026-06-08,0,149.82,SP PT_Monitor Arm,366899319331204,355,0.0,335699046583289,FBA79615,B0DP2Z5DQ9,6,WM-SP-Gas Spring MA- B0DB5VG39T- PT,0,FBA79615,VLMS1ML,White Mulberry,Monitor Arm,Monitor Arm,
2026-06-09,0,71.29,SP PT_Monitor Arm,366899319331204,355,0.0,335699046583289,FBA79615,B0DP2Z5DQ9,2,WM-SP-Gas Spring MA- B0DB5VG39T- PT,0,FBA79615,VLMS1ML,White Mulberry,Monitor Arm,Monitor Arm,
2026-06-10,0,0.0,SP PT_Monitor Arm,366899319331204,0,0.0,335699046583289,FBA79615,B0DP2Z5DQ9,0,WM-SP-Gas Spring MA- B0DB5VG39T- PT,0,FBA79615,VLMS1ML,White Mulberry,Monitor Arm,Monitor Arm,
2026-06-11,0,176.65,SP PT_Monitor Arm,366899319331204,312,0.0,335699046583289,FBA79615,B0DP2Z5DQ9,7,WM-SP-Gas Spring MA- B0DB5VG39T- PT,0,FBA79615,VLMS1ML,White Mulberry,Monitor Arm,Monitor Arm,
2026-06-12,0,0.0,SP PT_Monitor Arm,366899319331204,0,0.0,335699046583289,FBA79615,B0DP2Z5DQ9,0,WM-SP-Gas Spring MA- B0DB5VG39T- PT,0,FBA79615,VLMS1ML,White Mulberry,Monitor Arm,Monitor Arm,
2026-06-16,0,0.0,SP PT_Monitor Arm,366899319331204,201,0.0,335699046583289,FBA79615,B0DP2Z5DQ9,0,WM-SP-Gas Spring MA- B0DB5VG39T- PT,0,FBA79615,VLMS1ML,White Mulberry,Monitor Arm,Monitor Arm,
2026-06-17,0,26.66,SP PT_Monitor Arm,366899319331204,424,0.0,335699046583289,FBA79615,B0DP2Z5DQ9,1,WM-SP-Gas Spring MA- B0DB5VG39T- PT,0,FBA79615,VLMS1ML,White Mulberry,Monitor Arm,Monitor Arm,
2026-06-01,0,14.67,SP PT_TV Wall Mount,402084441383247,185,0.0,433564641482557,FBA79790,B0FHVWHQHR,1,WM-SP-TV Brackets- Multi Asins- PT,0,FBA79790,TVLF1ML,White Mulberry,Monitor Arm,TV Wall Mount,
2026-06-02,0,0.0,SP PT_TV Wall Mount,402084441383247,343,0.0,433564641482557,FBA79790,B0FHVWHQHR,0,WM-SP-TV Brackets- Multi Asins- PT,0,FBA79790,TVLF1ML,White Mulberry,Monitor Arm,TV Wall Mount,
2026-06-03,0,0.0,SP PT_TV Wall Mount,402084441383247,176,0.0,433564641482557,FBA79790,B0FHVWHQHR,0,WM-SP-TV Brackets- Multi Asins- PT,0,FBA79790,TVLF1ML,White Mulberry,Monitor Arm,TV Wall Mount,
2026-06-04,1,20.45,SP PT_TV Wall Mount,402084441383247,585,490.68,433564641482557,FBA79790,B0FHVWHQHR,1,WM-SP-TV Brackets- Multi Asins- PT,1,FBA79790,TVLF1ML,White Mulberry,Monitor Arm,TV Wall Mount,
2026-06-05,0,0.0,SP PT_TV Wall Mount,402084441383247,223,0.0,433564641482557,FBA79790,B0FHVWHQHR,0,WM-SP-TV Brackets- Multi Asins- PT,0,FBA79790,TVLF1ML,White Mulberry,Monitor Arm,TV Wall Mount,
2026-06-06,0,33.43,SP PT_TV Wall Mount,402084441383247,404,0.0,433564641482557,FBA79790,B0FHVWHQHR,2,WM-SP-TV Brackets- Multi Asins- PT,0,FBA79790,TVLF1ML,White Mulberry,Monitor Arm,TV Wall Mount,
2026-06-07,0,0.0,SP PT_TV Wall Mount,402084441383247,145,0.0,433564641482557,FBA79790,B0FHVWHQHR,0,WM-SP-TV Brackets- Multi Asins- PT,0,FBA79790,TVLF1ML,White Mulberry,Monitor Arm,TV Wall Mount,
2026-06-08,0,0.0,SP PT_TV Wall Mount,402084441383247,425,0.0,433564641482557,FBA79790,B0FHVWHQHR,0,WM-SP-TV Brackets- Multi Asins- PT,0,FBA79790,TVLF1ML,White Mulberry,Monitor Arm,TV Wall Mount,
2026-06-09,0,14.18,SP PT_TV Wall Mount,402084441383247,184,0.0,433564641482557,FBA79790,B0FHVWHQHR,1,WM-SP-TV Brackets- Multi Asins- PT,0,FBA79790,TVLF1ML,White Mulberry,Monitor Arm,TV Wall Mount,
2026-06-10,0,0.0,SP PT_TV Wall Mount,402084441383247,67,0.0,433564641482557,FBA79790,B0FHVWHQHR,0,WM-SP-TV Brackets- Multi Asins- PT,0,FBA79790,TVLF1ML,White Mulberry,Monitor Arm,TV Wall Mount,
2026-06-11,0,0.0,SP PT_TV Wall Mount,402084441383247,133,0.0,433564641482557,FBA79790,B0FHVWHQHR,0,WM-SP-TV Brackets- Multi Asins- PT,0,FBA79790,TVLF1ML,White Mulberry,Monitor Arm,TV Wall Mount,
2026-06-12,0,0.0,SP PT_TV Wall Mount,402084441383247,262,0.0,433564641482557,FBA79790,B0FHVWHQHR,0,WM-SP-TV Brackets- Multi Asins- PT,0,FBA79790,TVLF1ML,White Mulberry,Monitor Arm,TV Wall Mount,
2026-06-13,1,24.93,SP PT_TV Wall Mount,402084441383247,607,617.8,433564641482557,FBA79790,B0FHVWHQHR,1,WM-SP-TV Brackets- Multi Asins- PT,1,FBA79790,TVLF1ML,White Mulberry,Monitor Arm,TV Wall Mount,
2026-06-14,0,0.0,SP PT_TV Wall Mount,402084441383247,129,0.0,433564641482557,FBA79790,B0FHVWHQHR,0,WM-SP-TV Brackets- Multi Asins- PT,0,FBA79790,TVLF1ML,White Mulberry,Monitor Arm,TV Wall Mount,
2026-06-15,0,18.53,SP PT_TV Wall Mount,402084441383247,96,0.0,433564641482557,FBA79790,B0FHVWHQHR,1,WM-SP-TV Brackets- Multi Asins- PT,0,FBA79790,TVLF1ML,White Mulberry,Monitor Arm,TV Wall Mount,
2026-06-16,0,0.0,SP PT_TV Wall Mount,402084441383247,40,0.0,433564641482557,FBA79790,B0FHVWHQHR,0,WM-SP-TV Brackets- Multi Asins- PT,0,FBA79790,TVLF1ML,White Mulberry,Monitor Arm,TV Wall Mount,
2026-06-17,0,0.0,SP PT_TV Wall Mount,402084441383247,14,0.0,433564641482557,FBA79790,B0FHVWHQHR,0,WM-SP-TV Brackets- Multi Asins- PT,0,FBA79790,TVLF1ML,White Mulberry,Monitor Arm,TV Wall Mount,
2026-06-18,0,68.85,SP PT_TV Wall Mount,402084441383247,284,0.0,433564641482557,FBA79790,B0FHVWHQHR,2,WM-SP-TV Brackets- Multi Asins- PT,0,FBA79790,TVLF1ML,White Mulberry,Monitor Arm,TV Wall Mount,
2026-06-19,1,80.42,SP PT_TV Wall Mount,402084441383247,336,490.68,433564641482557,FBA79790,B0FHVWHQHR,3,WM-SP-TV Brackets- Multi Asins- PT,1,FBA79790,TVLF1ML,White Mulberry,Monitor Arm,TV Wall Mount,
2026-06-20,0,0.0,SP PT_TV Wall Mount,402084441383247,330,0.0,433564641482557,FBA79790,B0FHVWHQHR,0,WM-SP-TV Brackets- Multi Asins- PT,0,FBA79790,TVLF1ML,White Mulberry,Monitor Arm,TV Wall Mount,
2026-06-21,0,0.0,SP PT_TV Wall Mount,402084441383247,305,0.0,433564641482557,FBA79790,B0FHVWHQHR,0,WM-SP-TV Brackets- Multi Asins- PT,0,FBA79790,TVLF1ML,White Mulberry,Monitor Arm,TV Wall Mount,
2026-06-01,0,0.0,Wall Mounts,374346625385100,64,0.0,465495590956309,FBA79790,B0FHVWHQHR,0,WM-SP-TV Brackets- Multi Asins- Exact,0,FBA79790,TVLF1ML,White Mulberry,Monitor Arm,TV Wall Mount,
2026-06-02,0,0.0,Wall Mounts,374346625385100,106,0.0,465495590956309,FBA79790,B0FHVWHQHR,0,WM-SP-TV Brackets- Multi Asins- Exact,0,FBA79790,TVLF1ML,White Mulberry,Monitor Arm,TV Wall Mount,
2026-06-03,0,0.0,Wall Mounts,374346625385100,155,0.0,465495590956309,FBA79790,B0FHVWHQHR,0,WM-SP-TV Brackets- Multi Asins- Exact,0,FBA79790,TVLF1ML,White Mulberry,Monitor Arm,TV Wall Mount,
2026-06-04,0,0.0,Wall Mounts,374346625385100,199,0.0,465495590956309,FBA79790,B0FHVWHQHR,0,WM-SP-TV Brackets- Multi Asins- Exact,0,FBA79790,TVLF1ML,White Mulberry,Monitor Arm,TV Wall Mount,
2026-06-05,0,0.0,Wall Mounts,374346625385100,209,0.0,465495590956309,FBA79790,B0FHVWHQHR,0,WM-SP-TV Brackets- Multi Asins- Exact,0,FBA79790,TVLF1ML,White Mulberry,Monitor Arm,TV Wall Mount,
2026-06-06,0,6.68,Wall Mounts,374346625385100,104,0.0,465495590956309,FBA79790,B0FHVWHQHR,1,WM-SP-TV Brackets- Multi Asins- Exact,0,FBA79790,TVLF1ML,White Mulberry,Monitor Arm,TV Wall Mount,
2026-06-07,0,6.51,Wall Mounts,374346625385100,230,0.0,465495590956309,FBA79790,B0FHVWHQHR,1,WM-SP-TV Brackets- Multi Asins- Exact,0,FBA79790,TVLF1ML,White Mulberry,Monitor Arm,TV Wall Mount,
2026-06-08,0,0.0,Wall Mounts,374346625385100,166,0.0,465495590956309,FBA79790,B0FHVWHQHR,0,WM-SP-TV Brackets- Multi Asins- Exact,0,FBA79790,TVLF1ML,White Mulberry,Monitor Arm,TV Wall Mount,
2026-06-09,0,12.47,Wall Mounts,374346625385100,244,0.0,465495590956309,FBA79790,B0FHVWHQHR,1,WM-SP-TV Brackets- Multi Asins- Exact,0,FBA79790,TVLF1ML,White Mulberry,Monitor Arm,TV Wall Mount,
2026-06-10,0,0.0,Wall Mounts,374346625385100,231,0.0,465495590956309,FBA79790,B0FHVWHQHR,0,WM-SP-TV Brackets- Multi Asins- Exact,0,FBA79790,TVLF1ML,White Mulberry,Monitor Arm,TV Wall Mount,
2026-06-11,0,0.0,Wall Mounts,374346625385100,370,0.0,465495590956309,FBA79790,B0FHVWHQHR,0,WM-SP-TV Brackets- Multi Asins- Exact,0,FBA79790,TVLF1ML,White Mulberry,Monitor Arm,TV Wall Mount,
2026-06-12,0,11.03,Wall Mounts,374346625385100,388,0.0,465495590956309,FBA79790,B0FHVWHQHR,1,WM-SP-TV Brackets- Multi Asins- Exact,0,FBA79790,TVLF1ML,White Mulberry,Monitor Arm,TV Wall Mount,
2026-06-13,0,21.81,Wall Mounts,374346625385100,663,0.0,465495590956309,FBA79790,B0FHVWHQHR,2,WM-SP-TV Brackets- Multi Asins- Exact,0,FBA79790,TVLF1ML,White Mulberry,Monitor Arm,TV Wall Mount,
2026-06-14,0,43.33,Wall Mounts,374346625385100,836,0.0,465495590956309,FBA79790,B0FHVWHQHR,3,WM-SP-TV Brackets- Multi Asins- Exact,0,FBA79790,TVLF1ML,White Mulberry,Monitor Arm,TV Wall Mount,
2026-06-15,0,20.65,Wall Mounts,374346625385100,342,0.0,465495590956309,FBA79790,B0FHVWHQHR,2,WM-SP-TV Brackets- Multi Asins- Exact,0,FBA79790,TVLF1ML,White Mulberry,Monitor Arm,TV Wall Mount,
2026-06-16,0,0.0,Wall Mounts,374346625385100,145,0.0,465495590956309,FBA79790,B0FHVWHQHR,0,WM-SP-TV Brackets- Multi Asins- Exact,0,FBA79790,TVLF1ML,White Mulberry,Monitor Arm,TV Wall Mount,
2026-06-17,0,0.0,Wall Mounts,374346625385100,193,0.0,465495590956309,FBA79790,B0FHVWHQHR,0,WM-SP-TV Brackets- Multi Asins- Exact,0,FBA79790,TVLF1ML,White Mulberry,Monitor Arm,TV Wall Mount,
2026-06-18,0,41.8,Wall Mounts,374346625385100,541,0.0,465495590956309,FBA79790,B0FHVWHQHR,3,WM-SP-TV Brackets- Multi Asins- Exact,0,FBA79790,TVLF1ML,White Mulberry,Monitor Arm,TV Wall Mount,
2026-06-19,0,12.88,Wall Mounts,374346625385100,1887,0.0,465495590956309,FBA79790,B0FHVWHQHR,1,WM-SP-TV Brackets- Multi Asins- Exact,0,FBA79790,TVLF1ML,White Mulberry,Monitor Arm,TV Wall Mount,
2026-06-20,0,34.66,Wall Mounts,374346625385100,3943,0.0,465495590956309,FBA79790,B0FHVWHQHR,3,WM-SP-TV Brackets- Multi Asins- Exact,0,FBA79790,TVLF1ML,White Mulberry,Monitor Arm,TV Wall Mount,
2026-06-21,1,65.99,Wall Mounts,374346625385100,2525,617.8,465495590956309,FBA79790,B0FHVWHQHR,4,WM-SP-TV Brackets- Multi Asins- Exact,1,FBA79790,TVLF1ML,White Mulberry,Monitor Arm,TV Wall Mount,
2026-06-13,0,0.0,SP PT_TV Wall Mount (Search Terms),353406111190773,18,0.0,348167676045587,FBA79790,B0FHVWHQHR,0,WM-SP-TV Brackets- Multi Asins- PT01,0,FBA79790,TVLF1ML,White Mulberry,Monitor Arm,TV Wall Mount,
2026-06-14,0,0.0,SP PT_TV Wall Mount (Search Terms),353406111190773,79,0.0,348167676045587,FBA79790,B0FHVWHQHR,0,WM-SP-TV Brackets- Multi Asins- PT01,0,FBA79790,TVLF1ML,White Mulberry,Monitor Arm,TV Wall Mount,
2026-06-15,0,0.0,SP PT_TV Wall Mount (Search Terms),353406111190773,40,0.0,348167676045587,FBA79790,B0FHVWHQHR,0,WM-SP-TV Brackets- Multi Asins- PT01,0,FBA79790,TVLF1ML,White Mulberry,Monitor Arm,TV Wall Mount,
2026-06-16,0,0.0,SP PT_TV Wall Mount (Search Terms),353406111190773,51,0.0,348167676045587,FBA79790,B0FHVWHQHR,0,WM-SP-TV Brackets- Multi Asins- PT01,0,FBA79790,TVLF1ML,White Mulberry,Monitor Arm,TV Wall Mount,
2026-06-17,0,0.0,SP PT_TV Wall Mount (Search Terms),353406111190773,52,0.0,348167676045587,FBA79790,B0FHVWHQHR,0,WM-SP-TV Brackets- Multi Asins- PT01,0,FBA79790,TVLF1ML,White Mulberry,Monitor Arm,TV Wall Mount,
2026-06-18,0,0.0,SP PT_TV Wall Mount (Search Terms),353406111190773,54,0.0,348167676045587,FBA79790,B0FHVWHQHR,0,WM-SP-TV Brackets- Multi Asins- PT01,0,FBA79790,TVLF1ML,White Mulberry,Monitor Arm,TV Wall Mount,
2026-06-19,0,0.0,SP PT_TV Wall Mount (Search Terms),353406111190773,55,0.0,348167676045587,FBA79790,B0FHVWHQHR,0,WM-SP-TV Brackets- Multi Asins- PT01,0,FBA79790,TVLF1ML,White Mulberry,Monitor Arm,TV Wall Mount,
2026-06-20,0,0.0,SP PT_TV Wall Mount (Search Terms),353406111190773,28,0.0,348167676045587,FBA79790,B0FHVWHQHR,0,WM-SP-TV Brackets- Multi Asins- PT01,0,FBA79790,TVLF1ML,White Mulberry,Monitor Arm,TV Wall Mount,
2026-06-21,0,0.0,SP PT_TV Wall Mount (Search Terms),353406111190773,125,0.0,348167676045587,FBA79790,B0FHVWHQHR,0,WM-SP-TV Brackets- Multi Asins- PT01,0,FBA79790,TVLF1ML,White Mulberry,Monitor Arm,TV Wall Mount,
2026-06-01,3,512.14,B0DB5VG39T,223237988116670,4868,8036.46,178807782580434,B0DB5VG39T,B0DB5VG39T,32,WM-SP-Gas Spring MA- B0DB5VG39T- Broad,3,FBA79476,WM-GS1M-BK,White Mulberry,Monitor Arm,Monitor Arm,
2026-06-02,0,253.43,B0DB5VG39T,223237988116670,2855,0.0,178807782580434,B0DB5VG39T,B0DB5VG39T,17,WM-SP-Gas Spring MA- B0DB5VG39T- Broad,0,FBA79476,WM-GS1M-BK,White Mulberry,Monitor Arm,Monitor Arm,
2026-06-03,0,248.75,B0DB5VG39T,223237988116670,1362,0.0,178807782580434,B0DB5VG39T,B0DB5VG39T,17,WM-SP-Gas Spring MA- B0DB5VG39T- Broad,0,FBA79476,WM-GS1M-BK,White Mulberry,Monitor Arm,Monitor Arm,
2026-06-04,0,313.14,B0DB5VG39T,223237988116670,4769,0.0,178807782580434,B0DB5VG39T,B0DB5VG39T,20,WM-SP-Gas Spring MA- B0DB5VG39T- Broad,0,FBA79476,WM-GS1M-BK,White Mulberry,Monitor Arm,Monitor Arm,
2026-06-05,0,236.59,B0DB5VG39T,223237988116670,2962,0.0,178807782580434,B0DB5VG39T,B0DB5VG39T,14,WM-SP-Gas Spring MA- B0DB5VG39T- Broad,0,FBA79476,WM-GS1M-BK,White Mulberry,Monitor Arm,Monitor Arm,
2026-06-06,0,246.94,B0DB5VG39T,223237988116670,3643,0.0,178807782580434,B0DB5VG39T,B0DB5VG39T,16,WM-SP-Gas Spring MA- B0DB5VG39T- Broad,0,FBA79476,WM-GS1M-BK,White Mulberry,Monitor Arm,Monitor Arm,
2026-06-07,0,259.94,B0DB5VG39T,223237988116670,4480,0.0,178807782580434,B0DB5VG39T,B0DB5VG39T,16,WM-SP-Gas Spring MA- B0DB5VG39T- Broad,0,FBA79476,WM-GS1M-BK,White Mulberry,Monitor Arm,Monitor Arm,
2026-06-08,1,357.45,B0DB5VG39T,223237988116670,5451,2329.66,178807782580434,B0DB5VG39T,B0DB5VG39T,21,WM-SP-Gas Spring MA- B0DB5VG39T- Broad,1,FBA79476,WM-GS1M-BK,White Mulberry,Monitor Arm,Monitor Arm,
2026-06-09,0,407.24,B0DB5VG39T,223237988116670,10272,0.0,178807782580434,B0DB5VG39T,B0DB5VG39T,26,WM-SP-Gas Spring MA- B0DB5VG39T- Broad,0,FBA79476,WM-GS1M-BK,White Mulberry,Monitor Arm,Monitor Arm,
2026-06-10,1,303.64,B0DB5VG39T,223237988116670,2041,2329.66,178807782580434,B0DB5VG39T,B0DB5VG39T,18,WM-SP-Gas Spring MA- B0DB5VG39T- Broad,1,FBA79476,WM-GS1M-BK,White Mulberry,Monitor Arm,Monitor Arm,
2026-06-11,2,512.82,B0DB5VG39T,223237988116670,4330,4659.32,178807782580434,B0DB5VG39T,B0DB5VG39T,31,WM-SP-Gas Spring MA- B0DB5VG39T- Broad,2,FBA79476,WM-GS1M-BK,White Mulberry,Monitor Arm,Monitor Arm,
2026-06-12,0,277.91,B0DB5VG39T,223237988116670,3335,0.0,178807782580434,B0DB5VG39T,B0DB5VG39T,21,WM-SP-Gas Spring MA- B0DB5VG39T- Broad,0,FBA79476,WM-GS1M-BK,White Mulberry,Monitor Arm,Monitor Arm,
2026-06-13,1,277.04,B0DB5VG39T,223237988116670,2705,2329.66,178807782580434,B0DB5VG39T,B0DB5VG39T,17,WM-SP-Gas Spring MA- B0DB5VG39T- Broad,1,FBA79476,WM-GS1M-BK,White Mulberry,Monitor Arm,Monitor Arm,
2026-06-14,0,303.58,B0DB5VG39T,223237988116670,2317,0.0,178807782580434,B0DB5VG39T,B0DB5VG39T,18,WM-SP-Gas Spring MA- B0DB5VG39T- Broad,0,FBA79476,WM-GS1M-BK,White Mulberry,Monitor Arm,Monitor Arm,
2026-06-15,1,305.33,B0DB5VG39T,223237988116670,4268,2329.66,178807782580434,B0DB5VG39T,B0DB5VG39T,18,WM-SP-Gas Spring MA- B0DB5VG39T- Broad,1,FBA79476,WM-GS1M-BK,White Mulberry,Monitor Arm,Monitor Arm,
2026-06-16,1,362.24,B0DB5VG39T,223237988116670,3202,2329.66,178807782580434,B0DB5VG39T,B0DB5VG39T,20,WM-SP-Gas Spring MA- B0DB5VG39T- Broad,1,FBA79476,WM-GS1M-BK,White Mulberry,Monitor Arm,Monitor Arm,
2026-06-17,1,368.4,B0DB5VG39T,223237988116670,2505,2329.66,178807782580434,B0DB5VG39T,B0DB5VG39T,19,WM-SP-Gas Spring MA- B0DB5VG39T- Broad,1,FBA79476,WM-GS1M-BK,White Mulberry,Monitor Arm,Monitor Arm,
2026-06-18,0,314.17,B0DB5VG39T,223237988116670,4805,0.0,178807782580434,B0DB5VG39T,B0DB5VG39T,23,WM-SP-Gas Spring MA- B0DB5VG39T- Broad,0,FBA79476,WM-GS1M-BK,White Mulberry,Monitor Arm,Monitor Arm,
2026-06-19,1,520.42,B0DB5VG39T,223237988116670,5043,2329.66,178807782580434,B0DB5VG39T,B0DB5VG39T,28,WM-SP-Gas Spring MA- B0DB5VG39T- Broad,1,FBA79476,WM-GS1M-BK,White Mulberry,Monitor Arm,Monitor Arm,
2026-06-20,1,313.14,B0DB5VG39T,223237988116670,3665,2329.66,178807782580434,B0DB5VG39T,B0DB5VG39T,17,WM-SP-Gas Spring MA- B0DB5VG39T- Broad,1,FBA79476,WM-GS1M-BK,White Mulberry,Monitor Arm,Monitor Arm,
2026-06-21,1,280.88,B0DB5VG39T,223237988116670,2054,2329.66,178807782580434,B0DB5VG39T,B0DB5VG39T,15,WM-SP-Gas Spring MA- B0DB5VG39T- Broad,1,FBA79476,WM-GS1M-BK,White Mulberry,Monitor Arm,Monitor Arm,
2026-06-01,0,148.95,B0DB5YTQZV,150072117686547,1506,0.0,73887027586542,FBA79479,B0DB5YTQZV,12,WM- SP- Height Adjustable stand- Dual-B0DB5YTQZV- Broad,0,FBA79479,WM-HA2M-BK,White Mulberry,Monitor Arm,Monitor Arm,
2026-06-02,0,96.22,B0DB5YTQZV,150072117686547,1538,0.0,73887027586542,FBA79479,B0DB5YTQZV,9,WM- SP- Height Adjustable stand- Dual-B0DB5YTQZV- Broad,0,FBA79479,WM-HA2M-BK,White Mulberry,Monitor Arm,Monitor Arm,
2026-06-03,0,103.31,B0DB5YTQZV,150072117686547,2051,0.0,73887027586542,FBA79479,B0DB5YTQZV,9,WM- SP- Height Adjustable stand- Dual-B0DB5YTQZV- Broad,0,FBA79479,WM-HA2M-BK,White Mulberry,Monitor Arm,Monitor Arm,
2026-06-04,0,103.47,B0DB5YTQZV,150072117686547,1391,0.0,73887027586542,FBA79479,B0DB5YTQZV,10,WM- SP- Height Adjustable stand- Dual-B0DB5YTQZV- Broad,0,FBA79479,WM-HA2M-BK,White Mulberry,Monitor Arm,Monitor Arm,
2026-06-05,0,103.26,B0DB5YTQZV,150072117686547,1680,0.0,73887027586542,FBA79479,B0DB5YTQZV,12,WM- SP- Height Adjustable stand- Dual-B0DB5YTQZV- Broad,0,FBA79479,WM-HA2M-BK,White Mulberry,Monitor Arm,Monitor Arm,
2026-06-06,0,171.42,B0DB5YTQZV,150072117686547,1767,0.0,73887027586542,FBA79479,B0DB5YTQZV,14,WM- SP- Height Adjustable stand- Dual-B0DB5YTQZV- Broad,0,FBA79479,WM-HA2M-BK,White Mulberry,Monitor Arm,Monitor Arm,
2026-06-07,1,405.05,B0DB5YTQZV,150072117686547,4410,1694.07,73887027586542,FBA79479,B0DB5YTQZV,29,WM- SP- Height Adjustable stand- Dual-B0DB5YTQZV- Broad,1,FBA79479,WM-HA2M-BK,White Mulberry,Monitor Arm,Monitor Arm,
2026-06-08,0,226.8,B0DB5YTQZV,150072117686547,928,0.0,73887027586542,FBA79479,B0DB5YTQZV,16,WM- SP- Height Adjustable stand- Dual-B0DB5YTQZV- Broad,0,FBA79479,WM-HA2M-BK,White Mulberry,Monitor Arm,Monitor Arm,
2026-06-09,0,200.05,B0DB5YTQZV,150072117686547,2510,0.0,73887027586542,FBA79479,B0DB5YTQZV,14,WM- SP- Height Adjustable stand- Dual-B0DB5YTQZV- Broad,0,FBA79479,WM-HA2M-BK,White Mulberry,Monitor Arm,Monitor Arm,
2026-06-10,0,172.03,B0DB5YTQZV,150072117686547,1493,0.0,73887027586542,FBA79479,B0DB5YTQZV,12,WM- SP- Height Adjustable stand- Dual-B0DB5YTQZV- Broad,0,FBA79479,WM-HA2M-BK,White Mulberry,Monitor Arm,Monitor Arm,
2026-06-11,2,255.32,B0DB5YTQZV,150072117686547,1664,3388.14,73887027586542,FBA79479,B0DB5YTQZV,15,WM- SP- Height Adjustable stand- Dual-B0DB5YTQZV- Broad,2,FBA79479,WM-HA2M-BK,White Mulberry,Monitor Arm,Monitor Arm,
2026-06-12,0,281.07,B0DB5YTQZV,150072117686547,1773,0.0,73887027586542,FBA79479,B0DB5YTQZV,16,WM- SP- Height Adjustable stand- Dual-B0DB5YTQZV- Broad,0,FBA79479,WM-HA2M-BK,White Mulberry,Monitor Arm,Monitor Arm,
2026-06-13,0,227.27,B0DB5YTQZV,150072117686547,2312,0.0,73887027586542,FBA79479,B0DB5YTQZV,15,WM- SP- Height Adjustable stand- Dual-B0DB5YTQZV- Broad,0,FBA79479,WM-HA2M-BK,White Mulberry,Monitor Arm,Monitor Arm,
2026-06-14,0,225.92,B0DB5YTQZV,150072117686547,2696,0.0,73887027586542,FBA79479,B0DB5YTQZV,18,WM- SP- Height Adjustable stand- Dual-B0DB5YTQZV- Broad,0,FBA79479,WM-HA2M-BK,White Mulberry,Monitor Arm,Monitor Arm,
2026-06-15,2,133.2,B0DB5YTQZV,150072117686547,2127,3388.13,73887027586542,FBA79479,B0DB5YTQZV,9,WM- SP- Height Adjustable stand- Dual-B0DB5YTQZV- Broad,2,FBA79479,WM-HA2M-BK,White Mulberry,Monitor Arm,Monitor Arm,
2026-06-16,0,169.91,B0DB5YTQZV,150072117686547,3172,0.0,73887027586542,FBA79479,B0DB5YTQZV,11,WM- SP- Height Adjustable stand- Dual-B0DB5YTQZV- Broad,0,FBA79479,WM-HA2M-BK,White Mulberry,Monitor Arm,Monitor Arm,
2026-06-17,0,139.33,B0DB5YTQZV,150072117686547,1857,0.0,73887027586542,FBA79479,B0DB5YTQZV,10,WM- SP- Height Adjustable stand- Dual-B0DB5YTQZV- Broad,0,FBA79479,WM-HA2M-BK,White Mulberry,Monitor Arm,Monitor Arm,
2026-06-18,0,137.23,B0DB5YTQZV,150072117686547,813,0.0,73887027586542,FBA79479,B0DB5YTQZV,10,WM- SP- Height Adjustable stand- Dual-B0DB5YTQZV- Broad,0,FBA79479,WM-HA2M-BK,White Mulberry,Monitor Arm,Monitor Arm,
2026-06-19,0,145.18,B0DB5YTQZV,150072117686547,766,0.0,73887027586542,FBA79479,B0DB5YTQZV,10,WM- SP- Height Adjustable stand- Dual-B0DB5YTQZV- Broad,0,FBA79479,WM-HA2M-BK,White Mulberry,Monitor Arm,Monitor Arm,
2026-06-20,1,135.75,B0DB5YTQZV,150072117686547,2142,1694.07,73887027586542,FBA79479,B0DB5YTQZV,10,WM- SP- Height Adjustable stand- Dual-B0DB5YTQZV- Broad,1,FBA79479,WM-HA2M-BK,White Mulberry,Monitor Arm,Monitor Arm,
2026-06-21,0,135.06,B0DB5YTQZV,150072117686547,1172,0.0,73887027586542,FBA79479,B0DB5YTQZV,8,WM- SP- Height Adjustable stand- Dual-B0DB5YTQZV- Broad,0,FBA79479,WM-HA2M-BK,White Mulberry,Monitor Arm,Monitor Arm,
2026-06-01,0,82.18,B0DP2WC5VW,80655126525441,900,0.0,58310644362873,FBA79612,B0DP2WC5VW,17,WM- SP- Wall Mounted Stand- B0DP2WC5VW- Broad,0,FBA79612,WM1ML,White Mulberry,Monitor Arm,Monitor Arm,
2026-06-02,0,90.14,B0DP2WC5VW,80655126525441,892,0.0,58310644362873,FBA79612,B0DP2WC5VW,18,WM- SP- Wall Mounted Stand- B0DP2WC5VW- Broad,0,FBA79612,WM1ML,White Mulberry,Monitor Arm,Monitor Arm,
2026-06-03,0,24.25,B0DP2WC5VW,80655126525441,192,0.0,58310644362873,FBA79612,B0DP2WC5VW,4,WM- SP- Wall Mounted Stand- B0DP2WC5VW- Broad,0,FBA79612,WM1ML,White Mulberry,Monitor Arm,Monitor Arm,
2026-06-04,0,0.0,B0DP2WC5VW,80655126525441,0,0.0,58310644362873,FBA79612,B0DP2WC5VW,0,WM- SP- Wall Mounted Stand- B0DP2WC5VW- Broad,0,FBA79612,WM1ML,White Mulberry,Monitor Arm,Monitor Arm,
2026-06-06,0,0.0,B0DP2WC5VW,80655126525441,0,0.0,58310644362873,FBA79612,B0DP2WC5VW,0,WM- SP- Wall Mounted Stand- B0DP2WC5VW- Broad,0,FBA79612,WM1ML,White Mulberry,Monitor Arm,Monitor Arm,
2026-06-07,0,0.0,B0DP2WC5VW,80655126525441,0,0.0,58310644362873,FBA79612,B0DP2WC5VW,0,WM- SP- Wall Mounted Stand- B0DP2WC5VW- Broad,0,FBA79612,WM1ML,White Mulberry,Monitor Arm,Monitor Arm,
2026-06-08,0,0.0,B0DP2WC5VW,80655126525441,0,0.0,58310644362873,FBA79612,B0DP2WC5VW,0,WM- SP- Wall Mounted Stand- B0DP2WC5VW- Broad,0,FBA79612,WM1ML,White Mulberry,Monitor Arm,Monitor Arm,
2026-06-09,0,0.0,B0DP2WC5VW,80655126525441,0,0.0,58310644362873,FBA79612,B0DP2WC5VW,0,WM- SP- Wall Mounted Stand- B0DP2WC5VW- Broad,0,FBA79612,WM1ML,White Mulberry,Monitor Arm,Monitor Arm,
2026-06-10,0,0.0,B0DP2WC5VW,80655126525441,0,0.0,58310644362873,FBA79612,B0DP2WC5VW,0,WM- SP- Wall Mounted Stand- B0DP2WC5VW- Broad,0,FBA79612,WM1ML,White Mulberry,Monitor Arm,Monitor Arm,
2026-06-12,0,0.0,B0DP2WC5VW,80655126525441,0,0.0,58310644362873,FBA79612,B0DP2WC5VW,0,WM- SP- Wall Mounted Stand- B0DP2WC5VW- Broad,0,FBA79612,WM1ML,White Mulberry,Monitor Arm,Monitor Arm,
2026-06-13,0,0.0,B0DP2WC5VW,80655126525441,0,0.0,58310644362873,FBA79612,B0DP2WC5VW,0,WM- SP- Wall Mounted Stand- B0DP2WC5VW- Broad,0,FBA79612,WM1ML,White Mulberry,Monitor Arm,Monitor Arm,
2026-06-14,0,0.0,B0DP2WC5VW,80655126525441,0,0.0,58310644362873,FBA79612,B0DP2WC5VW,0,WM- SP- Wall Mounted Stand- B0DP2WC5VW- Broad,0,FBA79612,WM1ML,White Mulberry,Monitor Arm,Monitor Arm,
2026-06-01,0,278.08,Non_Spending ASIN,307155910002298,381,0.0,49505403675587,FBA79479,B0DB5YTQZV,9,WM- Height Adjustable stand- Dual-B0DB5YTQZV- PT,0,FBA79479,WM-HA2M-BK,White Mulberry,Monitor Arm,Monitor Arm,
2026-06-02,2,324.4,Non_Spending ASIN,307155910002298,236,9736.44,49505403675587,FBA79479,B0DB5YTQZV,10,WM- Height Adjustable stand- Dual-B0DB5YTQZV- PT,2,FBA79479,WM-HA2M-BK,White Mulberry,Monitor Arm,Monitor Arm,
2026-06-03,0,281.75,Non_Spending ASIN,307155910002298,557,0.0,49505403675587,FBA79479,B0DB5YTQZV,8,WM- Height Adjustable stand- Dual-B0DB5YTQZV- PT,0,FBA79479,WM-HA2M-BK,White Mulberry,Monitor Arm,Monitor Arm,
2026-06-04,0,344.49,Non_Spending ASIN,307155910002298,721,0.0,49505403675587,FBA79479,B0DB5YTQZV,11,WM- Height Adjustable stand- Dual-B0DB5YTQZV- PT,0,FBA79479,WM-HA2M-BK,White Mulberry,Monitor Arm,Monitor Arm,
2026-06-05,0,272.54,Non_Spending ASIN,307155910002298,215,0.0,49505403675587,FBA79479,B0DB5YTQZV,8,WM- Height Adjustable stand- Dual-B0DB5YTQZV- PT,0,FBA79479,WM-HA2M-BK,White Mulberry,Monitor Arm,Monitor Arm,
2026-06-06,0,263.95,Non_Spending ASIN,307155910002298,447,0.0,49505403675587,FBA79479,B0DB5YTQZV,7,WM- Height Adjustable stand- Dual-B0DB5YTQZV- PT,0,FBA79479,WM-HA2M-BK,White Mulberry,Monitor Arm,Monitor Arm,
2026-06-07,1,160.96,Non_Spending ASIN,307155910002298,710,2533.9,49505403675587,FBA79479,B0DB5YTQZV,4,WM- Height Adjustable stand- Dual-B0DB5YTQZV- PT,1,FBA79479,WM-HA2M-BK,White Mulberry,Monitor Arm,Monitor Arm,
2026-06-08,1,355.28,Non_Spending ASIN,307155910002298,331,4652.54,49505403675587,FBA79479,B0DB5YTQZV,9,WM- Height Adjustable stand- Dual-B0DB5YTQZV- PT,1,FBA79479,WM-HA2M-BK,White Mulberry,Monitor Arm,Monitor Arm,
2026-06-09,1,512.87,Non_Spending ASIN,307155910002298,664,12712.71,49505403675587,FBA79479,B0DB5YTQZV,17,WM- Height Adjustable stand- Dual-B0DB5YTQZV- PT,1,FBA79479,WM-HA2M-BK,White Mulberry,Monitor Arm,Monitor Arm,
2026-06-10,1,367.85,Non_Spending ASIN,307155910002298,263,1940.68,49505403675587,FBA79479,B0DB5YTQZV,11,WM- Height Adjustable stand- Dual-B0DB5YTQZV- PT,1,FBA79479,WM-HA2M-BK,White Mulberry,Monitor Arm,Monitor Arm,
2026-06-11,1,207.06,Non_Spending ASIN,307155910002298,295,1694.07,49505403675587,FBA79479,B0DB5YTQZV,7,WM- Height Adjustable stand- Dual-B0DB5YTQZV- PT,1,FBA79479,WM-HA2M-BK,White Mulberry,Monitor Arm,Monitor Arm,
2026-06-12,1,354.0,Non_Spending ASIN,307155910002298,406,9313.56,49505403675587,FBA79479,B0DB5YTQZV,8,WM- Height Adjustable stand- Dual-B0DB5YTQZV- PT,1,FBA79479,WM-HA2M-BK,White Mulberry,Monitor Arm,Monitor Arm,
2026-06-13,0,396.16,Non_Spending ASIN,307155910002298,390,0.0,49505403675587,FBA79479,B0DB5YTQZV,11,WM- Height Adjustable stand- Dual-B0DB5YTQZV- PT,0,FBA79479,WM-HA2M-BK,White Mulberry,Monitor Arm,Monitor Arm,
2026-06-14,0,372.13,Non_Spending ASIN,307155910002298,554,0.0,49505403675587,FBA79479,B0DB5YTQZV,11,WM- Height Adjustable stand- Dual-B0DB5YTQZV- PT,0,FBA79479,WM-HA2M-BK,White Mulberry,Monitor Arm,Monitor Arm,
2026-06-15,3,504.09,Non_Spending ASIN,307155910002298,616,7193.22,49505403675587,FBA79479,B0DB5YTQZV,18,WM- Height Adjustable stand- Dual-B0DB5YTQZV- PT,3,FBA79479,WM-HA2M-BK,White Mulberry,Monitor Arm,Monitor Arm,
2026-06-16,1,344.9,Non_Spending ASIN,307155910002298,855,1694.07,49505403675587,FBA79479,B0DB5YTQZV,11,WM- Height Adjustable stand- Dual-B0DB5YTQZV- PT,1,FBA79479,WM-HA2M-BK,White Mulberry,Monitor Arm,Monitor Arm,
2026-06-17,0,370.7,Non_Spending ASIN,307155910002298,1112,0.0,49505403675587,FBA79479,B0DB5YTQZV,10,WM- Height Adjustable stand- Dual-B0DB5YTQZV- PT,0,FBA79479,WM-HA2M-BK,White Mulberry,Monitor Arm,Monitor Arm,
2026-06-18,1,461.02,Non_Spending ASIN,307155910002298,970,4644.07,49505403675587,FBA79479,B0DB5YTQZV,14,WM- Height Adjustable stand- Dual-B0DB5YTQZV- PT,1,FBA79479,WM-HA2M-BK,White Mulberry,Monitor Arm,Monitor Arm,
2026-06-19,1,564.82,Non_Spending ASIN,307155910002298,554,1388.14,49505403675587,FBA79479,B0DB5YTQZV,16,WM- Height Adjustable stand- Dual-B0DB5YTQZV- PT,1,FBA79479,WM-HA2M-BK,White Mulberry,Monitor Arm,Monitor Arm,
2026-06-20,1,369.53,Non_Spending ASIN,307155910002298,1526,2329.66,49505403675587,FBA79479,B0DB5YTQZV,14,WM- Height Adjustable stand- Dual-B0DB5YTQZV- PT,1,FBA79479,WM-HA2M-BK,White Mulberry,Monitor Arm,Monitor Arm,
2026-06-21,0,457.02,Non_Spending ASIN,307155910002298,1291,0.0,49505403675587,FBA79479,B0DB5YTQZV,15,WM- Height Adjustable stand- Dual-B0DB5YTQZV- PT,0,FBA79479,WM-HA2M-BK,White Mulberry,Monitor Arm,Monitor Arm,
2026-06-01,0,192.01,PT02,141842308434493,1321,0.0,129432539227100,B0DB5VG39T,B0DB5VG39T,11,WB- SP- B0DB5VG39T - PT,0,FBA79476,WM-GS1M-BK,White Mulberry,Monitor Arm,Monitor Arm,
2026-06-02,0,283.32,PT02,141842308434493,1151,0.0,129432539227100,B0DB5VG39T,B0DB5VG39T,14,WB- SP- B0DB5VG39T - PT,0,FBA79476,WM-GS1M-BK,White Mulberry,Monitor Arm,Monitor Arm,
2026-06-03,0,197.61,PT02,141842308434493,1424,0.0,129432539227100,B0DB5VG39T,B0DB5VG39T,9,WB- SP- B0DB5VG39T - PT,0,FBA79476,WM-GS1M-BK,White Mulberry,Monitor Arm,Monitor Arm,
2026-06-04,0,92.37,PT02,141842308434493,1022,0.0,129432539227100,B0DB5VG39T,B0DB5VG39T,5,WB- SP- B0DB5VG39T - PT,0,FBA79476,WM-GS1M-BK,White Mulberry,Monitor Arm,Monitor Arm,
2026-06-05,0,187.37,PT02,141842308434493,1234,0.0,129432539227100,B0DB5VG39T,B0DB5VG39T,9,WB- SP- B0DB5VG39T - PT,0,FBA79476,WM-GS1M-BK,White Mulberry,Monitor Arm,Monitor Arm,
2026-06-06,0,235.27,PT02,141842308434493,924,0.0,129432539227100,B0DB5VG39T,B0DB5VG39T,11,WB- SP- B0DB5VG39T - PT,0,FBA79476,WM-GS1M-BK,White Mulberry,Monitor Arm,Monitor Arm,
2026-06-07,0,158.49,PT02,141842308434493,1232,0.0,129432539227100,B0DB5VG39T,B0DB5VG39T,10,WB- SP- B0DB5VG39T - PT,0,FBA79476,WM-GS1M-BK,White Mulberry,Monitor Arm,Monitor Arm,
2026-06-08,0,151.22,PT02,141842308434493,649,0.0,129432539227100,B0DB5VG39T,B0DB5VG39T,7,WB- SP- B0DB5VG39T - PT,0,FBA79476,WM-GS1M-BK,White Mulberry,Monitor Arm,Monitor Arm,
2026-06-09,0,0.0,PT02,141842308434493,0,0.0,129432539227100,B0DB5VG39T,B0DB5VG39T,0,WB- SP- B0DB5VG39T - PT,0,FBA79476,WM-GS1M-BK,White Mulberry,Monitor Arm,Monitor Arm,
2026-06-10,0,0.0,PT02,141842308434493,0,0.0,129432539227100,B0DB5VG39T,B0DB5VG39T,0,WB- SP- B0DB5VG39T - PT,0,FBA79476,WM-GS1M-BK,White Mulberry,Monitor Arm,Monitor Arm,
2026-06-12,0,0.0,PT02,141842308434493,0,0.0,129432539227100,B0DB5VG39T,B0DB5VG39T,0,WB- SP- B0DB5VG39T - PT,0,FBA79476,WM-GS1M-BK,White Mulberry,Monitor Arm,Monitor Arm,
2026-06-14,0,0.0,PT02,141842308434493,0,0.0,129432539227100,B0DB5VG39T,B0DB5VG39T,0,WB- SP- B0DB5VG39T - PT,0,FBA79476,WM-GS1M-BK,White Mulberry,Monitor Arm,Monitor Arm,
2026-06-15,0,0.0,PT02,141842308434493,0,0.0,129432539227100,B0DB5VG39T,B0DB5VG39T,0,WB- SP- B0DB5VG39T - PT,0,FBA79476,WM-GS1M-BK,White Mulberry,Monitor Arm,Monitor Arm,
2026-06-17,0,0.0,PT02,141842308434493,0,0.0,129432539227100,B0DB5VG39T,B0DB5VG39T,0,WB- SP- B0DB5VG39T - PT,0,FBA79476,WM-GS1M-BK,White Mulberry,Monitor Arm,Monitor Arm,
2026-06-18,0,0.0,PT02,141842308434493,0,0.0,129432539227100,B0DB5VG39T,B0DB5VG39T,0,WB- SP- B0DB5VG39T - PT,0,FBA79476,WM-GS1M-BK,White Mulberry,Monitor Arm,Monitor Arm,
2026-06-19,0,0.0,PT02,141842308434493,0,0.0,129432539227100,B0DB5VG39T,B0DB5VG39T,0,WB- SP- B0DB5VG39T - PT,0,FBA79476,WM-GS1M-BK,White Mulberry,Monitor Arm,Monitor Arm,
2026-06-20,0,0.0,PT02,141842308434493,0,0.0,129432539227100,B0DB5VG39T,B0DB5VG39T,0,WB- SP- B0DB5VG39T - PT,0,FBA79476,WM-GS1M-BK,White Mulberry,Monitor Arm,Monitor Arm,
2026-06-07,0,0.0,PT02,45871135899337,0,0.0,157951185145825,FBM79616,B0DP3194QN,0,WB- SP-B0DP3194QN-PT,0,FBA79616,HD1ML,White Mulberry,Monitor Arm,Monitor Arm,
2026-06-09,0,0.0,PT02,45871135899337,0,0.0,157951185145825,FBM79616,B0DP3194QN,0,WB- SP-B0DP3194QN-PT,0,FBA79616,HD1ML,White Mulberry,Monitor Arm,Monitor Arm,
2026-06-01,0,17.27,PT02,211511163794657,6,0.0,83417750415901,FBA79617,B0DP32F346,1,WB- SP- B0DP32F346 - PT,0,FBA79617,HDWF1ML,White Mulberry,Monitor Arm,Monitor Arm,
2026-06-03,0,0.0,PT02,211511163794657,32,0.0,83417750415901,FBA79617,B0DP32F346,0,WB- SP- B0DP32F346 - PT,0,FBA79617,HDWF1ML,White Mulberry,Monitor Arm,Monitor Arm,
2026-06-04,0,0.0,PT02,211511163794657,10,0.0,83417750415901,FBA79617,B0DP32F346,0,WB- SP- B0DP32F346 - PT,0,FBA79617,HDWF1ML,White Mulberry,Monitor Arm,Monitor Arm,
2026-06-05,0,0.0,PT02,211511163794657,32,0.0,83417750415901,FBA79617,B0DP32F346,0,WB- SP- B0DP32F346 - PT,0,FBA79617,HDWF1ML,White Mulberry,Monitor Arm,Monitor Arm,
2026-06-06,0,0.0,PT02,211511163794657,13,0.0,83417750415901,FBA79617,B0DP32F346,0,WB- SP- B0DP32F346 - PT,0,FBA79617,HDWF1ML,White Mulberry,Monitor Arm,Monitor Arm,
2026-06-07,0,0.0,PT02,211511163794657,4,0.0,83417750415901,FBA79617,B0DP32F346,0,WB- SP- B0DP32F346 - PT,0,FBA79617,HDWF1ML,White Mulberry,Monitor Arm,Monitor Arm,
2026-06-01,0,60.42,WB- SP- B0DP2WC5VW - PT,46219324071590,102,0.0,241823585329055,FBA79612,B0DP2WC5VW,4,WB- SP- B0DP2WC5VW - PT,0,FBA79612,WM1ML,White Mulberry,Monitor Arm,Monitor Arm,
2026-06-02,0,0.0,WB- SP- B0DP2WC5VW - PT,46219324071590,0,0.0,241823585329055,FBA79612,B0DP2WC5VW,0,WB- SP- B0DP2WC5VW - PT,0,FBA79612,WM1ML,White Mulberry,Monitor Arm,Monitor Arm,
2026-06-04,0,0.0,WB- SP- B0DP2WC5VW - PT,46219324071590,0,0.0,241823585329055,FBA79612,B0DP2WC5VW,0,WB- SP- B0DP2WC5VW - PT,0,FBA79612,WM1ML,White Mulberry,Monitor Arm,Monitor Arm,
2026-06-09,0,0.0,WB- SP- B0DP2WC5VW - PT,46219324071590,0,0.0,241823585329055,FBA79612,B0DP2WC5VW,0,WB- SP- B0DP2WC5VW - PT,0,FBA79612,WM1ML,White Mulberry,Monitor Arm,Monitor Arm,
2026-06-11,0,0.0,WB- SP- B0DP2WC5VW - PT,46219324071590,0,0.0,241823585329055,FBA79612,B0DP2WC5VW,0,WB- SP- B0DP2WC5VW - PT,0,FBA79612,WM1ML,White Mulberry,Monitor Arm,Monitor Arm,
2026-06-02,0,0.0,PT02,129290217489169,0,0.0,219391756485646,FBA79479,B0DB5YTQZV,0,WB- SP- B0DB5YTQZV-B0DB5VVPSB- PT,0,FBA79479,WM-HA2M-BK,White Mulberry,Monitor Arm,Monitor Arm,
2026-06-04,0,0.0,PT02,129290217489169,0,0.0,219391756485646,FBA79479,B0DB5YTQZV,0,WB- SP- B0DB5YTQZV-B0DB5VVPSB- PT,0,FBA79479,WM-HA2M-BK,White Mulberry,Monitor Arm,Monitor Arm,
2026-06-07,0,0.0,PT02,129290217489169,0,0.0,219391756485646,FBA79479,B0DB5YTQZV,0,WB- SP- B0DB5YTQZV-B0DB5VVPSB- PT,0,FBA79479,WM-HA2M-BK,White Mulberry,Monitor Arm,Monitor Arm,
2026-06-01,0,23.78,WB- SP- B0DB5VG39T - PT,141842308434493,107,0.0,77525617812422,B0DB5VG39T,B0DB5VG39T,1,WB- SP- B0DB5VG39T - PT,0,FBA79476,WM-GS1M-BK,White Mulberry,Monitor Arm,Monitor Arm,
2026-06-02,0,74.47,WB- SP- B0DB5VG39T - PT,141842308434493,320,0.0,77525617812422,B0DB5VG39T,B0DB5VG39T,4,WB- SP- B0DB5VG39T - PT,0,FBA79476,WM-GS1M-BK,White Mulberry,Monitor Arm,Monitor Arm,
2026-06-03,0,67.2,WB- SP- B0DB5VG39T - PT,141842308434493,605,0.0,77525617812422,B0DB5VG39T,B0DB5VG39T,3,WB- SP- B0DB5VG39T - PT,0,FBA79476,WM-GS1M-BK,White Mulberry,Monitor Arm,Monitor Arm,
2026-06-04,0,60.35,WB- SP- B0DB5VG39T - PT,141842308434493,301,0.0,77525617812422,B0DB5VG39T,B0DB5VG39T,3,WB- SP- B0DB5VG39T - PT,0,FBA79476,WM-GS1M-BK,White Mulberry,Monitor Arm,Monitor Arm,
2026-06-05,0,87.68,WB- SP- B0DB5VG39T - PT,141842308434493,393,0.0,77525617812422,B0DB5VG39T,B0DB5VG39T,4,WB- SP- B0DB5VG39T - PT,0,FBA79476,WM-GS1M-BK,White Mulberry,Monitor Arm,Monitor Arm,
2026-06-06,0,42.84,WB- SP- B0DB5VG39T - PT,141842308434493,257,0.0,77525617812422,B0DB5VG39T,B0DB5VG39T,2,WB- SP- B0DB5VG39T - PT,0,FBA79476,WM-GS1M-BK,White Mulberry,Monitor Arm,Monitor Arm,
2026-06-07,0,0.0,WB- SP- B0DB5VG39T - PT,141842308434493,25,0.0,77525617812422,B0DB5VG39T,B0DB5VG39T,0,WB- SP- B0DB5VG39T - PT,0,FBA79476,WM-GS1M-BK,White Mulberry,Monitor Arm,Monitor Arm,
2026-06-08,0,0.0,WB- SP- B0DB5VG39T - PT,141842308434493,54,0.0,77525617812422,B0DB5VG39T,B0DB5VG39T,0,WB- SP- B0DB5VG39T - PT,0,FBA79476,WM-GS1M-BK,White Mulberry,Monitor Arm,Monitor Arm,
2026-06-12,0,0.0,WB- SP- B0DB5VG39T - PT,141842308434493,0,0.0,77525617812422,B0DB5VG39T,B0DB5VG39T,0,WB- SP- B0DB5VG39T - PT,0,FBA79476,WM-GS1M-BK,White Mulberry,Monitor Arm,Monitor Arm,
2026-06-01,0,111.64,WB- SP- B0DP2VVRND - PT,81757772192880,154,0.0,258400441859741,FBA79613,B0DP2VVRND,9,WB- SP- B0DP2VVRND - PT,0,FBA79613,MS1ML,White Mulberry,Monitor Arm,Monitor Arm,
2026-06-02,0,137.67,WB- SP- B0DP2VVRND - PT,81757772192880,284,0.0,258400441859741,FBA79613,B0DP2VVRND,7,WB- SP- B0DP2VVRND - PT,0,FBA79613,MS1ML,White Mulberry,Monitor Arm,Monitor Arm,
2026-06-03,0,0.0,WB- SP- B0DP2VVRND - PT,81757772192880,1,0.0,258400441859741,FBA79613,B0DP2VVRND,0,WB- SP- B0DP2VVRND - PT,0,FBA79613,MS1ML,White Mulberry,Monitor Arm,Monitor Arm,
2026-06-06,0,0.0,WB- SP- B0DP2VVRND - PT,81757772192880,0,0.0,258400441859741,FBA79613,B0DP2VVRND,0,WB- SP- B0DP2VVRND - PT,0,FBA79613,MS1ML,White Mulberry,Monitor Arm,Monitor Arm,
2026-06-18,0,1.0,WB- SP- B0DP2VVRND - PT,81757772192880,65,0.0,258400441859741,FBA79613,B0DP2VVRND,1,WB- SP- B0DP2VVRND - PT,0,FBA79613,MS1ML,White Mulberry,Monitor Arm,Monitor Arm,
2026-06-19,2,29.52,WB- SP- B0DP2VVRND - PT,81757772192880,136,3430.51,258400441859741,FBA79613,B0DP2VVRND,3,WB- SP- B0DP2VVRND - PT,2,FBA79613,MS1ML,White Mulberry,Monitor Arm,Monitor Arm,
2026-06-20,0,10.16,WB- SP- B0DP2VVRND - PT,81757772192880,78,0.0,258400441859741,FBA79613,B0DP2VVRND,1,WB- SP- B0DP2VVRND - PT,0,FBA79613,MS1ML,White Mulberry,Monitor Arm,Monitor Arm,
2026-06-21,0,109.3,WB- SP- B0DP2VVRND - PT,81757772192880,490,0.0,258400441859741,FBA79613,B0DP2VVRND,6,WB- SP- B0DP2VVRND - PT,0,FBA79613,MS1ML,White Mulberry,Monitor Arm,Monitor Arm,
2026-06-01,0,355.61,WB- SP- B0DP32F346 - PT,211511163794657,1384,0.0,136912329250535,FBA79617,B0DP32F346,13,WB- SP- B0DP32F346 - PT,0,FBA79617,HDWF1ML,White Mulberry,Monitor Arm,Monitor Arm,
2026-06-02,0,271.64,WB- SP- B0DP32F346 - PT,211511163794657,899,0.0,136912329250535,FBA79617,B0DP32F346,9,WB- SP- B0DP32F346 - PT,0,FBA79617,HDWF1ML,White Mulberry,Monitor Arm,Monitor Arm,
2026-06-03,1,266.36,WB- SP- B0DP32F346 - PT,211511163794657,584,2626.27,136912329250535,FBA79617,B0DP32F346,9,WB- SP- B0DP32F346 - PT,1,FBA79617,HDWF1ML,White Mulberry,Monitor Arm,Monitor Arm,
2026-06-04,0,152.38,WB- SP- B0DP32F346 - PT,211511163794657,907,0.0,136912329250535,FBA79617,B0DP32F346,5,WB- SP- B0DP32F346 - PT,0,FBA79617,HDWF1ML,White Mulberry,Monitor Arm,Monitor Arm,
2026-06-05,0,361.71,WB- SP- B0DP32F346 - PT,211511163794657,639,0.0,136912329250535,FBA79617,B0DP32F346,8,WB- SP- B0DP32F346 - PT,0,FBA79617,HDWF1ML,White Mulberry,Monitor Arm,Monitor Arm,
2026-06-06,0,351.32,WB- SP- B0DP32F346 - PT,211511163794657,364,0.0,136912329250535,FBA79617,B0DP32F346,7,WB- SP- B0DP32F346 - PT,0,FBA79617,HDWF1ML,White Mulberry,Monitor Arm,Monitor Arm,
2026-06-07,0,282.93,WB- SP- B0DP32F346 - PT,211511163794657,371,0.0,136912329250535,FBA79617,B0DP32F346,6,WB- SP- B0DP32F346 - PT,0,FBA79617,HDWF1ML,White Mulberry,Monitor Arm,Monitor Arm,
2026-06-08,0,142.38,WB- SP- B0DP32F346 - PT,211511163794657,244,0.0,136912329250535,FBA79617,B0DP32F346,4,WB- SP- B0DP32F346 - PT,0,FBA79617,HDWF1ML,White Mulberry,Monitor Arm,Monitor Arm,
2026-06-09,0,224.57,WB- SP- B0DP32F346 - PT,211511163794657,441,0.0,136912329250535,FBA79617,B0DP32F346,6,WB- SP- B0DP32F346 - PT,0,FBA79617,HDWF1ML,White Mulberry,Monitor Arm,Monitor Arm,
2026-06-10,0,212.27,WB- SP- B0DP32F346 - PT,211511163794657,101,0.0,136912329250535,FBA79617,B0DP32F346,5,WB- SP- B0DP32F346 - PT,0,FBA79617,HDWF1ML,White Mulberry,Monitor Arm,Monitor Arm,
2026-06-11,0,217.53,WB- SP- B0DP32F346 - PT,211511163794657,115,0.0,136912329250535,FBA79617,B0DP32F346,6,WB- SP- B0DP32F346 - PT,0,FBA79617,HDWF1ML,White Mulberry,Monitor Arm,Monitor Arm,
2026-06-12,0,271.69,WB- SP- B0DP32F346 - PT,211511163794657,192,0.0,136912329250535,FBA79617,B0DP32F346,8,WB- SP- B0DP32F346 - PT,0,FBA79617,HDWF1ML,White Mulberry,Monitor Arm,Monitor Arm,
2026-06-13,2,227.32,WB- SP- B0DP32F346 - PT,211511163794657,323,2626.28,136912329250535,FBA79617,B0DP32F346,6,WB- SP- B0DP32F346 - PT,2,FBA79617,HDWF1ML,White Mulberry,Monitor Arm,Monitor Arm,
2026-06-14,1,372.42,WB- SP- B0DP32F346 - PT,211511163794657,483,2626.27,136912329250535,FBA79617,B0DP32F346,9,WB- SP- B0DP32F346 - PT,1,FBA79617,HDWF1ML,White Mulberry,Monitor Arm,Monitor Arm,
2026-06-15,0,271.34,WB- SP- B0DP32F346 - PT,211511163794657,286,0.0,136912329250535,FBA79617,B0DP32F346,7,WB- SP- B0DP32F346 - PT,0,FBA79617,HDWF1ML,White Mulberry,Monitor Arm,Monitor Arm,
2026-06-16,0,313.63,WB- SP- B0DP32F346 - PT,211511163794657,270,0.0,136912329250535,FBA79617,B0DP32F346,8,WB- SP- B0DP32F346 - PT,0,FBA79617,HDWF1ML,White Mulberry,Monitor Arm,Monitor Arm,
2026-06-17,0,284.6,WB- SP- B0DP32F346 - PT,211511163794657,351,0.0,136912329250535,FBA79617,B0DP32F346,7,WB- SP- B0DP32F346 - PT,0,FBA79617,HDWF1ML,White Mulberry,Monitor Arm,Monitor Arm,
2026-06-18,1,144.81,WB- SP- B0DP32F346 - PT,211511163794657,165,2626.27,136912329250535,FBA79617,B0DP32F346,4,WB- SP- B0DP32F346 - PT,1,FBA79617,HDWF1ML,White Mulberry,Monitor Arm,Monitor Arm,
2026-06-19,0,142.58,WB- SP- B0DP32F346 - PT,211511163794657,103,0.0,136912329250535,FBA79617,B0DP32F346,3,WB- SP- B0DP32F346 - PT,0,FBA79617,HDWF1ML,White Mulberry,Monitor Arm,Monitor Arm,
2026-06-20,0,15.12,WB- SP- B0DP32F346 - PT,211511163794657,401,0.0,136912329250535,FBA79617,B0DP32F346,1,WB- SP- B0DP32F346 - PT,0,FBA79617,HDWF1ML,White Mulberry,Monitor Arm,Monitor Arm,
2026-06-21,1,206.42,WB- SP- B0DP32F346 - PT,211511163794657,103,2626.27,136912329250535,FBA79617,B0DP32F346,5,WB- SP- B0DP32F346 - PT,1,FBA79617,HDWF1ML,White Mulberry,Monitor Arm,Monitor Arm,
2026-06-01,0,330.72,BM,125532265904537,1242,0.0,81744259685452,B0DB5VG39T,B0DB5VG39T,12,WM-Gas Spring MA- B0DB5VG39T-SP-KT-Phrase/BM,0,FBA79476,WM-GS1M-BK,White Mulberry,Monitor Arm,Monitor Arm,
2026-06-02,0,414.46,BM,125532265904537,1158,0.0,81744259685452,B0DB5VG39T,B0DB5VG39T,13,WM-Gas Spring MA- B0DB5VG39T-SP-KT-Phrase/BM,0,FBA79476,WM-GS1M-BK,White Mulberry,Monitor Arm,Monitor Arm,
2026-06-03,0,324.13,BM,125532265904537,857,0.0,81744259685452,B0DB5VG39T,B0DB5VG39T,11,WM-Gas Spring MA- B0DB5VG39T-SP-KT-Phrase/BM,0,FBA79476,WM-GS1M-BK,White Mulberry,Monitor Arm,Monitor Arm,
2026-06-04,0,291.5,BM,125532265904537,1238,0.0,81744259685452,B0DB5VG39T,B0DB5VG39T,11,WM-Gas Spring MA- B0DB5VG39T-SP-KT-Phrase/BM,0,FBA79476,WM-GS1M-BK,White Mulberry,Monitor Arm,Monitor Arm,
2026-06-05,1,289.18,BM,125532265904537,3638,2329.66,81744259685452,B0DB5VG39T,B0DB5VG39T,9,WM-Gas Spring MA- B0DB5VG39T-SP-KT-Phrase/BM,1,FBA79476,WM-GS1M-BK,White Mulberry,Monitor Arm,Monitor Arm,
2026-06-06,0,350.64,BM,125532265904537,1055,0.0,81744259685452,B0DB5VG39T,B0DB5VG39T,12,WM-Gas Spring MA- B0DB5VG39T-SP-KT-Phrase/BM,0,FBA79476,WM-GS1M-BK,White Mulberry,Monitor Arm,Monitor Arm,
2026-06-07,1,213.87,BM,125532265904537,739,2329.66,81744259685452,B0DB5VG39T,B0DB5VG39T,7,WM-Gas Spring MA- B0DB5VG39T-SP-KT-Phrase/BM,1,FBA79476,WM-GS1M-BK,White Mulberry,Monitor Arm,Monitor Arm,
2026-06-08,0,233.04,BM,125532265904537,1186,0.0,81744259685452,B0DB5VG39T,B0DB5VG39T,8,WM-Gas Spring MA- B0DB5VG39T-SP-KT-Phrase/BM,0,FBA79476,WM-GS1M-BK,White Mulberry,Monitor Arm,Monitor Arm,
2026-06-09,0,211.23,BM,125532265904537,437,0.0,81744259685452,B0DB5VG39T,B0DB5VG39T,6,WM-Gas Spring MA- B0DB5VG39T-SP-KT-Phrase/BM,0,FBA79476,WM-GS1M-BK,White Mulberry,Monitor Arm,Monitor Arm,
2026-06-10,0,200.12,BM,125532265904537,658,0.0,81744259685452,B0DB5VG39T,B0DB5VG39T,6,WM-Gas Spring MA- B0DB5VG39T-SP-KT-Phrase/BM,0,FBA79476,WM-GS1M-BK,White Mulberry,Monitor Arm,Monitor Arm,
2026-06-11,0,256.62,BM,125532265904537,482,0.0,81744259685452,B0DB5VG39T,B0DB5VG39T,8,WM-Gas Spring MA- B0DB5VG39T-SP-KT-Phrase/BM,0,FBA79476,WM-GS1M-BK,White Mulberry,Monitor Arm,Monitor Arm,
2026-06-12,0,265.17,BM,125532265904537,856,0.0,81744259685452,B0DB5VG39T,B0DB5VG39T,7,WM-Gas Spring MA- B0DB5VG39T-SP-KT-Phrase/BM,0,FBA79476,WM-GS1M-BK,White Mulberry,Monitor Arm,Monitor Arm,
2026-06-13,0,314.29,BM,125532265904537,5924,0.0,81744259685452,B0DB5VG39T,B0DB5VG39T,12,WM-Gas Spring MA- B0DB5VG39T-SP-KT-Phrase/BM,0,FBA79476,WM-GS1M-BK,White Mulberry,Monitor Arm,Monitor Arm,
2026-06-14,0,374.16,BM,125532265904537,1186,0.0,81744259685452,B0DB5VG39T,B0DB5VG39T,11,WM-Gas Spring MA- B0DB5VG39T-SP-KT-Phrase/BM,0,FBA79476,WM-GS1M-BK,White Mulberry,Monitor Arm,Monitor Arm,
2026-06-15,1,428.15,BM,125532265904537,1058,2329.66,81744259685452,B0DB5VG39T,B0DB5VG39T,13,WM-Gas Spring MA- B0DB5VG39T-SP-KT-Phrase/BM,1,FBA79476,WM-GS1M-BK,White Mulberry,Monitor Arm,Monitor Arm,
2026-06-16,1,368.58,BM,125532265904537,1065,2329.66,81744259685452,B0DB5VG39T,B0DB5VG39T,10,WM-Gas Spring MA- B0DB5VG39T-SP-KT-Phrase/BM,1,FBA79476,WM-GS1M-BK,White Mulberry,Monitor Arm,Monitor Arm,
2026-06-17,0,87.4,BM,125532265904537,502,0.0,81744259685452,B0DB5VG39T,B0DB5VG39T,2,WM-Gas Spring MA- B0DB5VG39T-SP-KT-Phrase/BM,0,FBA79476,WM-GS1M-BK,White Mulberry,Monitor Arm,Monitor Arm,
2026-06-18,0,76.99,BM,125532265904537,1101,0.0,81744259685452,B0DB5VG39T,B0DB5VG39T,2,WM-Gas Spring MA- B0DB5VG39T-SP-KT-Phrase/BM,0,FBA79476,WM-GS1M-BK,White Mulberry,Monitor Arm,Monitor Arm,
2026-06-19,0,364.46,BM,125532265904537,191,0.0,81744259685452,B0DB5VG39T,B0DB5VG39T,8,WM-Gas Spring MA- B0DB5VG39T-SP-KT-Phrase/BM,0,FBA79476,WM-GS1M-BK,White Mulberry,Monitor Arm,Monitor Arm,
2026-06-20,0,265.24,BM,125532265904537,1237,0.0,81744259685452,B0DB5VG39T,B0DB5VG39T,7,WM-Gas Spring MA- B0DB5VG39T-SP-KT-Phrase/BM,0,FBA79476,WM-GS1M-BK,White Mulberry,Monitor Arm,Monitor Arm,
2026-06-21,0,240.06,BM,125532265904537,1379,0.0,81744259685452,B0DB5VG39T,B0DB5VG39T,6,WM-Gas Spring MA- B0DB5VG39T-SP-KT-Phrase/BM,0,FBA79476,WM-GS1M-BK,White Mulberry,Monitor Arm,Monitor Arm,
2026-06-01,0,0.0,WM- Height Adj stand - B0DP2VVRND-SP-KT-Phrase,263824201128569,0,0.0,173280263414535,FBA79613,B0DP2VVRND,0,WM- Height Adj stand - B0DP2VVRND-SP-KT-Phrase,0,FBA79613,MS1ML,White Mulberry,Monitor Arm,Monitor Arm,
2026-06-02,0,0.0,WM- Height Adj stand - B0DP2VVRND-SP-KT-Phrase,263824201128569,0,0.0,173280263414535,FBA79613,B0DP2VVRND,0,WM- Height Adj stand - B0DP2VVRND-SP-KT-Phrase,0,FBA79613,MS1ML,White Mulberry,Monitor Arm,Monitor Arm,
2026-06-17,1,203.07,WM- Height Adj stand - B0DP2VVRND-SP-KT-Phrase,263824201128569,1055,1694.07,173280263414535,FBA79613,B0DP2VVRND,10,WM- Height Adj stand - B0DP2VVRND-SP-KT-Phrase,1,FBA79613,MS1ML,White Mulberry,Monitor Arm,Monitor Arm,
2026-06-18,3,656.55,WM- Height Adj stand - B0DP2VVRND-SP-KT-Phrase,263824201128569,8755,8327.96,173280263414535,FBA79613,B0DP2VVRND,30,WM- Height Adj stand - B0DP2VVRND-SP-KT-Phrase,3,FBA79613,MS1ML,White Mulberry,Monitor Arm,Monitor Arm,
2026-06-19,0,680.24,WM- Height Adj stand - B0DP2VVRND-SP-KT-Phrase,263824201128569,9207,0.0,173280263414535,FBA79613,B0DP2VVRND,32,WM- Height Adj stand - B0DP2VVRND-SP-KT-Phrase,0,FBA79613,MS1ML,White Mulberry,Monitor Arm,Monitor Arm,
2026-06-20,1,605.63,WM- Height Adj stand - B0DP2VVRND-SP-KT-Phrase,263824201128569,5584,1694.06,173280263414535,FBA79613,B0DP2VVRND,26,WM- Height Adj stand - B0DP2VVRND-SP-KT-Phrase,1,FBA79613,MS1ML,White Mulberry,Monitor Arm,Monitor Arm,
2026-06-21,0,545.69,WM- Height Adj stand - B0DP2VVRND-SP-KT-Phrase,263824201128569,6027,0.0,173280263414535,FBA79613,B0DP2VVRND,27,WM- Height Adj stand - B0DP2VVRND-SP-KT-Phrase,0,FBA79613,MS1ML,White Mulberry,Monitor Arm,Monitor Arm,
2026-06-01,0,24.71,WM- Adj Metal desk- B0DB5W4TCP-SP-KT-Phrase,90311880632300,712,0.0,57617617729482,B0DB5W4TCP,B0DB5W4TCP,1,WM- Adj Metal desk- B0DB5W4TCP-SP-KT-Phrase,0,FBA79478,WM-HA1M-BK,White Mulberry,Monitor Arm,Monitor Arm,
2026-06-02,0,0.0,WM- Adj Metal desk- B0DB5W4TCP-SP-KT-Phrase,90311880632300,0,0.0,57617617729482,B0DB5W4TCP,B0DB5W4TCP,0,WM- Adj Metal desk- B0DB5W4TCP-SP-KT-Phrase,0,FBA79478,WM-HA1M-BK,White Mulberry,Monitor Arm,Monitor Arm,
2026-06-01,0,116.42,Phrase,125532265904537,86,0.0,222997068013939,B0DB5VG39T,B0DB5VG39T,4,WM-Gas Spring MA- B0DB5VG39T-SP-KT-Phrase/BM,0,FBA79476,WM-GS1M-BK,White Mulberry,Monitor Arm,Monitor Arm,
2026-06-02,0,0.0,Phrase,125532265904537,89,0.0,222997068013939,B0DB5VG39T,B0DB5VG39T,0,WM-Gas Spring MA- B0DB5VG39T-SP-KT-Phrase/BM,0,FBA79476,WM-GS1M-BK,White Mulberry,Monitor Arm,Monitor Arm,
2026-06-03,0,0.0,Phrase,125532265904537,61,0.0,222997068013939,B0DB5VG39T,B0DB5VG39T,0,WM-Gas Spring MA- B0DB5VG39T-SP-KT-Phrase/BM,0,FBA79476,WM-GS1M-BK,White Mulberry,Monitor Arm,Monitor Arm,
2026-06-04,0,28.49,Phrase,125532265904537,130,0.0,222997068013939,B0DB5VG39T,B0DB5VG39T,1,WM-Gas Spring MA- B0DB5VG39T-SP-KT-Phrase/BM,0,FBA79476,WM-GS1M-BK,White Mulberry,Monitor Arm,Monitor Arm,
2026-06-05,0,81.9,Phrase,125532265904537,11,0.0,222997068013939,B0DB5VG39T,B0DB5VG39T,2,WM-Gas Spring MA- B0DB5VG39T-SP-KT-Phrase/BM,0,FBA79476,WM-GS1M-BK,White Mulberry,Monitor Arm,Monitor Arm,
2026-06-06,0,0.0,Phrase,125532265904537,48,0.0,222997068013939,B0DB5VG39T,B0DB5VG39T,0,WM-Gas Spring MA- B0DB5VG39T-SP-KT-Phrase/BM,0,FBA79476,WM-GS1M-BK,White Mulberry,Monitor Arm,Monitor Arm,
2026-06-07,0,58.94,Phrase,125532265904537,105,0.0,222997068013939,B0DB5VG39T,B0DB5VG39T,2,WM-Gas Spring MA- B0DB5VG39T-SP-KT-Phrase/BM,0,FBA79476,WM-GS1M-BK,White Mulberry,Monitor Arm,Monitor Arm,
2026-06-08,0,30.25,Phrase,125532265904537,99,0.0,222997068013939,B0DB5VG39T,B0DB5VG39T,1,WM-Gas Spring MA- B0DB5VG39T-SP-KT-Phrase/BM,0,FBA79476,WM-GS1M-BK,White Mulberry,Monitor Arm,Monitor Arm,
2026-06-09,0,0.0,Phrase,125532265904537,39,0.0,222997068013939,B0DB5VG39T,B0DB5VG39T,0,WM-Gas Spring MA- B0DB5VG39T-SP-KT-Phrase/BM,0,FBA79476,WM-GS1M-BK,White Mulberry,Monitor Arm,Monitor Arm,
2026-06-10,0,0.0,Phrase,125532265904537,48,0.0,222997068013939,B0DB5VG39T,B0DB5VG39T,0,WM-Gas Spring MA- B0DB5VG39T-SP-KT-Phrase/BM,0,FBA79476,WM-GS1M-BK,White Mulberry,Monitor Arm,Monitor Arm,
2026-06-11,0,81.15,Phrase,125532265904537,34,0.0,222997068013939,B0DB5VG39T,B0DB5VG39T,2,WM-Gas Spring MA- B0DB5VG39T-SP-KT-Phrase/BM,0,FBA79476,WM-GS1M-BK,White Mulberry,Monitor Arm,Monitor Arm,
2026-06-12,0,0.0,Phrase,125532265904537,61,0.0,222997068013939,B0DB5VG39T,B0DB5VG39T,0,WM-Gas Spring MA- B0DB5VG39T-SP-KT-Phrase/BM,0,FBA79476,WM-GS1M-BK,White Mulberry,Monitor Arm,Monitor Arm,
2026-06-13,0,27.72,Phrase,125532265904537,18,0.0,222997068013939,B0DB5VG39T,B0DB5VG39T,1,WM-Gas Spring MA- B0DB5VG39T-SP-KT-Phrase/BM,0,FBA79476,WM-GS1M-BK,White Mulberry,Monitor Arm,Monitor Arm,
2026-06-14,0,48.95,Phrase,125532265904537,120,0.0,222997068013939,B0DB5VG39T,B0DB5VG39T,1,WM-Gas Spring MA- B0DB5VG39T-SP-KT-Phrase/BM,0,FBA79476,WM-GS1M-BK,White Mulberry,Monitor Arm,Monitor Arm,
2026-06-15,0,0.0,Phrase,125532265904537,78,0.0,222997068013939,B0DB5VG39T,B0DB5VG39T,0,WM-Gas Spring MA- B0DB5VG39T-SP-KT-Phrase/BM,0,FBA79476,WM-GS1M-BK,White Mulberry,Monitor Arm,Monitor Arm,
2026-06-16,0,60.5,Phrase,125532265904537,156,0.0,222997068013939,B0DB5VG39T,B0DB5VG39T,2,WM-Gas Spring MA- B0DB5VG39T-SP-KT-Phrase/BM,0,FBA79476,WM-GS1M-BK,White Mulberry,Monitor Arm,Monitor Arm,
2026-06-17,1,206.29,Phrase,125532265904537,414,2329.66,222997068013939,B0DB5VG39T,B0DB5VG39T,6,WM-Gas Spring MA- B0DB5VG39T-SP-KT-Phrase/BM,1,FBA79476,WM-GS1M-BK,White Mulberry,Monitor Arm,Monitor Arm,
2026-06-18,0,242.63,Phrase,125532265904537,1041,0.0,222997068013939,B0DB5VG39T,B0DB5VG39T,7,WM-Gas Spring MA- B0DB5VG39T-SP-KT-Phrase/BM,0,FBA79476,WM-GS1M-BK,White Mulberry,Monitor Arm,Monitor Arm,
2026-06-19,0,86.81,Phrase,125532265904537,82,0.0,222997068013939,B0DB5VG39T,B0DB5VG39T,3,WM-Gas Spring MA- B0DB5VG39T-SP-KT-Phrase/BM,0,FBA79476,WM-GS1M-BK,White Mulberry,Monitor Arm,Monitor Arm,
2026-06-01,2,465.41,WM- Height Adj stand Dual-B0DB5YTQZV-SP-KT-Phrase/BM,260934137034222,2850,3388.14,196289730980919,FBA79479,B0DB5YTQZV,22,WM- Height Adj stand Dual-B0DB5YTQZV-SP-KT-Phrase/BM,2,FBA79479,WM-HA2M-BK,White Mulberry,Monitor Arm,Monitor Arm,
2026-06-02,0,496.46,WM- Height Adj stand Dual-B0DB5YTQZV-SP-KT-Phrase/BM,260934137034222,2352,0.0,196289730980919,FBA79479,B0DB5YTQZV,21,WM- Height Adj stand Dual-B0DB5YTQZV-SP-KT-Phrase/BM,0,FBA79479,WM-HA2M-BK,White Mulberry,Monitor Arm,Monitor Arm,
2026-06-03,0,371.52,WM- Height Adj stand Dual-B0DB5YTQZV-SP-KT-Phrase/BM,260934137034222,2805,0.0,196289730980919,FBA79479,B0DB5YTQZV,17,WM- Height Adj stand Dual-B0DB5YTQZV-SP-KT-Phrase/BM,0,FBA79479,WM-HA2M-BK,White Mulberry,Monitor Arm,Monitor Arm,
2026-06-04,0,354.64,WM- Height Adj stand Dual-B0DB5YTQZV-SP-KT-Phrase/BM,260934137034222,2635,0.0,196289730980919,FBA79479,B0DB5YTQZV,17,WM- Height Adj stand Dual-B0DB5YTQZV-SP-KT-Phrase/BM,0,FBA79479,WM-HA2M-BK,White Mulberry,Monitor Arm,Monitor Arm,
2026-06-05,0,516.42,WM- Height Adj stand Dual-B0DB5YTQZV-SP-KT-Phrase/BM,260934137034222,2990,0.0,196289730980919,FBA79479,B0DB5YTQZV,24,WM- Height Adj stand Dual-B0DB5YTQZV-SP-KT-Phrase/BM,0,FBA79479,WM-HA2M-BK,White Mulberry,Monitor Arm,Monitor Arm,
2026-06-06,0,487.12,WM- Height Adj stand Dual-B0DB5YTQZV-SP-KT-Phrase/BM,260934137034222,4177,0.0,196289730980919,FBA79479,B0DB5YTQZV,22,WM- Height Adj stand Dual-B0DB5YTQZV-SP-KT-Phrase/BM,0,FBA79479,WM-HA2M-BK,White Mulberry,Monitor Arm,Monitor Arm,
2026-06-07,0,284.76,WM- Height Adj stand Dual-B0DB5YTQZV-SP-KT-Phrase/BM,260934137034222,1139,0.0,196289730980919,FBA79479,B0DB5YTQZV,12,WM- Height Adj stand Dual-B0DB5YTQZV-SP-KT-Phrase/BM,0,FBA79479,WM-HA2M-BK,White Mulberry,Monitor Arm,Monitor Arm,
2026-06-08,1,261.13,WM- Height Adj stand Dual-B0DB5YTQZV-SP-KT-Phrase/BM,260934137034222,1788,1694.07,196289730980919,FBA79479,B0DB5YTQZV,12,WM- Height Adj stand Dual-B0DB5YTQZV-SP-KT-Phrase/BM,1,FBA79479,WM-HA2M-BK,White Mulberry,Monitor Arm,Monitor Arm,
2026-06-09,0,264.31,WM- Height Adj stand Dual-B0DB5YTQZV-SP-KT-Phrase/BM,260934137034222,952,0.0,196289730980919,FBA79479,B0DB5YTQZV,12,WM- Height Adj stand Dual-B0DB5YTQZV-SP-KT-Phrase/BM,0,FBA79479,WM-HA2M-BK,White Mulberry,Monitor Arm,Monitor Arm,
2026-06-10,1,255.63,WM- Height Adj stand Dual-B0DB5YTQZV-SP-KT-Phrase/BM,260934137034222,735,1694.07,196289730980919,FBA79479,B0DB5YTQZV,11,WM- Height Adj stand Dual-B0DB5YTQZV-SP-KT-Phrase/BM,1,FBA79479,WM-HA2M-BK,White Mulberry,Monitor Arm,Monitor Arm,
2026-06-11,0,156.76,WM- Height Adj stand Dual-B0DB5YTQZV-SP-KT-Phrase/BM,260934137034222,765,0.0,196289730980919,FBA79479,B0DB5YTQZV,7,WM- Height Adj stand Dual-B0DB5YTQZV-SP-KT-Phrase/BM,0,FBA79479,WM-HA2M-BK,White Mulberry,Monitor Arm,Monitor Arm,
2026-06-12,0,147.79,WM- Height Adj stand Dual-B0DB5YTQZV-SP-KT-Phrase/BM,260934137034222,968,0.0,196289730980919,FBA79479,B0DB5YTQZV,6,WM- Height Adj stand Dual-B0DB5YTQZV-SP-KT-Phrase/BM,0,FBA79479,WM-HA2M-BK,White Mulberry,Monitor Arm,Monitor Arm,
2026-06-13,0,143.56,WM- Height Adj stand Dual-B0DB5YTQZV-SP-KT-Phrase/BM,260934137034222,1227,0.0,196289730980919,FBA79479,B0DB5YTQZV,6,WM- Height Adj stand Dual-B0DB5YTQZV-SP-KT-Phrase/BM,0,FBA79479,WM-HA2M-BK,White Mulberry,Monitor Arm,Monitor Arm,
2026-06-14,0,154.29,WM- Height Adj stand Dual-B0DB5YTQZV-SP-KT-Phrase/BM,260934137034222,884,0.0,196289730980919,FBA79479,B0DB5YTQZV,7,WM- Height Adj stand Dual-B0DB5YTQZV-SP-KT-Phrase/BM,0,FBA79479,WM-HA2M-BK,White Mulberry,Monitor Arm,Monitor Arm,
2026-06-15,0,146.34,WM- Height Adj stand Dual-B0DB5YTQZV-SP-KT-Phrase/BM,260934137034222,806,0.0,196289730980919,FBA79479,B0DB5YTQZV,6,WM- Height Adj stand Dual-B0DB5YTQZV-SP-KT-Phrase/BM,0,FBA79479,WM-HA2M-BK,White Mulberry,Monitor Arm,Monitor Arm,
2026-06-16,0,165.49,WM- Height Adj stand Dual-B0DB5YTQZV-SP-KT-Phrase/BM,260934137034222,1603,0.0,196289730980919,FBA79479,B0DB5YTQZV,6,WM- Height Adj stand Dual-B0DB5YTQZV-SP-KT-Phrase/BM,0,FBA79479,WM-HA2M-BK,White Mulberry,Monitor Arm,Monitor Arm,
2026-06-17,0,152.23,WM- Height Adj stand Dual-B0DB5YTQZV-SP-KT-Phrase/BM,260934137034222,1045,0.0,196289730980919,FBA79479,B0DB5YTQZV,6,WM- Height Adj stand Dual-B0DB5YTQZV-SP-KT-Phrase/BM,0,FBA79479,WM-HA2M-BK,White Mulberry,Monitor Arm,Monitor Arm,
2026-06-18,0,143.11,WM- Height Adj stand Dual-B0DB5YTQZV-SP-KT-Phrase/BM,260934137034222,547,0.0,196289730980919,FBA79479,B0DB5YTQZV,6,WM- Height Adj stand Dual-B0DB5YTQZV-SP-KT-Phrase/BM,0,FBA79479,WM-HA2M-BK,White Mulberry,Monitor Arm,Monitor Arm,
2026-06-19,0,210.54,WM- Height Adj stand Dual-B0DB5YTQZV-SP-KT-Phrase/BM,260934137034222,925,0.0,196289730980919,FBA79479,B0DB5YTQZV,9,WM- Height Adj stand Dual-B0DB5YTQZV-SP-KT-Phrase/BM,0,FBA79479,WM-HA2M-BK,White Mulberry,Monitor Arm,Monitor Arm,
2026-06-20,0,190.35,WM- Height Adj stand Dual-B0DB5YTQZV-SP-KT-Phrase/BM,260934137034222,1825,0.0,196289730980919,FBA79479,B0DB5YTQZV,9,WM- Height Adj stand Dual-B0DB5YTQZV-SP-KT-Phrase/BM,0,FBA79479,WM-HA2M-BK,White Mulberry,Monitor Arm,Monitor Arm,
2026-06-21,1,186.33,WM- Height Adj stand Dual-B0DB5YTQZV-SP-KT-Phrase/BM,260934137034222,1480,1694.07,196289730980919,FBA79479,B0DB5YTQZV,8,WM- Height Adj stand Dual-B0DB5YTQZV-SP-KT-Phrase/BM,1,FBA79479,WM-HA2M-BK,White Mulberry,Monitor Arm,Monitor Arm,
2026-06-06,0,0.0,WM-Gas Spring MA- Dual - B0DB5VVPSB-SP-KT-Phrase/BM,258541728598080,0,0.0,246919865026169,B0DB5VVPSB,B0DB5VVPSB,0,WM-Gas Spring MA- Dual - B0DB5VVPSB-SP-KT-Phrase/BM,0,FBA79477,WM-GS2M-BK,White Mulberry,Monitor Arm,Monitor Arm,
2026-06-02,0,0.0,WM- Wall Mounted Stand- B0DP2WC5VW- SP-KT -Phrase/BM,165664997023689,0,0.0,140590535364839,FBA79612,B0DP2WC5VW,0,WM- Wall Mounted Stand- B0DP2WC5VW- SP-KT-Phrase/BM,0,FBA79612,WM1ML,White Mulberry,Monitor Arm,Monitor Arm,
2026-06-02,0,0.0,WM- Height Adj stand Dual-B0DB5YTQZV-SP-KT -Phrase/BM,260934137034222,0,0.0,144302663530743,FBA79479,B0DB5YTQZV,0,WM- Height Adj stand Dual-B0DB5YTQZV-SP-KT-Phrase/BM,0,FBA79479,WM-HA2M-BK,White Mulberry,Monitor Arm,Monitor Arm,
2026-06-03,0,0.0,WM- Height Adj stand Dual-B0DB5YTQZV-SP-KT -Phrase/BM,260934137034222,0,0.0,144302663530743,FBA79479,B0DB5YTQZV,0,WM- Height Adj stand Dual-B0DB5YTQZV-SP-KT-Phrase/BM,0,FBA79479,WM-HA2M-BK,White Mulberry,Monitor Arm,Monitor Arm,
2026-06-04,0,0.0,WM- Height Adj stand Dual-B0DB5YTQZV-SP-KT -Phrase/BM,260934137034222,0,0.0,144302663530743,FBA79479,B0DB5YTQZV,0,WM- Height Adj stand Dual-B0DB5YTQZV-SP-KT-Phrase/BM,0,FBA79479,WM-HA2M-BK,White Mulberry,Monitor Arm,Monitor Arm,
2026-06-01,0,0.0,WM-Gas Spring MA- Dual - B0DB5VVPSB-SP -KT-Phrase/BM,258541728598080,0,0.0,153707251727718,B0DB5VVPSB,B0DB5VVPSB,0,WM-Gas Spring MA- Dual - B0DB5VVPSB-SP-KT-Phrase/BM,0,FBA79477,WM-GS2M-BK,White Mulberry,Monitor Arm,Monitor Arm,
2026-06-05,0,0.0,WM-Gas Spring MA- Dual - B0DB5VVPSB-SP -KT-Phrase/BM,258541728598080,0,0.0,153707251727718,B0DB5VVPSB,B0DB5VVPSB,0,WM-Gas Spring MA- Dual - B0DB5VVPSB-SP-KT-Phrase/BM,0,FBA79477,WM-GS2M-BK,White Mulberry,Monitor Arm,Monitor Arm,
2026-06-07,0,0.0,WM-Gas Spring MA- Dual - B0DB5VVPSB-SP -KT-Phrase/BM,258541728598080,0,0.0,153707251727718,B0DB5VVPSB,B0DB5VVPSB,0,WM-Gas Spring MA- Dual - B0DB5VVPSB-SP-KT-Phrase/BM,0,FBA79477,WM-GS2M-BK,White Mulberry,Monitor Arm,Monitor Arm,
2026-06-01,0,75.81,Branded,139811573710057,1001,0.0,72845033576510,B0DB5VG39T,B0DB5VG39T,4,WM-SP-Monitor Arms- Branded,0,FBA79476,WM-GS1M-BK,White Mulberry,Monitor Arm,Monitor Arm,
2026-06-02,0,131.87,Branded,139811573710057,1052,0.0,72845033576510,B0DB5VG39T,B0DB5VG39T,7,WM-SP-Monitor Arms- Branded,0,FBA79476,WM-GS1M-BK,White Mulberry,Monitor Arm,Monitor Arm,
2026-06-03,0,71.93,Branded,139811573710057,574,0.0,72845033576510,B0DB5VG39T,B0DB5VG39T,4,WM-SP-Monitor Arms- Branded,0,FBA79476,WM-GS1M-BK,White Mulberry,Monitor Arm,Monitor Arm,
2026-06-04,1,31.38,Branded,139811573710057,1030,2329.66,72845033576510,B0DB5VG39T,B0DB5VG39T,5,WM-SP-Monitor Arms- Branded,1,FBA79476,WM-GS1M-BK,White Mulberry,Monitor Arm,Monitor Arm,
2026-06-05,0,151.37,Branded,139811573710057,2304,0.0,72845033576510,B0DB5VG39T,B0DB5VG39T,8,WM-SP-Monitor Arms- Branded,0,FBA79476,WM-GS1M-BK,White Mulberry,Monitor Arm,Monitor Arm,
2026-06-06,0,93.93,Branded,139811573710057,1098,0.0,72845033576510,B0DB5VG39T,B0DB5VG39T,5,WM-SP-Monitor Arms- Branded,0,FBA79476,WM-GS1M-BK,White Mulberry,Monitor Arm,Monitor Arm,
2026-06-07,0,30.84,Branded,139811573710057,94,0.0,72845033576510,B0DB5VG39T,B0DB5VG39T,2,WM-SP-Monitor Arms- Branded,0,FBA79476,WM-GS1M-BK,White Mulberry,Monitor Arm,Monitor Arm,
2026-06-08,0,37.03,Branded,139811573710057,1661,0.0,72845033576510,B0DB5VG39T,B0DB5VG39T,3,WM-SP-Monitor Arms- Branded,0,FBA79476,WM-GS1M-BK,White Mulberry,Monitor Arm,Monitor Arm,
2026-06-09,0,7.38,Branded,139811573710057,86,0.0,72845033576510,B0DB5VG39T,B0DB5VG39T,1,WM-SP-Monitor Arms- Branded,0,FBA79476,WM-GS1M-BK,White Mulberry,Monitor Arm,Monitor Arm,
2026-06-10,0,27.97,Branded,139811573710057,1326,0.0,72845033576510,B0DB5VG39T,B0DB5VG39T,1,WM-SP-Monitor Arms- Branded,0,FBA79476,WM-GS1M-BK,White Mulberry,Monitor Arm,Monitor Arm,
2026-06-11,0,85.18,Branded,139811573710057,205,0.0,72845033576510,B0DB5VG39T,B0DB5VG39T,3,WM-SP-Monitor Arms- Branded,0,FBA79476,WM-GS1M-BK,White Mulberry,Monitor Arm,Monitor Arm,
2026-06-12,0,0.0,Branded,139811573710057,211,0.0,72845033576510,B0DB5VG39T,B0DB5VG39T,0,WM-SP-Monitor Arms- Branded,0,FBA79476,WM-GS1M-BK,White Mulberry,Monitor Arm,Monitor Arm,
2026-06-13,0,0.0,Branded,139811573710057,344,0.0,72845033576510,B0DB5VG39T,B0DB5VG39T,0,WM-SP-Monitor Arms- Branded,0,FBA79476,WM-GS1M-BK,White Mulberry,Monitor Arm,Monitor Arm,
2026-06-14,0,46.33,Branded,139811573710057,364,0.0,72845033576510,B0DB5VG39T,B0DB5VG39T,4,WM-SP-Monitor Arms- Branded,0,FBA79476,WM-GS1M-BK,White Mulberry,Monitor Arm,Monitor Arm,
2026-06-15,0,0.0,Branded,139811573710057,326,0.0,72845033576510,B0DB5VG39T,B0DB5VG39T,0,WM-SP-Monitor Arms- Branded,0,FBA79476,WM-GS1M-BK,White Mulberry,Monitor Arm,Monitor Arm,
2026-06-16,0,27.33,Branded,139811573710057,417,0.0,72845033576510,B0DB5VG39T,B0DB5VG39T,1,WM-SP-Monitor Arms- Branded,0,FBA79476,WM-GS1M-BK,White Mulberry,Monitor Arm,Monitor Arm,
2026-06-17,0,0.0,Branded,139811573710057,480,0.0,72845033576510,B0DB5VG39T,B0DB5VG39T,0,WM-SP-Monitor Arms- Branded,0,FBA79476,WM-GS1M-BK,White Mulberry,Monitor Arm,Monitor Arm,
2026-06-18,2,54.1,Branded,139811573710057,300,5294.91,72845033576510,B0DB5VG39T,B0DB5VG39T,4,WM-SP-Monitor Arms- Branded,2,FBA79476,WM-GS1M-BK,White Mulberry,Monitor Arm,Monitor Arm,
2026-06-19,0,0.0,Branded,139811573710057,220,0.0,72845033576510,B0DB5VG39T,B0DB5VG39T,0,WM-SP-Monitor Arms- Branded,0,FBA79476,WM-GS1M-BK,White Mulberry,Monitor Arm,Monitor Arm,
2026-06-20,0,30.04,Branded,139811573710057,201,0.0,72845033576510,B0DB5VG39T,B0DB5VG39T,1,WM-SP-Monitor Arms- Branded,0,FBA79476,WM-GS1M-BK,White Mulberry,Monitor Arm,Monitor Arm,
2026-06-21,0,0.0,Branded,139811573710057,306,0.0,72845033576510,B0DB5VG39T,B0DB5VG39T,0,WM-SP-Monitor Arms- Branded,0,FBA79476,WM-GS1M-BK,White Mulberry,Monitor Arm,Monitor Arm,
2026-06-01,0,15.28,Branded,139811573710057,210,0.0,72845033576510,B0DB5VVPSB,B0DB5VVPSB,1,WM-SP-Monitor Arms- Branded,0,FBA79477,WM-GS2M-BK,White Mulberry,Monitor Arm,Monitor Arm,
2026-06-02,0,0.0,Branded,139811573710057,152,0.0,72845033576510,B0DB5VVPSB,B0DB5VVPSB,0,WM-SP-Monitor Arms- Branded,0,FBA79477,WM-GS2M-BK,White Mulberry,Monitor Arm,Monitor Arm,
2026-06-03,0,0.0,Branded,139811573710057,131,0.0,72845033576510,B0DB5VVPSB,B0DB5VVPSB,0,WM-SP-Monitor Arms- Branded,0,FBA79477,WM-GS2M-BK,White Mulberry,Monitor Arm,Monitor Arm,
2026-06-04,0,22.3,Branded,139811573710057,226,0.0,72845033576510,B0DB5VVPSB,B0DB5VVPSB,1,WM-SP-Monitor Arms- Branded,0,FBA79477,WM-GS2M-BK,White Mulberry,Monitor Arm,Monitor Arm,
2026-06-05,0,55.4,Branded,139811573710057,428,0.0,72845033576510,B0DB5VVPSB,B0DB5VVPSB,3,WM-SP-Monitor Arms- Branded,0,FBA79477,WM-GS2M-BK,White Mulberry,Monitor Arm,Monitor Arm,
2026-06-06,0,59.92,Branded,139811573710057,352,0.0,72845033576510,B0DB5VVPSB,B0DB5VVPSB,3,WM-SP-Monitor Arms- Branded,0,FBA79477,WM-GS2M-BK,White Mulberry,Monitor Arm,Monitor Arm,
2026-06-07,1,93.96,Branded,139811573710057,430,1694.07,72845033576510,B0DB5VVPSB,B0DB5VVPSB,6,WM-SP-Monitor Arms- Branded,1,FBA79477,WM-GS2M-BK,White Mulberry,Monitor Arm,Monitor Arm,
2026-06-08,0,76.56,Branded,139811573710057,469,0.0,72845033576510,B0DB5VVPSB,B0DB5VVPSB,3,WM-SP-Monitor Arms- Branded,0,FBA79477,WM-GS2M-BK,White Mulberry,Monitor Arm,Monitor Arm,
2026-06-09,0,213.43,Branded,139811573710057,540,0.0,72845033576510,B0DB5VVPSB,B0DB5VVPSB,8,WM-SP-Monitor Arms- Branded,0,FBA79477,WM-GS2M-BK,White Mulberry,Monitor Arm,Monitor Arm,
2026-06-10,0,29.43,Branded,139811573710057,653,0.0,72845033576510,B0DB5VVPSB,B0DB5VVPSB,1,WM-SP-Monitor Arms- Branded,0,FBA79477,WM-GS2M-BK,White Mulberry,Monitor Arm,Monitor Arm,
2026-06-11,0,31.74,Branded,139811573710057,231,0.0,72845033576510,B0DB5VVPSB,B0DB5VVPSB,2,WM-SP-Monitor Arms- Branded,0,FBA79477,WM-GS2M-BK,White Mulberry,Monitor Arm,Monitor Arm,
2026-06-12,0,0.0,Branded,139811573710057,440,0.0,72845033576510,B0DB5VVPSB,B0DB5VVPSB,0,WM-SP-Monitor Arms- Branded,0,FBA79477,WM-GS2M-BK,White Mulberry,Monitor Arm,Monitor Arm,
2026-06-13,0,0.0,Branded,139811573710057,603,0.0,72845033576510,B0DB5VVPSB,B0DB5VVPSB,0,WM-SP-Monitor Arms- Branded,0,FBA79477,WM-GS2M-BK,White Mulberry,Monitor Arm,Monitor Arm,
2026-06-14,0,17.28,Branded,139811573710057,501,0.0,72845033576510,B0DB5VVPSB,B0DB5VVPSB,1,WM-SP-Monitor Arms- Branded,0,FBA79477,WM-GS2M-BK,White Mulberry,Monitor Arm,Monitor Arm,
2026-06-15,0,28.91,Branded,139811573710057,396,0.0,72845033576510,B0DB5VVPSB,B0DB5VVPSB,1,WM-SP-Monitor Arms- Branded,0,FBA79477,WM-GS2M-BK,White Mulberry,Monitor Arm,Monitor Arm,
2026-06-16,1,28.63,Branded,139811573710057,559,3861.86,72845033576510,B0DB5VVPSB,B0DB5VVPSB,2,WM-SP-Monitor Arms- Branded,1,FBA79477,WM-GS2M-BK,White Mulberry,Monitor Arm,Monitor Arm,
2026-06-17,0,11.08,Branded,139811573710057,192,0.0,72845033576510,B0DB5VVPSB,B0DB5VVPSB,1,WM-SP-Monitor Arms- Branded,0,FBA79477,WM-GS2M-BK,White Mulberry,Monitor Arm,Monitor Arm,
2026-06-18,0,30.18,Branded,139811573710057,193,0.0,72845033576510,B0DB5VVPSB,B0DB5VVPSB,1,WM-SP-Monitor Arms- Branded,0,FBA79477,WM-GS2M-BK,White Mulberry,Monitor Arm,Monitor Arm,
2026-06-19,0,25.19,Branded,139811573710057,246,0.0,72845033576510,B0DB5VVPSB,B0DB5VVPSB,1,WM-SP-Monitor Arms- Branded,0,FBA79477,WM-GS2M-BK,White Mulberry,Monitor Arm,Monitor Arm,
2026-06-20,0,51.57,Branded,139811573710057,274,0.0,72845033576510,B0DB5VVPSB,B0DB5VVPSB,2,WM-SP-Monitor Arms- Branded,0,FBA79477,WM-GS2M-BK,White Mulberry,Monitor Arm,Monitor Arm,
2026-06-21,0,30.18,Branded,139811573710057,274,0.0,72845033576510,B0DB5VVPSB,B0DB5VVPSB,1,WM-SP-Monitor Arms- Branded,0,FBA79477,WM-GS2M-BK,White Mulberry,Monitor Arm,Monitor Arm,
2026-06-01,0,0.0,Branded,139811573710057,475,0.0,72845033576510,B0DB5W4TCP,B0DB5W4TCP,0,WM-SP-Monitor Arms- Branded,0,FBA79478,WM-HA1M-BK,White Mulberry,Monitor Arm,Monitor Arm,
2026-06-02,0,41.29,Branded,139811573710057,341,0.0,72845033576510,B0DB5W4TCP,B0DB5W4TCP,2,WM-SP-Monitor Arms- Branded,0,FBA79478,WM-HA1M-BK,White Mulberry,Monitor Arm,Monitor Arm,
2026-06-03,0,0.0,Branded,139811573710057,279,0.0,72845033576510,B0DB5W4TCP,B0DB5W4TCP,0,WM-SP-Monitor Arms- Branded,0,FBA79478,WM-HA1M-BK,White Mulberry,Monitor Arm,Monitor Arm,
2026-06-04,0,20.88,Branded,139811573710057,490,0.0,72845033576510,B0DB5W4TCP,B0DB5W4TCP,1,WM-SP-Monitor Arms- Branded,0,FBA79478,WM-HA1M-BK,White Mulberry,Monitor Arm,Monitor Arm,
2026-06-05,0,59.75,Branded,139811573710057,444,0.0,72845033576510,B0DB5W4TCP,B0DB5W4TCP,3,WM-SP-Monitor Arms- Branded,0,FBA79478,WM-HA1M-BK,White Mulberry,Monitor Arm,Monitor Arm,
2026-06-06,0,68.51,Branded,139811573710057,354,0.0,72845033576510,B0DB5W4TCP,B0DB5W4TCP,4,WM-SP-Monitor Arms- Branded,0,FBA79478,WM-HA1M-BK,White Mulberry,Monitor Arm,Monitor Arm,
2026-06-07,0,0.0,Branded,139811573710057,226,0.0,72845033576510,B0DB5W4TCP,B0DB5W4TCP,0,WM-SP-Monitor Arms- Branded,0,FBA79478,WM-HA1M-BK,White Mulberry,Monitor Arm,Monitor Arm,
2026-06-08,0,61.01,Branded,139811573710057,374,0.0,72845033576510,B0DB5W4TCP,B0DB5W4TCP,3,WM-SP-Monitor Arms- Branded,0,FBA79478,WM-HA1M-BK,White Mulberry,Monitor Arm,Monitor Arm,
2026-06-09,0,0.0,Branded,139811573710057,142,0.0,72845033576510,B0DB5W4TCP,B0DB5W4TCP,0,WM-SP-Monitor Arms- Branded,0,FBA79478,WM-HA1M-BK,White Mulberry,Monitor Arm,Monitor Arm,
2026-06-10,0,0.0,Branded,139811573710057,304,0.0,72845033576510,B0DB5W4TCP,B0DB5W4TCP,0,WM-SP-Monitor Arms- Branded,0,FBA79478,WM-HA1M-BK,White Mulberry,Monitor Arm,Monitor Arm,
2026-06-11,0,0.0,Branded,139811573710057,201,0.0,72845033576510,B0DB5W4TCP,B0DB5W4TCP,0,WM-SP-Monitor Arms- Branded,0,FBA79478,WM-HA1M-BK,White Mulberry,Monitor Arm,Monitor Arm,
2026-06-12,0,24.65,Branded,139811573710057,317,0.0,72845033576510,B0DB5W4TCP,B0DB5W4TCP,1,WM-SP-Monitor Arms- Branded,0,FBA79478,WM-HA1M-BK,White Mulberry,Monitor Arm,Monitor Arm,
2026-06-13,0,45.83,Branded,139811573710057,436,0.0,72845033576510,B0DB5W4TCP,B0DB5W4TCP,2,WM-SP-Monitor Arms- Branded,0,FBA79478,WM-HA1M-BK,White Mulberry,Monitor Arm,Monitor Arm,
2026-06-14,0,26.23,Branded,139811573710057,362,0.0,72845033576510,B0DB5W4TCP,B0DB5W4TCP,1,WM-SP-Monitor Arms- Branded,0,FBA79478,WM-HA1M-BK,White Mulberry,Monitor Arm,Monitor Arm,
2026-06-15,0,28.3,Branded,139811573710057,368,0.0,72845033576510,B0DB5W4TCP,B0DB5W4TCP,1,WM-SP-Monitor Arms- Branded,0,FBA79478,WM-HA1M-BK,White Mulberry,Monitor Arm,Monitor Arm,
2026-06-16,0,0.0,Branded,139811573710057,401,0.0,72845033576510,B0DB5W4TCP,B0DB5W4TCP,0,WM-SP-Monitor Arms- Branded,0,FBA79478,WM-HA1M-BK,White Mulberry,Monitor Arm,Monitor Arm,
2026-06-17,0,29.42,Branded,139811573710057,115,0.0,72845033576510,B0DB5W4TCP,B0DB5W4TCP,2,WM-SP-Monitor Arms- Branded,0,FBA79478,WM-HA1M-BK,White Mulberry,Monitor Arm,Monitor Arm,
2026-06-18,0,27.77,Branded,139811573710057,122,0.0,72845033576510,B0DB5W4TCP,B0DB5W4TCP,1,WM-SP-Monitor Arms- Branded,0,FBA79478,WM-HA1M-BK,White Mulberry,Monitor Arm,Monitor Arm,
2026-06-19,0,0.0,Branded,139811573710057,44,0.0,72845033576510,B0DB5W4TCP,B0DB5W4TCP,0,WM-SP-Monitor Arms- Branded,0,FBA79478,WM-HA1M-BK,White Mulberry,Monitor Arm,Monitor Arm,
2026-06-20,0,0.0,Branded,139811573710057,74,0.0,72845033576510,B0DB5W4TCP,B0DB5W4TCP,0,WM-SP-Monitor Arms- Branded,0,FBA79478,WM-HA1M-BK,White Mulberry,Monitor Arm,Monitor Arm,
2026-06-21,0,22.34,Branded,139811573710057,53,0.0,72845033576510,B0DB5W4TCP,B0DB5W4TCP,1,WM-SP-Monitor Arms- Branded,0,FBA79478,WM-HA1M-BK,White Mulberry,Monitor Arm,Monitor Arm,
2026-06-01,0,0.0,Branded,139811573710057,185,0.0,72845033576510,FBA79479,B0DB5YTQZV,0,WM-SP-Monitor Arms- Branded,0,FBA79479,WM-HA2M-BK,White Mulberry,Monitor Arm,Monitor Arm,
2026-06-02,0,10.0,Branded,139811573710057,229,0.0,72845033576510,FBA79479,B0DB5YTQZV,1,WM-SP-Monitor Arms- Branded,0,FBA79479,WM-HA2M-BK,White Mulberry,Monitor Arm,Monitor Arm,
2026-06-03,0,38.59,Branded,139811573710057,503,0.0,72845033576510,FBA79479,B0DB5YTQZV,3,WM-SP-Monitor Arms- Branded,0,FBA79479,WM-HA2M-BK,White Mulberry,Monitor Arm,Monitor Arm,
2026-06-04,0,20.22,Branded,139811573710057,441,0.0,72845033576510,FBA79479,B0DB5YTQZV,1,WM-SP-Monitor Arms- Branded,0,FBA79479,WM-HA2M-BK,White Mulberry,Monitor Arm,Monitor Arm,
2026-06-05,0,0.0,Branded,139811573710057,212,0.0,72845033576510,FBA79479,B0DB5YTQZV,0,WM-SP-Monitor Arms- Branded,0,FBA79479,WM-HA2M-BK,White Mulberry,Monitor Arm,Monitor Arm,
2026-06-06,0,0.0,Branded,139811573710057,167,0.0,72845033576510,FBA79479,B0DB5YTQZV,0,WM-SP-Monitor Arms- Branded,0,FBA79479,WM-HA2M-BK,White Mulberry,Monitor Arm,Monitor Arm,
2026-06-07,0,23.22,Branded,139811573710057,165,0.0,72845033576510,FBA79479,B0DB5YTQZV,1,WM-SP-Monitor Arms- Branded,0,FBA79479,WM-HA2M-BK,White Mulberry,Monitor Arm,Monitor Arm,
2026-06-08,0,0.0,Branded,139811573710057,226,0.0,72845033576510,FBA79479,B0DB5YTQZV,0,WM-SP-Monitor Arms- Branded,0,FBA79479,WM-HA2M-BK,White Mulberry,Monitor Arm,Monitor Arm,
2026-06-09,0,0.0,Branded,139811573710057,41,0.0,72845033576510,FBA79479,B0DB5YTQZV,0,WM-SP-Monitor Arms- Branded,0,FBA79479,WM-HA2M-BK,White Mulberry,Monitor Arm,Monitor Arm,
2026-06-10,0,0.0,Branded,139811573710057,44,0.0,72845033576510,FBA79479,B0DB5YTQZV,0,WM-SP-Monitor Arms- Branded,0,FBA79479,WM-HA2M-BK,White Mulberry,Monitor Arm,Monitor Arm,
2026-06-11,0,0.0,Branded,139811573710057,20,0.0,72845033576510,FBA79479,B0DB5YTQZV,0,WM-SP-Monitor Arms- Branded,0,FBA79479,WM-HA2M-BK,White Mulberry,Monitor Arm,Monitor Arm,
2026-06-12,0,0.0,Branded,139811573710057,69,0.0,72845033576510,FBA79479,B0DB5YTQZV,0,WM-SP-Monitor Arms- Branded,0,FBA79479,WM-HA2M-BK,White Mulberry,Monitor Arm,Monitor Arm,
2026-06-13,0,10.0,Branded,139811573710057,86,0.0,72845033576510,FBA79479,B0DB5YTQZV,1,WM-SP-Monitor Arms- Branded,0,FBA79479,WM-HA2M-BK,White Mulberry,Monitor Arm,Monitor Arm,
2026-06-14,0,10.18,Branded,139811573710057,43,0.0,72845033576510,FBA79479,B0DB5YTQZV,1,WM-SP-Monitor Arms- Branded,0,FBA79479,WM-HA2M-BK,White Mulberry,Monitor Arm,Monitor Arm,
2026-06-15,0,0.0,Branded,139811573710057,79,0.0,72845033576510,FBA79479,B0DB5YTQZV,0,WM-SP-Monitor Arms- Branded,0,FBA79479,WM-HA2M-BK,White Mulberry,Monitor Arm,Monitor Arm,
2026-06-16,0,26.39,Branded,139811573710057,133,0.0,72845033576510,FBA79479,B0DB5YTQZV,1,WM-SP-Monitor Arms- Branded,0,FBA79479,WM-HA2M-BK,White Mulberry,Monitor Arm,Monitor Arm,
2026-06-17,0,0.0,Branded,139811573710057,22,0.0,72845033576510,FBA79479,B0DB5YTQZV,0,WM-SP-Monitor Arms- Branded,0,FBA79479,WM-HA2M-BK,White Mulberry,Monitor Arm,Monitor Arm,
2026-06-18,0,0.0,Branded,139811573710057,26,0.0,72845033576510,FBA79479,B0DB5YTQZV,0,WM-SP-Monitor Arms- Branded,0,FBA79479,WM-HA2M-BK,White Mulberry,Monitor Arm,Monitor Arm,
2026-06-19,0,0.0,Branded,139811573710057,20,0.0,72845033576510,FBA79479,B0DB5YTQZV,0,WM-SP-Monitor Arms- Branded,0,FBA79479,WM-HA2M-BK,White Mulberry,Monitor Arm,Monitor Arm,
2026-06-20,0,25.11,Branded,139811573710057,62,0.0,72845033576510,FBA79479,B0DB5YTQZV,1,WM-SP-Monitor Arms- Branded,0,FBA79479,WM-HA2M-BK,White Mulberry,Monitor Arm,Monitor Arm,
2026-06-21,0,0.0,Branded,139811573710057,92,0.0,72845033576510,FBA79479,B0DB5YTQZV,0,WM-SP-Monitor Arms- Branded,0,FBA79479,WM-HA2M-BK,White Mulberry,Monitor Arm,Monitor Arm,
2026-06-01,0,14.72,Branded,139811573710057,1023,0.0,72845033576510,FBA79617,B0DP32F346,1,WM-SP-Monitor Arms- Branded,0,FBA79617,HDWF1ML,White Mulberry,Monitor Arm,Monitor Arm,
2026-06-02,0,22.4,Branded,139811573710057,464,0.0,72845033576510,FBA79617,B0DP32F346,1,WM-SP-Monitor Arms- Branded,0,FBA79617,HDWF1ML,White Mulberry,Monitor Arm,Monitor Arm,
2026-06-03,2,50.64,Branded,139811573710057,661,5252.55,72845033576510,FBA79617,B0DP32F346,5,WM-SP-Monitor Arms- Branded,2,FBA79617,HDWF1ML,White Mulberry,Monitor Arm,Monitor Arm,
2026-06-04,0,0.0,Branded,139811573710057,730,0.0,72845033576510,FBA79617,B0DP32F346,0,WM-SP-Monitor Arms- Branded,0,FBA79617,HDWF1ML,White Mulberry,Monitor Arm,Monitor Arm,
2026-06-05,0,22.19,Branded,139811573710057,459,0.0,72845033576510,FBA79617,B0DP32F346,1,WM-SP-Monitor Arms- Branded,0,FBA79617,HDWF1ML,White Mulberry,Monitor Arm,Monitor Arm,
2026-06-06,1,63.61,Branded,139811573710057,418,2692.37,72845033576510,FBA79617,B0DP32F346,4,WM-SP-Monitor Arms- Branded,1,FBA79617,HDWF1ML,White Mulberry,Monitor Arm,Monitor Arm,
2026-06-07,0,0.0,Branded,139811573710057,485,0.0,72845033576510,FBA79617,B0DP32F346,0,WM-SP-Monitor Arms- Branded,0,FBA79617,HDWF1ML,White Mulberry,Monitor Arm,Monitor Arm,
2026-06-08,0,0.0,Branded,139811573710057,530,0.0,72845033576510,FBA79617,B0DP32F346,0,WM-SP-Monitor Arms- Branded,0,FBA79617,HDWF1ML,White Mulberry,Monitor Arm,Monitor Arm,
2026-06-09,0,0.0,Branded,139811573710057,345,0.0,72845033576510,FBA79617,B0DP32F346,0,WM-SP-Monitor Arms- Branded,0,FBA79617,HDWF1ML,White Mulberry,Monitor Arm,Monitor Arm,
2026-06-10,0,0.0,Branded,139811573710057,317,0.0,72845033576510,FBA79617,B0DP32F346,0,WM-SP-Monitor Arms- Branded,0,FBA79617,HDWF1ML,White Mulberry,Monitor Arm,Monitor Arm,
2026-06-11,0,17.02,Branded,139811573710057,93,0.0,72845033576510,FBA79617,B0DP32F346,1,WM-SP-Monitor Arms- Branded,0,FBA79617,HDWF1ML,White Mulberry,Monitor Arm,Monitor Arm,
2026-06-12,0,0.0,Branded,139811573710057,293,0.0,72845033576510,FBA79617,B0DP32F346,0,WM-SP-Monitor Arms- Branded,0,FBA79617,HDWF1ML,White Mulberry,Monitor Arm,Monitor Arm,
2026-06-13,0,30.18,Branded,139811573710057,479,0.0,72845033576510,FBA79617,B0DP32F346,1,WM-SP-Monitor Arms- Branded,0,FBA79617,HDWF1ML,White Mulberry,Monitor Arm,Monitor Arm,
2026-06-14,0,26.22,Branded,139811573710057,315,0.0,72845033576510,FBA79617,B0DP32F346,1,WM-SP-Monitor Arms- Branded,0,FBA79617,HDWF1ML,White Mulberry,Monitor Arm,Monitor Arm,
2026-06-15,0,0.0,Branded,139811573710057,315,0.0,72845033576510,FBA79617,B0DP32F346,0,WM-SP-Monitor Arms- Branded,0,FBA79617,HDWF1ML,White Mulberry,Monitor Arm,Monitor Arm,
2026-06-16,0,46.5,Branded,139811573710057,318,0.0,72845033576510,FBA79617,B0DP32F346,2,WM-SP-Monitor Arms- Branded,0,FBA79617,HDWF1ML,White Mulberry,Monitor Arm,Monitor Arm,
2026-06-17,0,0.0,Branded,139811573710057,241,0.0,72845033576510,FBA79617,B0DP32F346,0,WM-SP-Monitor Arms- Branded,0,FBA79617,HDWF1ML,White Mulberry,Monitor Arm,Monitor Arm,
2026-06-18,0,24.9,Branded,139811573710057,259,0.0,72845033576510,FBA79617,B0DP32F346,1,WM-SP-Monitor Arms- Branded,0,FBA79617,HDWF1ML,White Mulberry,Monitor Arm,Monitor Arm,
2026-06-19,0,0.0,Branded,139811573710057,352,0.0,72845033576510,FBA79617,B0DP32F346,0,WM-SP-Monitor Arms- Branded,0,FBA79617,HDWF1ML,White Mulberry,Monitor Arm,Monitor Arm,
2026-06-20,0,0.0,Branded,139811573710057,299,0.0,72845033576510,FBA79617,B0DP32F346,0,WM-SP-Monitor Arms- Branded,0,FBA79617,HDWF1ML,White Mulberry,Monitor Arm,Monitor Arm,
2026-06-21,0,83.36,Branded,139811573710057,330,0.0,72845033576510,FBA79617,B0DP32F346,3,WM-SP-Monitor Arms- Branded,0,FBA79617,HDWF1ML,White Mulberry,Monitor Arm,Monitor Arm,
2026-06-01,0,37.28,Branded,139811573710057,821,0.0,72845033576510,B0DP2Z5DQ9,B0DP2Z5DQ9,2,WM-SP-Monitor Arms- Branded,0,FBA79615,VLMS1ML,White Mulberry,Monitor Arm,Monitor Arm,
2026-06-02,1,46.2,Branded,139811573710057,649,7202.54,72845033576510,B0DP2Z5DQ9,B0DP2Z5DQ9,2,WM-SP-Monitor Arms- Branded,1,FBA79615,VLMS1ML,White Mulberry,Monitor Arm,Monitor Arm,
2026-06-03,0,0.0,Branded,139811573710057,634,0.0,72845033576510,B0DP2Z5DQ9,B0DP2Z5DQ9,0,WM-SP-Monitor Arms- Branded,0,FBA79615,VLMS1ML,White Mulberry,Monitor Arm,Monitor Arm,
2026-06-04,0,44.28,Branded,139811573710057,883,0.0,72845033576510,B0DP2Z5DQ9,B0DP2Z5DQ9,2,WM-SP-Monitor Arms- Branded,0,FBA79615,VLMS1ML,White Mulberry,Monitor Arm,Monitor Arm,
2026-06-05,0,9.21,Branded,139811573710057,794,0.0,72845033576510,B0DP2Z5DQ9,B0DP2Z5DQ9,1,WM-SP-Monitor Arms- Branded,0,FBA79615,VLMS1ML,White Mulberry,Monitor Arm,Monitor Arm,
2026-06-06,0,42.92,Branded,139811573710057,565,0.0,72845033576510,B0DP2Z5DQ9,B0DP2Z5DQ9,3,WM-SP-Monitor Arms- Branded,0,FBA79615,VLMS1ML,White Mulberry,Monitor Arm,Monitor Arm,
2026-06-07,0,16.1,Branded,139811573710057,637,0.0,72845033576510,B0DP2Z5DQ9,B0DP2Z5DQ9,1,WM-SP-Monitor Arms- Branded,0,FBA79615,VLMS1ML,White Mulberry,Monitor Arm,Monitor Arm,
2026-06-08,0,0.0,Branded,139811573710057,891,0.0,72845033576510,B0DP2Z5DQ9,B0DP2Z5DQ9,0,WM-SP-Monitor Arms- Branded,0,FBA79615,VLMS1ML,White Mulberry,Monitor Arm,Monitor Arm,
2026-06-09,0,0.0,Branded,139811573710057,456,0.0,72845033576510,B0DP2Z5DQ9,B0DP2Z5DQ9,0,WM-SP-Monitor Arms- Branded,0,FBA79615,VLMS1ML,White Mulberry,Monitor Arm,Monitor Arm,
2026-06-10,0,0.0,Branded,139811573710057,2,0.0,72845033576510,B0DP2Z5DQ9,B0DP2Z5DQ9,0,WM-SP-Monitor Arms- Branded,0,FBA79615,VLMS1ML,White Mulberry,Monitor Arm,Monitor Arm,
2026-06-11,0,57.24,Branded,139811573710057,291,0.0,72845033576510,B0DP2Z5DQ9,B0DP2Z5DQ9,2,WM-SP-Monitor Arms- Branded,0,FBA79615,VLMS1ML,White Mulberry,Monitor Arm,Monitor Arm,
2026-06-12,0,0.0,Branded,139811573710057,20,0.0,72845033576510,B0DP2Z5DQ9,B0DP2Z5DQ9,0,WM-SP-Monitor Arms- Branded,0,FBA79615,VLMS1ML,White Mulberry,Monitor Arm,Monitor Arm,
2026-06-15,0,0.0,Branded,139811573710057,112,0.0,72845033576510,B0DP2Z5DQ9,B0DP2Z5DQ9,0,WM-SP-Monitor Arms- Branded,0,FBA79615,VLMS1ML,White Mulberry,Monitor Arm,Monitor Arm,
2026-06-16,0,88.55,Branded,139811573710057,834,0.0,72845033576510,B0DP2Z5DQ9,B0DP2Z5DQ9,4,WM-SP-Monitor Arms- Branded,0,FBA79615,VLMS1ML,White Mulberry,Monitor Arm,Monitor Arm,
2026-06-17,0,0.0,Branded,139811573710057,115,0.0,72845033576510,B0DP2Z5DQ9,B0DP2Z5DQ9,0,WM-SP-Monitor Arms- Branded,0,FBA79615,VLMS1ML,White Mulberry,Monitor Arm,Monitor Arm,
2026-06-01,0,42.36,WM-SP-Monitor Arms-Defensive,96578489910990,197,0.0,215646686332728,B0DB5VG39T,B0DB5VG39T,3,WM-SP-Monitor Arms- Defensive,0,FBA79476,WM-GS1M-BK,White Mulberry,Monitor Arm,Monitor Arm,
2026-06-02,0,21.97,WM-SP-Monitor Arms-Defensive,96578489910990,176,0.0,215646686332728,B0DB5VG39T,B0DB5VG39T,2,WM-SP-Monitor Arms- Defensive,0,FBA79476,WM-GS1M-BK,White Mulberry,Monitor Arm,Monitor Arm,
2026-06-03,0,0.0,WM-SP-Monitor Arms-Defensive,96578489910990,102,0.0,215646686332728,B0DB5VG39T,B0DB5VG39T,0,WM-SP-Monitor Arms- Defensive,0,FBA79476,WM-GS1M-BK,White Mulberry,Monitor Arm,Monitor Arm,
2026-06-04,0,0.0,WM-SP-Monitor Arms-Defensive,96578489910990,76,0.0,215646686332728,B0DB5VG39T,B0DB5VG39T,0,WM-SP-Monitor Arms- Defensive,0,FBA79476,WM-GS1M-BK,White Mulberry,Monitor Arm,Monitor Arm,
2026-06-05,0,29.08,WM-SP-Monitor Arms-Defensive,96578489910990,115,0.0,215646686332728,B0DB5VG39T,B0DB5VG39T,2,WM-SP-Monitor Arms- Defensive,0,FBA79476,WM-GS1M-BK,White Mulberry,Monitor Arm,Monitor Arm,
2026-06-06,0,53.23,WM-SP-Monitor Arms-Defensive,96578489910990,311,0.0,215646686332728,B0DB5VG39T,B0DB5VG39T,4,WM-SP-Monitor Arms- Defensive,0,FBA79476,WM-GS1M-BK,White Mulberry,Monitor Arm,Monitor Arm,
2026-06-07,0,12.02,WM-SP-Monitor Arms-Defensive,96578489910990,81,0.0,215646686332728,B0DB5VG39T,B0DB5VG39T,1,WM-SP-Monitor Arms- Defensive,0,FBA79476,WM-GS1M-BK,White Mulberry,Monitor Arm,Monitor Arm,
2026-06-08,0,0.0,WM-SP-Monitor Arms-Defensive,96578489910990,111,0.0,215646686332728,B0DB5VG39T,B0DB5VG39T,0,WM-SP-Monitor Arms- Defensive,0,FBA79476,WM-GS1M-BK,White Mulberry,Monitor Arm,Monitor Arm,
2026-06-09,0,14.15,WM-SP-Monitor Arms-Defensive,96578489910990,45,0.0,215646686332728,B0DB5VG39T,B0DB5VG39T,1,WM-SP-Monitor Arms- Defensive,0,FBA79476,WM-GS1M-BK,White Mulberry,Monitor Arm,Monitor Arm,
2026-06-10,0,0.0,WM-SP-Monitor Arms-Defensive,96578489910990,230,0.0,215646686332728,B0DB5VG39T,B0DB5VG39T,0,WM-SP-Monitor Arms- Defensive,0,FBA79476,WM-GS1M-BK,White Mulberry,Monitor Arm,Monitor Arm,
2026-06-11,0,26.71,WM-SP-Monitor Arms-Defensive,96578489910990,81,0.0,215646686332728,B0DB5VG39T,B0DB5VG39T,2,WM-SP-Monitor Arms- Defensive,0,FBA79476,WM-GS1M-BK,White Mulberry,Monitor Arm,Monitor Arm,
2026-06-12,0,0.0,WM-SP-Monitor Arms-Defensive,96578489910990,163,0.0,215646686332728,B0DB5VG39T,B0DB5VG39T,0,WM-SP-Monitor Arms- Defensive,0,FBA79476,WM-GS1M-BK,White Mulberry,Monitor Arm,Monitor Arm,
2026-06-13,0,0.0,WM-SP-Monitor Arms-Defensive,96578489910990,190,0.0,215646686332728,B0DB5VG39T,B0DB5VG39T,0,WM-SP-Monitor Arms- Defensive,0,FBA79476,WM-GS1M-BK,White Mulberry,Monitor Arm,Monitor Arm,
2026-06-14,0,14.54,WM-SP-Monitor Arms-Defensive,96578489910990,149,0.0,215646686332728,B0DB5VG39T,B0DB5VG39T,1,WM-SP-Monitor Arms- Defensive,0,FBA79476,WM-GS1M-BK,White Mulberry,Monitor Arm,Monitor Arm,
2026-06-15,0,14.47,WM-SP-Monitor Arms-Defensive,96578489910990,289,0.0,215646686332728,B0DB5VG39T,B0DB5VG39T,1,WM-SP-Monitor Arms- Defensive,0,FBA79476,WM-GS1M-BK,White Mulberry,Monitor Arm,Monitor Arm,
2026-06-16,0,14.54,WM-SP-Monitor Arms-Defensive,96578489910990,285,0.0,215646686332728,B0DB5VG39T,B0DB5VG39T,1,WM-SP-Monitor Arms- Defensive,0,FBA79476,WM-GS1M-BK,White Mulberry,Monitor Arm,Monitor Arm,
2026-06-17,0,0.0,WM-SP-Monitor Arms-Defensive,96578489910990,175,0.0,215646686332728,B0DB5VG39T,B0DB5VG39T,0,WM-SP-Monitor Arms- Defensive,0,FBA79476,WM-GS1M-BK,White Mulberry,Monitor Arm,Monitor Arm,
2026-06-18,0,10.41,WM-SP-Monitor Arms-Defensive,96578489910990,136,0.0,215646686332728,B0DB5VG39T,B0DB5VG39T,1,WM-SP-Monitor Arms- Defensive,0,FBA79476,WM-GS1M-BK,White Mulberry,Monitor Arm,Monitor Arm,
2026-06-19,0,11.61,WM-SP-Monitor Arms-Defensive,96578489910990,111,0.0,215646686332728,B0DB5VG39T,B0DB5VG39T,1,WM-SP-Monitor Arms- Defensive,0,FBA79476,WM-GS1M-BK,White Mulberry,Monitor Arm,Monitor Arm,
2026-06-20,0,63.82,WM-SP-Monitor Arms-Defensive,96578489910990,696,0.0,215646686332728,B0DB5VG39T,B0DB5VG39T,5,WM-SP-Monitor Arms- Defensive,0,FBA79476,WM-GS1M-BK,White Mulberry,Monitor Arm,Monitor Arm,
2026-06-21,0,28.58,WM-SP-Monitor Arms-Defensive,96578489910990,423,0.0,215646686332728,B0DB5VG39T,B0DB5VG39T,2,WM-SP-Monitor Arms- Defensive,0,FBA79476,WM-GS1M-BK,White Mulberry,Monitor Arm,Monitor Arm,
2026-06-01,0,43.62,WM-SP-Monitor Arms-Defensive,96578489910990,246,0.0,215646686332728,FBA79477,B0DB5VVPSB,3,WM-SP-Monitor Arms- Defensive,0,FBA79477,WM-GS2M-BK,White Mulberry,Monitor Arm,Monitor Arm,
2026-06-02,0,14.54,WM-SP-Monitor Arms-Defensive,96578489910990,366,0.0,215646686332728,FBA79477,B0DB5VVPSB,1,WM-SP-Monitor Arms- Defensive,0,FBA79477,WM-GS2M-BK,White Mulberry,Monitor Arm,Monitor Arm,
2026-06-03,0,38.93,WM-SP-Monitor Arms-Defensive,96578489910990,310,0.0,215646686332728,FBA79477,B0DB5VVPSB,3,WM-SP-Monitor Arms- Defensive,0,FBA79477,WM-GS2M-BK,White Mulberry,Monitor Arm,Monitor Arm,
2026-06-04,0,14.54,WM-SP-Monitor Arms-Defensive,96578489910990,243,0.0,215646686332728,FBA79477,B0DB5VVPSB,1,WM-SP-Monitor Arms- Defensive,0,FBA79477,WM-GS2M-BK,White Mulberry,Monitor Arm,Monitor Arm,
2026-06-05,0,57.01,WM-SP-Monitor Arms-Defensive,96578489910990,659,0.0,215646686332728,FBA79477,B0DB5VVPSB,5,WM-SP-Monitor Arms- Defensive,0,FBA79477,WM-GS2M-BK,White Mulberry,Monitor Arm,Monitor Arm,
2026-06-06,0,39.31,WM-SP-Monitor Arms-Defensive,96578489910990,939,0.0,215646686332728,FBA79477,B0DB5VVPSB,3,WM-SP-Monitor Arms- Defensive,0,FBA79477,WM-GS2M-BK,White Mulberry,Monitor Arm,Monitor Arm,
2026-06-07,1,43.62,WM-SP-Monitor Arms-Defensive,96578489910990,614,3643.22,215646686332728,FBA79477,B0DB5VVPSB,3,WM-SP-Monitor Arms- Defensive,1,FBA79477,WM-GS2M-BK,White Mulberry,Monitor Arm,Monitor Arm,
2026-06-08,0,63.54,WM-SP-Monitor Arms-Defensive,96578489910990,781,0.0,215646686332728,FBA79477,B0DB5VVPSB,5,WM-SP-Monitor Arms- Defensive,0,FBA79477,WM-GS2M-BK,White Mulberry,Monitor Arm,Monitor Arm,
2026-06-09,0,28.89,WM-SP-Monitor Arms-Defensive,96578489910990,358,0.0,215646686332728,FBA79477,B0DB5VVPSB,2,WM-SP-Monitor Arms- Defensive,0,FBA79477,WM-GS2M-BK,White Mulberry,Monitor Arm,Monitor Arm,
2026-06-10,0,28.41,WM-SP-Monitor Arms-Defensive,96578489910990,612,0.0,215646686332728,FBA79477,B0DB5VVPSB,2,WM-SP-Monitor Arms- Defensive,0,FBA79477,WM-GS2M-BK,White Mulberry,Monitor Arm,Monitor Arm,
2026-06-11,0,109.43,WM-SP-Monitor Arms-Defensive,96578489910990,399,0.0,215646686332728,FBA79477,B0DB5VVPSB,8,WM-SP-Monitor Arms- Defensive,0,FBA79477,WM-GS2M-BK,White Mulberry,Monitor Arm,Monitor Arm,
2026-06-12,0,67.61,WM-SP-Monitor Arms-Defensive,96578489910990,654,0.0,215646686332728,FBA79477,B0DB5VVPSB,6,WM-SP-Monitor Arms- Defensive,0,FBA79477,WM-GS2M-BK,White Mulberry,Monitor Arm,Monitor Arm,
2026-06-13,0,19.81,WM-SP-Monitor Arms-Defensive,96578489910990,743,0.0,215646686332728,FBA79477,B0DB5VVPSB,2,WM-SP-Monitor Arms- Defensive,0,FBA79477,WM-GS2M-BK,White Mulberry,Monitor Arm,Monitor Arm,
2026-06-14,0,38.1,WM-SP-Monitor Arms-Defensive,96578489910990,450,0.0,215646686332728,FBA79477,B0DB5VVPSB,3,WM-SP-Monitor Arms- Defensive,0,FBA79477,WM-GS2M-BK,White Mulberry,Monitor Arm,Monitor Arm,
2026-06-15,0,35.75,WM-SP-Monitor Arms-Defensive,96578489910990,377,0.0,215646686332728,FBA79477,B0DB5VVPSB,3,WM-SP-Monitor Arms- Defensive,0,FBA79477,WM-GS2M-BK,White Mulberry,Monitor Arm,Monitor Arm,
2026-06-16,0,73.29,WM-SP-Monitor Arms-Defensive,96578489910990,380,0.0,215646686332728,FBA79477,B0DB5VVPSB,6,WM-SP-Monitor Arms- Defensive,0,FBA79477,WM-GS2M-BK,White Mulberry,Monitor Arm,Monitor Arm,
2026-06-17,0,0.0,WM-SP-Monitor Arms-Defensive,96578489910990,233,0.0,215646686332728,FBA79477,B0DB5VVPSB,0,WM-SP-Monitor Arms- Defensive,0,FBA79477,WM-GS2M-BK,White Mulberry,Monitor Arm,Monitor Arm,
2026-06-18,0,78.9,WM-SP-Monitor Arms-Defensive,96578489910990,272,0.0,215646686332728,FBA79477,B0DB5VVPSB,7,WM-SP-Monitor Arms- Defensive,0,FBA79477,WM-GS2M-BK,White Mulberry,Monitor Arm,Monitor Arm,
2026-06-19,0,22.25,WM-SP-Monitor Arms-Defensive,96578489910990,352,0.0,215646686332728,FBA79477,B0DB5VVPSB,2,WM-SP-Monitor Arms- Defensive,0,FBA79477,WM-GS2M-BK,White Mulberry,Monitor Arm,Monitor Arm,
2026-06-20,0,53.58,WM-SP-Monitor Arms-Defensive,96578489910990,523,0.0,215646686332728,FBA79477,B0DB5VVPSB,4,WM-SP-Monitor Arms- Defensive,0,FBA79477,WM-GS2M-BK,White Mulberry,Monitor Arm,Monitor Arm,
2026-06-21,0,37.71,WM-SP-Monitor Arms-Defensive,96578489910990,336,0.0,215646686332728,FBA79477,B0DB5VVPSB,3,WM-SP-Monitor Arms- Defensive,0,FBA79477,WM-GS2M-BK,White Mulberry,Monitor Arm,Monitor Arm,
2026-06-01,0,12.52,WM-SP-Monitor Arms-Defensive,96578489910990,226,0.0,215646686332728,B0DB5W4TCP,B0DB5W4TCP,1,WM-SP-Monitor Arms- Defensive,0,FBA79478,WM-HA1M-BK,White Mulberry,Monitor Arm,Monitor Arm,
2026-06-02,0,27.23,WM-SP-Monitor Arms-Defensive,96578489910990,280,0.0,215646686332728,B0DB5W4TCP,B0DB5W4TCP,2,WM-SP-Monitor Arms- Defensive,0,FBA79478,WM-HA1M-BK,White Mulberry,Monitor Arm,Monitor Arm,
2026-06-03,0,14.29,WM-SP-Monitor Arms-Defensive,96578489910990,196,0.0,215646686332728,B0DB5W4TCP,B0DB5W4TCP,1,WM-SP-Monitor Arms- Defensive,0,FBA79478,WM-HA1M-BK,White Mulberry,Monitor Arm,Monitor Arm,
2026-06-04,0,47.94,WM-SP-Monitor Arms-Defensive,96578489910990,145,0.0,215646686332728,B0DB5W4TCP,B0DB5W4TCP,4,WM-SP-Monitor Arms- Defensive,0,FBA79478,WM-HA1M-BK,White Mulberry,Monitor Arm,Monitor Arm,
2026-06-05,0,0.0,WM-SP-Monitor Arms-Defensive,96578489910990,144,0.0,215646686332728,B0DB5W4TCP,B0DB5W4TCP,0,WM-SP-Monitor Arms- Defensive,0,FBA79478,WM-HA1M-BK,White Mulberry,Monitor Arm,Monitor Arm,
2026-06-06,0,24.01,WM-SP-Monitor Arms-Defensive,96578489910990,115,0.0,215646686332728,B0DB5W4TCP,B0DB5W4TCP,2,WM-SP-Monitor Arms- Defensive,0,FBA79478,WM-HA1M-BK,White Mulberry,Monitor Arm,Monitor Arm,
2026-06-07,0,0.0,WM-SP-Monitor Arms-Defensive,96578489910990,89,0.0,215646686332728,B0DB5W4TCP,B0DB5W4TCP,0,WM-SP-Monitor Arms- Defensive,0,FBA79478,WM-HA1M-BK,White Mulberry,Monitor Arm,Monitor Arm,
2026-06-08,0,14.54,WM-SP-Monitor Arms-Defensive,96578489910990,138,0.0,215646686332728,B0DB5W4TCP,B0DB5W4TCP,1,WM-SP-Monitor Arms- Defensive,0,FBA79478,WM-HA1M-BK,White Mulberry,Monitor Arm,Monitor Arm,
2026-06-09,0,42.89,WM-SP-Monitor Arms-Defensive,96578489910990,119,0.0,215646686332728,B0DB5W4TCP,B0DB5W4TCP,3,WM-SP-Monitor Arms- Defensive,0,FBA79478,WM-HA1M-BK,White Mulberry,Monitor Arm,Monitor Arm,
2026-06-10,0,0.0,WM-SP-Monitor Arms-Defensive,96578489910990,153,0.0,215646686332728,B0DB5W4TCP,B0DB5W4TCP,0,WM-SP-Monitor Arms- Defensive,0,FBA79478,WM-HA1M-BK,White Mulberry,Monitor Arm,Monitor Arm,
2026-06-11,0,25.39,WM-SP-Monitor Arms-Defensive,96578489910990,110,0.0,215646686332728,B0DB5W4TCP,B0DB5W4TCP,2,WM-SP-Monitor Arms- Defensive,0,FBA79478,WM-HA1M-BK,White Mulberry,Monitor Arm,Monitor Arm,
2026-06-12,0,0.0,WM-SP-Monitor Arms-Defensive,96578489910990,100,0.0,215646686332728,B0DB5W4TCP,B0DB5W4TCP,0,WM-SP-Monitor Arms- Defensive,0,FBA79478,WM-HA1M-BK,White Mulberry,Monitor Arm,Monitor Arm,
2026-06-13,1,39.38,WM-SP-Monitor Arms-Defensive,96578489910990,165,1481.36,215646686332728,B0DB5W4TCP,B0DB5W4TCP,3,WM-SP-Monitor Arms- Defensive,1,FBA79478,WM-HA1M-BK,White Mulberry,Monitor Arm,Monitor Arm,
2026-06-14,0,26.8,WM-SP-Monitor Arms-Defensive,96578489910990,149,0.0,215646686332728,B0DB5W4TCP,B0DB5W4TCP,2,WM-SP-Monitor Arms- Defensive,0,FBA79478,WM-HA1M-BK,White Mulberry,Monitor Arm,Monitor Arm,
2026-06-15,1,14.54,WM-SP-Monitor Arms-Defensive,96578489910990,142,1694.06,215646686332728,B0DB5W4TCP,B0DB5W4TCP,1,WM-SP-Monitor Arms- Defensive,1,FBA79478,WM-HA1M-BK,White Mulberry,Monitor Arm,Monitor Arm,
2026-06-16,0,14.27,WM-SP-Monitor Arms-Defensive,96578489910990,101,0.0,215646686332728,B0DB5W4TCP,B0DB5W4TCP,1,WM-SP-Monitor Arms- Defensive,0,FBA79478,WM-HA1M-BK,White Mulberry,Monitor Arm,Monitor Arm,
2026-06-17,0,20.92,WM-SP-Monitor Arms-Defensive,96578489910990,86,0.0,215646686332728,B0DB5W4TCP,B0DB5W4TCP,2,WM-SP-Monitor Arms- Defensive,0,FBA79478,WM-HA1M-BK,White Mulberry,Monitor Arm,Monitor Arm,
2026-06-18,0,0.0,WM-SP-Monitor Arms-Defensive,96578489910990,49,0.0,215646686332728,B0DB5W4TCP,B0DB5W4TCP,0,WM-SP-Monitor Arms- Defensive,0,FBA79478,WM-HA1M-BK,White Mulberry,Monitor Arm,Monitor Arm,
2026-06-19,0,11.44,WM-SP-Monitor Arms-Defensive,96578489910990,60,0.0,215646686332728,B0DB5W4TCP,B0DB5W4TCP,1,WM-SP-Monitor Arms- Defensive,0,FBA79478,WM-HA1M-BK,White Mulberry,Monitor Arm,Monitor Arm,
2026-06-20,0,27.52,WM-SP-Monitor Arms-Defensive,96578489910990,191,0.0,215646686332728,B0DB5W4TCP,B0DB5W4TCP,2,WM-SP-Monitor Arms- Defensive,0,FBA79478,WM-HA1M-BK,White Mulberry,Monitor Arm,Monitor Arm,
2026-06-21,0,54.1,WM-SP-Monitor Arms-Defensive,96578489910990,194,0.0,215646686332728,B0DB5W4TCP,B0DB5W4TCP,4,WM-SP-Monitor Arms- Defensive,0,FBA79478,WM-HA1M-BK,White Mulberry,Monitor Arm,Monitor Arm,
2026-06-01,0,69.4,WM-SP-Monitor Arms-Defensive,96578489910990,811,0.0,215646686332728,FBA79479,B0DB5YTQZV,5,WM-SP-Monitor Arms- Defensive,0,FBA79479,WM-HA2M-BK,White Mulberry,Monitor Arm,Monitor Arm,
2026-06-02,0,75.54,WM-SP-Monitor Arms-Defensive,96578489910990,1315,0.0,215646686332728,FBA79479,B0DB5YTQZV,6,WM-SP-Monitor Arms- Defensive,0,FBA79479,WM-HA2M-BK,White Mulberry,Monitor Arm,Monitor Arm,
2026-06-03,0,91.12,WM-SP-Monitor Arms-Defensive,96578489910990,689,0.0,215646686332728,FBA79479,B0DB5YTQZV,7,WM-SP-Monitor Arms- Defensive,0,FBA79479,WM-HA2M-BK,White Mulberry,Monitor Arm,Monitor Arm,
2026-06-04,0,82.31,WM-SP-Monitor Arms-Defensive,96578489910990,808,0.0,215646686332728,FBA79479,B0DB5YTQZV,7,WM-SP-Monitor Arms- Defensive,0,FBA79479,WM-HA2M-BK,White Mulberry,Monitor Arm,Monitor Arm,
2026-06-05,1,92.53,WM-SP-Monitor Arms-Defensive,96578489910990,529,1694.07,215646686332728,FBA79479,B0DB5YTQZV,7,WM-SP-Monitor Arms- Defensive,1,FBA79479,WM-HA2M-BK,White Mulberry,Monitor Arm,Monitor Arm,
2026-06-06,0,0.0,WM-SP-Monitor Arms-Defensive,96578489910990,670,0.0,215646686332728,FBA79479,B0DB5YTQZV,0,WM-SP-Monitor Arms- Defensive,0,FBA79479,WM-HA2M-BK,White Mulberry,Monitor Arm,Monitor Arm,
2026-06-07,1,69.44,WM-SP-Monitor Arms-Defensive,96578489910990,544,1694.06,215646686332728,FBA79479,B0DB5YTQZV,5,WM-SP-Monitor Arms- Defensive,1,FBA79479,WM-HA2M-BK,White Mulberry,Monitor Arm,Monitor Arm,
2026-06-08,1,84.98,WM-SP-Monitor Arms-Defensive,96578489910990,852,1694.07,215646686332728,FBA79479,B0DB5YTQZV,7,WM-SP-Monitor Arms- Defensive,1,FBA79479,WM-HA2M-BK,White Mulberry,Monitor Arm,Monitor Arm,
2026-06-09,0,50.85,WM-SP-Monitor Arms-Defensive,96578489910990,534,0.0,215646686332728,FBA79479,B0DB5YTQZV,4,WM-SP-Monitor Arms- Defensive,0,FBA79479,WM-HA2M-BK,White Mulberry,Monitor Arm,Monitor Arm,
2026-06-10,1,116.11,WM-SP-Monitor Arms-Defensive,96578489910990,1048,1694.06,215646686332728,FBA79479,B0DB5YTQZV,9,WM-SP-Monitor Arms- Defensive,1,FBA79479,WM-HA2M-BK,White Mulberry,Monitor Arm,Monitor Arm,
2026-06-11,0,13.68,WM-SP-Monitor Arms-Defensive,96578489910990,356,0.0,215646686332728,FBA79479,B0DB5YTQZV,1,WM-SP-Monitor Arms- Defensive,0,FBA79479,WM-HA2M-BK,White Mulberry,Monitor Arm,Monitor Arm,
2026-06-12,0,122.92,WM-SP-Monitor Arms-Defensive,96578489910990,628,0.0,215646686332728,FBA79479,B0DB5YTQZV,10,WM-SP-Monitor Arms- Defensive,0,FBA79479,WM-HA2M-BK,White Mulberry,Monitor Arm,Monitor Arm,
2026-06-13,0,127.64,WM-SP-Monitor Arms-Defensive,96578489910990,816,0.0,215646686332728,FBA79479,B0DB5YTQZV,10,WM-SP-Monitor Arms- Defensive,0,FBA79479,WM-HA2M-BK,White Mulberry,Monitor Arm,Monitor Arm,
2026-06-14,0,113.92,WM-SP-Monitor Arms-Defensive,96578489910990,724,0.0,215646686332728,FBA79479,B0DB5YTQZV,9,WM-SP-Monitor Arms- Defensive,0,FBA79479,WM-HA2M-BK,White Mulberry,Monitor Arm,Monitor Arm,
2026-06-15,0,120.4,WM-SP-Monitor Arms-Defensive,96578489910990,643,0.0,215646686332728,FBA79479,B0DB5YTQZV,9,WM-SP-Monitor Arms- Defensive,0,FBA79479,WM-HA2M-BK,White Mulberry,Monitor Arm,Monitor Arm,
2026-06-16,0,41.86,WM-SP-Monitor Arms-Defensive,96578489910990,282,0.0,215646686332728,FBA79479,B0DB5YTQZV,3,WM-SP-Monitor Arms- Defensive,0,FBA79479,WM-HA2M-BK,White Mulberry,Monitor Arm,Monitor Arm,
2026-06-17,0,27.24,WM-SP-Monitor Arms-Defensive,96578489910990,169,0.0,215646686332728,FBA79479,B0DB5YTQZV,2,WM-SP-Monitor Arms- Defensive,0,FBA79479,WM-HA2M-BK,White Mulberry,Monitor Arm,Monitor Arm,
2026-06-18,0,9.99,WM-SP-Monitor Arms-Defensive,96578489910990,185,0.0,215646686332728,FBA79479,B0DB5YTQZV,1,WM-SP-Monitor Arms- Defensive,0,FBA79479,WM-HA2M-BK,White Mulberry,Monitor Arm,Monitor Arm,
2026-06-19,0,71.51,WM-SP-Monitor Arms-Defensive,96578489910990,312,0.0,215646686332728,FBA79479,B0DB5YTQZV,5,WM-SP-Monitor Arms- Defensive,0,FBA79479,WM-HA2M-BK,White Mulberry,Monitor Arm,Monitor Arm,
2026-06-20,0,36.54,WM-SP-Monitor Arms-Defensive,96578489910990,686,0.0,215646686332728,FBA79479,B0DB5YTQZV,3,WM-SP-Monitor Arms- Defensive,0,FBA79479,WM-HA2M-BK,White Mulberry,Monitor Arm,Monitor Arm,
2026-06-21,0,32.27,WM-SP-Monitor Arms-Defensive,96578489910990,671,0.0,215646686332728,FBA79479,B0DB5YTQZV,3,WM-SP-Monitor Arms- Defensive,0,FBA79479,WM-HA2M-BK,White Mulberry,Monitor Arm,Monitor Arm,
2026-06-01,0,0.0,WM-SP-Monitor Arms-Defensive,96578489910990,143,0.0,215646686332728,FBA79617,B0DP32F346,0,WM-SP-Monitor Arms- Defensive,0,FBA79617,HDWF1ML,White Mulberry,Monitor Arm,Monitor Arm,
2026-06-02,1,50.46,WM-SP-Monitor Arms-Defensive,96578489910990,181,2626.27,215646686332728,FBA79617,B0DP32F346,4,WM-SP-Monitor Arms- Defensive,1,FBA79617,HDWF1ML,White Mulberry,Monitor Arm,Monitor Arm,
2026-06-03,0,0.0,WM-SP-Monitor Arms-Defensive,96578489910990,98,0.0,215646686332728,FBA79617,B0DP32F346,0,WM-SP-Monitor Arms- Defensive,0,FBA79617,HDWF1ML,White Mulberry,Monitor Arm,Monitor Arm,
2026-06-04,0,0.0,WM-SP-Monitor Arms-Defensive,96578489910990,82,0.0,215646686332728,FBA79617,B0DP32F346,0,WM-SP-Monitor Arms- Defensive,0,FBA79617,HDWF1ML,White Mulberry,Monitor Arm,Monitor Arm,
2026-06-05,0,12.34,WM-SP-Monitor Arms-Defensive,96578489910990,145,0.0,215646686332728,FBA79617,B0DP32F346,1,WM-SP-Monitor Arms- Defensive,0,FBA79617,HDWF1ML,White Mulberry,Monitor Arm,Monitor Arm,
2026-06-06,0,0.0,WM-SP-Monitor Arms-Defensive,96578489910990,147,0.0,215646686332728,FBA79617,B0DP32F346,0,WM-SP-Monitor Arms- Defensive,0,FBA79617,HDWF1ML,White Mulberry,Monitor Arm,Monitor Arm,
2026-06-07,0,0.0,WM-SP-Monitor Arms-Defensive,96578489910990,62,0.0,215646686332728,FBA79617,B0DP32F346,0,WM-SP-Monitor Arms- Defensive,0,FBA79617,HDWF1ML,White Mulberry,Monitor Arm,Monitor Arm,
2026-06-08,0,0.0,WM-SP-Monitor Arms-Defensive,96578489910990,120,0.0,215646686332728,FBA79617,B0DP32F346,0,WM-SP-Monitor Arms- Defensive,0,FBA79617,HDWF1ML,White Mulberry,Monitor Arm,Monitor Arm,
2026-06-09,0,0.0,WM-SP-Monitor Arms-Defensive,96578489910990,73,0.0,215646686332728,FBA79617,B0DP32F346,0,WM-SP-Monitor Arms- Defensive,0,FBA79617,HDWF1ML,White Mulberry,Monitor Arm,Monitor Arm,
2026-06-10,0,0.0,WM-SP-Monitor Arms-Defensive,96578489910990,207,0.0,215646686332728,FBA79617,B0DP32F346,0,WM-SP-Monitor Arms- Defensive,0,FBA79617,HDWF1ML,White Mulberry,Monitor Arm,Monitor Arm,
2026-06-11,0,0.0,WM-SP-Monitor Arms-Defensive,96578489910990,113,0.0,215646686332728,FBA79617,B0DP32F346,0,WM-SP-Monitor Arms- Defensive,0,FBA79617,HDWF1ML,White Mulberry,Monitor Arm,Monitor Arm,
2026-06-12,0,0.0,WM-SP-Monitor Arms-Defensive,96578489910990,98,0.0,215646686332728,FBA79617,B0DP32F346,0,WM-SP-Monitor Arms- Defensive,0,FBA79617,HDWF1ML,White Mulberry,Monitor Arm,Monitor Arm,
2026-06-13,0,0.0,WM-SP-Monitor Arms-Defensive,96578489910990,118,0.0,215646686332728,FBA79617,B0DP32F346,0,WM-SP-Monitor Arms- Defensive,0,FBA79617,HDWF1ML,White Mulberry,Monitor Arm,Monitor Arm,
2026-06-14,0,0.0,WM-SP-Monitor Arms-Defensive,96578489910990,70,0.0,215646686332728,FBA79617,B0DP32F346,0,WM-SP-Monitor Arms- Defensive,0,FBA79617,HDWF1ML,White Mulberry,Monitor Arm,Monitor Arm,
2026-06-15,0,0.0,WM-SP-Monitor Arms-Defensive,96578489910990,103,0.0,215646686332728,FBA79617,B0DP32F346,0,WM-SP-Monitor Arms- Defensive,0,FBA79617,HDWF1ML,White Mulberry,Monitor Arm,Monitor Arm,
2026-06-16,0,0.0,WM-SP-Monitor Arms-Defensive,96578489910990,104,0.0,215646686332728,FBA79617,B0DP32F346,0,WM-SP-Monitor Arms- Defensive,0,FBA79617,HDWF1ML,White Mulberry,Monitor Arm,Monitor Arm,
2026-06-17,0,0.0,WM-SP-Monitor Arms-Defensive,96578489910990,90,0.0,215646686332728,FBA79617,B0DP32F346,0,WM-SP-Monitor Arms- Defensive,0,FBA79617,HDWF1ML,White Mulberry,Monitor Arm,Monitor Arm,
2026-06-18,0,0.0,WM-SP-Monitor Arms-Defensive,96578489910990,62,0.0,215646686332728,FBA79617,B0DP32F346,0,WM-SP-Monitor Arms- Defensive,0,FBA79617,HDWF1ML,White Mulberry,Monitor Arm,Monitor Arm,
2026-06-19,0,0.0,WM-SP-Monitor Arms-Defensive,96578489910990,45,0.0,215646686332728,FBA79617,B0DP32F346,0,WM-SP-Monitor Arms- Defensive,0,FBA79617,HDWF1ML,White Mulberry,Monitor Arm,Monitor Arm,
2026-06-20,0,27.58,WM-SP-Monitor Arms-Defensive,96578489910990,190,0.0,215646686332728,FBA79617,B0DP32F346,2,WM-SP-Monitor Arms- Defensive,0,FBA79617,HDWF1ML,White Mulberry,Monitor Arm,Monitor Arm,
2026-06-21,0,8.82,WM-SP-Monitor Arms-Defensive,96578489910990,159,0.0,215646686332728,FBA79617,B0DP32F346,1,WM-SP-Monitor Arms- Defensive,0,FBA79617,HDWF1ML,White Mulberry,Monitor Arm,Monitor Arm,
2026-06-01,0,90.7,WM-SP-Monitor Arms-Defensive,96578489910990,803,0.0,215646686332728,B0DP2Z5DQ9,B0DP2Z5DQ9,7,WM-SP-Monitor Arms- Defensive,0,FBA79615,VLMS1ML,White Mulberry,Monitor Arm,Monitor Arm,
2026-06-02,0,71.97,WM-SP-Monitor Arms-Defensive,96578489910990,988,0.0,215646686332728,B0DP2Z5DQ9,B0DP2Z5DQ9,7,WM-SP-Monitor Arms- Defensive,0,FBA79615,VLMS1ML,White Mulberry,Monitor Arm,Monitor Arm,
2026-06-03,0,91.95,WM-SP-Monitor Arms-Defensive,96578489910990,810,0.0,215646686332728,B0DP2Z5DQ9,B0DP2Z5DQ9,7,WM-SP-Monitor Arms- Defensive,0,FBA79615,VLMS1ML,White Mulberry,Monitor Arm,Monitor Arm,
2026-06-04,1,82.14,WM-SP-Monitor Arms-Defensive,96578489910990,743,2372.04,215646686332728,B0DP2Z5DQ9,B0DP2Z5DQ9,7,WM-SP-Monitor Arms- Defensive,1,FBA79615,VLMS1ML,White Mulberry,Monitor Arm,Monitor Arm,
2026-06-05,1,60.76,WM-SP-Monitor Arms-Defensive,96578489910990,769,2372.03,215646686332728,B0DP2Z5DQ9,B0DP2Z5DQ9,5,WM-SP-Monitor Arms- Defensive,1,FBA79615,VLMS1ML,White Mulberry,Monitor Arm,Monitor Arm,
2026-06-06,0,105.48,WM-SP-Monitor Arms-Defensive,96578489910990,1131,0.0,215646686332728,B0DP2Z5DQ9,B0DP2Z5DQ9,8,WM-SP-Monitor Arms- Defensive,0,FBA79615,VLMS1ML,White Mulberry,Monitor Arm,Monitor Arm,
2026-06-07,0,27.79,WM-SP-Monitor Arms-Defensive,96578489910990,755,0.0,215646686332728,B0DP2Z5DQ9,B0DP2Z5DQ9,2,WM-SP-Monitor Arms- Defensive,0,FBA79615,VLMS1ML,White Mulberry,Monitor Arm,Monitor Arm,
2026-06-08,0,91.51,WM-SP-Monitor Arms-Defensive,96578489910990,1199,0.0,215646686332728,B0DP2Z5DQ9,B0DP2Z5DQ9,7,WM-SP-Monitor Arms- Defensive,0,FBA79615,VLMS1ML,White Mulberry,Monitor Arm,Monitor Arm,
2026-06-09,0,24.42,WM-SP-Monitor Arms-Defensive,96578489910990,426,0.0,215646686332728,B0DP2Z5DQ9,B0DP2Z5DQ9,2,WM-SP-Monitor Arms- Defensive,0,FBA79615,VLMS1ML,White Mulberry,Monitor Arm,Monitor Arm,
2026-06-10,0,0.0,WM-SP-Monitor Arms-Defensive,96578489910990,1,0.0,215646686332728,B0DP2Z5DQ9,B0DP2Z5DQ9,0,WM-SP-Monitor Arms- Defensive,0,FBA79615,VLMS1ML,White Mulberry,Monitor Arm,Monitor Arm,
2026-06-11,0,30.74,WM-SP-Monitor Arms-Defensive,96578489910990,852,0.0,215646686332728,B0DP2Z5DQ9,B0DP2Z5DQ9,3,WM-SP-Monitor Arms- Defensive,0,FBA79615,VLMS1ML,White Mulberry,Monitor Arm,Monitor Arm,
2026-06-12,0,0.0,WM-SP-Monitor Arms-Defensive,96578489910990,7,0.0,215646686332728,B0DP2Z5DQ9,B0DP2Z5DQ9,0,WM-SP-Monitor Arms- Defensive,0,FBA79615,VLMS1ML,White Mulberry,Monitor Arm,Monitor Arm,
2026-06-13,0,0.0,WM-SP-Monitor Arms-Defensive,96578489910990,0,0.0,215646686332728,B0DP2Z5DQ9,B0DP2Z5DQ9,0,WM-SP-Monitor Arms- Defensive,0,FBA79615,VLMS1ML,White Mulberry,Monitor Arm,Monitor Arm,
2026-06-14,0,0.0,WM-SP-Monitor Arms-Defensive,96578489910990,0,0.0,215646686332728,B0DP2Z5DQ9,B0DP2Z5DQ9,0,WM-SP-Monitor Arms- Defensive,0,FBA79615,VLMS1ML,White Mulberry,Monitor Arm,Monitor Arm,
2026-06-15,0,0.0,WM-SP-Monitor Arms-Defensive,96578489910990,84,0.0,215646686332728,B0DP2Z5DQ9,B0DP2Z5DQ9,0,WM-SP-Monitor Arms- Defensive,0,FBA79615,VLMS1ML,White Mulberry,Monitor Arm,Monitor Arm,
2026-06-16,0,64.23,WM-SP-Monitor Arms-Defensive,96578489910990,732,0.0,215646686332728,B0DP2Z5DQ9,B0DP2Z5DQ9,6,WM-SP-Monitor Arms- Defensive,0,FBA79615,VLMS1ML,White Mulberry,Monitor Arm,Monitor Arm,
2026-06-17,0,39.75,WM-SP-Monitor Arms-Defensive,96578489910990,138,0.0,215646686332728,B0DP2Z5DQ9,B0DP2Z5DQ9,3,WM-SP-Monitor Arms- Defensive,0,FBA79615,VLMS1ML,White Mulberry,Monitor Arm,Monitor Arm,
2026-06-18,0,0.0,WM-SP-Monitor Arms-Defensive,96578489910990,0,0.0,215646686332728,B0DP2Z5DQ9,B0DP2Z5DQ9,0,WM-SP-Monitor Arms- Defensive,0,FBA79615,VLMS1ML,White Mulberry,Monitor Arm,Monitor Arm,
2026-06-02,0,26.26,Ad Group - 2/6/2026 19:58:56.831,94651236656906,378,0.0,30258997896387,FBKM79793,B0FN81FD8M,2,White-B0FN81FD8M-monitor arm (high price)-SP-KT-Phrase,0,FBK79793,HDGS1ML,White Mulberry,Monitor Arm,Monitor Arm,
2026-06-03,0,96.15,Ad Group - 2/6/2026 19:58:56.831,94651236656906,1238,0.0,30258997896387,FBKM79793,B0FN81FD8M,6,White-B0FN81FD8M-monitor arm (high price)-SP-KT-Phrase,0,FBK79793,HDGS1ML,White Mulberry,Monitor Arm,Monitor Arm,
2026-06-04,0,0.0,Ad Group - 2/6/2026 19:58:56.831,94651236656906,0,0.0,30258997896387,FBKM79793,B0FN81FD8M,0,White-B0FN81FD8M-monitor arm (high price)-SP-KT-Phrase,0,FBK79793,HDGS1ML,White Mulberry,Monitor Arm,Monitor Arm,
2026-06-08,0,46.97,White Mulberry-Dual Monitor Arm-B0DB5VVPSB-PT-SP,73201749380127,552,0.0,2685624180574,B0DB5VVPSB,B0DB5VVPSB,4,White Mulberry-Dual Monitor Arm-B0DB5VVPSB-PT-SP,0,FBA79477,WM-GS2M-BK,White Mulberry,Monitor Arm,Monitor Arm,
2026-06-09,0,89.96,White Mulberry-Dual Monitor Arm-B0DB5VVPSB-PT-SP,73201749380127,1347,0.0,2685624180574,B0DB5VVPSB,B0DB5VVPSB,6,White Mulberry-Dual Monitor Arm-B0DB5VVPSB-PT-SP,0,FBA79477,WM-GS2M-BK,White Mulberry,Monitor Arm,Monitor Arm,
2026-06-10,0,144.26,White Mulberry-Dual Monitor Arm-B0DB5VVPSB-PT-SP,73201749380127,1442,0.0,2685624180574,B0DB5VVPSB,B0DB5VVPSB,9,White Mulberry-Dual Monitor Arm-B0DB5VVPSB-PT-SP,0,FBA79477,WM-GS2M-BK,White Mulberry,Monitor Arm,Monitor Arm,
2026-06-11,0,169.93,White Mulberry-Dual Monitor Arm-B0DB5VVPSB-PT-SP,73201749380127,1116,0.0,2685624180574,B0DB5VVPSB,B0DB5VVPSB,10,White Mulberry-Dual Monitor Arm-B0DB5VVPSB-PT-SP,0,FBA79477,WM-GS2M-BK,White Mulberry,Monitor Arm,Monitor Arm,
2026-06-12,0,146.43,White Mulberry-Dual Monitor Arm-B0DB5VVPSB-PT-SP,73201749380127,979,0.0,2685624180574,B0DB5VVPSB,B0DB5VVPSB,8,White Mulberry-Dual Monitor Arm-B0DB5VVPSB-PT-SP,0,FBA79477,WM-GS2M-BK,White Mulberry,Monitor Arm,Monitor Arm,
2026-06-13,0,224.18,White Mulberry-Dual Monitor Arm-B0DB5VVPSB-PT-SP,73201749380127,983,0.0,2685624180574,B0DB5VVPSB,B0DB5VVPSB,12,White Mulberry-Dual Monitor Arm-B0DB5VVPSB-PT-SP,0,FBA79477,WM-GS2M-BK,White Mulberry,Monitor Arm,Monitor Arm,
2026-06-14,0,234.2,White Mulberry-Dual Monitor Arm-B0DB5VVPSB-PT-SP,73201749380127,1555,0.0,2685624180574,B0DB5VVPSB,B0DB5VVPSB,14,White Mulberry-Dual Monitor Arm-B0DB5VVPSB-PT-SP,0,FBA79477,WM-GS2M-BK,White Mulberry,Monitor Arm,Monitor Arm,
2026-06-15,0,160.41,White Mulberry-Dual Monitor Arm-B0DB5VVPSB-PT-SP,73201749380127,893,0.0,2685624180574,B0DB5VVPSB,B0DB5VVPSB,10,White Mulberry-Dual Monitor Arm-B0DB5VVPSB-PT-SP,0,FBA79477,WM-GS2M-BK,White Mulberry,Monitor Arm,Monitor Arm,
2026-06-16,0,115.18,White Mulberry-Dual Monitor Arm-B0DB5VVPSB-PT-SP,73201749380127,564,0.0,2685624180574,B0DB5VVPSB,B0DB5VVPSB,5,White Mulberry-Dual Monitor Arm-B0DB5VVPSB-PT-SP,0,FBA79477,WM-GS2M-BK,White Mulberry,Monitor Arm,Monitor Arm,
2026-06-17,1,62.96,White Mulberry-Dual Monitor Arm-B0DB5VVPSB-PT-SP,73201749380127,316,3643.22,2685624180574,B0DB5VVPSB,B0DB5VVPSB,3,White Mulberry-Dual Monitor Arm-B0DB5VVPSB-PT-SP,1,FBA79477,WM-GS2M-BK,White Mulberry,Monitor Arm,Monitor Arm,
2026-06-18,0,147.89,White Mulberry-Dual Monitor Arm-B0DB5VVPSB-PT-SP,73201749380127,216,0.0,2685624180574,B0DB5VVPSB,B0DB5VVPSB,6,White Mulberry-Dual Monitor Arm-B0DB5VVPSB-PT-SP,0,FBA79477,WM-GS2M-BK,White Mulberry,Monitor Arm,Monitor Arm,
2026-06-19,0,176.01,White Mulberry-Dual Monitor Arm-B0DB5VVPSB-PT-SP,73201749380127,338,0.0,2685624180574,B0DB5VVPSB,B0DB5VVPSB,7,White Mulberry-Dual Monitor Arm-B0DB5VVPSB-PT-SP,0,FBA79477,WM-GS2M-BK,White Mulberry,Monitor Arm,Monitor Arm,
2026-06-20,1,92.44,White Mulberry-Dual Monitor Arm-B0DB5VVPSB-PT-SP,73201749380127,234,3643.22,2685624180574,B0DB5VVPSB,B0DB5VVPSB,4,White Mulberry-Dual Monitor Arm-B0DB5VVPSB-PT-SP,1,FBA79477,WM-GS2M-BK,White Mulberry,Monitor Arm,Monitor Arm,
2026-06-21,0,20.45,White Mulberry-Dual Monitor Arm-B0DB5VVPSB-PT-SP,73201749380127,407,0.0,2685624180574,B0DB5VVPSB,B0DB5VVPSB,1,White Mulberry-Dual Monitor Arm-B0DB5VVPSB-PT-SP,0,FBA79477,WM-GS2M-BK,White Mulberry,Monitor Arm,Monitor Arm,
2026-06-08,0,12.51,White Mulberry-Dual Monitor Arm-KT-SP,73201749380127,98,0.0,242129652637965,B0DB5VVPSB,B0DB5VVPSB,1,White Mulberry-Dual Monitor Arm-B0DB5VVPSB-PT-SP,0,FBA79477,WM-GS2M-BK,White Mulberry,Monitor Arm,Monitor Arm,
2026-06-09,0,18.78,White Mulberry-Dual Monitor Arm-KT-SP,73201749380127,406,0.0,242129652637965,B0DB5VVPSB,B0DB5VVPSB,2,White Mulberry-Dual Monitor Arm-B0DB5VVPSB-PT-SP,0,FBA79477,WM-GS2M-BK,White Mulberry,Monitor Arm,Monitor Arm,
2026-06-10,0,60.89,White Mulberry-Dual Monitor Arm-KT-SP,73201749380127,423,0.0,242129652637965,B0DB5VVPSB,B0DB5VVPSB,4,White Mulberry-Dual Monitor Arm-B0DB5VVPSB-PT-SP,0,FBA79477,WM-GS2M-BK,White Mulberry,Monitor Arm,Monitor Arm,
2026-06-11,0,30.18,White Mulberry-Dual Monitor Arm-KT-SP,73201749380127,102,0.0,242129652637965,B0DB5VVPSB,B0DB5VVPSB,2,White Mulberry-Dual Monitor Arm-B0DB5VVPSB-PT-SP,0,FBA79477,WM-GS2M-BK,White Mulberry,Monitor Arm,Monitor Arm,
2026-06-12,0,52.63,White Mulberry-Dual Monitor Arm-KT-SP,73201749380127,444,0.0,242129652637965,B0DB5VVPSB,B0DB5VVPSB,3,White Mulberry-Dual Monitor Arm-B0DB5VVPSB-PT-SP,0,FBA79477,WM-GS2M-BK,White Mulberry,Monitor Arm,Monitor Arm,
2026-06-13,0,94.73,White Mulberry-Dual Monitor Arm-KT-SP,73201749380127,257,0.0,242129652637965,B0DB5VVPSB,B0DB5VVPSB,6,White Mulberry-Dual Monitor Arm-B0DB5VVPSB-PT-SP,0,FBA79477,WM-GS2M-BK,White Mulberry,Monitor Arm,Monitor Arm,
2026-06-14,0,52.9,White Mulberry-Dual Monitor Arm-KT-SP,73201749380127,295,0.0,242129652637965,B0DB5VVPSB,B0DB5VVPSB,3,White Mulberry-Dual Monitor Arm-B0DB5VVPSB-PT-SP,0,FBA79477,WM-GS2M-BK,White Mulberry,Monitor Arm,Monitor Arm,
2026-06-15,0,33.43,White Mulberry-Dual Monitor Arm-KT-SP,73201749380127,146,0.0,242129652637965,B0DB5VVPSB,B0DB5VVPSB,2,White Mulberry-Dual Monitor Arm-B0DB5VVPSB-PT-SP,0,FBA79477,WM-GS2M-BK,White Mulberry,Monitor Arm,Monitor Arm,
2026-06-16,0,81.39,White Mulberry-Dual Monitor Arm-KT-SP,73201749380127,441,0.0,242129652637965,B0DB5VVPSB,B0DB5VVPSB,5,White Mulberry-Dual Monitor Arm-B0DB5VVPSB-PT-SP,0,FBA79477,WM-GS2M-BK,White Mulberry,Monitor Arm,Monitor Arm,
2026-06-17,0,50.27,White Mulberry-Dual Monitor Arm-KT-SP,73201749380127,399,0.0,242129652637965,B0DB5VVPSB,B0DB5VVPSB,3,White Mulberry-Dual Monitor Arm-B0DB5VVPSB-PT-SP,0,FBA79477,WM-GS2M-BK,White Mulberry,Monitor Arm,Monitor Arm,
2026-06-18,0,50.05,White Mulberry-Dual Monitor Arm-KT-SP,73201749380127,387,0.0,242129652637965,B0DB5VVPSB,B0DB5VVPSB,3,White Mulberry-Dual Monitor Arm-B0DB5VVPSB-PT-SP,0,FBA79477,WM-GS2M-BK,White Mulberry,Monitor Arm,Monitor Arm,
2026-06-19,0,29.78,White Mulberry-Dual Monitor Arm-KT-SP,73201749380127,321,0.0,242129652637965,B0DB5VVPSB,B0DB5VVPSB,2,White Mulberry-Dual Monitor Arm-B0DB5VVPSB-PT-SP,0,FBA79477,WM-GS2M-BK,White Mulberry,Monitor Arm,Monitor Arm,
2026-06-20,0,100.89,White Mulberry-Dual Monitor Arm-KT-SP,73201749380127,227,0.0,242129652637965,B0DB5VVPSB,B0DB5VVPSB,6,White Mulberry-Dual Monitor Arm-B0DB5VVPSB-PT-SP,0,FBA79477,WM-GS2M-BK,White Mulberry,Monitor Arm,Monitor Arm,
2026-06-21,0,92.03,White Mulberry-Dual Monitor Arm-KT-SP,73201749380127,653,0.0,242129652637965,B0DB5VVPSB,B0DB5VVPSB,7,White Mulberry-Dual Monitor Arm-B0DB5VVPSB-PT-SP,0,FBA79477,WM-GS2M-BK,White Mulberry,Monitor Arm,Monitor Arm,
2026-06-08,0,13.92,White Mulberry Monitor Arm-B0DB5W4TCP-SP-PT,253029923589444,463,0.0,105970179136232,B0DB5W4TCP,B0DB5W4TCP,1,White Mulberry Monitor Arm-B0DB5W4TCP-SP-Phrase,0,FBA79478,WM-HA1M-BK,White Mulberry,Monitor Arm,Monitor Arm,
2026-06-09,0,45.43,White Mulberry Monitor Arm-B0DB5W4TCP-SP-PT,253029923589444,1629,0.0,105970179136232,B0DB5W4TCP,B0DB5W4TCP,3,White Mulberry Monitor Arm-B0DB5W4TCP-SP-Phrase,0,FBA79478,WM-HA1M-BK,White Mulberry,Monitor Arm,Monitor Arm,
2026-06-10,1,86.8,White Mulberry Monitor Arm-B0DB5W4TCP-SP-PT,253029923589444,2510,1450.85,105970179136232,B0DB5W4TCP,B0DB5W4TCP,6,White Mulberry Monitor Arm-B0DB5W4TCP-SP-Phrase,1,FBA79478,WM-HA1M-BK,White Mulberry,Monitor Arm,Monitor Arm,
2026-06-11,1,105.77,White Mulberry Monitor Arm-B0DB5W4TCP-SP-PT,253029923589444,3118,1694.07,105970179136232,B0DB5W4TCP,B0DB5W4TCP,7,White Mulberry Monitor Arm-B0DB5W4TCP-SP-Phrase,1,FBA79478,WM-HA1M-BK,White Mulberry,Monitor Arm,Monitor Arm,
2026-06-12,0,75.09,White Mulberry Monitor Arm-B0DB5W4TCP-SP-PT,253029923589444,2800,0.0,105970179136232,B0DB5W4TCP,B0DB5W4TCP,5,White Mulberry Monitor Arm-B0DB5W4TCP-SP-Phrase,0,FBA79478,WM-HA1M-BK,White Mulberry,Monitor Arm,Monitor Arm,
2026-06-13,0,144.47,White Mulberry Monitor Arm-B0DB5W4TCP-SP-PT,253029923589444,4627,0.0,105970179136232,B0DB5W4TCP,B0DB5W4TCP,10,White Mulberry Monitor Arm-B0DB5W4TCP-SP-Phrase,0,FBA79478,WM-HA1M-BK,White Mulberry,Monitor Arm,Monitor Arm,
2026-06-14,0,96.92,White Mulberry Monitor Arm-B0DB5W4TCP-SP-PT,253029923589444,4608,0.0,105970179136232,B0DB5W4TCP,B0DB5W4TCP,7,White Mulberry Monitor Arm-B0DB5W4TCP-SP-Phrase,0,FBA79478,WM-HA1M-BK,White Mulberry,Monitor Arm,Monitor Arm,
2026-06-15,0,103.88,White Mulberry Monitor Arm-B0DB5W4TCP-SP-PT,253029923589444,4476,0.0,105970179136232,B0DB5W4TCP,B0DB5W4TCP,9,White Mulberry Monitor Arm-B0DB5W4TCP-SP-Phrase,0,FBA79478,WM-HA1M-BK,White Mulberry,Monitor Arm,Monitor Arm,
2026-06-16,0,157.44,White Mulberry Monitor Arm-B0DB5W4TCP-SP-PT,253029923589444,3193,0.0,105970179136232,B0DB5W4TCP,B0DB5W4TCP,10,White Mulberry Monitor Arm-B0DB5W4TCP-SP-Phrase,0,FBA79478,WM-HA1M-BK,White Mulberry,Monitor Arm,Monitor Arm,
2026-06-17,0,57.93,White Mulberry Monitor Arm-B0DB5W4TCP-SP-PT,253029923589444,2757,0.0,105970179136232,B0DB5W4TCP,B0DB5W4TCP,3,White Mulberry Monitor Arm-B0DB5W4TCP-SP-Phrase,0,FBA79478,WM-HA1M-BK,White Mulberry,Monitor Arm,Monitor Arm,
2026-06-18,0,32.45,White Mulberry Monitor Arm-B0DB5W4TCP-SP-PT,253029923589444,3666,0.0,105970179136232,B0DB5W4TCP,B0DB5W4TCP,2,White Mulberry Monitor Arm-B0DB5W4TCP-SP-Phrase,0,FBA79478,WM-HA1M-BK,White Mulberry,Monitor Arm,Monitor Arm,
2026-06-19,0,126.12,White Mulberry Monitor Arm-B0DB5W4TCP-SP-PT,253029923589444,2651,0.0,105970179136232,B0DB5W4TCP,B0DB5W4TCP,8,White Mulberry Monitor Arm-B0DB5W4TCP-SP-Phrase,0,FBA79478,WM-HA1M-BK,White Mulberry,Monitor Arm,Monitor Arm,
2026-06-20,0,106.08,White Mulberry Monitor Arm-B0DB5W4TCP-SP-PT,253029923589444,2982,0.0,105970179136232,B0DB5W4TCP,B0DB5W4TCP,8,White Mulberry Monitor Arm-B0DB5W4TCP-SP-Phrase,0,FBA79478,WM-HA1M-BK,White Mulberry,Monitor Arm,Monitor Arm,
2026-06-21,0,96.07,White Mulberry Monitor Arm-B0DB5W4TCP-SP-PT,253029923589444,3925,0.0,105970179136232,B0DB5W4TCP,B0DB5W4TCP,8,White Mulberry Monitor Arm-B0DB5W4TCP-SP-Phrase,0,FBA79478,WM-HA1M-BK,White Mulberry,Monitor Arm,Monitor Arm,
2026-06-20,0,0.0,White Mulberry Monitor Arm-MultiAsin-Defense-SP,65592098747920,2,0.0,277519855892380,B0DB5VG39T,B0DB5VG39T,0,White Mulberry Monitor Arm-MultiAsin-Defense-SP,0,FBA79476,WM-GS1M-BK,White Mulberry,Monitor Arm,Monitor Arm,
2026-06-21,0,0.0,White Mulberry Monitor Arm-MultiAsin-Defense-SP,65592098747920,64,0.0,277519855892380,B0DB5VG39T,B0DB5VG39T,0,White Mulberry Monitor Arm-MultiAsin-Defense-SP,0,FBA79476,WM-GS1M-BK,White Mulberry,Monitor Arm,Monitor Arm,
2026-06-21,0,0.0,White Mulberry Monitor Arm-MultiAsin-Defense-SP,65592098747920,37,0.0,277519855892380,FBA79617,B0DP32F346,0,White Mulberry Monitor Arm-MultiAsin-Defense-SP,0,FBA79617,HDWF1ML,White Mulberry,Monitor Arm,Monitor Arm,
2026-06-21,0,26.51,White Mulberry Monitor Arm-MultiAsin-Defense-SP,65592098747920,431,0.0,277519855892380,FBA79479,B0DB5YTQZV,2,White Mulberry Monitor Arm-MultiAsin-Defense-SP,0,FBA79479,WM-HA2M-BK,White Mulberry,Monitor Arm,Monitor Arm,
2026-06-21,0,0.0,White Mulberry Monitor Arm-MultiAsin-Defense-SP,65592098747920,49,0.0,277519855892380,B0DB5VVPSB,B0DB5VVPSB,0,White Mulberry Monitor Arm-MultiAsin-Defense-SP,0,FBA79477,WM-GS2M-BK,White Mulberry,Monitor Arm,Monitor Arm,
2026-06-21,0,14.85,White Mulberry Monitor Arm-MultiAsin-Defense-SP,65592098747920,15,0.0,277519855892380,B0DB5W4TCP,B0DB5W4TCP,1,White Mulberry Monitor Arm-MultiAsin-Defense-SP,0,FBA79478,WM-HA1M-BK,White Mulberry,Monitor Arm,Monitor Arm,
2026-06-20,0,0.0,White Mulberry Monitor Arm-MultiAsin-Defense-SP,65592098747920,11,0.0,277519855892380,FBA79613,B0DP2VVRND,0,White Mulberry Monitor Arm-MultiAsin-Defense-SP,0,FBA79613,MS1ML,White Mulberry,Monitor Arm,Monitor Arm,
2026-06-21,0,108.84,White Mulberry Monitor Arm-MultiAsin-Defense-SP,65592098747920,499,0.0,277519855892380,FBA79613,B0DP2VVRND,8,White Mulberry Monitor Arm-MultiAsin-Defense-SP,0,FBA79613,MS1ML,White Mulberry,Monitor Arm,Monitor Arm,
2026-06-20,0,0.0,White Mulberry Monitor Arm-MultiAsin-Defense-SP,65592098747920,1,0.0,277519855892380,FBM79616,B0DP3194QN,0,White Mulberry Monitor Arm-MultiAsin-Defense-SP,0,FBA79616,HD1ML,White Mulberry,Monitor Arm,Monitor Arm,
2026-06-21,0,14.75,White Mulberry Monitor Arm-MultiAsin-Defense-SP,65592098747920,43,0.0,277519855892380,FBM79616,B0DP3194QN,1,White Mulberry Monitor Arm-MultiAsin-Defense-SP,0,FBA79616,HD1ML,White Mulberry,Monitor Arm,Monitor Arm,
2026-06-21,0,11.29,White Mulberry Monitor Arm-B0DB5VG39T-Defense-SP,276845342414618,98,0.0,219181757644726,B0DB5VG39T,B0DB5VG39T,1,White Mulberry Monitor Arm-B0DB5VG39T-Defense-SP,0,FBA79476,WM-GS1M-BK,White Mulberry,Monitor Arm,Monitor Arm,
2026-06-21,0,15.05,White Mulberry Monitor Arm-B0DB5VG39T-Defense-SP,276845342414618,98,0.0,219181757644726,FBA79617,B0DP32F346,1,White Mulberry Monitor Arm-B0DB5VG39T-Defense-SP,0,FBA79617,HDWF1ML,White Mulberry,Monitor Arm,Monitor Arm,
2026-06-21,0,29.05,White Mulberry Monitor Arm-B0DB5VG39T-Defense-SP,276845342414618,612,0.0,219181757644726,FBA79479,B0DB5YTQZV,2,White Mulberry Monitor Arm-B0DB5VG39T-Defense-SP,0,FBA79479,WM-HA2M-BK,White Mulberry,Monitor Arm,Monitor Arm,
2026-06-21,0,58.02,White Mulberry Monitor Arm-B0DB5VG39T-Defense-SP,276845342414618,208,0.0,219181757644726,B0DB5VVPSB,B0DB5VVPSB,4,White Mulberry Monitor Arm-B0DB5VG39T-Defense-SP,0,FBA79477,WM-GS2M-BK,White Mulberry,Monitor Arm,Monitor Arm,
2026-06-21,0,0.0,White Mulberry Monitor Arm-B0DB5VG39T-Defense-SP,276845342414618,62,0.0,219181757644726,B0DB5W4TCP,B0DB5W4TCP,0,White Mulberry Monitor Arm-B0DB5VG39T-Defense-SP,0,FBA79478,WM-HA1M-BK,White Mulberry,Monitor Arm,Monitor Arm,
2026-06-20,0,0.0,White Mulberry Monitor Arm-B0DB5VG39T-Defense-SP,276845342414618,7,0.0,219181757644726,B0DP2VVRND,B0DP2VVRND,0,White Mulberry Monitor Arm-B0DB5VG39T-Defense-SP,0,FBA79613,MS1ML,White Mulberry,Monitor Arm,Monitor Arm,
2026-06-21,1,58.99,White Mulberry Monitor Arm-B0DB5VG39T-Defense-SP,276845342414618,1001,1694.07,219181757644726,B0DP2VVRND,B0DP2VVRND,4,White Mulberry Monitor Arm-B0DB5VG39T-Defense-SP,1,FBA79613,MS1ML,White Mulberry,Monitor Arm,Monitor Arm,
2026-06-20,0,14.88,White Mulberry Monitor Arm-B0DB5VG39T-Defense-SP,276845342414618,15,0.0,219181757644726,FBA79616,B0DP3194QN,1,White Mulberry Monitor Arm-B0DB5VG39T-Defense-SP,0,FBA79616,HD1ML,White Mulberry,Monitor Arm,Monitor Arm,
2026-06-21,0,0.0,White Mulberry Monitor Arm-B0DB5VG39T-Defense-SP,276845342414618,159,0.0,219181757644726,FBA79616,B0DP3194QN,0,White Mulberry Monitor Arm-B0DB5VG39T-Defense-SP,0,FBA79616,HD1ML,White Mulberry,Monitor Arm,Monitor Arm,
2026-06-19,0,0.0,White Mulberry Monitor Arm-B0DP32F346-Phrase-SP,136954636721897,104,0.0,245683471741040,B0DP32F346,B0DP32F346,0,White Mulberry Monitor Arm-B0DP32F346-Phrase-SP,0,FBA79617,HDWF1ML,White Mulberry,Monitor Arm,Monitor Arm,
2026-06-20,0,17.05,White Mulberry Monitor Arm-B0DP32F346-Phrase-SP,136954636721897,504,0.0,245683471741040,B0DP32F346,B0DP32F346,1,White Mulberry Monitor Arm-B0DP32F346-Phrase-SP,0,FBA79617,HDWF1ML,White Mulberry,Monitor Arm,Monitor Arm,
2026-06-21,0,61.38,White Mulberry Monitor Arm-B0DP32F346-Phrase-SP,136954636721897,1435,0.0,245683471741040,B0DP32F346,B0DP32F346,4,White Mulberry Monitor Arm-B0DP32F346-Phrase-SP,0,FBA79617,HDWF1ML,White Mulberry,Monitor Arm,Monitor Arm,
2026-06-20,0,57.97,White Mulberry Monitor Arm-B0DB5VG39T-CT-SP,205361282339126,633,0.0,194396087518040,B0DB5VG39T,B0DB5VG39T,5,White Mulberry Monitor Arm-B0DB5VG39T-CT-SP,0,FBA79476,WM-GS1M-BK,White Mulberry,Monitor Arm,Monitor Arm,
2026-06-21,1,319.33,White Mulberry Monitor Arm-B0DB5VG39T-CT-SP,205361282339126,3420,2446.61,194396087518040,B0DB5VG39T,B0DB5VG39T,23,White Mulberry Monitor Arm-B0DB5VG39T-CT-SP,1,FBA79476,WM-GS1M-BK,White Mulberry,Monitor Arm,Monitor Arm,
2026-06-19,0,46.55,White Mulberry Monitor Arm-B0DP32F346-BM-SP,126344273972717,1086,0.0,153026136384120,B0DP32F346,B0DP32F346,3,White Mulberry Monitor Arm-B0DP32F346-BM-SP,0,FBA79617,HDWF1ML,White Mulberry,Monitor Arm,Monitor Arm,
2026-06-20,0,234.21,White Mulberry Monitor Arm-B0DP32F346-BM-SP,126344273972717,6673,0.0,153026136384120,B0DP32F346,B0DP32F346,15,White Mulberry Monitor Arm-B0DP32F346-BM-SP,0,FBA79617,HDWF1ML,White Mulberry,Monitor Arm,Monitor Arm,
2026-06-21,0,272.46,White Mulberry Monitor Arm-B0DP32F346-BM-SP,126344273972717,13515,0.0,153026136384120,B0DP32F346,B0DP32F346,18,White Mulberry Monitor Arm-B0DP32F346-BM-SP,0,FBA79617,HDWF1ML,White Mulberry,Monitor Arm,Monitor Arm,
2026-06-20,0,0.0,White Mulberry Monitor Arm-B0DB5VG39T-PT-SP,216525085180689,167,0.0,150715258657286,B0DB5VG39T,B0DB5VG39T,0,White Mulberry Monitor Arm-B0DB5VG39T-BM-SP,0,FBA79476,WM-GS1M-BK,White Mulberry,Monitor Arm,Monitor Arm,
2026-06-21,0,14.4,White Mulberry Monitor Arm-B0DB5VG39T-PT-SP,216525085180689,291,0.0,150715258657286,B0DB5VG39T,B0DB5VG39T,1,White Mulberry Monitor Arm-B0DB5VG39T-BM-SP,0,FBA79476,WM-GS1M-BK,White Mulberry,Monitor Arm,Monitor Arm,
2026-06-19,0,26.17,White Mulberry Monitor Arm-B0DB5VG39T-BM-SP,216525085180689,537,0.0,257525001130683,B0DB5VG39T,B0DB5VG39T,2,White Mulberry Monitor Arm-B0DB5VG39T-BM-SP,0,FBA79476,WM-GS1M-BK,White Mulberry,Monitor Arm,Monitor Arm,
2026-06-20,3,253.32,White Mulberry Monitor Arm-B0DB5VG39T-BM-SP,216525085180689,3389,6988.98,257525001130683,B0DB5VG39T,B0DB5VG39T,19,White Mulberry Monitor Arm-B0DB5VG39T-BM-SP,3,FBA79476,WM-GS1M-BK,White Mulberry,Monitor Arm,Monitor Arm,
2026-06-21,0,240.76,White Mulberry Monitor Arm-B0DB5VG39T-BM-SP,216525085180689,3596,0.0,257525001130683,B0DB5VG39T,B0DB5VG39T,18,White Mulberry Monitor Arm-B0DB5VG39T-BM-SP,0,FBA79476,WM-GS1M-BK,White Mulberry,Monitor Arm,Monitor Arm,
2026-06-20,0,0.0,White Mulberry Monitor Arm-B0DP32F346-PT-SP,19074646583079,6,0.0,19862103065449,B0DP32F346,B0DP32F346,0,White Mulberry Monitor Arm-B0DP32F346-PT-SP,0,FBA79617,HDWF1ML,White Mulberry,Monitor Arm,Monitor Arm,
2026-06-21,0,0.0,White Mulberry Monitor Arm-B0DP32F346-PT-SP,19074646583079,110,0.0,19862103065449,B0DP32F346,B0DP32F346,0,White Mulberry Monitor Arm-B0DP32F346-PT-SP,0,FBA79617,HDWF1ML,White Mulberry,Monitor Arm,Monitor Arm,
2026-06-22,0,160.77,SP AT_Monitor Arm,351358093777691,1059,0.0,331174861715873,B0DB5VG39T,B0DB5VG39T,9,WM-SP- Monitor Arms- Multi Asins - AT,0,FBA79476,WM-GS1M-BK,White Mulberry,Monitor Arm,Monitor Arm,
2026-06-23,0,124.1,SP AT_Monitor Arm,351358093777691,1008,0.0,331174861715873,B0DB5VG39T,B0DB5VG39T,6,WM-SP- Monitor Arms- Multi Asins - AT,0,FBA79476,WM-GS1M-BK,White Mulberry,Monitor Arm,Monitor Arm,
2026-06-24,0,0.0,SP AT_Monitor Arm,351358093777691,0,0.0,331174861715873,B0DB5VG39T,B0DB5VG39T,0,WM-SP- Monitor Arms- Multi Asins - AT,0,FBA79476,WM-GS1M-BK,White Mulberry,Monitor Arm,Monitor Arm,
2026-06-26,0,0.0,SP AT_Monitor Arm,351358093777691,0,0.0,331174861715873,B0DB5VG39T,B0DB5VG39T,0,WM-SP- Monitor Arms- Multi Asins - AT,0,FBA79476,WM-GS1M-BK,White Mulberry,Monitor Arm,Monitor Arm,
2026-06-28,0,0.0,SP AT_Monitor Arm,351358093777691,0,0.0,331174861715873,B0DB5VG39T,B0DB5VG39T,0,WM-SP- Monitor Arms- Multi Asins - AT,0,FBA79476,WM-GS1M-BK,White Mulberry,Monitor Arm,Monitor Arm,
2026-06-30,0,0.0,SP AT_Monitor Arm,351358093777691,0,0.0,331174861715873,B0DB5VG39T,B0DB5VG39T,0,WM-SP- Monitor Arms- Multi Asins - AT,0,FBA79476,WM-GS1M-BK,White Mulberry,Monitor Arm,Monitor Arm,
2026-06-22,0,118.83,SP AT_Monitor Arm,351358093777691,2378,0.0,331174861715873,B0DP2VVRND,B0DP2VVRND,7,WM-SP- Monitor Arms- Multi Asins - AT,0,FBA79613,MS1ML,White Mulberry,Monitor Arm,Monitor Arm,
2026-06-23,0,164.61,SP AT_Monitor Arm,351358093777691,1424,0.0,331174861715873,B0DP2VVRND,B0DP2VVRND,8,WM-SP- Monitor Arms- Multi Asins - AT,0,FBA79613,MS1ML,White Mulberry,Monitor Arm,Monitor Arm,
2026-06-24,0,0.0,SP AT_Monitor Arm,351358093777691,0,0.0,331174861715873,B0DP2VVRND,B0DP2VVRND,0,WM-SP- Monitor Arms- Multi Asins - AT,0,FBA79613,MS1ML,White Mulberry,Monitor Arm,Monitor Arm,
2026-06-25,0,0.0,SP AT_Monitor Arm,351358093777691,0,0.0,331174861715873,B0DP2VVRND,B0DP2VVRND,0,WM-SP- Monitor Arms- Multi Asins - AT,0,FBA79613,MS1ML,White Mulberry,Monitor Arm,Monitor Arm,
2026-06-27,0,0.0,SP AT_Monitor Arm,351358093777691,0,0.0,331174861715873,B0DP2VVRND,B0DP2VVRND,0,WM-SP- Monitor Arms- Multi Asins - AT,0,FBA79613,MS1ML,White Mulberry,Monitor Arm,Monitor Arm,
2026-06-28,0,0.0,SP AT_Monitor Arm,351358093777691,0,0.0,331174861715873,B0DP2VVRND,B0DP2VVRND,0,WM-SP- Monitor Arms- Multi Asins - AT,0,FBA79613,MS1ML,White Mulberry,Monitor Arm,Monitor Arm,
2026-06-29,0,0.0,SP AT_Monitor Arm,351358093777691,0,0.0,331174861715873,B0DP2VVRND,B0DP2VVRND,0,WM-SP- Monitor Arms- Multi Asins - AT,0,FBA79613,MS1ML,White Mulberry,Monitor Arm,Monitor Arm,
2026-06-30,0,0.0,SP AT_Monitor Arm,351358093777691,0,0.0,331174861715873,B0DP2VVRND,B0DP2VVRND,0,WM-SP- Monitor Arms- Multi Asins - AT,0,FBA79613,MS1ML,White Mulberry,Monitor Arm,Monitor Arm,
2026-06-22,0,370.42,SP KT_Monitor Arm,357248461466975,6474,0.0,330001425422235,B0DB5VG39T,B0DB5VG39T,15,WM-SP-Gas Spring -Multi Asins- Phrase & Exact,0,FBA79476,WM-GS1M-BK,White Mulberry,Monitor Arm,Monitor Arm,
2026-06-23,1,329.64,SP KT_Monitor Arm,357248461466975,11248,2329.66,330001425422235,B0DB5VG39T,B0DB5VG39T,14,WM-SP-Gas Spring -Multi Asins- Phrase & Exact,1,FBA79476,WM-GS1M-BK,White Mulberry,Monitor Arm,Monitor Arm,
2026-06-24,0,368.54,SP KT_Monitor Arm,357248461466975,10119,0.0,330001425422235,B0DB5VG39T,B0DB5VG39T,17,WM-SP-Gas Spring -Multi Asins- Phrase & Exact,0,FBA79476,WM-GS1M-BK,White Mulberry,Monitor Arm,Monitor Arm,
2026-06-25,0,303.44,SP KT_Monitor Arm,357248461466975,7117,0.0,330001425422235,B0DB5VG39T,B0DB5VG39T,15,WM-SP-Gas Spring -Multi Asins- Phrase & Exact,0,FBA79476,WM-GS1M-BK,White Mulberry,Monitor Arm,Monitor Arm,
2026-06-26,0,0.0,SP KT_Monitor Arm,357248461466975,0,0.0,330001425422235,B0DB5VG39T,B0DB5VG39T,0,WM-SP-Gas Spring -Multi Asins- Phrase & Exact,0,FBA79476,WM-GS1M-BK,White Mulberry,Monitor Arm,Monitor Arm,
2026-06-27,0,0.0,SP KT_Monitor Arm,357248461466975,0,0.0,330001425422235,B0DB5VG39T,B0DB5VG39T,0,WM-SP-Gas Spring -Multi Asins- Phrase & Exact,0,FBA79476,WM-GS1M-BK,White Mulberry,Monitor Arm,Monitor Arm,
2026-06-29,0,0.0,SP KT_Monitor Arm,357248461466975,0,0.0,330001425422235,B0DB5VG39T,B0DB5VG39T,0,WM-SP-Gas Spring -Multi Asins- Phrase & Exact,0,FBA79476,WM-GS1M-BK,White Mulberry,Monitor Arm,Monitor Arm,
2026-06-30,0,0.0,SP KT_Monitor Arm,357248461466975,0,0.0,330001425422235,B0DB5VG39T,B0DB5VG39T,0,WM-SP-Gas Spring -Multi Asins- Phrase & Exact,0,FBA79476,WM-GS1M-BK,White Mulberry,Monitor Arm,Monitor Arm,
2026-06-22,0,98.03,CT,333944346920350,789,0.0,445621266644991,B0DB5W4TCP,B0DB5W4TCP,5,WM-SP- Monitor Arms-  B0DP32F346  - CT,0,FBA79478,WM-HA1M-BK,White Mulberry,Monitor Arm,Monitor Arm,
2026-06-23,0,51.81,CT,333944346920350,477,0.0,445621266644991,B0DB5W4TCP,B0DB5W4TCP,3,WM-SP- Monitor Arms-  B0DP32F346  - CT,0,FBA79478,WM-HA1M-BK,White Mulberry,Monitor Arm,Monitor Arm,
2026-06-24,0,145.44,CT,333944346920350,710,0.0,445621266644991,B0DB5W4TCP,B0DB5W4TCP,7,WM-SP- Monitor Arms-  B0DP32F346  - CT,0,FBA79478,WM-HA1M-BK,White Mulberry,Monitor Arm,Monitor Arm,
2026-06-25,0,90.28,CT,333944346920350,733,0.0,445621266644991,B0DB5W4TCP,B0DB5W4TCP,5,WM-SP- Monitor Arms-  B0DP32F346  - CT,0,FBA79478,WM-HA1M-BK,White Mulberry,Monitor Arm,Monitor Arm,
2026-06-26,0,0.0,CT,333944346920350,0,0.0,445621266644991,B0DB5W4TCP,B0DB5W4TCP,0,WM-SP- Monitor Arms-  B0DP32F346  - CT,0,FBA79478,WM-HA1M-BK,White Mulberry,Monitor Arm,Monitor Arm,
2026-06-27,0,0.0,CT,333944346920350,0,0.0,445621266644991,B0DB5W4TCP,B0DB5W4TCP,0,WM-SP- Monitor Arms-  B0DP32F346  - CT,0,FBA79478,WM-HA1M-BK,White Mulberry,Monitor Arm,Monitor Arm,
2026-06-28,0,0.0,CT,333944346920350,0,0.0,445621266644991,B0DB5W4TCP,B0DB5W4TCP,0,WM-SP- Monitor Arms-  B0DP32F346  - CT,0,FBA79478,WM-HA1M-BK,White Mulberry,Monitor Arm,Monitor Arm,
2026-06-29,0,0.0,CT,333944346920350,0,0.0,445621266644991,B0DB5W4TCP,B0DB5W4TCP,0,WM-SP- Monitor Arms-  B0DP32F346  - CT,0,FBA79478,WM-HA1M-BK,White Mulberry,Monitor Arm,Monitor Arm,
2026-06-30,0,0.0,CT,333944346920350,0,0.0,445621266644991,B0DB5W4TCP,B0DB5W4TCP,0,WM-SP- Monitor Arms-  B0DP32F346  - CT,0,FBA79478,WM-HA1M-BK,White Mulberry,Monitor Arm,Monitor Arm,
2026-06-22,0,54.79,CT,333944346920350,590,0.0,445621266644991,FBA79617,B0DP32F346,2,WM-SP- Monitor Arms-  B0DP32F346  - CT,0,FBA79617,HDWF1ML,White Mulberry,Monitor Arm,Monitor Arm,
2026-06-23,0,15.5,CT,333944346920350,313,0.0,445621266644991,FBA79617,B0DP32F346,1,WM-SP- Monitor Arms-  B0DP32F346  - CT,0,FBA79617,HDWF1ML,White Mulberry,Monitor Arm,Monitor Arm,
2026-06-24,1,140.17,CT,333944346920350,666,3643.22,445621266644991,FBA79617,B0DP32F346,7,WM-SP- Monitor Arms-  B0DP32F346  - CT,1,FBA79617,HDWF1ML,White Mulberry,Monitor Arm,Monitor Arm,
2026-06-25,0,142.33,CT,333944346920350,995,0.0,445621266644991,FBA79617,B0DP32F346,7,WM-SP- Monitor Arms-  B0DP32F346  - CT,0,FBA79617,HDWF1ML,White Mulberry,Monitor Arm,Monitor Arm,
2026-06-26,0,95.58,CT,333944346920350,1052,0.0,445621266644991,FBA79617,B0DP32F346,5,WM-SP- Monitor Arms-  B0DP32F346  - CT,0,FBA79617,HDWF1ML,White Mulberry,Monitor Arm,Monitor Arm,
2026-06-27,0,316.81,CT,333944346920350,3078,0.0,445621266644991,FBA79617,B0DP32F346,17,WM-SP- Monitor Arms-  B0DP32F346  - CT,0,FBA79617,HDWF1ML,White Mulberry,Monitor Arm,Monitor Arm,
2026-06-28,1,318.28,CT,333944346920350,3190,2626.27,445621266644991,FBA79617,B0DP32F346,17,WM-SP- Monitor Arms-  B0DP32F346  - CT,1,FBA79617,HDWF1ML,White Mulberry,Monitor Arm,Monitor Arm,
2026-06-29,0,457.27,CT,333944346920350,4162,0.0,445621266644991,FBA79617,B0DP32F346,27,WM-SP- Monitor Arms-  B0DP32F346  - CT,0,FBA79617,HDWF1ML,White Mulberry,Monitor Arm,Monitor Arm,
2026-06-30,0,357.29,CT,333944346920350,4678,0.0,445621266644991,FBA79617,B0DP32F346,20,WM-SP- Monitor Arms-  B0DP32F346  - CT,0,FBA79617,HDWF1ML,White Mulberry,Monitor Arm,Monitor Arm,
2026-06-22,1,104.04,CT,333944346920350,1322,1694.07,445621266644991,B0DP2VVRND,B0DP2VVRND,6,WM-SP- Monitor Arms-  B0DP32F346  - CT,1,FBA79613,MS1ML,White Mulberry,Monitor Arm,Monitor Arm,
2026-06-23,0,170.58,CT,333944346920350,953,0.0,445621266644991,B0DP2VVRND,B0DP2VVRND,9,WM-SP- Monitor Arms-  B0DP32F346  - CT,0,FBA79613,MS1ML,White Mulberry,Monitor Arm,Monitor Arm,
2026-06-24,0,24.69,CT,333944346920350,413,0.0,445621266644991,B0DP2VVRND,B0DP2VVRND,1,WM-SP- Monitor Arms-  B0DP32F346  - CT,0,FBA79613,MS1ML,White Mulberry,Monitor Arm,Monitor Arm,
2026-06-25,0,85.56,CT,333944346920350,833,0.0,445621266644991,B0DP2VVRND,B0DP2VVRND,5,WM-SP- Monitor Arms-  B0DP32F346  - CT,0,FBA79613,MS1ML,White Mulberry,Monitor Arm,Monitor Arm,
2026-06-27,0,0.0,CT,333944346920350,0,0.0,445621266644991,B0DP2VVRND,B0DP2VVRND,0,WM-SP- Monitor Arms-  B0DP32F346  - CT,0,FBA79613,MS1ML,White Mulberry,Monitor Arm,Monitor Arm,
2026-06-22,0,178.1,EX & PH,346981797802055,1628,0.0,542750015603942,FBA79617,B0DP32F346,7,WM-SP- Premium Monitor Arms- Multi Asins -Phrase,0,FBA79617,HDWF1ML,White Mulberry,Monitor Arm,Monitor Arm,
2026-06-23,2,300.92,EX & PH,346981797802055,2288,4939.83,542750015603942,FBA79617,B0DP32F346,11,WM-SP- Premium Monitor Arms- Multi Asins -Phrase,2,FBA79617,HDWF1ML,White Mulberry,Monitor Arm,Monitor Arm,
2026-06-24,0,308.97,EX & PH,346981797802055,1269,0.0,542750015603942,FBA79617,B0DP32F346,10,WM-SP- Premium Monitor Arms- Multi Asins -Phrase,0,FBA79617,HDWF1ML,White Mulberry,Monitor Arm,Monitor Arm,
2026-06-25,0,233.01,EX & PH,346981797802055,2884,0.0,542750015603942,FBA79617,B0DP32F346,9,WM-SP- Premium Monitor Arms- Multi Asins -Phrase,0,FBA79617,HDWF1ML,White Mulberry,Monitor Arm,Monitor Arm,
2026-06-26,1,195.1,EX & PH,346981797802055,3463,2626.27,542750015603942,FBA79617,B0DP32F346,8,WM-SP- Premium Monitor Arms- Multi Asins -Phrase,1,FBA79617,HDWF1ML,White Mulberry,Monitor Arm,Monitor Arm,
2026-06-27,0,239.78,EX & PH,346981797802055,2287,0.0,542750015603942,FBA79617,B0DP32F346,10,WM-SP- Premium Monitor Arms- Multi Asins -Phrase,0,FBA79617,HDWF1ML,White Mulberry,Monitor Arm,Monitor Arm,
2026-06-28,0,251.53,EX & PH,346981797802055,902,0.0,542750015603942,FBA79617,B0DP32F346,9,WM-SP- Premium Monitor Arms- Multi Asins -Phrase,0,FBA79617,HDWF1ML,White Mulberry,Monitor Arm,Monitor Arm,
2026-06-29,1,269.56,EX & PH,346981797802055,2371,2626.27,542750015603942,FBA79617,B0DP32F346,10,WM-SP- Premium Monitor Arms- Multi Asins -Phrase,1,FBA79617,HDWF1ML,White Mulberry,Monitor Arm,Monitor Arm,
2026-06-30,0,258.71,EX & PH,346981797802055,2422,0.0,542750015603942,FBA79617,B0DP32F346,12,WM-SP- Premium Monitor Arms- Multi Asins -Phrase,0,FBA79617,HDWF1ML,White Mulberry,Monitor Arm,Monitor Arm,
2026-06-22,0,26.06,EX & PH,346981797802055,678,0.0,542750015603942,FBA79616,B0DP3194QN,1,WM-SP- Premium Monitor Arms- Multi Asins -Phrase,0,FBA79616,HD1ML,White Mulberry,Monitor Arm,Monitor Arm,
2026-06-23,0,0.0,EX & PH,346981797802055,534,0.0,542750015603942,FBA79616,B0DP3194QN,0,WM-SP- Premium Monitor Arms- Multi Asins -Phrase,0,FBA79616,HD1ML,White Mulberry,Monitor Arm,Monitor Arm,
2026-06-22,0,0.0,SP KT_Monitor Arm Stand,553840653829223,0,0.0,450019521351105,B0DP2Z5DQ9,B0DP2Z5DQ9,0,WM-SP-Monitor Stand-B0DP2Z5DQ9 -Phrase,0,FBA79615,VLMS1ML,White Mulberry,Monitor Arm,Monitor Arm,
2026-06-25,0,0.0,SP KT_Monitor Arm Stand,553840653829223,0,0.0,450019521351105,B0DP2Z5DQ9,B0DP2Z5DQ9,0,WM-SP-Monitor Stand-B0DP2Z5DQ9 -Phrase,0,FBA79615,VLMS1ML,White Mulberry,Monitor Arm,Monitor Arm,
2026-06-22,0,233.95,SP KT_Monitor Arm Stand,553840653829223,1545,0.0,450019521351105,B0DP2VVRND,B0DP2VVRND,10,WM-SP-Monitor Stand-B0DP2Z5DQ9 -Phrase,0,FBA79613,MS1ML,White Mulberry,Monitor Arm,Monitor Arm,
2026-06-23,0,238.53,SP KT_Monitor Arm Stand,553840653829223,1508,0.0,450019521351105,B0DP2VVRND,B0DP2VVRND,11,WM-SP-Monitor Stand-B0DP2Z5DQ9 -Phrase,0,FBA79613,MS1ML,White Mulberry,Monitor Arm,Monitor Arm,
2026-06-24,0,240.83,SP KT_Monitor Arm Stand,553840653829223,6690,0.0,450019521351105,B0DP2VVRND,B0DP2VVRND,9,WM-SP-Monitor Stand-B0DP2Z5DQ9 -Phrase,0,FBA79613,MS1ML,White Mulberry,Monitor Arm,Monitor Arm,
2026-06-25,0,229.4,SP KT_Monitor Arm Stand,553840653829223,1692,0.0,450019521351105,B0DP2VVRND,B0DP2VVRND,7,WM-SP-Monitor Stand-B0DP2Z5DQ9 -Phrase,0,FBA79613,MS1ML,White Mulberry,Monitor Arm,Monitor Arm,
2026-06-26,0,0.0,SP KT_Monitor Arm Stand,553840653829223,0,0.0,450019521351105,B0DP2VVRND,B0DP2VVRND,0,WM-SP-Monitor Stand-B0DP2Z5DQ9 -Phrase,0,FBA79613,MS1ML,White Mulberry,Monitor Arm,Monitor Arm,
2026-06-27,0,0.0,SP KT_Monitor Arm Stand,553840653829223,0,0.0,450019521351105,B0DP2VVRND,B0DP2VVRND,0,WM-SP-Monitor Stand-B0DP2Z5DQ9 -Phrase,0,FBA79613,MS1ML,White Mulberry,Monitor Arm,Monitor Arm,
2026-06-28,0,0.0,SP KT_Monitor Arm Stand,553840653829223,0,0.0,450019521351105,B0DP2VVRND,B0DP2VVRND,0,WM-SP-Monitor Stand-B0DP2Z5DQ9 -Phrase,0,FBA79613,MS1ML,White Mulberry,Monitor Arm,Monitor Arm,
2026-06-29,0,232.53,SP KT_Monitor Arm Stand,553840653829223,1025,0.0,450019521351105,B0DP2VVRND,B0DP2VVRND,12,WM-SP-Monitor Stand-B0DP2Z5DQ9 -Phrase,0,FBA79613,MS1ML,White Mulberry,Monitor Arm,Monitor Arm,
2026-06-30,0,196.11,SP KT_Monitor Arm Stand,553840653829223,851,0.0,450019521351105,B0DP2VVRND,B0DP2VVRND,6,WM-SP-Monitor Stand-B0DP2Z5DQ9 -Phrase,0,FBA79613,MS1ML,White Mulberry,Monitor Arm,Monitor Arm,
2026-06-22,2,309.65,SP PT_Monitor Arm,366899319331204,1902,4987.29,335699046583289,B0DB5VG39T,B0DB5VG39T,10,WM-SP-Gas Spring MA- B0DB5VG39T- PT,2,FBA79476,WM-GS1M-BK,White Mulberry,Monitor Arm,Monitor Arm,
2026-06-23,0,242.02,SP PT_Monitor Arm,366899319331204,1648,0.0,335699046583289,B0DB5VG39T,B0DB5VG39T,6,WM-SP-Gas Spring MA- B0DB5VG39T- PT,0,FBA79476,WM-GS1M-BK,White Mulberry,Monitor Arm,Monitor Arm,
2026-06-24,1,331.36,SP PT_Monitor Arm,366899319331204,906,1450.85,335699046583289,B0DB5VG39T,B0DB5VG39T,11,WM-SP-Gas Spring MA- B0DB5VG39T- PT,1,FBA79476,WM-GS1M-BK,White Mulberry,Monitor Arm,Monitor Arm,
2026-06-25,0,171.87,SP PT_Monitor Arm,366899319331204,770,0.0,335699046583289,B0DB5VG39T,B0DB5VG39T,6,WM-SP-Gas Spring MA- B0DB5VG39T- PT,0,FBA79476,WM-GS1M-BK,White Mulberry,Monitor Arm,Monitor Arm,
2026-06-26,1,129.28,SP PT_Monitor Arm,366899319331204,430,1524.58,335699046583289,B0DB5VG39T,B0DB5VG39T,5,WM-SP-Gas Spring MA- B0DB5VG39T- PT,1,FBA79476,WM-GS1M-BK,White Mulberry,Monitor Arm,Monitor Arm,
2026-06-27,0,178.69,SP PT_Monitor Arm,366899319331204,535,0.0,335699046583289,B0DB5VG39T,B0DB5VG39T,6,WM-SP-Gas Spring MA- B0DB5VG39T- PT,0,FBA79476,WM-GS1M-BK,White Mulberry,Monitor Arm,Monitor Arm,
2026-06-28,0,146.38,SP PT_Monitor Arm,366899319331204,728,0.0,335699046583289,B0DB5VG39T,B0DB5VG39T,5,WM-SP-Gas Spring MA- B0DB5VG39T- PT,0,FBA79476,WM-GS1M-BK,White Mulberry,Monitor Arm,Monitor Arm,
2026-06-29,1,300.79,SP PT_Monitor Arm,366899319331204,721,2329.66,335699046583289,B0DB5VG39T,B0DB5VG39T,11,WM-SP-Gas Spring MA- B0DB5VG39T- PT,1,FBA79476,WM-GS1M-BK,White Mulberry,Monitor Arm,Monitor Arm,
2026-06-30,2,447.49,SP PT_Monitor Arm,366899319331204,1762,4618.64,335699046583289,B0DB5VG39T,B0DB5VG39T,15,WM-SP-Gas Spring MA- B0DB5VG39T- PT,2,FBA79476,WM-GS1M-BK,White Mulberry,Monitor Arm,Monitor Arm,
2026-06-23,0,0.0,SP PT_Monitor Arm,366899319331204,0,0.0,335699046583289,B0DB5VVPSB,B0DB5VVPSB,0,WM-SP-Gas Spring MA- B0DB5VG39T- PT,0,FBA79477,WM-GS2M-BK,White Mulberry,Monitor Arm,Monitor Arm,
2026-06-25,0,0.0,SP PT_Monitor Arm,366899319331204,0,0.0,335699046583289,B0DB5VVPSB,B0DB5VVPSB,0,WM-SP-Gas Spring MA- B0DB5VG39T- PT,0,FBA79477,WM-GS2M-BK,White Mulberry,Monitor Arm,Monitor Arm,
2026-06-22,1,197.59,PT,551718651462342,655,1694.07,468603991229425,B0DP2VVRND,B0DP2VVRND,13,WM-SP-Monitor Stand-B0DP2VVRND - PT,1,FBA79613,MS1ML,White Mulberry,Monitor Arm,Monitor Arm,
2026-06-23,2,207.46,PT,551718651462342,546,3430.51,468603991229425,B0DP2VVRND,B0DP2VVRND,12,WM-SP-Monitor Stand-B0DP2VVRND - PT,2,FBA79613,MS1ML,White Mulberry,Monitor Arm,Monitor Arm,
2026-06-24,0,162.54,PT,551718651462342,885,0.0,468603991229425,B0DP2VVRND,B0DP2VVRND,8,WM-SP-Monitor Stand-B0DP2VVRND - PT,0,FBA79613,MS1ML,White Mulberry,Monitor Arm,Monitor Arm,
2026-06-25,0,266.49,PT,551718651462342,837,0.0,468603991229425,B0DP2VVRND,B0DP2VVRND,17,WM-SP-Monitor Stand-B0DP2VVRND - PT,0,FBA79613,MS1ML,White Mulberry,Monitor Arm,Monitor Arm,
2026-06-26,2,124.95,PT,551718651462342,1060,3430.51,468603991229425,B0DP2VVRND,B0DP2VVRND,10,WM-SP-Monitor Stand-B0DP2VVRND - PT,2,FBA79613,MS1ML,White Mulberry,Monitor Arm,Monitor Arm,
2026-06-27,1,316.09,PT,551718651462342,1242,1694.06,468603991229425,B0DP2VVRND,B0DP2VVRND,21,WM-SP-Monitor Stand-B0DP2VVRND - PT,1,FBA79613,MS1ML,White Mulberry,Monitor Arm,Monitor Arm,
2026-06-28,0,326.62,PT,551718651462342,1112,0.0,468603991229425,B0DP2VVRND,B0DP2VVRND,20,WM-SP-Monitor Stand-B0DP2VVRND - PT,0,FBA79613,MS1ML,White Mulberry,Monitor Arm,Monitor Arm,
2026-06-29,1,145.49,PT,551718651462342,814,1694.07,468603991229425,B0DP2VVRND,B0DP2VVRND,12,WM-SP-Monitor Stand-B0DP2VVRND - PT,1,FBA79613,MS1ML,White Mulberry,Monitor Arm,Monitor Arm,
2026-06-30,3,301.87,PT,551718651462342,545,5039.83,468603991229425,B0DP2VVRND,B0DP2VVRND,16,WM-SP-Monitor Stand-B0DP2VVRND - PT,3,FBA79613,MS1ML,White Mulberry,Monitor Arm,Monitor Arm,
2026-06-22,0,32.03,PT,350911962574007,237,0.0,346786782688079,FBA79617,B0DP32F346,1,WM- SP- Wooden Arm- B0DP32F346- PT,0,FBA79617,HDWF1ML,White Mulberry,Monitor Arm,Monitor Arm,
2026-06-23,0,91.79,PT,350911962574007,246,0.0,346786782688079,FBA79617,B0DP32F346,2,WM- SP- Wooden Arm- B0DP32F346- PT,0,FBA79617,HDWF1ML,White Mulberry,Monitor Arm,Monitor Arm,
2026-06-24,0,38.43,PT,350911962574007,296,0.0,346786782688079,FBA79617,B0DP32F346,1,WM- SP- Wooden Arm- B0DP32F346- PT,0,FBA79617,HDWF1ML,White Mulberry,Monitor Arm,Monitor Arm,
2026-06-25,2,36.44,PT,350911962574007,285,4659.32,346786782688079,FBA79617,B0DP32F346,1,WM- SP- Wooden Arm- B0DP32F346- PT,2,FBA79617,HDWF1ML,White Mulberry,Monitor Arm,Monitor Arm,
2026-06-26,0,204.78,PT,350911962574007,585,0.0,346786782688079,FBA79617,B0DP32F346,6,WM- SP- Wooden Arm- B0DP32F346- PT,0,FBA79617,HDWF1ML,White Mulberry,Monitor Arm,Monitor Arm,
2026-06-27,0,206.9,PT,350911962574007,552,0.0,346786782688079,FBA79617,B0DP32F346,5,WM- SP- Wooden Arm- B0DP32F346- PT,0,FBA79617,HDWF1ML,White Mulberry,Monitor Arm,Monitor Arm,
2026-06-28,1,206.04,PT,350911962574007,1012,2626.27,346786782688079,FBA79617,B0DP32F346,8,WM- SP- Wooden Arm- B0DP32F346- PT,1,FBA79617,HDWF1ML,White Mulberry,Monitor Arm,Monitor Arm,
2026-06-29,0,265.37,PT,350911962574007,1365,0.0,346786782688079,FBA79617,B0DP32F346,8,WM- SP- Wooden Arm- B0DP32F346- PT,0,FBA79617,HDWF1ML,White Mulberry,Monitor Arm,Monitor Arm,
2026-06-30,1,206.35,PT,350911962574007,1704,2329.66,346786782688079,FBA79617,B0DP32F346,8,WM- SP- Wooden Arm- B0DP32F346- PT,1,FBA79617,HDWF1ML,White Mulberry,Monitor Arm,Monitor Arm,
2026-06-22,2,197.86,SP CT_TV Wall Mount,318979632187767,1663,981.36,320679984977381,FBK79789,B0FN4DSQ6P,12,WM-SP-TV Brackets- Multi Asins- CT,2,FBK79789,TVMF1ML,White Mulberry,Monitor Arm,TV Wall Mount,
2026-06-23,0,185.8,SP CT_TV Wall Mount,318979632187767,988,0.0,320679984977381,FBK79789,B0FN4DSQ6P,10,WM-SP-TV Brackets- Multi Asins- CT,0,FBK79789,TVMF1ML,White Mulberry,Monitor Arm,TV Wall Mount,
2026-06-24,0,157.66,SP CT_TV Wall Mount,318979632187767,2246,0.0,320679984977381,FBK79789,B0FN4DSQ6P,9,WM-SP-TV Brackets- Multi Asins- CT,0,FBK79789,TVMF1ML,White Mulberry,Monitor Arm,TV Wall Mount,
2026-06-25,0,199.81,SP CT_TV Wall Mount,318979632187767,1887,0.0,320679984977381,FBK79789,B0FN4DSQ6P,11,WM-SP-TV Brackets- Multi Asins- CT,0,FBK79789,TVMF1ML,White Mulberry,Monitor Arm,TV Wall Mount,
2026-06-26,2,103.77,SP CT_TV Wall Mount,318979632187767,2744,981.36,320679984977381,FBK79789,B0FN4DSQ6P,6,WM-SP-TV Brackets- Multi Asins- CT,2,FBK79789,TVMF1ML,White Mulberry,Monitor Arm,TV Wall Mount,
2026-06-27,2,259.47,SP CT_TV Wall Mount,318979632187767,2473,981.36,320679984977381,FBK79789,B0FN4DSQ6P,13,WM-SP-TV Brackets- Multi Asins- CT,2,FBK79789,TVMF1ML,White Mulberry,Monitor Arm,TV Wall Mount,
2026-06-28,1,226.44,SP CT_TV Wall Mount,318979632187767,1250,490.68,320679984977381,FBK79789,B0FN4DSQ6P,11,WM-SP-TV Brackets- Multi Asins- CT,1,FBK79789,TVMF1ML,White Mulberry,Monitor Arm,TV Wall Mount,
2026-06-29,1,137.28,SP CT_TV Wall Mount,318979632187767,2358,490.68,320679984977381,FBK79789,B0FN4DSQ6P,8,WM-SP-TV Brackets- Multi Asins- CT,1,FBK79789,TVMF1ML,White Mulberry,Monitor Arm,TV Wall Mount,
2026-06-30,1,312.57,SP CT_TV Wall Mount,318979632187767,3382,490.68,320679984977381,FBK79789,B0FN4DSQ6P,15,WM-SP-TV Brackets- Multi Asins- CT,1,FBK79789,TVMF1ML,White Mulberry,Monitor Arm,TV Wall Mount,
2026-06-22,0,197.83,SP PT_TV Wall Mount,402084441383247,91,0.0,433564641482557,FBK79789,B0FN4DSQ6P,4,WM-SP-TV Brackets- Multi Asins- PT,0,FBK79789,TVMF1ML,White Mulberry,Monitor Arm,TV Wall Mount,
2026-06-23,0,207.1,SP PT_TV Wall Mount,402084441383247,317,0.0,433564641482557,FBK79789,B0FN4DSQ6P,5,WM-SP-TV Brackets- Multi Asins- PT,0,FBK79789,TVMF1ML,White Mulberry,Monitor Arm,TV Wall Mount,
2026-06-24,0,0.0,SP PT_TV Wall Mount,402084441383247,0,0.0,433564641482557,FBK79789,B0FN4DSQ6P,0,WM-SP-TV Brackets- Multi Asins- PT,0,FBK79789,TVMF1ML,White Mulberry,Monitor Arm,TV Wall Mount,
2026-06-25,1,186.61,SP PT_TV Wall Mount,402084441383247,528,490.68,433564641482557,FBK79789,B0FN4DSQ6P,8,WM-SP-TV Brackets- Multi Asins- PT,1,FBK79789,TVMF1ML,White Mulberry,Monitor Arm,TV Wall Mount,
2026-06-26,1,145.86,SP PT_TV Wall Mount,402084441383247,477,490.68,433564641482557,FBK79789,B0FN4DSQ6P,4,WM-SP-TV Brackets- Multi Asins- PT,1,FBK79789,TVMF1ML,White Mulberry,Monitor Arm,TV Wall Mount,
2026-06-27,0,77.69,SP PT_TV Wall Mount,402084441383247,408,0.0,433564641482557,FBK79789,B0FN4DSQ6P,3,WM-SP-TV Brackets- Multi Asins- PT,0,FBK79789,TVMF1ML,White Mulberry,Monitor Arm,TV Wall Mount,
2026-06-28,0,34.17,SP PT_TV Wall Mount,402084441383247,64,0.0,433564641482557,FBK79789,B0FN4DSQ6P,1,WM-SP-TV Brackets- Multi Asins- PT,0,FBK79789,TVMF1ML,White Mulberry,Monitor Arm,TV Wall Mount,
2026-06-29,1,40.2,SP PT_TV Wall Mount,402084441383247,521,981.36,433564641482557,FBK79789,B0FN4DSQ6P,3,WM-SP-TV Brackets- Multi Asins- PT,2,FBK79789,TVMF1ML,White Mulberry,Monitor Arm,TV Wall Mount,
2026-06-30,1,116.89,SP PT_TV Wall Mount,402084441383247,337,490.68,433564641482557,FBK79789,B0FN4DSQ6P,7,WM-SP-TV Brackets- Multi Asins- PT,1,FBK79789,TVMF1ML,White Mulberry,Monitor Arm,TV Wall Mount,
2026-06-22,0,36.53,SP PT_TV Wall Mount,402084441383247,11,0.0,433564641482557,FBK79791,B0FN4HDM6Z,1,WM-SP-TV Brackets- Multi Asins- PT,0,FBK79791,TVFM1ML,White Mulberry,Monitor Arm,TV Wall Mount,
2026-06-23,0,0.0,SP PT_TV Wall Mount,402084441383247,3,0.0,433564641482557,FBK79791,B0FN4HDM6Z,0,WM-SP-TV Brackets- Multi Asins- PT,0,FBK79791,TVFM1ML,White Mulberry,Monitor Arm,TV Wall Mount,
2026-06-24,0,0.0,SP PT_TV Wall Mount,402084441383247,0,0.0,433564641482557,FBK79791,B0FN4HDM6Z,0,WM-SP-TV Brackets- Multi Asins- PT,0,FBK79791,TVFM1ML,White Mulberry,Monitor Arm,TV Wall Mount,
2026-06-25,0,57.71,SP PT_TV Wall Mount,402084441383247,278,0.0,433564641482557,FBK79791,B0FN4HDM6Z,2,WM-SP-TV Brackets- Multi Asins- PT,0,FBK79791,TVFM1ML,White Mulberry,Monitor Arm,TV Wall Mount,
2026-06-22,2,462.91,Exact & Phrase,332134320889851,1386,5082.21,411105719916846,B0DP2VVRND,B0DP2VVRND,21,WM-SP-Monitor Stand-B0DP2VVRND  - Phrase,3,FBA79613,MS1ML,White Mulberry,Monitor Arm,Monitor Arm,
2026-06-23,3,419.57,Exact & Phrase,332134320889851,737,5124.57,411105719916846,B0DP2VVRND,B0DP2VVRND,21,WM-SP-Monitor Stand-B0DP2VVRND  - Phrase,3,FBA79613,MS1ML,White Mulberry,Monitor Arm,Monitor Arm,
2026-06-24,1,302.32,Exact & Phrase,332134320889851,1710,1736.44,411105719916846,B0DP2VVRND,B0DP2VVRND,13,WM-SP-Monitor Stand-B0DP2VVRND  - Phrase,1,FBA79613,MS1ML,White Mulberry,Monitor Arm,Monitor Arm,
2026-06-25,2,309.48,Exact & Phrase,332134320889851,1687,3430.51,411105719916846,B0DP2VVRND,B0DP2VVRND,18,WM-SP-Monitor Stand-B0DP2VVRND  - Phrase,2,FBA79613,MS1ML,White Mulberry,Monitor Arm,Monitor Arm,
2026-06-26,1,273.95,Exact & Phrase,332134320889851,745,1694.07,411105719916846,B0DP2VVRND,B0DP2VVRND,14,WM-SP-Monitor Stand-B0DP2VVRND  - Phrase,1,FBA79613,MS1ML,White Mulberry,Monitor Arm,Monitor Arm,
2026-06-27,0,297.36,Exact & Phrase,332134320889851,2480,0.0,411105719916846,B0DP2VVRND,B0DP2VVRND,16,WM-SP-Monitor Stand-B0DP2VVRND  - Phrase,0,FBA79613,MS1ML,White Mulberry,Monitor Arm,Monitor Arm,
2026-06-28,0,270.64,Exact & Phrase,332134320889851,1181,0.0,411105719916846,B0DP2VVRND,B0DP2VVRND,16,WM-SP-Monitor Stand-B0DP2VVRND  - Phrase,0,FBA79613,MS1ML,White Mulberry,Monitor Arm,Monitor Arm,
2026-06-29,0,420.11,Exact & Phrase,332134320889851,2125,0.0,411105719916846,B0DP2VVRND,B0DP2VVRND,18,WM-SP-Monitor Stand-B0DP2VVRND  - Phrase,0,FBA79613,MS1ML,White Mulberry,Monitor Arm,Monitor Arm,
2026-06-30,0,425.35,Exact & Phrase,332134320889851,1915,0.0,411105719916846,B0DP2VVRND,B0DP2VVRND,19,WM-SP-Monitor Stand-B0DP2VVRND  - Phrase,0,FBA79613,MS1ML,White Mulberry,Monitor Arm,Monitor Arm,
2026-06-22,0,0.0,Exact & Phrase,332134320889851,0,0.0,411105719916846,B0DP2Z5DQ9,B0DP2Z5DQ9,0,WM-SP-Monitor Stand-B0DP2VVRND  - Phrase,0,FBA79615,VLMS1ML,White Mulberry,Monitor Arm,Monitor Arm,
2026-06-23,0,0.0,Exact & Phrase,332134320889851,0,0.0,411105719916846,B0DP2Z5DQ9,B0DP2Z5DQ9,0,WM-SP-Monitor Stand-B0DP2VVRND  - Phrase,0,FBA79615,VLMS1ML,White Mulberry,Monitor Arm,Monitor Arm,
2026-06-22,0,43.59,SP PT_TV Wall Mount (Search Terms),353406111190773,93,0.0,348167676045587,FBK79789,B0FN4DSQ6P,4,WM-SP-TV Brackets- Multi Asins- PT01,0,FBK79789,TVMF1ML,White Mulberry,Monitor Arm,TV Wall Mount,
2026-06-23,0,0.0,SP PT_TV Wall Mount (Search Terms),353406111190773,104,0.0,348167676045587,FBK79789,B0FN4DSQ6P,0,WM-SP-TV Brackets- Multi Asins- PT01,0,FBK79789,TVMF1ML,White Mulberry,Monitor Arm,TV Wall Mount,
2026-06-24,0,0.0,SP PT_TV Wall Mount (Search Terms),353406111190773,74,0.0,348167676045587,FBK79789,B0FN4DSQ6P,0,WM-SP-TV Brackets- Multi Asins- PT01,0,FBK79789,TVMF1ML,White Mulberry,Monitor Arm,TV Wall Mount,
2026-06-25,0,0.0,SP PT_TV Wall Mount (Search Terms),353406111190773,119,0.0,348167676045587,FBK79789,B0FN4DSQ6P,0,WM-SP-TV Brackets- Multi Asins- PT01,0,FBK79789,TVMF1ML,White Mulberry,Monitor Arm,TV Wall Mount,
2026-06-26,0,0.0,SP PT_TV Wall Mount (Search Terms),353406111190773,86,0.0,348167676045587,FBK79789,B0FN4DSQ6P,0,WM-SP-TV Brackets- Multi Asins- PT01,0,FBK79789,TVMF1ML,White Mulberry,Monitor Arm,TV Wall Mount,
2026-06-27,0,0.0,SP PT_TV Wall Mount (Search Terms),353406111190773,75,0.0,348167676045587,FBK79789,B0FN4DSQ6P,0,WM-SP-TV Brackets- Multi Asins- PT01,0,FBK79789,TVMF1ML,White Mulberry,Monitor Arm,TV Wall Mount,
2026-06-28,0,14.19,SP PT_TV Wall Mount (Search Terms),353406111190773,92,0.0,348167676045587,FBK79789,B0FN4DSQ6P,1,WM-SP-TV Brackets- Multi Asins- PT01,0,FBK79789,TVMF1ML,White Mulberry,Monitor Arm,TV Wall Mount,
2026-06-29,0,43.41,SP PT_TV Wall Mount (Search Terms),353406111190773,141,0.0,348167676045587,FBK79789,B0FN4DSQ6P,3,WM-SP-TV Brackets- Multi Asins- PT01,0,FBK79789,TVMF1ML,White Mulberry,Monitor Arm,TV Wall Mount,
2026-06-30,4,270.46,SP PT_TV Wall Mount (Search Terms),353406111190773,2217,1962.72,348167676045587,FBK79789,B0FN4DSQ6P,17,WM-SP-TV Brackets- Multi Asins- PT01,4,FBK79789,TVMF1ML,White Mulberry,Monitor Arm,TV Wall Mount,
2026-06-22,0,167.5,Wall Mounts,374346625385100,4226,0.0,465495590956309,FBK79789,B0FN4DSQ6P,13,WM-SP-TV Brackets- Multi Asins- Exact,0,FBK79789,TVMF1ML,White Mulberry,Monitor Arm,TV Wall Mount,
2026-06-23,1,187.6,Wall Mounts,374346625385100,4096,490.68,465495590956309,FBK79789,B0FN4DSQ6P,14,WM-SP-TV Brackets- Multi Asins- Exact,1,FBK79789,TVMF1ML,White Mulberry,Monitor Arm,TV Wall Mount,
2026-06-24,2,159.0,Wall Mounts,374346625385100,4631,981.36,465495590956309,FBK79789,B0FN4DSQ6P,12,WM-SP-TV Brackets- Multi Asins- Exact,2,FBK79789,TVMF1ML,White Mulberry,Monitor Arm,TV Wall Mount,
2026-06-25,2,181.17,Wall Mounts,374346625385100,5004,981.36,465495590956309,FBK79789,B0FN4DSQ6P,13,WM-SP-TV Brackets- Multi Asins- Exact,2,FBK79789,TVMF1ML,White Mulberry,Monitor Arm,TV Wall Mount,
2026-06-26,2,264.31,Wall Mounts,374346625385100,4845,981.36,465495590956309,FBK79789,B0FN4DSQ6P,16,WM-SP-TV Brackets- Multi Asins- Exact,2,FBK79789,TVMF1ML,White Mulberry,Monitor Arm,TV Wall Mount,
2026-06-27,2,229.64,Wall Mounts,374346625385100,5053,727.12,465495590956309,FBK79789,B0FN4DSQ6P,15,WM-SP-TV Brackets- Multi Asins- Exact,2,FBK79789,TVMF1ML,White Mulberry,Monitor Arm,TV Wall Mount,
2026-06-28,1,245.75,Wall Mounts,374346625385100,5481,490.68,465495590956309,FBK79789,B0FN4DSQ6P,15,WM-SP-TV Brackets- Multi Asins- Exact,1,FBK79789,TVMF1ML,White Mulberry,Monitor Arm,TV Wall Mount,
2026-06-29,2,281.65,Wall Mounts,374346625385100,4928,981.36,465495590956309,FBK79789,B0FN4DSQ6P,19,WM-SP-TV Brackets- Multi Asins- Exact,2,FBK79789,TVMF1ML,White Mulberry,Monitor Arm,TV Wall Mount,
2026-06-30,3,215.34,Wall Mounts,374346625385100,6310,1472.04,465495590956309,FBK79789,B0FN4DSQ6P,15,WM-SP-TV Brackets- Multi Asins- Exact,3,FBK79789,TVMF1ML,White Mulberry,Monitor Arm,TV Wall Mount,
2026-06-22,0,262.15,Monitor Arms,348027716837234,6244,0.0,341785857376797,B0DP2VVRND,B0DP2VVRND,14,WM-SP- Monitor Arms- Multi Asins - exact,0,FBA79613,MS1ML,White Mulberry,Monitor Arm,Monitor Arm,
2026-06-23,0,194.59,Monitor Arms,348027716837234,4099,0.0,341785857376797,B0DP2VVRND,B0DP2VVRND,11,WM-SP- Monitor Arms- Multi Asins - exact,0,FBA79613,MS1ML,White Mulberry,Monitor Arm,Monitor Arm,
2026-06-24,0,0.0,Monitor Arms,348027716837234,0,0.0,341785857376797,B0DP2VVRND,B0DP2VVRND,0,WM-SP- Monitor Arms- Multi Asins - exact,0,FBA79613,MS1ML,White Mulberry,Monitor Arm,Monitor Arm,
2026-06-26,0,0.0,Monitor Arms,348027716837234,0,0.0,341785857376797,B0DP2VVRND,B0DP2VVRND,0,WM-SP- Monitor Arms- Multi Asins - exact,0,FBA79613,MS1ML,White Mulberry,Monitor Arm,Monitor Arm,
2026-06-28,0,0.0,Monitor Arms,348027716837234,0,0.0,341785857376797,B0DP2VVRND,B0DP2VVRND,0,WM-SP- Monitor Arms- Multi Asins - exact,0,FBA79613,MS1ML,White Mulberry,Monitor Arm,Monitor Arm,
2026-06-29,0,0.0,Monitor Arms,348027716837234,0,0.0,341785857376797,B0DP2VVRND,B0DP2VVRND,0,WM-SP- Monitor Arms- Multi Asins - exact,0,FBA79613,MS1ML,White Mulberry,Monitor Arm,Monitor Arm,
2026-06-23,0,0.0,SP PT_Monitor Arm,366899319331204,0,0.0,335699046583289,B0DP2VVRND,B0DP2VVRND,0,WM-SP-Gas Spring MA- B0DB5VG39T- PT,0,FBA79613,MS1ML,White Mulberry,Monitor Arm,Monitor Arm,
2026-06-26,0,0.0,SP PT_Monitor Arm,366899319331204,0,0.0,335699046583289,B0DP2VVRND,B0DP2VVRND,0,WM-SP-Gas Spring MA- B0DB5VG39T- PT,0,FBA79613,MS1ML,White Mulberry,Monitor Arm,Monitor Arm,
2026-06-27,0,0.0,SP PT_Monitor Arm,366899319331204,0,0.0,335699046583289,B0DP2VVRND,B0DP2VVRND,0,WM-SP-Gas Spring MA- B0DB5VG39T- PT,0,FBA79613,MS1ML,White Mulberry,Monitor Arm,Monitor Arm,
2026-06-22,1,59.17,SP PT_Monitor Arm,366899319331204,97,1694.07,335699046583289,FBA79615,B0DP2Z5DQ9,3,WM-SP-Gas Spring MA- B0DB5VG39T- PT,1,FBA79615,VLMS1ML,White Mulberry,Monitor Arm,Monitor Arm,
2026-06-23,0,168.52,SP PT_Monitor Arm,366899319331204,1242,0.0,335699046583289,FBA79615,B0DP2Z5DQ9,7,WM-SP-Gas Spring MA- B0DB5VG39T- PT,0,FBA79615,VLMS1ML,White Mulberry,Monitor Arm,Monitor Arm,
2026-06-24,0,86.39,SP PT_Monitor Arm,366899319331204,674,0.0,335699046583289,FBA79615,B0DP2Z5DQ9,3,WM-SP-Gas Spring MA- B0DB5VG39T- PT,0,FBA79615,VLMS1ML,White Mulberry,Monitor Arm,Monitor Arm,
2026-06-25,0,151.54,SP PT_Monitor Arm,366899319331204,798,0.0,335699046583289,FBA79615,B0DP2Z5DQ9,6,WM-SP-Gas Spring MA- B0DB5VG39T- PT,0,FBA79615,VLMS1ML,White Mulberry,Monitor Arm,Monitor Arm,
2026-06-26,0,143.05,SP PT_Monitor Arm,366899319331204,598,0.0,335699046583289,FBA79615,B0DP2Z5DQ9,7,WM-SP-Gas Spring MA- B0DB5VG39T- PT,0,FBA79615,VLMS1ML,White Mulberry,Monitor Arm,Monitor Arm,
2026-06-27,0,104.62,SP PT_Monitor Arm,366899319331204,608,0.0,335699046583289,FBA79615,B0DP2Z5DQ9,4,WM-SP-Gas Spring MA- B0DB5VG39T- PT,0,FBA79615,VLMS1ML,White Mulberry,Monitor Arm,Monitor Arm,
2026-06-28,0,131.46,SP PT_Monitor Arm,366899319331204,365,0.0,335699046583289,FBA79615,B0DP2Z5DQ9,5,WM-SP-Gas Spring MA- B0DB5VG39T- PT,0,FBA79615,VLMS1ML,White Mulberry,Monitor Arm,Monitor Arm,
2026-06-29,0,86.18,SP PT_Monitor Arm,366899319331204,358,0.0,335699046583289,FBA79615,B0DP2Z5DQ9,4,WM-SP-Gas Spring MA- B0DB5VG39T- PT,0,FBA79615,VLMS1ML,White Mulberry,Monitor Arm,Monitor Arm,
2026-06-22,0,0.0,SP PT_TV Wall Mount,402084441383247,26,0.0,433564641482557,FBA79790,B0FHVWHQHR,0,WM-SP-TV Brackets- Multi Asins- PT,0,FBA79790,TVLF1ML,White Mulberry,Monitor Arm,TV Wall Mount,
2026-06-23,0,20.95,SP PT_TV Wall Mount,402084441383247,139,0.0,433564641482557,FBA79790,B0FHVWHQHR,1,WM-SP-TV Brackets- Multi Asins- PT,0,FBA79790,TVLF1ML,White Mulberry,Monitor Arm,TV Wall Mount,
2026-06-24,0,0.0,SP PT_TV Wall Mount,402084441383247,0,0.0,433564641482557,FBA79790,B0FHVWHQHR,0,WM-SP-TV Brackets- Multi Asins- PT,0,FBA79790,TVLF1ML,White Mulberry,Monitor Arm,TV Wall Mount,
2026-06-25,0,0.0,SP PT_TV Wall Mount,402084441383247,128,0.0,433564641482557,FBA79790,B0FHVWHQHR,0,WM-SP-TV Brackets- Multi Asins- PT,0,FBA79790,TVLF1ML,White Mulberry,Monitor Arm,TV Wall Mount,
2026-06-26,0,23.78,SP PT_TV Wall Mount,402084441383247,219,0.0,433564641482557,FBA79790,B0FHVWHQHR,1,WM-SP-TV Brackets- Multi Asins- PT,0,FBA79790,TVLF1ML,White Mulberry,Monitor Arm,TV Wall Mount,
2026-06-27,0,67.14,SP PT_TV Wall Mount,402084441383247,210,0.0,433564641482557,FBA79790,B0FHVWHQHR,2,WM-SP-TV Brackets- Multi Asins- PT,0,FBA79790,TVLF1ML,White Mulberry,Monitor Arm,TV Wall Mount,
2026-06-28,0,0.0,SP PT_TV Wall Mount,402084441383247,19,0.0,433564641482557,FBA79790,B0FHVWHQHR,0,WM-SP-TV Brackets- Multi Asins- PT,0,FBA79790,TVLF1ML,White Mulberry,Monitor Arm,TV Wall Mount,
2026-06-29,0,0.0,SP PT_TV Wall Mount,402084441383247,446,0.0,433564641482557,FBA79790,B0FHVWHQHR,0,WM-SP-TV Brackets- Multi Asins- PT,0,FBA79790,TVLF1ML,White Mulberry,Monitor Arm,TV Wall Mount,
2026-06-30,0,20.35,SP PT_TV Wall Mount,402084441383247,167,0.0,433564641482557,FBA79790,B0FHVWHQHR,1,WM-SP-TV Brackets- Multi Asins- PT,0,FBA79790,TVLF1ML,White Mulberry,Monitor Arm,TV Wall Mount,
2026-06-22,0,63.07,Wall Mounts,374346625385100,2695,0.0,465495590956309,FBA79790,B0FHVWHQHR,5,WM-SP-TV Brackets- Multi Asins- Exact,0,FBA79790,TVLF1ML,White Mulberry,Monitor Arm,TV Wall Mount,
2026-06-23,0,49.18,Wall Mounts,374346625385100,2376,0.0,465495590956309,FBA79790,B0FHVWHQHR,3,WM-SP-TV Brackets- Multi Asins- Exact,0,FBA79790,TVLF1ML,White Mulberry,Monitor Arm,TV Wall Mount,
2026-06-24,0,45.37,Wall Mounts,374346625385100,2630,0.0,465495590956309,FBA79790,B0FHVWHQHR,3,WM-SP-TV Brackets- Multi Asins- Exact,0,FBA79790,TVLF1ML,White Mulberry,Monitor Arm,TV Wall Mount,
2026-06-25,0,10.54,Wall Mounts,374346625385100,1170,0.0,465495590956309,FBA79790,B0FHVWHQHR,1,WM-SP-TV Brackets- Multi Asins- Exact,0,FBA79790,TVLF1ML,White Mulberry,Monitor Arm,TV Wall Mount,
2026-06-28,0,0.0,Wall Mounts,374346625385100,0,0.0,465495590956309,FBA79790,B0FHVWHQHR,0,WM-SP-TV Brackets- Multi Asins- Exact,0,FBA79790,TVLF1ML,White Mulberry,Monitor Arm,TV Wall Mount,
2026-06-29,0,0.0,Wall Mounts,374346625385100,0,0.0,465495590956309,FBA79790,B0FHVWHQHR,0,WM-SP-TV Brackets- Multi Asins- Exact,0,FBA79790,TVLF1ML,White Mulberry,Monitor Arm,TV Wall Mount,
2026-06-22,0,0.0,SP PT_TV Wall Mount (Search Terms),353406111190773,63,0.0,348167676045587,FBA79790,B0FHVWHQHR,0,WM-SP-TV Brackets- Multi Asins- PT01,0,FBA79790,TVLF1ML,White Mulberry,Monitor Arm,TV Wall Mount,
2026-06-23,0,0.0,SP PT_TV Wall Mount (Search Terms),353406111190773,29,0.0,348167676045587,FBA79790,B0FHVWHQHR,0,WM-SP-TV Brackets- Multi Asins- PT01,0,FBA79790,TVLF1ML,White Mulberry,Monitor Arm,TV Wall Mount,
2026-06-24,0,17.05,SP PT_TV Wall Mount (Search Terms),353406111190773,33,0.0,348167676045587,FBA79790,B0FHVWHQHR,1,WM-SP-TV Brackets- Multi Asins- PT01,0,FBA79790,TVLF1ML,White Mulberry,Monitor Arm,TV Wall Mount,
2026-06-25,0,0.0,SP PT_TV Wall Mount (Search Terms),353406111190773,26,0.0,348167676045587,FBA79790,B0FHVWHQHR,0,WM-SP-TV Brackets- Multi Asins- PT01,0,FBA79790,TVLF1ML,White Mulberry,Monitor Arm,TV Wall Mount,
2026-06-26,0,0.0,SP PT_TV Wall Mount (Search Terms),353406111190773,49,0.0,348167676045587,FBA79790,B0FHVWHQHR,0,WM-SP-TV Brackets- Multi Asins- PT01,0,FBA79790,TVLF1ML,White Mulberry,Monitor Arm,TV Wall Mount,
2026-06-27,0,0.0,SP PT_TV Wall Mount (Search Terms),353406111190773,67,0.0,348167676045587,FBA79790,B0FHVWHQHR,0,WM-SP-TV Brackets- Multi Asins- PT01,0,FBA79790,TVLF1ML,White Mulberry,Monitor Arm,TV Wall Mount,
2026-06-28,0,0.0,SP PT_TV Wall Mount (Search Terms),353406111190773,49,0.0,348167676045587,FBA79790,B0FHVWHQHR,0,WM-SP-TV Brackets- Multi Asins- PT01,0,FBA79790,TVLF1ML,White Mulberry,Monitor Arm,TV Wall Mount,
2026-06-29,0,0.0,SP PT_TV Wall Mount (Search Terms),353406111190773,58,0.0,348167676045587,FBA79790,B0FHVWHQHR,0,WM-SP-TV Brackets- Multi Asins- PT01,0,FBA79790,TVLF1ML,White Mulberry,Monitor Arm,TV Wall Mount,
2026-06-30,0,43.62,SP PT_TV Wall Mount (Search Terms),353406111190773,2508,0.0,348167676045587,FBA79790,B0FHVWHQHR,2,WM-SP-TV Brackets- Multi Asins- PT01,0,FBA79790,TVLF1ML,White Mulberry,Monitor Arm,TV Wall Mount,
2026-06-22,0,386.65,B0DB5VG39T,223237988116670,2131,0.0,178807782580434,B0DB5VG39T,B0DB5VG39T,22,WM-SP-Gas Spring MA- B0DB5VG39T- Broad,0,FBA79476,WM-GS1M-BK,White Mulberry,Monitor Arm,Monitor Arm,
2026-06-23,2,365.64,B0DB5VG39T,223237988116670,1847,4659.32,178807782580434,B0DB5VG39T,B0DB5VG39T,17,WM-SP-Gas Spring MA- B0DB5VG39T- Broad,2,FBA79476,WM-GS1M-BK,White Mulberry,Monitor Arm,Monitor Arm,
2026-06-24,1,308.35,B0DB5VG39T,223237988116670,2566,2329.66,178807782580434,B0DB5VG39T,B0DB5VG39T,17,WM-SP-Gas Spring MA- B0DB5VG39T- Broad,1,FBA79476,WM-GS1M-BK,White Mulberry,Monitor Arm,Monitor Arm,
2026-06-25,0,306.27,B0DB5VG39T,223237988116670,2732,0.0,178807782580434,B0DB5VG39T,B0DB5VG39T,19,WM-SP-Gas Spring MA- B0DB5VG39T- Broad,0,FBA79476,WM-GS1M-BK,White Mulberry,Monitor Arm,Monitor Arm,
2026-06-26,1,274.74,B0DB5VG39T,223237988116670,3295,2329.66,178807782580434,B0DB5VG39T,B0DB5VG39T,15,WM-SP-Gas Spring MA- B0DB5VG39T- Broad,1,FBA79476,WM-GS1M-BK,White Mulberry,Monitor Arm,Monitor Arm,
2026-06-27,0,275.71,B0DB5VG39T,223237988116670,1999,0.0,178807782580434,B0DB5VG39T,B0DB5VG39T,16,WM-SP-Gas Spring MA- B0DB5VG39T- Broad,0,FBA79476,WM-GS1M-BK,White Mulberry,Monitor Arm,Monitor Arm,
2026-06-28,0,278.56,B0DB5VG39T,223237988116670,1628,0.0,178807782580434,B0DB5VG39T,B0DB5VG39T,21,WM-SP-Gas Spring MA- B0DB5VG39T- Broad,0,FBA79476,WM-GS1M-BK,White Mulberry,Monitor Arm,Monitor Arm,
2026-06-29,0,356.37,B0DB5VG39T,223237988116670,11810,0.0,178807782580434,B0DB5VG39T,B0DB5VG39T,22,WM-SP-Gas Spring MA- B0DB5VG39T- Broad,0,FBA79476,WM-GS1M-BK,White Mulberry,Monitor Arm,Monitor Arm,
2026-06-30,1,521.82,B0DB5VG39T,223237988116670,7718,2626.27,178807782580434,B0DB5VG39T,B0DB5VG39T,32,WM-SP-Gas Spring MA- B0DB5VG39T- Broad,1,FBA79476,WM-GS1M-BK,White Mulberry,Monitor Arm,Monitor Arm,
2026-06-22,0,214.73,B0DB5YTQZV,150072117686547,2668,0.0,73887027586542,FBA79479,B0DB5YTQZV,16,WM- SP- Height Adjustable stand- Dual-B0DB5YTQZV- Broad,0,FBA79479,WM-HA2M-BK,White Mulberry,Monitor Arm,Monitor Arm,
2026-06-23,0,186.51,B0DB5YTQZV,150072117686547,2466,0.0,73887027586542,FBA79479,B0DB5YTQZV,12,WM- SP- Height Adjustable stand- Dual-B0DB5YTQZV- Broad,0,FBA79479,WM-HA2M-BK,White Mulberry,Monitor Arm,Monitor Arm,
2026-06-24,0,94.09,B0DB5YTQZV,150072117686547,3709,0.0,73887027586542,FBA79479,B0DB5YTQZV,7,WM- SP- Height Adjustable stand- Dual-B0DB5YTQZV- Broad,0,FBA79479,WM-HA2M-BK,White Mulberry,Monitor Arm,Monitor Arm,
2026-06-25,0,180.3,B0DB5YTQZV,150072117686547,757,0.0,73887027586542,FBA79479,B0DB5YTQZV,11,WM- SP- Height Adjustable stand- Dual-B0DB5YTQZV- Broad,0,FBA79479,WM-HA2M-BK,White Mulberry,Monitor Arm,Monitor Arm,
2026-06-26,0,191.19,B0DB5YTQZV,150072117686547,2573,0.0,73887027586542,FBA79479,B0DB5YTQZV,15,WM- SP- Height Adjustable stand- Dual-B0DB5YTQZV- Broad,0,FBA79479,WM-HA2M-BK,White Mulberry,Monitor Arm,Monitor Arm,
2026-06-27,0,191.47,B0DB5YTQZV,150072117686547,3289,0.0,73887027586542,FBA79479,B0DB5YTQZV,15,WM- SP- Height Adjustable stand- Dual-B0DB5YTQZV- Broad,0,FBA79479,WM-HA2M-BK,White Mulberry,Monitor Arm,Monitor Arm,
2026-06-28,1,192.45,B0DB5YTQZV,150072117686547,2941,1694.07,73887027586542,FBA79479,B0DB5YTQZV,14,WM- SP- Height Adjustable stand- Dual-B0DB5YTQZV- Broad,1,FBA79479,WM-HA2M-BK,White Mulberry,Monitor Arm,Monitor Arm,
2026-06-29,3,240.38,B0DB5YTQZV,150072117686547,5485,3388.14,73887027586542,FBA79479,B0DB5YTQZV,18,WM- SP- Height Adjustable stand- Dual-B0DB5YTQZV- Broad,3,FBA79479,WM-HA2M-BK,White Mulberry,Monitor Arm,Monitor Arm,
2026-06-30,0,132.43,B0DB5YTQZV,150072117686547,4123,0.0,73887027586542,FBA79479,B0DB5YTQZV,12,WM- SP- Height Adjustable stand- Dual-B0DB5YTQZV- Broad,0,FBA79479,WM-HA2M-BK,White Mulberry,Monitor Arm,Monitor Arm,
2026-06-22,0,600.32,Non_Spending ASIN,307155910002298,706,0.0,49505403675587,FBA79479,B0DB5YTQZV,19,WM- Height Adjustable stand- Dual-B0DB5YTQZV- PT,0,FBA79479,WM-HA2M-BK,White Mulberry,Monitor Arm,Monitor Arm,
2026-06-23,1,609.44,Non_Spending ASIN,307155910002298,481,1694.06,49505403675587,FBA79479,B0DB5YTQZV,18,WM- Height Adjustable stand- Dual-B0DB5YTQZV- PT,1,FBA79479,WM-HA2M-BK,White Mulberry,Monitor Arm,Monitor Arm,
2026-06-24,0,432.53,Non_Spending ASIN,307155910002298,873,0.0,49505403675587,FBA79479,B0DB5YTQZV,11,WM- Height Adjustable stand- Dual-B0DB5YTQZV- PT,0,FBA79479,WM-HA2M-BK,White Mulberry,Monitor Arm,Monitor Arm,
2026-06-25,0,395.29,Non_Spending ASIN,307155910002298,621,0.0,49505403675587,FBA79479,B0DB5YTQZV,14,WM- Height Adjustable stand- Dual-B0DB5YTQZV- PT,0,FBA79479,WM-HA2M-BK,White Mulberry,Monitor Arm,Monitor Arm,
2026-06-26,0,275.74,Non_Spending ASIN,307155910002298,491,0.0,49505403675587,FBA79479,B0DB5YTQZV,10,WM- Height Adjustable stand- Dual-B0DB5YTQZV- PT,0,FBA79479,WM-HA2M-BK,White Mulberry,Monitor Arm,Monitor Arm,
2026-06-27,0,293.28,Non_Spending ASIN,307155910002298,317,0.0,49505403675587,FBA79479,B0DB5YTQZV,9,WM- Height Adjustable stand- Dual-B0DB5YTQZV- PT,0,FBA79479,WM-HA2M-BK,White Mulberry,Monitor Arm,Monitor Arm,
2026-06-28,0,289.68,Non_Spending ASIN,307155910002298,708,0.0,49505403675587,FBA79479,B0DB5YTQZV,11,WM- Height Adjustable stand- Dual-B0DB5YTQZV- PT,0,FBA79479,WM-HA2M-BK,White Mulberry,Monitor Arm,Monitor Arm,
2026-06-29,0,422.52,Non_Spending ASIN,307155910002298,900,0.0,49505403675587,FBA79479,B0DB5YTQZV,11,WM- Height Adjustable stand- Dual-B0DB5YTQZV- PT,0,FBA79479,WM-HA2M-BK,White Mulberry,Monitor Arm,Monitor Arm,
2026-06-30,1,710.72,Non_Spending ASIN,307155910002298,1305,5033.05,49505403675587,FBA79479,B0DB5YTQZV,22,WM- Height Adjustable stand- Dual-B0DB5YTQZV- PT,1,FBA79479,WM-HA2M-BK,White Mulberry,Monitor Arm,Monitor Arm,
2026-06-22,0,330.99,WB- SP- B0DP2VVRND - PT,81757772192880,484,0.0,258400441859741,FBA79613,B0DP2VVRND,14,WB- SP- B0DP2VVRND - PT,0,FBA79613,MS1ML,White Mulberry,Monitor Arm,Monitor Arm,
2026-06-23,0,324.48,WB- SP- B0DP2VVRND - PT,81757772192880,455,0.0,258400441859741,FBA79613,B0DP2VVRND,16,WB- SP- B0DP2VVRND - PT,0,FBA79613,MS1ML,White Mulberry,Monitor Arm,Monitor Arm,
2026-06-25,0,0.0,WB- SP- B0DP2VVRND - PT,81757772192880,0,0.0,258400441859741,FBA79613,B0DP2VVRND,0,WB- SP- B0DP2VVRND - PT,0,FBA79613,MS1ML,White Mulberry,Monitor Arm,Monitor Arm,
2026-06-26,0,0.0,WB- SP- B0DP2VVRND - PT,81757772192880,0,0.0,258400441859741,FBA79613,B0DP2VVRND,0,WB- SP- B0DP2VVRND - PT,0,FBA79613,MS1ML,White Mulberry,Monitor Arm,Monitor Arm,
2026-06-27,0,0.0,WB- SP- B0DP2VVRND - PT,81757772192880,0,0.0,258400441859741,FBA79613,B0DP2VVRND,0,WB- SP- B0DP2VVRND - PT,0,FBA79613,MS1ML,White Mulberry,Monitor Arm,Monitor Arm,
2026-06-22,0,278.97,WB- SP- B0DP32F346 - PT,211511163794657,343,0.0,136912329250535,FBA79617,B0DP32F346,6,WB- SP- B0DP32F346 - PT,0,FBA79617,HDWF1ML,White Mulberry,Monitor Arm,Monitor Arm,
2026-06-23,1,280.55,WB- SP- B0DP32F346 - PT,211511163794657,542,2626.27,136912329250535,FBA79617,B0DP32F346,7,WB- SP- B0DP32F346 - PT,1,FBA79617,HDWF1ML,White Mulberry,Monitor Arm,Monitor Arm,
2026-06-24,0,357.67,WB- SP- B0DP32F346 - PT,211511163794657,450,0.0,136912329250535,FBA79617,B0DP32F346,8,WB- SP- B0DP32F346 - PT,0,FBA79617,HDWF1ML,White Mulberry,Monitor Arm,Monitor Arm,
2026-06-25,0,363.97,WB- SP- B0DP32F346 - PT,211511163794657,513,0.0,136912329250535,FBA79617,B0DP32F346,9,WB- SP- B0DP32F346 - PT,0,FBA79617,HDWF1ML,White Mulberry,Monitor Arm,Monitor Arm,
2026-06-26,0,230.6,WB- SP- B0DP32F346 - PT,211511163794657,776,0.0,136912329250535,FBA79617,B0DP32F346,7,WB- SP- B0DP32F346 - PT,0,FBA79617,HDWF1ML,White Mulberry,Monitor Arm,Monitor Arm,
2026-06-27,0,258.3,WB- SP- B0DP32F346 - PT,211511163794657,550,0.0,136912329250535,FBA79617,B0DP32F346,8,WB- SP- B0DP32F346 - PT,0,FBA79617,HDWF1ML,White Mulberry,Monitor Arm,Monitor Arm,
2026-06-28,2,263.84,WB- SP- B0DP32F346 - PT,211511163794657,389,5252.54,136912329250535,FBA79617,B0DP32F346,8,WB- SP- B0DP32F346 - PT,2,FBA79617,HDWF1ML,White Mulberry,Monitor Arm,Monitor Arm,
2026-06-29,0,261.94,WB- SP- B0DP32F346 - PT,211511163794657,1093,0.0,136912329250535,FBA79617,B0DP32F346,9,WB- SP- B0DP32F346 - PT,0,FBA79617,HDWF1ML,White Mulberry,Monitor Arm,Monitor Arm,
2026-06-30,0,303.24,WB- SP- B0DP32F346 - PT,211511163794657,2538,0.0,136912329250535,FBA79617,B0DP32F346,13,WB- SP- B0DP32F346 - PT,0,FBA79617,HDWF1ML,White Mulberry,Monitor Arm,Monitor Arm,
2026-06-22,0,233.54,BM,125532265904537,713,0.0,81744259685452,B0DB5VG39T,B0DB5VG39T,6,WM-Gas Spring MA- B0DB5VG39T-SP-KT-Phrase/BM,0,FBA79476,WM-GS1M-BK,White Mulberry,Monitor Arm,Monitor Arm,
2026-06-23,1,303.83,BM,125532265904537,580,2329.66,81744259685452,B0DB5VG39T,B0DB5VG39T,7,WM-Gas Spring MA- B0DB5VG39T-SP-KT-Phrase/BM,1,FBA79476,WM-GS1M-BK,White Mulberry,Monitor Arm,Monitor Arm,
2026-06-24,0,290.03,BM,125532265904537,1881,0.0,81744259685452,B0DB5VG39T,B0DB5VG39T,8,WM-Gas Spring MA- B0DB5VG39T-SP-KT-Phrase/BM,0,FBA79476,WM-GS1M-BK,White Mulberry,Monitor Arm,Monitor Arm,
2026-06-25,0,206.55,BM,125532265904537,2590,0.0,81744259685452,B0DB5VG39T,B0DB5VG39T,6,WM-Gas Spring MA- B0DB5VG39T-SP-KT-Phrase/BM,0,FBA79476,WM-GS1M-BK,White Mulberry,Monitor Arm,Monitor Arm,
2026-06-26,0,0.0,BM,125532265904537,0,0.0,81744259685452,B0DB5VG39T,B0DB5VG39T,0,WM-Gas Spring MA- B0DB5VG39T-SP-KT-Phrase/BM,0,FBA79476,WM-GS1M-BK,White Mulberry,Monitor Arm,Monitor Arm,
2026-06-30,0,0.0,BM,125532265904537,0,0.0,81744259685452,B0DB5VG39T,B0DB5VG39T,0,WM-Gas Spring MA- B0DB5VG39T-SP-KT-Phrase/BM,0,FBA79476,WM-GS1M-BK,White Mulberry,Monitor Arm,Monitor Arm,
2026-06-22,1,566.82,WM- Height Adj stand - B0DP2VVRND-SP-KT-Phrase,263824201128569,7123,1694.07,173280263414535,FBA79613,B0DP2VVRND,27,WM- Height Adj stand - B0DP2VVRND-SP-KT-Phrase,1,FBA79613,MS1ML,White Mulberry,Monitor Arm,Monitor Arm,
2026-06-23,0,0.0,WM- Height Adj stand - B0DP2VVRND-SP-KT-Phrase,263824201128569,1596,0.0,173280263414535,FBA79613,B0DP2VVRND,0,WM- Height Adj stand - B0DP2VVRND-SP-KT-Phrase,0,FBA79613,MS1ML,White Mulberry,Monitor Arm,Monitor Arm,
2026-06-24,0,0.0,WM- Height Adj stand - B0DP2VVRND-SP-KT-Phrase,263824201128569,2028,0.0,173280263414535,FBA79613,B0DP2VVRND,0,WM- Height Adj stand - B0DP2VVRND-SP-KT-Phrase,0,FBA79613,MS1ML,White Mulberry,Monitor Arm,Monitor Arm,
2026-06-25,0,202.28,WM- Height Adj stand - B0DP2VVRND-SP-KT-Phrase,263824201128569,2385,0.0,173280263414535,FBA79613,B0DP2VVRND,7,WM- Height Adj stand - B0DP2VVRND-SP-KT-Phrase,0,FBA79613,MS1ML,White Mulberry,Monitor Arm,Monitor Arm,
2026-06-26,0,212.27,WM- Height Adj stand - B0DP2VVRND-SP-KT-Phrase,263824201128569,1767,0.0,173280263414535,FBA79613,B0DP2VVRND,6,WM- Height Adj stand - B0DP2VVRND-SP-KT-Phrase,0,FBA79613,MS1ML,White Mulberry,Monitor Arm,Monitor Arm,
2026-06-27,0,79.5,WM- Height Adj stand - B0DP2VVRND-SP-KT-Phrase,263824201128569,779,0.0,173280263414535,FBA79613,B0DP2VVRND,2,WM- Height Adj stand - B0DP2VVRND-SP-KT-Phrase,0,FBA79613,MS1ML,White Mulberry,Monitor Arm,Monitor Arm,
2026-06-28,0,251.69,WM- Height Adj stand - B0DP2VVRND-SP-KT-Phrase,263824201128569,2071,0.0,173280263414535,FBA79613,B0DP2VVRND,8,WM- Height Adj stand - B0DP2VVRND-SP-KT-Phrase,0,FBA79613,MS1ML,White Mulberry,Monitor Arm,Monitor Arm,
2026-06-29,0,231.03,WM- Height Adj stand - B0DP2VVRND-SP-KT-Phrase,263824201128569,1328,0.0,173280263414535,FBA79613,B0DP2VVRND,7,WM- Height Adj stand - B0DP2VVRND-SP-KT-Phrase,0,FBA79613,MS1ML,White Mulberry,Monitor Arm,Monitor Arm,
2026-06-30,0,147.96,WM- Height Adj stand - B0DP2VVRND-SP-KT-Phrase,263824201128569,2061,0.0,173280263414535,FBA79613,B0DP2VVRND,4,WM- Height Adj stand - B0DP2VVRND-SP-KT-Phrase,0,FBA79613,MS1ML,White Mulberry,Monitor Arm,Monitor Arm,
2026-06-22,0,197.19,WM- Height Adj stand Dual-B0DB5YTQZV-SP-KT-Phrase/BM,260934137034222,1607,0.0,196289730980919,FBA79479,B0DB5YTQZV,9,WM- Height Adj stand Dual-B0DB5YTQZV-SP-KT-Phrase/BM,0,FBA79479,WM-HA2M-BK,White Mulberry,Monitor Arm,Monitor Arm,
2026-06-23,2,184.5,WM- Height Adj stand Dual-B0DB5YTQZV-SP-KT-Phrase/BM,260934137034222,1742,3388.14,196289730980919,FBA79479,B0DB5YTQZV,11,WM- Height Adj stand Dual-B0DB5YTQZV-SP-KT-Phrase/BM,2,FBA79479,WM-HA2M-BK,White Mulberry,Monitor Arm,Monitor Arm,
2026-06-24,0,190.34,WM- Height Adj stand Dual-B0DB5YTQZV-SP-KT-Phrase/BM,260934137034222,1701,0.0,196289730980919,FBA79479,B0DB5YTQZV,10,WM- Height Adj stand Dual-B0DB5YTQZV-SP-KT-Phrase/BM,0,FBA79479,WM-HA2M-BK,White Mulberry,Monitor Arm,Monitor Arm,
2026-06-25,0,153.7,WM- Height Adj stand Dual-B0DB5YTQZV-SP-KT-Phrase/BM,260934137034222,1077,0.0,196289730980919,FBA79479,B0DB5YTQZV,8,WM- Height Adj stand Dual-B0DB5YTQZV-SP-KT-Phrase/BM,0,FBA79479,WM-HA2M-BK,White Mulberry,Monitor Arm,Monitor Arm,
2026-06-26,0,139.55,WM- Height Adj stand Dual-B0DB5YTQZV-SP-KT-Phrase/BM,260934137034222,1069,0.0,196289730980919,FBA79479,B0DB5YTQZV,7,WM- Height Adj stand Dual-B0DB5YTQZV-SP-KT-Phrase/BM,0,FBA79479,WM-HA2M-BK,White Mulberry,Monitor Arm,Monitor Arm,
2026-06-27,0,135.12,WM- Height Adj stand Dual-B0DB5YTQZV-SP-KT-Phrase/BM,260934137034222,557,0.0,196289730980919,FBA79479,B0DB5YTQZV,7,WM- Height Adj stand Dual-B0DB5YTQZV-SP-KT-Phrase/BM,0,FBA79479,WM-HA2M-BK,White Mulberry,Monitor Arm,Monitor Arm,
2026-06-28,0,136.18,WM- Height Adj stand Dual-B0DB5YTQZV-SP-KT-Phrase/BM,260934137034222,1046,0.0,196289730980919,FBA79479,B0DB5YTQZV,7,WM- Height Adj stand Dual-B0DB5YTQZV-SP-KT-Phrase/BM,0,FBA79479,WM-HA2M-BK,White Mulberry,Monitor Arm,Monitor Arm,
2026-06-29,0,117.94,WM- Height Adj stand Dual-B0DB5YTQZV-SP-KT-Phrase/BM,260934137034222,903,0.0,196289730980919,FBA79479,B0DB5YTQZV,6,WM- Height Adj stand Dual-B0DB5YTQZV-SP-KT-Phrase/BM,0,FBA79479,WM-HA2M-BK,White Mulberry,Monitor Arm,Monitor Arm,
2026-06-30,0,71.7,WM- Height Adj stand Dual-B0DB5YTQZV-SP-KT-Phrase/BM,260934137034222,733,0.0,196289730980919,FBA79479,B0DB5YTQZV,4,WM- Height Adj stand Dual-B0DB5YTQZV-SP-KT-Phrase/BM,0,FBA79479,WM-HA2M-BK,White Mulberry,Monitor Arm,Monitor Arm,
2026-06-22,0,32.21,Branded,139811573710057,673,0.0,72845033576510,B0DB5VG39T,B0DB5VG39T,2,WM-SP-Monitor Arms- Branded,0,FBA79476,WM-GS1M-BK,White Mulberry,Monitor Arm,Monitor Arm,
2026-06-23,0,49.2,Branded,139811573710057,715,0.0,72845033576510,B0DB5VG39T,B0DB5VG39T,3,WM-SP-Monitor Arms- Branded,0,FBA79476,WM-GS1M-BK,White Mulberry,Monitor Arm,Monitor Arm,
2026-06-24,0,10.0,Branded,139811573710057,1177,0.0,72845033576510,B0DB5VG39T,B0DB5VG39T,1,WM-SP-Monitor Arms- Branded,0,FBA79476,WM-GS1M-BK,White Mulberry,Monitor Arm,Monitor Arm,
2026-06-25,0,29.98,Branded,139811573710057,278,0.0,72845033576510,B0DB5VG39T,B0DB5VG39T,1,WM-SP-Monitor Arms- Branded,0,FBA79476,WM-GS1M-BK,White Mulberry,Monitor Arm,Monitor Arm,
2026-06-26,0,46.53,Branded,139811573710057,282,0.0,72845033576510,B0DB5VG39T,B0DB5VG39T,4,WM-SP-Monitor Arms- Branded,0,FBA79476,WM-GS1M-BK,White Mulberry,Monitor Arm,Monitor Arm,
2026-06-27,0,0.0,Branded,139811573710057,298,0.0,72845033576510,B0DB5VG39T,B0DB5VG39T,0,WM-SP-Monitor Arms- Branded,0,FBA79476,WM-GS1M-BK,White Mulberry,Monitor Arm,Monitor Arm,
2026-06-28,0,13.28,Branded,139811573710057,326,0.0,72845033576510,B0DB5VG39T,B0DB5VG39T,2,WM-SP-Monitor Arms- Branded,0,FBA79476,WM-GS1M-BK,White Mulberry,Monitor Arm,Monitor Arm,
2026-06-29,0,17.28,Branded,139811573710057,250,0.0,72845033576510,B0DB5VG39T,B0DB5VG39T,4,WM-SP-Monitor Arms- Branded,0,FBA79476,WM-GS1M-BK,White Mulberry,Monitor Arm,Monitor Arm,
2026-06-30,1,32.64,Branded,139811573710057,90,2329.66,72845033576510,B0DB5VG39T,B0DB5VG39T,3,WM-SP-Monitor Arms- Branded,1,FBA79476,WM-GS1M-BK,White Mulberry,Monitor Arm,Monitor Arm,
2026-06-22,0,177.01,Branded,139811573710057,797,0.0,72845033576510,B0DB5VVPSB,B0DB5VVPSB,7,WM-SP-Monitor Arms- Branded,0,FBA79477,WM-GS2M-BK,White Mulberry,Monitor Arm,Monitor Arm,
2026-06-23,0,152.12,Branded,139811573710057,953,0.0,72845033576510,B0DB5VVPSB,B0DB5VVPSB,6,WM-SP-Monitor Arms- Branded,0,FBA79477,WM-GS2M-BK,White Mulberry,Monitor Arm,Monitor Arm,
2026-06-24,0,121.14,Branded,139811573710057,1197,0.0,72845033576510,B0DB5VVPSB,B0DB5VVPSB,6,WM-SP-Monitor Arms- Branded,0,FBA79477,WM-GS2M-BK,White Mulberry,Monitor Arm,Monitor Arm,
2026-06-25,0,29.59,Branded,139811573710057,288,0.0,72845033576510,B0DB5VVPSB,B0DB5VVPSB,1,WM-SP-Monitor Arms- Branded,0,FBA79477,WM-GS2M-BK,White Mulberry,Monitor Arm,Monitor Arm,
2026-06-26,0,0.0,Branded,139811573710057,384,0.0,72845033576510,B0DB5VVPSB,B0DB5VVPSB,0,WM-SP-Monitor Arms- Branded,0,FBA79477,WM-GS2M-BK,White Mulberry,Monitor Arm,Monitor Arm,
2026-06-27,0,4.95,Branded,139811573710057,362,0.0,72845033576510,B0DB5VVPSB,B0DB5VVPSB,1,WM-SP-Monitor Arms- Branded,0,FBA79477,WM-GS2M-BK,White Mulberry,Monitor Arm,Monitor Arm,
2026-06-28,0,23.35,Branded,139811573710057,364,0.0,72845033576510,B0DB5VVPSB,B0DB5VVPSB,1,WM-SP-Monitor Arms- Branded,0,FBA79477,WM-GS2M-BK,White Mulberry,Monitor Arm,Monitor Arm,
2026-06-29,0,0.0,Branded,139811573710057,345,0.0,72845033576510,B0DB5VVPSB,B0DB5VVPSB,0,WM-SP-Monitor Arms- Branded,0,FBA79477,WM-GS2M-BK,White Mulberry,Monitor Arm,Monitor Arm,
2026-06-30,0,38.28,Branded,139811573710057,234,0.0,72845033576510,B0DB5VVPSB,B0DB5VVPSB,2,WM-SP-Monitor Arms- Branded,0,FBA79477,WM-GS2M-BK,White Mulberry,Monitor Arm,Monitor Arm,
2026-06-22,0,0.0,Branded,139811573710057,274,0.0,72845033576510,B0DB5W4TCP,B0DB5W4TCP,0,WM-SP-Monitor Arms- Branded,0,FBA79478,WM-HA1M-BK,White Mulberry,Monitor Arm,Monitor Arm,
2026-06-23,0,44.18,Branded,139811573710057,244,0.0,72845033576510,B0DB5W4TCP,B0DB5W4TCP,2,WM-SP-Monitor Arms- Branded,0,FBA79478,WM-HA1M-BK,White Mulberry,Monitor Arm,Monitor Arm,
2026-06-24,0,26.78,Branded,139811573710057,149,0.0,72845033576510,B0DB5W4TCP,B0DB5W4TCP,1,WM-SP-Monitor Arms- Branded,0,FBA79478,WM-HA1M-BK,White Mulberry,Monitor Arm,Monitor Arm,
2026-06-25,0,28.34,Branded,139811573710057,135,0.0,72845033576510,B0DB5W4TCP,B0DB5W4TCP,1,WM-SP-Monitor Arms- Branded,0,FBA79478,WM-HA1M-BK,White Mulberry,Monitor Arm,Monitor Arm,
2026-06-22,0,0.0,Branded,139811573710057,292,0.0,72845033576510,FBA79479,B0DB5YTQZV,0,WM-SP-Monitor Arms- Branded,0,FBA79479,WM-HA2M-BK,White Mulberry,Monitor Arm,Monitor Arm,
2026-06-23,0,23.61,Branded,139811573710057,235,0.0,72845033576510,FBA79479,B0DB5YTQZV,1,WM-SP-Monitor Arms- Branded,0,FBA79479,WM-HA2M-BK,White Mulberry,Monitor Arm,Monitor Arm,
2026-06-24,0,0.0,Branded,139811573710057,178,0.0,72845033576510,FBA79479,B0DB5YTQZV,0,WM-SP-Monitor Arms- Branded,0,FBA79479,WM-HA2M-BK,White Mulberry,Monitor Arm,Monitor Arm,
2026-06-25,0,0.0,Branded,139811573710057,246,0.0,72845033576510,FBA79479,B0DB5YTQZV,0,WM-SP-Monitor Arms- Branded,0,FBA79479,WM-HA2M-BK,White Mulberry,Monitor Arm,Monitor Arm,
2026-06-26,0,22.05,Branded,139811573710057,248,0.0,72845033576510,FBA79479,B0DB5YTQZV,2,WM-SP-Monitor Arms- Branded,0,FBA79479,WM-HA2M-BK,White Mulberry,Monitor Arm,Monitor Arm,
2026-06-27,0,30.11,Branded,139811573710057,218,0.0,72845033576510,FBA79479,B0DB5YTQZV,1,WM-SP-Monitor Arms- Branded,0,FBA79479,WM-HA2M-BK,White Mulberry,Monitor Arm,Monitor Arm,
2026-06-28,0,0.0,Branded,139811573710057,233,0.0,72845033576510,FBA79479,B0DB5YTQZV,0,WM-SP-Monitor Arms- Branded,0,FBA79479,WM-HA2M-BK,White Mulberry,Monitor Arm,Monitor Arm,
2026-06-29,0,4.28,Branded,139811573710057,225,0.0,72845033576510,FBA79479,B0DB5YTQZV,1,WM-SP-Monitor Arms- Branded,0,FBA79479,WM-HA2M-BK,White Mulberry,Monitor Arm,Monitor Arm,
2026-06-30,0,0.0,Branded,139811573710057,139,0.0,72845033576510,FBA79479,B0DB5YTQZV,0,WM-SP-Monitor Arms- Branded,0,FBA79479,WM-HA2M-BK,White Mulberry,Monitor Arm,Monitor Arm,
2026-06-22,0,27.55,Branded,139811573710057,292,0.0,72845033576510,FBA79617,B0DP32F346,1,WM-SP-Monitor Arms- Branded,0,FBA79617,HDWF1ML,White Mulberry,Monitor Arm,Monitor Arm,
2026-06-23,0,0.0,Branded,139811573710057,175,0.0,72845033576510,FBA79617,B0DP32F346,0,WM-SP-Monitor Arms- Branded,0,FBA79617,HDWF1ML,White Mulberry,Monitor Arm,Monitor Arm,
2026-06-24,0,78.96,Branded,139811573710057,388,0.0,72845033576510,FBA79617,B0DP32F346,4,WM-SP-Monitor Arms- Branded,0,FBA79617,HDWF1ML,White Mulberry,Monitor Arm,Monitor Arm,
2026-06-25,0,26.42,Branded,139811573710057,343,0.0,72845033576510,FBA79617,B0DP32F346,1,WM-SP-Monitor Arms- Branded,0,FBA79617,HDWF1ML,White Mulberry,Monitor Arm,Monitor Arm,
2026-06-26,1,105.84,Branded,139811573710057,270,2626.27,72845033576510,FBA79617,B0DP32F346,6,WM-SP-Monitor Arms- Branded,1,FBA79617,HDWF1ML,White Mulberry,Monitor Arm,Monitor Arm,
2026-06-27,0,46.24,Branded,139811573710057,247,0.0,72845033576510,FBA79617,B0DP32F346,2,WM-SP-Monitor Arms- Branded,0,FBA79617,HDWF1ML,White Mulberry,Monitor Arm,Monitor Arm,
2026-06-28,0,23.65,Branded,139811573710057,421,0.0,72845033576510,FBA79617,B0DP32F346,1,WM-SP-Monitor Arms- Branded,0,FBA79617,HDWF1ML,White Mulberry,Monitor Arm,Monitor Arm,
2026-06-29,0,55.5,Branded,139811573710057,277,0.0,72845033576510,FBA79617,B0DP32F346,3,WM-SP-Monitor Arms- Branded,0,FBA79617,HDWF1ML,White Mulberry,Monitor Arm,Monitor Arm,
2026-06-30,0,48.31,Branded,139811573710057,297,0.0,72845033576510,FBA79617,B0DP32F346,3,WM-SP-Monitor Arms- Branded,0,FBA79617,HDWF1ML,White Mulberry,Monitor Arm,Monitor Arm,
2026-06-22,0,0.0,WM-SP-Monitor Arms-Defensive,96578489910990,278,0.0,215646686332728,B0DB5VG39T,B0DB5VG39T,0,WM-SP-Monitor Arms- Defensive,0,FBA79476,WM-GS1M-BK,White Mulberry,Monitor Arm,Monitor Arm,
2026-06-23,0,14.54,WM-SP-Monitor Arms-Defensive,96578489910990,122,0.0,215646686332728,B0DB5VG39T,B0DB5VG39T,1,WM-SP-Monitor Arms- Defensive,0,FBA79476,WM-GS1M-BK,White Mulberry,Monitor Arm,Monitor Arm,
2026-06-24,0,53.9,WM-SP-Monitor Arms-Defensive,96578489910990,242,0.0,215646686332728,B0DB5VG39T,B0DB5VG39T,4,WM-SP-Monitor Arms- Defensive,0,FBA79476,WM-GS1M-BK,White Mulberry,Monitor Arm,Monitor Arm,
2026-06-25,0,14.38,WM-SP-Monitor Arms-Defensive,96578489910990,98,0.0,215646686332728,B0DB5VG39T,B0DB5VG39T,1,WM-SP-Monitor Arms- Defensive,0,FBA79476,WM-GS1M-BK,White Mulberry,Monitor Arm,Monitor Arm,
2026-06-26,0,55.5,WM-SP-Monitor Arms-Defensive,96578489910990,103,0.0,215646686332728,B0DB5VG39T,B0DB5VG39T,4,WM-SP-Monitor Arms- Defensive,0,FBA79476,WM-GS1M-BK,White Mulberry,Monitor Arm,Monitor Arm,
2026-06-27,0,43.02,WM-SP-Monitor Arms-Defensive,96578489910990,182,0.0,215646686332728,B0DB5VG39T,B0DB5VG39T,3,WM-SP-Monitor Arms- Defensive,0,FBA79476,WM-GS1M-BK,White Mulberry,Monitor Arm,Monitor Arm,
2026-06-28,0,28.55,WM-SP-Monitor Arms-Defensive,96578489910990,254,0.0,215646686332728,B0DB5VG39T,B0DB5VG39T,2,WM-SP-Monitor Arms- Defensive,0,FBA79476,WM-GS1M-BK,White Mulberry,Monitor Arm,Monitor Arm,
2026-06-29,1,29.08,WM-SP-Monitor Arms-Defensive,96578489910990,108,2329.66,215646686332728,B0DB5VG39T,B0DB5VG39T,2,WM-SP-Monitor Arms- Defensive,1,FBA79476,WM-GS1M-BK,White Mulberry,Monitor Arm,Monitor Arm,
2026-06-30,0,0.0,WM-SP-Monitor Arms-Defensive,96578489910990,0,0.0,215646686332728,B0DB5VG39T,B0DB5VG39T,0,WM-SP-Monitor Arms- Defensive,0,FBA79476,WM-GS1M-BK,White Mulberry,Monitor Arm,Monitor Arm,
2026-06-22,0,13.92,WM-SP-Monitor Arms-Defensive,96578489910990,327,0.0,215646686332728,FBA79477,B0DB5VVPSB,1,WM-SP-Monitor Arms- Defensive,0,FBA79477,WM-GS2M-BK,White Mulberry,Monitor Arm,Monitor Arm,
2026-06-23,0,20.77,WM-SP-Monitor Arms-Defensive,96578489910990,159,0.0,215646686332728,FBA79477,B0DB5VVPSB,2,WM-SP-Monitor Arms- Defensive,0,FBA79477,WM-GS2M-BK,White Mulberry,Monitor Arm,Monitor Arm,
2026-06-24,0,37.07,WM-SP-Monitor Arms-Defensive,96578489910990,291,0.0,215646686332728,FBA79477,B0DB5VVPSB,3,WM-SP-Monitor Arms- Defensive,0,FBA79477,WM-GS2M-BK,White Mulberry,Monitor Arm,Monitor Arm,
2026-06-25,0,14.54,WM-SP-Monitor Arms-Defensive,96578489910990,140,0.0,215646686332728,FBA79477,B0DB5VVPSB,1,WM-SP-Monitor Arms- Defensive,0,FBA79477,WM-GS2M-BK,White Mulberry,Monitor Arm,Monitor Arm,
2026-06-26,0,11.09,WM-SP-Monitor Arms-Defensive,96578489910990,106,0.0,215646686332728,FBA79477,B0DB5VVPSB,1,WM-SP-Monitor Arms- Defensive,0,FBA79477,WM-GS2M-BK,White Mulberry,Monitor Arm,Monitor Arm,
2026-06-27,0,26.66,WM-SP-Monitor Arms-Defensive,96578489910990,158,0.0,215646686332728,FBA79477,B0DB5VVPSB,2,WM-SP-Monitor Arms- Defensive,0,FBA79477,WM-GS2M-BK,White Mulberry,Monitor Arm,Monitor Arm,
2026-06-28,0,22.4,WM-SP-Monitor Arms-Defensive,96578489910990,213,0.0,215646686332728,FBA79477,B0DB5VVPSB,2,WM-SP-Monitor Arms- Defensive,0,FBA79477,WM-GS2M-BK,White Mulberry,Monitor Arm,Monitor Arm,
2026-06-29,0,44.71,WM-SP-Monitor Arms-Defensive,96578489910990,157,0.0,215646686332728,FBA79477,B0DB5VVPSB,4,WM-SP-Monitor Arms- Defensive,0,FBA79477,WM-GS2M-BK,White Mulberry,Monitor Arm,Monitor Arm,
2026-06-30,0,100.91,WM-SP-Monitor Arms-Defensive,96578489910990,287,0.0,215646686332728,FBA79477,B0DB5VVPSB,7,WM-SP-Monitor Arms- Defensive,0,FBA79477,WM-GS2M-BK,White Mulberry,Monitor Arm,Monitor Arm,
2026-06-22,0,14.54,WM-SP-Monitor Arms-Defensive,96578489910990,125,0.0,215646686332728,B0DB5W4TCP,B0DB5W4TCP,1,WM-SP-Monitor Arms- Defensive,0,FBA79478,WM-HA1M-BK,White Mulberry,Monitor Arm,Monitor Arm,
2026-06-23,0,0.0,WM-SP-Monitor Arms-Defensive,96578489910990,124,0.0,215646686332728,B0DB5W4TCP,B0DB5W4TCP,0,WM-SP-Monitor Arms- Defensive,0,FBA79478,WM-HA1M-BK,White Mulberry,Monitor Arm,Monitor Arm,
2026-06-24,0,0.0,WM-SP-Monitor Arms-Defensive,96578489910990,233,0.0,215646686332728,B0DB5W4TCP,B0DB5W4TCP,0,WM-SP-Monitor Arms- Defensive,0,FBA79478,WM-HA1M-BK,White Mulberry,Monitor Arm,Monitor Arm,
2026-06-25,0,13.35,WM-SP-Monitor Arms-Defensive,96578489910990,121,0.0,215646686332728,B0DB5W4TCP,B0DB5W4TCP,1,WM-SP-Monitor Arms- Defensive,0,FBA79478,WM-HA1M-BK,White Mulberry,Monitor Arm,Monitor Arm,
2026-06-26,0,12.89,WM-SP-Monitor Arms-Defensive,96578489910990,108,0.0,215646686332728,B0DB5W4TCP,B0DB5W4TCP,1,WM-SP-Monitor Arms- Defensive,0,FBA79478,WM-HA1M-BK,White Mulberry,Monitor Arm,Monitor Arm,
2026-06-27,0,49.78,WM-SP-Monitor Arms-Defensive,96578489910990,169,0.0,215646686332728,B0DB5W4TCP,B0DB5W4TCP,4,WM-SP-Monitor Arms- Defensive,0,FBA79478,WM-HA1M-BK,White Mulberry,Monitor Arm,Monitor Arm,
2026-06-28,0,34.7,WM-SP-Monitor Arms-Defensive,96578489910990,196,0.0,215646686332728,B0DB5W4TCP,B0DB5W4TCP,3,WM-SP-Monitor Arms- Defensive,0,FBA79478,WM-HA1M-BK,White Mulberry,Monitor Arm,Monitor Arm,
2026-06-29,0,15.84,WM-SP-Monitor Arms-Defensive,96578489910990,94,0.0,215646686332728,B0DB5W4TCP,B0DB5W4TCP,2,WM-SP-Monitor Arms- Defensive,0,FBA79478,WM-HA1M-BK,White Mulberry,Monitor Arm,Monitor Arm,
2026-06-30,0,0.0,WM-SP-Monitor Arms-Defensive,96578489910990,209,0.0,215646686332728,B0DB5W4TCP,B0DB5W4TCP,0,WM-SP-Monitor Arms- Defensive,0,FBA79478,WM-HA1M-BK,White Mulberry,Monitor Arm,Monitor Arm,
2026-06-22,0,23.64,WM-SP-Monitor Arms-Defensive,96578489910990,690,0.0,215646686332728,FBA79479,B0DB5YTQZV,2,WM-SP-Monitor Arms- Defensive,0,FBA79479,WM-HA2M-BK,White Mulberry,Monitor Arm,Monitor Arm,
2026-06-23,0,27.03,WM-SP-Monitor Arms-Defensive,96578489910990,449,0.0,215646686332728,FBA79479,B0DB5YTQZV,2,WM-SP-Monitor Arms- Defensive,0,FBA79479,WM-HA2M-BK,White Mulberry,Monitor Arm,Monitor Arm,
2026-06-24,0,71.98,WM-SP-Monitor Arms-Defensive,96578489910990,1001,0.0,215646686332728,FBA79479,B0DB5YTQZV,6,WM-SP-Monitor Arms- Defensive,0,FBA79479,WM-HA2M-BK,White Mulberry,Monitor Arm,Monitor Arm,
2026-06-25,0,58.82,WM-SP-Monitor Arms-Defensive,96578489910990,553,0.0,215646686332728,FBA79479,B0DB5YTQZV,5,WM-SP-Monitor Arms- Defensive,0,FBA79479,WM-HA2M-BK,White Mulberry,Monitor Arm,Monitor Arm,
2026-06-26,0,48.57,WM-SP-Monitor Arms-Defensive,96578489910990,377,0.0,215646686332728,FBA79479,B0DB5YTQZV,4,WM-SP-Monitor Arms- Defensive,0,FBA79479,WM-HA2M-BK,White Mulberry,Monitor Arm,Monitor Arm,
2026-06-27,0,78.2,WM-SP-Monitor Arms-Defensive,96578489910990,701,0.0,215646686332728,FBA79479,B0DB5YTQZV,6,WM-SP-Monitor Arms- Defensive,0,FBA79479,WM-HA2M-BK,White Mulberry,Monitor Arm,Monitor Arm,
2026-06-28,0,99.35,WM-SP-Monitor Arms-Defensive,96578489910990,899,0.0,215646686332728,FBA79479,B0DB5YTQZV,8,WM-SP-Monitor Arms- Defensive,0,FBA79479,WM-HA2M-BK,White Mulberry,Monitor Arm,Monitor Arm,
2026-06-29,0,54.19,WM-SP-Monitor Arms-Defensive,96578489910990,492,0.0,215646686332728,FBA79479,B0DB5YTQZV,4,WM-SP-Monitor Arms- Defensive,0,FBA79479,WM-HA2M-BK,White Mulberry,Monitor Arm,Monitor Arm,
2026-06-30,0,47.85,WM-SP-Monitor Arms-Defensive,96578489910990,899,0.0,215646686332728,FBA79479,B0DB5YTQZV,4,WM-SP-Monitor Arms- Defensive,0,FBA79479,WM-HA2M-BK,White Mulberry,Monitor Arm,Monitor Arm,
2026-06-22,0,0.0,WM-SP-Monitor Arms-Defensive,96578489910990,79,0.0,215646686332728,FBA79617,B0DP32F346,0,WM-SP-Monitor Arms- Defensive,0,FBA79617,HDWF1ML,White Mulberry,Monitor Arm,Monitor Arm,
2026-06-23,0,10.65,WM-SP-Monitor Arms-Defensive,96578489910990,102,0.0,215646686332728,FBA79617,B0DP32F346,1,WM-SP-Monitor Arms- Defensive,0,FBA79617,HDWF1ML,White Mulberry,Monitor Arm,Monitor Arm,
2026-06-24,0,27.57,WM-SP-Monitor Arms-Defensive,96578489910990,221,0.0,215646686332728,FBA79617,B0DP32F346,2,WM-SP-Monitor Arms- Defensive,0,FBA79617,HDWF1ML,White Mulberry,Monitor Arm,Monitor Arm,
2026-06-25,0,0.0,WM-SP-Monitor Arms-Defensive,96578489910990,129,0.0,215646686332728,FBA79617,B0DP32F346,0,WM-SP-Monitor Arms- Defensive,0,FBA79617,HDWF1ML,White Mulberry,Monitor Arm,Monitor Arm,
2026-06-26,0,0.0,WM-SP-Monitor Arms-Defensive,96578489910990,34,0.0,215646686332728,FBA79617,B0DP32F346,0,WM-SP-Monitor Arms- Defensive,0,FBA79617,HDWF1ML,White Mulberry,Monitor Arm,Monitor Arm,
2026-06-27,0,65.6,WM-SP-Monitor Arms-Defensive,96578489910990,114,0.0,215646686332728,FBA79617,B0DP32F346,5,WM-SP-Monitor Arms- Defensive,0,FBA79617,HDWF1ML,White Mulberry,Monitor Arm,Monitor Arm,
2026-06-28,0,27.53,WM-SP-Monitor Arms-Defensive,96578489910990,166,0.0,215646686332728,FBA79617,B0DP32F346,2,WM-SP-Monitor Arms- Defensive,0,FBA79617,HDWF1ML,White Mulberry,Monitor Arm,Monitor Arm,
2026-06-29,0,31.57,WM-SP-Monitor Arms-Defensive,96578489910990,156,0.0,215646686332728,FBA79617,B0DP32F346,2,WM-SP-Monitor Arms- Defensive,0,FBA79617,HDWF1ML,White Mulberry,Monitor Arm,Monitor Arm,
2026-06-30,0,0.0,WM-SP-Monitor Arms-Defensive,96578489910990,94,0.0,215646686332728,FBA79617,B0DP32F346,0,WM-SP-Monitor Arms- Defensive,0,FBA79617,HDWF1ML,White Mulberry,Monitor Arm,Monitor Arm,
2026-06-29,0,0.0,WM-SP-Monitor Arms-Defensive,96578489910990,0,0.0,215646686332728,B0DP2Z5DQ9,B0DP2Z5DQ9,0,WM-SP-Monitor Arms- Defensive,0,FBA79615,VLMS1ML,White Mulberry,Monitor Arm,Monitor Arm,
2026-06-22,0,53.26,White Mulberry-Dual Monitor Arm-B0DB5VVPSB-PT-SP,73201749380127,375,0.0,2685624180574,B0DB5VVPSB,B0DB5VVPSB,2,White Mulberry-Dual Monitor Arm-B0DB5VVPSB-PT-SP,0,FBA79477,WM-GS2M-BK,White Mulberry,Monitor Arm,Monitor Arm,
2026-06-23,0,227.38,White Mulberry-Dual Monitor Arm-B0DB5VVPSB-PT-SP,73201749380127,409,0.0,2685624180574,B0DB5VVPSB,B0DB5VVPSB,9,White Mulberry-Dual Monitor Arm-B0DB5VVPSB-PT-SP,0,FBA79477,WM-GS2M-BK,White Mulberry,Monitor Arm,Monitor Arm,
2026-06-24,0,70.63,White Mulberry-Dual Monitor Arm-B0DB5VVPSB-PT-SP,73201749380127,423,0.0,2685624180574,B0DB5VVPSB,B0DB5VVPSB,3,White Mulberry-Dual Monitor Arm-B0DB5VVPSB-PT-SP,0,FBA79477,WM-GS2M-BK,White Mulberry,Monitor Arm,Monitor Arm,
2026-06-25,0,228.39,White Mulberry-Dual Monitor Arm-B0DB5VVPSB-PT-SP,73201749380127,548,0.0,2685624180574,B0DB5VVPSB,B0DB5VVPSB,8,White Mulberry-Dual Monitor Arm-B0DB5VVPSB-PT-SP,0,FBA79477,WM-GS2M-BK,White Mulberry,Monitor Arm,Monitor Arm,
2026-06-26,0,239.69,White Mulberry-Dual Monitor Arm-B0DB5VVPSB-PT-SP,73201749380127,114,0.0,2685624180574,B0DB5VVPSB,B0DB5VVPSB,7,White Mulberry-Dual Monitor Arm-B0DB5VVPSB-PT-SP,0,FBA79477,WM-GS2M-BK,White Mulberry,Monitor Arm,Monitor Arm,
2026-06-27,0,143.11,White Mulberry-Dual Monitor Arm-B0DB5VVPSB-PT-SP,73201749380127,186,0.0,2685624180574,B0DB5VVPSB,B0DB5VVPSB,4,White Mulberry-Dual Monitor Arm-B0DB5VVPSB-PT-SP,0,FBA79477,WM-GS2M-BK,White Mulberry,Monitor Arm,Monitor Arm,
2026-06-28,0,116.82,White Mulberry-Dual Monitor Arm-B0DB5VVPSB-PT-SP,73201749380127,208,0.0,2685624180574,B0DB5VVPSB,B0DB5VVPSB,4,White Mulberry-Dual Monitor Arm-B0DB5VVPSB-PT-SP,0,FBA79477,WM-GS2M-BK,White Mulberry,Monitor Arm,Monitor Arm,
2026-06-29,1,266.65,White Mulberry-Dual Monitor Arm-B0DB5VVPSB-PT-SP,73201749380127,433,3861.86,2685624180574,B0DB5VVPSB,B0DB5VVPSB,8,White Mulberry-Dual Monitor Arm-B0DB5VVPSB-PT-SP,1,FBA79477,WM-GS2M-BK,White Mulberry,Monitor Arm,Monitor Arm,
2026-06-30,0,212.33,White Mulberry-Dual Monitor Arm-B0DB5VVPSB-PT-SP,73201749380127,644,0.0,2685624180574,B0DB5VVPSB,B0DB5VVPSB,8,White Mulberry-Dual Monitor Arm-B0DB5VVPSB-PT-SP,0,FBA79477,WM-GS2M-BK,White Mulberry,Monitor Arm,Monitor Arm,
2026-06-22,0,63.48,White Mulberry-Dual Monitor Arm-KT-SP,73201749380127,449,0.0,242129652637965,B0DB5VVPSB,B0DB5VVPSB,4,White Mulberry-Dual Monitor Arm-B0DB5VVPSB-PT-SP,0,FBA79477,WM-GS2M-BK,White Mulberry,Monitor Arm,Monitor Arm,
2026-06-23,0,91.84,White Mulberry-Dual Monitor Arm-KT-SP,73201749380127,435,0.0,242129652637965,B0DB5VVPSB,B0DB5VVPSB,6,White Mulberry-Dual Monitor Arm-B0DB5VVPSB-PT-SP,0,FBA79477,WM-GS2M-BK,White Mulberry,Monitor Arm,Monitor Arm,
2026-06-24,0,136.44,White Mulberry-Dual Monitor Arm-KT-SP,73201749380127,601,0.0,242129652637965,B0DB5VVPSB,B0DB5VVPSB,8,White Mulberry-Dual Monitor Arm-B0DB5VVPSB-PT-SP,0,FBA79477,WM-GS2M-BK,White Mulberry,Monitor Arm,Monitor Arm,
2026-06-25,0,108.31,White Mulberry-Dual Monitor Arm-KT-SP,73201749380127,540,0.0,242129652637965,B0DB5VVPSB,B0DB5VVPSB,5,White Mulberry-Dual Monitor Arm-B0DB5VVPSB-PT-SP,0,FBA79477,WM-GS2M-BK,White Mulberry,Monitor Arm,Monitor Arm,
2026-06-26,0,0.0,White Mulberry-Dual Monitor Arm-KT-SP,73201749380127,85,0.0,242129652637965,B0DB5VVPSB,B0DB5VVPSB,0,White Mulberry-Dual Monitor Arm-B0DB5VVPSB-PT-SP,0,FBA79477,WM-GS2M-BK,White Mulberry,Monitor Arm,Monitor Arm,
2026-06-27,1,48.17,White Mulberry-Dual Monitor Arm-KT-SP,73201749380127,105,3861.86,242129652637965,B0DB5VVPSB,B0DB5VVPSB,2,White Mulberry-Dual Monitor Arm-B0DB5VVPSB-PT-SP,1,FBA79477,WM-GS2M-BK,White Mulberry,Monitor Arm,Monitor Arm,
2026-06-28,1,97.29,White Mulberry-Dual Monitor Arm-KT-SP,73201749380127,1062,3643.22,242129652637965,B0DB5VVPSB,B0DB5VVPSB,6,White Mulberry-Dual Monitor Arm-B0DB5VVPSB-PT-SP,1,FBA79477,WM-GS2M-BK,White Mulberry,Monitor Arm,Monitor Arm,
2026-06-29,0,60.79,White Mulberry-Dual Monitor Arm-KT-SP,73201749380127,386,0.0,242129652637965,B0DB5VVPSB,B0DB5VVPSB,3,White Mulberry-Dual Monitor Arm-B0DB5VVPSB-PT-SP,0,FBA79477,WM-GS2M-BK,White Mulberry,Monitor Arm,Monitor Arm,
2026-06-30,0,45.98,White Mulberry-Dual Monitor Arm-KT-SP,73201749380127,414,0.0,242129652637965,B0DB5VVPSB,B0DB5VVPSB,2,White Mulberry-Dual Monitor Arm-B0DB5VVPSB-PT-SP,0,FBA79477,WM-GS2M-BK,White Mulberry,Monitor Arm,Monitor Arm,
2026-06-22,0,75.88,White Mulberry Monitor Arm-B0DB5W4TCP-SP-PT,253029923589444,2344,0.0,105970179136232,B0DB5W4TCP,B0DB5W4TCP,5,White Mulberry Monitor Arm-B0DB5W4TCP-SP-Phrase,0,FBA79478,WM-HA1M-BK,White Mulberry,Monitor Arm,Monitor Arm,
2026-06-23,0,17.08,White Mulberry Monitor Arm-B0DB5W4TCP-SP-PT,253029923589444,604,0.0,105970179136232,B0DB5W4TCP,B0DB5W4TCP,1,White Mulberry Monitor Arm-B0DB5W4TCP-SP-Phrase,0,FBA79478,WM-HA1M-BK,White Mulberry,Monitor Arm,Monitor Arm,
2026-06-22,0,0.0,White Mulberry Monitor Arm-MultiAsin-Defense-SP,65592098747920,14,0.0,277519855892380,B0DB5VG39T,B0DB5VG39T,0,White Mulberry Monitor Arm-MultiAsin-Defense-SP,0,FBA79476,WM-GS1M-BK,White Mulberry,Monitor Arm,Monitor Arm,
2026-06-22,0,0.0,White Mulberry Monitor Arm-MultiAsin-Defense-SP,65592098747920,3,0.0,277519855892380,FBA79617,B0DP32F346,0,White Mulberry Monitor Arm-MultiAsin-Defense-SP,0,FBA79617,HDWF1ML,White Mulberry,Monitor Arm,Monitor Arm,
2026-06-22,0,41.66,White Mulberry Monitor Arm-MultiAsin-Defense-SP,65592098747920,246,0.0,277519855892380,FBA79479,B0DB5YTQZV,3,White Mulberry Monitor Arm-MultiAsin-Defense-SP,0,FBA79479,WM-HA2M-BK,White Mulberry,Monitor Arm,Monitor Arm,
2026-06-22,0,0.0,White Mulberry Monitor Arm-MultiAsin-Defense-SP,65592098747920,40,0.0,277519855892380,B0DB5VVPSB,B0DB5VVPSB,0,White Mulberry Monitor Arm-MultiAsin-Defense-SP,0,FBA79477,WM-GS2M-BK,White Mulberry,Monitor Arm,Monitor Arm,
2026-06-22,0,0.0,White Mulberry Monitor Arm-MultiAsin-Defense-SP,65592098747920,2,0.0,277519855892380,B0DB5W4TCP,B0DB5W4TCP,0,White Mulberry Monitor Arm-MultiAsin-Defense-SP,0,FBA79478,WM-HA1M-BK,White Mulberry,Monitor Arm,Monitor Arm,
2026-06-22,0,0.0,White Mulberry Monitor Arm-MultiAsin-Defense-SP,65592098747920,123,0.0,277519855892380,FBA79613,B0DP2VVRND,0,White Mulberry Monitor Arm-MultiAsin-Defense-SP,0,FBA79613,MS1ML,White Mulberry,Monitor Arm,Monitor Arm,
2026-06-28,0,0.0,White Mulberry Monitor Arm-MultiAsin-Defense-SP,65592098747920,0,0.0,277519855892380,FBA79613,B0DP2VVRND,0,White Mulberry Monitor Arm-MultiAsin-Defense-SP,0,FBA79613,MS1ML,White Mulberry,Monitor Arm,Monitor Arm,
2026-06-22,0,0.0,White Mulberry Monitor Arm-MultiAsin-Defense-SP,65592098747920,12,0.0,277519855892380,FBM79616,B0DP3194QN,0,White Mulberry Monitor Arm-MultiAsin-Defense-SP,0,FBA79616,HD1ML,White Mulberry,Monitor Arm,Monitor Arm,
2026-06-22,0,11.16,White Mulberry Monitor Arm-B0DB5VG39T-Defense-SP,276845342414618,108,0.0,219181757644726,B0DB5VG39T,B0DB5VG39T,1,White Mulberry Monitor Arm-B0DB5VG39T-Defense-SP,0,FBA79476,WM-GS1M-BK,White Mulberry,Monitor Arm,Monitor Arm,
2026-06-23,0,16.45,White Mulberry Monitor Arm-B0DB5VG39T-Defense-SP,276845342414618,56,0.0,219181757644726,B0DB5VG39T,B0DB5VG39T,1,White Mulberry Monitor Arm-B0DB5VG39T-Defense-SP,0,FBA79476,WM-GS1M-BK,White Mulberry,Monitor Arm,Monitor Arm,
2026-06-22,0,0.0,White Mulberry Monitor Arm-B0DB5VG39T-Defense-SP,276845342414618,64,0.0,219181757644726,FBA79617,B0DP32F346,0,White Mulberry Monitor Arm-B0DB5VG39T-Defense-SP,0,FBA79617,HDWF1ML,White Mulberry,Monitor Arm,Monitor Arm,
2026-06-23,0,13.75,White Mulberry Monitor Arm-B0DB5VG39T-Defense-SP,276845342414618,41,0.0,219181757644726,FBA79617,B0DP32F346,1,White Mulberry Monitor Arm-B0DB5VG39T-Defense-SP,0,FBA79617,HDWF1ML,White Mulberry,Monitor Arm,Monitor Arm,
2026-06-22,0,70.69,White Mulberry Monitor Arm-B0DB5VG39T-Defense-SP,276845342414618,784,0.0,219181757644726,FBA79479,B0DB5YTQZV,5,White Mulberry Monitor Arm-B0DB5VG39T-Defense-SP,0,FBA79479,WM-HA2M-BK,White Mulberry,Monitor Arm,Monitor Arm,
2026-06-23,3,83.91,White Mulberry Monitor Arm-B0DB5VG39T-Defense-SP,276845342414618,919,5082.21,219181757644726,FBA79479,B0DB5YTQZV,6,White Mulberry Monitor Arm-B0DB5VG39T-Defense-SP,3,FBA79479,WM-HA2M-BK,White Mulberry,Monitor Arm,Monitor Arm,
2026-06-24,0,0.0,White Mulberry Monitor Arm-B0DB5VG39T-Defense-SP,276845342414618,0,0.0,219181757644726,FBA79479,B0DB5YTQZV,0,White Mulberry Monitor Arm-B0DB5VG39T-Defense-SP,0,FBA79479,WM-HA2M-BK,White Mulberry,Monitor Arm,Monitor Arm,
2026-06-25,0,0.0,White Mulberry Monitor Arm-B0DB5VG39T-Defense-SP,276845342414618,0,0.0,219181757644726,FBA79479,B0DB5YTQZV,0,White Mulberry Monitor Arm-B0DB5VG39T-Defense-SP,0,FBA79479,WM-HA2M-BK,White Mulberry,Monitor Arm,Monitor Arm,
2026-06-26,0,0.0,White Mulberry Monitor Arm-B0DB5VG39T-Defense-SP,276845342414618,0,0.0,219181757644726,FBA79479,B0DB5YTQZV,0,White Mulberry Monitor Arm-B0DB5VG39T-Defense-SP,0,FBA79479,WM-HA2M-BK,White Mulberry,Monitor Arm,Monitor Arm,
2026-06-27,0,0.0,White Mulberry Monitor Arm-B0DB5VG39T-Defense-SP,276845342414618,0,0.0,219181757644726,FBA79479,B0DB5YTQZV,0,White Mulberry Monitor Arm-B0DB5VG39T-Defense-SP,0,FBA79479,WM-HA2M-BK,White Mulberry,Monitor Arm,Monitor Arm,
2026-06-28,0,0.0,White Mulberry Monitor Arm-B0DB5VG39T-Defense-SP,276845342414618,0,0.0,219181757644726,FBA79479,B0DB5YTQZV,0,White Mulberry Monitor Arm-B0DB5VG39T-Defense-SP,0,FBA79479,WM-HA2M-BK,White Mulberry,Monitor Arm,Monitor Arm,
2026-06-30,0,0.0,White Mulberry Monitor Arm-B0DB5VG39T-Defense-SP,276845342414618,0,0.0,219181757644726,FBA79479,B0DB5YTQZV,0,White Mulberry Monitor Arm-B0DB5VG39T-Defense-SP,0,FBA79479,WM-HA2M-BK,White Mulberry,Monitor Arm,Monitor Arm,
2026-06-22,0,74.51,White Mulberry Monitor Arm-B0DB5VG39T-Defense-SP,276845342414618,307,0.0,219181757644726,B0DB5VVPSB,B0DB5VVPSB,5,White Mulberry Monitor Arm-B0DB5VG39T-Defense-SP,0,FBA79477,WM-GS2M-BK,White Mulberry,Monitor Arm,Monitor Arm,
2026-06-23,0,63.44,White Mulberry Monitor Arm-B0DB5VG39T-Defense-SP,276845342414618,261,0.0,219181757644726,B0DB5VVPSB,B0DB5VVPSB,4,White Mulberry Monitor Arm-B0DB5VG39T-Defense-SP,0,FBA79477,WM-GS2M-BK,White Mulberry,Monitor Arm,Monitor Arm,
2026-06-28,0,0.0,White Mulberry Monitor Arm-B0DB5VG39T-Defense-SP,276845342414618,0,0.0,219181757644726,B0DB5VVPSB,B0DB5VVPSB,0,White Mulberry Monitor Arm-B0DB5VG39T-Defense-SP,0,FBA79477,WM-GS2M-BK,White Mulberry,Monitor Arm,Monitor Arm,
2026-06-22,0,16.55,White Mulberry Monitor Arm-B0DB5VG39T-Defense-SP,276845342414618,86,0.0,219181757644726,B0DB5W4TCP,B0DB5W4TCP,1,White Mulberry Monitor Arm-B0DB5VG39T-Defense-SP,0,FBA79478,WM-HA1M-BK,White Mulberry,Monitor Arm,Monitor Arm,
2026-06-23,0,0.0,White Mulberry Monitor Arm-B0DB5VG39T-Defense-SP,276845342414618,119,0.0,219181757644726,B0DB5W4TCP,B0DB5W4TCP,0,White Mulberry Monitor Arm-B0DB5VG39T-Defense-SP,0,FBA79478,WM-HA1M-BK,White Mulberry,Monitor Arm,Monitor Arm,
2026-06-22,0,111.63,White Mulberry Monitor Arm-B0DB5VG39T-Defense-SP,276845342414618,767,0.0,219181757644726,B0DP2VVRND,B0DP2VVRND,8,White Mulberry Monitor Arm-B0DB5VG39T-Defense-SP,0,FBA79613,MS1ML,White Mulberry,Monitor Arm,Monitor Arm,
2026-06-23,0,131.02,White Mulberry Monitor Arm-B0DB5VG39T-Defense-SP,276845342414618,709,0.0,219181757644726,B0DP2VVRND,B0DP2VVRND,9,White Mulberry Monitor Arm-B0DB5VG39T-Defense-SP,0,FBA79613,MS1ML,White Mulberry,Monitor Arm,Monitor Arm,
2026-06-24,0,0.0,White Mulberry Monitor Arm-B0DB5VG39T-Defense-SP,276845342414618,0,0.0,219181757644726,B0DP2VVRND,B0DP2VVRND,0,White Mulberry Monitor Arm-B0DB5VG39T-Defense-SP,0,FBA79613,MS1ML,White Mulberry,Monitor Arm,Monitor Arm,
2026-06-26,0,0.0,White Mulberry Monitor Arm-B0DB5VG39T-Defense-SP,276845342414618,0,0.0,219181757644726,B0DP2VVRND,B0DP2VVRND,0,White Mulberry Monitor Arm-B0DB5VG39T-Defense-SP,0,FBA79613,MS1ML,White Mulberry,Monitor Arm,Monitor Arm,
2026-06-27,0,0.0,White Mulberry Monitor Arm-B0DB5VG39T-Defense-SP,276845342414618,0,0.0,219181757644726,B0DP2VVRND,B0DP2VVRND,0,White Mulberry Monitor Arm-B0DB5VG39T-Defense-SP,0,FBA79613,MS1ML,White Mulberry,Monitor Arm,Monitor Arm,
2026-06-22,0,40.89,White Mulberry Monitor Arm-B0DB5VG39T-Defense-SP,276845342414618,127,0.0,219181757644726,FBA79616,B0DP3194QN,3,White Mulberry Monitor Arm-B0DB5VG39T-Defense-SP,0,FBA79616,HD1ML,White Mulberry,Monitor Arm,Monitor Arm,
2026-06-23,0,10.81,White Mulberry Monitor Arm-B0DB5VG39T-Defense-SP,276845342414618,161,0.0,219181757644726,FBA79616,B0DP3194QN,1,White Mulberry Monitor Arm-B0DB5VG39T-Defense-SP,0,FBA79616,HD1ML,White Mulberry,Monitor Arm,Monitor Arm,
2026-06-22,0,181.9,White Mulberry Monitor Arm-B0DP32F346-Phrase-SP,136954636721897,1299,0.0,245683471741040,B0DP32F346,B0DP32F346,10,White Mulberry Monitor Arm-B0DP32F346-Phrase-SP,0,FBA79617,HDWF1ML,White Mulberry,Monitor Arm,Monitor Arm,
2026-06-23,0,215.13,White Mulberry Monitor Arm-B0DP32F346-Phrase-SP,136954636721897,2776,0.0,245683471741040,B0DP32F346,B0DP32F346,11,White Mulberry Monitor Arm-B0DP32F346-Phrase-SP,0,FBA79617,HDWF1ML,White Mulberry,Monitor Arm,Monitor Arm,
2026-06-24,0,319.38,White Mulberry Monitor Arm-B0DP32F346-Phrase-SP,136954636721897,3491,0.0,245683471741040,B0DP32F346,B0DP32F346,16,White Mulberry Monitor Arm-B0DP32F346-Phrase-SP,0,FBA79617,HDWF1ML,White Mulberry,Monitor Arm,Monitor Arm,
2026-06-25,0,107.61,White Mulberry Monitor Arm-B0DP32F346-Phrase-SP,136954636721897,3155,0.0,245683471741040,B0DP32F346,B0DP32F346,6,White Mulberry Monitor Arm-B0DP32F346-Phrase-SP,0,FBA79617,HDWF1ML,White Mulberry,Monitor Arm,Monitor Arm,
2026-06-26,0,323.56,White Mulberry Monitor Arm-B0DP32F346-Phrase-SP,136954636721897,1287,0.0,245683471741040,B0DP32F346,B0DP32F346,14,White Mulberry Monitor Arm-B0DP32F346-Phrase-SP,0,FBA79617,HDWF1ML,White Mulberry,Monitor Arm,Monitor Arm,
2026-06-27,0,0.0,White Mulberry Monitor Arm-B0DP32F346-Phrase-SP,136954636721897,0,0.0,245683471741040,B0DP32F346,B0DP32F346,0,White Mulberry Monitor Arm-B0DP32F346-Phrase-SP,0,FBA79617,HDWF1ML,White Mulberry,Monitor Arm,Monitor Arm,
2026-06-28,0,0.0,White Mulberry Monitor Arm-B0DP32F346-Phrase-SP,136954636721897,0,0.0,245683471741040,B0DP32F346,B0DP32F346,0,White Mulberry Monitor Arm-B0DP32F346-Phrase-SP,0,FBA79617,HDWF1ML,White Mulberry,Monitor Arm,Monitor Arm,
2026-06-22,0,306.84,White Mulberry Monitor Arm-B0DB5VG39T-CT-SP,205361282339126,2559,0.0,194396087518040,B0DB5VG39T,B0DB5VG39T,20,White Mulberry Monitor Arm-B0DB5VG39T-CT-SP,0,FBA79476,WM-GS1M-BK,White Mulberry,Monitor Arm,Monitor Arm,
2026-06-23,0,306.9,White Mulberry Monitor Arm-B0DB5VG39T-CT-SP,205361282339126,1873,0.0,194396087518040,B0DB5VG39T,B0DB5VG39T,18,White Mulberry Monitor Arm-B0DB5VG39T-CT-SP,0,FBA79476,WM-GS1M-BK,White Mulberry,Monitor Arm,Monitor Arm,
2026-06-24,0,0.0,White Mulberry Monitor Arm-B0DB5VG39T-CT-SP,205361282339126,0,0.0,194396087518040,B0DB5VG39T,B0DB5VG39T,0,White Mulberry Monitor Arm-B0DB5VG39T-CT-SP,0,FBA79476,WM-GS1M-BK,White Mulberry,Monitor Arm,Monitor Arm,
2026-06-26,0,0.0,White Mulberry Monitor Arm-B0DB5VG39T-CT-SP,205361282339126,0,0.0,194396087518040,B0DB5VG39T,B0DB5VG39T,0,White Mulberry Monitor Arm-B0DB5VG39T-CT-SP,0,FBA79476,WM-GS1M-BK,White Mulberry,Monitor Arm,Monitor Arm,
2026-06-28,0,0.0,White Mulberry Monitor Arm-B0DB5VG39T-CT-SP,205361282339126,0,0.0,194396087518040,B0DB5VG39T,B0DB5VG39T,0,White Mulberry Monitor Arm-B0DB5VG39T-CT-SP,0,FBA79476,WM-GS1M-BK,White Mulberry,Monitor Arm,Monitor Arm,
2026-06-30,0,0.0,White Mulberry Monitor Arm-B0DB5VG39T-CT-SP,205361282339126,0,0.0,194396087518040,B0DB5VG39T,B0DB5VG39T,0,White Mulberry Monitor Arm-B0DB5VG39T-CT-SP,0,FBA79476,WM-GS1M-BK,White Mulberry,Monitor Arm,Monitor Arm,
2026-06-22,0,252.82,White Mulberry Monitor Arm-B0DP32F346-BM-SP,126344273972717,16355,0.0,153026136384120,B0DP32F346,B0DP32F346,16,White Mulberry Monitor Arm-B0DP32F346-BM-SP,0,FBA79617,HDWF1ML,White Mulberry,Monitor Arm,Monitor Arm,
2026-06-23,3,317.92,White Mulberry Monitor Arm-B0DP32F346-BM-SP,126344273972717,3704,7878.82,153026136384120,B0DP32F346,B0DP32F346,16,White Mulberry Monitor Arm-B0DP32F346-BM-SP,3,FBA79617,HDWF1ML,White Mulberry,Monitor Arm,Monitor Arm,
2026-06-24,0,0.0,White Mulberry Monitor Arm-B0DP32F346-BM-SP,126344273972717,0,0.0,153026136384120,B0DP32F346,B0DP32F346,0,White Mulberry Monitor Arm-B0DP32F346-BM-SP,0,FBA79617,HDWF1ML,White Mulberry,Monitor Arm,Monitor Arm,
2026-06-25,0,0.0,White Mulberry Monitor Arm-B0DP32F346-BM-SP,126344273972717,0,0.0,153026136384120,B0DP32F346,B0DP32F346,0,White Mulberry Monitor Arm-B0DP32F346-BM-SP,0,FBA79617,HDWF1ML,White Mulberry,Monitor Arm,Monitor Arm,
2026-06-28,0,0.0,White Mulberry Monitor Arm-B0DP32F346-BM-SP,126344273972717,0,0.0,153026136384120,B0DP32F346,B0DP32F346,0,White Mulberry Monitor Arm-B0DP32F346-BM-SP,0,FBA79617,HDWF1ML,White Mulberry,Monitor Arm,Monitor Arm,
2026-06-29,0,0.0,White Mulberry Monitor Arm-B0DP32F346-BM-SP,126344273972717,0,0.0,153026136384120,B0DP32F346,B0DP32F346,0,White Mulberry Monitor Arm-B0DP32F346-BM-SP,0,FBA79617,HDWF1ML,White Mulberry,Monitor Arm,Monitor Arm,
2026-06-30,0,0.0,White Mulberry Monitor Arm-B0DP32F346-BM-SP,126344273972717,0,0.0,153026136384120,B0DP32F346,B0DP32F346,0,White Mulberry Monitor Arm-B0DP32F346-BM-SP,0,FBA79617,HDWF1ML,White Mulberry,Monitor Arm,Monitor Arm,
2026-06-22,1,82.28,White Mulberry Monitor Arm-B0DB5VG39T-PT-SP,216525085180689,430,2329.66,150715258657286,B0DB5VG39T,B0DB5VG39T,6,White Mulberry Monitor Arm-B0DB5VG39T-BM-SP,1,FBA79476,WM-GS1M-BK,White Mulberry,Monitor Arm,Monitor Arm,
2026-06-23,0,109.64,White Mulberry Monitor Arm-B0DB5VG39T-PT-SP,216525085180689,904,0.0,150715258657286,B0DB5VG39T,B0DB5VG39T,8,White Mulberry Monitor Arm-B0DB5VG39T-BM-SP,0,FBA79476,WM-GS1M-BK,White Mulberry,Monitor Arm,Monitor Arm,
2026-06-24,0,41.75,White Mulberry Monitor Arm-B0DB5VG39T-PT-SP,216525085180689,529,0.0,150715258657286,B0DB5VG39T,B0DB5VG39T,3,White Mulberry Monitor Arm-B0DB5VG39T-BM-SP,0,FBA79476,WM-GS1M-BK,White Mulberry,Monitor Arm,Monitor Arm,
2026-06-25,0,46.62,White Mulberry Monitor Arm-B0DB5VG39T-PT-SP,216525085180689,539,0.0,150715258657286,B0DB5VG39T,B0DB5VG39T,3,White Mulberry Monitor Arm-B0DB5VG39T-BM-SP,0,FBA79476,WM-GS1M-BK,White Mulberry,Monitor Arm,Monitor Arm,
2026-06-26,0,0.0,White Mulberry Monitor Arm-B0DB5VG39T-PT-SP,216525085180689,239,0.0,150715258657286,B0DB5VG39T,B0DB5VG39T,0,White Mulberry Monitor Arm-B0DB5VG39T-BM-SP,0,FBA79476,WM-GS1M-BK,White Mulberry,Monitor Arm,Monitor Arm,
2026-06-27,0,30.46,White Mulberry Monitor Arm-B0DB5VG39T-PT-SP,216525085180689,611,0.0,150715258657286,B0DB5VG39T,B0DB5VG39T,2,White Mulberry Monitor Arm-B0DB5VG39T-BM-SP,0,FBA79476,WM-GS1M-BK,White Mulberry,Monitor Arm,Monitor Arm,
2026-06-28,0,74.13,White Mulberry Monitor Arm-B0DB5VG39T-PT-SP,216525085180689,1193,0.0,150715258657286,B0DB5VG39T,B0DB5VG39T,5,White Mulberry Monitor Arm-B0DB5VG39T-BM-SP,0,FBA79476,WM-GS1M-BK,White Mulberry,Monitor Arm,Monitor Arm,
2026-06-29,0,89.01,White Mulberry Monitor Arm-B0DB5VG39T-PT-SP,216525085180689,438,0.0,150715258657286,B0DB5VG39T,B0DB5VG39T,6,White Mulberry Monitor Arm-B0DB5VG39T-BM-SP,0,FBA79476,WM-GS1M-BK,White Mulberry,Monitor Arm,Monitor Arm,
2026-06-30,0,97.65,White Mulberry Monitor Arm-B0DB5VG39T-PT-SP,216525085180689,935,0.0,150715258657286,B0DB5VG39T,B0DB5VG39T,6,White Mulberry Monitor Arm-B0DB5VG39T-BM-SP,0,FBA79476,WM-GS1M-BK,White Mulberry,Monitor Arm,Monitor Arm,
2026-06-22,0,222.8,White Mulberry Monitor Arm-B0DB5VG39T-BM-SP,216525085180689,2264,0.0,257525001130683,B0DB5VG39T,B0DB5VG39T,15,White Mulberry Monitor Arm-B0DB5VG39T-BM-SP,0,FBA79476,WM-GS1M-BK,White Mulberry,Monitor Arm,Monitor Arm,
2026-06-23,1,247.36,White Mulberry Monitor Arm-B0DB5VG39T-BM-SP,216525085180689,3482,2329.66,257525001130683,B0DB5VG39T,B0DB5VG39T,17,White Mulberry Monitor Arm-B0DB5VG39T-BM-SP,1,FBA79476,WM-GS1M-BK,White Mulberry,Monitor Arm,Monitor Arm,
2026-06-24,1,282.22,White Mulberry Monitor Arm-B0DB5VG39T-BM-SP,216525085180689,4393,2329.66,257525001130683,B0DB5VG39T,B0DB5VG39T,18,White Mulberry Monitor Arm-B0DB5VG39T-BM-SP,1,FBA79476,WM-GS1M-BK,White Mulberry,Monitor Arm,Monitor Arm,
2026-06-25,0,263.52,White Mulberry Monitor Arm-B0DB5VG39T-BM-SP,216525085180689,4346,0.0,257525001130683,B0DB5VG39T,B0DB5VG39T,18,White Mulberry Monitor Arm-B0DB5VG39T-BM-SP,0,FBA79476,WM-GS1M-BK,White Mulberry,Monitor Arm,Monitor Arm,
2026-06-26,0,274.15,White Mulberry Monitor Arm-B0DB5VG39T-BM-SP,216525085180689,2656,0.0,257525001130683,B0DB5VG39T,B0DB5VG39T,17,White Mulberry Monitor Arm-B0DB5VG39T-BM-SP,0,FBA79476,WM-GS1M-BK,White Mulberry,Monitor Arm,Monitor Arm,
2026-06-27,0,254.02,White Mulberry Monitor Arm-B0DB5VG39T-BM-SP,216525085180689,3245,0.0,257525001130683,B0DB5VG39T,B0DB5VG39T,16,White Mulberry Monitor Arm-B0DB5VG39T-BM-SP,0,FBA79476,WM-GS1M-BK,White Mulberry,Monitor Arm,Monitor Arm,
2026-06-28,2,209.49,White Mulberry Monitor Arm-B0DB5VG39T-BM-SP,216525085180689,3419,4320.33,257525001130683,B0DB5VG39T,B0DB5VG39T,14,White Mulberry Monitor Arm-B0DB5VG39T-BM-SP,2,FBA79476,WM-GS1M-BK,White Mulberry,Monitor Arm,Monitor Arm,
2026-06-29,0,282.56,White Mulberry Monitor Arm-B0DB5VG39T-BM-SP,216525085180689,2336,0.0,257525001130683,B0DB5VG39T,B0DB5VG39T,19,White Mulberry Monitor Arm-B0DB5VG39T-BM-SP,0,FBA79476,WM-GS1M-BK,White Mulberry,Monitor Arm,Monitor Arm,
2026-06-30,0,269.15,White Mulberry Monitor Arm-B0DB5VG39T-BM-SP,216525085180689,3702,0.0,257525001130683,B0DB5VG39T,B0DB5VG39T,17,White Mulberry Monitor Arm-B0DB5VG39T-BM-SP,0,FBA79476,WM-GS1M-BK,White Mulberry,Monitor Arm,Monitor Arm,
2026-06-22,0,0.0,White Mulberry Monitor Arm-B0DP32F346-PT-SP,19074646583079,216,0.0,19862103065449,B0DP32F346,B0DP32F346,0,White Mulberry Monitor Arm-B0DP32F346-PT-SP,0,FBA79617,HDWF1ML,White Mulberry,Monitor Arm,Monitor Arm,
2026-06-23,0,0.0,White Mulberry Monitor Arm-B0DP32F346-PT-SP,19074646583079,110,0.0,19862103065449,B0DP32F346,B0DP32F346,0,White Mulberry Monitor Arm-B0DP32F346-PT-SP,0,FBA79617,HDWF1ML,White Mulberry,Monitor Arm,Monitor Arm,
2026-06-24,1,13.99,White Mulberry Monitor Arm-B0DP32F346-PT-SP,19074646583079,146,7287.29,19862103065449,B0DP32F346,B0DP32F346,1,White Mulberry Monitor Arm-B0DP32F346-PT-SP,1,FBA79617,HDWF1ML,White Mulberry,Monitor Arm,Monitor Arm,
2026-06-25,0,30.05,White Mulberry Monitor Arm-B0DP32F346-PT-SP,19074646583079,168,0.0,19862103065449,B0DP32F346,B0DP32F346,2,White Mulberry Monitor Arm-B0DP32F346-PT-SP,0,FBA79617,HDWF1ML,White Mulberry,Monitor Arm,Monitor Arm,
2026-06-26,0,21.76,White Mulberry Monitor Arm-B0DP32F346-PT-SP,19074646583079,406,0.0,19862103065449,B0DP32F346,B0DP32F346,1,White Mulberry Monitor Arm-B0DP32F346-PT-SP,0,FBA79617,HDWF1ML,White Mulberry,Monitor Arm,Monitor Arm,
2026-06-27,0,136.59,White Mulberry Monitor Arm-B0DP32F346-PT-SP,19074646583079,537,0.0,19862103065449,B0DP32F346,B0DP32F346,7,White Mulberry Monitor Arm-B0DP32F346-PT-SP,0,FBA79617,HDWF1ML,White Mulberry,Monitor Arm,Monitor Arm,
2026-06-28,0,21.94,White Mulberry Monitor Arm-B0DP32F346-PT-SP,19074646583079,528,0.0,19862103065449,B0DP32F346,B0DP32F346,1,White Mulberry Monitor Arm-B0DP32F346-PT-SP,0,FBA79617,HDWF1ML,White Mulberry,Monitor Arm,Monitor Arm,
2026-06-29,0,57.01,White Mulberry Monitor Arm-B0DP32F346-PT-SP,19074646583079,412,0.0,19862103065449,B0DP32F346,B0DP32F346,3,White Mulberry Monitor Arm-B0DP32F346-PT-SP,0,FBA79617,HDWF1ML,White Mulberry,Monitor Arm,Monitor Arm,
2026-06-30,0,162.25,White Mulberry Monitor Arm-B0DP32F346-PT-SP,19074646583079,1849,0.0,19862103065449,B0DP32F346,B0DP32F346,7,White Mulberry Monitor Arm-B0DP32F346-PT-SP,0,FBA79617,HDWF1ML,White Mulberry,Monitor Arm,Monitor Arm,
2026-06-24,0,161.05,White Mulberry Dual Monitor Arm-B0DB5VVPSB-BM-SP,72931095858986,10072,0.0,134249486986979,B0DB5VVPSB,B0DB5VVPSB,14,White Mulberry Dual Monitor Arm-B0DB5VVPSB-BM-SP,0,FBA79477,WM-GS2M-BK,White Mulberry,Monitor Arm,Monitor Arm,
2026-06-25,0,203.23,White Mulberry Dual Monitor Arm-B0DB5VVPSB-BM-SP,72931095858986,9025,0.0,134249486986979,B0DB5VVPSB,B0DB5VVPSB,17,White Mulberry Dual Monitor Arm-B0DB5VVPSB-BM-SP,0,FBA79477,WM-GS2M-BK,White Mulberry,Monitor Arm,Monitor Arm,
2026-06-26,0,191.93,White Mulberry Dual Monitor Arm-B0DB5VVPSB-BM-SP,72931095858986,4985,0.0,134249486986979,B0DB5VVPSB,B0DB5VVPSB,14,White Mulberry Dual Monitor Arm-B0DB5VVPSB-BM-SP,0,FBA79477,WM-GS2M-BK,White Mulberry,Monitor Arm,Monitor Arm,
2026-06-27,0,183.63,White Mulberry Dual Monitor Arm-B0DB5VVPSB-BM-SP,72931095858986,4329,0.0,134249486986979,B0DB5VVPSB,B0DB5VVPSB,12,White Mulberry Dual Monitor Arm-B0DB5VVPSB-BM-SP,0,FBA79477,WM-GS2M-BK,White Mulberry,Monitor Arm,Monitor Arm,
2026-06-28,0,180.19,White Mulberry Dual Monitor Arm-B0DB5VVPSB-BM-SP,72931095858986,2980,0.0,134249486986979,B0DB5VVPSB,B0DB5VVPSB,13,White Mulberry Dual Monitor Arm-B0DB5VVPSB-BM-SP,0,FBA79477,WM-GS2M-BK,White Mulberry,Monitor Arm,Monitor Arm,
2026-06-29,1,365.51,White Mulberry Dual Monitor Arm-B0DB5VVPSB-BM-SP,72931095858986,9124,7287.29,134249486986979,B0DB5VVPSB,B0DB5VVPSB,28,White Mulberry Dual Monitor Arm-B0DB5VVPSB-BM-SP,1,FBA79477,WM-GS2M-BK,White Mulberry,Monitor Arm,Monitor Arm,
2026-06-30,0,365.92,White Mulberry Dual Monitor Arm-B0DB5VVPSB-BM-SP,72931095858986,12991,0.0,134249486986979,B0DB5VVPSB,B0DB5VVPSB,26,White Mulberry Dual Monitor Arm-B0DB5VVPSB-BM-SP,0,FBA79477,WM-GS2M-BK,White Mulberry,Monitor Arm,Monitor Arm,
2026-06-24,0,0.0,White Mulberry Monitor Stand-B0DP2VVRND-PT-SP,136790952441955,1,0.0,117662759113156,FBA79613,B0DP2VVRND,0,White Mulberry Monitor Stand-B0DP2VVRND-BM/PT-SP,0,FBA79613,MS1ML,White Mulberry,Monitor Arm,Monitor Arm,
2026-06-25,0,20.55,White Mulberry Monitor Stand-B0DP2VVRND-PT-SP,136790952441955,223,0.0,117662759113156,FBA79613,B0DP2VVRND,2,White Mulberry Monitor Stand-B0DP2VVRND-BM/PT-SP,0,FBA79613,MS1ML,White Mulberry,Monitor Arm,Monitor Arm,
2026-06-26,0,37.45,White Mulberry Monitor Stand-B0DP2VVRND-PT-SP,136790952441955,217,0.0,117662759113156,FBA79613,B0DP2VVRND,3,White Mulberry Monitor Stand-B0DP2VVRND-BM/PT-SP,0,FBA79613,MS1ML,White Mulberry,Monitor Arm,Monitor Arm,
2026-06-27,0,0.0,White Mulberry Monitor Stand-B0DP2VVRND-PT-SP,136790952441955,58,0.0,117662759113156,FBA79613,B0DP2VVRND,0,White Mulberry Monitor Stand-B0DP2VVRND-BM/PT-SP,0,FBA79613,MS1ML,White Mulberry,Monitor Arm,Monitor Arm,
2026-06-28,0,43.36,White Mulberry Monitor Stand-B0DP2VVRND-PT-SP,136790952441955,564,0.0,117662759113156,FBA79613,B0DP2VVRND,5,White Mulberry Monitor Stand-B0DP2VVRND-BM/PT-SP,0,FBA79613,MS1ML,White Mulberry,Monitor Arm,Monitor Arm,
2026-06-29,1,32.07,White Mulberry Monitor Stand-B0DP2VVRND-PT-SP,136790952441955,110,1694.07,117662759113156,FBA79613,B0DP2VVRND,4,White Mulberry Monitor Stand-B0DP2VVRND-BM/PT-SP,1,FBA79613,MS1ML,White Mulberry,Monitor Arm,Monitor Arm,
2026-06-30,0,73.57,White Mulberry Monitor Stand-B0DP2VVRND-PT-SP,136790952441955,574,0.0,117662759113156,FBA79613,B0DP2VVRND,7,White Mulberry Monitor Stand-B0DP2VVRND-BM/PT-SP,0,FBA79613,MS1ML,White Mulberry,Monitor Arm,Monitor Arm,
2026-06-24,0,72.03,White Mulberry Monitor Arm-B0DB5VVPSB-Phrase-SP,208099093682412,547,0.0,155549606586907,B0DB5VVPSB,B0DB5VVPSB,6,White Mulberry Monitor Arm-B0DB5VVPSB-Phrase-SP,0,FBA79477,WM-GS2M-BK,White Mulberry,Monitor Arm,Monitor Arm,
2026-06-25,0,9.65,White Mulberry Monitor Arm-B0DB5VVPSB-Phrase-SP,208099093682412,537,0.0,155549606586907,B0DB5VVPSB,B0DB5VVPSB,1,White Mulberry Monitor Arm-B0DB5VVPSB-Phrase-SP,0,FBA79477,WM-GS2M-BK,White Mulberry,Monitor Arm,Monitor Arm,
2026-06-26,0,12.44,White Mulberry Monitor Arm-B0DB5VVPSB-Phrase-SP,208099093682412,98,0.0,155549606586907,B0DB5VVPSB,B0DB5VVPSB,1,White Mulberry Monitor Arm-B0DB5VVPSB-Phrase-SP,0,FBA79477,WM-GS2M-BK,White Mulberry,Monitor Arm,Monitor Arm,
2026-06-27,0,0.0,White Mulberry Monitor Arm-B0DB5VVPSB-Phrase-SP,208099093682412,23,0.0,155549606586907,B0DB5VVPSB,B0DB5VVPSB,0,White Mulberry Monitor Arm-B0DB5VVPSB-Phrase-SP,0,FBA79477,WM-GS2M-BK,White Mulberry,Monitor Arm,Monitor Arm,
2026-06-28,0,0.0,White Mulberry Monitor Arm-B0DB5VVPSB-Phrase-SP,208099093682412,24,0.0,155549606586907,B0DB5VVPSB,B0DB5VVPSB,0,White Mulberry Monitor Arm-B0DB5VVPSB-Phrase-SP,0,FBA79477,WM-GS2M-BK,White Mulberry,Monitor Arm,Monitor Arm,
2026-06-29,0,0.0,White Mulberry Monitor Arm-B0DB5VVPSB-Phrase-SP,208099093682412,32,0.0,155549606586907,B0DB5VVPSB,B0DB5VVPSB,0,White Mulberry Monitor Arm-B0DB5VVPSB-Phrase-SP,0,FBA79477,WM-GS2M-BK,White Mulberry,Monitor Arm,Monitor Arm,
2026-06-30,0,0.0,White Mulberry Monitor Arm-B0DB5VVPSB-Phrase-SP,208099093682412,29,0.0,155549606586907,B0DB5VVPSB,B0DB5VVPSB,0,White Mulberry Monitor Arm-B0DB5VVPSB-Phrase-SP,0,FBA79477,WM-GS2M-BK,White Mulberry,Monitor Arm,Monitor Arm,
2026-06-23,0,0.0,White Mulberry Monitor Arm-B0DB5VG39T-BM-SP,159753167393113,31,0.0,244822091440684,B0DB5VG39T,B0DB5VG39T,0,White Mulberry Monitor Arm-B0DB5VG39T-1-BM-SP,0,FBA79476,WM-GS1M-BK,White Mulberry,Monitor Arm,Monitor Arm,
2026-06-24,0,48.93,White Mulberry Monitor Arm-B0DB5VG39T-BM-SP,159753167393113,593,0.0,244822091440684,B0DB5VG39T,B0DB5VG39T,3,White Mulberry Monitor Arm-B0DB5VG39T-1-BM-SP,0,FBA79476,WM-GS1M-BK,White Mulberry,Monitor Arm,Monitor Arm,
2026-06-25,0,173.11,White Mulberry Monitor Arm-B0DB5VG39T-BM-SP,159753167393113,1086,0.0,244822091440684,B0DB5VG39T,B0DB5VG39T,10,White Mulberry Monitor Arm-B0DB5VG39T-1-BM-SP,0,FBA79476,WM-GS1M-BK,White Mulberry,Monitor Arm,Monitor Arm,
2026-06-26,0,198.17,White Mulberry Monitor Arm-B0DB5VG39T-BM-SP,159753167393113,1801,0.0,244822091440684,B0DB5VG39T,B0DB5VG39T,12,White Mulberry Monitor Arm-B0DB5VG39T-1-BM-SP,0,FBA79476,WM-GS1M-BK,White Mulberry,Monitor Arm,Monitor Arm,
2026-06-27,0,186.03,White Mulberry Monitor Arm-B0DB5VG39T-BM-SP,159753167393113,1862,0.0,244822091440684,B0DB5VG39T,B0DB5VG39T,11,White Mulberry Monitor Arm-B0DB5VG39T-1-BM-SP,0,FBA79476,WM-GS1M-BK,White Mulberry,Monitor Arm,Monitor Arm,
2026-06-28,0,154.38,White Mulberry Monitor Arm-B0DB5VG39T-BM-SP,159753167393113,1294,0.0,244822091440684,B0DB5VG39T,B0DB5VG39T,9,White Mulberry Monitor Arm-B0DB5VG39T-1-BM-SP,0,FBA79476,WM-GS1M-BK,White Mulberry,Monitor Arm,Monitor Arm,
2026-06-29,0,147.58,White Mulberry Monitor Arm-B0DB5VG39T-BM-SP,159753167393113,813,0.0,244822091440684,B0DB5VG39T,B0DB5VG39T,9,White Mulberry Monitor Arm-B0DB5VG39T-1-BM-SP,0,FBA79476,WM-GS1M-BK,White Mulberry,Monitor Arm,Monitor Arm,
2026-06-30,0,89.17,White Mulberry Monitor Arm-B0DB5VG39T-BM-SP,159753167393113,575,0.0,244822091440684,B0DB5VG39T,B0DB5VG39T,5,White Mulberry Monitor Arm-B0DB5VG39T-1-BM-SP,0,FBA79476,WM-GS1M-BK,White Mulberry,Monitor Arm,Monitor Arm,
2026-06-24,0,0.0,White Mulberry Monitor Arm-B0DB5VG39T-CT-SP,117783982048953,51,0.0,197524109736682,FBA79617,B0DP32F346,0,White Mulberry Monitor Arm-MultiAsin-Phrase/CT-SP,0,FBA79617,HDWF1ML,White Mulberry,Monitor Arm,Monitor Arm,
2026-06-25,0,0.0,White Mulberry Monitor Arm-B0DB5VG39T-CT-SP,117783982048953,60,0.0,197524109736682,FBA79617,B0DP32F346,0,White Mulberry Monitor Arm-MultiAsin-Phrase/CT-SP,0,FBA79617,HDWF1ML,White Mulberry,Monitor Arm,Monitor Arm,
2026-06-26,0,0.0,White Mulberry Monitor Arm-B0DB5VG39T-CT-SP,117783982048953,48,0.0,197524109736682,FBA79617,B0DP32F346,0,White Mulberry Monitor Arm-MultiAsin-Phrase/CT-SP,0,FBA79617,HDWF1ML,White Mulberry,Monitor Arm,Monitor Arm,
2026-06-27,0,0.0,White Mulberry Monitor Arm-B0DB5VG39T-CT-SP,117783982048953,28,0.0,197524109736682,FBA79617,B0DP32F346,0,White Mulberry Monitor Arm-MultiAsin-Phrase/CT-SP,0,FBA79617,HDWF1ML,White Mulberry,Monitor Arm,Monitor Arm,
2026-06-28,0,0.0,White Mulberry Monitor Arm-B0DB5VG39T-CT-SP,117783982048953,7,0.0,197524109736682,FBA79617,B0DP32F346,0,White Mulberry Monitor Arm-MultiAsin-Phrase/CT-SP,0,FBA79617,HDWF1ML,White Mulberry,Monitor Arm,Monitor Arm,
2026-06-29,0,0.0,White Mulberry Monitor Arm-B0DB5VG39T-CT-SP,117783982048953,8,0.0,197524109736682,FBA79617,B0DP32F346,0,White Mulberry Monitor Arm-MultiAsin-Phrase/CT-SP,0,FBA79617,HDWF1ML,White Mulberry,Monitor Arm,Monitor Arm,
2026-06-24,0,100.51,White Mulberry Monitor Arm-B0DB5VG39T-CT-SP,117783982048953,540,0.0,197524109736682,FBA79479,B0DB5YTQZV,7,White Mulberry Monitor Arm-MultiAsin-Phrase/CT-SP,0,FBA79479,WM-HA2M-BK,White Mulberry,Monitor Arm,Monitor Arm,
2026-06-25,0,142.45,White Mulberry Monitor Arm-B0DB5VG39T-CT-SP,117783982048953,541,0.0,197524109736682,FBA79479,B0DB5YTQZV,11,White Mulberry Monitor Arm-MultiAsin-Phrase/CT-SP,0,FBA79479,WM-HA2M-BK,White Mulberry,Monitor Arm,Monitor Arm,
2026-06-26,0,99.17,White Mulberry Monitor Arm-B0DB5VG39T-CT-SP,117783982048953,591,0.0,197524109736682,FBA79479,B0DB5YTQZV,7,White Mulberry Monitor Arm-MultiAsin-Phrase/CT-SP,0,FBA79479,WM-HA2M-BK,White Mulberry,Monitor Arm,Monitor Arm,
2026-06-27,0,48.67,White Mulberry Monitor Arm-B0DB5VG39T-CT-SP,117783982048953,357,0.0,197524109736682,FBA79479,B0DB5YTQZV,3,White Mulberry Monitor Arm-MultiAsin-Phrase/CT-SP,0,FBA79479,WM-HA2M-BK,White Mulberry,Monitor Arm,Monitor Arm,
2026-06-28,0,27.08,White Mulberry Monitor Arm-B0DB5VG39T-CT-SP,117783982048953,230,0.0,197524109736682,FBA79479,B0DB5YTQZV,2,White Mulberry Monitor Arm-MultiAsin-Phrase/CT-SP,0,FBA79479,WM-HA2M-BK,White Mulberry,Monitor Arm,Monitor Arm,
2026-06-29,0,29.27,White Mulberry Monitor Arm-B0DB5VG39T-CT-SP,117783982048953,282,0.0,197524109736682,FBA79479,B0DB5YTQZV,2,White Mulberry Monitor Arm-MultiAsin-Phrase/CT-SP,0,FBA79479,WM-HA2M-BK,White Mulberry,Monitor Arm,Monitor Arm,
2026-06-30,0,0.0,White Mulberry Monitor Arm-B0DB5VG39T-CT-SP,117783982048953,0,0.0,197524109736682,FBA79479,B0DB5YTQZV,0,White Mulberry Monitor Arm-MultiAsin-Phrase/CT-SP,0,FBA79479,WM-HA2M-BK,White Mulberry,Monitor Arm,Monitor Arm,
2026-06-24,0,16.5,White Mulberry Monitor Arm-B0DB5VG39T-CT-SP,117783982048953,24,0.0,197524109736682,B0DB5VVPSB,B0DB5VVPSB,1,White Mulberry Monitor Arm-MultiAsin-Phrase/CT-SP,0,FBA79477,WM-GS2M-BK,White Mulberry,Monitor Arm,Monitor Arm,
2026-06-25,0,24.1,White Mulberry Monitor Arm-B0DB5VG39T-CT-SP,117783982048953,201,0.0,197524109736682,B0DB5VVPSB,B0DB5VVPSB,2,White Mulberry Monitor Arm-MultiAsin-Phrase/CT-SP,0,FBA79477,WM-GS2M-BK,White Mulberry,Monitor Arm,Monitor Arm,
2026-06-26,0,0.0,White Mulberry Monitor Arm-B0DB5VG39T-CT-SP,117783982048953,258,0.0,197524109736682,B0DB5VVPSB,B0DB5VVPSB,0,White Mulberry Monitor Arm-MultiAsin-Phrase/CT-SP,0,FBA79477,WM-GS2M-BK,White Mulberry,Monitor Arm,Monitor Arm,
2026-06-27,0,0.0,White Mulberry Monitor Arm-B0DB5VG39T-CT-SP,117783982048953,168,0.0,197524109736682,B0DB5VVPSB,B0DB5VVPSB,0,White Mulberry Monitor Arm-MultiAsin-Phrase/CT-SP,0,FBA79477,WM-GS2M-BK,White Mulberry,Monitor Arm,Monitor Arm,
2026-06-28,0,16.5,White Mulberry Monitor Arm-B0DB5VG39T-CT-SP,117783982048953,109,0.0,197524109736682,B0DB5VVPSB,B0DB5VVPSB,1,White Mulberry Monitor Arm-MultiAsin-Phrase/CT-SP,0,FBA79477,WM-GS2M-BK,White Mulberry,Monitor Arm,Monitor Arm,
2026-06-29,0,15.55,White Mulberry Monitor Arm-B0DB5VG39T-CT-SP,117783982048953,117,0.0,197524109736682,B0DB5VVPSB,B0DB5VVPSB,1,White Mulberry Monitor Arm-MultiAsin-Phrase/CT-SP,0,FBA79477,WM-GS2M-BK,White Mulberry,Monitor Arm,Monitor Arm,
2026-06-24,0,16.5,White Mulberry Monitor Arm-B0DB5VG39T-CT-SP,117783982048953,39,0.0,197524109736682,B0DB5W4TCP,B0DB5W4TCP,1,White Mulberry Monitor Arm-MultiAsin-Phrase/CT-SP,0,FBA79478,WM-HA1M-BK,White Mulberry,Monitor Arm,Monitor Arm,
2026-06-25,0,0.0,White Mulberry Monitor Arm-B0DB5VG39T-CT-SP,117783982048953,60,0.0,197524109736682,B0DB5W4TCP,B0DB5W4TCP,0,White Mulberry Monitor Arm-MultiAsin-Phrase/CT-SP,0,FBA79478,WM-HA1M-BK,White Mulberry,Monitor Arm,Monitor Arm,
2026-06-26,0,0.0,White Mulberry Monitor Arm-B0DB5VG39T-CT-SP,117783982048953,119,0.0,197524109736682,B0DB5W4TCP,B0DB5W4TCP,0,White Mulberry Monitor Arm-MultiAsin-Phrase/CT-SP,0,FBA79478,WM-HA1M-BK,White Mulberry,Monitor Arm,Monitor Arm,
2026-06-27,0,16.43,White Mulberry Monitor Arm-B0DB5VG39T-CT-SP,117783982048953,76,0.0,197524109736682,B0DB5W4TCP,B0DB5W4TCP,1,White Mulberry Monitor Arm-MultiAsin-Phrase/CT-SP,0,FBA79478,WM-HA1M-BK,White Mulberry,Monitor Arm,Monitor Arm,
2026-06-28,0,30.55,White Mulberry Monitor Arm-B0DB5VG39T-CT-SP,117783982048953,59,0.0,197524109736682,B0DB5W4TCP,B0DB5W4TCP,2,White Mulberry Monitor Arm-MultiAsin-Phrase/CT-SP,0,FBA79478,WM-HA1M-BK,White Mulberry,Monitor Arm,Monitor Arm,
2026-06-29,0,0.0,White Mulberry Monitor Arm-B0DB5VG39T-CT-SP,117783982048953,66,0.0,197524109736682,B0DB5W4TCP,B0DB5W4TCP,0,White Mulberry Monitor Arm-MultiAsin-Phrase/CT-SP,0,FBA79478,WM-HA1M-BK,White Mulberry,Monitor Arm,Monitor Arm,
2026-06-24,0,0.0,White Mulberry Monitor Arm-B0DB5VG39T-CT-SP,117783982048953,18,0.0,197524109736682,FBA79613,B0DP2VVRND,0,White Mulberry Monitor Arm-MultiAsin-Phrase/CT-SP,0,FBA79613,MS1ML,White Mulberry,Monitor Arm,Monitor Arm,
2026-06-25,0,47.61,White Mulberry Monitor Arm-B0DB5VG39T-CT-SP,117783982048953,541,0.0,197524109736682,FBA79613,B0DP2VVRND,3,White Mulberry Monitor Arm-MultiAsin-Phrase/CT-SP,0,FBA79613,MS1ML,White Mulberry,Monitor Arm,Monitor Arm,
2026-06-26,0,98.82,White Mulberry Monitor Arm-B0DB5VG39T-CT-SP,117783982048953,993,0.0,197524109736682,FBA79613,B0DP2VVRND,7,White Mulberry Monitor Arm-MultiAsin-Phrase/CT-SP,0,FBA79613,MS1ML,White Mulberry,Monitor Arm,Monitor Arm,
2026-06-27,0,93.78,White Mulberry Monitor Arm-B0DB5VG39T-CT-SP,117783982048953,745,0.0,197524109736682,FBA79613,B0DP2VVRND,7,White Mulberry Monitor Arm-MultiAsin-Phrase/CT-SP,0,FBA79613,MS1ML,White Mulberry,Monitor Arm,Monitor Arm,
2026-06-28,0,93.97,White Mulberry Monitor Arm-B0DB5VG39T-CT-SP,117783982048953,386,0.0,197524109736682,FBA79613,B0DP2VVRND,6,White Mulberry Monitor Arm-MultiAsin-Phrase/CT-SP,0,FBA79613,MS1ML,White Mulberry,Monitor Arm,Monitor Arm,
2026-06-29,0,132.42,White Mulberry Monitor Arm-B0DB5VG39T-CT-SP,117783982048953,917,0.0,197524109736682,FBA79613,B0DP2VVRND,9,White Mulberry Monitor Arm-MultiAsin-Phrase/CT-SP,0,FBA79613,MS1ML,White Mulberry,Monitor Arm,Monitor Arm,
2026-06-30,0,0.0,White Mulberry Monitor Arm-B0DB5VG39T-CT-SP,117783982048953,0,0.0,197524109736682,FBA79613,B0DP2VVRND,0,White Mulberry Monitor Arm-MultiAsin-Phrase/CT-SP,0,FBA79613,MS1ML,White Mulberry,Monitor Arm,Monitor Arm,
2026-06-24,1,40.83,White Mulberry Monitor Arm-B0DB5W4TCP-BM-SP,181692343061029,1828,1450.85,79725664299054,B0DB5W4TCP,B0DB5W4TCP,4,White Mulberry Monitor Arm-B0DB5W4TCP-BM/PT-SP,1,FBA79478,WM-HA1M-BK,White Mulberry,Monitor Arm,Monitor Arm,
2026-06-25,0,122.4,White Mulberry Monitor Arm-B0DB5W4TCP-BM-SP,181692343061029,9974,0.0,79725664299054,B0DB5W4TCP,B0DB5W4TCP,10,White Mulberry Monitor Arm-B0DB5W4TCP-BM/PT-SP,0,FBA79478,WM-HA1M-BK,White Mulberry,Monitor Arm,Monitor Arm,
2026-06-26,1,163.83,White Mulberry Monitor Arm-B0DB5W4TCP-BM-SP,181692343061029,9584,1450.85,79725664299054,B0DB5W4TCP,B0DB5W4TCP,14,White Mulberry Monitor Arm-B0DB5W4TCP-BM/PT-SP,1,FBA79478,WM-HA1M-BK,White Mulberry,Monitor Arm,Monitor Arm,
2026-06-27,0,106.25,White Mulberry Monitor Arm-B0DB5W4TCP-BM-SP,181692343061029,10823,0.0,79725664299054,B0DB5W4TCP,B0DB5W4TCP,10,White Mulberry Monitor Arm-B0DB5W4TCP-BM/PT-SP,0,FBA79478,WM-HA1M-BK,White Mulberry,Monitor Arm,Monitor Arm,
2026-06-28,0,108.36,White Mulberry Monitor Arm-B0DB5W4TCP-BM-SP,181692343061029,11874,0.0,79725664299054,B0DB5W4TCP,B0DB5W4TCP,9,White Mulberry Monitor Arm-B0DB5W4TCP-BM/PT-SP,0,FBA79478,WM-HA1M-BK,White Mulberry,Monitor Arm,Monitor Arm,
2026-06-29,0,125.51,White Mulberry Monitor Arm-B0DB5W4TCP-BM-SP,181692343061029,9302,0.0,79725664299054,B0DB5W4TCP,B0DB5W4TCP,10,White Mulberry Monitor Arm-B0DB5W4TCP-BM/PT-SP,0,FBA79478,WM-HA1M-BK,White Mulberry,Monitor Arm,Monitor Arm,
2026-06-30,0,133.36,White Mulberry Monitor Arm-B0DB5W4TCP-BM-SP,181692343061029,1921,0.0,79725664299054,B0DB5W4TCP,B0DB5W4TCP,10,White Mulberry Monitor Arm-B0DB5W4TCP-BM/PT-SP,0,FBA79478,WM-HA1M-BK,White Mulberry,Monitor Arm,Monitor Arm,
2026-06-23,0,0.0,White Mulberry Monitor Arm-B0DP32F346-Phrase-SP,117783982048953,43,0.0,41210535709816,B0DB5VG39T,B0DB5VG39T,0,White Mulberry Monitor Arm-MultiAsin-Phrase/CT-SP,0,FBA79476,WM-GS1M-BK,White Mulberry,Monitor Arm,Monitor Arm,
2026-06-24,0,0.0,White Mulberry Monitor Arm-B0DP32F346-Phrase-SP,117783982048953,86,0.0,41210535709816,B0DB5VG39T,B0DB5VG39T,0,White Mulberry Monitor Arm-MultiAsin-Phrase/CT-SP,0,FBA79476,WM-GS1M-BK,White Mulberry,Monitor Arm,Monitor Arm,
2026-06-25,0,0.0,White Mulberry Monitor Arm-B0DP32F346-Phrase-SP,117783982048953,51,0.0,41210535709816,B0DB5VG39T,B0DB5VG39T,0,White Mulberry Monitor Arm-MultiAsin-Phrase/CT-SP,0,FBA79476,WM-GS1M-BK,White Mulberry,Monitor Arm,Monitor Arm,
2026-06-26,0,0.0,White Mulberry Monitor Arm-B0DP32F346-Phrase-SP,117783982048953,169,0.0,41210535709816,B0DB5VG39T,B0DB5VG39T,0,White Mulberry Monitor Arm-MultiAsin-Phrase/CT-SP,0,FBA79476,WM-GS1M-BK,White Mulberry,Monitor Arm,Monitor Arm,
2026-06-27,0,26.26,White Mulberry Monitor Arm-B0DP32F346-Phrase-SP,117783982048953,279,0.0,41210535709816,B0DB5VG39T,B0DB5VG39T,2,White Mulberry Monitor Arm-MultiAsin-Phrase/CT-SP,0,FBA79476,WM-GS1M-BK,White Mulberry,Monitor Arm,Monitor Arm,
2026-06-28,0,35.11,White Mulberry Monitor Arm-B0DP32F346-Phrase-SP,117783982048953,150,0.0,41210535709816,B0DB5VG39T,B0DB5VG39T,2,White Mulberry Monitor Arm-MultiAsin-Phrase/CT-SP,0,FBA79476,WM-GS1M-BK,White Mulberry,Monitor Arm,Monitor Arm,
2026-06-29,0,17.3,White Mulberry Monitor Arm-B0DP32F346-Phrase-SP,117783982048953,252,0.0,41210535709816,B0DB5VG39T,B0DB5VG39T,1,White Mulberry Monitor Arm-MultiAsin-Phrase/CT-SP,0,FBA79476,WM-GS1M-BK,White Mulberry,Monitor Arm,Monitor Arm,
2026-06-23,0,16.1,White Mulberry Dual Monitor Arm-B0DB5YTQZV-BM-2-SP,61584851208016,52,0.0,10686553284082,FBA79479,B0DB5YTQZV,1,White Mulberry Dual Monitor Arm-B0DB5YTQZV-BM-SP,0,FBA79479,WM-HA2M-BK,White Mulberry,Monitor Arm,Monitor Arm,
2026-06-24,1,94.62,White Mulberry Dual Monitor Arm-B0DB5YTQZV-BM-2-SP,61584851208016,607,1694.07,10686553284082,FBA79479,B0DB5YTQZV,7,White Mulberry Dual Monitor Arm-B0DB5YTQZV-BM-SP,1,FBA79479,WM-HA2M-BK,White Mulberry,Monitor Arm,Monitor Arm,
2026-06-25,0,154.72,White Mulberry Dual Monitor Arm-B0DB5YTQZV-BM-2-SP,61584851208016,763,0.0,10686553284082,FBA79479,B0DB5YTQZV,11,White Mulberry Dual Monitor Arm-B0DB5YTQZV-BM-SP,0,FBA79479,WM-HA2M-BK,White Mulberry,Monitor Arm,Monitor Arm,
2026-06-26,0,278.83,White Mulberry Dual Monitor Arm-B0DB5YTQZV-BM-2-SP,61584851208016,1332,0.0,10686553284082,FBA79479,B0DB5YTQZV,18,White Mulberry Dual Monitor Arm-B0DB5YTQZV-BM-SP,0,FBA79479,WM-HA2M-BK,White Mulberry,Monitor Arm,Monitor Arm,
2026-06-27,0,259.94,White Mulberry Dual Monitor Arm-B0DB5YTQZV-BM-2-SP,61584851208016,1454,0.0,10686553284082,FBA79479,B0DB5YTQZV,16,White Mulberry Dual Monitor Arm-B0DB5YTQZV-BM-SP,0,FBA79479,WM-HA2M-BK,White Mulberry,Monitor Arm,Monitor Arm,
2026-06-28,2,283.42,White Mulberry Dual Monitor Arm-B0DB5YTQZV-BM-2-SP,61584851208016,1364,3388.13,10686553284082,FBA79479,B0DB5YTQZV,18,White Mulberry Dual Monitor Arm-B0DB5YTQZV-BM-SP,2,FBA79479,WM-HA2M-BK,White Mulberry,Monitor Arm,Monitor Arm,
2026-06-29,1,267.89,White Mulberry Dual Monitor Arm-B0DB5YTQZV-BM-2-SP,61584851208016,1486,1694.07,10686553284082,FBA79479,B0DB5YTQZV,15,White Mulberry Dual Monitor Arm-B0DB5YTQZV-BM-SP,1,FBA79479,WM-HA2M-BK,White Mulberry,Monitor Arm,Monitor Arm,
2026-06-30,0,350.14,White Mulberry Dual Monitor Arm-B0DB5YTQZV-BM-2-SP,61584851208016,1368,0.0,10686553284082,FBA79479,B0DB5YTQZV,17,White Mulberry Dual Monitor Arm-B0DB5YTQZV-BM-SP,0,FBA79479,WM-HA2M-BK,White Mulberry,Monitor Arm,Monitor Arm,
2026-06-23,0,0.0,White Mulberry Dual Monitor Arm-B0DB5YTQZV-BM-SP,61584851208016,1,0.0,164857694048391,FBA79479,B0DB5YTQZV,0,White Mulberry Dual Monitor Arm-B0DB5YTQZV-BM-SP,0,FBA79479,WM-HA2M-BK,White Mulberry,Monitor Arm,Monitor Arm,
2026-06-24,0,50.36,White Mulberry Dual Monitor Arm-B0DB5YTQZV-BM-SP,61584851208016,139,0.0,164857694048391,FBA79479,B0DB5YTQZV,3,White Mulberry Dual Monitor Arm-B0DB5YTQZV-BM-SP,0,FBA79479,WM-HA2M-BK,White Mulberry,Monitor Arm,Monitor Arm,
2026-06-25,0,33.8,White Mulberry Dual Monitor Arm-B0DB5YTQZV-BM-SP,61584851208016,149,0.0,164857694048391,FBA79479,B0DB5YTQZV,2,White Mulberry Dual Monitor Arm-B0DB5YTQZV-BM-SP,0,FBA79479,WM-HA2M-BK,White Mulberry,Monitor Arm,Monitor Arm,
2026-06-26,0,33.36,White Mulberry Dual Monitor Arm-B0DB5YTQZV-BM-SP,61584851208016,87,0.0,164857694048391,FBA79479,B0DB5YTQZV,2,White Mulberry Dual Monitor Arm-B0DB5YTQZV-BM-SP,0,FBA79479,WM-HA2M-BK,White Mulberry,Monitor Arm,Monitor Arm,
2026-06-27,0,22.63,White Mulberry Dual Monitor Arm-B0DB5YTQZV-BM-SP,61584851208016,62,0.0,164857694048391,FBA79479,B0DB5YTQZV,2,White Mulberry Dual Monitor Arm-B0DB5YTQZV-BM-SP,0,FBA79479,WM-HA2M-BK,White Mulberry,Monitor Arm,Monitor Arm,
2026-06-28,0,0.0,White Mulberry Dual Monitor Arm-B0DB5YTQZV-BM-SP,61584851208016,115,0.0,164857694048391,FBA79479,B0DB5YTQZV,0,White Mulberry Dual Monitor Arm-B0DB5YTQZV-BM-SP,0,FBA79479,WM-HA2M-BK,White Mulberry,Monitor Arm,Monitor Arm,
2026-06-29,0,23.62,White Mulberry Dual Monitor Arm-B0DB5YTQZV-BM-SP,61584851208016,167,0.0,164857694048391,FBA79479,B0DB5YTQZV,2,White Mulberry Dual Monitor Arm-B0DB5YTQZV-BM-SP,0,FBA79479,WM-HA2M-BK,White Mulberry,Monitor Arm,Monitor Arm,
2026-06-30,0,65.34,White Mulberry Dual Monitor Arm-B0DB5YTQZV-BM-SP,61584851208016,373,0.0,164857694048391,FBA79479,B0DB5YTQZV,4,White Mulberry Dual Monitor Arm-B0DB5YTQZV-BM-SP,0,FBA79479,WM-HA2M-BK,White Mulberry,Monitor Arm,Monitor Arm,
2026-06-24,0,153.94,White Mulberry Monitor Arm-B0DB5W4TCP-AT-SP,203130199939057,2695,0.0,517355039307016,B0DB5W4TCP,B0DB5W4TCP,15,White Mulberry Monitor Arm-B0DB5W4TCP-AT-SP,0,FBA79478,WM-HA1M-BK,White Mulberry,Monitor Arm,Monitor Arm,
2026-06-25,0,139.54,White Mulberry Monitor Arm-B0DB5W4TCP-AT-SP,203130199939057,5195,0.0,517355039307016,B0DB5W4TCP,B0DB5W4TCP,16,White Mulberry Monitor Arm-B0DB5W4TCP-AT-SP,0,FBA79478,WM-HA1M-BK,White Mulberry,Monitor Arm,Monitor Arm,
2026-06-26,1,206.88,White Mulberry Monitor Arm-B0DB5W4TCP-AT-SP,203130199939057,3648,1312.71,517355039307016,B0DB5W4TCP,B0DB5W4TCP,20,White Mulberry Monitor Arm-B0DB5W4TCP-AT-SP,1,FBA79478,WM-HA1M-BK,White Mulberry,Monitor Arm,Monitor Arm,
2026-06-27,0,8.66,White Mulberry Monitor Arm-B0DB5W4TCP-AT-SP,203130199939057,91,0.0,517355039307016,B0DB5W4TCP,B0DB5W4TCP,1,White Mulberry Monitor Arm-B0DB5W4TCP-AT-SP,0,FBA79478,WM-HA1M-BK,White Mulberry,Monitor Arm,Monitor Arm,
2026-06-23,0,32.21,White Mulberry Monitor Arm-B0DP32F346-BM-SP,82610433731110,349,0.0,104744581601198,B0DP32F346,B0DP32F346,2,White Mulberry Monitor Arm-B0DP32F346--BM-SP,0,FBA79617,HDWF1ML,White Mulberry,Monitor Arm,Monitor Arm,
2026-06-24,0,147.95,White Mulberry Monitor Arm-B0DP32F346-BM-SP,82610433731110,10205,0.0,104744581601198,B0DP32F346,B0DP32F346,11,White Mulberry Monitor Arm-B0DP32F346--BM-SP,0,FBA79617,HDWF1ML,White Mulberry,Monitor Arm,Monitor Arm,
2026-06-25,0,206.57,White Mulberry Monitor Arm-B0DP32F346-BM-SP,82610433731110,9206,0.0,104744581601198,B0DP32F346,B0DP32F346,14,White Mulberry Monitor Arm-B0DP32F346--BM-SP,0,FBA79617,HDWF1ML,White Mulberry,Monitor Arm,Monitor Arm,
2026-06-26,0,265.25,White Mulberry Monitor Arm-B0DP32F346-BM-SP,82610433731110,8536,0.0,104744581601198,B0DP32F346,B0DP32F346,16,White Mulberry Monitor Arm-B0DP32F346--BM-SP,0,FBA79617,HDWF1ML,White Mulberry,Monitor Arm,Monitor Arm,
2026-06-27,0,228.15,White Mulberry Monitor Arm-B0DP32F346-BM-SP,82610433731110,9530,0.0,104744581601198,B0DP32F346,B0DP32F346,15,White Mulberry Monitor Arm-B0DP32F346--BM-SP,0,FBA79617,HDWF1ML,White Mulberry,Monitor Arm,Monitor Arm,
2026-06-28,0,238.8,White Mulberry Monitor Arm-B0DP32F346-BM-SP,82610433731110,7913,0.0,104744581601198,B0DP32F346,B0DP32F346,15,White Mulberry Monitor Arm-B0DP32F346--BM-SP,0,FBA79617,HDWF1ML,White Mulberry,Monitor Arm,Monitor Arm,
2026-06-29,1,285.97,White Mulberry Monitor Arm-B0DP32F346-BM-SP,82610433731110,15056,2765.26,104744581601198,B0DP32F346,B0DP32F346,19,White Mulberry Monitor Arm-B0DP32F346--BM-SP,1,FBA79617,HDWF1ML,White Mulberry,Monitor Arm,Monitor Arm,
2026-06-30,0,273.7,White Mulberry Monitor Arm-B0DP32F346-BM-SP,82610433731110,4214,0.0,104744581601198,B0DP32F346,B0DP32F346,16,White Mulberry Monitor Arm-B0DP32F346--BM-SP,0,FBA79617,HDWF1ML,White Mulberry,Monitor Arm,Monitor Arm,
2026-06-24,0,0.0,White Mulberry Monitor Arm-B0DB5VVPSB-2-Phrase--SP,208099093682412,85,0.0,274561465186222,B0DB5VVPSB,B0DB5VVPSB,0,White Mulberry Monitor Arm-B0DB5VVPSB-Phrase-SP,0,FBA79477,WM-GS2M-BK,White Mulberry,Monitor Arm,Monitor Arm,
2026-06-25,0,70.96,White Mulberry Monitor Arm-B0DB5VVPSB-2-Phrase--SP,208099093682412,770,0.0,274561465186222,B0DB5VVPSB,B0DB5VVPSB,5,White Mulberry Monitor Arm-B0DB5VVPSB-Phrase-SP,0,FBA79477,WM-GS2M-BK,White Mulberry,Monitor Arm,Monitor Arm,
2026-06-26,0,28.77,White Mulberry Monitor Arm-B0DB5VVPSB-2-Phrase--SP,208099093682412,1857,0.0,274561465186222,B0DB5VVPSB,B0DB5VVPSB,3,White Mulberry Monitor Arm-B0DB5VVPSB-Phrase-SP,0,FBA79477,WM-GS2M-BK,White Mulberry,Monitor Arm,Monitor Arm,
2026-06-27,0,199.46,White Mulberry Monitor Arm-B0DB5VVPSB-2-Phrase--SP,208099093682412,2893,0.0,274561465186222,B0DB5VVPSB,B0DB5VVPSB,16,White Mulberry Monitor Arm-B0DB5VVPSB-Phrase-SP,0,FBA79477,WM-GS2M-BK,White Mulberry,Monitor Arm,Monitor Arm,
2026-06-28,0,232.56,White Mulberry Monitor Arm-B0DB5VVPSB-2-Phrase--SP,208099093682412,2730,0.0,274561465186222,B0DB5VVPSB,B0DB5VVPSB,18,White Mulberry Monitor Arm-B0DB5VVPSB-Phrase-SP,0,FBA79477,WM-GS2M-BK,White Mulberry,Monitor Arm,Monitor Arm,
2026-06-29,0,213.96,White Mulberry Monitor Arm-B0DB5VVPSB-2-Phrase--SP,208099093682412,2649,0.0,274561465186222,B0DB5VVPSB,B0DB5VVPSB,17,White Mulberry Monitor Arm-B0DB5VVPSB-Phrase-SP,0,FBA79477,WM-GS2M-BK,White Mulberry,Monitor Arm,Monitor Arm,
2026-06-30,0,92.58,White Mulberry Monitor Arm-B0DB5VVPSB-2-Phrase--SP,208099093682412,2086,0.0,274561465186222,B0DB5VVPSB,B0DB5VVPSB,6,White Mulberry Monitor Arm-B0DB5VVPSB-Phrase-SP,0,FBA79477,WM-GS2M-BK,White Mulberry,Monitor Arm,Monitor Arm,
2026-06-24,0,0.0,White Mulberry Monitor Arm-B0DB5VG39T-CT-SP,117783982048953,60,0.0,197524109736682,B0DB5VG39T,B0DB5VG39T,0,White Mulberry Monitor Arm-MultiAsin-Phrase/CT-SP,0,FBA79476,WM-GS1M-BK,White Mulberry,Monitor Arm,Monitor Arm,
2026-06-25,0,12.43,White Mulberry Monitor Arm-B0DB5VG39T-CT-SP,117783982048953,124,0.0,197524109736682,B0DB5VG39T,B0DB5VG39T,1,White Mulberry Monitor Arm-MultiAsin-Phrase/CT-SP,0,FBA79476,WM-GS1M-BK,White Mulberry,Monitor Arm,Monitor Arm,
2026-06-26,0,3.58,White Mulberry Monitor Arm-B0DB5VG39T-CT-SP,117783982048953,119,0.0,197524109736682,B0DB5VG39T,B0DB5VG39T,1,White Mulberry Monitor Arm-MultiAsin-Phrase/CT-SP,0,FBA79476,WM-GS1M-BK,White Mulberry,Monitor Arm,Monitor Arm,
2026-06-27,0,24.57,White Mulberry Monitor Arm-B0DB5VG39T-CT-SP,117783982048953,75,0.0,197524109736682,B0DB5VG39T,B0DB5VG39T,2,White Mulberry Monitor Arm-MultiAsin-Phrase/CT-SP,0,FBA79476,WM-GS1M-BK,White Mulberry,Monitor Arm,Monitor Arm,
2026-06-28,0,12.8,White Mulberry Monitor Arm-B0DB5VG39T-CT-SP,117783982048953,80,0.0,197524109736682,B0DB5VG39T,B0DB5VG39T,1,White Mulberry Monitor Arm-MultiAsin-Phrase/CT-SP,0,FBA79476,WM-GS1M-BK,White Mulberry,Monitor Arm,Monitor Arm,
2026-06-29,0,32.83,White Mulberry Monitor Arm-B0DB5VG39T-CT-SP,117783982048953,71,0.0,197524109736682,B0DB5VG39T,B0DB5VG39T,2,White Mulberry Monitor Arm-MultiAsin-Phrase/CT-SP,0,FBA79476,WM-GS1M-BK,White Mulberry,Monitor Arm,Monitor Arm,
2026-06-24,0,3.41,White Mulberry Monitor Arm-B0DB5YTQZV-PT-SP,228559247320524,26,0.0,60929452442145,FBA79479,B0DB5YTQZV,1,White Mulberry Monitor Arm-B0DB5YTQZV-PT-SP,0,FBA79479,WM-HA2M-BK,White Mulberry,Monitor Arm,Monitor Arm,
2026-06-25,1,28.7,White Mulberry Monitor Arm-B0DB5YTQZV-PT-SP,228559247320524,147,1609.36,60929452442145,FBA79479,B0DB5YTQZV,2,White Mulberry Monitor Arm-B0DB5YTQZV-PT-SP,1,FBA79479,WM-HA2M-BK,White Mulberry,Monitor Arm,Monitor Arm,
2026-06-26,0,203.48,White Mulberry Monitor Arm-B0DB5YTQZV-PT-SP,228559247320524,775,0.0,60929452442145,FBA79479,B0DB5YTQZV,11,White Mulberry Monitor Arm-B0DB5YTQZV-PT-SP,0,FBA79479,WM-HA2M-BK,White Mulberry,Monitor Arm,Monitor Arm,
2026-06-27,0,204.91,White Mulberry Monitor Arm-B0DB5YTQZV-PT-SP,228559247320524,771,0.0,60929452442145,FBA79479,B0DB5YTQZV,11,White Mulberry Monitor Arm-B0DB5YTQZV-PT-SP,0,FBA79479,WM-HA2M-BK,White Mulberry,Monitor Arm,Monitor Arm,
2026-06-28,0,198.07,White Mulberry Monitor Arm-B0DB5YTQZV-PT-SP,228559247320524,694,0.0,60929452442145,FBA79479,B0DB5YTQZV,11,White Mulberry Monitor Arm-B0DB5YTQZV-PT-SP,0,FBA79479,WM-HA2M-BK,White Mulberry,Monitor Arm,Monitor Arm,
2026-06-29,0,190.1,White Mulberry Monitor Arm-B0DB5YTQZV-PT-SP,228559247320524,780,0.0,60929452442145,FBA79479,B0DB5YTQZV,11,White Mulberry Monitor Arm-B0DB5YTQZV-PT-SP,0,FBA79479,WM-HA2M-BK,White Mulberry,Monitor Arm,Monitor Arm,
2026-06-30,1,166.53,White Mulberry Monitor Arm-B0DB5YTQZV-PT-SP,228559247320524,430,1694.07,60929452442145,FBA79479,B0DB5YTQZV,9,White Mulberry Monitor Arm-B0DB5YTQZV-PT-SP,1,FBA79479,WM-HA2M-BK,White Mulberry,Monitor Arm,Monitor Arm,
2026-06-25,0,0.0,White Mulberry Dual Monitor Arm-B0DB5VVPSB-PT-SP,216569756429166,230,0.0,42933855125305,B0DB5VVPSB,B0DB5VVPSB,0,White Mulberry Dual Monitor Arm-B0DB5VVPSB-PT-SP,0,FBA79477,WM-GS2M-BK,White Mulberry,Monitor Arm,Monitor Arm,
2026-06-26,0,56.2,White Mulberry Dual Monitor Arm-B0DB5VVPSB-PT-SP,216569756429166,642,0.0,42933855125305,B0DB5VVPSB,B0DB5VVPSB,4,White Mulberry Dual Monitor Arm-B0DB5VVPSB-PT-SP,0,FBA79477,WM-GS2M-BK,White Mulberry,Monitor Arm,Monitor Arm,
2026-06-27,0,201.26,White Mulberry Dual Monitor Arm-B0DB5VVPSB-PT-SP,216569756429166,1520,0.0,42933855125305,B0DB5VVPSB,B0DB5VVPSB,14,White Mulberry Dual Monitor Arm-B0DB5VVPSB-PT-SP,0,FBA79477,WM-GS2M-BK,White Mulberry,Monitor Arm,Monitor Arm,
2026-06-28,0,200.29,White Mulberry Dual Monitor Arm-B0DB5VVPSB-PT-SP,216569756429166,941,0.0,42933855125305,B0DB5VVPSB,B0DB5VVPSB,14,White Mulberry Dual Monitor Arm-B0DB5VVPSB-PT-SP,0,FBA79477,WM-GS2M-BK,White Mulberry,Monitor Arm,Monitor Arm,
2026-06-29,0,188.05,White Mulberry Dual Monitor Arm-B0DB5VVPSB-PT-SP,216569756429166,1415,0.0,42933855125305,B0DB5VVPSB,B0DB5VVPSB,13,White Mulberry Dual Monitor Arm-B0DB5VVPSB-PT-SP,0,FBA79477,WM-GS2M-BK,White Mulberry,Monitor Arm,Monitor Arm,
2026-06-30,1,216.24,White Mulberry Dual Monitor Arm-B0DB5VVPSB-PT-SP,216569756429166,1602,1694.07,42933855125305,B0DB5VVPSB,B0DB5VVPSB,15,White Mulberry Dual Monitor Arm-B0DB5VVPSB-PT-SP,1,FBA79477,WM-GS2M-BK,White Mulberry,Monitor Arm,Monitor Arm,
2026-06-24,0,0.0,White Mulberry Monitor Arm-B0DB5W4TCP-PT-SP,181692343061029,31,0.0,184717517187770,B0DB5W4TCP,B0DB5W4TCP,0,White Mulberry Monitor Arm-B0DB5W4TCP-BM/PT-SP,0,FBA79478,WM-HA1M-BK,White Mulberry,Monitor Arm,Monitor Arm,
2026-06-25,0,0.0,White Mulberry Monitor Arm-B0DB5W4TCP-PT-SP,181692343061029,61,0.0,184717517187770,B0DB5W4TCP,B0DB5W4TCP,0,White Mulberry Monitor Arm-B0DB5W4TCP-BM/PT-SP,0,FBA79478,WM-HA1M-BK,White Mulberry,Monitor Arm,Monitor Arm,
2026-06-26,0,24.7,White Mulberry Monitor Arm-B0DB5W4TCP-PT-SP,181692343061029,88,0.0,184717517187770,B0DB5W4TCP,B0DB5W4TCP,2,White Mulberry Monitor Arm-B0DB5W4TCP-BM/PT-SP,0,FBA79478,WM-HA1M-BK,White Mulberry,Monitor Arm,Monitor Arm,
2026-06-27,0,33.49,White Mulberry Monitor Arm-B0DB5W4TCP-PT-SP,181692343061029,328,0.0,184717517187770,B0DB5W4TCP,B0DB5W4TCP,3,White Mulberry Monitor Arm-B0DB5W4TCP-BM/PT-SP,0,FBA79478,WM-HA1M-BK,White Mulberry,Monitor Arm,Monitor Arm,
2026-06-28,0,43.56,White Mulberry Monitor Arm-B0DB5W4TCP-PT-SP,181692343061029,483,0.0,184717517187770,B0DB5W4TCP,B0DB5W4TCP,4,White Mulberry Monitor Arm-B0DB5W4TCP-BM/PT-SP,0,FBA79478,WM-HA1M-BK,White Mulberry,Monitor Arm,Monitor Arm,
2026-06-29,0,73.01,White Mulberry Monitor Arm-B0DB5W4TCP-PT-SP,181692343061029,1099,0.0,184717517187770,B0DB5W4TCP,B0DB5W4TCP,6,White Mulberry Monitor Arm-B0DB5W4TCP-BM/PT-SP,0,FBA79478,WM-HA1M-BK,White Mulberry,Monitor Arm,Monitor Arm,
2026-06-30,1,58.29,White Mulberry Monitor Arm-B0DB5W4TCP-PT-SP,181692343061029,438,1397.46,184717517187770,B0DB5W4TCP,B0DB5W4TCP,5,White Mulberry Monitor Arm-B0DB5W4TCP-BM/PT-SP,1,FBA79478,WM-HA1M-BK,White Mulberry,Monitor Arm,Monitor Arm,
2026-06-24,0,0.0,White Mulberry Monitor Arm-B0DP32F346-Phrase-SP,117783982048953,49,0.0,41210535709816,FBA79617,B0DP32F346,0,White Mulberry Monitor Arm-MultiAsin-Phrase/CT-SP,0,FBA79617,HDWF1ML,White Mulberry,Monitor Arm,Monitor Arm,
2026-06-25,0,0.0,White Mulberry Monitor Arm-B0DP32F346-Phrase-SP,117783982048953,25,0.0,41210535709816,FBA79617,B0DP32F346,0,White Mulberry Monitor Arm-MultiAsin-Phrase/CT-SP,0,FBA79617,HDWF1ML,White Mulberry,Monitor Arm,Monitor Arm,
2026-06-26,0,0.0,White Mulberry Monitor Arm-B0DP32F346-Phrase-SP,117783982048953,91,0.0,41210535709816,FBA79617,B0DP32F346,0,White Mulberry Monitor Arm-MultiAsin-Phrase/CT-SP,0,FBA79617,HDWF1ML,White Mulberry,Monitor Arm,Monitor Arm,
2026-06-27,0,0.0,White Mulberry Monitor Arm-B0DP32F346-Phrase-SP,117783982048953,231,0.0,41210535709816,FBA79617,B0DP32F346,0,White Mulberry Monitor Arm-MultiAsin-Phrase/CT-SP,0,FBA79617,HDWF1ML,White Mulberry,Monitor Arm,Monitor Arm,
2026-06-28,0,0.0,White Mulberry Monitor Arm-B0DP32F346-Phrase-SP,117783982048953,124,0.0,41210535709816,FBA79617,B0DP32F346,0,White Mulberry Monitor Arm-MultiAsin-Phrase/CT-SP,0,FBA79617,HDWF1ML,White Mulberry,Monitor Arm,Monitor Arm,
2026-06-29,0,0.0,White Mulberry Monitor Arm-B0DP32F346-Phrase-SP,117783982048953,161,0.0,41210535709816,FBA79617,B0DP32F346,0,White Mulberry Monitor Arm-MultiAsin-Phrase/CT-SP,0,FBA79617,HDWF1ML,White Mulberry,Monitor Arm,Monitor Arm,
2026-06-24,0,0.0,White Mulberry Monitor Arm-B0DP32F346-Phrase-SP,117783982048953,171,0.0,41210535709816,FBA79479,B0DB5YTQZV,0,White Mulberry Monitor Arm-MultiAsin-Phrase/CT-SP,0,FBA79479,WM-HA2M-BK,White Mulberry,Monitor Arm,Monitor Arm,
2026-06-25,0,0.0,White Mulberry Monitor Arm-B0DP32F346-Phrase-SP,117783982048953,167,0.0,41210535709816,FBA79479,B0DB5YTQZV,0,White Mulberry Monitor Arm-MultiAsin-Phrase/CT-SP,0,FBA79479,WM-HA2M-BK,White Mulberry,Monitor Arm,Monitor Arm,
2026-06-26,0,0.0,White Mulberry Monitor Arm-B0DP32F346-Phrase-SP,117783982048953,89,0.0,41210535709816,FBA79479,B0DB5YTQZV,0,White Mulberry Monitor Arm-MultiAsin-Phrase/CT-SP,0,FBA79479,WM-HA2M-BK,White Mulberry,Monitor Arm,Monitor Arm,
2026-06-27,0,18.32,White Mulberry Monitor Arm-B0DP32F346-Phrase-SP,117783982048953,94,0.0,41210535709816,FBA79479,B0DB5YTQZV,1,White Mulberry Monitor Arm-MultiAsin-Phrase/CT-SP,0,FBA79479,WM-HA2M-BK,White Mulberry,Monitor Arm,Monitor Arm,
2026-06-28,0,0.0,White Mulberry Monitor Arm-B0DP32F346-Phrase-SP,117783982048953,48,0.0,41210535709816,FBA79479,B0DB5YTQZV,0,White Mulberry Monitor Arm-MultiAsin-Phrase/CT-SP,0,FBA79479,WM-HA2M-BK,White Mulberry,Monitor Arm,Monitor Arm,
2026-06-29,0,0.0,White Mulberry Monitor Arm-B0DP32F346-Phrase-SP,117783982048953,58,0.0,41210535709816,FBA79479,B0DB5YTQZV,0,White Mulberry Monitor Arm-MultiAsin-Phrase/CT-SP,0,FBA79479,WM-HA2M-BK,White Mulberry,Monitor Arm,Monitor Arm,
2026-06-24,0,5.34,White Mulberry Monitor Arm-B0DP32F346-Phrase-SP,117783982048953,153,0.0,41210535709816,B0DB5VVPSB,B0DB5VVPSB,1,White Mulberry Monitor Arm-MultiAsin-Phrase/CT-SP,0,FBA79477,WM-GS2M-BK,White Mulberry,Monitor Arm,Monitor Arm,
2026-06-25,0,0.0,White Mulberry Monitor Arm-B0DP32F346-Phrase-SP,117783982048953,95,0.0,41210535709816,B0DB5VVPSB,B0DB5VVPSB,0,White Mulberry Monitor Arm-MultiAsin-Phrase/CT-SP,0,FBA79477,WM-GS2M-BK,White Mulberry,Monitor Arm,Monitor Arm,
2026-06-26,0,18.4,White Mulberry Monitor Arm-B0DP32F346-Phrase-SP,117783982048953,134,0.0,41210535709816,B0DB5VVPSB,B0DB5VVPSB,1,White Mulberry Monitor Arm-MultiAsin-Phrase/CT-SP,0,FBA79477,WM-GS2M-BK,White Mulberry,Monitor Arm,Monitor Arm,
2026-06-27,0,0.0,White Mulberry Monitor Arm-B0DP32F346-Phrase-SP,117783982048953,237,0.0,41210535709816,B0DB5VVPSB,B0DB5VVPSB,0,White Mulberry Monitor Arm-MultiAsin-Phrase/CT-SP,0,FBA79477,WM-GS2M-BK,White Mulberry,Monitor Arm,Monitor Arm,
2026-06-28,0,0.0,White Mulberry Monitor Arm-B0DP32F346-Phrase-SP,117783982048953,50,0.0,41210535709816,B0DB5VVPSB,B0DB5VVPSB,0,White Mulberry Monitor Arm-MultiAsin-Phrase/CT-SP,0,FBA79477,WM-GS2M-BK,White Mulberry,Monitor Arm,Monitor Arm,
2026-06-29,0,0.0,White Mulberry Monitor Arm-B0DP32F346-Phrase-SP,117783982048953,116,0.0,41210535709816,B0DB5VVPSB,B0DB5VVPSB,0,White Mulberry Monitor Arm-MultiAsin-Phrase/CT-SP,0,FBA79477,WM-GS2M-BK,White Mulberry,Monitor Arm,Monitor Arm,
2026-06-24,0,19.78,White Mulberry Monitor Arm-B0DP32F346-Phrase-SP,117783982048953,36,0.0,41210535709816,B0DB5W4TCP,B0DB5W4TCP,2,White Mulberry Monitor Arm-MultiAsin-Phrase/CT-SP,0,FBA79478,WM-HA1M-BK,White Mulberry,Monitor Arm,Monitor Arm,
2026-06-25,0,0.0,White Mulberry Monitor Arm-B0DP32F346-Phrase-SP,117783982048953,43,0.0,41210535709816,B0DB5W4TCP,B0DB5W4TCP,0,White Mulberry Monitor Arm-MultiAsin-Phrase/CT-SP,0,FBA79478,WM-HA1M-BK,White Mulberry,Monitor Arm,Monitor Arm,
2026-06-26,0,36.43,White Mulberry Monitor Arm-B0DP32F346-Phrase-SP,117783982048953,147,0.0,41210535709816,B0DB5W4TCP,B0DB5W4TCP,2,White Mulberry Monitor Arm-MultiAsin-Phrase/CT-SP,0,FBA79478,WM-HA1M-BK,White Mulberry,Monitor Arm,Monitor Arm,
2026-06-27,0,0.0,White Mulberry Monitor Arm-B0DP32F346-Phrase-SP,117783982048953,216,0.0,41210535709816,B0DB5W4TCP,B0DB5W4TCP,0,White Mulberry Monitor Arm-MultiAsin-Phrase/CT-SP,0,FBA79478,WM-HA1M-BK,White Mulberry,Monitor Arm,Monitor Arm,
2026-06-28,0,17.74,White Mulberry Monitor Arm-B0DP32F346-Phrase-SP,117783982048953,78,0.0,41210535709816,B0DB5W4TCP,B0DB5W4TCP,1,White Mulberry Monitor Arm-MultiAsin-Phrase/CT-SP,0,FBA79478,WM-HA1M-BK,White Mulberry,Monitor Arm,Monitor Arm,
2026-06-29,0,0.0,White Mulberry Monitor Arm-B0DP32F346-Phrase-SP,117783982048953,111,0.0,41210535709816,B0DB5W4TCP,B0DB5W4TCP,0,White Mulberry Monitor Arm-MultiAsin-Phrase/CT-SP,0,FBA79478,WM-HA1M-BK,White Mulberry,Monitor Arm,Monitor Arm,
2026-06-30,0,0.0,White Mulberry Monitor Arm-B0DP32F346-Phrase-SP,117783982048953,0,0.0,41210535709816,B0DB5W4TCP,B0DB5W4TCP,0,White Mulberry Monitor Arm-MultiAsin-Phrase/CT-SP,0,FBA79478,WM-HA1M-BK,White Mulberry,Monitor Arm,Monitor Arm,
2026-06-24,0,0.0,White Mulberry Monitor Arm-B0DP32F346-Phrase-SP,117783982048953,335,0.0,41210535709816,FBA79613,B0DP2VVRND,0,White Mulberry Monitor Arm-MultiAsin-Phrase/CT-SP,0,FBA79613,MS1ML,White Mulberry,Monitor Arm,Monitor Arm,
2026-06-25,0,0.0,White Mulberry Monitor Arm-B0DP32F346-Phrase-SP,117783982048953,305,0.0,41210535709816,FBA79613,B0DP2VVRND,0,White Mulberry Monitor Arm-MultiAsin-Phrase/CT-SP,0,FBA79613,MS1ML,White Mulberry,Monitor Arm,Monitor Arm,
2026-06-26,0,0.0,White Mulberry Monitor Arm-B0DP32F346-Phrase-SP,117783982048953,309,0.0,41210535709816,FBA79613,B0DP2VVRND,0,White Mulberry Monitor Arm-MultiAsin-Phrase/CT-SP,0,FBA79613,MS1ML,White Mulberry,Monitor Arm,Monitor Arm,
2026-06-27,0,0.0,White Mulberry Monitor Arm-B0DP32F346-Phrase-SP,117783982048953,340,0.0,41210535709816,FBA79613,B0DP2VVRND,0,White Mulberry Monitor Arm-MultiAsin-Phrase/CT-SP,0,FBA79613,MS1ML,White Mulberry,Monitor Arm,Monitor Arm,
2026-06-28,0,0.0,White Mulberry Monitor Arm-B0DP32F346-Phrase-SP,117783982048953,216,0.0,41210535709816,FBA79613,B0DP2VVRND,0,White Mulberry Monitor Arm-MultiAsin-Phrase/CT-SP,0,FBA79613,MS1ML,White Mulberry,Monitor Arm,Monitor Arm,
2026-06-29,0,0.0,White Mulberry Monitor Arm-B0DP32F346-Phrase-SP,117783982048953,306,0.0,41210535709816,FBA79613,B0DP2VVRND,0,White Mulberry Monitor Arm-MultiAsin-Phrase/CT-SP,0,FBA79613,MS1ML,White Mulberry,Monitor Arm,Monitor Arm,
2026-06-24,6,260.55,White Mulberry Monitor Stand-B0DP2VVRND-BM-SP,136790952441955,1292,8639.82,88515593118125,FBA79613,B0DP2VVRND,22,White Mulberry Monitor Stand-B0DP2VVRND-BM/PT-SP,6,FBA79613,MS1ML,White Mulberry,Monitor Arm,Monitor Arm,
2026-06-25,0,211.02,White Mulberry Monitor Stand-B0DP2VVRND-BM-SP,136790952441955,2310,0.0,88515593118125,FBA79613,B0DP2VVRND,17,White Mulberry Monitor Stand-B0DP2VVRND-BM/PT-SP,0,FBA79613,MS1ML,White Mulberry,Monitor Arm,Monitor Arm,
2026-06-26,1,275.85,White Mulberry Monitor Stand-B0DP2VVRND-BM-SP,136790952441955,1867,1736.44,88515593118125,FBA79613,B0DP2VVRND,21,White Mulberry Monitor Stand-B0DP2VVRND-BM/PT-SP,1,FBA79613,MS1ML,White Mulberry,Monitor Arm,Monitor Arm,
2026-06-27,4,281.36,White Mulberry Monitor Stand-B0DP2VVRND-BM-SP,136790952441955,1579,6818.65,88515593118125,FBA79613,B0DP2VVRND,22,White Mulberry Monitor Stand-B0DP2VVRND-BM/PT-SP,4,FBA79613,MS1ML,White Mulberry,Monitor Arm,Monitor Arm,
2026-06-28,0,239.5,White Mulberry Monitor Stand-B0DP2VVRND-BM-SP,136790952441955,1565,0.0,88515593118125,FBA79613,B0DP2VVRND,18,White Mulberry Monitor Stand-B0DP2VVRND-BM/PT-SP,0,FBA79613,MS1ML,White Mulberry,Monitor Arm,Monitor Arm,
2026-06-29,0,319.06,White Mulberry Monitor Stand-B0DP2VVRND-BM-SP,136790952441955,1684,0.0,88515593118125,FBA79613,B0DP2VVRND,24,White Mulberry Monitor Stand-B0DP2VVRND-BM/PT-SP,0,FBA79613,MS1ML,White Mulberry,Monitor Arm,Monitor Arm,
2026-06-30,0,336.24,White Mulberry Monitor Stand-B0DP2VVRND-BM-SP,136790952441955,1651,0.0,88515593118125,FBA79613,B0DP2VVRND,22,White Mulberry Monitor Stand-B0DP2VVRND-BM/PT-SP,0,FBA79613,MS1ML,White Mulberry,Monitor Arm,Monitor Arm,
