"Image","Title","Item Highlights","Sales Rank: Current","Sales Rank: 30 days avg.","Sales Rank: 90 days avg.","Sales Rank: 365 days avg.","Sales Rank: Drops last 30 days","Monthly Sales Trends: Monthly Sold (Last Known)","Reviews: Rating","Reviews: Rating Count","ASIN","Brand"
"https://m.media-amazon.com/images/I/71jXhYchIxL.jpg;https://m.media-amazon.com/images/I/61i5uwOH1qL.jpg;https://m.media-amazon.com/images/I/61-+tjcWS4L.jpg;https://m.media-amazon.com/images/I/51U5L5tbphL.jpg;https://m.media-amazon.com/images/I/51vrc1-m56L.jpg;https://m.media-amazon.com/images/I/61zO8R0JSuL.jpg;https://m.media-amazon.com/images/I/71K-SRm0g-L.jpg","NexLev Handheld Garment Steamer |1500 Watts | 35 g/min | 300 ML| Vertical & Horizontal Ironing for Silk Velvet|Damage Free Steam for all Cloth Types|25sec quick heat | 3 Brushes |GS-01","","328590","319701","302498","88545","0","10","3.9","123","B0CDPQXPC1","nexlev"
"https://m.media-amazon.com/images/I/71+RZvglJ7L.jpg;https://m.media-amazon.com/images/I/810FZ3grJ+L.jpg;https://m.media-amazon.com/images/I/81QimcXDHAL.jpg;https://m.media-amazon.com/images/I/81tqFQHbBXL.jpg;https://m.media-amazon.com/images/I/81ZhqnQxO-L.jpg;https://m.media-amazon.com/images/I/81GsNUJ34gL.jpg;https://m.media-amazon.com/images/I/81nzY+UfrQL.jpg;https://m.media-amazon.com/images/I/91hnAlZn0RL.jpg;https://m.media-amazon.com/images/I/613hdJ4UbTL.jpg","Nexlev Steam Iron Handheld For Clothes | Hand Iron Steamer For Clothes 1500W Garment Steamer | 300ML Tank | Vertical & Horizontal Steam Press for Clothes | 25s Quick Heat | Travel Friendly GS-02","","17926","32363","42671","21535","13","100","4.1","299","B0CDPMX152","nexlev"
"https://m.media-amazon.com/images/I/61Q0vs-wTNL.jpg;https://m.media-amazon.com/images/I/71DOSkwk4vL.jpg;https://m.media-amazon.com/images/I/81k912NAmUL.jpg;https://m.media-amazon.com/images/I/81zc9ABOiLL.jpg;https://m.media-amazon.com/images/I/71q0qFh0xOL.jpg;https://m.media-amazon.com/images/I/71EFOaIJ7QL.jpg;https://m.media-amazon.com/images/I/71gi1ZY6WwL.jpg;https://m.media-amazon.com/images/I/81lg0-P6swL.jpg;https://m.media-amazon.com/images/I/613hdJ4UbTL.jpg","NexLev Steam Cleaner For Home | For Complete Home Kitchen Bathroom Car Sofa & Office | Steam Cleaner With 9 Accessories | 300 ML | Window Pane, Sink, Chimney Grease, Water Stain Cleaner | 1000W","","2517","2248","3888","5359","28","500","3.9","783","B0CDPP45BM","nexlev"
"https://m.media-amazon.com/images/I/71OYSRLOpsL.jpg;https://m.media-amazon.com/images/I/71glW987FyL.jpg;https://m.media-amazon.com/images/I/71JIq0JHamL.jpg;https://m.media-amazon.com/images/I/81FLmofCtWL.jpg;https://m.media-amazon.com/images/I/81peyQAsfeL.jpg;https://m.media-amazon.com/images/I/711Y2qsrfLL.jpg;https://m.media-amazon.com/images/I/81U9+2Qi-PL.jpg;https://m.media-amazon.com/images/I/613hdJ4UbTL.jpg","nexlev Travel Neck Pillow | Orthopedic Premium Memory Foam | for Airplane, Car, Train, Office use & Cervical Pain | Machine Washable | 360 Support | Carry Pouch for Storage | NP-01","","22116","21839","21340","14279","1","10","3.8","119","B0CDQ98FDM","nexlev"
"https://m.media-amazon.com/images/I/817AHr9fnmL.jpg;https://m.media-amazon.com/images/I/81ZP079cb6L.jpg;https://m.media-amazon.com/images/I/81OKa6l+XVL.jpg;https://m.media-amazon.com/images/I/91DNr2yDI1L.jpg;https://m.media-amazon.com/images/I/81WoNfgFL-L.jpg;https://m.media-amazon.com/images/I/81j4Inqae9L.jpg;https://m.media-amazon.com/images/I/815mG91RZiL.jpg","nexlev Travel Neck Pillow | Orthopedic Premium Memory Foam | for Airplane, Car, Train, Office use & Cervical Pain | Machine Washable | 360 Support | Carry Pouch for Storage | NP-02","","22116","22482","21628","14805","1","50","3.8","118","B0CDQ55W2M","nexlev"
"https://m.media-amazon.com/images/I/71OYSRLOpsL.jpg;https://m.media-amazon.com/images/I/71glW987FyL.jpg;https://m.media-amazon.com/images/I/71JIq0JHamL.jpg;https://m.media-amazon.com/images/I/81FLmofCtWL.jpg;https://m.media-amazon.com/images/I/81peyQAsfeL.jpg;https://m.media-amazon.com/images/I/711Y2qsrfLL.jpg;https://m.media-amazon.com/images/I/81U9+2Qi-PL.jpg;https://m.media-amazon.com/images/I/613hdJ4UbTL.jpg","nexlev Travel Neck Pillow | Orthopedic Premium Memory Foam | for Airplane, Car, Train, Office use & Cervical Pain | Machine Washable | 360 Support | Carry Pouch for Storage | NP-03","","22116","22081","21411","14450","1","10","3.8","117","B0CDQ6G4TC","nexlev"
"https://m.media-amazon.com/images/I/61lyW63dPdL.jpg;https://m.media-amazon.com/images/I/71qKrFtlzML.jpg;https://m.media-amazon.com/images/I/71wA6EfHNFL.jpg;https://m.media-amazon.com/images/I/61yVKDY6ebL.jpg;https://m.media-amazon.com/images/I/610T38GDA5L.jpg","Nexlev Premium Memory Foam Neck Pillow with 360-Degree Head Support | Lightweight Comfortable Travel Pillow with Storage Bag for Sleeping | Traveling Flight Car Train Bus and Home Use NP-04 (Sky Blue)","","65448","62301","56890","39979","0","","3.9","24","B0CDQ5Y3YB","nexlev"
"https://m.media-amazon.com/images/I/61XbEaUiXmL.jpg;https://m.media-amazon.com/images/I/71Q3NY7osiL.jpg;https://m.media-amazon.com/images/I/717hfjRPzeL.jpg;https://m.media-amazon.com/images/I/61zcwnay+9L.jpg;https://m.media-amazon.com/images/I/61O+babdJtL.jpg","nexlev Premium Memory Foam Neck Pillow with 360-Degree Head Support | Lightweight Comfortable Travel Pillow with Storage Bag for Sleeping | Traveling Flight Car Train Bus and Home Use NP-05 (Pink)","","49088","47368","44815","36489","0","","3.7","15","B0CDQ5NBH8","nexlev"
"https://m.media-amazon.com/images/I/61KpXReB6BL.jpg","Nexlev Sherpa Waterproof Camping Blanket - Extra Thick and Warm Large Sherpa Fleece Outdoor Blanket for Camping Picnics Beaches Stadiums Pets - Washable and Windproof for Cold Weather TR-05 (Grey)","","37500","36196","34139","23967","0","","3.4","45","B0CFH6C6YM","nexlev"
"https://m.media-amazon.com/images/I/71qCifiEO2L.jpg;https://m.media-amazon.com/images/I/61+c61--QHL.jpg;https://m.media-amazon.com/images/I/71dXXGX-uIL.jpg;https://m.media-amazon.com/images/I/718BsR7xR0L.jpg;https://m.media-amazon.com/images/I/612QoqoTHEL.jpg;https://m.media-amazon.com/images/I/61gkPFXWr9L.jpg;https://m.media-amazon.com/images/I/716v6DkrYmL.jpg;https://m.media-amazon.com/images/I/715krNVOD+L.jpg","Nexlev Dental Flosser| 6 Water Pressures| 4 Cleaning Modes| 2 Nozzle Tips, Tongue Cleaner, Carry Case for Tips| USB-C Charging| 1500mAh| 250ml Tank| IPX7 Water Proof| Carry Pouch | Aqua DF-01-BK","","130965","126788","117718","87569","0","40","3.8","86","B0CW1JJP9S","nexlev"
"https://m.media-amazon.com/images/I/51ORHUn499L.jpg;https://m.media-amazon.com/images/I/315kmLmMJ5L.jpg;https://m.media-amazon.com/images/I/41QuXi4uQpL.jpg;https://m.media-amazon.com/images/I/41n0gJEtGsL.jpg;https://m.media-amazon.com/images/I/41PUEMLWZxL.jpg;https://m.media-amazon.com/images/I/41TQZjPXKWL.jpg;https://m.media-amazon.com/images/I/41t-12mRgAL.jpg;https://m.media-amazon.com/images/I/41mKy76cwLL.jpg","Nexlev Cat Foutain | 54oz/1.6L Automatic Cat Water Fountain with Leaf Shape kit with LED Light | Bottom Suction Ultra Quiet Pump for Cats & Small Dogs without Adapter (WF100WH-Light)","","44848","40579","36654","30455","0","","3.6","10","B0CQ2R3LPH","nexlev"
"https://m.media-amazon.com/images/I/41+L+LcFauL.jpg;https://m.media-amazon.com/images/I/51so4KNKk9L.jpg;https://m.media-amazon.com/images/I/41EoTk7vWbL.jpg;https://m.media-amazon.com/images/I/510L-4WJEUL.jpg;https://m.media-amazon.com/images/I/41NmBh5NlnL.jpg;https://m.media-amazon.com/images/I/41K14n94OaL.jpg;https://m.media-amazon.com/images/I/41IFCPtjd4L.jpg;https://m.media-amazon.com/images/I/51-rgpzUsaL.jpg","NexLev Handheld Garment Steamer |1800 Watts | 35 g/min | 300 ML | Vertical & Horizontal Ironing for Silk Velvet & | Damage Free Steam for all Cloth Types | 25sec quick heat | 3 Brushes | GS-04","","303505","264359","262255","171595","2","50","3.1","111","B0CQX9ZZMH","nexlev"
"https://m.media-amazon.com/images/I/61apK7HAGlL.jpg;https://m.media-amazon.com/images/I/61bDyFhABPL.jpg;https://m.media-amazon.com/images/I/61k5Cd4FvlL.jpg;https://m.media-amazon.com/images/I/61vh2otWUAL.jpg;https://m.media-amazon.com/images/I/61HgNmJ+fuL.jpg;https://m.media-amazon.com/images/I/61xZZ9udEUL.jpg;https://m.media-amazon.com/images/I/51v6VTlcfqL.jpg","NexLev Smart Electric Toothbrush for Adults | 2 Min Timer with Quadpacer | 3 Replacebale Heads|AAA Battery Powered | 2 Cleaning Modes|Upto 60 Days | Waterproof | Travel Case | Soft Bristle|ET-01 Black","","162075","154348","147555","100932","0","50","3.3","21","B0CS69T7HF","nexlev"
"https://m.media-amazon.com/images/I/61Tam1qLDuL.jpg;https://m.media-amazon.com/images/I/61iMYWrhTSL.jpg;https://m.media-amazon.com/images/I/61WOfhnYWSL.jpg;https://m.media-amazon.com/images/I/71Us3Fq+CvL.jpg;https://m.media-amazon.com/images/I/61MwuV5QILL.jpg;https://m.media-amazon.com/images/I/61kJ-HQXo-L.jpg;https://m.media-amazon.com/images/I/61G10ltF12L.jpg;https://m.media-amazon.com/images/I/51+gsY9ZbCL.jpg;https://m.media-amazon.com/images/I/613hdJ4UbTL.jpg","NexLev Smart Electric Toothbrush | 2-Min Timer with Quadpacer | 2 Replaceable Heads | AAA Battery | 3 Cleaning Modes | Upto 60 Days | Waterproof | Travel Case | Soft Bristles | ET-02 Green","","176114","161715","150195","100207","0","10","3.6","20","B0CSG2JZ19","nexlev"
"https://m.media-amazon.com/images/I/518kHrHSYiL.jpg;https://m.media-amazon.com/images/I/71AmC5KPj5L.jpg;https://m.media-amazon.com/images/I/7161kX8zx7L.jpg;https://m.media-amazon.com/images/I/717bKVYBOiL.jpg;https://m.media-amazon.com/images/I/71sYqHnDrYL.jpg;https://m.media-amazon.com/images/I/71NAazhAQKL.jpg;https://m.media-amazon.com/images/I/71nt7axTyuL.jpg;https://m.media-amazon.com/images/I/61QsfQ7O9uL.jpg","Nexlev Sonic Spin Mop | ET-01 Extra Mop Pads | Water Spray Function | Mopping for all Floor types | ET-03","","18082","24287","16508","14834","5","50","4","54","B0CSG3FC4G","nexlev"
"https://m.media-amazon.com/images/I/719w7MXUZpL.jpg;https://m.media-amazon.com/images/I/81dJBnM8w8L.jpg;https://m.media-amazon.com/images/I/71sH9UkJlWL.jpg;https://m.media-amazon.com/images/I/81GC9Lb187L.jpg;https://m.media-amazon.com/images/I/71+R6DazPtL.jpg;https://m.media-amazon.com/images/I/81iVij3fnzL.jpg;https://m.media-amazon.com/images/I/71L+lSo8dIL.jpg;https://m.media-amazon.com/images/I/613hdJ4UbTL.jpg","NexLev Steam Cleaner | For Complete Home Kitchen Bathroom Window Car & Office Cleaning | 9 Accessories | 450 ML | Window Pane Sink Grime Chimney Grease Water Stain Cleaner| 4 Meter Cord | 1000W |SC-02","","150294","198719","184236","103016","2","200","3.5","325","B0CYSMBCB8","nexlev"
"https://m.media-amazon.com/images/I/81ByWxnoqgL.jpg;https://m.media-amazon.com/images/I/91HMkS9wMhL.jpg;https://m.media-amazon.com/images/I/81Sr4FAeIeL.jpg;https://m.media-amazon.com/images/I/81zYBd5UEhL.jpg;https://m.media-amazon.com/images/I/91FZ+pdFNXL.jpg;https://m.media-amazon.com/images/I/91gS0-+8EvL.jpg;https://m.media-amazon.com/images/I/817WgyuRxDL.jpg;https://m.media-amazon.com/images/I/613hdJ4UbTL.jpg","nexlev Sofa Cleaning Machine | 4-Step Vacuum Cleaner for Sofa and Bed, Allergens & Pet Hair with Double Beat, UV Light, Dehumidification & HEPA Filtration","","8747","8005","8650","7642","35","200","3.9","731","B0CYSLCRQS","nexlev"
"https://m.media-amazon.com/images/I/71iIKKPSmmL.jpg;https://m.media-amazon.com/images/I/714Gef8nAiL.jpg;https://m.media-amazon.com/images/I/71vMmWG9euL.jpg;https://m.media-amazon.com/images/I/71HeqGKB-yL.jpg;https://m.media-amazon.com/images/I/71e6wq5+DOL.jpg;https://m.media-amazon.com/images/I/71izgWCL+4L.jpg;https://m.media-amazon.com/images/I/71EpTY+XkUL.jpg;https://m.media-amazon.com/images/I/71s4j7763FL.jpg;https://m.media-amazon.com/images/I/613hdJ4UbTL.jpg","NexLev Foot Callus Remover Electric Scrubber & Shaver for Dead, Hard & Cracked Skin Professional Pedicure at Home Waterproof Type C 3 Crystal Quartz Heads for Men and Women CR-01","","94836","73934","56310","38980","4","50","4.1","104","B0D2LHNS9B","nexlev"
"https://m.media-amazon.com/images/I/71kbj1WVC4L.jpg;https://m.media-amazon.com/images/I/71OIHFvX1mL.jpg;https://m.media-amazon.com/images/I/81e96-oEzfL.jpg;https://m.media-amazon.com/images/I/71NA+YTLe0L.jpg;https://m.media-amazon.com/images/I/71M3VLk0zBL.jpg;https://m.media-amazon.com/images/I/71CPW0WUIbL.jpg;https://m.media-amazon.com/images/I/71oCrkrlxoL.jpg;https://m.media-amazon.com/images/I/81dUoHQixgL.jpg;https://m.media-amazon.com/images/I/613hdJ4UbTL.jpg","NexLev 6-in-1 trimmer | Sensitive Bikini Trimmer for Women | Skin Safe with Rounded Tips & Safety Guards| Hair Removal for Intimate Areas, Face, Arms, Legs & Body | 90 min Runtime | Type C | T-01","","85964","85159","80048","50681","0","50","3.8","154","B0D2LGR3GG","nexlev"
"https://m.media-amazon.com/images/I/719Ujr7Ye+L.jpg;https://m.media-amazon.com/images/I/715FZPO4kpL.jpg;https://m.media-amazon.com/images/I/71mt7u33xvL.jpg;https://m.media-amazon.com/images/I/71teO2IGhQL.jpg;https://m.media-amazon.com/images/I/81K0s2+mMrL.jpg;https://m.media-amazon.com/images/I/71OawXeF1fL.jpg;https://m.media-amazon.com/images/I/61dfSBrJ+1L.jpg;https://m.media-amazon.com/images/I/718M1DWlo3L.jpg;https://m.media-amazon.com/images/I/613hdJ4UbTL.jpg","NexLev 6-in-1 trimmer | Sensitive Bikini Trimmer for Women | Skin Safe with Rounded Tips & Foil Shaver| Hair Removal for Intimate Areas, Face, Arms, Legs & Body | 90 min Runtime |2H Quick Charge |T-02","","46186","58553","56478","41349","9","10","3.9","130","B0D2LD6BYJ","nexlev"
"https://m.media-amazon.com/images/I/61xzYuTPXOL.jpg;https://m.media-amazon.com/images/I/81k4lJHNqwL.jpg;https://m.media-amazon.com/images/I/81cq05foBVL.jpg;https://m.media-amazon.com/images/I/81lWAyeWu0L.jpg;https://m.media-amazon.com/images/I/810jJkxyC1L.jpg;https://m.media-amazon.com/images/I/91SB+NYAi7L.jpg;https://m.media-amazon.com/images/I/81eAqCM-IlL.jpg;https://m.media-amazon.com/images/I/71YVGRZ1gNL.jpg;https://m.media-amazon.com/images/I/61QsfQ7O9uL.jpg","Nexlev Handheld Steamer Iron For Clothes | Portable Steam Iron With Foldable Design | 1200W Fast Heating | 120ml Tank | Vertical & Horizontal Use | Anti-Spill Travel Garment Steamer | 2M Cord GS-05","","17924","32193","42931","21926","11","50","3.6","87","B0D383WQPB","nexlev"
"https://m.media-amazon.com/images/I/71O0i1oCixL.jpg;https://m.media-amazon.com/images/I/81ZDbbYgwSL.jpg;https://m.media-amazon.com/images/I/71sidwsMSuL.jpg;https://m.media-amazon.com/images/I/71Xd+cxSBbL.jpg;https://m.media-amazon.com/images/I/7110eIO9A2L.jpg;https://m.media-amazon.com/images/I/81+X89+idgL.jpg;https://m.media-amazon.com/images/I/71ZZbIXMNSL.jpg;https://m.media-amazon.com/images/I/71WdK2kQpKL.jpg;https://m.media-amazon.com/images/I/613hdJ4UbTL.jpg","NexLev Ionic Hot Air Brush | 3 in 1 Blow Dryer, Straightener & Styler | 360° Airflow Vents | Ceramic Tourmaline Coated Brushing Head | Tangle Free Bristle | 1200W | 3 Speed & 2 Heat Settings|V-01","","6406","6404","11928","17146","26","30","4","324","B0D83Q7L8W","nexlev"
"https://m.media-amazon.com/images/I/61YPOsol5WL.jpg;https://m.media-amazon.com/images/I/61MpfIH-mZL.jpg;https://m.media-amazon.com/images/I/61BU7w0lPeL.jpg;https://m.media-amazon.com/images/I/61e3tziKjpL.jpg;https://m.media-amazon.com/images/I/61fZFF+iyyL.jpg;https://m.media-amazon.com/images/I/61caLJZ88eL.jpg;https://m.media-amazon.com/images/I/71omObAR4JL.jpg;https://m.media-amazon.com/images/I/613hdJ4UbTL.jpg","Nexlev Hair Styling Straightener & Curler| 2 in 1 Hair Styler| 200°C in 30 Seconds| Long Ceramic Floating Plates| Rounded Body for Curls| Plate Lock| Portable HS-01, Hair Straightener Tong - Black","","16481","28237","70852","61679","10","10","4.6","15","B0D2LFMY48","nexlev"
"https://m.media-amazon.com/images/I/61Ger0tOW9L.jpg;https://m.media-amazon.com/images/I/616gWIBZMCL.jpg;https://m.media-amazon.com/images/I/61dJgJDaGgL.jpg;https://m.media-amazon.com/images/I/61IKXJ+Hv4L.jpg;https://m.media-amazon.com/images/I/61Tl7S7IYlL.jpg;https://m.media-amazon.com/images/I/61noc3I+foL.jpg;https://m.media-amazon.com/images/I/71kZC+w-WmL.jpg;https://m.media-amazon.com/images/I/613hdJ4UbTL.jpg","Nexlev Hair Styling Straightener & Curler| 2 in 1 Hair Styler| 200°C in 30 Seconds| Long Ceramic Floating Plates| Rounded Body for Curls| Plate lock| Portable |HS-02, Hair Straightener Tong - Purple","","16481","29269","74070","57647","9","50","4.1","45","B0D2LKB4BJ","nexlev"
"https://m.media-amazon.com/images/I/719S5oJ-PxL.jpg;https://m.media-amazon.com/images/I/61MVdAonXXL.jpg;https://m.media-amazon.com/images/I/71Fa0ZJQpcL.jpg;https://m.media-amazon.com/images/I/61piw-quouL.jpg;https://m.media-amazon.com/images/I/61u+UnidBSL.jpg;https://m.media-amazon.com/images/I/71bNnQ3gAsL.jpg;https://m.media-amazon.com/images/I/71X2oNGRrjL.jpg;https://m.media-amazon.com/images/I/613hdJ4UbTL.jpg","Nexlev Steam Mop Floor Cleaner | 1300W Fast Heating | Steam Mop Floor Cleaner Electric with 400ML Water Tank | 4 Mop Pads | Carpet Glider | Chemical-Free Cleaning | Wet & Dry Use | 4m Power Cord","","17353","19270","18149","13352","14","50","3.7","118","B0D2LJSQXZ","nexlev"
"https://m.media-amazon.com/images/I/71nayaDoNDL.jpg;https://m.media-amazon.com/images/I/711-htQNiNL.jpg;https://m.media-amazon.com/images/I/91jzGcbau0L.jpg;https://m.media-amazon.com/images/I/81pBsx3yx8L.jpg;https://m.media-amazon.com/images/I/81QCXUoVgCL.jpg;https://m.media-amazon.com/images/I/81Q4ssrz0LL.jpg;https://m.media-amazon.com/images/I/81Zy1HkdowL.jpg;https://m.media-amazon.com/images/I/811Q+9k4Q4L.jpg;https://m.media-amazon.com/images/I/613hdJ4UbTL.jpg","Nexlev SWIPE Steam Cleaner | 3.5 Bar Strong Steam|Multipurpose Steam Cleaner for Car, Kitchen, Bathroom, Floor, Window,Glass,Upholstery| 18 Accessories Kit|Safety Lock| Large 1200ML Water Tank | SC-03","","121586","259312","156122","101884","3","50","3.6","52","B0D672NXC8","nexlev"
"https://m.media-amazon.com/images/I/71zwLXEF6cL.jpg;https://m.media-amazon.com/images/I/71WvWuZ-qEL.jpg;https://m.media-amazon.com/images/I/71eQGP95zGL.jpg;https://m.media-amazon.com/images/I/813ujlJsM0L.jpg;https://m.media-amazon.com/images/I/71ozhD+-usL.jpg;https://m.media-amazon.com/images/I/71qAQ5wlvKL.jpg;https://m.media-amazon.com/images/I/71uonqB6Y8L.jpg;https://m.media-amazon.com/images/I/71qe1V9ej3L.jpg;https://m.media-amazon.com/images/I/613hdJ4UbTL.jpg","Nexlev Just Style Pro Hair Dryer |2100 W for Quick & Easy Blowdry | Double Heat Protection Technology | 3 Heat Settings & Cool Shot Function For Salon-Like Styling at Home (HD-01)","","115891","83646","94817","68175","6","","4","17","B0D86ZC9YT","nexlev"
"https://m.media-amazon.com/images/I/71+VCSbJk6L.jpg;https://m.media-amazon.com/images/I/81vsDqmZwGL.jpg;https://m.media-amazon.com/images/I/81FaEBnWMvL.jpg;https://m.media-amazon.com/images/I/71cRQR9N--L.jpg;https://m.media-amazon.com/images/I/71nbzAQgcOL.jpg;https://m.media-amazon.com/images/I/71APbdyEp6L.jpg;https://m.media-amazon.com/images/I/71GTt7vsZ1L.jpg;https://m.media-amazon.com/images/I/613hdJ4UbTL.jpg","NexLev Rechargeable Lint Remover | for Woollen Sweaters Pill, Rue & Burr Remover | 60min Use Time | Type C |Defuzzer | Lint Brush for Coat | 2 Modes | SS Blade | Safety Lock | LR-01","","","","135216","42953","0","30","4.3","99","B0D8445KJN","nexlev"
"https://m.media-amazon.com/images/I/61gCoGPgVnL.jpg;https://m.media-amazon.com/images/I/71PASGs8-JL.jpg;https://m.media-amazon.com/images/I/71CTi-r-cKL.jpg;https://m.media-amazon.com/images/I/81h8yMQe9XL.jpg;https://m.media-amazon.com/images/I/71U8Jbxc4bL.jpg;https://m.media-amazon.com/images/I/71B9x68wvVL.jpg;https://m.media-amazon.com/images/I/71dPdT37hgL.jpg;https://m.media-amazon.com/images/I/613hdJ4UbTL.jpg","NexLev Scalp Massager for Stress Relief | Head Massager for Hair Growth | 96 Tangle Free Silicone Kneading Nodes | Hand Like Massage | 120 Min Runtime | Type C | Washable Heads | 3 Modes | HM-01","","81702","72046","64986","46096","3","50","4.2","27","B0D63FKYZ5","nexlev"
"https://m.media-amazon.com/images/I/61gCoGPgVnL.jpg;https://m.media-amazon.com/images/I/71PASGs8-JL.jpg;https://m.media-amazon.com/images/I/71CTi-r-cKL.jpg;https://m.media-amazon.com/images/I/81h8yMQe9XL.jpg;https://m.media-amazon.com/images/I/71U8Jbxc4bL.jpg;https://m.media-amazon.com/images/I/71B9x68wvVL.jpg;https://m.media-amazon.com/images/I/71dPdT37hgL.jpg;https://m.media-amazon.com/images/I/613hdJ4UbTL.jpg","NexLev 2 in 1 Scalp Massager & red Light Therapy |LED Massage Comb for Hair Growth | 96 Tangle Free Silicone Kneading Nodes | Hand Like Head Massage | 120 Min Runtime | Type C | Washable Heads | HM-02","","81705","73204","65489","44917","2","50","3.9","95","B0D63DTKQB","nexlev"
"https://m.media-amazon.com/images/I/71XY1HJ9ArL.jpg;https://m.media-amazon.com/images/I/71VJ9NL48SL.jpg;https://m.media-amazon.com/images/I/71u3fa9k1oL.jpg;https://m.media-amazon.com/images/I/719Z8nQJRkL.jpg;https://m.media-amazon.com/images/I/71gafJR5XbL.jpg;https://m.media-amazon.com/images/I/71-3-WcDx0L.jpg;https://m.media-amazon.com/images/I/71P0WGKTpiL.jpg;https://m.media-amazon.com/images/I/613hdJ4UbTL.jpg","Nexlev Rechargeable Electric Toothbrush| 120 Days Life | 35K strokes/min| Type C| 5 Modes for Daily Use| 2 Min timer with 30sec Quadpacer | 4 Brushheads| IPX7 Waterproof| For Men & Women | ETC-04 White","","54509","60841","65344","50861","9","50","4.1","50","B0D25LNDSY","nexlev"
"https://m.media-amazon.com/images/I/61ZRVRTKjpL.jpg;https://m.media-amazon.com/images/I/719w8qrrwXL.jpg;https://m.media-amazon.com/images/I/71qasA7rieL.jpg;https://m.media-amazon.com/images/I/71PFOsv3RNL.jpg;https://m.media-amazon.com/images/I/71pRvlkfYrL.jpg;https://m.media-amazon.com/images/I/71BYsNTZAeL.jpg;https://m.media-amazon.com/images/I/613hdJ4UbTL.jpg","Nexlev Electric Toothbrush| 40000 vibrations/min|USB Type C| 5 Modes| 2 Min timer| 30 sec Quad Interval| 4 Replaceable Brushheads With Cover| IPX7 Waterproof| For Adults|Sparkle Pro ETC-05 Sunset Pink","","142592","139151","130763","96452","0","10","3.3","22","B0D842173P","nexlev"
"https://m.media-amazon.com/images/I/71dS7Zr8r7L.jpg;https://m.media-amazon.com/images/I/711WUU7H8VL.jpg;https://m.media-amazon.com/images/I/71++pvA3OlL.jpg;https://m.media-amazon.com/images/I/71yscfZvJOL.jpg;https://m.media-amazon.com/images/I/816Amvynu-L.jpg;https://m.media-amazon.com/images/I/71rLYP0DsaL.jpg;https://m.media-amazon.com/images/I/71f6zQ28yJL.jpg;https://m.media-amazon.com/images/I/613hdJ4UbTL.jpg","Nexlev Hair Dryer for Man & Women | 1200W Foldable Hair Dryer | Cool Shot Function | 3 Heat & 2 Speed Settings | Overheat Protection | Portable Blow Dryer for Women | Black & Copper","","115892","83544","94315","68309","6","20","4","39","B0D81DLSFT","nexlev"
"https://m.media-amazon.com/images/I/51EOn74Hd7L.jpg;https://m.media-amazon.com/images/I/81afygUxFPL.jpg;https://m.media-amazon.com/images/I/7152pCriINL.jpg;https://m.media-amazon.com/images/I/71l6WoCpbaL.jpg;https://m.media-amazon.com/images/I/81bbo7SgI0L.jpg;https://m.media-amazon.com/images/I/71B1DzCrzkL.jpg","Nexlev Just Style Hair Dryer For Men | Lightweight Foldable Hair Dryer | Overheat Protection Technology | 1500W Powerful Motor for Quick & Easy Blowdry | 3 Heat Settings & Cool Shot Function | Concentrator Nozzle (HD-02 Men)","","375276","362757","309063","345317","0","","","","B0D86Y2V7V","nexlev"
"https://m.media-amazon.com/images/I/61VY6Pu4IAL.jpg;https://m.media-amazon.com/images/I/81uvUlzcLNL.jpg;https://m.media-amazon.com/images/I/71YH+ZLD62L.jpg;https://m.media-amazon.com/images/I/71VEPHkHefL.jpg;https://m.media-amazon.com/images/I/71RKPAzXnLL.jpg;https://m.media-amazon.com/images/I/81tsbCnhsKL.jpg;https://m.media-amazon.com/images/I/71zsaxyqWoL.jpg;https://m.media-amazon.com/images/I/613hdJ4UbTL.jpg","Nexlev Portable Sewing Machine| 2 Speed Settings| Cordless| Battery operated| USB Type C cord for Plug-in| Quick Fix DIY|Portable & Compact| for all Fabrics| 1 Year Warranty| White","","98132","72175","57492","41206","13","50","2.5","209","B0D9KDQCCM","nexlev"
"https://m.media-amazon.com/images/I/61sdOATq7GL.jpg;https://m.media-amazon.com/images/I/615FQ9X3nbL.jpg;https://m.media-amazon.com/images/I/71UgegNFXHL.jpg;https://m.media-amazon.com/images/I/61HUofkrxTL.jpg;https://m.media-amazon.com/images/I/719V4aCEpaL.jpg;https://m.media-amazon.com/images/I/71pggwZVdvL.jpg","Nexlev Portable Sewing Machine| 2 Speed Settings| Cordless| Battery operated| USB Type C cord for Plug-in| Quick Fix DIY |Portable & Compact| for all Fabrics| 1 Year Warranty| STITCH & STYLE SW-01","","","","","","0","","","","B0F5X2C11Z","nexlev"
"https://m.media-amazon.com/images/I/51OgjXtg1mL.jpg;https://m.media-amazon.com/images/I/81b1D+ctTtL.jpg;https://m.media-amazon.com/images/I/71zjZSyIM7L.jpg;https://m.media-amazon.com/images/I/71HCvoWu6zL.jpg;https://m.media-amazon.com/images/I/71EuVHM8RpL.jpg;https://m.media-amazon.com/images/I/71WnR3SOMFL.jpg;https://m.media-amazon.com/images/I/71ZxQWMa1wL.jpg;https://m.media-amazon.com/images/I/61QsfQ7O9uL.jpg;https://m.media-amazon.com/images/I/71H-IK6kozL.jpg","NexLev LED Therapy Oil Applicator | Reduce Dandruff | Improve Hair Growth | EMS for Scalp Improvement | Red & Blue Light | High Frequency Massage for Better Absorption | 10 ML | Waterproof | EA-01","","17983","21714","19457","14548","12","50","3.6","114","B0D67727VG","nexlev"
"https://m.media-amazon.com/images/I/71EqArq0eBL.jpg;https://m.media-amazon.com/images/I/71w7iaui6nL.jpg;https://m.media-amazon.com/images/I/71rqYDaHc5L.jpg;https://m.media-amazon.com/images/I/71+EkPUf60L.jpg;https://m.media-amazon.com/images/I/71tuqnI3+oL.jpg;https://m.media-amazon.com/images/I/71mdv9vtniL.jpg;https://m.media-amazon.com/images/I/71OKExfHN9L.jpg;https://m.media-amazon.com/images/I/613hdJ4UbTL.jpg","Nexlev Splash Pet Water Fountain with LED Light | 2.0L Capacity | Ultra Quiet Cat Drinking Fountain with Filter | Automatic Pet Water Fountain for Cats and Small Dogs | Blue (WF-02-BL)","","18487","18296","17084","10921","0","50","4.1","101","B0D637B562","nexlev"
"https://m.media-amazon.com/images/I/61apK7HAGlL.jpg;https://m.media-amazon.com/images/I/51EZqdSsZNL.jpg;https://m.media-amazon.com/images/I/51DqBiXf9ZL.jpg;https://m.media-amazon.com/images/I/61krFotpmML.jpg;https://m.media-amazon.com/images/I/61MnsQrCfsL.jpg;https://m.media-amazon.com/images/I/61kGrwTdu9L.jpg;https://m.media-amazon.com/images/I/51FiHUYaTIL.jpg;https://m.media-amazon.com/images/I/71Aue-Uu-WL.jpg;https://m.media-amazon.com/images/I/71niQ+WUMoL.jpg","NexLev Smart Electric Toothbrush for Adults |2-Min Timer with Quadpacer |2 Replaceable Heads | AAA Battery |3 Modes (Daily, Normal & Sesitive) |Upto 60 Days | Travel Case | Soft Bristles |ET-01 Black","","28329","24679","24030","19547","11","50","3.7","284","B0D2P5TGWK","nexlev"
"https://m.media-amazon.com/images/I/61uGaU-gdPL.jpg;https://m.media-amazon.com/images/I/61B2-fyF1WL.jpg;https://m.media-amazon.com/images/I/61HGEH-dQBL.jpg;https://m.media-amazon.com/images/I/716RFWUVYbL.jpg;https://m.media-amazon.com/images/I/61aFI2YzgdL.jpg;https://m.media-amazon.com/images/I/61E1xooY+ML.jpg;https://m.media-amazon.com/images/I/61wUv1MOmHL.jpg;https://m.media-amazon.com/images/I/71xYHOju4gL.jpg;https://m.media-amazon.com/images/I/71zgWZYFQ4L.jpg","NexLev Smart Electric Toothbrush for Adults |2-Min Timer with Quadpacer |2 Replaceable Heads | AAA Battery |3 Modes (Daily, Normal & Sesitive) |Upto 60 Days | Travel Case | Soft Bristles |ET-02 Green","","28329","24771","24471","18687","12","50","3.7","284","B0D2P7WLJB","nexlev"
"https://m.media-amazon.com/images/I/61apK7HAGlL.jpg;https://m.media-amazon.com/images/I/51EZqdSsZNL.jpg;https://m.media-amazon.com/images/I/51DqBiXf9ZL.jpg;https://m.media-amazon.com/images/I/61krFotpmML.jpg;https://m.media-amazon.com/images/I/61MnsQrCfsL.jpg;https://m.media-amazon.com/images/I/61kGrwTdu9L.jpg;https://m.media-amazon.com/images/I/51FiHUYaTIL.jpg;https://m.media-amazon.com/images/I/71Aue-Uu-WL.jpg;https://m.media-amazon.com/images/I/71niQ+WUMoL.jpg","Nexlev Sonic Electric Toothbrush| Powerful Sonic technology|Super soft DuPont Bristles| 2 Replaceable Brush Heads with Cover| IPX7 Waterproof| AA Battery|Gentle Oral Care|Smart Smile ET-03 SkyBlue","","28329","26759","24519","36230","8","50","3.7","76","B0D2P6KF4N","nexlev"
"https://m.media-amazon.com/images/I/71SEDGXkCGL.jpg;https://m.media-amazon.com/images/I/71ieRTNe7GL.jpg;https://m.media-amazon.com/images/I/71sEmunYAfL.jpg;https://m.media-amazon.com/images/I/811Dag4OPeL.jpg;https://m.media-amazon.com/images/I/817gi7IxCGL.jpg;https://m.media-amazon.com/images/I/810u7p0ZaaL.jpg;https://m.media-amazon.com/images/I/71MmJnqXqBL.jpg;https://m.media-amazon.com/images/I/613hdJ4UbTL.jpg","Nexlev Oscillating Electric Toothbrush | 8000 Strokes/min | 25 Days Battery Life |Type C|3 modes| 2 Minute Timer |Quad Change Reminder| IPX7 Waterproof | For adults| 1 year warranty| SparklePro ETR-06","","95721","120421","101699","53716","1","10","3.7","41","B0D9KCNVNM","nexlev"
"https://m.media-amazon.com/images/I/71ueTM3KN7L.jpg;https://m.media-amazon.com/images/I/81geI-RxZ8L.jpg;https://m.media-amazon.com/images/I/71bPcODUCTL.jpg;https://m.media-amazon.com/images/I/81LyzfnbfyL.jpg;https://m.media-amazon.com/images/I/71WUvvqPdmL.jpg;https://m.media-amazon.com/images/I/71MksG4gXCL.jpg;https://m.media-amazon.com/images/I/81+jhUuDcxL.jpg;https://m.media-amazon.com/images/I/613hdJ4UbTL.jpg","NexLev Steamer For Face Steam Facial | Vaporizer Steamer For Cough,Cold And Facial with UV Sterilization | Nano Ionic Steam | Aroma Diffuser | 30 Sec Heating | Anti-Spill Design | FS-01","","24126","48194","43213","28669","13","10","4.2","112","B0D9KFZYG8","nexlev"
"https://m.media-amazon.com/images/I/81ReOEseN3L.jpg;https://m.media-amazon.com/images/I/81RRWJ3tUGL.jpg;https://m.media-amazon.com/images/I/812tchCHK8L.jpg;https://m.media-amazon.com/images/I/81-Gi4I09DL.jpg;https://m.media-amazon.com/images/I/81ZWc+9zciL.jpg;https://m.media-amazon.com/images/I/81zG0ntdM5L.jpg;https://m.media-amazon.com/images/I/91iqsh-8aFL.jpg;https://m.media-amazon.com/images/I/816rL3a5eML.jpg;https://m.media-amazon.com/images/I/613hdJ4UbTL.jpg","Nexlev Hair Straightener Brush For Woman | Ionic Hair Straightener For Woman Brush | Ceramic Plates | 60mm Wide | Thermo Protect | 130–210°C Adjustable Heat | Keratin Bristles | 1500W HSB-03","","16481","28068","42636","41353","12","50","4","58","B0D9KFP4MG","nexlev"
"https://m.media-amazon.com/images/I/81Vt8YAz6fL.jpg;https://m.media-amazon.com/images/I/81G0RWcwWRL.jpg;https://m.media-amazon.com/images/I/818SnpgSfTL.jpg;https://m.media-amazon.com/images/I/815p-yJ8CaL.jpg;https://m.media-amazon.com/images/I/81wenWixQeL.jpg;https://m.media-amazon.com/images/I/813VJD4dn5L.jpg;https://m.media-amazon.com/images/I/81gpYslGpaL.jpg;https://m.media-amazon.com/images/I/81Z7137iBcL.jpg;https://m.media-amazon.com/images/I/61QsfQ7O9uL.jpg","NexLev Cordless Hair Straightener | Ionic Keratin Bristles Hair Straightener Brush for Woman | Up to 200°C Heating | 60 Min Runtime | Type-C Rechargeable Portable Styling Comb for Frizz Control","","31988","30600","28592","19684","9","50","3.5","157","B0DCK3N2JJ","nexlev"
"https://m.media-amazon.com/images/I/71FRqb3JpZL.jpg;https://m.media-amazon.com/images/I/81J-5aet6uL.jpg;https://m.media-amazon.com/images/I/8136Jof+wSL.jpg;https://m.media-amazon.com/images/I/818lPBA805L.jpg;https://m.media-amazon.com/images/I/91uB9xwPCuL.jpg;https://m.media-amazon.com/images/I/71TdRCVnPcL.jpg;https://m.media-amazon.com/images/I/71vLaCf1kDL.jpg;https://m.media-amazon.com/images/I/71gmR7PecML.jpg;https://m.media-amazon.com/images/I/61QsfQ7O9uL.jpg","nexlev Sofa Cleaning Machine | Cordless UV Mattress Vacuum Cleaner for Sofa, Carpet & Car Seat, HEPA Filter, Double Beat Technology, Type-C Charging, 1500×3 mAh Battery | MR-02","","8747","7936","8645","8163","33","100","3.9","731","B0DCK7ZH5P","nexlev"
"https://m.media-amazon.com/images/I/71TTxbwRkQL.jpg;https://m.media-amazon.com/images/I/8171TwQsRAL.jpg;https://m.media-amazon.com/images/I/71iMq-tgaQL.jpg;https://m.media-amazon.com/images/I/71jIIBuJJLL.jpg;https://m.media-amazon.com/images/I/71QsPt+ik4L.jpg;https://m.media-amazon.com/images/I/71QYEJXRcyL.jpg;https://m.media-amazon.com/images/I/71iCSAeUUwL.jpg;https://m.media-amazon.com/images/I/613hdJ4UbTL.jpg","Nexlev Red Light Therapy For Hair Comb | Red & Blue LED Laser Comb For Hair Regrowth Phototherapy Scalp Massager | 49 Bristle Hair Growth Comb | Rechargeable Type-C | 3 Modes LE-02","","31314","56342","48889","30211","9","30","4","65","B0DCGHKRXX","nexlev"
"https://m.media-amazon.com/images/I/71NeANd+hxL.jpg;https://m.media-amazon.com/images/I/71f7L1v1xWL.jpg;https://m.media-amazon.com/images/I/71GzyrVrVUL.jpg;https://m.media-amazon.com/images/I/71TcQ7DtPiL.jpg;https://m.media-amazon.com/images/I/71hq+nfRwaL.jpg;https://m.media-amazon.com/images/I/613hdJ4UbTL.jpg","Nexlev Skin Scrubber |Red & Blue LED Therapy| Blackhead Remover| Pore Cleaner| Skin Lifting & tightening, wrinkle remover| 2 Silicone Cleaning Heads| Facial Cleansing|Type C Charging| Elixir Pro LE-03","","66110","66768","45874","22619","4","10","3.5","132","B0D9KFQG8Q","nexlev"
"https://m.media-amazon.com/images/I/71Np-YyXeDL.jpg;https://m.media-amazon.com/images/I/81xKwLITniL.jpg;https://m.media-amazon.com/images/I/712y9WSqBRL.jpg;https://m.media-amazon.com/images/I/81BAJibYkYL.jpg;https://m.media-amazon.com/images/I/71bIFRelvVL.jpg;https://m.media-amazon.com/images/I/81bRPK2KKqL.jpg;https://m.media-amazon.com/images/I/71rjm93cW5L.jpg","NexLev Spin Scrubber with Soap Spray | 6 Heads| for Kitchen, Bathroom, Tub, Glass |Complete Cleaning Tool for Home, Office & Car| 90 min runtime | 4500 mAh |Cordless Type C | Adjustable Handle|SS-01","","63135","61729","58807","50422","0","50","3.6","72","B0D9KCKY9F","nexlev"
"https://m.media-amazon.com/images/I/71IN+b-uXhL.jpg;https://m.media-amazon.com/images/I/81wfRYvHq3L.jpg;https://m.media-amazon.com/images/I/81TOl9oyCYL.jpg;https://m.media-amazon.com/images/I/81ju+Q2B8DL.jpg;https://m.media-amazon.com/images/I/81ak5c6AssL.jpg;https://m.media-amazon.com/images/I/71TSxNJcO7L.jpg;https://m.media-amazon.com/images/I/81q9D79YHsL.jpg;https://m.media-amazon.com/images/I/81rZ6TRW7XL.jpg;https://m.media-amazon.com/images/I/613hdJ4UbTL.jpg","nexlev Stick Vacuum Cleaner For House | Vacuum Cleaners 17500PA Suction | 2 in 1 Handheld & Stick Design | Washable HEPA Filter | Bagless Dry Vacuum Cleaner for Home, Sofa, Bed & Office | VC-01","","26574","28846","24247","25009","10","100","3.7","325","B0DCGHVN81","nexlev"
"https://m.media-amazon.com/images/I/71gxcNRULEL.jpg;https://m.media-amazon.com/images/I/81vcYQNpq-L.jpg;https://m.media-amazon.com/images/I/81h5xfuf7QL.jpg;https://m.media-amazon.com/images/I/81T2HmLiJ1L.jpg;https://m.media-amazon.com/images/I/81JDEF09meL.jpg;https://m.media-amazon.com/images/I/815umnV9jnL.jpg;https://m.media-amazon.com/images/I/713iglEKt1L.jpg;https://m.media-amazon.com/images/I/71CtMtD2XsL.jpg;https://m.media-amazon.com/images/I/613hdJ4UbTL.jpg","NexLev Cordless Vacuum Cleaner|HEPA with Stainless Steel Cover|6000 mAh|Copper Motor| Rechargeable Type C|Ideal for Home, Office & Car Use|Compact & Portable|Dust & Pet Hair Remover|3 Attachment|VC-02","","26576","28782","77923","97505","9","20","3.7","325","B0DCK56Q85","nexlev"
"https://m.media-amazon.com/images/I/51uQVd5Qu0L.jpg;https://m.media-amazon.com/images/I/71l43ozbUwL.jpg;https://m.media-amazon.com/images/I/71aUCSTWkuL.jpg;https://m.media-amazon.com/images/I/618fh+qEuwL.jpg;https://m.media-amazon.com/images/I/71ZYa7waqLL.jpg;https://m.media-amazon.com/images/I/71PkO27DUIL.jpg;https://m.media-amazon.com/images/I/613hdJ4UbTL.jpg","NexLev Cordless Electric Heating Pad| Period Cramp & Back Pain Relief Massager | 9 modes| Menstrual Cramp Relief|Type C| Crampfree Periods | Portable | Gift for Women| Strap upto 40 Inch |Blue CM-01","","30655","40492","42866","27910","10","10","4","163","B0DFCDKMWR","nexlev"
"https://m.media-amazon.com/images/I/61Um8J19WoL.jpg;https://m.media-amazon.com/images/I/71TmXo0LbnL.jpg;https://m.media-amazon.com/images/I/81pqSUjk5UL.jpg;https://m.media-amazon.com/images/I/71qjYiQfGtL.jpg;https://m.media-amazon.com/images/I/71SS+BN9EhL.jpg;https://m.media-amazon.com/images/I/71Pbr98e7nL.jpg;https://m.media-amazon.com/images/I/613hdJ4UbTL.jpg","Nexlev Tyre Inflator for Car | Touch Control |150 PSI |12V DC| 4 Nozzles | Digital Tyre Pressure Gauge| Carry Bag | Suitable for Bike, Bicycle or Any Inflatable | Emergency LED Light | TI-01","","43998","41774","37466","41082","3","","5","3","B0DFM4JZV9","nexlev"
"https://m.media-amazon.com/images/I/315jTWv4QEL.jpg;https://m.media-amazon.com/images/I/71hTV+OqavL.jpg;https://m.media-amazon.com/images/I/715DtT2N-YL.jpg;https://m.media-amazon.com/images/I/71QjWqTpfKL.jpg;https://m.media-amazon.com/images/I/710TZp6i5rL.jpg;https://m.media-amazon.com/images/I/815Lv0RQzEL.jpg;https://m.media-amazon.com/images/I/71in+4lQ4aL.jpg;https://m.media-amazon.com/images/I/613hdJ4UbTL.jpg","NexLev Beard Trimmer| 90min Run Time| 40 Length Settings| 0.5mm Precision| Washable Stainless Steel Blades| Copper Motor| USB Type-C| IPX7 Waterproof| Travel Lock| 2 Beard Comb| 1 Year Warranty |TM-01","","128511","118282","90399","83799","1","10","3.8","25","B0DK9LYT4P","nexlev"
"https://m.media-amazon.com/images/I/81POSG0li0L.jpg;https://m.media-amazon.com/images/I/81oI87pYXyL.jpg;https://m.media-amazon.com/images/I/814eJbBAwML.jpg;https://m.media-amazon.com/images/I/81boG6dMziL.jpg;https://m.media-amazon.com/images/I/81-oKy8cc2L.jpg;https://m.media-amazon.com/images/I/81e0SUSSHhL.jpg;https://m.media-amazon.com/images/I/71bdJ3rY3jL.jpg","NexLev Cordless Spin Mop|50 Min Runtime|2 Extra Mop Pads | Type C | For Home Kitchen & Office Use | Water Spray Function|Self Propelling|Mopping for All Floor Types|LED for Corners and Underbed|SPM-01","","80168","77732","74816","52110","0","50","3","39","B0DCK7J87D","nexlev"
"https://m.media-amazon.com/images/I/71J9TcWMG2L.jpg","Nexlev Electric Mop Home Cleaner | Spin Mop for Home with Cordless Self-Propelling Design | Water Spray Function | LED Cleaning Head | Type-C Rechargeable | 50 Min Runtime | 2 Extra Pads","","18082","22578","15857","15383","11","","3.9","4","B0GKNGWLJ2","nexlev"
"https://m.media-amazon.com/images/I/61eZgNGfUjL.jpg;https://m.media-amazon.com/images/I/61-1WAbyBYL.jpg;https://m.media-amazon.com/images/I/61HNthPxZSL.jpg;https://m.media-amazon.com/images/I/614Bz5C9tIL.jpg;https://m.media-amazon.com/images/I/71gu7NiCrYL.jpg;https://m.media-amazon.com/images/I/813ft-J+X8L.jpg;https://m.media-amazon.com/images/I/51Qc1TiQjXL.jpg;https://m.media-amazon.com/images/I/613hdJ4UbTL.jpg","Nexlev Skin Lift Device | 7 Color LED | Face & Neck Skin Lifting| 3 Massage Modes| Face Sculpting Tool |Micro-currents to reduce Wrinkles| Hot Compress | Rechargeable| Type-C| 180 Min Use| Glow+ LE-04","","63967","75642","68888","56902","6","10","3.8","42","B0DCK4DR1B","nexlev"
"https://m.media-amazon.com/images/I/51uQVd5Qu0L.jpg;https://m.media-amazon.com/images/I/71l43ozbUwL.jpg;https://m.media-amazon.com/images/I/71aUCSTWkuL.jpg;https://m.media-amazon.com/images/I/618fh+qEuwL.jpg;https://m.media-amazon.com/images/I/71ZYa7waqLL.jpg;https://m.media-amazon.com/images/I/71PkO27DUIL.jpg;https://m.media-amazon.com/images/I/613hdJ4UbTL.jpg","NexLev Cordless Electric Heating Pad| Period Cramp & Back Pain Relief Massager | 9 modes| Menstrual Cramp Relief|Type C| Crampfree Periods | Portable | Gift for Women| Strap upto 40 Inch |Purple CM-02","","30655","39353","43560","28417","13","10","4","162","B0DFCDZWND","nexlev"
"https://m.media-amazon.com/images/I/61Um8J19WoL.jpg;https://m.media-amazon.com/images/I/71TmXo0LbnL.jpg;https://m.media-amazon.com/images/I/81pqSUjk5UL.jpg;https://m.media-amazon.com/images/I/71qjYiQfGtL.jpg;https://m.media-amazon.com/images/I/71SS+BN9EhL.jpg;https://m.media-amazon.com/images/I/71Pbr98e7nL.jpg;https://m.media-amazon.com/images/I/613hdJ4UbTL.jpg","NexLev Tyre Inflator Kit for Car | 150 PSI 12V Air Compressor for Car, Bike & Cycle, 120W Tyre Inflator Pump with Digital Display, Auto Shut-Off, LED Emergency Light, 3m Cord, 3 Nozzles |AER TI-02","","43998","40813","37751","40815","6","10","3.9","30","B0DJFH6RTL","nexlev"
"https://m.media-amazon.com/images/I/611EgAyrukL.jpg;https://m.media-amazon.com/images/I/71CLnCAcv0L.jpg;https://m.media-amazon.com/images/I/61yOWJ91uAL.jpg;https://m.media-amazon.com/images/I/71czPR6uaEL.jpg;https://m.media-amazon.com/images/I/71WdO2MbWGL.jpg;https://m.media-amazon.com/images/I/81k9KrxxOtL.jpg;https://m.media-amazon.com/images/I/71VNJQ6QEqL.jpg;https://m.media-amazon.com/images/I/81T+6XGxpeL.jpg","NexLev Cordless Tyre Inflator for Cars & Bikes|150 PSI| 2x2000 mAh Powerbank| Type-C Port| 5 Pre Set Mode|Auto Shut-Off |Digital Display| LED light | Multiple Nozzles| Aer Pro TIC-03","","60205","58966","49229","38880","0","20","3.7","47","B0DJFH4K8B","nexlev"
"https://m.media-amazon.com/images/I/71n+5bNPEQL.jpg;https://m.media-amazon.com/images/I/711MCJ4fFJL.jpg;https://m.media-amazon.com/images/I/71ujQrzi+7L.jpg;https://m.media-amazon.com/images/I/71pDnRYmvXL.jpg;https://m.media-amazon.com/images/I/71sS4Jg9qZL.jpg;https://m.media-amazon.com/images/I/71u1w2t8PtL.jpg;https://m.media-amazon.com/images/I/71BVIlxWmML.jpg;https://m.media-amazon.com/images/I/613hdJ4UbTL.jpg","nexlev Cordless & Corded Tyre Inflator|150 PSI| 6000 mAh Powerbank|LED Light | Type C Port |Digital Display| 5 Pre-Set Modes|Auto Shut-Off |Multiple Nozzles for Cars, Bikes, Cycle| AER Pro Max TIC-04","","60205","58379","49014","38765","0","20","3.8","81","B0DJFJZMC6","nexlev"
"https://m.media-amazon.com/images/I/61e8Qu-KnGL.jpg;https://m.media-amazon.com/images/I/81Hl8+acisL.jpg;https://m.media-amazon.com/images/I/91-HEOzCwXL.jpg;https://m.media-amazon.com/images/I/81fuV03mM4L.jpg;https://m.media-amazon.com/images/I/814p0k2VBHL.jpg;https://m.media-amazon.com/images/I/71r1J158IEL.jpg;https://m.media-amazon.com/images/I/81AyGg5Ev9L.jpg;https://m.media-amazon.com/images/I/613hdJ4UbTL.jpg","nexlev Vacuum Cleaner for Car Use | 4000 mAh High Power Suction Portable Car Vacuum Cleaner with Copper Motor, LED Torch, Seat Belt Cutter & Window Breaker Emergency Escape Tool, Type-C | VC-03","","26574","26716","26716","26716","2","10","3.7","325","B0DDC3GVZW","nexlev"
"https://m.media-amazon.com/images/I/71BTcLII1FL.jpg;https://m.media-amazon.com/images/I/710m5Sx89CL.jpg;https://m.media-amazon.com/images/I/81ffgJG5XKL.jpg;https://m.media-amazon.com/images/I/716By+nNvCL.jpg;https://m.media-amazon.com/images/I/71w4Wf3t0sL.jpg;https://m.media-amazon.com/images/I/71jlbISALfL.jpg;https://m.media-amazon.com/images/I/71pcq0o7W6L.jpg;https://m.media-amazon.com/images/I/71T42ZcsQkL.jpg;https://m.media-amazon.com/images/I/613hdJ4UbTL.jpg","NexLev All in One Body Trimmer for Men | Suitable for Beard, Body, Balls, Pubic Hair, Private Parts | 90 Min Runtime |Type C | IPX 7 Waterproof | No Nicks No Cuts | 2 Safety Combs| Extra Blade | TM-02","","166838","142550","141481","126665","1","","3.7","12","B0DFMRG2K4","nexlev"
"https://m.media-amazon.com/images/I/71kbj1WVC4L.jpg;https://m.media-amazon.com/images/I/71OIHFvX1mL.jpg;https://m.media-amazon.com/images/I/81e96-oEzfL.jpg;https://m.media-amazon.com/images/I/71NA+YTLe0L.jpg;https://m.media-amazon.com/images/I/71M3VLk0zBL.jpg;https://m.media-amazon.com/images/I/71CPW0WUIbL.jpg;https://m.media-amazon.com/images/I/71oCrkrlxoL.jpg;https://m.media-amazon.com/images/I/81dUoHQixgL.jpg;https://m.media-amazon.com/images/I/613hdJ4UbTL.jpg","NexLev Intimate Trimmer for Men|Ceramic Blade|120 Min Runtime|Type C Charge | IPX7 Waterproof | 7000RPM Copper Motor| Cordless|LED Light| Travel Lock| Wet/Dry Groin & Body Shaver | Intimate Pro TM-03","","85964","85402","80263","78295","0","","3.6","165","B0DK9NRBWJ","nexlev"
"https://m.media-amazon.com/images/I/718id08dpqL.jpg;https://m.media-amazon.com/images/I/71nlRMzuMCL.jpg;https://m.media-amazon.com/images/I/81AYHwST-hL.jpg;https://m.media-amazon.com/images/I/71qkTx0BHqL.jpg;https://m.media-amazon.com/images/I/710ZE+4s7jL.jpg;https://m.media-amazon.com/images/I/81qY6v1CNHL.jpg;https://m.media-amazon.com/images/I/613hdJ4UbTL.jpg","NexLev Drip Coffee Maker |Filter Coffee for Home & Office | 4-6 Cups | Warming Plate|Borosilicate Carafe | Reusable & Washable Filter | Anti Drip | 750 ml | Cone Filter | Water Level Indicator |CF-01","","292960","371854","351428","287133","1","20","3.7","22","B0DNJF1BLS","nexlev"
"https://m.media-amazon.com/images/I/71zvWGS+H+L.jpg;https://m.media-amazon.com/images/I/81DIl4Pcn1L.jpg;https://m.media-amazon.com/images/I/71ngsDZcqzL.jpg;https://m.media-amazon.com/images/I/81UotZ-ugQL.jpg;https://m.media-amazon.com/images/I/71ICZyzzqHL.jpg;https://m.media-amazon.com/images/I/613hdJ4UbTL.jpg","NexLev 2 in 1 Nose, Ear & Body Trimmer for Men| Ceramic Blade| 7000 RPM Copper Motor| Type C Charge| 90 Min Runtime| IPX7 Waterproof| Cordless| Overcharge Protection|TM-04","","128511","119473","90859","84477","1","","3.3","9","B0DK9QNKK8","nexlev"
"https://m.media-amazon.com/images/I/71h5s-rZiGL.jpg;https://m.media-amazon.com/images/I/81XS3C3p9zL.jpg;https://m.media-amazon.com/images/I/816Kp8s-yNL.jpg;https://m.media-amazon.com/images/I/81JfuO+UiPL.jpg;https://m.media-amazon.com/images/I/81uQhjwfjsL.jpg;https://m.media-amazon.com/images/I/81bVrQzYe-L.jpg;https://m.media-amazon.com/images/I/81OXBenUqAL.jpg;https://m.media-amazon.com/images/I/71peJtkweVL.jpg;https://m.media-amazon.com/images/I/613hdJ4UbTL.jpg","Nexlev Multi Purpose Electric Food Kettle|1.8L Stainless Steel Pot| 600W|Boil, Steam, Saute| Double Layered Body|2 Heat Settings|Multi Function for Water, Milk, Egg, Soup, Noodles|KE-01","","85625","144242","148593","64933","9","50","3.7","193","B0DFCG2VGS","nexlev"
"https://m.media-amazon.com/images/I/71h5s-rZiGL.jpg;https://m.media-amazon.com/images/I/81XS3C3p9zL.jpg;https://m.media-amazon.com/images/I/816Kp8s-yNL.jpg;https://m.media-amazon.com/images/I/81JfuO+UiPL.jpg;https://m.media-amazon.com/images/I/81uQhjwfjsL.jpg;https://m.media-amazon.com/images/I/81bVrQzYe-L.jpg;https://m.media-amazon.com/images/I/81OXBenUqAL.jpg;https://m.media-amazon.com/images/I/71peJtkweVL.jpg;https://m.media-amazon.com/images/I/613hdJ4UbTL.jpg","Nexlev MultiPurpose Electric Food Kettle|1.5 L Ceramic Pot | 600W| Boil, Steam, Fry, Saute| Double Layered Body| 2 Temperature Settings| Multi Cooker for Water, Egg, Tea, Soup, Noodles, Rice| KE-02","","85625","151038","138582","58246","7","50","3.7","194","B0DFD123P5","nexlev"
"https://m.media-amazon.com/images/I/71GVwAON1xL.jpg;https://m.media-amazon.com/images/I/81nTEc2LFYL.jpg;https://m.media-amazon.com/images/I/91pUCJ2cu-L.jpg;https://m.media-amazon.com/images/I/81S6bFE-siL.jpg;https://m.media-amazon.com/images/I/81r4yAgh1QL.jpg;https://m.media-amazon.com/images/I/81vkVJkrvBL.jpg;https://m.media-amazon.com/images/I/81NqTE+72tL.jpg;https://m.media-amazon.com/images/I/81hq+D8+1RL.jpg;https://m.media-amazon.com/images/I/613hdJ4UbTL.jpg","NexLev IONIC Volumizer + Straightening Brush| 1200 W| Ceramic Tourmaline Coating| Hot Air Brush| Large Barrel| Ionic Technology| Dual bristles for drying, volumizing & straightening | 360° vents| V-02","","6406","6408","12235","14527","31","","4","324","B0DT6Y7KJM","nexlev"
"https://m.media-amazon.com/images/I/81Ig+LThuUL.jpg;https://m.media-amazon.com/images/I/81p5RQbkA+L.jpg;https://m.media-amazon.com/images/I/71buAyOh43L.jpg;https://m.media-amazon.com/images/I/81077Knh1KL.jpg;https://m.media-amazon.com/images/I/81yPTWibaAL.jpg;https://m.media-amazon.com/images/I/71cedh28JvL.jpg;https://m.media-amazon.com/images/I/718i0ZfymdL.jpg;https://m.media-amazon.com/images/I/613hdJ4UbTL.jpg","NexLev Hot Air Brush For Hair | V-03 3 in 1 Volumizer Hair Blow Dry Brush with 1.5 Inch Barrel, Ceramic Tourmaline Coating, 1200W, Dual Bristle for Tangle Free Salon Styling","","6406","6385","11327","11666","40","400","4","324","B0DQCWRG3H","nexlev"
"https://m.media-amazon.com/images/I/61mNzdZ50fL.jpg;https://m.media-amazon.com/images/I/81akE43D2CL.jpg;https://m.media-amazon.com/images/I/81eIyTBxNJL.jpg;https://m.media-amazon.com/images/I/81c15MIwpsL.jpg;https://m.media-amazon.com/images/I/71fijb09ftL.jpg;https://m.media-amazon.com/images/I/71UpqW1xz3L.jpg;https://m.media-amazon.com/images/I/714jhyIEkTL.jpg;https://m.media-amazon.com/images/I/61QsfQ7O9uL.jpg","nexlev Cordless Vacuum Cleaner & Blower |BLDC Copper Motor |HEPA with Stainless Steel Cover | for Home Office & Car Cleaning|4 Attachments | Blower for Dust & Inflatables | Portable & Compact | VC-04","","327864","233799","284212","219967","6","10","3.7","33","B0DKJZDY72","nexlev"
"https://m.media-amazon.com/images/I/71RP9rxKe0L.jpg;https://m.media-amazon.com/images/I/91ur3+8G58L.jpg;https://m.media-amazon.com/images/I/81k11IVUzuL.jpg;https://m.media-amazon.com/images/I/81egth6w4lL.jpg;https://m.media-amazon.com/images/I/91AMLS9dycL.jpg;https://m.media-amazon.com/images/I/81Q+EOV-AqL.jpg;https://m.media-amazon.com/images/I/81gzOJSA+CL.jpg;https://m.media-amazon.com/images/I/91d3wIm+KfL.jpg;https://m.media-amazon.com/images/I/613hdJ4UbTL.jpg","nexlev Vacuum Cleaner for Home Use Wet and Dry | VC-05 Cordless Vacuum Cleaner for Car Use with 4000mAh Battery, 3 Attachments, Portable Compact Design for Home & Office Cleaning","","297593","261380","183761","127500","2","10","3.5","60","B0DKJSCLBD","nexlev"
"https://m.media-amazon.com/images/I/71J2Xn0NmJL.jpg;https://m.media-amazon.com/images/I/81cSUCUhJLL.jpg;https://m.media-amazon.com/images/I/8144xAufklL.jpg;https://m.media-amazon.com/images/I/81K0pVtsqTL.jpg;https://m.media-amazon.com/images/I/81OAgygKojL.jpg;https://m.media-amazon.com/images/I/81syclKVBNL.jpg;https://m.media-amazon.com/images/I/71BkBWelSuL.jpg;https://m.media-amazon.com/images/I/71NJqra7D6L.jpg;https://m.media-amazon.com/images/I/61QsfQ7O9uL.jpg","Nexlev 10-in-1 Foldable Steam Cleaner & Mop| 2 Steam Modes| All Surfaces & Upholstery| 12 Accessories| 350ml Tank| 5M Cord|Swivel Design|Powerful Chemical Free Disinfection|Light-Weight|SC-04","","2517","2254","4036","6421","34","300","3.9","783","B0DNJS23HS","nexlev"
"https://m.media-amazon.com/images/I/71NeANd+hxL.jpg;https://m.media-amazon.com/images/I/71f7L1v1xWL.jpg;https://m.media-amazon.com/images/I/71GzyrVrVUL.jpg;https://m.media-amazon.com/images/I/71TcQ7DtPiL.jpg;https://m.media-amazon.com/images/I/71hq+nfRwaL.jpg;https://m.media-amazon.com/images/I/613hdJ4UbTL.jpg","NexLev Blackhead & Whitehead Remover Tool | Rechargeable |1Hr Use| Acne & Pimple Pore Cleaner | 6 Heads | Electric Derma Suction Machine | Hydra Facial Cleanser Device for Face |For Men & Women |BR-01","","66110","64621","44762","22403","3","50","3.6","131","B0DKJXRXKM","nexlev"
"https://m.media-amazon.com/images/I/61wQ2tqHzTL.jpg;https://m.media-amazon.com/images/I/71Ma11Wh2iL.jpg;https://m.media-amazon.com/images/I/81S2mCN3HBL.jpg;https://m.media-amazon.com/images/I/81Ndz34lmVL.jpg;https://m.media-amazon.com/images/I/71mt9FEG2bL.jpg;https://m.media-amazon.com/images/I/71mDmae2m5L.jpg","NexLev Laser Hair Remover Device| Cooling Technology | Silky Skin for Women & Men |Painless & PermanentHair Reduction |Clinical-grade technology best suited for Indian Skin| At-home epilator for Face, Body & Bikini |IPL-01","","293001","285584","274484","219877","0","","2.3","5","B0DKK12XWR","nexlev"
"https://m.media-amazon.com/images/I/81sdK6hnMCL.jpg;https://m.media-amazon.com/images/I/715qb8YB7JL.jpg;https://m.media-amazon.com/images/I/81NrIYPAyfL.jpg;https://m.media-amazon.com/images/I/71rPd+b8bCL.jpg;https://m.media-amazon.com/images/I/81vfEom3pAL.jpg;https://m.media-amazon.com/images/I/81JN1pbYyQL.jpg","Nexlev LED Face Therapy Mask | For Glowing Clean Glass Skin| Anti Acne & anti-aging | Skin Rejuvenation| Facial at home| 60 Min Runtime| 7 colours| For All Skin Type| TYPE-C | For Men & Women| LE-07","","345891","338992","327768","293394","0","","5","2","B0DKJVWM8Q","nexlev"
"https://m.media-amazon.com/images/I/61anUBKQpLL.jpg;https://m.media-amazon.com/images/I/810HKaegs-L.jpg;https://m.media-amazon.com/images/I/81WdMaThbaL.jpg;https://m.media-amazon.com/images/I/71jmvU76G7L.jpg;https://m.media-amazon.com/images/I/81hEspLlcML.jpg;https://m.media-amazon.com/images/I/714eL0iPY8L.jpg;https://m.media-amazon.com/images/I/71Xj7zaB8RL.jpg;https://m.media-amazon.com/images/I/613hdJ4UbTL.jpg","NexLev Oil Applicator Comb|Red Led Light Therapy |Boost Hair Growth| Reduce Dandruff | Relieve Stress |High Vibration Corded Electric Scalp/Head Massager | 6 ML Oil Tank | 2 Hr Run-Time| Type-C|EA-02","","44671","51814","30862","22207","7","50","3.8","45","B0DKK15YNJ","nexlev"
"https://m.media-amazon.com/images/I/71U8tZuINjL.jpg;https://m.media-amazon.com/images/I/71zjZSyIM7L.jpg;https://m.media-amazon.com/images/I/81b1D+ctTtL.jpg;https://m.media-amazon.com/images/I/71HCvoWu6zL.jpg;https://m.media-amazon.com/images/I/71EuVHM8RpL.jpg;https://m.media-amazon.com/images/I/71ScuUX+P5L.jpg;https://m.media-amazon.com/images/I/71lBf1qAPML.jpg","NexLev LED Therapy Oil Applicator | Reduce Dandruff | Improve Hair Growth | EMS for Scalp Improvement | Red & Blue Light | High Frequency Massage for Better Absorption | 10 ML | Waterproof | EA-01","","143545","140886","134206","119225","0","50","3.5","9","B0DHRQPGGM","nexlev"
"https://m.media-amazon.com/images/I/518kHrHSYiL.jpg;https://m.media-amazon.com/images/I/71AmC5KPj5L.jpg;https://m.media-amazon.com/images/I/7161kX8zx7L.jpg;https://m.media-amazon.com/images/I/717bKVYBOiL.jpg;https://m.media-amazon.com/images/I/71sYqHnDrYL.jpg;https://m.media-amazon.com/images/I/71NAazhAQKL.jpg","NexLev Spin Scrubber|6 Scrubbing Heads| For Kitchen, Bathroom, Tub, Glass | Complete cleaning tool for Home, Office & Car| 90 min runtime | 2600 mAh | Cordless Type C | 2 Modes|Adjustable Handle|SS-02","","33616","57675","55248","31571","1","50","3.5","59","B0DNJP9T35","nexlev"
"https://m.media-amazon.com/images/I/518kHrHSYiL.jpg;https://m.media-amazon.com/images/I/71AmC5KPj5L.jpg;https://m.media-amazon.com/images/I/7161kX8zx7L.jpg;https://m.media-amazon.com/images/I/717bKVYBOiL.jpg;https://m.media-amazon.com/images/I/71sYqHnDrYL.jpg;https://m.media-amazon.com/images/I/71NAazhAQKL.jpg;https://m.media-amazon.com/images/I/71nt7axTyuL.jpg;https://m.media-amazon.com/images/I/61QsfQ7O9uL.jpg","Nexlev Electric Spin Scrubber for Bathroom | Bathroom Cleaning Machine Electric with 6 Interchangeable Heads | Auto Water Spray | 90 Min Runtime | Adjustable Handle | IP68 Waterproof SS-02","","18082","22166","15744","15095","11","","3.8","13","B0GLHC8CB3","nexlev"
"https://m.media-amazon.com/images/I/61oVqOz6jUL.jpg;https://m.media-amazon.com/images/I/71lgSoI6brL.jpg;https://m.media-amazon.com/images/I/81NcXyvdKOL.jpg;https://m.media-amazon.com/images/I/712Qo6Kw-YL.jpg;https://m.media-amazon.com/images/I/81bZNpc0uYL.jpg;https://m.media-amazon.com/images/I/816Yfr6IPYL.jpg;https://m.media-amazon.com/images/I/81Nw6FIcWmL.jpg;https://m.media-amazon.com/images/I/613hdJ4UbTL.jpg","NexLev Calf Massager | Daily Use Leg Massager for Sore Muscle |1 Piece | Hand Like Massage with Air Compression | Improve Blood Circulation & Relieve Pain | 2500 mAh | Large Belt | Type C | CFM-01","","72104","36329","20564","18542","4","50","3.7","91","B0DM6BB3VT","nexlev"
"https://m.media-amazon.com/images/I/71hZSZoG5wL.jpg;https://m.media-amazon.com/images/I/81A7CpVPg3L.jpg;https://m.media-amazon.com/images/I/81W95s-c-DL.jpg;https://m.media-amazon.com/images/I/71X+Nti1-IL.jpg;https://m.media-amazon.com/images/I/81qlSf0-mNL.jpg;https://m.media-amazon.com/images/I/81no0O9uxuL.jpg;https://m.media-amazon.com/images/I/81CnkR-rqhL.jpg;https://m.media-amazon.com/images/I/613hdJ4UbTL.jpg","NexLev Knee Massager for Joint Pain Relief |Controlled Vibration & Heating for Arthritis, Knee, Shoulder or Elbow pain | 15 modes |2 Extension Belt |Graphene Heating pad for Consistent Heating | KM-01","","124955","121403","116940","75362","0","50","3.3","22","B0DM66B2DW","nexlev"
"https://m.media-amazon.com/images/I/71b6Js7x-gL.jpg;https://m.media-amazon.com/images/I/71HCkg2izrL.jpg;https://m.media-amazon.com/images/I/8193M5DG63L.jpg;https://m.media-amazon.com/images/I/616j27Yss9L.jpg;https://m.media-amazon.com/images/I/819QRJ8m2qL.jpg;https://m.media-amazon.com/images/I/810X2xi6PGL.jpg;https://m.media-amazon.com/images/I/81Ez+A7Dd-L.jpg","NexLev Knee Massager for Joint Pain Relief |Controlled Vibration & Heating for Arthritis, Knee, Shoulder or Elbow pain | 15 modes |2 Extension Belt |Graphene Heating pad for Consistent Heating | KM-01","","47528","68002","87100","59187","6","50","3.5","18","B0F29SZCVF","nexlev"
"https://m.media-amazon.com/images/I/714aRTf0Q4L.jpg;https://m.media-amazon.com/images/I/81PJY-2p4xL.jpg;https://m.media-amazon.com/images/I/81iDStdOBaL.jpg;https://m.media-amazon.com/images/I/91mpzbOmPmL.jpg;https://m.media-amazon.com/images/I/91+0mRForaL.jpg;https://m.media-amazon.com/images/I/91tHuUP8YhL.jpg;https://m.media-amazon.com/images/I/81UGCmB9B-L.jpg","NexLev Electric 360° Shiatsu Foot Massager|Deep Kneading Function| Air Compression Massage| Heat Therapy| Pain Relief & Improved Blood Circulation For Leg & Calf | Auto Shut-Off | FM-01","","152622","147631","141789","125764","0","","3.8","20","B0DMSMKRD9","nexlev"
"https://m.media-amazon.com/images/I/71Tle8WBJxL.jpg;https://m.media-amazon.com/images/I/81ikUQyfiSL.jpg;https://m.media-amazon.com/images/I/81y7fDwYjdL.jpg;https://m.media-amazon.com/images/I/815FYEYmYiL.jpg;https://m.media-amazon.com/images/I/81LLRZLkihL.jpg","Nexlev Foot, Calf & Leg Massager for Pain Relief with Heat & Kneading function| Corded Electric Foot Massage Machine for Home with Customizable Settings| 3 Speed Modes| Mini FM-02","","152622","147631","141796","125683","0","50","3.8","20","B0DMSSLXST","nexlev"
"https://m.media-amazon.com/images/I/61vZ3HJ0E4L.jpg;https://m.media-amazon.com/images/I/81ufzKWMnWL.jpg;https://m.media-amazon.com/images/I/81pceUGlG5L.jpg;https://m.media-amazon.com/images/I/81kytzeXEML.jpg;https://m.media-amazon.com/images/I/71nCzrgm2OL.jpg;https://m.media-amazon.com/images/I/81j0Siki+XL.jpg;https://m.media-amazon.com/images/I/613hdJ4UbTL.jpg","NexLev Eye Massager| 5 Massage Modes |Heat Function| 180° Foldable| Improves Sleep| Relieves Stress, Headache & Migraine| Relax & Reduce Eye Strain, Dark Circles, Eye Bags| Charge Type-C| EM-01","","254268","246333","236835","209776","0","","2.9","7","B0DM6MG4ZH","nexlev"
"https://m.media-amazon.com/images/I/61MxX4ham-L.jpg;https://m.media-amazon.com/images/I/81YbLP-PqaL.jpg;https://m.media-amazon.com/images/I/810iNv8GgbL.jpg;https://m.media-amazon.com/images/I/814utOTCbML.jpg;https://m.media-amazon.com/images/I/81rWgOd1wrL.jpg;https://m.media-amazon.com/images/I/81BcifayhoL.jpg;https://m.media-amazon.com/images/I/81aMN4uFQhL.jpg","NexLev Air Compression Eye Massager|Heat Function|Vibration|In-Built Music| 5 Modes| 180° Foldable|Improve Sleep|Relieves Headache & Migraine|Reduce Eye Strain, Dark Circle, Eye Bags|Type-C| EM-02","","162317","156452","150081","112659","0","30","2.2","9","B0DMSHZXG2","nexlev"
"https://m.media-amazon.com/images/I/51jDrenJQnL.jpg;https://m.media-amazon.com/images/I/719GSyYzETL.jpg;https://m.media-amazon.com/images/I/71YUTi5RYkL.jpg;https://m.media-amazon.com/images/I/614uCApKTzL.jpg;https://m.media-amazon.com/images/I/61VnxLDo1GL.jpg;https://m.media-amazon.com/images/I/71NGVoMkfJL.jpg;https://m.media-amazon.com/images/I/61i2E6MPzUL.jpg;https://m.media-amazon.com/images/I/71KQAqqX1nL.jpg;https://m.media-amazon.com/images/I/613hdJ4UbTL.jpg","NexLev Massager Gun For Pain Relief | 4 Head Deep Tissue Body Massage Gun For Pain Relief For Men & Women | Handheld Battery Powered Massager for Neck, Shoulder, Back, Foot | 1800mAh Battery- MG-01","","96532","75478","86910","90994","6","10","4","8","B0DMT19RWC","nexlev"
"https://m.media-amazon.com/images/I/61z7WBfRS6L.jpg;https://m.media-amazon.com/images/I/71zJc-ULhKL.jpg;https://m.media-amazon.com/images/I/71TSoKs0JdL.jpg;https://m.media-amazon.com/images/I/71DzHSmT3IL.jpg;https://m.media-amazon.com/images/I/71eXwm3W9iL.jpg;https://m.media-amazon.com/images/I/71wN1VISLxL.jpg;https://m.media-amazon.com/images/I/61rMuapFJsL.jpg;https://m.media-amazon.com/images/I/613hdJ4UbTL.jpg","NexLev Shiatsu Neck & Back Massager| 3D Kneading Deep Tissue Electric Massage Pillow| Muscle Pain Relief for Neck, Back,Shoulders,Legs,Foot| 4 Speed Modes| 15 Min Auto Shut-Off| Bi-directional| BM-01","","143681","135185","123937","100433","0","10","2.7","11","B0DNJHKZ2G","nexlev"
"https://m.media-amazon.com/images/I/61z7WBfRS6L.jpg;https://m.media-amazon.com/images/I/71zJc-ULhKL.jpg;https://m.media-amazon.com/images/I/71TSoKs0JdL.jpg;https://m.media-amazon.com/images/I/71DzHSmT3IL.jpg;https://m.media-amazon.com/images/I/71eXwm3W9iL.jpg;https://m.media-amazon.com/images/I/71wN1VISLxL.jpg;https://m.media-amazon.com/images/I/61rMuapFJsL.jpg;https://m.media-amazon.com/images/I/613hdJ4UbTL.jpg","NexLev Neck & Back Massager|Cervical Pain Relief|Electric Deep Tissue Shiatsu with Heat Therapy|3 Speed Modes| 8 Kneading Massage Nodes|Full Body Relax|15 Min Auto-Shut-Off| 1 Year Warranty|BM-02","","143681","135145","123829","102314","0","","2.4","6","B0DNJJKBKG","nexlev"
"https://m.media-amazon.com/images/I/710t9mB4hXL.jpg;https://m.media-amazon.com/images/I/81voLC+5yCL.jpg;https://m.media-amazon.com/images/I/81amGX+GiQL.jpg;https://m.media-amazon.com/images/I/81yxbnHHxGL.jpg;https://m.media-amazon.com/images/I/71jMhb72NcL.jpg;https://m.media-amazon.com/images/I/81k7-75fzbL.jpg;https://m.media-amazon.com/images/I/613hdJ4UbTL.jpg","nexlev Handheld Vacuum Cleaner| 600 W | 17.5 Kpa Suction | 5 M Cord | Lightweight | Washable Hepa Filter and Dust Container| 4 Attachments | Compact Size | Home & Office Use| VC-06","","505067","487059","468907","279220","0","10","3.5","15","B0DRD8J8R5","nexlev"
"https://m.media-amazon.com/images/I/61Q0vs-wTNL.jpg;https://m.media-amazon.com/images/I/71DOSkwk4vL.jpg;https://m.media-amazon.com/images/I/81k912NAmUL.jpg;https://m.media-amazon.com/images/I/81zc9ABOiLL.jpg;https://m.media-amazon.com/images/I/71q0qFh0xOL.jpg;https://m.media-amazon.com/images/I/71EFOaIJ7QL.jpg;https://m.media-amazon.com/images/I/71gi1ZY6WwL.jpg;https://m.media-amazon.com/images/I/81lg0-P6swL.jpg;https://m.media-amazon.com/images/I/613hdJ4UbTL.jpg","NexLev Steam Cleaner | Complete Home Kitchen Floor Bathroom Car & Office | Steam Cleaner for Home With 9 Accessories | 450 ML | Window Pane Sink Grime Chimney Grease Water Stain Cleaner | 1050W","","2517","2258","3869","4509","28","500","3.9","783","B0F43P6D23","nexlev"
"https://m.media-amazon.com/images/I/61464P38FwL.jpg;https://m.media-amazon.com/images/I/71gIJ+nUg4L.jpg;https://m.media-amazon.com/images/I/81p+aJ1AcHL.jpg;https://m.media-amazon.com/images/I/718lNqSBxbL.jpg;https://m.media-amazon.com/images/I/71OoiWf+VdL.jpg;https://m.media-amazon.com/images/I/71Iz7Cfw3kL.jpg;https://m.media-amazon.com/images/I/71jAZBfuTNL.jpg;https://m.media-amazon.com/images/I/718MKGAwd9L.jpg;https://m.media-amazon.com/images/I/613hdJ4UbTL.jpg","Nexlev Rechargeable Electric Toothbrush| 120 Days Life | 35K strokes/min| Type C| 6 Modes for Daily Use| 2 Min timer with 30sec Quadpacer | 4 Brushheads| IPX7 Waterproof| For Men & Women | ETC-07 White","","54512","52863","69329","46753","11","30","4.3","22","B0FJG5PFGQ","nexlev"
"https://m.media-amazon.com/images/I/61z7WBfRS6L.jpg;https://m.media-amazon.com/images/I/71zJc-ULhKL.jpg;https://m.media-amazon.com/images/I/71TSoKs0JdL.jpg;https://m.media-amazon.com/images/I/71DzHSmT3IL.jpg;https://m.media-amazon.com/images/I/71eXwm3W9iL.jpg;https://m.media-amazon.com/images/I/71wN1VISLxL.jpg;https://m.media-amazon.com/images/I/61rMuapFJsL.jpg;https://m.media-amazon.com/images/I/613hdJ4UbTL.jpg","NexLev Shiatsu Neck Shoulder & Back Massager | 8 Kneading Nodes | 4 Modes | Deep Tissue Massage for Cervical Pain Relief | Adjustable & Hands free Design | Portable | Deep Tissue Relief | BM-03","","143681","136866","124815","101814","0","10","1","2","B0DV8XH455","nexlev"
"https://m.media-amazon.com/images/I/61gCoGPgVnL.jpg;https://m.media-amazon.com/images/I/71PASGs8-JL.jpg;https://m.media-amazon.com/images/I/71CTi-r-cKL.jpg;https://m.media-amazon.com/images/I/81h8yMQe9XL.jpg;https://m.media-amazon.com/images/I/71U8Jbxc4bL.jpg;https://m.media-amazon.com/images/I/71B9x68wvVL.jpg;https://m.media-amazon.com/images/I/71dPdT37hgL.jpg;https://m.media-amazon.com/images/I/613hdJ4UbTL.jpg","NexLev Cordless Body Massager | Neck, Shoulder, Back, Legs & Thigh Pain Relief | 10 Intensity and 12 Modes | 8 Attachments | Deep Tissue Kneading for Complete Pain Relief | Charging Indicator | PM-01","","81705","74343","66242","44076","2","10","2.9","6","B0DV9MYK6S","nexlev"
"https://m.media-amazon.com/images/I/71TbuRl-VPL.jpg;https://m.media-amazon.com/images/I/81WgPRlzWaL.jpg;https://m.media-amazon.com/images/I/81P3M-KwlrL.jpg;https://m.media-amazon.com/images/I/81Q4CauPnzL.jpg;https://m.media-amazon.com/images/I/81kmrK7IQkL.jpg;https://m.media-amazon.com/images/I/81lU+NhbDSL.jpg;https://m.media-amazon.com/images/I/81QXcTENfQL.jpg;https://m.media-amazon.com/images/I/810YEbGVUAL.jpg;https://m.media-amazon.com/images/I/613hdJ4UbTL.jpg","NexLev Orthopaedic Heat and Massage Belt | Massager for Lower Back Shoulder Cramps and Neck Pain Relief | 3 massage Modes | 2 intensities | Heat for Soothing Sore Muscles | 30 min Auto Shut off |HB-01","","356088","347454","332642","276498","0","","","","B0DV91JGF1","nexlev"
"https://m.media-amazon.com/images/I/71OYSRLOpsL.jpg;https://m.media-amazon.com/images/I/71glW987FyL.jpg;https://m.media-amazon.com/images/I/71JIq0JHamL.jpg;https://m.media-amazon.com/images/I/81FLmofCtWL.jpg;https://m.media-amazon.com/images/I/81peyQAsfeL.jpg;https://m.media-amazon.com/images/I/711Y2qsrfLL.jpg;https://m.media-amazon.com/images/I/81U9+2Qi-PL.jpg;https://m.media-amazon.com/images/I/613hdJ4UbTL.jpg","nexlev Travel Neck Pillow | Orthopedic Premium Memory Foam | for Airplane, Car, Train, Office use & Cervical Pain | Machine Washable | 360 Support | Carry Pouch for Storage | NP-06","","22116","22465","21600","14335","1","10","3.8","118","B0DVCBR11D","nexlev"
"https://m.media-amazon.com/images/I/81Lfvwt5utL.jpg;https://m.media-amazon.com/images/I/71t+7YQn4EL.jpg;https://m.media-amazon.com/images/I/81nI5o6CsRL.jpg;https://m.media-amazon.com/images/I/814rw-16UDL.jpg;https://m.media-amazon.com/images/I/813PxkR1FgL.jpg;https://m.media-amazon.com/images/I/81bDJiDW6-L.jpg;https://m.media-amazon.com/images/I/81Nh675b4BL.jpg","nexlev Travel Neck Pillow | Orthopedic Premium Memory Foam | for Airplane, Car, Train, Office use & Cervical Pain | Machine Washable | 360 Support | Carry Pouch for Storage | NP-07","","22116","22272","21558","14495","1","","3.8","118","B0DVCDD5VC","nexlev"
"https://m.media-amazon.com/images/I/71gZhFezYXL.jpg;https://m.media-amazon.com/images/I/81cO-QLV8YL.jpg;https://m.media-amazon.com/images/I/91lKsZlr9TL.jpg;https://m.media-amazon.com/images/I/81L4g8NtuKL.jpg;https://m.media-amazon.com/images/I/81uPDtqGx5L.jpg;https://m.media-amazon.com/images/I/81u-wmJAY7L.jpg;https://m.media-amazon.com/images/I/81DRolmRaKL.jpg;https://m.media-amazon.com/images/I/81y29a29V-L.jpg;https://m.media-amazon.com/images/I/613hdJ4UbTL.jpg","NexLev Stand Mixer |5 L Stainless Steel Bowl | 1500W | Stand Mixer For Baking with 10 Speeds | Whisk, Beater & Dough Hook |100% Copper Motor |For Roti & Cookie Dough, Cake Making & more | ST-01","","55781","34423","24706","46144","9","50","4.2","103","B0DVC7VJP1","nexlev"
"https://m.media-amazon.com/images/I/71IjdNGFBEL.jpg;https://m.media-amazon.com/images/I/81doFQi-GnL.jpg;https://m.media-amazon.com/images/I/81Q55jhaqiL.jpg;https://m.media-amazon.com/images/I/81yA246SasL.jpg;https://m.media-amazon.com/images/I/81i8xX18bCL.jpg;https://m.media-amazon.com/images/I/81PGs5V3pUL.jpg;https://m.media-amazon.com/images/I/81VNsjWgsPL.jpg;https://m.media-amazon.com/images/I/71RkoIv5JrL.jpg;https://m.media-amazon.com/images/I/61QsfQ7O9uL.jpg","NexLev Cool Mist Humidifier | 3.5L| For Office, Indoor Plants, Baby Nursery | Quiet Operation | Works 44Hrs on Low Setting | 360° Nozzle | Auto Shut-Off | Adjustable Knob | Leak Proof | HU-01","","217006","146207","111852","57428","7","10","3.9","99","B0DVC968P1","nexlev"
"https://m.media-amazon.com/images/I/71IjdNGFBEL.jpg;https://m.media-amazon.com/images/I/81doFQi-GnL.jpg;https://m.media-amazon.com/images/I/81Q55jhaqiL.jpg;https://m.media-amazon.com/images/I/81yA246SasL.jpg;https://m.media-amazon.com/images/I/81i8xX18bCL.jpg;https://m.media-amazon.com/images/I/81PGs5V3pUL.jpg;https://m.media-amazon.com/images/I/81VNsjWgsPL.jpg;https://m.media-amazon.com/images/I/71RkoIv5JrL.jpg;https://m.media-amazon.com/images/I/61QsfQ7O9uL.jpg","NexLev Humidifier For Room Moisture | 2.2L Ultrasonic Cool Mist Room Humidifier For Bedroom, 30H Runtime, 360° Nozzle, Adjustable Mist, Auto Shut-Off, Leak-Proof for Bedroom, Nursery & Plants","","214630","146253","112790","57631","7","50","3.8","104","B0DVC8NYY2","nexlev"
"https://m.media-amazon.com/images/I/81jC6hHnsFL.jpg;https://m.media-amazon.com/images/I/81BwF6eb4pL.jpg;https://m.media-amazon.com/images/I/81gJugiwCsL.jpg;https://m.media-amazon.com/images/I/81kUr2eebfL.jpg;https://m.media-amazon.com/images/I/81QcOReW8WL.jpg;https://m.media-amazon.com/images/I/81wmcRLgdBL.jpg;https://m.media-amazon.com/images/I/81w49i3dw9L.jpg;https://m.media-amazon.com/images/I/61QsfQ7O9uL.jpg","NexLev Air Purifier for Living Room | 650 sqft Area |True HEPA 13 with 8500 Hrs Filter Life |Captures 99.99% Virus and PM 2.5 |Smart AQI Indicator |Home & Office Use|App Support|Sleep & Auto Mode| A6","","256524","203337","165484","93944","4","","3.8","100","B0DVC9PRSD","nexlev"
"https://m.media-amazon.com/images/I/71Xx7-d4aUL.jpg;https://m.media-amazon.com/images/I/817c-WQ2bXL.jpg;https://m.media-amazon.com/images/I/81O-6c7voTL.jpg;https://m.media-amazon.com/images/I/81VgYgPLIOL.jpg;https://m.media-amazon.com/images/I/71cl6r9pUrL.jpg;https://m.media-amazon.com/images/I/81YjQFj1tKL.jpg;https://m.media-amazon.com/images/I/81Qh2UZ5IyL.jpg","NexLev Air Purifier for Home| Upto 650 Sqft| True HEPA 13 Filter catches 99.97% of Viruses & PM 2.5 particles| Filter Life 1500Hrs| App Control| Air Quality Indicator| Wi-Fi Enabled| AP-02","","1789888","1765577","859207","1348922","0","","","","B0DVC9Q219","nexlev"
"https://m.media-amazon.com/images/I/71fDNvnGKUL.jpg;https://m.media-amazon.com/images/I/71BrHYptp+L.jpg;https://m.media-amazon.com/images/I/81xptYXiCtL.jpg;https://m.media-amazon.com/images/I/71jGVUGazwL.jpg;https://m.media-amazon.com/images/I/81XGqdC21IL.jpg;https://m.media-amazon.com/images/I/81Ijw-5htXL.jpg;https://m.media-amazon.com/images/I/613hdJ4UbTL.jpg","NexLev Massager Gun For Pain Relief | 4 Head Deep Tissue Body Massage Gun For Pain Relief For Men & Women- 6 Speed Modes | Handheld Battery Powered Massager for Neck, Shoulder, Back, Foot- MGS-02","","96532","74739","87463","90547","5","10","5","1","B0DV94R4QD","nexlev"
"https://m.media-amazon.com/images/I/71mQgLsdiBL.jpg;https://m.media-amazon.com/images/I/81nqOD31CmL.jpg;https://m.media-amazon.com/images/I/810i+r+dCZL.jpg;https://m.media-amazon.com/images/I/81NBP+VfmBL.jpg;https://m.media-amazon.com/images/I/812jXZCKPHL.jpg;https://m.media-amazon.com/images/I/81Rx8eMu-4L.jpg;https://m.media-amazon.com/images/I/71VlzBpROEL.jpg;https://m.media-amazon.com/images/I/71ZODuuKiIL.jpg;https://m.media-amazon.com/images/I/613hdJ4UbTL.jpg","NexLev Massage Gun | Body Shoulder Neck Feet Calf & Back Massager | Cold Therapy for Muscle Recovery | 60° Heat Therapy for Relaxation | 6 Attachments | 6 Mode | Portable & Compact Design | MGC-03","","104549","72692","85654","90612","7","20","2.5","3","B0DV9CY3XR","nexlev"
"https://m.media-amazon.com/images/I/812-nyeCy+L.jpg;https://m.media-amazon.com/images/I/81dGlccTeqL.jpg;https://m.media-amazon.com/images/I/81v-3atekoL.jpg;https://m.media-amazon.com/images/I/811sXTCPXhL.jpg;https://m.media-amazon.com/images/I/813vk4sxL8L.jpg;https://m.media-amazon.com/images/I/81DvsLheu6L.jpg;https://m.media-amazon.com/images/I/81MRiRweCCL.jpg","NexLev Full Body Massage Chair Mat | Deep Tissue Massage with 22 Air Compression Bags | Remote Control | Heat Therapy | Spa at Home | Foldable & Compact Design | Ideal for Back & Shoulder Pain MM-01","","386396","377173","364039","106910","0","","","","B0DV8TR64D","nexlev"
"https://m.media-amazon.com/images/I/71VjVUguk7L.jpg;https://m.media-amazon.com/images/I/71Fvgu3v28L.jpg;https://m.media-amazon.com/images/I/71NSgh313OL.jpg;https://m.media-amazon.com/images/I/71upQrU60xL.jpg;https://m.media-amazon.com/images/I/71gypIbaqkL.jpg;https://m.media-amazon.com/images/I/71-d8blWuML.jpg;https://m.media-amazon.com/images/I/71HXI5282-L.jpg","NexLev Calf Massager Pro|Complete Feet Calf Knee and Thigh Massage|Hand like Massage with Air Compression and Heat Therapy|Pain Relief,Muscle Recovery & Enhanced Blood Circulation|3 Intensities|CFM-02","","138004","160116","124480","45113","1","","1","2","B0DVSZ2VVJ","nexlev"
"https://m.media-amazon.com/images/I/61hpaUpkT4L.jpg;https://m.media-amazon.com/images/I/71R7gZ4MF6L.jpg;https://m.media-amazon.com/images/I/81FnETHpQ-L.jpg;https://m.media-amazon.com/images/I/71DMPPY4vFL.jpg;https://m.media-amazon.com/images/I/81v8a2sKU2L.jpg;https://m.media-amazon.com/images/I/81B1PkMvEEL.jpg;https://m.media-amazon.com/images/I/81QVH+tzTGL.jpg;https://m.media-amazon.com/images/I/613hdJ4UbTL.jpg","NexLev Cordless Body Massager | Neck, Shoulder, Back, Legs & Thigh Pain Relief | 10 Intensity and 12 Modes | 6 Attachments | Deep Tissue Kneading for Complete Pain Relief | Charging Indicator | PM-02","","341986","301206","281101","283910","0","","","","B0DV931G48","nexlev"
"https://m.media-amazon.com/images/I/71rPCJ1Vi5L.jpg;https://m.media-amazon.com/images/I/81hedSWm5pL.jpg;https://m.media-amazon.com/images/I/811lzolz+SL.jpg;https://m.media-amazon.com/images/I/81CrCwegGlL.jpg;https://m.media-amazon.com/images/I/91NJL4+pz0L.jpg;https://m.media-amazon.com/images/I/81NaNvlPCkL.jpg;https://m.media-amazon.com/images/I/81ylISxk4dL.jpg;https://m.media-amazon.com/images/I/81YlnCMCeTL.jpg;https://m.media-amazon.com/images/I/613hdJ4UbTL.jpg","NexLev Mini Air Purifier | Home Room & Office Use upto 180 sq ft |True HEPA 13 Filter | Eliminate 99.99% Virus Dust Smoke Odor Pollen Allergens & Pollutants | Long Filter Life |2 Year Warranty |AP220","","255877","203861","165450","93340","5","20","3.8","100","B0DVC58QPZ","nexlev"
"https://m.media-amazon.com/images/I/71BTcLII1FL.jpg;https://m.media-amazon.com/images/I/710m5Sx89CL.jpg;https://m.media-amazon.com/images/I/81ffgJG5XKL.jpg;https://m.media-amazon.com/images/I/716By+nNvCL.jpg;https://m.media-amazon.com/images/I/71w4Wf3t0sL.jpg;https://m.media-amazon.com/images/I/71jlbISALfL.jpg;https://m.media-amazon.com/images/I/71pcq0o7W6L.jpg;https://m.media-amazon.com/images/I/71T42ZcsQkL.jpg;https://m.media-amazon.com/images/I/613hdJ4UbTL.jpg","NexLev Body & Intimate Trimmer for Men | Pubic Hair - Private Part Trimmer and Body Groomer |Vacuum for Mess Free Trimming | Ceramic Blades | Curved Edge for Safety | IPX7 Waterproof | TypeC |TM-05","","167372","152970","145235","123820","0","","4","1","B0DVC91Q7J","nexlev"
"https://m.media-amazon.com/images/I/71Np-YyXeDL.jpg;https://m.media-amazon.com/images/I/51OQMlssIAL.jpg;https://m.media-amazon.com/images/I/51tD0WNw6QL.jpg;https://m.media-amazon.com/images/I/41qwdqcl-eL.jpg;https://m.media-amazon.com/images/I/51vztkDPaLL.jpg;https://m.media-amazon.com/images/I/51wH3VOrjIL.jpg;https://m.media-amazon.com/images/I/61hpwNriELL.jpg","NexLev Spin Scrubber with Soap Spray | 6 heads| For Kitchen, Tub, Glass, Complete cleaning tool for Home, Office & Car| 90 min runtime | 4500 mAh | Cordless Type C | Adjustable Handle|SS-01, White","","39209","40958","41982","31892","5","50","3.3","68","B0DTK4FY1G","nexlev"
"https://m.media-amazon.com/images/I/81POSG0li0L.jpg;https://m.media-amazon.com/images/I/81oI87pYXyL.jpg;https://m.media-amazon.com/images/I/814eJbBAwML.jpg;https://m.media-amazon.com/images/I/81boG6dMziL.jpg;https://m.media-amazon.com/images/I/81-oKy8cc2L.jpg;https://m.media-amazon.com/images/I/81e0SUSSHhL.jpg;https://m.media-amazon.com/images/I/613hdJ4UbTL.jpg","NexLev Cordless Spin Mop|50 Min Runtime|2 Extra Mop Pads | Type C | For Home Kitchen & Office Use | Water Spray Function|Self Propelling|Mopping for All Floor Types|LED for Corners and Underbed|SPM-01","","15268","50122","53070","40025","7","50","3","50","B0DTYDTKN8","nexlev"
"https://m.media-amazon.com/images/I/81vdYzb+ybL.jpg;https://m.media-amazon.com/images/I/71EpGydUomL.jpg;https://m.media-amazon.com/images/I/71Swmz7Z6LL.jpg;https://m.media-amazon.com/images/I/711de+VW0ZL.jpg;https://m.media-amazon.com/images/I/71ORvTGtUnL.jpg;https://m.media-amazon.com/images/I/71IlbVwsnxL.jpg;https://m.media-amazon.com/images/I/71pe2mGpaJL.jpg;https://m.media-amazon.com/images/I/71b-ymK88AL.jpg;https://m.media-amazon.com/images/I/613hdJ4UbTL.jpg","Nexlev Rechargeable Electric Toothbrush| 120 Days Life | 35K strokes/min| Type C| 5 Modes for Daily Use| 2 Min timer with 30sec Quadpacer | 4 Brushheads| IPX7 Waterproof| For Men & Women | ETC-08 Blue","","54509","56813","64536","44859","10","10","4.2","18","B0FJ1ZB4G9","nexlev"
"https://m.media-amazon.com/images/I/711gR-FBZUL.jpg;https://m.media-amazon.com/images/I/81dRhvXSS2L.jpg;https://m.media-amazon.com/images/I/81FPdrfs5yL.jpg;https://m.media-amazon.com/images/I/81JL+30fsAL.jpg;https://m.media-amazon.com/images/I/71e1dZ+CipL.jpg;https://m.media-amazon.com/images/I/81qr-hdOywL.jpg;https://m.media-amazon.com/images/I/71mBPQ25nlL.jpg;https://m.media-amazon.com/images/I/613hdJ4UbTL.jpg","NexLev 1500W Electric Water Kettle | 1.8L | 304 SS - Auto Cut Off | 3x Protection| Instant Boiling, Water, Tea, Coffee, Noodles, Soup | Cool Touch Handle & Lid | 3Mins Rapid Heating | Cordless | KE-03","","804537","774962","586568","515112","0","","4.1","4","B0FJ8SFNRH","nexlev"
"https://m.media-amazon.com/images/I/713JDCCPfWL.jpg;https://m.media-amazon.com/images/I/81vOo2KsJ8L.jpg;https://m.media-amazon.com/images/I/71AZP1iv+iL.jpg;https://m.media-amazon.com/images/I/71mWz3lsdiL.jpg;https://m.media-amazon.com/images/I/71QiBq7a1GL.jpg;https://m.media-amazon.com/images/I/71CfPbX9eKL.jpg;https://m.media-amazon.com/images/I/613hdJ4UbTL.jpg","NexLev Rechargeable Milk Frother & Coffee Whisker | 3 Speed | Stainless Steel Dual Spring Tech | Perfect for Coffee Lattes Milk Hot Chocolate Omlete & Cream | Handheld Beater for Foam |MF-01","","698082","667342","524584","362579","0","","5","1","B0FS7T8151","nexlev"
"https://m.media-amazon.com/images/I/71C-HnlQL3L.jpg;https://m.media-amazon.com/images/I/81L7yuxfvxL.jpg;https://m.media-amazon.com/images/I/81wdVaT-7NL.jpg;https://m.media-amazon.com/images/I/717rl7DtkNL.jpg;https://m.media-amazon.com/images/I/71XA3mnvqlL.jpg;https://m.media-amazon.com/images/I/81pnWxr5cVL.jpg;https://m.media-amazon.com/images/I/81yf2jlin4L.jpg;https://m.media-amazon.com/images/I/613hdJ4UbTL.jpg","NexLev Mini Electric Chopper | 3D Stainless Steel Blade | Food Grade Bowl | For Mincing Garlic Ginger Onion Vegetable Meat Nuts | 250 ml | One Touch Operation | MC-01","","55259","51672","81942","72738","8","50","4.4","30","B0FSF1N457","nexlev"
"https://m.media-amazon.com/images/I/816io2zu6FL.jpg;https://m.media-amazon.com/images/I/91ApspWVQKL.jpg;https://m.media-amazon.com/images/I/81ZAutD-AjL.jpg;https://m.media-amazon.com/images/I/91iu9fKmjXL.jpg;https://m.media-amazon.com/images/I/91xGC5R3xdL.jpg;https://m.media-amazon.com/images/I/81li3Ggi0cL.jpg;https://m.media-amazon.com/images/I/816kY+VPdsL.jpg;https://m.media-amazon.com/images/I/81pJlBwQgeL.jpg;https://m.media-amazon.com/images/I/613hdJ4UbTL.jpg","NexLev Portable Blender | 6 Leaf Stainless Steel Blade Portable Blender for Smoothie and Juices Milkshakes & Ice Crushing | 3000 mAh Type C Rechargeable Battery | 450ml | PB-01 | Kitchen & Travel Use","","37894","66401","44581","64850","14","50","4.2","37","B0FS6TB7CP","nexlev"
"https://m.media-amazon.com/images/I/71aMsN0NW-L.jpg;https://m.media-amazon.com/images/I/91HQxtTampL.jpg;https://m.media-amazon.com/images/I/81ENH7l9X0L.jpg;https://m.media-amazon.com/images/I/91gw0XGPLCL.jpg;https://m.media-amazon.com/images/I/815skBKhr6L.jpg;https://m.media-amazon.com/images/I/81IZPbd0GtL.jpg;https://m.media-amazon.com/images/I/81AM44SLnTL.jpg;https://m.media-amazon.com/images/I/7101+mp0PcL.jpg;https://m.media-amazon.com/images/I/613hdJ4UbTL.jpg","NexLev Portable Cordless Lint Remover | for Woollen, Sweaters, Jackets, Carpets | Fabric Brush | Rue & Burr Remover | Battery Powered Shaver | SS Blade | Safety Lock | LR-03","","","","64403","23299","0","50","2.9","38","B0FT8R24QM","nexlev"
"https://m.media-amazon.com/images/I/81GOJx04WhL.jpg;https://m.media-amazon.com/images/I/81CR2mRqPML.jpg;https://m.media-amazon.com/images/I/81ds9-lHb2L.jpg;https://m.media-amazon.com/images/I/815q2-+f11L.jpg;https://m.media-amazon.com/images/I/81Er9HbycPL.jpg;https://m.media-amazon.com/images/I/81kIE10AYnL.jpg;https://m.media-amazon.com/images/I/613hdJ4UbTL.jpg","nexlev Calf Massager | Daily Use Leg Massager for Sore Muscle | Hand Like Massage with Air Compression | Improve Blood Circulation & Relieve Pain | 2500 mAh | Large Belt | Type C |CFM-03|Pack of 2","","74816","35754","20364","44028","7","10","3.7","92","B0FPGDVVCX","nexlev"
"https://m.media-amazon.com/images/I/71Zl1vRiodL.jpg;https://m.media-amazon.com/images/I/91O4cEVUV2L.jpg;https://m.media-amazon.com/images/I/81yME8wLfoL.jpg;https://m.media-amazon.com/images/I/81qGbD6SSfL.jpg;https://m.media-amazon.com/images/I/91gLDb35kDL.jpg;https://m.media-amazon.com/images/I/71t6GPq10TL.jpg;https://m.media-amazon.com/images/I/81NalIVvZzL.jpg;https://m.media-amazon.com/images/I/71go461yFrL.jpg;https://m.media-amazon.com/images/I/613hdJ4UbTL.jpg","Nexlev Ionic Volumizer|3 In 1 Hot Air Brush To Straight Dry & Volumize|1200 Watts|Reduce Frizz|Ceramic Tourmaline Coated Large Barrel|Salon Like Soft Curl At Home|3 Speed & 2 Heat Settings|V-01 RG","","5887","6438","11346","12974","23","30","4","324","B0DQ8W1RBV","nexlev"
"https://m.media-amazon.com/images/I/71lAb0El5ML.jpg;https://m.media-amazon.com/images/I/81qp6qrP7ZL.jpg;https://m.media-amazon.com/images/I/61yivgS6wDL.jpg;https://m.media-amazon.com/images/I/71gN3XuDCgL.jpg;https://m.media-amazon.com/images/I/71D2V+GxenL.jpg;https://m.media-amazon.com/images/I/71Xd7tooABL.jpg;https://m.media-amazon.com/images/I/91PFmKdBAWL.jpg;https://m.media-amazon.com/images/I/61jX4C8j89L.jpg;https://m.media-amazon.com/images/I/71LMDYYsRnL.jpg","NexLev Rechargeable Lint Remover | for Woollen Sweaters Shirts Coat Curtains & Carpets | Rue & Burr Remover | 180 Min Use | TypeC | SS Blade | 2000mAh | 3 Speed Modes | Safety Lock | LR-02","","","","64574","25356","0","50","4.4","156","B0D845B2DG","nexlev"
"https://m.media-amazon.com/images/I/61Q0vs-wTNL.jpg;https://m.media-amazon.com/images/I/71DOSkwk4vL.jpg;https://m.media-amazon.com/images/I/81k912NAmUL.jpg;https://m.media-amazon.com/images/I/81zc9ABOiLL.jpg;https://m.media-amazon.com/images/I/71q0qFh0xOL.jpg;https://m.media-amazon.com/images/I/71EFOaIJ7QL.jpg;https://m.media-amazon.com/images/I/71gi1ZY6WwL.jpg;https://m.media-amazon.com/images/I/81lg0-P6swL.jpg;https://m.media-amazon.com/images/I/613hdJ4UbTL.jpg","NexLev Replacement Mop Cloth Pads (Set of 2) | Compatible with NexLev 10-in-1 Steam Cleaner & Mop SC-04 | Reusable Microfiber Pads for Floor Deep Cleaning | Washable & Durable | For All Floor Types","","2938","2236","3862","15448","15","","3.9","768","B0F2N1HTBT","nexlev"
"https://m.media-amazon.com/images/I/51wLrw04oFL.jpg;https://m.media-amazon.com/images/I/613hdJ4UbTL.jpg","nexlev Accessory Kit for 10-in-1 Steam Cleaner & Mop SC-04","Multipurpose Attachments, Deep Cleaning","2517","2250","3886","60519","20","","3.9","782","B0FMF1D9NV","nexlev"
"https://m.media-amazon.com/images/I/81B-KvBBTwL.jpg","NexLev Replacement Mop Cloth Pads (Set of 2) | Compatible with NexLev Steam Mop SM-01 | Reusable Microfiber Pads for Floor & Carpet Cleaning | Washable & Durable | Suitable for All Floor Types","","155524","149518","116474","94802","0","","5","1","B0F2MZ8CG9","nexlev"
"https://m.media-amazon.com/images/I/81PY0Z1nFOL.jpg;https://m.media-amazon.com/images/I/613hdJ4UbTL.jpg","NexLev Replacement Mop Pads (Set of 2) | Compatible with NexLev Cordless Spin Mop SPM-01 | Soft Microfiber Cleaning Pads | Washable & Reusable | For All Floor Types | Easy to Attach & Remove","","144263","113054","71530","81645","0","","1","1","B0F2MZ9BJS","nexlev"
"https://m.media-amazon.com/images/I/61vRc7VjK+L.jpg","NexLev Replacement Stainless Steel Blades (Set of 2) | Compatible with NexLev Lint Remover LR-01 | Sharp & Durable Blades for Effective Fabric Defuzzing | Easy to Replace | Smooth & Safe Performance","","532906","352883","378530","141635","1","","1.5","2","B0F2N37819","nexlev"
"https://m.media-amazon.com/images/I/61vRc7VjK+L.jpg;https://m.media-amazon.com/images/I/613hdJ4UbTL.jpg","NexLev Replacement Stainless Steel Blades (Set of 2) | Compatible with NexLev Lint Remover LR-02 | Sharp & Durable Blades for Effective Fabric Defuzzing | Easy to Replace | Smooth & Safe Performance","","","","684938","235657","0","","4","1","B0F2N11VTN","nexlev"
"https://m.media-amazon.com/images/I/51YQvOBPKjL.jpg","NexLev Replacement HEPA Filter | Compatible with NexLev Corded Mite Remover (MR-01) | Captures 99.99% Dust, Mites & Allergens | Washable & Durable Filter | Easy to Install & Maintain","","297767","355893","451415","274584","5","","4","1","B0DGTGKPJR","nexlev"
"https://m.media-amazon.com/images/I/71Xm8onNDTL.jpg","nexlev Replacement HEPA Filter | Compatible Cordless Mite Remover (MR-02) | Captures 99.99% Dust, Mites & Allergens | Washable & Durable Filter Maintain","","588083","298816","282837","214004","3","","1","1","B0F2N4N83Y","nexlev"
"https://m.media-amazon.com/images/I/71WysJ-IiVL.jpg;https://m.media-amazon.com/images/I/613hdJ4UbTL.jpg","NexLev Replacement Accessory Kit for Spin Scrubber SS-02 | Multipurpose Cleaning Heads for Home & Car","","205231","197365","168082","149028","0","","","","B0F2N31GNX","nexlev"
"https://m.media-amazon.com/images/I/51FPuDLvJNL.jpg","nexlev Replacement Accessory Kit for Steam Cleaner SC-01, Set","Multipurpose Cleaning Attachments, For Home, Kitchen, Bathroom & Car","61811","53458","53458","69015","0","","4","771","B0F678L8YT","nexlev"
"https://m.media-amazon.com/images/I/61As1UXhTHL.jpg;https://m.media-amazon.com/images/I/613hdJ4UbTL.jpg","NexLev Replacement Accessory Kit for Steam Cleaner SC-02 | Multipurpose Cleaning Attachments for Home, Kitchen, Bathroom & Car","","164123","191301","181219","102599","3","","2","1","B0F67BSF2R","nexlev"
"https://m.media-amazon.com/images/I/61Mp55cjxiL.jpg","nexlev Replacement HEPA Filter | Compatible 2 in 1 Handheld & Stick Vacuum Cleaner VC-01 | Captures 99.97% Dust & Allergens | Washable & Durable Filter Maintain","","47313","35552","43241","82693","8","","","","B0F74DJYG6","nexlev"
"https://m.media-amazon.com/images/I/61Mp55cjxiL.jpg","nexlev Replacement HEPA Filter | Compatible Cordless Vacuum Cleaner VC-02 | Captures 99.97% Dust & Allergens | Washable & Durable Filter Maintain","","836110","802783","610171","231065","0","","5","1","B0F678RRCX","nexlev"
"https://m.media-amazon.com/images/I/61Mp55cjxiL.jpg","nexlev Replacement HEPA Filter | Compatible Cordless Car Vacuum Cleaner VC-03 | Captures 99.97% Dust & Allergens | Washable & Durable Filter Maintain","","343531","444695","642736","235732","5","","","","B0F67775SH","nexlev"
"https://m.media-amazon.com/images/I/61Mp55cjxiL.jpg","NexLev Replacement HEPA Filter | Compatible with NexLev Cordless Vacuum Cleaner & Blower VC-04 | Captures 99.97% Dust & Allergens | Washable & Durable Filter | Easy to Install & Maintain","","1000138","925458","633197","614088","0","","","","B0F679QJH4","nexlev"
"https://m.media-amazon.com/images/I/71+7JzjvWuL.jpg","Nexlev Professional Air Purifier HEPA Filter for Model A6","","679080","1357765","1832548","525474","1","","","","B0F6795PDP","nexlev"
"https://m.media-amazon.com/images/I/71+7JzjvWuL.jpg","NexLev Smart Air Purifier HEPA Filter for Model AP220","","130954","398910","348309","141310","2","","5","2","B0F67BW7SF","nexlev"
"https://m.media-amazon.com/images/I/61JA7OZLJyL.jpg;https://m.media-amazon.com/images/I/613hdJ4UbTL.jpg","NexLev Replacement Accessory Kit for Steam Cleaner SC-05 | Multipurpose Cleaning Attachments for Home, Kitchen, Bathroom & Car","","218562","212021","155350","129268","0","","","","B0FYNKYJFN","nexlev"
"https://m.media-amazon.com/images/I/61Rwk45IvhL.jpg","nexlev 3-in-1 Accessory Kit for Cordless Wet & Dry Vacuum Cleaner VC-05 | for Car, Sofa & Home Cleaning | Easy to Attach & Durable Build","","363841","1598702","1190758","1190758","1","","","","B0FYNLPK1B","nexlev"
"https://m.media-amazon.com/images/I/61-RWiPE+WL.jpg","NexLev 5.5L Stainless Steel Mixing Bowl | Compatible with NexLev Stand Mixer ST-01 | Durable & Rust-Resistant | Easy to Clean | Extra Bowl for Baking, Mixing & Whipping","","","","37510","41386","0","","","","B0FYNR2XCB","nexlev"
"https://m.media-amazon.com/images/I/61h+uJ5wIOL.jpg","NexLev Stand Mixer Attachment Set for ST-01 | Includes Dough Hook, Beater & Whisk | Durable Stainless Steel Build | Easy to Attach & Clean | Ideal for Baking, Whipping & Kneading","","912956","890825","803638","296484","0","","","","B0FYNT1TW7","nexlev"
"https://m.media-amazon.com/images/I/51ZaG9MJDFL.jpg;https://m.media-amazon.com/images/I/81sFFc7cZIL.jpg;https://m.media-amazon.com/images/I/810z0EXk0mL.jpg;https://m.media-amazon.com/images/I/813xhqm4rjL.jpg;https://m.media-amazon.com/images/I/81O5Y4vVyeL.jpg;https://m.media-amazon.com/images/I/81Mll8shG6L.jpg;https://m.media-amazon.com/images/I/71nMZohNn-L.jpg;https://m.media-amazon.com/images/I/71F80fKloBL.jpg;https://m.media-amazon.com/images/I/613hdJ4UbTL.jpg","NexLev Dehumidifier for Room Moisture | 1000ML Tank | Covers Up to 200 Sq. Ft. | Removes Dampness, Mold & Musty Odor | Ideal for Bedroom, Wardrobe, Bathroom & Office | Auto Shut-Off | DH-01","","51852","21647","97716","75439","18","200","3.6","33","B0GN85NZQN","nexlev"
"https://m.media-amazon.com/images/I/81+0fErjpKL.jpg;https://m.media-amazon.com/images/I/81BcpdG8CFL.jpg;https://m.media-amazon.com/images/I/81RxXn-REfL.jpg;https://m.media-amazon.com/images/I/81rtjJvM6bL.jpg;https://m.media-amazon.com/images/I/81fVjeg0o1L.jpg;https://m.media-amazon.com/images/I/713wESAk1gL.jpg;https://m.media-amazon.com/images/I/81yFC5hmB-L.jpg;https://m.media-amazon.com/images/I/61dHVxcOSWL.jpg","Nexlev Multipurpose Spot Cleaner Machine, Carpet Upholstery Deep Cleaner | Hot Water and Steam function | Powerful Suction | 1700 Watt | Stain Remover |13 Accessories for Home & Car","","9453","3548","11625","23406","21","200","4.4","48","B0GGHZWMVW","nexlev"
"https://m.media-amazon.com/images/I/71w89MZhN6L.jpg;https://m.media-amazon.com/images/I/910uQBYch9L.jpg;https://m.media-amazon.com/images/I/81SwdviKcrL.jpg;https://m.media-amazon.com/images/I/81A8W4zRfGL.jpg;https://m.media-amazon.com/images/I/8127WpklevL.jpg;https://m.media-amazon.com/images/I/91HpviKwusL.jpg;https://m.media-amazon.com/images/I/814r7dIlcVL.jpg;https://m.media-amazon.com/images/I/81Ix8O6XuBL.jpg;https://m.media-amazon.com/images/I/613hdJ4UbTL.jpg","Nexlev Air Purifier for Bedroom | Smart Air Purifier for Living Room with H13 HEPA Filter | Up to 300 Sq Ft | PM2.5 & AQI Display | 360° Air Intake | Removes Dust, Touch Control for Home & Office","","256524","199306","166168","166407","4","","3.8","100","B0GN8N96R5","nexlev"
"https://m.media-amazon.com/images/I/71Dl03LwIsL.jpg;https://m.media-amazon.com/images/I/81l34ldDtnL.jpg;https://m.media-amazon.com/images/I/91Ga1jhmWwL.jpg;https://m.media-amazon.com/images/I/91u5iNwFZHL.jpg;https://m.media-amazon.com/images/I/81FK4oOE3nL.jpg;https://m.media-amazon.com/images/I/81TMVrUEGiL.jpg;https://m.media-amazon.com/images/I/818FFkVa8YL.jpg;https://m.media-amazon.com/images/I/71rI65L8BGL.jpg;https://m.media-amazon.com/images/I/81fK7f+kbPL.jpg","NexLev Stand Mixer | 2000W Copper Motor Dough Maker Machine with Digital Timer, 6L Stainless Steel Bowl, 6 Speed + Pulse Control, Metal Gears, Planetary Rotation, Teflon Coated, ST-02","","55781","34028","24543","26375","11","","4.2","103","B0GN94YDY2","nexlev"
"https://m.media-amazon.com/images/I/81lZDJ51DVL.jpg;https://m.media-amazon.com/images/I/81EjDT69jTL.jpg;https://m.media-amazon.com/images/I/81LGUAxeJCL.jpg;https://m.media-amazon.com/images/I/91rfwmA5fRL.jpg;https://m.media-amazon.com/images/I/91x6ISZt-sL.jpg;https://m.media-amazon.com/images/I/81d7uXZ-+CL.jpg;https://m.media-amazon.com/images/I/814KCKXxruL.jpg;https://m.media-amazon.com/images/I/81mhjYGgkwL.jpg;https://m.media-amazon.com/images/I/81CM6TTbteL.jpg","NexLev Stand Mixer | 2000W Copper Motor Dough Maker Machine with Digital Timer, 8L Stainless Steel Bowl, 6 Speed + Pulse Control, Metal Gears, Planetary Rotation, Teflon Coated, ST-03","","70650","34583","24764","26572","11","","4.2","103","B0GN8WW6BC","nexlev"
"https://m.media-amazon.com/images/I/81KlzWau5lL.jpg;https://m.media-amazon.com/images/I/81Da9RZD8hL.jpg;https://m.media-amazon.com/images/I/81W30VX6GdL.jpg;https://m.media-amazon.com/images/I/81kMOpXW8FL.jpg;https://m.media-amazon.com/images/I/81TgUJO3oSL.jpg;https://m.media-amazon.com/images/I/81V0gEyyjyL.jpg;https://m.media-amazon.com/images/I/81hpBzIPoUL.jpg;https://m.media-amazon.com/images/I/91bK-Rn93cL.jpg;https://m.media-amazon.com/images/I/61OQ0CU0ipL.jpg","nexlev Dust Mite Vacuum Cleaner MR-03 | 14KPa Sofa Cleaning Machine for Mattress, Sofa & Carpet, UV-C Light, Double beat Vibration & 60º hot air, HEPA Filter for Mites, Allergens & Pet Hair","","8496","8012","7255","7255","31","50","3.9","731","B0GM1CZC7Y","nexlev"
"https://m.media-amazon.com/images/I/61ywGEtww6L.jpg;https://m.media-amazon.com/images/I/81izxaWcYsL.jpg;https://m.media-amazon.com/images/I/81fdb6Qb-qL.jpg;https://m.media-amazon.com/images/I/81dBKhewXmL.jpg;https://m.media-amazon.com/images/I/810PRaEFmWL.jpg;https://m.media-amazon.com/images/I/81puUhClFvL.jpg;https://m.media-amazon.com/images/I/81aOevFZCYL.jpg;https://m.media-amazon.com/images/I/81Gklau4WEL.jpg;https://m.media-amazon.com/images/I/613hdJ4UbTL.jpg","NexLev Car Air Purifier | CAP-05 Air Purifier For Living Room with H13 HEPA Filter, Activated Carbon, Negative Ion Generator & 360° Air Intake, USB Type-C, Removes PM 2.5 & PM 10","","15792","29137","24075","24075","10","","3.8","100","B0GN86G345","nexlev"
"https://m.media-amazon.com/images/I/61DVr87Z7pL.jpg;https://m.media-amazon.com/images/I/81qjdNPWUKL.jpg;https://m.media-amazon.com/images/I/81Py68LX3YL.jpg;https://m.media-amazon.com/images/I/81ZVLLzaocL.jpg;https://m.media-amazon.com/images/I/81Ef1I4xnUL.jpg;https://m.media-amazon.com/images/I/81gthJG0ccL.jpg;https://m.media-amazon.com/images/I/81NDESz8dML.jpg;https://m.media-amazon.com/images/I/81ej5Kib1PL.jpg","Nexlev Red Light Therapy Wand for Face and Neck| EMS Skincare Massager | Microcurrent| Glass Skin Therapy| Wrinkle Reduction| Anti-Aging Skin Tightening Machine| Face Sculpting Tool| LE-06","","366891","358659","332302","265598","0","","","","B0G1YKMFWT","nexlev"
"https://m.media-amazon.com/images/I/61516K-y-pL.jpg","nexlev Replacement Mop Cloth for Steam Cleaner SC-01(Pack of 2)","","66068","56644","44662","43823","4","","2","1","B0GYS6CJD9","nexlev"
"https://m.media-amazon.com/images/I/814MacrIk8L.jpg","NexLev Steam Cleaner SC-01 + Mattress Vacuum MR-01 Combo | 1000W Steam, 300ML, 9 Accessories | UV, HEPA 99.99%, Double Beat | Sofa, Carpet, Kitchen, Bathroom & Allergen Cleaning Kit","","","","","","0","","","","B0GQCB4PJC","nexlev"
"https://m.media-amazon.com/images/I/614ixAhrtCL.jpg","NexLev Scalp Massager HM-01 + LED Therapy Oil Applicator EA-01 Combo | 96 Kneading Nodes, 3 Modes, 120 Min Runtime | Red & Blue Light, EMS | Hair Growth & Dandruff Care Kit","","","","","","0","","","","B0GQGK4GJ7","nexlev"
"https://m.media-amazon.com/images/I/71Ym24y6NZL.jpg","NexLev Steam Cleaner SC-01 + 2-in-1 Handheld & Stick Vacuum VC-01 Combo | 1000W Steam, 300ML, 9 Accessories | 17500Pa Suction, HEPA | Home, Sofa, Car & Deep Cleaning Kit","","","","","","0","","","","B0GQGXR9D7","nexlev"
"https://m.media-amazon.com/images/I/618VNO484SL.jpg","Nexlev Skin Lift Device LE-04 + Skin Scrubber LE-03 Combo | 7 Color LED, Microcurrent & Hot Compress | Red & Blue Light | Blackhead Remover, Pore Cleaner & Face Tightening Kit","","","","","","0","","","","B0GQGZVGLL","nexlev"
"https://m.media-amazon.com/images/I/71bIJBqenbL.jpg","NexLev Spin Scrubber SS-02 + Steam Cleaner SC-01 Combo | 6 Heads + 9 Accessories | 1000W Steam | 2600mAh Cordless Type-C | 90 Min Runtime | 300ML Tank | Kitchen, Bathroom, Sofa & Car Cleaning Kit","","","","","","0","","","","B0GQC12GDP","nexlev"
"https://m.media-amazon.com/images/I/71WeJqoE76L.jpg;https://m.media-amazon.com/images/I/81OVYfDQ5XL.jpg;https://m.media-amazon.com/images/I/813X-5toyRL.jpg;https://m.media-amazon.com/images/I/81X1SpGojEL.jpg;https://m.media-amazon.com/images/I/81piYkJlN3L.jpg;https://m.media-amazon.com/images/I/81dRhvXSS2L.jpg;https://m.media-amazon.com/images/I/81JL+30fsAL.jpg;https://m.media-amazon.com/images/I/71e1dZ+CipL.jpg;https://m.media-amazon.com/images/I/81FPdrfs5yL.jpg","NexLev Smart Kitchen Bundle | Portable Blender + Electric Kettle | Smoothies, Hot Beverages & Everyday Kitchen Essentials Combo","","","","","","0","","","","B0H3VQ8ZM2","nexlev"
"https://m.media-amazon.com/images/I/41b4s+F-yvL.jpg;https://m.media-amazon.com/images/I/81cSUCUhJLL.jpg;https://m.media-amazon.com/images/I/81OAgygKojL.jpg;https://m.media-amazon.com/images/I/81syclKVBNL.jpg;https://m.media-amazon.com/images/I/51eHbFh0b2L.jpg;https://m.media-amazon.com/images/I/81wfRYvHq3L.jpg;https://m.media-amazon.com/images/I/81ak5c6AssL.jpg;https://m.media-amazon.com/images/I/41mxZOIx23L.jpg;https://m.media-amazon.com/images/I/51lb3-lN5UL.jpg","NexLev Home Deep Cleaning Bundle | 10-in-1 Foldable Steam Cleaner & Mop + 2-in-1 Stick & Handheld Vacuum Cleaner | Vacuum + Steam Cleaning Combo for Floor, Sofa, Carpet, Kitchen & Car Cleaning","","427004","245151","245151","245151","2","","","","B0H3V14M5J","nexlev"
"https://m.media-amazon.com/images/I/71RHhAjfZuL.jpg;https://m.media-amazon.com/images/I/713a+QwBH8L.jpg;https://m.media-amazon.com/images/I/81hpi2XJutL.jpg;https://m.media-amazon.com/images/I/71zq7AOe9+L.jpg;https://m.media-amazon.com/images/I/71MzoFaeVVL.jpg;https://m.media-amazon.com/images/I/81hedSWm5pL.jpg;https://m.media-amazon.com/images/I/811lzolz+SL.jpg;https://m.media-amazon.com/images/I/81CrCwegGlL.jpg;https://m.media-amazon.com/images/I/81YlnCMCeTL.jpg","NexLev Healthy Air Bundle | Air Purifier + Humidifier | Air Purification & Moisture Care Combo for Bedroom, Home & Office","","","","","","0","","","","B0H3TV13JP","nexlev"
"https://m.media-amazon.com/images/I/71VyvNyuplL.jpg;https://m.media-amazon.com/images/I/81JqcLe6HWL.jpg;https://m.media-amazon.com/images/I/81svw1t5WYL.jpg;https://m.media-amazon.com/images/I/71GOqb9QOZL.jpg;https://m.media-amazon.com/images/I/814R77DtNFL.jpg;https://m.media-amazon.com/images/I/91nJMz0D4zL.jpg;https://m.media-amazon.com/images/I/81OVYfDQ5XL.jpg;https://m.media-amazon.com/images/I/81L7yuxfvxL.jpg;https://m.media-amazon.com/images/I/717rl7DtkNL.jpg","NexLev 3-in-1 Kitchen Prep Bundle | Stand Mixer 5L + Portable Blender + Mini Chopper | Baking, Smoothies & Meal Preparation Combo","","","","","","0","","","","B0H3TMZ87Q","nexlev"
"https://m.media-amazon.com/images/I/71nWZhvgCOL.jpg;https://m.media-amazon.com/images/I/915g5+E7c8L.jpg;https://m.media-amazon.com/images/I/81tetWPbTpL.jpg;https://m.media-amazon.com/images/I/41QcerjfZtL.jpg;https://m.media-amazon.com/images/I/71ZRxEEKtYL.jpg;https://m.media-amazon.com/images/I/81TOl9oyCYL.jpg;https://m.media-amazon.com/images/I/81ak5c6AssL.jpg;https://m.media-amazon.com/images/I/71TSxNJcO7L.jpg;https://m.media-amazon.com/images/I/51lb3-lN5UL.jpg","nexlev Deep Home Care Bundle | Mite Remover Vacuum + Stick Vacuum Cleaner | Dust Mite Removal, UV Sanitization & Powerful Suction for Beds, Sofas, Mattresses & Floors","","","","","","0","","","","B0H3TFTXWT","nexlev"
"https://m.media-amazon.com/images/I/71h40sdGNZL.jpg;https://m.media-amazon.com/images/I/81TOl9oyCYL.jpg;https://m.media-amazon.com/images/I/81ak5c6AssL.jpg;https://m.media-amazon.com/images/I/71TSxNJcO7L.jpg;https://m.media-amazon.com/images/I/81q9D79YHsL.jpg;https://m.media-amazon.com/images/I/81Y1Rv0NAtL.jpg;https://m.media-amazon.com/images/I/81E6EydYorL.jpg;https://m.media-amazon.com/images/I/81m6l-u1U+L.jpg;https://m.media-amazon.com/images/I/710KnBuFQ+L.jpg","nexlev Complete Home Cleaning Bundle | Stick Vacuum Cleaner + Steam Cleaner | Vacuum & Steam Cleaning Combo for Floor, Sofa, Kitchen, Carpet, Upholstery & Everyday Home Cleaning","","","","","","0","","","","B0H3QBK46G","nexlev"
"https://m.media-amazon.com/images/I/71QkHzWPUnL.jpg;https://m.media-amazon.com/images/I/81eAqCM-IlL.jpg;https://m.media-amazon.com/images/I/81cq05foBVL.jpg;https://m.media-amazon.com/images/I/91SB+NYAi7L.jpg;https://m.media-amazon.com/images/I/71YVGRZ1gNL.jpg;https://m.media-amazon.com/images/I/91HQxtTampL.jpg;https://m.media-amazon.com/images/I/91gw0XGPLCL.jpg;https://m.media-amazon.com/images/I/815skBKhr6L.jpg;https://m.media-amazon.com/images/I/81IZPbd0GtL.jpg","NexLev Travel Fabric Care Bundle | Portable Garment Steamer + Lint Remover | Wrinkle Removal & Fabric Care Combo for Clothes, Travel & Everyday Use","","","","","","0","","","","B0H33HN9LH","nexlev"
"https://m.media-amazon.com/images/I/61ERI4iNDuL.jpg;https://m.media-amazon.com/images/I/71bPcODUCTL.jpg;https://m.media-amazon.com/images/I/81LyzfnbfyL.jpg;https://m.media-amazon.com/images/I/71WUvvqPdmL.jpg;https://m.media-amazon.com/images/I/71MksG4gXCL.jpg;https://m.media-amazon.com/images/I/71q0B5q2gVL.jpg;https://m.media-amazon.com/images/I/71YSeyN+wAL.jpg;https://m.media-amazon.com/images/I/811WC-ynhdL.jpg;https://m.media-amazon.com/images/I/71GsQHvSlIL.jpg","NexLev Facial Care Bundle | Blackhead Remover + Facial Steamer | Deep Cleansing, Pore Care & Home Facial Skin Care Kit","","","","","","0","","","","B0H335HZ1P","nexlev"
"https://m.media-amazon.com/images/I/71UFt9YazML.jpg;https://m.media-amazon.com/images/I/81AxSKy+IYL.jpg;https://m.media-amazon.com/images/I/81Y1Rv0NAtL.jpg;https://m.media-amazon.com/images/I/81P7EU9CEUL.jpg;https://m.media-amazon.com/images/I/81E6EydYorL.jpg;https://m.media-amazon.com/images/I/81m6l-u1U+L.jpg;https://m.media-amazon.com/images/I/710KnBuFQ+L.jpg;https://m.media-amazon.com/images/I/613hdJ4UbTL.jpg","NexLev Steam Cleaner Cleaning Bundle | Multipurpose Steam Cleaner with Accessories + 2 Extra Microfiber Cloths + 1 Round Brush + 1 Bent Nozzle | Deep Cleaning Combo for Home, Kitchen, Bathroom & Uphol","","","","","","0","","","","B0H5WV3HNL","nexlev"
"https://m.media-amazon.com/images/I/71TPNcsmPhL.jpg;https://m.media-amazon.com/images/I/71DOSkwk4vL.jpg;https://m.media-amazon.com/images/I/81k912NAmUL.jpg;https://m.media-amazon.com/images/I/81zc9ABOiLL.jpg;https://m.media-amazon.com/images/I/71q0qFh0xOL.jpg;https://m.media-amazon.com/images/I/71gi1ZY6WwL.jpg","NexLev Complete Steam Cleaning Bundle | Steam Cleaner + Accessories Kit | Multi-Surface Deep Cleaning Combo for Kitchen, Bathroom, Sofa, Windows & Home Cleaning","","","","","","0","","","","B0H5WRN8W8","nexlev"
"https://m.media-amazon.com/images/I/71wXfmqqOSL.jpg;https://m.media-amazon.com/images/I/71DOSkwk4vL.jpg;https://m.media-amazon.com/images/I/81k912NAmUL.jpg;https://m.media-amazon.com/images/I/81J-5aet6uL.jpg;https://m.media-amazon.com/images/I/8136Jof+wSL.jpg;https://m.media-amazon.com/images/I/71q0qFh0xOL.jpg;https://m.media-amazon.com/images/I/71gi1ZY6WwL.jpg;https://m.media-amazon.com/images/I/818lPBA805L.jpg;https://m.media-amazon.com/images/I/71gmR7PecML.jpg","NexLev Steam Cleaner & Mattress Vacuum Cleaner Bundle | Home, Kitchen, Bathroom, Sofa, Carpet & Car Seat Cleaning | UV Sterilization, HEPA Filter, 9 Accessories | Cordless Vacuum + 1000W Steam Cleaner","","1844613","1616584","1278982","1278982","0","","","","B0H2JJN6R8","nexlev"