date,asin,Spend,adGroupName,ams_orders,campaignId,14 Day Total Units (#),Impressions,raw_sku,adGroupId,14 Day Total Sales (₹),Clicks,campaignName,sku,model,brand,category_l0,category_l1,category_l2
2026-07-07,B0CPFS24ML,0.0,Ad group - 12/6/2024 17:08:03.405,0,345581971318844,0,0,FBA79167,397512330910808,0.0,0,SD_VR_Z Shape Desk_BMC,FBA79167,WM-GD07-CB,White Mulberry,Desk,Gaming Desk,
2026-07-11,B0CPFS24ML,0.0,Ad group - 12/6/2024 17:08:03.405,0,345581971318844,0,0,FBA79167,397512330910808,0.0,0,SD_VR_Z Shape Desk_BMC,FBA79167,WM-GD07-CB,White Mulberry,Desk,Gaming Desk,
2026-07-01,B0BFW59TRG,0.0,Desks- Large,0,52361096360685,0,0,FBA76416,377856311966366,0.0,0,L-Shape - SD Views RMKTNG - Apr'26 a30650,FBA76416,WM-LOD-BK,White Mulberry,Desk,L-Shaped Desk,
2026-07-02,B0BFW59TRG,0.0,Desks- Large,0,52361096360685,0,0,FBA76416,377856311966366,0.0,0,L-Shape - SD Views RMKTNG - Apr'26 a30650,FBA76416,WM-LOD-BK,White Mulberry,Desk,L-Shaped Desk,
2026-07-03,B0BFW59TRG,0.0,Desks- Large,0,52361096360685,0,0,FBA76416,377856311966366,0.0,0,L-Shape - SD Views RMKTNG - Apr'26 a30650,FBA76416,WM-LOD-BK,White Mulberry,Desk,L-Shaped Desk,
2026-07-04,B0BFW59TRG,0.0,Desks- Large,0,52361096360685,0,0,FBA76416,377856311966366,0.0,0,L-Shape - SD Views RMKTNG - Apr'26 a30650,FBA76416,WM-LOD-BK,White Mulberry,Desk,L-Shaped Desk,
2026-07-05,B0BFW59TRG,0.0,Desks- Large,0,52361096360685,0,0,FBA76416,377856311966366,0.0,0,L-Shape - SD Views RMKTNG - Apr'26 a30650,FBA76416,WM-LOD-BK,White Mulberry,Desk,L-Shaped Desk,
2026-07-06,B0BFW59TRG,0.0,Desks- Large,0,52361096360685,0,0,FBA76416,377856311966366,0.0,0,L-Shape - SD Views RMKTNG - Apr'26 a30650,FBA76416,WM-LOD-BK,White Mulberry,Desk,L-Shaped Desk,
2026-07-07,B0BFW59TRG,0.0,Desks- Large,0,52361096360685,0,0,FBA76416,377856311966366,0.0,0,L-Shape - SD Views RMKTNG - Apr'26 a30650,FBA76416,WM-LOD-BK,White Mulberry,Desk,L-Shaped Desk,
2026-07-08,B0BFW59TRG,0.0,Desks- Large,0,52361096360685,0,0,FBA76416,377856311966366,0.0,0,L-Shape - SD Views RMKTNG - Apr'26 a30650,FBA76416,WM-LOD-BK,White Mulberry,Desk,L-Shaped Desk,
2026-07-09,B0BFW59TRG,0.0,Desks- Large,0,52361096360685,0,0,FBA76416,377856311966366,0.0,0,L-Shape - SD Views RMKTNG - Apr'26 a30650,FBA76416,WM-LOD-BK,White Mulberry,Desk,L-Shaped Desk,
2026-07-10,B0BFW59TRG,0.0,Desks- Large,0,52361096360685,0,0,FBA76416,377856311966366,0.0,0,L-Shape - SD Views RMKTNG - Apr'26 a30650,FBA76416,WM-LOD-BK,White Mulberry,Desk,L-Shaped Desk,
2026-07-11,B0BFW59TRG,0.0,Desks- Large,0,52361096360685,0,0,FBA76416,377856311966366,0.0,0,L-Shape - SD Views RMKTNG - Apr'26 a30650,FBA76416,WM-LOD-BK,White Mulberry,Desk,L-Shaped Desk,
2026-07-12,B0BFW59TRG,0.0,Desks- Large,0,52361096360685,0,0,FBA76416,377856311966366,0.0,0,L-Shape - SD Views RMKTNG - Apr'26 a30650,FBA76416,WM-LOD-BK,White Mulberry,Desk,L-Shaped Desk,
2026-07-13,B0BFW59TRG,0.0,Desks- Large,0,52361096360685,0,0,FBA76416,377856311966366,0.0,0,L-Shape - SD Views RMKTNG - Apr'26 a30650,FBA76416,WM-LOD-BK,White Mulberry,Desk,L-Shaped Desk,
2026-07-14,B0BFW59TRG,0.0,Desks- Large,0,52361096360685,0,0,FBA76416,377856311966366,0.0,0,L-Shape - SD Views RMKTNG - Apr'26 a30650,FBA76416,WM-LOD-BK,White Mulberry,Desk,L-Shaped Desk,
2026-07-15,B0BFW59TRG,0.0,Desks- Large,0,52361096360685,0,0,FBA76416,377856311966366,0.0,0,L-Shape - SD Views RMKTNG - Apr'26 a30650,FBA76416,WM-LOD-BK,White Mulberry,Desk,L-Shaped Desk,
2026-07-16,B0BFW59TRG,0.0,Desks- Large,0,52361096360685,0,0,FBA76416,377856311966366,0.0,0,L-Shape - SD Views RMKTNG - Apr'26 a30650,FBA76416,WM-LOD-BK,White Mulberry,Desk,L-Shaped Desk,
2026-07-17,B0BFW59TRG,0.0,Desks- Large,0,52361096360685,0,0,FBA76416,377856311966366,0.0,0,L-Shape - SD Views RMKTNG - Apr'26 a30650,FBA76416,WM-LOD-BK,White Mulberry,Desk,L-Shaped Desk,
2026-07-18,B0BFW59TRG,0.0,Desks- Large,0,52361096360685,0,0,FBA76416,377856311966366,0.0,0,L-Shape - SD Views RMKTNG - Apr'26 a30650,FBA76416,WM-LOD-BK,White Mulberry,Desk,L-Shaped Desk,
2026-07-19,B0BFW59TRG,0.0,Desks- Large,0,52361096360685,0,0,FBA76416,377856311966366,0.0,0,L-Shape - SD Views RMKTNG - Apr'26 a30650,FBA76416,WM-LOD-BK,White Mulberry,Desk,L-Shaped Desk,
2026-07-20,B0BFW59TRG,0.0,Desks- Large,0,52361096360685,0,0,FBA76416,377856311966366,0.0,0,L-Shape - SD Views RMKTNG - Apr'26 a30650,FBA76416,WM-LOD-BK,White Mulberry,Desk,L-Shaped Desk,
2026-07-21,B0BFW59TRG,0.0,Desks- Large,0,52361096360685,0,0,FBA76416,377856311966366,0.0,0,L-Shape - SD Views RMKTNG - Apr'26 a30650,FBA76416,WM-LOD-BK,White Mulberry,Desk,L-Shaped Desk,
2026-07-01,B0BFVMDJ2K,0.0,Desks- Large,0,52361096360685,0,0,FBA76417,377856311966366,0.0,0,L-Shape - SD Views RMKTNG - Apr'26 a30650,FBA76417,WM-LOD-WH,White Mulberry,Desk,L-Shaped Desk,
2026-07-02,B0BFVMDJ2K,0.0,Desks- Large,0,52361096360685,0,0,FBA76417,377856311966366,0.0,0,L-Shape - SD Views RMKTNG - Apr'26 a30650,FBA76417,WM-LOD-WH,White Mulberry,Desk,L-Shaped Desk,
2026-07-03,B0BFVMDJ2K,0.0,Desks- Large,0,52361096360685,0,0,FBA76417,377856311966366,0.0,0,L-Shape - SD Views RMKTNG - Apr'26 a30650,FBA76417,WM-LOD-WH,White Mulberry,Desk,L-Shaped Desk,
2026-07-04,B0BFVMDJ2K,0.0,Desks- Large,0,52361096360685,0,0,FBA76417,377856311966366,0.0,0,L-Shape - SD Views RMKTNG - Apr'26 a30650,FBA76417,WM-LOD-WH,White Mulberry,Desk,L-Shaped Desk,
2026-07-05,B0BFVMDJ2K,0.0,Desks- Large,0,52361096360685,0,0,FBA76417,377856311966366,0.0,0,L-Shape - SD Views RMKTNG - Apr'26 a30650,FBA76417,WM-LOD-WH,White Mulberry,Desk,L-Shaped Desk,
2026-07-06,B0BFVMDJ2K,0.0,Desks- Large,0,52361096360685,0,0,FBA76417,377856311966366,0.0,0,L-Shape - SD Views RMKTNG - Apr'26 a30650,FBA76417,WM-LOD-WH,White Mulberry,Desk,L-Shaped Desk,
2026-07-07,B0BFVMDJ2K,0.0,Desks- Large,0,52361096360685,0,0,FBA76417,377856311966366,0.0,0,L-Shape - SD Views RMKTNG - Apr'26 a30650,FBA76417,WM-LOD-WH,White Mulberry,Desk,L-Shaped Desk,
2026-07-08,B0BFVMDJ2K,0.0,Desks- Large,0,52361096360685,0,0,FBA76417,377856311966366,0.0,0,L-Shape - SD Views RMKTNG - Apr'26 a30650,FBA76417,WM-LOD-WH,White Mulberry,Desk,L-Shaped Desk,
2026-07-09,B0BFVMDJ2K,0.0,Desks- Large,0,52361096360685,0,0,FBA76417,377856311966366,0.0,0,L-Shape - SD Views RMKTNG - Apr'26 a30650,FBA76417,WM-LOD-WH,White Mulberry,Desk,L-Shaped Desk,
2026-07-10,B0BFVMDJ2K,0.0,Desks- Large,0,52361096360685,0,0,FBA76417,377856311966366,0.0,0,L-Shape - SD Views RMKTNG - Apr'26 a30650,FBA76417,WM-LOD-WH,White Mulberry,Desk,L-Shaped Desk,
2026-07-11,B0BFVMDJ2K,0.0,Desks- Large,0,52361096360685,0,0,FBA76417,377856311966366,0.0,0,L-Shape - SD Views RMKTNG - Apr'26 a30650,FBA76417,WM-LOD-WH,White Mulberry,Desk,L-Shaped Desk,
2026-07-12,B0BFVMDJ2K,0.0,Desks- Large,0,52361096360685,0,0,FBA76417,377856311966366,0.0,0,L-Shape - SD Views RMKTNG - Apr'26 a30650,FBA76417,WM-LOD-WH,White Mulberry,Desk,L-Shaped Desk,
2026-07-13,B0BFVMDJ2K,0.0,Desks- Large,0,52361096360685,0,0,FBA76417,377856311966366,0.0,0,L-Shape - SD Views RMKTNG - Apr'26 a30650,FBA76417,WM-LOD-WH,White Mulberry,Desk,L-Shaped Desk,
2026-07-14,B0BFVMDJ2K,0.0,Desks- Large,0,52361096360685,0,0,FBA76417,377856311966366,0.0,0,L-Shape - SD Views RMKTNG - Apr'26 a30650,FBA76417,WM-LOD-WH,White Mulberry,Desk,L-Shaped Desk,
2026-07-15,B0BFVMDJ2K,0.0,Desks- Large,0,52361096360685,0,0,FBA76417,377856311966366,0.0,0,L-Shape - SD Views RMKTNG - Apr'26 a30650,FBA76417,WM-LOD-WH,White Mulberry,Desk,L-Shaped Desk,
2026-07-16,B0BFVMDJ2K,0.0,Desks- Large,0,52361096360685,0,0,FBA76417,377856311966366,0.0,0,L-Shape - SD Views RMKTNG - Apr'26 a30650,FBA76417,WM-LOD-WH,White Mulberry,Desk,L-Shaped Desk,
2026-07-17,B0BFVMDJ2K,0.0,Desks- Large,0,52361096360685,0,0,FBA76417,377856311966366,0.0,0,L-Shape - SD Views RMKTNG - Apr'26 a30650,FBA76417,WM-LOD-WH,White Mulberry,Desk,L-Shaped Desk,
2026-07-18,B0BFVMDJ2K,0.0,Desks- Large,0,52361096360685,0,0,FBA76417,377856311966366,0.0,0,L-Shape - SD Views RMKTNG - Apr'26 a30650,FBA76417,WM-LOD-WH,White Mulberry,Desk,L-Shaped Desk,
2026-07-19,B0BFVMDJ2K,0.0,Desks- Large,0,52361096360685,0,0,FBA76417,377856311966366,0.0,0,L-Shape - SD Views RMKTNG - Apr'26 a30650,FBA76417,WM-LOD-WH,White Mulberry,Desk,L-Shaped Desk,
2026-07-20,B0BFVMDJ2K,0.0,Desks- Large,0,52361096360685,0,0,FBA76417,377856311966366,0.0,0,L-Shape - SD Views RMKTNG - Apr'26 a30650,FBA76417,WM-LOD-WH,White Mulberry,Desk,L-Shaped Desk,
2026-07-21,B0BFVMDJ2K,0.0,Desks- Large,0,52361096360685,0,0,FBA76417,377856311966366,0.0,0,L-Shape - SD Views RMKTNG - Apr'26 a30650,FBA76417,WM-LOD-WH,White Mulberry,Desk,L-Shaped Desk,
2026-07-01,B0BFVNS8HS,0.0,Desks- Large,0,52361096360685,0,0,FBA76418,377856311966366,0.0,0,L-Shape - SD Views RMKTNG - Apr'26 a30650,FBA76418,WM-LOD-IN,White Mulberry,Desk,L-Shaped Desk,
2026-07-02,B0BFVNS8HS,0.0,Desks- Large,0,52361096360685,0,0,FBA76418,377856311966366,0.0,0,L-Shape - SD Views RMKTNG - Apr'26 a30650,FBA76418,WM-LOD-IN,White Mulberry,Desk,L-Shaped Desk,
2026-07-03,B0BFVNS8HS,0.0,Desks- Large,0,52361096360685,0,0,FBA76418,377856311966366,0.0,0,L-Shape - SD Views RMKTNG - Apr'26 a30650,FBA76418,WM-LOD-IN,White Mulberry,Desk,L-Shaped Desk,
2026-07-04,B0BFVNS8HS,0.0,Desks- Large,0,52361096360685,0,0,FBA76418,377856311966366,0.0,0,L-Shape - SD Views RMKTNG - Apr'26 a30650,FBA76418,WM-LOD-IN,White Mulberry,Desk,L-Shaped Desk,
2026-07-05,B0BFVNS8HS,0.0,Desks- Large,0,52361096360685,0,0,FBA76418,377856311966366,0.0,0,L-Shape - SD Views RMKTNG - Apr'26 a30650,FBA76418,WM-LOD-IN,White Mulberry,Desk,L-Shaped Desk,
2026-07-06,B0BFVNS8HS,0.0,Desks- Large,0,52361096360685,0,0,FBA76418,377856311966366,0.0,0,L-Shape - SD Views RMKTNG - Apr'26 a30650,FBA76418,WM-LOD-IN,White Mulberry,Desk,L-Shaped Desk,
2026-07-07,B0BFVNS8HS,0.0,Desks- Large,0,52361096360685,0,0,FBA76418,377856311966366,0.0,0,L-Shape - SD Views RMKTNG - Apr'26 a30650,FBA76418,WM-LOD-IN,White Mulberry,Desk,L-Shaped Desk,
2026-07-08,B0BFVNS8HS,0.0,Desks- Large,0,52361096360685,0,0,FBA76418,377856311966366,0.0,0,L-Shape - SD Views RMKTNG - Apr'26 a30650,FBA76418,WM-LOD-IN,White Mulberry,Desk,L-Shaped Desk,
2026-07-09,B0BFVNS8HS,0.0,Desks- Large,0,52361096360685,0,0,FBA76418,377856311966366,0.0,0,L-Shape - SD Views RMKTNG - Apr'26 a30650,FBA76418,WM-LOD-IN,White Mulberry,Desk,L-Shaped Desk,
2026-07-10,B0BFVNS8HS,0.0,Desks- Large,0,52361096360685,0,0,FBA76418,377856311966366,0.0,0,L-Shape - SD Views RMKTNG - Apr'26 a30650,FBA76418,WM-LOD-IN,White Mulberry,Desk,L-Shaped Desk,
2026-07-11,B0BFVNS8HS,0.0,Desks- Large,0,52361096360685,0,0,FBA76418,377856311966366,0.0,0,L-Shape - SD Views RMKTNG - Apr'26 a30650,FBA76418,WM-LOD-IN,White Mulberry,Desk,L-Shaped Desk,
2026-07-12,B0BFVNS8HS,0.0,Desks- Large,0,52361096360685,0,0,FBA76418,377856311966366,0.0,0,L-Shape - SD Views RMKTNG - Apr'26 a30650,FBA76418,WM-LOD-IN,White Mulberry,Desk,L-Shaped Desk,
2026-07-13,B0BFVNS8HS,0.0,Desks- Large,0,52361096360685,0,0,FBA76418,377856311966366,0.0,0,L-Shape - SD Views RMKTNG - Apr'26 a30650,FBA76418,WM-LOD-IN,White Mulberry,Desk,L-Shaped Desk,
2026-07-14,B0BFVNS8HS,0.0,Desks- Large,0,52361096360685,0,0,FBA76418,377856311966366,0.0,0,L-Shape - SD Views RMKTNG - Apr'26 a30650,FBA76418,WM-LOD-IN,White Mulberry,Desk,L-Shaped Desk,
2026-07-15,B0BFVNS8HS,0.0,Desks- Large,0,52361096360685,0,0,FBA76418,377856311966366,0.0,0,L-Shape - SD Views RMKTNG - Apr'26 a30650,FBA76418,WM-LOD-IN,White Mulberry,Desk,L-Shaped Desk,
2026-07-16,B0BFVNS8HS,0.0,Desks- Large,0,52361096360685,0,0,FBA76418,377856311966366,0.0,0,L-Shape - SD Views RMKTNG - Apr'26 a30650,FBA76418,WM-LOD-IN,White Mulberry,Desk,L-Shaped Desk,
2026-07-17,B0BFVNS8HS,0.0,Desks- Large,0,52361096360685,0,0,FBA76418,377856311966366,0.0,0,L-Shape - SD Views RMKTNG - Apr'26 a30650,FBA76418,WM-LOD-IN,White Mulberry,Desk,L-Shaped Desk,
2026-07-18,B0BFVNS8HS,0.0,Desks- Large,0,52361096360685,0,0,FBA76418,377856311966366,0.0,0,L-Shape - SD Views RMKTNG - Apr'26 a30650,FBA76418,WM-LOD-IN,White Mulberry,Desk,L-Shaped Desk,
2026-07-19,B0BFVNS8HS,0.0,Desks- Large,0,52361096360685,0,0,FBA76418,377856311966366,0.0,0,L-Shape - SD Views RMKTNG - Apr'26 a30650,FBA76418,WM-LOD-IN,White Mulberry,Desk,L-Shaped Desk,
2026-07-20,B0BFVNS8HS,0.0,Desks- Large,0,52361096360685,0,0,FBA76418,377856311966366,0.0,0,L-Shape - SD Views RMKTNG - Apr'26 a30650,FBA76418,WM-LOD-IN,White Mulberry,Desk,L-Shaped Desk,
2026-07-21,B0BFVNS8HS,0.0,Desks- Large,0,52361096360685,0,0,FBA76418,377856311966366,0.0,0,L-Shape - SD Views RMKTNG - Apr'26 a30650,FBA76418,WM-LOD-IN,White Mulberry,Desk,L-Shaped Desk,
2026-07-01,B0BFW59TRG,0.0,White Mulberry - Desks- Large,0,112616207373140,0,0,FBA76416,348696544283754,0.0,0,L-Shape SD Purchase RMKTNG - Apr'26 f19c32,FBA76416,WM-LOD-BK,White Mulberry,Desk,L-Shaped Desk,
2026-07-02,B0BFW59TRG,0.0,White Mulberry - Desks- Large,0,112616207373140,0,0,FBA76416,348696544283754,0.0,0,L-Shape SD Purchase RMKTNG - Apr'26 f19c32,FBA76416,WM-LOD-BK,White Mulberry,Desk,L-Shaped Desk,
2026-07-03,B0BFW59TRG,0.0,White Mulberry - Desks- Large,0,112616207373140,0,0,FBA76416,348696544283754,0.0,0,L-Shape SD Purchase RMKTNG - Apr'26 f19c32,FBA76416,WM-LOD-BK,White Mulberry,Desk,L-Shaped Desk,
2026-07-04,B0BFW59TRG,0.0,White Mulberry - Desks- Large,0,112616207373140,0,0,FBA76416,348696544283754,0.0,0,L-Shape SD Purchase RMKTNG - Apr'26 f19c32,FBA76416,WM-LOD-BK,White Mulberry,Desk,L-Shaped Desk,
2026-07-05,B0BFW59TRG,0.0,White Mulberry - Desks- Large,0,112616207373140,0,0,FBA76416,348696544283754,0.0,0,L-Shape SD Purchase RMKTNG - Apr'26 f19c32,FBA76416,WM-LOD-BK,White Mulberry,Desk,L-Shaped Desk,
2026-07-06,B0BFW59TRG,0.0,White Mulberry - Desks- Large,0,112616207373140,0,0,FBA76416,348696544283754,0.0,0,L-Shape SD Purchase RMKTNG - Apr'26 f19c32,FBA76416,WM-LOD-BK,White Mulberry,Desk,L-Shaped Desk,
2026-07-07,B0BFW59TRG,0.0,White Mulberry - Desks- Large,0,112616207373140,0,0,FBA76416,348696544283754,0.0,0,L-Shape SD Purchase RMKTNG - Apr'26 f19c32,FBA76416,WM-LOD-BK,White Mulberry,Desk,L-Shaped Desk,
2026-07-08,B0BFW59TRG,0.0,White Mulberry - Desks- Large,0,112616207373140,0,0,FBA76416,348696544283754,0.0,0,L-Shape SD Purchase RMKTNG - Apr'26 f19c32,FBA76416,WM-LOD-BK,White Mulberry,Desk,L-Shaped Desk,
2026-07-09,B0BFW59TRG,0.0,White Mulberry - Desks- Large,0,112616207373140,0,0,FBA76416,348696544283754,0.0,0,L-Shape SD Purchase RMKTNG - Apr'26 f19c32,FBA76416,WM-LOD-BK,White Mulberry,Desk,L-Shaped Desk,
2026-07-10,B0BFW59TRG,0.0,White Mulberry - Desks- Large,0,112616207373140,0,0,FBA76416,348696544283754,0.0,0,L-Shape SD Purchase RMKTNG - Apr'26 f19c32,FBA76416,WM-LOD-BK,White Mulberry,Desk,L-Shaped Desk,
2026-07-11,B0BFW59TRG,0.0,White Mulberry - Desks- Large,0,112616207373140,0,0,FBA76416,348696544283754,0.0,0,L-Shape SD Purchase RMKTNG - Apr'26 f19c32,FBA76416,WM-LOD-BK,White Mulberry,Desk,L-Shaped Desk,
2026-07-12,B0BFW59TRG,0.0,White Mulberry - Desks- Large,0,112616207373140,0,0,FBA76416,348696544283754,0.0,0,L-Shape SD Purchase RMKTNG - Apr'26 f19c32,FBA76416,WM-LOD-BK,White Mulberry,Desk,L-Shaped Desk,
2026-07-13,B0BFW59TRG,0.0,White Mulberry - Desks- Large,0,112616207373140,0,0,FBA76416,348696544283754,0.0,0,L-Shape SD Purchase RMKTNG - Apr'26 f19c32,FBA76416,WM-LOD-BK,White Mulberry,Desk,L-Shaped Desk,
2026-07-14,B0BFW59TRG,0.0,White Mulberry - Desks- Large,0,112616207373140,0,0,FBA76416,348696544283754,0.0,0,L-Shape SD Purchase RMKTNG - Apr'26 f19c32,FBA76416,WM-LOD-BK,White Mulberry,Desk,L-Shaped Desk,
2026-07-15,B0BFW59TRG,0.0,White Mulberry - Desks- Large,0,112616207373140,0,0,FBA76416,348696544283754,0.0,0,L-Shape SD Purchase RMKTNG - Apr'26 f19c32,FBA76416,WM-LOD-BK,White Mulberry,Desk,L-Shaped Desk,
2026-07-16,B0BFW59TRG,0.0,White Mulberry - Desks- Large,0,112616207373140,0,0,FBA76416,348696544283754,0.0,0,L-Shape SD Purchase RMKTNG - Apr'26 f19c32,FBA76416,WM-LOD-BK,White Mulberry,Desk,L-Shaped Desk,
2026-07-17,B0BFW59TRG,0.0,White Mulberry - Desks- Large,0,112616207373140,0,0,FBA76416,348696544283754,0.0,0,L-Shape SD Purchase RMKTNG - Apr'26 f19c32,FBA76416,WM-LOD-BK,White Mulberry,Desk,L-Shaped Desk,
2026-07-18,B0BFW59TRG,0.0,White Mulberry - Desks- Large,0,112616207373140,0,0,FBA76416,348696544283754,0.0,0,L-Shape SD Purchase RMKTNG - Apr'26 f19c32,FBA76416,WM-LOD-BK,White Mulberry,Desk,L-Shaped Desk,
2026-07-19,B0BFW59TRG,0.0,White Mulberry - Desks- Large,0,112616207373140,0,0,FBA76416,348696544283754,0.0,0,L-Shape SD Purchase RMKTNG - Apr'26 f19c32,FBA76416,WM-LOD-BK,White Mulberry,Desk,L-Shaped Desk,
2026-07-20,B0BFW59TRG,0.0,White Mulberry - Desks- Large,0,112616207373140,0,0,FBA76416,348696544283754,0.0,0,L-Shape SD Purchase RMKTNG - Apr'26 f19c32,FBA76416,WM-LOD-BK,White Mulberry,Desk,L-Shaped Desk,
2026-07-21,B0BFW59TRG,0.0,White Mulberry - Desks- Large,0,112616207373140,0,0,FBA76416,348696544283754,0.0,0,L-Shape SD Purchase RMKTNG - Apr'26 f19c32,FBA76416,WM-LOD-BK,White Mulberry,Desk,L-Shaped Desk,
2026-07-01,B0BFVMDJ2K,0.0,White Mulberry - Desks- Large,0,112616207373140,0,0,FBA76417,348696544283754,0.0,0,L-Shape SD Purchase RMKTNG - Apr'26 f19c32,FBA76417,WM-LOD-WH,White Mulberry,Desk,L-Shaped Desk,
2026-07-02,B0BFVMDJ2K,0.0,White Mulberry - Desks- Large,0,112616207373140,0,0,FBA76417,348696544283754,0.0,0,L-Shape SD Purchase RMKTNG - Apr'26 f19c32,FBA76417,WM-LOD-WH,White Mulberry,Desk,L-Shaped Desk,
2026-07-03,B0BFVMDJ2K,0.0,White Mulberry - Desks- Large,0,112616207373140,0,0,FBA76417,348696544283754,0.0,0,L-Shape SD Purchase RMKTNG - Apr'26 f19c32,FBA76417,WM-LOD-WH,White Mulberry,Desk,L-Shaped Desk,
2026-07-04,B0BFVMDJ2K,0.0,White Mulberry - Desks- Large,0,112616207373140,0,0,FBA76417,348696544283754,0.0,0,L-Shape SD Purchase RMKTNG - Apr'26 f19c32,FBA76417,WM-LOD-WH,White Mulberry,Desk,L-Shaped Desk,
2026-07-05,B0BFVMDJ2K,0.0,White Mulberry - Desks- Large,0,112616207373140,0,0,FBA76417,348696544283754,0.0,0,L-Shape SD Purchase RMKTNG - Apr'26 f19c32,FBA76417,WM-LOD-WH,White Mulberry,Desk,L-Shaped Desk,
2026-07-06,B0BFVMDJ2K,0.0,White Mulberry - Desks- Large,0,112616207373140,0,0,FBA76417,348696544283754,0.0,0,L-Shape SD Purchase RMKTNG - Apr'26 f19c32,FBA76417,WM-LOD-WH,White Mulberry,Desk,L-Shaped Desk,
2026-07-07,B0BFVMDJ2K,0.0,White Mulberry - Desks- Large,0,112616207373140,0,0,FBA76417,348696544283754,0.0,0,L-Shape SD Purchase RMKTNG - Apr'26 f19c32,FBA76417,WM-LOD-WH,White Mulberry,Desk,L-Shaped Desk,
2026-07-08,B0BFVMDJ2K,0.0,White Mulberry - Desks- Large,0,112616207373140,0,0,FBA76417,348696544283754,0.0,0,L-Shape SD Purchase RMKTNG - Apr'26 f19c32,FBA76417,WM-LOD-WH,White Mulberry,Desk,L-Shaped Desk,
2026-07-09,B0BFVMDJ2K,0.0,White Mulberry - Desks- Large,0,112616207373140,0,0,FBA76417,348696544283754,0.0,0,L-Shape SD Purchase RMKTNG - Apr'26 f19c32,FBA76417,WM-LOD-WH,White Mulberry,Desk,L-Shaped Desk,
2026-07-10,B0BFVMDJ2K,0.0,White Mulberry - Desks- Large,0,112616207373140,0,0,FBA76417,348696544283754,0.0,0,L-Shape SD Purchase RMKTNG - Apr'26 f19c32,FBA76417,WM-LOD-WH,White Mulberry,Desk,L-Shaped Desk,
2026-07-11,B0BFVMDJ2K,0.0,White Mulberry - Desks- Large,0,112616207373140,0,0,FBA76417,348696544283754,0.0,0,L-Shape SD Purchase RMKTNG - Apr'26 f19c32,FBA76417,WM-LOD-WH,White Mulberry,Desk,L-Shaped Desk,
2026-07-12,B0BFVMDJ2K,0.0,White Mulberry - Desks- Large,0,112616207373140,0,0,FBA76417,348696544283754,0.0,0,L-Shape SD Purchase RMKTNG - Apr'26 f19c32,FBA76417,WM-LOD-WH,White Mulberry,Desk,L-Shaped Desk,
2026-07-13,B0BFVMDJ2K,0.0,White Mulberry - Desks- Large,0,112616207373140,0,0,FBA76417,348696544283754,0.0,0,L-Shape SD Purchase RMKTNG - Apr'26 f19c32,FBA76417,WM-LOD-WH,White Mulberry,Desk,L-Shaped Desk,
2026-07-14,B0BFVMDJ2K,0.0,White Mulberry - Desks- Large,0,112616207373140,0,0,FBA76417,348696544283754,0.0,0,L-Shape SD Purchase RMKTNG - Apr'26 f19c32,FBA76417,WM-LOD-WH,White Mulberry,Desk,L-Shaped Desk,
2026-07-15,B0BFVMDJ2K,0.0,White Mulberry - Desks- Large,0,112616207373140,0,0,FBA76417,348696544283754,0.0,0,L-Shape SD Purchase RMKTNG - Apr'26 f19c32,FBA76417,WM-LOD-WH,White Mulberry,Desk,L-Shaped Desk,
2026-07-16,B0BFVMDJ2K,0.0,White Mulberry - Desks- Large,0,112616207373140,0,0,FBA76417,348696544283754,0.0,0,L-Shape SD Purchase RMKTNG - Apr'26 f19c32,FBA76417,WM-LOD-WH,White Mulberry,Desk,L-Shaped Desk,
2026-07-17,B0BFVMDJ2K,0.0,White Mulberry - Desks- Large,0,112616207373140,0,0,FBA76417,348696544283754,0.0,0,L-Shape SD Purchase RMKTNG - Apr'26 f19c32,FBA76417,WM-LOD-WH,White Mulberry,Desk,L-Shaped Desk,
2026-07-18,B0BFVMDJ2K,0.0,White Mulberry - Desks- Large,0,112616207373140,0,0,FBA76417,348696544283754,0.0,0,L-Shape SD Purchase RMKTNG - Apr'26 f19c32,FBA76417,WM-LOD-WH,White Mulberry,Desk,L-Shaped Desk,
2026-07-19,B0BFVMDJ2K,0.0,White Mulberry - Desks- Large,0,112616207373140,0,0,FBA76417,348696544283754,0.0,0,L-Shape SD Purchase RMKTNG - Apr'26 f19c32,FBA76417,WM-LOD-WH,White Mulberry,Desk,L-Shaped Desk,
2026-07-20,B0BFVMDJ2K,0.0,White Mulberry - Desks- Large,0,112616207373140,0,0,FBA76417,348696544283754,0.0,0,L-Shape SD Purchase RMKTNG - Apr'26 f19c32,FBA76417,WM-LOD-WH,White Mulberry,Desk,L-Shaped Desk,
2026-07-21,B0BFVMDJ2K,0.0,White Mulberry - Desks- Large,0,112616207373140,0,0,FBA76417,348696544283754,0.0,0,L-Shape SD Purchase RMKTNG - Apr'26 f19c32,FBA76417,WM-LOD-WH,White Mulberry,Desk,L-Shaped Desk,
2026-07-01,B0BFVNS8HS,0.0,White Mulberry - Desks- Large,0,112616207373140,0,0,FBA76418,348696544283754,0.0,0,L-Shape SD Purchase RMKTNG - Apr'26 f19c32,FBA76418,WM-LOD-IN,White Mulberry,Desk,L-Shaped Desk,
2026-07-02,B0BFVNS8HS,0.0,White Mulberry - Desks- Large,0,112616207373140,0,0,FBA76418,348696544283754,0.0,0,L-Shape SD Purchase RMKTNG - Apr'26 f19c32,FBA76418,WM-LOD-IN,White Mulberry,Desk,L-Shaped Desk,
2026-07-03,B0BFVNS8HS,0.0,White Mulberry - Desks- Large,0,112616207373140,0,0,FBA76418,348696544283754,0.0,0,L-Shape SD Purchase RMKTNG - Apr'26 f19c32,FBA76418,WM-LOD-IN,White Mulberry,Desk,L-Shaped Desk,
2026-07-04,B0BFVNS8HS,0.0,White Mulberry - Desks- Large,0,112616207373140,0,0,FBA76418,348696544283754,0.0,0,L-Shape SD Purchase RMKTNG - Apr'26 f19c32,FBA76418,WM-LOD-IN,White Mulberry,Desk,L-Shaped Desk,
2026-07-05,B0BFVNS8HS,0.0,White Mulberry - Desks- Large,0,112616207373140,0,0,FBA76418,348696544283754,0.0,0,L-Shape SD Purchase RMKTNG - Apr'26 f19c32,FBA76418,WM-LOD-IN,White Mulberry,Desk,L-Shaped Desk,
2026-07-06,B0BFVNS8HS,0.0,White Mulberry - Desks- Large,0,112616207373140,0,0,FBA76418,348696544283754,0.0,0,L-Shape SD Purchase RMKTNG - Apr'26 f19c32,FBA76418,WM-LOD-IN,White Mulberry,Desk,L-Shaped Desk,
2026-07-07,B0BFVNS8HS,0.0,White Mulberry - Desks- Large,0,112616207373140,0,0,FBA76418,348696544283754,0.0,0,L-Shape SD Purchase RMKTNG - Apr'26 f19c32,FBA76418,WM-LOD-IN,White Mulberry,Desk,L-Shaped Desk,
2026-07-08,B0BFVNS8HS,0.0,White Mulberry - Desks- Large,0,112616207373140,0,0,FBA76418,348696544283754,0.0,0,L-Shape SD Purchase RMKTNG - Apr'26 f19c32,FBA76418,WM-LOD-IN,White Mulberry,Desk,L-Shaped Desk,
2026-07-09,B0BFVNS8HS,0.0,White Mulberry - Desks- Large,0,112616207373140,0,0,FBA76418,348696544283754,0.0,0,L-Shape SD Purchase RMKTNG - Apr'26 f19c32,FBA76418,WM-LOD-IN,White Mulberry,Desk,L-Shaped Desk,
2026-07-10,B0BFVNS8HS,0.0,White Mulberry - Desks- Large,0,112616207373140,0,0,FBA76418,348696544283754,0.0,0,L-Shape SD Purchase RMKTNG - Apr'26 f19c32,FBA76418,WM-LOD-IN,White Mulberry,Desk,L-Shaped Desk,
2026-07-11,B0BFVNS8HS,0.0,White Mulberry - Desks- Large,0,112616207373140,0,0,FBA76418,348696544283754,0.0,0,L-Shape SD Purchase RMKTNG - Apr'26 f19c32,FBA76418,WM-LOD-IN,White Mulberry,Desk,L-Shaped Desk,
2026-07-12,B0BFVNS8HS,0.0,White Mulberry - Desks- Large,0,112616207373140,0,0,FBA76418,348696544283754,0.0,0,L-Shape SD Purchase RMKTNG - Apr'26 f19c32,FBA76418,WM-LOD-IN,White Mulberry,Desk,L-Shaped Desk,
2026-07-13,B0BFVNS8HS,0.0,White Mulberry - Desks- Large,0,112616207373140,0,0,FBA76418,348696544283754,0.0,0,L-Shape SD Purchase RMKTNG - Apr'26 f19c32,FBA76418,WM-LOD-IN,White Mulberry,Desk,L-Shaped Desk,
2026-07-14,B0BFVNS8HS,0.0,White Mulberry - Desks- Large,0,112616207373140,0,0,FBA76418,348696544283754,0.0,0,L-Shape SD Purchase RMKTNG - Apr'26 f19c32,FBA76418,WM-LOD-IN,White Mulberry,Desk,L-Shaped Desk,
2026-07-15,B0BFVNS8HS,0.0,White Mulberry - Desks- Large,0,112616207373140,0,0,FBA76418,348696544283754,0.0,0,L-Shape SD Purchase RMKTNG - Apr'26 f19c32,FBA76418,WM-LOD-IN,White Mulberry,Desk,L-Shaped Desk,
2026-07-16,B0BFVNS8HS,0.0,White Mulberry - Desks- Large,0,112616207373140,0,0,FBA76418,348696544283754,0.0,0,L-Shape SD Purchase RMKTNG - Apr'26 f19c32,FBA76418,WM-LOD-IN,White Mulberry,Desk,L-Shaped Desk,
2026-07-17,B0BFVNS8HS,0.0,White Mulberry - Desks- Large,0,112616207373140,0,0,FBA76418,348696544283754,0.0,0,L-Shape SD Purchase RMKTNG - Apr'26 f19c32,FBA76418,WM-LOD-IN,White Mulberry,Desk,L-Shaped Desk,
2026-07-18,B0BFVNS8HS,0.0,White Mulberry - Desks- Large,0,112616207373140,0,0,FBA76418,348696544283754,0.0,0,L-Shape SD Purchase RMKTNG - Apr'26 f19c32,FBA76418,WM-LOD-IN,White Mulberry,Desk,L-Shaped Desk,
2026-07-19,B0BFVNS8HS,0.0,White Mulberry - Desks- Large,0,112616207373140,0,0,FBA76418,348696544283754,0.0,0,L-Shape SD Purchase RMKTNG - Apr'26 f19c32,FBA76418,WM-LOD-IN,White Mulberry,Desk,L-Shaped Desk,
2026-07-20,B0BFVNS8HS,0.0,White Mulberry - Desks- Large,0,112616207373140,0,0,FBA76418,348696544283754,0.0,0,L-Shape SD Purchase RMKTNG - Apr'26 f19c32,FBA76418,WM-LOD-IN,White Mulberry,Desk,L-Shaped Desk,
2026-07-21,B0BFVNS8HS,0.0,White Mulberry - Desks- Large,0,112616207373140,0,0,FBA76418,348696544283754,0.0,0,L-Shape SD Purchase RMKTNG - Apr'26 f19c32,FBA76418,WM-LOD-IN,White Mulberry,Desk,L-Shaped Desk,
2026-07-22,B0BFW59TRG,0.0,Desks- Large,0,52361096360685,0,0,FBA76416,377856311966366,0.0,0,L-Shape - SD Views RMKTNG - Apr'26 a30650,FBA76416,WM-LOD-BK,White Mulberry,Desk,L-Shaped Desk,
2026-07-23,B0BFW59TRG,0.0,Desks- Large,0,52361096360685,0,0,FBA76416,377856311966366,0.0,0,L-Shape - SD Views RMKTNG - Apr'26 a30650,FBA76416,WM-LOD-BK,White Mulberry,Desk,L-Shaped Desk,
2026-07-24,B0BFW59TRG,0.0,Desks- Large,0,52361096360685,0,0,FBA76416,377856311966366,0.0,0,L-Shape - SD Views RMKTNG - Apr'26 a30650,FBA76416,WM-LOD-BK,White Mulberry,Desk,L-Shaped Desk,
2026-07-25,B0BFW59TRG,0.0,Desks- Large,0,52361096360685,0,0,FBA76416,377856311966366,0.0,0,L-Shape - SD Views RMKTNG - Apr'26 a30650,FBA76416,WM-LOD-BK,White Mulberry,Desk,L-Shaped Desk,
2026-07-26,B0BFW59TRG,0.0,Desks- Large,0,52361096360685,0,0,FBA76416,377856311966366,0.0,0,L-Shape - SD Views RMKTNG - Apr'26 a30650,FBA76416,WM-LOD-BK,White Mulberry,Desk,L-Shaped Desk,
2026-07-27,B0BFW59TRG,0.0,Desks- Large,0,52361096360685,0,0,FBA76416,377856311966366,0.0,0,L-Shape - SD Views RMKTNG - Apr'26 a30650,FBA76416,WM-LOD-BK,White Mulberry,Desk,L-Shaped Desk,
2026-07-28,B0BFW59TRG,0.0,Desks- Large,0,52361096360685,0,0,FBA76416,377856311966366,0.0,0,L-Shape - SD Views RMKTNG - Apr'26 a30650,FBA76416,WM-LOD-BK,White Mulberry,Desk,L-Shaped Desk,
2026-07-29,B0BFW59TRG,0.0,Desks- Large,0,52361096360685,0,0,FBA76416,377856311966366,0.0,0,L-Shape - SD Views RMKTNG - Apr'26 a30650,FBA76416,WM-LOD-BK,White Mulberry,Desk,L-Shaped Desk,
2026-07-30,B0BFW59TRG,0.0,Desks- Large,0,52361096360685,0,0,FBA76416,377856311966366,0.0,0,L-Shape - SD Views RMKTNG - Apr'26 a30650,FBA76416,WM-LOD-BK,White Mulberry,Desk,L-Shaped Desk,
2026-07-31,B0BFW59TRG,0.0,Desks- Large,0,52361096360685,0,0,FBA76416,377856311966366,0.0,0,L-Shape - SD Views RMKTNG - Apr'26 a30650,FBA76416,WM-LOD-BK,White Mulberry,Desk,L-Shaped Desk,
2026-07-22,B0BFVMDJ2K,0.0,Desks- Large,0,52361096360685,0,0,FBA76417,377856311966366,0.0,0,L-Shape - SD Views RMKTNG - Apr'26 a30650,FBA76417,WM-LOD-WH,White Mulberry,Desk,L-Shaped Desk,
2026-07-23,B0BFVMDJ2K,0.0,Desks- Large,0,52361096360685,0,0,FBA76417,377856311966366,0.0,0,L-Shape - SD Views RMKTNG - Apr'26 a30650,FBA76417,WM-LOD-WH,White Mulberry,Desk,L-Shaped Desk,
2026-07-24,B0BFVMDJ2K,0.0,Desks- Large,0,52361096360685,0,0,FBA76417,377856311966366,0.0,0,L-Shape - SD Views RMKTNG - Apr'26 a30650,FBA76417,WM-LOD-WH,White Mulberry,Desk,L-Shaped Desk,
2026-07-25,B0BFVMDJ2K,0.0,Desks- Large,0,52361096360685,0,0,FBA76417,377856311966366,0.0,0,L-Shape - SD Views RMKTNG - Apr'26 a30650,FBA76417,WM-LOD-WH,White Mulberry,Desk,L-Shaped Desk,
2026-07-26,B0BFVMDJ2K,0.0,Desks- Large,0,52361096360685,0,0,FBA76417,377856311966366,0.0,0,L-Shape - SD Views RMKTNG - Apr'26 a30650,FBA76417,WM-LOD-WH,White Mulberry,Desk,L-Shaped Desk,
2026-07-27,B0BFVMDJ2K,0.0,Desks- Large,0,52361096360685,0,0,FBA76417,377856311966366,0.0,0,L-Shape - SD Views RMKTNG - Apr'26 a30650,FBA76417,WM-LOD-WH,White Mulberry,Desk,L-Shaped Desk,
2026-07-28,B0BFVMDJ2K,0.0,Desks- Large,0,52361096360685,0,0,FBA76417,377856311966366,0.0,0,L-Shape - SD Views RMKTNG - Apr'26 a30650,FBA76417,WM-LOD-WH,White Mulberry,Desk,L-Shaped Desk,
2026-07-29,B0BFVMDJ2K,0.0,Desks- Large,0,52361096360685,0,0,FBA76417,377856311966366,0.0,0,L-Shape - SD Views RMKTNG - Apr'26 a30650,FBA76417,WM-LOD-WH,White Mulberry,Desk,L-Shaped Desk,
2026-07-30,B0BFVMDJ2K,0.0,Desks- Large,0,52361096360685,0,0,FBA76417,377856311966366,0.0,0,L-Shape - SD Views RMKTNG - Apr'26 a30650,FBA76417,WM-LOD-WH,White Mulberry,Desk,L-Shaped Desk,
2026-07-31,B0BFVMDJ2K,0.0,Desks- Large,0,52361096360685,0,0,FBA76417,377856311966366,0.0,0,L-Shape - SD Views RMKTNG - Apr'26 a30650,FBA76417,WM-LOD-WH,White Mulberry,Desk,L-Shaped Desk,
2026-07-22,B0BFVNS8HS,0.0,Desks- Large,0,52361096360685,0,0,FBA76418,377856311966366,0.0,0,L-Shape - SD Views RMKTNG - Apr'26 a30650,FBA76418,WM-LOD-IN,White Mulberry,Desk,L-Shaped Desk,
2026-07-23,B0BFVNS8HS,0.0,Desks- Large,0,52361096360685,0,0,FBA76418,377856311966366,0.0,0,L-Shape - SD Views RMKTNG - Apr'26 a30650,FBA76418,WM-LOD-IN,White Mulberry,Desk,L-Shaped Desk,
2026-07-24,B0BFVNS8HS,0.0,Desks- Large,0,52361096360685,0,0,FBA76418,377856311966366,0.0,0,L-Shape - SD Views RMKTNG - Apr'26 a30650,FBA76418,WM-LOD-IN,White Mulberry,Desk,L-Shaped Desk,
2026-07-25,B0BFVNS8HS,0.0,Desks- Large,0,52361096360685,0,0,FBA76418,377856311966366,0.0,0,L-Shape - SD Views RMKTNG - Apr'26 a30650,FBA76418,WM-LOD-IN,White Mulberry,Desk,L-Shaped Desk,
2026-07-26,B0BFVNS8HS,0.0,Desks- Large,0,52361096360685,0,0,FBA76418,377856311966366,0.0,0,L-Shape - SD Views RMKTNG - Apr'26 a30650,FBA76418,WM-LOD-IN,White Mulberry,Desk,L-Shaped Desk,
2026-07-27,B0BFVNS8HS,0.0,Desks- Large,0,52361096360685,0,0,FBA76418,377856311966366,0.0,0,L-Shape - SD Views RMKTNG - Apr'26 a30650,FBA76418,WM-LOD-IN,White Mulberry,Desk,L-Shaped Desk,
2026-07-28,B0BFVNS8HS,0.0,Desks- Large,0,52361096360685,0,0,FBA76418,377856311966366,0.0,0,L-Shape - SD Views RMKTNG - Apr'26 a30650,FBA76418,WM-LOD-IN,White Mulberry,Desk,L-Shaped Desk,
2026-07-29,B0BFVNS8HS,0.0,Desks- Large,0,52361096360685,0,0,FBA76418,377856311966366,0.0,0,L-Shape - SD Views RMKTNG - Apr'26 a30650,FBA76418,WM-LOD-IN,White Mulberry,Desk,L-Shaped Desk,
2026-07-30,B0BFVNS8HS,0.0,Desks- Large,0,52361096360685,0,0,FBA76418,377856311966366,0.0,0,L-Shape - SD Views RMKTNG - Apr'26 a30650,FBA76418,WM-LOD-IN,White Mulberry,Desk,L-Shaped Desk,
2026-07-31,B0BFVNS8HS,0.0,Desks- Large,0,52361096360685,0,0,FBA76418,377856311966366,0.0,0,L-Shape - SD Views RMKTNG - Apr'26 a30650,FBA76418,WM-LOD-IN,White Mulberry,Desk,L-Shaped Desk,
2026-07-22,B0BFW59TRG,0.0,White Mulberry - Desks- Large,0,112616207373140,0,0,FBA76416,348696544283754,0.0,0,L-Shape SD Purchase RMKTNG - Apr'26 f19c32,FBA76416,WM-LOD-BK,White Mulberry,Desk,L-Shaped Desk,
2026-07-23,B0BFW59TRG,0.0,White Mulberry - Desks- Large,0,112616207373140,0,0,FBA76416,348696544283754,0.0,0,L-Shape SD Purchase RMKTNG - Apr'26 f19c32,FBA76416,WM-LOD-BK,White Mulberry,Desk,L-Shaped Desk,
2026-07-24,B0BFW59TRG,0.0,White Mulberry - Desks- Large,0,112616207373140,0,0,FBA76416,348696544283754,0.0,0,L-Shape SD Purchase RMKTNG - Apr'26 f19c32,FBA76416,WM-LOD-BK,White Mulberry,Desk,L-Shaped Desk,
2026-07-25,B0BFW59TRG,0.0,White Mulberry - Desks- Large,0,112616207373140,0,0,FBA76416,348696544283754,0.0,0,L-Shape SD Purchase RMKTNG - Apr'26 f19c32,FBA76416,WM-LOD-BK,White Mulberry,Desk,L-Shaped Desk,
2026-07-26,B0BFW59TRG,0.0,White Mulberry - Desks- Large,0,112616207373140,0,0,FBA76416,348696544283754,0.0,0,L-Shape SD Purchase RMKTNG - Apr'26 f19c32,FBA76416,WM-LOD-BK,White Mulberry,Desk,L-Shaped Desk,
2026-07-27,B0BFW59TRG,0.0,White Mulberry - Desks- Large,0,112616207373140,0,0,FBA76416,348696544283754,0.0,0,L-Shape SD Purchase RMKTNG - Apr'26 f19c32,FBA76416,WM-LOD-BK,White Mulberry,Desk,L-Shaped Desk,
2026-07-28,B0BFW59TRG,0.0,White Mulberry - Desks- Large,0,112616207373140,0,0,FBA76416,348696544283754,0.0,0,L-Shape SD Purchase RMKTNG - Apr'26 f19c32,FBA76416,WM-LOD-BK,White Mulberry,Desk,L-Shaped Desk,
2026-07-29,B0BFW59TRG,0.0,White Mulberry - Desks- Large,0,112616207373140,0,0,FBA76416,348696544283754,0.0,0,L-Shape SD Purchase RMKTNG - Apr'26 f19c32,FBA76416,WM-LOD-BK,White Mulberry,Desk,L-Shaped Desk,
2026-07-30,B0BFW59TRG,0.0,White Mulberry - Desks- Large,0,112616207373140,0,0,FBA76416,348696544283754,0.0,0,L-Shape SD Purchase RMKTNG - Apr'26 f19c32,FBA76416,WM-LOD-BK,White Mulberry,Desk,L-Shaped Desk,
2026-07-31,B0BFW59TRG,0.0,White Mulberry - Desks- Large,0,112616207373140,0,0,FBA76416,348696544283754,0.0,0,L-Shape SD Purchase RMKTNG - Apr'26 f19c32,FBA76416,WM-LOD-BK,White Mulberry,Desk,L-Shaped Desk,
2026-07-22,B0BFVMDJ2K,0.0,White Mulberry - Desks- Large,0,112616207373140,0,0,FBA76417,348696544283754,0.0,0,L-Shape SD Purchase RMKTNG - Apr'26 f19c32,FBA76417,WM-LOD-WH,White Mulberry,Desk,L-Shaped Desk,
2026-07-23,B0BFVMDJ2K,0.0,White Mulberry - Desks- Large,0,112616207373140,0,0,FBA76417,348696544283754,0.0,0,L-Shape SD Purchase RMKTNG - Apr'26 f19c32,FBA76417,WM-LOD-WH,White Mulberry,Desk,L-Shaped Desk,
2026-07-24,B0BFVMDJ2K,0.0,White Mulberry - Desks- Large,0,112616207373140,0,0,FBA76417,348696544283754,0.0,0,L-Shape SD Purchase RMKTNG - Apr'26 f19c32,FBA76417,WM-LOD-WH,White Mulberry,Desk,L-Shaped Desk,
2026-07-25,B0BFVMDJ2K,0.0,White Mulberry - Desks- Large,0,112616207373140,0,0,FBA76417,348696544283754,0.0,0,L-Shape SD Purchase RMKTNG - Apr'26 f19c32,FBA76417,WM-LOD-WH,White Mulberry,Desk,L-Shaped Desk,
2026-07-26,B0BFVMDJ2K,0.0,White Mulberry - Desks- Large,0,112616207373140,0,0,FBA76417,348696544283754,0.0,0,L-Shape SD Purchase RMKTNG - Apr'26 f19c32,FBA76417,WM-LOD-WH,White Mulberry,Desk,L-Shaped Desk,
2026-07-27,B0BFVMDJ2K,0.0,White Mulberry - Desks- Large,0,112616207373140,0,0,FBA76417,348696544283754,0.0,0,L-Shape SD Purchase RMKTNG - Apr'26 f19c32,FBA76417,WM-LOD-WH,White Mulberry,Desk,L-Shaped Desk,
2026-07-28,B0BFVMDJ2K,0.0,White Mulberry - Desks- Large,0,112616207373140,0,0,FBA76417,348696544283754,0.0,0,L-Shape SD Purchase RMKTNG - Apr'26 f19c32,FBA76417,WM-LOD-WH,White Mulberry,Desk,L-Shaped Desk,
2026-07-29,B0BFVMDJ2K,0.0,White Mulberry - Desks- Large,0,112616207373140,0,0,FBA76417,348696544283754,0.0,0,L-Shape SD Purchase RMKTNG - Apr'26 f19c32,FBA76417,WM-LOD-WH,White Mulberry,Desk,L-Shaped Desk,
2026-07-30,B0BFVMDJ2K,0.0,White Mulberry - Desks- Large,0,112616207373140,0,0,FBA76417,348696544283754,0.0,0,L-Shape SD Purchase RMKTNG - Apr'26 f19c32,FBA76417,WM-LOD-WH,White Mulberry,Desk,L-Shaped Desk,
2026-07-31,B0BFVMDJ2K,0.0,White Mulberry - Desks- Large,0,112616207373140,0,0,FBA76417,348696544283754,0.0,0,L-Shape SD Purchase RMKTNG - Apr'26 f19c32,FBA76417,WM-LOD-WH,White Mulberry,Desk,L-Shaped Desk,
2026-07-22,B0BFVNS8HS,0.0,White Mulberry - Desks- Large,0,112616207373140,0,0,FBA76418,348696544283754,0.0,0,L-Shape SD Purchase RMKTNG - Apr'26 f19c32,FBA76418,WM-LOD-IN,White Mulberry,Desk,L-Shaped Desk,
2026-07-23,B0BFVNS8HS,0.0,White Mulberry - Desks- Large,0,112616207373140,0,0,FBA76418,348696544283754,0.0,0,L-Shape SD Purchase RMKTNG - Apr'26 f19c32,FBA76418,WM-LOD-IN,White Mulberry,Desk,L-Shaped Desk,
2026-07-24,B0BFVNS8HS,0.0,White Mulberry - Desks- Large,0,112616207373140,0,0,FBA76418,348696544283754,0.0,0,L-Shape SD Purchase RMKTNG - Apr'26 f19c32,FBA76418,WM-LOD-IN,White Mulberry,Desk,L-Shaped Desk,
2026-07-25,B0BFVNS8HS,0.0,White Mulberry - Desks- Large,0,112616207373140,0,0,FBA76418,348696544283754,0.0,0,L-Shape SD Purchase RMKTNG - Apr'26 f19c32,FBA76418,WM-LOD-IN,White Mulberry,Desk,L-Shaped Desk,
2026-07-26,B0BFVNS8HS,0.0,White Mulberry - Desks- Large,0,112616207373140,0,0,FBA76418,348696544283754,0.0,0,L-Shape SD Purchase RMKTNG - Apr'26 f19c32,FBA76418,WM-LOD-IN,White Mulberry,Desk,L-Shaped Desk,
2026-07-27,B0BFVNS8HS,0.0,White Mulberry - Desks- Large,0,112616207373140,0,0,FBA76418,348696544283754,0.0,0,L-Shape SD Purchase RMKTNG - Apr'26 f19c32,FBA76418,WM-LOD-IN,White Mulberry,Desk,L-Shaped Desk,
2026-07-28,B0BFVNS8HS,0.0,White Mulberry - Desks- Large,0,112616207373140,0,0,FBA76418,348696544283754,0.0,0,L-Shape SD Purchase RMKTNG - Apr'26 f19c32,FBA76418,WM-LOD-IN,White Mulberry,Desk,L-Shaped Desk,
2026-07-29,B0BFVNS8HS,0.0,White Mulberry - Desks- Large,0,112616207373140,0,0,FBA76418,348696544283754,0.0,0,L-Shape SD Purchase RMKTNG - Apr'26 f19c32,FBA76418,WM-LOD-IN,White Mulberry,Desk,L-Shaped Desk,
2026-07-30,B0BFVNS8HS,0.0,White Mulberry - Desks- Large,0,112616207373140,0,0,FBA76418,348696544283754,0.0,0,L-Shape SD Purchase RMKTNG - Apr'26 f19c32,FBA76418,WM-LOD-IN,White Mulberry,Desk,L-Shaped Desk,
2026-07-31,B0BFVNS8HS,0.0,White Mulberry - Desks- Large,0,112616207373140,0,0,FBA76418,348696544283754,0.0,0,L-Shape SD Purchase RMKTNG - Apr'26 f19c32,FBA76418,WM-LOD-IN,White Mulberry,Desk,L-Shaped Desk,
2026-07-01,B0DP2VVRND,0.0,"VRM - 7,14, 30",0,455070604687127,0,0,FBA79613,492472119843196,0.0,0,"WM_Monitor Arm_High Selling_SD_VRM_7,14,30",FBA79613,MS1ML,White Mulberry,Monitor Arm,Monitor Arm,
2026-07-02,B0DP2VVRND,0.0,"VRM - 7,14, 30",0,455070604687127,0,0,FBA79613,492472119843196,0.0,0,"WM_Monitor Arm_High Selling_SD_VRM_7,14,30",FBA79613,MS1ML,White Mulberry,Monitor Arm,Monitor Arm,
2026-07-03,B0DP2VVRND,0.0,"VRM - 7,14, 30",0,455070604687127,0,0,FBA79613,492472119843196,0.0,0,"WM_Monitor Arm_High Selling_SD_VRM_7,14,30",FBA79613,MS1ML,White Mulberry,Monitor Arm,Monitor Arm,
2026-07-04,B0DP2VVRND,0.0,"VRM - 7,14, 30",0,455070604687127,0,0,FBA79613,492472119843196,0.0,0,"WM_Monitor Arm_High Selling_SD_VRM_7,14,30",FBA79613,MS1ML,White Mulberry,Monitor Arm,Monitor Arm,
2026-07-05,B0DP2VVRND,0.0,"VRM - 7,14, 30",0,455070604687127,0,0,FBA79613,492472119843196,0.0,0,"WM_Monitor Arm_High Selling_SD_VRM_7,14,30",FBA79613,MS1ML,White Mulberry,Monitor Arm,Monitor Arm,
2026-07-06,B0DP2VVRND,0.0,"VRM - 7,14, 30",0,455070604687127,0,0,FBA79613,492472119843196,0.0,0,"WM_Monitor Arm_High Selling_SD_VRM_7,14,30",FBA79613,MS1ML,White Mulberry,Monitor Arm,Monitor Arm,
2026-07-07,B0DP2VVRND,0.0,"VRM - 7,14, 30",0,455070604687127,0,0,FBA79613,492472119843196,0.0,0,"WM_Monitor Arm_High Selling_SD_VRM_7,14,30",FBA79613,MS1ML,White Mulberry,Monitor Arm,Monitor Arm,
2026-07-08,B0DP2VVRND,0.0,"VRM - 7,14, 30",0,455070604687127,0,0,FBA79613,492472119843196,0.0,0,"WM_Monitor Arm_High Selling_SD_VRM_7,14,30",FBA79613,MS1ML,White Mulberry,Monitor Arm,Monitor Arm,
2026-07-09,B0DP2VVRND,0.0,"VRM - 7,14, 30",0,455070604687127,0,0,FBA79613,492472119843196,0.0,0,"WM_Monitor Arm_High Selling_SD_VRM_7,14,30",FBA79613,MS1ML,White Mulberry,Monitor Arm,Monitor Arm,
2026-07-10,B0DP2VVRND,0.0,"VRM - 7,14, 30",0,455070604687127,0,0,FBA79613,492472119843196,0.0,0,"WM_Monitor Arm_High Selling_SD_VRM_7,14,30",FBA79613,MS1ML,White Mulberry,Monitor Arm,Monitor Arm,
2026-07-11,B0DP2VVRND,0.0,"VRM - 7,14, 30",0,455070604687127,0,0,FBA79613,492472119843196,0.0,0,"WM_Monitor Arm_High Selling_SD_VRM_7,14,30",FBA79613,MS1ML,White Mulberry,Monitor Arm,Monitor Arm,
2026-07-12,B0DP2VVRND,0.0,"VRM - 7,14, 30",0,455070604687127,0,0,FBA79613,492472119843196,0.0,0,"WM_Monitor Arm_High Selling_SD_VRM_7,14,30",FBA79613,MS1ML,White Mulberry,Monitor Arm,Monitor Arm,
2026-07-13,B0DP2VVRND,0.0,"VRM - 7,14, 30",0,455070604687127,0,0,FBA79613,492472119843196,0.0,0,"WM_Monitor Arm_High Selling_SD_VRM_7,14,30",FBA79613,MS1ML,White Mulberry,Monitor Arm,Monitor Arm,
2026-07-14,B0DP2VVRND,0.0,"VRM - 7,14, 30",0,455070604687127,0,0,FBA79613,492472119843196,0.0,0,"WM_Monitor Arm_High Selling_SD_VRM_7,14,30",FBA79613,MS1ML,White Mulberry,Monitor Arm,Monitor Arm,
2026-07-15,B0DP2VVRND,0.0,"VRM - 7,14, 30",0,455070604687127,0,0,FBA79613,492472119843196,0.0,0,"WM_Monitor Arm_High Selling_SD_VRM_7,14,30",FBA79613,MS1ML,White Mulberry,Monitor Arm,Monitor Arm,
2026-07-16,B0DP2VVRND,0.0,"VRM - 7,14, 30",0,455070604687127,0,0,FBA79613,492472119843196,0.0,0,"WM_Monitor Arm_High Selling_SD_VRM_7,14,30",FBA79613,MS1ML,White Mulberry,Monitor Arm,Monitor Arm,
2026-07-17,B0DP2VVRND,0.0,"VRM - 7,14, 30",0,455070604687127,0,0,FBA79613,492472119843196,0.0,0,"WM_Monitor Arm_High Selling_SD_VRM_7,14,30",FBA79613,MS1ML,White Mulberry,Monitor Arm,Monitor Arm,
2026-07-18,B0DP2VVRND,0.0,"VRM - 7,14, 30",0,455070604687127,0,0,FBA79613,492472119843196,0.0,0,"WM_Monitor Arm_High Selling_SD_VRM_7,14,30",FBA79613,MS1ML,White Mulberry,Monitor Arm,Monitor Arm,
2026-07-19,B0DP2VVRND,0.0,"VRM - 7,14, 30",0,455070604687127,0,0,FBA79613,492472119843196,0.0,0,"WM_Monitor Arm_High Selling_SD_VRM_7,14,30",FBA79613,MS1ML,White Mulberry,Monitor Arm,Monitor Arm,
2026-07-20,B0DP2VVRND,0.0,"VRM - 7,14, 30",0,455070604687127,0,0,FBA79613,492472119843196,0.0,0,"WM_Monitor Arm_High Selling_SD_VRM_7,14,30",FBA79613,MS1ML,White Mulberry,Monitor Arm,Monitor Arm,
2026-07-21,B0DP2VVRND,0.0,"VRM - 7,14, 30",0,455070604687127,0,0,FBA79613,492472119843196,0.0,0,"WM_Monitor Arm_High Selling_SD_VRM_7,14,30",FBA79613,MS1ML,White Mulberry,Monitor Arm,Monitor Arm,
2026-07-01,B0DB5VG39T,0.0,"VRM - 7,14, 30",0,455070604687127,0,0,B0DB5VG39T,492472119843196,0.0,0,"WM_Monitor Arm_High Selling_SD_VRM_7,14,30",FBA79476,WM-GS1M-BK,White Mulberry,Monitor Arm,Monitor Arm,
2026-07-02,B0DB5VG39T,0.0,"VRM - 7,14, 30",0,455070604687127,0,0,B0DB5VG39T,492472119843196,0.0,0,"WM_Monitor Arm_High Selling_SD_VRM_7,14,30",FBA79476,WM-GS1M-BK,White Mulberry,Monitor Arm,Monitor Arm,
2026-07-03,B0DB5VG39T,0.0,"VRM - 7,14, 30",0,455070604687127,0,0,B0DB5VG39T,492472119843196,0.0,0,"WM_Monitor Arm_High Selling_SD_VRM_7,14,30",FBA79476,WM-GS1M-BK,White Mulberry,Monitor Arm,Monitor Arm,
2026-07-04,B0DB5VG39T,0.0,"VRM - 7,14, 30",0,455070604687127,0,0,B0DB5VG39T,492472119843196,0.0,0,"WM_Monitor Arm_High Selling_SD_VRM_7,14,30",FBA79476,WM-GS1M-BK,White Mulberry,Monitor Arm,Monitor Arm,
2026-07-05,B0DB5VG39T,0.0,"VRM - 7,14, 30",0,455070604687127,0,0,B0DB5VG39T,492472119843196,0.0,0,"WM_Monitor Arm_High Selling_SD_VRM_7,14,30",FBA79476,WM-GS1M-BK,White Mulberry,Monitor Arm,Monitor Arm,
2026-07-06,B0DB5VG39T,0.0,"VRM - 7,14, 30",0,455070604687127,0,0,B0DB5VG39T,492472119843196,0.0,0,"WM_Monitor Arm_High Selling_SD_VRM_7,14,30",FBA79476,WM-GS1M-BK,White Mulberry,Monitor Arm,Monitor Arm,
2026-07-07,B0DB5VG39T,0.0,"VRM - 7,14, 30",0,455070604687127,0,0,B0DB5VG39T,492472119843196,0.0,0,"WM_Monitor Arm_High Selling_SD_VRM_7,14,30",FBA79476,WM-GS1M-BK,White Mulberry,Monitor Arm,Monitor Arm,
2026-07-08,B0DB5VG39T,0.0,"VRM - 7,14, 30",0,455070604687127,0,0,B0DB5VG39T,492472119843196,0.0,0,"WM_Monitor Arm_High Selling_SD_VRM_7,14,30",FBA79476,WM-GS1M-BK,White Mulberry,Monitor Arm,Monitor Arm,
2026-07-09,B0DB5VG39T,0.0,"VRM - 7,14, 30",0,455070604687127,0,0,B0DB5VG39T,492472119843196,0.0,0,"WM_Monitor Arm_High Selling_SD_VRM_7,14,30",FBA79476,WM-GS1M-BK,White Mulberry,Monitor Arm,Monitor Arm,
2026-07-10,B0DB5VG39T,0.0,"VRM - 7,14, 30",0,455070604687127,0,0,B0DB5VG39T,492472119843196,0.0,0,"WM_Monitor Arm_High Selling_SD_VRM_7,14,30",FBA79476,WM-GS1M-BK,White Mulberry,Monitor Arm,Monitor Arm,
2026-07-11,B0DB5VG39T,0.0,"VRM - 7,14, 30",0,455070604687127,0,0,B0DB5VG39T,492472119843196,0.0,0,"WM_Monitor Arm_High Selling_SD_VRM_7,14,30",FBA79476,WM-GS1M-BK,White Mulberry,Monitor Arm,Monitor Arm,
2026-07-12,B0DB5VG39T,0.0,"VRM - 7,14, 30",0,455070604687127,0,0,B0DB5VG39T,492472119843196,0.0,0,"WM_Monitor Arm_High Selling_SD_VRM_7,14,30",FBA79476,WM-GS1M-BK,White Mulberry,Monitor Arm,Monitor Arm,
2026-07-13,B0DB5VG39T,0.0,"VRM - 7,14, 30",0,455070604687127,0,0,B0DB5VG39T,492472119843196,0.0,0,"WM_Monitor Arm_High Selling_SD_VRM_7,14,30",FBA79476,WM-GS1M-BK,White Mulberry,Monitor Arm,Monitor Arm,
2026-07-14,B0DB5VG39T,0.0,"VRM - 7,14, 30",0,455070604687127,0,0,B0DB5VG39T,492472119843196,0.0,0,"WM_Monitor Arm_High Selling_SD_VRM_7,14,30",FBA79476,WM-GS1M-BK,White Mulberry,Monitor Arm,Monitor Arm,
2026-07-15,B0DB5VG39T,0.0,"VRM - 7,14, 30",0,455070604687127,0,0,B0DB5VG39T,492472119843196,0.0,0,"WM_Monitor Arm_High Selling_SD_VRM_7,14,30",FBA79476,WM-GS1M-BK,White Mulberry,Monitor Arm,Monitor Arm,
2026-07-16,B0DB5VG39T,0.0,"VRM - 7,14, 30",0,455070604687127,0,0,B0DB5VG39T,492472119843196,0.0,0,"WM_Monitor Arm_High Selling_SD_VRM_7,14,30",FBA79476,WM-GS1M-BK,White Mulberry,Monitor Arm,Monitor Arm,
2026-07-17,B0DB5VG39T,0.0,"VRM - 7,14, 30",0,455070604687127,0,0,B0DB5VG39T,492472119843196,0.0,0,"WM_Monitor Arm_High Selling_SD_VRM_7,14,30",FBA79476,WM-GS1M-BK,White Mulberry,Monitor Arm,Monitor Arm,
2026-07-18,B0DB5VG39T,0.0,"VRM - 7,14, 30",0,455070604687127,0,0,B0DB5VG39T,492472119843196,0.0,0,"WM_Monitor Arm_High Selling_SD_VRM_7,14,30",FBA79476,WM-GS1M-BK,White Mulberry,Monitor Arm,Monitor Arm,
2026-07-19,B0DB5VG39T,0.0,"VRM - 7,14, 30",0,455070604687127,0,0,B0DB5VG39T,492472119843196,0.0,0,"WM_Monitor Arm_High Selling_SD_VRM_7,14,30",FBA79476,WM-GS1M-BK,White Mulberry,Monitor Arm,Monitor Arm,
2026-07-20,B0DB5VG39T,0.0,"VRM - 7,14, 30",0,455070604687127,0,0,B0DB5VG39T,492472119843196,0.0,0,"WM_Monitor Arm_High Selling_SD_VRM_7,14,30",FBA79476,WM-GS1M-BK,White Mulberry,Monitor Arm,Monitor Arm,
2026-07-21,B0DB5VG39T,0.0,"VRM - 7,14, 30",0,455070604687127,0,0,B0DB5VG39T,492472119843196,0.0,0,"WM_Monitor Arm_High Selling_SD_VRM_7,14,30",FBA79476,WM-GS1M-BK,White Mulberry,Monitor Arm,Monitor Arm,
2026-07-01,B0DB5W4TCP,0.0,"VRM - 7,14, 30",0,455070604687127,0,0,B0DB5W4TCP,492472119843196,0.0,0,"WM_Monitor Arm_High Selling_SD_VRM_7,14,30",FBA79478,WM-HA1M-BK,White Mulberry,Monitor Arm,Monitor Arm,
2026-07-02,B0DB5W4TCP,0.0,"VRM - 7,14, 30",0,455070604687127,0,0,B0DB5W4TCP,492472119843196,0.0,0,"WM_Monitor Arm_High Selling_SD_VRM_7,14,30",FBA79478,WM-HA1M-BK,White Mulberry,Monitor Arm,Monitor Arm,
2026-07-03,B0DB5W4TCP,0.0,"VRM - 7,14, 30",0,455070604687127,0,0,B0DB5W4TCP,492472119843196,0.0,0,"WM_Monitor Arm_High Selling_SD_VRM_7,14,30",FBA79478,WM-HA1M-BK,White Mulberry,Monitor Arm,Monitor Arm,
2026-07-04,B0DB5W4TCP,0.0,"VRM - 7,14, 30",0,455070604687127,0,0,B0DB5W4TCP,492472119843196,0.0,0,"WM_Monitor Arm_High Selling_SD_VRM_7,14,30",FBA79478,WM-HA1M-BK,White Mulberry,Monitor Arm,Monitor Arm,
2026-07-05,B0DB5W4TCP,0.0,"VRM - 7,14, 30",0,455070604687127,0,0,B0DB5W4TCP,492472119843196,0.0,0,"WM_Monitor Arm_High Selling_SD_VRM_7,14,30",FBA79478,WM-HA1M-BK,White Mulberry,Monitor Arm,Monitor Arm,
2026-07-06,B0DB5W4TCP,0.0,"VRM - 7,14, 30",0,455070604687127,0,0,B0DB5W4TCP,492472119843196,0.0,0,"WM_Monitor Arm_High Selling_SD_VRM_7,14,30",FBA79478,WM-HA1M-BK,White Mulberry,Monitor Arm,Monitor Arm,
2026-07-07,B0DB5W4TCP,0.0,"VRM - 7,14, 30",0,455070604687127,0,0,B0DB5W4TCP,492472119843196,0.0,0,"WM_Monitor Arm_High Selling_SD_VRM_7,14,30",FBA79478,WM-HA1M-BK,White Mulberry,Monitor Arm,Monitor Arm,
2026-07-08,B0DB5W4TCP,0.0,"VRM - 7,14, 30",0,455070604687127,0,0,B0DB5W4TCP,492472119843196,0.0,0,"WM_Monitor Arm_High Selling_SD_VRM_7,14,30",FBA79478,WM-HA1M-BK,White Mulberry,Monitor Arm,Monitor Arm,
2026-07-09,B0DB5W4TCP,0.0,"VRM - 7,14, 30",0,455070604687127,0,0,B0DB5W4TCP,492472119843196,0.0,0,"WM_Monitor Arm_High Selling_SD_VRM_7,14,30",FBA79478,WM-HA1M-BK,White Mulberry,Monitor Arm,Monitor Arm,
2026-07-10,B0DB5W4TCP,0.0,"VRM - 7,14, 30",0,455070604687127,0,0,B0DB5W4TCP,492472119843196,0.0,0,"WM_Monitor Arm_High Selling_SD_VRM_7,14,30",FBA79478,WM-HA1M-BK,White Mulberry,Monitor Arm,Monitor Arm,
2026-07-11,B0DB5W4TCP,0.0,"VRM - 7,14, 30",0,455070604687127,0,0,B0DB5W4TCP,492472119843196,0.0,0,"WM_Monitor Arm_High Selling_SD_VRM_7,14,30",FBA79478,WM-HA1M-BK,White Mulberry,Monitor Arm,Monitor Arm,
2026-07-12,B0DB5W4TCP,0.0,"VRM - 7,14, 30",0,455070604687127,0,0,B0DB5W4TCP,492472119843196,0.0,0,"WM_Monitor Arm_High Selling_SD_VRM_7,14,30",FBA79478,WM-HA1M-BK,White Mulberry,Monitor Arm,Monitor Arm,
2026-07-13,B0DB5W4TCP,0.0,"VRM - 7,14, 30",0,455070604687127,0,0,B0DB5W4TCP,492472119843196,0.0,0,"WM_Monitor Arm_High Selling_SD_VRM_7,14,30",FBA79478,WM-HA1M-BK,White Mulberry,Monitor Arm,Monitor Arm,
2026-07-14,B0DB5W4TCP,0.0,"VRM - 7,14, 30",0,455070604687127,0,0,B0DB5W4TCP,492472119843196,0.0,0,"WM_Monitor Arm_High Selling_SD_VRM_7,14,30",FBA79478,WM-HA1M-BK,White Mulberry,Monitor Arm,Monitor Arm,
2026-07-15,B0DB5W4TCP,0.0,"VRM - 7,14, 30",0,455070604687127,0,0,B0DB5W4TCP,492472119843196,0.0,0,"WM_Monitor Arm_High Selling_SD_VRM_7,14,30",FBA79478,WM-HA1M-BK,White Mulberry,Monitor Arm,Monitor Arm,
2026-07-16,B0DB5W4TCP,0.0,"VRM - 7,14, 30",0,455070604687127,0,0,B0DB5W4TCP,492472119843196,0.0,0,"WM_Monitor Arm_High Selling_SD_VRM_7,14,30",FBA79478,WM-HA1M-BK,White Mulberry,Monitor Arm,Monitor Arm,
2026-07-17,B0DB5W4TCP,0.0,"VRM - 7,14, 30",0,455070604687127,0,0,B0DB5W4TCP,492472119843196,0.0,0,"WM_Monitor Arm_High Selling_SD_VRM_7,14,30",FBA79478,WM-HA1M-BK,White Mulberry,Monitor Arm,Monitor Arm,
2026-07-18,B0DB5W4TCP,0.0,"VRM - 7,14, 30",0,455070604687127,0,0,B0DB5W4TCP,492472119843196,0.0,0,"WM_Monitor Arm_High Selling_SD_VRM_7,14,30",FBA79478,WM-HA1M-BK,White Mulberry,Monitor Arm,Monitor Arm,
2026-07-19,B0DB5W4TCP,0.0,"VRM - 7,14, 30",0,455070604687127,0,0,B0DB5W4TCP,492472119843196,0.0,0,"WM_Monitor Arm_High Selling_SD_VRM_7,14,30",FBA79478,WM-HA1M-BK,White Mulberry,Monitor Arm,Monitor Arm,
2026-07-20,B0DB5W4TCP,0.0,"VRM - 7,14, 30",0,455070604687127,0,0,B0DB5W4TCP,492472119843196,0.0,0,"WM_Monitor Arm_High Selling_SD_VRM_7,14,30",FBA79478,WM-HA1M-BK,White Mulberry,Monitor Arm,Monitor Arm,
2026-07-21,B0DB5W4TCP,0.0,"VRM - 7,14, 30",0,455070604687127,0,0,B0DB5W4TCP,492472119843196,0.0,0,"WM_Monitor Arm_High Selling_SD_VRM_7,14,30",FBA79478,WM-HA1M-BK,White Mulberry,Monitor Arm,Monitor Arm,
2026-07-01,B0DP2Z5DQ9,0.0,"VRM - 7,14, 30",0,455070604687127,0,0,FBA79615,492472119843196,0.0,0,"WM_Monitor Arm_High Selling_SD_VRM_7,14,30",FBA79615,VLMS1ML,White Mulberry,Monitor Arm,Monitor Arm,
2026-07-02,B0DP2Z5DQ9,0.0,"VRM - 7,14, 30",0,455070604687127,0,0,FBA79615,492472119843196,0.0,0,"WM_Monitor Arm_High Selling_SD_VRM_7,14,30",FBA79615,VLMS1ML,White Mulberry,Monitor Arm,Monitor Arm,
2026-07-03,B0DP2Z5DQ9,0.0,"VRM - 7,14, 30",0,455070604687127,0,0,FBA79615,492472119843196,0.0,0,"WM_Monitor Arm_High Selling_SD_VRM_7,14,30",FBA79615,VLMS1ML,White Mulberry,Monitor Arm,Monitor Arm,
2026-07-04,B0DP2Z5DQ9,0.0,"VRM - 7,14, 30",0,455070604687127,0,0,FBA79615,492472119843196,0.0,0,"WM_Monitor Arm_High Selling_SD_VRM_7,14,30",FBA79615,VLMS1ML,White Mulberry,Monitor Arm,Monitor Arm,
2026-07-05,B0DP2Z5DQ9,0.0,"VRM - 7,14, 30",0,455070604687127,0,0,FBA79615,492472119843196,0.0,0,"WM_Monitor Arm_High Selling_SD_VRM_7,14,30",FBA79615,VLMS1ML,White Mulberry,Monitor Arm,Monitor Arm,
2026-07-06,B0DP2Z5DQ9,0.0,"VRM - 7,14, 30",0,455070604687127,0,0,FBA79615,492472119843196,0.0,0,"WM_Monitor Arm_High Selling_SD_VRM_7,14,30",FBA79615,VLMS1ML,White Mulberry,Monitor Arm,Monitor Arm,
2026-07-07,B0DP2Z5DQ9,0.0,"VRM - 7,14, 30",0,455070604687127,0,0,FBA79615,492472119843196,0.0,0,"WM_Monitor Arm_High Selling_SD_VRM_7,14,30",FBA79615,VLMS1ML,White Mulberry,Monitor Arm,Monitor Arm,
2026-07-08,B0DP2Z5DQ9,0.0,"VRM - 7,14, 30",0,455070604687127,0,0,FBA79615,492472119843196,0.0,0,"WM_Monitor Arm_High Selling_SD_VRM_7,14,30",FBA79615,VLMS1ML,White Mulberry,Monitor Arm,Monitor Arm,
2026-07-09,B0DP2Z5DQ9,0.0,"VRM - 7,14, 30",0,455070604687127,0,0,FBA79615,492472119843196,0.0,0,"WM_Monitor Arm_High Selling_SD_VRM_7,14,30",FBA79615,VLMS1ML,White Mulberry,Monitor Arm,Monitor Arm,
2026-07-10,B0DP2Z5DQ9,0.0,"VRM - 7,14, 30",0,455070604687127,0,0,FBA79615,492472119843196,0.0,0,"WM_Monitor Arm_High Selling_SD_VRM_7,14,30",FBA79615,VLMS1ML,White Mulberry,Monitor Arm,Monitor Arm,
2026-07-11,B0DP2Z5DQ9,0.0,"VRM - 7,14, 30",0,455070604687127,0,0,FBA79615,492472119843196,0.0,0,"WM_Monitor Arm_High Selling_SD_VRM_7,14,30",FBA79615,VLMS1ML,White Mulberry,Monitor Arm,Monitor Arm,
2026-07-12,B0DP2Z5DQ9,0.0,"VRM - 7,14, 30",0,455070604687127,0,0,FBA79615,492472119843196,0.0,0,"WM_Monitor Arm_High Selling_SD_VRM_7,14,30",FBA79615,VLMS1ML,White Mulberry,Monitor Arm,Monitor Arm,
2026-07-13,B0DP2Z5DQ9,0.0,"VRM - 7,14, 30",0,455070604687127,0,0,FBA79615,492472119843196,0.0,0,"WM_Monitor Arm_High Selling_SD_VRM_7,14,30",FBA79615,VLMS1ML,White Mulberry,Monitor Arm,Monitor Arm,
2026-07-14,B0DP2Z5DQ9,0.0,"VRM - 7,14, 30",0,455070604687127,0,0,FBA79615,492472119843196,0.0,0,"WM_Monitor Arm_High Selling_SD_VRM_7,14,30",FBA79615,VLMS1ML,White Mulberry,Monitor Arm,Monitor Arm,
2026-07-15,B0DP2Z5DQ9,0.0,"VRM - 7,14, 30",0,455070604687127,0,0,FBA79615,492472119843196,0.0,0,"WM_Monitor Arm_High Selling_SD_VRM_7,14,30",FBA79615,VLMS1ML,White Mulberry,Monitor Arm,Monitor Arm,
2026-07-16,B0DP2Z5DQ9,0.0,"VRM - 7,14, 30",0,455070604687127,0,0,FBA79615,492472119843196,0.0,0,"WM_Monitor Arm_High Selling_SD_VRM_7,14,30",FBA79615,VLMS1ML,White Mulberry,Monitor Arm,Monitor Arm,
2026-07-17,B0DP2Z5DQ9,0.0,"VRM - 7,14, 30",0,455070604687127,0,0,FBA79615,492472119843196,0.0,0,"WM_Monitor Arm_High Selling_SD_VRM_7,14,30",FBA79615,VLMS1ML,White Mulberry,Monitor Arm,Monitor Arm,
2026-07-18,B0DP2Z5DQ9,0.0,"VRM - 7,14, 30",0,455070604687127,0,0,FBA79615,492472119843196,0.0,0,"WM_Monitor Arm_High Selling_SD_VRM_7,14,30",FBA79615,VLMS1ML,White Mulberry,Monitor Arm,Monitor Arm,
2026-07-19,B0DP2Z5DQ9,0.0,"VRM - 7,14, 30",0,455070604687127,0,0,FBA79615,492472119843196,0.0,0,"WM_Monitor Arm_High Selling_SD_VRM_7,14,30",FBA79615,VLMS1ML,White Mulberry,Monitor Arm,Monitor Arm,
2026-07-20,B0DP2Z5DQ9,0.0,"VRM - 7,14, 30",0,455070604687127,0,0,FBA79615,492472119843196,0.0,0,"WM_Monitor Arm_High Selling_SD_VRM_7,14,30",FBA79615,VLMS1ML,White Mulberry,Monitor Arm,Monitor Arm,
2026-07-21,B0DP2Z5DQ9,0.0,"VRM - 7,14, 30",0,455070604687127,0,0,FBA79615,492472119843196,0.0,0,"WM_Monitor Arm_High Selling_SD_VRM_7,14,30",FBA79615,VLMS1ML,White Mulberry,Monitor Arm,Monitor Arm,
2026-07-01,B0DP32F346,0.0,"VRM - 7,14, 30",0,455070604687127,0,0,FBA79617,492472119843196,0.0,0,"WM_Monitor Arm_High Selling_SD_VRM_7,14,30",FBA79617,HDWF1ML,White Mulberry,Monitor Arm,Monitor Arm,
2026-07-02,B0DP32F346,0.0,"VRM - 7,14, 30",0,455070604687127,0,0,FBA79617,492472119843196,0.0,0,"WM_Monitor Arm_High Selling_SD_VRM_7,14,30",FBA79617,HDWF1ML,White Mulberry,Monitor Arm,Monitor Arm,
2026-07-03,B0DP32F346,0.0,"VRM - 7,14, 30",0,455070604687127,0,0,FBA79617,492472119843196,0.0,0,"WM_Monitor Arm_High Selling_SD_VRM_7,14,30",FBA79617,HDWF1ML,White Mulberry,Monitor Arm,Monitor Arm,
2026-07-04,B0DP32F346,0.0,"VRM - 7,14, 30",0,455070604687127,0,0,FBA79617,492472119843196,0.0,0,"WM_Monitor Arm_High Selling_SD_VRM_7,14,30",FBA79617,HDWF1ML,White Mulberry,Monitor Arm,Monitor Arm,
2026-07-05,B0DP32F346,0.0,"VRM - 7,14, 30",0,455070604687127,0,0,FBA79617,492472119843196,0.0,0,"WM_Monitor Arm_High Selling_SD_VRM_7,14,30",FBA79617,HDWF1ML,White Mulberry,Monitor Arm,Monitor Arm,
2026-07-06,B0DP32F346,0.0,"VRM - 7,14, 30",0,455070604687127,0,0,FBA79617,492472119843196,0.0,0,"WM_Monitor Arm_High Selling_SD_VRM_7,14,30",FBA79617,HDWF1ML,White Mulberry,Monitor Arm,Monitor Arm,
2026-07-07,B0DP32F346,0.0,"VRM - 7,14, 30",0,455070604687127,0,0,FBA79617,492472119843196,0.0,0,"WM_Monitor Arm_High Selling_SD_VRM_7,14,30",FBA79617,HDWF1ML,White Mulberry,Monitor Arm,Monitor Arm,
2026-07-08,B0DP32F346,0.0,"VRM - 7,14, 30",0,455070604687127,0,0,FBA79617,492472119843196,0.0,0,"WM_Monitor Arm_High Selling_SD_VRM_7,14,30",FBA79617,HDWF1ML,White Mulberry,Monitor Arm,Monitor Arm,
2026-07-09,B0DP32F346,0.0,"VRM - 7,14, 30",0,455070604687127,0,0,FBA79617,492472119843196,0.0,0,"WM_Monitor Arm_High Selling_SD_VRM_7,14,30",FBA79617,HDWF1ML,White Mulberry,Monitor Arm,Monitor Arm,
2026-07-10,B0DP32F346,0.0,"VRM - 7,14, 30",0,455070604687127,0,0,FBA79617,492472119843196,0.0,0,"WM_Monitor Arm_High Selling_SD_VRM_7,14,30",FBA79617,HDWF1ML,White Mulberry,Monitor Arm,Monitor Arm,
2026-07-11,B0DP32F346,0.0,"VRM - 7,14, 30",0,455070604687127,0,0,FBA79617,492472119843196,0.0,0,"WM_Monitor Arm_High Selling_SD_VRM_7,14,30",FBA79617,HDWF1ML,White Mulberry,Monitor Arm,Monitor Arm,
2026-07-12,B0DP32F346,0.0,"VRM - 7,14, 30",0,455070604687127,0,0,FBA79617,492472119843196,0.0,0,"WM_Monitor Arm_High Selling_SD_VRM_7,14,30",FBA79617,HDWF1ML,White Mulberry,Monitor Arm,Monitor Arm,
2026-07-13,B0DP32F346,0.0,"VRM - 7,14, 30",0,455070604687127,0,0,FBA79617,492472119843196,0.0,0,"WM_Monitor Arm_High Selling_SD_VRM_7,14,30",FBA79617,HDWF1ML,White Mulberry,Monitor Arm,Monitor Arm,
2026-07-14,B0DP32F346,0.0,"VRM - 7,14, 30",0,455070604687127,0,0,FBA79617,492472119843196,0.0,0,"WM_Monitor Arm_High Selling_SD_VRM_7,14,30",FBA79617,HDWF1ML,White Mulberry,Monitor Arm,Monitor Arm,
2026-07-15,B0DP32F346,0.0,"VRM - 7,14, 30",0,455070604687127,0,0,FBA79617,492472119843196,0.0,0,"WM_Monitor Arm_High Selling_SD_VRM_7,14,30",FBA79617,HDWF1ML,White Mulberry,Monitor Arm,Monitor Arm,
2026-07-16,B0DP32F346,0.0,"VRM - 7,14, 30",0,455070604687127,0,0,FBA79617,492472119843196,0.0,0,"WM_Monitor Arm_High Selling_SD_VRM_7,14,30",FBA79617,HDWF1ML,White Mulberry,Monitor Arm,Monitor Arm,
2026-07-17,B0DP32F346,0.0,"VRM - 7,14, 30",0,455070604687127,0,0,FBA79617,492472119843196,0.0,0,"WM_Monitor Arm_High Selling_SD_VRM_7,14,30",FBA79617,HDWF1ML,White Mulberry,Monitor Arm,Monitor Arm,
2026-07-18,B0DP32F346,0.0,"VRM - 7,14, 30",0,455070604687127,0,0,FBA79617,492472119843196,0.0,0,"WM_Monitor Arm_High Selling_SD_VRM_7,14,30",FBA79617,HDWF1ML,White Mulberry,Monitor Arm,Monitor Arm,
2026-07-19,B0DP32F346,0.0,"VRM - 7,14, 30",0,455070604687127,0,0,FBA79617,492472119843196,0.0,0,"WM_Monitor Arm_High Selling_SD_VRM_7,14,30",FBA79617,HDWF1ML,White Mulberry,Monitor Arm,Monitor Arm,
2026-07-20,B0DP32F346,0.0,"VRM - 7,14, 30",0,455070604687127,0,0,FBA79617,492472119843196,0.0,0,"WM_Monitor Arm_High Selling_SD_VRM_7,14,30",FBA79617,HDWF1ML,White Mulberry,Monitor Arm,Monitor Arm,
2026-07-21,B0DP32F346,0.0,"VRM - 7,14, 30",0,455070604687127,0,0,FBA79617,492472119843196,0.0,0,"WM_Monitor Arm_High Selling_SD_VRM_7,14,30",FBA79617,HDWF1ML,White Mulberry,Monitor Arm,Monitor Arm,
2026-07-03,B0DB5VG39T,0.0,SD-PT,0,6370688842766,0,31,B0DB5VG39T,396162922612478,0.0,0,WM- Monitor Arms- B0DB5VG39T- SD - PT,FBA79476,WM-GS1M-BK,White Mulberry,Monitor Arm,Monitor Arm,
2026-07-04,B0DB5VG39T,0.0,SD-PT,0,6370688842766,0,101,B0DB5VG39T,396162922612478,0.0,0,WM- Monitor Arms- B0DB5VG39T- SD - PT,FBA79476,WM-GS1M-BK,White Mulberry,Monitor Arm,Monitor Arm,
2026-07-05,B0DB5VG39T,0.0,SD-PT,0,6370688842766,0,14,B0DB5VG39T,396162922612478,0.0,0,WM- Monitor Arms- B0DB5VG39T- SD - PT,FBA79476,WM-GS1M-BK,White Mulberry,Monitor Arm,Monitor Arm,
2026-07-06,B0DB5VG39T,0.0,SD-PT,0,6370688842766,0,17,B0DB5VG39T,396162922612478,0.0,0,WM- Monitor Arms- B0DB5VG39T- SD - PT,FBA79476,WM-GS1M-BK,White Mulberry,Monitor Arm,Monitor Arm,
2026-07-07,B0DB5VG39T,0.0,SD-PT,0,6370688842766,0,268,B0DB5VG39T,396162922612478,0.0,0,WM- Monitor Arms- B0DB5VG39T- SD - PT,FBA79476,WM-GS1M-BK,White Mulberry,Monitor Arm,Monitor Arm,
2026-07-08,B0DB5VG39T,14.99,SD-PT,0,6370688842766,0,354,B0DB5VG39T,396162922612478,0.0,1,WM- Monitor Arms- B0DB5VG39T- SD - PT,FBA79476,WM-GS1M-BK,White Mulberry,Monitor Arm,Monitor Arm,
2026-07-09,B0DB5VG39T,11.33,SD-PT,0,6370688842766,0,279,B0DB5VG39T,396162922612478,0.0,1,WM- Monitor Arms- B0DB5VG39T- SD - PT,FBA79476,WM-GS1M-BK,White Mulberry,Monitor Arm,Monitor Arm,
2026-07-10,B0DB5VG39T,23.09,SD-PT,0,6370688842766,0,433,B0DB5VG39T,396162922612478,0.0,3,WM- Monitor Arms- B0DB5VG39T- SD - PT,FBA79476,WM-GS1M-BK,White Mulberry,Monitor Arm,Monitor Arm,
2026-07-11,B0DB5VG39T,0.0,SD-PT,0,6370688842766,0,349,B0DB5VG39T,396162922612478,0.0,0,WM- Monitor Arms- B0DB5VG39T- SD - PT,FBA79476,WM-GS1M-BK,White Mulberry,Monitor Arm,Monitor Arm,
2026-07-12,B0DB5VG39T,0.0,SD-PT,0,6370688842766,0,643,B0DB5VG39T,396162922612478,0.0,0,WM- Monitor Arms- B0DB5VG39T- SD - PT,FBA79476,WM-GS1M-BK,White Mulberry,Monitor Arm,Monitor Arm,
2026-07-13,B0DB5VG39T,0.0,SD-PT,0,6370688842766,0,532,B0DB5VG39T,396162922612478,0.0,0,WM- Monitor Arms- B0DB5VG39T- SD - PT,FBA79476,WM-GS1M-BK,White Mulberry,Monitor Arm,Monitor Arm,
2026-07-14,B0DB5VG39T,23.84,SD-PT,0,6370688842766,0,376,B0DB5VG39T,396162922612478,0.0,1,WM- Monitor Arms- B0DB5VG39T- SD - PT,FBA79476,WM-GS1M-BK,White Mulberry,Monitor Arm,Monitor Arm,
2026-07-15,B0DB5VG39T,0.0,SD-PT,0,6370688842766,0,246,B0DB5VG39T,396162922612478,0.0,0,WM- Monitor Arms- B0DB5VG39T- SD - PT,FBA79476,WM-GS1M-BK,White Mulberry,Monitor Arm,Monitor Arm,
2026-07-16,B0DB5VG39T,22.98,SD-PT,0,6370688842766,0,302,B0DB5VG39T,396162922612478,0.0,1,WM- Monitor Arms- B0DB5VG39T- SD - PT,FBA79476,WM-GS1M-BK,White Mulberry,Monitor Arm,Monitor Arm,
2026-07-17,B0DB5VG39T,47.3,SD-PT,0,6370688842766,0,471,B0DB5VG39T,396162922612478,0.0,2,WM- Monitor Arms- B0DB5VG39T- SD - PT,FBA79476,WM-GS1M-BK,White Mulberry,Monitor Arm,Monitor Arm,
2026-07-18,B0DB5VG39T,0.0,SD-PT,0,6370688842766,0,198,B0DB5VG39T,396162922612478,0.0,0,WM- Monitor Arms- B0DB5VG39T- SD - PT,FBA79476,WM-GS1M-BK,White Mulberry,Monitor Arm,Monitor Arm,
2026-07-19,B0DB5VG39T,2.87,SD-PT,0,6370688842766,0,953,B0DB5VG39T,396162922612478,0.0,1,WM- Monitor Arms- B0DB5VG39T- SD - PT,FBA79476,WM-GS1M-BK,White Mulberry,Monitor Arm,Monitor Arm,
2026-07-20,B0DB5VG39T,2.76,SD-PT,0,6370688842766,0,229,B0DB5VG39T,396162922612478,0.0,1,WM- Monitor Arms- B0DB5VG39T- SD - PT,FBA79476,WM-GS1M-BK,White Mulberry,Monitor Arm,Monitor Arm,
2026-07-21,B0DB5VG39T,0.0,SD-PT,0,6370688842766,0,303,B0DB5VG39T,396162922612478,0.0,0,WM- Monitor Arms- B0DB5VG39T- SD - PT,FBA79476,WM-GS1M-BK,White Mulberry,Monitor Arm,Monitor Arm,
2026-07-03,B0DB5VVPSB,0.0,SD,0,215511359069840,0,8,FBA79477,299724793390694,0.0,0,WM- Monitor Arms- B0DB5VVPSB- SD - PT,FBA79477,WM-GS2M-BK,White Mulberry,Monitor Arm,Monitor Arm,
2026-07-04,B0DB5VVPSB,0.0,SD,0,215511359069840,0,29,FBA79477,299724793390694,0.0,0,WM- Monitor Arms- B0DB5VVPSB- SD - PT,FBA79477,WM-GS2M-BK,White Mulberry,Monitor Arm,Monitor Arm,
2026-07-05,B0DB5VVPSB,0.0,SD,0,215511359069840,0,8,FBA79477,299724793390694,0.0,0,WM- Monitor Arms- B0DB5VVPSB- SD - PT,FBA79477,WM-GS2M-BK,White Mulberry,Monitor Arm,Monitor Arm,
2026-07-06,B0DB5VVPSB,0.0,SD,0,215511359069840,0,10,FBA79477,299724793390694,0.0,0,WM- Monitor Arms- B0DB5VVPSB- SD - PT,FBA79477,WM-GS2M-BK,White Mulberry,Monitor Arm,Monitor Arm,
2026-07-07,B0DB5VVPSB,0.0,SD,0,215511359069840,0,162,FBA79477,299724793390694,0.0,0,WM- Monitor Arms- B0DB5VVPSB- SD - PT,FBA79477,WM-GS2M-BK,White Mulberry,Monitor Arm,Monitor Arm,
2026-07-08,B0DB5VVPSB,0.0,SD,0,215511359069840,0,180,FBA79477,299724793390694,0.0,0,WM- Monitor Arms- B0DB5VVPSB- SD - PT,FBA79477,WM-GS2M-BK,White Mulberry,Monitor Arm,Monitor Arm,
2026-07-09,B0DB5VVPSB,0.0,SD,0,215511359069840,0,203,FBA79477,299724793390694,0.0,0,WM- Monitor Arms- B0DB5VVPSB- SD - PT,FBA79477,WM-GS2M-BK,White Mulberry,Monitor Arm,Monitor Arm,
2026-07-10,B0DB5VVPSB,0.0,SD,0,215511359069840,0,257,FBA79477,299724793390694,0.0,0,WM- Monitor Arms- B0DB5VVPSB- SD - PT,FBA79477,WM-GS2M-BK,White Mulberry,Monitor Arm,Monitor Arm,
2026-07-11,B0DB5VVPSB,0.0,SD,0,215511359069840,0,139,FBA79477,299724793390694,0.0,0,WM- Monitor Arms- B0DB5VVPSB- SD - PT,FBA79477,WM-GS2M-BK,White Mulberry,Monitor Arm,Monitor Arm,
2026-07-12,B0DB5VVPSB,71.76,SD,0,215511359069840,0,278,FBA79477,299724793390694,0.0,3,WM- Monitor Arms- B0DB5VVPSB- SD - PT,FBA79477,WM-GS2M-BK,White Mulberry,Monitor Arm,Monitor Arm,
2026-07-13,B0DB5VVPSB,0.0,SD,0,215511359069840,0,154,FBA79477,299724793390694,0.0,0,WM- Monitor Arms- B0DB5VVPSB- SD - PT,FBA79477,WM-GS2M-BK,White Mulberry,Monitor Arm,Monitor Arm,
2026-07-14,B0DB5VVPSB,0.0,SD,0,215511359069840,0,82,FBA79477,299724793390694,0.0,0,WM- Monitor Arms- B0DB5VVPSB- SD - PT,FBA79477,WM-GS2M-BK,White Mulberry,Monitor Arm,Monitor Arm,
2026-07-15,B0DB5VVPSB,0.0,SD,0,215511359069840,0,70,FBA79477,299724793390694,0.0,0,WM- Monitor Arms- B0DB5VVPSB- SD - PT,FBA79477,WM-GS2M-BK,White Mulberry,Monitor Arm,Monitor Arm,
2026-07-16,B0DB5VVPSB,0.0,SD,0,215511359069840,0,111,FBA79477,299724793390694,0.0,0,WM- Monitor Arms- B0DB5VVPSB- SD - PT,FBA79477,WM-GS2M-BK,White Mulberry,Monitor Arm,Monitor Arm,
2026-07-17,B0DB5VVPSB,0.0,SD,0,215511359069840,0,78,FBA79477,299724793390694,0.0,0,WM- Monitor Arms- B0DB5VVPSB- SD - PT,FBA79477,WM-GS2M-BK,White Mulberry,Monitor Arm,Monitor Arm,
2026-07-18,B0DB5VVPSB,0.0,SD,0,215511359069840,0,47,FBA79477,299724793390694,0.0,0,WM- Monitor Arms- B0DB5VVPSB- SD - PT,FBA79477,WM-GS2M-BK,White Mulberry,Monitor Arm,Monitor Arm,
2026-07-19,B0DB5VVPSB,0.0,SD,0,215511359069840,0,51,FBA79477,299724793390694,0.0,0,WM- Monitor Arms- B0DB5VVPSB- SD - PT,FBA79477,WM-GS2M-BK,White Mulberry,Monitor Arm,Monitor Arm,
2026-07-20,B0DB5VVPSB,0.0,SD,0,215511359069840,0,51,FBA79477,299724793390694,0.0,0,WM- Monitor Arms- B0DB5VVPSB- SD - PT,FBA79477,WM-GS2M-BK,White Mulberry,Monitor Arm,Monitor Arm,
2026-07-21,B0DB5VVPSB,0.0,SD,0,215511359069840,0,40,FBA79477,299724793390694,0.0,0,WM- Monitor Arms- B0DB5VVPSB- SD - PT,FBA79477,WM-GS2M-BK,White Mulberry,Monitor Arm,Monitor Arm,
2026-07-03,B0DB5VG39T,2.46,Retargetting - SD,0,226921586347201,0,904,B0DB5VG39T,554010923094746,0.0,1,WM - Monitor Arms- Multi Asins - Retargetting - SD,FBA79476,WM-GS1M-BK,White Mulberry,Monitor Arm,Monitor Arm,
2026-07-04,B0DB5VG39T,60.59,Retargetting - SD,0,226921586347201,0,1029,B0DB5VG39T,554010923094746,0.0,6,WM - Monitor Arms- Multi Asins - Retargetting - SD,FBA79476,WM-GS1M-BK,White Mulberry,Monitor Arm,Monitor Arm,
2026-07-05,B0DB5VG39T,55.43,Retargetting - SD,0,226921586347201,0,1020,B0DB5VG39T,554010923094746,0.0,6,WM - Monitor Arms- Multi Asins - Retargetting - SD,FBA79476,WM-GS1M-BK,White Mulberry,Monitor Arm,Monitor Arm,
2026-07-06,B0DB5VG39T,78.78,Retargetting - SD,0,226921586347201,0,910,B0DB5VG39T,554010923094746,0.0,4,WM - Monitor Arms- Multi Asins - Retargetting - SD,FBA79476,WM-GS1M-BK,White Mulberry,Monitor Arm,Monitor Arm,
2026-07-07,B0DB5VG39T,65.88,Retargetting - SD,0,226921586347201,0,1048,B0DB5VG39T,554010923094746,0.0,5,WM - Monitor Arms- Multi Asins - Retargetting - SD,FBA79476,WM-GS1M-BK,White Mulberry,Monitor Arm,Monitor Arm,
2026-07-08,B0DB5VG39T,52.18,Retargetting - SD,0,226921586347201,0,1009,B0DB5VG39T,554010923094746,0.0,5,WM - Monitor Arms- Multi Asins - Retargetting - SD,FBA79476,WM-GS1M-BK,White Mulberry,Monitor Arm,Monitor Arm,
2026-07-09,B0DB5VG39T,0.0,Retargetting - SD,0,226921586347201,0,530,B0DB5VG39T,554010923094746,0.0,0,WM - Monitor Arms- Multi Asins - Retargetting - SD,FBA79476,WM-GS1M-BK,White Mulberry,Monitor Arm,Monitor Arm,
2026-07-10,B0DB5VG39T,3.62,Retargetting - SD,0,226921586347201,0,457,B0DB5VG39T,554010923094746,0.0,1,WM - Monitor Arms- Multi Asins - Retargetting - SD,FBA79476,WM-GS1M-BK,White Mulberry,Monitor Arm,Monitor Arm,
2026-07-11,B0DB5VG39T,9.67,Retargetting - SD,0,226921586347201,0,971,B0DB5VG39T,554010923094746,0.0,1,WM - Monitor Arms- Multi Asins - Retargetting - SD,FBA79476,WM-GS1M-BK,White Mulberry,Monitor Arm,Monitor Arm,
2026-07-12,B0DB5VG39T,0.0,Retargetting - SD,0,226921586347201,0,128,B0DB5VG39T,554010923094746,0.0,0,WM - Monitor Arms- Multi Asins - Retargetting - SD,FBA79476,WM-GS1M-BK,White Mulberry,Monitor Arm,Monitor Arm,
2026-07-13,B0DB5VG39T,0.0,Retargetting - SD,0,226921586347201,0,0,B0DB5VG39T,554010923094746,0.0,0,WM - Monitor Arms- Multi Asins - Retargetting - SD,FBA79476,WM-GS1M-BK,White Mulberry,Monitor Arm,Monitor Arm,
2026-07-14,B0DB5VG39T,0.0,Retargetting - SD,0,226921586347201,0,0,B0DB5VG39T,554010923094746,0.0,0,WM - Monitor Arms- Multi Asins - Retargetting - SD,FBA79476,WM-GS1M-BK,White Mulberry,Monitor Arm,Monitor Arm,
2026-07-15,B0DB5VG39T,0.0,Retargetting - SD,0,226921586347201,0,0,B0DB5VG39T,554010923094746,0.0,0,WM - Monitor Arms- Multi Asins - Retargetting - SD,FBA79476,WM-GS1M-BK,White Mulberry,Monitor Arm,Monitor Arm,
2026-07-16,B0DB5VG39T,0.0,Retargetting - SD,0,226921586347201,0,0,B0DB5VG39T,554010923094746,0.0,0,WM - Monitor Arms- Multi Asins - Retargetting - SD,FBA79476,WM-GS1M-BK,White Mulberry,Monitor Arm,Monitor Arm,
2026-07-17,B0DB5VG39T,0.0,Retargetting - SD,0,226921586347201,0,0,B0DB5VG39T,554010923094746,0.0,0,WM - Monitor Arms- Multi Asins - Retargetting - SD,FBA79476,WM-GS1M-BK,White Mulberry,Monitor Arm,Monitor Arm,
2026-07-18,B0DB5VG39T,0.0,Retargetting - SD,0,226921586347201,0,0,B0DB5VG39T,554010923094746,0.0,0,WM - Monitor Arms- Multi Asins - Retargetting - SD,FBA79476,WM-GS1M-BK,White Mulberry,Monitor Arm,Monitor Arm,
2026-07-19,B0DB5VG39T,0.0,Retargetting - SD,0,226921586347201,0,0,B0DB5VG39T,554010923094746,0.0,0,WM - Monitor Arms- Multi Asins - Retargetting - SD,FBA79476,WM-GS1M-BK,White Mulberry,Monitor Arm,Monitor Arm,
2026-07-20,B0DB5VG39T,0.0,Retargetting - SD,0,226921586347201,0,0,B0DB5VG39T,554010923094746,0.0,0,WM - Monitor Arms- Multi Asins - Retargetting - SD,FBA79476,WM-GS1M-BK,White Mulberry,Monitor Arm,Monitor Arm,
2026-07-21,B0DB5VG39T,0.0,Retargetting - SD,0,226921586347201,0,0,B0DB5VG39T,554010923094746,0.0,0,WM - Monitor Arms- Multi Asins - Retargetting - SD,FBA79476,WM-GS1M-BK,White Mulberry,Monitor Arm,Monitor Arm,
2026-07-03,B0DP32F346,81.85,Retargetting - SD,0,226921586347201,0,2203,B0DP32F346,554010923094746,0.0,8,WM - Monitor Arms- Multi Asins - Retargetting - SD,FBA79617,HDWF1ML,White Mulberry,Monitor Arm,Monitor Arm,
2026-07-04,B0DP32F346,79.73,Retargetting - SD,0,226921586347201,0,2127,B0DP32F346,554010923094746,0.0,5,WM - Monitor Arms- Multi Asins - Retargetting - SD,FBA79617,HDWF1ML,White Mulberry,Monitor Arm,Monitor Arm,
2026-07-05,B0DP32F346,142.73,Retargetting - SD,0,226921586347201,0,4155,B0DP32F346,554010923094746,0.0,12,WM - Monitor Arms- Multi Asins - Retargetting - SD,FBA79617,HDWF1ML,White Mulberry,Monitor Arm,Monitor Arm,
2026-07-06,B0DP32F346,116.47,Retargetting - SD,0,226921586347201,0,4133,B0DP32F346,554010923094746,0.0,14,WM - Monitor Arms- Multi Asins - Retargetting - SD,FBA79617,HDWF1ML,White Mulberry,Monitor Arm,Monitor Arm,
2026-07-07,B0DP32F346,119.15,Retargetting - SD,0,226921586347201,0,6646,B0DP32F346,554010923094746,0.0,19,WM - Monitor Arms- Multi Asins - Retargetting - SD,FBA79617,HDWF1ML,White Mulberry,Monitor Arm,Monitor Arm,
2026-07-08,B0DP32F346,69.21,Retargetting - SD,0,226921586347201,0,2718,B0DP32F346,554010923094746,0.0,8,WM - Monitor Arms- Multi Asins - Retargetting - SD,FBA79617,HDWF1ML,White Mulberry,Monitor Arm,Monitor Arm,
2026-07-09,B0DP32F346,68.21,Retargetting - SD,0,226921586347201,0,2813,B0DP32F346,554010923094746,0.0,10,WM - Monitor Arms- Multi Asins - Retargetting - SD,FBA79617,HDWF1ML,White Mulberry,Monitor Arm,Monitor Arm,
2026-07-10,B0DP32F346,17.39,Retargetting - SD,0,226921586347201,0,926,B0DP32F346,554010923094746,0.0,5,WM - Monitor Arms- Multi Asins - Retargetting - SD,FBA79617,HDWF1ML,White Mulberry,Monitor Arm,Monitor Arm,
2026-07-11,B0DP32F346,37.53,Retargetting - SD,0,226921586347201,0,4452,B0DP32F346,554010923094746,0.0,12,WM - Monitor Arms- Multi Asins - Retargetting - SD,FBA79617,HDWF1ML,White Mulberry,Monitor Arm,Monitor Arm,
2026-07-12,B0DP32F346,0.0,Retargetting - SD,0,226921586347201,0,210,B0DP32F346,554010923094746,0.0,0,WM - Monitor Arms- Multi Asins - Retargetting - SD,FBA79617,HDWF1ML,White Mulberry,Monitor Arm,Monitor Arm,
2026-07-13,B0DP32F346,0.0,Retargetting - SD,0,226921586347201,0,0,B0DP32F346,554010923094746,0.0,0,WM - Monitor Arms- Multi Asins - Retargetting - SD,FBA79617,HDWF1ML,White Mulberry,Monitor Arm,Monitor Arm,
2026-07-14,B0DP32F346,0.0,Retargetting - SD,0,226921586347201,0,0,B0DP32F346,554010923094746,0.0,0,WM - Monitor Arms- Multi Asins - Retargetting - SD,FBA79617,HDWF1ML,White Mulberry,Monitor Arm,Monitor Arm,
2026-07-15,B0DP32F346,0.0,Retargetting - SD,0,226921586347201,0,0,B0DP32F346,554010923094746,0.0,0,WM - Monitor Arms- Multi Asins - Retargetting - SD,FBA79617,HDWF1ML,White Mulberry,Monitor Arm,Monitor Arm,
2026-07-16,B0DP32F346,0.0,Retargetting - SD,0,226921586347201,0,0,B0DP32F346,554010923094746,0.0,0,WM - Monitor Arms- Multi Asins - Retargetting - SD,FBA79617,HDWF1ML,White Mulberry,Monitor Arm,Monitor Arm,
2026-07-17,B0DP32F346,0.0,Retargetting - SD,0,226921586347201,0,0,B0DP32F346,554010923094746,0.0,0,WM - Monitor Arms- Multi Asins - Retargetting - SD,FBA79617,HDWF1ML,White Mulberry,Monitor Arm,Monitor Arm,
2026-07-18,B0DP32F346,0.0,Retargetting - SD,0,226921586347201,0,0,B0DP32F346,554010923094746,0.0,0,WM - Monitor Arms- Multi Asins - Retargetting - SD,FBA79617,HDWF1ML,White Mulberry,Monitor Arm,Monitor Arm,
2026-07-19,B0DP32F346,0.0,Retargetting - SD,0,226921586347201,0,0,B0DP32F346,554010923094746,0.0,0,WM - Monitor Arms- Multi Asins - Retargetting - SD,FBA79617,HDWF1ML,White Mulberry,Monitor Arm,Monitor Arm,
2026-07-20,B0DP32F346,0.0,Retargetting - SD,0,226921586347201,0,0,B0DP32F346,554010923094746,0.0,0,WM - Monitor Arms- Multi Asins - Retargetting - SD,FBA79617,HDWF1ML,White Mulberry,Monitor Arm,Monitor Arm,
2026-07-21,B0DP32F346,0.0,Retargetting - SD,0,226921586347201,0,0,B0DP32F346,554010923094746,0.0,0,WM - Monitor Arms- Multi Asins - Retargetting - SD,FBA79617,HDWF1ML,White Mulberry,Monitor Arm,Monitor Arm,
2026-07-03,B0DB5YTQZV,22.49,Retargetting - SD,1,226921586347201,1,1794,B0DB5YTQZV,554010923094746,2965.25,6,WM - Monitor Arms- Multi Asins - Retargetting - SD,FBA79479,WM-HA2M-BK,White Mulberry,Monitor Arm,Monitor Arm,
2026-07-04,B0DB5YTQZV,15.35,Retargetting - SD,0,226921586347201,0,1536,B0DB5YTQZV,554010923094746,0.0,3,WM - Monitor Arms- Multi Asins - Retargetting - SD,FBA79479,WM-HA2M-BK,White Mulberry,Monitor Arm,Monitor Arm,
2026-07-05,B0DB5YTQZV,114.12,Retargetting - SD,0,226921586347201,0,3030,B0DB5YTQZV,554010923094746,0.0,14,WM - Monitor Arms- Multi Asins - Retargetting - SD,FBA79479,WM-HA2M-BK,White Mulberry,Monitor Arm,Monitor Arm,
2026-07-06,B0DB5YTQZV,73.22,Retargetting - SD,0,226921586347201,0,3081,B0DB5YTQZV,554010923094746,0.0,7,WM - Monitor Arms- Multi Asins - Retargetting - SD,FBA79479,WM-HA2M-BK,White Mulberry,Monitor Arm,Monitor Arm,
2026-07-07,B0DB5YTQZV,60.44,Retargetting - SD,0,226921586347201,0,4432,B0DB5YTQZV,554010923094746,0.0,13,WM - Monitor Arms- Multi Asins - Retargetting - SD,FBA79479,WM-HA2M-BK,White Mulberry,Monitor Arm,Monitor Arm,
2026-07-08,B0DB5YTQZV,118.58,Retargetting - SD,0,226921586347201,0,5756,B0DB5YTQZV,554010923094746,0.0,12,WM - Monitor Arms- Multi Asins - Retargetting - SD,FBA79479,WM-HA2M-BK,White Mulberry,Monitor Arm,Monitor Arm,
2026-07-09,B0DB5YTQZV,204.41,Retargetting - SD,0,226921586347201,0,5877,B0DB5YTQZV,554010923094746,0.0,18,WM - Monitor Arms- Multi Asins - Retargetting - SD,FBA79479,WM-HA2M-BK,White Mulberry,Monitor Arm,Monitor Arm,
2026-07-10,B0DB5YTQZV,245.12,Retargetting - SD,0,226921586347201,0,7500,B0DB5YTQZV,554010923094746,0.0,24,WM - Monitor Arms- Multi Asins - Retargetting - SD,FBA79479,WM-HA2M-BK,White Mulberry,Monitor Arm,Monitor Arm,
2026-07-11,B0DB5YTQZV,171.72,Retargetting - SD,0,226921586347201,0,7204,B0DB5YTQZV,554010923094746,0.0,30,WM - Monitor Arms- Multi Asins - Retargetting - SD,FBA79479,WM-HA2M-BK,White Mulberry,Monitor Arm,Monitor Arm,
2026-07-12,B0DB5YTQZV,8.41,Retargetting - SD,0,226921586347201,0,390,B0DB5YTQZV,554010923094746,0.0,1,WM - Monitor Arms- Multi Asins - Retargetting - SD,FBA79479,WM-HA2M-BK,White Mulberry,Monitor Arm,Monitor Arm,
2026-07-13,B0DB5YTQZV,0.0,Retargetting - SD,0,226921586347201,0,0,B0DB5YTQZV,554010923094746,0.0,0,WM - Monitor Arms- Multi Asins - Retargetting - SD,FBA79479,WM-HA2M-BK,White Mulberry,Monitor Arm,Monitor Arm,
2026-07-14,B0DB5YTQZV,0.0,Retargetting - SD,0,226921586347201,0,0,B0DB5YTQZV,554010923094746,0.0,0,WM - Monitor Arms- Multi Asins - Retargetting - SD,FBA79479,WM-HA2M-BK,White Mulberry,Monitor Arm,Monitor Arm,
2026-07-15,B0DB5YTQZV,0.0,Retargetting - SD,0,226921586347201,0,0,B0DB5YTQZV,554010923094746,0.0,0,WM - Monitor Arms- Multi Asins - Retargetting - SD,FBA79479,WM-HA2M-BK,White Mulberry,Monitor Arm,Monitor Arm,
2026-07-16,B0DB5YTQZV,0.0,Retargetting - SD,0,226921586347201,0,0,B0DB5YTQZV,554010923094746,0.0,0,WM - Monitor Arms- Multi Asins - Retargetting - SD,FBA79479,WM-HA2M-BK,White Mulberry,Monitor Arm,Monitor Arm,
2026-07-17,B0DB5YTQZV,0.0,Retargetting - SD,0,226921586347201,0,0,B0DB5YTQZV,554010923094746,0.0,0,WM - Monitor Arms- Multi Asins - Retargetting - SD,FBA79479,WM-HA2M-BK,White Mulberry,Monitor Arm,Monitor Arm,
2026-07-18,B0DB5YTQZV,0.0,Retargetting - SD,0,226921586347201,0,0,B0DB5YTQZV,554010923094746,0.0,0,WM - Monitor Arms- Multi Asins - Retargetting - SD,FBA79479,WM-HA2M-BK,White Mulberry,Monitor Arm,Monitor Arm,
2026-07-19,B0DB5YTQZV,0.0,Retargetting - SD,0,226921586347201,0,0,B0DB5YTQZV,554010923094746,0.0,0,WM - Monitor Arms- Multi Asins - Retargetting - SD,FBA79479,WM-HA2M-BK,White Mulberry,Monitor Arm,Monitor Arm,
2026-07-20,B0DB5YTQZV,0.0,Retargetting - SD,0,226921586347201,0,0,B0DB5YTQZV,554010923094746,0.0,0,WM - Monitor Arms- Multi Asins - Retargetting - SD,FBA79479,WM-HA2M-BK,White Mulberry,Monitor Arm,Monitor Arm,
2026-07-21,B0DB5YTQZV,0.0,Retargetting - SD,0,226921586347201,0,0,B0DB5YTQZV,554010923094746,0.0,0,WM - Monitor Arms- Multi Asins - Retargetting - SD,FBA79479,WM-HA2M-BK,White Mulberry,Monitor Arm,Monitor Arm,
2026-07-03,B0DB5VVPSB,0.0,Retargetting - SD,0,226921586347201,0,421,FBA79477,554010923094746,0.0,0,WM - Monitor Arms- Multi Asins - Retargetting - SD,FBA79477,WM-GS2M-BK,White Mulberry,Monitor Arm,Monitor Arm,
2026-07-04,B0DB5VVPSB,0.0,Retargetting - SD,0,226921586347201,0,241,FBA79477,554010923094746,0.0,0,WM - Monitor Arms- Multi Asins - Retargetting - SD,FBA79477,WM-GS2M-BK,White Mulberry,Monitor Arm,Monitor Arm,
2026-07-05,B0DB5VVPSB,13.25,Retargetting - SD,0,226921586347201,0,445,FBA79477,554010923094746,0.0,2,WM - Monitor Arms- Multi Asins - Retargetting - SD,FBA79477,WM-GS2M-BK,White Mulberry,Monitor Arm,Monitor Arm,
2026-07-06,B0DB5VVPSB,21.32,Retargetting - SD,1,226921586347201,1,471,FBA79477,554010923094746,2329.66,2,WM - Monitor Arms- Multi Asins - Retargetting - SD,FBA79477,WM-GS2M-BK,White Mulberry,Monitor Arm,Monitor Arm,
2026-07-07,B0DB5VVPSB,9.5,Retargetting - SD,0,226921586347201,0,795,FBA79477,554010923094746,0.0,3,WM - Monitor Arms- Multi Asins - Retargetting - SD,FBA79477,WM-GS2M-BK,White Mulberry,Monitor Arm,Monitor Arm,
2026-07-08,B0DB5VVPSB,0.0,Retargetting - SD,0,226921586347201,0,204,FBA79477,554010923094746,0.0,0,WM - Monitor Arms- Multi Asins - Retargetting - SD,FBA79477,WM-GS2M-BK,White Mulberry,Monitor Arm,Monitor Arm,
2026-07-09,B0DB5VVPSB,9.72,Retargetting - SD,0,226921586347201,0,279,FBA79477,554010923094746,0.0,1,WM - Monitor Arms- Multi Asins - Retargetting - SD,FBA79477,WM-GS2M-BK,White Mulberry,Monitor Arm,Monitor Arm,
2026-07-10,B0DB5VVPSB,4.71,Retargetting - SD,0,226921586347201,0,234,FBA79477,554010923094746,0.0,2,WM - Monitor Arms- Multi Asins - Retargetting - SD,FBA79477,WM-GS2M-BK,White Mulberry,Monitor Arm,Monitor Arm,
2026-07-11,B0DB5VVPSB,11.31,Retargetting - SD,0,226921586347201,0,1293,FBA79477,554010923094746,0.0,4,WM - Monitor Arms- Multi Asins - Retargetting - SD,FBA79477,WM-GS2M-BK,White Mulberry,Monitor Arm,Monitor Arm,
2026-07-12,B0DB5VVPSB,0.0,Retargetting - SD,0,226921586347201,0,74,FBA79477,554010923094746,0.0,0,WM - Monitor Arms- Multi Asins - Retargetting - SD,FBA79477,WM-GS2M-BK,White Mulberry,Monitor Arm,Monitor Arm,
2026-07-13,B0DB5VVPSB,0.0,Retargetting - SD,0,226921586347201,0,0,FBA79477,554010923094746,0.0,0,WM - Monitor Arms- Multi Asins - Retargetting - SD,FBA79477,WM-GS2M-BK,White Mulberry,Monitor Arm,Monitor Arm,
2026-07-14,B0DB5VVPSB,0.0,Retargetting - SD,0,226921586347201,0,0,FBA79477,554010923094746,0.0,0,WM - Monitor Arms- Multi Asins - Retargetting - SD,FBA79477,WM-GS2M-BK,White Mulberry,Monitor Arm,Monitor Arm,
2026-07-15,B0DB5VVPSB,0.0,Retargetting - SD,0,226921586347201,0,0,FBA79477,554010923094746,0.0,0,WM - Monitor Arms- Multi Asins - Retargetting - SD,FBA79477,WM-GS2M-BK,White Mulberry,Monitor Arm,Monitor Arm,
2026-07-16,B0DB5VVPSB,0.0,Retargetting - SD,0,226921586347201,0,0,FBA79477,554010923094746,0.0,0,WM - Monitor Arms- Multi Asins - Retargetting - SD,FBA79477,WM-GS2M-BK,White Mulberry,Monitor Arm,Monitor Arm,
2026-07-17,B0DB5VVPSB,0.0,Retargetting - SD,0,226921586347201,0,0,FBA79477,554010923094746,0.0,0,WM - Monitor Arms- Multi Asins - Retargetting - SD,FBA79477,WM-GS2M-BK,White Mulberry,Monitor Arm,Monitor Arm,
2026-07-18,B0DB5VVPSB,0.0,Retargetting - SD,0,226921586347201,0,0,FBA79477,554010923094746,0.0,0,WM - Monitor Arms- Multi Asins - Retargetting - SD,FBA79477,WM-GS2M-BK,White Mulberry,Monitor Arm,Monitor Arm,
2026-07-19,B0DB5VVPSB,0.0,Retargetting - SD,0,226921586347201,0,0,FBA79477,554010923094746,0.0,0,WM - Monitor Arms- Multi Asins - Retargetting - SD,FBA79477,WM-GS2M-BK,White Mulberry,Monitor Arm,Monitor Arm,
2026-07-20,B0DB5VVPSB,0.0,Retargetting - SD,0,226921586347201,0,0,FBA79477,554010923094746,0.0,0,WM - Monitor Arms- Multi Asins - Retargetting - SD,FBA79477,WM-GS2M-BK,White Mulberry,Monitor Arm,Monitor Arm,
2026-07-21,B0DB5VVPSB,0.0,Retargetting - SD,0,226921586347201,0,0,FBA79477,554010923094746,0.0,0,WM - Monitor Arms- Multi Asins - Retargetting - SD,FBA79477,WM-GS2M-BK,White Mulberry,Monitor Arm,Monitor Arm,
2026-07-03,B0DB5W4TCP,18.66,Retargetting - SD,0,226921586347201,0,484,B0DB5W4TCP,554010923094746,0.0,1,WM - Monitor Arms- Multi Asins - Retargetting - SD,FBA79478,WM-HA1M-BK,White Mulberry,Monitor Arm,Monitor Arm,
2026-07-04,B0DB5W4TCP,56.98,Retargetting - SD,0,226921586347201,0,504,B0DB5W4TCP,554010923094746,0.0,2,WM - Monitor Arms- Multi Asins - Retargetting - SD,FBA79478,WM-HA1M-BK,White Mulberry,Monitor Arm,Monitor Arm,
2026-07-05,B0DB5W4TCP,65.75,Retargetting - SD,0,226921586347201,0,1079,B0DB5W4TCP,554010923094746,0.0,4,WM - Monitor Arms- Multi Asins - Retargetting - SD,FBA79478,WM-HA1M-BK,White Mulberry,Monitor Arm,Monitor Arm,
2026-07-06,B0DB5W4TCP,16.35,Retargetting - SD,0,226921586347201,0,898,B0DB5W4TCP,554010923094746,0.0,2,WM - Monitor Arms- Multi Asins - Retargetting - SD,FBA79478,WM-HA1M-BK,White Mulberry,Monitor Arm,Monitor Arm,
2026-07-07,B0DB5W4TCP,48.24,Retargetting - SD,0,226921586347201,0,1229,B0DB5W4TCP,554010923094746,0.0,7,WM - Monitor Arms- Multi Asins - Retargetting - SD,FBA79478,WM-HA1M-BK,White Mulberry,Monitor Arm,Monitor Arm,
2026-07-08,B0DB5W4TCP,45.69,Retargetting - SD,0,226921586347201,0,1880,B0DB5W4TCP,554010923094746,0.0,8,WM - Monitor Arms- Multi Asins - Retargetting - SD,FBA79478,WM-HA1M-BK,White Mulberry,Monitor Arm,Monitor Arm,
2026-07-09,B0DB5W4TCP,24.36,Retargetting - SD,0,226921586347201,0,2913,B0DB5W4TCP,554010923094746,0.0,9,WM - Monitor Arms- Multi Asins - Retargetting - SD,FBA79478,WM-HA1M-BK,White Mulberry,Monitor Arm,Monitor Arm,
2026-07-10,B0DB5W4TCP,10.04,Retargetting - SD,0,226921586347201,0,760,B0DB5W4TCP,554010923094746,0.0,3,WM - Monitor Arms- Multi Asins - Retargetting - SD,FBA79478,WM-HA1M-BK,White Mulberry,Monitor Arm,Monitor Arm,
2026-07-11,B0DB5W4TCP,61.99,Retargetting - SD,0,226921586347201,0,4732,B0DB5W4TCP,554010923094746,0.0,24,WM - Monitor Arms- Multi Asins - Retargetting - SD,FBA79478,WM-HA1M-BK,White Mulberry,Monitor Arm,Monitor Arm,
2026-07-12,B0DB5W4TCP,0.0,Retargetting - SD,0,226921586347201,0,201,B0DB5W4TCP,554010923094746,0.0,0,WM - Monitor Arms- Multi Asins - Retargetting - SD,FBA79478,WM-HA1M-BK,White Mulberry,Monitor Arm,Monitor Arm,
2026-07-13,B0DB5W4TCP,0.0,Retargetting - SD,0,226921586347201,0,0,B0DB5W4TCP,554010923094746,0.0,0,WM - Monitor Arms- Multi Asins - Retargetting - SD,FBA79478,WM-HA1M-BK,White Mulberry,Monitor Arm,Monitor Arm,
2026-07-14,B0DB5W4TCP,0.0,Retargetting - SD,0,226921586347201,0,0,B0DB5W4TCP,554010923094746,0.0,0,WM - Monitor Arms- Multi Asins - Retargetting - SD,FBA79478,WM-HA1M-BK,White Mulberry,Monitor Arm,Monitor Arm,
2026-07-15,B0DB5W4TCP,0.0,Retargetting - SD,0,226921586347201,0,0,B0DB5W4TCP,554010923094746,0.0,0,WM - Monitor Arms- Multi Asins - Retargetting - SD,FBA79478,WM-HA1M-BK,White Mulberry,Monitor Arm,Monitor Arm,
2026-07-16,B0DB5W4TCP,0.0,Retargetting - SD,0,226921586347201,0,0,B0DB5W4TCP,554010923094746,0.0,0,WM - Monitor Arms- Multi Asins - Retargetting - SD,FBA79478,WM-HA1M-BK,White Mulberry,Monitor Arm,Monitor Arm,
2026-07-17,B0DB5W4TCP,0.0,Retargetting - SD,0,226921586347201,0,0,B0DB5W4TCP,554010923094746,0.0,0,WM - Monitor Arms- Multi Asins - Retargetting - SD,FBA79478,WM-HA1M-BK,White Mulberry,Monitor Arm,Monitor Arm,
2026-07-18,B0DB5W4TCP,0.0,Retargetting - SD,0,226921586347201,0,0,B0DB5W4TCP,554010923094746,0.0,0,WM - Monitor Arms- Multi Asins - Retargetting - SD,FBA79478,WM-HA1M-BK,White Mulberry,Monitor Arm,Monitor Arm,
2026-07-19,B0DB5W4TCP,0.0,Retargetting - SD,0,226921586347201,0,0,B0DB5W4TCP,554010923094746,0.0,0,WM - Monitor Arms- Multi Asins - Retargetting - SD,FBA79478,WM-HA1M-BK,White Mulberry,Monitor Arm,Monitor Arm,
2026-07-20,B0DB5W4TCP,0.0,Retargetting - SD,0,226921586347201,0,0,B0DB5W4TCP,554010923094746,0.0,0,WM - Monitor Arms- Multi Asins - Retargetting - SD,FBA79478,WM-HA1M-BK,White Mulberry,Monitor Arm,Monitor Arm,
2026-07-21,B0DB5W4TCP,0.0,Retargetting - SD,0,226921586347201,0,0,B0DB5W4TCP,554010923094746,0.0,0,WM - Monitor Arms- Multi Asins - Retargetting - SD,FBA79478,WM-HA1M-BK,White Mulberry,Monitor Arm,Monitor Arm,
2026-07-03,B0DP2VVRND,37.96,Retargetting - SD,0,226921586347201,0,1115,B0DP2VVRND,554010923094746,0.0,3,WM - Monitor Arms- Multi Asins - Retargetting - SD,FBA79613,MS1ML,White Mulberry,Monitor Arm,Monitor Arm,
2026-07-04,B0DP2VVRND,16.27,Retargetting - SD,0,226921586347201,0,1271,B0DP2VVRND,554010923094746,0.0,2,WM - Monitor Arms- Multi Asins - Retargetting - SD,FBA79613,MS1ML,White Mulberry,Monitor Arm,Monitor Arm,
2026-07-05,B0DP2VVRND,44.61,Retargetting - SD,0,226921586347201,0,3222,B0DP2VVRND,554010923094746,0.0,5,WM - Monitor Arms- Multi Asins - Retargetting - SD,FBA79613,MS1ML,White Mulberry,Monitor Arm,Monitor Arm,
2026-07-06,B0DP2VVRND,99.89,Retargetting - SD,0,226921586347201,0,2925,B0DP2VVRND,554010923094746,0.0,8,WM - Monitor Arms- Multi Asins - Retargetting - SD,FBA79613,MS1ML,White Mulberry,Monitor Arm,Monitor Arm,
2026-07-07,B0DP2VVRND,50.75,Retargetting - SD,0,226921586347201,0,3761,B0DP2VVRND,554010923094746,0.0,6,WM - Monitor Arms- Multi Asins - Retargetting - SD,FBA79613,MS1ML,White Mulberry,Monitor Arm,Monitor Arm,
2026-07-08,B0DP2VVRND,59.3,Retargetting - SD,0,226921586347201,0,1996,B0DP2VVRND,554010923094746,0.0,4,WM - Monitor Arms- Multi Asins - Retargetting - SD,FBA79613,MS1ML,White Mulberry,Monitor Arm,Monitor Arm,
2026-07-09,B0DP2VVRND,38.5,Retargetting - SD,0,226921586347201,0,3639,B0DP2VVRND,554010923094746,0.0,4,WM - Monitor Arms- Multi Asins - Retargetting - SD,FBA79613,MS1ML,White Mulberry,Monitor Arm,Monitor Arm,
2026-07-10,B0DP2VVRND,42.48,Retargetting - SD,0,226921586347201,0,1324,B0DP2VVRND,554010923094746,0.0,4,WM - Monitor Arms- Multi Asins - Retargetting - SD,FBA79613,MS1ML,White Mulberry,Monitor Arm,Monitor Arm,
2026-07-11,B0DP2VVRND,42.76,Retargetting - SD,0,226921586347201,0,3756,B0DP2VVRND,554010923094746,0.0,5,WM - Monitor Arms- Multi Asins - Retargetting - SD,FBA79613,MS1ML,White Mulberry,Monitor Arm,Monitor Arm,
2026-07-12,B0DP2VVRND,0.0,Retargetting - SD,0,226921586347201,0,237,B0DP2VVRND,554010923094746,0.0,0,WM - Monitor Arms- Multi Asins - Retargetting - SD,FBA79613,MS1ML,White Mulberry,Monitor Arm,Monitor Arm,
2026-07-13,B0DP2VVRND,0.0,Retargetting - SD,0,226921586347201,0,0,B0DP2VVRND,554010923094746,0.0,0,WM - Monitor Arms- Multi Asins - Retargetting - SD,FBA79613,MS1ML,White Mulberry,Monitor Arm,Monitor Arm,
2026-07-14,B0DP2VVRND,0.0,Retargetting - SD,0,226921586347201,0,0,B0DP2VVRND,554010923094746,0.0,0,WM - Monitor Arms- Multi Asins - Retargetting - SD,FBA79613,MS1ML,White Mulberry,Monitor Arm,Monitor Arm,
2026-07-15,B0DP2VVRND,0.0,Retargetting - SD,0,226921586347201,0,0,B0DP2VVRND,554010923094746,0.0,0,WM - Monitor Arms- Multi Asins - Retargetting - SD,FBA79613,MS1ML,White Mulberry,Monitor Arm,Monitor Arm,
2026-07-16,B0DP2VVRND,0.0,Retargetting - SD,0,226921586347201,0,0,B0DP2VVRND,554010923094746,0.0,0,WM - Monitor Arms- Multi Asins - Retargetting - SD,FBA79613,MS1ML,White Mulberry,Monitor Arm,Monitor Arm,
2026-07-17,B0DP2VVRND,0.0,Retargetting - SD,0,226921586347201,0,0,B0DP2VVRND,554010923094746,0.0,0,WM - Monitor Arms- Multi Asins - Retargetting - SD,FBA79613,MS1ML,White Mulberry,Monitor Arm,Monitor Arm,
2026-07-18,B0DP2VVRND,0.0,Retargetting - SD,0,226921586347201,0,0,B0DP2VVRND,554010923094746,0.0,0,WM - Monitor Arms- Multi Asins - Retargetting - SD,FBA79613,MS1ML,White Mulberry,Monitor Arm,Monitor Arm,
2026-07-19,B0DP2VVRND,0.0,Retargetting - SD,0,226921586347201,0,0,B0DP2VVRND,554010923094746,0.0,0,WM - Monitor Arms- Multi Asins - Retargetting - SD,FBA79613,MS1ML,White Mulberry,Monitor Arm,Monitor Arm,
2026-07-20,B0DP2VVRND,0.0,Retargetting - SD,0,226921586347201,0,0,B0DP2VVRND,554010923094746,0.0,0,WM - Monitor Arms- Multi Asins - Retargetting - SD,FBA79613,MS1ML,White Mulberry,Monitor Arm,Monitor Arm,
2026-07-21,B0DP2VVRND,0.0,Retargetting - SD,0,226921586347201,0,0,B0DP2VVRND,554010923094746,0.0,0,WM - Monitor Arms- Multi Asins - Retargetting - SD,FBA79613,MS1ML,White Mulberry,Monitor Arm,Monitor Arm,
2026-07-03,B0DP32F346,0.0,WM- Monitor Arms- B0DP32F346- SD - PT,0,17010864014132,0,49,B0DP32F346,353921463929686,0.0,0,WM- Monitor Arms- B0DP32F346- SD - PT,FBA79617,HDWF1ML,White Mulberry,Monitor Arm,Monitor Arm,
2026-07-04,B0DP32F346,0.0,WM- Monitor Arms- B0DP32F346- SD - PT,0,17010864014132,0,142,B0DP32F346,353921463929686,0.0,0,WM- Monitor Arms- B0DP32F346- SD - PT,FBA79617,HDWF1ML,White Mulberry,Monitor Arm,Monitor Arm,
2026-07-05,B0DP32F346,31.56,WM- Monitor Arms- B0DP32F346- SD - PT,0,17010864014132,0,119,B0DP32F346,353921463929686,0.0,1,WM- Monitor Arms- B0DP32F346- SD - PT,FBA79617,HDWF1ML,White Mulberry,Monitor Arm,Monitor Arm,
2026-07-06,B0DP32F346,0.0,WM- Monitor Arms- B0DP32F346- SD - PT,0,17010864014132,0,111,B0DP32F346,353921463929686,0.0,0,WM- Monitor Arms- B0DP32F346- SD - PT,FBA79617,HDWF1ML,White Mulberry,Monitor Arm,Monitor Arm,
2026-07-07,B0DP32F346,5.04,WM- Monitor Arms- B0DP32F346- SD - PT,0,17010864014132,0,803,B0DP32F346,353921463929686,0.0,1,WM- Monitor Arms- B0DP32F346- SD - PT,FBA79617,HDWF1ML,White Mulberry,Monitor Arm,Monitor Arm,
2026-07-08,B0DP32F346,33.32,WM- Monitor Arms- B0DP32F346- SD - PT,0,17010864014132,0,704,B0DP32F346,353921463929686,0.0,2,WM- Monitor Arms- B0DP32F346- SD - PT,FBA79617,HDWF1ML,White Mulberry,Monitor Arm,Monitor Arm,
2026-07-09,B0DP32F346,10.25,WM- Monitor Arms- B0DP32F346- SD - PT,0,17010864014132,0,873,B0DP32F346,353921463929686,0.0,1,WM- Monitor Arms- B0DP32F346- SD - PT,FBA79617,HDWF1ML,White Mulberry,Monitor Arm,Monitor Arm,
2026-07-10,B0DP32F346,19.58,WM- Monitor Arms- B0DP32F346- SD - PT,0,17010864014132,0,704,B0DP32F346,353921463929686,0.0,3,WM- Monitor Arms- B0DP32F346- SD - PT,FBA79617,HDWF1ML,White Mulberry,Monitor Arm,Monitor Arm,
2026-07-11,B0DP32F346,1.99,WM- Monitor Arms- B0DP32F346- SD - PT,0,17010864014132,0,585,B0DP32F346,353921463929686,0.0,1,WM- Monitor Arms- B0DP32F346- SD - PT,FBA79617,HDWF1ML,White Mulberry,Monitor Arm,Monitor Arm,
2026-07-12,B0DP32F346,86.24,WM- Monitor Arms- B0DP32F346- SD - PT,0,17010864014132,0,770,B0DP32F346,353921463929686,0.0,4,WM- Monitor Arms- B0DP32F346- SD - PT,FBA79617,HDWF1ML,White Mulberry,Monitor Arm,Monitor Arm,
2026-07-13,B0DP32F346,0.0,WM- Monitor Arms- B0DP32F346- SD - PT,0,17010864014132,0,420,B0DP32F346,353921463929686,0.0,0,WM- Monitor Arms- B0DP32F346- SD - PT,FBA79617,HDWF1ML,White Mulberry,Monitor Arm,Monitor Arm,
2026-07-14,B0DP32F346,0.0,WM- Monitor Arms- B0DP32F346- SD - PT,0,17010864014132,0,339,B0DP32F346,353921463929686,0.0,0,WM- Monitor Arms- B0DP32F346- SD - PT,FBA79617,HDWF1ML,White Mulberry,Monitor Arm,Monitor Arm,
2026-07-15,B0DP32F346,13.0,WM- Monitor Arms- B0DP32F346- SD - PT,0,17010864014132,0,378,B0DP32F346,353921463929686,0.0,2,WM- Monitor Arms- B0DP32F346- SD - PT,FBA79617,HDWF1ML,White Mulberry,Monitor Arm,Monitor Arm,
2026-07-16,B0DP32F346,0.0,WM- Monitor Arms- B0DP32F346- SD - PT,0,17010864014132,0,483,B0DP32F346,353921463929686,0.0,0,WM- Monitor Arms- B0DP32F346- SD - PT,FBA79617,HDWF1ML,White Mulberry,Monitor Arm,Monitor Arm,
2026-07-17,B0DP32F346,40.89,WM- Monitor Arms- B0DP32F346- SD - PT,0,17010864014132,0,390,B0DP32F346,353921463929686,0.0,2,WM- Monitor Arms- B0DP32F346- SD - PT,FBA79617,HDWF1ML,White Mulberry,Monitor Arm,Monitor Arm,
2026-07-18,B0DP32F346,0.0,WM- Monitor Arms- B0DP32F346- SD - PT,0,17010864014132,0,332,B0DP32F346,353921463929686,0.0,0,WM- Monitor Arms- B0DP32F346- SD - PT,FBA79617,HDWF1ML,White Mulberry,Monitor Arm,Monitor Arm,
2026-07-19,B0DP32F346,0.0,WM- Monitor Arms- B0DP32F346- SD - PT,0,17010864014132,0,311,B0DP32F346,353921463929686,0.0,0,WM- Monitor Arms- B0DP32F346- SD - PT,FBA79617,HDWF1ML,White Mulberry,Monitor Arm,Monitor Arm,
2026-07-20,B0DP32F346,0.0,WM- Monitor Arms- B0DP32F346- SD - PT,0,17010864014132,0,584,B0DP32F346,353921463929686,0.0,0,WM- Monitor Arms- B0DP32F346- SD - PT,FBA79617,HDWF1ML,White Mulberry,Monitor Arm,Monitor Arm,
2026-07-21,B0DP32F346,12.61,WM- Monitor Arms- B0DP32F346- SD - PT,0,17010864014132,0,450,B0DP32F346,353921463929686,0.0,2,WM- Monitor Arms- B0DP32F346- SD - PT,FBA79617,HDWF1ML,White Mulberry,Monitor Arm,Monitor Arm,
2026-07-03,B0DB5W4TCP,2.3,WM- Monitor Arms- B0DB5W4TCP- SD - PT,0,116553999538540,0,35,B0DB5W4TCP,409684670856662,0.0,1,WM- Monitor Arms- B0DB5W4TCP- SD - PT,FBA79478,WM-HA1M-BK,White Mulberry,Monitor Arm,Monitor Arm,
2026-07-04,B0DB5W4TCP,0.0,WM- Monitor Arms- B0DB5W4TCP- SD - PT,0,116553999538540,0,5,B0DB5W4TCP,409684670856662,0.0,0,WM- Monitor Arms- B0DB5W4TCP- SD - PT,FBA79478,WM-HA1M-BK,White Mulberry,Monitor Arm,Monitor Arm,
2026-07-05,B0DB5W4TCP,0.0,WM- Monitor Arms- B0DB5W4TCP- SD - PT,0,116553999538540,0,2,B0DB5W4TCP,409684670856662,0.0,0,WM- Monitor Arms- B0DB5W4TCP- SD - PT,FBA79478,WM-HA1M-BK,White Mulberry,Monitor Arm,Monitor Arm,
2026-07-06,B0DB5W4TCP,0.0,WM- Monitor Arms- B0DB5W4TCP- SD - PT,0,116553999538540,0,16,B0DB5W4TCP,409684670856662,0.0,0,WM- Monitor Arms- B0DB5W4TCP- SD - PT,FBA79478,WM-HA1M-BK,White Mulberry,Monitor Arm,Monitor Arm,
2026-07-07,B0DB5W4TCP,0.0,WM- Monitor Arms- B0DB5W4TCP- SD - PT,0,116553999538540,0,260,B0DB5W4TCP,409684670856662,0.0,0,WM- Monitor Arms- B0DB5W4TCP- SD - PT,FBA79478,WM-HA1M-BK,White Mulberry,Monitor Arm,Monitor Arm,
2026-07-08,B0DB5W4TCP,6.45,WM- Monitor Arms- B0DB5W4TCP- SD - PT,0,116553999538540,0,1081,B0DB5W4TCP,409684670856662,0.0,2,WM- Monitor Arms- B0DB5W4TCP- SD - PT,FBA79478,WM-HA1M-BK,White Mulberry,Monitor Arm,Monitor Arm,
2026-07-09,B0DB5W4TCP,11.47,WM- Monitor Arms- B0DB5W4TCP- SD - PT,0,116553999538540,0,1421,B0DB5W4TCP,409684670856662,0.0,3,WM- Monitor Arms- B0DB5W4TCP- SD - PT,FBA79478,WM-HA1M-BK,White Mulberry,Monitor Arm,Monitor Arm,
2026-07-10,B0DB5W4TCP,65.85,WM- Monitor Arms- B0DB5W4TCP- SD - PT,0,116553999538540,0,1040,B0DB5W4TCP,409684670856662,0.0,3,WM- Monitor Arms- B0DB5W4TCP- SD - PT,FBA79478,WM-HA1M-BK,White Mulberry,Monitor Arm,Monitor Arm,
2026-07-11,B0DB5W4TCP,14.24,WM- Monitor Arms- B0DB5W4TCP- SD - PT,0,116553999538540,0,1180,B0DB5W4TCP,409684670856662,0.0,4,WM- Monitor Arms- B0DB5W4TCP- SD - PT,FBA79478,WM-HA1M-BK,White Mulberry,Monitor Arm,Monitor Arm,
2026-07-12,B0DB5W4TCP,8.96,WM- Monitor Arms- B0DB5W4TCP- SD - PT,0,116553999538540,0,872,B0DB5W4TCP,409684670856662,0.0,2,WM- Monitor Arms- B0DB5W4TCP- SD - PT,FBA79478,WM-HA1M-BK,White Mulberry,Monitor Arm,Monitor Arm,
2026-07-13,B0DB5W4TCP,7.07,WM- Monitor Arms- B0DB5W4TCP- SD - PT,0,116553999538540,0,425,B0DB5W4TCP,409684670856662,0.0,1,WM- Monitor Arms- B0DB5W4TCP- SD - PT,FBA79478,WM-HA1M-BK,White Mulberry,Monitor Arm,Monitor Arm,
2026-07-14,B0DB5W4TCP,1.68,WM- Monitor Arms- B0DB5W4TCP- SD - PT,0,116553999538540,0,369,B0DB5W4TCP,409684670856662,0.0,1,WM- Monitor Arms- B0DB5W4TCP- SD - PT,FBA79478,WM-HA1M-BK,White Mulberry,Monitor Arm,Monitor Arm,
2026-07-15,B0DB5W4TCP,12.05,WM- Monitor Arms- B0DB5W4TCP- SD - PT,0,116553999538540,0,257,B0DB5W4TCP,409684670856662,0.0,2,WM- Monitor Arms- B0DB5W4TCP- SD - PT,FBA79478,WM-HA1M-BK,White Mulberry,Monitor Arm,Monitor Arm,
2026-07-16,B0DB5W4TCP,6.79,WM- Monitor Arms- B0DB5W4TCP- SD - PT,0,116553999538540,0,225,B0DB5W4TCP,409684670856662,0.0,1,WM- Monitor Arms- B0DB5W4TCP- SD - PT,FBA79478,WM-HA1M-BK,White Mulberry,Monitor Arm,Monitor Arm,
2026-07-17,B0DB5W4TCP,3.13,WM- Monitor Arms- B0DB5W4TCP- SD - PT,0,116553999538540,0,305,B0DB5W4TCP,409684670856662,0.0,1,WM- Monitor Arms- B0DB5W4TCP- SD - PT,FBA79478,WM-HA1M-BK,White Mulberry,Monitor Arm,Monitor Arm,
2026-07-18,B0DB5W4TCP,33.09,WM- Monitor Arms- B0DB5W4TCP- SD - PT,0,116553999538540,0,701,B0DB5W4TCP,409684670856662,0.0,2,WM- Monitor Arms- B0DB5W4TCP- SD - PT,FBA79478,WM-HA1M-BK,White Mulberry,Monitor Arm,Monitor Arm,
2026-07-19,B0DB5W4TCP,0.0,WM- Monitor Arms- B0DB5W4TCP- SD - PT,0,116553999538540,0,1578,B0DB5W4TCP,409684670856662,0.0,0,WM- Monitor Arms- B0DB5W4TCP- SD - PT,FBA79478,WM-HA1M-BK,White Mulberry,Monitor Arm,Monitor Arm,
2026-07-20,B0DB5W4TCP,0.0,WM- Monitor Arms- B0DB5W4TCP- SD - PT,0,116553999538540,0,1007,B0DB5W4TCP,409684670856662,0.0,0,WM- Monitor Arms- B0DB5W4TCP- SD - PT,FBA79478,WM-HA1M-BK,White Mulberry,Monitor Arm,Monitor Arm,
2026-07-21,B0DB5W4TCP,19.01,WM- Monitor Arms- B0DB5W4TCP- SD - PT,0,116553999538540,0,863,B0DB5W4TCP,409684670856662,0.0,1,WM- Monitor Arms- B0DB5W4TCP- SD - PT,FBA79478,WM-HA1M-BK,White Mulberry,Monitor Arm,Monitor Arm,
2026-07-03,B0DB5VG39T,0.0,SD - Defensive,0,165126150918439,0,1,B0DB5VG39T,293804738229361,0.0,0,WM- Monitor Arms- MultiAsin - SD - Defensive,FBA79476,WM-GS1M-BK,White Mulberry,Monitor Arm,Monitor Arm,
2026-07-04,B0DB5VG39T,0.0,SD - Defensive,0,165126150918439,0,5,B0DB5VG39T,293804738229361,0.0,0,WM- Monitor Arms- MultiAsin - SD - Defensive,FBA79476,WM-GS1M-BK,White Mulberry,Monitor Arm,Monitor Arm,
2026-07-05,B0DB5VG39T,0.0,SD - Defensive,0,165126150918439,0,0,B0DB5VG39T,293804738229361,0.0,0,WM- Monitor Arms- MultiAsin - SD - Defensive,FBA79476,WM-GS1M-BK,White Mulberry,Monitor Arm,Monitor Arm,
2026-07-06,B0DB5VG39T,0.0,SD - Defensive,0,165126150918439,0,0,B0DB5VG39T,293804738229361,0.0,0,WM- Monitor Arms- MultiAsin - SD - Defensive,FBA79476,WM-GS1M-BK,White Mulberry,Monitor Arm,Monitor Arm,
2026-07-07,B0DB5VG39T,0.0,SD - Defensive,0,165126150918439,0,9,B0DB5VG39T,293804738229361,0.0,0,WM- Monitor Arms- MultiAsin - SD - Defensive,FBA79476,WM-GS1M-BK,White Mulberry,Monitor Arm,Monitor Arm,
2026-07-08,B0DB5VG39T,0.0,SD - Defensive,0,165126150918439,0,13,B0DB5VG39T,293804738229361,0.0,0,WM- Monitor Arms- MultiAsin - SD - Defensive,FBA79476,WM-GS1M-BK,White Mulberry,Monitor Arm,Monitor Arm,
2026-07-09,B0DB5VG39T,0.0,SD - Defensive,0,165126150918439,0,18,B0DB5VG39T,293804738229361,0.0,0,WM- Monitor Arms- MultiAsin - SD - Defensive,FBA79476,WM-GS1M-BK,White Mulberry,Monitor Arm,Monitor Arm,
2026-07-10,B0DB5VG39T,0.0,SD - Defensive,0,165126150918439,0,3,B0DB5VG39T,293804738229361,0.0,0,WM- Monitor Arms- MultiAsin - SD - Defensive,FBA79476,WM-GS1M-BK,White Mulberry,Monitor Arm,Monitor Arm,
2026-07-11,B0DB5VG39T,0.0,SD - Defensive,0,165126150918439,0,1,B0DB5VG39T,293804738229361,0.0,0,WM- Monitor Arms- MultiAsin - SD - Defensive,FBA79476,WM-GS1M-BK,White Mulberry,Monitor Arm,Monitor Arm,
2026-07-12,B0DB5VG39T,0.0,SD - Defensive,0,165126150918439,0,25,B0DB5VG39T,293804738229361,0.0,0,WM- Monitor Arms- MultiAsin - SD - Defensive,FBA79476,WM-GS1M-BK,White Mulberry,Monitor Arm,Monitor Arm,
2026-07-13,B0DB5VG39T,0.0,SD - Defensive,0,165126150918439,0,13,B0DB5VG39T,293804738229361,0.0,0,WM- Monitor Arms- MultiAsin - SD - Defensive,FBA79476,WM-GS1M-BK,White Mulberry,Monitor Arm,Monitor Arm,
2026-07-14,B0DB5VG39T,0.0,SD - Defensive,0,165126150918439,0,6,B0DB5VG39T,293804738229361,0.0,0,WM- Monitor Arms- MultiAsin - SD - Defensive,FBA79476,WM-GS1M-BK,White Mulberry,Monitor Arm,Monitor Arm,
2026-07-15,B0DB5VG39T,0.0,SD - Defensive,0,165126150918439,0,1,B0DB5VG39T,293804738229361,0.0,0,WM- Monitor Arms- MultiAsin - SD - Defensive,FBA79476,WM-GS1M-BK,White Mulberry,Monitor Arm,Monitor Arm,
2026-07-16,B0DB5VG39T,0.0,SD - Defensive,0,165126150918439,0,19,B0DB5VG39T,293804738229361,0.0,0,WM- Monitor Arms- MultiAsin - SD - Defensive,FBA79476,WM-GS1M-BK,White Mulberry,Monitor Arm,Monitor Arm,
2026-07-17,B0DB5VG39T,0.0,SD - Defensive,0,165126150918439,0,51,B0DB5VG39T,293804738229361,0.0,0,WM- Monitor Arms- MultiAsin - SD - Defensive,FBA79476,WM-GS1M-BK,White Mulberry,Monitor Arm,Monitor Arm,
2026-07-18,B0DB5VG39T,0.0,SD - Defensive,0,165126150918439,0,20,B0DB5VG39T,293804738229361,0.0,0,WM- Monitor Arms- MultiAsin - SD - Defensive,FBA79476,WM-GS1M-BK,White Mulberry,Monitor Arm,Monitor Arm,
2026-07-19,B0DB5VG39T,0.0,SD - Defensive,0,165126150918439,0,76,B0DB5VG39T,293804738229361,0.0,0,WM- Monitor Arms- MultiAsin - SD - Defensive,FBA79476,WM-GS1M-BK,White Mulberry,Monitor Arm,Monitor Arm,
2026-07-20,B0DB5VG39T,0.0,SD - Defensive,0,165126150918439,0,21,B0DB5VG39T,293804738229361,0.0,0,WM- Monitor Arms- MultiAsin - SD - Defensive,FBA79476,WM-GS1M-BK,White Mulberry,Monitor Arm,Monitor Arm,
2026-07-21,B0DB5VG39T,0.0,SD - Defensive,0,165126150918439,0,45,B0DB5VG39T,293804738229361,0.0,0,WM- Monitor Arms- MultiAsin - SD - Defensive,FBA79476,WM-GS1M-BK,White Mulberry,Monitor Arm,Monitor Arm,
2026-07-03,B0DP32F346,0.0,SD - Defensive,0,165126150918439,0,15,B0DP32F346,293804738229361,0.0,0,WM- Monitor Arms- MultiAsin - SD - Defensive,FBA79617,HDWF1ML,White Mulberry,Monitor Arm,Monitor Arm,
2026-07-04,B0DP32F346,0.0,SD - Defensive,0,165126150918439,0,20,B0DP32F346,293804738229361,0.0,0,WM- Monitor Arms- MultiAsin - SD - Defensive,FBA79617,HDWF1ML,White Mulberry,Monitor Arm,Monitor Arm,
2026-07-05,B0DP32F346,0.0,SD - Defensive,0,165126150918439,0,26,B0DP32F346,293804738229361,0.0,0,WM- Monitor Arms- MultiAsin - SD - Defensive,FBA79617,HDWF1ML,White Mulberry,Monitor Arm,Monitor Arm,
2026-07-06,B0DP32F346,0.0,SD - Defensive,0,165126150918439,0,24,B0DP32F346,293804738229361,0.0,0,WM- Monitor Arms- MultiAsin - SD - Defensive,FBA79617,HDWF1ML,White Mulberry,Monitor Arm,Monitor Arm,
2026-07-07,B0DP32F346,16.06,SD - Defensive,0,165126150918439,0,80,B0DP32F346,293804738229361,0.0,1,WM- Monitor Arms- MultiAsin - SD - Defensive,FBA79617,HDWF1ML,White Mulberry,Monitor Arm,Monitor Arm,
2026-07-08,B0DP32F346,18.9,SD - Defensive,0,165126150918439,0,143,B0DP32F346,293804738229361,0.0,1,WM- Monitor Arms- MultiAsin - SD - Defensive,FBA79617,HDWF1ML,White Mulberry,Monitor Arm,Monitor Arm,
2026-07-09,B0DP32F346,0.0,SD - Defensive,0,165126150918439,0,70,B0DP32F346,293804738229361,0.0,0,WM- Monitor Arms- MultiAsin - SD - Defensive,FBA79617,HDWF1ML,White Mulberry,Monitor Arm,Monitor Arm,
2026-07-10,B0DP32F346,0.0,SD - Defensive,0,165126150918439,0,37,B0DP32F346,293804738229361,0.0,0,WM- Monitor Arms- MultiAsin - SD - Defensive,FBA79617,HDWF1ML,White Mulberry,Monitor Arm,Monitor Arm,
2026-07-11,B0DP32F346,0.0,SD - Defensive,0,165126150918439,0,67,B0DP32F346,293804738229361,0.0,0,WM- Monitor Arms- MultiAsin - SD - Defensive,FBA79617,HDWF1ML,White Mulberry,Monitor Arm,Monitor Arm,
2026-07-12,B0DP32F346,0.0,SD - Defensive,0,165126150918439,0,148,B0DP32F346,293804738229361,0.0,0,WM- Monitor Arms- MultiAsin - SD - Defensive,FBA79617,HDWF1ML,White Mulberry,Monitor Arm,Monitor Arm,
2026-07-13,B0DP32F346,0.0,SD - Defensive,0,165126150918439,0,74,B0DP32F346,293804738229361,0.0,0,WM- Monitor Arms- MultiAsin - SD - Defensive,FBA79617,HDWF1ML,White Mulberry,Monitor Arm,Monitor Arm,
2026-07-14,B0DP32F346,0.0,SD - Defensive,0,165126150918439,0,65,B0DP32F346,293804738229361,0.0,0,WM- Monitor Arms- MultiAsin - SD - Defensive,FBA79617,HDWF1ML,White Mulberry,Monitor Arm,Monitor Arm,
2026-07-15,B0DP32F346,0.0,SD - Defensive,0,165126150918439,0,53,B0DP32F346,293804738229361,0.0,0,WM- Monitor Arms- MultiAsin - SD - Defensive,FBA79617,HDWF1ML,White Mulberry,Monitor Arm,Monitor Arm,
2026-07-16,B0DP32F346,10.29,SD - Defensive,0,165126150918439,0,77,B0DP32F346,293804738229361,0.0,1,WM- Monitor Arms- MultiAsin - SD - Defensive,FBA79617,HDWF1ML,White Mulberry,Monitor Arm,Monitor Arm,
2026-07-17,B0DP32F346,0.0,SD - Defensive,0,165126150918439,0,31,B0DP32F346,293804738229361,0.0,0,WM- Monitor Arms- MultiAsin - SD - Defensive,FBA79617,HDWF1ML,White Mulberry,Monitor Arm,Monitor Arm,
2026-07-18,B0DP32F346,0.0,SD - Defensive,0,165126150918439,0,37,B0DP32F346,293804738229361,0.0,0,WM- Monitor Arms- MultiAsin - SD - Defensive,FBA79617,HDWF1ML,White Mulberry,Monitor Arm,Monitor Arm,
2026-07-19,B0DP32F346,0.0,SD - Defensive,0,165126150918439,0,3,B0DP32F346,293804738229361,0.0,0,WM- Monitor Arms- MultiAsin - SD - Defensive,FBA79617,HDWF1ML,White Mulberry,Monitor Arm,Monitor Arm,
2026-07-20,B0DP32F346,0.0,SD - Defensive,0,165126150918439,0,5,B0DP32F346,293804738229361,0.0,0,WM- Monitor Arms- MultiAsin - SD - Defensive,FBA79617,HDWF1ML,White Mulberry,Monitor Arm,Monitor Arm,
2026-07-21,B0DP32F346,0.0,SD - Defensive,0,165126150918439,0,15,B0DP32F346,293804738229361,0.0,0,WM- Monitor Arms- MultiAsin - SD - Defensive,FBA79617,HDWF1ML,White Mulberry,Monitor Arm,Monitor Arm,
2026-07-03,B0DB5YTQZV,0.0,SD - Defensive,0,165126150918439,0,1,B0DB5YTQZV,293804738229361,0.0,0,WM- Monitor Arms- MultiAsin - SD - Defensive,FBA79479,WM-HA2M-BK,White Mulberry,Monitor Arm,Monitor Arm,
2026-07-04,B0DB5YTQZV,0.0,SD - Defensive,0,165126150918439,0,9,B0DB5YTQZV,293804738229361,0.0,0,WM- Monitor Arms- MultiAsin - SD - Defensive,FBA79479,WM-HA2M-BK,White Mulberry,Monitor Arm,Monitor Arm,
2026-07-05,B0DB5YTQZV,0.0,SD - Defensive,0,165126150918439,0,3,B0DB5YTQZV,293804738229361,0.0,0,WM- Monitor Arms- MultiAsin - SD - Defensive,FBA79479,WM-HA2M-BK,White Mulberry,Monitor Arm,Monitor Arm,
2026-07-06,B0DB5YTQZV,0.0,SD - Defensive,0,165126150918439,0,3,B0DB5YTQZV,293804738229361,0.0,0,WM- Monitor Arms- MultiAsin - SD - Defensive,FBA79479,WM-HA2M-BK,White Mulberry,Monitor Arm,Monitor Arm,
2026-07-07,B0DB5YTQZV,0.0,SD - Defensive,0,165126150918439,0,113,B0DB5YTQZV,293804738229361,0.0,0,WM- Monitor Arms- MultiAsin - SD - Defensive,FBA79479,WM-HA2M-BK,White Mulberry,Monitor Arm,Monitor Arm,
2026-07-08,B0DB5YTQZV,0.0,SD - Defensive,0,165126150918439,0,146,B0DB5YTQZV,293804738229361,0.0,0,WM- Monitor Arms- MultiAsin - SD - Defensive,FBA79479,WM-HA2M-BK,White Mulberry,Monitor Arm,Monitor Arm,
2026-07-09,B0DB5YTQZV,0.0,SD - Defensive,0,165126150918439,0,264,B0DB5YTQZV,293804738229361,0.0,0,WM- Monitor Arms- MultiAsin - SD - Defensive,FBA79479,WM-HA2M-BK,White Mulberry,Monitor Arm,Monitor Arm,
2026-07-10,B0DB5YTQZV,43.0,SD - Defensive,0,165126150918439,0,372,B0DB5YTQZV,293804738229361,0.0,3,WM- Monitor Arms- MultiAsin - SD - Defensive,FBA79479,WM-HA2M-BK,White Mulberry,Monitor Arm,Monitor Arm,
2026-07-11,B0DB5YTQZV,8.11,SD - Defensive,0,165126150918439,0,211,B0DB5YTQZV,293804738229361,0.0,1,WM- Monitor Arms- MultiAsin - SD - Defensive,FBA79479,WM-HA2M-BK,White Mulberry,Monitor Arm,Monitor Arm,
2026-07-12,B0DB5YTQZV,0.0,SD - Defensive,0,165126150918439,0,246,B0DB5YTQZV,293804738229361,0.0,0,WM- Monitor Arms- MultiAsin - SD - Defensive,FBA79479,WM-HA2M-BK,White Mulberry,Monitor Arm,Monitor Arm,
2026-07-13,B0DB5YTQZV,22.88,SD - Defensive,0,165126150918439,0,238,B0DB5YTQZV,293804738229361,0.0,1,WM- Monitor Arms- MultiAsin - SD - Defensive,FBA79479,WM-HA2M-BK,White Mulberry,Monitor Arm,Monitor Arm,
2026-07-14,B0DB5YTQZV,3.66,SD - Defensive,0,165126150918439,0,187,B0DB5YTQZV,293804738229361,0.0,1,WM- Monitor Arms- MultiAsin - SD - Defensive,FBA79479,WM-HA2M-BK,White Mulberry,Monitor Arm,Monitor Arm,
2026-07-15,B0DB5YTQZV,20.16,SD - Defensive,0,165126150918439,0,186,B0DB5YTQZV,293804738229361,0.0,1,WM- Monitor Arms- MultiAsin - SD - Defensive,FBA79479,WM-HA2M-BK,White Mulberry,Monitor Arm,Monitor Arm,
2026-07-16,B0DB5YTQZV,0.0,SD - Defensive,0,165126150918439,0,228,B0DB5YTQZV,293804738229361,0.0,0,WM- Monitor Arms- MultiAsin - SD - Defensive,FBA79479,WM-HA2M-BK,White Mulberry,Monitor Arm,Monitor Arm,
2026-07-17,B0DB5YTQZV,5.49,SD - Defensive,0,165126150918439,0,187,B0DB5YTQZV,293804738229361,0.0,1,WM- Monitor Arms- MultiAsin - SD - Defensive,FBA79479,WM-HA2M-BK,White Mulberry,Monitor Arm,Monitor Arm,
2026-07-18,B0DB5YTQZV,0.0,SD - Defensive,0,165126150918439,0,123,B0DB5YTQZV,293804738229361,0.0,0,WM- Monitor Arms- MultiAsin - SD - Defensive,FBA79479,WM-HA2M-BK,White Mulberry,Monitor Arm,Monitor Arm,
2026-07-19,B0DB5YTQZV,0.0,SD - Defensive,0,165126150918439,0,108,B0DB5YTQZV,293804738229361,0.0,0,WM- Monitor Arms- MultiAsin - SD - Defensive,FBA79479,WM-HA2M-BK,White Mulberry,Monitor Arm,Monitor Arm,
2026-07-20,B0DB5YTQZV,0.0,SD - Defensive,0,165126150918439,0,105,B0DB5YTQZV,293804738229361,0.0,0,WM- Monitor Arms- MultiAsin - SD - Defensive,FBA79479,WM-HA2M-BK,White Mulberry,Monitor Arm,Monitor Arm,
2026-07-21,B0DB5YTQZV,0.0,SD - Defensive,0,165126150918439,0,159,B0DB5YTQZV,293804738229361,0.0,0,WM- Monitor Arms- MultiAsin - SD - Defensive,FBA79479,WM-HA2M-BK,White Mulberry,Monitor Arm,Monitor Arm,
2026-07-04,B0DB5VVPSB,0.0,SD - Defensive,0,165126150918439,0,3,FBA79477,293804738229361,0.0,0,WM- Monitor Arms- MultiAsin - SD - Defensive,FBA79477,WM-GS2M-BK,White Mulberry,Monitor Arm,Monitor Arm,
2026-07-05,B0DB5VVPSB,0.0,SD - Defensive,0,165126150918439,0,1,FBA79477,293804738229361,0.0,0,WM- Monitor Arms- MultiAsin - SD - Defensive,FBA79477,WM-GS2M-BK,White Mulberry,Monitor Arm,Monitor Arm,
2026-07-06,B0DB5VVPSB,0.0,SD - Defensive,0,165126150918439,0,0,FBA79477,293804738229361,0.0,0,WM- Monitor Arms- MultiAsin - SD - Defensive,FBA79477,WM-GS2M-BK,White Mulberry,Monitor Arm,Monitor Arm,
2026-07-07,B0DB5VVPSB,0.0,SD - Defensive,0,165126150918439,0,0,FBA79477,293804738229361,0.0,0,WM- Monitor Arms- MultiAsin - SD - Defensive,FBA79477,WM-GS2M-BK,White Mulberry,Monitor Arm,Monitor Arm,
2026-07-08,B0DB5VVPSB,0.0,SD - Defensive,0,165126150918439,0,0,FBA79477,293804738229361,0.0,0,WM- Monitor Arms- MultiAsin - SD - Defensive,FBA79477,WM-GS2M-BK,White Mulberry,Monitor Arm,Monitor Arm,
2026-07-09,B0DB5VVPSB,0.0,SD - Defensive,0,165126150918439,0,0,FBA79477,293804738229361,0.0,0,WM- Monitor Arms- MultiAsin - SD - Defensive,FBA79477,WM-GS2M-BK,White Mulberry,Monitor Arm,Monitor Arm,
2026-07-10,B0DB5VVPSB,0.0,SD - Defensive,0,165126150918439,0,0,FBA79477,293804738229361,0.0,0,WM- Monitor Arms- MultiAsin - SD - Defensive,FBA79477,WM-GS2M-BK,White Mulberry,Monitor Arm,Monitor Arm,
2026-07-11,B0DB5VVPSB,0.0,SD - Defensive,0,165126150918439,0,2,FBA79477,293804738229361,0.0,0,WM- Monitor Arms- MultiAsin - SD - Defensive,FBA79477,WM-GS2M-BK,White Mulberry,Monitor Arm,Monitor Arm,
2026-07-12,B0DB5VVPSB,0.0,SD - Defensive,0,165126150918439,0,3,FBA79477,293804738229361,0.0,0,WM- Monitor Arms- MultiAsin - SD - Defensive,FBA79477,WM-GS2M-BK,White Mulberry,Monitor Arm,Monitor Arm,
2026-07-13,B0DB5VVPSB,0.0,SD - Defensive,0,165126150918439,0,3,FBA79477,293804738229361,0.0,0,WM- Monitor Arms- MultiAsin - SD - Defensive,FBA79477,WM-GS2M-BK,White Mulberry,Monitor Arm,Monitor Arm,
2026-07-14,B0DB5VVPSB,0.0,SD - Defensive,0,165126150918439,0,2,FBA79477,293804738229361,0.0,0,WM- Monitor Arms- MultiAsin - SD - Defensive,FBA79477,WM-GS2M-BK,White Mulberry,Monitor Arm,Monitor Arm,
2026-07-15,B0DB5VVPSB,0.0,SD - Defensive,0,165126150918439,0,2,FBA79477,293804738229361,0.0,0,WM- Monitor Arms- MultiAsin - SD - Defensive,FBA79477,WM-GS2M-BK,White Mulberry,Monitor Arm,Monitor Arm,
2026-07-16,B0DB5VVPSB,0.0,SD - Defensive,0,165126150918439,0,3,FBA79477,293804738229361,0.0,0,WM- Monitor Arms- MultiAsin - SD - Defensive,FBA79477,WM-GS2M-BK,White Mulberry,Monitor Arm,Monitor Arm,
2026-07-17,B0DB5VVPSB,0.0,SD - Defensive,0,165126150918439,0,2,FBA79477,293804738229361,0.0,0,WM- Monitor Arms- MultiAsin - SD - Defensive,FBA79477,WM-GS2M-BK,White Mulberry,Monitor Arm,Monitor Arm,
2026-07-18,B0DB5VVPSB,0.0,SD - Defensive,0,165126150918439,0,2,FBA79477,293804738229361,0.0,0,WM- Monitor Arms- MultiAsin - SD - Defensive,FBA79477,WM-GS2M-BK,White Mulberry,Monitor Arm,Monitor Arm,
2026-07-19,B0DB5VVPSB,0.0,SD - Defensive,0,165126150918439,0,1,FBA79477,293804738229361,0.0,0,WM- Monitor Arms- MultiAsin - SD - Defensive,FBA79477,WM-GS2M-BK,White Mulberry,Monitor Arm,Monitor Arm,
2026-07-20,B0DB5VVPSB,0.0,SD - Defensive,0,165126150918439,0,1,FBA79477,293804738229361,0.0,0,WM- Monitor Arms- MultiAsin - SD - Defensive,FBA79477,WM-GS2M-BK,White Mulberry,Monitor Arm,Monitor Arm,
2026-07-21,B0DB5VVPSB,0.0,SD - Defensive,0,165126150918439,0,0,FBA79477,293804738229361,0.0,0,WM- Monitor Arms- MultiAsin - SD - Defensive,FBA79477,WM-GS2M-BK,White Mulberry,Monitor Arm,Monitor Arm,
2026-07-03,B0DB5W4TCP,0.0,SD - Defensive,0,165126150918439,0,4,B0DB5W4TCP,293804738229361,0.0,0,WM- Monitor Arms- MultiAsin - SD - Defensive,FBA79478,WM-HA1M-BK,White Mulberry,Monitor Arm,Monitor Arm,
2026-07-04,B0DB5W4TCP,0.0,SD - Defensive,0,165126150918439,0,8,B0DB5W4TCP,293804738229361,0.0,0,WM- Monitor Arms- MultiAsin - SD - Defensive,FBA79478,WM-HA1M-BK,White Mulberry,Monitor Arm,Monitor Arm,
2026-07-05,B0DB5W4TCP,0.0,SD - Defensive,0,165126150918439,0,14,B0DB5W4TCP,293804738229361,0.0,0,WM- Monitor Arms- MultiAsin - SD - Defensive,FBA79478,WM-HA1M-BK,White Mulberry,Monitor Arm,Monitor Arm,
2026-07-06,B0DB5W4TCP,0.0,SD - Defensive,0,165126150918439,0,12,B0DB5W4TCP,293804738229361,0.0,0,WM- Monitor Arms- MultiAsin - SD - Defensive,FBA79478,WM-HA1M-BK,White Mulberry,Monitor Arm,Monitor Arm,
2026-07-07,B0DB5W4TCP,0.0,SD - Defensive,0,165126150918439,0,18,B0DB5W4TCP,293804738229361,0.0,0,WM- Monitor Arms- MultiAsin - SD - Defensive,FBA79478,WM-HA1M-BK,White Mulberry,Monitor Arm,Monitor Arm,
2026-07-08,B0DB5W4TCP,0.0,SD - Defensive,0,165126150918439,0,7,B0DB5W4TCP,293804738229361,0.0,0,WM- Monitor Arms- MultiAsin - SD - Defensive,FBA79478,WM-HA1M-BK,White Mulberry,Monitor Arm,Monitor Arm,
2026-07-09,B0DB5W4TCP,0.0,SD - Defensive,0,165126150918439,0,36,B0DB5W4TCP,293804738229361,0.0,0,WM- Monitor Arms- MultiAsin - SD - Defensive,FBA79478,WM-HA1M-BK,White Mulberry,Monitor Arm,Monitor Arm,
2026-07-10,B0DB5W4TCP,9.09,SD - Defensive,0,165126150918439,0,27,B0DB5W4TCP,293804738229361,0.0,1,WM- Monitor Arms- MultiAsin - SD - Defensive,FBA79478,WM-HA1M-BK,White Mulberry,Monitor Arm,Monitor Arm,
2026-07-11,B0DB5W4TCP,0.0,SD - Defensive,0,165126150918439,0,36,B0DB5W4TCP,293804738229361,0.0,0,WM- Monitor Arms- MultiAsin - SD - Defensive,FBA79478,WM-HA1M-BK,White Mulberry,Monitor Arm,Monitor Arm,
2026-07-12,B0DB5W4TCP,0.0,SD - Defensive,0,165126150918439,0,34,B0DB5W4TCP,293804738229361,0.0,0,WM- Monitor Arms- MultiAsin - SD - Defensive,FBA79478,WM-HA1M-BK,White Mulberry,Monitor Arm,Monitor Arm,
2026-07-13,B0DB5W4TCP,0.0,SD - Defensive,0,165126150918439,0,36,B0DB5W4TCP,293804738229361,0.0,0,WM- Monitor Arms- MultiAsin - SD - Defensive,FBA79478,WM-HA1M-BK,White Mulberry,Monitor Arm,Monitor Arm,
2026-07-14,B0DB5W4TCP,0.0,SD - Defensive,0,165126150918439,0,16,B0DB5W4TCP,293804738229361,0.0,0,WM- Monitor Arms- MultiAsin - SD - Defensive,FBA79478,WM-HA1M-BK,White Mulberry,Monitor Arm,Monitor Arm,
2026-07-15,B0DB5W4TCP,0.0,SD - Defensive,0,165126150918439,0,10,B0DB5W4TCP,293804738229361,0.0,0,WM- Monitor Arms- MultiAsin - SD - Defensive,FBA79478,WM-HA1M-BK,White Mulberry,Monitor Arm,Monitor Arm,
2026-07-16,B0DB5W4TCP,0.0,SD - Defensive,0,165126150918439,0,18,B0DB5W4TCP,293804738229361,0.0,0,WM- Monitor Arms- MultiAsin - SD - Defensive,FBA79478,WM-HA1M-BK,White Mulberry,Monitor Arm,Monitor Arm,
2026-07-17,B0DB5W4TCP,0.0,SD - Defensive,0,165126150918439,0,33,B0DB5W4TCP,293804738229361,0.0,0,WM- Monitor Arms- MultiAsin - SD - Defensive,FBA79478,WM-HA1M-BK,White Mulberry,Monitor Arm,Monitor Arm,
2026-07-18,B0DB5W4TCP,0.0,SD - Defensive,0,165126150918439,0,35,B0DB5W4TCP,293804738229361,0.0,0,WM- Monitor Arms- MultiAsin - SD - Defensive,FBA79478,WM-HA1M-BK,White Mulberry,Monitor Arm,Monitor Arm,
2026-07-19,B0DB5W4TCP,0.0,SD - Defensive,0,165126150918439,0,115,B0DB5W4TCP,293804738229361,0.0,0,WM- Monitor Arms- MultiAsin - SD - Defensive,FBA79478,WM-HA1M-BK,White Mulberry,Monitor Arm,Monitor Arm,
2026-07-20,B0DB5W4TCP,0.0,SD - Defensive,0,165126150918439,0,159,B0DB5W4TCP,293804738229361,0.0,0,WM- Monitor Arms- MultiAsin - SD - Defensive,FBA79478,WM-HA1M-BK,White Mulberry,Monitor Arm,Monitor Arm,
2026-07-21,B0DB5W4TCP,12.56,SD - Defensive,0,165126150918439,0,139,B0DB5W4TCP,293804738229361,0.0,1,WM- Monitor Arms- MultiAsin - SD - Defensive,FBA79478,WM-HA1M-BK,White Mulberry,Monitor Arm,Monitor Arm,
2026-07-03,B0DP2VVRND,0.0,SD - Defensive,0,165126150918439,0,87,B0DP2VVRND,293804738229361,0.0,0,WM- Monitor Arms- MultiAsin - SD - Defensive,FBA79613,MS1ML,White Mulberry,Monitor Arm,Monitor Arm,
2026-07-04,B0DP2VVRND,0.0,SD - Defensive,0,165126150918439,0,73,B0DP2VVRND,293804738229361,0.0,0,WM- Monitor Arms- MultiAsin - SD - Defensive,FBA79613,MS1ML,White Mulberry,Monitor Arm,Monitor Arm,
2026-07-05,B0DP2VVRND,30.94,SD - Defensive,0,165126150918439,0,193,B0DP2VVRND,293804738229361,0.0,1,WM- Monitor Arms- MultiAsin - SD - Defensive,FBA79613,MS1ML,White Mulberry,Monitor Arm,Monitor Arm,
2026-07-06,B0DP2VVRND,0.0,SD - Defensive,0,165126150918439,0,191,B0DP2VVRND,293804738229361,0.0,0,WM- Monitor Arms- MultiAsin - SD - Defensive,FBA79613,MS1ML,White Mulberry,Monitor Arm,Monitor Arm,
2026-07-07,B0DP2VVRND,68.84,SD - Defensive,0,165126150918439,0,618,B0DP2VVRND,293804738229361,0.0,2,WM- Monitor Arms- MultiAsin - SD - Defensive,FBA79613,MS1ML,White Mulberry,Monitor Arm,Monitor Arm,
2026-07-08,B0DP2VVRND,0.0,SD - Defensive,0,165126150918439,0,577,B0DP2VVRND,293804738229361,0.0,0,WM- Monitor Arms- MultiAsin - SD - Defensive,FBA79613,MS1ML,White Mulberry,Monitor Arm,Monitor Arm,
2026-07-09,B0DP2VVRND,21.64,SD - Defensive,0,165126150918439,0,638,B0DP2VVRND,293804738229361,0.0,2,WM- Monitor Arms- MultiAsin - SD - Defensive,FBA79613,MS1ML,White Mulberry,Monitor Arm,Monitor Arm,
2026-07-10,B0DP2VVRND,30.64,SD - Defensive,1,165126150918439,1,772,B0DP2VVRND,293804738229361,2329.66,3,WM- Monitor Arms- MultiAsin - SD - Defensive,FBA79613,MS1ML,White Mulberry,Monitor Arm,Monitor Arm,
2026-07-11,B0DP2VVRND,0.0,SD - Defensive,0,165126150918439,0,561,B0DP2VVRND,293804738229361,0.0,0,WM- Monitor Arms- MultiAsin - SD - Defensive,FBA79613,MS1ML,White Mulberry,Monitor Arm,Monitor Arm,
2026-07-12,B0DP2VVRND,0.0,SD - Defensive,0,165126150918439,0,582,B0DP2VVRND,293804738229361,0.0,0,WM- Monitor Arms- MultiAsin - SD - Defensive,FBA79613,MS1ML,White Mulberry,Monitor Arm,Monitor Arm,
2026-07-13,B0DP2VVRND,0.0,SD - Defensive,0,165126150918439,0,270,B0DP2VVRND,293804738229361,0.0,0,WM- Monitor Arms- MultiAsin - SD - Defensive,FBA79613,MS1ML,White Mulberry,Monitor Arm,Monitor Arm,
2026-07-14,B0DP2VVRND,43.86,SD - Defensive,0,165126150918439,0,400,B0DP2VVRND,293804738229361,0.0,1,WM- Monitor Arms- MultiAsin - SD - Defensive,FBA79613,MS1ML,White Mulberry,Monitor Arm,Monitor Arm,
2026-07-15,B0DP2VVRND,13.2,SD - Defensive,0,165126150918439,0,293,B0DP2VVRND,293804738229361,0.0,1,WM- Monitor Arms- MultiAsin - SD - Defensive,FBA79613,MS1ML,White Mulberry,Monitor Arm,Monitor Arm,
2026-07-16,B0DP2VVRND,0.0,SD - Defensive,0,165126150918439,0,366,B0DP2VVRND,293804738229361,0.0,0,WM- Monitor Arms- MultiAsin - SD - Defensive,FBA79613,MS1ML,White Mulberry,Monitor Arm,Monitor Arm,
2026-07-17,B0DP2VVRND,0.0,SD - Defensive,0,165126150918439,0,419,B0DP2VVRND,293804738229361,0.0,0,WM- Monitor Arms- MultiAsin - SD - Defensive,FBA79613,MS1ML,White Mulberry,Monitor Arm,Monitor Arm,
2026-07-18,B0DP2VVRND,29.05,SD - Defensive,0,165126150918439,0,271,B0DP2VVRND,293804738229361,0.0,1,WM- Monitor Arms- MultiAsin - SD - Defensive,FBA79613,MS1ML,White Mulberry,Monitor Arm,Monitor Arm,
2026-07-19,B0DP2VVRND,28.04,SD - Defensive,0,165126150918439,0,469,B0DP2VVRND,293804738229361,0.0,1,WM- Monitor Arms- MultiAsin - SD - Defensive,FBA79613,MS1ML,White Mulberry,Monitor Arm,Monitor Arm,
2026-07-20,B0DP2VVRND,0.0,SD - Defensive,0,165126150918439,0,324,B0DP2VVRND,293804738229361,0.0,0,WM- Monitor Arms- MultiAsin - SD - Defensive,FBA79613,MS1ML,White Mulberry,Monitor Arm,Monitor Arm,
2026-07-21,B0DP2VVRND,0.0,SD - Defensive,0,165126150918439,0,410,B0DP2VVRND,293804738229361,0.0,0,WM- Monitor Arms- MultiAsin - SD - Defensive,FBA79613,MS1ML,White Mulberry,Monitor Arm,Monitor Arm,
2026-07-03,B0DP2VVRND,0.0,WM- Monitor Arms- B0DP2VVRND- SD - PT,0,267155223208308,0,17,B0DP2VVRND,319512971642435,0.0,0,WM- Monitor Arms- B0DP2VVRND- SD - PT,FBA79613,MS1ML,White Mulberry,Monitor Arm,Monitor Arm,
2026-07-04,B0DP2VVRND,0.0,WM- Monitor Arms- B0DP2VVRND- SD - PT,0,267155223208308,0,19,B0DP2VVRND,319512971642435,0.0,0,WM- Monitor Arms- B0DP2VVRND- SD - PT,FBA79613,MS1ML,White Mulberry,Monitor Arm,Monitor Arm,
2026-07-05,B0DP2VVRND,0.0,WM- Monitor Arms- B0DP2VVRND- SD - PT,0,267155223208308,0,12,B0DP2VVRND,319512971642435,0.0,0,WM- Monitor Arms- B0DP2VVRND- SD - PT,FBA79613,MS1ML,White Mulberry,Monitor Arm,Monitor Arm,
2026-07-06,B0DP2VVRND,0.0,WM- Monitor Arms- B0DP2VVRND- SD - PT,0,267155223208308,0,13,B0DP2VVRND,319512971642435,0.0,0,WM- Monitor Arms- B0DP2VVRND- SD - PT,FBA79613,MS1ML,White Mulberry,Monitor Arm,Monitor Arm,
2026-07-07,B0DP2VVRND,8.5,WM- Monitor Arms- B0DP2VVRND- SD - PT,0,267155223208308,0,747,B0DP2VVRND,319512971642435,0.0,2,WM- Monitor Arms- B0DP2VVRND- SD - PT,FBA79613,MS1ML,White Mulberry,Monitor Arm,Monitor Arm,
2026-07-08,B0DP2VVRND,14.59,WM- Monitor Arms- B0DP2VVRND- SD - PT,0,267155223208308,0,502,B0DP2VVRND,319512971642435,0.0,1,WM- Monitor Arms- B0DP2VVRND- SD - PT,FBA79613,MS1ML,White Mulberry,Monitor Arm,Monitor Arm,
2026-07-09,B0DP2VVRND,0.0,WM- Monitor Arms- B0DP2VVRND- SD - PT,0,267155223208308,0,523,B0DP2VVRND,319512971642435,0.0,0,WM- Monitor Arms- B0DP2VVRND- SD - PT,FBA79613,MS1ML,White Mulberry,Monitor Arm,Monitor Arm,
2026-07-10,B0DP2VVRND,5.23,WM- Monitor Arms- B0DP2VVRND- SD - PT,0,267155223208308,0,913,B0DP2VVRND,319512971642435,0.0,1,WM- Monitor Arms- B0DP2VVRND- SD - PT,FBA79613,MS1ML,White Mulberry,Monitor Arm,Monitor Arm,
2026-07-11,B0DP2VVRND,10.94,WM- Monitor Arms- B0DP2VVRND- SD - PT,0,267155223208308,0,406,B0DP2VVRND,319512971642435,0.0,1,WM- Monitor Arms- B0DP2VVRND- SD - PT,FBA79613,MS1ML,White Mulberry,Monitor Arm,Monitor Arm,
2026-07-12,B0DP2VVRND,16.11,WM- Monitor Arms- B0DP2VVRND- SD - PT,0,267155223208308,0,731,B0DP2VVRND,319512971642435,0.0,1,WM- Monitor Arms- B0DP2VVRND- SD - PT,FBA79613,MS1ML,White Mulberry,Monitor Arm,Monitor Arm,
2026-07-13,B0DP2VVRND,0.0,WM- Monitor Arms- B0DP2VVRND- SD - PT,0,267155223208308,0,324,B0DP2VVRND,319512971642435,0.0,0,WM- Monitor Arms- B0DP2VVRND- SD - PT,FBA79613,MS1ML,White Mulberry,Monitor Arm,Monitor Arm,
2026-07-14,B0DP2VVRND,0.0,WM- Monitor Arms- B0DP2VVRND- SD - PT,0,267155223208308,0,420,B0DP2VVRND,319512971642435,0.0,0,WM- Monitor Arms- B0DP2VVRND- SD - PT,FBA79613,MS1ML,White Mulberry,Monitor Arm,Monitor Arm,
2026-07-15,B0DP2VVRND,0.0,WM- Monitor Arms- B0DP2VVRND- SD - PT,0,267155223208308,0,333,B0DP2VVRND,319512971642435,0.0,0,WM- Monitor Arms- B0DP2VVRND- SD - PT,FBA79613,MS1ML,White Mulberry,Monitor Arm,Monitor Arm,
2026-07-16,B0DP2VVRND,0.0,WM- Monitor Arms- B0DP2VVRND- SD - PT,0,267155223208308,0,348,B0DP2VVRND,319512971642435,0.0,0,WM- Monitor Arms- B0DP2VVRND- SD - PT,FBA79613,MS1ML,White Mulberry,Monitor Arm,Monitor Arm,
2026-07-17,B0DP2VVRND,0.0,WM- Monitor Arms- B0DP2VVRND- SD - PT,0,267155223208308,0,455,B0DP2VVRND,319512971642435,0.0,0,WM- Monitor Arms- B0DP2VVRND- SD - PT,FBA79613,MS1ML,White Mulberry,Monitor Arm,Monitor Arm,
2026-07-18,B0DP2VVRND,0.0,WM- Monitor Arms- B0DP2VVRND- SD - PT,0,267155223208308,0,463,B0DP2VVRND,319512971642435,0.0,0,WM- Monitor Arms- B0DP2VVRND- SD - PT,FBA79613,MS1ML,White Mulberry,Monitor Arm,Monitor Arm,
2026-07-19,B0DP2VVRND,5.36,WM- Monitor Arms- B0DP2VVRND- SD - PT,0,267155223208308,0,411,B0DP2VVRND,319512971642435,0.0,1,WM- Monitor Arms- B0DP2VVRND- SD - PT,FBA79613,MS1ML,White Mulberry,Monitor Arm,Monitor Arm,
2026-07-20,B0DP2VVRND,0.0,WM- Monitor Arms- B0DP2VVRND- SD - PT,0,267155223208308,0,111,B0DP2VVRND,319512971642435,0.0,0,WM- Monitor Arms- B0DP2VVRND- SD - PT,FBA79613,MS1ML,White Mulberry,Monitor Arm,Monitor Arm,
2026-07-21,B0DP2VVRND,0.0,WM- Monitor Arms- B0DP2VVRND- SD - PT,0,267155223208308,0,76,B0DP2VVRND,319512971642435,0.0,0,WM- Monitor Arms- B0DP2VVRND- SD - PT,FBA79613,MS1ML,White Mulberry,Monitor Arm,Monitor Arm,
2026-07-03,B0DB5YTQZV,0.0,WM- Monitor Arms- B0DB5YTQZV- SD - PT,0,73410064682349,0,54,B0DB5YTQZV,294868896407908,0.0,0,WM- Monitor Arms- B0DB5YTQZV- SD - PT,FBA79479,WM-HA2M-BK,White Mulberry,Monitor Arm,Monitor Arm,
2026-07-04,B0DB5YTQZV,0.0,WM- Monitor Arms- B0DB5YTQZV- SD - PT,0,73410064682349,0,23,B0DB5YTQZV,294868896407908,0.0,0,WM- Monitor Arms- B0DB5YTQZV- SD - PT,FBA79479,WM-HA2M-BK,White Mulberry,Monitor Arm,Monitor Arm,
2026-07-05,B0DB5YTQZV,0.0,WM- Monitor Arms- B0DB5YTQZV- SD - PT,0,73410064682349,0,31,B0DB5YTQZV,294868896407908,0.0,0,WM- Monitor Arms- B0DB5YTQZV- SD - PT,FBA79479,WM-HA2M-BK,White Mulberry,Monitor Arm,Monitor Arm,
2026-07-06,B0DB5YTQZV,0.0,WM- Monitor Arms- B0DB5YTQZV- SD - PT,0,73410064682349,0,35,B0DB5YTQZV,294868896407908,0.0,0,WM- Monitor Arms- B0DB5YTQZV- SD - PT,FBA79479,WM-HA2M-BK,White Mulberry,Monitor Arm,Monitor Arm,
2026-07-07,B0DB5YTQZV,41.87,WM- Monitor Arms- B0DB5YTQZV- SD - PT,0,73410064682349,0,987,B0DB5YTQZV,294868896407908,0.0,3,WM- Monitor Arms- B0DB5YTQZV- SD - PT,FBA79479,WM-HA2M-BK,White Mulberry,Monitor Arm,Monitor Arm,
2026-07-08,B0DB5YTQZV,48.73,WM- Monitor Arms- B0DB5YTQZV- SD - PT,0,73410064682349,0,952,B0DB5YTQZV,294868896407908,0.0,3,WM- Monitor Arms- B0DB5YTQZV- SD - PT,FBA79479,WM-HA2M-BK,White Mulberry,Monitor Arm,Monitor Arm,
2026-07-09,B0DB5YTQZV,33.05,WM- Monitor Arms- B0DB5YTQZV- SD - PT,0,73410064682349,0,1340,B0DB5YTQZV,294868896407908,0.0,5,WM- Monitor Arms- B0DB5YTQZV- SD - PT,FBA79479,WM-HA2M-BK,White Mulberry,Monitor Arm,Monitor Arm,
2026-07-10,B0DB5YTQZV,23.34,WM- Monitor Arms- B0DB5YTQZV- SD - PT,0,73410064682349,0,1544,B0DB5YTQZV,294868896407908,0.0,4,WM- Monitor Arms- B0DB5YTQZV- SD - PT,FBA79479,WM-HA2M-BK,White Mulberry,Monitor Arm,Monitor Arm,
2026-07-11,B0DB5YTQZV,11.37,WM- Monitor Arms- B0DB5YTQZV- SD - PT,0,73410064682349,0,1363,B0DB5YTQZV,294868896407908,0.0,2,WM- Monitor Arms- B0DB5YTQZV- SD - PT,FBA79479,WM-HA2M-BK,White Mulberry,Monitor Arm,Monitor Arm,
2026-07-12,B0DB5YTQZV,51.67,WM- Monitor Arms- B0DB5YTQZV- SD - PT,0,73410064682349,0,1812,B0DB5YTQZV,294868896407908,0.0,4,WM- Monitor Arms- B0DB5YTQZV- SD - PT,FBA79479,WM-HA2M-BK,White Mulberry,Monitor Arm,Monitor Arm,
2026-07-13,B0DB5YTQZV,48.82,WM- Monitor Arms- B0DB5YTQZV- SD - PT,0,73410064682349,0,1239,B0DB5YTQZV,294868896407908,0.0,2,WM- Monitor Arms- B0DB5YTQZV- SD - PT,FBA79479,WM-HA2M-BK,White Mulberry,Monitor Arm,Monitor Arm,
2026-07-14,B0DB5YTQZV,0.0,WM- Monitor Arms- B0DB5YTQZV- SD - PT,0,73410064682349,0,1625,B0DB5YTQZV,294868896407908,0.0,0,WM- Monitor Arms- B0DB5YTQZV- SD - PT,FBA79479,WM-HA2M-BK,White Mulberry,Monitor Arm,Monitor Arm,
2026-07-15,B0DB5YTQZV,2.29,WM- Monitor Arms- B0DB5YTQZV- SD - PT,0,73410064682349,0,1075,B0DB5YTQZV,294868896407908,0.0,1,WM- Monitor Arms- B0DB5YTQZV- SD - PT,FBA79479,WM-HA2M-BK,White Mulberry,Monitor Arm,Monitor Arm,
2026-07-16,B0DB5YTQZV,58.44,WM- Monitor Arms- B0DB5YTQZV- SD - PT,1,73410064682349,1,1043,B0DB5YTQZV,294868896407908,3727.97,2,WM- Monitor Arms- B0DB5YTQZV- SD - PT,FBA79479,WM-HA2M-BK,White Mulberry,Monitor Arm,Monitor Arm,
2026-07-17,B0DB5YTQZV,0.0,WM- Monitor Arms- B0DB5YTQZV- SD - PT,0,73410064682349,0,994,B0DB5YTQZV,294868896407908,0.0,0,WM- Monitor Arms- B0DB5YTQZV- SD - PT,FBA79479,WM-HA2M-BK,White Mulberry,Monitor Arm,Monitor Arm,
2026-07-18,B0DB5YTQZV,22.31,WM- Monitor Arms- B0DB5YTQZV- SD - PT,0,73410064682349,0,1226,B0DB5YTQZV,294868896407908,0.0,2,WM- Monitor Arms- B0DB5YTQZV- SD - PT,FBA79479,WM-HA2M-BK,White Mulberry,Monitor Arm,Monitor Arm,
2026-07-19,B0DB5YTQZV,12.05,WM- Monitor Arms- B0DB5YTQZV- SD - PT,0,73410064682349,0,1361,B0DB5YTQZV,294868896407908,0.0,4,WM- Monitor Arms- B0DB5YTQZV- SD - PT,FBA79479,WM-HA2M-BK,White Mulberry,Monitor Arm,Monitor Arm,
2026-07-20,B0DB5YTQZV,24.08,WM- Monitor Arms- B0DB5YTQZV- SD - PT,0,73410064682349,0,787,B0DB5YTQZV,294868896407908,0.0,2,WM- Monitor Arms- B0DB5YTQZV- SD - PT,FBA79479,WM-HA2M-BK,White Mulberry,Monitor Arm,Monitor Arm,
2026-07-21,B0DB5YTQZV,4.66,WM- Monitor Arms- B0DB5YTQZV- SD - PT,0,73410064682349,0,773,B0DB5YTQZV,294868896407908,0.0,2,WM- Monitor Arms- B0DB5YTQZV- SD - PT,FBA79479,WM-HA2M-BK,White Mulberry,Monitor Arm,Monitor Arm,
2026-07-22,B0DP2VVRND,0.0,"VRM - 7,14, 30",0,455070604687127,0,0,FBA79613,492472119843196,0.0,0,"WM_Monitor Arm_High Selling_SD_VRM_7,14,30",FBA79613,MS1ML,White Mulberry,Monitor Arm,Monitor Arm,
2026-07-23,B0DP2VVRND,0.0,"VRM - 7,14, 30",0,455070604687127,0,0,FBA79613,492472119843196,0.0,0,"WM_Monitor Arm_High Selling_SD_VRM_7,14,30",FBA79613,MS1ML,White Mulberry,Monitor Arm,Monitor Arm,
2026-07-24,B0DP2VVRND,0.0,"VRM - 7,14, 30",0,455070604687127,0,0,FBA79613,492472119843196,0.0,0,"WM_Monitor Arm_High Selling_SD_VRM_7,14,30",FBA79613,MS1ML,White Mulberry,Monitor Arm,Monitor Arm,
2026-07-25,B0DP2VVRND,0.0,"VRM - 7,14, 30",0,455070604687127,0,0,FBA79613,492472119843196,0.0,0,"WM_Monitor Arm_High Selling_SD_VRM_7,14,30",FBA79613,MS1ML,White Mulberry,Monitor Arm,Monitor Arm,
2026-07-26,B0DP2VVRND,0.0,"VRM - 7,14, 30",0,455070604687127,0,0,FBA79613,492472119843196,0.0,0,"WM_Monitor Arm_High Selling_SD_VRM_7,14,30",FBA79613,MS1ML,White Mulberry,Monitor Arm,Monitor Arm,
2026-07-27,B0DP2VVRND,0.0,"VRM - 7,14, 30",0,455070604687127,0,0,FBA79613,492472119843196,0.0,0,"WM_Monitor Arm_High Selling_SD_VRM_7,14,30",FBA79613,MS1ML,White Mulberry,Monitor Arm,Monitor Arm,
2026-07-28,B0DP2VVRND,0.0,"VRM - 7,14, 30",0,455070604687127,0,0,FBA79613,492472119843196,0.0,0,"WM_Monitor Arm_High Selling_SD_VRM_7,14,30",FBA79613,MS1ML,White Mulberry,Monitor Arm,Monitor Arm,
2026-07-29,B0DP2VVRND,0.0,"VRM - 7,14, 30",0,455070604687127,0,0,FBA79613,492472119843196,0.0,0,"WM_Monitor Arm_High Selling_SD_VRM_7,14,30",FBA79613,MS1ML,White Mulberry,Monitor Arm,Monitor Arm,
2026-07-30,B0DP2VVRND,0.0,"VRM - 7,14, 30",0,455070604687127,0,0,FBA79613,492472119843196,0.0,0,"WM_Monitor Arm_High Selling_SD_VRM_7,14,30",FBA79613,MS1ML,White Mulberry,Monitor Arm,Monitor Arm,
2026-07-31,B0DP2VVRND,0.0,"VRM - 7,14, 30",0,455070604687127,0,0,FBA79613,492472119843196,0.0,0,"WM_Monitor Arm_High Selling_SD_VRM_7,14,30",FBA79613,MS1ML,White Mulberry,Monitor Arm,Monitor Arm,
2026-07-22,B0DB5VG39T,0.0,"VRM - 7,14, 30",0,455070604687127,0,0,B0DB5VG39T,492472119843196,0.0,0,"WM_Monitor Arm_High Selling_SD_VRM_7,14,30",FBA79476,WM-GS1M-BK,White Mulberry,Monitor Arm,Monitor Arm,
2026-07-23,B0DB5VG39T,0.0,"VRM - 7,14, 30",0,455070604687127,0,0,B0DB5VG39T,492472119843196,0.0,0,"WM_Monitor Arm_High Selling_SD_VRM_7,14,30",FBA79476,WM-GS1M-BK,White Mulberry,Monitor Arm,Monitor Arm,
2026-07-24,B0DB5VG39T,0.0,"VRM - 7,14, 30",0,455070604687127,0,0,B0DB5VG39T,492472119843196,0.0,0,"WM_Monitor Arm_High Selling_SD_VRM_7,14,30",FBA79476,WM-GS1M-BK,White Mulberry,Monitor Arm,Monitor Arm,
2026-07-25,B0DB5VG39T,0.0,"VRM - 7,14, 30",0,455070604687127,0,0,B0DB5VG39T,492472119843196,0.0,0,"WM_Monitor Arm_High Selling_SD_VRM_7,14,30",FBA79476,WM-GS1M-BK,White Mulberry,Monitor Arm,Monitor Arm,
2026-07-26,B0DB5VG39T,0.0,"VRM - 7,14, 30",0,455070604687127,0,0,B0DB5VG39T,492472119843196,0.0,0,"WM_Monitor Arm_High Selling_SD_VRM_7,14,30",FBA79476,WM-GS1M-BK,White Mulberry,Monitor Arm,Monitor Arm,
2026-07-27,B0DB5VG39T,0.0,"VRM - 7,14, 30",0,455070604687127,0,0,B0DB5VG39T,492472119843196,0.0,0,"WM_Monitor Arm_High Selling_SD_VRM_7,14,30",FBA79476,WM-GS1M-BK,White Mulberry,Monitor Arm,Monitor Arm,
2026-07-28,B0DB5VG39T,0.0,"VRM - 7,14, 30",0,455070604687127,0,0,B0DB5VG39T,492472119843196,0.0,0,"WM_Monitor Arm_High Selling_SD_VRM_7,14,30",FBA79476,WM-GS1M-BK,White Mulberry,Monitor Arm,Monitor Arm,
2026-07-29,B0DB5VG39T,0.0,"VRM - 7,14, 30",0,455070604687127,0,0,B0DB5VG39T,492472119843196,0.0,0,"WM_Monitor Arm_High Selling_SD_VRM_7,14,30",FBA79476,WM-GS1M-BK,White Mulberry,Monitor Arm,Monitor Arm,
2026-07-30,B0DB5VG39T,0.0,"VRM - 7,14, 30",0,455070604687127,0,0,B0DB5VG39T,492472119843196,0.0,0,"WM_Monitor Arm_High Selling_SD_VRM_7,14,30",FBA79476,WM-GS1M-BK,White Mulberry,Monitor Arm,Monitor Arm,
2026-07-31,B0DB5VG39T,0.0,"VRM - 7,14, 30",0,455070604687127,0,0,B0DB5VG39T,492472119843196,0.0,0,"WM_Monitor Arm_High Selling_SD_VRM_7,14,30",FBA79476,WM-GS1M-BK,White Mulberry,Monitor Arm,Monitor Arm,
2026-07-22,B0DB5W4TCP,0.0,"VRM - 7,14, 30",0,455070604687127,0,0,B0DB5W4TCP,492472119843196,0.0,0,"WM_Monitor Arm_High Selling_SD_VRM_7,14,30",FBA79478,WM-HA1M-BK,White Mulberry,Monitor Arm,Monitor Arm,
2026-07-23,B0DB5W4TCP,0.0,"VRM - 7,14, 30",0,455070604687127,0,0,B0DB5W4TCP,492472119843196,0.0,0,"WM_Monitor Arm_High Selling_SD_VRM_7,14,30",FBA79478,WM-HA1M-BK,White Mulberry,Monitor Arm,Monitor Arm,
2026-07-24,B0DB5W4TCP,0.0,"VRM - 7,14, 30",0,455070604687127,0,0,B0DB5W4TCP,492472119843196,0.0,0,"WM_Monitor Arm_High Selling_SD_VRM_7,14,30",FBA79478,WM-HA1M-BK,White Mulberry,Monitor Arm,Monitor Arm,
2026-07-25,B0DB5W4TCP,0.0,"VRM - 7,14, 30",0,455070604687127,0,0,B0DB5W4TCP,492472119843196,0.0,0,"WM_Monitor Arm_High Selling_SD_VRM_7,14,30",FBA79478,WM-HA1M-BK,White Mulberry,Monitor Arm,Monitor Arm,
2026-07-26,B0DB5W4TCP,0.0,"VRM - 7,14, 30",0,455070604687127,0,0,B0DB5W4TCP,492472119843196,0.0,0,"WM_Monitor Arm_High Selling_SD_VRM_7,14,30",FBA79478,WM-HA1M-BK,White Mulberry,Monitor Arm,Monitor Arm,
2026-07-27,B0DB5W4TCP,0.0,"VRM - 7,14, 30",0,455070604687127,0,0,B0DB5W4TCP,492472119843196,0.0,0,"WM_Monitor Arm_High Selling_SD_VRM_7,14,30",FBA79478,WM-HA1M-BK,White Mulberry,Monitor Arm,Monitor Arm,
2026-07-28,B0DB5W4TCP,0.0,"VRM - 7,14, 30",0,455070604687127,0,0,B0DB5W4TCP,492472119843196,0.0,0,"WM_Monitor Arm_High Selling_SD_VRM_7,14,30",FBA79478,WM-HA1M-BK,White Mulberry,Monitor Arm,Monitor Arm,
2026-07-29,B0DB5W4TCP,0.0,"VRM - 7,14, 30",0,455070604687127,0,0,B0DB5W4TCP,492472119843196,0.0,0,"WM_Monitor Arm_High Selling_SD_VRM_7,14,30",FBA79478,WM-HA1M-BK,White Mulberry,Monitor Arm,Monitor Arm,
2026-07-30,B0DB5W4TCP,0.0,"VRM - 7,14, 30",0,455070604687127,0,0,B0DB5W4TCP,492472119843196,0.0,0,"WM_Monitor Arm_High Selling_SD_VRM_7,14,30",FBA79478,WM-HA1M-BK,White Mulberry,Monitor Arm,Monitor Arm,
2026-07-31,B0DB5W4TCP,0.0,"VRM - 7,14, 30",0,455070604687127,0,0,B0DB5W4TCP,492472119843196,0.0,0,"WM_Monitor Arm_High Selling_SD_VRM_7,14,30",FBA79478,WM-HA1M-BK,White Mulberry,Monitor Arm,Monitor Arm,
2026-07-22,B0DP2Z5DQ9,0.0,"VRM - 7,14, 30",0,455070604687127,0,0,FBA79615,492472119843196,0.0,0,"WM_Monitor Arm_High Selling_SD_VRM_7,14,30",FBA79615,VLMS1ML,White Mulberry,Monitor Arm,Monitor Arm,
2026-07-23,B0DP2Z5DQ9,0.0,"VRM - 7,14, 30",0,455070604687127,0,0,FBA79615,492472119843196,0.0,0,"WM_Monitor Arm_High Selling_SD_VRM_7,14,30",FBA79615,VLMS1ML,White Mulberry,Monitor Arm,Monitor Arm,
2026-07-24,B0DP2Z5DQ9,0.0,"VRM - 7,14, 30",0,455070604687127,0,0,FBA79615,492472119843196,0.0,0,"WM_Monitor Arm_High Selling_SD_VRM_7,14,30",FBA79615,VLMS1ML,White Mulberry,Monitor Arm,Monitor Arm,
2026-07-25,B0DP2Z5DQ9,0.0,"VRM - 7,14, 30",0,455070604687127,0,0,FBA79615,492472119843196,0.0,0,"WM_Monitor Arm_High Selling_SD_VRM_7,14,30",FBA79615,VLMS1ML,White Mulberry,Monitor Arm,Monitor Arm,
2026-07-26,B0DP2Z5DQ9,0.0,"VRM - 7,14, 30",0,455070604687127,0,0,FBA79615,492472119843196,0.0,0,"WM_Monitor Arm_High Selling_SD_VRM_7,14,30",FBA79615,VLMS1ML,White Mulberry,Monitor Arm,Monitor Arm,
2026-07-27,B0DP2Z5DQ9,0.0,"VRM - 7,14, 30",0,455070604687127,0,0,FBA79615,492472119843196,0.0,0,"WM_Monitor Arm_High Selling_SD_VRM_7,14,30",FBA79615,VLMS1ML,White Mulberry,Monitor Arm,Monitor Arm,
2026-07-28,B0DP2Z5DQ9,0.0,"VRM - 7,14, 30",0,455070604687127,0,0,FBA79615,492472119843196,0.0,0,"WM_Monitor Arm_High Selling_SD_VRM_7,14,30",FBA79615,VLMS1ML,White Mulberry,Monitor Arm,Monitor Arm,
2026-07-29,B0DP2Z5DQ9,0.0,"VRM - 7,14, 30",0,455070604687127,0,0,FBA79615,492472119843196,0.0,0,"WM_Monitor Arm_High Selling_SD_VRM_7,14,30",FBA79615,VLMS1ML,White Mulberry,Monitor Arm,Monitor Arm,
2026-07-30,B0DP2Z5DQ9,0.0,"VRM - 7,14, 30",0,455070604687127,0,0,FBA79615,492472119843196,0.0,0,"WM_Monitor Arm_High Selling_SD_VRM_7,14,30",FBA79615,VLMS1ML,White Mulberry,Monitor Arm,Monitor Arm,
2026-07-31,B0DP2Z5DQ9,0.0,"VRM - 7,14, 30",0,455070604687127,0,0,FBA79615,492472119843196,0.0,0,"WM_Monitor Arm_High Selling_SD_VRM_7,14,30",FBA79615,VLMS1ML,White Mulberry,Monitor Arm,Monitor Arm,
2026-07-22,B0DP32F346,0.0,"VRM - 7,14, 30",0,455070604687127,0,0,FBA79617,492472119843196,0.0,0,"WM_Monitor Arm_High Selling_SD_VRM_7,14,30",FBA79617,HDWF1ML,White Mulberry,Monitor Arm,Monitor Arm,
2026-07-23,B0DP32F346,0.0,"VRM - 7,14, 30",0,455070604687127,0,0,FBA79617,492472119843196,0.0,0,"WM_Monitor Arm_High Selling_SD_VRM_7,14,30",FBA79617,HDWF1ML,White Mulberry,Monitor Arm,Monitor Arm,
2026-07-24,B0DP32F346,0.0,"VRM - 7,14, 30",0,455070604687127,0,0,FBA79617,492472119843196,0.0,0,"WM_Monitor Arm_High Selling_SD_VRM_7,14,30",FBA79617,HDWF1ML,White Mulberry,Monitor Arm,Monitor Arm,
2026-07-25,B0DP32F346,0.0,"VRM - 7,14, 30",0,455070604687127,0,0,FBA79617,492472119843196,0.0,0,"WM_Monitor Arm_High Selling_SD_VRM_7,14,30",FBA79617,HDWF1ML,White Mulberry,Monitor Arm,Monitor Arm,
2026-07-26,B0DP32F346,0.0,"VRM - 7,14, 30",0,455070604687127,0,0,FBA79617,492472119843196,0.0,0,"WM_Monitor Arm_High Selling_SD_VRM_7,14,30",FBA79617,HDWF1ML,White Mulberry,Monitor Arm,Monitor Arm,
2026-07-27,B0DP32F346,0.0,"VRM - 7,14, 30",0,455070604687127,0,0,FBA79617,492472119843196,0.0,0,"WM_Monitor Arm_High Selling_SD_VRM_7,14,30",FBA79617,HDWF1ML,White Mulberry,Monitor Arm,Monitor Arm,
2026-07-28,B0DP32F346,0.0,"VRM - 7,14, 30",0,455070604687127,0,0,FBA79617,492472119843196,0.0,0,"WM_Monitor Arm_High Selling_SD_VRM_7,14,30",FBA79617,HDWF1ML,White Mulberry,Monitor Arm,Monitor Arm,
2026-07-29,B0DP32F346,0.0,"VRM - 7,14, 30",0,455070604687127,0,0,FBA79617,492472119843196,0.0,0,"WM_Monitor Arm_High Selling_SD_VRM_7,14,30",FBA79617,HDWF1ML,White Mulberry,Monitor Arm,Monitor Arm,
2026-07-30,B0DP32F346,0.0,"VRM - 7,14, 30",0,455070604687127,0,0,FBA79617,492472119843196,0.0,0,"WM_Monitor Arm_High Selling_SD_VRM_7,14,30",FBA79617,HDWF1ML,White Mulberry,Monitor Arm,Monitor Arm,
2026-07-31,B0DP32F346,0.0,"VRM - 7,14, 30",0,455070604687127,0,0,FBA79617,492472119843196,0.0,0,"WM_Monitor Arm_High Selling_SD_VRM_7,14,30",FBA79617,HDWF1ML,White Mulberry,Monitor Arm,Monitor Arm,
2026-07-22,B0DB5VG39T,0.0,SD-PT,0,6370688842766,0,249,B0DB5VG39T,396162922612478,0.0,0,WM- Monitor Arms- B0DB5VG39T- SD - PT,FBA79476,WM-GS1M-BK,White Mulberry,Monitor Arm,Monitor Arm,
2026-07-23,B0DB5VG39T,0.0,SD-PT,0,6370688842766,0,467,B0DB5VG39T,396162922612478,0.0,0,WM- Monitor Arms- B0DB5VG39T- SD - PT,FBA79476,WM-GS1M-BK,White Mulberry,Monitor Arm,Monitor Arm,
2026-07-24,B0DB5VG39T,7.32,SD-PT,0,6370688842766,0,435,B0DB5VG39T,396162922612478,0.0,1,WM- Monitor Arms- B0DB5VG39T- SD - PT,FBA79476,WM-GS1M-BK,White Mulberry,Monitor Arm,Monitor Arm,
2026-07-25,B0DB5VG39T,0.0,SD-PT,0,6370688842766,0,773,B0DB5VG39T,396162922612478,0.0,0,WM- Monitor Arms- B0DB5VG39T- SD - PT,FBA79476,WM-GS1M-BK,White Mulberry,Monitor Arm,Monitor Arm,
2026-07-26,B0DB5VG39T,0.0,SD-PT,0,6370688842766,0,769,B0DB5VG39T,396162922612478,0.0,0,WM- Monitor Arms- B0DB5VG39T- SD - PT,FBA79476,WM-GS1M-BK,White Mulberry,Monitor Arm,Monitor Arm,
2026-07-27,B0DB5VG39T,0.0,SD-PT,0,6370688842766,0,32,B0DB5VG39T,396162922612478,0.0,0,WM- Monitor Arms- B0DB5VG39T- SD - PT,FBA79476,WM-GS1M-BK,White Mulberry,Monitor Arm,Monitor Arm,
2026-07-28,B0DB5VG39T,0.0,SD-PT,0,6370688842766,0,0,B0DB5VG39T,396162922612478,0.0,0,WM- Monitor Arms- B0DB5VG39T- SD - PT,FBA79476,WM-GS1M-BK,White Mulberry,Monitor Arm,Monitor Arm,
2026-07-29,B0DB5VG39T,0.0,SD-PT,0,6370688842766,0,0,B0DB5VG39T,396162922612478,0.0,0,WM- Monitor Arms- B0DB5VG39T- SD - PT,FBA79476,WM-GS1M-BK,White Mulberry,Monitor Arm,Monitor Arm,
2026-07-30,B0DB5VG39T,0.0,SD-PT,0,6370688842766,0,0,B0DB5VG39T,396162922612478,0.0,0,WM- Monitor Arms- B0DB5VG39T- SD - PT,FBA79476,WM-GS1M-BK,White Mulberry,Monitor Arm,Monitor Arm,
2026-07-31,B0DB5VG39T,0.0,SD-PT,0,6370688842766,0,0,B0DB5VG39T,396162922612478,0.0,0,WM- Monitor Arms- B0DB5VG39T- SD - PT,FBA79476,WM-GS1M-BK,White Mulberry,Monitor Arm,Monitor Arm,
2026-07-22,B0DB5VVPSB,0.0,SD,0,215511359069840,0,13,FBA79477,299724793390694,0.0,0,WM- Monitor Arms- B0DB5VVPSB- SD - PT,FBA79477,WM-GS2M-BK,White Mulberry,Monitor Arm,Monitor Arm,
2026-07-23,B0DB5VVPSB,0.0,SD,0,215511359069840,0,0,FBA79477,299724793390694,0.0,0,WM- Monitor Arms- B0DB5VVPSB- SD - PT,FBA79477,WM-GS2M-BK,White Mulberry,Monitor Arm,Monitor Arm,
2026-07-24,B0DB5VVPSB,0.0,SD,0,215511359069840,0,0,FBA79477,299724793390694,0.0,0,WM- Monitor Arms- B0DB5VVPSB- SD - PT,FBA79477,WM-GS2M-BK,White Mulberry,Monitor Arm,Monitor Arm,
2026-07-25,B0DB5VVPSB,0.0,SD,0,215511359069840,0,0,FBA79477,299724793390694,0.0,0,WM- Monitor Arms- B0DB5VVPSB- SD - PT,FBA79477,WM-GS2M-BK,White Mulberry,Monitor Arm,Monitor Arm,
2026-07-26,B0DB5VVPSB,0.0,SD,0,215511359069840,0,0,FBA79477,299724793390694,0.0,0,WM- Monitor Arms- B0DB5VVPSB- SD - PT,FBA79477,WM-GS2M-BK,White Mulberry,Monitor Arm,Monitor Arm,
2026-07-27,B0DB5VVPSB,0.0,SD,0,215511359069840,0,0,FBA79477,299724793390694,0.0,0,WM- Monitor Arms- B0DB5VVPSB- SD - PT,FBA79477,WM-GS2M-BK,White Mulberry,Monitor Arm,Monitor Arm,
2026-07-28,B0DB5VVPSB,0.0,SD,0,215511359069840,0,0,FBA79477,299724793390694,0.0,0,WM- Monitor Arms- B0DB5VVPSB- SD - PT,FBA79477,WM-GS2M-BK,White Mulberry,Monitor Arm,Monitor Arm,
2026-07-29,B0DB5VVPSB,0.0,SD,0,215511359069840,0,0,FBA79477,299724793390694,0.0,0,WM- Monitor Arms- B0DB5VVPSB- SD - PT,FBA79477,WM-GS2M-BK,White Mulberry,Monitor Arm,Monitor Arm,
2026-07-30,B0DB5VVPSB,0.0,SD,0,215511359069840,0,0,FBA79477,299724793390694,0.0,0,WM- Monitor Arms- B0DB5VVPSB- SD - PT,FBA79477,WM-GS2M-BK,White Mulberry,Monitor Arm,Monitor Arm,
2026-07-31,B0DB5VVPSB,0.0,SD,0,215511359069840,0,0,FBA79477,299724793390694,0.0,0,WM- Monitor Arms- B0DB5VVPSB- SD - PT,FBA79477,WM-GS2M-BK,White Mulberry,Monitor Arm,Monitor Arm,
2026-07-22,B0DB5VG39T,0.0,Retargetting - SD,0,226921586347201,0,0,B0DB5VG39T,554010923094746,0.0,0,WM - Monitor Arms- Multi Asins - Retargetting - SD,FBA79476,WM-GS1M-BK,White Mulberry,Monitor Arm,Monitor Arm,
2026-07-23,B0DB5VG39T,0.0,Retargetting - SD,0,226921586347201,0,0,B0DB5VG39T,554010923094746,0.0,0,WM - Monitor Arms- Multi Asins - Retargetting - SD,FBA79476,WM-GS1M-BK,White Mulberry,Monitor Arm,Monitor Arm,
2026-07-24,B0DB5VG39T,0.0,Retargetting - SD,0,226921586347201,0,0,B0DB5VG39T,554010923094746,0.0,0,WM - Monitor Arms- Multi Asins - Retargetting - SD,FBA79476,WM-GS1M-BK,White Mulberry,Monitor Arm,Monitor Arm,
2026-07-25,B0DB5VG39T,0.0,Retargetting - SD,0,226921586347201,0,0,B0DB5VG39T,554010923094746,0.0,0,WM - Monitor Arms- Multi Asins - Retargetting - SD,FBA79476,WM-GS1M-BK,White Mulberry,Monitor Arm,Monitor Arm,
2026-07-26,B0DB5VG39T,0.0,Retargetting - SD,0,226921586347201,0,0,B0DB5VG39T,554010923094746,0.0,0,WM - Monitor Arms- Multi Asins - Retargetting - SD,FBA79476,WM-GS1M-BK,White Mulberry,Monitor Arm,Monitor Arm,
2026-07-27,B0DB5VG39T,0.0,Retargetting - SD,0,226921586347201,0,0,B0DB5VG39T,554010923094746,0.0,0,WM - Monitor Arms- Multi Asins - Retargetting - SD,FBA79476,WM-GS1M-BK,White Mulberry,Monitor Arm,Monitor Arm,
2026-07-28,B0DB5VG39T,0.0,Retargetting - SD,0,226921586347201,0,0,B0DB5VG39T,554010923094746,0.0,0,WM - Monitor Arms- Multi Asins - Retargetting - SD,FBA79476,WM-GS1M-BK,White Mulberry,Monitor Arm,Monitor Arm,
2026-07-29,B0DB5VG39T,0.0,Retargetting - SD,0,226921586347201,0,0,B0DB5VG39T,554010923094746,0.0,0,WM - Monitor Arms- Multi Asins - Retargetting - SD,FBA79476,WM-GS1M-BK,White Mulberry,Monitor Arm,Monitor Arm,
2026-07-30,B0DB5VG39T,0.0,Retargetting - SD,0,226921586347201,0,0,B0DB5VG39T,554010923094746,0.0,0,WM - Monitor Arms- Multi Asins - Retargetting - SD,FBA79476,WM-GS1M-BK,White Mulberry,Monitor Arm,Monitor Arm,
2026-07-31,B0DB5VG39T,0.0,Retargetting - SD,0,226921586347201,0,0,B0DB5VG39T,554010923094746,0.0,0,WM - Monitor Arms- Multi Asins - Retargetting - SD,FBA79476,WM-GS1M-BK,White Mulberry,Monitor Arm,Monitor Arm,
2026-07-22,B0DP32F346,0.0,Retargetting - SD,0,226921586347201,0,0,B0DP32F346,554010923094746,0.0,0,WM - Monitor Arms- Multi Asins - Retargetting - SD,FBA79617,HDWF1ML,White Mulberry,Monitor Arm,Monitor Arm,
2026-07-23,B0DP32F346,0.0,Retargetting - SD,0,226921586347201,0,0,B0DP32F346,554010923094746,0.0,0,WM - Monitor Arms- Multi Asins - Retargetting - SD,FBA79617,HDWF1ML,White Mulberry,Monitor Arm,Monitor Arm,
2026-07-24,B0DP32F346,0.0,Retargetting - SD,0,226921586347201,0,0,B0DP32F346,554010923094746,0.0,0,WM - Monitor Arms- Multi Asins - Retargetting - SD,FBA79617,HDWF1ML,White Mulberry,Monitor Arm,Monitor Arm,
2026-07-25,B0DP32F346,0.0,Retargetting - SD,0,226921586347201,0,0,B0DP32F346,554010923094746,0.0,0,WM - Monitor Arms- Multi Asins - Retargetting - SD,FBA79617,HDWF1ML,White Mulberry,Monitor Arm,Monitor Arm,
2026-07-26,B0DP32F346,0.0,Retargetting - SD,0,226921586347201,0,0,B0DP32F346,554010923094746,0.0,0,WM - Monitor Arms- Multi Asins - Retargetting - SD,FBA79617,HDWF1ML,White Mulberry,Monitor Arm,Monitor Arm,
2026-07-27,B0DP32F346,0.0,Retargetting - SD,0,226921586347201,0,0,B0DP32F346,554010923094746,0.0,0,WM - Monitor Arms- Multi Asins - Retargetting - SD,FBA79617,HDWF1ML,White Mulberry,Monitor Arm,Monitor Arm,
2026-07-28,B0DP32F346,0.0,Retargetting - SD,0,226921586347201,0,0,B0DP32F346,554010923094746,0.0,0,WM - Monitor Arms- Multi Asins - Retargetting - SD,FBA79617,HDWF1ML,White Mulberry,Monitor Arm,Monitor Arm,
2026-07-29,B0DP32F346,0.0,Retargetting - SD,0,226921586347201,0,0,B0DP32F346,554010923094746,0.0,0,WM - Monitor Arms- Multi Asins - Retargetting - SD,FBA79617,HDWF1ML,White Mulberry,Monitor Arm,Monitor Arm,
2026-07-30,B0DP32F346,0.0,Retargetting - SD,0,226921586347201,0,0,B0DP32F346,554010923094746,0.0,0,WM - Monitor Arms- Multi Asins - Retargetting - SD,FBA79617,HDWF1ML,White Mulberry,Monitor Arm,Monitor Arm,
2026-07-31,B0DP32F346,0.0,Retargetting - SD,0,226921586347201,0,0,B0DP32F346,554010923094746,0.0,0,WM - Monitor Arms- Multi Asins - Retargetting - SD,FBA79617,HDWF1ML,White Mulberry,Monitor Arm,Monitor Arm,
2026-07-22,B0DB5YTQZV,0.0,Retargetting - SD,0,226921586347201,0,0,B0DB5YTQZV,554010923094746,0.0,0,WM - Monitor Arms- Multi Asins - Retargetting - SD,FBA79479,WM-HA2M-BK,White Mulberry,Monitor Arm,Monitor Arm,
2026-07-23,B0DB5YTQZV,0.0,Retargetting - SD,0,226921586347201,0,0,B0DB5YTQZV,554010923094746,0.0,0,WM - Monitor Arms- Multi Asins - Retargetting - SD,FBA79479,WM-HA2M-BK,White Mulberry,Monitor Arm,Monitor Arm,
2026-07-24,B0DB5YTQZV,0.0,Retargetting - SD,0,226921586347201,0,0,B0DB5YTQZV,554010923094746,0.0,0,WM - Monitor Arms- Multi Asins - Retargetting - SD,FBA79479,WM-HA2M-BK,White Mulberry,Monitor Arm,Monitor Arm,
2026-07-25,B0DB5YTQZV,0.0,Retargetting - SD,0,226921586347201,0,0,B0DB5YTQZV,554010923094746,0.0,0,WM - Monitor Arms- Multi Asins - Retargetting - SD,FBA79479,WM-HA2M-BK,White Mulberry,Monitor Arm,Monitor Arm,
2026-07-26,B0DB5YTQZV,0.0,Retargetting - SD,0,226921586347201,0,0,B0DB5YTQZV,554010923094746,0.0,0,WM - Monitor Arms- Multi Asins - Retargetting - SD,FBA79479,WM-HA2M-BK,White Mulberry,Monitor Arm,Monitor Arm,
2026-07-27,B0DB5YTQZV,0.0,Retargetting - SD,0,226921586347201,0,0,B0DB5YTQZV,554010923094746,0.0,0,WM - Monitor Arms- Multi Asins - Retargetting - SD,FBA79479,WM-HA2M-BK,White Mulberry,Monitor Arm,Monitor Arm,
2026-07-28,B0DB5YTQZV,0.0,Retargetting - SD,0,226921586347201,0,0,B0DB5YTQZV,554010923094746,0.0,0,WM - Monitor Arms- Multi Asins - Retargetting - SD,FBA79479,WM-HA2M-BK,White Mulberry,Monitor Arm,Monitor Arm,
2026-07-29,B0DB5YTQZV,0.0,Retargetting - SD,0,226921586347201,0,0,B0DB5YTQZV,554010923094746,0.0,0,WM - Monitor Arms- Multi Asins - Retargetting - SD,FBA79479,WM-HA2M-BK,White Mulberry,Monitor Arm,Monitor Arm,
2026-07-30,B0DB5YTQZV,0.0,Retargetting - SD,0,226921586347201,0,0,B0DB5YTQZV,554010923094746,0.0,0,WM - Monitor Arms- Multi Asins - Retargetting - SD,FBA79479,WM-HA2M-BK,White Mulberry,Monitor Arm,Monitor Arm,
2026-07-31,B0DB5YTQZV,0.0,Retargetting - SD,0,226921586347201,0,0,B0DB5YTQZV,554010923094746,0.0,0,WM - Monitor Arms- Multi Asins - Retargetting - SD,FBA79479,WM-HA2M-BK,White Mulberry,Monitor Arm,Monitor Arm,
2026-07-22,B0DB5VVPSB,0.0,Retargetting - SD,0,226921586347201,0,0,FBA79477,554010923094746,0.0,0,WM - Monitor Arms- Multi Asins - Retargetting - SD,FBA79477,WM-GS2M-BK,White Mulberry,Monitor Arm,Monitor Arm,
2026-07-23,B0DB5VVPSB,0.0,Retargetting - SD,0,226921586347201,0,0,FBA79477,554010923094746,0.0,0,WM - Monitor Arms- Multi Asins - Retargetting - SD,FBA79477,WM-GS2M-BK,White Mulberry,Monitor Arm,Monitor Arm,
2026-07-24,B0DB5VVPSB,0.0,Retargetting - SD,0,226921586347201,0,0,FBA79477,554010923094746,0.0,0,WM - Monitor Arms- Multi Asins - Retargetting - SD,FBA79477,WM-GS2M-BK,White Mulberry,Monitor Arm,Monitor Arm,
2026-07-25,B0DB5VVPSB,0.0,Retargetting - SD,0,226921586347201,0,0,FBA79477,554010923094746,0.0,0,WM - Monitor Arms- Multi Asins - Retargetting - SD,FBA79477,WM-GS2M-BK,White Mulberry,Monitor Arm,Monitor Arm,
2026-07-26,B0DB5VVPSB,0.0,Retargetting - SD,0,226921586347201,0,0,FBA79477,554010923094746,0.0,0,WM - Monitor Arms- Multi Asins - Retargetting - SD,FBA79477,WM-GS2M-BK,White Mulberry,Monitor Arm,Monitor Arm,
2026-07-27,B0DB5VVPSB,0.0,Retargetting - SD,0,226921586347201,0,0,FBA79477,554010923094746,0.0,0,WM - Monitor Arms- Multi Asins - Retargetting - SD,FBA79477,WM-GS2M-BK,White Mulberry,Monitor Arm,Monitor Arm,
2026-07-28,B0DB5VVPSB,0.0,Retargetting - SD,0,226921586347201,0,0,FBA79477,554010923094746,0.0,0,WM - Monitor Arms- Multi Asins - Retargetting - SD,FBA79477,WM-GS2M-BK,White Mulberry,Monitor Arm,Monitor Arm,
2026-07-29,B0DB5VVPSB,0.0,Retargetting - SD,0,226921586347201,0,0,FBA79477,554010923094746,0.0,0,WM - Monitor Arms- Multi Asins - Retargetting - SD,FBA79477,WM-GS2M-BK,White Mulberry,Monitor Arm,Monitor Arm,
2026-07-30,B0DB5VVPSB,0.0,Retargetting - SD,0,226921586347201,0,0,FBA79477,554010923094746,0.0,0,WM - Monitor Arms- Multi Asins - Retargetting - SD,FBA79477,WM-GS2M-BK,White Mulberry,Monitor Arm,Monitor Arm,
2026-07-31,B0DB5VVPSB,0.0,Retargetting - SD,0,226921586347201,0,0,FBA79477,554010923094746,0.0,0,WM - Monitor Arms- Multi Asins - Retargetting - SD,FBA79477,WM-GS2M-BK,White Mulberry,Monitor Arm,Monitor Arm,
2026-07-22,B0DB5W4TCP,0.0,Retargetting - SD,0,226921586347201,0,0,B0DB5W4TCP,554010923094746,0.0,0,WM - Monitor Arms- Multi Asins - Retargetting - SD,FBA79478,WM-HA1M-BK,White Mulberry,Monitor Arm,Monitor Arm,
2026-07-23,B0DB5W4TCP,0.0,Retargetting - SD,0,226921586347201,0,0,B0DB5W4TCP,554010923094746,0.0,0,WM - Monitor Arms- Multi Asins - Retargetting - SD,FBA79478,WM-HA1M-BK,White Mulberry,Monitor Arm,Monitor Arm,
2026-07-24,B0DB5W4TCP,0.0,Retargetting - SD,0,226921586347201,0,0,B0DB5W4TCP,554010923094746,0.0,0,WM - Monitor Arms- Multi Asins - Retargetting - SD,FBA79478,WM-HA1M-BK,White Mulberry,Monitor Arm,Monitor Arm,
2026-07-25,B0DB5W4TCP,0.0,Retargetting - SD,0,226921586347201,0,0,B0DB5W4TCP,554010923094746,0.0,0,WM - Monitor Arms- Multi Asins - Retargetting - SD,FBA79478,WM-HA1M-BK,White Mulberry,Monitor Arm,Monitor Arm,
2026-07-26,B0DB5W4TCP,0.0,Retargetting - SD,0,226921586347201,0,0,B0DB5W4TCP,554010923094746,0.0,0,WM - Monitor Arms- Multi Asins - Retargetting - SD,FBA79478,WM-HA1M-BK,White Mulberry,Monitor Arm,Monitor Arm,
2026-07-27,B0DB5W4TCP,0.0,Retargetting - SD,0,226921586347201,0,0,B0DB5W4TCP,554010923094746,0.0,0,WM - Monitor Arms- Multi Asins - Retargetting - SD,FBA79478,WM-HA1M-BK,White Mulberry,Monitor Arm,Monitor Arm,
2026-07-28,B0DB5W4TCP,0.0,Retargetting - SD,0,226921586347201,0,0,B0DB5W4TCP,554010923094746,0.0,0,WM - Monitor Arms- Multi Asins - Retargetting - SD,FBA79478,WM-HA1M-BK,White Mulberry,Monitor Arm,Monitor Arm,
2026-07-29,B0DB5W4TCP,0.0,Retargetting - SD,0,226921586347201,0,0,B0DB5W4TCP,554010923094746,0.0,0,WM - Monitor Arms- Multi Asins - Retargetting - SD,FBA79478,WM-HA1M-BK,White Mulberry,Monitor Arm,Monitor Arm,
2026-07-30,B0DB5W4TCP,0.0,Retargetting - SD,0,226921586347201,0,0,B0DB5W4TCP,554010923094746,0.0,0,WM - Monitor Arms- Multi Asins - Retargetting - SD,FBA79478,WM-HA1M-BK,White Mulberry,Monitor Arm,Monitor Arm,
2026-07-31,B0DB5W4TCP,0.0,Retargetting - SD,0,226921586347201,0,0,B0DB5W4TCP,554010923094746,0.0,0,WM - Monitor Arms- Multi Asins - Retargetting - SD,FBA79478,WM-HA1M-BK,White Mulberry,Monitor Arm,Monitor Arm,
2026-07-22,B0DP2VVRND,0.0,Retargetting - SD,0,226921586347201,0,0,B0DP2VVRND,554010923094746,0.0,0,WM - Monitor Arms- Multi Asins - Retargetting - SD,FBA79613,MS1ML,White Mulberry,Monitor Arm,Monitor Arm,
2026-07-23,B0DP2VVRND,0.0,Retargetting - SD,0,226921586347201,0,0,B0DP2VVRND,554010923094746,0.0,0,WM - Monitor Arms- Multi Asins - Retargetting - SD,FBA79613,MS1ML,White Mulberry,Monitor Arm,Monitor Arm,
2026-07-24,B0DP2VVRND,0.0,Retargetting - SD,0,226921586347201,0,0,B0DP2VVRND,554010923094746,0.0,0,WM - Monitor Arms- Multi Asins - Retargetting - SD,FBA79613,MS1ML,White Mulberry,Monitor Arm,Monitor Arm,
2026-07-25,B0DP2VVRND,0.0,Retargetting - SD,0,226921586347201,0,0,B0DP2VVRND,554010923094746,0.0,0,WM - Monitor Arms- Multi Asins - Retargetting - SD,FBA79613,MS1ML,White Mulberry,Monitor Arm,Monitor Arm,
2026-07-26,B0DP2VVRND,0.0,Retargetting - SD,0,226921586347201,0,0,B0DP2VVRND,554010923094746,0.0,0,WM - Monitor Arms- Multi Asins - Retargetting - SD,FBA79613,MS1ML,White Mulberry,Monitor Arm,Monitor Arm,
2026-07-27,B0DP2VVRND,0.0,Retargetting - SD,0,226921586347201,0,0,B0DP2VVRND,554010923094746,0.0,0,WM - Monitor Arms- Multi Asins - Retargetting - SD,FBA79613,MS1ML,White Mulberry,Monitor Arm,Monitor Arm,
2026-07-28,B0DP2VVRND,0.0,Retargetting - SD,0,226921586347201,0,0,B0DP2VVRND,554010923094746,0.0,0,WM - Monitor Arms- Multi Asins - Retargetting - SD,FBA79613,MS1ML,White Mulberry,Monitor Arm,Monitor Arm,
2026-07-29,B0DP2VVRND,0.0,Retargetting - SD,0,226921586347201,0,0,B0DP2VVRND,554010923094746,0.0,0,WM - Monitor Arms- Multi Asins - Retargetting - SD,FBA79613,MS1ML,White Mulberry,Monitor Arm,Monitor Arm,
2026-07-30,B0DP2VVRND,0.0,Retargetting - SD,0,226921586347201,0,0,B0DP2VVRND,554010923094746,0.0,0,WM - Monitor Arms- Multi Asins - Retargetting - SD,FBA79613,MS1ML,White Mulberry,Monitor Arm,Monitor Arm,
2026-07-31,B0DP2VVRND,0.0,Retargetting - SD,0,226921586347201,0,0,B0DP2VVRND,554010923094746,0.0,0,WM - Monitor Arms- Multi Asins - Retargetting - SD,FBA79613,MS1ML,White Mulberry,Monitor Arm,Monitor Arm,
2026-07-22,B0DP32F346,0.0,WM- Monitor Arms- B0DP32F346- SD - PT,0,17010864014132,0,494,B0DP32F346,353921463929686,0.0,0,WM- Monitor Arms- B0DP32F346- SD - PT,FBA79617,HDWF1ML,White Mulberry,Monitor Arm,Monitor Arm,
2026-07-23,B0DP32F346,12.9,WM- Monitor Arms- B0DP32F346- SD - PT,0,17010864014132,0,347,B0DP32F346,353921463929686,0.0,2,WM- Monitor Arms- B0DP32F346- SD - PT,FBA79617,HDWF1ML,White Mulberry,Monitor Arm,Monitor Arm,
2026-07-24,B0DP32F346,9.85,WM- Monitor Arms- B0DP32F346- SD - PT,0,17010864014132,0,346,B0DP32F346,353921463929686,0.0,1,WM- Monitor Arms- B0DP32F346- SD - PT,FBA79617,HDWF1ML,White Mulberry,Monitor Arm,Monitor Arm,
2026-07-25,B0DP32F346,8.99,WM- Monitor Arms- B0DP32F346- SD - PT,0,17010864014132,0,468,B0DP32F346,353921463929686,0.0,1,WM- Monitor Arms- B0DP32F346- SD - PT,FBA79617,HDWF1ML,White Mulberry,Monitor Arm,Monitor Arm,
2026-07-26,B0DP32F346,0.0,WM- Monitor Arms- B0DP32F346- SD - PT,0,17010864014132,0,375,B0DP32F346,353921463929686,0.0,0,WM- Monitor Arms- B0DP32F346- SD - PT,FBA79617,HDWF1ML,White Mulberry,Monitor Arm,Monitor Arm,
2026-07-27,B0DP32F346,0.0,WM- Monitor Arms- B0DP32F346- SD - PT,0,17010864014132,0,12,B0DP32F346,353921463929686,0.0,0,WM- Monitor Arms- B0DP32F346- SD - PT,FBA79617,HDWF1ML,White Mulberry,Monitor Arm,Monitor Arm,
2026-07-28,B0DP32F346,0.0,WM- Monitor Arms- B0DP32F346- SD - PT,0,17010864014132,0,0,B0DP32F346,353921463929686,0.0,0,WM- Monitor Arms- B0DP32F346- SD - PT,FBA79617,HDWF1ML,White Mulberry,Monitor Arm,Monitor Arm,
2026-07-29,B0DP32F346,0.0,WM- Monitor Arms- B0DP32F346- SD - PT,0,17010864014132,0,0,B0DP32F346,353921463929686,0.0,0,WM- Monitor Arms- B0DP32F346- SD - PT,FBA79617,HDWF1ML,White Mulberry,Monitor Arm,Monitor Arm,
2026-07-30,B0DP32F346,0.0,WM- Monitor Arms- B0DP32F346- SD - PT,0,17010864014132,0,0,B0DP32F346,353921463929686,0.0,0,WM- Monitor Arms- B0DP32F346- SD - PT,FBA79617,HDWF1ML,White Mulberry,Monitor Arm,Monitor Arm,
2026-07-31,B0DP32F346,0.0,WM- Monitor Arms- B0DP32F346- SD - PT,0,17010864014132,0,0,B0DP32F346,353921463929686,0.0,0,WM- Monitor Arms- B0DP32F346- SD - PT,FBA79617,HDWF1ML,White Mulberry,Monitor Arm,Monitor Arm,
2026-07-22,B0DB5W4TCP,18.99,WM- Monitor Arms- B0DB5W4TCP- SD - PT,0,116553999538540,0,562,B0DB5W4TCP,409684670856662,0.0,4,WM- Monitor Arms- B0DB5W4TCP- SD - PT,FBA79478,WM-HA1M-BK,White Mulberry,Monitor Arm,Monitor Arm,
2026-07-23,B0DB5W4TCP,0.0,WM- Monitor Arms- B0DB5W4TCP- SD - PT,0,116553999538540,0,734,B0DB5W4TCP,409684670856662,0.0,0,WM- Monitor Arms- B0DB5W4TCP- SD - PT,FBA79478,WM-HA1M-BK,White Mulberry,Monitor Arm,Monitor Arm,
2026-07-24,B0DB5W4TCP,0.0,WM- Monitor Arms- B0DB5W4TCP- SD - PT,0,116553999538540,0,899,B0DB5W4TCP,409684670856662,0.0,0,WM- Monitor Arms- B0DB5W4TCP- SD - PT,FBA79478,WM-HA1M-BK,White Mulberry,Monitor Arm,Monitor Arm,
2026-07-25,B0DB5W4TCP,6.6,WM- Monitor Arms- B0DB5W4TCP- SD - PT,0,116553999538540,0,1514,B0DB5W4TCP,409684670856662,0.0,2,WM- Monitor Arms- B0DB5W4TCP- SD - PT,FBA79478,WM-HA1M-BK,White Mulberry,Monitor Arm,Monitor Arm,
2026-07-26,B0DB5W4TCP,10.78,WM- Monitor Arms- B0DB5W4TCP- SD - PT,0,116553999538540,0,1299,B0DB5W4TCP,409684670856662,0.0,1,WM- Monitor Arms- B0DB5W4TCP- SD - PT,FBA79478,WM-HA1M-BK,White Mulberry,Monitor Arm,Monitor Arm,
2026-07-27,B0DB5W4TCP,0.0,WM- Monitor Arms- B0DB5W4TCP- SD - PT,0,116553999538540,0,43,B0DB5W4TCP,409684670856662,0.0,0,WM- Monitor Arms- B0DB5W4TCP- SD - PT,FBA79478,WM-HA1M-BK,White Mulberry,Monitor Arm,Monitor Arm,
2026-07-28,B0DB5W4TCP,0.0,WM- Monitor Arms- B0DB5W4TCP- SD - PT,0,116553999538540,0,0,B0DB5W4TCP,409684670856662,0.0,0,WM- Monitor Arms- B0DB5W4TCP- SD - PT,FBA79478,WM-HA1M-BK,White Mulberry,Monitor Arm,Monitor Arm,
2026-07-29,B0DB5W4TCP,0.0,WM- Monitor Arms- B0DB5W4TCP- SD - PT,0,116553999538540,0,0,B0DB5W4TCP,409684670856662,0.0,0,WM- Monitor Arms- B0DB5W4TCP- SD - PT,FBA79478,WM-HA1M-BK,White Mulberry,Monitor Arm,Monitor Arm,
2026-07-30,B0DB5W4TCP,0.0,WM- Monitor Arms- B0DB5W4TCP- SD - PT,0,116553999538540,0,0,B0DB5W4TCP,409684670856662,0.0,0,WM- Monitor Arms- B0DB5W4TCP- SD - PT,FBA79478,WM-HA1M-BK,White Mulberry,Monitor Arm,Monitor Arm,
2026-07-31,B0DB5W4TCP,0.0,WM- Monitor Arms- B0DB5W4TCP- SD - PT,0,116553999538540,0,0,B0DB5W4TCP,409684670856662,0.0,0,WM- Monitor Arms- B0DB5W4TCP- SD - PT,FBA79478,WM-HA1M-BK,White Mulberry,Monitor Arm,Monitor Arm,
2026-07-22,B0DB5VG39T,0.0,SD - Defensive,0,165126150918439,0,24,B0DB5VG39T,293804738229361,0.0,0,WM- Monitor Arms- MultiAsin - SD - Defensive,FBA79476,WM-GS1M-BK,White Mulberry,Monitor Arm,Monitor Arm,
2026-07-23,B0DB5VG39T,0.0,SD - Defensive,0,165126150918439,0,24,B0DB5VG39T,293804738229361,0.0,0,WM- Monitor Arms- MultiAsin - SD - Defensive,FBA79476,WM-GS1M-BK,White Mulberry,Monitor Arm,Monitor Arm,
2026-07-24,B0DB5VG39T,0.0,SD - Defensive,0,165126150918439,0,18,B0DB5VG39T,293804738229361,0.0,0,WM- Monitor Arms- MultiAsin - SD - Defensive,FBA79476,WM-GS1M-BK,White Mulberry,Monitor Arm,Monitor Arm,
2026-07-25,B0DB5VG39T,0.0,SD - Defensive,0,165126150918439,0,38,B0DB5VG39T,293804738229361,0.0,0,WM- Monitor Arms- MultiAsin - SD - Defensive,FBA79476,WM-GS1M-BK,White Mulberry,Monitor Arm,Monitor Arm,
2026-07-26,B0DB5VG39T,0.0,SD - Defensive,0,165126150918439,0,83,B0DB5VG39T,293804738229361,0.0,0,WM- Monitor Arms- MultiAsin - SD - Defensive,FBA79476,WM-GS1M-BK,White Mulberry,Monitor Arm,Monitor Arm,
2026-07-27,B0DB5VG39T,0.0,SD - Defensive,0,165126150918439,0,4,B0DB5VG39T,293804738229361,0.0,0,WM- Monitor Arms- MultiAsin - SD - Defensive,FBA79476,WM-GS1M-BK,White Mulberry,Monitor Arm,Monitor Arm,
2026-07-28,B0DB5VG39T,0.0,SD - Defensive,0,165126150918439,0,0,B0DB5VG39T,293804738229361,0.0,0,WM- Monitor Arms- MultiAsin - SD - Defensive,FBA79476,WM-GS1M-BK,White Mulberry,Monitor Arm,Monitor Arm,
2026-07-29,B0DB5VG39T,0.0,SD - Defensive,0,165126150918439,0,0,B0DB5VG39T,293804738229361,0.0,0,WM- Monitor Arms- MultiAsin - SD - Defensive,FBA79476,WM-GS1M-BK,White Mulberry,Monitor Arm,Monitor Arm,
2026-07-30,B0DB5VG39T,0.0,SD - Defensive,0,165126150918439,0,0,B0DB5VG39T,293804738229361,0.0,0,WM- Monitor Arms- MultiAsin - SD - Defensive,FBA79476,WM-GS1M-BK,White Mulberry,Monitor Arm,Monitor Arm,
2026-07-31,B0DB5VG39T,0.0,SD - Defensive,0,165126150918439,0,0,B0DB5VG39T,293804738229361,0.0,0,WM- Monitor Arms- MultiAsin - SD - Defensive,FBA79476,WM-GS1M-BK,White Mulberry,Monitor Arm,Monitor Arm,
2026-07-22,B0DP32F346,0.0,SD - Defensive,0,165126150918439,0,15,B0DP32F346,293804738229361,0.0,0,WM- Monitor Arms- MultiAsin - SD - Defensive,FBA79617,HDWF1ML,White Mulberry,Monitor Arm,Monitor Arm,
2026-07-23,B0DP32F346,0.0,SD - Defensive,0,165126150918439,0,27,B0DP32F346,293804738229361,0.0,0,WM- Monitor Arms- MultiAsin - SD - Defensive,FBA79617,HDWF1ML,White Mulberry,Monitor Arm,Monitor Arm,
2026-07-24,B0DP32F346,0.0,SD - Defensive,0,165126150918439,0,22,B0DP32F346,293804738229361,0.0,0,WM- Monitor Arms- MultiAsin - SD - Defensive,FBA79617,HDWF1ML,White Mulberry,Monitor Arm,Monitor Arm,
2026-07-25,B0DP32F346,0.0,SD - Defensive,0,165126150918439,0,49,B0DP32F346,293804738229361,0.0,0,WM- Monitor Arms- MultiAsin - SD - Defensive,FBA79617,HDWF1ML,White Mulberry,Monitor Arm,Monitor Arm,
2026-07-26,B0DP32F346,0.0,SD - Defensive,0,165126150918439,0,21,B0DP32F346,293804738229361,0.0,0,WM- Monitor Arms- MultiAsin - SD - Defensive,FBA79617,HDWF1ML,White Mulberry,Monitor Arm,Monitor Arm,
2026-07-27,B0DP32F346,0.0,SD - Defensive,0,165126150918439,0,0,B0DP32F346,293804738229361,0.0,0,WM- Monitor Arms- MultiAsin - SD - Defensive,FBA79617,HDWF1ML,White Mulberry,Monitor Arm,Monitor Arm,
2026-07-28,B0DP32F346,0.0,SD - Defensive,0,165126150918439,0,0,B0DP32F346,293804738229361,0.0,0,WM- Monitor Arms- MultiAsin - SD - Defensive,FBA79617,HDWF1ML,White Mulberry,Monitor Arm,Monitor Arm,
2026-07-29,B0DP32F346,0.0,SD - Defensive,0,165126150918439,0,0,B0DP32F346,293804738229361,0.0,0,WM- Monitor Arms- MultiAsin - SD - Defensive,FBA79617,HDWF1ML,White Mulberry,Monitor Arm,Monitor Arm,
2026-07-30,B0DP32F346,0.0,SD - Defensive,0,165126150918439,0,0,B0DP32F346,293804738229361,0.0,0,WM- Monitor Arms- MultiAsin - SD - Defensive,FBA79617,HDWF1ML,White Mulberry,Monitor Arm,Monitor Arm,
2026-07-31,B0DP32F346,0.0,SD - Defensive,0,165126150918439,0,0,B0DP32F346,293804738229361,0.0,0,WM- Monitor Arms- MultiAsin - SD - Defensive,FBA79617,HDWF1ML,White Mulberry,Monitor Arm,Monitor Arm,
2026-07-22,B0DB5YTQZV,0.0,SD - Defensive,0,165126150918439,0,78,B0DB5YTQZV,293804738229361,0.0,0,WM- Monitor Arms- MultiAsin - SD - Defensive,FBA79479,WM-HA2M-BK,White Mulberry,Monitor Arm,Monitor Arm,
2026-07-23,B0DB5YTQZV,28.52,SD - Defensive,0,165126150918439,0,161,B0DB5YTQZV,293804738229361,0.0,2,WM- Monitor Arms- MultiAsin - SD - Defensive,FBA79479,WM-HA2M-BK,White Mulberry,Monitor Arm,Monitor Arm,
2026-07-24,B0DB5YTQZV,0.0,SD - Defensive,0,165126150918439,0,125,B0DB5YTQZV,293804738229361,0.0,0,WM- Monitor Arms- MultiAsin - SD - Defensive,FBA79479,WM-HA2M-BK,White Mulberry,Monitor Arm,Monitor Arm,
2026-07-25,B0DB5YTQZV,0.0,SD - Defensive,0,165126150918439,0,84,B0DB5YTQZV,293804738229361,0.0,0,WM- Monitor Arms- MultiAsin - SD - Defensive,FBA79479,WM-HA2M-BK,White Mulberry,Monitor Arm,Monitor Arm,
2026-07-26,B0DB5YTQZV,0.0,SD - Defensive,0,165126150918439,0,68,B0DB5YTQZV,293804738229361,0.0,0,WM- Monitor Arms- MultiAsin - SD - Defensive,FBA79479,WM-HA2M-BK,White Mulberry,Monitor Arm,Monitor Arm,
2026-07-27,B0DB5YTQZV,0.0,SD - Defensive,0,165126150918439,0,1,B0DB5YTQZV,293804738229361,0.0,0,WM- Monitor Arms- MultiAsin - SD - Defensive,FBA79479,WM-HA2M-BK,White Mulberry,Monitor Arm,Monitor Arm,
2026-07-28,B0DB5YTQZV,0.0,SD - Defensive,0,165126150918439,0,0,B0DB5YTQZV,293804738229361,0.0,0,WM- Monitor Arms- MultiAsin - SD - Defensive,FBA79479,WM-HA2M-BK,White Mulberry,Monitor Arm,Monitor Arm,
2026-07-29,B0DB5YTQZV,0.0,SD - Defensive,0,165126150918439,0,0,B0DB5YTQZV,293804738229361,0.0,0,WM- Monitor Arms- MultiAsin - SD - Defensive,FBA79479,WM-HA2M-BK,White Mulberry,Monitor Arm,Monitor Arm,
2026-07-30,B0DB5YTQZV,0.0,SD - Defensive,0,165126150918439,0,0,B0DB5YTQZV,293804738229361,0.0,0,WM- Monitor Arms- MultiAsin - SD - Defensive,FBA79479,WM-HA2M-BK,White Mulberry,Monitor Arm,Monitor Arm,
2026-07-31,B0DB5YTQZV,0.0,SD - Defensive,0,165126150918439,0,0,B0DB5YTQZV,293804738229361,0.0,0,WM- Monitor Arms- MultiAsin - SD - Defensive,FBA79479,WM-HA2M-BK,White Mulberry,Monitor Arm,Monitor Arm,
2026-07-22,B0DB5VVPSB,0.0,SD - Defensive,0,165126150918439,0,1,FBA79477,293804738229361,0.0,0,WM- Monitor Arms- MultiAsin - SD - Defensive,FBA79477,WM-GS2M-BK,White Mulberry,Monitor Arm,Monitor Arm,
2026-07-23,B0DB5VVPSB,0.0,SD - Defensive,0,165126150918439,0,2,FBA79477,293804738229361,0.0,0,WM- Monitor Arms- MultiAsin - SD - Defensive,FBA79477,WM-GS2M-BK,White Mulberry,Monitor Arm,Monitor Arm,
2026-07-24,B0DB5VVPSB,0.0,SD - Defensive,0,165126150918439,0,0,FBA79477,293804738229361,0.0,0,WM- Monitor Arms- MultiAsin - SD - Defensive,FBA79477,WM-GS2M-BK,White Mulberry,Monitor Arm,Monitor Arm,
2026-07-25,B0DB5VVPSB,0.0,SD - Defensive,0,165126150918439,0,0,FBA79477,293804738229361,0.0,0,WM- Monitor Arms- MultiAsin - SD - Defensive,FBA79477,WM-GS2M-BK,White Mulberry,Monitor Arm,Monitor Arm,
2026-07-26,B0DB5VVPSB,0.0,SD - Defensive,0,165126150918439,0,1,FBA79477,293804738229361,0.0,0,WM- Monitor Arms- MultiAsin - SD - Defensive,FBA79477,WM-GS2M-BK,White Mulberry,Monitor Arm,Monitor Arm,
2026-07-27,B0DB5VVPSB,0.0,SD - Defensive,0,165126150918439,0,0,FBA79477,293804738229361,0.0,0,WM- Monitor Arms- MultiAsin - SD - Defensive,FBA79477,WM-GS2M-BK,White Mulberry,Monitor Arm,Monitor Arm,
2026-07-28,B0DB5VVPSB,0.0,SD - Defensive,0,165126150918439,0,0,FBA79477,293804738229361,0.0,0,WM- Monitor Arms- MultiAsin - SD - Defensive,FBA79477,WM-GS2M-BK,White Mulberry,Monitor Arm,Monitor Arm,
2026-07-29,B0DB5VVPSB,0.0,SD - Defensive,0,165126150918439,0,0,FBA79477,293804738229361,0.0,0,WM- Monitor Arms- MultiAsin - SD - Defensive,FBA79477,WM-GS2M-BK,White Mulberry,Monitor Arm,Monitor Arm,
2026-07-30,B0DB5VVPSB,0.0,SD - Defensive,0,165126150918439,0,0,FBA79477,293804738229361,0.0,0,WM- Monitor Arms- MultiAsin - SD - Defensive,FBA79477,WM-GS2M-BK,White Mulberry,Monitor Arm,Monitor Arm,
2026-07-31,B0DB5VVPSB,0.0,SD - Defensive,0,165126150918439,0,0,FBA79477,293804738229361,0.0,0,WM- Monitor Arms- MultiAsin - SD - Defensive,FBA79477,WM-GS2M-BK,White Mulberry,Monitor Arm,Monitor Arm,
2026-07-22,B0DB5W4TCP,0.0,SD - Defensive,0,165126150918439,0,214,B0DB5W4TCP,293804738229361,0.0,0,WM- Monitor Arms- MultiAsin - SD - Defensive,FBA79478,WM-HA1M-BK,White Mulberry,Monitor Arm,Monitor Arm,
2026-07-23,B0DB5W4TCP,3.65,SD - Defensive,0,165126150918439,0,63,B0DB5W4TCP,293804738229361,0.0,1,WM- Monitor Arms- MultiAsin - SD - Defensive,FBA79478,WM-HA1M-BK,White Mulberry,Monitor Arm,Monitor Arm,
2026-07-24,B0DB5W4TCP,0.0,SD - Defensive,0,165126150918439,0,33,B0DB5W4TCP,293804738229361,0.0,0,WM- Monitor Arms- MultiAsin - SD - Defensive,FBA79478,WM-HA1M-BK,White Mulberry,Monitor Arm,Monitor Arm,
2026-07-25,B0DB5W4TCP,17.92,SD - Defensive,0,165126150918439,0,111,B0DB5W4TCP,293804738229361,0.0,1,WM- Monitor Arms- MultiAsin - SD - Defensive,FBA79478,WM-HA1M-BK,White Mulberry,Monitor Arm,Monitor Arm,
2026-07-26,B0DB5W4TCP,0.0,SD - Defensive,0,165126150918439,0,87,B0DB5W4TCP,293804738229361,0.0,0,WM- Monitor Arms- MultiAsin - SD - Defensive,FBA79478,WM-HA1M-BK,White Mulberry,Monitor Arm,Monitor Arm,
2026-07-27,B0DB5W4TCP,0.0,SD - Defensive,0,165126150918439,0,0,B0DB5W4TCP,293804738229361,0.0,0,WM- Monitor Arms- MultiAsin - SD - Defensive,FBA79478,WM-HA1M-BK,White Mulberry,Monitor Arm,Monitor Arm,
2026-07-28,B0DB5W4TCP,0.0,SD - Defensive,0,165126150918439,0,0,B0DB5W4TCP,293804738229361,0.0,0,WM- Monitor Arms- MultiAsin - SD - Defensive,FBA79478,WM-HA1M-BK,White Mulberry,Monitor Arm,Monitor Arm,
2026-07-29,B0DB5W4TCP,0.0,SD - Defensive,0,165126150918439,0,0,B0DB5W4TCP,293804738229361,0.0,0,WM- Monitor Arms- MultiAsin - SD - Defensive,FBA79478,WM-HA1M-BK,White Mulberry,Monitor Arm,Monitor Arm,
2026-07-30,B0DB5W4TCP,0.0,SD - Defensive,0,165126150918439,0,0,B0DB5W4TCP,293804738229361,0.0,0,WM- Monitor Arms- MultiAsin - SD - Defensive,FBA79478,WM-HA1M-BK,White Mulberry,Monitor Arm,Monitor Arm,
2026-07-31,B0DB5W4TCP,0.0,SD - Defensive,0,165126150918439,0,0,B0DB5W4TCP,293804738229361,0.0,0,WM- Monitor Arms- MultiAsin - SD - Defensive,FBA79478,WM-HA1M-BK,White Mulberry,Monitor Arm,Monitor Arm,
2026-07-22,B0DP2VVRND,0.0,SD - Defensive,0,165126150918439,0,401,B0DP2VVRND,293804738229361,0.0,0,WM- Monitor Arms- MultiAsin - SD - Defensive,FBA79613,MS1ML,White Mulberry,Monitor Arm,Monitor Arm,
2026-07-23,B0DP2VVRND,6.99,SD - Defensive,1,165126150918439,1,218,B0DP2VVRND,293804738229361,1397.46,1,WM- Monitor Arms- MultiAsin - SD - Defensive,FBA79613,MS1ML,White Mulberry,Monitor Arm,Monitor Arm,
2026-07-24,B0DP2VVRND,7.86,SD - Defensive,0,165126150918439,0,352,B0DP2VVRND,293804738229361,0.0,1,WM- Monitor Arms- MultiAsin - SD - Defensive,FBA79613,MS1ML,White Mulberry,Monitor Arm,Monitor Arm,
2026-07-25,B0DP2VVRND,0.0,SD - Defensive,0,165126150918439,0,504,B0DP2VVRND,293804738229361,0.0,0,WM- Monitor Arms- MultiAsin - SD - Defensive,FBA79613,MS1ML,White Mulberry,Monitor Arm,Monitor Arm,
2026-07-26,B0DP2VVRND,0.0,SD - Defensive,0,165126150918439,0,581,B0DP2VVRND,293804738229361,0.0,0,WM- Monitor Arms- MultiAsin - SD - Defensive,FBA79613,MS1ML,White Mulberry,Monitor Arm,Monitor Arm,
2026-07-27,B0DP2VVRND,0.0,SD - Defensive,0,165126150918439,0,16,B0DP2VVRND,293804738229361,0.0,0,WM- Monitor Arms- MultiAsin - SD - Defensive,FBA79613,MS1ML,White Mulberry,Monitor Arm,Monitor Arm,
2026-07-28,B0DP2VVRND,0.0,SD - Defensive,0,165126150918439,0,0,B0DP2VVRND,293804738229361,0.0,0,WM- Monitor Arms- MultiAsin - SD - Defensive,FBA79613,MS1ML,White Mulberry,Monitor Arm,Monitor Arm,
2026-07-29,B0DP2VVRND,0.0,SD - Defensive,0,165126150918439,0,0,B0DP2VVRND,293804738229361,0.0,0,WM- Monitor Arms- MultiAsin - SD - Defensive,FBA79613,MS1ML,White Mulberry,Monitor Arm,Monitor Arm,
2026-07-30,B0DP2VVRND,0.0,SD - Defensive,0,165126150918439,0,0,B0DP2VVRND,293804738229361,0.0,0,WM- Monitor Arms- MultiAsin - SD - Defensive,FBA79613,MS1ML,White Mulberry,Monitor Arm,Monitor Arm,
2026-07-31,B0DP2VVRND,0.0,SD - Defensive,0,165126150918439,0,0,B0DP2VVRND,293804738229361,0.0,0,WM- Monitor Arms- MultiAsin - SD - Defensive,FBA79613,MS1ML,White Mulberry,Monitor Arm,Monitor Arm,
2026-07-22,B0DP2VVRND,27.48,WM- Monitor Arms- B0DP2VVRND- SD - PT,0,267155223208308,0,78,B0DP2VVRND,319512971642435,0.0,1,WM- Monitor Arms- B0DP2VVRND- SD - PT,FBA79613,MS1ML,White Mulberry,Monitor Arm,Monitor Arm,
2026-07-23,B0DP2VVRND,0.0,WM- Monitor Arms- B0DP2VVRND- SD - PT,0,267155223208308,0,38,B0DP2VVRND,319512971642435,0.0,0,WM- Monitor Arms- B0DP2VVRND- SD - PT,FBA79613,MS1ML,White Mulberry,Monitor Arm,Monitor Arm,
2026-07-24,B0DP2VVRND,62.23,WM- Monitor Arms- B0DP2VVRND- SD - PT,0,267155223208308,0,112,B0DP2VVRND,319512971642435,0.0,2,WM- Monitor Arms- B0DP2VVRND- SD - PT,FBA79613,MS1ML,White Mulberry,Monitor Arm,Monitor Arm,
2026-07-25,B0DP2VVRND,0.0,WM- Monitor Arms- B0DP2VVRND- SD - PT,0,267155223208308,0,129,B0DP2VVRND,319512971642435,0.0,0,WM- Monitor Arms- B0DP2VVRND- SD - PT,FBA79613,MS1ML,White Mulberry,Monitor Arm,Monitor Arm,
2026-07-26,B0DP2VVRND,0.0,WM- Monitor Arms- B0DP2VVRND- SD - PT,0,267155223208308,0,125,B0DP2VVRND,319512971642435,0.0,0,WM- Monitor Arms- B0DP2VVRND- SD - PT,FBA79613,MS1ML,White Mulberry,Monitor Arm,Monitor Arm,
2026-07-27,B0DP2VVRND,0.0,WM- Monitor Arms- B0DP2VVRND- SD - PT,0,267155223208308,0,7,B0DP2VVRND,319512971642435,0.0,0,WM- Monitor Arms- B0DP2VVRND- SD - PT,FBA79613,MS1ML,White Mulberry,Monitor Arm,Monitor Arm,
2026-07-28,B0DP2VVRND,0.0,WM- Monitor Arms- B0DP2VVRND- SD - PT,0,267155223208308,0,0,B0DP2VVRND,319512971642435,0.0,0,WM- Monitor Arms- B0DP2VVRND- SD - PT,FBA79613,MS1ML,White Mulberry,Monitor Arm,Monitor Arm,
2026-07-29,B0DP2VVRND,0.0,WM- Monitor Arms- B0DP2VVRND- SD - PT,0,267155223208308,0,0,B0DP2VVRND,319512971642435,0.0,0,WM- Monitor Arms- B0DP2VVRND- SD - PT,FBA79613,MS1ML,White Mulberry,Monitor Arm,Monitor Arm,
2026-07-30,B0DP2VVRND,0.0,WM- Monitor Arms- B0DP2VVRND- SD - PT,0,267155223208308,0,0,B0DP2VVRND,319512971642435,0.0,0,WM- Monitor Arms- B0DP2VVRND- SD - PT,FBA79613,MS1ML,White Mulberry,Monitor Arm,Monitor Arm,
2026-07-31,B0DP2VVRND,0.0,WM- Monitor Arms- B0DP2VVRND- SD - PT,0,267155223208308,0,0,B0DP2VVRND,319512971642435,0.0,0,WM- Monitor Arms- B0DP2VVRND- SD - PT,FBA79613,MS1ML,White Mulberry,Monitor Arm,Monitor Arm,
2026-07-22,B0DB5YTQZV,0.0,WM- Monitor Arms- B0DB5YTQZV- SD - PT,0,73410064682349,0,464,B0DB5YTQZV,294868896407908,0.0,0,WM- Monitor Arms- B0DB5YTQZV- SD - PT,FBA79479,WM-HA2M-BK,White Mulberry,Monitor Arm,Monitor Arm,
2026-07-23,B0DB5YTQZV,30.63,WM- Monitor Arms- B0DB5YTQZV- SD - PT,1,73410064682349,1,499,B0DB5YTQZV,294868896407908,1694.07,1,WM- Monitor Arms- B0DB5YTQZV- SD - PT,FBA79479,WM-HA2M-BK,White Mulberry,Monitor Arm,Monitor Arm,
2026-07-24,B0DB5YTQZV,33.68,WM- Monitor Arms- B0DB5YTQZV- SD - PT,0,73410064682349,0,617,B0DB5YTQZV,294868896407908,0.0,1,WM- Monitor Arms- B0DB5YTQZV- SD - PT,FBA79479,WM-HA2M-BK,White Mulberry,Monitor Arm,Monitor Arm,
2026-07-25,B0DB5YTQZV,51.0,WM- Monitor Arms- B0DB5YTQZV- SD - PT,0,73410064682349,0,904,B0DB5YTQZV,294868896407908,0.0,2,WM- Monitor Arms- B0DB5YTQZV- SD - PT,FBA79479,WM-HA2M-BK,White Mulberry,Monitor Arm,Monitor Arm,
2026-07-26,B0DB5YTQZV,12.89,WM- Monitor Arms- B0DB5YTQZV- SD - PT,0,73410064682349,0,857,B0DB5YTQZV,294868896407908,0.0,2,WM- Monitor Arms- B0DB5YTQZV- SD - PT,FBA79479,WM-HA2M-BK,White Mulberry,Monitor Arm,Monitor Arm,
2026-07-27,B0DB5YTQZV,0.0,WM- Monitor Arms- B0DB5YTQZV- SD - PT,0,73410064682349,0,19,B0DB5YTQZV,294868896407908,0.0,0,WM- Monitor Arms- B0DB5YTQZV- SD - PT,FBA79479,WM-HA2M-BK,White Mulberry,Monitor Arm,Monitor Arm,
2026-07-28,B0DB5YTQZV,0.0,WM- Monitor Arms- B0DB5YTQZV- SD - PT,0,73410064682349,0,0,B0DB5YTQZV,294868896407908,0.0,0,WM- Monitor Arms- B0DB5YTQZV- SD - PT,FBA79479,WM-HA2M-BK,White Mulberry,Monitor Arm,Monitor Arm,
2026-07-29,B0DB5YTQZV,0.0,WM- Monitor Arms- B0DB5YTQZV- SD - PT,0,73410064682349,0,0,B0DB5YTQZV,294868896407908,0.0,0,WM- Monitor Arms- B0DB5YTQZV- SD - PT,FBA79479,WM-HA2M-BK,White Mulberry,Monitor Arm,Monitor Arm,
2026-07-30,B0DB5YTQZV,0.0,WM- Monitor Arms- B0DB5YTQZV- SD - PT,0,73410064682349,0,0,B0DB5YTQZV,294868896407908,0.0,0,WM- Monitor Arms- B0DB5YTQZV- SD - PT,FBA79479,WM-HA2M-BK,White Mulberry,Monitor Arm,Monitor Arm,
2026-07-31,B0DB5YTQZV,0.0,WM- Monitor Arms- B0DB5YTQZV- SD - PT,0,73410064682349,0,0,B0DB5YTQZV,294868896407908,0.0,0,WM- Monitor Arms- B0DB5YTQZV- SD - PT,FBA79479,WM-HA2M-BK,White Mulberry,Monitor Arm,Monitor Arm,
