"return-date","order-id","sku","asin","fnsku","product-name","quantity","fulfillment-center-id","detailed-disposition","reason","license-plate-number","customer-comments"
"2026-05-22T06:21:53+00:00","403-7290142-8927520","FBA79263","B0CYSLCRQS","X001ZOLVQP","NexLev Mattress, Sofa & Carpet Vacuum Cleaner | For Dust Mites, Allergens & Pet Hair | 4 Step Cleansing with Double Beat, UV Light, Dehumidification & Vacuum | HEPA captures 99.99% Dust|MR-01","1","BOM7","SELLABLE","UNDELIVERABLE_REFUSED","LPNBOM7D20100233",
"2026-05-22T05:41:35+00:00","406-9924913-1252333","FBA79349","B0D9KDQCCM","X00230EXN3","Nexlev Portable Sewing Machine| 2 Speed Settings| Cordless| Battery operated| USB Type C cord for Plug-in| Quick Fix DIY|Portable & Compact| for all Fabrics| 1 Year Warranty| White","1","CCX1","SELLABLE","QUALITY_UNACCEPTABLE","LPNCCX1B1331348","Not working"
"2026-05-22T05:39:36+00:00","404-0949736-9973952","FBA79272","B0D2LFMY48","X0020G86UB","Nexlev Hair Styling Straightener & Curler| 2 in 1 Hair Styler| 200°C in 30 Seconds| Long Ceramic Floating Plates| Rounded Body for Curls| Plate Lock| Portable HS-01, Hair Straightener Tong - Black","1","CJB1","SELLABLE","UNDELIVERABLE_REFUSED","LPNCJB1Y979270",
"2026-05-22T05:24:45+00:00","407-6440489-0833122","FBA79849","B0FPGDVVCX","X002E6PMZ9","nexlev Calf Massager | Daily Use Leg Massager for Sore Muscle | Hand Like Massage with Air Compression | Improve Blood Circulation & Relieve Pain | 2500 mAh | Large Belt | Type C |CFM-03|Pack of 2","1","DEL5","SELLABLE","UNDELIVERABLE_REFUSED","LPNDEL5S14220620",
"2026-05-22T05:20:25+00:00","404-5982116-6977158","FBA79682","B0DVC8NYY2","X002872SBZ","NexLev 2.2L Ultrasonic Cool Mist Humidifier for Bedroom, Baby Nursery & Plants | 30H Runtime, Quiet Operation, 360° Nozzle, Adjustable Mist, Auto Shut-Off, Leak Proof | HU-02","1","HYD8","SELLABLE","DEFECTIVE","LPNHYD8DZ45728",
"2026-05-22T04:54:59+00:00","403-0145198-5257139","FBA79493","B0DQCWRG3H","X00272C0EV","NexLev Ionic 3 in 1 Hot Air Brush|1.5 Inch Barrel |Volumizer Blow Dryer & Styler|Ceramic Tourmaline Coated for Heat Protection|1200W|Dual Bristle for Tangle Free Styling|Salon Like Styles at Home|V-03","1","CJB1","SELLABLE","UNDELIVERABLE_UNKNOWN","LPNCJB1X016994",
"2026-05-22T04:43:00+00:00","408-2724610-8344347","FBA79277","B0D672NXC8","X0021NWGBN","Nexlev SWIPE Steam Cleaner | 3.5 Bar Strong Steam|Multipurpose Steam Cleaner for Car, Kitchen, Bathroom, Floor, Window,Glass,Upholstery| 18 Accessories Kit|Safety Lock| Large 1200ML Water Tank | SC-03","1","BOM5","CARRIER_DAMAGED","UNDELIVERABLE_REFUSED","LPNBOM5F5068401",
"2026-05-22T04:39:37+00:00","403-7242521-6005150","FBA79349","B0D9KDQCCM","X00230EXN3","Nexlev Portable Sewing Machine| 2 Speed Settings| Cordless| Battery operated| USB Type C cord for Plug-in| Quick Fix DIY|Portable & Compact| for all Fabrics| 1 Year Warranty| White","1","MAA4","DEFECTIVE","DEFECTIVE","LPNMAA4Z2355672","Not working 😐 not satisfied poor stitching"
"2026-05-22T04:20:15+00:00","403-8868713-6731569","FBA79652","B0F43P6D23","X002A07CLV","NexLev Steam Cleaner | Complete Home Kitchen Floor Bathroom Car & Office Cleaning machine | 9 Accessories | 450 ML | Window Pane Sink Grime Chimney Grease Water Stain Cleaner| 4 M Cord |1050W |SC-05","1","BLR8","CUSTOMER_DAMAGED","UNWANTED_ITEM","LPNBLR8Z4265443",
"2026-05-22T04:18:48+00:00","406-9378823-1531524","FBA79590","B0DM6BB3VT","X00263BT43","NexLev Calf Massager | Daily Use Leg Massager for Sore Muscle |1 Piece | Hand Like Massage with Air Compression | Improve Blood Circulation & Relieve Pain | 2500 mAh | Large Belt | Type C |CFM-01","1","DED4","SELLABLE","DEFECTIVE","LPNDED4A0530148",
"2026-05-22T04:15:59+00:00","402-0212527-9185924","FBA79263","B0CYSLCRQS","X001ZOLVQP","NexLev Mattress, Sofa & Carpet Vacuum Cleaner | For Dust Mites, Allergens & Pet Hair | 4 Step Cleansing with Double Beat, UV Light, Dehumidification & Vacuum | HEPA captures 99.99% Dust|MR-01","1","BOM7","SELLABLE","UNDELIVERABLE_UNKNOWN","LPNBOM7D20120261",
"2026-05-22T04:13:31+00:00","404-0014341-3023504","FBA79652","B0F43P6D23","X002A07CLV","NexLev Steam Cleaner | Complete Home Kitchen Floor Bathroom Car & Office Cleaning machine | 9 Accessories | 450 ML | Window Pane Sink Grime Chimney Grease Water Stain Cleaner| 4 M Cord |1050W |SC-05","1","PNQ3","SELLABLE","MISSED_ESTIMATED_DELIVERY","LPNPNQ3A4460597",
"2026-05-22T04:05:36+00:00","405-9705902-7515530","FBA79590","B0DM6BB3VT","X00263BT43","NexLev Calf Massager | Daily Use Leg Massager for Sore Muscle |1 Piece | Hand Like Massage with Air Compression | Improve Blood Circulation & Relieve Pain | 2500 mAh | Large Belt | Type C |CFM-01","1","BLR8","SELLABLE","DEFECTIVE","LPNBLR8Z3682855",
"2026-05-21T18:15:05+00:00","402-9084433-7913156","FBA79652","B0F43P6D23","X002A07CLV","NexLev Steam Cleaner | Complete Home Kitchen Floor Bathroom Car & Office Cleaning machine | 9 Accessories | 450 ML | Window Pane Sink Grime Chimney Grease Water Stain Cleaner| 4 M Cord |1050W |SC-05","1","BOM5","SELLABLE","UNWANTED_ITEM","LPNBOM5F5120470",
"2026-05-21T14:17:19+00:00","402-9485675-7782727","FBA79652","B0F43P6D23","X002A07CLV","NexLev Steam Cleaner | Complete Home Kitchen Floor Bathroom Car & Office Cleaning machine | 9 Accessories | 450 ML | Window Pane Sink Grime Chimney Grease Water Stain Cleaner| 4 M Cord |1050W |SC-05","1","BOM5","CUSTOMER_DAMAGED","UNWANTED_ITEM","LPNBOM5F5011609",
"2026-05-21T12:16:18+00:00","406-7269607-4578719","FBA79489","B0DFD123P5","X00243S2SB","Nexlev MultiPurpose Electric Food Kettle|1.5 L Ceramic Pot | 600W| Boil, Steam, Fry, Saute| Double Layered Body| 2 Temperature Settings| Multi Cooker for Water, Egg, Tea, Soup, Noodles, Rice| KE-02","1","BOM5","SELLABLE","UNDELIVERABLE_REFUSED","LPNBOM5F5016581",
"2026-05-21T11:47:22+00:00","402-8579791-3140364","FBA79374","B0D2P7WLJB","X0020GXQNX","NexLev Smart Electric Toothbrush for Adults |2-Min Timer with Quadpacer |2 Replaceable Heads | AAA Battery |3 Modes (Daily, Normal & Sesitive) |Upto 60 Days | Travel Case | Soft Bristles |ET-02 Green","1","HYD8","SELLABLE","UNDELIVERABLE_REFUSED","LPNHYD8DZ96524",
"2026-05-21T11:35:04+00:00","406-1278845-8652337","FBA79277","B0D672NXC8","X0021NWGBN","Nexlev SWIPE Steam Cleaner | 3.5 Bar Strong Steam|Multipurpose Steam Cleaner for Car, Kitchen, Bathroom, Floor, Window,Glass,Upholstery| 18 Accessories Kit|Safety Lock| Large 1200ML Water Tank | SC-03","1","DEL4","CUSTOMER_DAMAGED","DEFECTIVE","LPNDEL4AA2147776",
"2026-05-21T11:22:31+00:00","407-8622070-0919511","FBA78981","B0CDPP45BM","X001U1K281","NexLev Steam Cleaner | For Complete Home Kitchen Bathroom Car Sofa & Office Cleaning Machine | 9 Accessories |300 ML | Window Pane, Sink, Chimney Grease, Water Stain Cleaner| 5 Mtr Cord | 1000W |SC-01","1","MAA4","CUSTOMER_DAMAGED","DEFECTIVE","LPNMAA4Z2324472",
"2026-05-21T10:17:08+00:00","404-5320352-1750730","FBA79473","B0DJFH6RTL","X0025ABAJL","NexLev Portable Tyre Inflator for Car, Bike, Cycle|150 PSI Pressure| 120 Watt Air Pump|12V Car Plug| Digital Display| Auto Shut-Off| Emergency LED Light| 3m Cord| 3 Air Nozzles| Compact| AER TI-02","1","BLR8","SELLABLE","FOUND_BETTER_PRICE","LPNBLR8Z3167865",
"2026-05-21T10:02:31+00:00","408-0481475-5589104","FBA79276","B0D2LJSQXZ","X0020G47PT","NexLev Steam Mop | Chemical Free Mopping | Floor Cleaning + Carpet Steaming | 4 Extra Mop-Pads |400 ML | 1300W | Floor Disinfectant | For All surface Types | 4mtr long Cord | Wet & Dry Mopping | SM-01","1","BLR8","SELLABLE","UNDELIVERABLE_REFUSED","LPNBLR8Z3183248",
"2026-05-21T08:48:02+00:00","408-1520861-3639553","FBA79267","B0D2LD6BYJ","X0020G121B","NexLev 6-in-1 trimmer | Sensitive Bikini Trimmer for Women | Skin Safe with Rounded Tips & Foil Shaver| Hair Removal for Intimate Areas, Face, Arms, Legs & Body | 90 min Runtime |2H Quick Charge |T-02","1","HYD8","SELLABLE","UNDELIVERABLE_REFUSED","LPNHYD8DZ93851",
"2026-05-21T08:12:56+00:00","404-8749477-2066747","FBA79277","B0D672NXC8","X0021NWGBN","Nexlev SWIPE Steam Cleaner | 3.5 Bar Strong Steam|Multipurpose Steam Cleaner for Car, Kitchen, Bathroom, Floor, Window,Glass,Upholstery| 18 Accessories Kit|Safety Lock| Large 1200ML Water Tank | SC-03","1","MAA4","CUSTOMER_DAMAGED","QUALITY_UNACCEPTABLE","LPNMAA4Z2305157",
"2026-05-21T08:11:36+00:00","407-3730434-0055547","FBK80015","B0GKNGWLJ2","X002IVBZ1F","NexLev Cordless Spin Mop|50 Min Runtime|2 Extra Mop Pads | Type C | For Home Kitchen & Office Use | Water Spray Function|Self Propelling|Mopping for All Floor Types|LED for Corners and Underbed|SPM-01","1","DEL4","SELLABLE","NEVER_ARRIVED","LPNDEL4AA0995651",
"2026-05-21T08:03:30+00:00","408-9916479-9735569","FBA79489","B0DFD123P5","X00243S2SB","Nexlev MultiPurpose Electric Food Kettle|1.5 L Ceramic Pot | 600W| Boil, Steam, Fry, Saute| Double Layered Body| 2 Temperature Settings| Multi Cooker for Water, Egg, Tea, Soup, Noodles, Rice| KE-02","1","MAA4","DEFECTIVE","SWITCHEROO","LPNMAA4Z2330421","I ordered white colour ceremic but i Received black ceremic..and the product it seems like it has been used already."
"2026-05-21T07:58:05+00:00","406-1067337-2465902","FBA79267","B0D2LD6BYJ","X0020G121B","NexLev 6-in-1 trimmer | Sensitive Bikini Trimmer for Women | Skin Safe with Rounded Tips & Foil Shaver| Hair Removal for Intimate Areas, Face, Arms, Legs & Body | 90 min Runtime |2H Quick Charge |T-02","1","CCX1","SELLABLE","UNDELIVERABLE_REFUSED","LPNCCX1B2911544",
"2026-05-21T07:54:58+00:00","408-7885960-9890710","FBA79573","B0DKK15YNJ","X0025R5BTT","NexLev Oil Applicator Comb|Red Led Light Therapy |Boost Hair Growth| Reduce Dandruff | Relieve Stress |High Vibration Corded Electric Scalp/Head Massager | 6 ML Oil Tank | 2 Hr Run-Time| Type-C|EA-02","1","BOM5","CUSTOMER_DAMAGED","DEFECTIVE","LPNBOM5F5131331",
"2026-05-21T07:48:29+00:00","402-6269216-9349949","FBA79652","B0F43P6D23","X002A07CLV","NexLev Steam Cleaner | Complete Home Kitchen Floor Bathroom Car & Office Cleaning machine | 9 Accessories | 450 ML | Window Pane Sink Grime Chimney Grease Water Stain Cleaner| 4 M Cord |1050W |SC-05","1","HYD8","DEFECTIVE","DAMAGED_BY_FC","LPNHYD8EE71806","One of the attachment is broken"
"2026-05-21T07:44:20+00:00","403-3917698-8601155","FBA79652","B0F43P6D23","X002A07CLV","NexLev Steam Cleaner | Complete Home Kitchen Floor Bathroom Car & Office Cleaning machine | 9 Accessories | 450 ML | Window Pane Sink Grime Chimney Grease Water Stain Cleaner| 4 M Cord |1050W |SC-05","1","BLR8","CUSTOMER_DAMAGED","DEFECTIVE","LPNBLR8Z6179409",
"2026-05-21T07:39:57+00:00","404-5201655-8855565","FBA79263","B0CYSLCRQS","X001ZOLVQP","NexLev Mattress, Sofa & Carpet Vacuum Cleaner | For Dust Mites, Allergens & Pet Hair | 4 Step Cleansing with Double Beat, UV Light, Dehumidification & Vacuum | HEPA captures 99.99% Dust|MR-01","1","DEL5","CARRIER_DAMAGED","UNDELIVERABLE_REFUSED","LPNDEL5S14025179",
"2026-05-21T07:06:23+00:00","407-6146792-6409115","FBA79652","B0F43P6D23","X002A07CLV","NexLev Steam Cleaner | Complete Home Kitchen Floor Bathroom Car & Office Cleaning machine | 9 Accessories | 450 ML | Window Pane Sink Grime Chimney Grease Water Stain Cleaner| 4 M Cord |1050W |SC-05","1","AMD2","CUSTOMER_DAMAGED","FOUND_BETTER_PRICE","LPNAMD2M4201053",
"2026-05-21T06:42:11+00:00","407-0137860-1934769","FBA79567","B0DNJS23HS","X0026FJYJD","NexLev 10 in 1 Steam Cleaner & Mop|2 Steam Modes| Mopping & Deep Cleaning Home Car Sofa Bathroom Kitchen & Office |For All Surfaces|350ML|Chemical Free Cleaning | Detachable & Foldable|SC-04","1","BLR8","SELLABLE","MISSING_PARTS","LPNBLR8Z3682551",
"2026-05-21T06:25:24+00:00","404-0187265-0689957","FBA79349","B0D9KDQCCM","X00230EXN3","Nexlev Portable Sewing Machine| 2 Speed Settings| Cordless| Battery operated| USB Type C cord for Plug-in| Quick Fix DIY|Portable & Compact| for all Fabrics| 1 Year Warranty| White","1","BOM5","CUSTOMER_DAMAGED","NOT_COMPATIBLE","LPNBOM5F5144332",
"2026-05-21T06:14:11+00:00","406-4962783-4390733","FBA79349","B0D9KDQCCM","X00230EXN3","Nexlev Portable Sewing Machine| 2 Speed Settings| Cordless| Battery operated| USB Type C cord for Plug-in| Quick Fix DIY|Portable & Compact| for all Fabrics| 1 Year Warranty| White","1","MAA4","SELLABLE","QUALITY_UNACCEPTABLE","LPNMAA4Z2355195","quality not good."
"2026-05-21T05:52:01+00:00","406-8193849-5073136","FBA79473","B0DJFH6RTL","X0025ABAJL","NexLev Portable Tyre Inflator for Car, Bike, Cycle|150 PSI Pressure| 120 Watt Air Pump|12V Car Plug| Digital Display| Auto Shut-Off| Emergency LED Light| 3m Cord| 3 Air Nozzles| Compact| AER TI-02","1","BLR8","CUSTOMER_DAMAGED","MISSING_PARTS","LPNBLR8Z3157471",
"2026-05-21T05:44:21+00:00","407-4441732-9077918","FBA79265","B0D2LHNS9B","X0020FWBW1","NexLev Foot Callus Remover Electric Scrubber & Shaver for Dead, Hard & Cracked Skin Professional Pedicure at Home Waterproof Type C 3 Crystal Quartz Heads for Men and Women CR-01","1","BLR8","SELLABLE","DEFECTIVE","LPNBLR8Z3157465",
"2026-05-21T04:59:42+00:00","171-9250305-2155563","FBA79265","B0D2LHNS9B","X0020FWBW1","NexLev Foot Callus Remover Electric Scrubber & Shaver for Dead, Hard & Cracked Skin Professional Pedicure at Home Waterproof Type C 3 Crystal Quartz Heads for Men and Women CR-01","1","BOM7","SELLABLE","DEFECTIVE","LPNBOM7D20001024",
"2026-05-21T04:56:55+00:00","408-6243759-3537917","FBA79652","B0F43P6D23","X002A07CLV","NexLev Steam Cleaner | Complete Home Kitchen Floor Bathroom Car & Office Cleaning machine | 9 Accessories | 450 ML | Window Pane Sink Grime Chimney Grease Water Stain Cleaner| 4 M Cord |1050W |SC-05","1","DEL5","CUSTOMER_DAMAGED","UNWANTED_ITEM","LPNDEL5S14220086",
"2026-05-21T04:12:52+00:00","405-2976998-4798734","FBA79652","B0F43P6D23","X002A07CLV","NexLev Steam Cleaner | Complete Home Kitchen Floor Bathroom Car & Office Cleaning machine | 9 Accessories | 450 ML | Window Pane Sink Grime Chimney Grease Water Stain Cleaner| 4 M Cord |1050W |SC-05","1","BLR7","SELLABLE","QUALITY_UNACCEPTABLE","LPNBLR7Y7354407",
"2026-05-21T04:08:39+00:00","408-7427744-7545139","FBA79349","B0D9KDQCCM","X00230EXN3","Nexlev Portable Sewing Machine| 2 Speed Settings| Cordless| Battery operated| USB Type C cord for Plug-in| Quick Fix DIY|Portable & Compact| for all Fabrics| 1 Year Warranty| White","1","CCX1","CUSTOMER_DAMAGED","QUALITY_UNACCEPTABLE","LPNCCX1B2927920",
"2026-05-20T22:34:06+00:00","171-9125268-7017161","FBA79567","B0DNJS23HS","X0026FJYJD","NexLev 10 in 1 Steam Cleaner & Mop|2 Steam Modes| Mopping & Deep Cleaning Home Car Sofa Bathroom Kitchen & Office |For All Surfaces|350ML|Chemical Free Cleaning | Detachable & Foldable|SC-04","1","CCX1","CUSTOMER_DAMAGED","MISSING_PARTS","LPNCCX1B5145881",
"2026-05-20T15:21:22+00:00","408-8409570-7360345","FBA79590","B0DM6BB3VT","X00263BT43","NexLev Calf Massager | Daily Use Leg Massager for Sore Muscle |1 Piece | Hand Like Massage with Air Compression | Improve Blood Circulation & Relieve Pain | 2500 mAh | Large Belt | Type C |CFM-01","1","CCX1","SELLABLE","DEFECTIVE","LPNCCX1B2907847",
"2026-05-20T12:40:53+00:00","171-5033246-9353932","FBA79652","B0F43P6D23","X002A07CLV","NexLev Steam Cleaner | Complete Home Kitchen Floor Bathroom Car & Office Cleaning machine | 9 Accessories | 450 ML | Window Pane Sink Grime Chimney Grease Water Stain Cleaner| 4 M Cord |1050W |SC-05","1","BLR8","SELLABLE","UNDELIVERABLE_UNKNOWN","LPNBLR8Z3157346",
"2026-05-20T12:18:05+00:00","407-0497737-8597143","FBA79263","B0CYSLCRQS","X001ZOLVQP","NexLev Mattress, Sofa & Carpet Vacuum Cleaner | For Dust Mites, Allergens & Pet Hair | 4 Step Cleansing with Double Beat, UV Light, Dehumidification & Vacuum | HEPA captures 99.99% Dust|MR-01","1","DEL4","SELLABLE","UNDELIVERABLE_UNKNOWN","LPNDEL4AA0993208",
"2026-05-20T11:50:36+00:00","407-7977396-2811512","FBA78980","B0CDPMX152","X001U1DYK9","NexLev Handheld Garment Steamer | 1500 Watts | 300 ML| Standing & Horizontal Iron Press | Damage Free Steaming for all Cloth Types | 25s Quick Heat |Upto 5 Clothes in One Fill | Travel Friendly |GS-02","1","BLR8","CUSTOMER_DAMAGED","DEFECTIVE","LPNBLR8Z3157313",
"2026-05-20T11:49:46+00:00","403-7988078-7754765","FBA79349","B0D9KDQCCM","X00230EXN3","Nexlev Portable Sewing Machine| 2 Speed Settings| Cordless| Battery operated| USB Type C cord for Plug-in| Quick Fix DIY|Portable & Compact| for all Fabrics| 1 Year Warranty| White","1","LKO1","DEFECTIVE","QUALITY_UNACCEPTABLE","LPNLKO1B1344410","It is not working properly"
"2026-05-20T10:22:51+00:00","404-8733822-0079544","FBA78981","B0CDPP45BM","X001U1K281","NexLev Steam Cleaner | For Complete Home Kitchen Bathroom Car Sofa & Office Cleaning Machine | 9 Accessories |300 ML | Window Pane, Sink, Chimney Grease, Water Stain Cleaner| 5 Mtr Cord | 1000W |SC-01","1","LKO1","CARRIER_DAMAGED","UNDELIVERABLE_REFUSED","LPNLKO1B1687351",
"2026-05-20T09:32:12+00:00","405-7651351-2168312","FBA79652","B0F43P6D23","X002A07CLV","NexLev Steam Cleaner | Complete Home Kitchen Floor Bathroom Car & Office Cleaning machine | 9 Accessories | 450 ML | Window Pane Sink Grime Chimney Grease Water Stain Cleaner| 4 M Cord |1050W |SC-05","1","PNQ3","CARRIER_DAMAGED","UNDELIVERABLE_REFUSED","LPNPNQ3A4487820",
"2026-05-20T08:54:46+00:00","406-5182689-2333952","FBA79493","B0DQCWRG3H","X00272C0EV","NexLev Ionic 3 in 1 Hot Air Brush|1.5 Inch Barrel |Volumizer Blow Dryer & Styler|Ceramic Tourmaline Coated for Heat Protection|1200W|Dual Bristle for Tangle Free Styling|Salon Like Styles at Home|V-03","1","HYD8","SELLABLE","UNDELIVERABLE_REFUSED","LPNHYD8EA26015",
"2026-05-20T08:54:46+00:00","406-1929854-9023505","FBA79493","B0DQCWRG3H","X00272C0EV","NexLev Ionic 3 in 1 Hot Air Brush|1.5 Inch Barrel |Volumizer Blow Dryer & Styler|Ceramic Tourmaline Coated for Heat Protection|1200W|Dual Bristle for Tangle Free Styling|Salon Like Styles at Home|V-03","1","HYD8","SELLABLE","UNDELIVERABLE_REFUSED","LPNHYD8EA26016",
"2026-05-20T08:53:25+00:00","171-3796502-9333902","FBA79265","B0D2LHNS9B","X0020FWBW1","NexLev Foot Callus Remover | Electric Scrubber & Shaver for Dead, Hard & Cracked Skin | Professional Pedicure at Home | Waterproof | Type C | 3 Crystal Quartz Heads | For Men and Women| CR-01","1","CCX1","CUSTOMER_DAMAGED","MISSING_PARTS","LPNCCX1B3951405",
"2026-05-20T05:21:10+00:00","171-2880616-2750757","FBA79567","B0DNJS23HS","X0026FJYJD","NexLev 10 in 1 Steam Cleaner & Mop|2 Steam Modes| Mopping & Deep Cleaning Home Car Sofa Bathroom Kitchen & Office |For All Surfaces|350ML|Chemical Free Cleaning | Detachable & Foldable|SC-04","1","HYD8","CUSTOMER_DAMAGED","QUALITY_UNACCEPTABLE","LPNHYD8DZ39589",
"2026-05-20T05:10:35+00:00","408-6282499-1369932","FBA79349","B0D9KDQCCM","X00230EXN3","Nexlev Portable Sewing Machine| 2 Speed Settings| Cordless| Battery operated| USB Type C cord for Plug-in| Quick Fix DIY|Portable & Compact| for all Fabrics| 1 Year Warranty| White","1","HYD8","CUSTOMER_DAMAGED","NOT_COMPATIBLE","LPNHYD8EB35847",
"2026-05-20T04:52:02+00:00","405-7177587-2347510","FBA79404","B0D9KFZYG8","X00230BF25","NexLev Steamer For Cold & Cough| Face Steam,Inhaler & Vaporizer | Perfect for Facial & Aromatherapy | Nano Ionic Steam | Uv Sterilization | Aroma Diffuser|30 Sec Heating|Avoid Burns & Spillage | FS-01","1","BLR8","CUSTOMER_DAMAGED","DEFECTIVE","LPNBLR8Z6199804",
"2026-05-20T04:34:52+00:00","406-9116520-0104335","FBA79652","B0F43P6D23","X002A07CLV","NexLev Steam Cleaner | Complete Home Kitchen Floor Bathroom Car & Office Cleaning machine | 9 Accessories | 450 ML | Window Pane Sink Grime Chimney Grease Water Stain Cleaner| 4 M Cord |1050W |SC-05","1","HYD8","CUSTOMER_DAMAGED","UNWANTED_ITEM","LPNHYD8EE74747",
"2026-05-20T04:10:30+00:00","171-1333313-1514716","FBP79350","B0D67727VG","X0024F173L","NexLev LED Therapy Oil Applicator | Reduce Dandruff | Improve Hair Growth | EMS for Scalp Improvement | Red & Blue Light | High Frequency Massage for Better Absorption | 10 ML | Waterproof | EA-01","1","BLR8","CUSTOMER_DAMAGED","QUALITY_UNACCEPTABLE","LPNBLR8Z4571186",
"2026-05-20T03:57:47+00:00","403-6830643-1666702","FBA79349","B0D9KDQCCM","X00230EXN3","Nexlev Portable Sewing Machine| 2 Speed Settings| Cordless| Battery operated| USB Type C cord for Plug-in| Quick Fix DIY|Portable & Compact| for all Fabrics| 1 Year Warranty| White","1","CJB1","SELLABLE","QUALITY_UNACCEPTABLE","LPNCJB1Y978469","Funding"
"2026-05-19T22:25:00+00:00","403-8542131-4265909","FBA78980","B0CDPMX152","X001U1DYK9","NexLev Handheld Garment Steamer | 1500 Watts | 300 ML| Standing & Horizontal Iron Press | Damage Free Steaming for all Cloth Types | 25s Quick Heat |Upto 5 Clothes in One Fill | Travel Friendly |GS-02","1","BLR8","SELLABLE","DEFECTIVE","LPNBLR8Z6199677",
"2026-05-19T16:47:30+00:00","403-2812832-0603569","FBA79652","B0F43P6D23","X002A07CLV","NexLev Steam Cleaner | Complete Home Kitchen Floor Bathroom Car & Office Cleaning machine | 9 Accessories | 450 ML | Window Pane Sink Grime Chimney Grease Water Stain Cleaner| 4 M Cord |1050W |SC-05","1","CCX1","SELLABLE","DEFECTIVE","LPNCCX1B2921159",
"2026-05-19T16:39:42+00:00","404-1249567-0074743","FBA79277","B0D672NXC8","X0021NWGBN","Nexlev SWIPE Steam Cleaner | 3.5 Bar Strong Steam|Multipurpose Steam Cleaner for Car, Kitchen, Bathroom, Floor, Window,Glass,Upholstery| 18 Accessories Kit|Safety Lock| Large 1200ML Water Tank | SC-03","1","CCX1","CARRIER_DAMAGED","UNDELIVERABLE_REFUSED","LPNCCX1B2940604",
"2026-05-19T12:30:34+00:00","404-1747524-4251511","FBA79439","B0DCK7ZH5P","X0023KW3JJ","NexLev Mattress, Sofa, Carpet & Car Seat Vacuum Cleaner|For Dust Mites Allergens & Pet Hair|Cordless Design|1500*3 mAh |UV Sterilization, Double Beat Technology|Type C| HEPA captures 99.99% Dust|MR-02","1","BOM7","SELLABLE","UNDELIVERABLE_REFUSED","LPNBOM7D20103161",
"2026-05-19T12:03:16+00:00","405-5771231-3165163","FBA79349","B0D9KDQCCM","X00230EXN3","Nexlev Portable Sewing Machine| 2 Speed Settings| Cordless| Battery operated| USB Type C cord for Plug-in| Quick Fix DIY|Portable & Compact| for all Fabrics| 1 Year Warranty| White","1","DEL4","SELLABLE","QUALITY_UNACCEPTABLE","LPNDEL4AA1150311","Machine is used and huge. Not travel friendly"
"2026-05-19T11:26:37+00:00","405-1455968-6602721","FBA79349","B0D9KDQCCM","X00230EXN3","Nexlev Portable Sewing Machine| 2 Speed Settings| Cordless| Battery operated| USB Type C cord for Plug-in| Quick Fix DIY|Portable & Compact| for all Fabrics| 1 Year Warranty| White","1","DEL5","DEFECTIVE","NOT_COMPATIBLE","LPNDEL5S13628575","Ths stitching is not good and uneven. Low quality"
"2026-05-19T10:29:36+00:00","404-5369398-2956323","FBA79590","B0DM6BB3VT","X00263BT43","NexLev Calf Massager | Daily Use Leg Massager for Sore Muscle |1 Piece | Hand Like Massage with Air Compression | Improve Blood Circulation & Relieve Pain | 2500 mAh | Large Belt | Type C |CFM-01","1","LKO1","SELLABLE","DEFECTIVE","LPNLKO1B1839665",
"2026-05-19T10:22:50+00:00","403-6672181-9045904","FBA79440","B0DCGHKRXX","X0023JNZFV","NexLev LED Phototherapy comb | Electric Scalp Massager | Red Light for Regrowth | Blue Light for Anti Dandruff | Hairfall Control | Rechargeable TypeC | Targeted Laser Treatment Machine |3 Modes |LE-02","1","BLR8","SELLABLE","UNDELIVERABLE_UNKNOWN","LPNBLR8Z4570862",
"2026-05-19T09:56:07+00:00","402-2324143-1201108","FBA79679","B0DVC7VJP1","X002876EAV","NexLev Stand Mixer | 5L SS Bowl | 1500W |10 Speeds | Pulse Function |Planetary Rotation | Whisk, Beater & Dough Hook |100% Copper Motor | For Roti Atta, Cookie Dough, Cake, Whip Cream & more | ST-01","1","AMD2","CARRIER_DAMAGED","QUALITY_UNACCEPTABLE","LPNAMD2M3987449",
"2026-05-19T09:09:26+00:00","408-1448818-4789960","FBA79406","B0DCK3N2JJ","X0023L3KG3","NexLev Ionic Cordless Hair Straightener Brush | 60min Runtime | upto 200° Heating | Portable & Type C Rechargeable | Keratin Bristles |Straight, Frizz Free & Shiny Hair | Compact Comb Design | HSB-04","1","CCX1","SELLABLE","UNDELIVERABLE_REFUSED","LPNCCX1B3918753",
"2026-05-19T07:44:17+00:00","171-5063839-4382750","FBA79849","B0FPGDVVCX","X002E6PMZ9","nexlev Calf Massager | Daily Use Leg Massager for Sore Muscle | Hand Like Massage with Air Compression | Improve Blood Circulation & Relieve Pain | 2500 mAh | Large Belt | Type C |CFM-03|Pack of 2","1","DEL5","SELLABLE","UNDELIVERABLE_UNKNOWN","LPNDEL5S14084542",
"2026-05-19T06:29:17+00:00","406-4436477-8169135","FBA79652","B0F43P6D23","X002A07CLV","NexLev Steam Cleaner | Complete Home Kitchen Floor Bathroom Car & Office Cleaning machine | 9 Accessories | 450 ML | Window Pane Sink Grime Chimney Grease Water Stain Cleaner| 4 M Cord |1050W |SC-05","1","BOM7","CUSTOMER_DAMAGED","DAMAGED_BY_CARRIER","LPNBOM7D20014489",
"2026-05-19T05:58:43+00:00","405-2120104-1404330","FBA79406","B0DCK3N2JJ","X0023L3KG3","NexLev Ionic Cordless Hair Straightener Brush | 60min Runtime | upto 200° Heating | Portable & Type C Rechargeable | Keratin Bristles |Straight, Frizz Free & Shiny Hair | Compact Comb Design | HSB-04","1","DEL4","SELLABLE","UNDELIVERABLE_REFUSED","LPNDEL4AA2162990",
"2026-05-19T05:22:16+00:00","408-3507514-2848346","FBA79652","B0F43P6D23","X002A07CLV","nexlev Steam Cleaner | Complete Home Kitchen Floor Bathroom Car & Office Cleaning Machine | 9 Accessories | 450 ML | Window Pane Sink Grime Chimney Grease Water Stain Cleaner| 4 M Cord |1050W |SC-05","1","HYD8","SELLABLE","UNDELIVERABLE_UNKNOWN","LPNHYD8EF80660",
"2026-05-19T05:06:54+00:00","404-5166928-3876308","FBA79464","B0DFCDKMWR","X002432A75","NexLev Cordless Electric Heating Pad| Period Cramp & Back Pain Relief Massager | 9 modes| Menstrual Cramp Relief|Type C| Crampfree Periods | Portable | Gift for Women| Strap upto 40 Inch |Blue CM-01","1","HYD8","CUSTOMER_DAMAGED","DEFECTIVE","LPNHYD8DZ39095",
"2026-05-19T04:45:39+00:00","405-3780648-8018722","FBA79812","B0FS6TB7CP","X002F7TH85","NexLev Portable Blender for Smoothies Milkshakes Juices Baby Food | High Borosilicate Glass Jar | 3000 mAh Battery | Type C | Mix Fruit Juicer Mini | 450ml | For Kitchen & Travel | PB-01","1","CCX1","SELLABLE","UNDELIVERABLE_REFUSED","LPNCCX1B2875693",
"2026-05-19T04:37:57+00:00","407-6544043-1555511","FBA79689","B0DVSZ2VVJ","X0028A07UL","NexLev Calf Massager Pro|Complete Feet Calf Knee and Thigh Massage|Hand like Massage with Air Compression and Heat Therapy|Pain Relief,Muscle Recovery & Enhanced Blood Circulation|3 Intensities|CFM-02","1","HYD8","CUSTOMER_DAMAGED","DEFECTIVE","LPNHYD8DZ93145",
"2026-05-19T04:27:44+00:00","402-6395871-9087554","FBA79652","B0F43P6D23","X002A07CLV","NexLev Steam Cleaner | Complete Home Kitchen Floor Bathroom Car & Office Cleaning machine | 9 Accessories | 450 ML | Window Pane Sink Grime Chimney Grease Water Stain Cleaner| 4 M Cord |1050W |SC-05","1","HYD8","CUSTOMER_DAMAGED","UNWANTED_ITEM","LPNHYD8DZ42896",
"2026-05-19T04:00:13+00:00","408-0102707-2942746","FBA79573","B0DKK15YNJ","X0025R5BTT","NexLev Oil Applicator Comb|Red Led Light Therapy |Boost Hair Growth| Reduce Dandruff | Relieve Stress |High Vibration Corded Electric Scalp/Head Massager | 6 ML Oil Tank | 2 Hr Run-Time| Type-C|EA-02","1","DEL4","SELLABLE","DEFECTIVE","LPNDEL4AA0892852",
"2026-05-19T03:40:48+00:00","408-2612642-2426763","FBA79349","B0D9KDQCCM","X00230EXN3","Nexlev Portable Sewing Machine| 2 Speed Settings| Cordless| Battery operated| USB Type C cord for Plug-in| Quick Fix DIY|Portable & Compact| for all Fabrics| 1 Year Warranty| White","1","BLR7","CUSTOMER_DAMAGED","QUALITY_UNACCEPTABLE","LPNBLR7Y7353657",
"2026-05-19T03:38:06+00:00","402-6668515-2116334","FBA79373","B0D2P5TGWK","X0020H9N9D","NexLev Smart Electric Toothbrush for Adults |2-Min Timer with Quadpacer |2 Replaceable Heads | AAA Battery |3 Modes (Daily, Normal & Sesitive) |Upto 60 Days | Travel Case | Soft Bristles |ET-01 Black","1","MAA4","SELLABLE","UNDELIVERABLE_REFUSED","LPNMAA4Z2427837",
"2026-05-19T03:19:02+00:00","407-1355941-0490752","FBK79271","B0DQ8W1RBV","X00271JY6J","Nexlev Ionic Volumizer|3 In 1 Hot Air Brush To Straight Dry & Volumize|1200 Watts|Reduce Frizz|Ceramic Tourmaline Coated Large Barrel|Salon Like Soft Curl At Home|3 Speed & 2 Heat Settings|V-01 RG","1","BOM5","CUSTOMER_DAMAGED","SWITCHEROO","LPNBOM5F5111270",
"2026-05-18T12:32:43+00:00","402-8169962-7301114","FBA79567","B0DNJS23HS","X0026FJYJD","NexLev 10 in 1 Steam Cleaner & Mop|2 Steam Modes| Mopping & Deep Cleaning Home Car Sofa Bathroom Kitchen & Office |For All Surfaces|350ML|Chemical Free Cleaning | Detachable & Foldable|SC-04","1","BLR7","CUSTOMER_DAMAGED","MISSING_PARTS","LPNBLR7Y7271148",
"2026-05-18T11:46:22+00:00","405-0154644-9100312","FBA79493","B0DQCWRG3H","X00272C0EV","NexLev Ionic 3 in 1 Hot Air Brush|1.5 Inch Barrel |Volumizer Blow Dryer & Styler|Ceramic Tourmaline Coated for Heat Protection|1200W|Dual Bristle for Tangle Free Styling|Salon Like Styles at Home|V-03","1","HYD8","CARRIER_DAMAGED","UNDELIVERABLE_REFUSED","LPNHYD8DZ51352",
"2026-05-18T11:45:49+00:00","403-0980838-7754705","FBA79406","B0DCK3N2JJ","X0023L3KG3","NexLev Ionic Cordless Hair Straightener Brush | 60min Runtime | upto 200° Heating | Portable & Type C Rechargeable | Keratin Bristles |Straight, Frizz Free & Shiny Hair | Compact Comb Design | HSB-04","1","HYD8","SELLABLE","UNDELIVERABLE_REFUSED","LPNHYD8DZ70025",
"2026-05-18T10:50:54+00:00","404-1039768-4022755","FBA79652","B0F43P6D23","X002A07CLV","NexLev Steam Cleaner | Complete Home Kitchen Floor Bathroom Car & Office Cleaning machine | 9 Accessories | 450 ML | Window Pane Sink Grime Chimney Grease Water Stain Cleaner| 4 M Cord |1050W |SC-05","1","BLR8","SELLABLE","UNDELIVERABLE_REFUSED","LPNBLR8Z6170218",
"2026-05-18T10:01:33+00:00","404-4459415-9915555","FBA79263","B0CYSLCRQS","X001ZOLVQP","NexLev Mattress, Sofa & Carpet Vacuum Cleaner | For Dust Mites, Allergens & Pet Hair | 4 Step Cleansing with Double Beat, UV Light, Dehumidification & Vacuum | HEPA captures 99.99% Dust|MR-01","1","AMD2","CARRIER_DAMAGED","DEFECTIVE","LPNAMD2M3987105",
"2026-05-18T09:23:35+00:00","402-6079408-9907501","FBA79573","B0DKK15YNJ","X0025R5BTT","NexLev Oil Applicator Comb|Red Led Light Therapy |Boost Hair Growth| Reduce Dandruff | Relieve Stress |High Vibration Corded Electric Scalp/Head Massager | 6 ML Oil Tank | 2 Hr Run-Time| Type-C|EA-02","1","BOM7","CUSTOMER_DAMAGED","DEFECTIVE","LPNBOM7D20147467",
"2026-05-18T09:18:13+00:00","405-7500694-0653134","FBA78981","B0CDPP45BM","X001U1K281","NexLev Steam Cleaner | All in one Home, Kitchen, Bathroom, Window, Car & Office Cleaning | 9 Accessories | 300 ML | Window Pane, Sink, Chimney Grease, Grout Washer | 5 Mtr Cord | 1000W | SC-01","1","DED4","CUSTOMER_DAMAGED","EXTRA_ITEM","LPNDED4A1828750",
"2026-05-18T09:08:30+00:00","404-3802138-8355522","FBA79590","B0DM6BB3VT","X00263BT43","NexLev Calf Massager | Daily Use Leg Massager for Sore Muscle |1 Piece | Hand Like Massage with Air Compression | Improve Blood Circulation & Relieve Pain | 2500 mAh | Large Belt | Type C |CFM-01","1","CCX1","SELLABLE","QUALITY_UNACCEPTABLE","LPNCCX1B2934830",
"2026-05-18T08:39:11+00:00","402-4913977-2249141","FBA79812","B0FS6TB7CP","X002F7TH85","NexLev Portable Blender for Smoothies Milkshakes Juices Baby Food | High Borosilicate Glass Jar | 3000 mAh Battery | Type C | Mix Fruit Juicer Mini | 450ml | For Kitchen & Travel | PB-01","1","BOM7","SELLABLE","DEFECTIVE","LPNBOM7D20147421",
"2026-05-18T08:20:58+00:00","403-9752508-2125928","FBA79349","B0D9KDQCCM","X00230EXN3","Nexlev Portable Sewing Machine| 2 Speed Settings| Cordless| Battery operated| USB Type C cord for Plug-in| Quick Fix DIY|Portable & Compact| for all Fabrics| 1 Year Warranty| White","1","CCX1","CUSTOMER_DAMAGED","UNWANTED_ITEM","LPNCCX1B2922319",
"2026-05-18T07:22:29+00:00","404-8445348-3817123","FBA79263","B0CYSLCRQS","X001ZOLVQP","NexLev Mattress, Sofa & Carpet Vacuum Cleaner | For Dust Mites, Allergens & Pet Hair | 4 Step Cleansing with Double Beat, UV Light, Dehumidification & Vacuum | HEPA captures 99.99% Dust|MR-01","1","DEL5","SELLABLE","DEFECTIVE","LPNDEL5S13819621",
"2026-05-18T06:56:44+00:00","403-4045957-5737948","FBA79463","B0DCK56Q85","X0023Z3NVB","NexLev Cordless Vacuum Cleaner|HEPA with Stainless Steel Cover|6000 mAh|Copper Motor| Rechargeable Type C|Ideal for Home, Office & Car Use|Compact & Portable|Dust & Pet Hair Remover|3 Attachment|VC-02","1","AMD2","CARRIER_DAMAGED","UNDELIVERABLE_REFUSED","LPNAMD2M3959543",
"2026-05-18T06:56:18+00:00","408-5234654-6806729","FBA79652","B0F43P6D23","X002A07CLV","NexLev Steam Cleaner | Complete Home Kitchen Floor Bathroom Car & Office Cleaning machine | 9 Accessories | 450 ML | Window Pane Sink Grime Chimney Grease Water Stain Cleaner| 4 M Cord |1050W |SC-05","1","CJB1","CUSTOMER_DAMAGED","DEFECTIVE","LPNCJB1X179224",
"2026-05-18T06:41:10+00:00","404-4958413-7953965","FBA79439","B0DCK7ZH5P","X0023KW3JJ","NexLev Mattress, Sofa, Carpet & Car Seat Vacuum Cleaner|For Dust Mites Allergens & Pet Hair|Cordless Design|1500*3 mAh |UV Sterilization, Double Beat Technology|Type C| HEPA captures 99.99% Dust|MR-02","1","BLR8","SELLABLE","QUALITY_UNACCEPTABLE","LPNBLR8Z6202101",
"2026-05-18T06:22:01+00:00","408-0005410-2297161","FBA79679","B0DVC7VJP1","X002876EAV","NexLev Stand Mixer | 5L SS Bowl | 1500W |10 Speeds | Pulse Function |Planetary Rotation | Whisk, Beater & Dough Hook |100% Copper Motor | For Roti Atta, Cookie Dough, Cake, Whip Cream & more | ST-01","1","DEL4","SELLABLE","UNDELIVERABLE_REFUSED","LPNDEL4AA0994948",
"2026-05-18T06:20:51+00:00","405-7043957-9522745","FBA79567","B0DNJS23HS","X0026FJYJD","NexLev 10 in 1 Steam Cleaner & Mop|2 Steam Modes| Mopping & Deep Cleaning Home Car Sofa Bathroom Kitchen & Office |For All Surfaces|350ML|Chemical Free Cleaning | Detachable & Foldable|SC-04","1","BLR8","SELLABLE","QUALITY_UNACCEPTABLE","LPNBLR8Z6202081",
"2026-05-18T05:44:32+00:00","171-4944945-4332366","FBA79349","B0D9KDQCCM","X00230EXN3","Nexlev Portable Sewing Machine| 2 Speed Settings| Cordless| Battery operated| USB Type C cord for Plug-in| Quick Fix DIY|Portable & Compact| for all Fabrics| 1 Year Warranty| White","1","BLR7","CUSTOMER_DAMAGED","NOT_COMPATIBLE","LPNBLR7Y7346168",
"2026-05-18T04:42:03+00:00","405-0779857-1699544","FBA79652","B0F43P6D23","X002A07CLV","NexLev Steam Cleaner | Complete Home Kitchen Floor Bathroom Car & Office Cleaning machine | 9 Accessories | 450 ML | Window Pane Sink Grime Chimney Grease Water Stain Cleaner| 4 M Cord |1050W |SC-05","1","DED4","SELLABLE","UNDELIVERABLE_REFUSED","LPNDED4A1888797",
"2026-05-18T04:21:19+00:00","408-5835409-8014737","FBA79652","B0F43P6D23","X002A07CLV","NexLev Steam Cleaner | Complete Home Kitchen Floor Bathroom Car & Office Cleaning machine | 9 Accessories | 450 ML | Window Pane Sink Grime Chimney Grease Water Stain Cleaner| 4 M Cord |1050W |SC-05","1","BLR8","CARRIER_DAMAGED","UNDELIVERABLE_UNKNOWN","LPNBLR8Z6178573",
"2026-05-18T03:54:40+00:00","404-3781378-2960330","FBA79590","B0DM6BB3VT","X00263BT43","NexLev Calf Massager | Daily Use Leg Massager for Sore Muscle |1 Piece | Hand Like Massage with Air Compression | Improve Blood Circulation & Relieve Pain | 2500 mAh | Large Belt | Type C |CFM-01","1","CJB1","SELLABLE","UNDELIVERABLE_REFUSED","LPNCJB1Y978049",
"2026-05-18T03:49:50+00:00","405-0699894-4117965","FBA79991","B0GN85NZQN","X002IK70C9","NexLev Dehumidifier for Room Moisture Absorption | 1000ML Tank | Ideal for Mold & Moisture Removal |For Room Wardrobe Kitchen Office| Auto Shut-Off Function| Preset Timer & Humidty Control | DH-01","1","CCX1","SELLABLE","MISSING_PARTS","LPNCCX1B3723968",
"2026-05-18T03:40:10+00:00","171-1648579-3181158","FBA79991","B0GN85NZQN","X002IK70C9","NexLev Dehumidifier for Room Moisture Absorption | 1000ML Tank | Ideal for Mold & Moisture Removal |For Room Wardrobe Kitchen Office| Auto Shut-Off Function| Preset Timer & Humidty Control | DH-01","1","MAA4","SELLABLE","DEFECTIVE","LPNMAA4Z2303905",
"2026-05-17T22:08:27+00:00","406-7497068-0000365","FBA79277","B0D672NXC8","X0021NWGBN","Nexlev SWIPE Steam Cleaner | 3.5 Bar Strong Steam|Multipurpose Steam Cleaner for Car, Kitchen, Bathroom, Floor, Window,Glass,Upholstery| 18 Accessories Kit|Safety Lock| Large 1200ML Water Tank | SC-03","1","CCX1","SELLABLE","UNDELIVERABLE_REFUSED","LPNCCX1B2880241",
"2026-05-17T12:22:37+00:00","405-9804552-4398764","FBA79265","B0D2LHNS9B","X0020FWBW1","NexLev Foot Callus Remover Electric Scrubber & Shaver for Dead, Hard & Cracked Skin Professional Pedicure at Home Waterproof Type C 3 Crystal Quartz Heads for Men and Women CR-01","1","BOM7","SELLABLE","DEFECTIVE","LPNBOM7D19983671",
"2026-05-17T12:11:52+00:00","404-8598975-7225118","FBA79349","B0D9KDQCCM","X00230EXN3","Nexlev Portable Sewing Machine| 2 Speed Settings| Cordless| Battery operated| USB Type C cord for Plug-in| Quick Fix DIY|Portable & Compact| for all Fabrics| 1 Year Warranty| White","1","BOM5","DEFECTIVE","UNAUTHORIZED_PURCHASE","LPNBOM5F5112684","Very complex"
"2026-05-17T09:45:16+00:00","407-8091545-1793135","FBA79263","B0CYSLCRQS","X001ZOLVQP","NexLev Mattress, Sofa & Carpet Vacuum Cleaner | For Dust Mites, Allergens & Pet Hair | 4 Step Cleansing with Double Beat, UV Light, Dehumidification & Vacuum | HEPA captures 99.99% Dust|MR-01","1","DEL5","SELLABLE","UNDELIVERABLE_REFUSED","LPNDEL5S13798324",
"2026-05-17T09:43:32+00:00","171-6422099-3641132","FBA79689","B0DVSZ2VVJ","X0028A07UL","NexLev Calf Massager Pro|Complete Feet Calf Knee and Thigh Massage|Hand like Massage with Air Compression and Heat Therapy|Pain Relief,Muscle Recovery & Enhanced Blood Circulation|3 Intensities|CFM-02","1","DEL5","CUSTOMER_DAMAGED","SWITCHEROO","LPNDEL5S12713548",
"2026-05-17T09:14:41+00:00","406-2402401-7591508","FBA79406","B0DCK3N2JJ","X0023L3KG3","NexLev Ionic Cordless Hair Straightener Brush | 60min Runtime | upto 200° Heating | Portable & Type C Rechargeable | Keratin Bristles |Straight, Frizz Free & Shiny Hair | Compact Comb Design | HSB-04","1","BLR7","SELLABLE","UNDELIVERABLE_REFUSED","LPNBLR7Y7331102",
"2026-05-17T08:49:10+00:00","407-5476325-6613935","FBA79991","B0GN85NZQN","X002IK70C9","NexLev Dehumidifier for Room Moisture Absorption | 1000ML Tank | Ideal for Mold & Moisture Removal |For Room Wardrobe Kitchen Office| Auto Shut-Off Function| Preset Timer & Humidty Control | DH-01","1","DEL5","CARRIER_DAMAGED","UNDELIVERABLE_REFUSED","LPNDEL5S13784337",
"2026-05-17T08:37:01+00:00","402-7407008-4009954","FBA79991","B0GN85NZQN","X002IK70C9","NexLev Dehumidifier for Room Moisture Absorption | 1000ML Tank | Ideal for Mold & Moisture Removal |For Room Wardrobe Kitchen Office| Auto Shut-Off Function| Preset Timer & Humidty Control | DH-01","1","DEL5","DAMAGED","UNDELIVERABLE_REFUSED","LPNDEL5S13787886",
"2026-05-17T08:23:32+00:00","406-4693654-8076353","FBA79349","B0D9KDQCCM","X00230EXN3","Nexlev Portable Sewing Machine| 2 Speed Settings| Cordless| Battery operated| USB Type C cord for Plug-in| Quick Fix DIY|Portable & Compact| for all Fabrics| 1 Year Warranty| White","1","PNQ3","CUSTOMER_DAMAGED","QUALITY_UNACCEPTABLE","LPNPNQ3A4477811",
"2026-05-17T07:45:16+00:00","404-2493157-8061124","FBA78980","B0CDPMX152","X001U1DYK9","NexLev Handheld Garment Steamer | 1500 Watts | 300 ML| Standing & Horizontal Iron Press | Damage Free Steaming for all Cloth Types | 25s Quick Heat |Upto 5 Clothes in One Fill | Travel Friendly |GS-02","1","BLR8","CUSTOMER_DAMAGED","DAMAGED_BY_FC","LPNBLR8Z3161833",
"2026-05-17T05:24:08+00:00","406-6169470-2412367","FBA79590","B0DM6BB3VT","X00263BT43","NexLev Calf Massager | Daily Use Leg Massager for Sore Muscle |1 Piece | Hand Like Massage with Air Compression | Improve Blood Circulation & Relieve Pain | 2500 mAh | Large Belt | Type C |CFM-01","1","BOM5","SELLABLE","DEFECTIVE","LPNBOM5F5033081",
"2026-05-17T05:12:25+00:00","403-0618476-5775554","FBA79349","B0D9KDQCCM","X00230EXN3","Nexlev Portable Sewing Machine| 2 Speed Settings| Cordless| Battery operated| USB Type C cord for Plug-in| Quick Fix DIY|Portable & Compact| for all Fabrics| 1 Year Warranty| White","1","DED4","SELLABLE","UNDELIVERABLE_REFUSED","LPNDED4A1289961",
"2026-05-17T05:06:27+00:00","408-6657558-2408309","FBA79452","B0DCGHVN81","X0023JV0A3","NexLev 2 in 1 Handheld & Stick Vacuum Cleaner | 17500 PA Suction | Dry Vacuuming for Home & Office | Washable HEPA Filter | 4 Adjustable Heads | Bagless| Deep Cleaning for Sofa Bed Window & more|VC-01","1","BOM5","DEFECTIVE","DAMAGED_BY_FC","LPNBOM5F4895898","Front part is broken"
"2026-05-17T04:46:23+00:00","407-5763190-6120315","FBA79406","B0DCK3N2JJ","X0023L3KG3","NexLev Ionic Cordless Hair Straightener Brush | 60min Runtime | upto 200° Heating | Portable & Type C Rechargeable | Keratin Bristles |Straight, Frizz Free & Shiny Hair | Compact Comb Design | HSB-04","1","CCX1","SELLABLE","UNDELIVERABLE_REFUSED","LPNCCX1B2873848",
"2026-05-17T04:36:43+00:00","402-2014918-4064338","FBA79652","B0F43P6D23","X002A07CLV","NexLev Steam Cleaner | Complete Home Kitchen Floor Bathroom Car & Office Cleaning machine | 9 Accessories | 450 ML | Window Pane Sink Grime Chimney Grease Water Stain Cleaner| 4 M Cord |1050W |SC-05","1","BOM5","SELLABLE","UNDELIVERABLE_REFUSED","LPNBOM5F5174598",
"2026-05-16T22:33:09+00:00","171-4658386-7637166","FBA79567","B0DNJS23HS","X0026FJYJD","NexLev 10 in 1 Steam Cleaner & Mop|2 Steam Modes| Mopping & Deep Cleaning Home Car Sofa Bathroom Kitchen & Office |For All Surfaces|350ML|Chemical Free Cleaning | Detachable & Foldable|SC-04","1","CCX1","SELLABLE","UNDELIVERABLE_REFUSED","LPNCCX1B2561438",
"2026-05-16T18:42:17+00:00","404-5413726-4237107","FBA78980","B0CDPMX152","X001U1DYK9","NexLev Handheld Garment Steamer | 1500 Watts | 300 ML| Standing & Horizontal Iron Press | Damage Free Steaming for all Cloth Types | 25s Quick Heat |Upto 5 Clothes in One Fill | Travel Friendly |GS-02","1","BLR8","SELLABLE","DEFECTIVE","LPNBLR8Z6207090",
"2026-05-16T17:27:45+00:00","405-3318329-6184346","FBA79991","B0GN85NZQN","X002IK70C9","NexLev Dehumidifier for Room Moisture Absorption | 1000ML Tank | Ideal for Mold & Moisture Removal |For Room Wardrobe Kitchen Office| Auto Shut-Off Function| Preset Timer & Humidty Control | DH-01","1","CCX1","CARRIER_DAMAGED","UNDELIVERABLE_REFUSED","LPNCCX1B2834222",
"2026-05-16T15:22:51+00:00","408-0997261-7641913","FBA79263","B0CYSLCRQS","X001ZOLVQP","NexLev Mattress, Sofa & Carpet Vacuum Cleaner | For Dust Mites, Allergens & Pet Hair | 4 Step Cleansing with Double Beat, UV Light, Dehumidification & Vacuum | HEPA captures 99.99% Dust|MR-01","1","CCX1","SELLABLE","UNDELIVERABLE_UNKNOWN","LPNCCX1B3843350",
"2026-05-16T12:35:08+00:00","407-6981362-0617117","FBA79652","B0F43P6D23","X002A07CLV","NexLev Steam Cleaner | Complete Home Kitchen Floor Bathroom Car & Office Cleaning machine | 9 Accessories | 450 ML | Window Pane Sink Grime Chimney Grease Water Stain Cleaner| 4 M Cord |1050W |SC-05","1","PNQ3","CUSTOMER_DAMAGED","DEFECTIVE","LPNPNQ3A4455804",
"2026-05-16T12:17:21+00:00","403-0545430-0873168","FBA79652","B0F43P6D23","X002A07CLV","NexLev Steam Cleaner | Complete Home Kitchen Floor Bathroom Car & Office Cleaning machine | 9 Accessories | 450 ML | Window Pane Sink Grime Chimney Grease Water Stain Cleaner| 4 M Cord |1050W |SC-05","1","PNQ3","CUSTOMER_DAMAGED","DEFECTIVE","LPNPNQ3A4455791",
"2026-05-16T11:56:04+00:00","405-8334846-5043522","FBK80015","B0GKNGWLJ2","X002IVBZ1F","NexLev Cordless Spin Mop|50 Min Runtime|2 Extra Mop Pads | Type C | For Home Kitchen & Office Use | Water Spray Function|Self Propelling|Mopping for All Floor Types|LED for Corners and Underbed|SPM-01","1","AMD2","SELLABLE","UNDELIVERABLE_UNKNOWN","LPNAMD2M3973634",
"2026-05-16T10:57:20+00:00","407-1147058-3706714","FBA79406","B0DCK3N2JJ","X0023L3KG3","NexLev Ionic Cordless Hair Straightener Brush | 60min Runtime | upto 200° Heating | Portable & Type C Rechargeable | Keratin Bristles |Straight, Frizz Free & Shiny Hair | Compact Comb Design | HSB-04","1","BLR7","SELLABLE","UNDELIVERABLE_REFUSED","LPNBLR7Y7449728",
"2026-05-16T10:38:03+00:00","406-8369395-1373161","FBA79273","B0D2LKB4BJ","X0020G1B0X","Nexlev Hair Styling Straightener & Curler| 2 in 1 Hair Styler| 200°C in 30 Seconds| Long Ceramic Floating Plates| Rounded Body for Curls| Plate lock| Portable |HS-02, Hair Straightener Tong - Purple","1","CCX1","SELLABLE","UNDELIVERABLE_REFUSED","LPNCCX1B3754583",
"2026-05-16T09:35:22+00:00","407-6176579-2923565","FBA79263","B0CYSLCRQS","X001ZOLVQP","NexLev Mattress, Sofa & Carpet Vacuum Cleaner | For Dust Mites, Allergens & Pet Hair | 4 Step Cleansing with Double Beat, UV Light, Dehumidification & Vacuum | HEPA captures 99.99% Dust|MR-01","1","AMD2","CARRIER_DAMAGED","DEFECTIVE","LPNAMD2M3963865",
"2026-05-16T08:51:19+00:00","404-3445006-6153159","FBA79263","B0CYSLCRQS","X001ZOLVQP","NexLev Mattress, Sofa & Carpet Vacuum Cleaner | For Dust Mites, Allergens & Pet Hair | 4 Step Cleansing with Double Beat, UV Light, Dehumidification & Vacuum | HEPA captures 99.99% Dust|MR-01","1","CCX1","CUSTOMER_DAMAGED","DEFECTIVE","LPNCCX1B3981035",
"2026-05-16T08:34:25+00:00","407-9052509-6041136","FBA78981","B0CDPP45BM","X001U1K281","NexLev Steam Cleaner | For Complete Home Kitchen Bathroom Car Sofa & Office Cleaning Machine | 9 Accessories |300 ML | Window Pane, Sink, Chimney Grease, Water Stain Cleaner| 5 Mtr Cord | 1000W |SC-01","1","BLR8","SELLABLE","UNDELIVERABLE_REFUSED","LPNBLR8Z3681077",
"2026-05-16T08:31:27+00:00","171-1087090-7226708","FBA79374","B0D2P7WLJB","X0020GXQNX","NexLev Smart Electric Toothbrush for Adults |2-Min Timer with Quadpacer |2 Replaceable Heads | AAA Battery |3 Modes (Daily, Normal & Sesitive) |Upto 60 Days | Travel Case | Soft Bristles |ET-02 Green","1","CCX1","SELLABLE","UNDELIVERABLE_REFUSED","LPNCCX1B3773383",
"2026-05-16T08:06:03+00:00","407-4777507-1186720","FBA79349","B0D9KDQCCM","X00230EXN3","Nexlev Portable Sewing Machine| 2 Speed Settings| Cordless| Battery operated| USB Type C cord for Plug-in| Quick Fix DIY|Portable & Compact| for all Fabrics| 1 Year Warranty| White","1","BOM7","SELLABLE","QUALITY_UNACCEPTABLE","LPNBOM7D20019110","NOT GOOD"
"2026-05-16T06:25:03+00:00","406-0404702-4718734","FBA79349","B0D9KDQCCM","X00230EXN3","Nexlev Portable Sewing Machine| 2 Speed Settings| Cordless| Battery operated| USB Type C cord for Plug-in| Quick Fix DIY|Portable & Compact| for all Fabrics| 1 Year Warranty| White","1","BLR8","SELLABLE","NOT_COMPATIBLE","LPNBLR8Z3174029","Size is very bolif"
"2026-05-16T06:02:40+00:00","405-9550583-2426732","FBA79812","B0FS6TB7CP","X002F7TH85","NexLev Portable Blender for Smoothies Milkshakes Juices Baby Food | High Borosilicate Glass Jar | 3000 mAh Battery | Type C | Mix Fruit Juicer Mini | 450ml | For Kitchen & Travel | PB-01","1","MAA4","SELLABLE","UNDELIVERABLE_REFUSED","LPNMAA4Z2303859",
"2026-05-16T05:52:21+00:00","402-3938057-2832327","FBA79268","B0D383WQPB","X0020OHLDV","NexLev Foldable Garment Steamer for Home & Travel | Convenient Vertical Steaming | 1200W | 120 ml | Lightweight & Compact | 30s Fast Heating | Iron for all Cloth Types | 2 M cord | Anti Spill | GS-05","1","CJB1","SELLABLE","DEFECTIVE","LPNCJB1X056974",
"2026-05-16T05:39:16+00:00","404-0697370-6884359","FBA78980","B0CDPMX152","X001U1DYK9","NexLev Handheld Garment Steamer | 1500 Watts | 300 ML| Standing & Horizontal Iron Press | Damage Free Steaming for all Cloth Types | 25s Quick Heat |Upto 5 Clothes in One Fill | Travel Friendly |GS-02","1","PNQ3","SELLABLE","DEFECTIVE","LPNPNQ3A4428590",
"2026-05-16T05:34:54+00:00","405-6521006-7558701","FBA79265","B0D2LHNS9B","X0020FWBW1","NexLev Foot Callus Remover | Electric Scrubber & Shaver for Dead, Hard & Cracked Skin | Professional Pedicure at Home | Waterproof | Type C | 3 Crystal Quartz Heads | For Men and Women| CR-01","1","BLR8","SELLABLE","UNDELIVERABLE_REFUSED","LPNBLR8Z3177201",
"2026-05-16T05:23:51+00:00","404-4169222-0525154","FBA79404","B0D9KFZYG8","X00230BF25","NexLev Steamer For Cold & Cough| Face Steam,Inhaler & Vaporizer | Perfect for Facial & Aromatherapy | Nano Ionic Steam | Uv Sterilization | Aroma Diffuser|30 Sec Heating|Avoid Burns & Spillage | FS-01","1","DEL5","SELLABLE","UNDELIVERABLE_REFUSED","LPNDEL5S13817595",
"2026-05-16T04:36:14+00:00","404-8146712-0868354","FBA78980","B0CDPMX152","X001U1DYK9","NexLev Handheld Garment Steamer | 1500 Watts | 300 ML| Standing & Horizontal Iron Press | Damage Free Steaming for all Cloth Types | 25s Quick Heat |Upto 5 Clothes in One Fill | Travel Friendly |GS-02","1","CCX1","SELLABLE","DEFECTIVE","LPNCCX1B1798702",
"2026-05-16T03:59:37+00:00","403-7624453-6821966","FBA79652","B0F43P6D23","X002A07CLV","nexlev Steam Cleaner | Complete Home Kitchen Floor Bathroom Car & Office Cleaning Machine | 9 Accessories | 450 ML | Window Pane Sink Grime Chimney Grease Water Stain Cleaner| 4 M Cord |1050W |SC-05","1","DED4","SELLABLE","UNWANTED_ITEM","LPNDED4A1369851",
"2026-05-16T03:30:49+00:00","402-4765950-0574733","FBA79689","B0DVSZ2VVJ","X0028A07UL","NexLev Calf Massager Pro|Complete Feet Calf Knee and Thigh Massage|Hand like Massage with Air Compression and Heat Therapy|Pain Relief,Muscle Recovery & Enhanced Blood Circulation|3 Intensities|CFM-02","1","HYD8","CUSTOMER_DAMAGED","SWITCHEROO","LPNHYD8EA22594",
"2026-05-15T19:13:28+00:00","405-5488445-4161941","FBA79277","B0D672NXC8","X0021NWGBN","Nexlev SWIPE Steam Cleaner | 3.5 Bar Strong Steam|Multipurpose Steam Cleaner for Car, Kitchen, Bathroom, Floor, Window,Glass,Upholstery| 18 Accessories Kit|Safety Lock| Large 1200ML Water Tank | SC-03","1","CCX1","CARRIER_DAMAGED","UNDELIVERABLE_REFUSED","LPNCCX1B2006104",
"2026-05-15T16:36:18+00:00","405-0911447-2024337","FBA79349","B0D9KDQCCM","X00230EXN3","Nexlev Portable Sewing Machine| 2 Speed Settings| Cordless| Battery operated| USB Type C cord for Plug-in| Quick Fix DIY|Portable & Compact| for all Fabrics| 1 Year Warranty| White","1","CCX1","SELLABLE","UNDELIVERABLE_REFUSED","LPNCCX1B3713222",
"2026-05-15T15:05:04+00:00","405-2913978-8769154","FBA79349","B0D9KDQCCM","X00230EXN3","Nexlev Portable Sewing Machine| 2 Speed Settings| Cordless| Battery operated| USB Type C cord for Plug-in| Quick Fix DIY|Portable & Compact| for all Fabrics| 1 Year Warranty| White","1","CCX1","SELLABLE","UNDELIVERABLE_REFUSED","LPNCCX1B3793685",
"2026-05-15T12:48:08+00:00","407-1343374-3585101","FBA79493","B0DQCWRG3H","X00272C0EV","NexLev Ionic 3 in 1 Hot Air Brush|1.5 Inch Barrel |Volumizer Blow Dryer & Styler|Ceramic Tourmaline Coated for Heat Protection|1200W|Dual Bristle for Tangle Free Styling|Salon Like Styles at Home|V-03","1","MAA4","SELLABLE","UNDELIVERABLE_REFUSED","LPNMAA4Z2303741",
"2026-05-15T12:24:21+00:00","404-3550539-3608331","FBA79652","B0F43P6D23","X002A07CLV","NexLev Steam Cleaner | Complete Home Kitchen Floor Bathroom Car & Office Cleaning machine | 9 Accessories | 450 ML | Window Pane Sink Grime Chimney Grease Water Stain Cleaner| 4 M Cord |1050W |SC-05","1","HYD8","CUSTOMER_DAMAGED","DEFECTIVE","LPNHYD8EA63255",
"2026-05-15T12:12:55+00:00","405-2753530-8600338","FBA79682","B0DVC8NYY2","X002872SBZ","NexLev Cool Mist Humidifier | 2.2L| For Office, Indoor Plants, Baby Nursery | Quiet Operation | Works 30Hrs on Low Setting | 360° Nozzle | Auto Shut-Off | Adjustable Knob | Leak Proof | HU-02","1","HYD8","CUSTOMER_DAMAGED","DEFECTIVE","LPNHYD8EA35551",
"2026-05-15T11:18:52+00:00","402-3953907-5061904","FBA79349","B0D9KDQCCM","X00230EXN3","Nexlev Portable Sewing Machine| 2 Speed Settings| Cordless| Battery operated| USB Type C cord for Plug-in| Quick Fix DIY|Portable & Compact| for all Fabrics| 1 Year Warranty| White","1","MAA4","CUSTOMER_DAMAGED","QUALITY_UNACCEPTABLE","LPNMAA4Z2266977",
"2026-05-15T10:54:41+00:00","404-2771505-6998756","FBA79349","B0D9KDQCCM","X00230EXN3","Nexlev Portable Sewing Machine| 2 Speed Settings| Cordless| Battery operated| USB Type C cord for Plug-in| Quick Fix DIY|Portable & Compact| for all Fabrics| 1 Year Warranty| White","1","PNQ3","SELLABLE","QUALITY_UNACCEPTABLE","LPNPNQ3A4428333","Not meeting my expectations"
"2026-05-15T09:50:41+00:00","404-4595048-0531544","FBA79652","B0F43P6D23","X002A07CLV","NexLev Steam Cleaner | Complete Home Kitchen Floor Bathroom Car & Office Cleaning machine | 9 Accessories | 450 ML | Window Pane Sink Grime Chimney Grease Water Stain Cleaner| 4 M Cord |1050W |SC-05","1","LKO1","SELLABLE","UNDELIVERABLE_REFUSED","LPNLKO1B1730385",
"2026-05-15T09:11:21+00:00","171-7642056-9949963","FBA78980","B0CDPMX152","X001U1DYK9","NexLev Handheld Garment Steamer | 1500 Watts | 300 ML| Standing & Horizontal Iron Press | Damage Free Steaming for all Cloth Types | 25s Quick Heat |Upto 5 Clothes in One Fill | Travel Friendly |GS-02","1","PNQ3","CUSTOMER_DAMAGED","DEFECTIVE","LPNPNQ3A4455103",
"2026-05-15T08:48:20+00:00","402-4486872-9241941","FBA79406","B0DCK3N2JJ","X0023L3KG3","NexLev Ionic Cordless Hair Straightener Brush | 60min Runtime | upto 200° Heating | Portable & Type C Rechargeable | Keratin Bristles |Straight, Frizz Free & Shiny Hair | Compact Comb Design | HSB-04","1","HYD8","SELLABLE","UNDELIVERABLE_REFUSED","LPNHYD8EE69240",
"2026-05-15T08:42:06+00:00","402-7003681-2328336","FBA79349","B0D9KDQCCM","X00230EXN3","Nexlev Portable Sewing Machine| 2 Speed Settings| Cordless| Battery operated| USB Type C cord for Plug-in| Quick Fix DIY|Portable & Compact| for all Fabrics| 1 Year Warranty| White","1","AMD2","DEFECTIVE","QUALITY_UNACCEPTABLE","LPNAMD2M3960660","Need improvement"
"2026-05-15T07:31:29+00:00","405-5166881-7967568","FBA79652","B0F43P6D23","X002A07CLV","NexLev Steam Cleaner | Complete Home Kitchen Floor Bathroom Car & Office Cleaning machine | 9 Accessories | 450 ML | Window Pane Sink Grime Chimney Grease Water Stain Cleaner| 4 M Cord |1050W |SC-05","1","CJB1","CUSTOMER_DAMAGED","NEVER_ARRIVED","LPNCJB1X015300",
"2026-05-15T05:48:21+00:00","402-7773051-7425950","FBA79404","B0D9KFZYG8","X00230BF25","NexLev Steamer For Cold & Cough| Face Steam,Inhaler & Vaporizer | Perfect for Facial & Aromatherapy | Nano Ionic Steam | Uv Sterilization | Aroma Diffuser|30 Sec Heating|Avoid Burns & Spillage | FS-01","1","DED4","SELLABLE","UNDELIVERABLE_REFUSED","LPNDED4A1578176",
"2026-05-15T05:08:54+00:00","404-2884875-3473939","FBA79452","B0DCGHVN81","X0023JV0A3","NexLev 2 in 1 Handheld & Stick Vacuum Cleaner | 17500 PA Suction | Dry Vacuuming for Home & Office | Washable HEPA Filter | 4 Adjustable Heads | Bagless| Deep Cleaning for Sofa Bed Window & more|VC-01","1","AMD2","CARRIER_DAMAGED","UNDELIVERABLE_REFUSED","LPNAMD2M3949462",
"2026-05-15T05:01:11+00:00","406-7648829-3892368","FBA78980","B0CDPMX152","X001U1DYK9","NexLev Handheld Garment Steamer | 1500 Watts | 300 ML| Standing & Horizontal Iron Press | Damage Free Steaming for all Cloth Types | 25s Quick Heat |Upto 5 Clothes in One Fill | Travel Friendly |GS-02","1","DED4","SELLABLE","UNDELIVERABLE_REFUSED","LPNDED4A1289342",
"2026-05-15T04:46:44+00:00","405-2466783-7728353","FBA79812","B0FS6TB7CP","X002F7TH85","NexLev Portable Blender for Smoothies Milkshakes Juices Baby Food | High Borosilicate Glass Jar | 3000 mAh Battery | Type C | Mix Fruit Juicer Mini | 450ml | For Kitchen & Travel | PB-01","1","DEL4","SELLABLE","DEFECTIVE","LPNDEL4AA3888957",
"2026-05-15T04:23:36+00:00","404-4116194-3697160","FBA79570","B0DKJXRXKM","X0025R19UT","NexLev Blackhead & Whitehead Remover Tool | Rechargeable |1Hr Use| Acne & Pimple Pore Cleaner | 6 Heads | Electric Derma Suction Machine | Hydra Facial Cleanser Device for Face |For Men & Women |BR-01","1","DEL5","SELLABLE","UNDELIVERABLE_REFUSED","LPNDEL5S13378401",
"2026-05-15T03:52:04+00:00","407-3645195-6353969","FBA79652","B0F43P6D23","X002A07CLV","NexLev Steam Cleaner | Complete Home Kitchen Floor Bathroom Car & Office Cleaning machine | 9 Accessories | 450 ML | Window Pane Sink Grime Chimney Grease Water Stain Cleaner| 4 M Cord |1050W |SC-05","1","DED4","SELLABLE","UNDELIVERABLE_REFUSED","LPNDED4A1289278",
"2026-05-15T03:42:23+00:00","402-0380132-5108354","FBA79652","B0F43P6D23","X002A07CLV","NexLev Steam Cleaner | Complete Home Kitchen Floor Bathroom Car & Office Cleaning machine | 9 Accessories | 450 ML | Window Pane Sink Grime Chimney Grease Water Stain Cleaner| 4 M Cord |1050W |SC-05","1","DED4","SELLABLE","UNDELIVERABLE_REFUSED","LPNDED4A1289274",
"2026-05-14T11:45:57+00:00","403-4804025-3752311","FBA79567","B0DNJS23HS","X0026FJYJD","NexLev 10 in 1 Steam Cleaner & Mop|2 Steam Modes| Mopping & Deep Cleaning Home Car Sofa Bathroom Kitchen & Office |For All Surfaces|350ML|Chemical Free Cleaning | Detachable & Foldable|SC-04","1","AMD2","SELLABLE","QUALITY_UNACCEPTABLE","LPNAMD2M4023067",
"2026-05-14T11:45:10+00:00","406-4585246-6924305","FBA79812","B0FS6TB7CP","X002F7TH85","NexLev Portable Blender for Smoothies Milkshakes Juices Baby Food | High Borosilicate Glass Jar | 3000 mAh Battery | Type C | Mix Fruit Juicer Mini | 450ml | For Kitchen & Travel | PB-01","1","DEL5","SELLABLE","DEFECTIVE","LPNDEL5S13801569",
"2026-05-14T11:38:37+00:00","406-7489468-3752333","FBA79349","B0D9KDQCCM","X00230EXN3","Nexlev Portable Sewing Machine| 2 Speed Settings| Cordless| Battery operated| USB Type C cord for Plug-in| Quick Fix DIY|Portable & Compact| for all Fabrics| 1 Year Warranty| White","1","AMD2","SELLABLE","QUALITY_UNACCEPTABLE","LPNAMD2M4012658","It’s not working properly"
"2026-05-14T11:25:04+00:00","404-6730288-7872300","FBA79406","B0DCK3N2JJ","X0023L3KG3","NexLev Ionic Cordless Hair Straightener Brush | 60min Runtime | upto 200° Heating | Portable & Type C Rechargeable | Keratin Bristles |Straight, Frizz Free & Shiny Hair | Compact Comb Design | HSB-04","1","BOM7","SELLABLE","DEFECTIVE","LPNBOM7D20139756",
"2026-05-14T11:21:54+00:00","406-4175428-0286716","FBK80024","B0GLHC8CB3","X002IPBERB","NexLev Spin Scrubber|6 Scrubbing Heads| For Kitchen, Bathroom, Tub, Glass | Complete cleaning tool for Home, Office & Car| 90 min runtime | 2600 mAh | Cordless Type C | 2 Modes|Adjustable Handle|SS-02","1","PNQ3","DAMAGED","UNDELIVERABLE_REFUSED","LPNPNQ3A4438252",
"2026-05-14T10:10:24+00:00","405-9096454-0254711","FBA78981","B0CDPP45BM","X001U1K281","NexLev Steam Cleaner | For Complete Home Kitchen Bathroom Car Sofa & Office Cleaning Machine | 9 Accessories |300 ML | Window Pane, Sink, Chimney Grease, Water Stain Cleaner| 5 Mtr Cord | 1000W |SC-01","1","BLR8","CUSTOMER_DAMAGED","MISSING_PARTS","LPNBLR8Z4365744",
"2026-05-14T09:37:01+00:00","406-5478675-9513150","FBA79590","B0DM6BB3VT","X00263BT43","NexLev Calf Massager | Daily Use Leg Massager for Sore Muscle |1 Piece | Hand Like Massage with Air Compression | Improve Blood Circulation & Relieve Pain | 2500 mAh | Large Belt | Type C |CFM-01","1","DED4","SELLABLE","UNDELIVERABLE_REFUSED","LPNDED4A1769610",
"2026-05-14T09:22:40+00:00","171-4380988-5988361","FBA79573","B0DKK15YNJ","X0025R5BTT","NexLev Oil Applicator Comb|Red Led Light Therapy |Boost Hair Growth| Reduce Dandruff | Relieve Stress |High Vibration Corded Electric Scalp/Head Massager | 6 ML Oil Tank | 2 Hr Run-Time| Type-C|EA-02","1","BOM7","SELLABLE","UNDELIVERABLE_REFUSED","LPNBOM7D20139673",
"2026-05-14T09:09:59+00:00","408-9891334-2613114","FBA79349","B0D9KDQCCM","X00230EXN3","Nexlev Portable Sewing Machine| 2 Speed Settings| Cordless| Battery operated| USB Type C cord for Plug-in| Quick Fix DIY|Portable & Compact| for all Fabrics| 1 Year Warranty| White","1","BLR7","CUSTOMER_DAMAGED","DEFECTIVE","LPNBLR7Y7574095",
"2026-05-14T08:43:55+00:00","403-9440989-7317123","FBA79280","B0D845B2DG","X0022J93DP","NexLev Rechargeable Lint Remover | for Woollen Sweaters Shirts Coat Curtains & Carpets | Rue & Burr Remover | 180 Min Use | TypeC | SS Blade | 2000mAh | 3 Speed Modes | Safety Lock | LR-02","1","DEL5","CUSTOMER_DAMAGED","SWITCHEROO","LPNDEL5S13801434",
"2026-05-14T08:38:16+00:00","404-1088079-6532339","FBA79567","B0DNJS23HS","X0026FJYJD","NexLev 10 in 1 Steam Cleaner & Mop|2 Steam Modes| Mopping & Deep Cleaning Home Car Sofa Bathroom Kitchen & Office |For All Surfaces|350ML|Chemical Free Cleaning | Detachable & Foldable|SC-04","1","MAA4","SELLABLE","UNDELIVERABLE_REFUSED","LPNMAA4Z1109294",
"2026-05-14T08:36:57+00:00","408-4646010-3227534","FBP79350","B0D67727VG","X0024F173L","NexLev LED Therapy Oil Applicator | Reduce Dandruff | Improve Hair Growth | EMS for Scalp Improvement | Red & Blue Light | High Frequency Massage for Better Absorption | 10 ML | Waterproof | EA-01","1","CCX1","SELLABLE","UNDELIVERABLE_REFUSED","LPNCCX1B3884683",
"2026-05-14T08:06:05+00:00","403-2017340-4933944","FBA78981","B0CDPP45BM","X001U1K281","NexLev Steam Cleaner | For Complete Home Kitchen Bathroom Car Sofa & Office Cleaning Machine | 9 Accessories |300 ML | Window Pane, Sink, Chimney Grease, Water Stain Cleaner| 5 Mtr Cord | 1000W |SC-01","1","BLR7","SELLABLE","QUALITY_UNACCEPTABLE","LPNBLR7Y5564784",
"2026-05-14T07:06:03+00:00","404-1682503-2234707","FBP79350","B0D67727VG","X0024F173L","NexLev LED Therapy Oil Applicator | Reduce Dandruff | Improve Hair Growth | EMS for Scalp Improvement | Red & Blue Light | High Frequency Massage for Better Absorption | 10 ML | Waterproof | EA-01","1","CCX1","SELLABLE","UNDELIVERABLE_REFUSED","LPNCCX1B3816819",
"2026-05-14T06:53:11+00:00","403-5414565-1873944","FBA78981","B0CDPP45BM","X001U1K281","NexLev Steam Cleaner | For Complete Home Kitchen Bathroom Car Sofa & Office Cleaning Machine | 9 Accessories |300 ML | Window Pane, Sink, Chimney Grease, Water Stain Cleaner| 5 Mtr Cord | 1000W |SC-01","1","CCX1","CUSTOMER_DAMAGED","QUALITY_UNACCEPTABLE","LPNCCX1B3849905",
"2026-05-14T06:44:34+00:00","406-5811177-7126710","FBA79263","B0CYSLCRQS","X001ZOLVQP","NexLev Mattress, Sofa & Carpet Vacuum Cleaner | For Dust Mites, Allergens & Pet Hair | 4 Step Cleansing with Double Beat, UV Light, Dehumidification & Vacuum | HEPA captures 99.99% Dust|MR-01","1","LKO1","SELLABLE","UNDELIVERABLE_REFUSED","LPNLKO1B1092236",
"2026-05-14T06:09:58+00:00","405-1722433-7337158","FBA79679","B0DVC7VJP1","X002876EAV","NexLev Stand Mixer | 5.5L SS Bowl | 1500W |10 Speeds | Pulse Function |Planetary Rotation | Whisk, Beater & Dough Hook |100% Copper Motor | For Roti Atta, Cookie Dough, Cake, Whip Cream & more | ST-01","1","DEL4","SELLABLE","DEFECTIVE","LPNDEL4AA3741505",
"2026-05-14T05:49:49+00:00","407-2078393-8401946","FBA79567","B0DNJS23HS","X0026FJYJD","NexLev 10 in 1 Steam Cleaner & Mop|2 Steam Modes| Mopping & Deep Cleaning Home Car Sofa Bathroom Kitchen & Office |For All Surfaces|350ML|Chemical Free Cleaning | Detachable & Foldable|SC-04","1","BOM5","SELLABLE","UNDELIVERABLE_REFUSED","LPNBOM5F5072154",
"2026-05-14T05:48:03+00:00","405-7227882-0710709","FBA79277","B0D672NXC8","X0021NWGBN","Nexlev SWIPE Steam Cleaner | 3.5 Bar Strong Steam|Multipurpose Steam Cleaner for Car, Kitchen, Bathroom, Floor, Window,Glass,Upholstery| 18 Accessories Kit|Safety Lock| Large 1200ML Water Tank | SC-03","1","BOM5","CARRIER_DAMAGED","UNDELIVERABLE_REFUSED","LPNBOM5F5080048",
"2026-05-14T04:52:39+00:00","407-8642369-0615509","FBA79570","B0DKJXRXKM","X0025R19UT","NexLev Blackhead & Whitehead Remover Tool | Rechargeable |1Hr Use| Acne & Pimple Pore Cleaner | 6 Heads | Electric Derma Suction Machine | Hydra Facial Cleanser Device for Face |For Men & Women |BR-01","1","BLR7","CUSTOMER_DAMAGED","MISSING_PARTS","LPNBLR7Y7310958",
"2026-05-14T04:33:53+00:00","171-5685066-8975519","FBA78980","B0CDPMX152","X001U1DYK9","NexLev Handheld Garment Steamer | 1500 Watts | 300 ML| Standing & Horizontal Iron Press | Damage Free Steaming for all Cloth Types | 25s Quick Heat |Upto 5 Clothes in One Fill | Travel Friendly |GS-02","1","BOM7","SELLABLE","DEFECTIVE","LPNBOM7D20139518",
"2026-05-14T03:47:24+00:00","406-1210149-9422711","FBK80024","B0GLHC8CB3","X002IPBERB","NexLev Spin Scrubber|6 Scrubbing Heads| For Kitchen, Bathroom, Tub, Glass | Complete cleaning tool for Home, Office & Car| 90 min runtime | 2600 mAh | Cordless Type C | 2 Modes|Adjustable Handle|SS-02","1","BOM7","SELLABLE","UNDELIVERABLE_REFUSED","LPNBOM7D20139458",
"2026-05-14T03:16:22+00:00","171-2087618-1761165","FBA79493","B0DQCWRG3H","X00272C0EV","NexLev Ionic 3 in 1 Hot Air Brush|1.5 Inch Barrel |Volumizer Blow Dryer & Styler|Ceramic Tourmaline Coated for Heat Protection|1200W|Dual Bristle for Tangle Free Styling|Salon Like Styles at Home|V-03","1","BOM7","SELLABLE","UNDELIVERABLE_REFUSED","LPNBOM7D20136833",
"2026-05-13T21:00:24+00:00","408-0375347-3575527","FBA79263","B0CYSLCRQS","X001ZOLVQP","NexLev Mattress, Sofa & Carpet Vacuum Cleaner | For Dust Mites, Allergens & Pet Hair | 4 Step Cleansing with Double Beat, UV Light, Dehumidification & Vacuum | HEPA captures 99.99% Dust|MR-01","1","CCX1","CARRIER_DAMAGED","DEFECTIVE","LPNCCX1B3990315",
"2026-05-13T15:53:18+00:00","405-9912668-7432311","FBA79349","B0D9KDQCCM","X00230EXN3","Nexlev Portable Sewing Machine| 2 Speed Settings| Cordless| Battery operated| USB Type C cord for Plug-in| Quick Fix DIY|Portable & Compact| for all Fabrics| 1 Year Warranty| White","1","DED4","SELLABLE","QUALITY_UNACCEPTABLE","LPNDED4A1745221","​&#34;This machine hasn&#39;t done any work.&#34; (Use this if the machine has been sitting idle or hasn&#39;t produced anything.) ​&#34;This machine didn&#39;t do anything.&#34; (A simple, conversational way to say it didn&#39;t pe"
"2026-05-13T14:04:40+00:00","404-3182925-5142759","FBA79812","B0FS6TB7CP","X002F7TH85","NexLev Portable Blender for Smoothies Milkshakes Juices Baby Food | High Borosilicate Glass Jar | 3000 mAh Battery | Type C | Mix Fruit Juicer Mini | 450ml | For Kitchen & Travel | PB-01","1","BLR8","SELLABLE","DEFECTIVE","LPNBLR8Z6205912",
"2026-05-13T12:50:48+00:00","171-1270466-8810758","FBA79349","B0D9KDQCCM","X00230EXN3","Nexlev Portable Sewing Machine| 2 Speed Settings| Cordless| Battery operated| USB Type C cord for Plug-in| Quick Fix DIY|Portable & Compact| for all Fabrics| 1 Year Warranty| White","1","MAA4","DEFECTIVE","NOT_COMPATIBLE","LPNMAA4Z2266524","sorry"
"2026-05-13T10:25:02+00:00","405-3142097-0671527","FBK79591","B0F29SZCVF","X0029O6KFH","NexLev Knee Massager for Joint Pain Relief |Controlled Vibration & Heating for Arthritis, Knee, Shoulder or Elbow pain | 15 modes |2 Extension Belt |Graphene Heating pad for Consistent Heating | KM-01","1","CCX1","SELLABLE","DEFECTIVE","LPNCCX1B1507327",
"2026-05-13T08:12:09+00:00","404-6610829-8311536","FBA79682","B0DVC8NYY2","X002872SBZ","NexLev Cool Mist Humidifier | 2.2L| For Office, Indoor Plants, Baby Nursery | Quiet Operation | Works 30Hrs on Low Setting | 360° Nozzle | Auto Shut-Off | Adjustable Knob | Leak Proof | HU-02","1","BLR7","SELLABLE","DEFECTIVE","LPNBLR7Y7373424",
"2026-05-13T07:59:38+00:00","404-9988732-6837110","FBA79406","B0DCK3N2JJ","X0023L3KG3","NexLev Ionic Cordless Hair Straightener Brush | 60min Runtime | upto 200° Heating | Portable & Type C Rechargeable | Keratin Bristles |Straight, Frizz Free & Shiny Hair | Compact Comb Design | HSB-04","1","BOM5","SELLABLE","UNDELIVERABLE_REFUSED","LPNBOM5F5195558",
"2026-05-13T07:55:17+00:00","403-9538521-3570703","FBA78981","B0CDPP45BM","X001U1K281","NexLev Steam Cleaner | For Complete Home Kitchen Bathroom Car Sofa & Office Cleaning Machine | 9 Accessories |300 ML | Window Pane, Sink, Chimney Grease, Water Stain Cleaner| 5 Mtr Cord | 1000W |SC-01","1","DEL5","CUSTOMER_DAMAGED","NO_REASON_GIVEN","LPNDEL5S13605899",
"2026-05-13T07:35:41+00:00","171-1266425-0972328","FBA79265","B0D2LHNS9B","X0020FWBW1","NexLev Foot Callus Remover | Electric Scrubber & Shaver for Dead, Hard & Cracked Skin | Professional Pedicure at Home | Waterproof | Type C | 3 Crystal Quartz Heads | For Men and Women| CR-01","1","BOM7","SELLABLE","UNDELIVERABLE_REFUSED","LPNBOM7D19978807",
"2026-05-13T07:06:00+00:00","406-8475634-2838733","FBK79591","B0F29SZCVF","X0029O6KFH","NexLev Knee Massager for Joint Pain Relief |Controlled Vibration & Heating for Arthritis, Knee, Shoulder or Elbow pain | 15 modes |2 Extension Belt |Graphene Heating pad for Consistent Heating | KM-01","1","PNQ3","SELLABLE","DEFECTIVE","LPNPNQ3A4417159",
"2026-05-13T06:51:29+00:00","406-2075158-2400325","FBA78980","B0CDPMX152","X001U1DYK9","NexLev Handheld Garment Steamer | 1500 Watts | 300 ML| Standing & Horizontal Iron Press | Damage Free Steaming for all Cloth Types | 25s Quick Heat |Upto 5 Clothes in One Fill | Travel Friendly |GS-02","1","CCX1","SELLABLE","DEFECTIVE","LPNCCX1B3808259",
"2026-05-13T06:43:59+00:00","171-8069287-1881127","FBA78980","B0CDPMX152","X001U1DYK9","NexLev Handheld Garment Steamer | 1500 Watts | 300 ML| Standing & Horizontal Iron Press | Damage Free Steaming for all Cloth Types | 25s Quick Heat |Upto 5 Clothes in One Fill | Travel Friendly |GS-02","1","CCX1","SELLABLE","DEFECTIVE","LPNCCX1B3966634",
"2026-05-13T05:56:32+00:00","405-9612342-9718707","FBA78980","B0CDPMX152","X001U1DYK9","NexLev Handheld Garment Steamer | 1500 Watts | 300 ML| Standing & Horizontal Iron Press | Damage Free Steaming for all Cloth Types | 25s Quick Heat |Upto 5 Clothes in One Fill | Travel Friendly |GS-02","1","BLR8","SELLABLE","UNDELIVERABLE_REFUSED","LPNBLR8Z4365095",
"2026-05-13T05:31:01+00:00","406-5642268-7843553","FBA79679","B0DVC7VJP1","X002876EAV","NexLev Stand Mixer | 5.5L SS Bowl | 1500W |10 Speeds | Pulse Function |Planetary Rotation | Whisk, Beater & Dough Hook |100% Copper Motor | For Roti Atta, Cookie Dough, Cake, Whip Cream & more | ST-01","1","DEL4","SELLABLE","UNDELIVERABLE_REFUSED","LPNDEL4AA2356977",
"2026-05-13T04:42:15+00:00","407-2784347-7209156","FBA79991","B0GN85NZQN","X002IK70C9","NexLev Dehumidifier for Room Moisture Absorption | 1000ML Tank | Ideal for Mold & Moisture Removal |For Room Wardrobe Kitchen Office| Auto Shut-Off Function| Preset Timer & Humidty Control | DH-01","1","HYD8","CARRIER_DAMAGED","UNDELIVERABLE_REFUSED","LPNHYD8EG94752",
"2026-05-13T04:24:25+00:00","407-6949057-7159566","FBA79652","B0F43P6D23","X002A07CLV","NexLev Steam Cleaner | Complete Home Kitchen Floor Bathroom Car & Office Cleaning machine | 9 Accessories | 450 ML | Window Pane Sink Grime Chimney Grease Water Stain Cleaner| 4 M Cord |1050W |SC-05","1","CJB1","SELLABLE","UNDELIVERABLE_REFUSED","LPNCJB1X055812",
"2026-05-13T04:05:37+00:00","407-3883370-9273964","FBA79812","B0FS6TB7CP","X002F7TH85","NexLev Portable Blender for Smoothies Milkshakes Juices Baby Food | High Borosilicate Glass Jar | 3000 mAh Battery | Type C | Mix Fruit Juicer Mini | 450ml | For Kitchen & Travel | PB-01","1","CCX1","CUSTOMER_DAMAGED","DEFECTIVE","LPNCCX1B3966718",
"2026-05-13T03:36:04+00:00","408-3653979-9408301","FBA79652","B0F43P6D23","X002A07CLV","NexLev Steam Cleaner | Complete Home Kitchen Floor Bathroom Car & Office Cleaning machine | 9 Accessories | 450 ML | Window Pane Sink Grime Chimney Grease Water Stain Cleaner| 4 M Cord |1050W |SC-05","1","CJB1","SELLABLE","UNDELIVERABLE_REFUSED","LPNCJB1X132236",
"2026-05-13T03:11:46+00:00","171-5121582-9586765","FBA79265","B0D2LHNS9B","X0020FWBW1","NexLev Foot Callus Remover | Electric Scrubber & Shaver for Dead, Hard & Cracked Skin | Professional Pedicure at Home | Waterproof | Type C | 3 Crystal Quartz Heads | For Men and Women| CR-01","1","DEL4","SELLABLE","UNDELIVERABLE_REFUSED","LPNDEL4AA1045084",
"2026-05-12T12:29:14+00:00","407-7022169-6582747","FBA78995","B0CDQ55W2M","X001U1NNHX","nexlev Travel Neck Pillow | Orthopedic Premium Memory Foam | for Airplane, Car, Train, Office use & Cervical Pain | Machine Washable | 360 Support | Carry Pouch for Storage | NP-02","1","MAA4","CUSTOMER_DAMAGED","SWITCHEROO","LPNMAA4Z2421983",
"2026-05-12T12:21:59+00:00","408-5480694-7129143","FBA79493","B0DQCWRG3H","X00272C0EV","NexLev Ionic 3 in 1 Hot Air Brush|1.5 Inch Barrel |Volumizer Blow Dryer & Styler|Ceramic Tourmaline Coated for Heat Protection|1200W|Dual Bristle for Tangle Free Styling|Salon Like Styles at Home|V-03","1","CJB1","SELLABLE","UNDELIVERABLE_UNKNOWN","LPNCJB1X132184",
"2026-05-12T11:39:42+00:00","405-3039961-1081140","FBA79811","B0FSF1N457","X002EUQV41","NexLev Mini Electric Chopper | 3D Stainless Steel Blade | Food Grade Bowl | For Mincing Garlic Ginger Onion Vegetable Meat Nuts | 250 ml | One Touch Operation | MC-01","1","DEL5","SELLABLE","UNDELIVERABLE_REFUSED","LPNDEL5S13806837",
"2026-05-12T11:09:51+00:00","171-4481835-4665947","FBA79265","B0D2LHNS9B","X0020FWBW1","NexLev Foot Callus Remover | Electric Scrubber & Shaver for Dead, Hard & Cracked Skin | Professional Pedicure at Home | Waterproof | Type C | 3 Crystal Quartz Heads | For Men and Women| CR-01","1","CJB1","SELLABLE","UNDELIVERABLE_REFUSED","LPNCJB1X136466",
"2026-05-12T11:08:22+00:00","405-4903923-4602730","FBA79263","B0CYSLCRQS","X001ZOLVQP","NexLev Mattress, Sofa & Carpet Vacuum Cleaner | For Dust Mites, Allergens & Pet Hair | 4 Step Cleansing with Double Beat, UV Light, Dehumidification & Vacuum | HEPA captures 99.99% Dust|MR-01","1","BLR7","SELLABLE","SWITCHEROO","LPNBLR7Y7364680",
"2026-05-12T10:56:35+00:00","171-5636245-8998701","FBK79271","B0DQ8W1RBV","X00271JY6J","Nexlev Ionic Volumizer|3 In 1 Hot Air Brush To Straight Dry & Volumize|1200 Watts|Reduce Frizz|Ceramic Tourmaline Coated Large Barrel|Salon Like Soft Curl At Home|3 Speed & 2 Heat Settings|V-01 RG","1","CCX1","CARRIER_DAMAGED","UNDELIVERABLE_REFUSED","LPNCCX1B3981443",
"2026-05-12T10:45:04+00:00","405-5261195-9752319","FBA79349","B0D9KDQCCM","X00230EXN3","Nexlev Portable Sewing Machine| 2 Speed Settings| Cordless| Battery operated| USB Type C cord for Plug-in| Quick Fix DIY|Portable & Compact| for all Fabrics| 1 Year Warranty| White","1","AMD2","SELLABLE","QUALITY_UNACCEPTABLE","LPNAMD2M3641817","The machine is not working at all. I am not getting the stitches."
"2026-05-12T10:29:53+00:00","404-7098495-6563566","FBP79350","B0D67727VG","X0024F173L","NexLev LED Therapy Oil Applicator | Reduce Dandruff | Improve Hair Growth | EMS for Scalp Improvement | Red & Blue Light | High Frequency Massage for Better Absorption | 10 ML | Waterproof | EA-01","1","BLR8","SELLABLE","UNDELIVERABLE_REFUSED","LPNBLR8Z6163870",
"2026-05-12T09:52:29+00:00","407-6166598-0814736","FBA78981","B0CDPP45BM","X001U1K281","NexLev Steam Cleaner | For Complete Home Kitchen Bathroom Car Sofa & Office Cleaning Machine | 9 Accessories |300 ML | Window Pane, Sink, Chimney Grease, Water Stain Cleaner| 5 Mtr Cord | 1000W |SC-01","1","BLR8","SELLABLE","UNDELIVERABLE_REFUSED","LPNBLR8Z6182987",
"2026-05-12T09:29:15+00:00","403-3780270-3870755","FBA79812","B0FS6TB7CP","X002F7TH85","NexLev Portable Blender for Smoothies Milkshakes Juices Baby Food | High Borosilicate Glass Jar | 3000 mAh Battery | Type C | Mix Fruit Juicer Mini | 450ml | For Kitchen & Travel | PB-01","1","BLR7","SELLABLE","QUALITY_UNACCEPTABLE","LPNBLR7Y5294250",
"2026-05-12T09:12:51+00:00","405-7589445-5266732","FBA79406","B0DCK3N2JJ","X0023L3KG3","NexLev Ionic Cordless Hair Straightener Brush | 60min Runtime | upto 200° Heating | Portable & Type C Rechargeable | Keratin Bristles |Straight, Frizz Free & Shiny Hair | Compact Comb Design | HSB-04","1","MAA4","SELLABLE","UNDELIVERABLE_REFUSED","LPNMAA4Z2301732",
"2026-05-12T09:09:35+00:00","171-7021183-3257905","FBA79819","B0FT8R24QM","X002F1TU0L","NexLev Portable Cordless Lint Remover | for Woollen, Sweaters, Jackets, Carpets | Fabric Brush | Rue & Burr Remover | Battery Powered Shaver | SS Blade | Safety Lock | LR-03","1","HYD8","SELLABLE","UNDELIVERABLE_REFUSED","LPNHYD8EA09279",
"2026-05-12T09:06:38+00:00","408-9224025-3084368","FBA79349","B0D9KDQCCM","X00230EXN3","Nexlev Portable Sewing Machine| 2 Speed Settings| Cordless| Battery operated| USB Type C cord for Plug-in| Quick Fix DIY|Portable & Compact| for all Fabrics| 1 Year Warranty| White","1","CCX1","CUSTOMER_DAMAGED","QUALITY_UNACCEPTABLE","LPNCCX1B3809866",
"2026-05-12T07:57:41+00:00","405-0870506-0668342","FBA79439","B0DCK7ZH5P","X0023KW3JJ","NexLev Mattress, Sofa, Carpet & Car Seat Vacuum Cleaner|For Dust Mites Allergens & Pet Hair|Cordless Design|1500*3 mAh |UV Sterilization, Double Beat Technology|Type C| HEPA captures 99.99% Dust|MR-02","1","DEL5","CUSTOMER_DAMAGED","DEFECTIVE","LPNDEL5S13804160",
"2026-05-12T07:23:50+00:00","403-2964492-6257950","FBA79567","B0DNJS23HS","X0026FJYJD","NexLev 10 in 1 Steam Cleaner & Mop|2 Steam Modes| Mopping & Deep Cleaning Home Car Sofa Bathroom Kitchen & Office |For All Surfaces|350ML|Chemical Free Cleaning | Detachable & Foldable|SC-04","1","HYD8","CUSTOMER_DAMAGED","QUALITY_UNACCEPTABLE","LPNHYD8EG94535",
"2026-05-12T06:20:42+00:00","408-9773652-2717950","FBA79406","B0DCK3N2JJ","X0023L3KG3","NexLev Ionic Cordless Hair Straightener Brush | 60min Runtime | upto 200° Heating | Portable & Type C Rechargeable | Keratin Bristles |Straight, Frizz Free & Shiny Hair | Compact Comb Design | HSB-04","1","AMD2","CUSTOMER_DAMAGED","DEFECTIVE","LPNAMD2M3691828",
"2026-05-12T06:05:14+00:00","403-2552909-7314764","FBA79493","B0DQCWRG3H","X00272C0EV","NexLev Ionic 3 in 1 Hot Air Brush|1.5 Inch Barrel |Volumizer Blow Dryer & Styler|Ceramic Tourmaline Coated for Heat Protection|1200W|Dual Bristle for Tangle Free Styling|Salon Like Styles at Home|V-03","1","BLR8","SELLABLE","UNDELIVERABLE_REFUSED","LPNBLR8Z3391431",
"2026-05-12T05:48:41+00:00","404-5445540-1917952","FBA79991","B0GN85NZQN","X002IK70C9","NexLev Dehumidifier for Room Moisture Absorption | 1000ML Tank | Ideal for Mold & Moisture Removal |For Room Wardrobe Kitchen Office| Auto Shut-Off Function| Preset Timer & Humidty Control | DH-01","1","MAA4","CARRIER_DAMAGED","MISORDERED","LPNMAA4Z1214913",
"2026-05-12T05:37:17+00:00","403-4166568-7679533","FBA79590","B0DM6BB3VT","X00263BT43","NexLev Calf Massager | Daily Use Leg Massager for Sore Muscle |1 Piece | Hand Like Massage with Air Compression | Improve Blood Circulation & Relieve Pain | 2500 mAh | Large Belt | Type C |CFM-01","1","CCX1","SELLABLE","UNDELIVERABLE_REFUSED","LPNCCX1B3948609",
"2026-05-12T04:29:27+00:00","407-1154870-2516308","FBA79570","B0DKJXRXKM","X0025R19UT","NexLev Blackhead & Whitehead Remover Tool | Rechargeable |1Hr Use| Acne & Pimple Pore Cleaner | 6 Heads | Electric Derma Suction Machine | Hydra Facial Cleanser Device for Face |For Men & Women |BR-01","1","CCX1","CUSTOMER_DAMAGED","DEFECTIVE","LPNCCX1B1335604",
"2026-05-12T04:27:31+00:00","404-2663875-7309102","FBA79406","B0DCK3N2JJ","X0023L3KG3","NexLev Ionic Cordless Hair Straightener Brush | 60min Runtime | upto 200° Heating | Portable & Type C Rechargeable | Keratin Bristles |Straight, Frizz Free & Shiny Hair | Compact Comb Design | HSB-04","1","CCX1","SELLABLE","DEFECTIVE","LPNCCX1B3770496",
"2026-05-12T03:05:50+00:00","404-2396919-9065163","FBA78980","B0CDPMX152","X001U1DYK9","NexLev Handheld Garment Steamer | 1500 Watts | 300 ML| Standing & Horizontal Iron Press | Damage Free Steaming for all Cloth Types | 25s Quick Heat |Upto 5 Clothes in One Fill | Travel Friendly |GS-02","1","HYD8","CUSTOMER_DAMAGED","DEFECTIVE","LPNHYD8EC37658",
"2026-05-11T20:18:42+00:00","402-9111858-1640324","FBK80015","B0GKNGWLJ2","X002IVBZ1F","NexLev Cordless Spin Mop|50 Min Runtime|2 Extra Mop Pads | Type C | For Home Kitchen & Office Use | Water Spray Function|Self Propelling|Mopping for All Floor Types|LED for Corners and Underbed|SPM-01","1","CCX1","CUSTOMER_DAMAGED","DEFECTIVE","LPNCCX1B3993252",
"2026-05-11T12:43:29+00:00","408-6110975-7180342","FBA79567","B0DNJS23HS","X0026FJYJD","NexLev 10 in 1 Steam Cleaner & Mop|2 Steam Modes| Mopping & Deep Cleaning Home Car Sofa Bathroom Kitchen & Office |For All Surfaces|350ML|Chemical Free Cleaning | Detachable & Foldable|SC-04","1","MAA4","CUSTOMER_DAMAGED","ORDERED_WRONG_ITEM","LPNMAA4Z2398362",
"2026-05-11T11:46:18+00:00","407-1098472-9778710","FBA79349","B0D9KDQCCM","X00230EXN3","Nexlev Portable Sewing Machine| 2 Speed Settings| Cordless| Battery operated| USB Type C cord for Plug-in| Quick Fix DIY|Portable & Compact| for all Fabrics| 1 Year Warranty| White","1","CCX1","CUSTOMER_DAMAGED","NOT_COMPATIBLE","LPNCCX1B1953006",
"2026-05-11T11:27:47+00:00","408-6513688-7465931","FBA79349","B0D9KDQCCM","X00230EXN3","Nexlev Portable Sewing Machine| 2 Speed Settings| Cordless| Battery operated| USB Type C cord for Plug-in| Quick Fix DIY|Portable & Compact| for all Fabrics| 1 Year Warranty| White","1","DED4","DEFECTIVE","DEFECTIVE","LPNDED4A1822783","The machine switches on but the needle does not move"
"2026-05-11T10:17:15+00:00","405-0991420-4383505","FBA79267","B0D2LD6BYJ","X0020G121B","NexLev 6-in-1 trimmer | Sensitive Bikini Trimmer for Women | Skin Safe with Rounded Tips & Foil Shaver| Hair Removal for Intimate Areas, Face, Arms, Legs & Body | 90 min Runtime |2H Quick Charge |T-02","1","CCX1","SELLABLE","UNDELIVERABLE_REFUSED","LPNCCX1B3827558",
"2026-05-11T09:56:21+00:00","403-5155611-6513161","FBA79682","B0DVC8NYY2","X002872SBZ","NexLev Cool Mist Humidifier | 2.2L| For Office, Indoor Plants, Baby Nursery | Quiet Operation | Works 30Hrs on Low Setting | 360° Nozzle | Auto Shut-Off | Adjustable Knob | Leak Proof | HU-02","1","MAA4","SELLABLE","DEFECTIVE","LPNMAA4Z2301290",
"2026-05-11T08:53:06+00:00","405-8407826-9011520","FBA78981","B0CDPP45BM","X001U1K281","NexLev Steam Cleaner | For Complete Home Kitchen Bathroom Car Sofa & Office Cleaning Machine | 9 Accessories |300 ML | Window Pane, Sink, Chimney Grease, Water Stain Cleaner| 5 Mtr Cord | 1000W |SC-01","1","DEL4","CUSTOMER_DAMAGED","MISSING_PARTS","LPNDEL4AA3792483",
"2026-05-11T08:24:11+00:00","404-8699893-9335520","FBA79265","B0D2LHNS9B","X0020FWBW1","NexLev Foot Callus Remover | Electric Scrubber & Shaver for Dead, Hard & Cracked Skin | Professional Pedicure at Home | Waterproof | Type C | 3 Crystal Quartz Heads | For Men and Women| CR-01","1","BLR8","SELLABLE","UNDELIVERABLE_REFUSED","LPNBLR8Z6162832",
"2026-05-11T07:55:27+00:00","407-4293053-7983539","FBA79991","B0GN85NZQN","X002IK70C9","NexLev Dehumidifier for Room Moisture Absorption | 1000ML Tank | Ideal for Mold & Moisture Removal |For Room Wardrobe Kitchen Office| Auto Shut-Off Function| Preset Timer & Humidty Control | DH-01","1","BLR8","CARRIER_DAMAGED","QUALITY_UNACCEPTABLE","LPNBLR8Z3479553",
"2026-05-11T07:54:22+00:00","404-6959534-5437148","FBA79652","B0F43P6D23","X002A07CLV","nexlev Steam Cleaner | Complete Home Kitchen Floor Bathroom Car & Office Cleaning Machine | 9 Accessories | 450 ML | Window Pane Sink Grime Chimney Grease Water Stain Cleaner| 4 M Cord |1050W |SC-05","1","DEL4","CUSTOMER_DAMAGED","NO_REASON_GIVEN","LPNDEL4AA3789387",
"2026-05-11T07:48:49+00:00","406-4853805-6363556","FBA79349","B0D9KDQCCM","X00230EXN3","Nexlev Portable Sewing Machine| 2 Speed Settings| Cordless| Battery operated| USB Type C cord for Plug-in| Quick Fix DIY|Portable & Compact| for all Fabrics| 1 Year Warranty| White","1","MAA4","DEFECTIVE","DEFECTIVE","LPNMAA4Z2421147","Not Stitching Properly and Not working perfectly"
"2026-05-11T06:59:24+00:00","404-8648681-3173157","FBA78980","B0CDPMX152","X001U1DYK9","NexLev Handheld Garment Steamer | 1500 Watts | 300 ML| Standing & Horizontal Iron Press | Damage Free Steaming for all Cloth Types | 25s Quick Heat |Upto 5 Clothes in One Fill | Travel Friendly |GS-02","1","AMD2","SELLABLE","SWITCHEROO","LPNAMD2M3802002",
"2026-05-11T06:41:02+00:00","404-8650891-3226712","FBK80015","B0GKNGWLJ2","X002IVBZ1F","NexLev Cordless Spin Mop|50 Min Runtime|2 Extra Mop Pads | Type C | For Home Kitchen & Office Use | Water Spray Function|Self Propelling|Mopping for All Floor Types|LED for Corners and Underbed|SPM-01","1","BLR7","SELLABLE","UNDELIVERABLE_UNKNOWN","LPNBLR7Y8032033",
"2026-05-11T06:26:19+00:00","404-9999950-2388368","FBK80015","B0GKNGWLJ2","X002IVBZ1F","NexLev Cordless Spin Mop|50 Min Runtime|2 Extra Mop Pads | Type C | For Home Kitchen & Office Use | Water Spray Function|Self Propelling|Mopping for All Floor Types|LED for Corners and Underbed|SPM-01","1","BLR7","SELLABLE","UNDELIVERABLE_REFUSED","LPNBLR7Y8032017",
"2026-05-11T05:57:31+00:00","403-0112246-0250759","FBA78981","B0CDPP45BM","X001U1K281","NexLev Steam Cleaner | For Complete Home Kitchen Bathroom Car Sofa & Office Cleaning Machine | 9 Accessories |300 ML | Window Pane, Sink, Chimney Grease, Water Stain Cleaner| 5 Mtr Cord | 1000W |SC-01","1","DEL5","SELLABLE","DEFECTIVE","LPNDEL5S13282623",
"2026-05-11T05:12:39+00:00","171-9058292-3078739","FBA79265","B0D2LHNS9B","X0020FWBW1","NexLev Foot Callus Remover | Electric Scrubber & Shaver for Dead, Hard & Cracked Skin | Professional Pedicure at Home | Waterproof | Type C | 3 Crystal Quartz Heads | For Men and Women| CR-01","1","BOM7","SELLABLE","UNDELIVERABLE_REFUSED","LPNBOM7D20069867",
"2026-05-11T04:39:47+00:00","403-6322537-2168342","FBA79349","B0D9KDQCCM","X00230EXN3","Nexlev Portable Sewing Machine| 2 Speed Settings| Cordless| Battery operated| USB Type C cord for Plug-in| Quick Fix DIY|Portable & Compact| for all Fabrics| 1 Year Warranty| White","1","BOM7","SELLABLE","UNDELIVERABLE_UNKNOWN","LPNBOM7D20002905",
"2026-05-11T04:11:25+00:00","402-9307091-2857920","FBA79812","B0FS6TB7CP","X002F7TH85","NexLev Portable Blender for Smoothies Milkshakes Juices Baby Food | High Borosilicate Glass Jar | 3000 mAh Battery | Type C | Mix Fruit Juicer Mini | 450ml | For Kitchen & Travel | PB-01","1","PNQ3","CUSTOMER_DAMAGED","DEFECTIVE","LPNPNQ3A4544399",
"2026-05-11T03:41:43+00:00","407-8791244-6421956","FBA78981","B0CDPP45BM","X001U1K281","NexLev Steam Cleaner | For Complete Home Kitchen Bathroom Car Sofa & Office Cleaning Machine | 9 Accessories |300 ML | Window Pane, Sink, Chimney Grease, Water Stain Cleaner| 5 Mtr Cord | 1000W |SC-01","1","HYD8","SELLABLE","NEVER_ARRIVED","LPNHYD8EA30894",
"2026-05-10T12:51:42+00:00","407-5523301-4197914","FBA79493","B0DQCWRG3H","X00272C0EV","NexLev Ionic 3 in 1 Hot Air Brush|1.5 Inch Barrel |Volumizer Blow Dryer & Styler|Ceramic Tourmaline Coated for Heat Protection|1200W|Dual Bristle for Tangle Free Styling|Salon Like Styles at Home|V-03","1","HYD8","SELLABLE","UNDELIVERABLE_REFUSED","LPNHYD8EC32683",
"2026-05-10T12:38:24+00:00","407-1791823-0091560","FBA79682","B0DVC8NYY2","X002872SBZ","NexLev Cool Mist Humidifier | 2.2L| For Office, Indoor Plants, Baby Nursery | Quiet Operation | Works 30Hrs on Low Setting | 360° Nozzle | Auto Shut-Off | Adjustable Knob | Leak Proof | HU-02","1","BLR8","CUSTOMER_DAMAGED","DEFECTIVE","LPNBLR8Z3478967",
"2026-05-10T12:27:52+00:00","405-6246682-5323518","FBA78980","B0CDPMX152","X001U1DYK9","NexLev Handheld Garment Steamer | 1500 Watts | 300 ML| Standing & Horizontal Iron Press | Damage Free Steaming for all Cloth Types | 25s Quick Heat |Upto 5 Clothes in One Fill | Travel Friendly |GS-02","1","MAA4","SELLABLE","SWITCHEROO","LPNMAA4Z1236702",
"2026-05-10T10:53:54+00:00","408-0310584-3317104","FBA79349","B0D9KDQCCM","X00230EXN3","Nexlev Portable Sewing Machine| 2 Speed Settings| Cordless| Battery operated| USB Type C cord for Plug-in| Quick Fix DIY|Portable & Compact| for all Fabrics| 1 Year Warranty| White","1","LKO1","SELLABLE","NOT_COMPATIBLE","LPNLKO1B1589138","Its not gud other machine order"
"2026-05-10T10:01:34+00:00","171-3601107-3121107","FBA79991","B0GN85NZQN","X002IK70C9","NexLev Dehumidifier for Room Moisture Absorption | 1000ML Tank | Ideal for Mold & Moisture Removal |For Room Wardrobe Kitchen Office| Auto Shut-Off Function| Preset Timer & Humidty Control | DH-01","1","BLR8","CARRIER_DAMAGED","SWITCHEROO","LPNBLR8Z6188025",
"2026-05-10T09:47:49+00:00","406-9826066-4518730","FBA79566","B0DKJSCLBD","X0025QW265","nexlev Cordless Wet & Dry Vacuum Cleaner|for Home Car & Office Use|3 Attachments | 4000 mAh Battery|Quick Cleaning of Desk, Coffee Tea or Water Spill | Compact & Portable | VC-05","1","AMD2","SELLABLE","UNDELIVERABLE_UNKNOWN","LPNAMD2M3841142",
"2026-05-10T09:25:10+00:00","404-5363371-5848329","FBA79570","B0DKJXRXKM","X0025R19UT","NexLev Blackhead & Whitehead Remover Tool | Rechargeable |1Hr Use| Acne & Pimple Pore Cleaner | 6 Heads | Electric Derma Suction Machine | Hydra Facial Cleanser Device for Face |For Men & Women |BR-01","1","BLR7","SELLABLE","DEFECTIVE","LPNBLR7Y8008131",
"2026-05-10T08:59:51+00:00","407-5558787-9049956","FBA79452","B0DCGHVN81","X0023JV0A3","NexLev 2 in 1 Handheld & Stick Vacuum Cleaner | 17500 PA Suction | Dry Vacuuming for Home & Office | Washable HEPA Filter | 4 Adjustable Heads | Bagless| Deep Cleaning for Sofa Bed Window & more|VC-01","1","DEL4","CARRIER_DAMAGED","DEFECTIVE","LPNDEL4AA3740199",
"2026-05-10T08:51:10+00:00","404-9851765-1729953","FBA79682","B0DVC8NYY2","X002872SBZ","NexLev Cool Mist Humidifier | 2.2L| For Office, Indoor Plants, Baby Nursery | Quiet Operation | Works 30Hrs on Low Setting | 360° Nozzle | Auto Shut-Off | Adjustable Knob | Leak Proof | HU-02","1","PNQ3","SELLABLE","DAMAGED_BY_FC","LPNPNQ3A4555452","I didn&#39;t get the quality I wanted, so I want a cash refund."
"2026-05-10T06:08:06+00:00","406-5144716-3971505","FBA79567","B0DNJS23HS","X0026FJYJD","NexLev 10 in 1 Steam Cleaner & Mop|2 Steam Modes| Mopping & Deep Cleaning Home Car Sofa Bathroom Kitchen & Office |For All Surfaces|350ML|Chemical Free Cleaning | Detachable & Foldable|SC-04","1","BOM5","CARRIER_DAMAGED","UNDELIVERABLE_REFUSED","LPNBOM5F5057011",
"2026-05-10T05:32:05+00:00","404-0769870-1453932","FBA79652","B0F43P6D23","X002A07CLV","nexlev Steam Cleaner | Complete Home Kitchen Floor Bathroom Car & Office Cleaning Machine | 9 Accessories | 450 ML | Window Pane Sink Grime Chimney Grease Water Stain Cleaner| 4 M Cord |1050W |SC-05","1","AMD2","CUSTOMER_DAMAGED","SWITCHEROO","LPNAMD2M3870255",
"2026-05-10T05:02:03+00:00","404-5945102-4134744","FBA79652","B0F43P6D23","X002A07CLV","nexlev Steam Cleaner | Complete Home Kitchen Floor Bathroom Car & Office Cleaning Machine | 9 Accessories | 450 ML | Window Pane Sink Grime Chimney Grease Water Stain Cleaner| 4 M Cord |1050W |SC-05","1","HYD8","CUSTOMER_DAMAGED","DEFECTIVE","LPNHYD8EB40158",
"2026-05-10T04:35:32+00:00","405-2906429-7773915","FBA78981","B0CDPP45BM","X001U1K281","NexLev Steam Cleaner | For Complete Home Kitchen Bathroom Car Sofa & Office Cleaning Machine | 9 Accessories |300 ML | Window Pane, Sink, Chimney Grease, Water Stain Cleaner| 5 Mtr Cord | 1000W |SC-01","1","CJB1","CUSTOMER_DAMAGED","SWITCHEROO","LPNCJB1X177739",
"2026-05-10T04:22:53+00:00","402-5530481-9701956","FBA79404","B0D9KFZYG8","X00230BF25","NexLev Steamer For Cold & Cough| Face Steam,Inhaler & Vaporizer | Perfect for Facial & Aromatherapy | Nano Ionic Steam | Uv Sterilization | Aroma Diffuser|30 Sec Heating|Avoid Burns & Spillage | FS-01","1","BOM5","CUSTOMER_DAMAGED","NOT_AS_DESCRIBED","LPNBOM5F5071219",
"2026-05-10T04:12:30+00:00","407-6406761-0188302","FBA79812","B0FS6TB7CP","X002F7TH85","NexLev Portable Blender for Smoothies Milkshakes Juices Baby Food | High Borosilicate Glass Jar | 3000 mAh Battery | Type C | Mix Fruit Juicer Mini | 450ml | For Kitchen & Travel | PB-01","1","DEL5","SELLABLE","UNDELIVERABLE_REFUSED","LPNDEL5S13838398",
"2026-05-10T04:08:32+00:00","408-2792774-1603566","FBA79590","B0DM6BB3VT","X00263BT43","NexLev Calf Massager | Daily Use Leg Massager for Sore Muscle |1 Piece | Hand Like Massage with Air Compression | Improve Blood Circulation & Relieve Pain | 2500 mAh | Large Belt | Type C |CFM-01","1","HYD8","SELLABLE","UNDELIVERABLE_UNKNOWN","LPNHYD8EE81467",
"2026-05-10T03:56:23+00:00","408-0692348-5170703","FBA79489","B0DFD123P5","X00243S2SB","Nexlev MultiPurpose Electric Food Kettle|1.5 L Ceramic Pot | 600W| Boil, Steam, Fry, Saute| Double Layered Body| 2 Temperature Settings| Multi Cooker for Water, Egg, Tea, Soup, Noodles, Rice| KE-02","1","HYD8","CUSTOMER_DAMAGED","QUALITY_UNACCEPTABLE","LPNHYD8EB40088",
"2026-05-10T03:45:28+00:00","171-3764807-1988309","FBA79349","B0D9KDQCCM","X00230EXN3","Nexlev Portable Sewing Machine| 2 Speed Settings| Cordless| Battery operated| USB Type C cord for Plug-in| Quick Fix DIY|Portable & Compact| for all Fabrics| 1 Year Warranty| White","1","DEL4","SELLABLE","NOT_COMPATIBLE","LPNDEL4AA3887067","Jaise Maine Socha Tha yah hard clothing ke liye Nahin Hai yah sirf soft clothing ke liye aur minor stitching ke liye hai"
"2026-05-10T03:35:16+00:00","406-4721217-7268317","FBA79812","B0FS6TB7CP","X002F7TH85","NexLev Portable Blender for Smoothies Milkshakes Juices Baby Food | High Borosilicate Glass Jar | 3000 mAh Battery | Type C | Mix Fruit Juicer Mini | 450ml | For Kitchen & Travel | PB-01","1","LKO1","SELLABLE","DEFECTIVE","LPNLKO1B1588759",
"2026-05-09T12:23:24+00:00","403-3307393-3401902","FBA79682","B0DVC8NYY2","X002872SBZ","NexLev Cool Mist Humidifier | 2.2L| For Office, Indoor Plants, Baby Nursery | Quiet Operation | Works 30Hrs on Low Setting | 360° Nozzle | Auto Shut-Off | Adjustable Knob | Leak Proof | HU-02","1","AMD2","CARRIER_DAMAGED","UNDELIVERABLE_REFUSED","LPNAMD2M3588618",
"2026-05-09T12:03:04+00:00","408-3858260-6060346","FBA79406","B0DCK3N2JJ","X0023L3KG3","NexLev Ionic Cordless Hair Straightener Brush | 60min Runtime | upto 200° Heating | Portable & Type C Rechargeable | Keratin Bristles |Straight, Frizz Free & Shiny Hair | Compact Comb Design | HSB-04","1","MAA4","SELLABLE","DEFECTIVE","LPNMAA4Z0224751",
"2026-05-09T12:00:33+00:00","406-5734839-8662718","FBA79493","B0DQCWRG3H","X00272C0EV","NexLev Ionic 3 in 1 Hot Air Brush|1.5 Inch Barrel |Volumizer Blow Dryer & Styler|Ceramic Tourmaline Coated for Heat Protection|1200W|Dual Bristle for Tangle Free Styling|Salon Like Styles at Home|V-03","1","LKO1","SELLABLE","MISSING_PARTS","LPNLKO1B1588698","Curler is not there"
"2026-05-09T11:15:20+00:00","404-7718228-2776300","FBA79652","B0F43P6D23","X002A07CLV","NexLev Steam Cleaner | Complete Home Kitchen Floor Bathroom Car & Office Cleaning machine | 9 Accessories | 450 ML | Window Pane Sink Grime Chimney Grease Water Stain Cleaner| 4 M Cord |1050W |SC-05","1","DED4","SELLABLE","UNDELIVERABLE_REFUSED","LPNDED4A1892515",
"2026-05-09T11:14:44+00:00","404-6910255-5457957","FBA79590","B0DM6BB3VT","X00263BT43","NexLev Calf Massager | Daily Use Leg Massager for Sore Muscle |1 Piece | Hand Like Massage with Air Compression | Improve Blood Circulation & Relieve Pain | 2500 mAh | Large Belt | Type C |CFM-01","1","BOM5","SELLABLE","DEFECTIVE","LPNBOM5F5212866",
"2026-05-09T11:11:58+00:00","406-8728973-2552316","FBA79406","B0DCK3N2JJ","X0023L3KG3","NexLev Ionic Cordless Hair Straightener Brush | 60min Runtime | upto 200° Heating | Portable & Type C Rechargeable | Keratin Bristles |Straight, Frizz Free & Shiny Hair | Compact Comb Design | HSB-04","1","CCX1","SELLABLE","DEFECTIVE","LPNCCX1B3918753",
"2026-05-09T11:07:01+00:00","404-8835465-2125161","FBA78981","B0CDPP45BM","X001U1K281","NexLev Steam Cleaner | For Complete Home Kitchen Bathroom Car Sofa & Office Cleaning Machine | 9 Accessories |300 ML | Window Pane, Sink, Chimney Grease, Water Stain Cleaner| 5 Mtr Cord | 1000W |SC-01","1","DED4","SELLABLE","UNDELIVERABLE_REFUSED","LPNDED4A1885097",
"2026-05-09T10:20:49+00:00","402-2110761-3249141","FBA78980","B0CDPMX152","X001U1DYK9","NexLev Handheld Garment Steamer | 1500 Watts | 300 ML| Standing & Horizontal Iron Press | Damage Free Steaming for all Cloth Types | 25s Quick Heat |Upto 5 Clothes in One Fill | Travel Friendly |GS-02","1","HYD8","SELLABLE","DEFECTIVE","LPNHYD8EB25114",
"2026-05-09T09:44:05+00:00","404-5459132-1948355","FBA79277","B0D672NXC8","X0021NWGBN","Nexlev SWIPE Steam Cleaner | 3.5 Bar Strong Steam|Multipurpose Steam Cleaner for Car, Kitchen, Bathroom, Floor, Window,Glass,Upholstery| 18 Accessories Kit|Safety Lock| Large 1200ML Water Tank | SC-03","1","AMD2","CUSTOMER_DAMAGED","MISSED_ESTIMATED_DELIVERY","LPNAMD2M3602663",
"2026-05-09T09:42:40+00:00","408-0735008-2953127","FBA79567","B0DNJS23HS","X0026FJYJD","NexLev 10 in 1 Steam Cleaner & Mop|2 Steam Modes| Mopping & Deep Cleaning Home Car Sofa Bathroom Kitchen & Office |For All Surfaces|350ML|Chemical Free Cleaning | Detachable & Foldable|SC-04","1","DEL4","CUSTOMER_DAMAGED","SWITCHEROO","LPNDEL4AA3788728",
"2026-05-09T08:56:55+00:00","404-2973484-4927551","FBA79812","B0FS6TB7CP","X002F7TH85","NexLev Portable Blender for Smoothies Milkshakes Juices Baby Food | High Borosilicate Glass Jar | 3000 mAh Battery | Type C | Mix Fruit Juicer Mini | 450ml | For Kitchen & Travel | PB-01","1","PNQ3","SELLABLE","DEFECTIVE","LPNPNQ3A4514618",
"2026-05-09T07:38:13+00:00","403-5715561-4028300","FBA79570","B0DKJXRXKM","X0025R19UT","NexLev Blackhead & Whitehead Remover Tool | Rechargeable |1Hr Use| Acne & Pimple Pore Cleaner | 6 Heads | Electric Derma Suction Machine | Hydra Facial Cleanser Device for Face |For Men & Women |BR-01","1","BOM5","SELLABLE","QUALITY_UNACCEPTABLE","LPNBOM5F5202115",
"2026-05-09T06:50:34+00:00","402-5034142-1281111","FBA79452","B0DCGHVN81","X0023JV0A3","NexLev 2 in 1 Handheld & Stick Vacuum Cleaner | 17500 PA Suction | Dry Vacuuming for Home & Office | Washable HEPA Filter | 4 Adjustable Heads | Bagless| Deep Cleaning for Sofa Bed Window & more|VC-01","1","DEL4","DEFECTIVE","MISSING_PARTS","LPNDEL4AA3687782","Hep filter aka dust collector is missing"
"2026-05-09T06:21:39+00:00","405-5212501-9486716","FBA79652","B0F43P6D23","X002A07CLV","nexlev Steam Cleaner | Complete Home Kitchen Floor Bathroom Car & Office Cleaning Machine | 9 Accessories | 450 ML | Window Pane Sink Grime Chimney Grease Water Stain Cleaner| 4 M Cord |1050W |SC-05","1","BOM5","CUSTOMER_DAMAGED","SWITCHEROO","LPNBOM5F5161637",
"2026-05-09T06:06:07+00:00","402-4455652-7222722","FBA79349","B0D9KDQCCM","X00230EXN3","Nexlev Portable Sewing Machine| 2 Speed Settings| Cordless| Battery operated| USB Type C cord for Plug-in| Quick Fix DIY|Portable & Compact| for all Fabrics| 1 Year Warranty| White","1","DED4","CUSTOMER_DAMAGED","QUALITY_UNACCEPTABLE","LPNDED4A0721682",
"2026-05-09T05:22:54+00:00","404-0957727-5345948","FBA78981","B0CDPP45BM","X001U1K281","NexLev Steam Cleaner | For Complete Home Kitchen Bathroom Car Sofa & Office Cleaning Machine | 9 Accessories |300 ML | Window Pane, Sink, Chimney Grease, Water Stain Cleaner| 5 Mtr Cord | 1000W |SC-01","1","DEL5","SELLABLE","QUALITY_UNACCEPTABLE","LPNDEL5S13385108",
"2026-05-09T05:20:09+00:00","406-2364592-0110707","FBK80015","B0GKNGWLJ2","X002IVBZ1F","NexLev Cordless Spin Mop|50 Min Runtime|2 Extra Mop Pads | Type C | For Home Kitchen & Office Use | Water Spray Function|Self Propelling|Mopping for All Floor Types|LED for Corners and Underbed|SPM-01","1","BOM5","SELLABLE","UNDELIVERABLE_REFUSED","LPNBOM5F5209584",
"2026-05-09T05:19:30+00:00","171-6643895-7359560","FBA79263","B0CYSLCRQS","X001ZOLVQP","NexLev Mattress, Sofa & Carpet Vacuum Cleaner | For Dust Mites, Allergens & Pet Hair | 4 Step Cleansing with Double Beat, UV Light, Dehumidification & Vacuum | HEPA captures 99.99% Dust|MR-01","1","AMD2","CARRIER_DAMAGED","UNDELIVERABLE_REFUSED","LPNAMD2M3708817",
"2026-05-09T05:11:45+00:00","402-7770720-9133146","FBA79679","B0DVC7VJP1","X002876EAV","NexLev Stand Mixer | 5.5L SS Bowl | 1500W |10 Speeds | Pulse Function |Planetary Rotation | Whisk, Beater & Dough Hook |100% Copper Motor | For Roti Atta, Cookie Dough, Cake, Whip Cream & more | ST-01","1","BOM5","SELLABLE","UNDELIVERABLE_REFUSED","LPNBOM5F5267128",
"2026-05-09T05:04:37+00:00","171-8151310-5556352","FBA78981","B0CDPP45BM","X001U1K281","NexLev Steam Cleaner | For Complete Home Kitchen Bathroom Car Sofa & Office Cleaning Machine | 9 Accessories |300 ML | Window Pane, Sink, Chimney Grease, Water Stain Cleaner| 5 Mtr Cord | 1000W |SC-01","1","PNQ3","CUSTOMER_DAMAGED","QUALITY_UNACCEPTABLE","LPNPNQ3A4508505",
"2026-05-09T04:42:56+00:00","403-8253839-7655501","FBA79406","B0DCK3N2JJ","X0023L3KG3","NexLev Ionic Cordless Hair Straightener Brush | 60min Runtime | upto 200° Heating | Portable & Type C Rechargeable | Keratin Bristles |Straight, Frizz Free & Shiny Hair | Compact Comb Design | HSB-04","1","BLR7","SELLABLE","DEFECTIVE","LPNBLR7Y4314752",
"2026-05-09T04:27:30+00:00","407-8401066-0367556","FBA79406","B0DCK3N2JJ","X0023L3KG3","NexLev Ionic Cordless Hair Straightener Brush | 60min Runtime | upto 200° Heating | Portable & Type C Rechargeable | Keratin Bristles |Straight, Frizz Free & Shiny Hair | Compact Comb Design | HSB-04","1","BLR7","SELLABLE","UNDELIVERABLE_REFUSED","LPNBLR7Y8010343",
"2026-05-09T04:20:21+00:00","171-3781870-6949129","FBA79652","B0F43P6D23","X002A07CLV","nexlev Steam Cleaner | Complete Home Kitchen Floor Bathroom Car & Office Cleaning Machine | 9 Accessories | 450 ML | Window Pane Sink Grime Chimney Grease Water Stain Cleaner| 4 M Cord |1050W |SC-05","1","DEL4","SELLABLE","QUALITY_UNACCEPTABLE","LPNDEL4AA0986081",
"2026-05-09T03:51:21+00:00","403-4007454-2461128","FBA79573","B0DKK15YNJ","X0025R5BTT","NexLev Oil Applicator Comb|Red Led Light Therapy |Boost Hair Growth| Reduce Dandruff | Relieve Stress |High Vibration Corded Electric Scalp/Head Massager | 6 ML Oil Tank | 2 Hr Run-Time| Type-C|EA-02","1","BOM7","SELLABLE","DEFECTIVE","LPNBOM7D20012729",
"2026-05-09T03:34:17+00:00","404-8835732-5275555","FBA79573","B0DKK15YNJ","X0025R5BTT","NexLev Oil Applicator Comb|Red Led Light Therapy |Boost Hair Growth| Reduce Dandruff | Relieve Stress |High Vibration Corded Electric Scalp/Head Massager | 6 ML Oil Tank | 2 Hr Run-Time| Type-C|EA-02","1","BOM7","SELLABLE","UNDELIVERABLE_REFUSED","LPNBOM7D20066716",
"2026-05-08T16:34:25+00:00","408-7062456-8911536","FBA79682","B0DVC8NYY2","X002872SBZ","NexLev Cool Mist Humidifier | 2.2L| For Office, Indoor Plants, Baby Nursery | Quiet Operation | Works 30Hrs on Low Setting | 360° Nozzle | Auto Shut-Off | Adjustable Knob | Leak Proof | HU-02","1","CCX1","DEFECTIVE","DAMAGED_BY_FC","LPNCCX1B1994283","Product damage kindly replace asap"
"2026-05-08T11:52:29+00:00","407-6511926-9038720","FBA78980","B0CDPMX152","X001U1DYK9","NexLev Handheld Garment Steamer | 1500 Watts | 300 ML| Standing & Horizontal Iron Press | Damage Free Steaming for all Cloth Types | 25s Quick Heat |Upto 5 Clothes in One Fill | Travel Friendly |GS-02","1","DED4","SELLABLE","SWITCHEROO","LPNDED4A1584971",
"2026-05-08T11:35:53+00:00","404-7738163-5473966","FBK79271","B0DQ8W1RBV","X00271JY6J","Nexlev Ionic Volumizer|3 In 1 Hot Air Brush To Straight Dry & Volumize|1200 Watts|Reduce Frizz|Ceramic Tourmaline Coated Large Barrel|Salon Like Soft Curl At Home|3 Speed & 2 Heat Settings|V-01 RG","1","CJB1","DAMAGED","UNDELIVERABLE_UNKNOWN","LPNCJB1X032525",
"2026-05-08T10:19:15+00:00","404-6026055-6618725","FBA79493","B0DQCWRG3H","X00272C0EV","NexLev Ionic 3 in 1 Hot Air Brush|1.5 Inch Barrel |Volumizer Blow Dryer & Styler|Ceramic Tourmaline Coated for Heat Protection|1200W|Dual Bristle for Tangle Free Styling|Salon Like Styles at Home|V-03","1","HYD8","SELLABLE","UNDELIVERABLE_REFUSED","LPNHYD8EC13542",
"2026-05-08T10:13:57+00:00","171-2472175-0897910","FBA79682","B0DVC8NYY2","X002872SBZ","NexLev Cool Mist Humidifier | 2.2L| For Office, Indoor Plants, Baby Nursery | Quiet Operation | Works 30Hrs on Low Setting | 360° Nozzle | Auto Shut-Off | Adjustable Knob | Leak Proof | HU-02","1","AMD2","CARRIER_DAMAGED","UNDELIVERABLE_REFUSED","LPNAMD2M3658599",
"2026-05-08T10:00:57+00:00","407-6052663-4509939","FBA79652","B0F43P6D23","X002A07CLV","nexlev Steam Cleaner | Complete Home Kitchen Floor Bathroom Car & Office Cleaning Machine | 9 Accessories | 450 ML | Window Pane Sink Grime Chimney Grease Water Stain Cleaner| 4 M Cord |1050W |SC-05","1","PNQ3","CUSTOMER_DAMAGED","QUALITY_UNACCEPTABLE","LPNPNQ3A4511853",
"2026-05-08T09:28:24+00:00","403-1296240-3957105","FBA79439","B0DCK7ZH5P","X0023KW3JJ","NexLev Mattress, Sofa, Carpet & Car Seat Vacuum Cleaner|For Dust Mites Allergens & Pet Hair|Cordless Design|1500*3 mAh |UV Sterilization, Double Beat Technology|Type C| HEPA captures 99.99% Dust|MR-02","1","DEL5","SELLABLE","UNDELIVERABLE_REFUSED","LPNDEL5S13311844",
"2026-05-08T09:17:06+00:00","171-1788876-3108319","FBA79484","B0DNJF1BLS","X0026FKSUH","NexLev Drip Coffee Maker |Filter Coffee for Home & Office | 4-6 Cups | Warming Plate|Borosilicate Carafe | Reusable & Washable Filter | Anti Drip | 750 ml | Cone Filter | Water Level Indicator |CF-01","1","CJB1","SELLABLE","UNDELIVERABLE_REFUSED","LPNCJB1X002038",
"2026-05-08T09:11:38+00:00","407-7910274-7241945","FBA79570","B0DKJXRXKM","X0025R19UT","NexLev Blackhead & Whitehead Remover Tool | Rechargeable |1Hr Use| Acne & Pimple Pore Cleaner | 6 Heads | Electric Derma Suction Machine | Hydra Facial Cleanser Device for Face |For Men & Women |BR-01","1","HYD8","SELLABLE","DEFECTIVE","LPNHYD8EB33425",
"2026-05-08T08:13:36+00:00","408-9102633-8095556","FBA79682","B0DVC8NYY2","X002872SBZ","NexLev Cool Mist Humidifier | 2.2L| For Office, Indoor Plants, Baby Nursery | Quiet Operation | Works 30Hrs on Low Setting | 360° Nozzle | Auto Shut-Off | Adjustable Knob | Leak Proof | HU-02","1","CCX1","SELLABLE","UNDELIVERABLE_REFUSED","LPNCCX1B3857930",
"2026-05-08T07:16:01+00:00","402-9347837-9033136","FBA78981","B0CDPP45BM","X001U1K281","NexLev Steam Cleaner | For Complete Home Kitchen Bathroom Car Sofa & Office Cleaning Machine | 9 Accessories |300 ML | Window Pane, Sink, Chimney Grease, Water Stain Cleaner| 5 Mtr Cord | 1000W |SC-01","1","LKO1","CUSTOMER_DAMAGED","QUALITY_UNACCEPTABLE","LPNLKO1B1683012",
"2026-05-08T06:45:11+00:00","404-9776449-6279524","FBA79652","B0F43P6D23","X002A07CLV","nexlev Steam Cleaner | Complete Home Kitchen Floor Bathroom Car & Office Cleaning Machine | 9 Accessories | 450 ML | Window Pane Sink Grime Chimney Grease Water Stain Cleaner| 4 M Cord |1050W |SC-05","1","BLR8","CUSTOMER_DAMAGED","DAMAGED_BY_FC","LPNBLR8Z4800046",
"2026-05-08T05:54:52+00:00","408-2939655-4905100","FBA79277","B0D672NXC8","X0021NWGBN","Nexlev SWIPE Steam Cleaner | 3.5 Bar Strong Steam|Multipurpose Steam Cleaner for Car, Kitchen, Bathroom, Floor, Window,Glass,Upholstery| 18 Accessories Kit|Safety Lock| Large 1200ML Water Tank | SC-03","1","DEL4","CUSTOMER_DAMAGED","QUALITY_UNACCEPTABLE","LPNDEL4AA3687450",
"2026-05-08T05:47:55+00:00","407-0772179-1824333","FBA79263","B0CYSLCRQS","X001ZOLVQP","NexLev Mattress, Sofa & Carpet Vacuum Cleaner | For Dust Mites, Allergens & Pet Hair | 4 Step Cleansing with Double Beat, UV Light, Dehumidification & Vacuum | HEPA captures 99.99% Dust|MR-01","1","DEL5","SELLABLE","UNDELIVERABLE_UNKNOWN","LPNDEL5S13420554",
"2026-05-08T05:06:53+00:00","402-7116172-4132340","FBA78981","B0CDPP45BM","X001U1K281","NexLev Steam Cleaner | For Complete Home Kitchen Bathroom Car Sofa & Office Cleaning Machine | 9 Accessories |300 ML | Window Pane, Sink, Chimney Grease, Water Stain Cleaner| 5 Mtr Cord | 1000W |SC-01","1","HYD8","CARRIER_DAMAGED","UNDELIVERABLE_REFUSED","LPNHYD8EB21024",
"2026-05-08T04:52:10+00:00","404-9875104-6931507","FBA79276","B0D2LJSQXZ","X0020G47PT","NexLev Steam Mop | Chemical Free Mopping | Floor Cleaning + Carpet Steaming | 4 Extra Mop-Pads |400 ML | 1300W | Floor Disinfectant | For All surface Types | 4mtr long Cord | Wet & Dry Mopping | SM-01","1","BOM5","SELLABLE","UNDELIVERABLE_REFUSED","LPNBOM5F5085652",
"2026-05-08T04:45:27+00:00","408-9259909-1709935","FBA79452","B0DCGHVN81","X0023JV0A3","NexLev 2 in 1 Handheld & Stick Vacuum Cleaner | 17500 PA Suction | Dry Vacuuming for Home & Office | Washable HEPA Filter | 4 Adjustable Heads | Bagless| Deep Cleaning for Sofa Bed Window & more|VC-01","1","BOM5","SELLABLE","NEVER_ARRIVED","LPNBOM5F5293402",
"2026-05-08T04:44:08+00:00","408-7177231-0989121","FBA79590","B0DM6BB3VT","X00263BT43","NexLev Calf Massager | Daily Use Leg Massager for Sore Muscle |1 Piece | Hand Like Massage with Air Compression | Improve Blood Circulation & Relieve Pain | 2500 mAh | Large Belt | Type C |CFM-01","1","HYD8","SELLABLE","UNDELIVERABLE_REFUSED","LPNHYD8EB42927",
"2026-05-08T04:22:37+00:00","404-7486341-2512340","FBA79590","B0DM6BB3VT","X00263BT43","NexLev Calf Massager | Daily Use Leg Massager for Sore Muscle |1 Piece | Hand Like Massage with Air Compression | Improve Blood Circulation & Relieve Pain | 2500 mAh | Large Belt | Type C |CFM-01","1","HYD8","SELLABLE","DEFECTIVE","LPNHYD8EB48827",
"2026-05-08T04:12:09+00:00","402-8716886-1049167","FBA79682","B0DVC8NYY2","X002872SBZ","NexLev Cool Mist Humidifier | 2.2L| For Office, Indoor Plants, Baby Nursery | Quiet Operation | Works 30Hrs on Low Setting | 360° Nozzle | Auto Shut-Off | Adjustable Knob | Leak Proof | HU-02","1","BLR8","SELLABLE","UNDELIVERABLE_REFUSED","LPNBLR8Z3477757",
"2026-05-08T04:04:35+00:00","408-1089063-9325936","FBA79488","B0DFCG2VGS","X002435QZX","Nexlev Multi Purpose Electric Food Kettle|1.8L Stainless Steel Pot| 600W|Boil, Steam, Fry, Saute| Double Layered Body|2 Heat Settings|Multi Function for Water, Milk, Egg, Soup, Noodles|KE-01","1","DEL4","SELLABLE","UNDELIVERABLE_REFUSED","LPNDEL4AA3841856",
"2026-05-08T04:03:36+00:00","403-4285103-0723517","FBA79567","B0DNJS23HS","X0026FJYJD","NexLev 10 in 1 Steam Cleaner & Mop|2 Steam Modes| Mopping & Deep Cleaning Home Car Sofa Bathroom Kitchen & Office |For All Surfaces|350ML|Chemical Free Cleaning | Detachable & Foldable|SC-04","1","BOM5","CUSTOMER_DAMAGED","NO_REASON_GIVEN","LPNBOM5F5263546",
"2026-05-08T04:01:37+00:00","408-9023245-4966723","FBA79439","B0DCK7ZH5P","X0023KW3JJ","NexLev Mattress, Sofa, Carpet & Car Seat Vacuum Cleaner|For Dust Mites Allergens & Pet Hair|Cordless Design|1500*3 mAh |UV Sterilization, Double Beat Technology|Type C| HEPA captures 99.99% Dust|MR-02","1","CCX2","SELLABLE","UNDELIVERABLE_REFUSED","LPNCCX2B1020501",
"2026-05-08T03:41:41+00:00","407-1697051-6715563","FBA79276","B0D2LJSQXZ","X0020G47PT","nexlev plastic Steam Mop SWIPE| Handheld Floor & Carpet Steam Cleaner| 4 Washable Microfibre Mop Pads| 400ML Large WaterTank| 1300W Powerful Steam|Floor Disinfectant|Wet & Dry Cleaning| SM-01","1","BOM5","SELLABLE","DEFECTIVE","LPNBOM5F5234114",
"2026-05-08T03:26:01+00:00","404-9122515-3547552","FBA79263","B0CYSLCRQS","X001ZOLVQP","NexLev Mattress, Sofa & Carpet Vacuum Cleaner | For Dust Mites, Allergens & Pet Hair | 4 Step Cleansing with Double Beat, UV Light, Dehumidification & Vacuum | HEPA captures 99.99% Dust|MR-01","1","BOM5","CARRIER_DAMAGED","DEFECTIVE","LPNBOM5F5085585",
"2026-05-08T02:55:28+00:00","405-2346486-1869949","FBA79590","B0DM6BB3VT","X00263BT43","NexLev Calf Massager | Daily Use Leg Massager for Sore Muscle |1 Piece | Hand Like Massage with Air Compression | Improve Blood Circulation & Relieve Pain | 2500 mAh | Large Belt | Type C |CFM-01","1","BLR7","DEFECTIVE","DAMAGED_BY_CARRIER","LPNBLR7Y7582902","Box looked bad, before opening as if they tried to send a returned product. Bad experience."
"2026-05-07T12:31:46+00:00","404-8088464-8891541","FBA79452","B0DCGHVN81","X0023JV0A3","NexLev 2 in 1 Handheld & Stick Vacuum Cleaner | 17500 PA Suction | Dry Vacuuming for Home & Office | Washable HEPA Filter | 4 Adjustable Heads | Bagless| Deep Cleaning for Sofa Bed Window & more|VC-01","1","BLR8","CUSTOMER_DAMAGED","DEFECTIVE","LPNBLR8Z3390250",
"2026-05-07T10:49:37+00:00","404-3578491-4945917","FBA79265","B0D2LHNS9B","X0020FWBW1","NexLev Foot Callus Remover | Electric Scrubber & Shaver for Dead, Hard & Cracked Skin | Professional Pedicure at Home | Waterproof | Type C | 3 Crystal Quartz Heads | For Men and Women| CR-01","1","CJB1","SELLABLE","DEFECTIVE","LPNCJB1X176651",
"2026-05-07T08:41:50+00:00","403-2027916-4478732","FBA79590","B0DM6BB3VT","X00263BT43","NexLev Calf Massager | Daily Use Leg Massager for Sore Muscle |1 Piece | Hand Like Massage with Air Compression | Improve Blood Circulation & Relieve Pain | 2500 mAh | Large Belt | Type C |CFM-01","1","MAA4","CUSTOMER_DAMAGED","QUALITY_UNACCEPTABLE","LPNMAA4Z0976268",
"2026-05-07T08:40:57+00:00","406-2974261-9916334","FBA78981","B0CDPP45BM","X001U1K281","NexLev Steam Cleaner | For Complete Home Kitchen Bathroom Car Sofa & Office Cleaning Machine | 9 Accessories |300 ML | Window Pane, Sink, Chimney Grease, Water Stain Cleaner| 5 Mtr Cord | 1000W |SC-01","1","BOM7","SELLABLE","UNDELIVERABLE_UNKNOWN","LPNBOM7D20012327",
"2026-05-07T08:27:11+00:00","407-7126885-2585903","FBA78981","B0CDPP45BM","X001U1K281","NexLev Steam Cleaner | For Complete Home Kitchen Bathroom Car Sofa & Office Cleaning Machine | 9 Accessories |300 ML | Window Pane, Sink, Chimney Grease, Water Stain Cleaner| 5 Mtr Cord | 1000W |SC-01","1","MAA4","SELLABLE","MISSING_PARTS","LPNMAA4Z1213666",
"2026-05-07T07:56:12+00:00","405-3563349-2621916","FBA79567","B0DNJS23HS","X0026FJYJD","NexLev 10 in 1 Steam Cleaner & Mop|2 Steam Modes| Mopping & Deep Cleaning Home Car Sofa Bathroom Kitchen & Office |For All Surfaces|350ML|Chemical Free Cleaning | Detachable & Foldable|SC-04","1","DEL4","CUSTOMER_DAMAGED","QUALITY_UNACCEPTABLE","LPNDEL4AA3687196",
"2026-05-07T06:59:50+00:00","405-8709027-5211528","FBA79991","B0GN85NZQN","X002IK70C9","NexLev Dehumidifier for Room Moisture Absorption | 1000ML Tank | Ideal for Mold & Moisture Removal |For Room Wardrobe Kitchen Office| Auto Shut-Off Function| Preset Timer & Humidty Control | DH-01","1","HYD8","CUSTOMER_DAMAGED","UNWANTED_ITEM","LPNHYD8EE11103",
"2026-05-07T06:43:33+00:00","403-9334575-2227568","FBK79271","B0DQ8W1RBV","X00271JY6J","Nexlev Ionic Volumizer|3 In 1 Hot Air Brush To Straight Dry & Volumize|1200 Watts|Reduce Frizz|Ceramic Tourmaline Coated Large Barrel|Salon Like Soft Curl At Home|3 Speed & 2 Heat Settings|V-01 RG","1","HYD8","CARRIER_DAMAGED","UNDELIVERABLE_REFUSED","LPNHYD8EB18152",
"2026-05-07T06:41:48+00:00","171-5364744-5729156","FBA79652","B0F43P6D23","X002A07CLV","nexlev Steam Cleaner | Complete Home Kitchen Floor Bathroom Car & Office Cleaning Machine | 9 Accessories | 450 ML | Window Pane Sink Grime Chimney Grease Water Stain Cleaner| 4 M Cord |1050W |SC-05","1","BLR8","CUSTOMER_DAMAGED","MISORDERED","LPNBLR8Z3390075",
"2026-05-07T06:01:20+00:00","403-7320927-0197962","FBA79349","B0D9KDQCCM","X00230EXN3","Nexlev Portable Sewing Machine| 2 Speed Settings| Cordless| Battery operated| USB Type C cord for Plug-in| Quick Fix DIY|Portable & Compact| for all Fabrics| 1 Year Warranty| White","1","BLR7","SELLABLE","QUALITY_UNACCEPTABLE","LPNBLR7Y8002986","I brought good one better than this"
"2026-05-07T05:56:41+00:00","171-9444456-9881920","FBA79567","B0DNJS23HS","X0026FJYJD","NexLev 10 in 1 Steam Cleaner & Mop|2 Steam Modes| Mopping & Deep Cleaning Home Car Sofa Bathroom Kitchen & Office |For All Surfaces|350ML|Chemical Free Cleaning | Detachable & Foldable|SC-04","1","DEL4","SELLABLE","QUALITY_UNACCEPTABLE","LPNDEL4AA3687154",
"2026-05-07T05:54:09+00:00","403-2977159-6965100","FBA79277","B0D672NXC8","X0021NWGBN","Nexlev SWIPE Steam Cleaner | 3.5 Bar Strong Steam|Multipurpose Steam Cleaner for Car, Kitchen, Bathroom, Floor, Window,Glass,Upholstery| 18 Accessories Kit|Safety Lock| Large 1200ML Water Tank | SC-03","1","BLR8","SELLABLE","UNDELIVERABLE_REFUSED","LPNBLR8Z4363411",
"2026-05-07T05:30:20+00:00","404-0558265-4764340","FBA79276","B0D2LJSQXZ","X0020G47PT","NexLev Steam Mop | Chemical Free Mopping | Floor Cleaning + Carpet Steaming | 4 Extra Mop-Pads |400 ML | 1300W | Floor Disinfectant | For All surface Types | 4mtr long Cord | Wet & Dry Mopping | SM-01","1","BOM5","CUSTOMER_DAMAGED","DEFECTIVE","LPNBOM5F5262972",
"2026-05-07T05:25:25+00:00","405-1573760-8100302","FBA79652","B0F43P6D23","X002A07CLV","nexlev Steam Cleaner | Complete Home Kitchen Floor Bathroom Car & Office Cleaning Machine | 9 Accessories | 450 ML | Window Pane Sink Grime Chimney Grease Water Stain Cleaner| 4 M Cord |1050W |SC-05","1","LKO1","CUSTOMER_DAMAGED","UNWANTED_ITEM","LPNLKO1B1834099",
"2026-05-07T05:20:29+00:00","171-5059763-4949961","FBA78981","B0CDPP45BM","X001U1K281","NexLev Steam Cleaner | For Complete Home Kitchen Bathroom Car Sofa & Office Cleaning Machine | 9 Accessories |300 ML | Window Pane, Sink, Chimney Grease, Water Stain Cleaner| 5 Mtr Cord | 1000W |SC-01","1","DEL5","CUSTOMER_DAMAGED","QUALITY_UNACCEPTABLE","LPNDEL5S13378570",
"2026-05-07T05:14:58+00:00","402-5149030-1117100","FBA78981","B0CDPP45BM","X001U1K281","NexLev Steam Cleaner | For Complete Home Kitchen Bathroom Car Sofa & Office Cleaning Machine | 9 Accessories |300 ML | Window Pane, Sink, Chimney Grease, Water Stain Cleaner| 5 Mtr Cord | 1000W |SC-01","1","HYD8","CUSTOMER_DAMAGED","QUALITY_UNACCEPTABLE","LPNHYD8EG83883",
"2026-05-07T05:14:20+00:00","408-6342751-7493153","FBA79263","B0CYSLCRQS","X001ZOLVQP","NexLev Mattress, Sofa & Carpet Vacuum Cleaner | For Dust Mites, Allergens & Pet Hair | 4 Step Cleansing with Double Beat, UV Light, Dehumidification & Vacuum | HEPA captures 99.99% Dust|MR-01","1","BOM5","SELLABLE","DEFECTIVE","LPNBOM5F5085220",
"2026-05-07T05:00:15+00:00","408-7118258-3135538","FBA79590","B0DM6BB3VT","X00263BT43","NexLev Calf Massager | Daily Use Leg Massager for Sore Muscle |1 Piece | Hand Like Massage with Air Compression | Improve Blood Circulation & Relieve Pain | 2500 mAh | Large Belt | Type C |CFM-01","1","HYD8","SELLABLE","UNDELIVERABLE_UNKNOWN","LPNHYD8EC31261",
"2026-05-07T04:37:11+00:00","407-6147789-5197129","FBA79679","B0DVC7VJP1","X002876EAV","NexLev Stand Mixer | 5.5L SS Bowl | 1500W |10 Speeds | Pulse Function |Planetary Rotation | Whisk, Beater & Dough Hook |100% Copper Motor | For Roti Atta, Cookie Dough, Cake, Whip Cream & more | ST-01","1","DEL4","SELLABLE","UNDELIVERABLE_REFUSED","LPNDEL4AA3687103",
"2026-05-07T04:35:18+00:00","171-7459158-2081147","FBA79349","B0D9KDQCCM","X00230EXN3","Nexlev Portable Sewing Machine| 2 Speed Settings| Cordless| Battery operated| USB Type C cord for Plug-in| Quick Fix DIY|Portable & Compact| for all Fabrics| 1 Year Warranty| White","1","DED4","SELLABLE","UNDELIVERABLE_UNKNOWN","LPNDED4A1898445",
"2026-05-07T04:30:06+00:00","408-2435985-1886745","FBA78981","B0CDPP45BM","X001U1K281","NexLev Steam Cleaner | For Complete Home Kitchen Bathroom Car Sofa & Office Cleaning Machine | 9 Accessories |300 ML | Window Pane, Sink, Chimney Grease, Water Stain Cleaner| 5 Mtr Cord | 1000W |SC-01","1","MAA4","SELLABLE","QUALITY_UNACCEPTABLE","LPNMAA4Z1116703",
"2026-05-07T03:43:42+00:00","407-4161696-6323503","FBA79349","B0D9KDQCCM","X00230EXN3","Nexlev Portable Sewing Machine| 2 Speed Settings| Cordless| Battery operated| USB Type C cord for Plug-in| Quick Fix DIY|Portable & Compact| for all Fabrics| 1 Year Warranty| White","1","CCX1","SELLABLE","NOT_COMPATIBLE","LPNCCX1B1985203","It&#39;s too difficult to sewing 🪡 not able to do perfect stich"
"2026-05-06T12:20:52+00:00","407-0155134-0960308","FBA79349","B0D9KDQCCM","X00230EXN3","Nexlev Portable Sewing Machine| 2 Speed Settings| Cordless| Battery operated| USB Type C cord for Plug-in| Quick Fix DIY|Portable & Compact| for all Fabrics| 1 Year Warranty| White","1","AMD2","SELLABLE","QUALITY_UNACCEPTABLE","LPNAMD2M2263902","Performance not good"
"2026-05-06T11:44:44+00:00","406-7034252-9925122","FBA79570","B0DKJXRXKM","X0025R19UT","NexLev Blackhead & Whitehead Remover Tool | Rechargeable |1Hr Use| Acne & Pimple Pore Cleaner | 6 Heads | Electric Derma Suction Machine | Hydra Facial Cleanser Device for Face |For Men & Women |BR-01","1","DEL5","SELLABLE","UNDELIVERABLE_REFUSED","LPNDEL5S13378401",
"2026-05-06T11:22:18+00:00","404-0088000-3050772","FBA79573","B0DKK15YNJ","X0025R5BTT","NexLev Oil Applicator Comb|Red Led Light Therapy |Boost Hair Growth| Reduce Dandruff | Relieve Stress |High Vibration Corded Electric Scalp/Head Massager | 6 ML Oil Tank | 2 Hr Run-Time| Type-C|EA-02","1","BLR7","SELLABLE","UNDELIVERABLE_REFUSED","LPNBLR7Y8041542",
"2026-05-06T11:10:47+00:00","404-3863352-2776369","FBA79573","B0DKK15YNJ","X0025R5BTT","NexLev Oil Applicator Comb|Red Led Light Therapy |Boost Hair Growth| Reduce Dandruff | Relieve Stress |High Vibration Corded Electric Scalp/Head Massager | 6 ML Oil Tank | 2 Hr Run-Time| Type-C|EA-02","1","BLR7","SELLABLE","DEFECTIVE","LPNBLR7Y4298500",
"2026-05-06T10:52:21+00:00","404-1982754-3010715","FBA79570","B0DKJXRXKM","X0025R19UT","NexLev Blackhead & Whitehead Remover Tool | Rechargeable |1Hr Use| Acne & Pimple Pore Cleaner | 6 Heads | Electric Derma Suction Machine | Hydra Facial Cleanser Device for Face |For Men & Women |BR-01","1","DEL5","SELLABLE","UNDELIVERABLE_REFUSED","LPNDEL5S13314831",
"2026-05-06T10:44:26+00:00","402-9303124-8138720","FBA79439","B0DCK7ZH5P","X0023KW3JJ","NexLev Mattress, Sofa, Carpet & Car Seat Vacuum Cleaner|For Dust Mites Allergens & Pet Hair|Cordless Design|1500*3 mAh |UV Sterilization, Double Beat Technology|Type C| HEPA captures 99.99% Dust|MR-02","1","AMD2","SELLABLE","UNDELIVERABLE_REFUSED","LPNAMD2M3640706",
"2026-05-06T09:59:09+00:00","407-2619362-7625132","FBA79567","B0DNJS23HS","X0026FJYJD","NexLev 10 in 1 Steam Cleaner & Mop|2 Steam Modes| Mopping & Deep Cleaning Home Car Sofa Bathroom Kitchen & Office |For All Surfaces|350ML|Chemical Free Cleaning | Detachable & Foldable|SC-04","1","BLR7","CUSTOMER_DAMAGED","QUALITY_UNACCEPTABLE","LPNBLR7Y7582427",
"2026-05-06T09:27:41+00:00","404-1785720-1553151","FBA79263","B0CYSLCRQS","X001ZOLVQP","NexLev Mattress, Sofa & Carpet Vacuum Cleaner | For Dust Mites, Allergens & Pet Hair | 4 Step Cleansing with Double Beat, UV Light, Dehumidification & Vacuum | HEPA captures 99.99% Dust|MR-01","1","BLR8","SELLABLE","SWITCHEROO","LPNBLR8Z5271962",
"2026-05-06T09:25:51+00:00","406-8396036-9473952","FBA79277","B0D672NXC8","X0021NWGBN","Nexlev SWIPE Steam Cleaner | 3.5 Bar Strong Steam|Multipurpose Steam Cleaner for Car, Kitchen, Bathroom, Floor, Window,Glass,Upholstery| 18 Accessories Kit|Safety Lock| Large 1200ML Water Tank | SC-03","1","DEL4","CARRIER_DAMAGED","UNDELIVERABLE_UNKNOWN","LPNDEL4AA3686934",
"2026-05-06T08:06:33+00:00","406-5918992-4745913","FBA79567","B0DNJS23HS","X0026FJYJD","NexLev 10 in 1 Steam Cleaner & Mop|2 Steam Modes| Mopping & Deep Cleaning Home Car Sofa Bathroom Kitchen & Office |For All Surfaces|350ML|Chemical Free Cleaning | Detachable & Foldable|SC-04","1","DEL4","CARRIER_DAMAGED","UNDELIVERABLE_REFUSED","LPNDEL4AA3734508",
"2026-05-06T07:15:03+00:00","402-2348799-9261168","FBA79263","B0CYSLCRQS","X001ZOLVQP","NexLev Mattress, Sofa & Carpet Vacuum Cleaner | For Dust Mites, Allergens & Pet Hair | 4 Step Cleansing with Double Beat, UV Light, Dehumidification & Vacuum | HEPA captures 99.99% Dust|MR-01","1","BLR8","SELLABLE","DEFECTIVE","LPNBLR8Z3477138",
"2026-05-06T06:46:27+00:00","404-9208000-1317103","FBA79590","B0DM6BB3VT","X00263BT43","NexLev Calf Massager | Daily Use Leg Massager for Sore Muscle |1 Piece | Hand Like Massage with Air Compression | Improve Blood Circulation & Relieve Pain | 2500 mAh | Large Belt | Type C |CFM-01","1","BLR7","CUSTOMER_DAMAGED","MISSING_PARTS","LPNBLR7Y8002525",
"2026-05-06T06:29:23+00:00","403-2213571-3048336","FBA79773","B0F74DJYG6","X002D418NH","nexlev Replacement HEPA Filter | Compatible 2 in 1 Handheld & Stick Vacuum Cleaner VC-01 | Captures 99.97% Dust & Allergens | Washable & Durable Filter Maintain","1","BOM5","CUSTOMER_DAMAGED","SWITCHEROO","LPNBOM5F5265163",
"2026-05-06T06:08:26+00:00","171-4438574-2191533","FBA79811","B0FSF1N457","X002EUQV41","NexLev Mini Electric Chopper | 3D Stainless Steel Blade | Food Grade Bowl | For Mincing Garlic Ginger Onion Vegetable Meat Nuts | 250 ml | One Touch Operation | MC-01","1","BLR8","SELLABLE","SWITCHEROO","LPNBLR8Z3486750","We have ordered for electric garlic peeler but received garlic chopper"
"2026-05-06T06:02:42+00:00","403-4582253-0043519","FBA79570","B0DKJXRXKM","X0025R19UT","NexLev Blackhead & Whitehead Remover Tool | Rechargeable |1Hr Use| Acne & Pimple Pore Cleaner | 6 Heads | Electric Derma Suction Machine | Hydra Facial Cleanser Device for Face |For Men & Women |BR-01","1","DEL5","SELLABLE","DEFECTIVE","LPNDEL5S13416654",
"2026-05-06T06:01:36+00:00","408-7616229-0287529","FBA78981","B0CDPP45BM","X001U1K281","NexLev Steam Cleaner | For Complete Home Kitchen Bathroom Car Sofa & Office Cleaning Machine | 9 Accessories |300 ML | Window Pane, Sink, Chimney Grease, Water Stain Cleaner| 5 Mtr Cord | 1000W |SC-01","1","BOM5","CARRIER_DAMAGED","UNDELIVERABLE_REFUSED","LPNBOM5F5296699",
"2026-05-06T05:04:33+00:00","402-5209831-4751511","FBA79349","B0D9KDQCCM","X00230EXN3","Nexlev Portable Sewing Machine| 2 Speed Settings| Cordless| Battery operated| USB Type C cord for Plug-in| Quick Fix DIY|Portable & Compact| for all Fabrics| 1 Year Warranty| White","1","HYD8","CUSTOMER_DAMAGED","NOT_COMPATIBLE","LPNHYD8EG86099",
"2026-05-06T04:43:55+00:00","407-3865407-9204335","FBA79652","B0F43P6D23","X002A07CLV","nexlev Steam Cleaner | Complete Home Kitchen Floor Bathroom Car & Office Cleaning Machine | 9 Accessories | 450 ML | Window Pane Sink Grime Chimney Grease Water Stain Cleaner| 4 M Cord |1050W |SC-05","1","PNQ3","CUSTOMER_DAMAGED","DEFECTIVE","LPNPNQ3A4577798",
"2026-05-06T04:43:32+00:00","171-2596579-0789113","FBA79268","B0D383WQPB","X0020OHLDV","NexLev Foldable Garment Steamer for Home & Travel | Convenient Vertical Steaming | 1200W | 120 ml | Lightweight & Compact | 30s Fast Heating | Iron for all Cloth Types | 2 M cord | Anti Spill | GS-05","1","HYD8","CUSTOMER_DAMAGED","DEFECTIVE","LPNHYD8EB99833",
"2026-05-06T04:20:01+00:00","407-2080492-7772317","FBA78981","B0CDPP45BM","X001U1K281","NexLev Steam Cleaner | For Complete Home Kitchen Bathroom Car Sofa & Office Cleaning Machine | 9 Accessories |300 ML | Window Pane, Sink, Chimney Grease, Water Stain Cleaner| 5 Mtr Cord | 1000W |SC-01","1","DEL5","CUSTOMER_DAMAGED","SWITCHEROO","LPNDEL5S13496897",
"2026-05-06T03:59:19+00:00","408-8575598-4922718","FBA79276","B0D2LJSQXZ","X0020G47PT","NexLev Steam Mop | Chemical Free Mopping | Floor Cleaning + Carpet Steaming | 4 Extra Mop-Pads |400 ML | 1300W | Floor Disinfectant | For All surface Types | 4mtr long Cord | Wet & Dry Mopping | SM-01","1","BOM5","CUSTOMER_DAMAGED","DEFECTIVE","LPNBOM5F5236059",
"2026-05-06T03:42:14+00:00","405-0692298-2480313","FBA79652","B0F43P6D23","X002A07CLV","NexLev Steam Cleaner | Complete Home Kitchen Floor Bathroom Car & Office Cleaning machine | 9 Accessories | 450 ML | Window Pane Sink Grime Chimney Grease Water Stain Cleaner| 4 M Cord |1050W |SC-05","1","DEL5","DEFECTIVE","MISSING_PARTS","LPNDEL5S13573846","Towel attachment is missing."
"2026-05-06T03:30:13+00:00","404-7122830-3881124","FBA78980","B0CDPMX152","X001U1DYK9","NexLev Handheld Garment Steamer | 1500 Watts | 300 ML| Standing & Horizontal Iron Press | Damage Free Steaming for all Cloth Types | 25s Quick Heat |Upto 5 Clothes in One Fill | Travel Friendly |GS-02","1","DEL4","SELLABLE","MISSING_PARTS","LPNDEL4AA0887595","I have received only two attachments  One attachemnt is missing"
"2026-05-05T18:06:32+00:00","408-2417254-1895541","FBA79349","B0D9KDQCCM","X00230EXN3","Nexlev Portable Sewing Machine| 2 Speed Settings| Cordless| Battery operated| USB Type C cord for Plug-in| Quick Fix DIY|Portable & Compact| for all Fabrics| 1 Year Warranty| White","1","CCX1","SELLABLE","DEFECTIVE","LPNCCX1B1331348",
"2026-05-05T11:46:35+00:00","408-3280208-7417942","FBA79404","B0D9KFZYG8","X00230BF25","NexLev Steamer For Cold & Cough| Face Steam,Inhaler & Vaporizer | Perfect for Facial & Aromatherapy | Nano Ionic Steam | Uv Sterilization | Aroma Diffuser|30 Sec Heating|Avoid Burns & Spillage | FS-01","1","MAA4","SELLABLE","UNDELIVERABLE_REFUSED","LPNMAA4Z1914111",
"2026-05-05T10:49:09+00:00","404-7129618-4180331","FBA79812","B0FS6TB7CP","X002F7TH85","NexLev Portable Blender for Smoothies Milkshakes Juices Baby Food | High Borosilicate Glass Jar | 3000 mAh Battery | Type C | Mix Fruit Juicer Mini | 450ml | For Kitchen & Travel | PB-01","1","CJB1","SELLABLE","SWITCHEROO","LPNCJB1Y952380","Very small"
"2026-05-05T10:19:49+00:00","406-4609827-6353922","FBK80015","B0GKNGWLJ2","X002IVBZ1F","NexLev Cordless Spin Mop|50 Min Runtime|2 Extra Mop Pads | Type C | For Home Kitchen & Office Use | Water Spray Function|Self Propelling|Mopping for All Floor Types|LED for Corners and Underbed|SPM-01","1","DEL4","CUSTOMER_DAMAGED","QUALITY_UNACCEPTABLE","LPNDEL4AA3734259",
"2026-05-05T10:05:53+00:00","405-8062077-1789155","FBA79276","B0D2LJSQXZ","X0020G47PT","NexLev Steam Mop | Chemical Free Mopping | Floor Cleaning + Carpet Steaming | 4 Extra Mop-Pads |400 ML | 1300W | Floor Disinfectant | For All surface Types | 4mtr long Cord | Wet & Dry Mopping | SM-01","1","MAA4","SELLABLE","UNDELIVERABLE_REFUSED","LPNMAA4Z1234855",
"2026-05-05T09:29:55+00:00","171-4205281-5473925","FBA79590","B0DM6BB3VT","X00263BT43","NexLev Calf Massager | Daily Use Leg Massager for Sore Muscle |1 Piece | Hand Like Massage with Air Compression | Improve Blood Circulation & Relieve Pain | 2500 mAh | Large Belt | Type C |CFM-01","1","BLR8","SELLABLE","UNDELIVERABLE_UNKNOWN","LPNBLR8Z4824945",
"2026-05-05T09:00:11+00:00","403-4755144-9475503","FBA79812","B0FS6TB7CP","X002F7TH85","NexLev Portable Blender for Smoothies Milkshakes Juices Baby Food | High Borosilicate Glass Jar | 3000 mAh Battery | Type C | Mix Fruit Juicer Mini | 450ml | For Kitchen & Travel | PB-01","1","HYD8","SELLABLE","UNDELIVERABLE_REFUSED","LPNHYD8EE02172",
"2026-05-05T08:34:36+00:00","407-1191912-6229108","FBA79452","B0DCGHVN81","X0023JV0A3","NexLev 2 in 1 Handheld & Stick Vacuum Cleaner | 17500 PA Suction | Dry Vacuuming for Home & Office | Washable HEPA Filter | 4 Adjustable Heads | Bagless| Deep Cleaning for Sofa Bed Window & more|VC-01","1","AMD2","SELLABLE","UNDELIVERABLE_UNKNOWN","LPNAMD2M3581942",
"2026-05-05T08:32:34+00:00","404-4589703-7286768","FBA79265","B0D2LHNS9B","X0020FWBW1","NexLev Foot Callus Remover | Electric Scrubber & Shaver for Dead, Hard & Cracked Skin | Professional Pedicure at Home | Waterproof | Type C | 3 Crystal Quartz Heads | For Men and Women| CR-01","1","CJB1","SELLABLE","DEFECTIVE","LPNCJB1X175691",
"2026-05-05T08:06:17+00:00","402-2228306-1742724","FBA79812","B0FS6TB7CP","X002F7TH85","NexLev Portable Blender for Smoothies Milkshakes Juices Baby Food | High Borosilicate Glass Jar | 3000 mAh Battery | Type C | Mix Fruit Juicer Mini | 450ml | For Kitchen & Travel | PB-01","1","CCX1","SELLABLE","UNDELIVERABLE_REFUSED","LPNCCX1B2009692",
"2026-05-05T07:38:18+00:00","407-1399416-4609137","FBA79652","B0F43P6D23","X002A07CLV","nexlev Steam Cleaner | Complete Home Kitchen Floor Bathroom Car & Office Cleaning Machine | 9 Accessories | 450 ML | Window Pane Sink Grime Chimney Grease Water Stain Cleaner| 4 M Cord |1050W |SC-05","1","BLR7","SELLABLE","DEFECTIVE","LPNBLR7Y5346226",
"2026-05-05T07:16:44+00:00","404-3009589-5749962","FBA78980","B0CDPMX152","X001U1DYK9","NexLev Handheld Garment Steamer | 1500 Watts | 300 ML| Standing & Horizontal Iron Press | Damage Free Steaming for all Cloth Types | 25s Quick Heat |Upto 5 Clothes in One Fill | Travel Friendly |GS-02","1","LKO1","SELLABLE","DEFECTIVE","LPNLKO1B1409219",
"2026-05-05T06:41:50+00:00","404-8962520-0094729","FBA78981","B0CDPP45BM","X001U1K281","NexLev Steam Cleaner | For Complete Home Kitchen Bathroom Car Sofa & Office Cleaning Machine | 9 Accessories |300 ML | Window Pane, Sink, Chimney Grease, Water Stain Cleaner| 5 Mtr Cord | 1000W |SC-01","1","BLR7","SELLABLE","QUALITY_UNACCEPTABLE","LPNBLR7Y5564784",
"2026-05-05T06:38:12+00:00","404-0428925-7602709","FBA79404","B0D9KFZYG8","X00230BF25","NexLev Steamer For Cold & Cough| Face Steam,Inhaler & Vaporizer | Perfect for Facial & Aromatherapy | Nano Ionic Steam | Uv Sterilization | Aroma Diffuser|30 Sec Heating|Avoid Burns & Spillage | FS-01","1","MAA4","SELLABLE","UNDELIVERABLE_REFUSED","LPNMAA4Z1292923",
"2026-05-05T06:26:11+00:00","404-9117347-0569138","FBA79590","B0DM6BB3VT","X00263BT43","NexLev Calf Massager | Daily Use Leg Massager for Sore Muscle |1 Piece | Hand Like Massage with Air Compression | Improve Blood Circulation & Relieve Pain | 2500 mAh | Large Belt | Type C |CFM-01","1","DEL5","SELLABLE","UNDELIVERABLE_REFUSED","LPNDEL5S13658338",
"2026-05-05T06:21:50+00:00","404-0862191-4783539","FBA79849","B0FPGDVVCX","X002E6PMZ9","nexlev Calf Massager | Daily Use Leg Massager for Sore Muscle | Hand Like Massage with Air Compression | Improve Blood Circulation & Relieve Pain | 2500 mAh | Large Belt | Type C |CFM-03|Pack of 2","1","BLR7","SELLABLE","DEFECTIVE","LPNBLR7Y5564765",
"2026-05-05T06:00:57+00:00","402-2393054-0989136","FBA79567","B0DNJS23HS","X0026FJYJD","NexLev 10 in 1 Steam Cleaner & Mop|2 Steam Modes| Mopping & Deep Cleaning Home Car Sofa Bathroom Kitchen & Office |For All Surfaces|350ML|Chemical Free Cleaning | Detachable & Foldable|SC-04","1","BLR7","SELLABLE","NO_REASON_GIVEN","LPNBLR7Y8064321",
"2026-05-05T05:50:11+00:00","405-7132263-5476330","FBA79590","B0DM6BB3VT","X00263BT43","NexLev Calf Massager | Daily Use Leg Massager for Sore Muscle |1 Piece | Hand Like Massage with Air Compression | Improve Blood Circulation & Relieve Pain | 2500 mAh | Large Belt | Type C |CFM-01","1","BLR8","SELLABLE","UNDELIVERABLE_REFUSED","LPNBLR8Z3508663",
"2026-05-05T05:27:45+00:00","404-5348857-7972353","FBA79263","B0CYSLCRQS","X001ZOLVQP","NexLev Mattress, Sofa & Carpet Vacuum Cleaner | For Dust Mites, Allergens & Pet Hair | 4 Step Cleansing with Double Beat, UV Light, Dehumidification & Vacuum | HEPA captures 99.99% Dust|MR-01","1","HYD8","SELLABLE","UNDELIVERABLE_REFUSED","LPNHYD8EF77143",
"2026-05-05T05:07:25+00:00","406-0420317-8925940","FBA79849","B0FPGDVVCX","X002E6PMZ9","nexlev Calf Massager | Daily Use Leg Massager for Sore Muscle | Hand Like Massage with Air Compression | Improve Blood Circulation & Relieve Pain | 2500 mAh | Large Belt | Type C |CFM-03|Pack of 2","1","BLR7","CUSTOMER_DAMAGED","DEFECTIVE","LPNBLR7Y8001974",
"2026-05-05T04:51:27+00:00","404-1902856-9253136","FBA79567","B0DNJS23HS","X0026FJYJD","NexLev 10 in 1 Steam Cleaner & Mop|2 Steam Modes| Mopping & Deep Cleaning Home Car Sofa Bathroom Kitchen & Office |For All Surfaces|350ML|Chemical Free Cleaning | Detachable & Foldable|SC-04","1","BOM5","SELLABLE","MISSING_PARTS","LPNBOM5F5226375",
"2026-05-05T04:44:21+00:00","406-7719005-2934733","FBA79652","B0F43P6D23","X002A07CLV","NexLev Steam Cleaner | Complete Home Kitchen Floor Bathroom Car & Office Cleaning machine | 9 Accessories | 450 ML | Window Pane Sink Grime Chimney Grease Water Stain Cleaner| 4 M Cord |1050W |SC-05","1","DED4","SELLABLE","DEFECTIVE","LPNDED4A1309798",
"2026-05-05T04:36:34+00:00","407-2541711-5833164","FBA79332","B0D63FKYZ5","X0021N7IF7","NexLev Scalp Massager for Stress Relief | Head Massager for Hair Growth | 96 Tangle Free Silicone Kneading Nodes | Hand Like Massage | 120 Min Runtime | Type C | Washable Heads | 3 Modes | HM-01","1","DEL4","SELLABLE","SWITCHEROO","LPNDEL4AA0896878",
"2026-05-05T04:15:54+00:00","407-3571949-8601932","FBA79573","B0DKK15YNJ","X0025R5BTT","NexLev Oil Applicator Comb|Red Led Light Therapy |Boost Hair Growth| Reduce Dandruff | Relieve Stress |High Vibration Corded Electric Scalp/Head Massager | 6 ML Oil Tank | 2 Hr Run-Time| Type-C|EA-02","1","LKO1","SELLABLE","UNDELIVERABLE_REFUSED","LPNLKO1B1544832",
"2026-05-05T04:13:19+00:00","403-8845527-4628300","FBA79573","B0DKK15YNJ","X0025R5BTT","NexLev Oil Applicator Comb|Red Led Light Therapy |Boost Hair Growth| Reduce Dandruff | Relieve Stress |High Vibration Corded Electric Scalp/Head Massager | 6 ML Oil Tank | 2 Hr Run-Time| Type-C|EA-02","1","DEL5","SELLABLE","UNDELIVERABLE_REFUSED","LPNDEL5S13446053",
"2026-05-05T04:07:19+00:00","405-4240695-3049148","FBA79590","B0DM6BB3VT","X00263BT43","NexLev Calf Massager | Daily Use Leg Massager for Sore Muscle |1 Piece | Hand Like Massage with Air Compression | Improve Blood Circulation & Relieve Pain | 2500 mAh | Large Belt | Type C |CFM-01","1","HYD8","SELLABLE","UNDELIVERABLE_REFUSED","LPNHYD8EG82856",
"2026-05-05T04:04:01+00:00","404-2553928-3806729","FBA79652","B0F43P6D23","X002A07CLV","nexlev Steam Cleaner | Complete Home Kitchen Floor Bathroom Car & Office Cleaning Machine | 9 Accessories | 450 ML | Window Pane Sink Grime Chimney Grease Water Stain Cleaner| 4 M Cord |1050W |SC-05","1","HYD8","CUSTOMER_DAMAGED","DEFECTIVE","LPNHYD8EC40127",
"2026-05-05T03:59:38+00:00","404-5137946-5849137","FBA79652","B0F43P6D23","X002A07CLV","nexlev Steam Cleaner | Complete Home Kitchen Floor Bathroom Car & Office Cleaning Machine | 9 Accessories | 450 ML | Window Pane Sink Grime Chimney Grease Water Stain Cleaner| 4 M Cord |1050W |SC-05","1","BOM7","SELLABLE","DEFECTIVE","LPNBOM7D19996945",
"2026-05-05T03:18:29+00:00","406-1346695-4159506","FBA79567","B0DNJS23HS","X0026FJYJD","NexLev 10 in 1 Steam Cleaner & Mop|2 Steam Modes| Mopping & Deep Cleaning Home Car Sofa Bathroom Kitchen & Office |For All Surfaces|350ML|Chemical Free Cleaning | Detachable & Foldable|SC-04","1","DEL4","SELLABLE","UNDELIVERABLE_REFUSED","LPNDEL4AA3686429",
"2026-05-05T03:06:49+00:00","407-7223060-3009110","FBA79570","B0DKJXRXKM","X0025R19UT","NexLev Blackhead & Whitehead Remover Tool | Rechargeable |1Hr Use| Acne & Pimple Pore Cleaner | 6 Heads | Electric Derma Suction Machine | Hydra Facial Cleanser Device for Face |For Men & Women |BR-01","1","BLR7","SELLABLE","DEFECTIVE","LPNBLR7Y8009946",
"2026-05-04T12:20:13+00:00","404-7166167-8345157","FBA79349","B0D9KDQCCM","X00230EXN3","Nexlev Portable Sewing Machine| 2 Speed Settings| Cordless| Battery operated| USB Type C cord for Plug-in| Quick Fix DIY|Portable & Compact| for all Fabrics| 1 Year Warranty| White","1","DED4","SELLABLE","ORDERED_WRONG_ITEM","LPNDED4A1601313",
"2026-05-04T11:58:46+00:00","405-3702430-0697931","FBA79265","B0D2LHNS9B","X0020FWBW1","NexLev Foot Callus Remover | Electric Scrubber & Shaver for Dead, Hard & Cracked Skin | Professional Pedicure at Home | Waterproof | Type C | 3 Crystal Quartz Heads | For Men and Women| CR-01","1","BLR8","SELLABLE","UNDELIVERABLE_REFUSED","LPNBLR8Z3528530",
"2026-05-04T11:47:32+00:00","404-8102071-2927560","FBA79332","B0D63FKYZ5","X0021N7IF7","NexLev Scalp Massager for Stress Relief | Head Massager for Hair Growth | 96 Tangle Free Silicone Kneading Nodes | Hand Like Massage | 120 Min Runtime | Type C | Washable Heads | 3 Modes | HM-01","1","DEL4","SELLABLE","UNDELIVERABLE_REFUSED","LPNDEL4AA0936313",
"2026-05-04T10:16:51+00:00","171-1436539-7705167","FBA79607","B0F2N11VTN","X0029POFHV","NexLev Replacement Stainless Steel Blades (Set of 2) | Compatible with NexLev Lint Remover LR-02 | Sharp & Durable Blades for Effective Fabric Defuzzing | Easy to Replace | Smooth & Safe Performance","1","AMD2","CUSTOMER_DAMAGED","SWITCHEROO","LPNAMD2M3612727",
"2026-05-04T09:44:49+00:00","407-0347787-1001166","FBA78980","B0CDPMX152","X001U1DYK9","NexLev Handheld Garment Steamer | 1500 Watts | 300 ML| Standing & Horizontal Iron Press | Damage Free Steaming for all Cloth Types | 25s Quick Heat |Upto 5 Clothes in One Fill | Travel Friendly |GS-02","1","BOM5","SELLABLE","QUALITY_UNACCEPTABLE","LPNBOM5F5277899",
"2026-05-04T09:23:39+00:00","404-8168086-3080318","FBA79265","B0D2LHNS9B","X0020FWBW1","NexLev Foot Callus Remover | Electric Scrubber & Shaver for Dead, Hard & Cracked Skin | Professional Pedicure at Home | Waterproof | Type C | 3 Crystal Quartz Heads | For Men and Women| CR-01","1","CJB1","DEFECTIVE","DEFECTIVE","LPNCJB1X130765","It seems the product in the box has a damaged sticker, which makes it look like it was previously used."
"2026-05-04T07:49:24+00:00","404-4001879-8092314","FBA79263","B0CYSLCRQS","X001ZOLVQP","NexLev Mattress, Sofa & Carpet Vacuum Cleaner | For Dust Mites, Allergens & Pet Hair | 4 Step Cleansing with Double Beat, UV Light, Dehumidification & Vacuum | HEPA captures 99.99% Dust|MR-01","1","AMD2","CARRIER_DAMAGED","DEFECTIVE","LPNAMD2M3640016",
"2026-05-04T07:16:04+00:00","171-6288360-5017922","FBA78980","B0CDPMX152","X001U1DYK9","NexLev Handheld Garment Steamer | 1500 Watts | 300 ML| Standing & Horizontal Iron Press | Damage Free Steaming for all Cloth Types | 25s Quick Heat |Upto 5 Clothes in One Fill | Travel Friendly |GS-02","1","PNQ3","SELLABLE","QUALITY_UNACCEPTABLE","LPNPNQ3A4575679",
"2026-05-04T07:09:12+00:00","405-0415880-1116303","FBA79263","B0CYSLCRQS","X001ZOLVQP","NexLev Mattress, Sofa & Carpet Vacuum Cleaner | For Dust Mites, Allergens & Pet Hair | 4 Step Cleansing with Double Beat, UV Light, Dehumidification & Vacuum | HEPA captures 99.99% Dust|MR-01","1","BOM7","SELLABLE","NEVER_ARRIVED","LPNBOM7D19980323",
"2026-05-04T06:53:59+00:00","404-6206703-3350767","FBA79573","B0DKK15YNJ","X0025R5BTT","NexLev Oil Applicator Comb|Red Led Light Therapy |Boost Hair Growth| Reduce Dandruff | Relieve Stress |High Vibration Corded Electric Scalp/Head Massager | 6 ML Oil Tank | 2 Hr Run-Time| Type-C|EA-02","1","HYD8","SELLABLE","UNDELIVERABLE_REFUSED","LPNHYD8EH83545",
"2026-05-04T06:29:46+00:00","403-7503150-6192311","FBA79406","B0DCK3N2JJ","X0023L3KG3","NexLev Ionic Cordless Hair Straightener Brush | 60min Runtime | upto 200° Heating | Portable & Type C Rechargeable | Keratin Bristles |Straight, Frizz Free & Shiny Hair | Compact Comb Design | HSB-04","1","BLR7","SELLABLE","UNDELIVERABLE_REFUSED","LPNBLR7Y7569839",
"2026-05-04T05:58:33+00:00","404-3866659-1695538","FBA79652","B0F43P6D23","X002A07CLV","nexlev Steam Cleaner | Complete Home Kitchen Floor Bathroom Car & Office Cleaning Machine | 9 Accessories | 450 ML | Window Pane Sink Grime Chimney Grease Water Stain Cleaner| 4 M Cord |1050W |SC-05","1","BLR8","SELLABLE","UNDELIVERABLE_REFUSED","LPNBLR8Z5252502",
"2026-05-04T05:46:19+00:00","404-7524112-0005916","FBA79349","B0D9KDQCCM","X00230EXN3","Nexlev Portable Sewing Machine| 2 Speed Settings| Cordless| Battery operated| USB Type C cord for Plug-in| Quick Fix DIY|Portable & Compact| for all Fabrics| 1 Year Warranty| White","1","PNQ3","CUSTOMER_DAMAGED","QUALITY_UNACCEPTABLE","LPNPNQ3A4556639",
"2026-05-04T05:02:39+00:00","404-6098577-7662762","FBA78981","B0CDPP45BM","X001U1K281","NexLev Steam Cleaner | For Complete Home Kitchen Bathroom Car Sofa & Office Cleaning Machine | 9 Accessories |300 ML | Window Pane, Sink, Chimney Grease, Water Stain Cleaner| 5 Mtr Cord | 1000W |SC-01","1","AMD2","SELLABLE","UNDELIVERABLE_REFUSED","LPNAMD2M3622486",
"2026-05-04T04:42:59+00:00","408-6516559-0815538","FBA79652","B0F43P6D23","X002A07CLV","nexlev Steam Cleaner | Complete Home Kitchen Floor Bathroom Car & Office Cleaning Machine | 9 Accessories | 450 ML | Window Pane Sink Grime Chimney Grease Water Stain Cleaner| 4 M Cord |1050W |SC-05","1","DEL5","CUSTOMER_DAMAGED","MISSING_PARTS","LPNDEL5S10127888",
"2026-05-04T04:40:03+00:00","407-5078342-0793951","FBA79567","B0DNJS23HS","X0026FJYJD","NexLev 10 in 1 Steam Cleaner & Mop|2 Steam Modes| Mopping & Deep Cleaning Home Car Sofa Bathroom Kitchen & Office |For All Surfaces|350ML|Chemical Free Cleaning | Detachable & Foldable|SC-04","1","MAA4","SELLABLE","UNDELIVERABLE_REFUSED","LPNMAA4Z1213061",
"2026-05-04T04:39:10+00:00","402-1031109-5419556","FBA79812","B0FS6TB7CP","X002F7TH85","NexLev Portable Blender for Smoothies Milkshakes Juices Baby Food | High Borosilicate Glass Jar | 3000 mAh Battery | Type C | Mix Fruit Juicer Mini | 450ml | For Kitchen & Travel | PB-01","1","CCX1","CUSTOMER_DAMAGED","SWITCHEROO","LPNCCX1B1920942",
"2026-05-04T04:34:52+00:00","403-3960480-1705912","FBA79349","B0D9KDQCCM","X00230EXN3","Nexlev Portable Sewing Machine| 2 Speed Settings| Cordless| Battery operated| USB Type C cord for Plug-in| Quick Fix DIY|Portable & Compact| for all Fabrics| 1 Year Warranty| White","1","BLR8","SELLABLE","DEFECTIVE","LPNBLR8Z4752981","The machine is not working."
"2026-05-04T04:30:41+00:00","405-8547362-0001965","FBA78981","B0CDPP45BM","X001U1K281","NexLev Steam Cleaner | For Complete Home Kitchen Bathroom Car Sofa & Office Cleaning Machine | 9 Accessories |300 ML | Window Pane, Sink, Chimney Grease, Water Stain Cleaner| 5 Mtr Cord | 1000W |SC-01","1","BLR8","CARRIER_DAMAGED","UNDELIVERABLE_REFUSED","LPNBLR8Z5252441",
"2026-05-03T12:06:31+00:00","407-5297453-7718751","FBA79567","B0DNJS23HS","X0026FJYJD","NexLev 10 in 1 Steam Cleaner & Mop|2 Steam Modes| Mopping & Deep Cleaning Home Car Sofa Bathroom Kitchen & Office |For All Surfaces|350ML|Chemical Free Cleaning | Detachable & Foldable|SC-04","1","BOM5","CUSTOMER_DAMAGED","MISSING_PARTS","LPNBOM5F5228574",
"2026-05-03T10:43:36+00:00","408-2536067-9423536","FBA79452","B0DCGHVN81","X0023JV0A3","NexLev 2 in 1 Handheld & Stick Vacuum Cleaner | 17500 PA Suction | Dry Vacuuming for Home & Office | Washable HEPA Filter | 4 Adjustable Heads | Bagless| Deep Cleaning for Sofa Bed Window & more|VC-01","1","BOM5","CUSTOMER_DAMAGED","DEFECTIVE","LPNBOM5F5222782",
"2026-05-03T09:37:30+00:00","404-2079722-7127508","FBA79567","B0DNJS23HS","X0026FJYJD","NexLev 10 in 1 Steam Cleaner & Mop|2 Steam Modes| Mopping & Deep Cleaning Home Car Sofa Bathroom Kitchen & Office |For All Surfaces|350ML|Chemical Free Cleaning | Detachable & Foldable|SC-04","1","HYD8","SELLABLE","UNDELIVERABLE_REFUSED","LPNHYD8EC27242",
"2026-05-03T09:04:41+00:00","171-4920816-7056311","FBP79350","B0D67727VG","X0024F173L","NexLev LED Therapy Oil Applicator | Reduce Dandruff | Improve Hair Growth | EMS for Scalp Improvement | Red & Blue Light | High Frequency Massage for Better Absorption | 10 ML | Waterproof | EA-01","1","DEL5","SELLABLE","UNDELIVERABLE_REFUSED","LPNDEL5S11383333",
"2026-05-03T08:34:49+00:00","405-4667826-2224354","FBA78981","B0CDPP45BM","X001U1K281","NexLev Steam Cleaner | For Complete Home Kitchen Bathroom Car Sofa & Office Cleaning Machine | 9 Accessories |300 ML | Window Pane, Sink, Chimney Grease, Water Stain Cleaner| 5 Mtr Cord | 1000W |SC-01","1","BLR7","CUSTOMER_DAMAGED","NO_REASON_GIVEN","LPNBLR7Y7569340",
"2026-05-03T07:39:52+00:00","404-9022061-0611545","FBA79567","B0DNJS23HS","X0026FJYJD","NexLev 10 in 1 Steam Cleaner & Mop|2 Steam Modes| Mopping & Deep Cleaning Home Car Sofa Bathroom Kitchen & Office |For All Surfaces|350ML|Chemical Free Cleaning | Detachable & Foldable|SC-04","1","BLR7","CUSTOMER_DAMAGED","DAMAGED_BY_FC","LPNBLR7Y4309944",
"2026-05-03T06:46:06+00:00","407-9088763-7988303","FBA79271","B0D83Q7L8W","X0022IERCN","NexLev Ionic Hot Air Brush | 3 in 1 Blow Dryer, Straightener & Styler | 360° Airflow Vents | Ceramic Tourmaline Coated Brushing Head | Tangle Free Bristle | 1200W | 3 Speed & 2 Heat Settings|V-01","1","PNQ3","CARRIER_DAMAGED","UNDELIVERABLE_REFUSED","LPNPNQ3A4592552",
"2026-05-03T06:25:49+00:00","406-1649960-3103545","FBA79567","B0DNJS23HS","X0026FJYJD","NexLev 10 in 1 Steam Cleaner & Mop|2 Steam Modes| Mopping & Deep Cleaning Home Car Sofa Bathroom Kitchen & Office |For All Surfaces|350ML|Chemical Free Cleaning | Detachable & Foldable|SC-04","1","BLR7","CUSTOMER_DAMAGED","ORDERED_WRONG_ITEM","LPNBLR7Y8017998",
"2026-05-03T05:36:06+00:00","408-5540257-7556340","FBA79277","B0D672NXC8","X0021NWGBN","Nexlev SWIPE Steam Cleaner | 3.5 Bar Strong Steam|Multipurpose Steam Cleaner for Car, Kitchen, Bathroom, Floor, Window,Glass,Upholstery| 18 Accessories Kit|Safety Lock| Large 1200ML Water Tank | SC-03","1","DEL4","CARRIER_DAMAGED","UNDELIVERABLE_REFUSED","LPNDEL4AA3793976",
"2026-05-03T05:07:41+00:00","407-3489776-7741969","FBA79812","B0FS6TB7CP","X002F7TH85","NexLev Portable Blender for Smoothies Milkshakes Juices Baby Food | High Borosilicate Glass Jar | 3000 mAh Battery | Type C | Mix Fruit Juicer Mini | 450ml | For Kitchen & Travel | PB-01","1","CJB1","SELLABLE","DEFECTIVE","LPNCJB1X038193",
"2026-05-03T04:50:04+00:00","403-1854924-7793917","FBA78980","B0CDPMX152","X001U1DYK9","NexLev Handheld Garment Steamer | 1500 Watts | 300 ML| Standing & Horizontal Iron Press | Damage Free Steaming for all Cloth Types | 25s Quick Heat |Upto 5 Clothes in One Fill | Travel Friendly |GS-02","1","AMD2","SELLABLE","UNDELIVERABLE_REFUSED","LPNAMD2M3622147",
"2026-05-03T04:06:38+00:00","408-4444181-5279528","FBA79452","B0DCGHVN81","X0023JV0A3","NexLev 2 in 1 Handheld & Stick Vacuum Cleaner | 17500 PA Suction | Dry Vacuuming for Home & Office | Washable HEPA Filter | 4 Adjustable Heads | Bagless| Deep Cleaning for Sofa Bed Window & more|VC-01","1","AMD2","CARRIER_DAMAGED","DEFECTIVE","LPNAMD2M3794087",
"2026-05-03T03:32:33+00:00","406-1246133-5896351","FBA78981","B0CDPP45BM","X001U1K281","NexLev Steam Cleaner | For Complete Home Kitchen Bathroom Car Sofa & Office Cleaning Machine | 9 Accessories |300 ML | Window Pane, Sink, Chimney Grease, Water Stain Cleaner| 5 Mtr Cord | 1000W |SC-01","1","BOM5","SELLABLE","UNDELIVERABLE_REFUSED","LPNBOM5F5270154",
"2026-05-02T12:33:17+00:00","405-0676085-6065963","FBA79493","B0DQCWRG3H","X00272C0EV","NexLev Ionic 3 in 1 Hot Air Brush|1.5 Inch Barrel |Volumizer Blow Dryer & Styler|Ceramic Tourmaline Coated for Heat Protection|1200W|Dual Bristle for Tangle Free Styling|Salon Like Styles at Home|V-03","1","CJB1","SELLABLE","DEFECTIVE","LPNCJB1Y951584",
"2026-05-02T11:45:02+00:00","403-9256735-4093168","FBA79570","B0DKJXRXKM","X0025R19UT","NexLev Blackhead & Whitehead Remover Tool | Rechargeable |1Hr Use| Acne & Pimple Pore Cleaner | 6 Heads | Electric Derma Suction Machine | Hydra Facial Cleanser Device for Face |For Men & Women |BR-01","1","CCX1","SELLABLE","UNDELIVERABLE_REFUSED","LPNCCX1B3089062",
"2026-05-02T10:55:03+00:00","403-9654334-6581947","FBA79349","B0D9KDQCCM","X00230EXN3","Nexlev Portable Sewing Machine| 2 Speed Settings| Cordless| Battery operated| USB Type C cord for Plug-in| Quick Fix DIY|Portable & Compact| for all Fabrics| 1 Year Warranty| White","1","AMD2","SELLABLE","MISSED_ESTIMATED_DELIVERY","LPNAMD2M3774664","Don&#39;t need"
"2026-05-02T10:42:47+00:00","403-6885936-4821903","FBA79439","B0DCK7ZH5P","X0023KW3JJ","NexLev Mattress, Sofa, Carpet & Car Seat Vacuum Cleaner|For Dust Mites Allergens & Pet Hair|Cordless Design|1500*3 mAh |UV Sterilization, Double Beat Technology|Type C| HEPA captures 99.99% Dust|MR-02","1","AMD2","SELLABLE","NOT_COMPATIBLE","LPNAMD2M3645807",
"2026-05-02T09:17:51+00:00","406-2409067-8157900","FBA79349","B0D9KDQCCM","X00230EXN3","Nexlev Portable Sewing Machine| 2 Speed Settings| Cordless| Battery operated| USB Type C cord for Plug-in| Quick Fix DIY|Portable & Compact| for all Fabrics| 1 Year Warranty| White","1","CJB1","DEFECTIVE","QUALITY_UNACCEPTABLE","LPNCJB1X030571","Not performing as expected and most of the time very weak stitching"
"2026-05-02T08:45:39+00:00","408-9588489-0709968","FBA78981","B0CDPP45BM","X001U1K281","NexLev Steam Cleaner | For Complete Home Kitchen Bathroom Car Sofa & Office Cleaning Machine | 9 Accessories |300 ML | Window Pane, Sink, Chimney Grease, Water Stain Cleaner| 5 Mtr Cord | 1000W |SC-01","1","DEL5","SELLABLE","UNDELIVERABLE_REFUSED","LPNDEL5S13578287",
"2026-05-02T08:44:26+00:00","403-2654345-0957947","FBA79265","B0D2LHNS9B","X0020FWBW1","NexLev Foot Callus Remover | Electric Scrubber & Shaver for Dead, Hard & Cracked Skin | Professional Pedicure at Home | Waterproof | Type C | 3 Crystal Quartz Heads | For Men and Women| CR-01","1","DEL4","SELLABLE","DEFECTIVE","LPNDEL4AA1045084",
"2026-05-02T08:31:09+00:00","171-9588020-6042737","FBA79652","B0F43P6D23","X002A07CLV","nexlev Steam Cleaner | Complete Home Kitchen Floor Bathroom Car & Office Cleaning Machine | 9 Accessories | 450 ML | Window Pane Sink Grime Chimney Grease Water Stain Cleaner| 4 M Cord |1050W |SC-05","1","DEL4","CUSTOMER_DAMAGED","DEFECTIVE","LPNDEL4AA3793740",
"2026-05-02T07:59:17+00:00","404-6999119-2905933","FBA79405","B0D9KFP4MG","X00230DRXF","NexLev Ionic Hair Straightener Brush for Woman|Frizz-Free Straightening upto 12H| Ceramic Plates |60mm Wide Brush |130-210° |Keratin Bristles| Thermo Protect Technology|No Scalp Burn|1500W|HSB-03","1","DEL5","SELLABLE","UNDELIVERABLE_REFUSED","LPNDEL5S13777204",
"2026-05-02T07:49:43+00:00","404-5528822-4492338","FBA79373","B0D2P5TGWK","X0020H9N9D","NexLev Smart Electric Toothbrush for Adults |2-Min Timer with Quadpacer |2 Replaceable Heads | AAA Battery |3 Modes (Daily, Normal & Sesitive) |Upto 60 Days | Travel Case | Soft Bristles |ET-01 Black","1","CCX1","SELLABLE","UNDELIVERABLE_REFUSED","LPNCCX1B1570053",
"2026-05-02T07:08:17+00:00","407-8904736-1652359","FBA79652","B0F43P6D23","X002A07CLV","NexLev Steam Cleaner | Complete Home Kitchen Floor Bathroom Car & Office Cleaning machine | 9 Accessories | 450 ML | Window Pane Sink Grime Chimney Grease Water Stain Cleaner| 4 M Cord |1050W |SC-05","1","CJB1","SELLABLE","UNDELIVERABLE_REFUSED","LPNCJB1Y997712",
"2026-05-02T07:08:17+00:00","407-8904736-1652359","FBA79652","B0F43P6D23","X002A07CLV","NexLev Steam Cleaner | Complete Home Kitchen Floor Bathroom Car & Office Cleaning machine | 9 Accessories | 450 ML | Window Pane Sink Grime Chimney Grease Water Stain Cleaner| 4 M Cord |1050W |SC-05","1","CJB1","SELLABLE","UNDELIVERABLE_REFUSED","LPNCJB1Y997711",
"2026-05-02T07:08:17+00:00","407-8904736-1652359","FBA79652","B0F43P6D23","X002A07CLV","NexLev Steam Cleaner | Complete Home Kitchen Floor Bathroom Car & Office Cleaning machine | 9 Accessories | 450 ML | Window Pane Sink Grime Chimney Grease Water Stain Cleaner| 4 M Cord |1050W |SC-05","1","CJB1","SELLABLE","UNDELIVERABLE_REFUSED","LPNCJB1Y997713",
"2026-05-02T05:46:04+00:00","404-0933243-2257923","FBA79652","B0F43P6D23","X002A07CLV","nexlev Steam Cleaner | Complete Home Kitchen Floor Bathroom Car & Office Cleaning Machine | 9 Accessories | 450 ML | Window Pane Sink Grime Chimney Grease Water Stain Cleaner| 4 M Cord |1050W |SC-05","1","BOM5","CUSTOMER_DAMAGED","DEFECTIVE","LPNBOM5F5253903",
"2026-05-02T05:40:30+00:00","407-2895724-0759543","FBA79268","B0D383WQPB","X0020OHLDV","NexLev Foldable Garment Steamer for Home & Travel | Convenient Vertical Steaming | 1200W | 120 ml | Lightweight & Compact | 30s Fast Heating | Iron for all Cloth Types | 2 M cord | Anti Spill | GS-05","1","CCX1","SELLABLE","UNDELIVERABLE_REFUSED","LPNCCX1B1414170",
"2026-05-02T05:33:44+00:00","171-8113376-8818744","FBA79590","B0DM6BB3VT","X00263BT43","NexLev Calf Massager | Daily Use Leg Massager for Sore Muscle |1 Piece | Hand Like Massage with Air Compression | Improve Blood Circulation & Relieve Pain | 2500 mAh | Large Belt | Type C |CFM-01","1","CJB1","SELLABLE","MISSING_PARTS","LPNCJB1X127792","No need"
"2026-05-02T05:07:53+00:00","408-2243083-9412311","FBA79373","B0D2P5TGWK","X0020H9N9D","NexLev Smart Electric Toothbrush for Adults |2-Min Timer with Quadpacer |2 Replaceable Heads | AAA Battery |3 Modes (Daily, Normal & Sesitive) |Upto 60 Days | Travel Case | Soft Bristles |ET-01 Black","1","CCX1","SELLABLE","UNDELIVERABLE_REFUSED","LPNCCX1B3104166",
"2026-05-02T05:02:59+00:00","407-3372562-0786747","FBA79493","B0DQCWRG3H","X00272C0EV","NexLev Ionic 3 in 1 Hot Air Brush|1.5 Inch Barrel |Volumizer Blow Dryer & Styler|Ceramic Tourmaline Coated for Heat Protection|1200W|Dual Bristle for Tangle Free Styling|Salon Like Styles at Home|V-03","1","CCX1","SELLABLE","UNDELIVERABLE_REFUSED","LPNCCX1B1570244",
"2026-05-02T04:57:50+00:00","404-0002785-9068352","FBA79573","B0DKK15YNJ","X0025R5BTT","NexLev Oil Applicator Comb|Red Led Light Therapy |Boost Hair Growth| Reduce Dandruff | Relieve Stress |High Vibration Corded Electric Scalp/Head Massager | 6 ML Oil Tank | 2 Hr Run-Time| Type-C|EA-02","1","BOM7","SELLABLE","UNDELIVERABLE_REFUSED","LPNBOM7D20052581",
"2026-05-02T04:53:07+00:00","404-0813210-4064347","FBA79652","B0F43P6D23","X002A07CLV","NexLev Steam Cleaner | Complete Home Kitchen Floor Bathroom Car & Office Cleaning machine | 9 Accessories | 450 ML | Window Pane Sink Grime Chimney Grease Water Stain Cleaner| 4 M Cord |1050W |SC-05","1","HYD8","CUSTOMER_DAMAGED","DEFECTIVE","LPNHYD8EE09244",
"2026-05-02T04:47:48+00:00","403-7236474-8448350","FBK79271","B0DQ8W1RBV","X00271JY6J","Nexlev Ionic Volumizer|3 In 1 Hot Air Brush To Straight Dry & Volumize|1200 Watts|Reduce Frizz|Ceramic Tourmaline Coated Large Barrel|Salon Like Soft Curl At Home|3 Speed & 2 Heat Settings|V-01 RG","1","HYD8","CARRIER_DAMAGED","UNDELIVERABLE_UNKNOWN","LPNHYD8EG80073",
"2026-05-02T04:35:27+00:00","406-8649592-9713903","FBA79683","B0DVC9PRSD","X002877W3J","NexLev Air Purifier for Living Room | 650 sqft Area |True HEPA 13 with 8500 Hrs Filter Life |Captures 99.99% Virus and PM 2.5 |Smart AQI Indicator |Home & Office Use|App Support|Sleep & Auto Mode| A6","1","BOM5","SELLABLE","UNDELIVERABLE_REFUSED","LPNBOM5F5205968",
"2026-05-02T03:48:10+00:00","171-5606771-9126700","FBA79812","B0FS6TB7CP","X002F7TH85","NexLev Portable Blender for Smoothies Milkshakes Juices Baby Food | High Borosilicate Glass Jar | 3000 mAh Battery | Type C | Mix Fruit Juicer Mini | 450ml | For Kitchen & Travel | PB-01","1","BOM7","SELLABLE","UNDELIVERABLE_REFUSED","LPNBOM7D20007855",
"2026-05-02T03:45:06+00:00","407-2644432-2101955","FBA79567","B0DNJS23HS","X0026FJYJD","NexLev 10 in 1 Steam Cleaner & Mop|2 Steam Modes| Mopping & Deep Cleaning Home Car Sofa Bathroom Kitchen & Office |For All Surfaces|350ML|Chemical Free Cleaning | Detachable & Foldable|SC-04","1","DEL4","CUSTOMER_DAMAGED","MISSING_PARTS","LPNDEL4AA3793582",
"2026-05-02T03:14:29+00:00","404-8942353-5865166","FBA79849","B0FPGDVVCX","X002E6PMZ9","nexlev Calf Massager | Daily Use Leg Massager for Sore Muscle | Hand Like Massage with Air Compression | Improve Blood Circulation & Relieve Pain | 2500 mAh | Large Belt | Type C |CFM-03|Pack of 2","1","BOM5","SELLABLE","DEFECTIVE","LPNBOM5F5235393",
"2026-05-01T12:40:53+00:00","404-5002879-9500328","FBA79570","B0DKJXRXKM","X0025R19UT","NexLev Blackhead & Whitehead Remover Tool | Rechargeable |1Hr Use| Acne & Pimple Pore Cleaner | 6 Heads | Electric Derma Suction Machine | Hydra Facial Cleanser Device for Face |For Men & Women |BR-01","1","BOM7","SELLABLE","UNDELIVERABLE_REFUSED","LPNBOM7D20007772",
"2026-05-01T11:57:38+00:00","405-7792297-0128305","FBA79263","B0CYSLCRQS","X001ZOLVQP","NexLev Mattress, Sofa & Carpet Vacuum Cleaner | For Dust Mites, Allergens & Pet Hair | 4 Step Cleansing with Double Beat, UV Light, Dehumidification & Vacuum | HEPA captures 99.99% Dust|MR-01","1","PNQ3","CARRIER_DAMAGED","DEFECTIVE","LPNPNQ3A4568628",
"2026-05-01T10:20:53+00:00","403-1136780-8554706","FBA78980","B0CDPMX152","X001U1DYK9","NexLev Handheld Garment Steamer | 1500 Watts | 300 ML| Standing & Horizontal Iron Press | Damage Free Steaming for all Cloth Types | 25s Quick Heat |Upto 5 Clothes in One Fill | Travel Friendly |GS-02","1","CCX1","SELLABLE","UNDELIVERABLE_REFUSED","LPNCCX1B1502800",
"2026-05-01T09:53:38+00:00","406-9156672-4111524","FBA79349","B0D9KDQCCM","X00230EXN3","Nexlev Portable Sewing Machine| 2 Speed Settings| Cordless| Battery operated| USB Type C cord for Plug-in| Quick Fix DIY|Portable & Compact| for all Fabrics| 1 Year Warranty| White","1","DEL5","DEFECTIVE","QUALITY_UNACCEPTABLE","LPNDEL5S13485379","The sewing machine is not working properly"
"2026-05-01T09:11:13+00:00","402-0104830-6174708","FBA79263","B0CYSLCRQS","X001ZOLVQP","NexLev Mattress, Sofa & Carpet Vacuum Cleaner | For Dust Mites, Allergens & Pet Hair | 4 Step Cleansing with Double Beat, UV Light, Dehumidification & Vacuum | HEPA captures 99.99% Dust|MR-01","1","CCX1","SELLABLE","UNDELIVERABLE_REFUSED","LPNCCX1B3036790",
"2026-05-01T08:27:29+00:00","408-0212402-9863511","FBA79812","B0FS6TB7CP","X002F7TH85","NexLev Portable Blender for Smoothies Milkshakes Juices Baby Food | High Borosilicate Glass Jar | 3000 mAh Battery | Type C | Mix Fruit Juicer Mini | 450ml | For Kitchen & Travel | PB-01","1","DEL5","SELLABLE","UNDELIVERABLE_REFUSED","LPNDEL5S13319569",
"2026-05-01T07:28:40+00:00","406-3554518-7341149","FBA78981","B0CDPP45BM","X001U1K281","NexLev Steam Cleaner | For Complete Home Kitchen Bathroom Car Sofa & Office Cleaning Machine | 9 Accessories |300 ML | Window Pane, Sink, Chimney Grease, Water Stain Cleaner| 5 Mtr Cord | 1000W |SC-01","1","DED4","SELLABLE","UNDELIVERABLE_REFUSED","LPNDED4A1484536",
"2026-05-01T07:19:50+00:00","403-4991742-5201951","FBA79263","B0CYSLCRQS","X001ZOLVQP","NexLev Mattress, Sofa & Carpet Vacuum Cleaner | For Dust Mites, Allergens & Pet Hair | 4 Step Cleansing with Double Beat, UV Light, Dehumidification & Vacuum | HEPA captures 99.99% Dust|MR-01","1","CCX1","CARRIER_DAMAGED","DEFECTIVE","LPNCCX1B1570455",
"2026-05-01T07:16:55+00:00","171-9305140-2520347","FBA79679","B0DVC7VJP1","X002876EAV","NexLev Stand Mixer | 5.5L SS Bowl | 1500W |10 Speeds | Pulse Function |Planetary Rotation | Whisk, Beater & Dough Hook |100% Copper Motor | For Roti Atta, Cookie Dough, Cake, Whip Cream & more | ST-01","1","AMD2","SELLABLE","UNDELIVERABLE_UNKNOWN","LPNAMD2M3652005",
"2026-05-01T04:43:09+00:00","408-9588360-8437168","FBA79488","B0DFCG2VGS","X002435QZX","Nexlev Multi Purpose Electric Food Kettle|1.8L Stainless Steel Pot| 600W|Boil, Steam, Fry, Saute| Double Layered Body|2 Heat Settings|Multi Function for Water, Milk, Egg, Soup, Noodles|KE-01","1","CCX1","CARRIER_DAMAGED","DAMAGED_BY_FC","LPNCCX1B3104948",
"2026-05-01T04:42:17+00:00","404-1787216-7251524","FBA79570","B0DKJXRXKM","X0025R19UT","NexLev Blackhead & Whitehead Remover Tool | Rechargeable |1Hr Use| Acne & Pimple Pore Cleaner | 6 Heads | Electric Derma Suction Machine | Hydra Facial Cleanser Device for Face |For Men & Women |BR-01","1","DEL5","SELLABLE","DEFECTIVE","LPNDEL5S13724120",
"2026-05-01T04:18:38+00:00","403-5118987-1173149","FBA79349","B0D9KDQCCM","X00230EXN3","Nexlev Portable Sewing Machine| 2 Speed Settings| Cordless| Battery operated| USB Type C cord for Plug-in| Quick Fix DIY|Portable & Compact| for all Fabrics| 1 Year Warranty| White","1","CCX1","CUSTOMER_DAMAGED","NOT_COMPATIBLE","LPNCCX1B1355112",
"2026-04-30T12:36:51+00:00","404-4254201-7915516","FBA79590","B0DM6BB3VT","X00263BT43","NexLev Calf Massager | Daily Use Leg Massager for Sore Muscle |1 Piece | Hand Like Massage with Air Compression | Improve Blood Circulation & Relieve Pain | 2500 mAh | Large Belt | Type C |CFM-01","1","DEL5","SELLABLE","DEFECTIVE","LPNDEL5S13678597",
"2026-04-30T11:40:37+00:00","405-8566083-1301101","FBA79812","B0FS6TB7CP","X002F7TH85","NexLev Portable Blender for Smoothies Milkshakes Juices Baby Food | High Borosilicate Glass Jar | 3000 mAh Battery | Type C | Mix Fruit Juicer Mini | 450ml | For Kitchen & Travel | PB-01","1","PNQ3","SELLABLE","UNDELIVERABLE_UNKNOWN","LPNPNQ3A4571811",
"2026-04-30T10:31:30+00:00","408-2433943-5380333","FBA79349","B0D9KDQCCM","X00230EXN3","Nexlev Portable Sewing Machine| 2 Speed Settings| Cordless| Battery operated| USB Type C cord for Plug-in| Quick Fix DIY|Portable & Compact| for all Fabrics| 1 Year Warranty| White","1","CCX1","SELLABLE","UNDELIVERABLE_UNKNOWN","LPNCCX1B3031458",
"2026-04-30T09:56:17+00:00","402-0780144-2437918","FBA78981","B0CDPP45BM","X001U1K281","NexLev Steam Cleaner | For Complete Home Kitchen Bathroom Car Sofa & Office Cleaning Machine | 9 Accessories |300 ML | Window Pane, Sink, Chimney Grease, Water Stain Cleaner| 5 Mtr Cord | 1000W |SC-01","1","CJB1","CUSTOMER_DAMAGED","DEFECTIVE","LPNCJB1Y962579",
"2026-04-30T09:55:16+00:00","408-5844596-4457944","FBA79652","B0F43P6D23","X002A07CLV","nexlev Steam Cleaner | Complete Home Kitchen Floor Bathroom Car & Office Cleaning Machine | 9 Accessories | 450 ML | Window Pane Sink Grime Chimney Grease Water Stain Cleaner| 4 M Cord |1050W |SC-05","1","BLR8","CUSTOMER_DAMAGED","QUALITY_UNACCEPTABLE","LPNBLR8Z4507321",
"2026-04-30T09:41:03+00:00","407-8874471-6809154","FBA79439","B0DCK7ZH5P","X0023KW3JJ","NexLev Mattress, Sofa, Carpet & Car Seat Vacuum Cleaner|For Dust Mites Allergens & Pet Hair|Cordless Design|1500*3 mAh |UV Sterilization, Double Beat Technology|Type C| HEPA captures 99.99% Dust|MR-02","1","DEL4","SELLABLE","UNDELIVERABLE_REFUSED","LPNDEL4AA3793124",
"2026-04-30T08:50:40+00:00","403-7009693-4131516","FBA79567","B0DNJS23HS","X0026FJYJD","NexLev 10 in 1 Steam Cleaner & Mop|2 Steam Modes| Mopping & Deep Cleaning Home Car Sofa Bathroom Kitchen & Office |For All Surfaces|350ML|Chemical Free Cleaning | Detachable & Foldable|SC-04","1","LKO1","SELLABLE","UNDELIVERABLE_REFUSED","LPNLKO1B1396768",
"2026-04-30T08:44:07+00:00","403-2066778-9261145","FBA79567","B0DNJS23HS","X0026FJYJD","NexLev 10 in 1 Steam Cleaner & Mop|2 Steam Modes| Mopping & Deep Cleaning Home Car Sofa Bathroom Kitchen & Office |For All Surfaces|350ML|Chemical Free Cleaning | Detachable & Foldable|SC-04","1","BLR7","CARRIER_DAMAGED","UNDELIVERABLE_REFUSED","LPNBLR7Y7580904",
"2026-04-30T08:10:00+00:00","171-0380370-4650743","FBA79349","B0D9KDQCCM","X00230EXN3","Nexlev Portable Sewing Machine| 2 Speed Settings| Cordless| Battery operated| USB Type C cord for Plug-in| Quick Fix DIY|Portable & Compact| for all Fabrics| 1 Year Warranty| White","1","MAA4","DEFECTIVE","DEFECTIVE","LPNMAA4Z0137822","Stitching not machine work"
"2026-04-30T07:50:53+00:00","171-8565877-4255565","FBA79452","B0DCGHVN81","X0023JV0A3","NexLev 2 in 1 Handheld & Stick Vacuum Cleaner | 17500 PA Suction | Dry Vacuuming for Home & Office | Washable HEPA Filter | 4 Adjustable Heads | Bagless| Deep Cleaning for Sofa Bed Window & more|VC-01","1","MAA4","CUSTOMER_DAMAGED","SWITCHEROO","LPNMAA4Z1137406",
"2026-04-30T07:47:18+00:00","403-1208939-4044325","FBA79406","B0DCK3N2JJ","X0023L3KG3","NexLev Ionic Cordless Hair Straightener Brush | 60min Runtime | upto 200° Heating | Portable & Type C Rechargeable | Keratin Bristles |Straight, Frizz Free & Shiny Hair | Compact Comb Design | HSB-04","1","CCX1","SELLABLE","UNDELIVERABLE_REFUSED","LPNCCX1B1369267",
"2026-04-30T06:55:17+00:00","405-6403370-4297908","FBA79488","B0DFCG2VGS","X002435QZX","Nexlev Multi Purpose Electric Food Kettle|1.8L Stainless Steel Pot| 600W|Boil, Steam, Fry, Saute| Double Layered Body|2 Heat Settings|Multi Function for Water, Milk, Egg, Soup, Noodles|KE-01","1","DEL4","CARRIER_DAMAGED","UNDELIVERABLE_REFUSED","LPNDEL4AA3891889",
"2026-04-30T06:52:53+00:00","405-4850371-7060360","FBA78980","B0CDPMX152","X001U1DYK9","NexLev Handheld Garment Steamer | 1500 Watts | 300 ML| Standing & Horizontal Iron Press | Damage Free Steaming for all Cloth Types | 25s Quick Heat |Upto 5 Clothes in One Fill | Travel Friendly |GS-02","1","DEL4","CUSTOMER_DAMAGED","QUALITY_UNACCEPTABLE","LPNDEL4AA1036604",
"2026-04-30T06:36:06+00:00","171-4318257-4101966","FBA78981","B0CDPP45BM","X001U1K281","NexLev Steam Cleaner | For Complete Home Kitchen Bathroom Car Sofa & Office Cleaning Machine | 9 Accessories |300 ML | Window Pane, Sink, Chimney Grease, Water Stain Cleaner| 5 Mtr Cord | 1000W |SC-01","1","BLR7","CUSTOMER_DAMAGED","NOT_COMPATIBLE","LPNBLR7Y8005815",
"2026-04-30T06:33:34+00:00","408-3132377-2723547","FBA78980","B0CDPMX152","X001U1DYK9","NexLev Handheld Garment Steamer | 1500 Watts | 300 ML| Standing & Horizontal Iron Press | Damage Free Steaming for all Cloth Types | 25s Quick Heat |Upto 5 Clothes in One Fill | Travel Friendly |GS-02","1","LKO1","SELLABLE","DEFECTIVE","LPNLKO1B1399019",
"2026-04-30T05:33:45+00:00","407-1654868-6177960","FBK80024","B0GLHC8CB3","X002IPBERB","NexLev Spin Scrubber|6 Scrubbing Heads| For Kitchen, Bathroom, Tub, Glass | Complete cleaning tool for Home, Office & Car| 90 min runtime | 2600 mAh | Cordless Type C | 2 Modes|Adjustable Handle|SS-02","1","CJB1","SELLABLE","UNDELIVERABLE_REFUSED","LPNCJB1Y962435",
"2026-04-30T05:30:21+00:00","407-3641764-3290768","FBA79268","B0D383WQPB","X0020OHLDV","NexLev Foldable Garment Steamer for Home & Travel | Convenient Vertical Steaming | 1200W | 120 ml | Lightweight & Compact | 30s Fast Heating | Iron for all Cloth Types | 2 M cord | Anti Spill | GS-05","1","DEL5","SELLABLE","UNDELIVERABLE_UNKNOWN","LPNDEL5S13484671",
"2026-04-30T05:30:21+00:00","407-3641764-3290768","FBA79268","B0D383WQPB","X0020OHLDV","NexLev Foldable Garment Steamer for Home & Travel | Convenient Vertical Steaming | 1200W | 120 ml | Lightweight & Compact | 30s Fast Heating | Iron for all Cloth Types | 2 M cord | Anti Spill | GS-05","1","DEL5","SELLABLE","UNDELIVERABLE_UNKNOWN","LPNDEL5S13484673",
"2026-04-30T05:30:21+00:00","407-3641764-3290768","FBA79268","B0D383WQPB","X0020OHLDV","NexLev Foldable Garment Steamer for Home & Travel | Convenient Vertical Steaming | 1200W | 120 ml | Lightweight & Compact | 30s Fast Heating | Iron for all Cloth Types | 2 M cord | Anti Spill | GS-05","1","DEL5","SELLABLE","UNDELIVERABLE_UNKNOWN","LPNDEL5S13484672",
"2026-04-30T04:59:51+00:00","408-9105545-4289955","FBA79590","B0DM6BB3VT","X00263BT43","NexLev Calf Massager | Daily Use Leg Massager for Sore Muscle |1 Piece | Hand Like Massage with Air Compression | Improve Blood Circulation & Relieve Pain | 2500 mAh | Large Belt | Type C |CFM-01","1","HYD8","CUSTOMER_DAMAGED","SWITCHEROO","LPNHYD8EH82107",
"2026-04-30T04:45:37+00:00","406-5942291-8893137","FBA78981","B0CDPP45BM","X001U1K281","NexLev Steam Cleaner | For Complete Home Kitchen Bathroom Car Sofa & Office Cleaning Machine | 9 Accessories |300 ML | Window Pane, Sink, Chimney Grease, Water Stain Cleaner| 5 Mtr Cord | 1000W |SC-01","1","DED4","SELLABLE","QUALITY_UNACCEPTABLE","LPNDED4A1708141",
"2026-04-30T04:13:24+00:00","404-5226790-8426706","FBA79812","B0FS6TB7CP","X002F7TH85","NexLev Portable Blender for Smoothies Milkshakes Juices Baby Food | High Borosilicate Glass Jar | 3000 mAh Battery | Type C | Mix Fruit Juicer Mini | 450ml | For Kitchen & Travel | PB-01","1","HYD8","SELLABLE","UNDELIVERABLE_REFUSED","LPNHYD8EH82072",
"2026-04-30T04:07:28+00:00","403-7016591-2983551","FBA79263","B0CYSLCRQS","X001ZOLVQP","NexLev Mattress, Sofa & Carpet Vacuum Cleaner | For Dust Mites, Allergens & Pet Hair | 4 Step Cleansing with Double Beat, UV Light, Dehumidification & Vacuum | HEPA captures 99.99% Dust|MR-01","1","CCX1","CUSTOMER_DAMAGED","DEFECTIVE","LPNCCX1B4025136",
"2026-04-30T03:35:42+00:00","408-9338845-1681919","FBA79652","B0F43P6D23","X002A07CLV","NexLev Steam Cleaner | Complete Home Kitchen Floor Bathroom Car & Office Cleaning machine | 9 Accessories | 450 ML | Window Pane Sink Grime Chimney Grease Water Stain Cleaner| 4 M Cord |1050W |SC-05","1","HYD8","SELLABLE","UNDELIVERABLE_UNKNOWN","LPNHYD8EH78724",
"2026-04-29T13:03:14+00:00","404-6244468-9604347","FBA79567","B0DNJS23HS","X0026FJYJD","NexLev 10 in 1 Steam Cleaner & Mop|2 Steam Modes| Mopping & Deep Cleaning Home Car Sofa Bathroom Kitchen & Office |For All Surfaces|350ML|Chemical Free Cleaning | Detachable & Foldable|SC-04","1","MAA4","CUSTOMER_DAMAGED","SWITCHEROO","LPNMAA4Z1284599",
"2026-04-29T11:41:53+00:00","406-6487132-4033906","FBA78981","B0CDPP45BM","X001U1K281","NexLev Steam Cleaner | For Complete Home Kitchen Bathroom Car Sofa & Office Cleaning Machine | 9 Accessories |300 ML | Window Pane, Sink, Chimney Grease, Water Stain Cleaner| 5 Mtr Cord | 1000W |SC-01","1","HYD8","CARRIER_DAMAGED","UNDELIVERABLE_REFUSED","LPNHYD8EG59620",
"2026-04-29T11:12:26+00:00","403-7949942-0661159","FBK79271","B0DQ8W1RBV","X00271JY6J","Nexlev Ionic Volumizer|3 In 1 Hot Air Brush To Straight Dry & Volumize|1200 Watts|Reduce Frizz|Ceramic Tourmaline Coated Large Barrel|Salon Like Soft Curl At Home|3 Speed & 2 Heat Settings|V-01 RG","1","CJB1","CARRIER_DAMAGED","UNDELIVERABLE_UNKNOWN","LPNCJB1X028957",
"2026-04-29T08:44:04+00:00","404-8961263-5978732","FBA79682","B0DVC8NYY2","X002872SBZ","NexLev Cool Mist Humidifier | 2.2L| For Office, Indoor Plants, Baby Nursery | Quiet Operation | Works 30Hrs on Low Setting | 360° Nozzle | Auto Shut-Off | Adjustable Knob | Leak Proof | HU-02","1","MAA4","SELLABLE","UNDELIVERABLE_REFUSED","LPNMAA4Z0137600",
"2026-04-29T08:40:42+00:00","404-9536675-6320325","FBA79590","B0DM6BB3VT","X00263BT43","NexLev Calf Massager | Daily Use Leg Massager for Sore Muscle |1 Piece | Hand Like Massage with Air Compression | Improve Blood Circulation & Relieve Pain | 2500 mAh | Large Belt | Type C |CFM-01","1","HYD8","SELLABLE","UNDELIVERABLE_REFUSED","LPNHYD8EG89906",
"2026-04-29T08:25:05+00:00","404-5510528-6403500","FBA79573","B0DKK15YNJ","X0025R5BTT","NexLev Oil Applicator Comb|Red Led Light Therapy |Boost Hair Growth| Reduce Dandruff | Relieve Stress |High Vibration Corded Electric Scalp/Head Massager | 6 ML Oil Tank | 2 Hr Run-Time| Type-C|EA-02","1","DEL5","SELLABLE","DEFECTIVE","LPNDEL5S13534264",
"2026-04-29T07:33:37+00:00","408-4296514-6889117","FBA79652","B0F43P6D23","X002A07CLV","nexlev Steam Cleaner | Complete Home Kitchen Floor Bathroom Car & Office Cleaning Machine | 9 Accessories | 450 ML | Window Pane Sink Grime Chimney Grease Water Stain Cleaner| 4 M Cord |1050W |SC-05","1","BOM7","SELLABLE","UNDELIVERABLE_REFUSED","LPNBOM7D19997214",
"2026-04-29T06:58:45+00:00","404-4682116-6925138","FBA78980","B0CDPMX152","X001U1DYK9","NexLev Handheld Garment Steamer | 1500 Watts | 300 ML| Standing & Horizontal Iron Press | Damage Free Steaming for all Cloth Types | 25s Quick Heat |Upto 5 Clothes in One Fill | Travel Friendly |GS-02","1","MAA4","SELLABLE","SWITCHEROO","LPNMAA4Z0137554","No need"
"2026-04-29T06:26:40+00:00","405-7415074-1338752","FBA79811","B0FSF1N457","X002EUQV41","NexLev Mini Electric Chopper | 3D Stainless Steel Blade | Food Grade Bowl | For Mincing Garlic Ginger Onion Vegetable Meat Nuts | 250 ml | One Touch Operation | MC-01","1","DEL5","SELLABLE","UNDELIVERABLE_REFUSED","LPNDEL5S13634074",
"2026-04-29T05:39:43+00:00","407-1405893-2012343","FBA79682","B0DVC8NYY2","X002872SBZ","NexLev Cool Mist Humidifier | 2.2L| For Office, Indoor Plants, Baby Nursery | Quiet Operation | Works 30Hrs on Low Setting | 360° Nozzle | Auto Shut-Off | Adjustable Knob | Leak Proof | HU-02","1","AMD2","SELLABLE","UNDELIVERABLE_REFUSED","LPNAMD2M3906865",
"2026-04-29T05:18:23+00:00","404-3599722-8712332","FBA79265","B0D2LHNS9B","X0020FWBW1","NexLev Foot Callus Remover | Electric Scrubber & Shaver for Dead, Hard & Cracked Skin | Professional Pedicure at Home | Waterproof | Type C | 3 Crystal Quartz Heads | For Men and Women| CR-01","1","BOM7","SELLABLE","DEFECTIVE","LPNBOM7D19997143",
"2026-04-29T05:13:52+00:00","404-7932005-2215568","FBK79271","B0DQ8W1RBV","X00271JY6J","Nexlev Ionic Volumizer|3 In 1 Hot Air Brush To Straight Dry & Volumize|1200 Watts|Reduce Frizz|Ceramic Tourmaline Coated Large Barrel|Salon Like Soft Curl At Home|3 Speed & 2 Heat Settings|V-01 RG","1","BOM5","SELLABLE","DAMAGED_BY_FC","LPNBOM5F4856857",
"2026-04-29T05:10:54+00:00","171-4642789-1332358","FBA78981","B0CDPP45BM","X001U1K281","NexLev Steam Cleaner | For Complete Home Kitchen Bathroom Car Sofa & Office Cleaning Machine | 9 Accessories |300 ML | Window Pane, Sink, Chimney Grease, Water Stain Cleaner| 5 Mtr Cord | 1000W |SC-01","1","BOM7","CUSTOMER_DAMAGED","SWITCHEROO","LPNBOM7D19446547",
"2026-04-29T04:11:57+00:00","407-9608697-4675540","FBA79349","B0D9KDQCCM","X00230EXN3","Nexlev Portable Sewing Machine| 2 Speed Settings| Cordless| Battery operated| USB Type C cord for Plug-in| Quick Fix DIY|Portable & Compact| for all Fabrics| 1 Year Warranty| White","1","LKO1","DEFECTIVE","QUALITY_UNACCEPTABLE","LPNLKO1B1498065","It&#39;s not working properly"
"2026-04-29T03:44:25+00:00","408-9203052-9630766","FBA79652","B0F43P6D23","X002A07CLV","NexLev Steam Cleaner | Complete Home Kitchen Floor Bathroom Car & Office Cleaning machine | 9 Accessories | 450 ML | Window Pane Sink Grime Chimney Grease Water Stain Cleaner| 4 M Cord |1050W |SC-05","1","HYD8","CARRIER_DAMAGED","UNDELIVERABLE_REFUSED","LPNHYD8EG63428",
"2026-04-29T03:34:00+00:00","408-3184652-4533940","FBA78981","B0CDPP45BM","X001U1K281","NexLev Steam Cleaner | For Complete Home Kitchen Bathroom Car Sofa & Office Cleaning Machine | 9 Accessories |300 ML | Window Pane, Sink, Chimney Grease, Water Stain Cleaner| 5 Mtr Cord | 1000W |SC-01","1","HYD8","CUSTOMER_DAMAGED","QUALITY_UNACCEPTABLE","LPNHYD8EF49480",
"2026-04-29T03:15:27+00:00","404-8847506-5089141","FBA79405","B0D9KFP4MG","X00230DRXF","NexLev Ionic Hair Straightener Brush for Woman|Frizz-Free Straightening upto 12H| Ceramic Plates |60mm Wide Brush |130-210° |Keratin Bristles| Thermo Protect Technology|No Scalp Burn|1500W|HSB-03","1","DEL4","SELLABLE","UNDELIVERABLE_REFUSED","LPNDEL4AA3792545",
"2026-04-28T12:20:21+00:00","404-5716723-2573917","FBA79452","B0DCGHVN81","X0023JV0A3","NexLev 2 in 1 Handheld & Stick Vacuum Cleaner | 17500 PA Suction | Dry Vacuuming for Home & Office | Washable HEPA Filter | 4 Adjustable Heads | Bagless| Deep Cleaning for Sofa Bed Window & more|VC-01","1","HYD8","CUSTOMER_DAMAGED","DEFECTIVE","LPNHYD8DY08199",
"2026-04-28T12:11:46+00:00","408-1378980-8829133","FBA79590","B0DM6BB3VT","X00263BT43","NexLev Calf Massager | Daily Use Leg Massager for Sore Muscle |1 Piece | Hand Like Massage with Air Compression | Improve Blood Circulation & Relieve Pain | 2500 mAh | Large Belt | Type C |CFM-01","1","HYD8","SELLABLE","UNDELIVERABLE_UNKNOWN","LPNHYD8EG79063",
"2026-04-28T11:51:22+00:00","171-1817174-4942702","FBA78981","B0CDPP45BM","X001U1K281","NexLev Steam Cleaner | For Complete Home Kitchen Bathroom Car Sofa & Office Cleaning Machine | 9 Accessories |300 ML | Window Pane, Sink, Chimney Grease, Water Stain Cleaner| 5 Mtr Cord | 1000W |SC-01","1","DEL4","SELLABLE","SWITCHEROO","LPNDEL4AA3792483",
"2026-04-28T09:09:17+00:00","402-2128788-4025167","FBA78981","B0CDPP45BM","X001U1K281","NexLev Steam Cleaner | For Complete Home Kitchen Bathroom Car Sofa & Office Cleaning Machine | 9 Accessories |300 ML | Window Pane, Sink, Chimney Grease, Water Stain Cleaner| 5 Mtr Cord | 1000W |SC-01","1","BOM5","CUSTOMER_DAMAGED","NO_REASON_GIVEN","LPNBOM5F4808722",
"2026-04-28T08:45:33+00:00","406-2470757-1097135","FBA78981","B0CDPP45BM","X001U1K281","NexLev Steam Cleaner | For Complete Home Kitchen Bathroom Car Sofa & Office Cleaning Machine | 9 Accessories |300 ML | Window Pane, Sink, Chimney Grease, Water Stain Cleaner| 5 Mtr Cord | 1000W |SC-01","1","DED4","SELLABLE","UNDELIVERABLE_REFUSED","LPNDED4A0528999",
"2026-04-28T08:20:20+00:00","402-4674364-3069917","FBA79439","B0DCK7ZH5P","X0023KW3JJ","NexLev Mattress, Sofa, Carpet & Car Seat Vacuum Cleaner|For Dust Mites Allergens & Pet Hair|Cordless Design|1500*3 mAh |UV Sterilization, Double Beat Technology|Type C| HEPA captures 99.99% Dust|MR-02","1","BOM7","SELLABLE","UNDELIVERABLE_UNKNOWN","LPNBOM7D19425162",
"2026-04-28T07:06:02+00:00","404-5752068-5651501","FBA79689","B0DVSZ2VVJ","X0028A07UL","NexLev Calf Massager Pro|Complete Feet Calf Knee and Thigh Massage|Hand like Massage with Air Compression and Heat Therapy|Pain Relief,Muscle Recovery & Enhanced Blood Circulation|3 Intensities|CFM-02","1","AMD2","CARRIER_DAMAGED","UNDELIVERABLE_REFUSED","LPNAMD2M3683019",
"2026-04-28T06:27:29+00:00","408-7060743-2954751","FBA79489","B0DFD123P5","X00243S2SB","Nexlev MultiPurpose Electric Food Kettle|1.5 L Ceramic Pot | 600W| Boil, Steam, Fry, Saute| Double Layered Body| 2 Temperature Settings| Multi Cooker for Water, Egg, Tea, Soup, Noodles, Rice| KE-02","1","BLR8","SELLABLE","DEFECTIVE","LPNBLR8Z3298093",
"2026-04-28T05:34:24+00:00","408-9157960-0366748","FBA79348","B0D81DLSFT","X0022KC71T","Nexlev Hair Dryer For Women| Foldable| 1500 Watts| Cool Shot| 3 Heat & 2 Speed Settings| Overheat Protection| Concentrator Nozzle| Salon-Style Blow Dry| Just Style (Hd-02 Women), Black & Copper","1","AMD2","SELLABLE","DEFECTIVE","LPNAMD2M3770550",
"2026-04-28T05:11:23+00:00","406-4579500-1339532","FBA79349","B0D9KDQCCM","X00230EXN3","Nexlev Portable Sewing Machine| 2 Speed Settings| Cordless| Battery operated| USB Type C cord for Plug-in| Quick Fix DIY|Portable & Compact| for all Fabrics| 1 Year Warranty| White","1","MAA4","DEFECTIVE","DEFECTIVE","LPNMAA4Z0201976","USB C port not operational. Hence need replacement."
"2026-04-28T05:09:14+00:00","404-8192670-8795517","FBA78981","B0CDPP45BM","X001U1K281","NexLev Steam Cleaner | For Complete Home Kitchen Bathroom Car Sofa & Office Cleaning Machine | 9 Accessories |300 ML | Window Pane, Sink, Chimney Grease, Water Stain Cleaner| 5 Mtr Cord | 1000W |SC-01","1","DEL5","CUSTOMER_DAMAGED","QUALITY_UNACCEPTABLE","LPNDEL5S13526090",
"2026-04-28T04:51:06+00:00","404-4983234-0058735","FBA79271","B0D83Q7L8W","X0022IERCN","NexLev Ionic Hot Air Brush | 3 in 1 Blow Dryer, Straightener & Styler | 360° Airflow Vents | Ceramic Tourmaline Coated Brushing Head | Tangle Free Bristle | 1200W | 3 Speed & 2 Heat Settings|V-01","1","HYD8","SELLABLE","UNDELIVERABLE_REFUSED","LPNHYD8EG89269",
"2026-04-28T04:07:15+00:00","403-7600890-2867505","FBA79276","B0D2LJSQXZ","X0020G47PT","nexlev plastic Steam Mop SWIPE| Handheld Floor & Carpet Steam Cleaner| 4 Washable Microfibre Mop Pads| 400ML Large WaterTank| 1300W Powerful Steam|Floor Disinfectant|Wet & Dry Cleaning| SM-01","1","BLR8","CUSTOMER_DAMAGED","QUALITY_UNACCEPTABLE","LPNBLR8Z3859929",
"2026-04-28T04:06:20+00:00","404-7249529-5775534","FBA78980","B0CDPMX152","X001U1DYK9","NexLev Handheld Garment Steamer | 1500 Watts | 300 ML| Standing & Horizontal Iron Press | Damage Free Steaming for all Cloth Types | 25s Quick Heat |Upto 5 Clothes in One Fill | Travel Friendly |GS-02","1","CCX1","SELLABLE","UNDELIVERABLE_REFUSED","LPNCCX1B1798702",
"2026-04-28T03:40:41+00:00","402-7718731-2081901","FBA79488","B0DFCG2VGS","X002435QZX","Nexlev Multi Purpose Electric Food Kettle|1.8L Stainless Steel Pot| 600W|Boil, Steam, Fry, Saute| Double Layered Body|2 Heat Settings|Multi Function for Water, Milk, Egg, Soup, Noodles|KE-01","1","CCX1","CARRIER_DAMAGED","DAMAGED_BY_FC","LPNCCX1B3051019",
"2026-04-28T03:25:18+00:00","404-9196688-0907504","FBA79811","B0FSF1N457","X002EUQV41","NexLev Mini Electric Chopper | 3D Stainless Steel Blade | Food Grade Bowl | For Mincing Garlic Ginger Onion Vegetable Meat Nuts | 250 ml | One Touch Operation | MC-01","1","BLR8","SELLABLE","UNDELIVERABLE_REFUSED","LPNBLR8Z4635762",
"2026-04-28T03:15:02+00:00","408-6056518-6158701","FBA79811","B0FSF1N457","X002EUQV41","NexLev Mini Electric Chopper | 3D Stainless Steel Blade | Food Grade Bowl | For Mincing Garlic Ginger Onion Vegetable Meat Nuts | 250 ml | One Touch Operation | MC-01","1","AMD2","CARRIER_DAMAGED","UNDELIVERABLE_REFUSED","LPNAMD2M3697781",
"2026-04-28T03:09:34+00:00","171-6227056-6650726","FBA79682","B0DVC8NYY2","X002872SBZ","NexLev Cool Mist Humidifier | 2.2L| For Office, Indoor Plants, Baby Nursery | Quiet Operation | Works 30Hrs on Low Setting | 360° Nozzle | Auto Shut-Off | Adjustable Knob | Leak Proof | HU-02","1","BLR7","SELLABLE","QUALITY_UNACCEPTABLE","LPNBLR7Y7593301",
"2026-04-27T12:49:49+00:00","402-5044316-0627548","FBA79589","B0DNJP9T35","X0026FEQW3","NexLev Spin Scrubber|6 Scrubbing Heads| For Kitchen, Bathroom, Tub, Glass | Complete cleaning tool for Home, Office & Car| 90 min runtime | 2600 mAh | Cordless Type C | 2 Modes|Adjustable Handle|SS-02","1","PNQ3","SELLABLE","UNDELIVERABLE_REFUSED","LPNPNQ3A4597313",
"2026-04-27T10:02:57+00:00","407-5396259-8882764","FBA79652","B0F43P6D23","X002A07CLV","NexLev Steam Cleaner | Complete Home Kitchen Floor Bathroom Car & Office Cleaning machine | 9 Accessories | 450 ML | Window Pane Sink Grime Chimney Grease Water Stain Cleaner| 4 M Cord |1050W |SC-05","1","BLR7","SELLABLE","UNDELIVERABLE_UNKNOWN","LPNBLR7Y5578624",
"2026-04-27T09:53:13+00:00","405-0864194-7893940","FBA79812","B0FS6TB7CP","X002F7TH85","NexLev Portable Blender for Smoothies Milkshakes Juices Baby Food | High Borosilicate Glass Jar | 3000 mAh Battery | Type C | Mix Fruit Juicer Mini | 450ml | For Kitchen & Travel | PB-01","1","PNQ3","SELLABLE","UNDELIVERABLE_REFUSED","LPNPNQ3A4506964",
"2026-04-27T09:48:12+00:00","408-9288649-4392365","FBA79452","B0DCGHVN81","X0023JV0A3","NexLev 2 in 1 Handheld & Stick Vacuum Cleaner | 17500 PA Suction | Dry Vacuuming for Home & Office | Washable HEPA Filter | 4 Adjustable Heads | Bagless| Deep Cleaning for Sofa Bed Window & more|VC-01","1","BLR8","CARRIER_DAMAGED","DEFECTIVE","LPNBLR8Z3270112",
"2026-04-27T09:18:29+00:00","402-6937039-0867519","FBA79263","B0CYSLCRQS","X001ZOLVQP","NexLev Mattress, Sofa & Carpet Vacuum Cleaner | For Dust Mites, Allergens & Pet Hair | 4 Step Cleansing with Double Beat, UV Light, Dehumidification & Vacuum | HEPA captures 99.99% Dust|MR-01","1","DEL5","SELLABLE","UNDELIVERABLE_REFUSED","LPNDEL5S13575035",
"2026-04-27T09:13:03+00:00","403-0941661-0984309","FBA78980","B0CDPMX152","X001U1DYK9","NexLev Handheld Garment Steamer | 1500 Watts | 300 ML| Standing & Horizontal Iron Press | Damage Free Steaming for all Cloth Types | 25s Quick Heat |Upto 5 Clothes in One Fill | Travel Friendly |GS-02","1","DED4","SELLABLE","SWITCHEROO","LPNDED4A0874910","Return"
"2026-04-27T09:01:32+00:00","408-1985501-3250746","FBA78981","B0CDPP45BM","X001U1K281","NexLev Steam Cleaner | For Complete Home Kitchen Bathroom Car Sofa & Office Cleaning Machine | 9 Accessories |300 ML | Window Pane, Sink, Chimney Grease, Water Stain Cleaner| 5 Mtr Cord | 1000W |SC-01","1","PNQ3","CUSTOMER_DAMAGED","QUALITY_UNACCEPTABLE","LPNPNQ3A4533746",
"2026-04-27T08:54:03+00:00","171-4161238-4675544","FBA78981","B0CDPP45BM","X001U1K281","NexLev Steam Cleaner | For Complete Home Kitchen Bathroom Car Sofa & Office Cleaning Machine | 9 Accessories |300 ML | Window Pane, Sink, Chimney Grease, Water Stain Cleaner| 5 Mtr Cord | 1000W |SC-01","1","HYD8","CUSTOMER_DAMAGED","NOT_COMPATIBLE","LPNHYD8EG88942",
"2026-04-27T08:19:16+00:00","407-9499615-5590741","FBA78981","B0CDPP45BM","X001U1K281","NexLev Steam Cleaner | For Complete Home Kitchen Bathroom Car Sofa & Office Cleaning Machine | 9 Accessories |300 ML | Window Pane, Sink, Chimney Grease, Water Stain Cleaner| 5 Mtr Cord | 1000W |SC-01","1","MAA4","CARRIER_DAMAGED","UNDELIVERABLE_REFUSED","LPNMAA4Z1114770",
"2026-04-27T08:17:53+00:00","402-4520014-4677167","FBA79349","B0D9KDQCCM","X00230EXN3","Nexlev Portable Sewing Machine| 2 Speed Settings| Cordless| Battery operated| USB Type C cord for Plug-in| Quick Fix DIY|Portable & Compact| for all Fabrics| 1 Year Warranty| White","1","BLR7","CUSTOMER_DAMAGED","NOT_COMPATIBLE","LPNBLR7Y7593056",
"2026-04-27T08:06:05+00:00","404-6913469-4021137","FBA79406","B0DCK3N2JJ","X0023L3KG3","NexLev Ionic Cordless Hair Straightener Brush | 60min Runtime | upto 200° Heating | Portable & Type C Rechargeable | Keratin Bristles |Straight, Frizz Free & Shiny Hair | Compact Comb Design | HSB-04","1","MAA4","SELLABLE","DEFECTIVE","LPNMAA4Z0201584",
"2026-04-27T07:48:54+00:00","403-7668502-1506722","FBA79590","B0DM6BB3VT","X00263BT43","NexLev Calf Massager | Daily Use Leg Massager for Sore Muscle |1 Piece | Hand Like Massage with Air Compression | Improve Blood Circulation & Relieve Pain | 2500 mAh | Large Belt | Type C |CFM-01","1","CCX1","SELLABLE","UNDELIVERABLE_REFUSED","LPNCCX1B1824930",
"2026-04-27T07:48:48+00:00","403-7780787-1034753","FBA78980","B0CDPMX152","X001U1DYK9","NexLev Handheld Garment Steamer | 1500 Watts | 300 ML| Standing & Horizontal Iron Press | Damage Free Steaming for all Cloth Types | 25s Quick Heat |Upto 5 Clothes in One Fill | Travel Friendly |GS-02","1","HYD8","CUSTOMER_DAMAGED","DAMAGED_BY_FC","LPNHYD8EF74501",
"2026-04-27T07:28:36+00:00","404-1416539-4424360","FBA78981","B0CDPP45BM","X001U1K281","NexLev Steam Cleaner | For Complete Home Kitchen Bathroom Car Sofa & Office Cleaning Machine | 9 Accessories |300 ML | Window Pane, Sink, Chimney Grease, Water Stain Cleaner| 5 Mtr Cord | 1000W |SC-01","1","PNQ3","SELLABLE","UNDELIVERABLE_REFUSED","LPNPNQ3A4523544",
"2026-04-27T06:42:21+00:00","405-3353048-8543508","FBA79493","B0DQCWRG3H","X00272C0EV","NexLev Ionic 3 in 1 Hot Air Brush|1.5 Inch Barrel |Volumizer Blow Dryer & Styler|Ceramic Tourmaline Coated for Heat Protection|1200W|Dual Bristle for Tangle Free Styling|Salon Like Styles at Home|V-03","1","BOM7","SELLABLE","UNDELIVERABLE_REFUSED","LPNBOM7D19459430",
"2026-04-27T06:16:59+00:00","408-1724392-4751545","FBA79679","B0DVC7VJP1","X002876EAV","NexLev Stand Mixer | 5.5L SS Bowl | 1500W |10 Speeds | Pulse Function |Planetary Rotation | Whisk, Beater & Dough Hook |100% Copper Motor | For Roti Atta, Cookie Dough, Cake, Whip Cream & more | ST-01","1","BOM5","SELLABLE","UNDELIVERABLE_REFUSED","LPNBOM5F4809569",
"2026-04-27T05:16:30+00:00","404-8089539-8569115","FBA78980","B0CDPMX152","X001U1DYK9","NexLev Handheld Garment Steamer | 1500 Watts | 300 ML| Standing & Horizontal Iron Press | Damage Free Steaming for all Cloth Types | 25s Quick Heat |Upto 5 Clothes in One Fill | Travel Friendly |GS-02","1","BOM5","CUSTOMER_DAMAGED","DEFECTIVE","LPNBOM5F4889261",
"2026-04-27T04:03:15+00:00","403-3261532-7941921","FBA79819","B0FT8R24QM","X002F1TU0L","NexLev Portable Cordless Lint Remover | for Woollen, Sweaters, Jackets, Carpets | Fabric Brush | Rue & Burr Remover | Battery Powered Shaver | SS Blade | Safety Lock | LR-03","1","CCX1","SELLABLE","SWITCHEROO","LPNCCX1B2466965","Not come with charger. I want charger"
"2026-04-27T03:51:24+00:00","171-4502958-1433147","FBA79349","B0D9KDQCCM","X00230EXN3","Nexlev Portable Sewing Machine| 2 Speed Settings| Cordless| Battery operated| USB Type C cord for Plug-in| Quick Fix DIY|Portable & Compact| for all Fabrics| 1 Year Warranty| White","1","HYD8","CUSTOMER_DAMAGED","QUALITY_UNACCEPTABLE","LPNHYD8EG98002",
"2026-04-27T03:41:18+00:00","406-3294929-3306768","FBA79349","B0D9KDQCCM","X00230EXN3","Nexlev Portable Sewing Machine| 2 Speed Settings| Cordless| Battery operated| USB Type C cord for Plug-in| Quick Fix DIY|Portable & Compact| for all Fabrics| 1 Year Warranty| White","1","DEL5","SELLABLE","NOT_COMPATIBLE","LPNDEL5S13628575","At the end stitching not locked"
"2026-04-26T11:51:31+00:00","406-3142642-8213952","FBA79493","B0DQCWRG3H","X00272C0EV","NexLev Ionic 3 in 1 Hot Air Brush|1.5 Inch Barrel |Volumizer Blow Dryer & Styler|Ceramic Tourmaline Coated for Heat Protection|1200W|Dual Bristle for Tangle Free Styling|Salon Like Styles at Home|V-03","1","BOM5","SELLABLE","UNDELIVERABLE_UNKNOWN","LPNBOM5F4845371",
"2026-04-26T11:23:10+00:00","171-5240733-4008340","FBA79573","B0DKK15YNJ","X0025R5BTT","NexLev Oil Applicator Comb|Red Led Light Therapy |Boost Hair Growth| Reduce Dandruff | Relieve Stress |High Vibration Corded Electric Scalp/Head Massager | 6 ML Oil Tank | 2 Hr Run-Time| Type-C|EA-02","1","DEL4","CUSTOMER_DAMAGED","DEFECTIVE","LPNDEL4AA3839056",
"2026-04-26T11:06:31+00:00","404-2558435-9567544","FBA79991","B0GN85NZQN","X002IK70C9","NexLev Dehumidifier for Room Moisture Absorption | 1000ML Tank | Ideal for Mold & Moisture Removal |For Room Wardrobe Kitchen Office| Auto Shut-Off Function| Preset Timer & Humidty Control | DH-01","1","CCX1","CUSTOMER_DAMAGED","DEFECTIVE","LPNCCX1B1872857",
"2026-04-26T10:44:20+00:00","405-4817643-0636343","FBA79573","B0DKK15YNJ","X0025R5BTT","NexLev Oil Applicator Comb|Red Led Light Therapy |Boost Hair Growth| Reduce Dandruff | Relieve Stress |High Vibration Corded Electric Scalp/Head Massager | 6 ML Oil Tank | 2 Hr Run-Time| Type-C|EA-02","1","AMD2","SELLABLE","UNDELIVERABLE_REFUSED","LPNAMD2M3874413",
"2026-04-26T09:24:11+00:00","404-6013003-4376331","FBA79349","B0D9KDQCCM","X00230EXN3","Nexlev Portable Sewing Machine| 2 Speed Settings| Cordless| Battery operated| USB Type C cord for Plug-in| Quick Fix DIY|Portable & Compact| for all Fabrics| 1 Year Warranty| White","1","HYD8","CUSTOMER_DAMAGED","QUALITY_UNACCEPTABLE","LPNHYD8EF86436",
"2026-04-26T09:09:38+00:00","408-9539686-6278725","FBA78980","B0CDPMX152","X001U1DYK9","NexLev Handheld Garment Steamer | 1500 Watts | 300 ML| Standing & Horizontal Iron Press | Damage Free Steaming for all Cloth Types | 25s Quick Heat |Upto 5 Clothes in One Fill | Travel Friendly |GS-02","1","HYD8","CUSTOMER_DAMAGED","DEFECTIVE","LPNHYD8EF89927",
"2026-04-26T08:57:30+00:00","404-6424650-6085155","FBA78981","B0CDPP45BM","X001U1K281","NexLev Steam Cleaner | For Complete Home Kitchen Bathroom Car Sofa & Office Cleaning Machine | 9 Accessories |300 ML | Window Pane, Sink, Chimney Grease, Water Stain Cleaner| 5 Mtr Cord | 1000W |SC-01","1","CJB1","SELLABLE","SWITCHEROO","LPNCJB1Y996796",
"2026-04-26T08:33:40+00:00","407-1802586-4432311","FBA79493","B0DQCWRG3H","X00272C0EV","NexLev Ionic 3 in 1 Hot Air Brush|1.5 Inch Barrel |Volumizer Blow Dryer & Styler|Ceramic Tourmaline Coated for Heat Protection|1200W|Dual Bristle for Tangle Free Styling|Salon Like Styles at Home|V-03","1","BLR8","SELLABLE","DEFECTIVE","LPNBLR8Z3521427",
"2026-04-26T08:27:53+00:00","403-4734915-9304337","FBA79652","B0F43P6D23","X002A07CLV","NexLev Steam Cleaner | Complete Home Kitchen Floor Bathroom Car & Office Cleaning machine | 9 Accessories | 450 ML | Window Pane Sink Grime Chimney Grease Water Stain Cleaner| 4 M Cord |1050W |SC-05","1","BLR8","CUSTOMER_DAMAGED","SWITCHEROO","LPNBLR8Z3286025",
"2026-04-26T07:26:41+00:00","408-7986951-7445960","FBA79464","B0DFCDKMWR","X002432A75","NexLev Cordless Electric Heating Pad| Period Cramp & Back Pain Relief Massager | 9 modes| Menstrual Cramp Relief|Type C| Crampfree Periods | Portable | Gift for Women| Strap upto 40 Inch |Blue CM-01","1","CCX1","SELLABLE","UNDELIVERABLE_REFUSED","LPNCCX1B3105160",
"2026-04-26T07:02:38+00:00","403-4094012-6705925","FBA79819","B0FT8R24QM","X002F1TU0L","NexLev Portable Cordless Lint Remover | for Woollen, Sweaters, Jackets, Carpets | Fabric Brush | Rue & Burr Remover | Battery Powered Shaver | SS Blade | Safety Lock | LR-03","1","BOM7","SELLABLE","UNDELIVERABLE_REFUSED","LPNBOM7D19453305",
"2026-04-26T05:20:51+00:00","406-6736482-2901953","FBA79439","B0DCK7ZH5P","X0023KW3JJ","NexLev Mattress, Sofa, Carpet & Car Seat Vacuum Cleaner|For Dust Mites Allergens & Pet Hair|Cordless Design|1500*3 mAh |UV Sterilization, Double Beat Technology|Type C| HEPA captures 99.99% Dust|MR-02","1","BOM5","SELLABLE","UNDELIVERABLE_UNKNOWN","LPNBOM5F4888109",
"2026-04-26T04:39:26+00:00","404-5779737-0446763","FBA79590","B0DM6BB3VT","X00263BT43","NexLev Calf Massager | Daily Use Leg Massager for Sore Muscle |1 Piece | Hand Like Massage with Air Compression | Improve Blood Circulation & Relieve Pain | 2500 mAh | Large Belt | Type C |CFM-01","1","LKO1","CUSTOMER_DAMAGED","DEFECTIVE","LPNLKO1B1355215",
"2026-04-26T03:39:40+00:00","171-7913925-1713110","FBA79493","B0DQCWRG3H","X00272C0EV","NexLev Ionic 3 in 1 Hot Air Brush|1.5 Inch Barrel |Volumizer Blow Dryer & Styler|Ceramic Tourmaline Coated for Heat Protection|1200W|Dual Bristle for Tangle Free Styling|Salon Like Styles at Home|V-03","1","DED4","SELLABLE","DEFECTIVE","LPNDED4A0874127",
"2026-04-26T03:33:32+00:00","407-3790637-6758726","FBA78980","B0CDPMX152","X001U1DYK9","NexLev Handheld Garment Steamer | 1500 Watts | 300 ML| Standing & Horizontal Iron Press | Damage Free Steaming for all Cloth Types | 25s Quick Heat |Upto 5 Clothes in One Fill | Travel Friendly |GS-02","1","BOM5","SELLABLE","DEFECTIVE","LPNBOM5F4818146",
"2026-04-26T03:11:43+00:00","406-3890333-0551500","FBA78981","B0CDPP45BM","X001U1K281","NexLev Steam Cleaner | For Complete Home Kitchen Bathroom Car Sofa & Office Cleaning Machine | 9 Accessories |300 ML | Window Pane, Sink, Chimney Grease, Water Stain Cleaner| 5 Mtr Cord | 1000W |SC-01","1","HYD8","CUSTOMER_DAMAGED","QUALITY_UNACCEPTABLE","LPNHYD8DY07166",
"2026-04-25T20:31:26+00:00","406-1956516-5728332","FBA79567","B0DNJS23HS","X0026FJYJD","NexLev 10 in 1 Steam Cleaner & Mop|2 Steam Modes| Mopping & Deep Cleaning Home Car Sofa Bathroom Kitchen & Office |For All Surfaces|350ML|Chemical Free Cleaning | Detachable & Foldable|SC-04","1","CCX1","CARRIER_DAMAGED","UNDELIVERABLE_UNKNOWN","LPNCCX1B1725245",
"2026-04-25T12:17:22+00:00","403-2875229-3754744","FBA79265","B0D2LHNS9B","X0020FWBW1","NexLev Foot Callus Remover | Electric Scrubber & Shaver for Dead, Hard & Cracked Skin | Professional Pedicure at Home | Waterproof | Type C | 3 Crystal Quartz Heads | For Men and Women| CR-01","1","BLR8","SELLABLE","DEFECTIVE","LPNBLR8Z4812928",
"2026-04-25T11:51:12+00:00","407-1735308-8509102","FBA79812","B0FS6TB7CP","X002F7TH85","NexLev Portable Blender for Smoothies Milkshakes Juices Baby Food | High Borosilicate Glass Jar | 3000 mAh Battery | Type C | Mix Fruit Juicer Mini | 450ml | For Kitchen & Travel | PB-01","1","PNQ3","CUSTOMER_DAMAGED","MISSING_PARTS","LPNPNQ3A4523279",
"2026-04-25T11:29:50+00:00","408-9402712-6027529","FBA79991","B0GN85NZQN","X002IK70C9","NexLev Dehumidifier for Room Moisture Absorption | 1000ML Tank | Ideal for Mold & Moisture Removal |For Room Wardrobe Kitchen Office| Auto Shut-Off Function| Preset Timer & Humidty Control | DH-01","1","LKO1","CARRIER_DAMAGED","QUALITY_UNACCEPTABLE","LPNLKO1B1516147",
"2026-04-25T11:26:19+00:00","408-6650613-8757158","FBA78981","B0CDPP45BM","X001U1K281","NexLev Steam Cleaner | For Complete Home Kitchen Bathroom Car Sofa & Office Cleaning Machine | 9 Accessories |300 ML | Window Pane, Sink, Chimney Grease, Water Stain Cleaner| 5 Mtr Cord | 1000W |SC-01","1","AMD2","CUSTOMER_DAMAGED","QUALITY_UNACCEPTABLE","LPNAMD2M3749778",
"2026-04-25T09:22:08+00:00","407-7945308-8853967","FBA79268","B0D383WQPB","X0020OHLDV","NexLev Foldable Garment Steamer for Home & Travel | Convenient Vertical Steaming | 1200W | 120 ml | Lightweight & Compact | 30s Fast Heating | Iron for all Cloth Types | 2 M cord | Anti Spill | GS-05","1","BOM5","CUSTOMER_DAMAGED","DEFECTIVE","LPNBOM5F4836478",
"2026-04-25T07:10:49+00:00","404-9212686-4909925","FBA79263","B0CYSLCRQS","X001ZOLVQP","NexLev Mattress, Sofa & Carpet Vacuum Cleaner | For Dust Mites, Allergens & Pet Hair | 4 Step Cleansing with Double Beat, UV Light, Dehumidification & Vacuum | HEPA captures 99.99% Dust|MR-01","1","BLR8","SELLABLE","UNDELIVERABLE_REFUSED","LPNBLR8Z3285540",
"2026-04-25T06:37:22+00:00","402-1572547-8156310","FBA79570","B0DKJXRXKM","X0025R19UT","NexLev Blackhead & Whitehead Remover Tool | Rechargeable |1Hr Use| Acne & Pimple Pore Cleaner | 6 Heads | Electric Derma Suction Machine | Hydra Facial Cleanser Device for Face |For Men & Women |BR-01","1","BOM5","SELLABLE","UNDELIVERABLE_REFUSED","LPNBOM5F4836346",
"2026-04-25T05:42:20+00:00","403-4989152-2541954","FBA78980","B0CDPMX152","X001U1DYK9","NexLev Handheld Garment Steamer | 1500 Watts | 300 ML| Standing & Horizontal Iron Press | Damage Free Steaming for all Cloth Types | 25s Quick Heat |Upto 5 Clothes in One Fill | Travel Friendly |GS-02","1","BLR8","SELLABLE","UNDELIVERABLE_REFUSED","LPNBLR8Z3560379",
"2026-04-25T05:28:25+00:00","405-6778058-7242725","FBA79682","B0DVC8NYY2","X002872SBZ","NexLev Cool Mist Humidifier | 2.2L| For Office, Indoor Plants, Baby Nursery | Quiet Operation | Works 30Hrs on Low Setting | 360° Nozzle | Auto Shut-Off | Adjustable Knob | Leak Proof | HU-02","1","HYD8","SELLABLE","UNDELIVERABLE_REFUSED","LPNHYD8EE29433",
"2026-04-25T04:51:48+00:00","404-6853813-0057159","FBA78981","B0CDPP45BM","X001U1K281","NexLev Steam Cleaner | For Complete Home Kitchen Bathroom Car Sofa & Office Cleaning Machine | 9 Accessories |300 ML | Window Pane, Sink, Chimney Grease, Water Stain Cleaner| 5 Mtr Cord | 1000W |SC-01","1","DED4","SELLABLE","UNDELIVERABLE_REFUSED","LPNDED4A0733054",
"2026-04-25T04:48:53+00:00","171-4978036-6030711","FBK80015","B0GKNGWLJ2","X002IVBZ1F","NexLev Cordless Spin Mop|50 Min Runtime|2 Extra Mop Pads | Type C | For Home Kitchen & Office Use | Water Spray Function|Self Propelling|Mopping for All Floor Types|LED for Corners and Underbed|SPM-01","1","BOM5","SELLABLE","QUALITY_UNACCEPTABLE","LPNBOM5F4858245","Not good performance"
"2026-04-25T04:42:28+00:00","406-6048912-1217114","FBA79263","B0CYSLCRQS","X001ZOLVQP","NexLev Mattress, Sofa & Carpet Vacuum Cleaner | For Dust Mites, Allergens & Pet Hair | 4 Step Cleansing with Double Beat, UV Light, Dehumidification & Vacuum | HEPA captures 99.99% Dust|MR-01","1","CJB1","SELLABLE","SWITCHEROO","LPNCJB1X173381","Cancel My Order"
"2026-04-25T04:36:04+00:00","406-9308597-3223518","FBA78981","B0CDPP45BM","X001U1K281","NexLev Steam Cleaner | For Complete Home Kitchen Bathroom Car Sofa & Office Cleaning Machine | 9 Accessories |300 ML | Window Pane, Sink, Chimney Grease, Water Stain Cleaner| 5 Mtr Cord | 1000W |SC-01","1","DEL4","CUSTOMER_DAMAGED","QUALITY_UNACCEPTABLE","LPNDEL4AA3892092",
"2026-04-25T04:13:55+00:00","404-1828888-4089948","FBA79265","B0D2LHNS9B","X0020FWBW1","NexLev Foot Callus Remover | Electric Scrubber & Shaver for Dead, Hard & Cracked Skin | Professional Pedicure at Home | Waterproof | Type C | 3 Crystal Quartz Heads | For Men and Women| CR-01","1","BLR8","SELLABLE","DEFECTIVE","LPNBLR8Z4812511",
"2026-04-25T03:59:22+00:00","405-3301706-2900322","FBA78981","B0CDPP45BM","X001U1K281","NexLev Steam Cleaner | For Complete Home Kitchen Bathroom Car Sofa & Office Cleaning Machine | 9 Accessories |300 ML | Window Pane, Sink, Chimney Grease, Water Stain Cleaner| 5 Mtr Cord | 1000W |SC-01","1","BLR7","DAMAGED","UNDELIVERABLE_UNKNOWN","LPNBLR7Y7997139",
"2026-04-25T03:27:07+00:00","405-4733178-6756362","FBA78981","B0CDPP45BM","X001U1K281","NexLev Steam Cleaner | For Complete Home Kitchen Bathroom Car Sofa & Office Cleaning Machine | 9 Accessories |300 ML | Window Pane, Sink, Chimney Grease, Water Stain Cleaner| 5 Mtr Cord | 1000W |SC-01","1","BLR8","SELLABLE","QUALITY_UNACCEPTABLE","LPNBLR8Z3520531",
"2026-04-24T11:39:50+00:00","404-7878733-8293164","FBA79570","B0DKJXRXKM","X0025R19UT","NexLev Blackhead & Whitehead Remover Tool | Rechargeable |1Hr Use| Acne & Pimple Pore Cleaner | 6 Heads | Electric Derma Suction Machine | Hydra Facial Cleanser Device for Face |For Men & Women |BR-01","1","BLR7","SELLABLE","DEFECTIVE","LPNBLR7Y4309092",
"2026-04-24T11:32:34+00:00","403-9536644-0917127","FBA79493","B0DQCWRG3H","X00272C0EV","NexLev Ionic 3 in 1 Hot Air Brush|1.5 Inch Barrel |Volumizer Blow Dryer & Styler|Ceramic Tourmaline Coated for Heat Protection|1200W|Dual Bristle for Tangle Free Styling|Salon Like Styles at Home|V-03","1","BLR7","CUSTOMER_DAMAGED","DEFECTIVE","LPNBLR7Y7997062",
"2026-04-24T11:16:56+00:00","406-8177940-1345125","FBA79652","B0F43P6D23","X002A07CLV","NexLev Steam Cleaner | Complete Home Kitchen Floor Bathroom Car & Office Cleaning machine | 9 Accessories | 450 ML | Window Pane Sink Grime Chimney Grease Water Stain Cleaner| 4 M Cord |1050W |SC-05","1","PNQ3","CUSTOMER_DAMAGED","DEFECTIVE","LPNPNQ3A4500799",
"2026-04-24T10:16:11+00:00","402-8838822-1973157","FBA79271","B0D83Q7L8W","X0022IERCN","NexLev Ionic Hot Air Brush | 3 in 1 Blow Dryer, Straightener & Styler | 360° Airflow Vents | Ceramic Tourmaline Coated Brushing Head | Tangle Free Bristle | 1200W | 3 Speed & 2 Heat Settings|V-01","1","CCX1","SELLABLE","UNDELIVERABLE_REFUSED","LPNCCX1B3126660",
"2026-04-24T09:58:20+00:00","171-2701938-6393922","FBK80015","B0GKNGWLJ2","X002IVBZ1F","NexLev Cordless Spin Mop|50 Min Runtime|2 Extra Mop Pads | Type C | For Home Kitchen & Office Use | Water Spray Function|Self Propelling|Mopping for All Floor Types|LED for Corners and Underbed|SPM-01","1","BLR7","CUSTOMER_DAMAGED","ORDERED_WRONG_ITEM","LPNBLR7Y5563967",
"2026-04-24T08:57:52+00:00","408-4516927-2673162","FBA79277","B0D672NXC8","X0021NWGBN","Nexlev SWIPE Steam Cleaner | 3.5 Bar Strong Steam|Multipurpose Steam Cleaner for Car, Kitchen, Bathroom, Floor, Window,Glass,Upholstery| 18 Accessories Kit|Safety Lock| Large 1200ML Water Tank | SC-03","1","HYD8","CUSTOMER_DAMAGED","QUALITY_UNACCEPTABLE","LPNHYD8EF59890",
"2026-04-24T08:15:14+00:00","404-4253541-7886735","FBA79493","B0DQCWRG3H","X00272C0EV","NexLev Ionic 3 in 1 Hot Air Brush|1.5 Inch Barrel |Volumizer Blow Dryer & Styler|Ceramic Tourmaline Coated for Heat Protection|1200W|Dual Bristle for Tangle Free Styling|Salon Like Styles at Home|V-03","1","HYD8","CUSTOMER_DAMAGED","SWITCHEROO","LPNHYD8EF47040",
"2026-04-24T08:12:17+00:00","407-8257903-8155505","FBA79263","B0CYSLCRQS","X001ZOLVQP","NexLev Mattress, Sofa & Carpet Vacuum Cleaner | For Dust Mites, Allergens & Pet Hair | 4 Step Cleansing with Double Beat, UV Light, Dehumidification & Vacuum | HEPA captures 99.99% Dust|MR-01","1","CCX1","CARRIER_DAMAGED","SWITCHEROO","LPNCCX1B1308152",
"2026-04-24T07:47:30+00:00","405-4028181-9943510","FBA79276","B0D2LJSQXZ","X0020G47PT","NexLev Steam Mop | Chemical Free Mopping | Floor Cleaning + Carpet Steaming | 4 Extra Mop Pads | 400 ML | 1300W | Floor Disinfectant | For All Floor Types | 4mtr long Cord | Wet & Dry Mopping | SM-01","1","DEL4","CUSTOMER_DAMAGED","QUALITY_UNACCEPTABLE","LPNDEL4AA2253421",
"2026-04-24T07:18:11+00:00","408-4489961-2913162","FBA79652","B0F43P6D23","X002A07CLV","NexLev Steam Cleaner | Complete Home Kitchen Floor Bathroom Car & Office Cleaning machine | 9 Accessories | 450 ML | Window Pane Sink Grime Chimney Grease Water Stain Cleaner| 4 M Cord |1050W |SC-05","1","HYD8","SELLABLE","UNDELIVERABLE_REFUSED","LPNHYD8EF73554",
"2026-04-24T06:46:21+00:00","407-7305818-9886738","FBA79682","B0DVC8NYY2","X002872SBZ","NexLev Cool Mist Humidifier | 2.2L| For Office, Indoor Plants, Baby Nursery | Quiet Operation | Works 30Hrs on Low Setting | 360° Nozzle | Auto Shut-Off | Adjustable Knob | Leak Proof | HU-02","1","HYD8","CARRIER_DAMAGED","DAMAGED_BY_FC","LPNHYD8EF68945",
"2026-04-24T06:15:08+00:00","402-3690995-4221107","FBA79488","B0DFCG2VGS","X002435QZX","Nexlev Multi Purpose Electric Food Kettle|1.8L Stainless Steel Pot| 600W|Boil, Steam, Fry, Saute| Double Layered Body|2 Heat Settings|Multi Function for Water, Milk, Egg, Soup, Noodles|KE-01","1","BOM5","SELLABLE","UNDELIVERABLE_REFUSED","LPNBOM5F5189493",
"2026-04-24T06:11:47+00:00","407-3823087-3976317","FBA79406","B0DCK3N2JJ","X0023L3KG3","NexLev Ionic Cordless Hair Straightener Brush | 60min Runtime | upto 200° Heating | Portable & Type C Rechargeable | Keratin Bristles |Straight, Frizz Free & Shiny Hair | Compact Comb Design | HSB-04","1","MAA4","SELLABLE","DEFECTIVE","LPNMAA4Z0206459",
"2026-04-24T05:51:25+00:00","408-4662008-1400357","FBA79463","B0DCK56Q85","X0023Z3NVB","NexLev Cordless Vacuum Cleaner|HEPA with Stainless Steel Cover|6000 mAh|Copper Motor| Rechargeable Type C|Ideal for Home, Office & Car Use|Compact & Portable|Dust & Pet Hair Remover|3 Attachment|VC-02","1","MAA4","SELLABLE","UNDELIVERABLE_REFUSED","LPNMAA4Z0136360",
"2026-04-24T05:38:05+00:00","402-2138738-0165967","FBA79590","B0DM6BB3VT","X00263BT43","NexLev Calf Massager | Daily Use Leg Massager for Sore Muscle |1 Piece | Hand Like Massage with Air Compression | Improve Blood Circulation & Relieve Pain | 2500 mAh | Large Belt | Type C |CFM-01","1","LKO1","SELLABLE","SWITCHEROO","LPNLKO1B1354331",
"2026-04-24T05:34:53+00:00","405-0897042-3173967","FBA79590","B0DM6BB3VT","X00263BT43","NexLev Calf Massager | Daily Use Leg Massager for Sore Muscle |1 Piece | Hand Like Massage with Air Compression | Improve Blood Circulation & Relieve Pain | 2500 mAh | Large Belt | Type C |CFM-01","1","LKO1","CUSTOMER_DAMAGED","DEFECTIVE","LPNLKO1B1497192",
"2026-04-24T05:23:20+00:00","404-3453694-3768367","FBA79276","B0D2LJSQXZ","X0020G47PT","nexlev plastic Steam Mop SWIPE| Handheld Floor & Carpet Steam Cleaner| 4 Washable Microfibre Mop Pads| 400ML Large WaterTank| 1300W Powerful Steam|Floor Disinfectant|Wet & Dry Cleaning| SM-01","1","BOM5","CARRIER_DAMAGED","UNDELIVERABLE_REFUSED","LPNBOM5F5099636",
"2026-04-24T05:15:14+00:00","406-6181449-4672313","FBA79493","B0DQCWRG3H","X00272C0EV","NexLev Ionic 3 in 1 Hot Air Brush|1.5 Inch Barrel |Volumizer Blow Dryer & Styler|Ceramic Tourmaline Coated for Heat Protection|1200W|Dual Bristle for Tangle Free Styling|Salon Like Styles at Home|V-03","1","BLR7","SELLABLE","UNDELIVERABLE_REFUSED","LPNBLR7Y4296157",
"2026-04-24T04:49:37+00:00","171-3854938-9137129","FBA79812","B0FS6TB7CP","X002F7TH85","NexLev Portable Blender for Smoothies Milkshakes Juices Baby Food | High Borosilicate Glass Jar | 3000 mAh Battery | Type C | Mix Fruit Juicer Mini | 450ml | For Kitchen & Travel | PB-01","1","PNQ3","SELLABLE","UNDELIVERABLE_REFUSED","LPNPNQ3A4529391",
"2026-04-24T04:46:59+00:00","402-3744524-6577165","FBA79812","B0FS6TB7CP","X002F7TH85","NexLev Portable Blender for Smoothies Milkshakes Juices Baby Food | High Borosilicate Glass Jar | 3000 mAh Battery | Type C | Mix Fruit Juicer Mini | 450ml | For Kitchen & Travel | PB-01","1","CJB1","SELLABLE","UNDELIVERABLE_REFUSED","LPNCJB1Y960662",
"2026-04-24T04:42:46+00:00","404-4074608-7828344","FBA79652","B0F43P6D23","X002A07CLV","NexLev Steam Cleaner | Complete Home Kitchen Floor Bathroom Car & Office Cleaning machine | 9 Accessories | 450 ML | Window Pane Sink Grime Chimney Grease Water Stain Cleaner| 4 M Cord |1050W |SC-05","1","BLR7","CUSTOMER_DAMAGED","NEVER_ARRIVED","LPNBLR7Y6090081",
"2026-04-24T04:32:16+00:00","402-3715161-8312353","FBA79493","B0DQCWRG3H","X00272C0EV","NexLev Ionic 3 in 1 Hot Air Brush|1.5 Inch Barrel |Volumizer Blow Dryer & Styler|Ceramic Tourmaline Coated for Heat Protection|1200W|Dual Bristle for Tangle Free Styling|Salon Like Styles at Home|V-03","1","BLR7","SELLABLE","UNDELIVERABLE_REFUSED","LPNBLR7Y4308703",
"2026-04-24T04:07:10+00:00","408-9169842-1495556","FBA79493","B0DQCWRG3H","X00272C0EV","NexLev Ionic 3 in 1 Hot Air Brush|1.5 Inch Barrel |Volumizer Blow Dryer & Styler|Ceramic Tourmaline Coated for Heat Protection|1200W|Dual Bristle for Tangle Free Styling|Salon Like Styles at Home|V-03","1","BLR8","SELLABLE","UNDELIVERABLE_REFUSED","LPNBLR8Z3506674",
"2026-04-24T03:44:18+00:00","171-5633428-2738722","FBA79573","B0DKK15YNJ","X0025R5BTT","NexLev Oil Applicator Comb|Red Led Light Therapy |Boost Hair Growth| Reduce Dandruff | Relieve Stress |High Vibration Corded Electric Scalp/Head Massager | 6 ML Oil Tank | 2 Hr Run-Time| Type-C|EA-02","1","BOM5","SELLABLE","DEFECTIVE","LPNBOM5F4957689","Product is not working"
"2026-04-24T03:41:30+00:00","403-0621065-8222759","FBA79573","B0DKK15YNJ","X0025R5BTT","NexLev Oil Applicator Comb|Red Led Light Therapy |Boost Hair Growth| Reduce Dandruff | Relieve Stress |High Vibration Corded Electric Scalp/Head Massager | 6 ML Oil Tank | 2 Hr Run-Time| Type-C|EA-02","1","BLR7","SELLABLE","NOT_AS_DESCRIBED","LPNBLR7Y4308642",
"2026-04-24T03:41:23+00:00","407-0558359-9945141","FBA78981","B0CDPP45BM","X001U1K281","NexLev Steam Cleaner | For Complete Home Kitchen Bathroom Car Sofa & Office Cleaning Machine | 9 Accessories |300 ML | Window Pane, Sink, Chimney Grease, Water Stain Cleaner| 5 Mtr Cord | 1000W |SC-01","1","DED4","CARRIER_DAMAGED","UNDELIVERABLE_REFUSED","LPNDED4A1389821",
"2026-04-24T03:32:29+00:00","408-0220663-9441926","FBA79812","B0FS6TB7CP","X002F7TH85","NexLev Portable Blender for Smoothies Milkshakes Juices Baby Food | High Borosilicate Glass Jar | 3000 mAh Battery | Type C | Mix Fruit Juicer Mini | 450ml | For Kitchen & Travel | PB-01","1","MAA4","SELLABLE","UNDELIVERABLE_REFUSED","LPNMAA4Z1283293",
"2026-04-23T12:08:30+00:00","406-4030042-3771542","FBA79590","B0DM6BB3VT","X00263BT43","NexLev Calf Massager | Daily Use Leg Massager for Sore Muscle |1 Piece | Hand Like Massage with Air Compression | Improve Blood Circulation & Relieve Pain | 2500 mAh | Large Belt | Type C |CFM-01","1","BOM5","SELLABLE","NOT_AS_DESCRIBED","LPNBOM5F4806911",
"2026-04-23T12:07:57+00:00","404-7619661-3537105","FBA79265","B0D2LHNS9B","X0020FWBW1","NexLev Foot Callus Remover | Electric Scrubber & Shaver for Dead, Hard & Cracked Skin | Professional Pedicure at Home | Waterproof | Type C | 3 Crystal Quartz Heads | For Men and Women| CR-01","1","BLR8","SELLABLE","DEFECTIVE","LPNBLR8Z4808056",
"2026-04-23T11:52:48+00:00","405-9167077-5365114","FBA79263","B0CYSLCRQS","X001ZOLVQP","NexLev Mattress, Sofa & Carpet Vacuum Cleaner | For Dust Mites, Allergens & Pet Hair | 4 Step Cleansing with Double Beat, UV Light, Dehumidification & Vacuum | HEPA captures 99.99% Dust|MR-01","1","BLR8","SELLABLE","DEFECTIVE","LPNBLR8Z3539744",
"2026-04-23T11:38:06+00:00","406-9694620-6909138","FBA79277","B0D672NXC8","X0021NWGBN","Nexlev SWIPE Steam Cleaner | 3.5 Bar Strong Steam|Multipurpose Steam Cleaner for Car, Kitchen, Bathroom, Floor, Window,Glass,Upholstery| 18 Accessories Kit|Safety Lock| Large 1200ML Water Tank | SC-03","1","HYD8","CARRIER_DAMAGED","UNDELIVERABLE_REFUSED","LPNHYD8DY06185",
"2026-04-23T11:09:16+00:00","404-8610985-2688352","FBA79265","B0D2LHNS9B","X0020FWBW1","NexLev Foot Callus Remover | Electric Scrubber & Shaver for Dead, Hard & Cracked Skin | Professional Pedicure at Home | Waterproof | Type C | 3 Crystal Quartz Heads | For Men and Women| CR-01","1","BOM7","SELLABLE","UNDELIVERABLE_REFUSED","LPNBOM7D19421719",
"2026-04-23T11:07:52+00:00","405-7106361-1118731","FBA79573","B0DKK15YNJ","X0025R5BTT","NexLev Oil Applicator Comb|Red Led Light Therapy |Boost Hair Growth| Reduce Dandruff | Relieve Stress |High Vibration Corded Electric Scalp/Head Massager | 6 ML Oil Tank | 2 Hr Run-Time| Type-C|EA-02","1","AMD2","SELLABLE","DEFECTIVE","LPNAMD2M3707464",
"2026-04-23T11:03:43+00:00","171-6867071-1523527","FBA79682","B0DVC8NYY2","X002872SBZ","NexLev Cool Mist Humidifier | 2.2L| For Office, Indoor Plants, Baby Nursery | Quiet Operation | Works 30Hrs on Low Setting | 360° Nozzle | Auto Shut-Off | Adjustable Knob | Leak Proof | HU-02","1","CCX1","SELLABLE","DAMAGED_BY_FC","LPNCCX1B1325366",
"2026-04-23T10:03:02+00:00","408-0343554-0789111","FBA79570","B0DKJXRXKM","X0025R19UT","NexLev Blackhead & Whitehead Remover Tool | Rechargeable |1Hr Use| Acne & Pimple Pore Cleaner | 6 Heads | Electric Derma Suction Machine | Hydra Facial Cleanser Device for Face |For Men & Women |BR-01","1","HYD8","CUSTOMER_DAMAGED","DEFECTIVE","LPNHYD8EE47830",
"2026-04-23T09:44:43+00:00","407-9212052-8465159","FBK80024","B0GLHC8CB3","X002IPBERB","NexLev Spin Scrubber|6 Scrubbing Heads| For Kitchen, Bathroom, Tub, Glass | Complete cleaning tool for Home, Office & Car| 90 min runtime | 2600 mAh | Cordless Type C | 2 Modes|Adjustable Handle|SS-02","1","BLR8","CUSTOMER_DAMAGED","NEVER_ARRIVED","LPNBLR8Z3539672",
"2026-04-23T09:20:06+00:00","408-6586896-4875518","FBA79439","B0DCK7ZH5P","X0023KW3JJ","NexLev Mattress, Sofa, Carpet & Car Seat Vacuum Cleaner|For Dust Mites Allergens & Pet Hair|Cordless Design|1500*3 mAh |UV Sterilization, Double Beat Technology|Type C| HEPA captures 99.99% Dust|MR-02","1","DEL5","SELLABLE","NEVER_ARRIVED","LPNDEL5S11612753",
"2026-04-23T06:42:32+00:00","408-5993673-1181960","FBA78980","B0CDPMX152","X001U1DYK9","NexLev Handheld Garment Steamer | 1500 Watts | 300 ML| Standing & Horizontal Iron Press | Damage Free Steaming for all Cloth Types | 25s Quick Heat |Upto 5 Clothes in One Fill | Travel Friendly |GS-02","1","DEL4","SELLABLE","UNDELIVERABLE_REFUSED","LPNDEL4AA3684877",
"2026-04-23T06:24:02+00:00","408-2853685-1866706","FBA79681","B0DVC968P1","X002875WQX","NexLev Cool Mist Humidifier | 3.5L| For Office, Indoor Plants, Baby Nursery | Quiet Operation | Works 44Hrs on Low Setting | 360° Nozzle | Auto Shut-Off | Adjustable Knob | Leak Proof | HU-01","1","DED4","CUSTOMER_DAMAGED","DEFECTIVE","LPNDED4A1591294",
"2026-04-23T06:06:12+00:00","403-7486812-0105121","FBA79374","B0D2P7WLJB","X0020GXQNX","NexLev Smart Electric Toothbrush for Adults |2-Min Timer with Quadpacer |2 Replaceable Heads | AAA Battery |3 Modes (Daily, Normal & Sesitive) |Upto 60 Days | Travel Case | Soft Bristles |ET-02 Green","1","CCX2","SELLABLE","UNDELIVERABLE_REFUSED","LPNCCX2B0465744",
"2026-04-23T05:57:21+00:00","404-1167236-7076361","FBA79652","B0F43P6D23","X002A07CLV","NexLev Steam Cleaner | Complete Home Kitchen Floor Bathroom Car & Office Cleaning machine | 9 Accessories | 450 ML | Window Pane Sink Grime Chimney Grease Water Stain Cleaner| 4 M Cord |1050W |SC-05","1","PNQ3","CARRIER_DAMAGED","UNDELIVERABLE_REFUSED","LPNPNQ3A4509115",
"2026-04-23T05:51:11+00:00","408-4565241-0873920","FBA79570","B0DKJXRXKM","X0025R19UT","NexLev Blackhead & Whitehead Remover Tool | Rechargeable |1Hr Use| Acne & Pimple Pore Cleaner | 6 Heads | Electric Derma Suction Machine | Hydra Facial Cleanser Device for Face |For Men & Women |BR-01","1","CCX1","SELLABLE","DEFECTIVE","LPNCCX1B3114824",
"2026-04-23T05:15:34+00:00","403-9970716-9712344","FBA79573","B0DKK15YNJ","X0025R5BTT","NexLev Oil Applicator Comb|Red Led Light Therapy |Boost Hair Growth| Reduce Dandruff | Relieve Stress |High Vibration Corded Electric Scalp/Head Massager | 6 ML Oil Tank | 2 Hr Run-Time| Type-C|EA-02","1","DEL5","SELLABLE","DEFECTIVE","LPNDEL5S13760993",
"2026-04-23T05:02:22+00:00","403-8471679-5517930","FBA79267","B0D2LD6BYJ","X0020G121B","NexLev 6-in-1 trimmer | Sensitive Bikini Trimmer for Women | Skin Safe with Rounded Tips & Foil Shaver| Hair Removal for Intimate Areas, Face, Arms, Legs & Body | 90 min Runtime |2H Quick Charge |T-02","1","DEL5","SELLABLE","UNDELIVERABLE_REFUSED","LPNDEL5S13846977",
"2026-04-22T20:04:02+00:00","404-1132157-0411512","FBK79271","B0DQ8W1RBV","X00271JY6J","Nexlev Ionic Volumizer|3 In 1 Hot Air Brush To Straight Dry & Volumize|1200 Watts|Reduce Frizz|Ceramic Tourmaline Coated Large Barrel|Salon Like Soft Curl At Home|3 Speed & 2 Heat Settings|V-01 RG","1","DED4","CARRIER_DAMAGED","UNDELIVERABLE_REFUSED","LPNDED4A1384289",
"2026-04-22T14:59:23+00:00","404-2435947-9422730","FBA78980","B0CDPMX152","X001U1DYK9","NexLev Handheld Garment Steamer | 1500 Watts | 300 ML| Standing & Horizontal Iron Press | Damage Free Steaming for all Cloth Types | 25s Quick Heat |Upto 5 Clothes in One Fill | Travel Friendly |GS-02","1","CCX1","SELLABLE","UNDELIVERABLE_REFUSED","LPNCCX1B1502800",
"2026-04-22T12:24:26+00:00","403-2073488-1681154","FBA79590","B0DM6BB3VT","X00263BT43","NexLev Calf Massager | Daily Use Leg Massager for Sore Muscle |1 Piece | Hand Like Massage with Air Compression | Improve Blood Circulation & Relieve Pain | 2500 mAh | Large Belt | Type C |CFM-01","1","CCX1","SELLABLE","UNDELIVERABLE_REFUSED","LPNCCX1B1318512",
"2026-04-22T11:37:49+00:00","406-3952789-3839511","FBA79467","B0DK9LYT4P","X0025NTEG9","NexLev Beard Trimmer| 90min Run Time| 40 Length Settings| 0.5mm Precision| Washable Stainless Steel Blades| Copper Motor| USB Type-C| IPX7 Waterproof| Travel Lock| 2 Beard Comb| 1 Year Warranty |TM-01","1","BLR8","SELLABLE","DEFECTIVE","LPNBLR8Z4810850","This trimmer already used  someone trimmer I see some hair head and package i have new trimmer and new pack this trimmer make me uncomfortable"
"2026-04-22T11:18:38+00:00","403-0103783-6267553","FBA79349","B0D9KDQCCM","X00230EXN3","Nexlev Portable Sewing Machine| 2 Speed Settings| Cordless| Battery operated| USB Type C cord for Plug-in| Quick Fix DIY|Portable & Compact| for all Fabrics| 1 Year Warranty| White","1","HYD8","CUSTOMER_DAMAGED","QUALITY_UNACCEPTABLE","LPNHYD8EF46208",
"2026-04-22T11:06:36+00:00","408-8051447-5618701","FBA79268","B0D383WQPB","X0020OHLDV","NexLev Foldable Garment Steamer for Home & Travel | Convenient Vertical Steaming | 1200W | 120 ml | Lightweight & Compact | 30s Fast Heating | Iron for all Cloth Types | 2 M cord | Anti Spill | GS-05","1","AMD2","SELLABLE","UNDELIVERABLE_REFUSED","LPNAMD2M3714338",
"2026-04-22T10:22:01+00:00","404-4240907-3400342","FBA78980","B0CDPMX152","X001U1DYK9","NexLev Handheld Garment Steamer | 1500 Watts | 300 ML| Standing & Horizontal Iron Press | Damage Free Steaming for all Cloth Types | 25s Quick Heat |Upto 5 Clothes in One Fill | Travel Friendly |GS-02","1","MAA4","SELLABLE","UNDELIVERABLE_REFUSED","LPNMAA4Z0136163",
"2026-04-22T08:40:19+00:00","405-9937260-1327515","FBA79573","B0DKK15YNJ","X0025R5BTT","NexLev Oil Applicator Comb|Red Led Light Therapy |Boost Hair Growth| Reduce Dandruff | Relieve Stress |High Vibration Corded Electric Scalp/Head Massager | 6 ML Oil Tank | 2 Hr Run-Time| Type-C|EA-02","1","BLR7","CUSTOMER_DAMAGED","DEFECTIVE","LPNBLR7Y4308192",
"2026-04-22T08:07:13+00:00","408-6985143-3897143","FBA79991","B0GN85NZQN","X002IK70C9","NexLev Dehumidifier for Room Moisture Absorption | 1000ML Tank | Ideal for Mold & Moisture Removal |For Room Wardrobe Kitchen Office| Auto Shut-Off Function| Preset Timer & Humidty Control | DH-01","1","AMD2","CARRIER_DAMAGED","UNDELIVERABLE_REFUSED","LPNAMD2M3701965",
"2026-04-22T07:49:55+00:00","402-7526546-8149944","FBA79271","B0D83Q7L8W","X0022IERCN","NexLev Ionic Hot Air Brush | 3 in 1 Blow Dryer, Straightener & Styler | 360° Airflow Vents | Ceramic Tourmaline Coated Brushing Head | Tangle Free Bristle | 1200W | 3 Speed & 2 Heat Settings|V-01","1","CCX1","SELLABLE","UNDELIVERABLE_REFUSED","LPNCCX1B1503126",
"2026-04-22T07:49:51+00:00","407-9556177-5892317","FBA79652","B0F43P6D23","X002A07CLV","NexLev Steam Cleaner | Complete Home Kitchen Floor Bathroom Car & Office Cleaning machine | 9 Accessories | 450 ML | Window Pane Sink Grime Chimney Grease Water Stain Cleaner| 4 M Cord |1050W |SC-05","1","CJB1","CUSTOMER_DAMAGED","MISSING_PARTS","LPNCJB1Y947518",
"2026-04-22T06:19:00+00:00","408-8735771-8264334","FBA78981","B0CDPP45BM","X001U1K281","NexLev Steam Cleaner | For Complete Home Kitchen Bathroom Car Sofa & Office Cleaning Machine | 9 Accessories |300 ML | Window Pane, Sink, Chimney Grease, Water Stain Cleaner| 4 Mtr Cord | 1000W |SC-01","1","BLR7","SELLABLE","UNAUTHORIZED_PURCHASE","LPNBLR7Y6073604",
"2026-04-22T04:51:40+00:00","408-3656772-4989104","FBA79493","B0DQCWRG3H","X00272C0EV","NexLev Ionic 3 in 1 Hot Air Brush|1.5 Inch Barrel |Volumizer Blow Dryer & Styler|Ceramic Tourmaline Coated for Heat Protection|1200W|Dual Bristle for Tangle Free Styling|Salon Like Styles at Home|V-03","1","CJB1","SELLABLE","DEFECTIVE","LPNCJB1X173095",
"2026-04-22T04:50:18+00:00","404-0561745-3522706","FBA79464","B0DFCDKMWR","X002432A75","NexLev Cordless Electric Heating Pad| Period Cramp & Back Pain Relief Massager | 9 modes| Menstrual Cramp Relief|Type C| Crampfree Periods | Portable | Gift for Women| Strap upto 40 Inch |Blue CM-01","1","CCX1","SELLABLE","DEFECTIVE","LPNCCX1B1496417",
"2026-04-22T04:29:17+00:00","408-2550206-7583561","FBA78980","B0CDPMX152","X001U1DYK9","NexLev Handheld Garment Steamer | 1500 Watts | 300 ML| Standing & Horizontal Iron Press | Damage Free Steaming for all Cloth Types | 25s Quick Heat |Upto 5 Clothes in One Fill | Travel Friendly |GS-02","1","MAA4","SELLABLE","UNDELIVERABLE_REFUSED","LPNMAA4Z0298538",
"2026-04-22T04:15:48+00:00","408-4903534-4716367","FBA79493","B0DQCWRG3H","X00272C0EV","NexLev Ionic 3 in 1 Hot Air Brush|1.5 Inch Barrel |Volumizer Blow Dryer & Styler|Ceramic Tourmaline Coated for Heat Protection|1200W|Dual Bristle for Tangle Free Styling|Salon Like Styles at Home|V-03","1","CJB1","SELLABLE","DEFECTIVE","LPNCJB1X173054",
"2026-04-22T04:00:33+00:00","171-5374498-1512300","FBA79819","B0FT8R24QM","X002F1TU0L","NexLev Portable Cordless Lint Remover | for Woollen, Sweaters, Jackets, Carpets | Fabric Brush | Rue & Burr Remover | Battery Powered Shaver | SS Blade | Safety Lock | LR-03","1","BOM5","DEFECTIVE","DAMAGED_BY_FC","LPNBOM5F5044096","The package is half open, clear signs of someone tampering with the package and totally unacceptable"
"2026-04-21T20:48:32+00:00","404-3554866-8570727","FBA79263","B0CYSLCRQS","X001ZOLVQP","NexLev Mattress, Sofa & Carpet Vacuum Cleaner | For Dust Mites, Allergens & Pet Hair | 4 Step Cleansing with Double Beat, UV Light, Dehumidification & Vacuum | HEPA captures 99.99% Dust|MR-01","1","CCX1","CUSTOMER_DAMAGED","QUALITY_UNACCEPTABLE","LPNCCX1B1293468",
"2026-04-21T16:04:54+00:00","408-3893715-6112324","FBA79472","B0DFCDZWND","X002435CVL","NexLev Cordless Electric Heating Pad| Period Cramp & Back Pain Relief Massager | 9 modes| Menstrual Cramp Relief|Type C| Crampfree Periods | Portable | Gift for Women| Strap upto 40 Inch |Purple CM-02","1","CCX1","SELLABLE","DEFECTIVE","LPNCCX1B1510779",
"2026-04-21T12:49:58+00:00","408-1724889-2061132","FBA79493","B0DQCWRG3H","X00272C0EV","NexLev Ionic 3 in 1 Hot Air Brush|1.5 Inch Barrel |Volumizer Blow Dryer & Styler|Ceramic Tourmaline Coated for Heat Protection|1200W|Dual Bristle for Tangle Free Styling|Salon Like Styles at Home|V-03","1","AMD2","SELLABLE","UNDELIVERABLE_REFUSED","LPNAMD2M3701776",
"2026-04-21T11:48:19+00:00","408-6533442-5265100","FBA79263","B0CYSLCRQS","X001ZOLVQP","NexLev Mattress, Sofa & Carpet Vacuum Cleaner | For Dust Mites, Allergens & Pet Hair | 4 Step Cleansing with Double Beat, UV Light, Dehumidification & Vacuum | HEPA captures 99.99% Dust|MR-01","1","DEL5","SELLABLE","DEFECTIVE","LPNDEL5S13551079",
"2026-04-21T11:35:08+00:00","402-7084188-4181168","FBA79493","B0DQCWRG3H","X00272C0EV","NexLev Ionic 3 in 1 Hot Air Brush|1.5 Inch Barrel |Volumizer Blow Dryer & Styler|Ceramic Tourmaline Coated for Heat Protection|1200W|Dual Bristle for Tangle Free Styling|Salon Like Styles at Home|V-03","1","DEL4","SELLABLE","UNDELIVERABLE_REFUSED","LPNDEL4AA2263829",
"2026-04-21T09:51:13+00:00","171-9472309-5077967","FBA79349","B0D9KDQCCM","X00230EXN3","Nexlev Portable Sewing Machine| 2 Speed Settings| Cordless| Battery operated| USB Type C cord for Plug-in| Quick Fix DIY|Portable & Compact| for all Fabrics| 1 Year Warranty| White","1","CJB1","SELLABLE","ORDERED_WRONG_ITEM","LPNCJB1Y960062",
"2026-04-21T09:42:36+00:00","405-5529529-6161117","FBA79567","B0DNJS23HS","X0026FJYJD","NexLev 10 in 1 Steam Cleaner & Mop|2 Steam Modes| Mopping & Deep Cleaning Home Car Sofa Bathroom Kitchen & Office |For All Surfaces|350ML|Chemical Free Cleaning | Detachable & Foldable|SC-04","1","MAA4","CUSTOMER_DAMAGED","QUALITY_UNACCEPTABLE","LPNMAA4Z0298424",
"2026-04-21T08:38:19+00:00","408-0106771-9614737","FBA79567","B0DNJS23HS","X0026FJYJD","NexLev 10 in 1 Steam Cleaner & Mop|2 Steam Modes| Mopping & Deep Cleaning Home Car Sofa Bathroom Kitchen & Office |For All Surfaces|350ML|Chemical Free Cleaning | Detachable & Foldable|SC-04","1","MAA4","CUSTOMER_DAMAGED","QUALITY_UNACCEPTABLE","LPNMAA4Z1282715",
"2026-04-21T08:25:18+00:00","171-3841389-8118742","FBA79268","B0D383WQPB","X0020OHLDV","NexLev Foldable Garment Steamer for Home & Travel | Convenient Vertical Steaming | 1200W | 120 ml | Lightweight & Compact | 30s Fast Heating | Iron for all Cloth Types | 2 M cord | Anti Spill | GS-05","1","BLR8","SELLABLE","UNDELIVERABLE_REFUSED","LPNBLR8Z3519317",
"2026-04-21T08:10:42+00:00","404-6161953-5468331","FBA79812","B0FS6TB7CP","X002F7TH85","NexLev Portable Blender for Smoothies Milkshakes Juices Baby Food | High Borosilicate Glass Jar | 3000 mAh Battery | Type C | Mix Fruit Juicer Mini | 450ml | For Kitchen & Travel | PB-01","1","DEL5","SELLABLE","MISSING_PARTS","LPNDEL5S13603775",
"2026-04-21T06:57:50+00:00","404-6957267-3066707","FBA79590","B0DM6BB3VT","X00263BT43","NexLev Calf Massager | Daily Use Leg Massager for Sore Muscle |1 Piece | Hand Like Massage with Air Compression | Improve Blood Circulation & Relieve Pain | 2500 mAh | Large Belt | Type C |CFM-01","1","MAA4","SELLABLE","DEFECTIVE","LPNMAA4Z1188639",
"2026-04-21T05:42:39+00:00","402-6207664-8284358","FBA79679","B0DVC7VJP1","X002876EAV","NexLev Stand Mixer | 5.5L SS Bowl | 1500W |10 Speeds | Pulse Function |Planetary Rotation | Whisk, Beater & Dough Hook |100% Copper Motor | For Roti Atta, Cookie Dough, Cake, Whip Cream & more | ST-01","1","BOM5","SELLABLE","UNDELIVERABLE_REFUSED","LPNBOM5F4985433",
"2026-04-21T05:27:49+00:00","402-7701656-4077142","FBA79679","B0DVC7VJP1","X002876EAV","NexLev Stand Mixer | 5.5L SS Bowl | 1500W |10 Speeds | Pulse Function |Planetary Rotation | Whisk, Beater & Dough Hook |100% Copper Motor | For Roti Atta, Cookie Dough, Cake, Whip Cream & more | ST-01","1","HYD8","CUSTOMER_DAMAGED","SWITCHEROO","LPNHYD8EE35443",
"2026-04-21T05:23:49+00:00","404-4936302-4619527","FBA79849","B0FPGDVVCX","X002E6PMZ9","nexlev Calf Massager | Daily Use Leg Massager for Sore Muscle | Hand Like Massage with Air Compression | Improve Blood Circulation & Relieve Pain | 2500 mAh | Large Belt | Type C |CFM-03|Pack of 2","1","BOM5","SELLABLE","UNDELIVERABLE_UNKNOWN","LPNBOM5F4822608",
"2026-04-21T04:38:00+00:00","403-9071814-1731541","FBA79493","B0DQCWRG3H","X00272C0EV","NexLev Ionic 3 in 1 Hot Air Brush|1.5 Inch Barrel |Volumizer Blow Dryer & Styler|Ceramic Tourmaline Coated for Heat Protection|1200W|Dual Bristle for Tangle Free Styling|Salon Like Styles at Home|V-03","1","CJB1","SELLABLE","UNDELIVERABLE_REFUSED","LPNCJB1X168931",
"2026-04-21T04:26:24+00:00","171-4783177-3312341","FBA79652","B0F43P6D23","X002A07CLV","NexLev Steam Cleaner | Complete Home Kitchen Floor Bathroom Car & Office Cleaning machine | 9 Accessories | 450 ML | Window Pane Sink Grime Chimney Grease Water Stain Cleaner| 4 M Cord |1050W |SC-05","1","BOM5","SELLABLE","UNDELIVERABLE_UNKNOWN","LPNBOM5F4863147",
"2026-04-21T04:11:20+00:00","405-5188539-5623553","FBA79590","B0DM6BB3VT","X00263BT43","NexLev Calf Massager | Daily Use Leg Massager for Sore Muscle |1 Piece | Hand Like Massage with Air Compression | Improve Blood Circulation & Relieve Pain | 2500 mAh | Large Belt | Type C |CFM-01","1","HYD8","SELLABLE","DEFECTIVE","LPNHYD8EE46734",
"2026-04-21T03:27:01+00:00","171-6472791-4945129","FBK79271","B0DQ8W1RBV","X00271JY6J","Nexlev Ionic Volumizer|3 In 1 Hot Air Brush To Straight Dry & Volumize|1200 Watts|Reduce Frizz|Ceramic Tourmaline Coated Large Barrel|Salon Like Soft Curl At Home|3 Speed & 2 Heat Settings|V-01 RG","1","BOM5","DEFECTIVE","DAMAGED_BY_FC","LPNBOM5F4823853","Itam not work properly give shock and loud noise like engine"
"2026-04-21T03:18:20+00:00","406-4825408-2106718","FBA78981","B0CDPP45BM","X001U1K281","NexLev Steam Cleaner | For Complete Home Kitchen Bathroom Car Sofa & Office Cleaning Machine | 9 Accessories |300 ML | Window Pane, Sink, Chimney Grease, Water Stain Cleaner| 5 Mtr Cord | 1000W |SC-01","1","DEL4","CARRIER_DAMAGED","UNDELIVERABLE_REFUSED","LPNDEL4AA0990198",
"2026-04-21T03:18:06+00:00","402-2925283-0937125","FBA79452","B0DCGHVN81","X0023JV0A3","NexLev 2 in 1 Handheld & Stick Vacuum Cleaner | 17500 PA Suction | Dry Vacuuming for Home & Office | Washable HEPA Filter | 4 Adjustable Heads | Bagless| Deep Cleaning for Sofa Bed Window & more|VC-01","1","BLR8","CARRIER_DAMAGED","DEFECTIVE","LPNBLR8Z3539094",
"2026-04-20T22:46:46+00:00","402-8954138-4883524","FBA79679","B0DVC7VJP1","X002876EAV","NexLev Stand Mixer | 5.5L SS Bowl | 1500W |10 Speeds | Pulse Function |Planetary Rotation | Whisk, Beater & Dough Hook |100% Copper Motor | For Roti Atta, Cookie Dough, Cake, Whip Cream & more | ST-01","1","CCX1","SELLABLE","UNDELIVERABLE_REFUSED","LPNCCX1B4022648",
"2026-04-20T15:03:24+00:00","402-4945159-0349161","FBK79591","B0F29SZCVF","X0029O6KFH","NexLev Knee Massager for Joint Pain Relief |Controlled Vibration & Heating for Arthritis, Knee, Shoulder or Elbow pain | 15 modes |2 Extension Belt |Graphene Heating pad for Consistent Heating | KM-01","1","CCX1","SELLABLE","UNDELIVERABLE_REFUSED","LPNCCX1B1507327",
"2026-04-20T12:35:25+00:00","171-2068388-0992339","FBA78981","B0CDPP45BM","X001U1K281","NexLev Steam Cleaner | For Complete Home Kitchen Bathroom Car Sofa & Office Cleaning Machine | 9 Accessories |300 ML | Window Pane, Sink, Chimney Grease, Water Stain Cleaner| 5 Mtr Cord | 1000W |SC-01","1","PNQ3","CUSTOMER_DAMAGED","QUALITY_UNACCEPTABLE","LPNPNQ3A4674896",
"2026-04-20T12:30:57+00:00","408-5065303-8849918","FBA78980","B0CDPMX152","X001U1DYK9","NexLev Handheld Garment Steamer | 1500 Watts | 300 ML| Standing & Horizontal Iron Press | Damage Free Steaming for all Cloth Types | 25s Quick Heat |Upto 5 Clothes in One Fill | Travel Friendly |GS-02","1","HYD8","DAMAGED","UNDELIVERABLE_REFUSED","LPNHYD8EE50713",
"2026-04-20T12:13:02+00:00","408-2279779-2588312","FBA79488","B0DFCG2VGS","X002435QZX","Nexlev Multi Purpose Electric Food Kettle|1.8L Stainless Steel Pot| 600W|Boil, Steam, Fry, Saute| Double Layered Body|2 Heat Settings|Multi Function for Water, Milk, Egg, Soup, Noodles|KE-01","1","DEL4","CARRIER_DAMAGED","SWITCHEROO","LPNDEL4AA0992772",
"2026-04-20T12:05:40+00:00","404-3589801-0255538","FBA79263","B0CYSLCRQS","X001ZOLVQP","NexLev Mattress, Sofa & Carpet Vacuum Cleaner | For Dust Mites, Allergens & Pet Hair | 4 Step Cleansing with Double Beat, UV Light, Dehumidification & Vacuum | HEPA captures 99.99% Dust|MR-01","1","DEL4","SELLABLE","DEFECTIVE","LPNDEL4AA1954856",
"2026-04-20T11:25:36+00:00","407-7784494-3706723","FBA79439","B0DCK7ZH5P","X0023KW3JJ","NexLev Mattress, Sofa, Carpet & Car Seat Vacuum Cleaner|For Dust Mites Allergens & Pet Hair|Cordless Design|1500*3 mAh |UV Sterilization, Double Beat Technology|Type C| HEPA captures 99.99% Dust|MR-02","1","DEL4","SELLABLE","UNDELIVERABLE_REFUSED","LPNDEL4AA1954829",
"2026-04-20T09:41:49+00:00","402-4866177-5215510","FBA79570","B0DKJXRXKM","X0025R19UT","NexLev Blackhead & Whitehead Remover Tool | Rechargeable |1Hr Use| Acne & Pimple Pore Cleaner | 6 Heads | Electric Derma Suction Machine | Hydra Facial Cleanser Device for Face |For Men & Women |BR-01","1","CCX1","SELLABLE","UNDELIVERABLE_REFUSED","LPNCCX1B1335604",
"2026-04-20T08:39:09+00:00","403-9657787-9957157","FBA79263","B0CYSLCRQS","X001ZOLVQP","NexLev Mattress, Sofa & Carpet Vacuum Cleaner | For Dust Mites, Allergens & Pet Hair | 4 Step Cleansing with Double Beat, UV Light, Dehumidification & Vacuum | HEPA captures 99.99% Dust|MR-01","1","AMD2","CARRIER_DAMAGED","DEFECTIVE","LPNAMD2M3829437",
"2026-04-20T08:23:54+00:00","406-7381715-9601968","FBA78981","B0CDPP45BM","X001U1K281","NexLev Steam Cleaner | For Complete Home Kitchen Bathroom Car Sofa & Office Cleaning Machine | 9 Accessories |300 ML | Window Pane, Sink, Chimney Grease, Water Stain Cleaner| 5 Mtr Cord | 1000W |SC-01","1","DED4","SELLABLE","UNDELIVERABLE_REFUSED","LPNDED4A1817131",
"2026-04-20T07:42:09+00:00","402-8265262-7875561","FBA79348","B0D81DLSFT","X0022KC71T","Nexlev Hair Dryer For Women| Foldable| 1500 Watts| Cool Shot| 3 Heat & 2 Speed Settings| Overheat Protection| Concentrator Nozzle| Salon-Style Blow Dry| Just Style (Hd-02 Women), Black & Copper","1","CJB1","SELLABLE","UNDELIVERABLE_REFUSED","LPNCJB1X008540",
"2026-04-20T07:37:29+00:00","408-0871781-4537912","FBA79263","B0CYSLCRQS","X001ZOLVQP","NexLev Mattress, Sofa & Carpet Vacuum Cleaner | For Dust Mites, Allergens & Pet Hair | 4 Step Cleansing with Double Beat, UV Light, Dehumidification & Vacuum | HEPA captures 99.99% Dust|MR-01","1","AMD2","SELLABLE","UNDELIVERABLE_REFUSED","LPNAMD2M3722709",
"2026-04-20T07:34:15+00:00","171-9640146-6357116","FBK80015","B0GKNGWLJ2","X002IVBZ1F","NexLev Cordless Spin Mop|50 Min Runtime|2 Extra Mop Pads | Type C | For Home Kitchen & Office Use | Water Spray Function|Self Propelling|Mopping for All Floor Types|LED for Corners and Underbed|SPM-01","1","BLR7","CUSTOMER_DAMAGED","SWITCHEROO","LPNBLR7Y5656051",
"2026-04-20T07:29:41+00:00","403-1201411-3916313","FBA79812","B0FS6TB7CP","X002F7TH85","NexLev Portable Blender for Smoothies Milkshakes Juices Baby Food | High Borosilicate Glass Jar | 3000 mAh Battery | Type C | Mix Fruit Juicer Mini | 450ml | For Kitchen & Travel | PB-01","1","PNQ3","SELLABLE","UNDELIVERABLE_REFUSED","LPNPNQ3A4629353",
"2026-04-20T06:44:43+00:00","408-6078874-2659532","FBA79682","B0DVC8NYY2","X002872SBZ","NexLev Cool Mist Humidifier | 2.2L| For Office, Indoor Plants, Baby Nursery | Quiet Operation | Works 30Hrs on Low Setting | 360° Nozzle | Auto Shut-Off | Adjustable Knob | Leak Proof | HU-02","1","BOM5","CARRIER_DAMAGED","UNDELIVERABLE_REFUSED","LPNBOM5F4824774",
"2026-04-20T06:16:41+00:00","405-1943056-1040360","FBA78981","B0CDPP45BM","X001U1K281","NexLev Steam Cleaner | For Complete Home Kitchen Bathroom Car Sofa & Office Cleaning Machine | 9 Accessories |300 ML | Window Pane, Sink, Chimney Grease, Water Stain Cleaner| 5 Mtr Cord | 1000W |SC-01","1","BOM5","CUSTOMER_DAMAGED","QUALITY_UNACCEPTABLE","LPNBOM5F4812659",
"2026-04-20T06:11:21+00:00","408-5153904-7647567","FBA79263","B0CYSLCRQS","X001ZOLVQP","NexLev Mattress, Sofa & Carpet Vacuum Cleaner | For Dust Mites, Allergens & Pet Hair | 4 Step Cleansing with Double Beat, UV Light, Dehumidification & Vacuum | HEPA captures 99.99% Dust|MR-01","1","DEL4","SELLABLE","UNDELIVERABLE_UNKNOWN","LPNDEL4AA1954669",
"2026-04-20T05:19:41+00:00","408-2654033-5988347","FBA79590","B0DM6BB3VT","X00263BT43","NexLev Calf Massager | Daily Use Leg Massager for Sore Muscle |1 Piece | Hand Like Massage with Air Compression | Improve Blood Circulation & Relieve Pain | 2500 mAh | Large Belt | Type C |CFM-01","1","LKO1","SELLABLE","UNDELIVERABLE_REFUSED","LPNLKO1B1293688",
"2026-04-20T03:48:23+00:00","405-1625619-5813939","FBA79812","B0FS6TB7CP","X002F7TH85","NexLev Portable Blender for Smoothies Milkshakes Juices Baby Food | High Borosilicate Glass Jar | 3000 mAh Battery | Type C | Mix Fruit Juicer Mini | 450ml | For Kitchen & Travel | PB-01","1","BOM7","CUSTOMER_DAMAGED","NOT_AS_DESCRIBED","LPNBOM7D19390679",
"2026-04-20T03:45:21+00:00","402-5346841-7091565","FBA79567","B0DNJS23HS","X0026FJYJD","NexLev 10 in 1 Steam Cleaner & Mop|2 Steam Modes| Mopping & Deep Cleaning Home Car Sofa Bathroom Kitchen & Office |For All Surfaces|350ML|Chemical Free Cleaning | Detachable & Foldable|SC-04","1","DEL4","CUSTOMER_DAMAGED","QUALITY_UNACCEPTABLE","LPNDEL4AA2252311",
"2026-04-19T12:53:14+00:00","404-7293240-4620302","FBA79265","B0D2LHNS9B","X0020FWBW1","NexLev Foot Callus Remover | Electric Scrubber & Shaver for Dead, Hard & Cracked Skin | Professional Pedicure at Home | Waterproof | Type C | 3 Crystal Quartz Heads | For Men and Women| CR-01","1","BLR8","SELLABLE","UNDELIVERABLE_UNKNOWN","LPNBLR8Z3551502",
"2026-04-19T12:43:20+00:00","171-5705298-2499528","FBA79265","B0D2LHNS9B","X0020FWBW1","NexLev Foot Callus Remover | Electric Scrubber & Shaver for Dead, Hard & Cracked Skin | Professional Pedicure at Home | Waterproof | Type C | 3 Crystal Quartz Heads | For Men and Women| CR-01","1","BLR8","SELLABLE","UNDELIVERABLE_REFUSED","LPNBLR8Z5720415",
"2026-04-19T10:46:36+00:00","405-2549409-3580367","FBA79276","B0D2LJSQXZ","X0020G47PT","NexLev Steam Mop | Chemical Free Mopping | Floor Cleaning + Carpet Steaming | 4 Extra Mop Pads | 400 ML | 1300W | Floor Disinfectant | For All Floor Types | 4mtr long Cord | Wet & Dry Mopping | SM-01","1","BLR8","CUSTOMER_DAMAGED","DEFECTIVE","LPNBLR8Z5972387",
"2026-04-19T10:29:47+00:00","406-4961076-5242718","FBA79488","B0DFCG2VGS","X002435QZX","Nexlev Multi Purpose Electric Food Kettle|1.8L Stainless Steel Pot| 600W|Boil, Steam, Fry, Saute| Double Layered Body|2 Heat Settings|Multi Function for Water, Milk, Egg, Soup, Noodles|KE-01","1","BOM5","CUSTOMER_DAMAGED","SWITCHEROO","LPNBOM5F4528409",
"2026-04-19T09:34:13+00:00","171-1568443-4987515","FBA79263","B0CYSLCRQS","X001ZOLVQP","NexLev Mattress, Sofa & Carpet Vacuum Cleaner | For Dust Mites, Allergens & Pet Hair | 4 Step Cleansing with Double Beat, UV Light, Dehumidification & Vacuum | HEPA captures 99.99% Dust|MR-01","1","CCX1","CUSTOMER_DAMAGED","NEVER_ARRIVED","LPNCCX1B3527571",
"2026-04-19T09:17:00+00:00","405-6771166-2778706","FBA79349","B0D9KDQCCM","X00230EXN3","Nexlev Portable Sewing Machine| 2 Speed Settings| Cordless| Battery operated| USB Type C cord for Plug-in| Quick Fix DIY|Portable & Compact| for all Fabrics| 1 Year Warranty| White","1","BOM7","CUSTOMER_DAMAGED","QUALITY_UNACCEPTABLE","LPNBOM7D19384975",
"2026-04-19T09:06:04+00:00","407-2416874-2101954","FBA79405","B0D9KFP4MG","X00230DRXF","NexLev Ionic Hair Straightener Brush for Woman|Frizz-Free Straightening upto 12H| Ceramic Plates |60mm Wide Brush |130-210° |Keratin Bristles| Thermo Protect Technology|No Scalp Burn|1500W|HSB-03","1","DEL5","SELLABLE","UNDELIVERABLE_REFUSED","LPNDEL5S13777204",
"2026-04-19T07:56:16+00:00","406-1251545-2621139","FBA79679","B0DVC7VJP1","X002876EAV","NexLev Stand Mixer | 5.5L SS Bowl | 1500W |10 Speeds | Pulse Function |Planetary Rotation | Whisk, Beater & Dough Hook |100% Copper Motor | For Roti Atta, Cookie Dough, Cake, Whip Cream & more | ST-01","1","BOM5","SELLABLE","QUALITY_UNACCEPTABLE","LPNBOM5F4882292",
"2026-04-19T06:59:48+00:00","171-3256198-9979561","FBA79652","B0F43P6D23","X002A07CLV","NexLev Steam Cleaner | Complete Home Kitchen Floor Bathroom Car & Office Cleaning machine | 9 Accessories | 450 ML | Window Pane Sink Grime Chimney Grease Water Stain Cleaner| 4 M Cord |1050W |SC-05","1","CJB1","SELLABLE","DEFECTIVE","LPNCJB1X123779",
"2026-04-19T06:49:22+00:00","406-0339640-1014772","FBA79263","B0CYSLCRQS","X001ZOLVQP","NexLev Mattress, Sofa & Carpet Vacuum Cleaner | For Dust Mites, Allergens & Pet Hair | 4 Step Cleansing with Double Beat, UV Light, Dehumidification & Vacuum | HEPA captures 99.99% Dust|MR-01","1","CCX1","CUSTOMER_DAMAGED","QUALITY_UNACCEPTABLE","LPNCCX1B2289066",
"2026-04-19T06:34:06+00:00","404-1777089-7361148","FBA79570","B0DKJXRXKM","X0025R19UT","NexLev Blackhead & Whitehead Remover Tool | Rechargeable |1Hr Use| Acne & Pimple Pore Cleaner | 6 Heads | Electric Derma Suction Machine | Hydra Facial Cleanser Device for Face |For Men & Women |BR-01","1","CCX1","SELLABLE","UNDELIVERABLE_REFUSED","LPNCCX1B1377414",
"2026-04-19T06:20:53+00:00","405-2790895-1510734","FBA79573","B0DKK15YNJ","X0025R5BTT","NexLev Oil Applicator Comb|Red Led Light Therapy |Boost Hair Growth| Reduce Dandruff | Relieve Stress |High Vibration Corded Electric Scalp/Head Massager | 6 ML Oil Tank | 2 Hr Run-Time| Type-C|EA-02","1","BLR7","SELLABLE","UNDELIVERABLE_REFUSED","LPNBLR7Y5552017",
"2026-04-19T05:55:40+00:00","408-0790545-1369167","FBA79493","B0DQCWRG3H","X00272C0EV","NexLev Ionic 3 in 1 Hot Air Brush|1.5 Inch Barrel |Volumizer Blow Dryer & Styler|Ceramic Tourmaline Coated for Heat Protection|1200W|Dual Bristle for Tangle Free Styling|Salon Like Styles at Home|V-03","1","HYD8","DEFECTIVE","MISSING_PARTS","LPNHYD8EE49912","Blow dryer missing"
"2026-04-19T05:54:54+00:00","408-3590097-5254768","FBA79652","B0F43P6D23","X002A07CLV","nexlev Steam Cleaner | Complete Home Kitchen Floor Bathroom Car & Office Cleaning Machine | 9 Accessories | 450 ML | Window Pane Sink Grime Chimney Grease Water Stain Cleaner| 4 M Cord |1050W |SC-05","1","HYD8","CUSTOMER_DAMAGED","DEFECTIVE","LPNHYD8EE34529",
"2026-04-19T04:53:35+00:00","404-0442408-1828315","FBA79652","B0F43P6D23","X002A07CLV","NexLev Steam Cleaner | Complete Home Kitchen Floor Bathroom Car & Office Cleaning machine | 9 Accessories | 450 ML | Window Pane Sink Grime Chimney Grease Water Stain Cleaner| 4 M Cord |1050W |SC-05","1","BLR8","CUSTOMER_DAMAGED","DEFECTIVE","LPNBLR8Z3538381",
"2026-04-19T03:43:32+00:00","403-7676126-4034763","FBA79812","B0FS6TB7CP","X002F7TH85","NexLev Portable Blender for Smoothies Milkshakes Juices Baby Food | High Borosilicate Glass Jar | 3000 mAh Battery | Type C | Mix Fruit Juicer Mini | 450ml | For Kitchen & Travel | PB-01","1","HYD8","SELLABLE","UNDELIVERABLE_REFUSED","LPNHYD8EF66492",
"2026-04-19T03:35:56+00:00","171-9590983-0692364","FBA78980","B0CDPMX152","X001U1DYK9","NexLev Handheld Garment Steamer | 1500 Watts | 300 ML| Standing & Horizontal Iron Press | Damage Free Steaming for all Cloth Types | 25s Quick Heat |Upto 5 Clothes in One Fill | Travel Friendly |GS-02","1","DED4","SELLABLE","SWITCHEROO","LPNDED4A1405456",
"2026-04-19T03:25:28+00:00","405-0962505-2885127","FBA79567","B0DNJS23HS","X0026FJYJD","NexLev 10 in 1 Steam Cleaner & Mop|2 Steam Modes| Mopping & Deep Cleaning Home Car Sofa Bathroom Kitchen & Office |For All Surfaces|350ML|Chemical Free Cleaning | Detachable & Foldable|SC-04","1","BLR7","CUSTOMER_DAMAGED","QUALITY_UNACCEPTABLE","LPNBLR7Y5567553",
"2026-04-18T12:12:26+00:00","404-9665658-0653930","FBA79773","B0F74DJYG6","X002D418NH","nexlev Replacement HEPA Filter | Compatible 2 in 1 Handheld & Stick Vacuum Cleaner VC-01 | Captures 99.97% Dust & Allergens | Washable & Durable Filter Maintain","1","CCX1","CUSTOMER_DAMAGED","NOT_COMPATIBLE","LPNCCX1B4034765",
"2026-04-18T11:55:31+00:00","407-7267330-7528323","FBA79652","B0F43P6D23","X002A07CLV","NexLev Steam Cleaner | Complete Home Kitchen Floor Bathroom Car & Office Cleaning machine | 9 Accessories | 450 ML | Window Pane Sink Grime Chimney Grease Water Stain Cleaner| 4 M Cord |1050W |SC-05","1","BLR8","SELLABLE","UNDELIVERABLE_REFUSED","LPNBLR8Z3524635",
"2026-04-18T11:24:04+00:00","403-6569133-6845923","FBA79493","B0DQCWRG3H","X00272C0EV","NexLev Ionic 3 in 1 Hot Air Brush|1.5 Inch Barrel |Volumizer Blow Dryer & Styler|Ceramic Tourmaline Coated for Heat Protection|1200W|Dual Bristle for Tangle Free Styling|Salon Like Styles at Home|V-03","1","BLR7","CUSTOMER_DAMAGED","DEFECTIVE","LPNBLR7Y5655247",
"2026-04-18T10:10:54+00:00","171-9609294-3949102","FBA79373","B0D2P5TGWK","X0020H9N9D","NexLev Smart Electric Toothbrush for Adults |2-Min Timer with Quadpacer |2 Replaceable Heads | AAA Battery |3 Modes (Daily, Normal & Sesitive) |Upto 60 Days | Travel Case | Soft Bristles |ET-01 Black","1","AMD2","SELLABLE","UNDELIVERABLE_UNKNOWN","LPNAMD2M3746869",
"2026-04-18T10:10:54+00:00","171-9609294-3949102","FBA79373","B0D2P5TGWK","X0020H9N9D","NexLev Smart Electric Toothbrush for Adults |2-Min Timer with Quadpacer |2 Replaceable Heads | AAA Battery |3 Modes (Daily, Normal & Sesitive) |Upto 60 Days | Travel Case | Soft Bristles |ET-01 Black","1","AMD2","SELLABLE","UNDELIVERABLE_UNKNOWN","LPNAMD2M3746870",
"2026-04-18T08:35:43+00:00","405-5489903-1142760","FBA78981","B0CDPP45BM","X001U1K281","NexLev Steam Cleaner | For Complete Home Kitchen Bathroom Car Sofa & Office Cleaning Machine | 9 Accessories |300 ML | Window Pane, Sink, Chimney Grease, Water Stain Cleaner| 5 Mtr Cord | 1000W |SC-01","1","CCX1","CUSTOMER_DAMAGED","NOT_COMPATIBLE","LPNCCX1B2557019",
"2026-04-18T08:07:06+00:00","408-8319860-5325953","FBA78980","B0CDPMX152","X001U1DYK9","NexLev Handheld Garment Steamer | 1500 Watts | 300 ML| Standing & Horizontal Iron Press | Damage Free Steaming for all Cloth Types | 25s Quick Heat |Upto 5 Clothes in One Fill | Travel Friendly |GS-02","1","BLR7","SELLABLE","DEFECTIVE","LPNBLR7Y5321070",
"2026-04-18T07:45:09+00:00","406-9045405-9141134","FBA78981","B0CDPP45BM","X001U1K281","NexLev Steam Cleaner | For Complete Home Kitchen Bathroom Car Sofa & Office Cleaning Machine | 9 Accessories |300 ML | Window Pane, Sink, Chimney Grease, Water Stain Cleaner| 5 Mtr Cord | 1000W |SC-01","1","HYD8","CARRIER_DAMAGED","UNDELIVERABLE_REFUSED","LPNHYD8EE24389",
"2026-04-18T07:40:03+00:00","402-0103067-1458729","FBA79573","B0DKK15YNJ","X0025R5BTT","NexLev Oil Applicator Comb|Red Led Light Therapy |Boost Hair Growth| Reduce Dandruff | Relieve Stress |High Vibration Corded Electric Scalp/Head Massager | 6 ML Oil Tank | 2 Hr Run-Time| Type-C|EA-02","1","HYD8","CUSTOMER_DAMAGED","QUALITY_UNACCEPTABLE","LPNHYD8EE34073",
"2026-04-18T07:34:53+00:00","171-9900086-9505934","FBA79493","B0DQCWRG3H","X00272C0EV","NexLev Ionic 3 in 1 Hot Air Brush|1.5 Inch Barrel |Volumizer Blow Dryer & Styler|Ceramic Tourmaline Coated for Heat Protection|1200W|Dual Bristle for Tangle Free Styling|Salon Like Styles at Home|V-03","1","BOM5","SELLABLE","UNDELIVERABLE_REFUSED","LPNBOM5F4842648",
"2026-04-18T07:16:17+00:00","405-1097735-0233111","FBA79493","B0DQCWRG3H","X00272C0EV","NexLev Ionic 3 in 1 Hot Air Brush|1.5 Inch Barrel |Volumizer Blow Dryer & Styler|Ceramic Tourmaline Coated for Heat Protection|1200W|Dual Bristle for Tangle Free Styling|Salon Like Styles at Home|V-03","1","AMD2","DEFECTIVE","SWITCHEROO","LPNAMD2M3736934","By mistake due to the same physical appearance of product I have placed or of this instead of makemebold 3 in 1 hairdryer I have not opened the product I would like to request you to do the return"
"2026-04-18T05:51:52+00:00","405-8490644-0361908","FBA79570","B0DKJXRXKM","X0025R19UT","NexLev Blackhead & Whitehead Remover Tool | Rechargeable |1Hr Use| Acne & Pimple Pore Cleaner | 6 Heads | Electric Derma Suction Machine | Hydra Facial Cleanser Device for Face |For Men & Women |BR-01","1","CCX1","SELLABLE","MISSING_PARTS","LPNCCX1B4078823","Plz refund my money"
"2026-04-18T05:27:40+00:00","407-1377472-1633142","FBA79452","B0DCGHVN81","X0023JV0A3","NexLev 2 in 1 Handheld & Stick Vacuum Cleaner | 17500 PA Suction | Dry Vacuuming for Home & Office | Washable HEPA Filter | 4 Adjustable Heads | Bagless| Deep Cleaning for Sofa Bed Window & more|VC-01","1","BOM5","SELLABLE","DEFECTIVE","LPNBOM5F4800725",
"2026-04-18T05:26:12+00:00","403-0725300-4555546","FBA78980","B0CDPMX152","X001U1DYK9","NexLev Handheld Garment Steamer | 1500 Watts | 300 ML| Standing & Horizontal Iron Press | Damage Free Steaming for all Cloth Types | 25s Quick Heat |Upto 5 Clothes in One Fill | Travel Friendly |GS-02","1","CCX1","SELLABLE","UNDELIVERABLE_REFUSED","LPNCCX1B4047391",
"2026-04-18T05:10:04+00:00","402-3003624-3456309","FBA79263","B0CYSLCRQS","X001ZOLVQP","NexLev Mattress, Sofa & Carpet Vacuum Cleaner | For Dust Mites, Allergens & Pet Hair | 4 Step Cleansing with Double Beat, UV Light, Dehumidification & Vacuum | HEPA captures 99.99% Dust|MR-01","1","DEL5","SELLABLE","DEFECTIVE","LPNDEL5S13602778",
"2026-04-18T04:10:35+00:00","407-8356953-7951542","FBA78981","B0CDPP45BM","X001U1K281","NexLev Steam Cleaner | For Complete Home Kitchen Bathroom Car Sofa & Office Cleaning Machine | 9 Accessories |300 ML | Window Pane, Sink, Chimney Grease, Water Stain Cleaner| 5 Mtr Cord | 1000W |SC-01","1","CCX1","SELLABLE","UNDELIVERABLE_REFUSED","LPNCCX1B4010773",
"2026-04-18T03:47:15+00:00","408-3190312-6260326","FBA79263","B0CYSLCRQS","X001ZOLVQP","NexLev Mattress, Sofa & Carpet Vacuum Cleaner | For Dust Mites, Allergens & Pet Hair | 4 Step Cleansing with Double Beat, UV Light, Dehumidification & Vacuum | HEPA captures 99.99% Dust|MR-01","1","AMD2","SELLABLE","UNDELIVERABLE_REFUSED","LPNAMD2M3736741",
"2026-04-18T03:45:35+00:00","407-8376638-8415569","FBA79349","B0D9KDQCCM","X00230EXN3","Nexlev Portable Sewing Machine| 2 Speed Settings| Cordless| Battery operated| USB Type C cord for Plug-in| Quick Fix DIY|Portable & Compact| for all Fabrics| 1 Year Warranty| White","1","PNQ3","SELLABLE","ORDERED_WRONG_ITEM","LPNPNQ3A4630731",
"2026-04-18T03:09:13+00:00","171-5076018-5758729","FBA79493","B0DQCWRG3H","X00272C0EV","NexLev Ionic 3 in 1 Hot Air Brush|1.5 Inch Barrel |Volumizer Blow Dryer & Styler|Ceramic Tourmaline Coated for Heat Protection|1200W|Dual Bristle for Tangle Free Styling|Salon Like Styles at Home|V-03","1","BLR8","SELLABLE","MISSING_PARTS","LPNBLR8Z5719011","I’ve received only one item hair dryer is missing"
"2026-04-17T20:18:54+00:00","171-8649441-9976360","FBA78981","B0CDPP45BM","X001U1K281","NexLev Steam Cleaner | For Complete Home Kitchen Bathroom Car Sofa & Office Cleaning Machine | 9 Accessories |300 ML | Window Pane, Sink, Chimney Grease, Water Stain Cleaner| 5 Mtr Cord | 1000W |SC-01","1","DED4","SELLABLE","QUALITY_UNACCEPTABLE","LPNDED4A1468809",
"2026-04-17T12:51:36+00:00","405-4944134-5510727","FBA79280","B0D845B2DG","X0022J93DP","NexLev Rechargeable Lint Remover | for Woollen Sweaters Shirts Coat Curtains & Carpets | Rue & Burr Remover | 180 Min Use | TypeC | SS Blade | 2000mAh | 3 Speed Modes | Safety Lock | LR-02","1","DEL5","SELLABLE","UNDELIVERABLE_REFUSED","LPNDEL5S13703899",
"2026-04-17T12:07:54+00:00","408-4856345-2485144","FBA79812","B0FS6TB7CP","X002F7TH85","NexLev Portable Blender for Smoothies Milkshakes Juices Baby Food | High Borosilicate Glass Jar | 3000 mAh Battery | Type C | Mix Fruit Juicer Mini | 450ml | For Kitchen & Travel | PB-01","1","HYD8","CUSTOMER_DAMAGED","DEFECTIVE","LPNHYD8EE53006",
"2026-04-17T11:56:28+00:00","408-3119091-8593112","FBA79263","B0CYSLCRQS","X001ZOLVQP","NexLev Mattress, Sofa & Carpet Vacuum Cleaner | For Dust Mites, Allergens & Pet Hair | 4 Step Cleansing with Double Beat, UV Light, Dehumidification & Vacuum | HEPA captures 99.99% Dust|MR-01","1","DED4","SELLABLE","DEFECTIVE","LPNDED4A1603324",
"2026-04-17T11:44:47+00:00","405-7008298-5853167","FBA79263","B0CYSLCRQS","X001ZOLVQP","NexLev Mattress, Sofa & Carpet Vacuum Cleaner | For Dust Mites, Allergens & Pet Hair | 4 Step Cleansing with Double Beat, UV Light, Dehumidification & Vacuum | HEPA captures 99.99% Dust|MR-01","1","CJB1","SELLABLE","UNDELIVERABLE_REFUSED","LPNCJB1X025574",
"2026-04-17T11:08:39+00:00","405-0202931-1366744","FBA79406","B0DCK3N2JJ","X0023L3KG3","NexLev Ionic Cordless Hair Straightener Brush | 60min Runtime | upto 200° Heating | Portable & Type C Rechargeable | Keratin Bristles |Straight, Frizz Free & Shiny Hair | Compact Comb Design | HSB-04","1","BLR7","SELLABLE","UNDELIVERABLE_REFUSED","LPNBLR7Y5566891",
"2026-04-17T10:35:00+00:00","406-4292002-5651564","FBA79406","B0DCK3N2JJ","X0023L3KG3","NexLev Ionic Cordless Hair Straightener Brush | 60min Runtime | upto 200° Heating | Portable & Type C Rechargeable | Keratin Bristles |Straight, Frizz Free & Shiny Hair | Compact Comb Design | HSB-04","1","BLR8","CUSTOMER_DAMAGED","SWITCHEROO","LPNBLR8Z3548043",
"2026-04-17T09:58:25+00:00","402-4268123-1589909","FBA79590","B0DM6BB3VT","X00263BT43","nexlev Calf Massager | Daily Use Leg Massager for Sore Muscle |1 Piece | Hand Like Massage with Air Compression | Improve Blood Circulation & Relieve Pain | 2500 mAh | Large Belt | Type C |CFM-01","1","HYD8","CUSTOMER_DAMAGED","NOT_AS_DESCRIBED","LPNHYD8DY95160",
"2026-04-17T09:04:26+00:00","406-4807661-2836349","FBA79443","B0D9KFQG8Q","X00230CWVD","Nexlev Skin Scrubber |Red & Blue LED Therapy| Blackhead Remover| Pore Cleaner| Skin Lifting & tightening, wrinkle remover| 2 Silicone Cleaning Heads| Facial Cleansing|Type C Charging| Elixir Pro LE-03","1","CJB1","DEFECTIVE","SWITCHEROO","LPNCJB1X171219","i placed an order for skin facial cleansing silicon product clearly for the skincare whearas i received fabric lint remover which is entirely different one and i don&#39;t even need that. Plz xchnage asap"
"2026-04-17T08:44:53+00:00","402-4014364-5464345","FBA78981","B0CDPP45BM","X001U1K281","NexLev Steam Cleaner | For Complete Home Kitchen Bathroom Car Sofa & Office Cleaning Machine | 9 Accessories |300 ML | Window Pane, Sink, Chimney Grease, Water Stain Cleaner| 4 Mtr Cord | 1000W |SC-01","1","DEL4","CUSTOMER_DAMAGED","SWITCHEROO","LPNDEL4AA2349866",
"2026-04-17T08:40:47+00:00","408-0360635-5529168","FBA79488","B0DFCG2VGS","X002435QZX","Nexlev Multi Purpose Electric Food Kettle|1.8L Stainless Steel Pot| 600W|Boil, Steam, Fry, Saute| Double Layered Body|2 Heat Settings|Multi Function for Water, Milk, Egg, Soup, Noodles|KE-01","1","DEL4","CARRIER_DAMAGED","NO_REASON_GIVEN","LPNDEL4AA2349862",
"2026-04-17T08:40:27+00:00","406-2039120-2770767","FBA79406","B0DCK3N2JJ","X0023L3KG3","NexLev Ionic Cordless Hair Straightener Brush | 60min Runtime | upto 200° Heating | Portable & Type C Rechargeable | Keratin Bristles |Straight, Frizz Free & Shiny Hair | Compact Comb Design | HSB-04","1","BOM5","CUSTOMER_DAMAGED","DEFECTIVE","LPNBOM5F4833221",
"2026-04-17T08:19:04+00:00","408-8959375-6898700","FBA79268","B0D383WQPB","X0020OHLDV","NexLev Foldable Garment Steamer for Home & Travel | Convenient Vertical Steaming | 1200W | 120 ml | Lightweight & Compact | 30s Fast Heating | Iron for all Cloth Types | 2 M cord | Anti Spill | GS-05","1","HYD8","CUSTOMER_DAMAGED","DEFECTIVE","LPNHYD8EF57452",
"2026-04-17T08:02:00+00:00","402-4884548-7020352","FBA79812","B0FS6TB7CP","X002F7TH85","NexLev Portable Blender for Smoothies Milkshakes Juices Baby Food | High Borosilicate Glass Jar | 3000 mAh Battery | Type C | Mix Fruit Juicer Mini | 450ml | For Kitchen & Travel | PB-01","1","DEL5","SELLABLE","DEFECTIVE","LPNDEL5S13495993",
"2026-04-17T08:00:38+00:00","404-2610211-0581105","FBA79267","B0D2LD6BYJ","X0020G121B","NexLev 6-in-1 trimmer | Sensitive Bikini Trimmer for Women | Skin Safe with Rounded Tips & Foil Shaver| Hair Removal for Intimate Areas, Face, Arms, Legs & Body | 90 min Runtime |2H Quick Charge |T-02","1","DEL5","SELLABLE","DEFECTIVE","LPNDEL5S13600668",
"2026-04-17T07:17:27+00:00","402-0710823-8259564","FBA79268","B0D383WQPB","X0020OHLDV","NexLev Foldable Garment Steamer for Home & Travel | Convenient Vertical Steaming | 1200W | 120 ml | Lightweight & Compact | 30s Fast Heating | Iron for all Cloth Types | 2 M cord | Anti Spill | GS-05","1","DED4","SELLABLE","NOT_COMPATIBLE","LPNDED4A1603130",
"2026-04-17T06:03:26+00:00","405-0881323-7477112","FBA79488","B0DFCG2VGS","X002435QZX","Nexlev Multi Purpose Electric Food Kettle|1.8L Stainless Steel Pot| 600W|Boil, Steam, Fry, Saute| Double Layered Body|2 Heat Settings|Multi Function for Water, Milk, Egg, Soup, Noodles|KE-01","1","DEL4","CARRIER_DAMAGED","DEFECTIVE","LPNDEL4AA2149654",
"2026-04-17T05:49:50+00:00","408-9946983-2767536","FBA79812","B0FS6TB7CP","X002F7TH85","NexLev Portable Blender for Smoothies Milkshakes Juices Baby Food | High Borosilicate Glass Jar | 3000 mAh Battery | Type C | Mix Fruit Juicer Mini | 450ml | For Kitchen & Travel | PB-01","1","HYD8","SELLABLE","UNDELIVERABLE_REFUSED","LPNHYD8ED16575",
"2026-04-17T05:32:26+00:00","403-1513262-8556348","FBA79439","B0DCK7ZH5P","X0023KW3JJ","NexLev Mattress, Sofa, Carpet & Car Seat Vacuum Cleaner|For Dust Mites Allergens & Pet Hair|Cordless Design|1500*3 mAh |UV Sterilization, Double Beat Technology|Type C| HEPA captures 99.99% Dust|MR-02","1","BLR8","CUSTOMER_DAMAGED","QUALITY_UNACCEPTABLE","LPNBLR8Z3598787",
"2026-04-17T04:10:00+00:00","404-4444476-0168369","FBA79452","B0DCGHVN81","X0023JV0A3","NexLev 2 in 1 Handheld & Stick Vacuum Cleaner | 17500 PA Suction | Dry Vacuuming for Home & Office | Washable HEPA Filter | 4 Adjustable Heads | Bagless| Deep Cleaning for Sofa Bed Window & more|VC-01","1","DEL4","CARRIER_DAMAGED","DEFECTIVE","LPNDEL4AA2349712",
"2026-04-17T03:30:10+00:00","408-9274166-1430700","FBA79570","B0DKJXRXKM","X0025R19UT","NexLev Blackhead & Whitehead Remover Tool | Rechargeable |1Hr Use| Acne & Pimple Pore Cleaner | 6 Heads | Electric Derma Suction Machine | Hydra Facial Cleanser Device for Face |For Men & Women |BR-01","1","AMD2","CUSTOMER_DAMAGED","DEFECTIVE","LPNAMD2M3847590",
"2026-04-16T11:26:54+00:00","405-1538007-3241154","FBA79812","B0FS6TB7CP","X002F7TH85","NexLev Portable Blender for Smoothies Milkshakes Juices Baby Food | High Borosilicate Glass Jar | 3000 mAh Battery | Type C | Mix Fruit Juicer Mini | 450ml | For Kitchen & Travel | PB-01","1","HYD8","SELLABLE","UNDELIVERABLE_REFUSED","LPNHYD8ED16362",
"2026-04-16T09:34:38+00:00","403-5567070-7139521","FBA79567","B0DNJS23HS","X0026FJYJD","NexLev 10 in 1 Steam Cleaner & Mop|2 Steam Modes| Mopping & Deep Cleaning Home Car Sofa Bathroom Kitchen & Office |For All Surfaces|350ML|Chemical Free Cleaning | Detachable & Foldable|SC-04","1","BLR7","CUSTOMER_DAMAGED","NO_REASON_GIVEN","LPNBLR7Y5320488",
"2026-04-16T09:32:08+00:00","408-5268872-0141946","FBA79819","B0FT8R24QM","X002F1TU0L","NexLev Portable Cordless Lint Remover | for Woollen, Sweaters, Jackets, Carpets | Fabric Brush | Rue & Burr Remover | Battery Powered Shaver | SS Blade | Safety Lock | LR-03","1","CCX1","SELLABLE","UNDELIVERABLE_REFUSED","LPNCCX1B4051280",
"2026-04-16T09:07:54+00:00","402-7663524-0233126","FBA79812","B0FS6TB7CP","X002F7TH85","NexLev Portable Blender for Smoothies Milkshakes Juices Baby Food | High Borosilicate Glass Jar | 3000 mAh Battery | Type C | Mix Fruit Juicer Mini | 450ml | For Kitchen & Travel | PB-01","1","PNQ3","CUSTOMER_DAMAGED","QUALITY_UNACCEPTABLE","LPNPNQ3A4613741",
"2026-04-16T08:39:53+00:00","405-7384648-1937901","FBA79349","B0D9KDQCCM","X00230EXN3","Nexlev Portable Sewing Machine| 2 Speed Settings| Cordless| Battery operated| USB Type C cord for Plug-in| Quick Fix DIY|Portable & Compact| for all Fabrics| 1 Year Warranty| White","1","CCX1","SELLABLE","ORDERED_WRONG_ITEM","LPNCCX1B4021655",
"2026-04-16T08:30:39+00:00","408-0004419-6329935","FBA79590","B0DM6BB3VT","X00263BT43","NexLev Calf Massager | Daily Use Leg Massager for Sore Muscle |1 Piece | Hand Like Massage with Air Compression | Improve Blood Circulation & Relieve Pain | 2500 mAh | Large Belt | Type C |CFM-01","1","LKO1","CUSTOMER_DAMAGED","DAMAGED_BY_FC","LPNLKO1B1440430",
"2026-04-16T07:32:35+00:00","405-2689041-2799517","FBA79268","B0D383WQPB","X0020OHLDV","NexLev Foldable Garment Steamer for Home & Travel | Convenient Vertical Steaming | 1200W | 120 ml | Lightweight & Compact | 30s Fast Heating | Iron for all Cloth Types | 2 M cord | Anti Spill | GS-05","1","HYD8","CUSTOMER_DAMAGED","DEFECTIVE","LPNHYD8ED36314",
"2026-04-16T06:44:46+00:00","402-1813780-3572339","FBA79493","B0DQCWRG3H","X00272C0EV","NexLev Ionic 3 in 1 Hot Air Brush|1.5 Inch Barrel |Volumizer Blow Dryer & Styler|Ceramic Tourmaline Coated for Heat Protection|1200W|Dual Bristle for Tangle Free Styling|Salon Like Styles at Home|V-03","1","PNQ3","SELLABLE","UNDELIVERABLE_REFUSED","LPNPNQ3A4637446",
"2026-04-16T06:44:46+00:00","402-0440252-5866754","FBA79493","B0DQCWRG3H","X00272C0EV","NexLev Ionic 3 in 1 Hot Air Brush|1.5 Inch Barrel |Volumizer Blow Dryer & Styler|Ceramic Tourmaline Coated for Heat Protection|1200W|Dual Bristle for Tangle Free Styling|Salon Like Styles at Home|V-03","1","PNQ3","SELLABLE","UNDELIVERABLE_REFUSED","LPNPNQ3A4637447",
"2026-04-16T06:24:08+00:00","405-0580124-2704338","FBA79567","B0DNJS23HS","X0026FJYJD","NexLev 10 in 1 Steam Cleaner & Mop|2 Steam Modes| Mopping & Deep Cleaning Home Car Sofa Bathroom Kitchen & Office |For All Surfaces|350ML|Chemical Free Cleaning | Detachable & Foldable|SC-04","1","MAA4","CARRIER_DAMAGED","UNDELIVERABLE_REFUSED","LPNMAA4Z1202988",
"2026-04-16T04:47:04+00:00","408-3344974-1034737","FBA79493","B0DQCWRG3H","X00272C0EV","NexLev Ionic 3 in 1 Hot Air Brush|1.5 Inch Barrel |Volumizer Blow Dryer & Styler|Ceramic Tourmaline Coated for Heat Protection|1200W|Dual Bristle for Tangle Free Styling|Salon Like Styles at Home|V-03","1","HYD8","SELLABLE","UNDELIVERABLE_UNKNOWN","LPNHYD8ED36195",
"2026-04-16T04:29:31+00:00","405-1401539-3873142","FBA79652","B0F43P6D23","X002A07CLV","NexLev Steam Cleaner | Complete Home Kitchen Floor Bathroom Car & Office Cleaning machine | 9 Accessories | 450 ML | Window Pane Sink Grime Chimney Grease Water Stain Cleaner| 4 M Cord |1050W |SC-05","1","HYD8","CUSTOMER_DAMAGED","DEFECTIVE","LPNHYD8EE36598",
"2026-04-16T04:21:52+00:00","406-8425046-7511569","FBA79488","B0DFCG2VGS","X002435QZX","Nexlev Multi Purpose Electric Food Kettle|1.8L Stainless Steel Pot| 600W|Boil, Steam, Fry, Saute| Double Layered Body|2 Heat Settings|Multi Function for Water, Milk, Egg, Soup, Noodles|KE-01","1","DEL4","CARRIER_DAMAGED","DEFECTIVE","LPNDEL4AA2349417",
"2026-04-16T04:09:51+00:00","403-8723398-7008330","FBA79567","B0DNJS23HS","X0026FJYJD","NexLev 10 in 1 Steam Cleaner & Mop|2 Steam Modes| Mopping & Deep Cleaning Home Car Sofa Bathroom Kitchen & Office |For All Surfaces|350ML|Chemical Free Cleaning | Detachable & Foldable|SC-04","1","BOM5","SELLABLE","UNDELIVERABLE_REFUSED","LPNBOM5F4998550",
"2026-04-16T03:55:38+00:00","171-3172131-0550737","FBA78981","B0CDPP45BM","X001U1K281","NexLev Steam Cleaner | For Complete Home Kitchen Bathroom Car Sofa & Office Cleaning Machine | 9 Accessories |300 ML | Window Pane, Sink, Chimney Grease, Water Stain Cleaner| 5 Mtr Cord | 1000W |SC-01","1","BLR8","SELLABLE","QUALITY_UNACCEPTABLE","LPNBLR8Z3537382",
"2026-04-16T03:53:20+00:00","403-6811973-8427535","FBA79590","B0DM6BB3VT","X00263BT43","NexLev Calf Massager | Daily Use Leg Massager for Sore Muscle |1 Piece | Hand Like Massage with Air Compression | Improve Blood Circulation & Relieve Pain | 2500 mAh | Large Belt | Type C |CFM-01","1","BOM5","SELLABLE","UNDELIVERABLE_REFUSED","LPNBOM5F4936624",
"2026-04-16T03:47:02+00:00","402-4618407-1015561","FBA79682","B0DVC8NYY2","X002872SBZ","NexLev Cool Mist Humidifier | 2.2L| For Office, Indoor Plants, Baby Nursery | Quiet Operation | Works 30Hrs on Low Setting | 360° Nozzle | Auto Shut-Off | Adjustable Knob | Leak Proof | HU-02","1","CCX1","SELLABLE","UNDELIVERABLE_REFUSED","LPNCCX1A8680622",
"2026-04-16T03:37:29+00:00","171-9659756-1421910","FBA79263","B0CYSLCRQS","X001ZOLVQP","NexLev Mattress, Sofa & Carpet Vacuum Cleaner | For Dust Mites, Allergens & Pet Hair | 4 Step Cleansing with Double Beat, UV Light, Dehumidification & Vacuum | HEPA captures 99.99% Dust|MR-01","1","CCX1","SELLABLE","UNDELIVERABLE_REFUSED","LPNCCX1B4025136",
"2026-04-16T03:33:45+00:00","408-2369960-9520368","FBA78981","B0CDPP45BM","X001U1K281","NexLev Steam Cleaner | For Complete Home Kitchen Bathroom Car Sofa & Office Cleaning Machine | 9 Accessories |300 ML | Window Pane, Sink, Chimney Grease, Water Stain Cleaner| 5 Mtr Cord | 1000W |SC-01","1","BOM5","SELLABLE","QUALITY_UNACCEPTABLE","LPNBOM5F4800102",
"2026-04-16T03:33:36+00:00","408-9062591-7849925","FBA79812","B0FS6TB7CP","X002F7TH85","NexLev Portable Blender for Smoothies Milkshakes Juices Baby Food | High Borosilicate Glass Jar | 3000 mAh Battery | Type C | Mix Fruit Juicer Mini | 450ml | For Kitchen & Travel | PB-01","1","BLR7","SELLABLE","DEFECTIVE","LPNBLR7Y5566129",
"2026-04-15T12:21:37+00:00","402-3138026-6465155","FBA78981","B0CDPP45BM","X001U1K281","NexLev Steam Cleaner | For Complete Home Kitchen Bathroom Car Sofa & Office Cleaning Machine | 9 Accessories |300 ML | Window Pane, Sink, Chimney Grease, Water Stain Cleaner| 4 Mtr Cord | 1000W |SC-01","1","BOM5","CUSTOMER_DAMAGED","SWITCHEROO","LPNBOM5F4860557",
"2026-04-15T09:30:32+00:00","405-4819095-6459535","FBA79263","B0CYSLCRQS","X001ZOLVQP","NexLev Mattress, Sofa & Carpet Vacuum Cleaner | For Dust Mites, Allergens & Pet Hair | 4 Step Cleansing with Double Beat, UV Light, Dehumidification & Vacuum | HEPA captures 99.99% Dust|MR-01","1","DEL5","SELLABLE","UNDELIVERABLE_UNKNOWN","LPNDEL5S13543362",
"2026-04-15T09:07:17+00:00","405-6108220-1371529","FBA79349","B0D9KDQCCM","X00230EXN3","Nexlev Portable Sewing Machine| 2 Speed Settings| Cordless| Battery operated| USB Type C cord for Plug-in| Quick Fix DIY|Portable & Compact| for all Fabrics| 1 Year Warranty| White","1","HYD8","CUSTOMER_DAMAGED","QUALITY_UNACCEPTABLE","LPNHYD8ED29791",
"2026-04-15T08:16:30+00:00","171-6733884-3374702","FBA79406","B0DCK3N2JJ","X0023L3KG3","NexLev Ionic Cordless Hair Straightener Brush | 60min Runtime | upto 200° Heating | Portable & Type C Rechargeable | Keratin Bristles |Straight, Frizz Free & Shiny Hair | Compact Comb Design | HSB-04","1","BLR7","SELLABLE","DEFECTIVE","LPNBLR7Y5303076",
"2026-04-15T06:53:24+00:00","408-6491903-1728311","FBA79263","B0CYSLCRQS","X001ZOLVQP","NexLev Mattress, Sofa & Carpet Vacuum Cleaner | For Dust Mites, Allergens & Pet Hair | 4 Step Cleansing with Double Beat, UV Light, Dehumidification & Vacuum | HEPA captures 99.99% Dust|MR-01","1","PNQ3","CARRIER_DAMAGED","UNDELIVERABLE_REFUSED","LPNPNQ3A4607232",
"2026-04-15T06:12:43+00:00","407-7630705-4538757","FBA79590","B0DM6BB3VT","X00263BT43","NexLev Calf Massager | Daily Use Leg Massager for Sore Muscle |1 Piece | Hand Like Massage with Air Compression | Improve Blood Circulation & Relieve Pain | 2500 mAh | Large Belt | Type C |CFM-01","1","BLR7","SELLABLE","DAMAGED_BY_FC","LPNBLR7Y5658120","It&#39;s broken"
"2026-04-15T05:25:50+00:00","402-9058806-9058747","FBA79484","B0DNJF1BLS","X0026FKSUH","NexLev Drip Coffee Maker |Filter Coffee for Home & Office | 4-6 Cups | Warming Plate|Borosilicate Carafe | Reusable & Washable Filter | Anti Drip | 750 ml | Cone Filter | Water Level Indicator |CF-01","1","CJB1","SELLABLE","UNDELIVERABLE_REFUSED","LPNCJB1X146100",
"2026-04-15T05:20:16+00:00","407-8436397-1237925","FBA78980","B0CDPMX152","X001U1DYK9","NexLev Handheld Garment Steamer | 1500 Watts | 300 ML| Standing & Horizontal Iron Press | Damage Free Steaming for all Cloth Types | 25s Quick Heat |Upto 5 Clothes in One Fill | Travel Friendly |GS-02","1","BLR7","SELLABLE","DEFECTIVE","LPNBLR7Y5565697",
"2026-04-15T04:53:47+00:00","404-6085648-3564300","FBA79268","B0D383WQPB","X0020OHLDV","NexLev Foldable Garment Steamer for Home & Travel | Convenient Vertical Steaming | 1200W | 120 ml | Lightweight & Compact | 30s Fast Heating | Iron for all Cloth Types | 2 M cord | Anti Spill | GS-05","1","CCX1","SELLABLE","DAMAGED_BY_FC","LPNCCX1B3738251","Water tank break h"
"2026-04-15T04:31:50+00:00","407-9383535-5008340","FBA79567","B0DNJS23HS","X0026FJYJD","NexLev 10 in 1 Steam Cleaner & Mop|2 Steam Modes| Mopping & Deep Cleaning Home Car Sofa Bathroom Kitchen & Office |For All Surfaces|350ML|Chemical Free Cleaning | Detachable & Foldable|SC-04","1","BOM5","CUSTOMER_DAMAGED","QUALITY_UNACCEPTABLE","LPNBOM5F4853671",
"2026-04-15T04:30:20+00:00","406-8344580-4494732","FBA79489","B0DFD123P5","X00243S2SB","Nexlev MultiPurpose Electric Food Kettle|1.5 L Ceramic Pot | 600W| Boil, Steam, Fry, Saute| Double Layered Body| 2 Temperature Settings| Multi Cooker for Water, Egg, Tea, Soup, Noodles, Rice| KE-02","1","HYD8","CUSTOMER_DAMAGED","SWITCHEROO","LPNHYD8EF44590",
"2026-04-15T04:15:30+00:00","403-0614142-8005138","FBA79493","B0DQCWRG3H","X00272C0EV","NexLev Ionic 3 in 1 Hot Air Brush|1.5 Inch Barrel |Volumizer Blow Dryer & Styler|Ceramic Tourmaline Coated for Heat Protection|1200W|Dual Bristle for Tangle Free Styling|Salon Like Styles at Home|V-03","1","CJB1","SELLABLE","UNDELIVERABLE_REFUSED","LPNCJB1Y800978",
"2026-04-15T04:02:23+00:00","407-8768416-7776326","FBA79263","B0CYSLCRQS","X001ZOLVQP","NexLev Mattress, Sofa & Carpet Vacuum Cleaner | For Dust Mites, Allergens & Pet Hair | 4 Step Cleansing with Double Beat, UV Light, Dehumidification & Vacuum | HEPA captures 99.99% Dust|MR-01","1","BOM5","CARRIER_DAMAGED","UNDELIVERABLE_REFUSED","LPNBOcsXg2hhemc5",
"2026-04-14T14:22:23+00:00","402-4527766-5401952","FBA79277","B0D672NXC8","X0021NWGBN","Nexlev SWIPE Steam Cleaner | 3.5 Bar Strong Steam|Multipurpose Steam Cleaner for Car, Kitchen, Bathroom, Floor, Window, Glass, Upholstery| 8 Accessories Kit|Safety Lock| Large 700ML Water Tank | SC-03","1","CCX1","CUSTOMER_DAMAGED","QUALITY_UNACCEPTABLE","LPNCCX1B1656721",
"2026-04-14T12:36:55+00:00","403-3636817-0664322","FBA79589","B0DNJP9T35","X0026FEQW3","NexLev Spin Scrubber|6 Scrubbing Heads| For Kitchen, Bathroom, Tub, Glass | Complete cleaning tool for Home, Office & Car| 90 min runtime | 2600 mAh | Cordless Type C | 2 Modes|Adjustable Handle|SS-02","1","PNQ3","SELLABLE","UNDELIVERABLE_REFUSED","LPNPNQ3A4693667",
"2026-04-14T11:29:35+00:00","407-4329772-0557164","FBA79590","B0DM6BB3VT","X00263BT43","nexlev Calf Massager | Daily Use Leg Massager for Sore Muscle |1 Piece | Hand Like Massage with Air Compression | Improve Blood Circulation & Relieve Pain | 2500 mAh | Large Belt | Type C |CFM-01","1","AMD2","CUSTOMER_DAMAGED","MISSING_PARTS","LPNAMD2M3777740",
"2026-04-14T11:23:41+00:00","408-1507458-6359538","FBA79406","B0DCK3N2JJ","X0023L3KG3","NexLev Ionic Cordless Hair Straightener Brush | 60min Runtime | upto 200° Heating | Portable & Type C Rechargeable | Keratin Bristles |Straight, Frizz Free & Shiny Hair | Compact Comb Design | HSB-04","1","DEL5","CUSTOMER_DAMAGED","DEFECTIVE","LPNDEL5S13610988",
"2026-04-14T11:11:02+00:00","404-3976091-8533918","FBA79349","B0D9KDQCCM","X00230EXN3","Nexlev Portable Sewing Machine| 2 Speed Settings| Cordless| Battery operated| USB Type C cord for Plug-in| Quick Fix DIY|Portable & Compact| for all Fabrics| 1 Year Warranty| White","1","DED4","DEFECTIVE","DEFECTIVE","LPNDED4A1664744","The item is defective and does not work"
"2026-04-14T11:09:02+00:00","404-5470460-2730704","FBA79573","B0DKK15YNJ","X0025R5BTT","NexLev Oil Applicator Comb|Red Led Light Therapy |Boost Hair Growth| Reduce Dandruff | Relieve Stress |High Vibration Corded Electric Scalp/Head Massager | 6 ML Oil Tank | 2 Hr Run-Time| Type-C|EA-02","1","DEL5","SELLABLE","UNDELIVERABLE_REFUSED","LPNDEL5S13547937",
"2026-04-14T09:43:02+00:00","408-0732109-8136305","FBA79452","B0DCGHVN81","X0023JV0A3","NexLev 2 in 1 Handheld & Stick Vacuum Cleaner | 17500 PA Suction | Dry Vacuuming for Home & Office | Washable HEPA Filter | 4 Adjustable Heads | Bagless| Deep Cleaning for Sofa Bed Window & more|VC-01","1","BOM5","SELLABLE","DAMAGED_BY_FC","LPNBOM5F4917738","Looks like a Crack line in body ,"
"2026-04-14T09:19:49+00:00","403-6451014-0313164","FBA79263","B0CYSLCRQS","X001ZOLVQP","NexLev Mattress, Sofa & Carpet Vacuum Cleaner | For Dust Mites, Allergens & Pet Hair | 4 Step Cleansing with Double Beat, UV Light, Dehumidification & Vacuum | HEPA captures 99.99% Dust|MR-01","1","MAA4","CUSTOMER_DAMAGED","QUALITY_UNACCEPTABLE","LPNMAA4Z1975048",
"2026-04-14T09:12:19+00:00","404-3278534-0052365","FBA79570","B0DKJXRXKM","X0025R19UT","NexLev Blackhead & Whitehead Remover Tool | Rechargeable |1Hr Use| Acne & Pimple Pore Cleaner | 6 Heads | Electric Derma Suction Machine | Hydra Facial Cleanser Device for Face |For Men & Women |BR-01","1","BOM5","SELLABLE","DEFECTIVE","LPNBOM5F4917702",
"2026-04-14T08:27:30+00:00","406-5200253-3745952","FBA79488","B0DFCG2VGS","X002435QZX","Nexlev Multi Purpose Electric Food Kettle|1.8L Stainless Steel Pot| 600W|Boil, Steam, Fry, Saute| Double Layered Body|2 Heat Settings|Multi Function for Water, Milk, Egg, Soup, Noodles|KE-01","1","MAA4","SELLABLE","UNDELIVERABLE_REFUSED","LPNMAA4Z1975008",
"2026-04-14T07:58:55+00:00","408-1427424-3289906","FBA79263","B0CYSLCRQS","X001ZOLVQP","NexLev Mattress, Sofa & Carpet Vacuum Cleaner | For Dust Mites, Allergens & Pet Hair | 4 Step Cleansing with Double Beat, UV Light, Dehumidification & Vacuum | HEPA captures 99.99% Dust|MR-01","1","BOM7","SELLABLE","DEFECTIVE","LPNBOM7D19422113",
"2026-04-14T06:55:09+00:00","404-1049922-1363519","FBA78981","B0CDPP45BM","X001U1K281","NexLev Steam Cleaner | For Complete Home Kitchen Bathroom Car Sofa & Office Cleaning Machine | 9 Accessories |300 ML | Window Pane, Sink, Chimney Grease, Water Stain Cleaner| 5 Mtr Cord | 1000W |SC-01","1","PNQ3","SELLABLE","UNDELIVERABLE_REFUSED","LPNPNQ3A4666413",
"2026-04-14T06:39:35+00:00","171-0209844-5566743","FBA79652","B0F43P6D23","X002A07CLV","NexLev Steam Cleaner | Complete Home Kitchen Floor Bathroom Car & Office Cleaning machine | 9 Accessories | 450 ML | Window Pane Sink Grime Chimney Grease Water Stain Cleaner| 4 M Cord |1050W |SC-05","1","BLR8","CUSTOMER_DAMAGED","NOT_AS_DESCRIBED","LPNBLR8Z3597586",
"2026-04-14T06:23:03+00:00","403-4949211-0540352","FBA79263","B0CYSLCRQS","X001ZOLVQP","NexLev Mattress, Sofa & Carpet Vacuum Cleaner | For Dust Mites, Allergens & Pet Hair | 4 Step Cleansing with Double Beat, UV Light, Dehumidification & Vacuum | HEPA captures 99.99% Dust|MR-01","1","BLR7","SELLABLE","DEFECTIVE","LPNBLR7Y6102601",
"2026-04-14T05:21:58+00:00","404-0262612-6121175","FBA79406","B0DCK3N2JJ","X0023L3KG3","NexLev Ionic Cordless Hair Straightener Brush | 60min Runtime | upto 200° Heating | Portable & Type C Rechargeable | Keratin Bristles |Straight, Frizz Free & Shiny Hair | Compact Comb Design | HSB-04","1","BOM5","SELLABLE","DEFECTIVE","LPNBOM5F4918126",
"2026-04-14T04:59:54+00:00","407-4487505-0913118","FBA79679","B0DVC7VJP1","X002876EAV","NexLev Stand Mixer | 5.5L SS Bowl | 1500W |10 Speeds | Pulse Function |Planetary Rotation | Whisk, Beater & Dough Hook |100% Copper Motor | For Roti Atta, Cookie Dough, Cake, Whip Cream & more | ST-01","1","MAA4","SELLABLE","UNDELIVERABLE_REFUSED","LPNMAA4Z1974916",
"2026-04-14T04:43:24+00:00","406-4209947-2419532","FBA78981","B0CDPP45BM","X001U1K281","NexLev Steam Cleaner | For Complete Home Kitchen Bathroom Car Sofa & Office Cleaning Machine | 9 Accessories |300 ML | Window Pane, Sink, Chimney Grease, Water Stain Cleaner| 4 Mtr Cord | 1000W |SC-01","1","HYD8","CUSTOMER_DAMAGED","SWITCHEROO","LPNHYD8DY93322",
"2026-04-14T04:39:11+00:00","406-9175751-0433920","FBA79280","B0D845B2DG","X0022J93DP","NexLev Rechargeable Lint Remover | for Woollen Sweaters Shirts Coat Curtains & Carpets | Rue & Burr Remover | 180 Min Use | TypeC | SS Blade | 2000mAh | 3 Speed Modes | Safety Lock | LR-02","1","DEL4","SELLABLE","UNDELIVERABLE_UNKNOWN","LPNDEL4AA2148180",
"2026-04-14T04:34:20+00:00","408-6977157-2646733","FBA79263","B0CYSLCRQS","X001ZOLVQP","NexLev Mattress, Sofa & Carpet Vacuum Cleaner | For Dust Mites, Allergens & Pet Hair | 4 Step Cleansing with Double Beat, UV Light, Dehumidification & Vacuum | HEPA captures 99.99% Dust|MR-01","1","HYD8","CUSTOMER_DAMAGED","DEFECTIVE","LPNHYD8EE41531",
"2026-04-14T04:16:34+00:00","171-8199020-0923506","FBA79573","B0DKK15YNJ","X0025R5BTT","NexLev Oil Applicator Comb|Red Led Light Therapy |Boost Hair Growth| Reduce Dandruff | Relieve Stress |High Vibration Corded Electric Scalp/Head Massager | 6 ML Oil Tank | 2 Hr Run-Time| Type-C|EA-02","1","HYD8","CUSTOMER_DAMAGED","DEFECTIVE","LPNHYD8EM93840",
"2026-04-14T04:15:44+00:00","408-4237454-1899559","FBA79812","B0FS6TB7CP","X002F7TH85","NexLev Portable Blender for Smoothies Milkshakes Juices Baby Food | High Borosilicate Glass Jar | 3000 mAh Battery | Type C | Mix Fruit Juicer Mini | 450ml | For Kitchen & Travel | PB-01","1","CCX1","SELLABLE","UNDELIVERABLE_UNKNOWN","LPNCCX1B4015331",
"2026-04-14T04:12:18+00:00","171-8841578-3457139","FBA78981","B0CDPP45BM","X001U1K281","NexLev Steam Cleaner | For Complete Home Kitchen Bathroom Car Sofa & Office Cleaning Machine | 9 Accessories |300 ML | Window Pane, Sink, Chimney Grease, Water Stain Cleaner| 4 Mtr Cord | 1000W |SC-01","1","BLR7","CUSTOMER_DAMAGED","SWITCHEROO","LPNBLR7Y5319678",
"2026-04-14T03:45:53+00:00","407-4091634-3277106","FBK79271","B0DQ8W1RBV","X00271JY6J","Nexlev Ionic Volumizer|3 In 1 Hot Air Brush To Straight Dry & Volumize|1200 Watts|Reduce Frizz|Ceramic Tourmaline Coated Large Barrel|Salon Like Soft Curl At Home|3 Speed & 2 Heat Settings|V-01 RG","1","CCX1","CARRIER_DAMAGED","UNDELIVERABLE_REFUSED","LPNCCX1B2641344",
"2026-04-14T03:34:52+00:00","408-7158893-3991509","FBA78981","B0CDPP45BM","X001U1K281","NexLev Steam Cleaner | For Complete Home Kitchen Bathroom Car Sofa & Office Cleaning Machine | 9 Accessories |300 ML | Window Pane, Sink, Chimney Grease, Water Stain Cleaner| 5 Mtr Cord | 1000W |SC-01","1","BOM5","SELLABLE","UNDELIVERABLE_REFUSED","LPNBOM5F4948994",
"2026-04-14T03:28:20+00:00","405-8558102-0687540","FBA79679","B0DVC7VJP1","X002876EAV","NexLev Stand Mixer | 5.5L SS Bowl | 1500W |10 Speeds | Pulse Function |Planetary Rotation | Whisk, Beater & Dough Hook |100% Copper Motor | For Roti Atta, Cookie Dough, Cake, Whip Cream & more | ST-01","1","BOM5","SELLABLE","UNDELIVERABLE_REFUSED","LPNBOM5F4987359",
"2026-04-14T03:27:33+00:00","402-5463681-1165105","FBA79686","B0DV94R4QD","X00286IDM9","NexLev Massage Gun | Body Massager |6 Speed for Body Relaxation and Muscle Recovery | 4 Attachment| Compact & Portable Design | For Neck Shoulder Back Foot Calf | 1H Use Time |For Men & Women |MGS-02","1","BOM7","CUSTOMER_DAMAGED","DEFECTIVE","LPNBOM7D19463447",
"2026-04-13T16:40:37+00:00","405-0667872-1310727","FBA79488","B0DFCG2VGS","X002435QZX","Nexlev Multi Purpose Electric Food Kettle|1.8L Stainless Steel Pot| 600W|Boil, Steam, Fry, Saute| Double Layered Body|2 Heat Settings|Multi Function for Water, Milk, Egg, Soup, Noodles|KE-01","1","CCX1","SELLABLE","UNDELIVERABLE_REFUSED","LPNCCX1B4031194",
"2026-04-13T14:26:35+00:00","407-3633599-2467521","FBA79570","B0DKJXRXKM","X0025R19UT","NexLev Blackhead & Whitehead Remover Tool | Rechargeable |1Hr Use| Acne & Pimple Pore Cleaner | 6 Heads | Electric Derma Suction Machine | Hydra Facial Cleanser Device for Face |For Men & Women |BR-01","1","BOM5","SELLABLE","UNDELIVERABLE_REFUSED","LPNBOM5F4927228",
"2026-04-13T12:50:05+00:00","408-0457131-8837904","FBA79652","B0F43P6D23","X002A07CLV","NexLev Steam Cleaner | Complete Home Kitchen Floor Bathroom Car & Office Cleaning machine | 9 Accessories | 450 ML | Window Pane Sink Grime Chimney Grease Water Stain Cleaner| 4 M Cord |1050W |SC-05","1","MAA4","CUSTOMER_DAMAGED","DEFECTIVE","LPNMAA4Z0296825",
"2026-04-13T12:11:18+00:00","407-7857523-5336367","FBA79812","B0FS6TB7CP","X002F7TH85","NexLev Portable Blender for Smoothies Milkshakes Juices Baby Food | High Borosilicate Glass Jar | 3000 mAh Battery | Type C | Mix Fruit Juicer Mini | 450ml | For Kitchen & Travel | PB-01","1","BLR7","SELLABLE","DEFECTIVE","LPNBLR7Y5310677",
"2026-04-13T12:09:20+00:00","171-0091858-7473906","FBA79472","B0DFCDZWND","X002435CVL","NexLev Cordless Electric Heating Pad| Period Cramp & Back Pain Relief Massager | 9 modes| Menstrual Cramp Relief|Type C| Crampfree Periods | Portable | Gift for Women| Strap upto 40 Inch |Purple CM-02","1","CCX1","CUSTOMER_DAMAGED","DEFECTIVE","LPNCCX1B2694037",
"2026-04-13T11:46:47+00:00","404-2041261-1321901","FBA79570","B0DKJXRXKM","X0025R19UT","NexLev Blackhead & Whitehead Remover Tool | Rechargeable |1Hr Use| Acne & Pimple Pore Cleaner | 6 Heads | Electric Derma Suction Machine | Hydra Facial Cleanser Device for Face |For Men & Women |BR-01","1","BLR8","SELLABLE","DEFECTIVE","LPNBLR8Z5722292",
"2026-04-13T11:40:57+00:00","406-8660625-1343509","FBA79349","B0D9KDQCCM","X00230EXN3","Nexlev Portable Sewing Machine| 2 Speed Settings| Cordless| Battery operated| USB Type C cord for Plug-in| Quick Fix DIY|Portable & Compact| for all Fabrics| 1 Year Warranty| White","1","LKO1","SELLABLE","ORDERED_WRONG_ITEM","LPNLKO1B1311384","I want other products"
"2026-04-13T11:34:01+00:00","407-8207233-9145126","FBA78980","B0CDPMX152","X001U1DYK9","NexLev Handheld Garment Steamer | 1500 Watts | 300 ML| Standing & Horizontal Iron Press | Damage Free Steaming for all Cloth Types | 25s Quick Heat |Upto 5 Clothes in One Fill | Travel Friendly |GS-02","1","BLR8","SELLABLE","DEFECTIVE","LPNBLR8Z3197383",
"2026-04-13T11:13:41+00:00","407-2564454-6261153","FBA79280","B0D845B2DG","X0022J93DP","NexLev Rechargeable Lint Remover | for Woollen Sweaters Shirts Coat Curtains & Carpets | Rue & Burr Remover | 180 Min Use | TypeC | SS Blade | 2000mAh | 3 Speed Modes | Safety Lock | LR-02","1","CCX1","SELLABLE","UNDELIVERABLE_REFUSED","LPNCCX1B3473930",
"2026-04-13T11:13:12+00:00","404-6057941-6204352","FBA79573","B0DKK15YNJ","X0025R5BTT","NexLev Oil Applicator Comb|Red Led Light Therapy |Boost Hair Growth| Reduce Dandruff | Relieve Stress |High Vibration Corded Electric Scalp/Head Massager | 6 ML Oil Tank | 2 Hr Run-Time| Type-C|EA-02","1","BLR7","SELLABLE","UNDELIVERABLE_REFUSED","LPNBLR7Y5343205",
"2026-04-13T10:16:28+00:00","405-5842722-2405167","FBK79271","B0DQ8W1RBV","X00271JY6J","Nexlev Ionic Volumizer|3 In 1 Hot Air Brush To Straight Dry & Volumize|1200 Watts|Reduce Frizz|Ceramic Tourmaline Coated Large Barrel|Salon Like Soft Curl At Home|3 Speed & 2 Heat Settings|V-01 RG","1","HYD8","CARRIER_DAMAGED","UNDELIVERABLE_REFUSED","LPNHYD8ED34987",
"2026-04-13T09:12:21+00:00","408-5880682-8870727","FBA79812","B0FS6TB7CP","X002F7TH85","NexLev Portable Blender for Smoothies Milkshakes Juices Baby Food | High Borosilicate Glass Jar | 3000 mAh Battery | Type C | Mix Fruit Juicer Mini | 450ml | For Kitchen & Travel | PB-01","1","BLR7","SELLABLE","DEFECTIVE","LPNBLR7Y6060087",
"2026-04-13T08:33:09+00:00","407-4473054-3793142","FBA79349","B0D9KDQCCM","X00230EXN3","Nexlev Portable Sewing Machine| 2 Speed Settings| Cordless| Battery operated| USB Type C cord for Plug-in| Quick Fix DIY|Portable & Compact| for all Fabrics| 1 Year Warranty| White","1","HYD8","CUSTOMER_DAMAGED","QUALITY_UNACCEPTABLE","LPNHYD8DZ32303",
"2026-04-13T08:32:18+00:00","402-2364512-3662700","FBA79263","B0CYSLCRQS","X001ZOLVQP","NexLev Mattress, Sofa & Carpet Vacuum Cleaner | For Dust Mites, Allergens & Pet Hair | 4 Step Cleansing with Double Beat, UV Light, Dehumidification & Vacuum | HEPA captures 99.99% Dust|MR-01","1","BLR8","CARRIER_DAMAGED","DAMAGED_BY_CARRIER","LPNBLR8Z3544354",
"2026-04-13T08:21:56+00:00","406-2076341-5787560","FBA79991","B0GN85NZQN","X002IK70C9","NexLev Dehumidifier for Room Moisture Absorption | 1000ML Tank | Ideal for Mold & Moisture Removal |For Room Wardrobe Kitchen Office| Auto Shut-Off Function| Preset Timer & Humidty Control | DH-01","1","DED4","SELLABLE","QUALITY_UNACCEPTABLE","LPNDED4A1465051",
"2026-04-13T08:21:56+00:00","406-2076341-5787560","FBA79991","B0GN85NZQN","X002IK70C9","NexLev Dehumidifier for Room Moisture Absorption | 1000ML Tank | Ideal for Mold & Moisture Removal |For Room Wardrobe Kitchen Office| Auto Shut-Off Function| Preset Timer & Humidty Control | DH-01","1","DED4","SELLABLE","QUALITY_UNACCEPTABLE","LPNDED4A1465052",
"2026-04-13T07:46:59+00:00","406-2290348-7345946","FBA79263","B0CYSLCRQS","X001ZOLVQP","NexLev Mattress, Sofa & Carpet Vacuum Cleaner | For Dust Mites, Allergens & Pet Hair | 4 Step Cleansing with Double Beat, UV Light, Dehumidification & Vacuum | HEPA captures 99.99% Dust|MR-01","1","LKO1","CARRIER_DAMAGED","DEFECTIVE","LPNLKO1B1054329",
"2026-04-13T06:47:48+00:00","407-0195404-6835552","FBA79349","B0D9KDQCCM","X00230EXN3","Nexlev Portable Sewing Machine| 2 Speed Settings| Cordless| Battery operated| USB Type C cord for Plug-in| Quick Fix DIY|Portable & Compact| for all Fabrics| 1 Year Warranty| White","1","BOM7","CUSTOMER_DAMAGED","NOT_COMPATIBLE","LPNBOM7D19404364",
"2026-04-13T06:05:51+00:00","403-9350924-7899543","FBA79567","B0DNJS23HS","X0026FJYJD","NexLev 10 in 1 Steam Cleaner & Mop|2 Steam Modes| Mopping & Deep Cleaning Home Car Sofa Bathroom Kitchen & Office |For All Surfaces|350ML|Chemical Free Cleaning | Detachable & Foldable|SC-04","1","DEL4","CUSTOMER_DAMAGED","QUALITY_UNACCEPTABLE","LPNDEL4AA2248562",
"2026-04-13T05:48:21+00:00","406-9814870-2479526","FBA79567","B0DNJS23HS","X0026FJYJD","NexLev 10 in 1 Steam Cleaner & Mop|2 Steam Modes| Mopping & Deep Cleaning Home Car Sofa Bathroom Kitchen & Office |For All Surfaces|350ML|Chemical Free Cleaning | Detachable & Foldable|SC-04","1","DEL4","CUSTOMER_DAMAGED","DEFECTIVE","LPNDEL4AA2248554",
"2026-04-13T04:41:27+00:00","408-9796852-6175557","FBA78980","B0CDPMX152","X001U1DYK9","NexLev Handheld Garment Steamer | 1500 Watts | 300 ML| Standing & Horizontal Iron Press | Damage Free Steaming for all Cloth Types | 25s Quick Heat |Upto 5 Clothes in One Fill | Travel Friendly |GS-02","1","BLR8","SELLABLE","DEFECTIVE","LPNBLR8Z3523179",
"2026-04-13T04:33:07+00:00","402-3837925-9081924","FBA79679","B0DVC7VJP1","X002876EAV","NexLev Stand Mixer | 5.5L SS Bowl | 1500W |10 Speeds | Pulse Function |Planetary Rotation | Whisk, Beater & Dough Hook |100% Copper Motor | For Roti Atta, Cookie Dough, Cake, Whip Cream & more | ST-01","1","BLR7","SELLABLE","UNDELIVERABLE_REFUSED","LPNBLR7Y6102080",
"2026-04-13T03:38:24+00:00","405-8928202-7921947","FBA79652","B0F43P6D23","X002A07CLV","nexlev Steam Cleaner | Complete Home Kitchen Floor Bathroom Car & Office Cleaning Machine | 9 Accessories | 450 ML | Window Pane Sink Grime Chimney Grease Water Stain Cleaner| 4 M Cord |1050W |SC-05","1","BOM5","SELLABLE","UNDELIVERABLE_REFUSED","LPNBOM5F4956016",
"2026-04-12T12:35:34+00:00","405-1940577-0959535","FBA79567","B0DNJS23HS","X0026FJYJD","NexLev 10 in 1 Steam Cleaner & Mop|2 Steam Modes| Mopping & Deep Cleaning Home Car Sofa Bathroom Kitchen & Office |For All Surfaces|350ML|Chemical Free Cleaning | Detachable & Foldable|SC-04","1","HYD8","SELLABLE","UNDELIVERABLE_REFUSED","LPNHYD8EF43526",
"2026-04-12T12:35:34+00:00","405-9904857-9729103","FBA79276","B0D2LJSQXZ","X0020G47PT","NexLev Steam Mop | Chemical Free Mopping | Floor Cleaning + Carpet Steaming | 4 Extra Mop Pads | 400 ML | 1300W | Floor Disinfectant | For All Floor Types | 4mtr long Cord | Wet & Dry Mopping | SM-01","1","HYD8","SELLABLE","UNDELIVERABLE_REFUSED","LPNHYD8EF43525",
"2026-04-12T11:25:10+00:00","404-2769186-7677958","FBA79493","B0DQCWRG3H","X00272C0EV","NexLev Ionic 3 in 1 Hot Air Brush|1.5 Inch Barrel |Volumizer Blow Dryer & Styler|Ceramic Tourmaline Coated for Heat Protection|1200W|Dual Bristle for Tangle Free Styling|Salon Like Styles at Home|V-03","1","CCX1","SELLABLE","UNDELIVERABLE_REFUSED","LPNCCX1B3340279",
"2026-04-12T10:15:17+00:00","171-5423063-1231550","FBA79812","B0FS6TB7CP","X002F7TH85","NexLev Portable Blender for Smoothies Milkshakes Juices Baby Food | High Borosilicate Glass Jar | 3000 mAh Battery | Type C | Mix Fruit Juicer Mini | 450ml | For Kitchen & Travel | PB-01","1","HYD8","SELLABLE","NOT_COMPATIBLE","LPNHYD8ED31527",
"2026-04-12T09:03:04+00:00","407-6577642-1736331","FBA78980","B0CDPMX152","X001U1DYK9","NexLev Handheld Garment Steamer | 1500 Watts | 300 ML| Standing & Horizontal Iron Press | Damage Free Steaming for all Cloth Types | 25s Quick Heat |Upto 5 Clothes in One Fill | Travel Friendly |GS-02","1","CCX1","SELLABLE","UNDELIVERABLE_REFUSED","LPNCCX1B2585743",
"2026-04-12T08:36:33+00:00","408-2618326-4761913","FBA79652","B0F43P6D23","X002A07CLV","NexLev Steam Cleaner | Complete Home Kitchen Floor Bathroom Car & Office Cleaning machine | 9 Accessories | 450 ML | Window Pane Sink Grime Chimney Grease Water Stain Cleaner| 4 M Cord |1050W |SC-05","1","DED4","SELLABLE","DEFECTIVE","LPNDED4A1562521","All items were out of package and had water droplets in it"
"2026-04-12T08:10:21+00:00","408-9617998-9637931","FBA79443","B0D9KFQG8Q","X00230CWVD","Nexlev Skin Scrubber |Red & Blue LED Therapy| Blackhead Remover| Pore Cleaner| Skin Lifting & tightening, wrinkle remover| 2 Silicone Cleaning Heads| Facial Cleansing|Type C Charging| Elixir Pro LE-03","1","BLR7","SELLABLE","SWITCHEROO","LPNBLR7Y6101788",
"2026-04-12T05:32:41+00:00","402-7036581-8989932","FBA79373","B0D2P5TGWK","X0020H9N9D","NexLev Smart Electric Toothbrush for Adults |2-Min Timer with Quadpacer |2 Replaceable Heads | AAA Battery |3 Modes (Daily, Normal & Sesitive) |Upto 60 Days | Travel Case | Soft Bristles |ET-01 Black","1","DEL4","CARRIER_DAMAGED","UNDELIVERABLE_REFUSED","LPNDEL4AA3202235",
"2026-04-12T04:52:14+00:00","407-5402953-3657904","FBA79573","B0DKK15YNJ","X0025R5BTT","NexLev Oil Applicator Comb|Red Led Light Therapy |Boost Hair Growth| Reduce Dandruff | Relieve Stress |High Vibration Corded Electric Scalp/Head Massager | 6 ML Oil Tank | 2 Hr Run-Time| Type-C|EA-02","1","BLR7","CUSTOMER_DAMAGED","DEFECTIVE","LPNBLR7Y5693696",
"2026-04-12T04:49:28+00:00","402-6662689-8429941","FBA79267","B0D2LD6BYJ","X0020G121B","NexLev 6-in-1 trimmer | Sensitive Bikini Trimmer for Women | Skin Safe with Rounded Tips & Foil Shaver| Hair Removal for Intimate Areas, Face, Arms, Legs & Body | 90 min Runtime |2H Quick Charge |T-02","1","DEL5","SELLABLE","DEFECTIVE","LPNDEL5S13752110",
"2026-04-12T04:27:09+00:00","404-0822769-8493161","FBA79263","B0CYSLCRQS","X001ZOLVQP","NexLev Mattress, Sofa & Carpet Vacuum Cleaner | For Dust Mites, Allergens & Pet Hair | 4 Step Cleansing with Double Beat, UV Light, Dehumidification & Vacuum | HEPA captures 99.99% Dust|MR-01","1","PNQ3","SELLABLE","DEFECTIVE","LPNPNQ3A4699186","Screches all over product dust in product"
"2026-04-12T04:20:34+00:00","405-1324066-4104308","FBA79570","B0DKJXRXKM","X0025R19UT","NexLev Blackhead & Whitehead Remover Tool | Rechargeable |1Hr Use| Acne & Pimple Pore Cleaner | 6 Heads | Electric Derma Suction Machine | Hydra Facial Cleanser Device for Face |For Men & Women |BR-01","1","PNQ3","CUSTOMER_DAMAGED","DEFECTIVE","LPNPNQ3A4686336",
"2026-04-12T04:12:25+00:00","408-0031905-2611538","FBA79349","B0D9KDQCCM","X00230EXN3","Nexlev Portable Sewing Machine| 2 Speed Settings| Cordless| Battery operated| USB Type C cord for Plug-in| Quick Fix DIY|Portable & Compact| for all Fabrics| 1 Year Warranty| White","1","BLR7","CUSTOMER_DAMAGED","FOUND_BETTER_PRICE","LPNBLR7Y4659563",
"2026-04-12T03:53:19+00:00","402-9985286-7797135","FBA78981","B0CDPP45BM","X001U1K281","NexLev Steam Cleaner | For Complete Home Kitchen Bathroom Car Sofa & Office Cleaning Machine | 9 Accessories |300 ML | Window Pane, Sink, Chimney Grease, Water Stain Cleaner| 4 Mtr Cord | 1000W |SC-01","1","LKO1","CUSTOMER_DAMAGED","QUALITY_UNACCEPTABLE","LPNLKO1B1525473",
"2026-04-12T03:49:19+00:00","403-5679713-1136333","FBA79819","B0FT8R24QM","X002F1TU0L","NexLev Portable Cordless Lint Remover | for Woollen, Sweaters, Jackets, Carpets | Fabric Brush | Rue & Burr Remover | Battery Powered Shaver | SS Blade | Safety Lock | LR-03","1","BOM5","SELLABLE","DAMAGED_BY_FC","LPNBOM5F4637784",
"2026-04-12T03:45:40+00:00","407-9741533-3615506","FBA79277","B0D672NXC8","X0021NWGBN","Nexlev SWIPE Steam Cleaner | 3.5 Bar Strong Steam|Multipurpose Steam Cleaner for Car, Kitchen, Bathroom, Floor, Window, Glass, Upholstery| 8 Accessories Kit|Safety Lock| Large 700ML Water Tank | SC-03","1","MAA4","CUSTOMER_DAMAGED","MISORDERED","LPNMAA4Z0296487",
"2026-04-12T03:37:45+00:00","406-9286905-0824326","FBA79652","B0F43P6D23","X002A07CLV","NexLev Steam Cleaner | Complete Home Kitchen Floor Bathroom Car & Office Cleaning machine | 9 Accessories | 450 ML | Window Pane Sink Grime Chimney Grease Water Stain Cleaner| 4 M Cord |1050W |SC-05","1","DEL4","CARRIER_DAMAGED","UNDELIVERABLE_REFUSED","LPNDEL4AA2348296",
"2026-04-12T03:26:16+00:00","407-1568826-1693160","FBA78981","B0CDPP45BM","X001U1K281","NexLev Steam Cleaner | For Complete Home Kitchen Bathroom Car Sofa & Office Cleaning Machine | 9 Accessories |300 ML | Window Pane, Sink, Chimney Grease, Water Stain Cleaner| 4 Mtr Cord | 1000W |SC-01","1","DEL5","SELLABLE","QUALITY_UNACCEPTABLE","LPNDEL5S13496897",
"2026-04-11T11:56:45+00:00","404-4867319-9547527","FBA79265","B0D2LHNS9B","X0020FWBW1","NexLev Foot Callus Remover | Electric Scrubber & Shaver for Dead, Hard & Cracked Skin | Professional Pedicure at Home | Waterproof | Type C | 3 Crystal Quartz Heads | For Men and Women| CR-01","1","BLR8","SELLABLE","DEFECTIVE","LPNBLR8Z3555136",
"2026-04-11T11:05:35+00:00","403-5255516-7096336","FBA79277","B0D672NXC8","X0021NWGBN","Nexlev SWIPE Steam Cleaner | 3.5 Bar Strong Steam|Multipurpose Steam Cleaner for Car, Kitchen, Bathroom, Floor, Window,Glass,Upholstery| 18 Accessories Kit|Safety Lock| Large 1200ML Water Tank | SC-03","1","AMD2","SELLABLE","UNDELIVERABLE_UNKNOWN","LPNAMD2M3780519",
"2026-04-11T11:03:52+00:00","408-4884981-6489937","FBA79349","B0D9KDQCCM","X00230EXN3","Nexlev Portable Sewing Machine| 2 Speed Settings| Cordless| Battery operated| USB Type C cord for Plug-in| Quick Fix DIY|Portable & Compact| for all Fabrics| 1 Year Warranty| White","1","PNQ3","SELLABLE","UNDELIVERABLE_REFUSED","LPNPNQ3A4603336",
"2026-04-11T09:03:04+00:00","408-6855139-3726744","FBA79439","B0DCK7ZH5P","X0023KW3JJ","NexLev Mattress, Sofa, Carpet & Car Seat Vacuum Cleaner|For Dust Mites Allergens & Pet Hair|Cordless Design|1500*3 mAh |UV Sterilization, Double Beat Technology|Type C| HEPA captures 99.99% Dust|MR-02","1","PNQ3","SELLABLE","UNDELIVERABLE_REFUSED","LPNPNQ3A4623656",
"2026-04-11T08:57:33+00:00","406-9706775-3597142","FBA79349","B0D9KDQCCM","X00230EXN3","nexlev Portable Sewing Machine| 2 Speed Settings| Cordless| Battery operated| USB Type C cord for Plug-in| Quick Fix DIY |Portable & Compact| for all Fabrics| 1 Year Warranty| STITCH & STYLE SW-01","1","HYD8","CUSTOMER_DAMAGED","QUALITY_UNACCEPTABLE","LPNHYD8ED47184",
"2026-04-11T08:43:50+00:00","406-0439697-6512353","FBA78980","B0CDPMX152","X001U1DYK9","NexLev Handheld Garment Steamer | 1500 Watts | 300 ML| Standing & Horizontal Iron Press | Damage Free Steaming for all Cloth Types | 25s Quick Heat |Upto 5 Clothes in One Fill | Travel Friendly |GS-02","1","AMD2","SELLABLE","DEFECTIVE","LPNAMD2M3904623",
"2026-04-11T08:21:03+00:00","402-7151586-2601920","FBA79373","B0D2P5TGWK","X0020H9N9D","NexLev Smart Electric Toothbrush for Adults |2-Min Timer with Quadpacer |2 Replaceable Heads | AAA Battery |3 Modes (Daily, Normal & Sesitive) |Upto 60 Days | Travel Case | Soft Bristles |ET-01 Black","1","BLR8","SELLABLE","UNDELIVERABLE_REFUSED","LPNBLR8Z3203838",
"2026-04-11T07:58:35+00:00","403-0215515-1381960","FBA79439","B0DCK7ZH5P","X0023KW3JJ","NexLev Mattress, Sofa, Carpet & Car Seat Vacuum Cleaner|For Dust Mites Allergens & Pet Hair|Cordless Design|1500*3 mAh |UV Sterilization, Double Beat Technology|Type C| HEPA captures 99.99% Dust|MR-02","1","DEL5","SELLABLE","UNDELIVERABLE_REFUSED","LPNDEL5S13745369",
"2026-04-11T07:36:20+00:00","408-6830169-6154753","FBA79263","B0CYSLCRQS","X001ZOLVQP","NexLev Mattress, Sofa & Carpet Vacuum Cleaner | For Dust Mites, Allergens & Pet Hair | 4 Step Cleansing with Double Beat, UV Light, Dehumidification & Vacuum | HEPA captures 99.99% Dust|MR-01","1","HYD8","CARRIER_DAMAGED","DEFECTIVE","LPNHYD8DZ38789",
"2026-04-11T06:59:57+00:00","408-9050541-2743524","FBA79488","B0DFCG2VGS","X002435QZX","Nexlev Multi Purpose Electric Food Kettle|1.8L Stainless Steel Pot| 600W|Boil, Steam, Fry, Saute| Double Layered Body|2 Heat Settings|Multi Function for Water, Milk, Egg, Soup, Noodles|KE-01","1","HYD8","CARRIER_DAMAGED","UNDELIVERABLE_REFUSED","LPNHYD8EE51225",
"2026-04-11T06:07:25+00:00","407-5752533-7612369","FBK79591","B0F29SZCVF","X0029O6KFH","NexLev Knee Massager for Joint Pain Relief |Controlled Vibration & Heating for Arthritis, Knee, Shoulder or Elbow pain | 15 modes |2 Extension Belt |Graphene Heating pad for Consistent Heating | KM-01","1","BOM5","CUSTOMER_DAMAGED","QUALITY_UNACCEPTABLE","LPNBOM5F4740127",
"2026-04-11T04:46:52+00:00","171-2576362-4032322","FBA79488","B0DFCG2VGS","X002435QZX","Nexlev Multi Purpose Electric Food Kettle|1.8L Stainless Steel Pot| 600W|Boil, Steam, Fry, Saute| Double Layered Body|2 Heat Settings|Multi Function for Water, Milk, Egg, Soup, Noodles|KE-01","1","DEL4","CUSTOMER_DAMAGED","SWITCHEROO","LPNDEL4AA2162474",
"2026-04-11T04:28:46+00:00","403-3065856-4584318","FBA78981","B0CDPP45BM","X001U1K281","NexLev Steam Cleaner | For Complete Home Kitchen Bathroom Car Sofa & Office Cleaning Machine | 9 Accessories |300 ML | Window Pane, Sink, Chimney Grease, Water Stain Cleaner| 4 Mtr Cord | 1000W |SC-01","1","BLR7","SELLABLE","UNDELIVERABLE_REFUSED","LPNBLR7Y5301742",
"2026-04-11T03:36:31+00:00","403-1188064-3792321","FBA79349","B0D9KDQCCM","X00230EXN3","Nexlev Portable Sewing Machine| 2 Speed Settings| Cordless| Battery operated| USB Type C cord for Plug-in| Quick Fix DIY|Portable & Compact| for all Fabrics| 1 Year Warranty| White","1","HYD8","CUSTOMER_DAMAGED","QUALITY_UNACCEPTABLE","LPNHYD8ED46898",
"2026-04-11T03:19:59+00:00","402-9285907-6948315","FBA79652","B0F43P6D23","X002A07CLV","NexLev Steam Cleaner | Complete Home Kitchen Floor Bathroom Car & Office Cleaning machine | 9 Accessories | 450 ML | Window Pane Sink Grime Chimney Grease Water Stain Cleaner| 4 M Cord |1050W |SC-05","1","DEL4","CUSTOMER_DAMAGED","MISSING_PARTS","LPNDEL4AA2162398",
"2026-04-10T20:07:40+00:00","404-4676982-2364301","FBA78981","B0CDPP45BM","X001U1K281","NexLev Steam Cleaner | For Complete Home Kitchen Bathroom Car Sofa & Office Cleaning Machine | 9 Accessories |300 ML | Window Pane, Sink, Chimney Grease, Water Stain Cleaner| 5 Mtr Cord | 1000W |SC-01","1","BOM5","SELLABLE","UNDELIVERABLE_REFUSED","LPNBOM5F4940003",
"2026-04-10T11:08:18+00:00","403-7376980-9362731","FBA78981","B0CDPP45BM","X001U1K281","NexLev Steam Cleaner | For Complete Home Kitchen Bathroom Car Sofa & Office Cleaning Machine | 9 Accessories |300 ML | Window Pane, Sink, Chimney Grease, Water Stain Cleaner| 4 Mtr Cord | 1000W |SC-01","1","CJB1","SELLABLE","UNDELIVERABLE_REFUSED","LPNCJB1X003219",
"2026-04-10T10:40:19+00:00","405-4223023-5113918","FBA79349","B0D9KDQCCM","X00230EXN3","Nexlev Portable Sewing Machine| 2 Speed Settings| Cordless| Battery operated| USB Type C cord for Plug-in| Quick Fix DIY|Portable & Compact| for all Fabrics| 1 Year Warranty| White","1","PNQ3","CUSTOMER_DAMAGED","SWITCHEROO","LPNPNQ3A4652918",
"2026-04-10T09:10:36+00:00","402-2479372-0022717","FBA79349","B0D9KDQCCM","X00230EXN3","nexlev Portable Sewing Machine| 2 Speed Settings| Cordless| Battery operated| USB Type C cord for Plug-in| Quick Fix DIY |Portable & Compact| for all Fabrics| 1 Year Warranty| STITCH & STYLE SW-01","1","HYD8","SELLABLE","UNDELIVERABLE_REFUSED","LPNHYD8ED42500",
"2026-04-10T08:17:13+00:00","403-9910256-7626738","FBA79570","B0DKJXRXKM","X0025R19UT","NexLev Blackhead & Whitehead Remover Tool | Rechargeable |1Hr Use| Acne & Pimple Pore Cleaner | 6 Heads | Electric Derma Suction Machine | Hydra Facial Cleanser Device for Face |For Men & Women |BR-01","1","BLR7","SELLABLE","DEFECTIVE","LPNBLR7Y6100868",
"2026-04-10T07:54:26+00:00","171-9623349-5663561","FBA79493","B0DQCWRG3H","X00272C0EV","NexLev Ionic 3 in 1 Hot Air Brush|1.5 Inch Barrel |Volumizer Blow Dryer & Styler|Ceramic Tourmaline Coated for Heat Protection|1200W|Dual Bristle for Tangle Free Styling|Salon Like Styles at Home|V-03","1","CJB1","SELLABLE","UNDELIVERABLE_REFUSED","LPNCJB1X052489",
"2026-04-10T07:52:03+00:00","171-3619596-5225155","FBA79332","B0D63FKYZ5","X0021N7IF7","NexLev Scalp Massager for Stress Relief | Head Massager for Hair Growth | 96 Tangle Free Silicone Kneading Nodes | Hand Like Massage | 120 Min Runtime | Type C | Washable Heads | 3 Modes | HM-01","1","DEL4","SELLABLE","MISSING_PARTS","LPNDEL4AA2362263",
"2026-04-10T07:51:40+00:00","408-1286671-9004315","FBK79591","B0F29SZCVF","X0029O6KFH","NexLev Knee Massager for Joint Pain Relief |Controlled Vibration & Heating for Arthritis, Knee, Shoulder or Elbow pain | 15 modes |2 Extension Belt |Graphene Heating pad for Consistent Heating | KM-01","1","AMD2","SELLABLE","UNDELIVERABLE_REFUSED","LPNAMD2M3800516",
"2026-04-10T07:17:06+00:00","407-4150269-6737164","FBA79277","B0D672NXC8","X0021NWGBN","Nexlev SWIPE Steam Cleaner | 3.5 Bar Strong Steam|Multipurpose Steam Cleaner for Car, Kitchen, Bathroom, Floor, Window, Glass, Upholstery| 8 Accessories Kit|Safety Lock| Large 700ML Water Tank | SC-03","1","HYD8","CUSTOMER_DAMAGED","DEFECTIVE","LPNHYD8ED33679",
"2026-04-10T06:52:11+00:00","403-2713856-8464345","FBA79349","B0D9KDQCCM","X00230EXN3","nexlev Portable Sewing Machine| 2 Speed Settings| Cordless| Battery operated| USB Type C cord for Plug-in| Quick Fix DIY |Portable & Compact| for all Fabrics| 1 Year Warranty| STITCH & STYLE SW-01","1","BOM5","CARRIER_DAMAGED","UNDELIVERABLE_REFUSED","LPNBOM5F4926550",
"2026-04-10T06:50:13+00:00","407-1467884-1687552","FBA78981","B0CDPP45BM","X001U1K281","NexLev Steam Cleaner | For Complete Home Kitchen Bathroom Car Sofa & Office Cleaning Machine | 9 Accessories |300 ML | Window Pane, Sink, Chimney Grease, Water Stain Cleaner| 4 Mtr Cord | 1000W |SC-01","1","LKO1","SELLABLE","UNDELIVERABLE_REFUSED","LPNLKO1B1403401",
"2026-04-10T06:47:05+00:00","402-7077524-3163550","FBA79406","B0DCK3N2JJ","X0023L3KG3","NexLev Ionic Cordless Hair Straightener Brush | 60min Runtime | upto 200° Heating | Portable & Type C Rechargeable | Keratin Bristles |Straight, Frizz Free & Shiny Hair | Compact Comb Design | HSB-04","1","MAA4","DEFECTIVE","DAMAGED_BY_FC","LPNMAA4Z1389070","The product is damaged"
"2026-04-10T06:41:47+00:00","171-9949577-5249922","FBA78981","B0CDPP45BM","X001U1K281","NexLev Steam Cleaner | For Complete Home Kitchen Bathroom Car Sofa & Office Cleaning Machine | 9 Accessories |300 ML | Window Pane, Sink, Chimney Grease, Water Stain Cleaner| 4 Mtr Cord | 1000W |SC-01","1","BLR7","SELLABLE","QUALITY_UNACCEPTABLE","LPNBLR7Y4644814",
"2026-04-10T06:02:36+00:00","171-3745836-9670744","FBK79271","B0DQ8W1RBV","X00271JY6J","Nexlev Ionic Volumizer|3 In 1 Hot Air Brush To Straight Dry & Volumize|1200 Watts|Reduce Frizz|Ceramic Tourmaline Coated Large Barrel|Salon Like Soft Curl At Home|3 Speed & 2 Heat Settings|V-01 RG","1","DED4","DAMAGED","UNDELIVERABLE_REFUSED","LPNDED4A1463398",
"2026-04-10T05:14:25+00:00","408-7065489-1469925","FBA78981","B0CDPP45BM","X001U1K281","NexLev Steam Cleaner | For Complete Home Kitchen Bathroom Car Sofa & Office Cleaning Machine | 9 Accessories |300 ML | Window Pane, Sink, Chimney Grease, Water Stain Cleaner| 4 Mtr Cord | 1000W |SC-01","1","CJB1","CUSTOMER_DAMAGED","SWITCHEROO","LPNCJB1X003062",
"2026-04-10T05:01:50+00:00","402-2734300-0003528","FBA79263","B0CYSLCRQS","X001ZOLVQP","NexLev Mattress, Sofa & Carpet Vacuum Cleaner | For Dust Mites, Allergens & Pet Hair | 4 Step Cleansing with Double Beat, UV Light, Dehumidification & Vacuum | HEPA captures 99.99% Dust|MR-01","1","LKO1","DEFECTIVE","SWITCHEROO","LPNLKO1B0314684","Not work properly"
"2026-04-10T04:37:10+00:00","406-3562743-5171563","FBA79489","B0DFD123P5","X00243S2SB","Nexlev MultiPurpose Electric Food Kettle|1.5 L Ceramic Pot | 600W| Boil, Steam, Fry, Saute| Double Layered Body| 2 Temperature Settings| Multi Cooker for Water, Egg, Tea, Soup, Noodles, Rice| KE-02","1","AMD2","SELLABLE","UNDELIVERABLE_REFUSED","LPNAMD2M3804611",
"2026-04-10T04:35:27+00:00","407-7909164-3832322","FBA78980","B0CDPMX152","X001U1DYK9","NexLev Handheld Garment Steamer | 1500 Watts | 300 ML| Standing & Horizontal Iron Press | Damage Free Steaming for all Cloth Types | 25s Quick Heat |Upto 5 Clothes in One Fill | Travel Friendly |GS-02","1","LKO1","SELLABLE","DEFECTIVE","LPNLKO1B1409219",
"2026-04-10T04:21:29+00:00","406-8821694-9547538","FBA79263","B0CYSLCRQS","X001ZOLVQP","NexLev Mattress, Sofa & Carpet Vacuum Cleaner | For Dust Mites, Allergens & Pet Hair | 4 Step Cleansing with Double Beat, UV Light, Dehumidification & Vacuum | HEPA captures 99.99% Dust|MR-01","1","AMD2","CARRIER_DAMAGED","UNDELIVERABLE_REFUSED","LPNAMD2M3804620",
"2026-04-10T03:39:25+00:00","408-8227681-2293968","FBA79652","B0F43P6D23","X002A07CLV","NexLev Steam Cleaner | Complete Home Kitchen Floor Bathroom Car & Office Cleaning machine | 9 Accessories | 450 ML | Window Pane Sink Grime Chimney Grease Water Stain Cleaner| 4 M Cord |1050W |SC-05","1","PNQ3","SELLABLE","DEFECTIVE","LPNPNQ3A4663171",
"2026-04-10T03:38:15+00:00","406-4718007-6389917","FBA79263","B0CYSLCRQS","X001ZOLVQP","NexLev Mattress, Sofa & Carpet Vacuum Cleaner | For Dust Mites, Allergens & Pet Hair | 4 Step Cleansing with Double Beat, UV Light, Dehumidification & Vacuum | HEPA captures 99.99% Dust|MR-01","1","DEL5","CARRIER_DAMAGED","DEFECTIVE","LPNDEL5S13756005",
"2026-04-10T03:32:41+00:00","171-3326106-3259525","FBA79812","B0FS6TB7CP","X002F7TH85","NexLev Portable Blender for Smoothies Milkshakes Juices Baby Food | High Borosilicate Glass Jar | 3000 mAh Battery | Type C | Mix Fruit Juicer Mini | 450ml | For Kitchen & Travel | PB-01","1","AMD2","SELLABLE","UNDELIVERABLE_UNKNOWN","LPNAMD2M3787991",
"2026-04-10T03:12:20+00:00","171-2406182-6739569","FBA79493","B0DQCWRG3H","X00272C0EV","NexLev Ionic 3 in 1 Hot Air Brush|1.5 Inch Barrel |Volumizer Blow Dryer & Styler|Ceramic Tourmaline Coated for Heat Protection|1200W|Dual Bristle for Tangle Free Styling|Salon Like Styles at Home|V-03","1","BOM5","SELLABLE","UNDELIVERABLE_REFUSED","LPNBOM5F4971067",
"2026-04-09T11:56:10+00:00","407-4962213-0229104","FBA79819","B0FT8R24QM","X002F1TU0L","NexLev Portable Cordless Lint Remover | for Woollen, Sweaters, Jackets, Carpets | Fabric Brush | Rue & Burr Remover | Battery Powered Shaver | SS Blade | Safety Lock | LR-03","1","CCX1","CUSTOMER_DAMAGED","QUALITY_UNACCEPTABLE","LPNCCX1B2677646",
"2026-04-09T11:43:34+00:00","402-0548395-8868317","FBA79493","B0DQCWRG3H","X00272C0EV","NexLev Ionic 3 in 1 Hot Air Brush|1.5 Inch Barrel |Volumizer Blow Dryer & Styler|Ceramic Tourmaline Coated for Heat Protection|1200W|Dual Bristle for Tangle Free Styling|Salon Like Styles at Home|V-03","1","HYD8","SELLABLE","UNDELIVERABLE_REFUSED","LPNHYD8ED46284",
"2026-04-09T11:06:06+00:00","407-1608684-9333162","FBA79607","B0F2N11VTN","X0029POFHV","NexLev Replacement Stainless Steel Blades (Set of 2) | Compatible with NexLev Lint Remover LR-02 | Sharp & Durable Blades for Effective Fabric Defuzzing | Easy to Replace | Smooth & Safe Performance","1","DEL4","SELLABLE","UNDELIVERABLE_REFUSED","LPNDEL4AA2055486",
"2026-04-09T10:35:53+00:00","171-0031246-7899541","FBK79591","B0F29SZCVF","X0029O6KFH","NexLev Knee Massager for Joint Pain Relief |Controlled Vibration & Heating for Arthritis, Knee, Shoulder or Elbow pain | 15 modes |2 Extension Belt |Graphene Heating pad for Consistent Heating | KM-01","1","HYD8","CUSTOMER_DAMAGED","DEFECTIVE","LPNHYD8ED27854",
"2026-04-09T09:12:50+00:00","402-9135379-2048321","FBA79268","B0D383WQPB","X0020OHLDV","NexLev Foldable Garment Steamer for Home & Travel | Convenient Vertical Steaming | 1200W | 120 ml | Lightweight & Compact | 30s Fast Heating | Iron for all Cloth Types | 2 M cord | Anti Spill | GS-05","1","BOM5","SELLABLE","DAMAGED_BY_FC","LPNBOM5F4978171","The water canister is cracked from the top. Packaging was ok. No other damage"
"2026-04-09T08:30:36+00:00","408-5132471-4652362","FBA79570","B0DKJXRXKM","X0025R19UT","NexLev Blackhead & Whitehead Remover Tool | Rechargeable |1Hr Use| Acne & Pimple Pore Cleaner | 6 Heads | Electric Derma Suction Machine | Hydra Facial Cleanser Device for Face |For Men & Women |BR-01","1","BOM5","SELLABLE","UNDELIVERABLE_REFUSED","LPNBOM5F4949479",
"2026-04-09T08:11:47+00:00","406-8171576-2921124","FBA79472","B0DFCDZWND","X002435CVL","NexLev Cordless Electric Heating Pad| Period Cramp & Back Pain Relief Massager | 9 modes| Menstrual Cramp Relief|Type C| Crampfree Periods | Portable | Gift for Women| Strap upto 40 Inch |Purple CM-02","1","BOM5","CUSTOMER_DAMAGED","QUALITY_UNACCEPTABLE","LPNBOM5F4972677",
"2026-04-09T07:50:50+00:00","402-0276032-5451564","FBA79263","B0CYSLCRQS","X001ZOLVQP","NexLev Mattress, Sofa & Carpet Vacuum Cleaner | For Dust Mites, Allergens & Pet Hair | 4 Step Cleansing with Double Beat, UV Light, Dehumidification & Vacuum | HEPA captures 99.99% Dust|MR-01","1","HYD8","CUSTOMER_DAMAGED","DEFECTIVE","LPNHYD8ED39729",
"2026-04-09T07:48:04+00:00","403-3266846-7961122","FBA79812","B0FS6TB7CP","X002F7TH85","NexLev Portable Blender for Smoothies Milkshakes Crushing Ice Juices | 6 Leaf Stainless Steel Blade | 3000 mAh Battery | Type C | Mix Fruit Juicer Mini | 450ml | For Kitchen & Travel | PB-01","1","HYD8","CUSTOMER_DAMAGED","DEFECTIVE","LPNHYD8EF42161",
"2026-04-09T06:59:52+00:00","404-8351592-5465913","FBA79682","B0DVC8NYY2","X002872SBZ","NexLev Cool Mist Humidifier | 2.2L| For Office, Indoor Plants, Baby Nursery | Quiet Operation | Works 30Hrs on Low Setting | 360° Nozzle | Auto Shut-Off | Adjustable Knob | Leak Proof | HU-02","1","BLR8","SELLABLE","UNDELIVERABLE_REFUSED","LPNBLR8Z3386078",
"2026-04-09T05:48:54+00:00","402-1084514-4107535","FBA79991","B0GN85NZQN","X002IK70C9","NexLev Dehumidifier for Room Moisture Absorption | 1000ML Tank | Ideal for Mold & Moisture Removal |For Room Wardrobe Kitchen Office| Auto Shut-Off Function| Preset Timer & Humidty Control | DH-01","1","HYD8","CARRIER_DAMAGED","NO_REASON_GIVEN","LPNHYD8DZ37808",
"2026-04-09T05:08:30+00:00","408-2021218-2400334","FBA79652","B0F43P6D23","X002A07CLV","NexLev Steam Cleaner | Complete Home Kitchen Floor Bathroom Car & Office Cleaning machine | 9 Accessories | 450 ML | Window Pane Sink Grime Chimney Grease Water Stain Cleaner| 4 M Cord |1050W |SC-05","1","HYD8","CUSTOMER_DAMAGED","DEFECTIVE","LPNHYD8EE42478",
"2026-04-09T04:09:00+00:00","404-3231212-7269116","FBA79263","B0CYSLCRQS","X001ZOLVQP","NexLev Mattress, Sofa & Carpet Vacuum Cleaner | For Dust Mites, Allergens & Pet Hair | 4 Step Cleansing with Double Beat, UV Light, Dehumidification & Vacuum | HEPA captures 99.99% Dust|MR-01","1","HYD8","CARRIER_DAMAGED","UNDELIVERABLE_REFUSED","LPNHYD8DY24511",
"2026-04-09T04:02:15+00:00","171-1095189-5380351","FBA79567","B0DNJS23HS","X0026FJYJD","NexLev 10 in 1 Steam Cleaner & Mop|2 Steam Modes| Mopping & Deep Cleaning Home Car Sofa Bathroom Kitchen & Office |For All Surfaces|350ML|Chemical Free Cleaning | Detachable & Foldable|SC-04","1","BOM5","CUSTOMER_DAMAGED","MISSING_PARTS","LPNBOM5F4968526",
"2026-04-09T03:59:51+00:00","403-6192348-0393139","FBA79349","B0D9KDQCCM","X00230EXN3","Nexlev Portable Sewing Machine| 2 Speed Settings| Cordless| Battery operated| USB Type C cord for Plug-in| Quick Fix DIY|Portable & Compact| for all Fabrics| 1 Year Warranty| White","1","BLR7","CUSTOMER_DAMAGED","QUALITY_UNACCEPTABLE","LPNBLR7Y5210475",
"2026-04-08T17:32:19+00:00","408-3387814-2292349","FBA79349","B0D9KDQCCM","X00230EXN3","Nexlev Portable Sewing Machine| 2 Speed Settings| Cordless| Battery operated| USB Type C cord for Plug-in| Quick Fix DIY|Portable & Compact| for all Fabrics| 1 Year Warranty| White","1","CCX1","DEFECTIVE","DEFECTIVE","LPNCCX1B2435570","H"
"2026-04-08T11:47:22+00:00","405-3179739-1897147","FBA79263","B0CYSLCRQS","X001ZOLVQP","NexLev Mattress, Sofa & Carpet Vacuum Cleaner | For Dust Mites, Allergens & Pet Hair | 4 Step Cleansing with Double Beat, UV Light, Dehumidification & Vacuum | HEPA captures 99.99% Dust|MR-01","1","PNQ3","SELLABLE","UNDELIVERABLE_UNKNOWN","LPNPNQ3A4640812",
"2026-04-08T11:26:17+00:00","408-1762316-9705945","FBA79681","B0DVC968P1","X002875WQX","NexLev Cool Mist Humidifier | 3.5L| For Office, Indoor Plants, Baby Nursery | Quiet Operation | Works 44Hrs on Low Setting | 360° Nozzle | Auto Shut-Off | Adjustable Knob | Leak Proof | HU-01","1","DED4","SELLABLE","DEFECTIVE","LPNDED4A1473085",
"2026-04-08T10:10:45+00:00","408-4362033-1020301","FBA79452","B0DCGHVN81","X0023JV0A3","NexLev 2 in 1 Handheld & Stick Vacuum Cleaner | 17500 PA Suction | Dry Vacuuming for Home & Office | Washable HEPA Filter | 4 Adjustable Heads | Bagless| Deep Cleaning for Sofa Bed Window & more|VC-01","1","DEL4","CARRIER_DAMAGED","DEFECTIVE","LPNDEL4AA2155162",
"2026-04-08T10:06:08+00:00","404-5217887-0345108","FBA79676","B0DV91JGF1","X00286CS93","NexLev Orthopaedic Heat and Massage Belt | Massager for Lower Back Shoulder Cramps and Neck Pain Relief | 3 massage Modes | 2 intensities | Heat for Soothing Sore Muscles | 30 min Auto Shut off |HB-01","1","BLR7","SELLABLE","DEFECTIVE","LPNBLR7Y4685880","The machine look used or very old ."
"2026-04-08T09:52:22+00:00","403-5800720-6952304","FBA78980","B0CDPMX152","X001U1DYK9","NexLev Handheld Garment Steamer | 1500 Watts | 300 ML| Standing & Horizontal Iron Press | Damage Free Steaming for all Cloth Types | 25s Quick Heat |Upto 5 Clothes in One Fill | Travel Friendly |GS-02","1","LKO1","SELLABLE","DEFECTIVE","LPNLKO1B1405665",
"2026-04-08T09:31:11+00:00","402-1043334-5545913","FBA79771","B0F678L8YT","X002AH2EEJ","nexlev Replacement Accessory Kit for Steam Cleaner SC-01 | Multipurpose Cleaning Attachments for Home, Kitchen, Bathroom & Car","1","BOM5","CUSTOMER_DAMAGED","DEFECTIVE","LPNBOM5F4955245",
"2026-04-08T09:19:33+00:00","404-4838724-9060356","FBA79590","B0DM6BB3VT","X00263BT43","NexLev Calf Massager | Daily Use Leg Massager for Sore Muscle |1 Piece | Hand Like Massage with Air Compression | Improve Blood Circulation & Relieve Pain | 2500 mAh | Large Belt | Type C |CFM-01","1","BLR7","SELLABLE","DAMAGED_BY_FC","LPNBLR7Y5662714","The equipment is broken"
"2026-04-08T08:51:36+00:00","406-0483576-0804304","FBA79263","B0CYSLCRQS","X001ZOLVQP","NexLev Mattress, Sofa & Carpet Vacuum Cleaner | For Dust Mites, Allergens & Pet Hair | 4 Step Cleansing with Double Beat, UV Light, Dehumidification & Vacuum | HEPA captures 99.99% Dust|MR-01","1","HYD8","CUSTOMER_DAMAGED","SWITCHEROO","LPNHYD8DZ23890",
"2026-04-08T08:42:40+00:00","406-2716104-9272333","FBA79488","B0DFCG2VGS","X002435QZX","Nexlev Multi Purpose Electric Food Kettle|1.8L Stainless Steel Pot| 600W|Boil, Steam, Fry, Saute| Double Layered Body|2 Heat Settings|Multi Function for Water, Milk, Egg, Soup, Noodles|KE-01","1","CCX1","SELLABLE","UNDELIVERABLE_REFUSED","LPNCCX1B2582847",
"2026-04-08T08:31:27+00:00","402-8964275-9569150","FBA79271","B0D83Q7L8W","X0022IERCN","NexLev Ionic Hot Air Brush | 3 in 1 Blow Dryer, Straightener & Styler | 360° Airflow Vents | Ceramic Tourmaline Coated Brushing Head | Tangle Free Bristle | 1200W | 3 Speed & 2 Heat Settings|V-01","1","BOM5","SELLABLE","UNDELIVERABLE_REFUSED","LPNBOM5F4938707",
"2026-04-08T08:03:36+00:00","402-2273434-7625162","FBA79489","B0DFD123P5","X00243S2SB","Nexlev MultiPurpose Electric Food Kettle|1.5 L Ceramic Pot | 600W| Boil, Steam, Fry, Saute| Double Layered Body| 2 Temperature Settings| Multi Cooker for Water, Egg, Tea, Soup, Noodles, Rice| KE-02","1","HYD8","SELLABLE","NEVER_ARRIVED","LPNHYD8ED39241",
"2026-04-08T07:48:11+00:00","408-5769039-6038734","FBA79590","B0DM6BB3VT","X00263BT43","nexlev Calf Massager | Daily Use Leg Massager for Sore Muscle |1 Piece | Hand Like Massage with Air Compression | Improve Blood Circulation & Relieve Pain | 2500 mAh | Large Belt | Type C |CFM-01","1","HYD8","CUSTOMER_DAMAGED","DEFECTIVE","LPNHYD8ED39249",
"2026-04-08T05:47:57+00:00","405-3715282-1381105","FBA79493","B0DQCWRG3H","X00272C0EV","NexLev Ionic 3 in 1 Hot Air Brush|1.5 Inch Barrel |Volumizer Blow Dryer & Styler|Ceramic Tourmaline Coated for Heat Protection|1200W|Dual Bristle for Tangle Free Styling|Salon Like Styles at Home|V-03","1","CJB1","SELLABLE","UNDELIVERABLE_UNKNOWN","LPNCJB1X144021",
"2026-04-08T05:14:00+00:00","408-6826115-1430729","FBA79280","B0D845B2DG","X0022J93DP","NexLev Rechargeable Lint Remover | for Woollen Sweaters Shirts Coat Curtains & Carpets | Rue & Burr Remover | 180 Min Use | TypeC | SS Blade | 2000mAh | 3 Speed Modes | Safety Lock | LR-02","1","DEL5","CUSTOMER_DAMAGED","DEFECTIVE","LPNDEL5S13775454",
"2026-04-08T05:11:32+00:00","405-5785937-9040351","FBA79590","B0DM6BB3VT","X00263BT43","NexLev Calf Massager | Daily Use Leg Massager for Sore Muscle |1 Piece | Hand Like Massage with Air Compression | Improve Blood Circulation & Relieve Pain | 2500 mAh | Large Belt | Type C |CFM-01","1","CCX1","SELLABLE","UNDELIVERABLE_REFUSED","LPNCCX1B2672086",
"2026-04-08T04:01:02+00:00","406-0683677-8992360","FBA79493","B0DQCWRG3H","X00272C0EV","NexLev Ionic 3 in 1 Hot Air Brush|1.5 Inch Barrel |Volumizer Blow Dryer & Styler|Ceramic Tourmaline Coated for Heat Protection|1200W|Dual Bristle for Tangle Free Styling|Salon Like Styles at Home|V-03","1","DEL4","SELLABLE","UNDELIVERABLE_REFUSED","LPNDEL4AA1959109",
"2026-04-08T03:52:36+00:00","403-8870666-0026712","FBA79567","B0DNJS23HS","X0026FJYJD","NexLev 10 in 1 Steam Cleaner & Mop|2 Steam Modes| Mopping & Deep Cleaning Home Car Sofa Bathroom Kitchen & Office |For All Surfaces|350ML|Chemical Free Cleaning | Detachable & Foldable|SC-04","1","BLR7","SELLABLE","NO_REASON_GIVEN","LPNBLR7Y6063046",
"2026-04-08T03:47:59+00:00","403-0587655-7493969","FBA79439","B0DCK7ZH5P","X0023KW3JJ","NexLev Mattress, Sofa, Carpet & Car Seat Vacuum Cleaner|For Dust Mites Allergens & Pet Hair|Cordless Design|1500*3 mAh |UV Sterilization, Double Beat Technology|Type C| HEPA captures 99.99% Dust|MR-02","1","AMD2","SELLABLE","SWITCHEROO","LPNAMD2M3817593",
"2026-04-08T03:47:34+00:00","407-8353692-6885963","FBA79606","B0F2N37819","X0029PJ3YV","NexLev Replacement Stainless Steel Blades (Set of 2) | Compatible with NexLev Lint Remover LR-01 | Sharp & Durable Blades for Effective Fabric Defuzzing | Easy to Replace | Smooth & Safe Performance","1","DEL5","DEFECTIVE","NOT_COMPATIBLE","LPNDEL5S13503441","not good to use and not working model"
"2026-04-08T03:39:11+00:00","405-1173242-1371552","FBA79277","B0D672NXC8","X0021NWGBN","Nexlev SWIPE Steam Cleaner | 3.5 Bar Strong Steam|Multipurpose Steam Cleaner for Car, Kitchen, Bathroom, Floor, Window,Glass,Upholstery| 8 Accessories Kit|Safety Lock| Large 1200ML Water Tank | SC-03","1","BLR8","SELLABLE","UNDELIVERABLE_REFUSED","LPNBLR8Z3476237",
"2026-04-08T03:37:27+00:00","405-3814840-8049155","FBK79591","B0F29SZCVF","X0029O6KFH","NexLev Knee Massager for Joint Pain Relief |Controlled Vibration & Heating for Arthritis, Knee, Shoulder or Elbow pain | 15 modes |2 Extension Belt |Graphene Heating pad for Consistent Heating | KM-01","1","DEL5","SELLABLE","UNDELIVERABLE_UNKNOWN","LPNDEL5S13531734",
"2026-04-08T03:33:49+00:00","404-8862661-0275526","FBA79812","B0FS6TB7CP","X002F7TH85","NexLev Portable Blender for Smoothies Milkshakes Juices Baby Food | High Borosilicate Glass Jar | 3000 mAh Battery | Type C | Mix Fruit Juicer Mini | 450ml | For Kitchen & Travel | PB-01","1","BLR7","SELLABLE","DEFECTIVE","LPNBLR7Y5494892",
"2026-04-08T03:16:54+00:00","171-7373326-8607530","FBA79652","B0F43P6D23","X002A07CLV","NexLev Steam Cleaner | For Complete Home Kitchen Bathroom Window Car & Office Cleaning | 9 Accessories | 450 ML | Window Pane Sink Grime Chimney Grease Water Stain Cleaner| 4 Meter Cord | 1050W |SC-05","1","AMD2","CUSTOMER_DAMAGED","SWITCHEROO","LPNAMD2M3858114",
"2026-04-08T03:12:19+00:00","406-1856493-1632326","FBA79489","B0DFD123P5","X00243S2SB","Nexlev MultiPurpose Electric Food Kettle|1.5 L Ceramic Pot | 600W| Boil, Steam, Fry, Saute| Double Layered Body| 2 Temperature Settings| Multi Cooker for Water, Egg, Tea, Soup, Noodles, Rice| KE-02","1","BOM5","SELLABLE","UNDELIVERABLE_REFUSED","LPNBOM5F4901825",
"2026-04-08T03:10:22+00:00","408-5755925-1649135","FBA79406","B0DCK3N2JJ","X0023L3KG3","NexLev Ionic Cordless Hair Straightener Brush | 60min Runtime | upto 200° Heating | Portable & Type C Rechargeable | Keratin Bristles |Straight, Frizz Free & Shiny Hair | Compact Comb Design | HSB-04","1","BOM5","SELLABLE","UNDELIVERABLE_UNKNOWN","LPNBOM5F4916389",
"2026-04-07T14:20:46+00:00","405-1597186-8251562","FBA79349","B0D9KDQCCM","X00230EXN3","Nexlev Portable Sewing Machine| 2 Speed Settings| Cordless| Battery operated| USB Type C cord for Plug-in| Quick Fix DIY|Portable & Compact| for all Fabrics| 1 Year Warranty| White","1","BOM5","CUSTOMER_DAMAGED","QUALITY_UNACCEPTABLE","LPNBOM5F4703561",
"2026-04-07T12:45:40+00:00","407-5872954-7432326","FBA79276","B0D2LJSQXZ","X0020G47PT","NexLev Steam Mop | Chemical Free Mopping | Floor Cleaning + Carpet Steaming | 4 Extra Mop Pads | 400 ML | 1300W | Floor Disinfectant | For All Floor Types | 4mtr long Cord | Wet & Dry Mopping | SM-01","1","BLR8","SELLABLE","UNDELIVERABLE_REFUSED","LPNBLR8Z3476206",
"2026-04-07T12:06:31+00:00","403-0501687-8182720","FBA79265","B0D2LHNS9B","X0020FWBW1","NexLev Foot Callus Remover | Electric Scrubber & Shaver for Dead, Hard & Cracked Skin | Professional Pedicure at Home | Waterproof | Type C | 3 Crystal Quartz Heads | For Men and Women| CR-01","1","BLR8","SELLABLE","UNDELIVERABLE_REFUSED","LPNBLR8Z4526185",
"2026-04-07T11:12:44+00:00","404-3187550-9213156","FBA79912","B0FYNKYJFN","X002FV5LIL","NexLev Replacement Accessory Kit for Steam Cleaner SC-05 | Multipurpose Cleaning Attachments for Home, Kitchen, Bathroom & Car","1","BOM5","DEFECTIVE","MISSING_PARTS","LPNBOM5F4912990","one towel sleeve missing"
"2026-04-07T11:06:57+00:00","403-4587850-3604301","FBA79566","B0DKJSCLBD","X0025QW265","nexlev Cordless Wet & Dry Vacuum Cleaner|For Home Car & Office Use|3 Attachments | 4000 mAh Battery|Quick Cleaning of Desk, Coffee tea or Water Spill | Compact & Portable | VC-05","1","DED4","SELLABLE","DEFECTIVE","LPNDED4A1472650",
"2026-04-07T10:38:39+00:00","408-8216409-9289149","FBA79570","B0DKJXRXKM","X0025R19UT","NexLev Blackhead & Whitehead Remover Tool | Rechargeable |1Hr Use| Acne & Pimple Pore Cleaner | 6 Heads | Electric Derma Suction Machine | Hydra Facial Cleanser Device for Face |For Men & Women |BR-01","1","DEL5","SELLABLE","SWITCHEROO","LPNDEL5S13708541",
"2026-04-07T10:33:28+00:00","405-7369590-3775500","FBA79349","B0D9KDQCCM","X00230EXN3","nexlev Portable Sewing Machine| 2 Speed Settings| Cordless| Battery operated| USB Type C cord for Plug-in| Quick Fix DIY |Portable & Compact| for all Fabrics| 1 Year Warranty| STITCH & STYLE SW-01","1","BOM5","SELLABLE","ORDERED_WRONG_ITEM","LPNBOM5F4938365","No"
"2026-04-07T10:30:16+00:00","406-0793364-9101920","FBA79349","B0D9KDQCCM","X00230EXN3","nexlev Portable Sewing Machine| 2 Speed Settings| Cordless| Battery operated| USB Type C cord for Plug-in| Quick Fix DIY |Portable & Compact| for all Fabrics| 1 Year Warranty| STITCH & STYLE SW-01","1","BOM5","DEFECTIVE","QUALITY_UNACCEPTABLE","LPNBOM5F4962312","Stitching quality is not good it leave the thread"
"2026-04-07T09:38:03+00:00","403-4644192-7663559","FBA79349","B0D9KDQCCM","X00230EXN3","nexlev Portable Sewing Machine| 2 Speed Settings| Cordless| Battery operated| USB Type C cord for Plug-in| Quick Fix DIY |Portable & Compact| for all Fabrics| 1 Year Warranty| STITCH & STYLE SW-01","1","DEL4","CUSTOMER_DAMAGED","NOT_COMPATIBLE","LPNDEL4AA1958924",
"2026-04-07T06:17:44+00:00","404-9045621-1349117","FBA79263","B0CYSLCRQS","X001ZOLVQP","NexLev Mattress, Sofa & Carpet Vacuum Cleaner | For Dust Mites, Allergens & Pet Hair | 4 Step Cleansing with Double Beat, UV Light, Dehumidification & Vacuum | HEPA captures 99.99% Dust|MR-01","1","BOM7","DEFECTIVE","DAMAGED_BY_CARRIER","LPNBOM7D19513093","I have receive damage box and product is also not working"
"2026-04-07T06:09:16+00:00","408-2911570-9816358","FBA79263","B0CYSLCRQS","X001ZOLVQP","NexLev Mattress, Sofa & Carpet Vacuum Cleaner | For Dust Mites, Allergens & Pet Hair | 4 Step Cleansing with Double Beat, UV Light, Dehumidification & Vacuum | HEPA captures 99.99% Dust|MR-01","1","BOM7","CARRIER_DAMAGED","DEFECTIVE","LPNBOM7D19513085",
"2026-04-07T06:03:50+00:00","404-0820823-9774734","FBA79991","B0GN85NZQN","X002IK70C9","NexLev Dehumidifier for Room Moisture Absorption | 1000ML Tank | Ideal for Mold & Moisture Removal |For Room Wardrobe Kitchen Office| Auto Shut-Off Function| Preset Timer & Humidty Control | DH-01","1","DED4","SELLABLE","QUALITY_UNACCEPTABLE","LPNDED4A1365472",
"2026-04-07T05:51:51+00:00","404-1332868-1613108","FBA79567","B0DNJS23HS","X0026FJYJD","NexLev 10 in 1 Steam Cleaner & Mop|2 Steam Modes| Mopping & Deep Cleaning Home Car Sofa Bathroom Kitchen & Office |For All Surfaces|350ML|Chemical Free Cleaning | Detachable & Foldable|SC-04","1","BLR7","SELLABLE","DEFECTIVE","LPNBLR7Y6062749",
"2026-04-07T05:18:35+00:00","403-2362329-7650718","FBA79439","B0DCK7ZH5P","X0023KW3JJ","NexLev Mattress, Sofa, Carpet & Car Seat Vacuum Cleaner|For Dust Mites Allergens & Pet Hair|Cordless Design|1500*3 mAh |UV Sterilization, Double Beat Technology|Type C| HEPA captures 99.99% Dust|MR-02","1","BOM5","SELLABLE","UNDELIVERABLE_REFUSED","LPNBOM5F4964401",
"2026-04-07T05:15:38+00:00","404-4475023-2149100","FBA79488","B0DFCG2VGS","X002435QZX","Nexlev Multi Purpose Electric Food Kettle|1.8L Stainless Steel Pot| 600W|Boil, Steam, Fry, Saute| Double Layered Body|2 Heat Settings|Multi Function for Water, Milk, Egg, Soup, Noodles|KE-01","1","AMD2","SELLABLE","UNDELIVERABLE_REFUSED","LPNAMD2M3808139",
"2026-04-07T04:58:52+00:00","405-5027572-2185152","FBA79991","B0GN85NZQN","X002IK70C9","NexLev Dehumidifier for Room Moisture Absorption | 1000ML Tank | Ideal for Mold & Moisture Removal |For Room Wardrobe Kitchen Office| Auto Shut-Off Function| Preset Timer & Humidty Control | DH-01","1","DED4","SELLABLE","QUALITY_UNACCEPTABLE","LPNDED4A1569510",
"2026-04-07T04:54:51+00:00","408-1936606-6053114","FBA79263","B0CYSLCRQS","X001ZOLVQP","NexLev Mattress, Sofa & Carpet Vacuum Cleaner | For Dust Mites, Allergens & Pet Hair | 4 Step Cleansing with Double Beat, UV Light, Dehumidification & Vacuum | HEPA captures 99.99% Dust|MR-01","1","BLR8","SELLABLE","DEFECTIVE","LPNBLR8Z3652920",
"2026-04-07T04:23:38+00:00","407-7057017-4850725","FBA79277","B0D672NXC8","X0021NWGBN","Nexlev SWIPE Steam Cleaner | 3.5 Bar Strong Steam|Multipurpose Steam Cleaner for Car, Kitchen, Bathroom, Floor, Window, Glass, Upholstery| 8 Accessories Kit|Safety Lock| Large 700ML Water Tank | SC-03","1","BOM5","SELLABLE","SWITCHEROO","LPNBOM5F4938058",
"2026-04-07T03:22:35+00:00","404-0952406-2569142","FBA79406","B0DCK3N2JJ","X0023L3KG3","NexLev Ionic Cordless Hair Straightener Brush | 60min Runtime | upto 200° Heating | Portable & Type C Rechargeable | Keratin Bristles |Straight, Frizz Free & Shiny Hair | Compact Comb Design | HSB-04","1","DEL5","CUSTOMER_DAMAGED","DEFECTIVE","LPNDEL5S13531697",
"2026-04-07T03:02:15+00:00","407-0009124-0155509","FBA79493","B0DQCWRG3H","X00272C0EV","NexLev Ionic 3 in 1 Hot Air Brush|1.5 Inch Barrel |Volumizer Blow Dryer & Styler|Ceramic Tourmaline Coated for Heat Protection|1200W|Dual Bristle for Tangle Free Styling|Salon Like Styles at Home|V-03","1","BOM7","SELLABLE","UNDELIVERABLE_REFUSED","LPNBOM7D19599469",
"2026-04-06T22:45:09+00:00","404-4605623-1305942","FBA79349","B0D9KDQCCM","X00230EXN3","nexlev Portable Sewing Machine| 2 Speed Settings| Cordless| Battery operated| USB Type C cord for Plug-in| Quick Fix DIY |Portable & Compact| for all Fabrics| 1 Year Warranty| STITCH & STYLE SW-01","1","CCX1","SELLABLE","QUALITY_UNACCEPTABLE","LPNCCX1B1593156","Not working properly"
"2026-04-06T22:43:20+00:00","171-2498525-0737903","FBA79349","B0D9KDQCCM","X00230EXN3","Nexlev Portable Sewing Machine| 2 Speed Settings| Cordless| Battery operated| USB Type C cord for Plug-in| Quick Fix DIY|Portable & Compact| for all Fabrics| 1 Year Warranty| White","1","CCX1","DEFECTIVE","FOUND_BETTER_PRICE","LPNCCX1B1756055","Not wark"
"2026-04-06T20:36:53+00:00","408-5982914-5584317","FBA79263","B0CYSLCRQS","X001ZOLVQP","NexLev Mattress, Sofa & Carpet Vacuum Cleaner | For Dust Mites, Allergens & Pet Hair | 4 Step Cleansing with Double Beat, UV Light, Dehumidification & Vacuum | HEPA captures 99.99% Dust|MR-01","1","BOM5","SELLABLE","DEFECTIVE","LPNBOM5F4993819",
"2026-04-06T11:13:56+00:00","408-9958331-1274765","FBA79771","B0F678L8YT","X002AH2EEJ","nexlev Replacement Accessory Kit for Steam Cleaner SC-01 | Multipurpose Cleaning Attachments for Home, Kitchen, Bathroom & Car","1","CJB1","SELLABLE","UNDELIVERABLE_UNKNOWN","LPNCJB1Y605722",
"2026-04-06T10:57:30+00:00","406-1770255-8810708","FBA79349","B0D9KDQCCM","X00230EXN3","Nexlev Portable Sewing Machine| 2 Speed Settings| Cordless| Battery operated| USB Type C cord for Plug-in| Quick Fix DIY|Portable & Compact| for all Fabrics| 1 Year Warranty| White","1","BOM5","SELLABLE","QUALITY_UNACCEPTABLE","LPNBOM5F4932053","Poor not useful"
"2026-04-06T10:56:08+00:00","408-7939840-4663543","FBA79493","B0DQCWRG3H","X00272C0EV","NexLev Ionic 3 in 1 Hot Air Brush|1.5 Inch Barrel |Volumizer Blow Dryer & Styler|Ceramic Tourmaline Coated for Heat Protection|1200W|Dual Bristle for Tangle Free Styling|Salon Like Styles at Home|V-03","1","BOM5","SELLABLE","UNDELIVERABLE_REFUSED","LPNBOM5F4950596",
"2026-04-06T10:51:07+00:00","408-4309669-8430702","FBA79280","B0D845B2DG","X0022J93DP","NexLev Rechargeable Lint Remover | for Woollen Sweaters Shirts Coat Curtains & Carpets | Rue & Burr Remover | 180 Min Use | TypeC | SS Blade | 2000mAh | 3 Speed Modes | Safety Lock | LR-02","1","LKO1","SELLABLE","UNDELIVERABLE_REFUSED","LPNLKO1B1400067",
"2026-04-06T09:30:22+00:00","408-4190852-0988310","FBA79452","B0DCGHVN81","X0023JV0A3","NexLev 2 in 1 Handheld & Stick Vacuum Cleaner | 17500 PA Suction | Dry Vacuuming for Home & Office | Washable HEPA Filter | 4 Adjustable Heads | Bagless| Deep Cleaning for Sofa Bed Window & more|VC-01","1","BLR8","SELLABLE","DEFECTIVE","LPNBLR8Z3368375",
"2026-04-06T09:03:49+00:00","407-5382377-2647559","FBA79493","B0DQCWRG3H","X00272C0EV","NexLev Ionic 3 in 1 Hot Air Brush|1.5 Inch Barrel |Volumizer Blow Dryer & Styler|Ceramic Tourmaline Coated for Heat Protection|1200W|Dual Bristle for Tangle Free Styling|Salon Like Styles at Home|V-03","1","DEL5","DEFECTIVE","SWITCHEROO","LPNDEL5S13647044","Item is miss match to order item"
"2026-04-06T08:56:38+00:00","406-0027501-6319554","FBA79652","B0F43P6D23","X002A07CLV","NexLev Steam Cleaner | Complete Home Kitchen Floor Bathroom Car & Office Cleaning machine | 9 Accessories | 450 ML | Window Pane Sink Grime Chimney Grease Water Stain Cleaner| 4 M Cord |1050W |SC-05","1","CJB1","SELLABLE","UNDELIVERABLE_REFUSED","LPNCJB1Y940821",
"2026-04-06T07:54:32+00:00","402-4696687-0426755","FBA79488","B0DFCG2VGS","X002435QZX","Nexlev Multi Purpose Electric Food Kettle|1.8L Stainless Steel Pot| 600W|Boil, Steam, Fry, Saute| Double Layered Body|2 Heat Settings|Multi Function for Water, Milk, Egg, Soup, Noodles|KE-01","1","DEL4","SELLABLE","DAMAGED_BY_FC","LPNDEL4AA2154216","Product is damaged"
"2026-04-06T07:54:18+00:00","408-6663613-2811518","FBA79263","B0CYSLCRQS","X001ZOLVQP","NexLev Mattress, Sofa & Carpet Vacuum Cleaner | For Dust Mites, Allergens & Pet Hair | 4 Step Cleansing with Double Beat, UV Light, Dehumidification & Vacuum | HEPA captures 99.99% Dust|MR-01","1","CJB1","SELLABLE","UNDELIVERABLE_REFUSED","LPNCJB1X024497",
"2026-04-06T06:05:47+00:00","407-3462309-5281929","FBA79280","B0D845B2DG","X0022J93DP","NexLev Rechargeable Lint Remover | for Woollen Sweaters Shirts Coat Curtains & Carpets | Rue & Burr Remover | 180 Min Use | TypeC | SS Blade | 2000mAh | 3 Speed Modes | Safety Lock | LR-02","1","CJB1","SELLABLE","UNDELIVERABLE_UNKNOWN","LPNCJB1Y605473",
"2026-04-06T05:44:32+00:00","404-1199586-5390758","FBK79591","B0F29SZCVF","X0029O6KFH","NexLev Knee Massager for Joint Pain Relief |Controlled Vibration & Heating for Arthritis, Knee, Shoulder or Elbow pain | 15 modes |2 Extension Belt |Graphene Heating pad for Consistent Heating | KM-01","1","DEL5","SELLABLE","UNDELIVERABLE_REFUSED","LPNDEL5S13494105",
"2026-04-06T05:15:34+00:00","406-3067559-3090726","FBA78981","B0CDPP45BM","X001U1K281","NexLev Steam Cleaner | For Complete Home Kitchen Bathroom Car Sofa & Office Cleaning Machine | 9 Accessories |300 ML | Window Pane, Sink, Chimney Grease, Water Stain Cleaner| 4 Mtr Cord | 1000W |SC-01","1","BOM5","SELLABLE","QUALITY_UNACCEPTABLE","LPNBOM5F4539071",
"2026-04-06T04:42:11+00:00","403-4095514-2153150","FBA78981","B0CDPP45BM","X001U1K281","NexLev Steam Cleaner | For Complete Home Kitchen Bathroom Car Sofa & Office Cleaning Machine | 9 Accessories |300 ML | Window Pane, Sink, Chimney Grease, Water Stain Cleaner| 4 Mtr Cord | 1000W |SC-01","1","BLR8","DAMAGED","UNDELIVERABLE_UNKNOWN","LPNBLR8Z3190062",
"2026-04-06T04:07:09+00:00","408-7296409-7633902","FBA79573","B0DKK15YNJ","X0025R5BTT","NexLev Oil Applicator Comb|Red Led Light Therapy |Boost Hair Growth| Reduce Dandruff | Relieve Stress |High Vibration Corded Electric Scalp/Head Massager | 6 ML Oil Tank | 2 Hr Run-Time| Type-C|EA-02","1","BLR7","SELLABLE","SWITCHEROO","LPNBLR7Y6105193",
"2026-04-06T03:35:17+00:00","171-4018236-9817129","FBA79263","B0CYSLCRQS","X001ZOLVQP","NexLev Mattress, Sofa & Carpet Vacuum Cleaner | For Dust Mites, Allergens & Pet Hair | 4 Step Cleansing with Double Beat, UV Light, Dehumidification & Vacuum | HEPA captures 99.99% Dust|MR-01","1","BOM5","SELLABLE","DEFECTIVE","LPNBOM5F4973456",
"2026-04-05T21:28:38+00:00","403-5677006-6491517","FBA79349","B0D9KDQCCM","X00230EXN3","nexlev Portable Sewing Machine| 2 Speed Settings| Cordless| Battery operated| USB Type C cord for Plug-in| Quick Fix DIY |Portable & Compact| for all Fabrics| 1 Year Warranty| STITCH & STYLE SW-01","1","BOM5","SELLABLE","UNDELIVERABLE_REFUSED","LPNBOM5F4973337",
"2026-04-05T21:08:44+00:00","171-0213462-2420342","FBA79570","B0DKJXRXKM","X0025R19UT","NexLev Blackhead & Whitehead Remover Tool | Rechargeable |1Hr Use| Acne & Pimple Pore Cleaner | 6 Heads | Electric Derma Suction Machine | Hydra Facial Cleanser Device for Face |For Men & Women |BR-01","1","CCX1","SELLABLE","UNDELIVERABLE_UNKNOWN","LPNCCX1B1763328",
"2026-04-05T16:55:05+00:00","407-6047246-5247567","FBA79589","B0DNJP9T35","X0026FEQW3","NexLev Spin Scrubber|6 Scrubbing Heads| For Kitchen, Bathroom, Tub, Glass | Complete cleaning tool for Home, Office & Car| 90 min runtime | 2600 mAh | Cordless Type C | 2 Modes|Adjustable Handle|SS-02","1","CCX1","SELLABLE","UNDELIVERABLE_REFUSED","LPNCCX1B1635449",
"2026-04-05T16:11:01+00:00","407-0303890-8821174","FBA79349","B0D9KDQCCM","X00230EXN3","nexlev Portable Sewing Machine| 2 Speed Settings| Cordless| Battery operated| USB Type C cord for Plug-in| Quick Fix DIY |Portable & Compact| for all Fabrics| 1 Year Warranty| STITCH & STYLE SW-01","1","BOM5","CUSTOMER_DAMAGED","QUALITY_UNACCEPTABLE","LPNBOM5F4982390",
"2026-04-05T14:11:50+00:00","405-5105128-4905966","FBA79404","B0D9KFZYG8","X00230BF25","NexLev Steamer For Cold & Cough| Face Steam,Inhaler & Vaporizer | Perfect for Facial & Aromatherapy | Nano Ionic Steam | Uv Sterilization | Aroma Diffuser|30 Sec Heating|Avoid Burns & Spillage | FS-01","1","CCX1","DEFECTIVE","MISSING_PARTS","LPNCCX1B1601054","Cotton pods and aroma diffuser tray is missing"
"2026-04-05T12:43:55+00:00","402-5606157-6361939","FBA79493","B0DQCWRG3H","X00272C0EV","NexLev Ionic 3 in 1 Hot Air Brush|1.5 Inch Barrel |Volumizer Blow Dryer & Styler|Ceramic Tourmaline Coated for Heat Protection|1200W|Dual Bristle for Tangle Free Styling|Salon Like Styles at Home|V-03","1","BLR7","SELLABLE","UNDELIVERABLE_REFUSED","LPNBLR7Y6105140",
"2026-04-05T12:24:45+00:00","408-7992601-7436316","FBA79263","B0CYSLCRQS","X001ZOLVQP","NexLev Mattress, Sofa & Carpet Vacuum Cleaner | For Dust Mites, Allergens & Pet Hair | 4 Step Cleansing with Double Beat, UV Light, Dehumidification & Vacuum | HEPA captures 99.99% Dust|MR-01","1","BLR8","SELLABLE","DEFECTIVE","LPNBLR8Z3368113",
"2026-04-05T11:59:25+00:00","408-8898552-9153151","FBA79489","B0DFD123P5","X00243S2SB","Nexlev MultiPurpose Electric Food Kettle|1.5 L Ceramic Pot | 600W| Boil, Steam, Fry, Saute| Double Layered Body| 2 Temperature Settings| Multi Cooker for Water, Egg, Tea, Soup, Noodles, Rice| KE-02","1","BOM5","SELLABLE","DEFECTIVE","LPNBOM5F4991676",
"2026-04-05T11:13:52+00:00","408-7931227-0735551","FBA79570","B0DKJXRXKM","X0025R19UT","NexLev Blackhead & Whitehead Remover Tool | Rechargeable |1Hr Use| Acne & Pimple Pore Cleaner | 6 Heads | Electric Derma Suction Machine | Hydra Facial Cleanser Device for Face |For Men & Women |BR-01","1","BLR7","CUSTOMER_DAMAGED","DEFECTIVE","LPNBLR7Y4682456",
"2026-04-05T07:43:38+00:00","408-4448634-3146702","FBA78980","B0CDPMX152","X001U1DYK9","NexLev Handheld Garment Steamer | 1500 Watts | 300 ML| Standing & Horizontal Iron Press | Damage Free Steaming for all Cloth Types | 25s Quick Heat |Upto 5 Clothes in One Fill | Travel Friendly |GS-02","1","BLR8","SELLABLE","UNDELIVERABLE_REFUSED","LPNBLR8Z3200393",
"2026-04-05T06:43:59+00:00","407-1305513-0733946","FBA78981","B0CDPP45BM","X001U1K281","NexLev Steam Cleaner | For Complete Home Kitchen Bathroom Car Sofa & Office Cleaning Machine | 9 Accessories |300 ML | Window Pane, Sink, Chimney Grease, Water Stain Cleaner| 4 Mtr Cord | 1000W |SC-01","1","BLR7","SELLABLE","MISSING_PARTS","LPNBLR7Y4684684",
"2026-04-05T06:35:33+00:00","171-8743328-0325125","FBA79349","B0D9KDQCCM","X00230EXN3","nexlev Portable Sewing Machine| 2 Speed Settings| Cordless| Battery operated| USB Type C cord for Plug-in| Quick Fix DIY |Portable & Compact| for all Fabrics| 1 Year Warranty| STITCH & STYLE SW-01","1","BOM5","CUSTOMER_DAMAGED","QUALITY_UNACCEPTABLE","LPNBOM5F4940539",
"2026-04-05T06:00:06+00:00","405-8193087-9500352","FBA79268","B0D383WQPB","X0020OHLDV","NexLev Foldable Garment Steamer for Home & Travel | Convenient Vertical Steaming | 1200W | 120 ml | Lightweight & Compact | 30s Fast Heating | Iron for all Cloth Types | 2 M cord | Anti Spill | GS-05","1","BLR8","SELLABLE","SWITCHEROO","LPNBLR8Z3257184","Received different model of same brand"
"2026-04-05T05:34:18+00:00","406-1116026-1937910","FBA79280","B0D845B2DG","X0022J93DP","NexLev Rechargeable Lint Remover | for Woollen Sweaters Shirts Coat Curtains & Carpets | Rue & Burr Remover | 180 Min Use | TypeC | SS Blade | 2000mAh | 3 Speed Modes | Safety Lock | LR-02","1","DEL5","SELLABLE","DEFECTIVE","LPNDEL5S13552370",
"2026-04-05T05:29:49+00:00","408-7135254-4475529","FBA79406","B0DCK3N2JJ","X0023L3KG3","NexLev Ionic Cordless Hair Straightener Brush | 60min Runtime | upto 200° Heating | Portable & Type C Rechargeable | Keratin Bristles |Straight, Frizz Free & Shiny Hair | Compact Comb Design | HSB-04","1","BLR7","SELLABLE","DEFECTIVE","LPNBLR7Y5338220","There is no outer plastic cover on the box that shows that this product is brand new .. i soent above 2k to purchase this so there should a value to it"
"2026-04-05T05:21:20+00:00","402-7124656-6629931","FBA79268","B0D383WQPB","X0020OHLDV","NexLev Foldable Garment Steamer for Home & Travel | Convenient Vertical Steaming | 1200W | 120 ml | Lightweight & Compact | 30s Fast Heating | Iron for all Cloth Types | 2 M cord | Anti Spill | GS-05","1","DEL4","CUSTOMER_DAMAGED","DEFECTIVE","LPNDEL4AA0799911",
"2026-04-05T05:04:34+00:00","407-9226490-9555531","FBA79263","B0CYSLCRQS","X001ZOLVQP","NexLev Mattress, Sofa & Carpet Vacuum Cleaner | For Dust Mites, Allergens & Pet Hair | 4 Step Cleansing with Double Beat, UV Light, Dehumidification & Vacuum | HEPA captures 99.99% Dust|MR-01","1","BOM7","SELLABLE","DEFECTIVE","LPNBOM7D19627325",
"2026-04-05T05:01:39+00:00","408-4249143-8367527","FBA79488","B0DFCG2VGS","X002435QZX","Nexlev Multi Purpose Electric Food Kettle|1.8L Stainless Steel Pot| 600W|Boil, Steam, Fry, Saute| Double Layered Body|2 Heat Settings|Multi Function for Water, Milk, Egg, Soup, Noodles|KE-01","1","MAA4","CUSTOMER_DAMAGED","SWITCHEROO","LPNMAA4Z0043869",
"2026-04-05T04:55:31+00:00","408-8360702-4487507","FBA79439","B0DCK7ZH5P","X0023KW3JJ","NexLev Mattress, Sofa, Carpet & Car Seat Vacuum Cleaner|For Dust Mites Allergens & Pet Hair|Cordless Design|1500*3 mAh |UV Sterilization, Double Beat Technology|Type C| HEPA captures 99.99% Dust|MR-02","1","HYD8","SELLABLE","NOT_COMPATIBLE","LPNHYD8DZ28753",
"2026-04-05T04:50:16+00:00","404-9011561-9158752","FBA79439","B0DCK7ZH5P","X0023KW3JJ","NexLev Mattress, Sofa, Carpet & Car Seat Vacuum Cleaner|For Dust Mites Allergens & Pet Hair|Cordless Design|1500*3 mAh |UV Sterilization, Double Beat Technology|Type C| HEPA captures 99.99% Dust|MR-02","1","HYD8","SELLABLE","UNDELIVERABLE_REFUSED","LPNHYD8DZ19311",
"2026-04-05T04:41:26+00:00","405-1790135-5559520","FBA79493","B0DQCWRG3H","X00272C0EV","NexLev Ionic 3 in 1 Hot Air Brush|1.5 Inch Barrel |Volumizer Blow Dryer & Styler|Ceramic Tourmaline Coated for Heat Protection|1200W|Dual Bristle for Tangle Free Styling|Salon Like Styles at Home|V-03","1","BLR7","SELLABLE","UNDELIVERABLE_REFUSED","LPNBLR7Y5526539",
"2026-04-05T04:32:55+00:00","404-3276204-3013158","FBA79277","B0D672NXC8","X0021NWGBN","Nexlev SWIPE Steam Cleaner | 3.5 Bar Strong Steam|Multipurpose Steam Cleaner for Car, Kitchen, Bathroom, Floor, Window, Glass, Upholstery| 8 Accessories Kit|Safety Lock| Large 700ML Water Tank | SC-03","1","BLR8","CARRIER_DAMAGED","UNDELIVERABLE_REFUSED","LPNBLR8Z3367771",
"2026-04-05T04:08:04+00:00","408-9480483-4221125","FBA79263","B0CYSLCRQS","X001ZOLVQP","NexLev Mattress, Sofa & Carpet Vacuum Cleaner | For Dust Mites, Allergens & Pet Hair | 4 Step Cleansing with Double Beat, UV Light, Dehumidification & Vacuum | HEPA captures 99.99% Dust|MR-01","1","HYD8","CARRIER_DAMAGED","DEFECTIVE","LPNHYD8EM77891",
"2026-04-05T03:56:05+00:00","405-2871255-8545967","FBA79567","B0DNJS23HS","X0026FJYJD","NexLev 10 in 1 Steam Cleaner & Mop|2 Steam Modes| Mopping & Deep Cleaning Home Car Sofa Bathroom Kitchen & Office |For All Surfaces|350ML|Chemical Free Cleaning | Detachable & Foldable|SC-04","1","BOM5","CARRIER_DAMAGED","UNDELIVERABLE_REFUSED","LPNBOM5F4779896",
"2026-04-05T03:13:05+00:00","406-2522434-2320356","FBA79679","B0DVC7VJP1","X002876EAV","NexLev Stand Mixer | 5.5L SS Bowl | 1500W |10 Speeds | Pulse Function |Planetary Rotation | Whisk, Beater & Dough Hook |100% Copper Motor | For Roti Atta, Cookie Dough, Cake, Whip Cream & more | ST-01","1","BLR7","SELLABLE","UNDELIVERABLE_UNKNOWN","LPNBLR7Y6061993",
"2026-04-05T03:10:04+00:00","402-1490598-4245100","FBA79679","B0DVC7VJP1","X002876EAV","NexLev Stand Mixer | 5.5L SS Bowl | 1500W |10 Speeds | Pulse Function |Planetary Rotation | Whisk, Beater & Dough Hook |100% Copper Motor | For Roti Atta, Cookie Dough, Cake, Whip Cream & more | ST-01","1","BLR7","CARRIER_DAMAGED","DEFECTIVE","LPNBLR7Y6061990",
"2026-04-05T03:04:43+00:00","408-2203714-7893957","FBA79812","B0FS6TB7CP","X002F7TH85","NexLev Portable Blender for Smoothies Milkshakes Juices Baby Food | High Borosilicate Glass Jar | 3000 mAh Battery | Type C | Mix Fruit Juicer Mini | 450ml | For Kitchen & Travel | PB-01","1","HYD8","SELLABLE","UNDELIVERABLE_REFUSED","LPNHYD8EM77842",
"2026-04-04T20:58:02+00:00","406-4297522-1665953","FBA79652","B0F43P6D23","X002A07CLV","NexLev Steam Cleaner | Complete Home Kitchen Floor Bathroom Car & Office Cleaning machine | 9 Accessories | 450 ML | Window Pane Sink Grime Chimney Grease Water Stain Cleaner| 4 M Cord |1050W |SC-05","1","CCX1","SELLABLE","UNDELIVERABLE_REFUSED","LPNCCX1B2309432",
"2026-04-04T11:30:49+00:00","171-4906144-2997907","FBA79373","B0D2P5TGWK","X0020H9N9D","NexLev Smart Electric Toothbrush for Adults |2-Min Timer with Quadpacer |2 Replaceable Heads | AAA Battery |3 Modes (Daily, Normal & Sesitive) |Upto 60 Days | Travel Case | Soft Bristles |ET-01 Black","1","BLR8","SELLABLE","UNDELIVERABLE_REFUSED","LPNBLR8Z3461729",
"2026-04-04T11:19:02+00:00","408-9708313-0038707","FBA79493","B0DQCWRG3H","X00272C0EV","nexlev Ionic 3 In 1 Hot Air Brush|1.5 Inch Barrel|Volumizer Blow Dry & Style|Ceramic Tourmaline Coated For Heat Protection|1200 Watts|Dual Bristle For Tangle Free Styling|Salon Like Soft Curl|V-03","1","AMD2","SELLABLE","UNDELIVERABLE_REFUSED","LPNAMD2M3848984",
"2026-04-04T11:14:10+00:00","408-9685940-4299515","FBA79652","B0F43P6D23","X002A07CLV","NexLev Steam Cleaner | Complete Home Kitchen Floor Bathroom Car & Office Cleaning machine | 9 Accessories | 450 ML | Window Pane Sink Grime Chimney Grease Water Stain Cleaner| 4 M Cord |1050W |SC-05","1","PNQ3","CUSTOMER_DAMAGED","NO_REASON_GIVEN","LPNPNQ3A4639486",
"2026-04-04T10:14:11+00:00","171-8947730-5323541","FBA79349","B0D9KDQCCM","X00230EXN3","nexlev Portable Sewing Machine| 2 Speed Settings| Cordless| Battery operated| USB Type C cord for Plug-in| Quick Fix DIY |Portable & Compact| for all Fabrics| 1 Year Warranty| STITCH & STYLE SW-01","1","HYD8","CUSTOMER_DAMAGED","QUALITY_UNACCEPTABLE","LPNHYD8DY31288",
"2026-04-04T09:50:40+00:00","404-7542581-3094759","FBA79652","B0F43P6D23","X002A07CLV","NexLev Steam Cleaner | Complete Home Kitchen Floor Bathroom Car & Office Cleaning machine | 9 Accessories | 450 ML | Window Pane Sink Grime Chimney Grease Water Stain Cleaner| 4 M Cord |1050W |SC-05","1","CCX1","SELLABLE","UNDELIVERABLE_REFUSED","LPNCCX1B2429855",
"2026-04-04T09:00:01+00:00","404-4218459-1469967","FBA79493","B0DQCWRG3H","X00272C0EV","NexLev Ionic 3 in 1 Hot Air Brush|1.5 Inch Barrel |Volumizer Blow Dryer & Styler|Ceramic Tourmaline Coated for Heat Protection|1200W|Dual Bristle for Tangle Free Styling|Salon Like Styles at Home|V-03","1","BLR7","SELLABLE","UNDELIVERABLE_REFUSED","LPNBLR7Y5470233",
"2026-04-04T08:58:46+00:00","406-6520014-5533120","FBA79452","B0DCGHVN81","X0023JV0A3","NexLev 2 in 1 Handheld & Stick Vacuum Cleaner | 17500 PA Suction | Dry Vacuuming for Home & Office | Washable HEPA Filter | 4 Adjustable Heads | Bagless| Deep Cleaning for Sofa Bed Window & more|VC-01","1","BOM5","CUSTOMER_DAMAGED","DEFECTIVE","LPNBOM5F4933636",
"2026-04-04T08:39:59+00:00","406-1716154-3783562","FBA79488","B0DFCG2VGS","X002435QZX","Nexlev Multi Purpose Electric Food Kettle|1.8L Stainless Steel Pot| 600W|Boil, Steam, Fry, Saute| Double Layered Body|2 Heat Settings|Multi Function for Water, Milk, Egg, Soup, Noodles|KE-01","1","BOM5","SELLABLE","UNDELIVERABLE_REFUSED","LPNBOM5F4738755",
"2026-04-04T06:47:30+00:00","407-2652618-4720339","FBA79493","B0DQCWRG3H","X00272C0EV","NexLev Ionic 3 in 1 Hot Air Brush|1.5 Inch Barrel |Volumizer Blow Dryer & Styler|Ceramic Tourmaline Coated for Heat Protection|1200W|Dual Bristle for Tangle Free Styling|Salon Like Styles at Home|V-03","1","PNQ3","SELLABLE","UNDELIVERABLE_REFUSED","LPNPNQ3A4639283",
"2026-04-04T05:24:27+00:00","403-4471336-6168333","FBA79652","B0F43P6D23","X002A07CLV","NexLev Steam Cleaner | Complete Home Kitchen Floor Bathroom Car & Office Cleaning machine | 9 Accessories | 450 ML | Window Pane Sink Grime Chimney Grease Water Stain Cleaner| 4 M Cord |1050W |SC-05","1","HYD8","SELLABLE","UNDELIVERABLE_UNKNOWN","LPNHYD8EM77550",
"2026-04-04T05:04:03+00:00","403-8262048-7213142","FBA79567","B0DNJS23HS","X0026FJYJD","NexLev 10 in 1 Steam Cleaner & Mop|2 Steam Modes| Mopping & Deep Cleaning Home Car Sofa Bathroom Kitchen & Office |For All Surfaces|350ML|Chemical Free Cleaning | Detachable & Foldable|SC-04","1","BOM5","CUSTOMER_DAMAGED","QUALITY_UNACCEPTABLE","LPNBOM5F4718969",
"2026-04-04T04:35:15+00:00","402-0895417-1803540","FBA79652","B0F43P6D23","X002A07CLV","nexlev Steam Cleaner | Complete Home Kitchen Floor Bathroom Car & Office Cleaning machine | 9 Accessories | 450 ML | Window Pane Sink Grime Chimney Grease Water Stain Cleaner| 4 M Cord |1050W |SC-05","1","BOM7","CUSTOMER_DAMAGED","QUALITY_UNACCEPTABLE","LPNBOM7D18923205",
"2026-04-04T04:22:24+00:00","408-6801859-1629154","FBA79570","B0DKJXRXKM","X0025R19UT","NexLev Blackhead & Whitehead Remover Tool | Rechargeable |1Hr Use| Acne & Pimple Pore Cleaner | 6 Heads | Electric Derma Suction Machine | Hydra Facial Cleanser Device for Face |For Men & Women |BR-01","1","DEL5","CUSTOMER_DAMAGED","SWITCHEROO","LPNDEL5S13646233",
"2026-04-04T04:06:41+00:00","408-3353427-3577923","FBA79687","B0DV9CY3XR","X00286G37V","NexLev Massage Gun | Body Shoulder Neck Feet Calf & Back Massager | Cold Therapy for Muscle Recovery | 60° Heat Therapy for Relaxation | 6 Attachments | 6 Mode | Portable & Compact Design | MGC-03","1","CCX1","SELLABLE","DEFECTIVE","LPNCCX1B1781953",
"2026-04-04T03:45:16+00:00","404-7762342-7029161","FBA79263","B0CYSLCRQS","X001ZOLVQP","NexLev Mattress, Sofa & Carpet Vacuum Cleaner | For Dust Mites, Allergens & Pet Hair | 4 Step Cleansing with Double Beat, UV Light, Dehumidification & Vacuum | HEPA captures 99.99% Dust|MR-01","1","DED4","SELLABLE","UNDELIVERABLE_REFUSED","LPNDED4A1474411",
"2026-04-04T03:44:43+00:00","407-3353849-1156342","FBA79493","B0DQCWRG3H","X00272C0EV","NexLev Ionic 3 in 1 Hot Air Brush|1.5 Inch Barrel |Volumizer Blow Dryer & Styler|Ceramic Tourmaline Coated for Heat Protection|1200W|Dual Bristle for Tangle Free Styling|Salon Like Styles at Home|V-03","1","BLR7","SELLABLE","DEFECTIVE","LPNBLR7Y6111713",
"2026-04-04T03:07:04+00:00","403-8374991-0880364","FBA78980","B0CDPMX152","X001U1DYK9","NexLev Handheld Garment Steamer | 1500 Watts | 300 ML| Standing & Horizontal Iron Press | Damage Free Steaming for all Cloth Types | 25s Quick Heat |Upto 5 Clothes in One Fill | Travel Friendly |GS-02","1","BLR8","SELLABLE","DEFECTIVE","LPNBLR8Z3248323",
"2026-04-03T08:55:38+00:00","406-9462916-4402735","FBA79570","B0DKJXRXKM","X0025R19UT","NexLev Blackhead & Whitehead Remover Tool | Rechargeable |1Hr Use| Acne & Pimple Pore Cleaner | 6 Heads | Electric Derma Suction Machine | Hydra Facial Cleanser Device for Face |For Men & Women |BR-01","1","BLR7","SELLABLE","DEFECTIVE","LPNBLR7Y6111526",
"2026-04-03T08:53:51+00:00","404-3569372-5453155","FBA79349","B0D9KDQCCM","X00230EXN3","nexlev Portable Sewing Machine| 2 Speed Settings| Cordless| Battery operated| USB Type C cord for Plug-in| Quick Fix DIY |Portable & Compact| for all Fabrics| 1 Year Warranty| STITCH & STYLE SW-01","1","BOM5","SELLABLE","NOT_COMPATIBLE","LPNBOM5F4770634","This item is not do sewing well"
"2026-04-03T08:50:02+00:00","405-4635000-5584364","FBA79570","B0DKJXRXKM","X0025R19UT","NexLev Blackhead & Whitehead Remover Tool | Rechargeable |1Hr Use| Acne & Pimple Pore Cleaner | 6 Heads | Electric Derma Suction Machine | Hydra Facial Cleanser Device for Face |For Men & Women |BR-01","1","CCX1","SELLABLE","DEFECTIVE","LPNCCX1B2287090",
"2026-04-03T08:38:56+00:00","404-5068333-6588349","FBA79812","B0FS6TB7CP","X002F7TH85","NexLev Portable Blender for Smoothies Milkshakes Crushing Ice Juices | 6 Leaf Stainless Steel Blade | 3000 mAh Battery | Type C | Mix Fruit Juicer Mini | 450ml | For Kitchen & Travel | PB-01","1","LKO1","SELLABLE","UNDELIVERABLE_REFUSED","LPNLKO1B1527442",
"2026-04-03T08:11:04+00:00","403-5550241-0852360","FBA78981","B0CDPP45BM","X001U1K281","NexLev Steam Cleaner | For Complete Home Kitchen Bathroom Car Sofa & Office Cleaning Machine | 9 Accessories |300 ML | Window Pane, Sink, Chimney Grease, Water Stain Cleaner| 4 Mtr Cord | 1000W |SC-01","1","HYD8","CUSTOMER_DAMAGED","QUALITY_UNACCEPTABLE","LPNHYD8DZ34540",
"2026-04-03T07:29:21+00:00","171-4711454-4956348","FBA79652","B0F43P6D23","X002A07CLV","NexLev Steam Cleaner | Complete Home Kitchen Floor Bathroom Car & Office Cleaning machine | 9 Accessories | 450 ML | Window Pane Sink Grime Chimney Grease Water Stain Cleaner| 4 M Cord |1050W |SC-05","1","HYD8","CUSTOMER_DAMAGED","DEFECTIVE","LPNHYD8DY22163",
"2026-04-03T06:03:24+00:00","404-6966536-0564307","FBA79567","B0DNJS23HS","X0026FJYJD","NexLev 10 in 1 Steam Cleaner & Mop|2 Steam Modes| Mopping & Deep Cleaning Home Car Sofa Bathroom Kitchen & Office |For All Surfaces|350ML|Chemical Free Cleaning | Detachable & Foldable|SC-04","1","BLR7","SELLABLE","UNDELIVERABLE_REFUSED","LPNBLR7Y6061484",
"2026-04-03T06:01:25+00:00","403-1182990-3533936","FBA79280","B0D845B2DG","X0022J93DP","NexLev Rechargeable Lint Remover | for Woollen Sweaters Shirts Coat Curtains & Carpets | Rue & Burr Remover | 180 Min Use | TypeC | SS Blade | 2000mAh | 3 Speed Modes | Safety Lock | LR-02","1","BLR8","SELLABLE","DEFECTIVE","LPNBLR8Z3465898","Used product and damaged packing. Very bad.."
"2026-04-03T05:59:42+00:00","171-2841049-2357112","FBA79773","B0F74DJYG6","X002D418NH","nexlev Replacement HEPA Filter | Compatible 2 in 1 Handheld & Stick Vacuum Cleaner VC-01 | Captures 99.97% Dust & Allergens | Washable & Durable Filter Maintain","1","MAA4","CUSTOMER_DAMAGED","MISSED_ESTIMATED_DELIVERY","LPNMAA4Z1415848",
"2026-04-03T05:21:16+00:00","406-7841923-3605929","FBA79570","B0DKJXRXKM","X0025R19UT","NexLev Blackhead & Whitehead Remover Tool | Rechargeable |1Hr Use| Acne & Pimple Pore Cleaner | 6 Heads | Electric Derma Suction Machine | Hydra Facial Cleanser Device for Face |For Men & Women |BR-01","1","BOM5","SELLABLE","DEFECTIVE","LPNBOM5F4770444",
"2026-04-03T04:52:47+00:00","408-6333043-0221953","FBA79489","B0DFD123P5","X00243S2SB","Nexlev MultiPurpose Electric Food Kettle|1.5 L Ceramic Pot | 600W| Boil, Steam, Fry, Saute| Double Layered Body| 2 Temperature Settings| Multi Cooker for Water, Egg, Tea, Soup, Noodles, Rice| KE-02","1","HYD8","CUSTOMER_DAMAGED","DEFECTIVE","LPNHYD8DZ34419",
"2026-04-03T04:04:21+00:00","402-1618672-0792357","FBA79277","B0D672NXC8","X0021NWGBN","Nexlev SWIPE Steam Cleaner | 3.5 Bar Strong Steam|Multipurpose Steam Cleaner for Car, Kitchen, Bathroom, Floor, Window, Glass, Upholstery| 8 Accessories Kit|Safety Lock| Large 700ML Water Tank | SC-03","1","BOM5","SELLABLE","DEFECTIVE","LPNBOM5F4763302",
"2026-04-03T03:56:30+00:00","403-0289381-0701948","FBA79488","B0DFCG2VGS","X002435QZX","Nexlev Multi Purpose Electric Food Kettle|1.8L Stainless Steel Pot| 600W|Boil, Steam, Fry, Saute| Double Layered Body|2 Heat Settings|Multi Function for Water, Milk, Egg, Soup, Noodles|KE-01","1","AMD2","CARRIER_DAMAGED","SWITCHEROO","LPNAMD2M3837240",
"2026-04-03T03:38:47+00:00","408-4680482-6153930","FBA79276","B0D2LJSQXZ","X0020G47PT","NexLev Steam Mop | Chemical Free Mopping | Floor Cleaning + Carpet Steaming | 4 Extra Mop Pads | 400 ML | 1300W | Floor Disinfectant | For All Floor Types | 4mtr long Cord | Wet & Dry Mopping | SM-01","1","BOM5","SELLABLE","DEFECTIVE","LPNBOM5F4770345",
"2026-04-02T23:11:07+00:00","405-4724297-6089945","FBA79276","B0D2LJSQXZ","X0020G47PT","NexLev Steam Mop | Chemical Free Mopping | Floor Cleaning + Carpet Steaming | 4 Extra Mop Pads | 400 ML | 1300W | Floor Disinfectant | For All Floor Types | 4mtr long Cord | Wet & Dry Mopping | SM-01","1","BOM5","SELLABLE","DEFECTIVE","LPNBOM5F4726144",
"2026-04-02T12:22:05+00:00","171-7995391-2440323","FBA79452","B0DCGHVN81","X0023JV0A3","NexLev 2 in 1 Handheld & Stick Vacuum Cleaner | 17500 PA Suction | Dry Vacuuming for Home & Office | Washable HEPA Filter | 4 Adjustable Heads | Bagless| Deep Cleaning for Sofa Bed Window & more|VC-01","1","DEL4","CARRIER_DAMAGED","UNDELIVERABLE_REFUSED","LPNDEL4AA2184345",
"2026-04-02T12:04:34+00:00","406-9488495-6394760","FBA79570","B0DKJXRXKM","X0025R19UT","NexLev Blackhead & Whitehead Remover Tool | Rechargeable |1Hr Use| Acne & Pimple Pore Cleaner | 6 Heads | Electric Derma Suction Machine | Hydra Facial Cleanser Device for Face |For Men & Women |BR-01","1","DEL5","CUSTOMER_DAMAGED","DEFECTIVE","LPNDEL5S12313798",
"2026-04-02T11:44:01+00:00","404-6879126-5165933","FBA79349","B0D9KDQCCM","X00230EXN3","Nexlev Portable Sewing Machine| 2 Speed Settings| Cordless| Battery operated| USB Type C cord for Plug-in| Quick Fix DIY|Portable & Compact| for all Fabrics| 1 Year Warranty| White","1","HYD8","CUSTOMER_DAMAGED","QUALITY_UNACCEPTABLE","LPNHYD8EK26777",
"2026-04-02T11:36:02+00:00","404-0871821-6040333","FBA79349","B0D9KDQCCM","X00230EXN3","nexlev Portable Sewing Machine| 2 Speed Settings| Cordless| Battery operated| USB Type C cord for Plug-in| Quick Fix DIY |Portable & Compact| for all Fabrics| 1 Year Warranty| STITCH & STYLE SW-01","1","PNQ3","SELLABLE","UNDELIVERABLE_REFUSED","LPNPNQ3A4606769",
"2026-04-02T11:29:34+00:00","407-5555565-5794723","FBA79263","B0CYSLCRQS","X001ZOLVQP","NexLev Mattress, Sofa & Carpet Vacuum Cleaner | For Dust Mites, Allergens & Pet Hair | 4 Step Cleansing with Double Beat, UV Light, Dehumidification & Vacuum | HEPA captures 99.99% Dust|MR-01","1","LKO1","CARRIER_DAMAGED","UNDELIVERABLE_REFUSED","LPNLKO1B1351896",
"2026-04-02T09:16:57+00:00","408-4716494-7317928","FBA79349","B0D9KDQCCM","X00230EXN3","nexlev Portable Sewing Machine| 2 Speed Settings| Cordless| Battery operated| USB Type C cord for Plug-in| Quick Fix DIY |Portable & Compact| for all Fabrics| 1 Year Warranty| STITCH & STYLE SW-01","1","BOM5","CUSTOMER_DAMAGED","DEFECTIVE","LPNBOM5F4725114",
"2026-04-02T08:56:44+00:00","408-9474242-0263534","FBA79570","B0DKJXRXKM","X0025R19UT","NexLev Blackhead & Whitehead Remover Tool | Rechargeable |1Hr Use| Acne & Pimple Pore Cleaner | 6 Heads | Electric Derma Suction Machine | Hydra Facial Cleanser Device for Face |For Men & Women |BR-01","1","BOM5","SELLABLE","UNDELIVERABLE_REFUSED","LPNBOM5F4788366",
"2026-04-02T07:52:36+00:00","405-2982212-6845148","FBA79811","B0FSF1N457","X002EUQV41","NexLev Mini Electric Chopper | 3D Stainless Steel Blade | Food Grade Bowl | For Mincing Garlic Ginger Onion Vegetable Meat Nuts | 250 ml | One Touch Operation | MC-01","1","BLR8","CUSTOMER_DAMAGED","MISSING_PARTS","LPNBLR8Z3209611",
"2026-04-02T07:04:01+00:00","404-7140151-7005918","FBA79812","B0FS6TB7CP","X002F7TH85","NexLev Portable Blender for Smoothies Milkshakes Crushing Ice Juices | 6 Leaf Stainless Steel Blade | 3000 mAh Battery | Type C | Mix Fruit Juicer Mini | 450ml | For Kitchen & Travel | PB-01","1","HYD8","SELLABLE","UNDELIVERABLE_REFUSED","LPNHYD8DZ16210",
"2026-04-02T06:14:26+00:00","407-3034886-0457902","FBA79406","B0DCK3N2JJ","X0023L3KG3","NexLev Ionic Cordless Hair Straightener Brush | 60min Runtime | upto 200° Heating | Portable & Type C Rechargeable | Keratin Bristles |Straight, Frizz Free & Shiny Hair | Compact Comb Design | HSB-04","1","BLR8","CUSTOMER_DAMAGED","DEFECTIVE","LPNBLR8Z3460899",
"2026-04-02T05:44:17+00:00","171-5610724-6070717","FBA79488","B0DFCG2VGS","X002435QZX","Nexlev Multi Purpose Electric Food Kettle|1.8L Stainless Steel Pot| 600W|Boil, Steam, Fry, Saute| Double Layered Body|2 Heat Settings|Multi Function for Water, Milk, Egg, Soup, Noodles|KE-01","1","HYD8","SELLABLE","UNDELIVERABLE_REFUSED","LPNHYD8EG02469",
"2026-04-02T05:32:47+00:00","408-8692199-4014766","FBA79263","B0CYSLCRQS","X001ZOLVQP","NexLev Mattress, Sofa & Carpet Vacuum Cleaner | For Dust Mites, Allergens & Pet Hair | 4 Step Cleansing with Double Beat, UV Light, Dehumidification & Vacuum | HEPA captures 99.99% Dust|MR-01","1","HYD8","SELLABLE","UNDELIVERABLE_UNKNOWN","LPNHYD8DY30069",
"2026-04-02T04:46:42+00:00","407-9699222-1467534","FBA79489","B0DFD123P5","X00243S2SB","Nexlev MultiPurpose Electric Food Kettle|1.5 L Ceramic Pot | 600W| Boil, Steam, Fry, Saute| Double Layered Body| 2 Temperature Settings| Multi Cooker for Water, Egg, Tea, Soup, Noodles, Rice| KE-02","1","BOM5","SELLABLE","UNDELIVERABLE_REFUSED","LPNBOM5F4789224",
"2026-04-02T04:42:45+00:00","408-5806768-6798727","FBA79263","B0CYSLCRQS","X001ZOLVQP","NexLev Mattress, Sofa & Carpet Vacuum Cleaner | For Dust Mites, Allergens & Pet Hair | 4 Step Cleansing with Double Beat, UV Light, Dehumidification & Vacuum | HEPA captures 99.99% Dust|MR-01","1","DEL5","SELLABLE","UNDELIVERABLE_REFUSED","LPNDEL5S13560608",
"2026-04-02T04:05:36+00:00","408-8984962-4101952","FBA79452","B0DCGHVN81","X0023JV0A3","NexLev 2 in 1 Handheld & Stick Vacuum Cleaner | 17500 PA Suction | Dry Vacuuming for Home & Office | Washable HEPA Filter | 4 Adjustable Heads | Bagless| Deep Cleaning for Sofa Bed Window & more|VC-01","1","BOM5","CARRIER_DAMAGED","UNDELIVERABLE_REFUSED","LPNBOM5F4784810",
"2026-04-02T04:03:56+00:00","403-6260183-9279519","FBA78981","B0CDPP45BM","X001U1K281","NexLev Steam Cleaner | For Complete Home Kitchen Bathroom Car Sofa & Office Cleaning Machine | 9 Accessories |300 ML | Window Pane, Sink, Chimney Grease, Water Stain Cleaner| 4 Mtr Cord | 1000W |SC-01","1","BLR8","CUSTOMER_DAMAGED","MISSING_PARTS","LPNBLR8Z3474401",
"2026-04-02T04:02:14+00:00","405-4118533-2433953","FBA79489","B0DFD123P5","X00243S2SB","Nexlev MultiPurpose Electric Food Kettle|1.5 L Ceramic Pot | 600W| Boil, Steam, Fry, Saute| Double Layered Body| 2 Temperature Settings| Multi Cooker for Water, Egg, Tea, Soup, Noodles, Rice| KE-02","1","CCX1","SELLABLE","UNDELIVERABLE_REFUSED","LPNCCX1B1760449",
"2026-04-02T04:01:35+00:00","408-4095348-1268347","FBA79488","B0DFCG2VGS","X002435QZX","Nexlev Multi Purpose Electric Food Kettle|1.8L Stainless Steel Pot| 600W|Boil, Steam, Fry, Saute| Double Layered Body|2 Heat Settings|Multi Function for Water, Milk, Egg, Soup, Noodles|KE-01","1","HYD8","CARRIER_DAMAGED","UNDELIVERABLE_REFUSED","LPNHYD8DZ27329",
"2026-04-02T03:53:38+00:00","403-8002355-8728331","FBA79567","B0DNJS23HS","X0026FJYJD","NexLev 10 in 1 Steam Cleaner & Mop|2 Steam Modes| Mopping & Deep Cleaning Home Car Sofa Bathroom Kitchen & Office |For All Surfaces|350ML|Chemical Free Cleaning | Detachable & Foldable|SC-04","1","BOM5","CUSTOMER_DAMAGED","SWITCHEROO","LPNBOM5F4709562",
"2026-04-02T03:15:29+00:00","407-1500410-8096303","FBA79488","B0DFCG2VGS","X002435QZX","Nexlev Multi Purpose Electric Food Kettle|1.8L Stainless Steel Pot| 600W|Boil, Steam, Fry, Saute| Double Layered Body|2 Heat Settings|Multi Function for Water, Milk, Egg, Soup, Noodles|KE-01","1","HYD8","CARRIER_DAMAGED","DEFECTIVE","LPNHYD8DY21488",
"2026-04-01T12:15:38+00:00","408-2189979-8585907","FBA79265","B0D2LHNS9B","X0020FWBW1","NexLev Foot Callus Remover | Electric Scrubber & Shaver for Dead, Hard & Cracked Skin | Professional Pedicure at Home | Waterproof | Type C | 3 Crystal Quartz Heads | For Men and Women| CR-01","1","CCX1","SELLABLE","UNDELIVERABLE_REFUSED","LPNCCX1B1741661",
"2026-04-01T11:43:54+00:00","402-8373645-1617903","FBK79591","B0F29SZCVF","X0029O6KFH","NexLev Knee Massager for Joint Pain Relief |Controlled Vibration & Heating for Arthritis, Knee, Shoulder or Elbow pain | 15 modes |2 Extension Belt |Graphene Heating pad for Consistent Heating | KM-01","1","PNQ3","SELLABLE","UNDELIVERABLE_REFUSED","LPNPNQ3A4606439",
"2026-04-01T11:41:53+00:00","404-4889265-0989908","FBA79819","B0FT8R24QM","X002F1TU0L","NexLev Portable Cordless Lint Remover | for Woollen, Sweaters, Jackets, Carpets | Fabric Brush | Rue & Burr Remover | Battery Powered Shaver | SS Blade | Safety Lock | LR-03","1","DED4","SELLABLE","DEFECTIVE","LPNDED4A1283760",
"2026-04-01T11:15:35+00:00","406-1273546-1273156","FBA79773","B0F74DJYG6","X002D418NH","nexlev Replacement HEPA Filter | Compatible 2 in 1 Handheld & Stick Vacuum Cleaner VC-01 | Captures 99.97% Dust & Allergens | Washable & Durable Filter Maintain","1","DED4","SELLABLE","ORDERED_WRONG_ITEM","LPNDED4A1283733",
"2026-04-01T11:10:38+00:00","408-2811783-9322744","FBA79488","B0DFCG2VGS","X002435QZX","Nexlev Multi Purpose Electric Food Kettle|1.8L Stainless Steel Pot| 600W|Boil, Steam, Fry, Saute| Double Layered Body|2 Heat Settings|Multi Function for Water, Milk, Egg, Soup, Noodles|KE-01","1","BOM5","CARRIER_DAMAGED","UNDELIVERABLE_REFUSED","LPNBOM5F4746482",
"2026-04-01T10:23:34+00:00","406-1893242-5928305","FBA79373","B0D2P5TGWK","X0020H9N9D","nexlev Smart Electric Toothbrush for Adults |2-Min Timer with Quadpacer |2 Replaceable Heads | AAA Battery |3 Modes (Daily, Normal & Sesitive) |Upto 60 Days | Travel Case | Soft Bristles |ET-01 Black","1","DEL4","SELLABLE","UNDELIVERABLE_REFUSED","LPNDEL4AA3202235",
"2026-04-01T09:58:54+00:00","404-4046220-5201103","FBA79263","B0CYSLCRQS","X001ZOLVQP","NexLev Mattress, Sofa & Carpet Vacuum Cleaner | For Dust Mites, Allergens & Pet Hair | 4 Step Cleansing with Double Beat, UV Light, Dehumidification & Vacuum | HEPA captures 99.99% Dust|MR-01","1","PNQ3","SELLABLE","UNDELIVERABLE_REFUSED","LPNPNQ3A4676455",
"2026-04-01T09:30:46+00:00","402-3637660-3783547","FBA79810","B0FS7T8151","X002EWCVV1","NexLev Rechargeable Milk Frother & Coffee Whisker | 3 Speed | Stainless Steel Dual Spring Tech | Perfect for Coffee Lattes Milk Hot Chocolate Omlete & Cream | Handheld Beater for Foam |MF-01","1","DEL4","DEFECTIVE","MISSING_PARTS","LPNDEL4AA3202174","Whisk missing"
"2026-04-01T08:40:41+00:00","405-0298381-5300368","FBA79279","B0D8445KJN","X0022J52E9","NexLev Rechargeable Lint Remover | for Woollen Sweaters Pill, Rue & Burr Remover | 60min Use Time | Type C |Defuzzer | Lint Brush for Coat | 2 Modes | SS Blade | Safety Lock | LR-01","1","DED4","SELLABLE","MISORDERED","LPNDED4A1283615",
"2026-04-01T08:02:35+00:00","404-5505555-5545107","FBA79263","B0CYSLCRQS","X001ZOLVQP","NexLev Mattress, Sofa & Carpet Vacuum Cleaner | For Dust Mites, Allergens & Pet Hair | 4 Step Cleansing with Double Beat, UV Light, Dehumidification & Vacuum | HEPA captures 99.99% Dust|MR-01","1","PNQ3","CUSTOMER_DAMAGED","MISORDERED","LPNPNQ3A4636202",
"2026-04-01T07:49:42+00:00","408-0777664-9887553","FBA79263","B0CYSLCRQS","X001ZOLVQP","NexLev Mattress, Sofa & Carpet Vacuum Cleaner | For Dust Mites, Allergens & Pet Hair | 4 Step Cleansing with Double Beat, UV Light, Dehumidification & Vacuum | HEPA captures 99.99% Dust|MR-01","1","LKO1","SELLABLE","DEFECTIVE","LPNLKO1B1279437",
"2026-04-01T07:45:08+00:00","408-0162439-5945940","FBA79276","B0D2LJSQXZ","X0020G47PT","NexLev Steam Mop | Chemical Free Mopping | Floor Cleaning + Carpet Steaming | 4 Extra Mop Pads | 400 ML | 1300W | Floor Disinfectant | For All Floor Types | 4mtr long Cord | Wet & Dry Mopping | SM-01","1","BLR8","CUSTOMER_DAMAGED","DEFECTIVE","LPNBLR8Z3247244",
"2026-04-01T07:20:48+00:00","407-2038417-4069135","FBA79681","B0DVC968P1","X002875WQX","NexLev Cool Mist Humidifier | 3.5L| For Office, Indoor Plants, Baby Nursery | Quiet Operation | Works 44Hrs on Low Setting | 360° Nozzle | Auto Shut-Off | Adjustable Knob | Leak Proof | HU-01","1","LKO1","CARRIER_DAMAGED","DEFECTIVE","LPNLKO1B1515434",
"2026-04-01T06:16:15+00:00","171-6676656-1899504","FBA79276","B0D2LJSQXZ","X0020G47PT","NexLev Steam Mop | Chemical Free Mopping | Floor Cleaning + Carpet Steaming | 4 Extra Mop Pads | 400 ML | 1300W | Floor Disinfectant | For All Floor Types | 4mtr long Cord | Wet & Dry Mopping | SM-01","1","BLR7","SELLABLE","DEFECTIVE","LPNBLR7Y4642505",
"2026-04-01T05:55:10+00:00","171-9457715-1833949","FBA79488","B0DFCG2VGS","X002435QZX","Nexlev Multi Purpose Electric Food Kettle|1.8L Stainless Steel Pot| 600W|Boil, Steam, Fry, Saute| Double Layered Body|2 Heat Settings|Multi Function for Water, Milk, Egg, Soup, Noodles|KE-01","1","BOM5","SELLABLE","DAMAGED_BY_FC","LPNBOM5F4784399","Handle is broken"
"2026-04-01T05:53:28+00:00","405-1637700-2316353","FBA79652","B0F43P6D23","X002A07CLV","NexLev Steam Cleaner | Complete Home Kitchen Floor Bathroom Car & Office Cleaning machine | 9 Accessories | 450 ML | Window Pane Sink Grime Chimney Grease Water Stain Cleaner| 4 M Cord |1050W |SC-05","1","PNQ3","CUSTOMER_DAMAGED","DEFECTIVE","LPNPNQ3A4676325",
"2026-04-01T05:42:56+00:00","404-2226514-9138710","FBA79488","B0DFCG2VGS","X002435QZX","Nexlev Multi Purpose Electric Food Kettle|1.8L Stainless Steel Pot| 600W|Boil, Steam, Fry, Saute| Double Layered Body|2 Heat Settings|Multi Function for Water, Milk, Egg, Soup, Noodles|KE-01","1","BOM5","SELLABLE","UNDELIVERABLE_REFUSED","LPNBOM5F4709345",
"2026-04-01T05:35:03+00:00","402-4671963-8709166","FBA79406","B0DCK3N2JJ","X0023L3KG3","NexLev Ionic Cordless Hair Straightener Brush | 60min Runtime | upto 200° Heating | Portable & Type C Rechargeable | Keratin Bristles |Straight, Frizz Free & Shiny Hair | Compact Comb Design | HSB-04","1","DEL5","SELLABLE","UNDELIVERABLE_UNKNOWN","LPNDEL5S13611386",
"2026-04-01T04:45:55+00:00","403-3554646-5047547","FBA79349","B0D9KDQCCM","X00230EXN3","nexlev Portable Sewing Machine| 2 Speed Settings| Cordless| Battery operated| USB Type C cord for Plug-in| Quick Fix DIY |Portable & Compact| for all Fabrics| 1 Year Warranty| STITCH & STYLE SW-01","1","CCX1","SELLABLE","DAMAGED_BY_FC","LPNCCX1B2243442","Beery no ran"
"2026-04-01T04:44:01+00:00","404-0984249-8151512","FBA79263","B0CYSLCRQS","X001ZOLVQP","NexLev Mattress, Sofa & Carpet Vacuum Cleaner | For Dust Mites, Allergens & Pet Hair | 4 Step Cleansing with Double Beat, UV Light, Dehumidification & Vacuum | HEPA captures 99.99% Dust|MR-01","1","BOM7","CARRIER_DAMAGED","DEFECTIVE","LPNBOM7D19607239",
"2026-04-01T04:42:50+00:00","403-1490509-8396325","FBA79912","B0FYNKYJFN","X002FV5LIL","NexLev Replacement Accessory Kit for Steam Cleaner SC-05 | Multipurpose Cleaning Attachments for Home, Kitchen, Bathroom & Car","1","BOM5","CUSTOMER_DAMAGED","NOT_COMPATIBLE","LPNBOM5F4755784",
"2026-04-01T03:11:38+00:00","406-9249872-9227534","FBA79590","B0DM6BB3VT","X00263BT43","nexlev Calf Massager | Daily Use Leg Massager for Sore Muscle |1 Piece | Hand Like Massage with Air Compression | Improve Blood Circulation & Relieve Pain | 2500 mAh | Large Belt | Type C |CFM-01","1","LKO1","SELLABLE","SWITCHEROO","LPNLKO1B1254003","Size small"
"2026-04-01T03:10:12+00:00","407-0131188-1845931","FBA79488","B0DFCG2VGS","X002435QZX","Nexlev Multi Purpose Electric Food Kettle|1.8L Stainless Steel Pot| 600W|Boil, Steam, Fry, Saute| Double Layered Body|2 Heat Settings|Multi Function for Water, Milk, Egg, Soup, Noodles|KE-01","1","HYD8","CARRIER_DAMAGED","SWITCHEROO","LPNHYD8EK34708",
"2026-03-31T12:34:49+00:00","405-2515643-7404351","FBA79673","B0FJG5PFGQ","X002D1ARHX","Nexlev Rechargeable Electric Toothbrush| 120 Days Life | 35K strokes/min| Type C| 6 Modes for Daily Use| 2 Min timer with 30sec Quadpacer | 4 Brushheads| IPX7 Waterproof| For Men & Women | ETC-07 White","1","BOM5","SELLABLE","UNDELIVERABLE_REFUSED","LPNBOM5F4759463",
"2026-03-31T12:16:25+00:00","171-2418021-7874729","FBA79488","B0DFCG2VGS","X002435QZX","Nexlev Multi Purpose Electric Food Kettle|1.8L Stainless Steel Pot| 600W|Boil, Steam, Fry, Saute| Double Layered Body|2 Heat Settings|Multi Function for Water, Milk, Egg, Soup, Noodles|KE-01","1","BLR8","SELLABLE","UNDELIVERABLE_REFUSED","LPNBLR8Z3255409",
"2026-03-31T11:44:42+00:00","402-3427688-4507558","FBA79489","B0DFD123P5","X00243S2SB","Nexlev MultiPurpose Electric Food Kettle|1.5 L Ceramic Pot | 600W| Boil, Steam, Fry, Saute| Double Layered Body| 2 Temperature Settings| Multi Cooker for Water, Egg, Tea, Soup, Noodles, Rice| KE-02","1","CCX1","SELLABLE","UNDELIVERABLE_REFUSED","LPNCCX1B2274877",
"2026-03-31T11:37:40+00:00","402-6692788-7297902","FBA79493","B0DQCWRG3H","X00272C0EV","nexlev Ionic 3 In 1 Hot Air Brush|1.5 Inch Barrel|Volumizer Blow Dry & Style|Ceramic Tourmaline Coated For Heat Protection|1200 Watts|Dual Bristle For Tangle Free Styling|Salon Like Soft Curl|V-03","1","BOM5","SELLABLE","UNDELIVERABLE_REFUSED","LPNBOM5F4729391",
"2026-03-31T10:53:44+00:00","408-3578302-8403535","FBA79263","B0CYSLCRQS","X001ZOLVQP","NexLev Mattress, Sofa & Carpet Vacuum Cleaner | For Dust Mites, Allergens & Pet Hair | 4 Step Cleansing with Double Beat, UV Light, Dehumidification & Vacuum | HEPA captures 99.99% Dust|MR-01","1","CJB1","CARRIER_DAMAGED","DEFECTIVE","LPNCJB1Y919111",
"2026-03-31T09:19:47+00:00","403-4569161-7084301","FBA79682","B0DVC8NYY2","X002872SBZ","NexLev Cool Mist Humidifier | 2.2L| For Office, Indoor Plants, Baby Nursery | Quiet Operation | Works 30Hrs on Low Setting | 360° Nozzle | Auto Shut-Off | Adjustable Knob | Leak Proof | HU-02","1","CCX1","DEFECTIVE","MISSING_PARTS","LPNCCX1B1760970","noozle is missing"
"2026-03-31T08:47:13+00:00","405-3827186-3309133","FBA79349","B0D9KDQCCM","X00230EXN3","nexlev Portable Sewing Machine| 2 Speed Settings| Cordless| Battery operated| USB Type C cord for Plug-in| Quick Fix DIY |Portable & Compact| for all Fabrics| 1 Year Warranty| STITCH & STYLE SW-01","1","BOM5","SELLABLE","NOT_COMPATIBLE","LPNBOM5F4767844","Quality not as expected"
"2026-03-31T06:42:52+00:00","404-5151546-1078718","FBA79374","B0D2P7WLJB","X0020GXQNX","NexLev Smart Electric Toothbrush for Adults |2-Min Timer with Quadpacer |2 Replaceable Heads | AAA Battery |3 Modes (Daily, Normal & Sesitive) |Upto 60 Days | Travel Case | Soft Bristles |ET-02 Green","1","HYD8","SELLABLE","UNDELIVERABLE_REFUSED","LPNHYD8DZ06133",
"2026-03-31T06:42:02+00:00","403-5220932-4849903","FBA79452","B0DCGHVN81","X0023JV0A3","NexLev 2 in 1 Handheld & Stick Vacuum Cleaner | 17500 PA Suction | Dry Vacuuming for Home & Office | Washable HEPA Filter | 4 Adjustable Heads | Bagless| Deep Cleaning for Sofa Bed Window & more|VC-01","1","DEL4","CUSTOMER_DAMAGED","DEFECTIVE","LPNDEL4AA2287080",
"2026-03-31T06:27:32+00:00","402-5947742-0363551","FBA79590","B0DM6BB3VT","X00263BT43","nexlev Calf Massager | Daily Use Leg Massager for Sore Muscle |1 Piece | Hand Like Massage with Air Compression | Improve Blood Circulation & Relieve Pain | 2500 mAh | Large Belt | Type C |CFM-01","1","LKO1","SELLABLE","SWITCHEROO","LPNLKO1B1260252",
"2026-03-31T06:18:31+00:00","404-7887292-4881943","FBA79263","B0CYSLCRQS","X001ZOLVQP","NexLev Mattress, Sofa & Carpet Vacuum Cleaner | For Dust Mites, Allergens & Pet Hair | 4 Step Cleansing with Double Beat, UV Light, Dehumidification & Vacuum | HEPA captures 99.99% Dust|MR-01","1","BOM7","CARRIER_DAMAGED","UNDELIVERABLE_REFUSED","LPNBOM7D19629920",
"2026-03-31T05:55:53+00:00","406-1040519-8558764","FBA79263","B0CYSLCRQS","X001ZOLVQP","NexLev Mattress, Sofa & Carpet Vacuum Cleaner | For Dust Mites, Allergens & Pet Hair | 4 Step Cleansing with Double Beat, UV Light, Dehumidification & Vacuum | HEPA captures 99.99% Dust|MR-01","1","BLR7","CARRIER_DAMAGED","DEFECTIVE","LPNBLR7Y6079588",
"2026-03-31T05:41:59+00:00","171-4490376-9088312","FBA79452","B0DCGHVN81","X0023JV0A3","NexLev 2 in 1 Handheld & Stick Vacuum Cleaner | 17500 PA Suction | Dry Vacuuming for Home & Office | Washable HEPA Filter | 4 Adjustable Heads | Bagless| Deep Cleaning for Sofa Bed Window & more|VC-01","1","MAA4","CARRIER_DAMAGED","DAMAGED_BY_FC","LPNMAA4Z1582982",
"2026-03-31T05:34:36+00:00","404-7998243-7117946","FBA79277","B0D672NXC8","X0021NWGBN","Nexlev SWIPE Steam Cleaner | 3.5 Bar Strong Steam|Multipurpose Steam Cleaner for Car, Kitchen, Bathroom, Floor, Window, Glass, Upholstery| 8 Accessories Kit|Safety Lock| Large 700ML Water Tank | SC-03","1","BLR8","CARRIER_DAMAGED","UNDELIVERABLE_REFUSED","LPNBLR8Z3652169",
"2026-03-31T05:30:27+00:00","408-8389246-7081158","FBA79652","B0F43P6D23","X002A07CLV","nexlev Steam Cleaner | Complete Home Kitchen Floor Bathroom Car & Office Cleaning machine | 9 Accessories | 450 ML | Window Pane Sink Grime Chimney Grease Water Stain Cleaner| 4 M Cord |1050W |SC-05","1","MAA4","SELLABLE","NO_REASON_GIVEN","LPNMAA4Z1582975",
"2026-03-31T04:53:08+00:00","407-7136048-5472336","FBA79349","B0D9KDQCCM","X00230EXN3","nexlev Portable Sewing Machine| 2 Speed Settings| Cordless| Battery operated| USB Type C cord for Plug-in| Quick Fix DIY |Portable & Compact| for all Fabrics| 1 Year Warranty| STITCH & STYLE SW-01","1","CCX1","DEFECTIVE","QUALITY_UNACCEPTABLE","LPNCCX1B2615734","The weight is very light and not working properly"
"2026-03-31T04:06:20+00:00","407-7292962-6358744","FBA79493","B0DQCWRG3H","X00272C0EV","nexlev Ionic 3 In 1 Hot Air Brush|1.5 Inch Barrel|Volumizer Blow Dry & Style|Ceramic Tourmaline Coated For Heat Protection|1200 Watts|Dual Bristle For Tangle Free Styling|Salon Like Soft Curl|V-03","1","DEL5","SELLABLE","QUALITY_UNACCEPTABLE","LPNDEL5S12158524",
"2026-03-31T04:03:38+00:00","406-8557735-3409166","FBA79489","B0DFD123P5","X00243S2SB","Nexlev MultiPurpose Electric Food Kettle|1.5 L Ceramic Pot | 600W| Boil, Steam, Fry, Saute| Double Layered Body| 2 Temperature Settings| Multi Cooker for Water, Egg, Tea, Soup, Noodles, Rice| KE-02","1","CCX1","CUSTOMER_DAMAGED","DEFECTIVE","LPNCCX1B2256999",
"2026-03-31T03:47:49+00:00","406-9087947-3361930","FBA79493","B0DQCWRG3H","X00272C0EV","nexlev Ionic 3 In 1 Hot Air Brush|1.5 Inch Barrel|Volumizer Blow Dry & Style|Ceramic Tourmaline Coated For Heat Protection|1200 Watts|Dual Bristle For Tangle Free Styling|Salon Like Soft Curl|V-03","1","PNQ3","SELLABLE","UNDELIVERABLE_REFUSED","LPNPNQ3A4615414",
"2026-03-31T03:43:57+00:00","404-9299298-2529925","FBA79488","B0DFCG2VGS","X002435QZX","Nexlev Multi Purpose Electric Food Kettle|1.8L Stainless Steel Pot| 600W|Boil, Steam, Fry, Saute| Double Layered Body|2 Heat Settings|Multi Function for Water, Milk, Egg, Soup, Noodles|KE-01","1","HYD8","CARRIER_DAMAGED","SWITCHEROO","LPNHYD8EM97353",
"2026-03-31T03:13:45+00:00","408-9658060-5833138","FBK79271","B0DQ8W1RBV","X00271JY6J","nexlev Ionic Volumizer|3 In 1 Hot Air Brush To Straight Dry & Volumize|1200 Watts|Reduce Frizz|Ceramic Tourmaline Coated Large Barrel|Salon Like Soft Curl At Home|3 Speed & 2 Heat Settings|V-01 RG","1","BOM5","CARRIER_DAMAGED","UNDELIVERABLE_REFUSED","LPNBOM5F4718574",
"2026-03-30T18:54:28+00:00","406-4378372-4468303","FBA79406","B0DCK3N2JJ","X0023L3KG3","NexLev Ionic Cordless Hair Straightener Brush | 60min Runtime | upto 200° Heating | Portable & Type C Rechargeable | Keratin Bristles |Straight, Frizz Free & Shiny Hair | Compact Comb Design | HSB-04","1","DEL5","SELLABLE","NOT_AS_DESCRIBED","LPNDEL5S13610988",
"2026-03-30T11:11:45+00:00","407-7406812-6611514","FBA78981","B0CDPP45BM","X001U1K281","NexLev Steam Cleaner | For Complete Home Kitchen Bathroom Car Sofa & Office Cleaning Machine | 9 Accessories |300 ML | Window Pane, Sink, Chimney Grease, Water Stain Cleaner| 4 Mtr Cord | 1000W |SC-01","1","BLR7","SELLABLE","SWITCHEROO","LPNBLR7Y6069866",
"2026-03-30T11:06:42+00:00","405-9985855-2932332","FBA79590","B0DM6BB3VT","X00263BT43","nexlev Calf Massager | Daily Use Leg Massager for Sore Muscle |1 Piece | Hand Like Massage with Air Compression | Improve Blood Circulation & Relieve Pain | 2500 mAh | Large Belt | Type C |CFM-01","1","BLR7","SELLABLE","UNDELIVERABLE_REFUSED","LPNBLR7Y6108076",
"2026-03-30T10:45:57+00:00","402-4187858-0304309","FBA79812","B0FS6TB7CP","X002F7TH85","NexLev Portable Blender for Smoothies Milkshakes Crushing Ice Juices | 6 Leaf Stainless Steel Blade | 3000 mAh Battery | Type C | Mix Fruit Juicer Mini | 450ml | For Kitchen & Travel | PB-01","1","AMD2","SELLABLE","UNDELIVERABLE_REFUSED","LPNAMD2M3565739",
"2026-03-30T07:50:47+00:00","404-1621257-0175559","FBA79567","B0DNJS23HS","X0026FJYJD","NexLev 10 in 1 Steam Cleaner & Mop|2 Steam Modes| Mopping & Deep Cleaning Home Car Sofa Bathroom Kitchen & Office |For All Surfaces|350ML|Chemical Free Cleaning | Detachable & Foldable|SC-04","1","BLR8","CUSTOMER_DAMAGED","SWITCHEROO","LPNBLR8Z3260493",
"2026-03-30T06:52:23+00:00","406-5901362-6946708","FBA79272","B0D2LFMY48","X0020G86UB","Nexlev Hair Styling Straightener & Curler| 2 in 1 Hair Styler| 200°C in 30 Seconds| Long Ceramic Floating Plates| Rounded Body for Curls| Plate Lock| Portable HS-01, Hair Straightener Tong - Black","1","AMD2","SELLABLE","UNDELIVERABLE_REFUSED","LPNAMD2M3889084",
"2026-03-30T06:35:30+00:00","404-9056542-9906735","FBA78981","B0CDPP45BM","X001U1K281","NexLev Steam Cleaner | For Complete Home Kitchen Bathroom Car Sofa & Office Cleaning Machine | 9 Accessories |300 ML | Window Pane, Sink, Chimney Grease, Water Stain Cleaner| 4 Mtr Cord | 1000W |SC-01","1","BLR8","SELLABLE","QUALITY_UNACCEPTABLE","LPNBLR8Z3365391",
"2026-03-30T06:07:10+00:00","408-6191839-1654766","FBA79452","B0DCGHVN81","X0023JV0A3","NexLev 2 in 1 Handheld & Stick Vacuum Cleaner | 17500 PA Suction | Dry Vacuuming for Home & Office | Washable HEPA Filter | 4 Adjustable Heads | Bagless| Deep Cleaning for Sofa Bed Window & more|VC-01","1","BOM5","CARRIER_DAMAGED","DEFECTIVE","LPNBOM5F4706583",
"2026-03-30T05:33:20+00:00","407-0750840-6013958","FBA79567","B0DNJS23HS","X0026FJYJD","NexLev 10 in 1 Steam Cleaner & Mop|2 Steam Modes| Mopping & Deep Cleaning Home Car Sofa Bathroom Kitchen & Office |For All Surfaces|350ML|Chemical Free Cleaning | Detachable & Foldable|SC-04","1","BOM5","CUSTOMER_DAMAGED","QUALITY_UNACCEPTABLE","LPNBOM5F4715770",
"2026-03-30T05:27:18+00:00","404-9486998-9509149","FBA79567","B0DNJS23HS","X0026FJYJD","NexLev 10 in 1 Steam Cleaner & Mop|2 Steam Modes| Mopping & Deep Cleaning Home Car Sofa Bathroom Kitchen & Office |For All Surfaces|350ML|Chemical Free Cleaning | Detachable & Foldable|SC-04","1","BOM5","CUSTOMER_DAMAGED","MISSING_PARTS","LPNBOM5F4718179",
"2026-03-30T04:40:20+00:00","408-4005498-9106761","FBA79268","B0D383WQPB","X0020OHLDV","NexLev Foldable Garment Steamer for Home & Travel | Convenient Vertical Steaming | 1200W | 120 ml | Lightweight & Compact | 30s Fast Heating | Iron for all Cloth Types | 2 M cord | Anti Spill | GS-05","1","CCX1","SELLABLE","DEFECTIVE","LPNCCX1B3738251",
"2026-03-30T04:14:01+00:00","404-5354021-3817102","FBA79812","B0FS6TB7CP","X002F7TH85","NexLev Portable Blender for Smoothies Milkshakes Crushing Ice Juices | 6 Leaf Stainless Steel Blade | 3000 mAh Battery | Type C | Mix Fruit Juicer Mini | 450ml | For Kitchen & Travel | PB-01","1","BLR7","SELLABLE","DEFECTIVE","LPNBLR7Y6094806",
"2026-03-30T03:50:21+00:00","408-9889846-5219550","FBA78980","B0CDPMX152","X001U1DYK9","NexLev Handheld Garment Steamer | 1500 Watts | 300 ML| Standing & Horizontal Iron Press | Damage Free Steaming for all Cloth Types | 25s Quick Heat |Upto 5 Clothes in One Fill | Travel Friendly |GS-02","1","BLR8","SELLABLE","DEFECTIVE","LPNBLR8Z3403404",
"2026-03-30T03:22:58+00:00","404-3681906-2153956","FBA79493","B0DQCWRG3H","X00272C0EV","nexlev Ionic 3 In 1 Hot Air Brush|1.5 Inch Barrel|Volumizer Blow Dry & Style|Ceramic Tourmaline Coated For Heat Protection|1200 Watts|Dual Bristle For Tangle Free Styling|Salon Like Soft Curl|V-03","1","PNQ3","SELLABLE","UNDELIVERABLE_UNKNOWN","LPNPNQ3A4694843",
"2026-03-29T12:03:03+00:00","405-0696846-5447533","FBA79681","B0DVC968P1","X002875WQX","NexLev Cool Mist Humidifier | 3.5L| For Office, Indoor Plants, Baby Nursery | Quiet Operation | Works 44Hrs on Low Setting | 360° Nozzle | Auto Shut-Off | Adjustable Knob | Leak Proof | HU-01","1","DED4","CARRIER_DAMAGED","DEFECTIVE","LPNDED4A1676855",
"2026-03-29T11:58:31+00:00","402-9595309-2777130","FBA79567","B0DNJS23HS","X0026FJYJD","NexLev 10 in 1 Steam Cleaner & Mop|2 Steam Modes| Mopping & Deep Cleaning Home Car Sofa Bathroom Kitchen & Office |For All Surfaces|350ML|Chemical Free Cleaning | Detachable & Foldable|SC-04","1","DEL4","CUSTOMER_DAMAGED","NOT_COMPATIBLE","LPNDEL4AA2286549",
"2026-03-29T11:57:00+00:00","402-5290524-8682749","FBA79406","B0DCK3N2JJ","X0023L3KG3","NexLev Ionic Cordless Hair Straightener Brush | 60min Runtime | upto 200° Heating | Portable & Type C Rechargeable | Keratin Bristles |Straight, Frizz Free & Shiny Hair | Compact Comb Design | HSB-04","1","BOM5","SELLABLE","DEFECTIVE","LPNBOM5F4787387",
"2026-03-29T11:24:21+00:00","402-2289214-9825934","FBA79567","B0DNJS23HS","X0026FJYJD","NexLev 10 in 1 Steam Cleaner & Mop|2 Steam Modes| Mopping & Deep Cleaning Home Car Sofa Bathroom Kitchen & Office |For All Surfaces|350ML|Chemical Free Cleaning | Detachable & Foldable|SC-04","1","AMD2","CUSTOMER_DAMAGED","SWITCHEROO","LPNAMD2M3575950",
"2026-03-29T10:17:25+00:00","407-2015109-8009124","FBA78981","B0CDPP45BM","X001U1K281","NexLev Steam Cleaner | For Complete Home Kitchen Bathroom Car Sofa & Office Cleaning Machine | 9 Accessories |300 ML | Window Pane, Sink, Chimney Grease, Water Stain Cleaner| 4 Mtr Cord | 1000W |SC-01","1","BLR8","CARRIER_DAMAGED","UNDELIVERABLE_UNKNOWN","LPNBLR8Z2949284",
"2026-03-29T09:59:01+00:00","404-6397167-1089112","FBA79606","B0F2N37819","X0029PJ3YV","NexLev Replacement Stainless Steel Blades (Set of 2) | Compatible with NexLev Lint Remover LR-01 | Sharp & Durable Blades for Effective Fabric Defuzzing | Easy to Replace | Smooth & Safe Performance","1","BLR8","CUSTOMER_DAMAGED","QUALITY_UNACCEPTABLE","LPNBLR8Z3261502",
"2026-03-29T08:40:03+00:00","407-2838547-8987564","FBA79652","B0F43P6D23","X002A07CLV","NexLev Steam Cleaner | Complete Home Kitchen Floor Bathroom Car & Office Cleaning machine | 9 Accessories | 450 ML | Window Pane Sink Grime Chimney Grease Water Stain Cleaner| 4 M Cord |1050W |SC-05","1","BLR8","CUSTOMER_DAMAGED","DAMAGED_BY_FC","LPNBLR8Z2949238",
"2026-03-29T07:55:51+00:00","407-9537216-7137142","FBA79443","B0D9KFQG8Q","X00230CWVD","Nexlev Skin Scrubber |Red & Blue LED Therapy| Blackhead Remover| Pore Cleaner| Skin Lifting & tightening, wrinkle remover| 2 Silicone Cleaning Heads| Facial Cleansing|Type C Charging| Elixir Pro LE-03","1","DED4","SELLABLE","SWITCHEROO","LPNDED4A1470048","Wrong item received"
"2026-03-29T06:53:00+00:00","406-9976838-0017922","FBA79652","B0F43P6D23","X002A07CLV","nexlev Steam Cleaner | Complete Home Kitchen Floor Bathroom Car & Office Cleaning machine | 9 Accessories | 450 ML | Window Pane Sink Grime Chimney Grease Water Stain Cleaner| 4 M Cord |1050W |SC-05","1","LKO1","DEFECTIVE","DAMAGED_BY_FC","LPNLKO1B1450162","One of the accessories came broken inside the box."
"2026-03-29T06:50:33+00:00","171-0526775-6433916","FBA79687","B0DV9CY3XR","X00286G37V","NexLev Massage Gun | Body Shoulder Neck Feet Calf & Back Massager | Cold Therapy for Muscle Recovery | 60° Heat Therapy for Relaxation | 6 Attachments | 6 Mode | Portable & Compact Design | MGC-03","1","CCX1","DEFECTIVE","DAMAGED_BY_FC","LPNCCX1B3840021","Broken received"
"2026-03-29T05:53:50+00:00","402-8747314-6512330","FBK79271","B0DQ8W1RBV","X00271JY6J","nexlev Ionic Volumizer|3 In 1 Hot Air Brush To Straight Dry & Volumize|1200 Watts|Reduce Frizz|Ceramic Tourmaline Coated Large Barrel|Salon Like Soft Curl At Home|3 Speed & 2 Heat Settings|V-01 RG","1","DED4","CARRIER_DAMAGED","DEFECTIVE","LPNDED4A1296826",
"2026-03-29T05:41:06+00:00","405-1852335-7470737","FBA79439","B0DCK7ZH5P","X0023KW3JJ","NexLev Mattress, Sofa, Carpet & Car Seat Vacuum Cleaner|For Dust Mites Allergens & Pet Hair|Cordless Design|1500*3 mAh |UV Sterilization, Double Beat Technology|Type C| HEPA captures 99.99% Dust|MR-02","1","PNQ3","CUSTOMER_DAMAGED","MISORDERED","LPNPNQ3A4671351",
"2026-03-29T05:39:52+00:00","408-7300755-9315554","FBA78981","B0CDPP45BM","X001U1K281","NexLev Steam Cleaner | For Complete Home Kitchen Bathroom Car Sofa & Office Cleaning Machine | 9 Accessories |300 ML | Window Pane, Sink, Chimney Grease, Water Stain Cleaner| 4 Mtr Cord | 1000W |SC-01","1","PNQ3","CUSTOMER_DAMAGED","MISORDERED","LPNPNQ3A4671350",
"2026-03-29T05:28:26+00:00","404-9001749-1469158","FBA79488","B0DFCG2VGS","X002435QZX","Nexlev Multi Purpose Electric Food Kettle|1.8L Stainless Steel Pot| 600W|Boil, Steam, Fry, Saute| Double Layered Body|2 Heat Settings|Multi Function for Water, Milk, Egg, Soup, Noodles|KE-01","1","BOM5","SELLABLE","UNDELIVERABLE_REFUSED","LPNBOM5F4764939",
"2026-03-29T05:26:02+00:00","405-4507563-9008306","FBA79493","B0DQCWRG3H","X00272C0EV","nexlev Ionic 3 In 1 Hot Air Brush|1.5 Inch Barrel|Volumizer Blow Dry & Style|Ceramic Tourmaline Coated For Heat Protection|1200 Watts|Dual Bristle For Tangle Free Styling|Salon Like Soft Curl|V-03","1","BLR7","CUSTOMER_DAMAGED","SWITCHEROO","LPNBLR7Y5210216",
"2026-03-29T04:57:00+00:00","403-1463651-0621141","FBA79271","B0D83Q7L8W","X0022IERCN","NexLev Ionic Hot Air Brush | 3 in 1 Blow Dryer, Straightener & Styler | 360° Airflow Vents | Ceramic Tourmaline Coated Brushing Head | Tangle Free Bristle | 1200W | 3 Speed & 2 Heat Settings|V-01","1","AMD2","SELLABLE","UNDELIVERABLE_REFUSED","LPNAMD2M3879366",
"2026-03-29T04:33:03+00:00","408-4223864-9492358","FBA79406","B0DCK3N2JJ","X0023L3KG3","NexLev Ionic Cordless Hair Straightener Brush | 60min Runtime | upto 200° Heating | Portable & Type C Rechargeable | Keratin Bristles |Straight, Frizz Free & Shiny Hair | Compact Comb Design | HSB-04","1","BLR7","CUSTOMER_DAMAGED","DAMAGED_BY_FC","LPNBLR7Y4572076",
"2026-03-29T04:09:36+00:00","405-9709432-5149912","FBP79350","B0D67727VG","X0024F173L","NexLev LED Therapy Oil Applicator | Reduce Dandruff | Improve Hair Growth | EMS for Scalp Improvement | Red & Blue Light | High Frequency Massage for Better Absorption | 10 ML | Waterproof | EA-01","1","AMD2","SELLABLE","UNDELIVERABLE_REFUSED","LPNAMD2M3900234",
"2026-03-29T04:09:36+00:00","405-9709432-5149912","FBP79350","B0D67727VG","X0024F173L","NexLev LED Therapy Oil Applicator | Reduce Dandruff | Improve Hair Growth | EMS for Scalp Improvement | Red & Blue Light | High Frequency Massage for Better Absorption | 10 ML | Waterproof | EA-01","1","AMD2","SELLABLE","UNDELIVERABLE_REFUSED","LPNAMD2M3900233",
"2026-03-29T03:26:54+00:00","403-9224977-3910722","FBA79682","B0DVC8NYY2","X002872SBZ","NexLev Cool Mist Humidifier | 2.2L| For Office, Indoor Plants, Baby Nursery | Quiet Operation | Works 30Hrs on Low Setting | 360° Nozzle | Auto Shut-Off | Adjustable Knob | Leak Proof | HU-02","1","HYD8","CARRIER_DAMAGED","DEFECTIVE","LPNHYD8EM80801",
"2026-03-28T15:23:16+00:00","407-1785043-7701927","FBA79349","B0D9KDQCCM","X00230EXN3","nexlev Portable Sewing Machine| 2 Speed Settings| Cordless| Battery operated| USB Type C cord for Plug-in| Quick Fix DIY |Portable & Compact| for all Fabrics| 1 Year Warranty| STITCH & STYLE SW-01","1","CCX1","SELLABLE","SWITCHEROO","LPNCCX1B2590902",
"2026-03-28T12:40:46+00:00","403-7160870-6503521","FBA78981","B0CDPP45BM","X001U1K281","NexLev Steam Cleaner | For Complete Home Kitchen Bathroom Car Sofa & Office Cleaning Machine | 9 Accessories |300 ML | Window Pane, Sink, Chimney Grease, Water Stain Cleaner| 4 Mtr Cord | 1000W |SC-01","1","HYD8","SELLABLE","UNDELIVERABLE_REFUSED","LPNHYD8EK43384",
"2026-03-28T12:21:33+00:00","405-7570520-6305964","FBA79991","B0GN85NZQN","X002IK70C9","NexLev Dehumidifier for Room Moisture Absorption | 1000ML Tank | Ideal for Mold & Moisture Removal |For Room Wardrobe Kitchen Office| Auto Shut-Off Function| Preset Timer & Humidty Control | DH-01","1","HYD8","CUSTOMER_DAMAGED","QUALITY_UNACCEPTABLE","LPNHYD8EM70145",
"2026-03-28T11:47:47+00:00","171-1373082-4624316","FBA79570","B0DKJXRXKM","X0025R19UT","NexLev Blackhead & Whitehead Remover Tool | Rechargeable |1Hr Use| Acne & Pimple Pore Cleaner | 6 Heads | Electric Derma Suction Machine | Hydra Facial Cleanser Device for Face |For Men & Women |BR-01","1","CCX1","CUSTOMER_DAMAGED","DEFECTIVE","LPNCCX1B2298528",
"2026-03-28T11:42:28+00:00","405-4222792-4765951","FBA79349","B0D9KDQCCM","X00230EXN3","nexlev Portable Sewing Machine| 2 Speed Settings| Cordless| Battery operated| USB Type C cord for Plug-in| Quick Fix DIY |Portable & Compact| for all Fabrics| 1 Year Warranty| STITCH & STYLE SW-01","1","BOM5","SELLABLE","QUALITY_UNACCEPTABLE","LPNBOM5F4703561","Does not work"
"2026-03-28T11:14:53+00:00","405-6493822-5154715","FBA79679","B0DVC7VJP1","X002876EAV","NexLev Stand Mixer | 5.5L SS Bowl | 1500W |10 Speeds | Pulse Function |Planetary Rotation | Whisk, Beater & Dough Hook |100% Copper Motor | For Roti Atta, Cookie Dough, Cake, Whip Cream & more | ST-01","1","BLR7","SELLABLE","UNDELIVERABLE_REFUSED","LPNBLR7Y5210081",
"2026-03-28T10:53:13+00:00","405-2064906-1053919","FBA79573","B0DKK15YNJ","X0025R5BTT","NexLev Oil Applicator Comb|Red Led Light Therapy |Boost Hair Growth| Reduce Dandruff | Relieve Stress |High Vibration Corded Electric Scalp/Head Massager | 6 ML Oil Tank | 2 Hr Run-Time| Type-C|EA-02","1","CCX1","SELLABLE","UNDELIVERABLE_REFUSED","LPNCCX1B2266369",
"2026-03-28T10:10:14+00:00","408-3763910-2101951","FBA79812","B0FS6TB7CP","X002F7TH85","NexLev Portable Blender for Smoothies Milkshakes Crushing Ice Juices | 6 Leaf Stainless Steel Blade | 3000 mAh Battery | Type C | Mix Fruit Juicer Mini | 450ml | For Kitchen & Travel | PB-01","1","BLR7","SELLABLE","UNDELIVERABLE_REFUSED","LPNBLR7Y4662188",
"2026-03-28T10:07:26+00:00","404-9364156-9901964","FBA79567","B0DNJS23HS","X0026FJYJD","NexLev 10 in 1 Steam Cleaner & Mop|2 Steam Modes| Mopping & Deep Cleaning Home Car Sofa Bathroom Kitchen & Office |For All Surfaces|350ML|Chemical Free Cleaning | Detachable & Foldable|SC-04","1","DEL4","SELLABLE","SWITCHEROO","LPNDEL4AA2286119",
"2026-03-28T09:52:38+00:00","407-1887495-6553130","FBA79573","B0DKK15YNJ","X0025R5BTT","NexLev Oil Applicator Comb|Red Led Light Therapy |Boost Hair Growth| Reduce Dandruff | Relieve Stress |High Vibration Corded Electric Scalp/Head Massager | 6 ML Oil Tank | 2 Hr Run-Time| Type-C|EA-02","1","HYD8","SELLABLE","DEFECTIVE","LPNHYD8EH86987",
"2026-03-28T09:46:14+00:00","403-4403349-6827563","FBA79349","B0D9KDQCCM","X00230EXN3","nexlev Portable Sewing Machine| 2 Speed Settings| Cordless| Battery operated| USB Type C cord for Plug-in| Quick Fix DIY |Portable & Compact| for all Fabrics| 1 Year Warranty| STITCH & STYLE SW-01","1","CCX1","SELLABLE","UNDELIVERABLE_REFUSED","LPNCCX1B1698838",
"2026-03-28T09:33:24+00:00","403-8967353-5053900","FBK79271","B0DQ8W1RBV","X00271JY6J","nexlev Ionic Volumizer|3 In 1 Hot Air Brush To Straight Dry & Volumize|1200 Watts|Reduce Frizz|Ceramic Tourmaline Coated Large Barrel|Salon Like Soft Curl At Home|3 Speed & 2 Heat Settings|V-01 RG","1","DED4","SELLABLE","UNDELIVERABLE_REFUSED","LPNDED4A1296219",
"2026-03-28T09:22:25+00:00","403-7129595-8373162","FBA79590","B0DM6BB3VT","X00263BT43","nexlev Calf Massager | Daily Use Leg Massager for Sore Muscle |1 Piece | Hand Like Massage with Air Compression | Improve Blood Circulation & Relieve Pain | 2500 mAh | Large Belt | Type C |CFM-01","1","HYD8","SELLABLE","UNDELIVERABLE_REFUSED","LPNHYD8EM70020",
"2026-03-28T08:57:03+00:00","407-6446628-5713128","FBA79263","B0CYSLCRQS","X001ZOLVQP","NexLev Mattress, Sofa & Carpet Vacuum Cleaner | For Dust Mites, Allergens & Pet Hair | 4 Step Cleansing with Double Beat, UV Light, Dehumidification & Vacuum | HEPA captures 99.99% Dust|MR-01","1","MAA4","CUSTOMER_DAMAGED","DEFECTIVE","LPNMAA4Z1582488",
"2026-03-28T08:43:20+00:00","408-3468664-9464326","FBA79489","B0DFD123P5","X00243S2SB","Nexlev MultiPurpose Electric Food Kettle|1.5 L Ceramic Pot | 600W| Boil, Steam, Fry, Saute| Double Layered Body| 2 Temperature Settings| Multi Cooker for Water, Egg, Tea, Soup, Noodles, Rice| KE-02","1","MAA4","CUSTOMER_DAMAGED","NOT_AS_DESCRIBED","LPNMAA4Z1287046",
"2026-03-28T08:35:40+00:00","402-8772247-2027562","FBA79439","B0DCK7ZH5P","X0023KW3JJ","NexLev Mattress, Sofa, Carpet & Car Seat Vacuum Cleaner|For Dust Mites Allergens & Pet Hair|Cordless Design|1500*3 mAh |UV Sterilization, Double Beat Technology|Type C| HEPA captures 99.99% Dust|MR-02","1","HYD8","CUSTOMER_DAMAGED","SWITCHEROO","LPNHYD8EK08861",
"2026-03-28T08:35:31+00:00","407-6942284-2801954","FBA79991","B0GN85NZQN","X002IK70C9","NexLev Dehumidifier for Room Moisture Absorption | 1000ML Tank | Ideal for Mold & Moisture Removal |For Room Wardrobe Kitchen Office| Auto Shut-Off Function| Preset Timer & Humidty Control | DH-01","1","HYD8","CARRIER_DAMAGED","DEFECTIVE","LPNHYD8EK31485",
"2026-03-28T08:14:22+00:00","408-5864564-5149949","FBA79263","B0CYSLCRQS","X001ZOLVQP","NexLev Mattress, Sofa & Carpet Vacuum Cleaner | For Dust Mites, Allergens & Pet Hair | 4 Step Cleansing with Double Beat, UV Light, Dehumidification & Vacuum | HEPA captures 99.99% Dust|MR-01","1","BLR8","SELLABLE","UNDELIVERABLE_REFUSED","LPNBLR8Z3403154",
"2026-03-28T08:05:04+00:00","408-0851561-6532322","FBA79268","B0D383WQPB","X0020OHLDV","NexLev Foldable Garment Steamer for Home & Travel | Convenient Vertical Steaming | 1200W | 120 ml | Lightweight & Compact | 30s Fast Heating | Iron for all Cloth Types | 2 M cord | Anti Spill | GS-05","1","BOM5","SELLABLE","UNDELIVERABLE_REFUSED","LPNBOM5F4714513",
"2026-03-28T07:22:51+00:00","408-3748254-0774735","FBA79278","B0D86ZC9YT","X0022K5OBJ","Nexlev Just Style Pro Hair Dryer |2100 W for Quick & Easy Blowdry | Double Heat Protection Technology | 3 Heat Settings & Cool Shot Function For Salon-Like Styling at Home (HD-01)","1","AMD2","SELLABLE","DEFECTIVE","LPNAMD2M3484403",
"2026-03-28T06:43:39+00:00","405-8717990-6772332","FBA79678","B0DVCDD5VC","X002879Z3T","nexlev Travel Neck Pillow | Orthopedic Premium Memory Foam | for Airplane, Car, Train, Office use & Cervical Pain | Machine Washable | 360 Support | Carry Pouch for Storage | NP-07","1","MAA4","SELLABLE","QUALITY_UNACCEPTABLE","LPNMAA4Z0254027","Very thin pillow and the velcro is been stitched inside out , so it&#39;s not sticking"
"2026-03-28T06:41:54+00:00","405-4828151-7781962","FBA79811","B0FSF1N457","X002EUQV41","NexLev Mini Electric Chopper | 3D Stainless Steel Blade | Food Grade Bowl | For Mincing Garlic Ginger Onion Vegetable Meat Nuts | 250 ml | One Touch Operation | MC-01","1","MAA4","CUSTOMER_DAMAGED","MISSING_PARTS","LPNMAA4Z1873953",
"2026-03-28T06:35:46+00:00","405-8489199-6196343","FBK79591","B0F29SZCVF","X0029O6KFH","NexLev Knee Massager for Joint Pain Relief |Controlled Vibration & Heating for Arthritis, Knee, Shoulder or Elbow pain | 15 modes |2 Extension Belt |Graphene Heating pad for Consistent Heating | KM-01","1","BOM5","SELLABLE","UNDELIVERABLE_REFUSED","LPNBOM5F4740127",
"2026-03-28T06:15:04+00:00","405-4508657-1614745","FBA79263","B0CYSLCRQS","X001ZOLVQP","NexLev Mattress, Sofa & Carpet Vacuum Cleaner | For Dust Mites, Allergens & Pet Hair | 4 Step Cleansing with Double Beat, UV Light, Dehumidification & Vacuum | HEPA captures 99.99% Dust|MR-01","1","BOM7","SELLABLE","UNDELIVERABLE_REFUSED","LPNBOM7D19582147",
"2026-03-28T05:32:48+00:00","402-0461011-3860342","FBA79679","B0DVC7VJP1","X002876EAV","NexLev Stand Mixer | 5.5L SS Bowl | 1500W |10 Speeds | Pulse Function |Planetary Rotation | Whisk, Beater & Dough Hook |100% Copper Motor | For Roti Atta, Cookie Dough, Cake, Whip Cream & more | ST-01","1","BLR7","SELLABLE","UNDELIVERABLE_REFUSED","LPNBLR7Y6098265",
"2026-03-28T05:07:52+00:00","407-3711519-8680309","FBA79263","B0CYSLCRQS","X001ZOLVQP","NexLev Mattress, Sofa & Carpet Vacuum Cleaner | For Dust Mites, Allergens & Pet Hair | 4 Step Cleansing with Double Beat, UV Light, Dehumidification & Vacuum | HEPA captures 99.99% Dust|MR-01","1","HYD8","DEFECTIVE","DAMAGED_BY_CARRIER","LPNHYD8EM69837","Box was damaged"
"2026-03-28T04:48:47+00:00","402-3393822-0994736","FBA79570","B0DKJXRXKM","X0025R19UT","NexLev Blackhead & Whitehead Remover Tool | Rechargeable |1Hr Use| Acne & Pimple Pore Cleaner | 6 Heads | Electric Derma Suction Machine | Hydra Facial Cleanser Device for Face |For Men & Women |BR-01","1","BOM5","SELLABLE","QUALITY_UNACCEPTABLE","LPNBOM5F4781034",
"2026-03-28T04:33:19+00:00","404-5333133-1749943","FBA79349","B0D9KDQCCM","X00230EXN3","nexlev Portable Sewing Machine| 2 Speed Settings| Cordless| Battery operated| USB Type C cord for Plug-in| Quick Fix DIY |Portable & Compact| for all Fabrics| 1 Year Warranty| STITCH & STYLE SW-01","1","BLR8","SELLABLE","QUALITY_UNACCEPTABLE","LPNBLR8Z3364299","Stitches are not coming"
"2026-03-28T04:31:51+00:00","408-2068039-1679510","FBA79406","B0DCK3N2JJ","X0023L3KG3","NexLev Ionic Cordless Hair Straightener Brush | 60min Runtime | upto 200° Heating | Portable & Type C Rechargeable | Keratin Bristles |Straight, Frizz Free & Shiny Hair | Compact Comb Design | HSB-04","1","BLR7","SELLABLE","DAMAGED_BY_CARRIER","LPNBLR7Y5493954","Not good , full dust in comb box not proper packed"
"2026-03-28T04:19:18+00:00","408-3490241-5653147","FBA79489","B0DFD123P5","X00243S2SB","Nexlev MultiPurpose Electric Food Kettle|1.5 L Ceramic Pot | 600W| Boil, Steam, Fry, Saute| Double Layered Body| 2 Temperature Settings| Multi Cooker for Water, Egg, Tea, Soup, Noodles, Rice| KE-02","1","HYD8","DEFECTIVE","NOT_AS_DESCRIBED","LPNHYD8EM69790","Mentioned steel but found plastic"
"2026-03-28T04:00:03+00:00","404-0905465-8489118","FBA78981","B0CDPP45BM","X001U1K281","NexLev Steam Cleaner | For Complete Home Kitchen Bathroom Car Sofa & Office Cleaning Machine | 9 Accessories |300 ML | Window Pane, Sink, Chimney Grease, Water Stain Cleaner| 4 Mtr Cord | 1000W |SC-01","1","BOM5","SELLABLE","UNDELIVERABLE_REFUSED","LPNBOM5F4773938",
"2026-03-27T12:24:34+00:00","402-9844503-5270727","FBA79812","B0FS6TB7CP","X002F7TH85","NexLev Portable Blender for Smoothies Milkshakes Crushing Ice Juices | 6 Leaf Stainless Steel Blade | 3000 mAh Battery | Type C | Mix Fruit Juicer Mini | 450ml | For Kitchen & Travel | PB-01","1","AMD2","SELLABLE","UNDELIVERABLE_UNKNOWN","LPNAMD2M3565396",
"2026-03-27T11:28:37+00:00","402-4426934-0678727","FBA79991","B0GN85NZQN","X002IK70C9","NexLev Dehumidifier for Room Moisture Absorption | 1000ML Tank | Ideal for Mold & Moisture Removal |For Room Wardrobe Kitchen Office| Auto Shut-Off Function| Preset Timer & Humidty Control | DH-01","1","MAA4","SELLABLE","UNDELIVERABLE_REFUSED","LPNMAA4Z1289113",
"2026-03-27T11:23:53+00:00","404-9837868-3458763","FBA79263","B0CYSLCRQS","X001ZOLVQP","NexLev Mattress, Sofa & Carpet Vacuum Cleaner | For Dust Mites, Allergens & Pet Hair | 4 Step Cleansing with Double Beat, UV Light, Dehumidification & Vacuum | HEPA captures 99.99% Dust|MR-01","1","PNQ3","SELLABLE","UNDELIVERABLE_UNKNOWN","LPNPNQ3A4707911",
"2026-03-27T09:22:51+00:00","405-4869108-0853932","FBA79488","B0DFCG2VGS","X002435QZX","Nexlev Multi Purpose Electric Food Kettle|1.8L Stainless Steel Pot| 600W|Boil, Steam, Fry, Saute| Double Layered Body|2 Heat Settings|Multi Function for Water, Milk, Egg, Soup, Noodles|KE-01","1","HYD8","DEFECTIVE","SWITCHEROO","LPNHYD8EH59341","I need the rice cooker, it is so small size, it won&#39;t serve my purpose"
"2026-03-27T09:19:52+00:00","408-9527440-8921150","FBA79263","B0CYSLCRQS","X001ZOLVQP","NexLev Mattress, Sofa & Carpet Vacuum Cleaner | For Dust Mites, Allergens & Pet Hair | 4 Step Cleansing with Double Beat, UV Light, Dehumidification & Vacuum | HEPA captures 99.99% Dust|MR-01","1","CJB1","SELLABLE","NO_REASON_GIVEN","LPNCJB1Y906938",
"2026-03-27T08:45:25+00:00","406-0518339-9859528","FBA79263","B0CYSLCRQS","X001ZOLVQP","NexLev Mattress, Sofa & Carpet Vacuum Cleaner | For Dust Mites, Allergens & Pet Hair | 4 Step Cleansing with Double Beat, UV Light, Dehumidification & Vacuum | HEPA captures 99.99% Dust|MR-01","1","DEL5","SELLABLE","DEFECTIVE","LPNDEL5S12160256",
"2026-03-27T07:59:49+00:00","403-0712018-9200326","FBA79679","B0DVC7VJP1","X002876EAV","NexLev Stand Mixer |5.5L SS Bowl | 1500W |10 Speeds | Pulse Function |Planetary Rotation | Whisk, Beater & Dough Hook|100% Copper Motor | For Roti & Cookie Dough, Cake Making, Whip Cream & more |ST-01","1","DEL4","CUSTOMER_DAMAGED","QUALITY_UNACCEPTABLE","LPNDEL4AA2910746",
"2026-03-27T07:55:58+00:00","402-3811593-6222729","FBA79590","B0DM6BB3VT","X00263BT43","nexlev Calf Massager | Daily Use Leg Massager for Sore Muscle |1 Piece | Hand Like Massage with Air Compression | Improve Blood Circulation & Relieve Pain | 2500 mAh | Large Belt | Type C |CFM-01","1","CCX1","SELLABLE","SWITCHEROO","LPNCCX1B3818075","Battery nit working"
"2026-03-27T07:47:21+00:00","408-7215129-4112328","FBA79439","B0DCK7ZH5P","X0023KW3JJ","NexLev Mattress, Sofa, Carpet & Car Seat Vacuum Cleaner|For Dust Mites Allergens & Pet Hair|Cordless Design|1500*3 mAh |UV Sterilization, Double Beat Technology|Type C| HEPA captures 99.99% Dust|MR-02","1","AMD2","SELLABLE","QUALITY_UNACCEPTABLE","LPNAMD2M3607893",
"2026-03-27T07:44:38+00:00","404-8897665-8203517","FBA79276","B0D2LJSQXZ","X0020G47PT","NexLev Steam Mop | Chemical Free Mopping | Floor Cleaning + Carpet Steaming | 4 Extra Mop Pads | 400 ML | 1300W | Floor Disinfectant | For All Floor Types | 4mtr long Cord | Wet & Dry Mopping | SM-01","1","BOM5","CUSTOMER_DAMAGED","DEFECTIVE","LPNBOM5F4630401",
"2026-03-27T07:32:17+00:00","404-3594124-6466737","FBA79811","B0FSF1N457","X002EUQV41","NexLev Mini Electric Chopper | 3D Stainless Steel Blade | Food Grade Bowl | For Mincing Garlic Ginger Onion Vegetable Meat Nuts | 250 ml | One Touch Operation | MC-01","1","DEL5","SELLABLE","UNDELIVERABLE_UNKNOWN","LPNDEL5S13491250",
"2026-03-27T07:18:26+00:00","408-9642882-8312355","FBA79681","B0DVC968P1","X002875WQX","NexLev Cool Mist Humidifier | 3.5L| For Office, Indoor Plants, Baby Nursery | Quiet Operation | Works 44Hrs on Low Setting | 360° Nozzle | Auto Shut-Off | Adjustable Knob | Leak Proof | HU-01","1","DED4","DEFECTIVE","MISSING_PARTS","LPNDED4A1607513","No nozzle in this"
"2026-03-27T06:20:55+00:00","408-6040381-1077119","FBA79263","B0CYSLCRQS","X001ZOLVQP","NexLev Mattress, Sofa & Carpet Vacuum Cleaner | For Dust Mites, Allergens & Pet Hair | 4 Step Cleansing with Double Beat, UV Light, Dehumidification & Vacuum | HEPA captures 99.99% Dust|MR-01","1","BLR7","CUSTOMER_DAMAGED","DEFECTIVE","LPNBLR7Y6106924",
"2026-03-27T05:37:04+00:00","171-3179646-8202718","FBA79489","B0DFD123P5","X00243S2SB","Nexlev MultiPurpose Electric Food Kettle|1.5 L Ceramic Pot | 600W| Boil, Steam, Fry, Saute| Double Layered Body| 2 Temperature Settings| Multi Cooker for Water, Egg, Tea, Soup, Noodles, Rice| KE-02","1","CCX1","CUSTOMER_DAMAGED","QUALITY_UNACCEPTABLE","LPNCCX1B2591271",
"2026-03-27T04:13:16+00:00","405-0214677-2937151","FBA79489","B0DFD123P5","X00243S2SB","Nexlev MultiPurpose Electric Food Kettle|1.5 L Ceramic Pot | 600W| Boil, Steam, Fry, Saute| Double Layered Body| 2 Temperature Settings| Multi Cooker for Water, Egg, Tea, Soup, Noodles, Rice| KE-02","1","BLR8","CUSTOMER_DAMAGED","SWITCHEROO","LPNBLR8Z3194034",
"2026-03-27T04:10:45+00:00","404-2664949-0773166","FBA79489","B0DFD123P5","X00243S2SB","Nexlev MultiPurpose Electric Food Kettle|1.5 L Ceramic Pot | 600W| Boil, Steam, Fry, Saute| Double Layered Body| 2 Temperature Settings| Multi Cooker for Water, Egg, Tea, Soup, Noodles, Rice| KE-02","1","BOM5","SELLABLE","UNDELIVERABLE_UNKNOWN","LPNBOM5F4792672",
"2026-03-27T03:50:47+00:00","405-3852251-2864346","FBA79263","B0CYSLCRQS","X001ZOLVQP","NexLev Mattress, Sofa & Carpet Vacuum Cleaner | For Dust Mites, Allergens & Pet Hair | 4 Step Cleansing with Double Beat, UV Light, Dehumidification & Vacuum | HEPA captures 99.99% Dust|MR-01","1","CCX1","SELLABLE","UNDELIVERABLE_REFUSED","LPNCCX1B2242441",
"2026-03-27T03:44:18+00:00","403-3784080-7325111","FBA78981","B0CDPP45BM","X001U1K281","NexLev Steam Cleaner | For Complete Home Kitchen Bathroom Car Sofa & Office Cleaning Machine | 9 Accessories |300 ML | Window Pane, Sink, Chimney Grease, Water Stain Cleaner| 4 Mtr Cord | 1000W |SC-01","1","BLR8","SELLABLE","UNDELIVERABLE_UNKNOWN","LPNBLR8Z3363678",
"2026-03-27T03:40:01+00:00","408-8064969-8677100","FBA78981","B0CDPP45BM","X001U1K281","NexLev Steam Cleaner | For Complete Home Kitchen Bathroom Car Sofa & Office Cleaning Machine | 9 Accessories |300 ML | Window Pane, Sink, Chimney Grease, Water Stain Cleaner| 4 Mtr Cord | 1000W |SC-01","1","BOM5","SELLABLE","UNDELIVERABLE_REFUSED","LPNBOM5F4773464",
"2026-03-26T22:16:20+00:00","403-1282911-4512346","FBA79277","B0D672NXC8","X0021NWGBN","Nexlev SWIPE Steam Cleaner | 3.5 Bar Strong Steam|Multipurpose Steam Cleaner for Car, Kitchen, Bathroom, Floor, Window, Glass, Upholstery| 8 Accessories Kit|Safety Lock| Large 700ML Water Tank | SC-03","1","CCX1","CUSTOMER_DAMAGED","NO_REASON_GIVEN","LPNCCX1B2635677",
"2026-03-26T12:15:00+00:00","406-8099776-5468350","FBA79573","B0DKK15YNJ","X0025R5BTT","NexLev Oil Applicator Comb|Red Led Light Therapy |Boost Hair Growth| Reduce Dandruff | Relieve Stress |High Vibration Corded Electric Scalp/Head Massager | 6 ML Oil Tank | 2 Hr Run-Time| Type-C|EA-02","1","AMD2","SELLABLE","UNDELIVERABLE_REFUSED","LPNAMD2M3607570",
"2026-03-26T12:09:13+00:00","404-9794839-4620310","FBA79811","B0FSF1N457","X002EUQV41","NexLev Mini Electric Chopper | 3D Stainless Steel Blade | Food Grade Bowl | For Mincing Garlic Ginger Onion Vegetable Meat Nuts | 250 ml | One Touch Operation | MC-01","1","MAA4","CUSTOMER_DAMAGED","MISSING_PARTS","LPNMAA4Z1237881",
"2026-03-26T10:58:47+00:00","405-8911068-9152320","FBA79349","B0D9KDQCCM","X00230EXN3","nexlev Portable Sewing Machine| 2 Speed Settings| Cordless| Battery operated| USB Type C cord for Plug-in| Quick Fix DIY |Portable & Compact| for all Fabrics| 1 Year Warranty| STITCH & STYLE SW-01","1","BOM5","DEFECTIVE","QUALITY_UNACCEPTABLE","LPNBOM5F4702984","Not user friendly and thread holder not good to use"
"2026-03-26T09:39:12+00:00","406-4722865-6305141","FBA79263","B0CYSLCRQS","X001ZOLVQP","NexLev Mattress, Sofa & Carpet Vacuum Cleaner | For Dust Mites, Allergens & Pet Hair | 4 Step Cleansing with Double Beat, UV Light, Dehumidification & Vacuum | HEPA captures 99.99% Dust|MR-01","1","CCX1","SELLABLE","UNDELIVERABLE_REFUSED","LPNCCX1B3971529",
"2026-03-26T07:44:51+00:00","404-4439933-1521142","FBA79819","B0FT8R24QM","X002F1TU0L","NexLev Portable Cordless Lint Remover | for Woollen, Sweaters, Jackets, Carpets | Fabric Brush | Rue & Burr Remover | Battery Powered Shaver | SS Blade | Safety Lock | LR-03","1","CCX1","SELLABLE","DEFECTIVE","LPNCCX1B3829771",
"2026-03-26T05:53:59+00:00","171-6451496-5646711","FBA79263","B0CYSLCRQS","X001ZOLVQP","NexLev Mattress, Sofa & Carpet Vacuum Cleaner | For Dust Mites, Allergens & Pet Hair | 4 Step Cleansing with Double Beat, UV Light, Dehumidification & Vacuum | HEPA captures 99.99% Dust|MR-01","1","MAA4","CUSTOMER_DAMAGED","DEFECTIVE","LPNMAA4Z1286291",
"2026-03-26T05:34:07+00:00","408-3956348-9543514","FBA79452","B0DCGHVN81","X0023JV0A3","NexLev 2 in 1 Handheld & Stick Vacuum Cleaner | 17500 PA Suction | Dry Vacuuming for Home & Office | Washable HEPA Filter | 4 Adjustable Heads | Bagless| Deep Cleaning for Sofa Bed Window & more|VC-01","1","HYD8","CUSTOMER_DAMAGED","DEFECTIVE","LPNHYD8EM75263",
"2026-03-26T05:33:11+00:00","404-2672000-6483538","FBA79405","B0D9KFP4MG","X00230DRXF","nexlev Ionic Hair Straightener Brush for Woman|Frizz-Free Straightening upto 12H| Ceramic Plates |60mm Wide Brush |130-210° |Keratin Bristles| Thermo Protect Technology|No Scalp Burn|1500W|HSB-03","1","HYD8","CUSTOMER_DAMAGED","DEFECTIVE","LPNHYD8EK30467",
"2026-03-26T05:12:35+00:00","408-1355907-8436330","FBA79263","B0CYSLCRQS","X001ZOLVQP","NexLev Mattress, Sofa & Carpet Vacuum Cleaner | For Dust Mites, Allergens & Pet Hair | 4 Step Cleansing with Double Beat, UV Light, Dehumidification & Vacuum | HEPA captures 99.99% Dust|MR-01","1","HYD8","CUSTOMER_DAMAGED","DEFECTIVE","LPNHYD8EK07672",
"2026-03-26T05:08:31+00:00","407-8189515-2201940","FBA79773","B0F74DJYG6","X002D418NH","nexlev Replacement HEPA Filter | Compatible 2 in 1 Handheld & Stick Vacuum Cleaner VC-01 | Captures 99.97% Dust & Allergens | Washable & Durable Filter Maintain","1","DEL5","DEFECTIVE","UNWANTED_ITEM","LPNDEL5S13691495","I was looking for filter suitable for handheld vaccum cleaner."
"2026-03-26T04:49:46+00:00","171-1351647-0845109","FBA79652","B0F43P6D23","X002A07CLV","NexLev Steam Cleaner | Complete Home Kitchen Floor Bathroom Car & Office Cleaning machine | 9 Accessories | 450 ML | Window Pane Sink Grime Chimney Grease Water Stain Cleaner| 4 M Cord |1050W |SC-05","1","BLR8","SELLABLE","UNDELIVERABLE_REFUSED","LPNBLR8Z3412515",
"2026-03-26T04:48:29+00:00","407-2832914-9260369","FBA79567","B0DNJS23HS","X0026FJYJD","NexLev 10 in 1 Steam Cleaner & Mop|2 Steam Modes| Mopping & Deep Cleaning Home Car Sofa Bathroom Kitchen & Office |For All Surfaces|350ML|Chemical Free Cleaning | Detachable & Foldable|SC-04","1","HYD8","CUSTOMER_DAMAGED","SWITCHEROO","LPNHYD8EK10716",
"2026-03-26T04:45:52+00:00","171-4137923-7958719","FBA79406","B0DCK3N2JJ","X0023L3KG3","NexLev Ionic Cordless Hair Straightener Brush | 60min Runtime | upto 200° Heating | Portable & Type C Rechargeable | Keratin Bristles |Straight, Frizz Free & Shiny Hair | Compact Comb Design | HSB-04","1","BLR7","SELLABLE","DEFECTIVE","LPNBLR7Y5492657",
"2026-03-26T04:29:09+00:00","408-7065390-3070751","FBA79570","B0DKJXRXKM","X0025R19UT","NexLev Blackhead & Whitehead Remover Tool | Rechargeable |1Hr Use| Acne & Pimple Pore Cleaner | 6 Heads | Electric Derma Suction Machine | Hydra Facial Cleanser Device for Face |For Men & Women |BR-01","1","DEL5","CUSTOMER_DAMAGED","DEFECTIVE","LPNDEL5S12052059",
"2026-03-26T04:12:40+00:00","406-8430348-2386719","FBA78981","B0CDPP45BM","X001U1K281","NexLev Steam Cleaner | For Complete Home Kitchen Bathroom Car Sofa & Office Cleaning Machine | 9 Accessories |300 ML | Window Pane, Sink, Chimney Grease, Water Stain Cleaner| 4 Mtr Cord | 1000W |SC-01","1","PNQ3","CUSTOMER_DAMAGED","NO_REASON_GIVEN","LPNPNQ3A4748364",
"2026-03-26T04:01:42+00:00","407-9901002-1629965","FBA79570","B0DKJXRXKM","X0025R19UT","NexLev Blackhead & Whitehead Remover Tool | Rechargeable |1Hr Use| Acne & Pimple Pore Cleaner | 6 Heads | Electric Derma Suction Machine | Hydra Facial Cleanser Device for Face |For Men & Women |BR-01","1","DEL5","CUSTOMER_DAMAGED","MISSING_PARTS","LPNDEL5S13633647",
"2026-03-26T03:47:40+00:00","402-2532372-4332338","FBA79271","B0D83Q7L8W","X0022IERCN","NexLev Ionic Hot Air Brush | 3 in 1 Blow Dryer, Straightener & Styler | 360° Airflow Vents | Ceramic Tourmaline Coated Brushing Head | Tangle Free Bristle | 1200W | 3 Speed & 2 Heat Settings|V-01","1","BLR8","CUSTOMER_DAMAGED","SWITCHEROO","LPNBLR8Z3193413",
"2026-03-25T12:41:28+00:00","402-9349055-4032316","FBA79682","B0DVC8NYY2","X002872SBZ","NexLev Cool Mist Humidifier | 2.2L| For Office, Indoor Plants, Baby Nursery | Quiet Operation | Works 30Hrs on Low Setting | 360° Nozzle | Auto Shut-Off | Adjustable Knob | Leak Proof | HU-02","1","BOM7","SELLABLE","UNDELIVERABLE_REFUSED","LPNBOM7D19620234",
"2026-03-25T12:40:28+00:00","408-8136986-7415558","FBA79567","B0DNJS23HS","X0026FJYJD","NexLev 10 in 1 Steam Cleaner & Mop|2 Steam Modes| Mopping & Deep Cleaning Home Car Sofa Bathroom Kitchen & Office |For All Surfaces|350ML|Chemical Free Cleaning | Detachable & Foldable|SC-04","1","DEL4","SELLABLE","QUALITY_UNACCEPTABLE","LPNDEL4AA2959684",
"2026-03-25T12:32:11+00:00","405-0662473-0010760","FBA79263","B0CYSLCRQS","X001ZOLVQP","NexLev Mattress, Sofa & Carpet Vacuum Cleaner | For Dust Mites, Allergens & Pet Hair | 4 Step Cleansing with Double Beat, UV Light, Dehumidification & Vacuum | HEPA captures 99.99% Dust|MR-01","1","AMD2","SELLABLE","UNDELIVERABLE_REFUSED","LPNAMD2M3534463",
"2026-03-25T11:28:40+00:00","171-8921163-4222759","FBA79271","B0D83Q7L8W","X0022IERCN","NexLev Ionic Hot Air Brush | 3 in 1 Blow Dryer, Straightener & Styler | 360° Airflow Vents | Ceramic Tourmaline Coated Brushing Head | Tangle Free Bristle | 1200W | 3 Speed & 2 Heat Settings|V-01","1","HYD8","SELLABLE","UNDELIVERABLE_UNKNOWN","LPNHYD8EK13853",
"2026-03-25T10:38:23+00:00","407-9245585-8732334","FBA79489","B0DFD123P5","X00243S2SB","Nexlev MultiPurpose Electric Food Kettle|1.5 L Ceramic Pot | 600W| Boil, Steam, Fry, Saute| Double Layered Body| 2 Temperature Settings| Multi Cooker for Water, Egg, Tea, Soup, Noodles, Rice| KE-02","1","MAA4","CUSTOMER_DAMAGED","DEFECTIVE","LPNMAA4Z1286137",
"2026-03-25T10:33:23+00:00","171-3098350-6337943","FBA79819","B0FT8R24QM","X002F1TU0L","NexLev Portable Cordless Lint Remover | for Woollen, Sweaters, Jackets, Carpets | Fabric Brush | Rue & Burr Remover | Battery Powered Shaver | SS Blade | Safety Lock | LR-03","1","AMD2","SELLABLE","UNDELIVERABLE_REFUSED","LPNAMD2M3644893",
"2026-03-25T10:21:38+00:00","405-4235808-4077129","FBA79488","B0DFCG2VGS","X002435QZX","Nexlev Multi Purpose Electric Food Kettle|1.8L Stainless Steel Pot| 600W|Boil, Steam, Fry, Saute| Double Layered Body|2 Heat Settings|Multi Function for Water, Milk, Egg, Soup, Noodles|KE-01","1","CCX1","SELLABLE","UNDELIVERABLE_REFUSED","LPNCCX1B2573826",
"2026-03-25T09:35:46+00:00","404-1254448-3615522","FBA79570","B0DKJXRXKM","X0025R19UT","NexLev Blackhead & Whitehead Remover Tool | Rechargeable |1Hr Use| Acne & Pimple Pore Cleaner | 6 Heads | Electric Derma Suction Machine | Hydra Facial Cleanser Device for Face |For Men & Women |BR-01","1","CCX1","SELLABLE","UNDELIVERABLE_REFUSED","LPNCCX1B3746973",
"2026-03-25T09:26:53+00:00","408-4699722-1705131","FBA79452","B0DCGHVN81","X0023JV0A3","NexLev 2 in 1 Handheld & Stick Vacuum Cleaner | 17500 PA Suction | Dry Vacuuming for Home & Office | Washable HEPA Filter | 4 Adjustable Heads | Bagless| Deep Cleaning for Sofa Bed Window & more|VC-01","1","BOM5","CARRIER_DAMAGED","DEFECTIVE","LPNBOM5F4791261",
"2026-03-25T08:36:35+00:00","402-6989255-3958703","FBA79991","B0GN85NZQN","X002IK70C9","NexLev Dehumidifier for Room Moisture Absorption | 1000ML Tank | Ideal for Mold & Moisture Removal |For Room Wardrobe Kitchen Office| Auto Shut-Off Function| Preset Timer & Humidty Control | DH-01","1","AMD2","SELLABLE","QUALITY_UNACCEPTABLE","LPNAMD2M3555420",
"2026-03-25T08:33:28+00:00","408-1375366-6711519","FBA79263","B0CYSLCRQS","X001ZOLVQP","NexLev Mattress, Sofa & Carpet Vacuum Cleaner | For Dust Mites, Allergens & Pet Hair | 4 Step Cleansing with Double Beat, UV Light, Dehumidification & Vacuum | HEPA captures 99.99% Dust|MR-01","1","CJB1","SELLABLE","UNDELIVERABLE_REFUSED","LPNCJB1Y773934",
"2026-03-25T07:50:58+00:00","403-5562456-4617928","FBA79567","B0DNJS23HS","X0026FJYJD","NexLev 10 in 1 Steam Cleaner & Mop|2 Steam Modes| Mopping & Deep Cleaning Home Car Sofa Bathroom Kitchen & Office |For All Surfaces|350ML|Chemical Free Cleaning | Detachable & Foldable|SC-04","1","BLR8","CUSTOMER_DAMAGED","MISORDERED","LPNBLR8Z3412322",
"2026-03-25T06:40:47+00:00","403-1193960-5392347","FBA79567","B0DNJS23HS","X0026FJYJD","NexLev 10 in 1 Steam Cleaner & Mop|2 Steam Modes| Mopping & Deep Cleaning Home Car Sofa Bathroom Kitchen & Office |For All Surfaces|350ML|Chemical Free Cleaning | Detachable & Foldable|SC-04","1","DEL4","SELLABLE","SWITCHEROO","LPNDEL4AA2959490",
"2026-03-25T06:38:07+00:00","405-7165081-7283507","FBA79652","B0F43P6D23","X002A07CLV","nexlev Steam Cleaner | Complete Home Kitchen Floor Bathroom Car & Office Cleaning machine | 9 Accessories | 450 ML | Window Pane Sink Grime Chimney Grease Water Stain Cleaner| 4 M Cord |1050W |SC-05","1","MAA4","SELLABLE","UNDELIVERABLE_REFUSED","LPNMAA4Z1237172",
"2026-03-25T06:38:04+00:00","406-9689342-4648353","FBA79812","B0FS6TB7CP","X002F7TH85","NexLev Portable Blender for Smoothies Milkshakes Crushing Ice Juices | 6 Leaf Stainless Steel Blade | 3000 mAh Battery | Type C | Mix Fruit Juicer Mini | 450ml | For Kitchen & Travel | PB-01","1","HYD8","CARRIER_DAMAGED","UNDELIVERABLE_REFUSED","LPNHYD8EB47719",
"2026-03-25T05:37:02+00:00","404-1380316-5457133","FBA79349","B0D9KDQCCM","X00230EXN3","nexlev Portable Sewing Machine| 2 Speed Settings| Cordless| Battery operated| USB Type C cord for Plug-in| Quick Fix DIY |Portable & Compact| for all Fabrics| 1 Year Warranty| STITCH & STYLE SW-01","1","HYD8","CUSTOMER_DAMAGED","QUALITY_UNACCEPTABLE","LPNHYD8EB47669",
"2026-03-25T05:28:37+00:00","402-5348252-9502748","FBA79570","B0DKJXRXKM","X0025R19UT","NexLev Blackhead & Whitehead Remover Tool | Rechargeable |1Hr Use| Acne & Pimple Pore Cleaner | 6 Heads | Electric Derma Suction Machine | Hydra Facial Cleanser Device for Face |For Men & Women |BR-01","1","DEL5","SELLABLE","DEFECTIVE","LPNDEL5S13587356",
"2026-03-25T05:27:02+00:00","402-4716150-1532325","FBA79452","B0DCGHVN81","X0023JV0A3","NexLev 2 in 1 Handheld & Stick Vacuum Cleaner | 17500 PA Suction | Dry Vacuuming for Home & Office | Washable HEPA Filter | 4 Adjustable Heads | Bagless| Deep Cleaning for Sofa Bed Window & more|VC-01","1","BOM5","SELLABLE","DEFECTIVE","LPNBOM5F4533830",
"2026-03-25T05:26:53+00:00","408-0929340-7240358","FBA79263","B0CYSLCRQS","X001ZOLVQP","NexLev Mattress, Sofa & Carpet Vacuum Cleaner | For Dust Mites, Allergens & Pet Hair | 4 Step Cleansing with Double Beat, UV Light, Dehumidification & Vacuum | HEPA captures 99.99% Dust|MR-01","1","BOM7","CUSTOMER_DAMAGED","DEFECTIVE","LPNBOM7D19669314",
"2026-03-25T04:47:00+00:00","171-9604671-9928309","FBA79488","B0DFCG2VGS","X002435QZX","Nexlev Multi Purpose Electric Food Kettle|1.8L Stainless Steel Pot| 600W|Boil, Steam, Fry, Saute| Double Layered Body|2 Heat Settings|Multi Function for Water, Milk, Egg, Soup, Noodles|KE-01","1","BOM5","SELLABLE","UNDELIVERABLE_REFUSED","LPNBOM5F4752385",
"2026-03-25T04:44:29+00:00","407-2316791-0301109","FBA79352","B0D637B562","X0021MSS93","Nexlev Splash Pet Water Fountain with LED Light | 2.0L Capacity | Ultra Quiet Cat Drinking Fountain with Filter | Automatic Pet Water Fountain for Cats and Small Dogs | Blue (WF-02-BL)","1","BLR7","DEFECTIVE","DAMAGED_BY_FC","LPNBLR7Y6093248","Product damage water leak"
"2026-03-25T04:19:01+00:00","402-7611367-7412341","FBA79452","B0DCGHVN81","X0023JV0A3","NexLev 2 in 1 Handheld & Stick Vacuum Cleaner | 17500 PA Suction | Dry Vacuuming for Home & Office | Washable HEPA Filter | 4 Adjustable Heads | Bagless| Deep Cleaning for Sofa Bed Window & more|VC-01","1","HYD8","CUSTOMER_DAMAGED","DEFECTIVE","LPNHYD8EC61970",
"2026-03-25T04:11:31+00:00","403-8914395-3568313","FBA79439","B0DCK7ZH5P","X0023KW3JJ","NexLev Mattress, Sofa, Carpet & Car Seat Vacuum Cleaner|For Dust Mites Allergens & Pet Hair|Cordless Design|1500*3 mAh |UV Sterilization, Double Beat Technology|Type C| HEPA captures 99.99% Dust|MR-02","1","BLR8","SELLABLE","QUALITY_UNACCEPTABLE","LPNBLR8Z3217364",
"2026-03-25T02:58:46+00:00","403-8163226-2788347","FBA79493","B0DQCWRG3H","X00272C0EV","nexlev Ionic 3 In 1 Hot Air Brush|1.5 Inch Barrel|Volumizer Blow Dry & Style|Ceramic Tourmaline Coated For Heat Protection|1200 Watts|Dual Bristle For Tangle Free Styling|Salon Like Soft Curl|V-03","1","BLR7","SELLABLE","UNDELIVERABLE_REFUSED","LPNBLR7Y5888756",
"2026-03-24T12:48:08+00:00","403-1210727-7511524","FBA79268","B0D383WQPB","X0020OHLDV","NexLev Foldable Garment Steamer for Home & Travel | Convenient Vertical Steaming | 1200W | 120 ml | Lightweight & Compact | 30s Fast Heating | Iron for all Cloth Types | 2 M cord | Anti Spill | GS-05","1","MAA4","SELLABLE","DEFECTIVE","LPNMAA4Z1285878",
"2026-03-24T12:35:25+00:00","406-2916749-1985964","FBA79263","B0CYSLCRQS","X001ZOLVQP","NexLev Mattress, Sofa & Carpet Vacuum Cleaner | For Dust Mites, Allergens & Pet Hair | 4 Step Cleansing with Double Beat, UV Light, Dehumidification & Vacuum | HEPA captures 99.99% Dust|MR-01","1","HYD8","CUSTOMER_DAMAGED","DEFECTIVE","LPNHYD8EC83647",
"2026-03-24T12:17:38+00:00","402-5114483-5741901","FBA79267","B0D2LD6BYJ","X0020G121B","NexLev 6-in-1 trimmer | Sensitive Bikini Trimmer for Women | Skin Safe with Rounded Tips & Foil Shaver| Hair Removal for Intimate Areas, Face, Arms, Legs & Body | 90 min Runtime |2H Quick Charge |T-02","1","DEL4","SELLABLE","UNDELIVERABLE_UNKNOWN","LPNDEL4AA2964883",
"2026-03-24T12:09:35+00:00","408-4037960-3437933","FBA79489","B0DFD123P5","X00243S2SB","Nexlev MultiPurpose Electric Food Kettle|1.5 L Ceramic Pot | 600W| Boil, Steam, Fry, Saute| Double Layered Body| 2 Temperature Settings| Multi Cooker for Water, Egg, Tea, Soup, Noodles, Rice| KE-02","1","MAA4","CUSTOMER_DAMAGED","DEFECTIVE","LPNMAA4Z0058895",
"2026-03-24T12:06:04+00:00","403-5403769-4773900","FBA79707","B0FJ1ZB4G9","X002D6JZQH","Nexlev Rechargeable Electric Toothbrush| 120 Days Life | 35K strokes/min| Type C| 5 Modes for Daily Use| 2 Min timer with 30sec Quadpacer | 4 Brushheads| IPX7 Waterproof| For Men & Women | ETC-08 Blue","1","BOM7","SELLABLE","UNDELIVERABLE_REFUSED","LPNBOM7D19669162",
"2026-03-24T12:01:01+00:00","408-0599622-4401145","FBA79263","B0CYSLCRQS","X001ZOLVQP","NexLev Mattress, Sofa & Carpet Vacuum Cleaner | For Dust Mites, Allergens & Pet Hair | 4 Step Cleansing with Double Beat, UV Light, Dehumidification & Vacuum | HEPA captures 99.99% Dust|MR-01","1","HYD8","CUSTOMER_DAMAGED","DEFECTIVE","LPNHYD8EK30364",
"2026-03-24T11:53:11+00:00","408-2620496-4069967","FBA79452","B0DCGHVN81","X0023JV0A3","NexLev 2 in 1 Handheld & Stick Vacuum Cleaner | 17500 PA Suction | Dry Vacuuming for Home & Office | Washable HEPA Filter | 4 Adjustable Heads | Bagless| Deep Cleaning for Sofa Bed Window & more|VC-01","1","BOM5","SELLABLE","DEFECTIVE","LPNBOM5F4782414",
"2026-03-24T11:28:09+00:00","171-1557335-3733121","FBA79406","B0DCK3N2JJ","X0023L3KG3","NexLev Ionic Cordless Hair Straightener Brush | 60min Runtime | upto 200° Heating | Portable & Type C Rechargeable | Keratin Bristles |Straight, Frizz Free & Shiny Hair | Compact Comb Design | HSB-04","1","DEL5","SELLABLE","UNDELIVERABLE_UNKNOWN","LPNDEL5S13688775",
"2026-03-24T11:04:51+00:00","403-1094793-7374717","FBA79439","B0DCK7ZH5P","X0023KW3JJ","NexLev Mattress, Sofa, Carpet & Car Seat Vacuum Cleaner|For Dust Mites Allergens & Pet Hair|Cordless Design|1500*3 mAh |UV Sterilization, Double Beat Technology|Type C| HEPA captures 99.99% Dust|MR-02","1","DEL5","CUSTOMER_DAMAGED","MISORDERED","LPNDEL5S13487342",
"2026-03-24T10:23:06+00:00","408-5862939-3680313","FBA79280","B0D845B2DG","X0022J93DP","nexlev Rechargeable Lint Remover | For Woollen Sweaters Shirts Coat Curtains & Carpets | Rue & Burr Remover | 180 Min Use | TypeC | SS Blade | 2000mAh | 3 Speed Modes | Safety Lock | LR-02","1","CCX1","SELLABLE","UNDELIVERABLE_REFUSED","LPNCCX1B1783719",
"2026-03-24T10:10:35+00:00","405-5961815-3245919","FBA78981","B0CDPP45BM","X001U1K281","NexLev Steam Cleaner | For Complete Home Kitchen Bathroom Car Sofa & Office Cleaning Machine | 9 Accessories |300 ML | Window Pane, Sink, Chimney Grease, Water Stain Cleaner| 4 Mtr Cord | 1000W |SC-01","1","DEL4","SELLABLE","UNDELIVERABLE_REFUSED","LPNDEL4AA0795311",
"2026-03-24T08:17:43+00:00","171-4384777-9677139","FBA79567","B0DNJS23HS","X0026FJYJD","NexLev 10 in 1 Steam Cleaner & Mop|2 Steam Modes| Mopping & Deep Cleaning Home Car Sofa Bathroom Kitchen & Office |For All Surfaces|350ML|Chemical Free Cleaning | Detachable & Foldable|SC-04","1","BLR8","CUSTOMER_DAMAGED","SWITCHEROO","LPNBLR8Z3402258",
"2026-03-24T08:01:43+00:00","405-8589578-8763516","FBA79349","B0D9KDQCCM","X00230EXN3","nexlev Portable Sewing Machine| 2 Speed Settings| Cordless| Battery operated| USB Type C cord for Plug-in| Quick Fix DIY |Portable & Compact| for all Fabrics| 1 Year Warranty| STITCH & STYLE SW-01","1","BOM5","CUSTOMER_DAMAGED","QUALITY_UNACCEPTABLE","LPNBOM5F4720273",
"2026-03-24T07:48:06+00:00","402-9831184-9815556","FBA79570","B0DKJXRXKM","X0025R19UT","NexLev Blackhead & Whitehead Remover Tool | Rechargeable |1Hr Use| Acne & Pimple Pore Cleaner | 6 Heads | Electric Derma Suction Machine | Hydra Facial Cleanser Device for Face |For Men & Women |BR-01","1","BOM5","SELLABLE","UNDELIVERABLE_UNKNOWN","LPNBOM5F4622432",
"2026-03-24T07:43:54+00:00","402-6019215-7506762","FBA79263","B0CYSLCRQS","X001ZOLVQP","NexLev Mattress, Sofa & Carpet Vacuum Cleaner | For Dust Mites, Allergens & Pet Hair | 4 Step Cleansing with Double Beat, UV Light, Dehumidification & Vacuum | HEPA captures 99.99% Dust|MR-01","1","CJB1","SELLABLE","DEFECTIVE","LPNCJB1Y906111","The product is dirty and seems used already. Most of the parts including the filter has dust."
"2026-03-24T06:39:37+00:00","405-5227887-0117942","FBA79277","B0D672NXC8","X0021NWGBN","Nexlev SWIPE Steam Cleaner | 3.5 Bar Strong Steam|Multipurpose Steam Cleaner for Car, Kitchen, Bathroom, Floor, Window, Glass, Upholstery| 8 Accessories Kit|Safety Lock| Large 700ML Water Tank | SC-03","1","BLR8","DAMAGED","UNDELIVERABLE_REFUSED","LPNBLR8Z3402207",
"2026-03-24T06:30:46+00:00","408-7782059-0637120","FBA79489","B0DFD123P5","X00243S2SB","Nexlev MultiPurpose Electric Food Kettle|1.5 L Ceramic Pot | 600W| Boil, Steam, Fry, Saute| Double Layered Body| 2 Temperature Settings| Multi Cooker for Water, Egg, Tea, Soup, Noodles, Rice| KE-02","1","MAA4","SELLABLE","SWITCHEROO","LPNMAA4Z1285680","I want a larger capacity"
"2026-03-24T05:49:36+00:00","408-1096446-2484331","FBA79443","B0D9KFQG8Q","X00230CWVD","Nexlev Skin Scrubber |Red & Blue LED Therapy| Blackhead Remover| Pore Cleaner| Skin Lifting & tightening, wrinkle remover| 2 Silicone Cleaning Heads| Facial Cleansing|Type C Charging| Elixir Pro LE-03","1","CJB1","SELLABLE","SWITCHEROO","LPNCJB1Y792064","Ordered nexlev skin scrubber, but received fabric lint remover"
"2026-03-24T05:43:35+00:00","402-7374887-4847569","FBA79404","B0D9KFZYG8","X00230BF25","NexLev Steamer For Cold & Cough| Face Steam,Inhaler & Vaporizer | Perfect for Facial & Aromatherapy | Nano Ionic Steam | Uv Sterilization | Aroma Diffuser|30 Sec Heating|Avoid Burns & Spillage | FS-01","1","HYD8","SELLABLE","UNDELIVERABLE_REFUSED","LPNHYD8EB83456",
"2026-03-24T05:07:17+00:00","403-4864515-0089905","FBA79652","B0F43P6D23","X002A07CLV","nexlev Steam Cleaner | Complete Home Kitchen Floor Bathroom Car & Office Cleaning machine | 9 Accessories | 450 ML | Window Pane Sink Grime Chimney Grease Water Stain Cleaner| 4 M Cord |1050W |SC-05","1","MAA4","CUSTOMER_DAMAGED","MISSING_PARTS","LPNMAA4Z1285623",
"2026-03-24T05:03:55+00:00","407-7760350-2688336","FBA79679","B0DVC7VJP1","X002876EAV","NexLev Stand Mixer |5.5L SS Bowl | 1500W |10 Speeds | Pulse Function |Planetary Rotation | Whisk, Beater & Dough Hook|100% Copper Motor | For Roti & Cookie Dough, Cake Making, Whip Cream & more |ST-01","1","BOM5","SELLABLE","MISORDERED","LPNBOM5F4560926",
"2026-03-24T04:55:20+00:00","408-3442741-5121114","FBA79489","B0DFD123P5","X00243S2SB","Nexlev MultiPurpose Electric Food Kettle|1.5 L Ceramic Pot | 600W| Boil, Steam, Fry, Saute| Double Layered Body| 2 Temperature Settings| Multi Cooker for Water, Egg, Tea, Soup, Noodles, Rice| KE-02","1","DEL4","CUSTOMER_DAMAGED","SWITCHEROO","LPNDEL4AA2277770",
"2026-03-24T03:55:10+00:00","403-4579485-1519514","FBA79652","B0F43P6D23","X002A07CLV","nexlev Steam Cleaner | Complete Home Kitchen Floor Bathroom Car & Office Cleaning machine | 9 Accessories | 450 ML | Window Pane Sink Grime Chimney Grease Water Stain Cleaner| 4 M Cord |1050W |SC-05","1","PNQ3","SELLABLE","UNDELIVERABLE_REFUSED","LPNPNQ3A4749692",
"2026-03-24T03:41:18+00:00","406-4789297-0019565","FBA79439","B0DCK7ZH5P","X0023KW3JJ","NexLev Mattress, Sofa, Carpet & Car Seat Vacuum Cleaner|For Dust Mites Allergens & Pet Hair|Cordless Design|1500*3 mAh |UV Sterilization, Double Beat Technology|Type C| HEPA captures 99.99% Dust|MR-02","1","CCX1","CUSTOMER_DAMAGED","QUALITY_UNACCEPTABLE","LPNCCX1B3714995",
"2026-03-24T03:06:31+00:00","408-0256021-3129159","FBA79489","B0DFD123P5","X00243S2SB","Nexlev MultiPurpose Electric Food Kettle|1.5 L Ceramic Pot | 600W| Boil, Steam, Fry, Saute| Double Layered Body| 2 Temperature Settings| Multi Cooker for Water, Egg, Tea, Soup, Noodles, Rice| KE-02","1","HYD8","CARRIER_DAMAGED","UNDELIVERABLE_REFUSED","LPNHYD8EM79200",
"2026-03-23T12:09:00+00:00","408-9874514-6215528","FBA79570","B0DKJXRXKM","X0025R19UT","NexLev Blackhead & Whitehead Remover Tool | Rechargeable |1Hr Use| Acne & Pimple Pore Cleaner | 6 Heads | Electric Derma Suction Machine | Hydra Facial Cleanser Device for Face |For Men & Women |BR-01","1","BLR7","SELLABLE","UNDELIVERABLE_REFUSED","LPNBLR7Y5208154",
"2026-03-23T10:16:22+00:00","404-1333840-1044365","FBA79652","B0F43P6D23","X002A07CLV","nexlev Steam Cleaner | Complete Home Kitchen Floor Bathroom Car & Office Cleaning machine | 9 Accessories | 450 ML | Window Pane Sink Grime Chimney Grease Water Stain Cleaner| 4 M Cord |1050W |SC-05","1","AMD2","CUSTOMER_DAMAGED","SWITCHEROO","LPNAMD2M3613914",
"2026-03-23T08:27:53+00:00","407-7207836-6694703","FBA79268","B0D383WQPB","X0020OHLDV","NexLev Foldable Garment Steamer for Home & Travel | Convenient Vertical Steaming | 1200W | 120 ml | Lightweight & Compact | 30s Fast Heating | Iron for all Cloth Types | 2 M cord | Anti Spill | GS-05","1","CJB1","CUSTOMER_DAMAGED","DEFECTIVE","LPNCJB1Y779515",
"2026-03-23T08:07:07+00:00","404-7308286-3017112","FBA79991","B0GN85NZQN","X002IK70C9","NexLev Dehumidifier for Room Moisture Absorption | 1000ML Tank | Ideal for Mold & Moisture Removal |For Room Wardrobe Kitchen Office| Auto Shut-Off Function| Preset Timer & Humidty Control | DH-01","1","BLR7","CARRIER_DAMAGED","UNDELIVERABLE_REFUSED","LPNBLR7Y5892052",
"2026-03-23T07:52:52+00:00","405-4660427-6389147","FBA79374","B0D2P7WLJB","X0020GXQNX","NexLev Smart Electric Toothbrush for Adults |2-Min Timer with Quadpacer |2 Replaceable Heads | AAA Battery |3 Modes (Daily, Normal & Sesitive) |Upto 60 Days | Travel Case | Soft Bristles |ET-02 Green","1","HYD8","SELLABLE","UNDELIVERABLE_REFUSED","LPNHYD8EB83001",
"2026-03-23T06:01:45+00:00","403-6518582-7591560","FBA79374","B0D2P7WLJB","X0020GXQNX","NexLev Smart Electric Toothbrush for Adults |2-Min Timer with Quadpacer |2 Replaceable Heads | AAA Battery |3 Modes (Daily, Normal & Sesitive) |Upto 60 Days | Travel Case | Soft Bristles |ET-02 Green","1","BOM5","SELLABLE","UNDELIVERABLE_UNKNOWN","LPNBOM5F4731128",
"2026-03-23T05:53:49+00:00","408-5703621-1585933","FBA78980","B0CDPMX152","X001U1DYK9","NexLev Handheld Garment Steamer | 1500 Watts | 300 ML| Standing & Horizontal Iron Press | Damage Free Steaming for all Cloth Types | 25s Quick Heat |Upto 5 Clothes in One Fill | Travel Friendly |GS-02","1","CJB1","CUSTOMER_DAMAGED","DEFECTIVE","LPNCJB1Y764270",
"2026-03-23T05:27:53+00:00","402-0733918-3396361","FBA79488","B0DFCG2VGS","X002435QZX","Nexlev Multi Purpose Electric Food Kettle|1.8L Stainless Steel Pot| 600W|Boil, Steam, Fry, Saute| Double Layered Body|2 Heat Settings|Multi Function for Water, Milk, Egg, Soup, Noodles|KE-01","1","MAA4","SELLABLE","UNDELIVERABLE_UNKNOWN","LPNMAA4Z0058389",
"2026-03-23T05:23:32+00:00","404-2061909-8327567","FBA79488","B0DFCG2VGS","X002435QZX","Nexlev Multi Purpose Electric Food Kettle|1.8L Stainless Steel Pot| 600W|Boil, Steam, Fry, Saute| Double Layered Body|2 Heat Settings|Multi Function for Water, Milk, Egg, Soup, Noodles|KE-01","1","BOM5","SELLABLE","UNDELIVERABLE_UNKNOWN","LPNBOM5F4527925",
"2026-03-23T04:57:01+00:00","403-3849425-4385164","FBA79349","B0D9KDQCCM","X00230EXN3","nexlev Portable Sewing Machine| 2 Speed Settings| Cordless| Battery operated| USB Type C cord for Plug-in| Quick Fix DIY |Portable & Compact| for all Fabrics| 1 Year Warranty| STITCH & STYLE SW-01","1","DEL4","SELLABLE","ORDERED_WRONG_ITEM","LPNDEL4AA0848713",
"2026-03-23T04:27:06+00:00","405-4614979-8675552","FBA78981","B0CDPP45BM","X001U1K281","NexLev Steam Cleaner | For Complete Home Kitchen Bathroom Car Sofa & Office Cleaning Machine | 9 Accessories |300 ML | Window Pane, Sink, Chimney Grease, Water Stain Cleaner| 4 Mtr Cord | 1000W |SC-01","1","PNQ3","CUSTOMER_DAMAGED","SWITCHEROO","LPNPNQ3A4749440",
"2026-03-23T04:23:34+00:00","408-3602411-8777122","FBA79489","B0DFD123P5","X00243S2SB","Nexlev MultiPurpose Electric Food Kettle|1.5 L Ceramic Pot | 600W| Boil, Steam, Fry, Saute| Double Layered Body| 2 Temperature Settings| Multi Cooker for Water, Egg, Tea, Soup, Noodles, Rice| KE-02","1","CCX1","SELLABLE","UNDELIVERABLE_REFUSED","LPNCCX1B3820949",
"2026-03-23T03:52:03+00:00","407-0360656-3157938","FBA79493","B0DQCWRG3H","X00272C0EV","nexlev Ionic 3 In 1 Hot Air Brush|1.5 Inch Barrel|Volumizer Blow Dry & Style|Ceramic Tourmaline Coated For Heat Protection|1200 Watts|Dual Bristle For Tangle Free Styling|Salon Like Soft Curl|V-03","1","CJB1","CUSTOMER_DAMAGED","DEFECTIVE","LPNCJB1Y761674",
"2026-03-23T03:29:47+00:00","402-2833579-7293146","FBA79349","B0D9KDQCCM","X00230EXN3","nexlev Portable Sewing Machine| 2 Speed Settings| Cordless| Battery operated| USB Type C cord for Plug-in| Quick Fix DIY |Portable & Compact| for all Fabrics| 1 Year Warranty| STITCH & STYLE SW-01","1","CJB1","DEFECTIVE","ORDERED_WRONG_ITEM","LPNCJB1Y779207","Want to return the item"
"2026-03-23T03:17:49+00:00","402-9916346-2654746","FBA79590","B0DM6BB3VT","X00263BT43","nexlev Calf Massager | Daily Use Leg Massager for Sore Muscle |1 Piece | Hand Like Massage with Air Compression | Improve Blood Circulation & Relieve Pain | 2500 mAh | Large Belt | Type C |CFM-01","1","DEL5","CARRIER_DAMAGED","UNDELIVERABLE_REFUSED","LPNDEL5S13680923",
"2026-03-22T21:48:12+00:00","402-1208253-1966743","FBA79819","B0FT8R24QM","X002F1TU0L","NexLev Portable Cordless Lint Remover | for Woollen, Sweaters, Jackets, Carpets | Fabric Brush | Rue & Burr Remover | Battery Powered Shaver | SS Blade | Safety Lock | LR-03","1","DED4","SELLABLE","DAMAGED_BY_FC","LPNDED4A1581642","And also doesn&#39;t have an extra blade and a cleaning brush"
"2026-03-22T18:04:09+00:00","403-4607825-5869949","FBA79590","B0DM6BB3VT","X00263BT43","nexlev Calf Massager | Daily Use Leg Massager for Sore Muscle |1 Piece | Hand Like Massage with Air Compression | Improve Blood Circulation & Relieve Pain | 2500 mAh | Large Belt | Type C |CFM-01","1","DED4","SELLABLE","DEFECTIVE","LPNDED4A1581580",
"2026-03-22T12:39:37+00:00","403-0292522-2241166","FBA78981","B0CDPP45BM","X001U1K281","NexLev Steam Cleaner | For Complete Home Kitchen Bathroom Car Sofa & Office Cleaning Machine | 9 Accessories |300 ML | Window Pane, Sink, Chimney Grease, Water Stain Cleaner| 4 Mtr Cord | 1000W |SC-01","1","CCX1","CUSTOMER_DAMAGED","MISSING_PARTS","LPNCCX1B3568132",
"2026-03-22T12:15:38+00:00","408-9837814-3302741","FBA79570","B0DKJXRXKM","X0025R19UT","NexLev Blackhead & Whitehead Remover Tool | Rechargeable |1Hr Use| Acne & Pimple Pore Cleaner | 6 Heads | Electric Derma Suction Machine | Hydra Facial Cleanser Device for Face |For Men & Women |BR-01","1","BLR8","SELLABLE","UNDELIVERABLE_UNKNOWN","LPNBLR8Z3268583",
"2026-03-22T11:42:25+00:00","171-2842425-9189902","FBA79493","B0DQCWRG3H","X00272C0EV","nexlev Ionic 3 In 1 Hot Air Brush|1.5 Inch Barrel|Volumizer Blow Dry & Style|Ceramic Tourmaline Coated For Heat Protection|1200 Watts|Dual Bristle For Tangle Free Styling|Salon Like Soft Curl|V-03","1","HYD8","CUSTOMER_DAMAGED","NOT_AS_DESCRIBED","LPNHYD8EK03650",
"2026-03-22T11:23:41+00:00","408-9074193-4335556","FBA79463","B0DCK56Q85","X0023Z3NVB","NexLev Cordless Vacuum Cleaner|HEPA with Stainless Steel Cover|6000 mAh|Copper Motor| Rechargeable Type C|Ideal for Home, Office & Car Use|Compact & Portable|Dust & Pet Hair Remover|3 Attachment|VC-02","1","AMD2","CUSTOMER_DAMAGED","MISSING_PARTS","LPNAMD2M3564037",
"2026-03-22T11:05:17+00:00","404-5200789-6680310","FBA79406","B0DCK3N2JJ","X0023L3KG3","NexLev Ionic Cordless Hair Straightener Brush | 60min Runtime | upto 200° Heating | Portable & Type C Rechargeable | Keratin Bristles |Straight, Frizz Free & Shiny Hair | Compact Comb Design | HSB-04","1","AMD2","SELLABLE","UNDELIVERABLE_REFUSED","LPNAMD2M3404647",
"2026-03-22T08:53:40+00:00","403-2211994-0529960","FBA79489","B0DFD123P5","X00243S2SB","Nexlev MultiPurpose Electric Food Kettle|1.5 L Ceramic Pot | 600W| Boil, Steam, Fry, Saute| Double Layered Body| 2 Temperature Settings| Multi Cooker for Water, Egg, Tea, Soup, Noodles, Rice| KE-02","1","DEL4","SELLABLE","DAMAGED_BY_CARRIER","LPNDEL4AA2277129","Total goods damage"
"2026-03-22T08:21:50+00:00","408-4351145-9597912","FBK79591","B0F29SZCVF","X0029O6KFH","NexLev Knee Massager for Joint Pain Relief |Controlled Vibration & Heating for Arthritis, Knee, Shoulder or Elbow pain | 15 modes |2 Extension Belt |Graphene Heating pad for Consistent Heating | KM-01","1","MAA4","SELLABLE","QUALITY_UNACCEPTABLE","LPNMAA4Z1871359",
"2026-03-22T08:14:12+00:00","171-5553094-5555551","FBA79439","B0DCK7ZH5P","X0023KW3JJ","NexLev Mattress, Sofa, Carpet & Car Seat Vacuum Cleaner|For Dust Mites Allergens & Pet Hair|Cordless Design|1500*3 mAh |UV Sterilization, Double Beat Technology|Type C| HEPA captures 99.99% Dust|MR-02","1","CCX1","CUSTOMER_DAMAGED","DEFECTIVE","LPNCCX1B3766067",
"2026-03-22T08:06:49+00:00","406-3867588-2977912","FBA79681","B0DVC968P1","X002875WQX","NexLev Cool Mist Humidifier | 3.5L| For Office, Indoor Plants, Baby Nursery | Quiet Operation | Works 44Hrs on Low Setting | 360° Nozzle | Auto Shut-Off | Adjustable Knob | Leak Proof | HU-01","1","DED4","SELLABLE","DEFECTIVE","LPNDED4A1606513",
"2026-03-22T07:43:41+00:00","407-4988682-7079555","FBA79263","B0CYSLCRQS","X001ZOLVQP","NexLev Mattress, Sofa & Carpet Vacuum Cleaner | For Dust Mites, Allergens & Pet Hair | 4 Step Cleansing with Double Beat, UV Light, Dehumidification & Vacuum | HEPA captures 99.99% Dust|MR-01","1","DED4","SELLABLE","DEFECTIVE","LPNDED4A1606502",
"2026-03-22T06:52:27+00:00","408-2022504-2069944","FBA79991","B0GN85NZQN","X002IK70C9","NexLev Dehumidifier for Room Moisture Absorption | 1000ML Tank | Ideal for Mold & Moisture Removal |For Room Wardrobe Kitchen Office| Auto Shut-Off Function| Preset Timer & Humidty Control | DH-01","1","BOM7","CUSTOMER_DAMAGED","QUALITY_UNACCEPTABLE","LPNBOM7D19599670",
"2026-03-22T06:20:51+00:00","404-9080340-3157138","FBA79488","B0DFCG2VGS","X002435QZX","Nexlev Multi Purpose Electric Food Kettle|1.8L Stainless Steel Pot| 600W|Boil, Steam, Fry, Saute| Double Layered Body|2 Heat Settings|Multi Function for Water, Milk, Egg, Soup, Noodles|KE-01","1","MAA4","CUSTOMER_DAMAGED","DEFECTIVE","LPNMAA4Z1285249",
"2026-03-22T06:12:27+00:00","407-8139151-6908350","FBA78981","B0CDPP45BM","X001U1K281","NexLev Steam Cleaner | For Complete Home Kitchen Bathroom Car Sofa & Office Cleaning Machine | 9 Accessories |300 ML | Window Pane, Sink, Chimney Grease, Water Stain Cleaner| 4 Mtr Cord | 1000W |SC-01","1","HYD8","CUSTOMER_DAMAGED","SWITCHEROO","LPNHYD8EK03468",
"2026-03-22T05:19:39+00:00","406-6753064-3614712","FBK79271","B0DQ8W1RBV","X00271JY6J","nexlev Ionic Volumizer|3 In 1 Hot Air Brush To Straight Dry & Volumize|1200 Watts|Reduce Frizz|Ceramic Tourmaline Coated Large Barrel|Salon Like Soft Curl At Home|3 Speed & 2 Heat Settings|V-01 RG","1","DED4","CARRIER_DAMAGED","DAMAGED_BY_FC","LPNDED4A1477321",
"2026-03-22T05:15:32+00:00","408-9737075-6107510","FBA79570","B0DKJXRXKM","X0025R19UT","NexLev Blackhead & Whitehead Remover Tool | Rechargeable |1Hr Use| Acne & Pimple Pore Cleaner | 6 Heads | Electric Derma Suction Machine | Hydra Facial Cleanser Device for Face |For Men & Women |BR-01","1","BOM5","SELLABLE","DEFECTIVE","LPNBOM5F4569820",
"2026-03-22T04:45:52+00:00","408-6269785-4973964","FBA79263","B0CYSLCRQS","X001ZOLVQP","NexLev Mattress, Sofa & Carpet Vacuum Cleaner | For Dust Mites, Allergens & Pet Hair | 4 Step Cleansing with Double Beat, UV Light, Dehumidification & Vacuum | HEPA captures 99.99% Dust|MR-01","1","BLR8","CARRIER_DAMAGED","DEFECTIVE","LPNBLR8Z3258700",
"2026-03-22T04:34:32+00:00","408-0526137-4351560","FBA79570","B0DKJXRXKM","X0025R19UT","NexLev Blackhead & Whitehead Remover Tool | Rechargeable |1Hr Use| Acne & Pimple Pore Cleaner | 6 Heads | Electric Derma Suction Machine | Hydra Facial Cleanser Device for Face |For Men & Women |BR-01","1","AMD2","CUSTOMER_DAMAGED","DEFECTIVE","LPNAMD2M3648913",
"2026-03-22T04:20:12+00:00","171-5951721-5788362","FBA79567","B0DNJS23HS","X0026FJYJD","NexLev 10 in 1 Steam Cleaner & Mop|2 Steam Modes| Mopping & Deep Cleaning Home Car Sofa Bathroom Kitchen & Office |For All Surfaces|350ML|Chemical Free Cleaning | Detachable & Foldable|SC-04","1","HYD8","SELLABLE","UNDELIVERABLE_REFUSED","LPNHYD8EK03396",
"2026-03-22T04:17:57+00:00","403-7731367-1616318","FBA79567","B0DNJS23HS","X0026FJYJD","NexLev 10 in 1 Steam Cleaner & Mop|2 Steam Modes| Mopping & Deep Cleaning Home Car Sofa Bathroom Kitchen & Office |For All Surfaces|350ML|Chemical Free Cleaning | Detachable & Foldable|SC-04","1","BOM5","DAMAGED","UNDELIVERABLE_REFUSED","LPNBOM5F4500007",
"2026-03-22T03:46:50+00:00","403-0320325-5313149","FBA79570","B0DKJXRXKM","X0025R19UT","NexLev Blackhead & Whitehead Remover Tool | Rechargeable |1Hr Use| Acne & Pimple Pore Cleaner | 6 Heads | Electric Derma Suction Machine | Hydra Facial Cleanser Device for Face |For Men & Women |BR-01","1","BLR7","SELLABLE","DEFECTIVE","LPNBLR7Y4649013",
"2026-03-22T03:24:47+00:00","404-2819036-4279531","FBA79493","B0DQCWRG3H","X00272C0EV","nexlev Ionic 3 In 1 Hot Air Brush|1.5 Inch Barrel|Volumizer Blow Dry & Style|Ceramic Tourmaline Coated For Heat Protection|1200 Watts|Dual Bristle For Tangle Free Styling|Salon Like Soft Curl|V-03","1","BOM7","SELLABLE","UNDELIVERABLE_UNKNOWN","LPNBOM7D19599469",
"2026-03-22T03:21:58+00:00","408-4767811-0192361","FBA79268","B0D383WQPB","X0020OHLDV","NexLev Foldable Garment Steamer for Home & Travel | Convenient Vertical Steaming | 1200W | 120 ml | Lightweight & Compact | 30s Fast Heating | Iron for all Cloth Types | 2 M cord | Anti Spill | GS-05","1","LKO1","SELLABLE","DEFECTIVE","LPNLKO1B0816863",
"2026-03-21T20:52:21+00:00","405-6667751-3695513","FBA79277","B0D672NXC8","X0021NWGBN","Nexlev SWIPE Steam Cleaner | 3.5 Bar Strong Steam|Multipurpose Steam Cleaner for Car, Kitchen, Bathroom, Floor, Window, Glass, Upholstery| 8 Accessories Kit|Safety Lock| Large 700ML Water Tank | SC-03","1","CCX1","CUSTOMER_DAMAGED","DEFECTIVE","LPNCCX1A7620343",
"2026-03-21T19:43:03+00:00","403-2401516-2796318","FBA79567","B0DNJS23HS","X0026FJYJD","NexLev 10 in 1 Steam Cleaner & Mop|2 Steam Modes| Mopping & Deep Cleaning Home Car Sofa Bathroom Kitchen & Office |For All Surfaces|350ML|Chemical Free Cleaning | Detachable & Foldable|SC-04","1","CCX1","CUSTOMER_DAMAGED","SWITCHEROO","LPNCCX1B3750827",
"2026-03-21T12:23:41+00:00","406-8534471-5869965","FBA79263","B0CYSLCRQS","X001ZOLVQP","NexLev Mattress, Sofa & Carpet Vacuum Cleaner | For Dust Mites, Allergens & Pet Hair | 4 Step Cleansing with Double Beat, UV Light, Dehumidification & Vacuum | HEPA captures 99.99% Dust|MR-01","1","LKO1","SELLABLE","DEFECTIVE","LPNLKO1B1378925",
"2026-03-21T12:16:47+00:00","404-2133711-0440344","FBA79567","B0DNJS23HS","X0026FJYJD","NexLev 10 in 1 Steam Cleaner & Mop|2 Steam Modes| Mopping & Deep Cleaning Home Car Sofa Bathroom Kitchen & Office |For All Surfaces|350ML|Chemical Free Cleaning | Detachable & Foldable|SC-04","1","BLR8","CUSTOMER_DAMAGED","QUALITY_UNACCEPTABLE","LPNBLR8Z3411641",
"2026-03-21T11:46:48+00:00","408-9641303-7687510","FBA79406","B0DCK3N2JJ","X0023L3KG3","NexLev Ionic Cordless Hair Straightener Brush | 60min Runtime | upto 200° Heating | Portable & Type C Rechargeable | Keratin Bristles |Straight, Frizz Free & Shiny Hair | Compact Comb Design | HSB-04","1","MAA4","CARRIER_DAMAGED","UNDELIVERABLE_REFUSED","LPNMAA4Z0209964",
"2026-03-21T11:19:53+00:00","404-3870733-6032324","FBA79439","B0DCK7ZH5P","X0023KW3JJ","NexLev Mattress, Sofa, Carpet & Car Seat Vacuum Cleaner|For Dust Mites Allergens & Pet Hair|Cordless Design|1500*3 mAh |UV Sterilization, Double Beat Technology|Type C| HEPA captures 99.99% Dust|MR-02","1","DEL5","SELLABLE","UNDELIVERABLE_REFUSED","LPNDEL5S13588809",
"2026-03-21T11:17:33+00:00","406-2942413-2389105","FBA79439","B0DCK7ZH5P","X0023KW3JJ","NexLev Mattress, Sofa, Carpet & Car Seat Vacuum Cleaner|For Dust Mites Allergens & Pet Hair|Cordless Design|1500*3 mAh |UV Sterilization, Double Beat Technology|Type C| HEPA captures 99.99% Dust|MR-02","1","HYD8","SELLABLE","UNDELIVERABLE_REFUSED","LPNHYD8EF97908",
"2026-03-21T11:07:13+00:00","408-5306857-4858748","FBA79573","B0DKK15YNJ","X0025R5BTT","NexLev Oil Applicator Comb|Red Led Light Therapy |Boost Hair Growth| Reduce Dandruff | Relieve Stress |High Vibration Corded Electric Scalp/Head Massager | 6 ML Oil Tank | 2 Hr Run-Time| Type-C|EA-02","1","BLR7","SELLABLE","DEFECTIVE","LPNBLR7Y6076647",
"2026-03-21T10:43:17+00:00","406-0164985-4693141","FBA79280","B0D845B2DG","X0022J93DP","nexlev Rechargeable Lint Remover | For Woollen Sweaters Shirts Coat Curtains & Carpets | Rue & Burr Remover | 180 Min Use | TypeC | SS Blade | 2000mAh | 3 Speed Modes | Safety Lock | LR-02","1","CCX1","SELLABLE","DEFECTIVE","LPNCCX1B3769456",
"2026-03-21T09:48:00+00:00","406-2541915-6737942","FBA79991","B0GN85NZQN","X002IK70C9","NexLev Dehumidifier for Room Moisture Absorption | 1000ML Tank | Ideal for Mold & Moisture Removal |For Room Wardrobe Kitchen Office| Auto Shut-Off Function| Preset Timer & Humidty Control | DH-01","1","AMD2","SELLABLE","UNDELIVERABLE_REFUSED","LPNAMD2M3430347",
"2026-03-21T09:31:41+00:00","403-8090870-9858768","FBA79452","B0DCGHVN81","X0023JV0A3","NexLev 2 in 1 Handheld & Stick Vacuum Cleaner | 17500 PA Suction | Dry Vacuuming for Home & Office | Washable HEPA Filter | 4 Adjustable Heads | Bagless| Deep Cleaning for Sofa Bed Window & more|VC-01","1","DEL4","DAMAGED","UNDELIVERABLE_REFUSED","LPNDEL4AA2905519",
"2026-03-21T09:04:43+00:00","402-8447495-8933919","FBA79570","B0DKJXRXKM","X0025R19UT","NexLev Blackhead & Whitehead Remover Tool | Rechargeable |1Hr Use| Acne & Pimple Pore Cleaner | 6 Heads | Electric Derma Suction Machine | Hydra Facial Cleanser Device for Face |For Men & Women |BR-01","1","BLR7","SELLABLE","DEFECTIVE","LPNBLR7Y5891442",
"2026-03-21T09:03:59+00:00","408-0690131-4287540","FBA78980","B0CDPMX152","X001U1DYK9","NexLev Handheld Garment Steamer | 1500 Watts | 300 ML| Standing & Horizontal Iron Press | Damage Free Steaming for all Cloth Types | 25s Quick Heat |Upto 5 Clothes in One Fill | Travel Friendly |GS-02","1","BOM5","CUSTOMER_DAMAGED","DEFECTIVE","LPNBOM5F4561990",
"2026-03-21T08:23:56+00:00","171-0345217-0970764","FBA79488","B0DFCG2VGS","X002435QZX","Nexlev Multi Purpose Electric Food Kettle|1.8L Stainless Steel Pot| 600W|Boil, Steam, Fry, Saute| Double Layered Body|2 Heat Settings|Multi Function for Water, Milk, Egg, Soup, Noodles|KE-01","1","BLR7","SELLABLE","UNDELIVERABLE_REFUSED","LPNBLR7Y6359598",
"2026-03-21T08:02:34+00:00","402-3945695-2242721","FBA79406","B0DCK3N2JJ","X0023L3KG3","NexLev Ionic Cordless Hair Straightener Brush | 60min Runtime | upto 200° Heating | Portable & Type C Rechargeable | Keratin Bristles |Straight, Frizz Free & Shiny Hair | Compact Comb Design | HSB-04","1","BOM5","SELLABLE","UNDELIVERABLE_REFUSED","LPNBOM5F4537510",
"2026-03-21T07:34:10+00:00","408-8480660-5246719","FBA79489","B0DFD123P5","X00243S2SB","Nexlev MultiPurpose Electric Food Kettle|1.5 L Ceramic Pot | 600W| Boil, Steam, Fry, Saute| Double Layered Body| 2 Temperature Settings| Multi Cooker for Water, Egg, Tea, Soup, Noodles, Rice| KE-02","1","BLR7","DEFECTIVE","SWITCHEROO","LPNBLR7Y6064242","I wanted a bigger one"
"2026-03-21T06:51:48+00:00","406-5539736-1461910","FBA79652","B0F43P6D23","X002A07CLV","nexlev Steam Cleaner | Complete Home Kitchen Floor Bathroom Car & Office Cleaning machine | 9 Accessories | 450 ML | Window Pane Sink Grime Chimney Grease Water Stain Cleaner| 4 M Cord |1050W |SC-05","1","HYD8","CUSTOMER_DAMAGED","SWITCHEROO","LPNHYD8EK15396",
"2026-03-21T06:34:46+00:00","171-4998012-7856317","FBA79352","B0D637B562","X0021MSS93","Nexlev Splash Pet Water Fountain with LED Light | 2.0L Capacity | Ultra Quiet Cat Drinking Fountain with Filter | Automatic Pet Water Fountain for Cats and Small Dogs | Blue (WF-02-BL)","1","BLR7","CARRIER_DAMAGED","UNWANTED_ITEM","LPNBLR7Y5491239",
"2026-03-21T06:34:36+00:00","405-7138295-3539548","FBA79349","B0D9KDQCCM","X00230EXN3","nexlev Portable Sewing Machine| 2 Speed Settings| Cordless| Battery operated| USB Type C cord for Plug-in| Quick Fix DIY |Portable & Compact| for all Fabrics| 1 Year Warranty| STITCH & STYLE SW-01","1","HYD8","SELLABLE","DEFECTIVE","LPNHYD8EB46058","No"
"2026-03-21T05:57:04+00:00","406-7184462-8975547","FBA79439","B0DCK7ZH5P","X0023KW3JJ","NexLev Mattress, Sofa, Carpet & Car Seat Vacuum Cleaner|For Dust Mites Allergens & Pet Hair|Cordless Design|1500*3 mAh |UV Sterilization, Double Beat Technology|Type C| HEPA captures 99.99% Dust|MR-02","1","DED4","SELLABLE","MISORDERED","LPNDED4A1580913",
"2026-03-21T05:56:06+00:00","402-5764597-1289947","FBA79567","B0DNJS23HS","X0026FJYJD","NexLev 10 in 1 Steam Cleaner & Mop|2 Steam Modes| Mopping & Deep Cleaning Home Car Sofa Bathroom Kitchen & Office |For All Surfaces|350ML|Chemical Free Cleaning | Detachable & Foldable|SC-04","1","DEL4","SELLABLE","QUALITY_UNACCEPTABLE","LPNDEL4AA2278929",
"2026-03-21T05:54:41+00:00","408-5021908-7977158","FBA79652","B0F43P6D23","X002A07CLV","nexlev Steam Cleaner | Complete Home Kitchen Floor Bathroom Car & Office Cleaning machine | 9 Accessories | 450 ML | Window Pane Sink Grime Chimney Grease Water Stain Cleaner| 4 M Cord |1050W |SC-05","1","PNQ3","SELLABLE","NO_REASON_GIVEN","LPNPNQ3A4723884",
"2026-03-21T05:54:23+00:00","405-8160475-5541934","FBA79692","B0DVC58QPZ","X0028722JD","NexLev Smart Air Purifier | Home Room & Office Use upto 220 sq ft |True HEPA 13 Filter | Eliminate 99.99% Virus Dust Smoke Odor Pollen Allergens & Pollutants | Long Filter Life |3 Year Warranty |AP220","1","BLR7","CARRIER_DAMAGED","UNDELIVERABLE_REFUSED","LPNBLR7Y4648682",
"2026-03-21T05:49:07+00:00","405-4177976-7205952","FBA79489","B0DFD123P5","X00243S2SB","Nexlev MultiPurpose Electric Food Kettle|1.5 L Ceramic Pot | 600W| Boil, Steam, Fry, Saute| Double Layered Body| 2 Temperature Settings| Multi Cooker for Water, Egg, Tea, Soup, Noodles, Rice| KE-02","1","DEL4","SELLABLE","UNDELIVERABLE_REFUSED","LPNDEL4AA2905395",
"2026-03-21T05:35:48+00:00","402-5087973-4221904","FBA78981","B0CDPP45BM","X001U1K281","NexLev Steam Cleaner | For Complete Home Kitchen Bathroom Car Sofa & Office Cleaning Machine | 9 Accessories |300 ML | Window Pane, Sink, Chimney Grease, Water Stain Cleaner| 4 Mtr Cord | 1000W |SC-01","1","HYD8","CUSTOMER_DAMAGED","SWITCHEROO","LPNHYD8EC70958",
"2026-03-21T05:22:41+00:00","403-6045922-8992366","FBA79652","B0F43P6D23","X002A07CLV","nexlev Steam Cleaner | Complete Home Kitchen Floor Bathroom Car & Office Cleaning machine | 9 Accessories | 450 ML | Window Pane Sink Grime Chimney Grease Water Stain Cleaner| 4 M Cord |1050W |SC-05","1","HYD8","CUSTOMER_DAMAGED","DEFECTIVE","LPNHYD8EK12217",
"2026-03-21T05:14:28+00:00","404-4328060-1212313","FBA79590","B0DM6BB3VT","X00263BT43","nexlev Calf Massager | Daily Use Leg Massager for Sore Muscle |1 Piece | Hand Like Massage with Air Compression | Improve Blood Circulation & Relieve Pain | 2500 mAh | Large Belt | Type C |CFM-01","1","DEL5","CUSTOMER_DAMAGED","NOT_AS_DESCRIBED","LPNDEL5S12981628",
"2026-03-21T05:06:09+00:00","405-8867053-9585141","FBA79263","B0CYSLCRQS","X001ZOLVQP","NexLev Mattress, Sofa & Carpet Vacuum Cleaner | For Dust Mites, Allergens & Pet Hair | 4 Step Cleansing with Double Beat, UV Light, Dehumidification & Vacuum | HEPA captures 99.99% Dust|MR-01","1","BOM7","CARRIER_DAMAGED","DEFECTIVE","LPNBOM7D19546764",
"2026-03-21T04:52:04+00:00","408-9076074-7332369","FBA78981","B0CDPP45BM","X001U1K281","NexLev Steam Cleaner | For Complete Home Kitchen Bathroom Car Sofa & Office Cleaning Machine | 9 Accessories |300 ML | Window Pane, Sink, Chimney Grease, Water Stain Cleaner| 4 Mtr Cord | 1000W |SC-01","1","BOM5","SELLABLE","UNDELIVERABLE_UNKNOWN","LPNBOM5F4569375",
"2026-03-21T04:49:00+00:00","402-2413639-6474731","FBA79679","B0DVC7VJP1","X002876EAV","NexLev Stand Mixer |5.5L SS Bowl | 1500W |10 Speeds | Pulse Function |Planetary Rotation | Whisk, Beater & Dough Hook|100% Copper Motor | For Roti & Cookie Dough, Cake Making, Whip Cream & more |ST-01","1","BOM5","CARRIER_DAMAGED","QUALITY_UNACCEPTABLE","LPNBOM5F4546643",
"2026-03-21T04:34:56+00:00","403-1468012-9236360","FBA79374","B0D2P7WLJB","X0020GXQNX","NexLev Smart Electric Toothbrush for Adults |2-Min Timer with Quadpacer |2 Replaceable Heads | AAA Battery |3 Modes (Daily, Normal & Sesitive) |Upto 60 Days | Travel Case | Soft Bristles |ET-02 Green","1","CCX1","SELLABLE","UNDELIVERABLE_REFUSED","LPNCCX1B3781968",
"2026-03-21T04:34:56+00:00","403-1468012-9236360","FBA79374","B0D2P7WLJB","X0020GXQNX","NexLev Smart Electric Toothbrush for Adults |2-Min Timer with Quadpacer |2 Replaceable Heads | AAA Battery |3 Modes (Daily, Normal & Sesitive) |Upto 60 Days | Travel Case | Soft Bristles |ET-02 Green","1","CCX1","SELLABLE","UNDELIVERABLE_REFUSED","LPNCCX1B3781969",
"2026-03-21T04:09:25+00:00","408-9701447-5588340","FBA79263","B0CYSLCRQS","X001ZOLVQP","NexLev Mattress, Sofa & Carpet Vacuum Cleaner | For Dust Mites, Allergens & Pet Hair | 4 Step Cleansing with Double Beat, UV Light, Dehumidification & Vacuum | HEPA captures 99.99% Dust|MR-01","1","CCX1","SELLABLE","UNDELIVERABLE_UNKNOWN","LPNCCX1B3718573",
"2026-03-21T03:58:55+00:00","403-2080583-9414720","FBA78981","B0CDPP45BM","X001U1K281","NexLev Steam Cleaner | For Complete Home Kitchen Bathroom Car Sofa & Office Cleaning Machine | 9 Accessories |300 ML | Window Pane, Sink, Chimney Grease, Water Stain Cleaner| 4 Mtr Cord | 1000W |SC-01","1","BLR7","CUSTOMER_DAMAGED","MISORDERED","LPNBLR7Y6064061",
"2026-03-21T03:52:26+00:00","407-8704762-2974724","FBA79268","B0D383WQPB","X0020OHLDV","NexLev Foldable Garment Steamer for Home & Travel | Convenient Vertical Steaming | 1200W | 120 ml | Lightweight & Compact | 30s Fast Heating | Iron for all Cloth Types | 2 M cord | Anti Spill | GS-05","1","LKO1","SELLABLE","DEFECTIVE","LPNLKO1B0273672",
"2026-03-21T03:49:59+00:00","403-7108017-0831526","FBA79263","B0CYSLCRQS","X001ZOLVQP","NexLev Mattress, Sofa & Carpet Vacuum Cleaner | For Dust Mites, Allergens & Pet Hair | 4 Step Cleansing with Double Beat, UV Light, Dehumidification & Vacuum | HEPA captures 99.99% Dust|MR-01","1","BLR7","CUSTOMER_DAMAGED","SWITCHEROO","LPNBLR7Y4658393",
"2026-03-21T03:22:05+00:00","405-1333228-6017923","FBA78981","B0CDPP45BM","X001U1K281","NexLev Steam Cleaner | For Complete Home Kitchen Bathroom Car Sofa & Office Cleaning Machine | 9 Accessories |300 ML | Window Pane, Sink, Chimney Grease, Water Stain Cleaner| 4 Mtr Cord | 1000W |SC-01","1","HYD8","CUSTOMER_DAMAGED","MISORDERED","LPNHYD8EC54697",
"2026-03-20T13:59:38+00:00","407-8928620-2203560","FBK79271","B0DQ8W1RBV","X00271JY6J","nexlev Ionic Volumizer|3 In 1 Hot Air Brush To Straight Dry & Volumize|1200 Watts|Reduce Frizz|Ceramic Tourmaline Coated Large Barrel|Salon Like Soft Curl At Home|3 Speed & 2 Heat Settings|V-01 RG","1","DED4","CARRIER_DAMAGED","UNDELIVERABLE_REFUSED","LPNDED4A1275572",
"2026-03-20T12:42:33+00:00","402-7189045-9113931","FBA79652","B0F43P6D23","X002A07CLV","nexlev Steam Cleaner | Complete Home Kitchen Floor Bathroom Car & Office Cleaning machine | 9 Accessories | 450 ML | Window Pane Sink Grime Chimney Grease Water Stain Cleaner| 4 M Cord |1050W |SC-05","1","PNQ3","SELLABLE","UNDELIVERABLE_REFUSED","LPNPNQ3A4738797",
"2026-03-20T12:24:56+00:00","405-8497201-0360352","FBA79472","B0DFCDZWND","X002435CVL","NexLev Cordless Electric Heating Pad| Period Cramp & Back Pain Relief Massager | 9 modes| Menstrual Cramp Relief|Type C| Crampfree Periods | Portable | Gift for Women| Strap upto 40 Inch |Purple CM-02","1","MAA4","SELLABLE","UNDELIVERABLE_REFUSED","LPNMAA4Z0209376",
"2026-03-20T11:26:22+00:00","408-8207004-3917941","FBA79489","B0DFD123P5","X00243S2SB","Nexlev MultiPurpose Electric Food Kettle|1.5 L Ceramic Pot | 600W| Boil, Steam, Fry, Saute| Double Layered Body| 2 Temperature Settings| Multi Cooker for Water, Egg, Tea, Soup, Noodles, Rice| KE-02","1","BLR7","CUSTOMER_DAMAGED","DAMAGED_BY_FC","LPNBLR8Z4063349",
"2026-03-20T11:21:50+00:00","403-8235681-6514736","FBA79721","B0F2N4N83Y","X002D40SMT","NexLev Replacement HEPA Filter | Compatible with NexLev Cordless Mite Remover (MR-02) | Captures 99.99% Dust, Mites & Allergens | Washable & Durable Filter | Easy to Install & Maintain","1","HYD8","SELLABLE","UNDELIVERABLE_REFUSED","LPNHYD8EC70742",
"2026-03-20T10:29:41+00:00","402-3105947-4832350","FBA78981","B0CDPP45BM","X001U1K281","NexLev Steam Cleaner | For Complete Home Kitchen Bathroom Car Sofa & Office Cleaning Machine | 9 Accessories |300 ML | Window Pane, Sink, Chimney Grease, Water Stain Cleaner| 4 Mtr Cord | 1000W |SC-01","1","BOM5","SELLABLE","UNDELIVERABLE_REFUSED","LPNBOM5F4561437",
"2026-03-20T09:56:34+00:00","403-4378658-8025169","FBA79349","B0D9KDQCCM","X00230EXN3","nexlev Portable Sewing Machine| 2 Speed Settings| Cordless| Battery operated| USB Type C cord for Plug-in| Quick Fix DIY |Portable & Compact| for all Fabrics| 1 Year Warranty| STITCH & STYLE SW-01","1","PNQ3","SELLABLE","QUALITY_UNACCEPTABLE","LPNPNQ3A4751700","Performance not as per requirement"
"2026-03-20T09:37:41+00:00","404-2255404-1487518","FBA79493","B0DQCWRG3H","X00272C0EV","nexlev Ionic 3 In 1 Hot Air Brush|1.5 Inch Barrel|Volumizer Blow Dry & Style|Ceramic Tourmaline Coated For Heat Protection|1200 Watts|Dual Bristle For Tangle Free Styling|Salon Like Soft Curl|V-03","1","PNQ3","SELLABLE","UNDELIVERABLE_REFUSED","LPNPNQ3A4706284",
"2026-03-20T09:34:03+00:00","405-8352983-5229958","FBA79681","B0DVC968P1","X002875WQX","NexLev Cool Mist Humidifier | 3.5L| For Office, Indoor Plants, Baby Nursery | Quiet Operation | Works 44Hrs on Low Setting | 360° Nozzle | Auto Shut-Off | Adjustable Knob | Leak Proof | HU-01","1","AMD2","CARRIER_DAMAGED","UNDELIVERABLE_REFUSED","LPNAMD2M3466254",
"2026-03-20T08:07:40+00:00","406-7797742-7886747","FBA79493","B0DQCWRG3H","X00272C0EV","nexlev Ionic 3 In 1 Hot Air Brush|1.5 Inch Barrel|Volumizer Blow Dry & Style|Ceramic Tourmaline Coated For Heat Protection|1200 Watts|Dual Bristle For Tangle Free Styling|Salon Like Soft Curl|V-03","1","BLR7","SELLABLE","UNDELIVERABLE_REFUSED","LPNBLR7Y4697813",
"2026-03-20T07:48:48+00:00","408-0546967-7907538","FBA79773","B0F74DJYG6","X002D418NH","nexlev Replacement HEPA Filter | Compatible 2 in 1 Handheld & Stick Vacuum Cleaner VC-01 | Captures 99.97% Dust & Allergens | Washable & Durable Filter Maintain","1","BOM5","CUSTOMER_DAMAGED","ORDERED_WRONG_ITEM","LPNBOM5F4546243",
"2026-03-20T07:25:08+00:00","171-8294165-5209921","FBA79489","B0DFD123P5","X00243S2SB","Nexlev MultiPurpose Electric Food Kettle|1.5 L Ceramic Pot | 600W| Boil, Steam, Fry, Saute| Double Layered Body| 2 Temperature Settings| Multi Cooker for Water, Egg, Tea, Soup, Noodles, Rice| KE-02","1","BLR8","SELLABLE","NOT_AS_DESCRIBED","LPNBLR8Z3411183","I want the bigger size"
"2026-03-20T06:56:40+00:00","408-4425209-1475507","FBA79812","B0FS6TB7CP","X002F7TH85","NexLev Portable Blender for Smoothies Milkshakes Crushing Ice Juices | 6 Leaf Stainless Steel Blade | 3000 mAh Battery | Type C | Mix Fruit Juicer Mini | 450ml | For Kitchen & Travel | PB-01","1","DEL4","SELLABLE","DEFECTIVE","LPNDEL4AA2905039",
"2026-03-20T06:52:08+00:00","171-0626132-1261910","FBA79263","B0CYSLCRQS","X001ZOLVQP","NexLev Mattress, Sofa & Carpet Vacuum Cleaner | For Dust Mites, Allergens & Pet Hair | 4 Step Cleansing with Double Beat, UV Light, Dehumidification & Vacuum | HEPA captures 99.99% Dust|MR-01","1","BLR8","SELLABLE","DEFECTIVE","LPNBLR8Z5235159",
"2026-03-20T05:58:44+00:00","408-1537146-7420368","FBA79452","B0DCGHVN81","X0023JV0A3","NexLev 2 in 1 Handheld & Stick Vacuum Cleaner | 17500 PA Suction | Dry Vacuuming for Home & Office | Washable HEPA Filter | 4 Adjustable Heads | Bagless| Deep Cleaning for Sofa Bed Window & more|VC-01","1","BLR8","SELLABLE","UNDELIVERABLE_UNKNOWN","LPNBLR8Z5222937",
"2026-03-20T05:55:46+00:00","404-5912408-1545100","FBK79271","B0DQ8W1RBV","X00271JY6J","nexlev Ionic Volumizer|3 In 1 Hot Air Brush To Straight Dry & Volumize|1200 Watts|Reduce Frizz|Ceramic Tourmaline Coated Large Barrel|Salon Like Soft Curl At Home|3 Speed & 2 Heat Settings|V-01 RG","1","CJB1","CARRIER_DAMAGED","UNDELIVERABLE_REFUSED","LPNCJB1Y768158",
"2026-03-20T05:51:28+00:00","408-1652923-8353119","FBA79681","B0DVC968P1","X002875WQX","NexLev Cool Mist Humidifier | 3.5L| For Office, Indoor Plants, Baby Nursery | Quiet Operation | Works 44Hrs on Low Setting | 360° Nozzle | Auto Shut-Off | Adjustable Knob | Leak Proof | HU-01","1","DED4","CUSTOMER_DAMAGED","DEFECTIVE","LPNDED4A1476462",
"2026-03-20T05:08:33+00:00","408-8571202-9807553","FBA79489","B0DFD123P5","X00243S2SB","Nexlev MultiPurpose Electric Food Kettle|1.5 L Ceramic Pot | 600W| Boil, Steam, Fry, Saute| Double Layered Body| 2 Temperature Settings| Multi Cooker for Water, Egg, Tea, Soup, Noodles, Rice| KE-02","1","HYD8","SELLABLE","SWITCHEROO","LPNHYD8EB76007",
"2026-03-20T04:51:23+00:00","171-0344617-7797159","FBA78980","B0CDPMX152","X001U1DYK9","NexLev Handheld Garment Steamer | 1500 Watts | 300 ML| Standing & Horizontal Iron Press | Damage Free Steaming for all Cloth Types | 25s Quick Heat |Upto 5 Clothes in One Fill | Travel Friendly |GS-02","1","MAA4","CUSTOMER_DAMAGED","SWITCHEROO","LPNMAA4Z2098430",
"2026-03-20T04:48:08+00:00","404-3376699-7456322","FBA79567","B0DNJS23HS","X0026FJYJD","NexLev 10 in 1 Steam Cleaner & Mop|2 Steam Modes| Mopping & Deep Cleaning Home Car Sofa Bathroom Kitchen & Office |For All Surfaces|350ML|Chemical Free Cleaning | Detachable & Foldable|SC-04","1","MAA4","CUSTOMER_DAMAGED","NOT_COMPATIBLE","LPNMAA4Z0057393",
"2026-03-20T04:44:35+00:00","407-3397233-8942732","FBA79268","B0D383WQPB","X0020OHLDV","NexLev Foldable Garment Steamer for Home & Travel | Convenient Vertical Steaming | 1200W | 120 ml | Lightweight & Compact | 30s Fast Heating | Iron for all Cloth Types | 2 M cord | Anti Spill | GS-05","1","DEL4","SELLABLE","UNDELIVERABLE_REFUSED","LPNDEL4AA2179363",
"2026-03-20T04:44:35+00:00","407-3397233-8942732","FBA79268","B0D383WQPB","X0020OHLDV","NexLev Foldable Garment Steamer for Home & Travel | Convenient Vertical Steaming | 1200W | 120 ml | Lightweight & Compact | 30s Fast Heating | Iron for all Cloth Types | 2 M cord | Anti Spill | GS-05","1","DEL4","SELLABLE","UNDELIVERABLE_REFUSED","LPNDEL4AA2179365",
"2026-03-20T04:44:35+00:00","407-3397233-8942732","FBA79268","B0D383WQPB","X0020OHLDV","NexLev Foldable Garment Steamer for Home & Travel | Convenient Vertical Steaming | 1200W | 120 ml | Lightweight & Compact | 30s Fast Heating | Iron for all Cloth Types | 2 M cord | Anti Spill | GS-05","1","DEL4","SELLABLE","UNDELIVERABLE_REFUSED","LPNDEL4AA2179364",
"2026-03-20T04:44:35+00:00","407-3397233-8942732","FBA79268","B0D383WQPB","X0020OHLDV","NexLev Foldable Garment Steamer for Home & Travel | Convenient Vertical Steaming | 1200W | 120 ml | Lightweight & Compact | 30s Fast Heating | Iron for all Cloth Types | 2 M cord | Anti Spill | GS-05","1","DEL4","SELLABLE","UNDELIVERABLE_REFUSED","LPNDEL4AA2179362",
"2026-03-20T04:44:35+00:00","407-3397233-8942732","FBA79268","B0D383WQPB","X0020OHLDV","NexLev Foldable Garment Steamer for Home & Travel | Convenient Vertical Steaming | 1200W | 120 ml | Lightweight & Compact | 30s Fast Heating | Iron for all Cloth Types | 2 M cord | Anti Spill | GS-05","1","DEL4","SELLABLE","UNDELIVERABLE_REFUSED","LPNDEL4AA2179366",
"2026-03-20T04:35:58+00:00","408-5245917-7781944","FBA79262","B0CYSMBCB8","X001ZOM871","NexLev Steam Cleaner | For Complete Home Kitchen Bathroom Window Car & Office Cleaning | 9 Accessories | 450 ML | Window Pane Sink Grime Chimney Grease Water Stain Cleaner| 4 Meter Cord | 1000W |SC-02","1","HYD8","CUSTOMER_DAMAGED","SWITCHEROO","LPNHYD8EB92774",
"2026-03-20T04:33:52+00:00","408-7459819-1126756","FBA79489","B0DFD123P5","X00243S2SB","Nexlev MultiPurpose Electric Food Kettle|1.5 L Ceramic Pot | 600W| Boil, Steam, Fry, Saute| Double Layered Body| 2 Temperature Settings| Multi Cooker for Water, Egg, Tea, Soup, Noodles, Rice| KE-02","1","DEL4","CUSTOMER_DAMAGED","NOT_AS_DESCRIBED","LPNDEL4AA0797703",
"2026-03-20T03:43:45+00:00","403-3568399-5505920","FBA79819","B0FT8R24QM","X002F1TU0L","NexLev Portable Cordless Lint Remover | for Woollen, Sweaters, Jackets, Carpets | Fabric Brush | Rue & Burr Remover | Battery Powered Shaver | SS Blade | Safety Lock | LR-03","1","MAA4","SELLABLE","DEFECTIVE","LPNMAA4Z0032228",
"2026-03-20T03:41:36+00:00","404-6560278-2761129","FBA79271","B0D83Q7L8W","X0022IERCN","NexLev Ionic Hot Air Brush | 3 in 1 Blow Dryer, Straightener & Styler | 360° Airflow Vents | Ceramic Tourmaline Coated Brushing Head | Tangle Free Bristle | 1200W | 3 Speed & 2 Heat Settings|V-01","1","HYD8","CARRIER_DAMAGED","UNDELIVERABLE_REFUSED","LPNHYD8EB75931",
"2026-03-20T03:36:00+00:00","403-4196435-4629960","FBA79263","B0CYSLCRQS","X001ZOLVQP","NexLev Mattress, Sofa & Carpet Vacuum Cleaner | For Dust Mites, Allergens & Pet Hair | 4 Step Cleansing with Double Beat, UV Light, Dehumidification & Vacuum | HEPA captures 99.99% Dust|MR-01","1","HYD8","CUSTOMER_DAMAGED","DEFECTIVE","LPNHYD8EB73627",
"2026-03-20T03:35:41+00:00","408-1827468-0057943","FBA79567","B0DNJS23HS","X0026FJYJD","NexLev 10 in 1 Steam Cleaner & Mop|2 Steam Modes| Mopping & Deep Cleaning Home Car Sofa Bathroom Kitchen & Office |For All Surfaces|350ML|Chemical Free Cleaning | Detachable & Foldable|SC-04","1","MAA4","CUSTOMER_DAMAGED","MISSING_PARTS","LPNMAA4Z2098359",
"2026-03-19T22:28:35+00:00","402-6500307-2869945","FBA79682","B0DVC8NYY2","X002872SBZ","NexLev Cool Mist Humidifier | 2.2L| For Office, Indoor Plants, Baby Nursery | Quiet Operation | Works 30Hrs on Low Setting | 360° Nozzle | Auto Shut-Off | Adjustable Knob | Leak Proof | HU-02","1","CCX1","SELLABLE","UNDELIVERABLE_REFUSED","LPNCCX1A7632222",
"2026-03-19T21:48:51+00:00","405-6801766-9145165","FBA79590","B0DM6BB3VT","X00263BT43","nexlev Calf Massager | Daily Use Leg Massager for Sore Muscle |1 Piece | Hand Like Massage with Air Compression | Improve Blood Circulation & Relieve Pain | 2500 mAh | Large Belt | Type C |CFM-01","1","DEL5","SELLABLE","UNDELIVERABLE_REFUSED","LPNDEL5S13179850",
"2026-03-19T20:47:41+00:00","407-6239160-1673166","FBA79567","B0DNJS23HS","X0026FJYJD","NexLev 10 in 1 Steam Cleaner & Mop|2 Steam Modes| Mopping & Deep Cleaning Home Car Sofa Bathroom Kitchen & Office |For All Surfaces|350ML|Chemical Free Cleaning | Detachable & Foldable|SC-04","1","CCX1","CUSTOMER_DAMAGED","NO_REASON_GIVEN","LPNCCX1A7613177",
"2026-03-19T15:01:09+00:00","404-0839189-9733957","FBA79439","B0DCK7ZH5P","X0023KW3JJ","NexLev Mattress, Sofa, Carpet & Car Seat Vacuum Cleaner|For Dust Mites Allergens & Pet Hair|Cordless Design|1500*3 mAh |UV Sterilization, Double Beat Technology|Type C| HEPA captures 99.99% Dust|MR-02","1","CCX1","CUSTOMER_DAMAGED","MISORDERED","LPNCCX1A7647176",
"2026-03-19T12:22:41+00:00","406-0076789-1159502","FBA79280","B0D845B2DG","X0022J93DP","NexLev Rechargeable Lint Remover | for Woollen Sweaters Shirts Coat Curtains & Carpets | Rue & Burr Remover | 180 Min Use | TypeC | SS Blade | 2000mAh | 3 Speed Modes | Safety Lock | LR-02","1","BLR8","CUSTOMER_DAMAGED","DEFECTIVE","LPNBLR8Z3405700",
"2026-03-19T11:52:31+00:00","403-0951782-4193951","FBA79278","B0D86ZC9YT","X0022K5OBJ","Nexlev Just Style Pro Hair Dryer |2100 W for Quick & Easy Blowdry | Double Heat Protection Technology | 3 Heat Settings & Cool Shot Function For Salon-Like Styling at Home (HD-01)","1","BLR8","SELLABLE","UNDELIVERABLE_REFUSED","LPNBLR8Z5352586",
"2026-03-19T11:50:54+00:00","406-2553722-7532363","FBA79488","B0DFCG2VGS","X002435QZX","Nexlev Multi Purpose Electric Food Kettle|1.8L Stainless Steel Pot| 600W|Boil, Steam, Fry, Saute| Double Layered Body|2 Heat Settings|Multi Function for Water, Milk, Egg, Soup, Noodles|KE-01","1","BOM5","SELLABLE","SWITCHEROO","LPNBOM5F4336929","I had ordered it and immediate cancelled as I realised that this was a small cooker. I wanted a  big 6l one and thus I want you to accept this return."
"2026-03-19T10:59:45+00:00","408-9565852-5334754","FBA79493","B0DQCWRG3H","X00272C0EV","nexlev Ionic 3 In 1 Hot Air Brush|1.5 Inch Barrel|Volumizer Blow Dry & Style|Ceramic Tourmaline Coated For Heat Protection|1200 Watts|Dual Bristle For Tangle Free Styling|Salon Like Soft Curl|V-03","1","LKO1","SELLABLE","UNDELIVERABLE_REFUSED","LPNLKO1B1425933",
"2026-03-19T10:59:05+00:00","403-0697491-6865927","FBA79452","B0DCGHVN81","X0023JV0A3","NexLev 2 in 1 Handheld & Stick Vacuum Cleaner | 17500 PA Suction | Dry Vacuuming for Home & Office | Washable HEPA Filter | 4 Adjustable Heads | Bagless| Deep Cleaning for Sofa Bed Window & more|VC-01","1","BOM5","CUSTOMER_DAMAGED","DEFECTIVE","LPNBOM5F4586959",
"2026-03-19T09:45:20+00:00","408-7609184-5014703","FBA79268","B0D383WQPB","X0020OHLDV","NexLev Foldable Garment Steamer for Home & Travel | Convenient Vertical Steaming | 1200W | 120 ml | Lightweight & Compact | 30s Fast Heating | Iron for all Cloth Types | 2 M cord | Anti Spill | GS-05","1","DEL4","SELLABLE","DEFECTIVE","LPNDEL4AA2958531",
"2026-03-19T09:13:47+00:00","406-2593628-2843555","FBA79263","B0CYSLCRQS","X001ZOLVQP","NexLev Mattress, Sofa & Carpet Vacuum Cleaner | For Dust Mites, Allergens & Pet Hair | 4 Step Cleansing with Double Beat, UV Light, Dehumidification & Vacuum | HEPA captures 99.99% Dust|MR-01","1","CJB1","SELLABLE","MISORDERED","LPNCJB1Y914615",
"2026-03-19T08:58:02+00:00","407-9094947-3211523","FBA79489","B0DFD123P5","X00243S2SB","Nexlev MultiPurpose Electric Food Kettle|1.5 L Ceramic Pot | 600W| Boil, Steam, Fry, Saute| Double Layered Body| 2 Temperature Settings| Multi Cooker for Water, Egg, Tea, Soup, Noodles, Rice| KE-02","1","DED4","SELLABLE","SWITCHEROO","LPNDED4A1379893","I want a big item from philips"
"2026-03-19T07:50:00+00:00","407-9742767-4702729","FBA79263","B0CYSLCRQS","X001ZOLVQP","NexLev Mattress, Sofa & Carpet Vacuum Cleaner | For Dust Mites, Allergens & Pet Hair | 4 Step Cleansing with Double Beat, UV Light, Dehumidification & Vacuum | HEPA captures 99.99% Dust|MR-01","1","LKO1","CARRIER_DAMAGED","DEFECTIVE","LPNLKO1B1373860",
"2026-03-19T07:15:15+00:00","408-8635475-6221146","FBA79280","B0D845B2DG","X0022J93DP","nexlev Rechargeable Lint Remover | For Woollen Sweaters Shirts Coat Curtains & Carpets | Rue & Burr Remover | 180 Min Use | TypeC | SS Blade | 2000mAh | 3 Speed Modes | Safety Lock | LR-02","1","BOM7","SELLABLE","DEFECTIVE","LPNBOM7D19492006",
"2026-03-19T06:51:13+00:00","408-8047669-0051555","FBA79349","B0D9KDQCCM","X00230EXN3","Nexlev Portable Sewing Machine| 2 Speed Settings| Cordless| Battery operated| USB Type C cord for Plug-in| Quick Fix DIY|Portable & Compact| for all Fabrics| 1 Year Warranty| White","1","CCX1","SELLABLE","DEFECTIVE","LPNCCX1B2576689","Item is not working."
"2026-03-19T06:42:10+00:00","408-1010926-6895567","FBA79263","B0CYSLCRQS","X001ZOLVQP","NexLev Mattress, Sofa & Carpet Vacuum Cleaner | For Dust Mites, Allergens & Pet Hair | 4 Step Cleansing with Double Beat, UV Light, Dehumidification & Vacuum | HEPA captures 99.99% Dust|MR-01","1","BLR8","SELLABLE","DEFECTIVE","LPNBLR8Z5234799","I want to return and refund"
"2026-03-19T05:24:53+00:00","402-5391723-0533127","FBA79452","B0DCGHVN81","X0023JV0A3","NexLev 2 in 1 Handheld & Stick Vacuum Cleaner | 17500 PA Suction | Dry Vacuuming for Home & Office | Washable HEPA Filter | 4 Adjustable Heads | Bagless| Deep Cleaning for Sofa Bed Window & more|VC-01","1","BOM5","CARRIER_DAMAGED","DEFECTIVE","LPNBOM5F4581440",
"2026-03-19T04:46:36+00:00","408-1561774-1936363","FBA78980","B0CDPMX152","X001U1DYK9","NexLev Handheld Garment Steamer | 1500 Watts | 300 ML| Standing & Horizontal Iron Press | Damage Free Steaming for all Cloth Types | 25s Quick Heat |Upto 5 Clothes in One Fill | Travel Friendly |GS-02","1","DEL5","SELLABLE","DEFECTIVE","LPNDEL5S13183912",
"2026-03-19T04:46:18+00:00","402-6935833-4548355","FBA79271","B0D83Q7L8W","X0022IERCN","NexLev Ionic Hot Air Brush | 3 in 1 Blow Dryer, Straightener & Styler | 360° Airflow Vents | Ceramic Tourmaline Coated Brushing Head | Tangle Free Bristle | 1200W | 3 Speed & 2 Heat Settings|V-01","1","BOM5","DEFECTIVE","SWITCHEROO","LPNBOM5F4581406","I have ordered hair brush &amp; hair dryer but received only hairbrush wanted the second one in the atttched photos"
"2026-03-19T04:14:39+00:00","406-1947395-1981941","FBA79679","B0DVC7VJP1","X002876EAV","NexLev Stand Mixer |5.5L SS Bowl | 1500W |10 Speeds | Pulse Function |Planetary Rotation | Whisk, Beater & Dough Hook|100% Copper Motor | For Roti & Cookie Dough, Cake Making, Whip Cream & more |ST-01","1","BOM5","SELLABLE","UNDELIVERABLE_REFUSED","LPNBOM5F4581377",
"2026-03-19T04:03:38+00:00","406-6843600-2908328","FBA79373","B0D2P5TGWK","X0020H9N9D","nexlev Smart Electric Toothbrush for Adults |2-Min Timer with Quadpacer |2 Replaceable Heads | AAA Battery |3 Modes (Daily, Normal & Sesitive) |Upto 60 Days | Travel Case | Soft Bristles |ET-01 Black","1","AMD2","CARRIER_DAMAGED","UNDELIVERABLE_REFUSED","LPNAMD2M3437755",
"2026-03-19T04:01:47+00:00","171-7191811-4868365","FBA79263","B0CYSLCRQS","X001ZOLVQP","NexLev Mattress, Sofa & Carpet Vacuum Cleaner | For Dust Mites, Allergens & Pet Hair | 4 Step Cleansing with Double Beat, UV Light, Dehumidification & Vacuum | HEPA captures 99.99% Dust|MR-01","1","BOM7","SELLABLE","DEFECTIVE","LPNBOM7D19494898",
"2026-03-18T19:56:11+00:00","407-3301019-4647500","FBA79268","B0D383WQPB","X0020OHLDV","NexLev Foldable Garment Steamer for Home & Travel | Convenient Vertical Steaming | 1200W | 120 ml | Lightweight & Compact | 30s Fast Heating | Iron for all Cloth Types | 2 M cord | Anti Spill | GS-05","1","DEL5","SELLABLE","DEFECTIVE","LPNDEL5S13129549",
"2026-03-18T11:19:33+00:00","407-3343661-1469968","FBA79263","B0CYSLCRQS","X001ZOLVQP","NexLev Mattress, Sofa & Carpet Vacuum Cleaner | For Dust Mites, Allergens & Pet Hair | 4 Step Cleansing with Double Beat, UV Light, Dehumidification & Vacuum | HEPA captures 99.99% Dust|MR-01","1","PNQ3","CARRIER_DAMAGED","DEFECTIVE","LPNPNQ3A4723188",
"2026-03-18T11:08:05+00:00","403-1151320-2745923","FBA79488","B0DFCG2VGS","X002435QZX","Nexlev Multi Purpose Electric Food Kettle|1.8L Stainless Steel Pot| 600W|Boil, Steam, Fry, Saute| Double Layered Body|2 Heat Settings|Multi Function for Water, Milk, Egg, Soup, Noodles|KE-01","1","BLR7","CARRIER_DAMAGED","UNDELIVERABLE_REFUSED","LPNBLR7Y4647346",
"2026-03-18T11:06:26+00:00","408-3730738-5196315","FBA79819","B0FT8R24QM","X002F1TU0L","NexLev Portable Cordless Lint Remover | for Woollen, Sweaters, Jackets, Carpets | Fabric Brush | Rue & Burr Remover | Battery Powered Shaver | SS Blade | Safety Lock | LR-03","1","LKO1","SELLABLE","NOT_AS_DESCRIBED","LPNLKO1B1373574","Description is different"
"2026-03-18T10:43:11+00:00","407-7464521-6868323","FBA79443","B0D9KFQG8Q","X00230CWVD","Nexlev Skin Scrubber |Red & Blue LED Therapy| Blackhead Remover| Pore Cleaner| Skin Lifting & tightening, wrinkle remover| 2 Silicone Cleaning Heads| Facial Cleansing|Type C Charging| Elixir Pro LE-03","1","BOM5","SELLABLE","SWITCHEROO","LPNBOM5F4566872","Wrong item sent."
"2026-03-18T10:37:45+00:00","406-4599823-8901903","FBA79406","B0DCK3N2JJ","X0023L3KG3","NexLev Ionic Cordless Hair Straightener Brush | 60min Runtime | upto 200° Heating | Portable & Type C Rechargeable | Keratin Bristles |Straight, Frizz Free & Shiny Hair | Compact Comb Design | HSB-04","1","BOM5","SELLABLE","DEFECTIVE","LPNBOM5F4545268",
"2026-03-18T10:18:11+00:00","406-4733231-0721905","FBA79567","B0DNJS23HS","X0026FJYJD","NexLev 10 in 1 Steam Cleaner & Mop|2 Steam Modes| Mopping & Deep Cleaning Home Car Sofa Bathroom Kitchen & Office |For All Surfaces|350ML|Chemical Free Cleaning | Detachable & Foldable|SC-04","1","BLR8","CUSTOMER_DAMAGED","SWITCHEROO","LPNBLR8Z5352053",
"2026-03-18T09:13:12+00:00","407-1161561-1246768","FBK79591","B0F29SZCVF","X0029O6KFH","NexLev Knee Massager for Joint Pain Relief |Controlled Vibration & Heating for Arthritis, Knee, Shoulder or Elbow pain | 15 modes |2 Extension Belt |Graphene Heating pad for Consistent Heating | KM-01","1","DEL5","SELLABLE","UNDELIVERABLE_UNKNOWN","LPNDEL5S13183608",
"2026-03-18T09:00:00+00:00","407-3019128-7342763","FBA79349","B0D9KDQCCM","X00230EXN3","nexlev Portable Sewing Machine| 2 Speed Settings| Cordless| Battery operated| USB Type C cord for Plug-in| Quick Fix DIY |Portable & Compact| for all Fabrics| 1 Year Warranty| STITCH & STYLE SW-01","1","BOM5","CUSTOMER_DAMAGED","QUALITY_UNACCEPTABLE","LPNBOM5F4545202",
"2026-03-18T08:19:05+00:00","402-1094801-6845933","FBA79819","B0FT8R24QM","X002F1TU0L","NexLev Portable Cordless Lint Remover | for Woollen, Sweaters, Jackets, Carpets | Fabric Brush | Rue & Burr Remover | Battery Powered Shaver | SS Blade | Safety Lock | LR-03","1","LKO1","DEFECTIVE","DEFECTIVE","LPNLKO1B0093185","Its used products"
"2026-03-18T08:12:42+00:00","402-2874262-8671523","FBA79349","B0D9KDQCCM","X00230EXN3","nexlev Portable Sewing Machine| 2 Speed Settings| Cordless| Battery operated| USB Type C cord for Plug-in| Quick Fix DIY |Portable & Compact| for all Fabrics| 1 Year Warranty| STITCH & STYLE SW-01","1","CCX1","SELLABLE","UNDELIVERABLE_REFUSED","LPNCCX1B1696008",
"2026-03-18T07:41:06+00:00","405-1444494-6731536","FBA79819","B0FT8R24QM","X002F1TU0L","NexLev Portable Cordless Lint Remover | for Woollen, Sweaters, Jackets, Carpets | Fabric Brush | Rue & Burr Remover | Battery Powered Shaver | SS Blade | Safety Lock | LR-03","1","BOM5","SELLABLE","DAMAGED_BY_FC","LPNBOM5F4327313","Cover lock is broken and it is  coming out with even touching it"
"2026-03-18T06:52:39+00:00","403-7673035-3772308","FBA79567","B0DNJS23HS","X0026FJYJD","NexLev 10 in 1 Steam Cleaner & Mop|2 Steam Modes| Mopping & Deep Cleaning Home Car Sofa Bathroom Kitchen & Office |For All Surfaces|350ML|Chemical Free Cleaning | Detachable & Foldable|SC-04","1","BLR8","CUSTOMER_DAMAGED","MISSING_PARTS","LPNBLR8Z5351918",
"2026-03-18T06:50:21+00:00","403-9880819-2483521","FBA79349","B0D9KDQCCM","X00230EXN3","nexlev Portable Sewing Machine| 2 Speed Settings| Cordless| Battery operated| USB Type C cord for Plug-in| Quick Fix DIY |Portable & Compact| for all Fabrics| 1 Year Warranty| STITCH & STYLE SW-01","1","AMD2","CARRIER_DAMAGED","UNDELIVERABLE_REFUSED","LPNAMD2M3437320",
"2026-03-18T06:24:18+00:00","408-1812056-5654724","FBA79489","B0DFD123P5","X00243S2SB","Nexlev MultiPurpose Electric Food Kettle|1.5 L Ceramic Pot | 600W| Boil, Steam, Fry, Saute| Double Layered Body| 2 Temperature Settings| Multi Cooker for Water, Egg, Tea, Soup, Noodles, Rice| KE-02","1","CCX1","CUSTOMER_DAMAGED","DAMAGED_BY_FC","LPNCCX1A8900140",
"2026-03-18T05:22:49+00:00","402-2155781-2295504","FBA79488","B0DFCG2VGS","X002435QZX","Nexlev Multi Purpose Electric Food Kettle|1.8L Stainless Steel Pot| 600W|Boil, Steam, Fry, Saute| Double Layered Body|2 Heat Settings|Multi Function for Water, Milk, Egg, Soup, Noodles|KE-01","1","HYD8","CUSTOMER_DAMAGED","NOT_AS_DESCRIBED","LPNHYD8EC72572",
"2026-03-18T05:17:38+00:00","403-1155219-0610728","FBA79489","B0DFD123P5","X00243S2SB","Nexlev MultiPurpose Electric Food Kettle|1.5 L Ceramic Pot | 600W| Boil, Steam, Fry, Saute| Double Layered Body| 2 Temperature Settings| Multi Cooker for Water, Egg, Tea, Soup, Noodles, Rice| KE-02","1","HYD8","SELLABLE","SWITCHEROO","LPNHYD8EB94418",
"2026-03-18T05:11:22+00:00","171-7317278-0352316","FBA79819","B0FT8R24QM","X002F1TU0L","NexLev Portable Cordless Lint Remover | for Woollen, Sweaters, Jackets, Carpets | Fabric Brush | Rue & Burr Remover | Battery Powered Shaver | SS Blade | Safety Lock | LR-03","1","AMD2","SELLABLE","UNDELIVERABLE_REFUSED","LPNAMD2M3545033",
"2026-03-18T05:04:43+00:00","402-0146086-5607542","FBA79819","B0FT8R24QM","X002F1TU0L","NexLev Portable Cordless Lint Remover | for Woollen, Sweaters, Jackets, Carpets | Fabric Brush | Rue & Burr Remover | Battery Powered Shaver | SS Blade | Safety Lock | LR-03","1","PNQ3","SELLABLE","UNDELIVERABLE_REFUSED","LPNPNQ3A4759868",
"2026-03-18T05:04:19+00:00","403-9842783-0126727","FBA79692","B0DVC58QPZ","X0028722JD","NexLev Smart Air Purifier | Home Room & Office Use upto 220 sq ft |True HEPA 13 Filter | Eliminate 99.99% Virus Dust Smoke Odor Pollen Allergens & Pollutants | Long Filter Life |3 Year Warranty |AP220","1","DEL4","SELLABLE","UNDELIVERABLE_REFUSED","LPNDEL4AA2178611",
"2026-03-18T05:00:21+00:00","408-7162770-5988316","FBA79263","B0CYSLCRQS","X001ZOLVQP","NexLev Mattress, Sofa & Carpet Vacuum Cleaner | For Dust Mites, Allergens & Pet Hair | 4 Step Cleansing with Double Beat, UV Light, Dehumidification & Vacuum | HEPA captures 99.99% Dust|MR-01","1","HYD8","SELLABLE","UNDELIVERABLE_REFUSED","LPNHYD8EC85008",
"2026-03-18T04:36:47+00:00","408-3592118-7141137","FBA79263","B0CYSLCRQS","X001ZOLVQP","NexLev Mattress, Sofa & Carpet Vacuum Cleaner | For Dust Mites, Allergens & Pet Hair | 4 Step Cleansing with Double Beat, UV Light, Dehumidification & Vacuum | HEPA captures 99.99% Dust|MR-01","1","CCX1","DEFECTIVE","DEFECTIVE","LPNCCX1B1652084","Kindly give me brand new unused product. Box was not company sealed ,packing thermocol was broken, the filter had dust which proves it&#39;s used ."
"2026-03-18T04:36:43+00:00","405-1201539-7982762","FBA79268","B0D383WQPB","X0020OHLDV","NexLev Foldable Garment Steamer for Home & Travel | Convenient Vertical Steaming | 1200W | 120 ml | Lightweight & Compact | 30s Fast Heating | Iron for all Cloth Types | 2 M cord | Anti Spill | GS-05","1","BOM5","SELLABLE","UNDELIVERABLE_REFUSED","LPNBOM5F4563885",
"2026-03-18T04:36:32+00:00","171-3971598-5878741","FBA79452","B0DCGHVN81","X0023JV0A3","NexLev 2 in 1 Handheld & Stick Vacuum Cleaner | 17500 PA Suction | Dry Vacuuming for Home & Office | Washable HEPA Filter | 4 Adjustable Heads | Bagless| Deep Cleaning for Sofa Bed Window & more|VC-01","1","BLR8","SELLABLE","NEVER_ARRIVED","LPNBLR8Z5222363",
"2026-03-18T04:17:43+00:00","402-2372484-1689912","FBA79263","B0CYSLCRQS","X001ZOLVQP","NexLev Mattress, Sofa & Carpet Vacuum Cleaner | For Dust Mites, Allergens & Pet Hair | 4 Step Cleansing with Double Beat, UV Light, Dehumidification & Vacuum | HEPA captures 99.99% Dust|MR-01","1","BOM5","CARRIER_DAMAGED","DEFECTIVE","LPNBOM5F4525943",
"2026-03-18T03:48:42+00:00","171-0432661-1889110","FBA79819","B0FT8R24QM","X002F1TU0L","NexLev Portable Cordless Lint Remover | for Woollen, Sweaters, Jackets, Carpets | Fabric Brush | Rue & Burr Remover | Battery Powered Shaver | SS Blade | Safety Lock | LR-03","1","BOM7","CUSTOMER_DAMAGED","NOT_AS_DESCRIBED","LPNBOM7D19522697",
"2026-03-18T03:48:24+00:00","405-7671944-3612319","FBP79350","B0D67727VG","X0024F173L","NexLev LED Therapy Oil Applicator | Reduce Dandruff | Improve Hair Growth | EMS for Scalp Improvement | Red & Blue Light | High Frequency Massage for Better Absorption | 10 ML | Waterproof | EA-01","1","BOM5","CUSTOMER_DAMAGED","DEFECTIVE","LPNBOM5F4579944",
"2026-03-18T03:47:37+00:00","406-4167907-7787525","FBA79493","B0DQCWRG3H","X00272C0EV","nexlev Ionic 3 In 1 Hot Air Brush|1.5 Inch Barrel|Volumizer Blow Dry & Style|Ceramic Tourmaline Coated For Heat Protection|1200 Watts|Dual Bristle For Tangle Free Styling|Salon Like Soft Curl|V-03","1","BOM5","SELLABLE","UNDELIVERABLE_REFUSED","LPNBOM5F4571951",
"2026-03-17T13:52:38+00:00","403-1308015-3357920","FBA78980","B0CDPMX152","X001U1DYK9","NexLev Handheld Garment Steamer | 1500 Watts | 300 ML| Standing & Horizontal Iron Press | Damage Free Steaming for all Cloth Types | 25s Quick Heat |Upto 5 Clothes in One Fill | Travel Friendly |GS-02","1","DEL5","SELLABLE","DEFECTIVE","LPNDEL5S12983716",
"2026-03-17T13:16:31+00:00","402-7940102-6857910","FBA79268","B0D383WQPB","X0020OHLDV","NexLev Foldable Garment Steamer for Home & Travel | Convenient Vertical Steaming | 1200W | 120 ml | Lightweight & Compact | 30s Fast Heating | Iron for all Cloth Types | 2 M cord | Anti Spill | GS-05","1","DEL5","SELLABLE","MISSING_PARTS","LPNDEL5S12983688","One of the part is missing"
"2026-03-17T12:26:43+00:00","403-6367012-9373937","FBA79349","B0D9KDQCCM","X00230EXN3","nexlev Portable Sewing Machine| 2 Speed Settings| Cordless| Battery operated| USB Type C cord for Plug-in| Quick Fix DIY |Portable & Compact| for all Fabrics| 1 Year Warranty| STITCH & STYLE SW-01","1","BOM5","SELLABLE","UNWANTED_ITEM","LPNBOM5F4525808","This is very light weight for my requirement"
"2026-03-17T11:59:07+00:00","407-5899884-7042728","FBA79488","B0DFCG2VGS","X002435QZX","Nexlev Multi Purpose Electric Food Kettle|1.8L Stainless Steel Pot| 600W|Boil, Steam, Fry, Saute| Double Layered Body|2 Heat Settings|Multi Function for Water, Milk, Egg, Soup, Noodles|KE-01","1","CCX1","SELLABLE","UNDELIVERABLE_UNKNOWN","LPNCCX1A7620893",
"2026-03-17T11:55:28+00:00","405-9292161-8907531","FBA79263","B0CYSLCRQS","X001ZOLVQP","NexLev Mattress, Sofa & Carpet Vacuum Cleaner | For Dust Mites, Allergens & Pet Hair | 4 Step Cleansing with Double Beat, UV Light, Dehumidification & Vacuum | HEPA captures 99.99% Dust|MR-01","1","HYD8","DEFECTIVE","DEFECTIVE","LPNHYD8EC84839","This is completely used product not a brand new"
"2026-03-17T11:03:47+00:00","408-8335946-3431529","FBA79488","B0DFCG2VGS","X002435QZX","Nexlev Multi Purpose Electric Food Kettle|1.8L Stainless Steel Pot| 600W|Boil, Steam, Fry, Saute| Double Layered Body|2 Heat Settings|Multi Function for Water, Milk, Egg, Soup, Noodles|KE-01","1","BLR8","CARRIER_DAMAGED","UNDELIVERABLE_REFUSED","LPNBLR8Z5229110",
"2026-03-17T09:49:28+00:00","408-0765742-0343569","FBA79349","B0D9KDQCCM","X00230EXN3","nexlev Portable Sewing Machine| 2 Speed Settings| Cordless| Battery operated| USB Type C cord for Plug-in| Quick Fix DIY |Portable & Compact| for all Fabrics| 1 Year Warranty| STITCH & STYLE SW-01","1","HYD8","SELLABLE","UNDELIVERABLE_REFUSED","LPNHYD8EG38285",
"2026-03-17T08:43:10+00:00","403-1078889-4513168","FBA79652","B0F43P6D23","X002A07CLV","nexlev Steam Cleaner | Complete Home Kitchen Floor Bathroom Car & Office Cleaning machine | 9 Accessories | 450 ML | Window Pane Sink Grime Chimney Grease Water Stain Cleaner| 4 M Cord |1050W |SC-05","1","PNQ3","SELLABLE","DEFECTIVE","LPNPNQ3A4759536",
"2026-03-17T08:12:28+00:00","404-2422127-2020311","FBA79488","B0DFCG2VGS","X002435QZX","Nexlev Multi Purpose Electric Food Kettle|1.8L Stainless Steel Pot| 600W|Boil, Steam, Fry, Saute| Double Layered Body|2 Heat Settings|Multi Function for Water, Milk, Egg, Soup, Noodles|KE-01","1","CCX1","CARRIER_DAMAGED","DEFECTIVE","LPNCCX1A7633848",
"2026-03-17T07:34:24+00:00","403-2050386-0056350","FBA79652","B0F43P6D23","X002A07CLV","nexlev Steam Cleaner | Complete Home Kitchen Floor Bathroom Car & Office Cleaning machine | 9 Accessories | 450 ML | Window Pane Sink Grime Chimney Grease Water Stain Cleaner| 4 M Cord |1050W |SC-05","1","HYD8","SELLABLE","UNDELIVERABLE_REFUSED","LPNHYD8EB81194",
"2026-03-17T07:23:31+00:00","404-7113060-5661951","FBA79652","B0F43P6D23","X002A07CLV","nexlev Steam Cleaner | Complete Home Kitchen Floor Bathroom Car & Office Cleaning machine | 9 Accessories | 450 ML | Window Pane Sink Grime Chimney Grease Water Stain Cleaner| 4 M Cord |1050W |SC-05","1","HYD8","CUSTOMER_DAMAGED","MISSING_PARTS","LPNHYD8EB72604",
"2026-03-17T06:28:12+00:00","407-7308082-7402721","FBA79590","B0DM6BB3VT","X00263BT43","nexlev Calf Massager | Daily Use Leg Massager for Sore Muscle |1 Piece | Hand Like Massage with Air Compression | Improve Blood Circulation & Relieve Pain | 2500 mAh | Large Belt | Type C |CFM-01","1","BLR7","SELLABLE","SWITCHEROO","LPNBLR7Y4690324","Product is not working its not turning on also soze is not fot its too loose"
"2026-03-17T06:25:55+00:00","408-7299839-3987560","FBA79263","B0CYSLCRQS","X001ZOLVQP","NexLev Mattress, Sofa & Carpet Vacuum Cleaner | For Dust Mites, Allergens & Pet Hair | 4 Step Cleansing with Double Beat, UV Light, Dehumidification & Vacuum | HEPA captures 99.99% Dust|MR-01","1","BOM7","SELLABLE","UNDELIVERABLE_UNKNOWN","LPNBOM7D19511335",
"2026-03-17T06:20:46+00:00","406-4940112-7610711","FBA79652","B0F43P6D23","X002A07CLV","nexlev Steam Cleaner | Complete Home Kitchen Floor Bathroom Car & Office Cleaning machine | 9 Accessories | 450 ML | Window Pane Sink Grime Chimney Grease Water Stain Cleaner| 4 M Cord |1050W |SC-05","1","HYD8","DEFECTIVE","MISSING_PARTS","LPNHYD8EC72168",
"2026-03-17T06:14:39+00:00","171-0578482-5012303","FBA79679","B0DVC7VJP1","X002876EAV","NexLev Stand Mixer |5.5L SS Bowl | 1500W |10 Speeds | Pulse Function |Planetary Rotation | Whisk, Beater & Dough Hook|100% Copper Motor | For Roti & Cookie Dough, Cake Making, Whip Cream & more |ST-01","1","BOM5","CARRIER_DAMAGED","DEFECTIVE","LPNBOM5F4563503",
"2026-03-17T05:53:43+00:00","404-0482903-1777941","FBA79567","B0DNJS23HS","X0026FJYJD","NexLev 10 in 1 Steam Cleaner & Mop|2 Steam Modes| Mopping & Deep Cleaning Home Car Sofa Bathroom Kitchen & Office |For All Surfaces|350ML|Chemical Free Cleaning | Detachable & Foldable|SC-04","1","BLR8","SELLABLE","SWITCHEROO","LPNBLR8Z5351500",
"2026-03-17T05:27:45+00:00","403-6574030-8045902","FBA79349","B0D9KDQCCM","X00230EXN3","nexlev Portable Sewing Machine| 2 Speed Settings| Cordless| Battery operated| USB Type C cord for Plug-in| Quick Fix DIY |Portable & Compact| for all Fabrics| 1 Year Warranty| STITCH & STYLE SW-01","1","DEL5","DEFECTIVE","NOT_COMPATIBLE","LPNDEL5S13076889","Do not work with charging"
"2026-03-17T05:05:35+00:00","171-3956984-9810745","FBA79280","B0D845B2DG","X0022J93DP","nexlev Rechargeable Lint Remover | For Woollen Sweaters Shirts Coat Curtains & Carpets | Rue & Burr Remover | 180 Min Use | TypeC | SS Blade | 2000mAh | 3 Speed Modes | Safety Lock | LR-02","1","BOM7","SELLABLE","UNDELIVERABLE_UNKNOWN","LPNBOM7D19476483",
"2026-03-17T05:05:23+00:00","406-9557333-0573161","FBA78981","B0CDPP45BM","X001U1K281","NexLev Steam Cleaner | For Complete Home Kitchen Bathroom Car Sofa & Office Cleaning Machine | 9 Accessories |300 ML | Window Pane, Sink, Chimney Grease, Water Stain Cleaner| 4 Mtr Cord | 1000W |SC-01","1","PNQ3","CUSTOMER_DAMAGED","DEFECTIVE","LPNPNQ3A4779574",
"2026-03-17T04:58:55+00:00","403-8074498-0461919","FBA79590","B0DM6BB3VT","X00263BT43","nexlev Calf Massager | Daily Use Leg Massager for Sore Muscle |1 Piece | Hand Like Massage with Air Compression | Improve Blood Circulation & Relieve Pain | 2500 mAh | Large Belt | Type C |CFM-01","1","HYD8","SELLABLE","UNDELIVERABLE_REFUSED","LPNHYD8EC69129",
"2026-03-17T04:45:40+00:00","404-7689198-4514713","FBA79489","B0DFD123P5","X00243S2SB","Nexlev MultiPurpose Electric Food Kettle|1.5 L Ceramic Pot | 600W| Boil, Steam, Fry, Saute| Double Layered Body| 2 Temperature Settings| Multi Cooker for Water, Egg, Tea, Soup, Noodles, Rice| KE-02","1","CCX1","CUSTOMER_DAMAGED","DEFECTIVE","LPNCCX1A7651563",
"2026-03-17T04:42:19+00:00","408-9343821-2702744","FBA79652","B0F43P6D23","X002A07CLV","NexLev Steam Cleaner | Complete Home Kitchen Floor Bathroom Car & Office Cleaning machine | 9 Accessories | 450 ML | Window Pane Sink Grime Chimney Grease Water Stain Cleaner| 4 M Cord |1050W |SC-05","1","CCX1","CARRIER_DAMAGED","UNDELIVERABLE_UNKNOWN","LPNCCX1B3610184",
"2026-03-17T04:17:52+00:00","405-2298693-8293922","FBA79493","B0DQCWRG3H","X00272C0EV","nexlev Ionic 3 In 1 Hot Air Brush|1.5 Inch Barrel|Volumizer Blow Dry & Style|Ceramic Tourmaline Coated For Heat Protection|1200 Watts|Dual Bristle For Tangle Free Styling|Salon Like Soft Curl|V-03","1","AMD2","SELLABLE","UNDELIVERABLE_REFUSED","LPNAMD2M3053061",
"2026-03-17T04:17:36+00:00","405-6200291-4209936","FBA79567","B0DNJS23HS","X0026FJYJD","NexLev 10 in 1 Steam Cleaner & Mop|2 Steam Modes| Mopping & Deep Cleaning Home Car Sofa Bathroom Kitchen & Office |For All Surfaces|350ML|Chemical Free Cleaning | Detachable & Foldable|SC-04","1","BLR8","SELLABLE","UNDELIVERABLE_REFUSED","LPNBLR8Z5228895",
"2026-03-17T04:12:53+00:00","171-7064960-4402716","FBA79406","B0DCK3N2JJ","X0023L3KG3","NexLev Ionic Cordless Hair Straightener Brush | 60min Runtime | upto 200° Heating | Portable & Type C Rechargeable | Keratin Bristles |Straight, Frizz Free & Shiny Hair | Compact Comb Design | HSB-04","1","BLR8","SELLABLE","DEFECTIVE","LPNBLR8Z5238147",
"2026-03-17T04:10:42+00:00","404-4298416-5798711","FBA78981","B0CDPP45BM","X001U1K281","NexLev Steam Cleaner | For Complete Home Kitchen Bathroom Car Sofa & Office Cleaning Machine | 9 Accessories |300 ML | Window Pane, Sink, Chimney Grease, Water Stain Cleaner| 4 Mtr Cord | 1000W |SC-01","1","BOM7","SELLABLE","UNDELIVERABLE_REFUSED","LPNBOM7D19516240",
"2026-03-17T03:25:47+00:00","408-3626841-7681927","FBA79349","B0D9KDQCCM","X00230EXN3","nexlev Portable Sewing Machine| 2 Speed Settings| Cordless| Battery operated| USB Type C cord for Plug-in| Quick Fix DIY |Portable & Compact| for all Fabrics| 1 Year Warranty| STITCH & STYLE SW-01","1","BLR8","CUSTOMER_DAMAGED","NOT_COMPATIBLE","LPNBLR8Z5238085",
"2026-03-17T03:22:18+00:00","402-8190886-2961953","FBA79493","B0DQCWRG3H","X00272C0EV","nexlev Ionic 3 In 1 Hot Air Brush|1.5 Inch Barrel|Volumizer Blow Dry & Style|Ceramic Tourmaline Coated For Heat Protection|1200 Watts|Dual Bristle For Tangle Free Styling|Salon Like Soft Curl|V-03","1","BOM5","SELLABLE","UNDELIVERABLE_REFUSED","LPNBOM5F4571456",
"2026-03-17T03:21:17+00:00","404-3397520-4017907","FBA79489","B0DFD123P5","X00243S2SB","Nexlev MultiPurpose Electric Food Kettle|1.5 L Ceramic Pot | 600W| Boil, Steam, Fry, Saute| Double Layered Body| 2 Temperature Settings| Multi Cooker for Water, Egg, Tea, Soup, Noodles, Rice| KE-02","1","BOM5","SELLABLE","NEVER_ARRIVED","LPNBOM5F4571455",
"2026-03-17T03:17:16+00:00","405-9658020-2641909","FBA79493","B0DQCWRG3H","X00272C0EV","nexlev Ionic 3 In 1 Hot Air Brush|1.5 Inch Barrel|Volumizer Blow Dry & Style|Ceramic Tourmaline Coated For Heat Protection|1200 Watts|Dual Bristle For Tangle Free Styling|Salon Like Soft Curl|V-03","1","HYD8","SELLABLE","UNDELIVERABLE_REFUSED","LPNHYD8EC84349",
"2026-03-16T17:49:01+00:00","403-2566163-9904365","FBA79489","B0DFD123P5","X00243S2SB","Nexlev MultiPurpose Electric Food Kettle|1.5 L Ceramic Pot | 600W| Boil, Steam, Fry, Saute| Double Layered Body| 2 Temperature Settings| Multi Cooker for Water, Egg, Tea, Soup, Noodles, Rice| KE-02","1","BLR8","SELLABLE","UNDELIVERABLE_REFUSED","LPNBLR8Z5258195",
"2026-03-16T12:24:48+00:00","408-6558964-9591548","FBA79676","B0DV91JGF1","X00286CS93","NexLev Orthopaedic Heat and Massage Belt | Massager for Lower Back Shoulder Cramps and Neck Pain Relief | 3 massage Modes | 2 intensities | Heat for Soothing Sore Muscles | 30 min Auto Shut off |HB-01","1","AMD2","SELLABLE","DEFECTIVE","LPNAMD2M3619701",
"2026-03-16T12:24:05+00:00","404-9050427-0413154","FBA79267","B0D2LD6BYJ","X0020G121B","NexLev 6-in-1 trimmer | Sensitive Bikini Trimmer for Women | Skin Safe with Rounded Tips & Foil Shaver| Hair Removal for Intimate Areas, Face, Arms, Legs & Body | 90 min Runtime |2H Quick Charge |T-02","1","PNQ3","SELLABLE","UNDELIVERABLE_UNKNOWN","LPNPNQ3A4796993",
"2026-03-16T12:12:35+00:00","403-4231549-7890744","FBA79493","B0DQCWRG3H","X00272C0EV","nexlev Ionic 3 In 1 Hot Air Brush|1.5 Inch Barrel|Volumizer Blow Dry & Style|Ceramic Tourmaline Coated For Heat Protection|1200 Watts|Dual Bristle For Tangle Free Styling|Salon Like Soft Curl|V-03","1","CCX1","SELLABLE","UNDELIVERABLE_REFUSED","LPNCCX1A7636681",
"2026-03-16T12:06:28+00:00","407-4104969-8868332","FBK79591","B0F29SZCVF","X0029O6KFH","NexLev Knee Massager for Joint Pain Relief |Controlled Vibration & Heating for Arthritis, Knee, Shoulder or Elbow pain | 15 modes |2 Extension Belt |Graphene Heating pad for Consistent Heating | KM-01","1","BOM5","SELLABLE","UNDELIVERABLE_REFUSED","LPNBOM5F4571416",
"2026-03-16T11:56:49+00:00","405-1353545-5773110","FBA79263","B0CYSLCRQS","X001ZOLVQP","NexLev Mattress, Sofa & Carpet Vacuum Cleaner | For Dust Mites, Allergens & Pet Hair | 4 Step Cleansing with Double Beat, UV Light, Dehumidification & Vacuum | HEPA captures 99.99% Dust|MR-01","1","AMD2","CARRIER_DAMAGED","UNDELIVERABLE_REFUSED","LPNAMD2M3619676",
"2026-03-16T11:55:05+00:00","171-0112107-6241975","FBA79464","B0DFCDKMWR","X002432A75","nexlev Cordless Electric Heating Pad| Period Cramp & Back Pain Relief Massager | 9 modes| Menstrual Cramp Relief|Type C| Crampfree Periods | Portable | Gift for Women| Strap upto 40 Inch |Blue CM-01","1","PNQ3","SELLABLE","UNDELIVERABLE_REFUSED","LPNPNQ3A4741617",
"2026-03-16T10:21:18+00:00","406-8080886-2798703","FBA79681","B0DVC968P1","X002875WQX","NexLev Cool Mist Humidifier | 3.5L| For Office, Indoor Plants, Baby Nursery | Quiet Operation | Works 44Hrs on Low Setting | 360° Nozzle | Auto Shut-Off | Adjustable Knob | Leak Proof | HU-01","1","LKO1","CARRIER_DAMAGED","UNDELIVERABLE_REFUSED","LPNLKO1B1475419",
"2026-03-16T10:09:24+00:00","403-7995631-7368361","FBA79484","B0DNJF1BLS","X0026FKSUH","NexLev Drip Coffee Maker |Filter Coffee for Home & Office | 4-6 Cups | Warming Plate|Borosilicate Carafe | Reusable & Washable Filter | Anti Drip | 750 ml | Cone Filter | Water Level Indicator |CF-01","1","BLR8","CARRIER_DAMAGED","UNDELIVERABLE_REFUSED","LPNBLR8Z6237169",
"2026-03-16T10:01:50+00:00","404-0582227-2019522","FBA79493","B0DQCWRG3H","X00272C0EV","nexlev Ionic 3 In 1 Hot Air Brush|1.5 Inch Barrel|Volumizer Blow Dry & Style|Ceramic Tourmaline Coated For Heat Protection|1200 Watts|Dual Bristle For Tangle Free Styling|Salon Like Soft Curl|V-03","1","MAA4","SELLABLE","UNDELIVERABLE_REFUSED","LPNMAA4Z0031259",
"2026-03-16T09:58:35+00:00","171-3471316-4039560","FBA79374","B0D2P7WLJB","X0020GXQNX","NexLev Smart Electric Toothbrush for Adults |2-Min Timer with Quadpacer |2 Replaceable Heads | AAA Battery |3 Modes (Daily, Normal & Sesitive) |Upto 60 Days | Travel Case | Soft Bristles |ET-02 Green","1","AMD2","SELLABLE","UNDELIVERABLE_REFUSED","LPNAMD2M3391212",
"2026-03-16T09:35:56+00:00","171-0056531-0278732","FBA79652","B0F43P6D23","X002A07CLV","nexlev Steam Cleaner | Complete Home Kitchen Floor Bathroom Car & Office Cleaning machine | 9 Accessories | 450 ML | Window Pane Sink Grime Chimney Grease Water Stain Cleaner| 4 M Cord |1050W |SC-05","1","CJB1","CUSTOMER_DAMAGED","DEFECTIVE","LPNCJB1Y913637",
"2026-03-16T09:04:13+00:00","408-5760344-2775542","FBA79268","B0D383WQPB","X0020OHLDV","NexLev Foldable Garment Steamer for Home & Travel | Convenient Vertical Steaming | 1200W | 120 ml | Lightweight & Compact | 30s Fast Heating | Iron for all Cloth Types | 2 M cord | Anti Spill | GS-05","1","CJB1","CUSTOMER_DAMAGED","DEFECTIVE","LPNCJB1Y608137",
"2026-03-16T08:24:50+00:00","406-1478137-3902751","FBA79681","B0DVC968P1","X002875WQX","NexLev Cool Mist Humidifier | 3.5L| For Office, Indoor Plants, Baby Nursery | Quiet Operation | Works 44Hrs on Low Setting | 360° Nozzle | Auto Shut-Off | Adjustable Knob | Leak Proof | HU-01","1","LKO1","CARRIER_DAMAGED","DEFECTIVE","LPNLKO1B1372498",
"2026-03-16T08:21:51+00:00","408-4743325-9357912","FBP79350","B0D67727VG","X0024F173L","NexLev LED Therapy Oil Applicator | Reduce Dandruff | Improve Hair Growth | EMS for Scalp Improvement | Red & Blue Light | High Frequency Massage for Better Absorption | 10 ML | Waterproof | EA-01","1","BLR8","SELLABLE","UNDELIVERABLE_UNKNOWN","LPNBLR8Z5244305",
"2026-03-16T08:00:00+00:00","171-9568068-8247526","FBA78980","B0CDPMX152","X001U1DYK9","NexLev Handheld Garment Steamer | 1500 Watts | 300 ML| Standing & Horizontal Iron Press | Damage Free Steaming for all Cloth Types | 25s Quick Heat |Upto 5 Clothes in One Fill | Travel Friendly |GS-02","1","MAA4","DEFECTIVE","DEFECTIVE","LPNMAA4Z1929356","damaged accessory"
"2026-03-16T07:25:11+00:00","406-6100247-3273158","FBA79439","B0DCK7ZH5P","X0023KW3JJ","NexLev Mattress, Sofa, Carpet & Car Seat Vacuum Cleaner|For Dust Mites Allergens & Pet Hair|Cordless Design|1500*3 mAh |UV Sterilization, Double Beat Technology|Type C| HEPA captures 99.99% Dust|MR-02","1","AMD2","CUSTOMER_DAMAGED","MISORDERED","LPNAMD2M3646589",
"2026-03-16T07:22:53+00:00","404-2717341-0079551","FBA79279","B0D8445KJN","X0022J52E9","NexLev Rechargeable Lint Remover | for Woollen Sweaters Pill, Rue & Burr Remover | 60min Use Time | Type C |Defuzzer | Lint Brush for Coat | 2 Modes | SS Blade | Safety Lock | LR-01","1","DED4","SELLABLE","UNDELIVERABLE_REFUSED","LPNDED4A1824967",
"2026-03-16T07:08:45+00:00","407-6565673-9859500","FBA79773","B0F74DJYG6","X002D418NH","nexlev Replacement HEPA Filter | Compatible 2 in 1 Handheld & Stick Vacuum Cleaner VC-01 | Captures 99.97% Dust & Allergens | Washable & Durable Filter Maintain","1","CCX1","SELLABLE","UNDELIVERABLE_REFUSED","LPNCCX1B1674435",
"2026-03-16T07:05:50+00:00","404-2624380-5550744","FBA79268","B0D383WQPB","X0020OHLDV","NexLev Foldable Garment Steamer for Home & Travel | Convenient Vertical Steaming | 1200W | 120 ml | Lightweight & Compact | 30s Fast Heating | Iron for all Cloth Types | 2 M cord | Anti Spill | GS-05","1","BLR8","SELLABLE","UNDELIVERABLE_REFUSED","LPNBLR8Z5237465",
"2026-03-16T07:03:28+00:00","408-0114972-0789129","FBA79263","B0CYSLCRQS","X001ZOLVQP","NexLev Mattress, Sofa & Carpet Vacuum Cleaner | For Dust Mites, Allergens & Pet Hair | 4 Step Cleansing with Double Beat, UV Light, Dehumidification & Vacuum | HEPA captures 99.99% Dust|MR-01","1","BOM7","SELLABLE","UNDELIVERABLE_REFUSED","LPNBOM7D19552164",
"2026-03-16T06:08:52+00:00","406-7485112-1898741","FBA78980","B0CDPMX152","X001U1DYK9","NexLev Handheld Garment Steamer | 1500 Watts | 300 ML| Standing & Horizontal Iron Press | Damage Free Steaming for all Cloth Types | 25s Quick Heat |Upto 5 Clothes in One Fill | Travel Friendly |GS-02","1","BOM7","SELLABLE","DEFECTIVE","LPNBOM7D19560953","Used product recived"
"2026-03-16T05:08:02+00:00","407-2322007-0256366","FBA79652","B0F43P6D23","X002A07CLV","nexlev Steam Cleaner | Complete Home Kitchen Floor Bathroom Car & Office Cleaning machine | 9 Accessories | 450 ML | Window Pane Sink Grime Chimney Grease Water Stain Cleaner| 4 M Cord |1050W |SC-05","1","MAA4","CUSTOMER_DAMAGED","DEFECTIVE","LPNMAA4Z2097144",
"2026-03-16T04:21:44+00:00","406-6299928-9667545","FBA79263","B0CYSLCRQS","X001ZOLVQP","NexLev Mattress, Sofa & Carpet Vacuum Cleaner | For Dust Mites, Allergens & Pet Hair | 4 Step Cleansing with Double Beat, UV Light, Dehumidification & Vacuum | HEPA captures 99.99% Dust|MR-01","1","BOM7","SELLABLE","DEFECTIVE","LPNBOM7D19509659",
"2026-03-16T04:06:17+00:00","408-9443666-3211501","FBA79484","B0DNJF1BLS","X0026FKSUH","NexLev Drip Coffee Maker |Filter Coffee for Home & Office | 4-6 Cups | Warming Plate|Borosilicate Carafe | Reusable & Washable Filter | Anti Drip | 750 ml | Cone Filter | Water Level Indicator |CF-01","1","CJB1","CUSTOMER_DAMAGED","DAMAGED_BY_CARRIER","LPNCJB1Y607912",
"2026-03-16T03:34:44+00:00","407-0307869-2349152","FBA79349","B0D9KDQCCM","X00230EXN3","nexlev Portable Sewing Machine| 2 Speed Settings| Cordless| Battery operated| USB Type C cord for Plug-in| Quick Fix DIY |Portable & Compact| for all Fabrics| 1 Year Warranty| STITCH & STYLE SW-01","1","HYD8","DEFECTIVE","NOT_COMPATIBLE","LPNHYD8EC59181","uncomfortable"
"2026-03-15T20:28:50+00:00","403-1615178-3135506","FBA79263","B0CYSLCRQS","X001ZOLVQP","NexLev Mattress, Sofa & Carpet Vacuum Cleaner | For Dust Mites, Allergens & Pet Hair | 4 Step Cleansing with Double Beat, UV Light, Dehumidification & Vacuum | HEPA captures 99.99% Dust|MR-01","1","CCX1","SELLABLE","UNDELIVERABLE_REFUSED","LPNCCX1A7605488",
"2026-03-15T19:02:35+00:00","171-2326005-8692306","FBA79819","B0FT8R24QM","X002F1TU0L","NexLev Portable Cordless Lint Remover | for Woollen, Sweaters, Jackets, Carpets | Fabric Brush | Rue & Burr Remover | Battery Powered Shaver | SS Blade | Safety Lock | LR-03","1","DEL5","SELLABLE","UNDELIVERABLE_REFUSED","LPNDEL5S13141061",
"2026-03-15T14:53:38+00:00","402-2123340-8391516","FBA79489","B0DFD123P5","X00243S2SB","Nexlev MultiPurpose Electric Food Kettle|1.5 L Ceramic Pot | 600W| Boil, Steam, Fry, Saute| Double Layered Body| 2 Temperature Settings| Multi Cooker for Water, Egg, Tea, Soup, Noodles, Rice| KE-02","1","CCX1","CUSTOMER_DAMAGED","QUALITY_UNACCEPTABLE","LPNCCX1B1718433",
"2026-03-15T12:16:12+00:00","171-2649309-2604347","FBA79349","B0D9KDQCCM","X00230EXN3","nexlev Portable Sewing Machine| 2 Speed Settings| Cordless| Battery operated| USB Type C cord for Plug-in| Quick Fix DIY |Portable & Compact| for all Fabrics| 1 Year Warranty| STITCH & STYLE SW-01","1","HYD8","SELLABLE","DEFECTIVE","LPNHYD8EG40664","Not working properly"
"2026-03-15T12:09:46+00:00","408-0765270-2509935","FBA79263","B0CYSLCRQS","X001ZOLVQP","NexLev Mattress, Sofa & Carpet Vacuum Cleaner | For Dust Mites, Allergens & Pet Hair | 4 Step Cleansing with Double Beat, UV Light, Dehumidification & Vacuum | HEPA captures 99.99% Dust|MR-01","1","PNQ3","CARRIER_DAMAGED","DEFECTIVE","LPNPNQ3A4798626",
"2026-03-15T11:30:19+00:00","405-3679067-1195560","FBA79570","B0DKJXRXKM","X0025R19UT","NexLev Blackhead & Whitehead Remover Tool | Rechargeable |1Hr Use| Acne & Pimple Pore Cleaner | 6 Heads | Electric Derma Suction Machine | Hydra Facial Cleanser Device for Face |For Men & Women |BR-01","1","MAA4","SELLABLE","UNDELIVERABLE_REFUSED","LPNMAA4Z1929115",
"2026-03-15T11:17:06+00:00","406-4254221-1203557","FBA79573","B0DKK15YNJ","X0025R5BTT","NexLev Oil Applicator Comb|Red Led Light Therapy |Boost Hair Growth| Reduce Dandruff | Relieve Stress |High Vibration Corded Electric Scalp/Head Massager | 6 ML Oil Tank | 2 Hr Run-Time| Type-C|EA-02","1","CCX1","SELLABLE","UNDELIVERABLE_REFUSED","LPNCCX1A7597248",
"2026-03-15T10:46:54+00:00","402-8666795-8989153","FBA79349","B0D9KDQCCM","X00230EXN3","nexlev Portable Sewing Machine| 2 Speed Settings| Cordless| Battery operated| USB Type C cord for Plug-in| Quick Fix DIY |Portable & Compact| for all Fabrics| 1 Year Warranty| STITCH & STYLE SW-01","1","CCX1","SELLABLE","NOT_COMPATIBLE","LPNCCX1B1698838","The machine doesn’t works for each cloths"
"2026-03-15T10:00:45+00:00","408-6463065-6515500","FBA79652","B0F43P6D23","X002A07CLV","nexlev Steam Cleaner | Complete Home Kitchen Floor Bathroom Car & Office Cleaning machine | 9 Accessories | 450 ML | Window Pane Sink Grime Chimney Grease Water Stain Cleaner| 4 M Cord |1050W |SC-05","1","BLR7","CUSTOMER_DAMAGED","DEFECTIVE","LPNBLR7Y5392035",
"2026-03-15T09:57:52+00:00","408-6533290-0537955","FBA79349","B0D9KDQCCM","X00230EXN3","nexlev Portable Sewing Machine| 2 Speed Settings| Cordless| Battery operated| USB Type C cord for Plug-in| Quick Fix DIY |Portable & Compact| for all Fabrics| 1 Year Warranty| STITCH & STYLE SW-01","1","BLR8","CUSTOMER_DAMAGED","NOT_COMPATIBLE","LPNBLR8Z5246135",
"2026-03-15T09:32:26+00:00","408-7831111-6913919","FBA79570","B0DKJXRXKM","X0025R19UT","NexLev Blackhead & Whitehead Remover Tool | Rechargeable |1Hr Use| Acne & Pimple Pore Cleaner | 6 Heads | Electric Derma Suction Machine | Hydra Facial Cleanser Device for Face |For Men & Women |BR-01","1","DED4","DEFECTIVE","DEFECTIVE","LPNDED4A1824640","Item is used before delivery and moreover water part of machine is not working. (Used and partially not working product received)"
"2026-03-15T08:33:51+00:00","406-2954892-0831508","FBA79573","B0DKK15YNJ","X0025R5BTT","NexLev Oil Applicator Comb|Red Led Light Therapy |Boost Hair Growth| Reduce Dandruff | Relieve Stress |High Vibration Corded Electric Scalp/Head Massager | 6 ML Oil Tank | 2 Hr Run-Time| Type-C|EA-02","1","BLR8","CUSTOMER_DAMAGED","DEFECTIVE","LPNBLR8Z5246087",
"2026-03-15T08:23:37+00:00","405-2262943-8884327","FBA79373","B0D2P5TGWK","X0020H9N9D","nexlev Smart Electric Toothbrush for Adults |2-Min Timer with Quadpacer |2 Replaceable Heads | AAA Battery |3 Modes (Daily, Normal & Sesitive) |Upto 60 Days | Travel Case | Soft Bristles |ET-01 Black","1","BOM5","SELLABLE","UNDELIVERABLE_REFUSED","LPNBOM5F4515330",
"2026-03-15T08:14:16+00:00","408-7902118-5781909","FBA79439","B0DCK7ZH5P","X0023KW3JJ","NexLev Mattress, Sofa, Carpet & Car Seat Vacuum Cleaner|For Dust Mites Allergens & Pet Hair|Cordless Design|1500*3 mAh |UV Sterilization, Double Beat Technology|Type C| HEPA captures 99.99% Dust|MR-02","1","CJB1","CUSTOMER_DAMAGED","MISORDERED","LPNCJB1Y913232",
"2026-03-15T07:38:48+00:00","408-7575905-4231537","FBA79811","B0FSF1N457","X002EUQV41","NexLev Mini Electric Chopper | 3D Stainless Steel Blade | Food Grade Bowl | For Mincing Garlic Ginger Onion Vegetable Meat Nuts | 250 ml | One Touch Operation | MC-01","1","MAA4","SELLABLE","UNDELIVERABLE_REFUSED","LPNMAA4Z1159710",
"2026-03-15T07:21:32+00:00","407-0180033-9650752","FBA79493","B0DQCWRG3H","X00272C0EV","nexlev Ionic 3 In 1 Hot Air Brush|1.5 Inch Barrel|Volumizer Blow Dry & Style|Ceramic Tourmaline Coated For Heat Protection|1200 Watts|Dual Bristle For Tangle Free Styling|Salon Like Soft Curl|V-03","1","AMD2","SELLABLE","UNDELIVERABLE_UNKNOWN","LPNAMD2M3617533",
"2026-03-15T07:04:38+00:00","405-4455717-7001117","FBA79349","B0D9KDQCCM","X00230EXN3","nexlev Portable Sewing Machine| 2 Speed Settings| Cordless| Battery operated| USB Type C cord for Plug-in| Quick Fix DIY |Portable & Compact| for all Fabrics| 1 Year Warranty| STITCH & STYLE SW-01","1","BLR8","SELLABLE","ORDERED_WRONG_ITEM","LPNBLR8Z5233616","Very difficult to operate"
"2026-03-15T06:57:00+00:00","405-5119705-8133907","FBA79590","B0DM6BB3VT","X00263BT43","nexlev Calf Massager | Daily Use Leg Massager for Sore Muscle |1 Piece | Hand Like Massage with Air Compression | Improve Blood Circulation & Relieve Pain | 2500 mAh | Large Belt | Type C |CFM-01","1","HYD8","SELLABLE","UNDELIVERABLE_REFUSED","LPNHYD8EH17883",
"2026-03-15T06:42:21+00:00","405-5710725-5744325","FBA79812","B0FS6TB7CP","X002F7TH85","NexLev Portable Blender for Smoothies Milkshakes Crushing Ice Juices | 6 Leaf Stainless Steel Blade | 3000 mAh Battery | Type C | Mix Fruit Juicer Mini | 450ml | For Kitchen & Travel | PB-01","1","HYD8","SELLABLE","UNDELIVERABLE_REFUSED","LPNHYD8EG05780",
"2026-03-15T06:36:28+00:00","404-0045608-0953918","FBA79493","B0DQCWRG3H","X00272C0EV","nexlev Ionic 3 In 1 Hot Air Brush|1.5 Inch Barrel|Volumizer Blow Dry & Style|Ceramic Tourmaline Coated For Heat Protection|1200 Watts|Dual Bristle For Tangle Free Styling|Salon Like Soft Curl|V-03","1","BLR7","SELLABLE","UNDELIVERABLE_REFUSED","LPNBLR7Y4674478",
"2026-03-15T06:05:26+00:00","403-8989930-9640357","FBA79912","B0FYNKYJFN","X002FV5LIL","NexLev Replacement Accessory Kit for Steam Cleaner SC-05 | Multipurpose Cleaning Attachments for Home, Kitchen, Bathroom & Car","1","BOM5","SELLABLE","UNDELIVERABLE_REFUSED","LPNBOM5F4575781",
"2026-03-15T04:53:47+00:00","408-0719197-8219507","FBA79652","B0F43P6D23","X002A07CLV","nexlev Steam Cleaner | Complete Home Kitchen Floor Bathroom Car & Office Cleaning machine | 9 Accessories | 450 ML | Window Pane Sink Grime Chimney Grease Water Stain Cleaner| 4 M Cord |1050W |SC-05","1","PNQ3","CARRIER_DAMAGED","UNDELIVERABLE_REFUSED","LPNPNQ3A4249838",
"2026-03-15T04:46:19+00:00","405-0224564-9286742","FBA78981","B0CDPP45BM","X001U1K281","NexLev Steam Cleaner | For Complete Home Kitchen Bathroom Car Sofa & Office Cleaning Machine | 9 Accessories |300 ML | Window Pane, Sink, Chimney Grease, Water Stain Cleaner| 4 Mtr Cord | 1000W |SC-01","1","BLR7","SELLABLE","UNDELIVERABLE_REFUSED","LPNBLR7Y4688573",
"2026-03-15T04:38:49+00:00","405-2637688-9323533","FBA79573","B0DKK15YNJ","X0025R5BTT","NexLev Oil Applicator Comb|Red Led Light Therapy |Boost Hair Growth| Reduce Dandruff | Relieve Stress |High Vibration Corded Electric Scalp/Head Massager | 6 ML Oil Tank | 2 Hr Run-Time| Type-C|EA-02","1","PNQ3","CUSTOMER_DAMAGED","QUALITY_UNACCEPTABLE","LPNPNQ3A4766162",
"2026-03-15T04:08:28+00:00","404-3600748-2341108","FBA79567","B0DNJS23HS","X0026FJYJD","NexLev 10 in 1 Steam Cleaner & Mop|2 Steam Modes| Mopping & Deep Cleaning Home Car Sofa Bathroom Kitchen & Office |For All Surfaces|350ML|Chemical Free Cleaning | Detachable & Foldable|SC-04","1","DEL4","CUSTOMER_DAMAGED","QUALITY_UNACCEPTABLE","LPNDEL4AA2278416",
"2026-03-15T04:04:36+00:00","405-0813003-2808343","FBA79268","B0D383WQPB","X0020OHLDV","NexLev Foldable Garment Steamer for Home & Travel | Convenient Vertical Steaming | 1200W | 120 ml | Lightweight & Compact | 30s Fast Heating | Iron for all Cloth Types | 2 M cord | Anti Spill | GS-05","1","DEL5","CUSTOMER_DAMAGED","DEFECTIVE","LPNDEL5S12976271",
"2026-03-15T03:29:16+00:00","404-1577205-0245960","FBA79489","B0DFD123P5","X00243S2SB","Nexlev MultiPurpose Electric Food Kettle|1.5 L Ceramic Pot | 600W| Boil, Steam, Fry, Saute| Double Layered Body| 2 Temperature Settings| Multi Cooker for Water, Egg, Tea, Soup, Noodles, Rice| KE-02","1","BOM5","SELLABLE","UNDELIVERABLE_UNKNOWN","LPNBOM5F4558318",
"2026-03-15T03:04:15+00:00","171-3774777-7934756","FBA79349","B0D9KDQCCM","X00230EXN3","nexlev Portable Sewing Machine| 2 Speed Settings| Cordless| Battery operated| USB Type C cord for Plug-in| Quick Fix DIY |Portable & Compact| for all Fabrics| 1 Year Warranty| STITCH & STYLE SW-01","1","HYD8","DEFECTIVE","MISSING_PARTS","LPNHYD8EG23611","As it mentioned cordless but battery is not available"
"2026-03-14T19:50:31+00:00","171-7174042-4005122","FBA78981","B0CDPP45BM","X001U1K281","NexLev Steam Cleaner | For Complete Home Kitchen Bathroom Car Sofa & Office Cleaning Machine | 9 Accessories |300 ML | Window Pane, Sink, Chimney Grease, Water Stain Cleaner| 4 Mtr Cord | 1000W |SC-01","1","BLR8","SELLABLE","UNDELIVERABLE_UNKNOWN","LPNBLR8Z5245694",
"2026-03-14T17:06:30+00:00","171-0107299-9218731","FBA79373","B0D2P5TGWK","X0020H9N9D","nexlev Smart Electric Toothbrush for Adults |2-Min Timer with Quadpacer |2 Replaceable Heads | AAA Battery |3 Modes (Daily, Normal & Sesitive) |Upto 60 Days | Travel Case | Soft Bristles |ET-01 Black","1","DEL5","SELLABLE","UNDELIVERABLE_REFUSED","LPNDEL5S13143563",
"2026-03-14T15:32:24+00:00","402-1056113-3780356","FBA79489","B0DFD123P5","X00243S2SB","Nexlev MultiPurpose Electric Food Kettle|1.5 L Ceramic Pot | 600W| Boil, Steam, Fry, Saute| Double Layered Body| 2 Temperature Settings| Multi Cooker for Water, Egg, Tea, Soup, Noodles, Rice| KE-02","1","BLR8","SELLABLE","UNDELIVERABLE_UNKNOWN","LPNBLR8Z5245519",
"2026-03-14T12:34:10+00:00","171-1666085-0249158","FBA78980","B0CDPMX152","X001U1DYK9","NexLev Handheld Garment Steamer | 1500 Watts | 300 ML| Standing & Horizontal Iron Press | Damage Free Steaming for all Cloth Types | 25s Quick Heat |Upto 5 Clothes in One Fill | Travel Friendly |GS-02","1","MAA4","CUSTOMER_DAMAGED","NOT_AS_DESCRIBED","LPNMAA4Z1928888",
"2026-03-14T11:57:31+00:00","407-3886595-8728365","FBA78980","B0CDPMX152","X001U1DYK9","NexLev Handheld Garment Steamer | 1500 Watts | 300 ML| Standing & Horizontal Iron Press | Damage Free Steaming for all Cloth Types | 25s Quick Heat |Upto 5 Clothes in One Fill | Travel Friendly |GS-02","1","CCX1","SELLABLE","UNDELIVERABLE_UNKNOWN","LPNCCX1B1693494",
"2026-03-14T11:13:42+00:00","405-4284908-3097149","FBA79349","B0D9KDQCCM","X00230EXN3","nexlev Portable Sewing Machine| 2 Speed Settings| Cordless| Battery operated| USB Type C cord for Plug-in| Quick Fix DIY |Portable & Compact| for all Fabrics| 1 Year Warranty| STITCH & STYLE SW-01","1","DEL5","DEFECTIVE","SWITCHEROO","LPNDEL5S13079797","Product is not working"
"2026-03-14T09:43:41+00:00","402-5201296-1783501","FBP79350","B0D67727VG","X0024F173L","NexLev LED Therapy Oil Applicator | Reduce Dandruff | Improve Hair Growth | EMS for Scalp Improvement | Red & Blue Light | High Frequency Massage for Better Absorption | 10 ML | Waterproof | EA-01","1","BLR8","SELLABLE","DEFECTIVE","LPNBLR8Z5245202","The product is damaged not vibrating properly it will stop the vibration in between when I opened it was heated the charger Cable is used and very dirty it&#39;s already used"
"2026-03-14T09:43:10+00:00","403-9943422-9866745","FBA79819","B0FT8R24QM","X002F1TU0L","NexLev Portable Cordless Lint Remover | for Woollen, Sweaters, Jackets, Carpets | Fabric Brush | Rue & Burr Remover | Battery Powered Shaver | SS Blade | Safety Lock | LR-03","1","AMD2","CUSTOMER_DAMAGED","DEFECTIVE","LPNAMD2M3146384",
"2026-03-14T09:29:05+00:00","408-5999028-0399560","FBA79268","B0D383WQPB","X0020OHLDV","NexLev Foldable Garment Steamer for Home & Travel | Convenient Vertical Steaming | 1200W | 120 ml | Lightweight & Compact | 30s Fast Heating | Iron for all Cloth Types | 2 M cord | Anti Spill | GS-05","1","BOM7","CUSTOMER_DAMAGED","DEFECTIVE","LPNBOM7D19534053",
"2026-03-14T07:52:05+00:00","403-2015286-8258747","FBA79567","B0DNJS23HS","X0026FJYJD","NexLev 10 in 1 Steam Cleaner & Mop|2 Steam Modes| Mopping & Deep Cleaning Home Car Sofa Bathroom Kitchen & Office |For All Surfaces|350ML|Chemical Free Cleaning | Detachable & Foldable|SC-04","1","BOM5","CUSTOMER_DAMAGED","MISORDERED","LPNBOM5F2297942",
"2026-03-14T07:49:37+00:00","403-2132205-6746711","FBA79263","B0CYSLCRQS","X001ZOLVQP","NexLev Mattress, Sofa & Carpet Vacuum Cleaner | For Dust Mites, Allergens & Pet Hair | 4 Step Cleansing with Double Beat, UV Light, Dehumidification & Vacuum | HEPA captures 99.99% Dust|MR-01","1","BLR7","CUSTOMER_DAMAGED","DEFECTIVE","LPNBLR7Y5391562",
"2026-03-14T06:18:30+00:00","408-6520669-2673154","FBA79652","B0F43P6D23","X002A07CLV","nexlev Steam Cleaner | Complete Home Kitchen Floor Bathroom Car & Office Cleaning machine | 9 Accessories | 450 ML | Window Pane Sink Grime Chimney Grease Water Stain Cleaner| 4 M Cord |1050W |SC-05","1","HYD8","DEFECTIVE","MISSING_PARTS","LPNHYD8EG08474","I did not get the pressure nozzle mentioned this is twice i want refund"
"2026-03-14T05:58:14+00:00","402-2760742-3812332","FBA79349","B0D9KDQCCM","X00230EXN3","nexlev Portable Sewing Machine| 2 Speed Settings| Cordless| Battery operated| USB Type C cord for Plug-in| Quick Fix DIY |Portable & Compact| for all Fabrics| 1 Year Warranty| STITCH & STYLE SW-01","1","BLR8","SELLABLE","QUALITY_UNACCEPTABLE","LPNBLR8Z5245015","Quality not good"
"2026-03-14T05:52:13+00:00","407-1038985-0117153","FBA78981","B0CDPP45BM","X001U1K281","NexLev Steam Cleaner | For Complete Home Kitchen Bathroom Car Sofa & Office Cleaning Machine | 9 Accessories |300 ML | Window Pane, Sink, Chimney Grease, Water Stain Cleaner| 4 Mtr Cord | 1000W |SC-01","1","HYD8","SELLABLE","UNDELIVERABLE_REFUSED","LPNHYD8EC64411",
"2026-03-14T04:54:49+00:00","406-2736321-3176362","FBA79439","B0DCK7ZH5P","X0023KW3JJ","NexLev Mattress, Sofa, Carpet & Car Seat Vacuum Cleaner|For Dust Mites Allergens & Pet Hair|Cordless Design|1500*3 mAh |UV Sterilization, Double Beat Technology|Type C| HEPA captures 99.99% Dust|MR-02","1","BLR7","CUSTOMER_DAMAGED","MISORDERED","LPNBLR7Y4970689",
"2026-03-14T04:33:50+00:00","171-4274444-7797944","FBA79263","B0CYSLCRQS","X001ZOLVQP","NexLev Mattress, Sofa & Carpet Vacuum Cleaner | For Dust Mites, Allergens & Pet Hair | 4 Step Cleansing with Double Beat, UV Light, Dehumidification & Vacuum | HEPA captures 99.99% Dust|MR-01","1","BLR7","CUSTOMER_DAMAGED","DEFECTIVE","LPNBLR7Y5414410",
"2026-03-14T04:27:20+00:00","408-8975950-3446728","FBA79271","B0D83Q7L8W","X0022IERCN","NexLev Ionic Hot Air Brush | 3 in 1 Blow Dryer, Straightener & Styler | 360° Airflow Vents | Ceramic Tourmaline Coated Brushing Head | Tangle Free Bristle | 1200W | 3 Speed & 2 Heat Settings|V-01","1","BOM5","SELLABLE","NO_REASON_GIVEN","LPNBOM5F4370868",
"2026-03-14T03:59:07+00:00","406-4572275-9362707","FBA79263","B0CYSLCRQS","X001ZOLVQP","NexLev Mattress, Sofa & Carpet Vacuum Cleaner | For Dust Mites, Allergens & Pet Hair | 4 Step Cleansing with Double Beat, UV Light, Dehumidification & Vacuum | HEPA captures 99.99% Dust|MR-01","1","PNQ3","CARRIER_DAMAGED","DEFECTIVE","LPNPNQ3A4757423",
"2026-03-13T19:18:07+00:00","404-8360929-6552354","FBA79567","B0DNJS23HS","X0026FJYJD","NexLev 10 in 1 Steam Cleaner & Mop|2 Steam Modes| Mopping & Deep Cleaning Home Car Sofa Bathroom Kitchen & Office |For All Surfaces|350ML|Chemical Free Cleaning | Detachable & Foldable|SC-04","1","CCX1","CUSTOMER_DAMAGED","QUALITY_UNACCEPTABLE","LPNCCX1A7659455",
"2026-03-13T12:42:27+00:00","171-4709981-1338709","FBA79373","B0D2P5TGWK","X0020H9N9D","nexlev Smart Electric Toothbrush for Adults |2-Min Timer with Quadpacer |2 Replaceable Heads | AAA Battery |3 Modes (Daily, Normal & Sesitive) |Upto 60 Days | Travel Case | Soft Bristles |ET-01 Black","1","DEL4","SELLABLE","UNDELIVERABLE_REFUSED","LPNDEL4AA0745421",
"2026-03-13T12:33:49+00:00","407-6113086-9980347","FBA79276","B0D2LJSQXZ","X0020G47PT","NexLev Steam Mop | Chemical Free Mopping | Floor Cleaning + Carpet Steaming | 4 Extra Mop Pads | 400 ML | 1300W | Floor Disinfectant | For All Floor Types | 4mtr long Cord | Wet & Dry Mopping | SM-01","1","AMD2","SELLABLE","DEFECTIVE","LPNAMD2M3558724",
"2026-03-13T12:04:51+00:00","405-7969462-5673157","FBA79279","B0D8445KJN","X0022J52E9","nexlev Rechargeable Lint Remover | For Woollen Sweaters Pill, Rue & Burr Remover | 60min Use Time | Type C |Defuzzer | Lint Brush for Coat | 2 Modes | SS Blade | Safety Lock | LR-01","1","CCX1","SELLABLE","UNDELIVERABLE_REFUSED","LPNCCX1B1690216",
"2026-03-13T11:47:14+00:00","171-4290859-0144302","FBA79652","B0F43P6D23","X002A07CLV","nexlev Steam Cleaner | Complete Home Kitchen Floor Bathroom Car & Office Cleaning machine | 9 Accessories | 450 ML | Window Pane Sink Grime Chimney Grease Water Stain Cleaner| 4 M Cord |1050W |SC-05","1","CJB1","CUSTOMER_DAMAGED","SWITCHEROO","LPNCJB1Y865869",
"2026-03-13T11:27:32+00:00","404-0345732-4408329","FBA79352","B0D637B562","X0021MSS93","Nexlev Splash Pet Water Fountain with LED Light | 2.0L Capacity | Ultra Quiet Cat Drinking Fountain with Filter | Automatic Pet Water Fountain for Cats and Small Dogs | Blue (WF-02-BL)","1","BLR7","SELLABLE","DAMAGED_BY_FC","LPNBLR7Y6315839","Damaged"
"2026-03-13T11:17:09+00:00","407-7295587-2612325","FBA79268","B0D383WQPB","X0020OHLDV","NexLev Foldable Garment Steamer for Home & Travel | Convenient Vertical Steaming | 1200W | 120 ml | Lightweight & Compact | 30s Fast Heating | Iron for all Cloth Types | 2 M cord | Anti Spill | GS-05","1","HYD8","SELLABLE","UNDELIVERABLE_REFUSED","LPNHYD8EB90388",
"2026-03-13T10:55:01+00:00","406-1586138-9369151","FBA79268","B0D383WQPB","X0020OHLDV","NexLev Foldable Garment Steamer for Home & Travel | Convenient Vertical Steaming | 1200W | 120 ml | Lightweight & Compact | 30s Fast Heating | Iron for all Cloth Types | 2 M cord | Anti Spill | GS-05","1","CJB1","SELLABLE","DEFECTIVE","LPNCJB1Y909692",
"2026-03-13T10:24:26+00:00","408-1468005-5477125","FBA79652","B0F43P6D23","X002A07CLV","nexlev Steam Cleaner | Complete Home Kitchen Floor Bathroom Car & Office Cleaning machine | 9 Accessories | 450 ML | Window Pane Sink Grime Chimney Grease Water Stain Cleaner| 4 M Cord |1050W |SC-05","1","LKO1","SELLABLE","DEFECTIVE","LPNLKO1B0193846",
"2026-03-13T10:06:15+00:00","405-8438030-8161949","FBA79570","B0DKJXRXKM","X0025R19UT","NexLev Blackhead & Whitehead Remover Tool | Rechargeable |1Hr Use| Acne & Pimple Pore Cleaner | 6 Heads | Electric Derma Suction Machine | Hydra Facial Cleanser Device for Face |For Men & Women |BR-01","1","HYD8","SELLABLE","UNDELIVERABLE_REFUSED","LPNHYD8EB97299",
"2026-03-13T09:53:05+00:00","408-8722044-3507533","FBA79263","B0CYSLCRQS","X001ZOLVQP","NexLev Mattress, Sofa & Carpet Vacuum Cleaner | For Dust Mites, Allergens & Pet Hair | 4 Step Cleansing with Double Beat, UV Light, Dehumidification & Vacuum | HEPA captures 99.99% Dust|MR-01","1","AMD2","SELLABLE","UNDELIVERABLE_REFUSED","LPNAMD2M3606401",
"2026-03-13T08:31:36+00:00","402-5600470-4389102","FBA79349","B0D9KDQCCM","X00230EXN3","nexlev Portable Sewing Machine| 2 Speed Settings| Cordless| Battery operated| USB Type C cord for Plug-in| Quick Fix DIY |Portable & Compact| for all Fabrics| 1 Year Warranty| STITCH & STYLE SW-01","1","CJB1","SELLABLE","UNDELIVERABLE_UNKNOWN","LPNCJB1Y703999",
"2026-03-13T08:09:40+00:00","408-6556665-7111530","FBA79263","B0CYSLCRQS","X001ZOLVQP","NexLev Mattress, Sofa & Carpet Vacuum Cleaner | For Dust Mites, Allergens & Pet Hair | 4 Step Cleansing with Double Beat, UV Light, Dehumidification & Vacuum | HEPA captures 99.99% Dust|MR-01","1","HYD8","CARRIER_DAMAGED","DEFECTIVE","LPNHYD8EG40090",
"2026-03-13T07:02:42+00:00","402-8280689-9840308","FBA79277","B0D672NXC8","X0021NWGBN","Nexlev SWIPE Steam Cleaner | 3.5 Bar Strong Steam|Multipurpose Steam Cleaner for Car, Kitchen, Bathroom, Floor, Window, Glass, Upholstery| 8 Accessories Kit|Safety Lock| Large 700ML Water Tank | SC-03","1","BLR8","CARRIER_DAMAGED","UNDELIVERABLE_REFUSED","LPNBLR8Z5240090",
"2026-03-13T06:30:45+00:00","407-7761163-6149128","FBA79567","B0DNJS23HS","X0026FJYJD","NexLev 10 in 1 Steam Cleaner & Mop|2 Steam Modes| Mopping & Deep Cleaning Home Car Sofa Bathroom Kitchen & Office |For All Surfaces|350ML|Chemical Free Cleaning | Detachable & Foldable|SC-04","1","BLR8","CUSTOMER_DAMAGED","SWITCHEROO","LPNBLR8Z5254085",
"2026-03-13T06:28:25+00:00","406-9311872-7909148","FBA79567","B0DNJS23HS","X0026FJYJD","NexLev 10 in 1 Steam Cleaner & Mop|2 Steam Modes| Mopping & Deep Cleaning Home Car Sofa Bathroom Kitchen & Office |For All Surfaces|350ML|Chemical Free Cleaning | Detachable & Foldable|SC-04","1","BLR8","SELLABLE","SWITCHEROO","LPNBLR8Z5233011",
"2026-03-13T06:24:31+00:00","405-4118429-8982711","FBA79652","B0F43P6D23","X002A07CLV","nexlev Steam Cleaner | Complete Home Kitchen Floor Bathroom Car & Office Cleaning machine | 9 Accessories | 450 ML | Window Pane Sink Grime Chimney Grease Water Stain Cleaner| 4 M Cord |1050W |SC-05","1","HYD8","DEFECTIVE","MISSING_PARTS","LPNHYD8EB87455","I did not get the cloth mentioned in the product so i want refund"
"2026-03-13T06:09:45+00:00","171-6751856-6889148","FBA79349","B0D9KDQCCM","X00230EXN3","nexlev Portable Sewing Machine| 2 Speed Settings| Cordless| Battery operated| USB Type C cord for Plug-in| Quick Fix DIY |Portable & Compact| for all Fabrics| 1 Year Warranty| STITCH & STYLE SW-01","1","BOM5","SELLABLE","QUALITY_UNACCEPTABLE","LPNBOM5F4538175","Its not very efficient"
"2026-03-13T05:40:32+00:00","408-6907855-3981106","FBA79349","B0D9KDQCCM","X00230EXN3","nexlev Portable Sewing Machine| 2 Speed Settings| Cordless| Battery operated| USB Type C cord for Plug-in| Quick Fix DIY |Portable & Compact| for all Fabrics| 1 Year Warranty| STITCH & STYLE SW-01","1","DEL5","CUSTOMER_DAMAGED","ORDERED_WRONG_ITEM","LPNDEL5S13234563",
"2026-03-13T05:22:15+00:00","408-5149863-7140338","FBA79263","B0CYSLCRQS","X001ZOLVQP","NexLev Mattress, Sofa & Carpet Vacuum Cleaner | For Dust Mites, Allergens & Pet Hair | 4 Step Cleansing with Double Beat, UV Light, Dehumidification & Vacuum | HEPA captures 99.99% Dust|MR-01","1","BLR7","CUSTOMER_DAMAGED","DEFECTIVE","LPNBLR7Y4970231",
"2026-03-13T05:17:02+00:00","405-6218747-6741108","FBA78981","B0CDPP45BM","X001U1K281","NexLev Steam Cleaner | For Complete Home Kitchen Bathroom Car Sofa & Office Cleaning Machine | 9 Accessories |300 ML | Window Pane, Sink, Chimney Grease, Water Stain Cleaner| 4 Mtr Cord | 1000W |SC-01","1","BLR7","SELLABLE","UNDELIVERABLE_UNKNOWN","LPNBLR7Y4970224",
"2026-03-13T04:37:37+00:00","405-9910490-8427548","FBP79350","B0D67727VG","X0024F173L","NexLev LED Therapy Oil Applicator | Reduce Dandruff | Improve Hair Growth | EMS for Scalp Improvement | Red & Blue Light | High Frequency Massage for Better Absorption | 10 ML | Waterproof | EA-01","1","CCX1","CUSTOMER_DAMAGED","DEFECTIVE","LPNCCX1B1695956",
"2026-03-13T04:30:52+00:00","405-1260542-9124313","FBA78981","B0CDPP45BM","X001U1K281","NexLev Steam Cleaner | For Complete Home Kitchen Bathroom Car Sofa & Office Cleaning Machine | 9 Accessories |300 ML | Window Pane, Sink, Chimney Grease, Water Stain Cleaner| 4 Mtr Cord | 1000W |SC-01","1","BOM5","SELLABLE","UNDELIVERABLE_REFUSED","LPNBOM5F4523115",
"2026-03-13T04:10:00+00:00","402-9350630-9599563","FBA79819","B0FT8R24QM","X002F1TU0L","NexLev Portable Cordless Lint Remover | for Woollen, Sweaters, Jackets, Carpets | Fabric Brush | Rue & Burr Remover | Battery Powered Shaver | SS Blade | Safety Lock | LR-03","1","HYD8","CUSTOMER_DAMAGED","NOT_AS_DESCRIBED","LPNHYD8EC57809",
"2026-03-13T03:52:01+00:00","408-9560289-3421935","FBA79406","B0DCK3N2JJ","X0023L3KG3","NexLev Ionic Cordless Hair Straightener Brush | 60min Runtime | upto 200° Heating | Portable & Type C Rechargeable | Keratin Bristles |Straight, Frizz Free & Shiny Hair | Compact Comb Design | HSB-04","1","DEL5","SELLABLE","SWITCHEROO","LPNDEL5S13085499","Item is not correct"
"2026-03-13T03:48:03+00:00","405-4777545-8313140","FBA79676","B0DV91JGF1","X00286CS93","NexLev Orthopaedic Heat and Massage Belt | Massager for Lower Back Shoulder Cramps and Neck Pain Relief | 3 massage Modes | 2 intensities | Heat for Soothing Sore Muscles | 30 min Auto Shut off |HB-01","1","BOM5","SELLABLE","DEFECTIVE","LPNBOM5F4534374",
"2026-03-13T03:46:20+00:00","171-2643479-5551538","FBA79489","B0DFD123P5","X00243S2SB","Nexlev MultiPurpose Electric Food Kettle|1.5 L Ceramic Pot | 600W| Boil, Steam, Fry, Saute| Double Layered Body| 2 Temperature Settings| Multi Cooker for Water, Egg, Tea, Soup, Noodles, Rice| KE-02","1","BOM5","SELLABLE","QUALITY_UNACCEPTABLE","LPNBOM5F4576609",
"2026-03-13T03:39:25+00:00","403-4380676-6588367","FBA79268","B0D383WQPB","X0020OHLDV","NexLev Foldable Garment Steamer for Home & Travel | Convenient Vertical Steaming | 1200W | 120 ml | Lightweight & Compact | 30s Fast Heating | Iron for all Cloth Types | 2 M cord | Anti Spill | GS-05","1","BOM5","CUSTOMER_DAMAGED","DAMAGED_BY_CARRIER","LPNBOM5F4579490",
"2026-03-13T03:30:27+00:00","408-9313869-8696325","FBA79406","B0DCK3N2JJ","X0023L3KG3","NexLev Ionic Cordless Hair Straightener Brush | 60min Runtime | upto 200° Heating | Portable & Type C Rechargeable | Keratin Bristles |Straight, Frizz Free & Shiny Hair | Compact Comb Design | HSB-04","1","MAA4","SELLABLE","UNDELIVERABLE_REFUSED","LPNMAA4Z1964214",
"2026-03-13T03:18:45+00:00","405-5408286-3724310","FBA79652","B0F43P6D23","X002A07CLV","NexLev Steam Cleaner | Complete Home Kitchen Floor Bathroom Car & Office Cleaning machine | 9 Accessories | 450 ML | Window Pane Sink Grime Chimney Grease Water Stain Cleaner| 4 M Cord |1050W |SC-05","1","DEL5","CUSTOMER_DAMAGED","DEFECTIVE","LPNDEL5S13078504",
"2026-03-12T12:07:26+00:00","406-8911201-5441160","FBA79707","B0FJ1ZB4G9","X002D6JZQH","Nexlev Rechargeable Electric Toothbrush| 120 Days Life | 35K strokes/min| Type C| 5 Modes for Daily Use| 2 Min timer with 30sec Quadpacer | 4 Brushheads| IPX7 Waterproof| For Men & Women | ETC-08 Blue","1","BOM5","SELLABLE","UNDELIVERABLE_UNKNOWN","LPNBOM5F4684931",
"2026-03-12T09:36:12+00:00","408-4967431-3704358","FBA79488","B0DFCG2VGS","X002435QZX","Nexlev Multi Purpose Electric Food Kettle|1.8L Stainless Steel Pot| 600W|Boil, Steam, Fry, Saute| Double Layered Body|2 Heat Settings|Multi Function for Water, Milk, Egg, Soup, Noodles|KE-01","1","BOM5","SELLABLE","SWITCHEROO","LPNBOM5F4576400","Size is very small"
"2026-03-12T09:12:44+00:00","408-8394923-5470725","FBA79488","B0DFCG2VGS","X002435QZX","Nexlev Multi Purpose Electric Food Kettle|1.8L Stainless Steel Pot| 600W|Boil, Steam, Fry, Saute| Double Layered Body|2 Heat Settings|Multi Function for Water, Milk, Egg, Soup, Noodles|KE-01","1","BOM5","SELLABLE","UNDELIVERABLE_REFUSED","LPNBOM5F4576379",
"2026-03-12T08:48:54+00:00","408-1906126-6947529","FBA79567","B0DNJS23HS","X0026FJYJD","NexLev 10 in 1 Steam Cleaner & Mop|2 Steam Modes| Mopping & Deep Cleaning Home Car Sofa Bathroom Kitchen & Office |For All Surfaces|350ML|Chemical Free Cleaning | Detachable & Foldable|SC-04","1","DEL4","CUSTOMER_DAMAGED","MISORDERED","LPNDEL4AA0645813",
"2026-03-12T08:15:03+00:00","408-7049223-7283540","FBA79349","B0D9KDQCCM","X00230EXN3","nexlev Portable Sewing Machine| 2 Speed Settings| Cordless| Battery operated| USB Type C cord for Plug-in| Quick Fix DIY |Portable & Compact| for all Fabrics| 1 Year Warranty| STITCH & STYLE SW-01","1","CCX1","SELLABLE","QUALITY_UNACCEPTABLE","LPNCCX1B1690835","Not good"
"2026-03-12T06:32:23+00:00","171-9710288-9666701","FBA78981","B0CDPP45BM","X001U1K281","NexLev Steam Cleaner | For Complete Home Kitchen Bathroom Car Sofa & Office Cleaning Machine | 9 Accessories |300 ML | Window Pane, Sink, Chimney Grease, Water Stain Cleaner| 4 Mtr Cord | 1000W |SC-01","1","LKO1","SELLABLE","UNDELIVERABLE_UNKNOWN","LPNLKO1B1474066",
"2026-03-12T06:20:03+00:00","171-5828757-3943562","FBA79268","B0D383WQPB","X0020OHLDV","NexLev Foldable Garment Steamer for Home & Travel | Convenient Vertical Steaming | 1200W | 120 ml | Lightweight & Compact | 30s Fast Heating | Iron for all Cloth Types | 2 M cord | Anti Spill | GS-05","1","BOM5","SELLABLE","DAMAGED_BY_FC","LPNBOM5F4585419","This part is broken"
"2026-03-12T06:11:00+00:00","405-3125637-9252347","FBK79271","B0DQ8W1RBV","X00271JY6J","nexlev Ionic Volumizer|3 In 1 Hot Air Brush To Straight Dry & Volumize|1200 Watts|Reduce Frizz|Ceramic Tourmaline Coated Large Barrel|Salon Like Soft Curl At Home|3 Speed & 2 Heat Settings|V-01 RG","1","BLR8","DAMAGED","UNDELIVERABLE_REFUSED","LPNBLR8Z6032956",
"2026-03-12T06:03:10+00:00","403-2495969-4023534","FBA79488","B0DFCG2VGS","X002435QZX","nexlev Multi Purpose Electric Food Kettle|1.8L Stainless Steel Pot| 600W|Boil, Steam, Fry, Saute| Double Layered Body|2 Heat Settings|Multi Function for Water, Milk, Egg, Soup, Noodles|KE-01","1","HYD8","SELLABLE","UNDELIVERABLE_REFUSED","LPNHYD8EG22233",
"2026-03-12T05:28:31+00:00","408-5655519-0804304","FBA79263","B0CYSLCRQS","X001ZOLVQP","NexLev Mattress, Sofa & Carpet Vacuum Cleaner | For Dust Mites, Allergens & Pet Hair | 4 Step Cleansing with Double Beat, UV Light, Dehumidification & Vacuum | HEPA captures 99.99% Dust|MR-01","1","HYD8","CUSTOMER_DAMAGED","DEFECTIVE","LPNHYD8EG07506",
"2026-03-12T04:49:44+00:00","405-0092818-6569118","FBA79567","B0DNJS23HS","X0026FJYJD","NexLev 10 in 1 Steam Cleaner & Mop|2 Steam Modes| Mopping & Deep Cleaning Home Car Sofa Bathroom Kitchen & Office |For All Surfaces|350ML|Chemical Free Cleaning | Detachable & Foldable|SC-04","1","BOM5","CUSTOMER_DAMAGED","NO_REASON_GIVEN","LPNBOM5F4509069",
"2026-03-12T04:28:06+00:00","406-3038031-5107528","FBA78981","B0CDPP45BM","X001U1K281","NexLev Steam Cleaner | For Complete Home Kitchen Bathroom Car Sofa & Office Cleaning Machine | 9 Accessories |300 ML | Window Pane, Sink, Chimney Grease, Water Stain Cleaner| 4 Mtr Cord | 1000W |SC-01","1","BOM5","SELLABLE","DEFECTIVE","LPNBOM5F4539071",
"2026-03-12T03:38:22+00:00","406-8979049-0518701","FBA78981","B0CDPP45BM","X001U1K281","NexLev Steam Cleaner | For Complete Home Kitchen Bathroom Car Sofa & Office Cleaning Machine | 9 Accessories |300 ML | Window Pane, Sink, Chimney Grease, Water Stain Cleaner| 4 Mtr Cord | 1000W |SC-01","1","DEL4","SELLABLE","UNDELIVERABLE_REFUSED","LPNDEL4AA0645735",
"2026-03-12T03:25:44+00:00","406-6453697-0404349","FBA78981","B0CDPP45BM","X001U1K281","NexLev Steam Cleaner | For Complete Home Kitchen Bathroom Car Sofa & Office Cleaning Machine | 9 Accessories |300 ML | Window Pane, Sink, Chimney Grease, Water Stain Cleaner| 4 Mtr Cord | 1000W |SC-01","1","PNQ3","SELLABLE","UNDELIVERABLE_REFUSED","LPNPNQ3A4717279",
"2026-03-12T03:23:33+00:00","402-8777450-7356301","FBA79849","B0FPGDVVCX","X002E6PMZ9","nexlev Calf Massager | Daily Use Leg Massager for Sore Muscle | Hand Like Massage with Air Compression | Improve Blood Circulation & Relieve Pain | 2500 mAh | Large Belt | Type C |CFM-03|Pack of 2","1","LKO1","SELLABLE","UNDELIVERABLE_UNKNOWN","LPNLKO1B0077459",
"2026-03-11T20:02:59+00:00","406-4384043-6195548","FBA79280","B0D845B2DG","X0022J93DP","nexlev Rechargeable Lint Remover | For Woollen Sweaters Shirts Coat Curtains & Carpets | Rue & Burr Remover | 180 Min Use | TypeC | SS Blade | 2000mAh | 3 Speed Modes | Safety Lock | LR-02","1","DEL5","SELLABLE","UNDELIVERABLE_REFUSED","LPNDEL5S13085025",
"2026-03-11T12:05:58+00:00","408-8598710-7921148","FBA79652","B0F43P6D23","X002A07CLV","NexLev Steam Cleaner | Complete Home Kitchen Floor Bathroom Car & Office Cleaning machine | 9 Accessories | 450 ML | Window Pane Sink Grime Chimney Grease Water Stain Cleaner| 4 M Cord |1050W |SC-05","1","PNQ3","CUSTOMER_DAMAGED","DEFECTIVE","LPNPNQ3A4788096",
"2026-03-11T12:01:12+00:00","405-9484094-7692366","FBA79404","B0D9KFZYG8","X00230BF25","NexLev Steamer For Cold & Cough| Face Steam,Inhaler & Vaporizer | Perfect for Facial & Aromatherapy | Nano Ionic Steam | Uv Sterilization | Aroma Diffuser|30 Sec Heating|Avoid Burns & Spillage | FS-01","1","LKO1","SELLABLE","SWITCHEROO","LPNLKO1B0192983","यह आइटम हमारे लिए उपयोगी नहीं है स्टीम लेने के बाद खराश पैदा होती है इसलिए वापस करना होगा"
"2026-03-11T11:57:21+00:00","171-4071287-9376358","FBA79263","B0CYSLCRQS","X001ZOLVQP","NexLev Mattress, Sofa & Carpet Vacuum Cleaner | For Dust Mites, Allergens & Pet Hair | 4 Step Cleansing with Double Beat, UV Light, Dehumidification & Vacuum | HEPA captures 99.99% Dust|MR-01","1","CJB1","SELLABLE","DEFECTIVE","LPNCJB1Y606946",
"2026-03-11T11:34:55+00:00","405-9179776-4353949","FBA79349","B0D9KDQCCM","X00230EXN3","nexlev Portable Sewing Machine| 2 Speed Settings| Cordless| Battery operated| USB Type C cord for Plug-in| Quick Fix DIY |Portable & Compact| for all Fabrics| 1 Year Warranty| STITCH & STYLE SW-01","1","BOM5","SELLABLE","UNDELIVERABLE_REFUSED","LPNBOM5F4671946",
"2026-03-11T10:59:23+00:00","171-8450671-1148360","FBA79493","B0DQCWRG3H","X00272C0EV","nexlev Ionic 3 In 1 Hot Air Brush|1.5 Inch Barrel|Volumizer Blow Dry & Style|Ceramic Tourmaline Coated For Heat Protection|1200 Watts|Dual Bristle For Tangle Free Styling|Salon Like Soft Curl|V-03","1","DEL5","SELLABLE","UNDELIVERABLE_REFUSED","LPNDEL5S13176433",
"2026-03-11T10:06:28+00:00","408-6243005-0881135","FBA79493","B0DQCWRG3H","X00272C0EV","nexlev Ionic 3 In 1 Hot Air Brush|1.5 Inch Barrel|Volumizer Blow Dry & Style|Ceramic Tourmaline Coated For Heat Protection|1200 Watts|Dual Bristle For Tangle Free Styling|Salon Like Soft Curl|V-03","1","HYD8","SELLABLE","UNDELIVERABLE_REFUSED","LPNHYD8EG07272",
"2026-03-11T09:57:07+00:00","407-6638292-0204367","FBA79493","B0DQCWRG3H","X00272C0EV","nexlev Ionic 3 In 1 Hot Air Brush|1.5 Inch Barrel|Volumizer Blow Dry & Style|Ceramic Tourmaline Coated For Heat Protection|1200 Watts|Dual Bristle For Tangle Free Styling|Salon Like Soft Curl|V-03","1","BLR8","CUSTOMER_DAMAGED","SWITCHEROO","LPNBLR8Z6082961",
"2026-03-11T09:04:10+00:00","408-0050187-3856340","FBA79262","B0CYSMBCB8","X001ZOM871","NexLev Steam Cleaner | For Complete Home Kitchen Bathroom Window Car & Office Cleaning | 9 Accessories | 450 ML | Window Pane Sink Grime Chimney Grease Water Stain Cleaner| 4 Meter Cord | 1000W |SC-02","1","DED4","CUSTOMER_DAMAGED","DEFECTIVE","LPNDED4A0518917",
"2026-03-11T07:52:07+00:00","408-3703613-3977915","FBA79570","B0DKJXRXKM","X0025R19UT","NexLev Blackhead & Whitehead Remover Tool | Rechargeable |1Hr Use| Acne & Pimple Pore Cleaner | 6 Heads | Electric Derma Suction Machine | Hydra Facial Cleanser Device for Face |For Men & Women |BR-01","1","BLR7","SELLABLE","UNDELIVERABLE_REFUSED","LPNBLR7Y4969366",
"2026-03-11T07:06:11+00:00","403-5542044-5690736","FBA78981","B0CDPP45BM","X001U1K281","NexLev Steam Cleaner | For Complete Home Kitchen Bathroom Car Sofa & Office Cleaning Machine | 9 Accessories |300 ML | Window Pane, Sink, Chimney Grease, Water Stain Cleaner| 4 Mtr Cord | 1000W |SC-01","1","BLR8","CUSTOMER_DAMAGED","SWITCHEROO","LPNBLR8Z6036749",
"2026-03-11T06:46:49+00:00","408-2868579-7524318","FBA78980","B0CDPMX152","X001U1DYK9","NexLev Handheld Garment Steamer | 1500 Watts | 300 ML| Standing & Horizontal Iron Press | Damage Free Steaming for all Cloth Types | 25s Quick Heat |Upto 5 Clothes in One Fill | Travel Friendly |GS-02","1","AMD2","SELLABLE","DEFECTIVE","LPNAMD2M3536382",
"2026-03-11T06:22:38+00:00","407-2337742-9692332","FBA79681","B0DVC968P1","X002875WQX","NexLev Cool Mist Humidifier | 3.5L| For Office, Indoor Plants, Baby Nursery | Quiet Operation | Works 44Hrs on Low Setting | 360° Nozzle | Auto Shut-Off | Adjustable Knob | Leak Proof | HU-01","1","DED4","SELLABLE","MISSING_PARTS","LPNDED4A0518818",
"2026-03-11T06:19:58+00:00","408-4421520-8541915","FBA79493","B0DQCWRG3H","X00272C0EV","nexlev Ionic 3 In 1 Hot Air Brush|1.5 Inch Barrel|Volumizer Blow Dry & Style|Ceramic Tourmaline Coated For Heat Protection|1200 Watts|Dual Bristle For Tangle Free Styling|Salon Like Soft Curl|V-03","1","BOM5","SELLABLE","DEFECTIVE","LPNBOM5F4320422",
"2026-03-11T05:42:53+00:00","408-4970139-6878744","FBK79271","B0DQ8W1RBV","X00271JY6J","nexlev Ionic Volumizer|3 In 1 Hot Air Brush To Straight Dry & Volumize|1200 Watts|Reduce Frizz|Ceramic Tourmaline Coated Large Barrel|Salon Like Soft Curl At Home|3 Speed & 2 Heat Settings|V-01 RG","1","CJB1","SELLABLE","UNDELIVERABLE_UNKNOWN","LPNCJB1Y865172",
"2026-03-11T05:12:31+00:00","403-1382629-2644353","FBA79812","B0FS6TB7CP","X002F7TH85","NexLev Portable Blender for Smoothies Milkshakes Crushing Ice Juices | 6 Leaf Stainless Steel Blade | 3000 mAh Battery | Type C | Mix Fruit Juicer Mini | 450ml | For Kitchen & Travel | PB-01","1","HYD8","SELLABLE","UNDELIVERABLE_UNKNOWN","LPNHYD8EG32993",
"2026-03-11T05:08:02+00:00","407-9335483-0801128","FBA79263","B0CYSLCRQS","X001ZOLVQP","NexLev Mattress, Sofa & Carpet Vacuum Cleaner | For Dust Mites, Allergens & Pet Hair | 4 Step Cleansing with Double Beat, UV Light, Dehumidification & Vacuum | HEPA captures 99.99% Dust|MR-01","1","MAA4","CARRIER_DAMAGED","DEFECTIVE","LPNMAA4Z2025733",
"2026-03-11T04:57:26+00:00","403-7353704-8730754","FBA79263","B0CYSLCRQS","X001ZOLVQP","NexLev Mattress, Sofa & Carpet Vacuum Cleaner | For Dust Mites, Allergens & Pet Hair | 4 Step Cleansing with Double Beat, UV Light, Dehumidification & Vacuum | HEPA captures 99.99% Dust|MR-01","1","BOM7","SELLABLE","DEFECTIVE","LPNBOM7D18879924",
"2026-03-11T04:57:17+00:00","404-2200663-6169113","FBA79915","B0FYNT1TW7","X002FVAPBT","NexLev Stand Mixer Attachment Set for ST-01 | Includes Dough Hook, Beater & Whisk | Durable Stainless Steel Build | Easy to Attach & Clean | Ideal for Baking, Whipping & Kneading","1","BLR8","CUSTOMER_DAMAGED","DEFECTIVE","LPNBLR8Z6032441",
"2026-03-11T04:56:16+00:00","407-0594846-6142748","FBA79493","B0DQCWRG3H","X00272C0EV","nexlev Ionic 3 In 1 Hot Air Brush|1.5 Inch Barrel|Volumizer Blow Dry & Style|Ceramic Tourmaline Coated For Heat Protection|1200 Watts|Dual Bristle For Tangle Free Styling|Salon Like Soft Curl|V-03","1","MAA4","DEFECTIVE","NOT_AS_DESCRIBED","LPNMAA4Z0328852","Instead of ordering Ikonic professional hair dryer, by mistake i ordered Ionic pro hair dryer"
"2026-03-11T04:43:48+00:00","408-3527467-2210719","FBA79679","B0DVC7VJP1","X002876EAV","NexLev Stand Mixer |5.5L SS Bowl | 1500W |10 Speeds | Pulse Function |Planetary Rotation | Whisk, Beater & Dough Hook|100% Copper Motor | For Roti & Cookie Dough, Cake Making, Whip Cream & more |ST-01","1","BOM7","SELLABLE","UNDELIVERABLE_UNKNOWN","LPNBOM7D19344662",
"2026-03-11T04:20:42+00:00","404-2897364-2683565","FBA79271","B0D83Q7L8W","X0022IERCN","NexLev Ionic Hot Air Brush | 3 in 1 Blow Dryer, Straightener & Styler | 360° Airflow Vents | Ceramic Tourmaline Coated Brushing Head | Tangle Free Bristle | 1200W | 3 Speed & 2 Heat Settings|V-01","1","BOM5","CUSTOMER_DAMAGED","DAMAGED_BY_CARRIER","LPNBOM5F4623787",
"2026-03-11T04:08:44+00:00","406-2244855-0918756","FBA79469","B0DCK4DR1B","X0023L3EMX","Nexlev Skin Lift Device | 7 Color LED | Face & Neck Skin Lifting| 3 Massage Modes| Face Sculpting Tool |Micro-currents to reduce Wrinkles| Hot Compress | Rechargeable| Type-C| 180 Min Use| Glow+ LE-04","1","BOM7","SELLABLE","UNDELIVERABLE_REFUSED","LPNBOM7D18894938",
"2026-03-11T03:37:47+00:00","406-5748733-0151550","FBA79349","B0D9KDQCCM","X00230EXN3","nexlev Portable Sewing Machine| 2 Speed Settings| Cordless| Battery operated| USB Type C cord for Plug-in| Quick Fix DIY |Portable & Compact| for all Fabrics| 1 Year Warranty| STITCH & STYLE SW-01","1","CCX1","CUSTOMER_DAMAGED","MISSING_PARTS","LPNCCX1A9194627",
"2026-03-10T14:19:57+00:00","403-6265945-4801908","FBA79570","B0DKJXRXKM","X0025R19UT","NexLev Blackhead & Whitehead Remover Tool | Rechargeable |1Hr Use| Acne & Pimple Pore Cleaner | 6 Heads | Electric Derma Suction Machine | Hydra Facial Cleanser Device for Face |For Men & Women |BR-01","1","CCX1","SELLABLE","UNDELIVERABLE_REFUSED","LPNCCX1B1712890",
"2026-03-10T11:27:55+00:00","402-1135357-7543561","FBA79570","B0DKJXRXKM","X0025R19UT","NexLev Blackhead & Whitehead Remover Tool | Rechargeable |1Hr Use| Acne & Pimple Pore Cleaner | 6 Heads | Electric Derma Suction Machine | Hydra Facial Cleanser Device for Face |For Men & Women |BR-01","1","DEL4","CUSTOMER_DAMAGED","DEFECTIVE","LPNDEL4AA0694240",
"2026-03-10T10:52:46+00:00","408-1620052-9189922","FBA79263","B0CYSLCRQS","X001ZOLVQP","NexLev Mattress, Sofa & Carpet Vacuum Cleaner | For Dust Mites, Allergens & Pet Hair | 4 Step Cleansing with Double Beat, UV Light, Dehumidification & Vacuum | HEPA captures 99.99% Dust|MR-01","1","PNQ3","SELLABLE","UNDELIVERABLE_UNKNOWN","LPNPNQ3A4793345",
"2026-03-10T10:38:35+00:00","404-2111871-3672362","FBA79811","B0FSF1N457","X002EUQV41","NexLev Mini Electric Chopper | 3D Stainless Steel Blade | Food Grade Bowl | For Mincing Garlic Ginger Onion Vegetable Meat Nuts | 250 ml | One Touch Operation | MC-01","1","BLR8","SELLABLE","DEFECTIVE","LPNBLR8Z6010455",
"2026-03-10T09:29:16+00:00","408-9518097-2069965","FBA79406","B0DCK3N2JJ","X0023L3KG3","NexLev Ionic Cordless Hair Straightener Brush | 60min Runtime | upto 200° Heating | Portable & Type C Rechargeable | Keratin Bristles |Straight, Frizz Free & Shiny Hair | Compact Comb Design | HSB-04","1","BLR8","SELLABLE","DEFECTIVE","LPNBLR8Z5129830",
"2026-03-10T06:52:56+00:00","407-0615706-3864345","FBA79811","B0FSF1N457","X002EUQV41","NexLev Mini Electric Chopper | 3D Stainless Steel Blade | Food Grade Bowl | For Mincing Garlic Ginger Onion Vegetable Meat Nuts | 250 ml | One Touch Operation | MC-01","1","BLR8","CUSTOMER_DAMAGED","DEFECTIVE","LPNBLR8Z5275104",
"2026-03-10T05:44:36+00:00","403-6795842-2674742","FBA79570","B0DKJXRXKM","X0025R19UT","NexLev Blackhead & Whitehead Remover Tool | Rechargeable |1Hr Use| Acne & Pimple Pore Cleaner | 6 Heads | Electric Derma Suction Machine | Hydra Facial Cleanser Device for Face |For Men & Women |BR-01","1","DEL4","SELLABLE","UNDELIVERABLE_UNKNOWN","LPNDEL4AA0846756",
"2026-03-10T05:34:56+00:00","408-5185651-7233165","FBA79590","B0DM6BB3VT","X00263BT43","nexlev Calf Massager | Daily Use Leg Massager for Sore Muscle |1 Piece | Hand Like Massage with Air Compression | Improve Blood Circulation & Relieve Pain | 2500 mAh | Large Belt | Type C |CFM-01","1","BLR7","SELLABLE","UNDELIVERABLE_REFUSED","LPNBLR7Y6310944",
"2026-03-10T05:16:14+00:00","404-2892350-6106735","FBA79812","B0FS6TB7CP","X002F7TH85","NexLev Portable Blender for Smoothies Milkshakes Crushing Ice Juices | 6 Leaf Stainless Steel Blade | 3000 mAh Battery | Type C | Mix Fruit Juicer Mini | 450ml | For Kitchen & Travel | PB-01","1","LKO1","SELLABLE","UNDELIVERABLE_REFUSED","LPNLKO1B0287542",
"2026-03-10T05:10:57+00:00","408-9116581-1869165","FBA79439","B0DCK7ZH5P","X0023KW3JJ","NexLev Mattress, Sofa, Carpet & Car Seat Vacuum Cleaner|For Dust Mites Allergens & Pet Hair|Cordless Design|1500*3 mAh |UV Sterilization, Double Beat Technology|Type C| HEPA captures 99.99% Dust|MR-02","1","AMD2","CARRIER_DAMAGED","UNDELIVERABLE_REFUSED","LPNAMD2M3513059",
"2026-03-10T04:36:46+00:00","408-0461263-6581148","FBA79263","B0CYSLCRQS","X001ZOLVQP","NexLev Mattress, Sofa & Carpet Vacuum Cleaner | For Dust Mites, Allergens & Pet Hair | 4 Step Cleansing with Double Beat, UV Light, Dehumidification & Vacuum | HEPA captures 99.99% Dust|MR-01","1","DED4","CARRIER_DAMAGED","MISSING_PARTS","LPNDED4A0979627",
"2026-03-10T04:20:43+00:00","405-7531622-2948313","FBA79567","B0DNJS23HS","X0026FJYJD","NexLev 10 in 1 Steam Cleaner & Mop|2 Steam Modes| Mopping & Deep Cleaning Home Car Sofa Bathroom Kitchen & Office |For All Surfaces|350ML|Chemical Free Cleaning | Detachable & Foldable|SC-04","1","BOM5","CUSTOMER_DAMAGED","MISSING_PARTS","LPNBOM5F4310640",
"2026-03-10T04:06:26+00:00","408-1800992-2817123","FBA79652","B0F43P6D23","X002A07CLV","nexlev Steam Cleaner | Complete Home Kitchen Floor Bathroom Car & Office Cleaning machine | 9 Accessories | 450 ML | Window Pane Sink Grime Chimney Grease Water Stain Cleaner| 4 M Cord |1050W |SC-05","1","HYD8","CARRIER_DAMAGED","UNDELIVERABLE_REFUSED","LPNHYD8EG12940",
"2026-03-10T03:15:16+00:00","171-9384253-5740359","FBA79590","B0DM6BB3VT","X00263BT43","nexlev Calf Massager | Daily Use Leg Massager for Sore Muscle |1 Piece | Hand Like Massage with Air Compression | Improve Blood Circulation & Relieve Pain | 2500 mAh | Large Belt | Type C |CFM-01","1","BOM5","SELLABLE","UNDELIVERABLE_REFUSED","LPNBOM5F4635909",
"2026-03-09T22:31:52+00:00","404-8696691-3045946","FBA79488","B0DFCG2VGS","X002435QZX","Nexlev Multi Purpose Electric Food Kettle|1.8L Stainless Steel Pot| 600W|Boil, Steam, Fry, Saute| Double Layered Body|2 Heat Settings|Multi Function for Water, Milk, Egg, Soup, Noodles|KE-01","1","BLR8","SELLABLE","SWITCHEROO","LPNBLR8Z6085742","We need bigger items"
"2026-03-09T22:13:50+00:00","404-5071722-4898725","FBA79349","B0D9KDQCCM","X00230EXN3","Nexlev Portable Sewing Machine| 2 Speed Settings| Cordless| Battery operated| USB Type C cord for Plug-in| Quick Fix DIY|Portable & Compact| for all Fabrics| 1 Year Warranty| White","1","BLR8","SELLABLE","ORDERED_WRONG_ITEM","LPNBLR8Z5166135","By mistake order"
"2026-03-09T16:14:46+00:00","404-3044983-2417149","FBA79263","B0CYSLCRQS","X001ZOLVQP","NexLev Mattress, Sofa & Carpet Vacuum Cleaner | For Dust Mites, Allergens & Pet Hair | 4 Step Cleansing with Double Beat, UV Light, Dehumidification & Vacuum | HEPA captures 99.99% Dust|MR-01","1","BLR8","CUSTOMER_DAMAGED","DEFECTIVE","LPNBLR8Z6085540",
"2026-03-09T12:49:47+00:00","171-8492811-0998729","FBA79707","B0FJ1ZB4G9","X002D6JZQH","Nexlev Rechargeable Electric Toothbrush| 120 Days Life | 35K strokes/min| Type C| 5 Modes for Daily Use| 2 Min timer with 30sec Quadpacer | 4 Brushheads| IPX7 Waterproof| For Men & Women | ETC-08 Blue","1","DEL5","SELLABLE","UNDELIVERABLE_REFUSED","LPNDEL5S13084192",
"2026-03-09T10:57:37+00:00","404-2208610-0078749","FBA78980","B0CDPMX152","X001U1DYK9","NexLev Handheld Garment Steamer | 1500 Watts | 300 ML| Standing & Horizontal Iron Press | Damage Free Steaming for all Cloth Types | 25s Quick Heat |Upto 5 Clothes in One Fill | Travel Friendly |GS-02","1","AMD2","CARRIER_DAMAGED","UNDELIVERABLE_REFUSED","LPNAMD2M3487759",
"2026-03-09T10:19:42+00:00","408-1671020-4803548","FBA79439","B0DCK7ZH5P","X0023KW3JJ","NexLev Mattress, Sofa, Carpet & Car Seat Vacuum Cleaner|For Dust Mites Allergens & Pet Hair|Cordless Design|1500*3 mAh |UV Sterilization, Double Beat Technology|Type C| HEPA captures 99.99% Dust|MR-02","1","AMD2","SELLABLE","UNDELIVERABLE_REFUSED","LPNAMD2M3571404",
"2026-03-09T09:59:42+00:00","404-6595872-2497147","FBA79406","B0DCK3N2JJ","X0023L3KG3","NexLev Ionic Cordless Hair Straightener Brush | 60min Runtime | upto 200° Heating | Portable & Type C Rechargeable | Keratin Bristles |Straight, Frizz Free & Shiny Hair | Compact Comb Design | HSB-04","1","BLR8","SELLABLE","DEFECTIVE","LPNBLR8Z6085261",
"2026-03-09T09:14:21+00:00","171-6357172-1831556","FBA79679","B0DVC7VJP1","X002876EAV","NexLev Stand Mixer |5.5L SS Bowl | 1500W |10 Speeds | Pulse Function |Planetary Rotation | Whisk, Beater & Dough Hook|100% Copper Motor | For Roti & Cookie Dough, Cake Making, Whip Cream & more |ST-01","1","BOM7","SELLABLE","UNDELIVERABLE_REFUSED","LPNBOM7D19344085",
"2026-03-09T09:06:45+00:00","404-7513898-3528306","FBA79277","B0D672NXC8","X0021NWGBN","Nexlev SWIPE Steam Cleaner | 3.5 Bar Strong Steam|Multipurpose Steam Cleaner for Car, Kitchen, Bathroom, Floor, Window, Glass, Upholstery| 8 Accessories Kit|Safety Lock| Large 700ML Water Tank | SC-03","1","HYD8","CARRIER_DAMAGED","UNDELIVERABLE_REFUSED","LPNHYD8EG32483",
"2026-03-09T08:33:08+00:00","405-5179065-6843509","FBA79279","B0D8445KJN","X0022J52E9","nexlev Rechargeable Lint Remover | For Woollen Sweaters Pill, Rue & Burr Remover | 60min Use Time | Type C |Defuzzer | Lint Brush for Coat | 2 Modes | SS Blade | Safety Lock | LR-01","1","BOM7","SELLABLE","UNDELIVERABLE_REFUSED","LPNBOM7D18900787",
"2026-03-09T08:17:48+00:00","407-4520736-6888324","FBA78980","B0CDPMX152","X001U1DYK9","NexLev Handheld Garment Steamer | 1500 Watts | 300 ML| Standing & Horizontal Iron Press | Damage Free Steaming for all Cloth Types | 25s Quick Heat |Upto 5 Clothes in One Fill | Travel Friendly |GS-02","1","AMD2","CUSTOMER_DAMAGED","DEFECTIVE","LPNAMD2M3639296",
"2026-03-09T07:21:23+00:00","171-2061411-4983555","FBA79681","B0DVC968P1","X002875WQX","NexLev Cool Mist Humidifier | 3.5L| For Office, Indoor Plants, Baby Nursery | Quiet Operation | Works 44Hrs on Low Setting | 360° Nozzle | Auto Shut-Off | Adjustable Knob | Leak Proof | HU-01","1","LKO1","CARRIER_DAMAGED","DEFECTIVE","LPNLKO1B0303189",
"2026-03-09T06:27:55+00:00","408-1945983-3769931","FBP79350","B0D67727VG","X0024F173L","NexLev LED Therapy Oil Applicator | Reduce Dandruff | Improve Hair Growth | EMS for Scalp Improvement | Red & Blue Light | High Frequency Massage for Better Absorption | 10 ML | Waterproof | EA-01","1","BOM5","SELLABLE","DEFECTIVE","LPNBOM5F4349736",
"2026-03-09T06:20:43+00:00","407-0614499-1751547","FBA78981","B0CDPP45BM","X001U1K281","NexLev Steam Cleaner | For Complete Home Kitchen Bathroom Car Sofa & Office Cleaning Machine | 9 Accessories |300 ML | Window Pane, Sink, Chimney Grease, Water Stain Cleaner| 4 Mtr Cord | 1000W |SC-01","1","HYD8","SELLABLE","UNDELIVERABLE_REFUSED","LPNHYD8EG11653",
"2026-03-09T06:02:51+00:00","171-6570635-4933157","FBA79673","B0FJG5PFGQ","X002D1ARHX","Nexlev Rechargeable Electric Toothbrush| 120 Days Life | 35K strokes/min| Type C| 6 Modes for Daily Use| 2 Min timer with 30sec Quadpacer | 4 Brushheads| IPX7 Waterproof| For Men & Women | ETC-07 White","1","DEL4","SELLABLE","UNDELIVERABLE_REFUSED","LPNDEL4AA0743784",
"2026-03-09T05:01:14+00:00","403-6114998-0955561","FBA79493","B0DQCWRG3H","X00272C0EV","nexlev Ionic 3 In 1 Hot Air Brush|1.5 Inch Barrel|Volumizer Blow Dry & Style|Ceramic Tourmaline Coated For Heat Protection|1200 Watts|Dual Bristle For Tangle Free Styling|Salon Like Soft Curl|V-03","1","DED4","CUSTOMER_DAMAGED","DEFECTIVE","LPNDED4A0670415",
"2026-03-09T04:39:48+00:00","408-6451231-7619504","FBA79489","B0DFD123P5","X00243S2SB","Nexlev MultiPurpose Electric Food Kettle|1.5 L Ceramic Pot | 600W| Boil, Steam, Fry, Saute| Double Layered Body| 2 Temperature Settings| Multi Cooker for Water, Egg, Tea, Soup, Noodles, Rice| KE-02","1","HYD8","CUSTOMER_DAMAGED","DEFECTIVE","LPNHYD8EG06288",
"2026-03-09T04:17:13+00:00","404-6913989-8323516","FBA79652","B0F43P6D23","X002A07CLV","nexlev Steam Cleaner | Complete Home Kitchen Floor Bathroom Car & Office Cleaning machine | 9 Accessories | 450 ML | Window Pane Sink Grime Chimney Grease Water Stain Cleaner| 4 M Cord |1050W |SC-05","1","DED4","CUSTOMER_DAMAGED","DEFECTIVE","LPNDED4A0979132",
"2026-03-09T04:08:07+00:00","408-8629376-5826740","FBA79440","B0DCGHKRXX","X0023JNZFV","NexLev LED Phototherapy comb | Electric Scalp Massager | Red Light for Regrowth | Blue Light for Anti Dandruff | Hairfall Control | Rechargeable TypeC | Targeted Laser Treatment Machine |3 Modes |LE-02","1","AMD2","SELLABLE","UNDELIVERABLE_REFUSED","LPNAMD2M3540873",
"2026-03-09T04:03:20+00:00","405-7618804-9987549","FBA79682","B0DVC8NYY2","X002872SBZ","NexLev Cool Mist Humidifier | 2.2L| For Office, Indoor Plants, Baby Nursery | Quiet Operation | Works 30Hrs on Low Setting | 360° Nozzle | Auto Shut-Off | Adjustable Knob | Leak Proof | HU-02","1","CCX1","SELLABLE","UNDELIVERABLE_UNKNOWN","LPNCCX1A8936660",
"2026-03-09T04:03:20+00:00","405-7618804-9987549","FBA79682","B0DVC8NYY2","X002872SBZ","NexLev Cool Mist Humidifier | 2.2L| For Office, Indoor Plants, Baby Nursery | Quiet Operation | Works 30Hrs on Low Setting | 360° Nozzle | Auto Shut-Off | Adjustable Knob | Leak Proof | HU-02","1","CCX1","SELLABLE","UNDELIVERABLE_UNKNOWN","LPNCCX1A8936659",
"2026-03-09T03:56:12+00:00","405-8942808-5304301","FBA79484","B0DNJF1BLS","X0026FKSUH","NexLev Drip Coffee Maker |Filter Coffee for Home & Office | 4-6 Cups | Warming Plate|Borosilicate Carafe | Reusable & Washable Filter | Anti Drip | 750 ml | Cone Filter | Water Level Indicator |CF-01","1","DEL5","CUSTOMER_DAMAGED","DAMAGED_BY_CARRIER","LPNDEL5S12988856",
"2026-03-09T03:55:48+00:00","402-7943070-7799526","FBA79810","B0FS7T8151","X002EWCVV1","NexLev Rechargeable Milk Frother & Coffee Whisker | 3 Speed | Stainless Steel Dual Spring Tech | Perfect for Coffee Lattes Milk Hot Chocolate Omlete & Cream | Handheld Beater for Foam |MF-01","1","DEL4","SELLABLE","DEFECTIVE","LPNDEL4AA0791230",
"2026-03-09T03:46:47+00:00","171-1139860-8463505","FBP79350","B0D67727VG","X0024F173L","NexLev LED Therapy Oil Applicator | Reduce Dandruff | Improve Hair Growth | EMS for Scalp Improvement | Red & Blue Light | High Frequency Massage for Better Absorption | 10 ML | Waterproof | EA-01","1","BOM5","CUSTOMER_DAMAGED","DEFECTIVE","LPNBOM5F4362465",
"2026-03-09T03:34:20+00:00","404-0878721-1238749","FBA78981","B0CDPP45BM","X001U1K281","NexLev Steam Cleaner | For Complete Home Kitchen Bathroom Car Sofa & Office Cleaning Machine | 9 Accessories |300 ML | Window Pane, Sink, Chimney Grease, Water Stain Cleaner| 4 Mtr Cord | 1000W |SC-01","1","CCX1","SELLABLE","UNDELIVERABLE_REFUSED","LPNCCX1A8996643",
"2026-03-09T03:09:52+00:00","406-4031820-6149948","FBA79812","B0FS6TB7CP","X002F7TH85","NexLev Portable Blender for Smoothies Milkshakes Crushing Ice Juices | 6 Leaf Stainless Steel Blade | 3000 mAh Battery | Type C | Mix Fruit Juicer Mini | 450ml | For Kitchen & Travel | PB-01","1","HYD8","SELLABLE","UNDELIVERABLE_REFUSED","LPNHYD8EG17706",
"2026-03-08T22:14:52+00:00","408-0913658-6181144","FBA79280","B0D845B2DG","X0022J93DP","NexLev Rechargeable Lint Remover | for Woollen Sweaters Shirts Coat Curtains & Carpets | Rue & Burr Remover | 180 Min Use | TypeC | SS Blade | 2000mAh | 3 Speed Modes | Safety Lock | LR-02","1","BLR8","SELLABLE","UNDELIVERABLE_REFUSED","LPNBLR8Z6048283",
"2026-03-08T21:36:07+00:00","404-1924207-0390727","FBA79652","B0F43P6D23","X002A07CLV","nexlev Steam Cleaner | Complete Home Kitchen Floor Bathroom Car & Office Cleaning machine | 9 Accessories | 450 ML | Window Pane Sink Grime Chimney Grease Water Stain Cleaner| 4 M Cord |1050W |SC-05","1","DEL5","CARRIER_DAMAGED","UNDELIVERABLE_REFUSED","LPNDEL5S13038832",
"2026-03-08T17:24:55+00:00","402-1293961-8717151","FBK79271","B0DQ8W1RBV","X00271JY6J","nexlev Ionic Volumizer|3 In 1 Hot Air Brush To Straight Dry & Volumize|1200 Watts|Reduce Frizz|Ceramic Tourmaline Coated Large Barrel|Salon Like Soft Curl At Home|3 Speed & 2 Heat Settings|V-01 RG","1","BLR8","CUSTOMER_DAMAGED","SWITCHEROO","LPNBLR8Z6048082",
"2026-03-08T12:03:12+00:00","406-0091969-0337943","FBA79812","B0FS6TB7CP","X002F7TH85","NexLev Portable Blender for Smoothies Milkshakes Crushing Ice Juices | 6 Leaf Stainless Steel Blade | 3000 mAh Battery | Type C | Mix Fruit Juicer Mini | 450ml | For Kitchen & Travel | PB-01","1","BLR7","SELLABLE","UNDELIVERABLE_REFUSED","LPNBLR7Y5533997",
"2026-03-08T11:57:22+00:00","402-4349767-4480325","FBA79280","B0D845B2DG","X0022J93DP","NexLev Lint Remover | for Woolen Sweaters Shirts Socks Jackets Suede Leggings Curtains & Carpets | Pill, Rue & Burr Remover | 120 Min Use |TypeC | Lint Brush for Coat| SS Blade | Safety Lock | LR-02","1","DEL4","SELLABLE","DEFECTIVE","LPNDEL4AA0743546",
"2026-03-08T10:47:17+00:00","405-7618804-9987549","FBA79682","B0DVC8NYY2","X002872SBZ","NexLev Cool Mist Humidifier | 2.2L| For Office, Indoor Plants, Baby Nursery | Quiet Operation | Works 30Hrs on Low Setting | 360° Nozzle | Auto Shut-Off | Adjustable Knob | Leak Proof | HU-02","1","CCX1","SELLABLE","UNDELIVERABLE_UNKNOWN","LPNCCX1A8974009",
"2026-03-08T10:47:17+00:00","405-7618804-9987549","FBA79682","B0DVC8NYY2","X002872SBZ","NexLev Cool Mist Humidifier | 2.2L| For Office, Indoor Plants, Baby Nursery | Quiet Operation | Works 30Hrs on Low Setting | 360° Nozzle | Auto Shut-Off | Adjustable Knob | Leak Proof | HU-02","1","CCX1","SELLABLE","UNDELIVERABLE_UNKNOWN","LPNCCX1A8974011",
"2026-03-08T10:44:32+00:00","171-5521516-1430723","FBK79271","B0DQ8W1RBV","X00271JY6J","nexlev Ionic Volumizer|3 In 1 Hot Air Brush To Straight Dry & Volumize|1200 Watts|Reduce Frizz|Ceramic Tourmaline Coated Large Barrel|Salon Like Soft Curl At Home|3 Speed & 2 Heat Settings|V-01 RG","1","BOM5","CARRIER_DAMAGED","SWITCHEROO","LPNBOM5F4633493",
"2026-03-08T09:47:35+00:00","408-3145967-6630754","FBA79263","B0CYSLCRQS","X001ZOLVQP","NexLev Mattress, Sofa & Carpet Vacuum Cleaner | For Dust Mites, Allergens & Pet Hair | 4 Step Cleansing with Double Beat, UV Light, Dehumidification & Vacuum | HEPA captures 99.99% Dust|MR-01","1","BLR7","SELLABLE","UNDELIVERABLE_REFUSED","LPNBLR7Y6313754",
"2026-03-08T09:13:34+00:00","408-7304653-1508302","FBA79263","B0CYSLCRQS","X001ZOLVQP","NexLev Mattress, Sofa & Carpet Vacuum Cleaner | For Dust Mites, Allergens & Pet Hair | 4 Step Cleansing with Double Beat, UV Light, Dehumidification & Vacuum | HEPA captures 99.99% Dust|MR-01","1","CJB1","SELLABLE","UNDELIVERABLE_REFUSED","LPNCJB1Y900792",
"2026-03-08T08:58:13+00:00","171-0471017-3798756","FBA79679","B0DVC7VJP1","X002876EAV","NexLev Stand Mixer |5.5L SS Bowl | 1500W |10 Speeds | Pulse Function |Planetary Rotation | Whisk, Beater & Dough Hook|100% Copper Motor | For Roti & Cookie Dough, Cake Making, Whip Cream & more |ST-01","1","BLR7","SELLABLE","UNDELIVERABLE_REFUSED","LPNBLR7Y5533900",
"2026-03-08T08:54:23+00:00","407-4843004-4009919","FBA79452","B0DCGHVN81","X0023JV0A3","NexLev 2 in 1 Handheld & Stick Vacuum Cleaner | 17500 PA Suction | Dry Vacuuming for Home & Office | Washable HEPA Filter | 4 Adjustable Heads | Bagless| Deep Cleaning for Sofa Bed Window & more|VC-01","1","DEL4","CARRIER_DAMAGED","UNDELIVERABLE_REFUSED","LPNDEL4AA0690581",
"2026-03-08T08:20:45+00:00","403-3166460-4594732","FBA78981","B0CDPP45BM","X001U1K281","NexLev Steam Cleaner | For Complete Home Kitchen Bathroom Car Sofa & Office Cleaning Machine | 9 Accessories |300 ML | Window Pane, Sink, Chimney Grease, Water Stain Cleaner| 4 Mtr Cord | 1000W |SC-01","1","BLR7","SELLABLE","UNDELIVERABLE_UNKNOWN","LPNBLR7Y5511299",
"2026-03-08T06:16:58+00:00","408-5420818-3502750","FBA79263","B0CYSLCRQS","X001ZOLVQP","NexLev Mattress, Sofa & Carpet Vacuum Cleaner | For Dust Mites, Allergens & Pet Hair | 4 Step Cleansing with Double Beat, UV Light, Dehumidification & Vacuum | HEPA captures 99.99% Dust|MR-01","1","BOM7","SELLABLE","DEFECTIVE","LPNBOM7D18900443",
"2026-03-08T06:13:43+00:00","408-8434055-2015508","FBA78980","B0CDPMX152","X001U1DYK9","NexLev Handheld Garment Steamer | 1500 Watts | 300 ML| Standing & Horizontal Iron Press | Damage Free Steaming for all Cloth Types | 25s Quick Heat |Upto 5 Clothes in One Fill | Travel Friendly |GS-02","1","BOM7","CUSTOMER_DAMAGED","DAMAGED_BY_FC","LPNBOM7D18914254",
"2026-03-08T06:11:46+00:00","408-6854776-4853907","FBA79406","B0DCK3N2JJ","X0023L3KG3","NexLev Ionic Cordless Hair Straightener Brush | 60min Runtime | upto 200° Heating | Portable & Type C Rechargeable | Keratin Bristles |Straight, Frizz Free & Shiny Hair | Compact Comb Design | HSB-04","1","BLR8","CUSTOMER_DAMAGED","DEFECTIVE","LPNBLR8Z5135806",
"2026-03-08T05:51:53+00:00","408-4333550-3058715","FBA79263","B0CYSLCRQS","X001ZOLVQP","NexLev Mattress, Sofa & Carpet Vacuum Cleaner | For Dust Mites, Allergens & Pet Hair | 4 Step Cleansing with Double Beat, UV Light, Dehumidification & Vacuum | HEPA captures 99.99% Dust|MR-01","1","BLR7","CARRIER_DAMAGED","NOT_AS_DESCRIBED","LPNBLR7Y6344172",
"2026-03-08T05:16:44+00:00","406-9885771-4902758","FBA79652","B0F43P6D23","X002A07CLV","NexLev Steam Cleaner | Complete Home Kitchen Floor Bathroom Car & Office Cleaning machine | 9 Accessories | 450 ML | Window Pane Sink Grime Chimney Grease Water Stain Cleaner| 4 M Cord |1050W |SC-05","1","BOM5","SELLABLE","UNDELIVERABLE_UNKNOWN","LPNBOM5F4310136",
"2026-03-08T04:53:57+00:00","402-4778821-1277153","FBA79373","B0D2P5TGWK","X0020H9N9D","nexlev Smart Electric Toothbrush for Adults |2-Min Timer with Quadpacer |2 Replaceable Heads | AAA Battery |3 Modes (Daily, Normal & Sesitive) |Upto 60 Days | Travel Case | Soft Bristles |ET-01 Black","1","BLR8","SELLABLE","UNDELIVERABLE_REFUSED","LPNBLR8Z6056749",
"2026-03-08T04:53:57+00:00","402-4778821-1277153","FBA79373","B0D2P5TGWK","X0020H9N9D","nexlev Smart Electric Toothbrush for Adults |2-Min Timer with Quadpacer |2 Replaceable Heads | AAA Battery |3 Modes (Daily, Normal & Sesitive) |Upto 60 Days | Travel Case | Soft Bristles |ET-01 Black","1","BLR8","SELLABLE","UNDELIVERABLE_REFUSED","LPNBLR8Z6056748",
"2026-03-08T03:46:46+00:00","171-9293494-1224368","FBA79263","B0CYSLCRQS","X001ZOLVQP","NexLev Mattress, Sofa & Carpet Vacuum Cleaner | For Dust Mites, Allergens & Pet Hair | 4 Step Cleansing with Double Beat, UV Light, Dehumidification & Vacuum | HEPA captures 99.99% Dust|MR-01","1","DED4","CARRIER_DAMAGED","MISSING_PARTS","LPNDED4A1661461",
"2026-03-07T18:04:18+00:00","408-7753415-1437917","FBA78981","B0CDPP45BM","X001U1K281","NexLev Steam Cleaner | For Complete Home Kitchen Bathroom Car Sofa & Office Cleaning Machine | 9 Accessories |300 ML | Window Pane, Sink, Chimney Grease, Water Stain Cleaner| 4 Mtr Cord | 1000W |SC-01","1","BLR8","SELLABLE","SWITCHEROO","LPNBLR8Z6047740",
"2026-03-07T12:36:12+00:00","402-5159257-4099505","FBA79707","B0FJ1ZB4G9","X002D6JZQH","Nexlev Rechargeable Electric Toothbrush| 120 Days Life | 35K strokes/min| Type C| 5 Modes for Daily Use| 2 Min timer with 30sec Quadpacer | 4 Brushheads| IPX7 Waterproof| For Men & Women | ETC-08 Blue","1","BOM5","DAMAGED","MISSED_ESTIMATED_DELIVERY","LPNBOM5F4364483",
"2026-03-07T12:17:34+00:00","408-9071985-2886762","FBA79567","B0DNJS23HS","X0026FJYJD","NexLev 10 in 1 Steam Cleaner & Mop|2 Steam Modes| Mopping & Deep Cleaning Home Car Sofa Bathroom Kitchen & Office |For All Surfaces|350ML|Chemical Free Cleaning | Detachable & Foldable|SC-04","1","DEL4","CARRIER_DAMAGED","UNDELIVERABLE_REFUSED","LPNDEL4AA0644512",
"2026-03-07T12:12:53+00:00","171-1766576-7201144","FBA79567","B0DNJS23HS","X0026FJYJD","NexLev 10 in 1 Steam Cleaner & Mop|2 Steam Modes| Mopping & Deep Cleaning Home Car Sofa Bathroom Kitchen & Office |For All Surfaces|350ML|Chemical Free Cleaning | Detachable & Foldable|SC-04","1","DEL4","CUSTOMER_DAMAGED","SWITCHEROO","LPNDEL4AA2776318",
"2026-03-07T11:43:53+00:00","407-1130479-4897946","FBA79374","B0D2P7WLJB","X0020GXQNX","NexLev Smart Electric Toothbrush for Adults |2-Min Timer with Quadpacer |2 Replaceable Heads | AAA Battery |3 Modes (Daily, Normal & Sesitive) |Upto 60 Days | Travel Case | Soft Bristles |ET-02 Green","1","DEL4","SELLABLE","UNDELIVERABLE_REFUSED","LPNDEL4AA0698089",
"2026-03-07T06:39:22+00:00","406-0624507-9574725","FBA79489","B0DFD123P5","X00243S2SB","Nexlev MultiPurpose Electric Food Kettle|1.5 L Ceramic Pot | 600W| Boil, Steam, Fry, Saute| Double Layered Body| 2 Temperature Settings| Multi Cooker for Water, Egg, Tea, Soup, Noodles, Rice| KE-02","1","HYD8","SELLABLE","MISSING_PARTS","LPNHYD8EG20148","This not product"
"2026-03-07T06:14:18+00:00","171-8882616-5414705","FBA78981","B0CDPP45BM","X001U1K281","NexLev Steam Cleaner | For Complete Home Kitchen Bathroom Car Sofa & Office Cleaning Machine | 9 Accessories |300 ML | Window Pane, Sink, Chimney Grease, Water Stain Cleaner| 4 Mtr Cord | 1000W |SC-01","1","BLR7","CUSTOMER_DAMAGED","UNWANTED_ITEM","LPNBLR7Y5368301",
"2026-03-07T06:00:59+00:00","171-2746322-3580366","FBA79277","B0D672NXC8","X0021NWGBN","Nexlev SWIPE Steam Cleaner | 3.5 Bar Strong Steam|Multipurpose Steam Cleaner for Car, Kitchen, Bathroom, Floor, Window, Glass, Upholstery| 8 Accessories Kit|Safety Lock| Large 700ML Water Tank | SC-03","1","DEL4","SELLABLE","SWITCHEROO","LPNDEL4AA0690139",
"2026-03-07T05:40:34+00:00","403-3102364-1916325","FBA78981","B0CDPP45BM","X001U1K281","NexLev Steam Cleaner | For Complete Home Kitchen Bathroom Car Sofa & Office Cleaning Machine | 9 Accessories |300 ML | Window Pane, Sink, Chimney Grease, Water Stain Cleaner| 4 Mtr Cord | 1000W |SC-01","1","HYD8","CUSTOMER_DAMAGED","MISORDERED","LPNHYD8EF91728",
"2026-03-07T05:33:51+00:00","402-3281781-2965169","FBA79819","B0FT8R24QM","X002F1TU0L","NexLev Portable Cordless Lint Remover | for Woollen, Sweaters, Jackets, Carpets | Fabric Brush | Rue & Burr Remover | Battery Powered Shaver | SS Blade | Safety Lock | LR-03","1","AMD2","CUSTOMER_DAMAGED","DEFECTIVE","LPNAMD2M3531346",
"2026-03-07T05:32:27+00:00","404-4827303-7792360","FBA79279","B0D8445KJN","X0022J52E9","NexLev Rechargeable Lint Remover | for Woollen Sweaters Pill, Rue & Burr Remover | 60min Use Time | Type C |Defuzzer | Lint Brush for Coat | 2 Modes | SS Blade | Safety Lock | LR-01","1","DEL4","SELLABLE","UNDELIVERABLE_REFUSED","LPNDEL4AA0793660",
"2026-03-07T05:20:27+00:00","171-8573991-9272331","FBA79263","B0CYSLCRQS","X001ZOLVQP","NexLev Mattress, Sofa & Carpet Vacuum Cleaner | For Dust Mites, Allergens & Pet Hair | 4 Step Cleansing with Double Beat, UV Light, Dehumidification & Vacuum | HEPA captures 99.99% Dust|MR-01","1","PNQ3","SELLABLE","DAMAGED_BY_FC","LPNPNQ3A4765523","Not working"
"2026-03-07T04:47:06+00:00","402-0086212-3539506","FBA79567","B0DNJS23HS","X0026FJYJD","NexLev 10 in 1 Steam Cleaner & Mop|2 Steam Modes| Mopping & Deep Cleaning Home Car Sofa Bathroom Kitchen & Office |For All Surfaces|350ML|Chemical Free Cleaning | Detachable & Foldable|SC-04","1","BOM5","CUSTOMER_DAMAGED","DEFECTIVE","LPNBOM5F4609095",
"2026-03-07T04:04:36+00:00","404-2900964-6302758","FBA79652","B0F43P6D23","X002A07CLV","NexLev Steam Cleaner | Complete Home Kitchen Floor Bathroom Car & Office Cleaning machine | 9 Accessories | 450 ML | Window Pane Sink Grime Chimney Grease Water Stain Cleaner| 4 M Cord |1050W |SC-05","1","DED4","CARRIER_DAMAGED","UNDELIVERABLE_REFUSED","LPNDED4A1661180",
"2026-03-06T15:22:45+00:00","405-2317520-3308338","FBA79280","B0D845B2DG","X0022J93DP","NexLev Rechargeable Lint Remover | for Woollen Sweaters Shirts Coat Curtains & Carpets | Rue & Burr Remover | 180 Min Use | TypeC | SS Blade | 2000mAh | 3 Speed Modes | Safety Lock | LR-02","1","DEL5","SELLABLE","UNDELIVERABLE_REFUSED","LPNDEL5S13044967",
"2026-03-06T14:26:16+00:00","404-2631119-6181105","FBA79349","B0D9KDQCCM","X00230EXN3","Nexlev Portable Sewing Machine| 2 Speed Settings| Cordless| Battery operated| USB Type C cord for Plug-in| Quick Fix DIY|Portable & Compact| for all Fabrics| 1 Year Warranty| White","1","DEL5","SELLABLE","DEFECTIVE","LPNDEL5S13145410",
"2026-03-06T13:31:26+00:00","406-3026333-9835529","FBA79488","B0DFCG2VGS","X002435QZX","Nexlev Multi Purpose Electric Food Kettle|1.8L Stainless Steel Pot| 600W|Boil, Steam, Fry, Saute| Double Layered Body|2 Heat Settings|Multi Function for Water, Milk, Egg, Soup, Noodles|KE-01","1","BOM5","SELLABLE","SWITCHEROO","LPNBOM5F4358471","Too small"
"2026-03-06T12:21:07+00:00","403-8290327-0427534","FBA79406","B0DCK3N2JJ","X0023L3KG3","NexLev Ionic Cordless Hair Straightener Brush | 60min Runtime | upto 200° Heating | Portable & Type C Rechargeable | Keratin Bristles |Straight, Frizz Free & Shiny Hair | Compact Comb Design | HSB-04","1","BLR8","SELLABLE","DEFECTIVE","LPNBLR8Z5164194",
"2026-03-06T12:11:40+00:00","407-3005713-3633954","FBA79406","B0DCK3N2JJ","X0023L3KG3","NexLev Ionic Cordless Hair Straightener Brush | 60min Runtime | upto 200° Heating | Portable & Type C Rechargeable | Keratin Bristles |Straight, Frizz Free & Shiny Hair | Compact Comb Design | HSB-04","1","MAA4","SELLABLE","UNDELIVERABLE_REFUSED","LPNMAA4Z2057398",
"2026-03-06T11:40:03+00:00","171-8187785-3176368","FBA78981","B0CDPP45BM","X001U1K281","NexLev Steam Cleaner | For Complete Home Kitchen Bathroom Car Sofa & Office Cleaning Machine | 9 Accessories |300 ML | Window Pane, Sink, Chimney Grease, Water Stain Cleaner| 4 Mtr Cord | 1000W |SC-01","1","DEL5","CUSTOMER_DAMAGED","DEFECTIVE","LPNDEL5S13040414",
"2026-03-06T11:30:31+00:00","408-6413745-0397940","FBA78980","B0CDPMX152","X001U1DYK9","NexLev Handheld Garment Steamer | 1500 Watts | 300 ML| Standing & Horizontal Iron Press | Damage Free Steaming for all Cloth Types | 25s Quick Heat |Upto 5 Clothes in One Fill | Travel Friendly |GS-02","1","CJB1","SELLABLE","DEFECTIVE","LPNCJB1Y606330",
"2026-03-06T09:39:31+00:00","403-3454811-0629943","FBA79279","B0D8445KJN","X0022J52E9","NexLev Rechargeable Lint Remover | for Woollen Sweaters Pill, Rue & Burr Remover | 60min Use Time | Type C |Defuzzer | Lint Brush for Coat | 2 Modes | SS Blade | Safety Lock | LR-01","1","DEL4","SELLABLE","UNDELIVERABLE_REFUSED","LPNDEL4AA0790075",
"2026-03-06T08:48:51+00:00","407-8303638-2945141","FBA79349","B0D9KDQCCM","X00230EXN3","Nexlev Portable Sewing Machine| 2 Speed Settings| Cordless| Battery operated| USB Type C cord for Plug-in| Quick Fix DIY|Portable & Compact| for all Fabrics| 1 Year Warranty| White","1","BOM5","CUSTOMER_DAMAGED","QUALITY_UNACCEPTABLE","LPNBOM5F4335639",
"2026-03-06T08:48:17+00:00","403-3284772-9960352","FBA79263","B0CYSLCRQS","X001ZOLVQP","NexLev Mattress, Sofa & Carpet Vacuum Cleaner | For Dust Mites, Allergens & Pet Hair | 4 Step Cleansing with Double Beat, UV Light, Dehumidification & Vacuum | HEPA captures 99.99% Dust|MR-01","1","BOM7","SELLABLE","UNDELIVERABLE_REFUSED","LPNBOM7D18952339",
"2026-03-06T08:05:39+00:00","405-2035046-2850754","FBA79570","B0DKJXRXKM","X0025R19UT","NexLev Blackhead & Whitehead Remover Tool | Rechargeable |1Hr Use| Acne & Pimple Pore Cleaner | 6 Heads | Electric Derma Suction Machine | Hydra Facial Cleanser Device for Face |For Men & Women |BR-01","1","BOM5","SELLABLE","UNDELIVERABLE_REFUSED","LPNBOM5F4622432",
"2026-03-06T08:01:24+00:00","171-8006521-1885933","FBA79567","B0DNJS23HS","X0026FJYJD","NexLev 10 in 1 Steam Cleaner & Mop|2 Steam Modes| Mopping & Deep Cleaning Home Car Sofa Bathroom Kitchen & Office |For All Surfaces|350ML|Chemical Free Cleaning | Detachable & Foldable|SC-04","1","BLR8","SELLABLE","SWITCHEROO","LPNBLR8Z6025735",
"2026-03-06T07:59:12+00:00","407-3785971-2117123","FBA79452","B0DCGHVN81","X0023JV0A3","NexLev 2 in 1 Handheld & Stick Vacuum Cleaner | 17500 PA Suction | Dry Vacuuming for Home & Office | Washable HEPA Filter | 4 Adjustable Heads | Bagless| Deep Cleaning for Sofa Bed Window & more|VC-01","1","BOM5","CARRIER_DAMAGED","DEFECTIVE","LPNBOM5F4626354",
"2026-03-06T06:31:53+00:00","405-7234881-0818763","FBA78981","B0CDPP45BM","X001U1K281","NexLev Steam Cleaner | For Complete Home Kitchen Bathroom Car Sofa & Office Cleaning Machine | 9 Accessories |300 ML | Window Pane, Sink, Chimney Grease, Water Stain Cleaner| 4 Mtr Cord | 1000W |SC-01","1","HYD8","SELLABLE","UNDELIVERABLE_REFUSED","LPNHYD8EH72178",
"2026-03-06T06:24:10+00:00","408-6746462-0526716","FBA79280","B0D845B2DG","X0022J93DP","NexLev Rechargeable Lint Remover | for Woollen Sweaters Shirts Coat Curtains & Carpets | Rue & Burr Remover | 180 Min Use | TypeC | SS Blade | 2000mAh | 3 Speed Modes | Safety Lock | LR-02","1","DEL4","SELLABLE","UNDELIVERABLE_REFUSED","LPNDEL4AA0742329",
"2026-03-06T04:40:44+00:00","403-2981013-6180349","FBA79349","B0D9KDQCCM","X00230EXN3","Nexlev Portable Sewing Machine| 2 Speed Settings| Cordless| Battery operated| USB Type C cord for Plug-in| Quick Fix DIY|Portable & Compact| for all Fabrics| 1 Year Warranty| White","1","CCX1","SELLABLE","DEFECTIVE","LPNCCX1A9194627","Not working"
"2026-03-06T04:10:10+00:00","407-8159911-7768337","FBA79280","B0D845B2DG","X0022J93DP","NexLev Rechargeable Lint Remover | for Woollen Sweaters Shirts Coat Curtains & Carpets | Rue & Burr Remover | 180 Min Use | TypeC | SS Blade | 2000mAh | 3 Speed Modes | Safety Lock | LR-02","1","CCX1","SELLABLE","UNDELIVERABLE_REFUSED","LPNCCX1A8994966",
"2026-03-06T03:51:02+00:00","406-9694778-8586766","FBA78981","B0CDPP45BM","X001U1K281","NexLev Steam Cleaner | For Complete Home Kitchen Bathroom Car Sofa & Office Cleaning Machine | 9 Accessories |300 ML | Window Pane, Sink, Chimney Grease, Water Stain Cleaner| 4 Mtr Cord | 1000W |SC-01","1","BOM5","SELLABLE","UNDELIVERABLE_REFUSED","LPNBOM5F4653547",
"2026-03-06T03:48:46+00:00","407-2333106-2285147","FBA79567","B0DNJS23HS","X0026FJYJD","NexLev 10 in 1 Steam Cleaner & Mop|2 Steam Modes| Mopping & Deep Cleaning Home Car Sofa Bathroom Kitchen & Office |For All Surfaces|350ML|Chemical Free Cleaning | Detachable & Foldable|SC-04","1","BOM5","CARRIER_DAMAGED","UNDELIVERABLE_UNKNOWN","LPNBOM5F4335377",
"2026-03-05T09:21:23+00:00","402-5011261-1036350","FBA79489","B0DFD123P5","X00243S2SB","Nexlev MultiPurpose Electric Food Kettle|1.5 L Ceramic Pot | 600W| Boil, Steam, Fry, Saute| Double Layered Body| 2 Temperature Settings| Multi Cooker for Water, Egg, Tea, Soup, Noodles, Rice| KE-02","1","DEL4","SELLABLE","UNDELIVERABLE_REFUSED","LPNDEL4AA2455499",
"2026-03-05T08:59:19+00:00","403-7116427-4216333","FBA78981","B0CDPP45BM","X001U1K281","NexLev Steam Cleaner | For Complete Home Kitchen Bathroom Car Sofa & Office Cleaning Machine | 9 Accessories |300 ML | Window Pane, Sink, Chimney Grease, Water Stain Cleaner| 4 Mtr Cord | 1000W |SC-01","1","BLR7","SELLABLE","UNDELIVERABLE_UNKNOWN","LPNBLR7Y5532753",
"2026-03-05T05:27:43+00:00","404-0411491-7877108","FBA79280","B0D845B2DG","X0022J93DP","NexLev Rechargeable Lint Remover | for Woollen Sweaters Shirts Coat Curtains & Carpets | Rue & Burr Remover | 180 Min Use | TypeC | SS Blade | 2000mAh | 3 Speed Modes | Safety Lock | LR-02","1","DEL5","SELLABLE","UNDELIVERABLE_REFUSED","LPNDEL5S12994098",
"2026-03-05T05:09:13+00:00","402-2409898-3331550","FBA79652","B0F43P6D23","X002A07CLV","NexLev Steam Cleaner | Complete Home Kitchen Floor Bathroom Car & Office Cleaning machine | 9 Accessories | 450 ML | Window Pane Sink Grime Chimney Grease Water Stain Cleaner| 4 M Cord |1050W |SC-05","1","MAA4","CUSTOMER_DAMAGED","DAMAGED_BY_CARRIER","LPNMAA4Z2071480",
"2026-03-05T04:54:21+00:00","403-0845984-8570745","FBA79492","B0DT6Y7KJM","X0027XB4G5","NexLev IONIC Volumizer + Straightening Brush| 1200 W| Ceramic Tourmaline Coating| Hot Air Brush| Large Barrel| Ionic Technology| Dual bristles for drying, volumizing & straightening | 360° vents| V-02","1","CCX1","CUSTOMER_DAMAGED","DEFECTIVE","LPNCCX1B3631575",
"2026-03-05T03:13:55+00:00","404-0747549-9388337","FBA79652","B0F43P6D23","X002A07CLV","nexlev Steam Cleaner | Complete Home Kitchen Floor Bathroom Car & Office Cleaning Machine | 9 Accessories | 450 ML | Window Pane Sink Grime Chimney Grease Water Stain Cleaner| 4 M Cord |1050W |SC-05","1","HYD8","SELLABLE","UNDELIVERABLE_REFUSED","LPNHYD8EE03928",
"2026-03-04T15:23:24+00:00","407-8608329-7399521","FBA79263","B0CYSLCRQS","X001ZOLVQP","NexLev Mattress, Sofa & Carpet Vacuum Cleaner | For Dust Mites, Allergens & Pet Hair | 4 Step Cleansing with Double Beat, UV Light, Dehumidification & Vacuum | HEPA captures 99.99% Dust|MR-01","1","BLR8","SELLABLE","DEFECTIVE","LPNBLR8Z5207469",
"2026-03-04T15:23:24+00:00","407-8608329-7399521","FBA79263","B0CYSLCRQS","X001ZOLVQP","NexLev Mattress, Sofa & Carpet Vacuum Cleaner | For Dust Mites, Allergens & Pet Hair | 4 Step Cleansing with Double Beat, UV Light, Dehumidification & Vacuum | HEPA captures 99.99% Dust|MR-01","1","BLR8","SELLABLE","DEFECTIVE","LPNBLR8Z5207465",
"2026-03-04T12:16:46+00:00","402-5640425-6775512","FBA79381","B0D9KCNVNM","X00230D55Z","Nexlev Oscillating Electric Toothbrush | 8000 Strokes/min | 25 Days Battery Life |Type C|3 modes| 2 Minute Timer |Quad Change Reminder| IPX7 Waterproof | For adults| 1 year warranty| SparklePro ETR-06","1","HYD8","SELLABLE","UNDELIVERABLE_REFUSED","LPNHYD8EF93253",
"2026-03-04T11:06:03+00:00","402-6706597-4550728","FBA79707","B0FJ1ZB4G9","X002D6JZQH","Nexlev Rechargeable Electric Toothbrush| 120 Days Life | 35K strokes/min| Type C| 5 Modes for Daily Use| 2 Min timer with 30sec Quadpacer | 4 Brushheads| IPX7 Waterproof| For Men & Women | ETC-08 Blue","1","BOM5","SELLABLE","UNDELIVERABLE_UNKNOWN","LPNBOM5F4640084",
"2026-03-04T10:26:25+00:00","405-3031035-5696358","FBA79349","B0D9KDQCCM","X00230EXN3","Nexlev Portable Sewing Machine| 2 Speed Settings| Cordless| Battery operated| USB Type C cord for Plug-in| Quick Fix DIY|Portable & Compact| for all Fabrics| 1 Year Warranty| White","1","BOM5","SELLABLE","DEFECTIVE","LPNBOM5F4655655","Product is not working properly"
"2026-03-04T09:20:11+00:00","408-4974677-7697941","FBA79452","B0DCGHVN81","X0023JV0A3","NexLev 2 in 1 Handheld & Stick Vacuum Cleaner | 17500 PA Suction | Dry Vacuuming for Home & Office | Washable HEPA Filter | 4 Adjustable Heads | Bagless| Deep Cleaning for Sofa Bed Window & more|VC-01","1","BOM5","SELLABLE","UNDELIVERABLE_REFUSED","LPNBOM5F4651373",
"2026-03-04T07:58:06+00:00","405-2856131-3598707","FBA79263","B0CYSLCRQS","X001ZOLVQP","NexLev Mattress, Sofa & Carpet Vacuum Cleaner | For Dust Mites, Allergens & Pet Hair | 4 Step Cleansing with Double Beat, UV Light, Dehumidification & Vacuum | HEPA captures 99.99% Dust|MR-01","1","BOM7","CUSTOMER_DAMAGED","DEFECTIVE","LPNBOM7D18962880",
"2026-03-04T06:52:13+00:00","407-1890581-4681932","FBA79673","B0FJG5PFGQ","X002D1ARHX","Nexlev Rechargeable Electric Toothbrush| 120 Days Life | 35K strokes/min| Type C| 6 Modes for Daily Use| 2 Min timer with 30sec Quadpacer | 4 Brushheads| IPX7 Waterproof| For Men & Women | ETC-07 White","1","CCX1","SELLABLE","UNDELIVERABLE_UNKNOWN","LPNCCX1B1555579",
"2026-03-04T03:45:58+00:00","407-8256703-9770731","FBA79811","B0FSF1N457","X002EUQV41","NexLev Mini Electric Chopper | 3D Stainless Steel Blade | Food Grade Bowl | For Mincing Garlic Ginger Onion Vegetable Meat Nuts | 250 ml | One Touch Operation | MC-01","1","BOM5","SELLABLE","DEFECTIVE","LPNBOM5F4663008",
"2026-03-03T12:29:58+00:00","408-7675353-5801161","FBA78980","B0CDPMX152","X001U1DYK9","NexLev Handheld Garment Steamer | 1500 Watts | 300 ML| Standing & Horizontal Iron Press | Damage Free Steaming for all Cloth Types | 25s Quick Heat |Upto 5 Clothes in One Fill | Travel Friendly |GS-02","1","CJB1","SELLABLE","DEFECTIVE","LPNCJB1Y767513",
"2026-03-03T12:12:59+00:00","406-2350924-1136365","FBA79406","B0DCK3N2JJ","X0023L3KG3","NexLev Ionic Cordless Hair Straightener Brush | 60min Runtime | upto 200° Heating | Portable & Type C Rechargeable | Keratin Bristles |Straight, Frizz Free & Shiny Hair | Compact Comb Design | HSB-04","1","MAA4","SELLABLE","UNDELIVERABLE_REFUSED","LPNMAA4Z1609509",
"2026-03-03T11:05:21+00:00","171-2010795-9188320","FBA79268","B0D383WQPB","X0020OHLDV","NexLev Foldable Garment Steamer for Home & Travel | Convenient Vertical Steaming | 1200W | 120 ml | Lightweight & Compact | 30s Fast Heating | Iron for all Cloth Types | 2 M cord | Anti Spill | GS-05","1","DEL5","SELLABLE","UNDELIVERABLE_REFUSED","LPNDEL5S13147096",
"2026-03-03T09:56:15+00:00","403-7220839-7268349","FBA79812","B0FS6TB7CP","X002F7TH85","NexLev Portable Blender for Smoothies Milkshakes Crushing Ice Juices | 6 Leaf Stainless Steel Blade | 3000 mAh Battery | Type C | Mix Fruit Juicer Mini | 450ml | For Kitchen & Travel | PB-01","1","MAA4","CUSTOMER_DAMAGED","DEFECTIVE","LPNMAA4Z1375078",
"2026-03-03T08:14:53+00:00","408-6822544-9919506","FBA79276","B0D2LJSQXZ","X0020G47PT","NexLev Steam Mop | Chemical Free Mopping | Floor Cleaning + Carpet Steaming | 4 Extra Mop Pads | 400 ML | 1300W | Floor Disinfectant | For All Floor Types | 4mtr long Cord | Wet & Dry Mopping | SM-01","1","BLR8","SELLABLE","DEFECTIVE","LPNBLR8Z5206640",
"2026-03-03T07:45:58+00:00","408-1761855-2517906","FBA79277","B0D672NXC8","X0021NWGBN","Nexlev SWIPE Steam Cleaner | 3.5 Bar Strong Steam|Multipurpose Steam Cleaner for Car, Kitchen, Bathroom, Floor, Window, Glass, Upholstery| 8 Accessories Kit|Safety Lock| Large 700ML Water Tank | SC-03","1","BLR8","DAMAGED","UNDELIVERABLE_REFUSED","LPNBLR8Z5206622",
"2026-03-03T07:34:49+00:00","405-3381736-5000343","FBA79849","B0FPGDVVCX","X002E6PMZ9","NexLev Calf Massager | Daily Use Leg Massager for Sore Muscle | Hand Like Massage with Air Compression | Improve Blood Circulation & Relieve Pain | 2500 mAh | Large Belt | Type C |CFM-03|Pack of 2","1","DEL5","SELLABLE","SWITCHEROO","LPNDEL5S12999058",
"2026-03-03T07:30:06+00:00","408-1452536-5157143","FBA79263","B0CYSLCRQS","X001ZOLVQP","NexLev Mattress, Sofa & Carpet Vacuum Cleaner | For Dust Mites, Allergens & Pet Hair | 4 Step Cleansing with Double Beat, UV Light, Dehumidification & Vacuum | HEPA captures 99.99% Dust|MR-01","1","BLR8","SELLABLE","UNDELIVERABLE_REFUSED","LPNBLR8Z5206618",
"2026-03-03T06:37:37+00:00","406-1395932-2991518","FBA78981","B0CDPP45BM","X001U1K281","NexLev Steam Cleaner | For Complete Home Kitchen Bathroom Car Sofa & Office Cleaning Machine | 9 Accessories |300 ML | Window Pane, Sink, Chimney Grease, Water Stain Cleaner| 4 Mtr Cord | 1000W |SC-01","1","CJB1","SELLABLE","UNDELIVERABLE_REFUSED","LPNCJB1Y767372",
"2026-03-03T06:31:48+00:00","406-8069847-3659528","FBA79439","B0DCK7ZH5P","X0023KW3JJ","NexLev Mattress, Sofa, Carpet & Car Seat Vacuum Cleaner|For Dust Mites Allergens & Pet Hair|Cordless Design|1500*3 mAh |UV Sterilization, Double Beat Technology|Type C| HEPA captures 99.99% Dust|MR-02","1","CJB1","SELLABLE","SWITCHEROO","LPNCJB1Y767367",
"2026-03-03T06:17:29+00:00","402-6186033-3885161","FBA79439","B0DCK7ZH5P","X0023KW3JJ","NexLev Mattress, Sofa, Carpet & Car Seat Vacuum Cleaner|For Dust Mites Allergens & Pet Hair|Cordless Design|1500*3 mAh |UV Sterilization, Double Beat Technology|Type C| HEPA captures 99.99% Dust|MR-02","1","CJB1","SELLABLE","QUALITY_UNACCEPTABLE","LPNCJB1Y900189",
"2026-03-03T05:41:04+00:00","408-1452536-5157143","FBA79263","B0CYSLCRQS","X001ZOLVQP","NexLev Mattress, Sofa & Carpet Vacuum Cleaner | For Dust Mites, Allergens & Pet Hair | 4 Step Cleansing with Double Beat, UV Light, Dehumidification & Vacuum | HEPA captures 99.99% Dust|MR-01","1","BLR8","SELLABLE","UNDELIVERABLE_REFUSED","LPNBLR8Z5206511",
"2026-03-03T03:26:25+00:00","403-6919429-9857966","FBA79567","B0DNJS23HS","X0026FJYJD","NexLev 10 in 1 Steam Cleaner & Mop|2 Steam Modes| Mopping & Deep Cleaning Home Car Sofa Bathroom Kitchen & Office |For All Surfaces|350ML|Chemical Free Cleaning | Detachable & Foldable|SC-04","1","LKO1","CUSTOMER_DAMAGED","SWITCHEROO","LPNLKO1B0087612",
"2026-03-03T03:16:55+00:00","405-8888246-6569101","FBA79263","B0CYSLCRQS","X001ZOLVQP","NexLev Mattress, Sofa & Carpet Vacuum Cleaner | For Dust Mites, Allergens & Pet Hair | 4 Step Cleansing with Double Beat, UV Light, Dehumidification & Vacuum | HEPA captures 99.99% Dust|MR-01","1","DED4","SELLABLE","UNDELIVERABLE_REFUSED","LPNDED4A0884971",
"2026-03-03T03:13:52+00:00","402-8341868-1987512","FBA78980","B0CDPMX152","X001U1DYK9","NexLev Handheld Garment Steamer | 1500 Watts | 300 ML| Standing & Horizontal Iron Press | Damage Free Steaming for all Cloth Types | 25s Quick Heat |Upto 5 Clothes in One Fill | Travel Friendly |GS-02","1","DED4","SELLABLE","UNDELIVERABLE_REFUSED","LPNDED4A0961926",
"2026-03-02T12:08:07+00:00","407-8536606-8742748","FBA79349","B0D9KDQCCM","X00230EXN3","Nexlev Portable Sewing Machine| 2 Speed Settings| Cordless| Battery operated| USB Type C cord for Plug-in| Quick Fix DIY|Portable & Compact| for all Fabrics| 1 Year Warranty| White","1","BLR7","SELLABLE","QUALITY_UNACCEPTABLE","LPNBLR7Y5476435","Not suitable"
"2026-03-02T11:39:45+00:00","406-3345783-3698726","FBA79915","B0FYNT1TW7","X002FVAPBT","NexLev Stand Mixer Attachment Set for ST-01 | Includes Dough Hook, Beater & Whisk | Durable Stainless Steel Build | Easy to Attach & Clean | Ideal for Baking, Whipping & Kneading","1","DEL5","DEFECTIVE","NOT_COMPATIBLE","LPNDEL5S13146430","Size is not ok it is small"
"2026-03-02T10:01:39+00:00","404-6063155-9436332","FBA79811","B0FSF1N457","X002EUQV41","NexLev Mini Electric Chopper | 3D Stainless Steel Blade | Food Grade Bowl | For Mincing Garlic Ginger Onion Vegetable Meat Nuts | 250 ml | One Touch Operation | MC-01","1","BLR8","SELLABLE","UNDELIVERABLE_REFUSED","LPNBLR8Z5083847",
"2026-03-02T08:22:28+00:00","407-4521767-6707556","FBA79812","B0FS6TB7CP","X002F7TH85","NexLev Portable Blender for Smoothies Milkshakes Crushing Ice Juices | 6 Leaf Stainless Steel Blade | 3000 mAh Battery | Type C | Mix Fruit Juicer Mini | 450ml | For Kitchen & Travel | PB-01","1","BOM7","SELLABLE","UNDELIVERABLE_REFUSED","LPNBOM7D18958841",
"2026-03-02T08:16:25+00:00","408-2836647-4395556","FBA79493","B0DQCWRG3H","X00272C0EV","nexlev Ionic 3 In 1 Hot Air Brush|1.5 Inch Barrel|Volumizer Blow Dry & Style|Ceramic Tourmaline Coated For Heat Protection|1200 Watts|Dual Bristle For Tangle Free Styling|Salon Like Soft Curl|V-03","1","HYD8","DEFECTIVE","SWITCHEROO","LPNHYD8EH25211","Product alg hai hame nhi chahiye"
"2026-03-02T08:14:59+00:00","406-5163015-8149150","FBA79570","B0DKJXRXKM","X0025R19UT","NexLev Blackhead & Whitehead Remover Tool | Rechargeable |1Hr Use| Acne & Pimple Pore Cleaner | 6 Heads | Electric Derma Suction Machine | Hydra Facial Cleanser Device for Face |For Men & Women |BR-01","1","BLR8","SELLABLE","DEFECTIVE","LPNBLR8Z4994568",
"2026-03-02T07:53:46+00:00","408-6577844-3428310","FBA79493","B0DQCWRG3H","X00272C0EV","nexlev Ionic 3 In 1 Hot Air Brush|1.5 Inch Barrel|Volumizer Blow Dry & Style|Ceramic Tourmaline Coated For Heat Protection|1200 Watts|Dual Bristle For Tangle Free Styling|Salon Like Soft Curl|V-03","1","HYD8","CUSTOMER_DAMAGED","DEFECTIVE","LPNHYD8EH34925",
"2026-03-02T06:31:45+00:00","171-8897494-8262730","FBA79349","B0D9KDQCCM","X00230EXN3","Nexlev Portable Sewing Machine| 2 Speed Settings| Cordless| Battery operated| USB Type C cord for Plug-in| Quick Fix DIY|Portable & Compact| for all Fabrics| 1 Year Warranty| White","1","CJB1","DEFECTIVE","SWITCHEROO","LPNCJB1Y766941","Ordered Nexlev portable sewing machine but received wrong item"
"2026-03-02T04:40:22+00:00","408-6693960-9010709","FBA79263","B0CYSLCRQS","X001ZOLVQP","NexLev Mattress, Sofa & Carpet Vacuum Cleaner | For Dust Mites, Allergens & Pet Hair | 4 Step Cleansing with Double Beat, UV Light, Dehumidification & Vacuum | HEPA captures 99.99% Dust|MR-01","1","DED4","SELLABLE","DEFECTIVE","LPNDED4A0654214",
"2026-03-02T04:09:38+00:00","171-9653901-4846753","FBA79679","B0DVC7VJP1","X002876EAV","NexLev Stand Mixer |5.5L SS Bowl | 1500W |10 Speeds | Pulse Function |Planetary Rotation | Whisk, Beater & Dough Hook|100% Copper Motor | For Roti & Cookie Dough, Cake Making, Whip Cream & more |ST-01","1","HYD8","SELLABLE","UNDELIVERABLE_REFUSED","LPNHYD8EH16270",
"2026-03-02T04:00:32+00:00","406-5346302-3699546","FBA79381","B0D9KCNVNM","X00230D55Z","Nexlev Oscillating Electric Toothbrush | 8000 Strokes/min | 25 Days Battery Life |Type C|3 modes| 2 Minute Timer |Quad Change Reminder| IPX7 Waterproof | For adults| 1 year warranty| SparklePro ETR-06","1","HYD8","SELLABLE","UNDELIVERABLE_REFUSED","LPNHYD8EH52526",
"2026-03-01T21:09:27+00:00","408-0111286-8125117","FBA79567","B0DNJS23HS","X0026FJYJD","NexLev 10 in 1 Steam Cleaner & Mop|2 Steam Modes| Mopping & Deep Cleaning Home Car Sofa Bathroom Kitchen & Office |For All Surfaces|350ML|Chemical Free Cleaning | Detachable & Foldable|SC-04","1","CCX1","CARRIER_DAMAGED","UNDELIVERABLE_REFUSED","LPNCCX1B1400267",
"2026-03-01T17:55:43+00:00","408-7541047-7300347","FBA79349","B0D9KDQCCM","X00230EXN3","Nexlev Portable Sewing Machine| 2 Speed Settings| Cordless| Battery operated| USB Type C cord for Plug-in| Quick Fix DIY|Portable & Compact| for all Fabrics| 1 Year Warranty| White","1","DEL5","CUSTOMER_DAMAGED","NOT_COMPATIBLE","LPNDEL5S13199201",
"2026-03-01T12:27:29+00:00","403-5872530-6510751","FBA79349","B0D9KDQCCM","X00230EXN3","Nexlev Portable Sewing Machine| 2 Speed Settings| Cordless| Battery operated| USB Type C cord for Plug-in| Quick Fix DIY|Portable & Compact| for all Fabrics| 1 Year Warranty| White","1","PNQ3","SELLABLE","DEFECTIVE","LPNPNQ3A4282887","Product stitching not proper and tried every possible way to get it work"
"2026-03-01T12:18:45+00:00","402-2779396-4201922","FBA79811","B0FSF1N457","X002EUQV41","NexLev Mini Electric Chopper | 3D Stainless Steel Blade | Food Grade Bowl | For Mincing Garlic Ginger Onion Vegetable Meat Nuts | 250 ml | One Touch Operation | MC-01","1","CCX1","CARRIER_DAMAGED","UNDELIVERABLE_UNKNOWN","LPNCCX1B3607517",
"2026-03-01T11:55:39+00:00","405-1717479-5268348","FBA78981","B0CDPP45BM","X001U1K281","NexLev Steam Cleaner | For Complete Home Kitchen Bathroom Car Sofa & Office Cleaning Machine | 9 Accessories |300 ML | Window Pane, Sink, Chimney Grease, Water Stain Cleaner| 4 Mtr Cord | 1000W |SC-01","1","HYD8","CUSTOMER_DAMAGED","MISSING_PARTS","LPNHYD8EH34613",
"2026-03-01T10:47:34+00:00","404-2005013-5028352","FBA79280","B0D845B2DG","X0022J93DP","NexLev Rechargeable Lint Remover | for Woollen Sweaters Shirts Coat Curtains & Carpets | Rue & Burr Remover | 180 Min Use | TypeC | SS Blade | 2000mAh | 3 Speed Modes | Safety Lock | LR-02","1","DEL5","SELLABLE","DEFECTIVE","LPNDEL5S13320735",
"2026-03-01T10:12:16+00:00","404-3138906-2591559","FBA79489","B0DFD123P5","X00243S2SB","Nexlev MultiPurpose Electric Food Kettle|1.5 L Ceramic Pot | 600W| Boil, Steam, Fry, Saute| Double Layered Body| 2 Temperature Settings| Multi Cooker for Water, Egg, Tea, Soup, Noodles, Rice| KE-02","1","DEL4","CUSTOMER_DAMAGED","SWITCHEROO","LPNDEL4AA2553426",
"2026-03-01T09:46:35+00:00","407-1215415-6122765","FBA79263","B0CYSLCRQS","X001ZOLVQP","NexLev Mattress, Sofa & Carpet Vacuum Cleaner | For Dust Mites, Allergens & Pet Hair | 4 Step Cleansing with Double Beat, UV Light, Dehumidification & Vacuum | HEPA captures 99.99% Dust|MR-01","1","DED4","DEFECTIVE","DEFECTIVE","LPNDED4A0950034",
"2026-03-01T09:08:49+00:00","171-7942731-0464307","FBA79812","B0FS6TB7CP","X002F7TH85","NexLev Portable Blender for Smoothies Milkshakes Crushing Ice Juices | 6 Leaf Stainless Steel Blade | 3000 mAh Battery | Type C | Mix Fruit Juicer Mini | 450ml | For Kitchen & Travel | PB-01","1","DED4","SELLABLE","UNDELIVERABLE_REFUSED","LPNDED4A0884575",
"2026-03-01T06:38:30+00:00","402-5707265-8700300","FBA79349","B0D9KDQCCM","X00230EXN3","Nexlev Portable Sewing Machine| 2 Speed Settings| Cordless| Battery operated| USB Type C cord for Plug-in| Quick Fix DIY|Portable & Compact| for all Fabrics| 1 Year Warranty| White","1","DEL5","DEFECTIVE","QUALITY_UNACCEPTABLE","LPNDEL5S13388571","Not required quality not compatible"
"2026-03-01T06:27:31+00:00","406-2201800-5211552","FBA79567","B0DNJS23HS","X0026FJYJD","NexLev 10 in 1 Steam Cleaner & Mop|2 Steam Modes| Mopping & Deep Cleaning Home Car Sofa Bathroom Kitchen & Office |For All Surfaces|350ML|Chemical Free Cleaning | Detachable & Foldable|SC-04","1","DEL4","SELLABLE","SWITCHEROO","LPNDEL4AA2896233",
"2026-03-01T06:16:26+00:00","404-6494406-6237920","FBA79480","B0DDC3GVZW","X0024GS5UN","nexlev Cordless Electric Car Vacuum Cleaner VacuSafe| Seat-Belt Cutter| Window Breaker Hammer| LED Torch|4000 mAh| High Power Suction | Copper Motor| Type-C Emergency Car Escape Tool| Portable| VC-03","1","DED4","SELLABLE","UNDELIVERABLE_REFUSED","LPNDED4A1361872",
"2026-03-01T05:01:47+00:00","404-4142991-9130760","FBA79440","B0DCGHKRXX","X0023JNZFV","NexLev LED Phototherapy comb | Electric Scalp Massager | Red Light for Regrowth | Blue Light for Anti Dandruff | Hairfall Control | Rechargeable TypeC | Targeted Laser Treatment Machine |3 Modes |LE-02","1","BOM5","SELLABLE","UNDELIVERABLE_REFUSED","LPNBOM5F4610476",
"2026-03-01T04:56:41+00:00","407-8270812-3185926","FBA79263","B0CYSLCRQS","X001ZOLVQP","NexLev Mattress, Sofa & Carpet Vacuum Cleaner | For Dust Mites, Allergens & Pet Hair | 4 Step Cleansing with Double Beat, UV Light, Dehumidification & Vacuum | HEPA captures 99.99% Dust|MR-01","1","BOM7","CUSTOMER_DAMAGED","DEFECTIVE","LPNBOM7D18873105",
"2026-03-01T03:42:00+00:00","405-6335708-4367520","FBA79374","B0D2P7WLJB","X0020GXQNX","NexLev Smart Electric Toothbrush for Adults |2-Min Timer with Quadpacer |2 Replaceable Heads | AAA Battery |3 Modes (Daily, Normal & Sesitive) |Upto 60 Days | Travel Case | Soft Bristles |ET-02 Green","1","HYD8","SELLABLE","UNDELIVERABLE_REFUSED","LPNHYD8EH27723",
"2026-03-01T03:09:25+00:00","408-8252774-6049131","FBA79652","B0F43P6D23","X002A07CLV","nexlev Steam Cleaner | Complete Home Kitchen Floor Bathroom Car & Office Cleaning Machine | 9 Accessories | 450 ML | Window Pane Sink Grime Chimney Grease Water Stain Cleaner| 4 M Cord |1050W |SC-05","1","DEL5","SELLABLE","DEFECTIVE","LPNDEL5S13200954",
"2026-02-28T14:34:28+00:00","404-8430293-0505915","FBA79570","B0DKJXRXKM","X0025R19UT","NexLev Blackhead & Whitehead Remover Tool | Rechargeable |1Hr Use| Acne & Pimple Pore Cleaner | 6 Heads | Electric Derma Suction Machine | Hydra Facial Cleanser Device for Face |For Men & Women |BR-01","1","BLR8","SELLABLE","DEFECTIVE","LPNBLR8Z5170695",
"2026-02-28T12:53:19+00:00","406-9570614-5108315","FBA79673","B0FJG5PFGQ","X002D1ARHX","Nexlev Rechargeable Electric Toothbrush| 120 Days Life | 35K strokes/min| Type C| 6 Modes for Daily Use| 2 Min timer with 30sec Quadpacer | 4 Brushheads| IPX7 Waterproof| For Men & Women | ETC-07 White","1","DEL4","SELLABLE","UNDELIVERABLE_REFUSED","LPNDEL4AA2760171",
"2026-02-28T12:34:26+00:00","408-2701577-2906750","FBA79268","B0D383WQPB","X0020OHLDV","NexLev Foldable Garment Steamer for Home & Travel | Convenient Vertical Steaming | 1200W | 120 ml | Lightweight & Compact | 30s Fast Heating | Iron for all Cloth Types | 2 M cord | Anti Spill | GS-05","1","HYD8","SELLABLE","UNDELIVERABLE_REFUSED","LPNHYD8EH49950",
"2026-02-28T11:22:47+00:00","408-2529274-3204310","FBA79263","B0CYSLCRQS","X001ZOLVQP","NexLev Mattress, Sofa & Carpet Vacuum Cleaner | For Dust Mites, Allergens & Pet Hair | 4 Step Cleansing with Double Beat, UV Light, Dehumidification & Vacuum | HEPA captures 99.99% Dust|MR-01","1","PNQ3","SELLABLE","MISSING_PARTS","LPNPNQ3A4269355","I dont need the item"
"2026-02-28T11:22:46+00:00","402-7929775-0045922","FBA79263","B0CYSLCRQS","X001ZOLVQP","NexLev Mattress, Sofa & Carpet Vacuum Cleaner | For Dust Mites, Allergens & Pet Hair | 4 Step Cleansing with Double Beat, UV Light, Dehumidification & Vacuum | HEPA captures 99.99% Dust|MR-01","1","PNQ3","CARRIER_DAMAGED","SWITCHEROO","LPNPNQ3A4289646",
"2026-02-28T10:08:45+00:00","403-5875599-4407554","FBP79350","B0D67727VG","X0024F173L","NexLev LED Therapy Oil Applicator | Reduce Dandruff | Improve Hair Growth | EMS for Scalp Improvement | Red & Blue Light | High Frequency Massage for Better Absorption | 10 ML | Waterproof | EA-01","1","BLR8","CUSTOMER_DAMAGED","DEFECTIVE","LPNBLR8Z5099533",
"2026-02-28T09:55:35+00:00","408-1520851-5106727","FBA79812","B0FS6TB7CP","X002F7TH85","NexLev Portable Blender for Smoothies Milkshakes Crushing Ice Juices | 6 Leaf Stainless Steel Blade | 3000 mAh Battery | Type C | Mix Fruit Juicer Mini | 450ml | For Kitchen & Travel | PB-01","1","BLR7","SELLABLE","UNDELIVERABLE_REFUSED","LPNBLR7Y5360999",
"2026-02-28T09:20:05+00:00","405-7146146-8646752","FBA79349","B0D9KDQCCM","X00230EXN3","Nexlev Portable Sewing Machine| 2 Speed Settings| Cordless| Battery operated| USB Type C cord for Plug-in| Quick Fix DIY|Portable & Compact| for all Fabrics| 1 Year Warranty| White","1","DEL5","SELLABLE","QUALITY_UNACCEPTABLE","LPNDEL5S12945510","Performance not good"
"2026-02-28T09:04:00+00:00","404-2885179-1615503","FBA79268","B0D383WQPB","X0020OHLDV","NexLev Foldable Garment Steamer for Home & Travel | Convenient Vertical Steaming | 1200W | 120 ml | Lightweight & Compact | 30s Fast Heating | Iron for all Cloth Types | 2 M cord | Anti Spill | GS-05","1","CCX1","CUSTOMER_DAMAGED","DEFECTIVE","LPNCCX1B3633597",
"2026-02-28T06:37:10+00:00","405-1643970-2677957","FBA79349","B0D9KDQCCM","X00230EXN3","Nexlev Portable Sewing Machine| 2 Speed Settings| Cordless| Battery operated| USB Type C cord for Plug-in| Quick Fix DIY|Portable & Compact| for all Fabrics| 1 Year Warranty| White","1","PNQ3","SELLABLE","UNDELIVERABLE_REFUSED","LPNPNQ3A4266952",
"2026-02-28T06:33:58+00:00","403-6987045-4594763","FBK79271","B0DQ8W1RBV","X00271JY6J","nexlev Ionic Volumizer|3 In 1 Hot Air Brush To Straight Dry & Volumize|1200 Watts|Reduce Frizz|Ceramic Tourmaline Coated Large Barrel|Salon Like Soft Curl At Home|3 Speed & 2 Heat Settings|V-01 RG","1","LKO1","SELLABLE","UNDELIVERABLE_REFUSED","LPNLKO1B0504687",
"2026-02-28T05:58:10+00:00","408-7811588-9982731","FBA79262","B0CYSMBCB8","X001ZOM871","NexLev Steam Cleaner | For Complete Home Kitchen Bathroom Window Car & Office Cleaning | 9 Accessories | 450 ML | Window Pane Sink Grime Chimney Grease Water Stain Cleaner| 4 Meter Cord | 1000W |SC-02","1","HYD8","SELLABLE","DEFECTIVE","LPNHYD8EH63722",
"2026-02-28T05:42:04+00:00","404-1577438-9957143","FBA79262","B0CYSMBCB8","X001ZOM871","NexLev Steam Cleaner | For Complete Home Kitchen Bathroom Window Car & Office Cleaning | 9 Accessories | 450 ML | Window Pane Sink Grime Chimney Grease Water Stain Cleaner| 4 Meter Cord | 1000W |SC-02","1","CCX1","CUSTOMER_DAMAGED","DEFECTIVE","LPNCCX1B3698261",
"2026-02-28T05:33:19+00:00","406-4877707-1679540","FBA79262","B0CYSMBCB8","X001ZOM871","NexLev Steam Cleaner | For Complete Home Kitchen Bathroom Window Car & Office Cleaning | 9 Accessories | 450 ML | Window Pane Sink Grime Chimney Grease Water Stain Cleaner| 4 Meter Cord | 1000W |SC-02","1","MAA4","DEFECTIVE","DAMAGED_BY_FC","LPNMAA4Z2077294","Defective product. Some screw or part inside is loose or broken which makes sound. Returning it within 5 mins after receiving. Looking for a brand new seal pack product."
"2026-02-28T05:27:19+00:00","404-2583981-5666767","FBA78980","B0CDPMX152","X001U1DYK9","NexLev Handheld Garment Steamer | 1500 Watts | 300 ML| Standing & Horizontal Iron Press | Damage Free Steaming for all Cloth Types | 25s Quick Heat |Upto 5 Clothes in One Fill | Travel Friendly |GS-02","1","MAA4","DEFECTIVE","SWITCHEROO","LPNMAA4Z2077295","I&#39;m order steamer but received night Lamp wrongly delivered."
"2026-02-28T04:48:43+00:00","405-3350571-0168365","FBA78981","B0CDPP45BM","X001U1K281","NexLev Steam Cleaner | For Complete Home Kitchen Bathroom Car Sofa & Office Cleaning Machine | 9 Accessories |300 ML | Window Pane, Sink, Chimney Grease, Water Stain Cleaner| 4 Mtr Cord | 1000W |SC-01","1","BOM5","SELLABLE","UNDELIVERABLE_REFUSED","LPNBOM5F4650616",
"2026-02-28T04:40:42+00:00","403-3415369-1955536","FBA79488","B0DFCG2VGS","X002435QZX","Nexlev Multi Purpose Electric Food Kettle|1.8L Stainless Steel Pot| 600W|Boil, Steam, Fry, Saute| Double Layered Body|2 Heat Settings|Multi Function for Water, Milk, Egg, Soup, Noodles|KE-01","1","CCX1","SELLABLE","UNDELIVERABLE_REFUSED","LPNCCX1A3420248",
"2026-02-28T04:36:20+00:00","407-0901147-1947550","FBA79277","B0D672NXC8","X0021NWGBN","Nexlev SWIPE Steam Cleaner | 3.5 Bar Strong Steam|Multipurpose Steam Cleaner for Car, Kitchen, Bathroom, Floor, Window, Glass, Upholstery| 8 Accessories Kit|Safety Lock| Large 700ML Water Tank | SC-03","1","BOM5","CUSTOMER_DAMAGED","QUALITY_UNACCEPTABLE","LPNBOM5F4616637",
"2026-02-28T04:18:12+00:00","405-9323463-5170731","FBA79812","B0FS6TB7CP","X002F7TH85","NexLev Portable Blender for Smoothies Milkshakes Crushing Ice Juices | 6 Leaf Stainless Steel Blade | 3000 mAh Battery | Type C | Mix Fruit Juicer Mini | 450ml | For Kitchen & Travel | PB-01","1","HYD8","SELLABLE","UNDELIVERABLE_REFUSED","LPNHYD8EH49536",
"2026-02-28T04:16:13+00:00","408-0726244-6572366","FBA79652","B0F43P6D23","X002A07CLV","nexlev Steam Cleaner | Complete Home Kitchen Floor Bathroom Car & Office Cleaning Machine | 9 Accessories | 450 ML | Window Pane Sink Grime Chimney Grease Water Stain Cleaner| 4 M Cord |1050W |SC-05","1","BOM5","CUSTOMER_DAMAGED","DEFECTIVE","LPNBOM5F4687081",
"2026-02-28T04:10:00+00:00","406-3772197-6317949","FBA79263","B0CYSLCRQS","X001ZOLVQP","NexLev Mattress, Sofa & Carpet Vacuum Cleaner | For Dust Mites, Allergens & Pet Hair | 4 Step Cleansing with Double Beat, UV Light, Dehumidification & Vacuum | HEPA captures 99.99% Dust|MR-01","1","BOM7","SELLABLE","UNDELIVERABLE_REFUSED","LPNBOM7D18912176",
"2026-02-28T03:56:38+00:00","408-9787652-0882742","FBA78980","B0CDPMX152","X001U1DYK9","NexLev Handheld Garment Steamer | 1500 Watts | 300 ML| Standing & Horizontal Iron Press | Damage Free Steaming for all Cloth Types | 25s Quick Heat |Upto 5 Clothes in One Fill | Travel Friendly |GS-02","1","MAA4","CUSTOMER_DAMAGED","DEFECTIVE","LPNMAA4Z2077225",
"2026-02-27T15:46:15+00:00","406-0177314-6632310","FBA79263","B0CYSLCRQS","X001ZOLVQP","NexLev Mattress, Sofa & Carpet Vacuum Cleaner | For Dust Mites, Allergens & Pet Hair | 4 Step Cleansing with Double Beat, UV Light, Dehumidification & Vacuum | HEPA captures 99.99% Dust|MR-01","1","DED4","SELLABLE","UNDELIVERABLE_REFUSED","LPNDED4A0966595",
"2026-02-27T10:44:50+00:00","171-5446022-8862769","FBA79570","B0DKJXRXKM","X0025R19UT","NexLev Blackhead & Whitehead Remover Tool | Rechargeable |1Hr Use| Acne & Pimple Pore Cleaner | 6 Heads | Electric Derma Suction Machine | Hydra Facial Cleanser Device for Face |For Men & Women |BR-01","1","BLR8","CUSTOMER_DAMAGED","DEFECTIVE","LPNBLR8Z4992915",
"2026-02-27T10:08:03+00:00","408-2667839-2805961","FBA79493","B0DQCWRG3H","X00272C0EV","nexlev Ionic 3 In 1 Hot Air Brush|1.5 Inch Barrel|Volumizer Blow Dry & Style|Ceramic Tourmaline Coated For Heat Protection|1200 Watts|Dual Bristle For Tangle Free Styling|Salon Like Soft Curl|V-03","1","AMD2","SELLABLE","DEFECTIVE","LPNAMD2M3491822",
"2026-02-27T08:33:18+00:00","406-8661023-9098728","FBA79374","B0D2P7WLJB","X0020GXQNX","NexLev Smart Electric Toothbrush for Adults |2-Min Timer with Quadpacer |2 Replaceable Heads | AAA Battery |3 Modes (Daily, Normal & Sesitive) |Upto 60 Days | Travel Case | Soft Bristles |ET-02 Green","1","BLR7","SELLABLE","UNDELIVERABLE_REFUSED","LPNBLR7Y6328660",
"2026-02-27T07:19:16+00:00","402-1541410-0609909","FBA79265","B0D2LHNS9B","X0020FWBW1","NexLev Foot Callus Remover | Electric Scrubber & Shaver for Dead, Hard & Cracked Skin | Professional Pedicure at Home | Waterproof | Type C | 3 Crystal Quartz Heads | For Men and Women| CR-01","1","BOM7","SELLABLE","UNDELIVERABLE_REFUSED","LPNBOM7D18911865",
"2026-02-27T06:41:38+00:00","403-1603391-8651549","FBA79567","B0DNJS23HS","X0026FJYJD","NexLev 10 in 1 Steam Cleaner & Mop|2 Steam Modes| Mopping & Deep Cleaning Home Car Sofa Bathroom Kitchen & Office |For All Surfaces|350ML|Chemical Free Cleaning | Detachable & Foldable|SC-04","1","DEL4","CARRIER_DAMAGED","UNDELIVERABLE_REFUSED","LPNDEL4AA2661018",
"2026-02-27T06:20:34+00:00","406-7210067-4971506","FBA79567","B0DNJS23HS","X0026FJYJD","NexLev 10 in 1 Steam Cleaner & Mop|2 Steam Modes| Mopping & Deep Cleaning Home Car Sofa Bathroom Kitchen & Office |For All Surfaces|350ML|Chemical Free Cleaning | Detachable & Foldable|SC-04","1","BOM5","CUSTOMER_DAMAGED","QUALITY_UNACCEPTABLE","LPNBOM5F4696456",
"2026-02-27T04:53:54+00:00","408-3014772-6257142","FBA79263","B0CYSLCRQS","X001ZOLVQP","NexLev Mattress, Sofa & Carpet Vacuum Cleaner | For Dust Mites, Allergens & Pet Hair | 4 Step Cleansing with Double Beat, UV Light, Dehumidification & Vacuum | HEPA captures 99.99% Dust|MR-01","1","LKO1","SELLABLE","DEFECTIVE","LPNLKO1B0353933",
"2026-02-27T04:32:02+00:00","403-5423496-6686753","FBA78980","B0CDPMX152","X001U1DYK9","NexLev Handheld Garment Steamer | 1500 Watts | 300 ML| Standing & Horizontal Iron Press | Damage Free Steaming for all Cloth Types | 25s Quick Heat |Upto 5 Clothes in One Fill | Travel Friendly |GS-02","1","BOM5","SELLABLE","DEFECTIVE","LPNBOM5F4693889",
"2026-02-27T04:15:12+00:00","404-3072896-5937123","FBA78981","B0CDPP45BM","X001U1K281","NexLev Steam Cleaner | For Complete Home Kitchen Bathroom Car Sofa & Office Cleaning Machine | 9 Accessories |300 ML | Window Pane, Sink, Chimney Grease, Water Stain Cleaner| 4 Mtr Cord | 1000W |SC-01","1","BOM5","CUSTOMER_DAMAGED","SWITCHEROO","LPNBOM5F4693872",
"2026-02-26T19:36:27+00:00","408-8379517-7275526","FBA78981","B0CDPP45BM","X001U1K281","NexLev Steam Cleaner | For Complete Home Kitchen Bathroom Car Sofa & Office Cleaning Machine | 9 Accessories |300 ML | Window Pane, Sink, Chimney Grease, Water Stain Cleaner| 4 Mtr Cord | 1000W |SC-01","1","DED4","CARRIER_DAMAGED","UNDELIVERABLE_REFUSED","LPNDED4A0770522",
"2026-02-26T11:35:36+00:00","171-6992680-3318749","FBA79811","B0FSF1N457","X002EUQV41","NexLev Mini Electric Chopper | 3D Stainless Steel Blade | Food Grade Bowl | For Mincing Garlic Ginger Onion Vegetable Meat Nuts | 250 ml | One Touch Operation | MC-01","1","BOM5","SELLABLE","NOT_AS_DESCRIBED","LPNBOM5F4652403","Size is very small"
"2026-02-26T10:04:18+00:00","405-1451881-4066740","FBA79652","B0F43P6D23","X002A07CLV","nexlev Steam Cleaner | Complete Home Kitchen Floor Bathroom Car & Office Cleaning Machine | 9 Accessories | 450 ML | Window Pane Sink Grime Chimney Grease Water Stain Cleaner| 4 M Cord |1050W |SC-05","1","BLR8","SELLABLE","UNDELIVERABLE_REFUSED","LPNBLR8Z4974000",
"2026-02-26T08:55:48+00:00","403-7714611-6869906","FBA79483","B0DK9NRBWJ","X0025NX1BX","NexLev Intimate Trimmer for Men|Ceramic Blade|120 Min Runtime|Type C Charge | IPX7 Waterproof | 7000RPM Copper Motor| Cordless|LED Light| Travel Lock| Wet/Dry Groin & Body Shaver | Intimate Pro TM-03","1","HYD8","CUSTOMER_DAMAGED","DEFECTIVE","LPNHYD8EH85717",
"2026-02-26T08:16:21+00:00","171-0045062-3885110","FBA79277","B0D672NXC8","X0021NWGBN","Nexlev SWIPE Steam Cleaner | 3.5 Bar Strong Steam|Multipurpose Steam Cleaner for Car, Kitchen, Bathroom, Floor, Window, Glass, Upholstery| 8 Accessories Kit|Safety Lock| Large 700ML Water Tank | SC-03","1","MAA4","CUSTOMER_DAMAGED","QUALITY_UNACCEPTABLE","LPNMAA4Z2112695",
"2026-02-26T08:13:40+00:00","171-1042202-1429931","FBA79263","B0CYSLCRQS","X001ZOLVQP","NexLev Mattress, Sofa & Carpet Vacuum Cleaner | For Dust Mites, Allergens & Pet Hair | 4 Step Cleansing with Double Beat, UV Light, Dehumidification & Vacuum | HEPA captures 99.99% Dust|MR-01","1","LKO1","SELLABLE","DEFECTIVE","LPNLKO1B0504304",
"2026-02-26T08:01:44+00:00","406-6999012-9681921","FBA79439","B0DCK7ZH5P","X0023KW3JJ","NexLev Mattress, Sofa, Carpet & Car Seat Vacuum Cleaner|For Dust Mites Allergens & Pet Hair|Cordless Design|1500*3 mAh |UV Sterilization, Double Beat Technology|Type C| HEPA captures 99.99% Dust|MR-02","1","PNQ3","SELLABLE","UNDELIVERABLE_REFUSED","LPNPNQ3A4258944",
"2026-02-26T06:46:23+00:00","402-3798033-2049166","FBA79570","B0DKJXRXKM","X0025R19UT","NexLev Blackhead & Whitehead Remover Tool | Rechargeable |1Hr Use| Acne & Pimple Pore Cleaner | 6 Heads | Electric Derma Suction Machine | Hydra Facial Cleanser Device for Face |For Men & Women |BR-01","1","HYD8","CUSTOMER_DAMAGED","DEFECTIVE","LPNHYD8EH33545",
"2026-02-26T05:55:18+00:00","406-9545896-7432318","FBA79452","B0DCGHVN81","X0023JV0A3","NexLev 2 in 1 Handheld & Stick Vacuum Cleaner | 17500 PA Suction | Dry Vacuuming for Home & Office | Washable HEPA Filter | 4 Adjustable Heads | Bagless| Deep Cleaning for Sofa Bed Window & more|VC-01","1","BOM5","SELLABLE","DEFECTIVE","LPNBOM5F4418987",
"2026-02-26T05:53:49+00:00","171-6891589-6921948","FBA79276","B0D2LJSQXZ","X0020G47PT","NexLev Steam Mop | Chemical Free Mopping | Floor Cleaning + Carpet Steaming | 4 Extra Mop Pads | 400 ML | 1300W | Floor Disinfectant | For All Floor Types | 4mtr long Cord | Wet & Dry Mopping | SM-01","1","BOM5","SELLABLE","UNDELIVERABLE_REFUSED","LPNBOM5F4630401",
"2026-02-26T05:45:57+00:00","402-2428490-7188300","FBA79489","B0DFD123P5","X00243S2SB","Nexlev MultiPurpose Electric Food Kettle|1.5 L Ceramic Pot | 600W| Boil, Steam, Fry, Saute| Double Layered Body| 2 Temperature Settings| Multi Cooker for Water, Egg, Tea, Soup, Noodles, Rice| KE-02","1","BLR8","CUSTOMER_DAMAGED","SWITCHEROO","LPNBLR8Z4983679",
"2026-02-26T05:21:17+00:00","404-8313753-5695552","FBA79819","B0FT8R24QM","X002F1TU0L","NexLev Lint Remover | for Woolen Sweaters Shirts Socks Jackets Suede Leggings Curtains & Carpets |Fabric Brush | Pill, Rue & Burr Remover | Battery Powered| Stainless Steel Blade |Safety Lock | LR-03","1","CCX1","SELLABLE","DEFECTIVE","LPNCCX1B2073091",
"2026-02-26T04:36:07+00:00","408-0449017-7227517","FBA79652","B0F43P6D23","X002A07CLV","NexLev Steam Cleaner | Complete Home Kitchen Floor Bathroom Car & Office Cleaning machine | 9 Accessories | 450 ML | Window Pane Sink Grime Chimney Grease Water Stain Cleaner| 4 M Cord |1050W |SC-05","1","BOM5","SELLABLE","DEFECTIVE","LPNBOM5F4652002",
"2026-02-26T04:12:49+00:00","406-0025699-8745922","FBA79488","B0DFCG2VGS","X002435QZX","Nexlev Multi Purpose Electric Food Kettle|1.8L Stainless Steel Pot| 600W|Boil, Steam, Fry, Saute| Double Layered Body|2 Heat Settings|Multi Function for Water, Milk, Egg, Soup, Noodles|KE-01","1","BOM5","CARRIER_DAMAGED","SWITCHEROO","LPNBOM5F4636315",
"2026-02-26T04:04:25+00:00","402-7484332-7651524","FBA79349","B0D9KDQCCM","X00230EXN3","Nexlev Portable Sewing Machine| 2 Speed Settings| Cordless| Battery operated| USB Type C cord for Plug-in| Quick Fix DIY|Portable & Compact| for all Fabrics| 1 Year Warranty| White","1","CCX1","CARRIER_DAMAGED","UNDELIVERABLE_REFUSED","LPNCCX1A9162764",
"2026-02-26T03:35:33+00:00","408-7793624-4516325","FBA79570","B0DKJXRXKM","X0025R19UT","NexLev Blackhead & Whitehead Remover Tool | Rechargeable |1Hr Use| Acne & Pimple Pore Cleaner | 6 Heads | Electric Derma Suction Machine | Hydra Facial Cleanser Device for Face |For Men & Women |BR-01","1","HYD8","CUSTOMER_DAMAGED","DEFECTIVE","LPNHYD8EH54693",
"2026-02-25T19:38:58+00:00","403-7839928-4744360","FBA78981","B0CDPP45BM","X001U1K281","NexLev Steam Cleaner | For Complete Home Kitchen Bathroom Car Sofa & Office Cleaning Machine | 9 Accessories |300 ML | Window Pane, Sink, Chimney Grease, Water Stain Cleaner| 4 Mtr Cord | 1000W |SC-01","1","BLR8","CUSTOMER_DAMAGED","QUALITY_UNACCEPTABLE","LPNBLR8Z5074656",
"2026-02-25T16:41:26+00:00","403-9960138-9279554","FBA79263","B0CYSLCRQS","X001ZOLVQP","NexLev Mattress, Sofa & Carpet Vacuum Cleaner | For Dust Mites, Allergens & Pet Hair | 4 Step Cleansing with Double Beat, UV Light, Dehumidification & Vacuum | HEPA captures 99.99% Dust|MR-01","1","BLR8","CARRIER_DAMAGED","DEFECTIVE","LPNBLR8Z5107849",
"2026-02-25T12:20:25+00:00","171-2414499-4585167","FBA79493","B0DQCWRG3H","X00272C0EV","nexlev Ionic 3 In 1 Hot Air Brush|1.5 Inch Barrel|Volumizer Blow Dry & Style|Ceramic Tourmaline Coated For Heat Protection|1200 Watts|Dual Bristle For Tangle Free Styling|Salon Like Soft Curl|V-03","1","CJB1","SELLABLE","UNDELIVERABLE_REFUSED","LPNCJB1Y923031",
"2026-02-25T09:50:57+00:00","408-3452085-6141908","FBA79374","B0D2P7WLJB","X0020GXQNX","NexLev Smart Electric Toothbrush for Adults |2-Min Timer with Quadpacer |2 Replaceable Heads | AAA Battery |3 Modes (Daily, Normal & Sesitive) |Upto 60 Days | Travel Case | Soft Bristles |ET-02 Green","1","HYD8","SELLABLE","UNDELIVERABLE_REFUSED","LPNHYD8EH45084",
"2026-02-25T08:28:29+00:00","408-1756540-5765144","FBA79263","B0CYSLCRQS","X001ZOLVQP","NexLev Mattress, Sofa & Carpet Vacuum Cleaner | For Dust Mites, Allergens & Pet Hair | 4 Step Cleansing with Double Beat, UV Light, Dehumidification & Vacuum | HEPA captures 99.99% Dust|MR-01","1","DED4","DEFECTIVE","DAMAGED_BY_FC","LPNDED4A0791437","This product is uselesss. Not working UV LIGHT"
"2026-02-25T07:41:54+00:00","404-9543039-4936325","FBA79591","B0DM66B2DW","X00263H6N1","NexLev Knee Massager for Joint Pain Relief |Controlled Vibration & Heating for Arthritis, Knee, Shoulder or Elbow pain | 15 modes |2 Extension Belt |Graphene Heating pad for Consistent Heating | KM-01","1","CCX1","CUSTOMER_DAMAGED","DAMAGED_BY_CARRIER","LPNCCX1A3442964",
"2026-02-25T07:41:54+00:00","404-9543039-4936325","FBA79591","B0DM66B2DW","X00263H6N1","NexLev Knee Massager for Joint Pain Relief |Controlled Vibration & Heating for Arthritis, Knee, Shoulder or Elbow pain | 15 modes |2 Extension Belt |Graphene Heating pad for Consistent Heating | KM-01","1","CCX1","CUSTOMER_DAMAGED","DAMAGED_BY_CARRIER","LPNCCX1B2033684",
"2026-02-25T06:57:39+00:00","406-2437946-4230764","FBA79263","B0CYSLCRQS","X001ZOLVQP","NexLev Mattress, Sofa & Carpet Vacuum Cleaner | For Dust Mites, Allergens & Pet Hair | 4 Step Cleansing with Double Beat, UV Light, Dehumidification & Vacuum | HEPA captures 99.99% Dust|MR-01","1","PNQ3","CARRIER_DAMAGED","DEFECTIVE","LPNPNQ3A4233567",
"2026-02-25T06:48:39+00:00","406-1472285-4924301","FBA79464","B0DFCDKMWR","X002432A75","NexLev Cordless Electric Heating Pad| Period Cramp & Back Pain Relief Massager | 9 modes| Menstrual Cramp Relief|Type C| Crampfree Periods | Portable | Gift for Women| Strap upto 40 Inch |Blue CM-01","1","PNQ3","SELLABLE","UNDELIVERABLE_REFUSED","LPNPNQ3A4266064",
"2026-02-25T06:25:23+00:00","408-1852071-4220312","FBA79374","B0D2P7WLJB","X0020GXQNX","NexLev Smart Electric Toothbrush for Adults |2-Min Timer with Quadpacer |2 Replaceable Heads | AAA Battery |3 Modes (Daily, Normal & Sesitive) |Upto 60 Days | Travel Case | Soft Bristles |ET-02 Green","1","HYD8","SELLABLE","UNDELIVERABLE_REFUSED","LPNHYD8EB68931",
"2026-02-25T06:13:19+00:00","408-6192449-8357967","FBA79567","B0DNJS23HS","X0026FJYJD","NexLev 10 in 1 Steam Cleaner & Mop|2 Steam Modes| Mopping & Deep Cleaning Home Car Sofa Bathroom Kitchen & Office |For All Surfaces|350ML|Chemical Free Cleaning | Detachable & Foldable|SC-04","1","DEL4","CUSTOMER_DAMAGED","MISSING_PARTS","LPNDEL4AA2660306",
"2026-02-25T05:59:15+00:00","171-8900886-1221120","FBA79276","B0D2LJSQXZ","X0020G47PT","NexLev Steam Mop | Chemical Free Mopping | Floor Cleaning + Carpet Steaming | 4 Extra Mop Pads | 400 ML | 1300W | Floor Disinfectant | For All Floor Types | 4mtr long Cord | Wet & Dry Mopping | SM-01","1","BOM5","SELLABLE","UNDELIVERABLE_REFUSED","LPNBOM5F4674817",
"2026-02-25T05:45:01+00:00","171-9667299-0908307","FBA79349","B0D9KDQCCM","X00230EXN3","Nexlev Portable Sewing Machine| 2 Speed Settings| Cordless| Battery operated| USB Type C cord for Plug-in| Quick Fix DIY|Portable & Compact| for all Fabrics| 1 Year Warranty| White","1","PNQ3","CUSTOMER_DAMAGED","MISSING_PARTS","LPNPNQ3A4349048",
"2026-02-25T05:23:11+00:00","407-4844168-3645165","FBA79381","B0D9KCNVNM","X00230D55Z","Nexlev Oscillating Electric Toothbrush | 8000 Strokes/min | 25 Days Battery Life |Type C|3 modes| 2 Minute Timer |Quad Change Reminder| IPX7 Waterproof | For adults| 1 year warranty| SparklePro ETR-06","1","HYD8","SELLABLE","UNDELIVERABLE_REFUSED","LPNHYD8EB68840",
"2026-02-25T05:19:58+00:00","403-0851583-5803567","FBA79567","B0DNJS23HS","X0026FJYJD","NexLev 10 in 1 Steam Cleaner & Mop|2 Steam Modes| Mopping & Deep Cleaning Home Car Sofa Bathroom Kitchen & Office |For All Surfaces|350ML|Chemical Free Cleaning | Detachable & Foldable|SC-04","1","LKO1","CARRIER_DAMAGED","UNDELIVERABLE_REFUSED","LPNLKO1B0291718",
"2026-02-25T04:38:05+00:00","408-4649514-6514732","FBA79812","B0FS6TB7CP","X002F7TH85","NexLev Portable Blender for Smoothies Milkshakes Crushing Ice Juices | 6 Leaf Stainless Steel Blade | 3000 mAh Battery | Type C | Mix Fruit Juicer Mini | 450ml | For Kitchen & Travel | PB-01","1","BOM5","SELLABLE","UNDELIVERABLE_REFUSED","LPNBOM5F4619617",
"2026-02-25T04:01:45+00:00","406-8738975-4849136","FBA79590","B0DM6BB3VT","X00263BT43","NexLev Calf Massager | Daily Use Leg Massager for Sore Muscle |1 Piece | Hand Like Massage with Air Compression | Improve Blood Circulation & Relieve Pain | 2500 mAh | Large Belt | Type C |CFM-01","1","PNQ3","SELLABLE","QUALITY_UNACCEPTABLE","LPNPNQ3A4284960",
"2026-02-25T03:12:56+00:00","408-5127654-7869918","FBA79263","B0CYSLCRQS","X001ZOLVQP","NexLev Mattress, Sofa & Carpet Vacuum Cleaner | For Dust Mites, Allergens & Pet Hair | 4 Step Cleansing with Double Beat, UV Light, Dehumidification & Vacuum | HEPA captures 99.99% Dust|MR-01","1","DED4","SELLABLE","DEFECTIVE","LPNDED4A0791195",
"2026-02-24T19:36:40+00:00","171-1318614-0055542","FBA79439","B0DCK7ZH5P","X0023KW3JJ","NexLev Mattress, Sofa, Carpet & Car Seat Vacuum Cleaner|For Dust Mites Allergens & Pet Hair|Cordless Design|1500*3 mAh |UV Sterilization, Double Beat Technology|Type C| HEPA captures 99.99% Dust|MR-02","1","DED4","SELLABLE","ORDERED_WRONG_ITEM","LPNDED4A0516562",
"2026-02-24T12:18:17+00:00","408-6458741-0573101","FBA79819","B0FT8R24QM","X002F1TU0L","NexLev Lint Remover | for Woolen Sweaters Shirts Socks Jackets Suede Leggings Curtains & Carpets |Fabric Brush | Pill, Rue & Burr Remover | Battery Powered| Stainless Steel Blade |Safety Lock | LR-03","1","DEL4","SELLABLE","DEFECTIVE","LPNDEL4AA2552437",
"2026-02-24T11:47:51+00:00","405-2862071-5389100","FBA78981","B0CDPP45BM","X001U1K281","NexLev Steam Cleaner | For Complete Home Kitchen Bathroom Car Sofa & Office Cleaning Machine | 9 Accessories |300 ML | Window Pane, Sink, Chimney Grease, Water Stain Cleaner| 4 Mtr Cord | 1000W |SC-01","1","MAA4","SELLABLE","NO_REASON_GIVEN","LPNMAA4Z1881634",
"2026-02-24T11:20:50+00:00","407-7031236-5233147","FBA79277","B0D672NXC8","X0021NWGBN","Nexlev SWIPE Steam Cleaner | 3.5 Bar Strong Steam|Multipurpose Steam Cleaner for Car, Kitchen, Bathroom, Floor, Window, Glass, Upholstery| 8 Accessories Kit|Safety Lock| Large 700ML Water Tank | SC-03","1","AMD2","CUSTOMER_DAMAGED","QUALITY_UNACCEPTABLE","LPNAMD2M3503034",
"2026-02-24T10:01:37+00:00","408-0630183-2965109","FBP79350","B0D67727VG","X0024F173L","NexLev LED Therapy Oil Applicator | Reduce Dandruff | Improve Hair Growth | EMS for Scalp Improvement | Red & Blue Light | High Frequency Massage for Better Absorption | 10 ML | Waterproof | EA-01","1","MAA4","SELLABLE","DEFECTIVE","LPNMAA4Z1881582",
"2026-02-24T09:56:50+00:00","403-5650608-1947508","FBA79652","B0F43P6D23","X002A07CLV","NexLev Steam Cleaner | Complete Home Kitchen Floor Bathroom Car & Office Cleaning machine | 9 Accessories | 450 ML | Window Pane Sink Grime Chimney Grease Water Stain Cleaner| 4 M Cord |1050W |SC-05","1","BLR7","SELLABLE","DAMAGED_BY_CARRIER","LPNBLR7Y5370403","The water is leaking while trying to spray and the holder is broken also We don’t want the product"
"2026-02-24T09:23:58+00:00","404-7151021-4579505","FBA79279","B0D8445KJN","X0022J52E9","NexLev Rechargeable Lint Remover | for Woollen Sweaters Pill, Rue & Burr Remover | 60min Use Time | Type C |Defuzzer | Lint Brush for Coat | 2 Modes | SS Blade | Safety Lock | LR-01","1","DED4","SELLABLE","UNDELIVERABLE_REFUSED","LPNDED4A0718307",
"2026-02-24T09:00:00+00:00","403-8086175-4133128","FBA79268","B0D383WQPB","X0020OHLDV","NexLev Foldable Garment Steamer for Home & Travel | Convenient Vertical Steaming | 1200W | 120 ml | Lightweight & Compact | 30s Fast Heating | Iron for all Cloth Types | 2 M cord | Anti Spill | GS-05","1","MAA4","CUSTOMER_DAMAGED","SWITCHEROO","LPNMAA4Z1881523",
"2026-02-24T07:56:25+00:00","403-0697228-7905939","FBA79349","B0D9KDQCCM","X00230EXN3","Nexlev Portable Sewing Machine| 2 Speed Settings| Cordless| Battery operated| USB Type C cord for Plug-in| Quick Fix DIY|Portable & Compact| for all Fabrics| 1 Year Warranty| White","1","DEL5","CUSTOMER_DAMAGED","QUALITY_UNACCEPTABLE","LPNDEL5S12694301",
"2026-02-24T07:46:00+00:00","403-8813294-5076366","FBA79493","B0DQCWRG3H","X00272C0EV","nexlev Ionic 3 In 1 Hot Air Brush|1.5 Inch Barrel|Volumizer Blow Dry & Style|Ceramic Tourmaline Coated For Heat Protection|1200 Watts|Dual Bristle For Tangle Free Styling|Salon Like Soft Curl|V-03","1","BLR7","SELLABLE","UNDELIVERABLE_REFUSED","LPNBLR7Y5196726",
"2026-02-24T07:04:12+00:00","404-8646938-6806757","FBA79488","B0DFCG2VGS","X002435QZX","Nexlev Multi Purpose Electric Food Kettle|1.8L Stainless Steel Pot| 600W|Boil, Steam, Fry, Saute| Double Layered Body|2 Heat Settings|Multi Function for Water, Milk, Egg, Soup, Noodles|KE-01","1","BLR8","SELLABLE","SWITCHEROO","LPNBLR8Z3083018","Low quality item"
"2026-02-24T06:54:05+00:00","403-7994880-8788350","FBA79679","B0DVC7VJP1","X002876EAV","NexLev Stand Mixer |5.5L SS Bowl | 1500W |10 Speeds | Pulse Function |Planetary Rotation | Whisk, Beater & Dough Hook|100% Copper Motor | For Roti & Cookie Dough, Cake Making, Whip Cream & more |ST-01","1","DEL4","SELLABLE","QUALITY_UNACCEPTABLE","LPNDEL4AA2660065",
"2026-02-24T06:32:28+00:00","171-8968137-9359508","FBK79271","B0DQ8W1RBV","X00271JY6J","nexlev Ionic Volumizer|3 In 1 Hot Air Brush To Straight Dry & Volumize|1200 Watts|Reduce Frizz|Ceramic Tourmaline Coated Large Barrel|Salon Like Soft Curl At Home|3 Speed & 2 Heat Settings|V-01 RG","1","DEL4","DAMAGED","UNDELIVERABLE_REFUSED","LPNDEL4AA2791589",
"2026-02-24T05:43:52+00:00","404-4226716-7733129","FBA79652","B0F43P6D23","X002A07CLV","NexLev Steam Cleaner | Complete Home Kitchen Floor Bathroom Car & Office Cleaning machine | 9 Accessories | 450 ML | Window Pane Sink Grime Chimney Grease Water Stain Cleaner| 4 M Cord |1050W |SC-05","1","BLR7","CUSTOMER_DAMAGED","MISORDERED","LPNBLR7Y5921919",
"2026-02-24T05:24:42+00:00","171-8770211-4417145","FBA79488","B0DFCG2VGS","X002435QZX","Nexlev Multi Purpose Electric Food Kettle|1.8L Stainless Steel Pot| 600W|Boil, Steam, Fry, Saute| Double Layered Body|2 Heat Settings|Multi Function for Water, Milk, Egg, Soup, Noodles|KE-01","1","HYD8","SELLABLE","UNDELIVERABLE_REFUSED","LPNHYD8EH66367",
"2026-02-24T05:00:50+00:00","171-6702660-2634757","FBA79652","B0F43P6D23","X002A07CLV","NexLev Steam Cleaner | Complete Home Kitchen Floor Bathroom Car & Office Cleaning machine | 9 Accessories | 450 ML | Window Pane Sink Grime Chimney Grease Water Stain Cleaner| 4 M Cord |1050W |SC-05","1","BOM5","SELLABLE","DEFECTIVE","LPNBOM5F4699501",
"2026-02-24T04:50:13+00:00","408-0401260-4484355","FBA79590","B0DM6BB3VT","X00263BT43","NexLev Calf Massager | Daily Use Leg Massager for Sore Muscle |1 Piece | Hand Like Massage with Air Compression | Improve Blood Circulation & Relieve Pain | 2500 mAh | Large Belt | Type C |CFM-01","1","AMD2","SELLABLE","UNDELIVERABLE_REFUSED","LPNAMD2M2962859",
"2026-02-24T04:32:15+00:00","171-5738403-8905937","FBA79567","B0DNJS23HS","X0026FJYJD","NexLev 10 in 1 Steam Cleaner & Mop|2 Steam Modes| Mopping & Deep Cleaning Home Car Sofa Bathroom Kitchen & Office |For All Surfaces|350ML|Chemical Free Cleaning | Detachable & Foldable|SC-04","1","BOM5","CUSTOMER_DAMAGED","SWITCHEROO","LPNBOM5F4674184",
"2026-02-24T04:22:25+00:00","171-7425748-2557130","FBA79263","B0CYSLCRQS","X001ZOLVQP","NexLev Mattress, Sofa & Carpet Vacuum Cleaner | For Dust Mites, Allergens & Pet Hair | 4 Step Cleansing with Double Beat, UV Light, Dehumidification & Vacuum | HEPA captures 99.99% Dust|MR-01","1","DED4","SELLABLE","DEFECTIVE","LPNDED4A0950034",
"2026-02-24T03:26:18+00:00","405-2517550-0416307","FBA79819","B0FT8R24QM","X002F1TU0L","NexLev Lint Remover | for Woolen Sweaters Shirts Socks Jackets Suede Leggings Curtains & Carpets |Fabric Brush | Pill, Rue & Burr Remover | Battery Powered| Stainless Steel Blade |Safety Lock | LR-03","1","DED4","SELLABLE","SWITCHEROO","LPNDED4A0942821","I need electric operated"
"2026-02-23T11:12:22+00:00","408-9622613-9800329","FBA79819","B0FT8R24QM","X002F1TU0L","NexLev Lint Remover | for Woolen Sweaters Shirts Socks Jackets Suede Leggings Curtains & Carpets |Fabric Brush | Pill, Rue & Burr Remover | Battery Powered| Stainless Steel Blade |Safety Lock | LR-03","1","BOM7","CUSTOMER_DAMAGED","DEFECTIVE","LPNBOM7D18966409",
"2026-02-23T11:07:18+00:00","171-0966996-8568304","FBA79493","B0DQCWRG3H","X00272C0EV","nexlev Ionic 3 In 1 Hot Air Brush|1.5 Inch Barrel|Volumizer Blow Dry & Style|Ceramic Tourmaline Coated For Heat Protection|1200 Watts|Dual Bristle For Tangle Free Styling|Salon Like Soft Curl|V-03","1","CJB1","SELLABLE","UNDELIVERABLE_REFUSED","LPNCJB1Y862885",
"2026-02-23T09:47:57+00:00","406-9741934-4811509","FBA79567","B0DNJS23HS","X0026FJYJD","NexLev 10 in 1 Steam Cleaner & Mop|2 Steam Modes| Mopping & Deep Cleaning Home Car Sofa Bathroom Kitchen & Office |For All Surfaces|350ML|Chemical Free Cleaning | Detachable & Foldable|SC-04","1","MAA4","CUSTOMER_DAMAGED","NEVER_ARRIVED","LPNMAA4Z2111952",
"2026-02-23T09:41:08+00:00","406-3810299-0818769","FBA79280","B0D845B2DG","X0022J93DP","NexLev Rechargeable Lint Remover | for Woollen Sweaters Shirts Coat Curtains & Carpets | Rue & Burr Remover | 180 Min Use | TypeC | SS Blade | 2000mAh | 3 Speed Modes | Safety Lock | LR-02","1","DEL4","SELLABLE","UNDELIVERABLE_REFUSED","LPNDEL4AA2560920",
"2026-02-23T08:53:59+00:00","407-8407668-5880350","FBA79381","B0D9KCNVNM","X00230D55Z","Nexlev Oscillating Electric Toothbrush | 8000 Strokes/min | 25 Days Battery Life |Type C|3 modes| 2 Minute Timer |Quad Change Reminder| IPX7 Waterproof | For adults| 1 year warranty| SparklePro ETR-06","1","HYD8","SELLABLE","UNDELIVERABLE_REFUSED","LPNHYD8EB67988",
"2026-02-23T07:14:23+00:00","407-4252321-5521919","FBA79811","B0FSF1N457","X002EUQV41","NexLev Mini Electric Chopper | 3D Stainless Steel Blade | Food Grade Bowl | For Mincing Garlic Ginger Onion Vegetable Meat Nuts | 250 ml | One Touch Operation | MC-01","1","BLR8","SELLABLE","UNDELIVERABLE_REFUSED","LPNBLR8Z4981901",
"2026-02-23T06:39:38+00:00","403-3053495-4781966","FBA79349","B0D9KDQCCM","X00230EXN3","Nexlev Portable Sewing Machine| 2 Speed Settings| Cordless| Battery operated| USB Type C cord for Plug-in| Quick Fix DIY|Portable & Compact| for all Fabrics| 1 Year Warranty| White","1","BLR8","SELLABLE","QUALITY_UNACCEPTABLE","LPNBLR8Z5095042","Quality not good"
"2026-02-23T06:09:26+00:00","408-8228550-2018744","FBA79570","B0DKJXRXKM","X0025R19UT","NexLev Blackhead & Whitehead Remover Tool | Rechargeable |1Hr Use| Acne & Pimple Pore Cleaner | 6 Heads | Electric Derma Suction Machine | Hydra Facial Cleanser Device for Face |For Men & Women |BR-01","1","CCX1","SELLABLE","UNDELIVERABLE_REFUSED","LPNCCX1B2068269",
"2026-02-23T06:00:01+00:00","408-0229858-3798731","FBA79607","B0F2N11VTN","X0029POFHV","NexLev Replacement Stainless Steel Blades (Set of 2) | Compatible with NexLev Lint Remover LR-02 | Sharp & Durable Blades for Effective Fabric Defuzzing | Easy to Replace | Smooth & Safe Performance","1","CJB1","SELLABLE","UNDELIVERABLE_UNKNOWN","LPNCJB1Y842921",
"2026-02-23T05:29:39+00:00","407-0083172-8030765","FBK79271","B0DQ8W1RBV","X00271JY6J","nexlev Ionic Volumizer|3 In 1 Hot Air Brush To Straight Dry & Volumize|1200 Watts|Reduce Frizz|Ceramic Tourmaline Coated Large Barrel|Salon Like Soft Curl At Home|3 Speed & 2 Heat Settings|V-01 RG","1","CCX1","SELLABLE","UNDELIVERABLE_REFUSED","LPNCCX1B2106498",
"2026-02-23T05:25:21+00:00","404-5511219-1415531","FBA78981","B0CDPP45BM","X001U1K281","NexLev Steam Cleaner | For Complete Home Kitchen Bathroom Car Sofa & Office Cleaning Machine | 9 Accessories |300 ML | Window Pane, Sink, Chimney Grease, Water Stain Cleaner| 4 Mtr Cord | 1000W |SC-01","1","BOM5","CUSTOMER_DAMAGED","SWITCHEROO","LPNBOM5F4656951",
"2026-02-23T04:30:16+00:00","403-0732166-7893930","FBA79268","B0D383WQPB","X0020OHLDV","NexLev Foldable Garment Steamer for Home & Travel | Convenient Vertical Steaming | 1200W | 120 ml | Lightweight & Compact | 30s Fast Heating | Iron for all Cloth Types | 2 M cord | Anti Spill | GS-05","1","HYD8","SELLABLE","UNDELIVERABLE_REFUSED","LPNHYD8DZ04361",
"2026-02-23T04:00:32+00:00","404-7877534-8586740","FBA79812","B0FS6TB7CP","X002F7TH85","NexLev Portable Blender for Smoothies Milkshakes Crushing Ice Juices | 6 Leaf Stainless Steel Blade | 3000 mAh Battery | Type C | Mix Fruit Juicer Mini | 450ml | For Kitchen & Travel | PB-01","1","HYD8","SELLABLE","UNDELIVERABLE_REFUSED","LPNHYD8EA44518",
"2026-02-23T03:57:01+00:00","408-1848494-4623517","FBA78994","B0CDQ98FDM","X001U1NPIZ","NexLev Travel Neck Pillow | Orthopedic Premium Memory Foam | For Airplane, Car, Train, Office use & Cervical Pain | Machine Washable | 360 Support | Carry Pouch for Storage | NP-01","1","BOM7","CUSTOMER_DAMAGED","DEFECTIVE","LPNBOM7D18891055",
"2026-02-23T03:54:19+00:00","405-6074496-2141919","FBA79280","B0D845B2DG","X0022J93DP","NexLev Rechargeable Lint Remover | for Woollen Sweaters Shirts Coat Curtains & Carpets | Rue & Burr Remover | 180 Min Use | TypeC | SS Blade | 2000mAh | 3 Speed Modes | Safety Lock | LR-02","1","DEL4","CARRIER_DAMAGED","UNDELIVERABLE_REFUSED","LPNDEL4AA2422536",
"2026-02-23T03:37:51+00:00","405-1795024-3525940","FBA79273","B0D2LKB4BJ","X0020G1B0X","Nexlev Hair Styling Straightener & Curler| 2 in 1 Hair Styler| 200°C in 30 Seconds| Long Ceramic Floating Plates| Rounded Body for Curls| Plate lock| Portable |HS-02, Hair Straightener Tong - Purple","1","BLR8","SELLABLE","UNDELIVERABLE_UNKNOWN","LPNBLR8Z5201193",
"2026-02-22T15:58:39+00:00","406-9713371-6662763","FBA79349","B0D9KDQCCM","X00230EXN3","Nexlev Portable Sewing Machine| 2 Speed Settings| Cordless| Battery operated| USB Type C cord for Plug-in| Quick Fix DIY|Portable & Compact| for all Fabrics| 1 Year Warranty| White","1","DEL5","SELLABLE","UNDELIVERABLE_REFUSED","LPNDEL5S12941531",
"2026-02-22T11:59:32+00:00","405-0982462-6998707","FBA79819","B0FT8R24QM","X002F1TU0L","NexLev Lint Remover | for Woolen Sweaters Shirts Socks Jackets Suede Leggings Curtains & Carpets |Fabric Brush | Pill, Rue & Burr Remover | Battery Powered| Stainless Steel Blade |Safety Lock | LR-03","1","BLR8","SELLABLE","DEFECTIVE","LPNBLR8Z5189304",
"2026-02-22T11:29:56+00:00","406-3929656-0529916","FBA78980","B0CDPMX152","X001U1DYK9","NexLev Handheld Garment Steamer | 1500 Watts | 300 ML| Standing & Horizontal Iron Press | Damage Free Steaming for all Cloth Types | 25s Quick Heat |Upto 5 Clothes in One Fill | Travel Friendly |GS-02","1","BOM7","SELLABLE","UNDELIVERABLE_REFUSED","LPNBOM7D18907869",
"2026-02-22T10:49:27+00:00","171-6706562-1953137","FBA79265","B0D2LHNS9B","X0020FWBW1","NexLev Foot Callus Remover | Electric Scrubber & Shaver for Dead, Hard & Cracked Skin | Professional Pedicure at Home | Waterproof | Type C | 3 Crystal Quartz Heads | For Men and Women| CR-01","1","BOM5","CUSTOMER_DAMAGED","MISORDERED","LPNBOM5F4648676",
"2026-02-22T10:25:38+00:00","407-3009701-4425160","FBA79349","B0D9KDQCCM","X00230EXN3","Nexlev Portable Sewing Machine| 2 Speed Settings| Cordless| Battery operated| USB Type C cord for Plug-in| Quick Fix DIY|Portable & Compact| for all Fabrics| 1 Year Warranty| White","1","CCX1","SELLABLE","ORDERED_WRONG_ITEM","LPNCCX1A9253098",
"2026-02-22T10:15:20+00:00","402-3295343-0314768","FBA79570","B0DKJXRXKM","X0025R19UT","NexLev Blackhead & Whitehead Remover Tool | Rechargeable |1Hr Use| Acne & Pimple Pore Cleaner | 6 Heads | Electric Derma Suction Machine | Hydra Facial Cleanser Device for Face |For Men & Women |BR-01","1","HYD8","SELLABLE","UNDELIVERABLE_REFUSED","LPNHYD8EB80805",
"2026-02-22T09:11:26+00:00","408-1226574-6010716","FBP79350","B0D67727VG","X0024F173L","NexLev LED Therapy Oil Applicator | Reduce Dandruff | Improve Hair Growth | EMS for Scalp Improvement | Red & Blue Light | High Frequency Massage for Better Absorption | 10 ML | Waterproof | EA-01","1","DEL4","SELLABLE","DEFECTIVE","LPNDEL4AA2509573",
"2026-02-22T06:35:26+00:00","171-0163181-5400347","FBP79350","B0D67727VG","X0024F173L","NexLev LED Therapy Oil Applicator | Reduce Dandruff | Improve Hair Growth | EMS for Scalp Improvement | Red & Blue Light | High Frequency Massage for Better Absorption | 10 ML | Waterproof | EA-01","1","MAA4","CUSTOMER_DAMAGED","DEFECTIVE","LPNMAA4Z1976463",
"2026-02-22T06:26:40+00:00","408-2609686-8755530","FBA79567","B0DNJS23HS","X0026FJYJD","NexLev 10 in 1 Steam Cleaner & Mop|2 Steam Modes| Mopping & Deep Cleaning Home Car Sofa Bathroom Kitchen & Office |For All Surfaces|350ML|Chemical Free Cleaning | Detachable & Foldable|SC-04","1","DEL4","SELLABLE","UNDELIVERABLE_REFUSED","LPNDEL4AA2901102",
"2026-02-22T04:44:50+00:00","405-7225149-7701130","FBA79679","B0DVC7VJP1","X002876EAV","NexLev Stand Mixer |5.5L SS Bowl | 1500W |10 Speeds | Pulse Function |Planetary Rotation | Whisk, Beater & Dough Hook|100% Copper Motor | For Roti & Cookie Dough, Cake Making, Whip Cream & more |ST-01","1","BOM5","SELLABLE","UNDELIVERABLE_REFUSED","LPNBOM5F4656357",
"2026-02-22T03:38:59+00:00","408-2722456-3529945","FBA79652","B0F43P6D23","X002A07CLV","nexlev Steam Cleaner | Complete Home Kitchen Floor Bathroom Car & Office Cleaning Machine | 9 Accessories | 450 ML | Window Pane Sink Grime Chimney Grease Water Stain Cleaner| 4 M Cord |1050W |SC-05","1","BOM5","CARRIER_DAMAGED","UNDELIVERABLE_REFUSED","LPNBOM5F4648319",
