"return-date","order-id","sku","asin","fnsku","product-name","quantity","fulfillment-center-id","detailed-disposition","reason","license-plate-number","customer-comments"
"2026-05-22T07:22:18+00:00","403-1393124-6085969","FBA79615","B0DP2Z5DQ9","X0028XC7C9","White Mulberry 10-Step Height Adjustable Single Screen Monitor Stand for 17-32 Inch Monitor, 8 kg Load, VESA 75x75/100x100, DIY Installation (Black)","1","DEL2","CUSTOMER_DAMAGED","DEFECTIVE","LPNDEL2R83379448",
"2026-05-22T04:18:28+00:00","404-9949916-4243538","FBK79271","B0DQ8W1RBV","X0028X1WKH","Nexlev Ionic Volumizer|3 In 1 Hot Air Brush To Straight Dry & Volumize|1200 Watts|Reduce Frizz|Ceramic Tourmaline Coated Large Barrel|Salon Like Soft Curl At Home|3 Speed & 2 Heat Settings|V-01 RG","1","BLR5","CUSTOMER_DAMAGED","DEFECTIVE","LPNBLR5P5459695",
"2026-05-21T16:47:23+00:00","171-6737036-8756328","FBA79567","B0DNJS23HS","X0028X4EUR","Nexlev Steam Mop Floor Cleaner | SC-04 Steam Cleaner For Home With 2 Modes, 350ML Tank, Detachable Foldable Design For Car, Sofa, Bathroom, Kitchen & Multi-Surface Cleaning","1","BLR5","CARRIER_DAMAGED","UNDELIVERABLE_REFUSED","LPNBLR5P6750191",
"2026-05-21T10:15:43+00:00","405-4634273-2937143","FBK79788","B0FN4D3C89","X002DVGH59","White Mulberry Economy Fixed TV Wall Mount Bracket for 13-43 Inches |45kg|LED/LCD/Smart TV's, Universal VESA Compatible 75x75,200x200 mm MAX Slim Wall Mount Stand","1","CCX1","SELLABLE","UNDELIVERABLE_REFUSED","LPNCCX1B5279524",
"2026-05-21T07:51:19+00:00","171-3303169-2245930","FBK79789","B0FN4DSQ6P","X002DV4SQJ","White Mulberry Premium Economy Fixed TV Wall Mount Bracket for 32-65 Inches |45kg| LED/LCD/OLED/Smart & Curved TV's, VESA 50x50, 400x400 MAX, Slim Wall Stand","1","HYD8","SELLABLE","UNDELIVERABLE_REFUSED","LPNHYD8DZ88612",
"2026-05-21T06:52:02+00:00","408-9610470-9365928","FBA79277","B0D672NXC8","X0028X1YFZ","Nexlev SWIPE Steam Cleaner | 3.5 Bar Strong Steam|Multipurpose Steam Cleaner for Car, Kitchen, Bathroom, Floor, Window,Glass,Upholstery| 18 Accessories Kit|Safety Lock| Large 1200ML Water Tank | SC-03","1","DEL2","CUSTOMER_DAMAGED","QUALITY_UNACCEPTABLE","LPNDEL2R83703723",
"2026-05-21T05:07:06+00:00","406-4236464-2665163","FBK79789","B0FN4DSQ6P","X002DV4SQJ","White Mulberry Premium Economy Fixed TV Wall Mount Bracket for 32-65 Inches |45kg| LED/LCD/OLED/Smart & Curved TV's, VESA 50x50, 400x400 MAX, Slim Wall Stand","1","BLR5","CARRIER_DAMAGED","DEFECTIVE","LPNBLR5P7014571",
"2026-05-20T11:12:32+00:00","403-9274627-6001159","FBP79350","B0D67727VG","X002A16MCZ","NexLev LED Therapy Oil Applicator | Reduce Dandruff | Improve Hair Growth | EMS for Scalp Improvement | Red & Blue Light | High Frequency Massage for Better Absorption | 10 ML | Waterproof | EA-01","1","BLR5","SELLABLE","UNDELIVERABLE_REFUSED","LPNBLR5P5657930",
"2026-05-20T10:58:14+00:00","404-8602855-8157157","FBA79263","B0CYSLCRQS","X0027NUKUL","NexLev Mattress, Sofa & Carpet Vacuum Cleaner | For Dust Mites, Allergens & Pet Hair | 4 Step Cleansing with Double Beat, UV Light, Dehumidification & Vacuum | HEPA captures 99.99% Dust|MR-01","1","BLR5","CUSTOMER_DAMAGED","DEFECTIVE","LPNBLR5P5831302",
"2026-05-20T10:34:15+00:00","407-0316382-6029960","FBA79439","B0DCK7ZH5P","X0028X7N8H","NexLev Mattress, Sofa, Carpet & Car Seat Vacuum Cleaner|For Dust Mites Allergens & Pet Hair|Cordless Design|1500*3 mAh |UV Sterilization, Double Beat Technology|Type C| HEPA captures 99.99% Dust|MR-02","1","BLR5","CUSTOMER_DAMAGED","SWITCHEROO","LPNBLR5P5459242",
"2026-05-20T07:48:52+00:00","171-0226379-3218724","FBK79789","B0FN4DSQ6P","X002DV4SQJ","White Mulberry Premium Economy Fixed TV Wall Mount Bracket for 32-65 Inches |45kg| LED/LCD/OLED/Smart & Curved TV's, VESA 50x50, 400x400 MAX, Slim Wall Stand","1","BLR5","CARRIER_DAMAGED","UNDELIVERABLE_REFUSED","LPNBLR5P6263671",
"2026-05-20T06:41:42+00:00","405-1024497-0745157","FBA62963","B072F5J32C","X001SVNVNV","Lewitt LCT-240 Pro Cardioid Condenser Microphone for Professional Recording (Black)","1","LKO1","SELLABLE","UNDELIVERABLE_UNKNOWN","LPNLKO1B1587398",
"2026-05-20T04:21:22+00:00","404-8416825-9074708","FBK79789","B0FN4DSQ6P","X002DV4SQJ","White Mulberry Premium Economy Fixed TV Wall Mount Bracket for 32-65 Inches |45kg| LED/LCD/OLED/Smart & Curved TV's, VESA 50x50, 400x400 MAX, Slim Wall Stand","1","DEL2","SELLABLE","UNDELIVERABLE_REFUSED","LPNDEL2R83529418",
"2026-05-19T09:16:34+00:00","404-4164487-4945932","FBA79590","B0DM6BB3VT","X0028X4EW5","NexLev Calf Massager | Daily Use Leg Massager for Sore Muscle |1 Piece | Hand Like Massage with Air Compression | Improve Blood Circulation & Relieve Pain | 2500 mAh | Large Belt | Type C |CFM-01","1","DEL2","SELLABLE","DEFECTIVE","LPNDEL2R83068166",
"2026-05-19T08:43:07+00:00","171-5980368-2066754","FBA79263","B0CYSLCRQS","X0027NUKUL","NexLev Mattress, Sofa & Carpet Vacuum Cleaner | For Dust Mites, Allergens & Pet Hair | 4 Step Cleansing with Double Beat, UV Light, Dehumidification & Vacuum | HEPA captures 99.99% Dust|MR-01","1","BOM7","SELLABLE","DEFECTIVE","LPNBOM7D20079267",
"2026-05-19T07:54:25+00:00","405-9821440-2061950","FBK79791","B0FN4HDM6Z","X002DVFBBP","White Mulberry Premium Full Motion TV Wall Mount Bracket for 23-65Inch |35kg| LED/LCD/OLED/Smart & Curved TV's, Universal Heavy Duty Wall Mount Stand with Swivel, Tilt","1","BLR5","SELLABLE","UNDELIVERABLE_REFUSED","LPNBLR5P5469754",
"2026-05-19T05:09:48+00:00","408-8365740-4499560","FBA79277","B0D672NXC8","X0028X1YFZ","Nexlev SWIPE Steam Cleaner | 3.5 Bar Strong Steam|Multipurpose Steam Cleaner for Car, Kitchen, Bathroom, Floor, Window,Glass,Upholstery| 18 Accessories Kit|Safety Lock| Large 1200ML Water Tank | SC-03","1","DEL2","SELLABLE","NO_REASON_GIVEN","LPNDEL2R83152465",
"2026-05-19T04:53:21+00:00","405-0090965-9582762","FBK79788","B0FN4D3C89","X002DVGH59","White Mulberry Economy Fixed TV Wall Mount Bracket for 13-43 Inches |45kg|LED/LCD/Smart TV's, Universal VESA Compatible 75x75,200x200 mm MAX Slim Wall Mount Stand","1","DEL2","CUSTOMER_DAMAGED","NOT_AS_DESCRIBED","LPNDEL2R81112184",
"2026-05-18T12:53:56+00:00","402-5443488-3889932","FBK79789","B0FN4DSQ6P","X002DV4SQJ","White Mulberry Premium Economy Fixed TV Wall Mount Bracket for 32-65 Inches |45kg| LED/LCD/OLED/Smart & Curved TV's, VESA 50x50, 400x400 MAX, Slim Wall Stand","1","BLR5","CUSTOMER_DAMAGED","DEFECTIVE","LPNBLR5P3304999",
"2026-05-18T09:20:18+00:00","171-5186123-2159557","FBA79590","B0DM6BB3VT","X0028X4EW5","NexLev Calf Massager | Daily Use Leg Massager for Sore Muscle |1 Piece | Hand Like Massage with Air Compression | Improve Blood Circulation & Relieve Pain | 2500 mAh | Large Belt | Type C |CFM-01","1","DEL2","SELLABLE","DEFECTIVE","LPNDEL2R83645135",
"2026-05-18T08:16:39+00:00","406-8432117-7355554","FBK79788","B0FN4D3C89","X002DVGH59","White Mulberry Economy Fixed TV Wall Mount Bracket for 13-43 Inches |45kg|LED/LCD/Smart TV's, Universal VESA Compatible 75x75,200x200 mm MAX Slim Wall Mount Stand","1","BLR5","CUSTOMER_DAMAGED","QUALITY_UNACCEPTABLE","LPNBLR5P5632897",
"2026-05-18T05:29:04+00:00","404-2784758-7421138","FBA79476","B0DB5VG39T","X0028X8DKJ","White Mulberry |DIY| Economical Gas Spring Monitor Arm | Desk Mounted Monitor Stand for 15-32 Inch Monitors |9Kg Screen Capacity|VESA 75X75&100X100| Adjustable Metal Desk Monitor Mount-(Single Screen)","1","AMD2","CUSTOMER_DAMAGED","DEFECTIVE","LPNAMD2M3975128",
"2026-05-18T05:22:17+00:00","405-2090207-5229936","FBA79263","B0CYSLCRQS","X0027NUKUL","NexLev Mattress, Sofa & Carpet Vacuum Cleaner | For Dust Mites, Allergens & Pet Hair | 4 Step Cleansing with Double Beat, UV Light, Dehumidification & Vacuum | HEPA captures 99.99% Dust|MR-01","1","DEL2","CUSTOMER_DAMAGED","DEFECTIVE","LPNDEL2R82736462",
"2026-05-18T03:29:45+00:00","404-8414535-4952337","FBA79570","B0DKJXRXKM","X0028X20VH","NexLev Blackhead & Whitehead Remover Tool | Rechargeable |1Hr Use| Acne & Pimple Pore Cleaner | 6 Heads | Electric Derma Suction Machine | Hydra Facial Cleanser Device for Face |For Men & Women |BR-01","1","BLR5","SELLABLE","DEFECTIVE","LPNBLR5P5301946",
"2026-05-18T03:19:51+00:00","406-9598519-5285152","FBK79789","B0FN4DSQ6P","X002DV4SQJ","White Mulberry Premium Economy Fixed TV Wall Mount Bracket for 32-65 Inches |45kg| LED/LCD/OLED/Smart & Curved TV's, VESA 50x50, 400x400 MAX, Slim Wall Stand","1","BLR5","SELLABLE","DEFECTIVE","LPNBLR5P4874862",
"2026-05-17T21:25:23+00:00","404-4056661-9723564","FBK79788","B0FN4D3C89","X002DVGH59","White Mulberry Economy Fixed TV Wall Mount Bracket for 13-43 Inches |45kg|LED/LCD/Smart TV's, Universal VESA Compatible 75x75,200x200 mm MAX Slim Wall Mount Stand","1","BLR5","CUSTOMER_DAMAGED","DEFECTIVE","LPNBLR5P5457504",
"2026-05-17T19:59:47+00:00","402-6866741-3004363","FBA75694","B089C2L66M","X001SVNO01","Lewitt LCT 240 PRO Condenser Microphone Shock Mount, Magnetic Pop Filter and Windscreen, Black (Vocal Set)","1","BOM5","SELLABLE","UNDELIVERABLE_UNKNOWN","LPNBOM5F5040560",
"2026-05-17T11:57:19+00:00","408-5147389-9984368","FBK79786","B0FN4FPJ83","X002DVHN07","White Mulberry POS Machine Stand Universal Credit Card Machine Stand - 360° Swivel & +45°/-45° Tilt |Fits 2.8""-4.3"" Devices, 6.5"" Panel Size| Heavy-Duty Steel & Bolt-Down Mount with Cable Management","1","DEL2","SELLABLE","UNDELIVERABLE_UNKNOWN","LPNDEL2R83432676",
"2026-05-17T11:07:48+00:00","402-9258734-9441151","FBK79789","B0FN4DSQ6P","X002DV4SQJ","White Mulberry Premium Economy Fixed TV Wall Mount Bracket for 32-65 Inches |45kg| LED/LCD/OLED/Smart & Curved TV's, VESA 50x50, 400x400 MAX, Slim Wall Stand","1","BLR5","SELLABLE","MISSING_PARTS","LPNBLR5P5457308","Was told the product is for 75 inch tv but barely fits a 65 inch tv."
"2026-05-17T08:14:01+00:00","404-0496810-6095556","FBA79268","B0D383WQPB","X0028X4EMZ","NexLev Foldable Garment Steamer for Home & Travel | Convenient Vertical Steaming | 1200W | 120 ml | Lightweight & Compact | 30s Fast Heating | Iron for all Cloth Types | 2 M cord | Anti Spill | GS-05","1","HYD8","SELLABLE","UNDELIVERABLE_REFUSED","LPNHYD8EA40164",
"2026-05-17T06:55:13+00:00","407-7994392-5168343","FBA79790","B0FHVWHQHR","X002CWJ4I1","White Mulberry Fixed TV Wall Mount Bracket for 37-86 Inch LED, LCD & Curved TVs | Heavy Duty Steel Frame, 45kg Max Load, VESA 50x50 to 600x400mm Max, Built-in Bubble Level, 1 Year Warranty","1","DEL2","CUSTOMER_DAMAGED","DEFECTIVE","LPNDEL2R80763396",
"2026-05-17T05:57:40+00:00","407-6070009-5665153","FBK79789","B0FN4DSQ6P","X002DV4SQJ","White Mulberry Premium Economy Fixed TV Wall Mount Bracket for 32-65 Inches |45kg| LED/LCD/OLED/Smart & Curved TV's, VESA 50x50, 400x400 MAX, Slim Wall Stand","1","BOM5","SELLABLE","UNDELIVERABLE_UNKNOWN","LPNBOM5F5112373",
"2026-05-17T04:02:54+00:00","408-1956045-8855569","FBA79652","B0F43P6D23","X002A01YVP","NexLev Steam Cleaner | Complete Home Kitchen Floor Bathroom Car & Office Cleaning machine | 9 Accessories | 450 ML | Window Pane Sink Grime Chimney Grease Water Stain Cleaner| 4 M Cord |1050W |SC-05","1","HYD8","CUSTOMER_DAMAGED","DEFECTIVE","LPNHYD8EE73313",
"2026-05-16T16:56:23+00:00","402-2225561-4835557","FBK79788","B0FN4D3C89","X002DVGH59","White Mulberry Economy Fixed TV Wall Mount Bracket for 13-43 Inches |45kg|LED/LCD/Smart TV's, Universal VESA Compatible 75x75,200x200 mm MAX Slim Wall Mount Stand","1","BLR5","SELLABLE","UNDELIVERABLE_UNKNOWN","LPNBLR5P5482075",
"2026-05-16T12:30:56+00:00","405-2582527-8346754","FBA79349","B0D9KDQCCM","X0028KKT1N","Nexlev Portable Sewing Machine| 2 Speed Settings| Cordless| Battery operated| USB Type C cord for Plug-in| Quick Fix DIY|Portable & Compact| for all Fabrics| 1 Year Warranty| White","1","DEL2","CUSTOMER_DAMAGED","QUALITY_UNACCEPTABLE","LPNDEL2R83847210",
"2026-05-16T10:05:18+00:00","171-0392270-8624300","FBA79570","B0DKJXRXKM","X0028X20VH","NexLev Blackhead & Whitehead Remover Tool | Rechargeable |1Hr Use| Acne & Pimple Pore Cleaner | 6 Heads | Electric Derma Suction Machine | Hydra Facial Cleanser Device for Face |For Men & Women |BR-01","1","BLR5","CUSTOMER_DAMAGED","DEFECTIVE","LPNBLR5P5649755",
"2026-05-16T09:07:32+00:00","171-7920870-4385943","FBA79476","B0DB5VG39T","X0028X8DKJ","White Mulberry |DIY| Economical Gas Spring Monitor Arm | Desk Mounted Monitor Stand for 15-32 Inch Monitors |9Kg Screen Capacity|VESA 75X75&100X100| Adjustable Metal Desk Monitor Mount-(Single Screen)","1","BLR5","SELLABLE","NOT_COMPATIBLE","LPNBLR5P6215601",
"2026-05-16T09:05:18+00:00","408-4689866-6981947","FBK79789","B0FN4DSQ6P","X002DV4SQJ","White Mulberry Premium Economy Fixed TV Wall Mount Bracket for 32-65 Inches |45kg| LED/LCD/OLED/Smart & Curved TV's, VESA 50x50, 400x400 MAX, Slim Wall Stand","1","BLR5","SELLABLE","DEFECTIVE","LPNBLR5P4004980",
"2026-05-16T08:56:45+00:00","408-4270263-0749917","FBA78980","B0CDPMX152","X0028X4EED","NexLev Handheld Garment Steamer | 1500 Watts | 300 ML| Standing & Horizontal Iron Press | Damage Free Steaming for all Cloth Types | 25s Quick Heat |Upto 5 Clothes in One Fill | Travel Friendly |GS-02","1","BLR5","CUSTOMER_DAMAGED","SWITCHEROO","LPNBLR5P4004982",
"2026-05-16T08:42:06+00:00","404-4346352-7632313","FBA79696","B0CQX3VB1R","X0027WBGZP","TONOR Dynamic USB/Type-C Microphone for PC, RGB Podcast Computer Gaming Microphone with Arm Stand for Recording, Live, Streaming, YouTube, Vocals, Studio, Karaoke Microphone, Quick Mute Button, Black","1","DEL2","SELLABLE","UNDELIVERABLE_REFUSED","LPNDEL2R83303129",
"2026-05-16T04:53:36+00:00","406-6001302-9957149","FBA79615","B0DP2Z5DQ9","X0028XC7C9","White Mulberry 10-Step Height Adjustable Single Screen Monitor Stand for 17-32 Inch Monitor, 8 kg Load, VESA 75x75/100x100, DIY Installation (Black)","1","DEL2","SELLABLE","UNDELIVERABLE_REFUSED","LPNDEL2R83841097",
"2026-05-16T04:03:25+00:00","402-4262226-1327523","FBK79788","B0FN4D3C89","X002DVGH59","White Mulberry Economy Fixed TV Wall Mount Bracket for 13-43 Inches |45kg|LED/LCD/Smart TV's, Universal VESA Compatible 75x75,200x200 mm MAX Slim Wall Mount Stand","1","DEL2","CUSTOMER_DAMAGED","SWITCHEROO","LPNDEL2R83686977",
"2026-05-16T04:02:34+00:00","406-6001302-9957149","FBA79615","B0DP2Z5DQ9","X0028XC7C9","White Mulberry 10-Step Height Adjustable Single Screen Monitor Stand for 17-32 Inch Monitor, 8 kg Load, VESA 75x75/100x100, DIY Installation (Black)","1","DEL2","SELLABLE","UNDELIVERABLE_REFUSED","LPNDEL2R83702162",
"2026-05-15T20:46:55+00:00","402-5830268-8812325","FBA79679","B0DVC7VJP1","X0028X8539","NexLev Stand Mixer | 5.5L SS Bowl | 1500W |10 Speeds | Pulse Function |Planetary Rotation | Whisk, Beater & Dough Hook |100% Copper Motor | For Roti Atta, Cookie Dough, Cake, Whip Cream & more | ST-01","1","BLR5","SELLABLE","UNDELIVERABLE_REFUSED","LPNBLR5P6255025",
"2026-05-15T14:44:43+00:00","171-4797243-9191527","FBK79789","B0FN4DSQ6P","X002DV4SQJ","White Mulberry Premium Economy Fixed TV Wall Mount Bracket for 32-65 Inches |45kg| LED/LCD/OLED/Smart & Curved TV's, VESA 50x50, 400x400 MAX, Slim Wall Stand","1","BLR5","CARRIER_DAMAGED","DEFECTIVE","LPNBLR5P4951023",
"2026-05-15T12:50:13+00:00","404-1503477-7670708","FBK79789","B0FN4DSQ6P","X002DV4SQJ","White Mulberry Premium Economy Fixed TV Wall Mount Bracket for 32-65 Inches |45kg| LED/LCD/OLED/Smart & Curved TV's, VESA 50x50, 400x400 MAX, Slim Wall Stand","1","BLR5","SELLABLE","UNDELIVERABLE_REFUSED","LPNBLR5P3175932",
"2026-05-15T12:15:10+00:00","407-7618902-4385167","FBA79679","B0DVC7VJP1","X0028X8539","NexLev Stand Mixer | 5.5L SS Bowl | 1500W |10 Speeds | Pulse Function |Planetary Rotation | Whisk, Beater & Dough Hook |100% Copper Motor | For Roti Atta, Cookie Dough, Cake, Whip Cream & more | ST-01","1","DEL2","SELLABLE","UNDELIVERABLE_UNKNOWN","LPNDEL2R83623449",
"2026-05-15T11:48:01+00:00","404-9227104-1197127","FBA79590","B0DM6BB3VT","X0028X4EW5","NexLev Calf Massager | Daily Use Leg Massager for Sore Muscle |1 Piece | Hand Like Massage with Air Compression | Improve Blood Circulation & Relieve Pain | 2500 mAh | Large Belt | Type C |CFM-01","1","BLR5","SELLABLE","DEFECTIVE","LPNBLR5P3175893",
"2026-05-15T09:04:18+00:00","402-0177383-8869126","FBA79493","B0DQCWRG3H","X0028X1G99","NexLev Ionic 3 in 1 Hot Air Brush|1.5 Inch Barrel |Volumizer Blow Dryer & Styler|Ceramic Tourmaline Coated for Heat Protection|1200W|Dual Bristle for Tangle Free Styling|Salon Like Styles at Home|V-03","1","BOM5","SELLABLE","UNDELIVERABLE_UNKNOWN","LPNBOM5F5080679",
"2026-05-15T07:53:29+00:00","406-2200602-8474712","FBA79652","B0F43P6D23","X002A01YVP","NexLev Steam Cleaner | Complete Home Kitchen Floor Bathroom Car & Office Cleaning machine | 9 Accessories | 450 ML | Window Pane Sink Grime Chimney Grease Water Stain Cleaner| 4 M Cord |1050W |SC-05","1","BLR5","SELLABLE","SWITCHEROO","LPNBLR5P6230413","We need to exchange  this with other products"
"2026-05-15T06:16:46+00:00","402-8311038-1650712","FBA79263","B0CYSLCRQS","X0027NUKUL","NexLev Mattress, Sofa & Carpet Vacuum Cleaner | For Dust Mites, Allergens & Pet Hair | 4 Step Cleansing with Double Beat, UV Light, Dehumidification & Vacuum | HEPA captures 99.99% Dust|MR-01","1","DEL5","CARRIER_DAMAGED","DEFECTIVE","LPNDEL5S13766862",
"2026-05-15T04:54:12+00:00","402-6410074-9905169","FBA79116","B0BYHHSLPC","X001WRIRN5","TONOR TC777 Pro Gaming USB Microphone for PC, RGB Condenser Computer Mic with Tripod Stand, Quick Mute, Gain Control, for Gaming, Streaming, Podcasting, Recording, Cardioid Mic Kit for Laptop/PS4/PS5","1","BLR5","SELLABLE","UNDELIVERABLE_REFUSED","LPNBLR5P5653040",
"2026-05-15T03:50:47+00:00","408-5113321-6301119","FBA79696","B0CQX3VB1R","X0027WBGZP","TONOR Dynamic USB/Type-C Microphone for PC, RGB Podcast Computer Gaming Microphone with Arm Stand for Recording, Live, Streaming, YouTube, Vocals, Studio, Karaoke Microphone, Quick Mute Button, Black","1","BLR5","SELLABLE","UNDELIVERABLE_REFUSED","LPNBLR5P6381845",
"2026-05-14T21:19:18+00:00","404-6012422-6233107","FBK79788","B0FN4D3C89","X002DVGH59","White Mulberry Economy Fixed TV Wall Mount Bracket for 13-43 Inches |45kg|LED/LCD/Smart TV's, Universal VESA Compatible 75x75,200x200 mm MAX Slim Wall Mount Stand","1","BLR5","SELLABLE","UNDELIVERABLE_REFUSED","LPNBLR5P6319005",
"2026-05-14T12:39:31+00:00","405-5075234-8738720","FBK79789","B0FN4DSQ6P","X002DV4SQJ","White Mulberry Premium Economy Fixed TV Wall Mount Bracket for 32-65 Inches |45kg| LED/LCD/OLED/Smart & Curved TV's, VESA 50x50, 400x400 MAX, Slim Wall Stand","1","BLR5","SELLABLE","UNDELIVERABLE_REFUSED","LPNBLR5P6226563",
"2026-05-14T11:59:01+00:00","404-9367359-4077163","FBA79590","B0DM6BB3VT","X0028X4EW5","NexLev Calf Massager | Daily Use Leg Massager for Sore Muscle |1 Piece | Hand Like Massage with Air Compression | Improve Blood Circulation & Relieve Pain | 2500 mAh | Large Belt | Type C |CFM-01","1","BOM7","SELLABLE","DEFECTIVE","LPNBOM7D20026931",
"2026-05-14T11:00:39+00:00","402-4855472-9741143","FBA77117","B078WNW4YW","X001OT9TL5","TONOR Wireless Microphone Isolation Shield, Mic Sound Absorbing Foam Reflector for Any Condenser Recording Equipment Studio (Black)","1","DEL2","CUSTOMER_DAMAGED","SWITCHEROO","LPNDEL2R83523477",
"2026-05-14T07:47:41+00:00","171-3555676-9827554","FBA79111","B0BRKFP94K","X001WRJRGB","TONOR TD510 Dynamic Microphone, USB/XLR PC Microphone for Podcast, Recording, Live Streaming & Gaming, XLR Cardioid Studio Mic Music Voice-Over with Quick Mute, Headphone Output, Volume Control","1","BLR5","SELLABLE","UNDELIVERABLE_REFUSED","LPNBLR5P3137232",
"2026-05-14T07:19:28+00:00","403-0997322-9234722","FBK79787","B0FN4GQ9HT","X002DVFR1J","White Mulberry Tilt TV Wall Mount Bracket for 13-43 Inch Flat Screen TVs, Low Profile Slim Design, Heavy-Duty Steel, VESA 75x75 to 200x200, Supports up to 99 lbs (45kg), Built-in Bubble Level","1","CCX1","SELLABLE","UNDELIVERABLE_REFUSED","LPNCCX1B3816802",
"2026-05-14T05:02:59+00:00","404-0325143-1522713","FBA79263","B0CYSLCRQS","X0027NUKUL","NexLev Mattress, Sofa & Carpet Vacuum Cleaner | For Dust Mites, Allergens & Pet Hair | 4 Step Cleansing with Double Beat, UV Light, Dehumidification & Vacuum | HEPA captures 99.99% Dust|MR-01","1","DEL2","CUSTOMER_DAMAGED","DEFECTIVE","LPNDEL2R83093403",
"2026-05-14T03:46:46+00:00","403-3565097-7731559","FBA79476","B0DB5VG39T","X0028X8DKJ","White Mulberry |DIY| Economical Gas Spring Monitor Arm | Desk Mounted Monitor Stand for 15-32 Inch Monitors |9Kg Screen Capacity|VESA 75X75&100X100| Adjustable Metal Desk Monitor Mount-(Single Screen)","1","BLR5","CUSTOMER_DAMAGED","DEFECTIVE","LPNBLR5P3560362",
"2026-05-13T21:40:03+00:00","406-0249840-1837167","FBA79263","B0CYSLCRQS","X0027NUKUL","NexLev Mattress, Sofa & Carpet Vacuum Cleaner | For Dust Mites, Allergens & Pet Hair | 4 Step Cleansing with Double Beat, UV Light, Dehumidification & Vacuum | HEPA captures 99.99% Dust|MR-01","1","BLR5","CUSTOMER_DAMAGED","QUALITY_UNACCEPTABLE","LPNBLR5P1745127",
"2026-05-13T20:06:32+00:00","405-9135419-9150728","FBA79263","B0CYSLCRQS","X0027NUKUL","NexLev Mattress, Sofa & Carpet Vacuum Cleaner | For Dust Mites, Allergens & Pet Hair | 4 Step Cleansing with Double Beat, UV Light, Dehumidification & Vacuum | HEPA captures 99.99% Dust|MR-01","1","BLR5","CUSTOMER_DAMAGED","DEFECTIVE","LPNBLR5P4694603",
"2026-05-13T14:38:29+00:00","407-4048459-6626715","FBK79788","B0FN4D3C89","X002DVGH59","White Mulberry Economy Fixed TV Wall Mount Bracket for 13-43 Inches |45kg|LED/LCD/Smart TV's, Universal VESA Compatible 75x75,200x200 mm MAX Slim Wall Mount Stand","1","BLR5","CUSTOMER_DAMAGED","DEFECTIVE","LPNBLR5P3862953",
"2026-05-13T12:58:19+00:00","406-9048409-5957954","FBA79679","B0DVC7VJP1","X0028X8539","NexLev Stand Mixer | 5.5L SS Bowl | 1500W |10 Speeds | Pulse Function |Planetary Rotation | Whisk, Beater & Dough Hook |100% Copper Motor | For Roti Atta, Cookie Dough, Cake, Whip Cream & more | ST-01","1","PNQ3","SELLABLE","SWITCHEROO","LPNPNQ3A4449216",
"2026-05-13T12:26:29+00:00","407-1397813-1060333","FBA79105","B0CM6WH4ZT","X0028Y2KBL","Audio Array AI-12 USB Bluetooth Soundcard | 1Ch Mixer interface | 2 mic inputs, 2 smartphone & PC/Mac outputs | Karaoke Recording, Mobile/PC Streaming, Live Broadcasting | Singing, Recording,Gaming","1","DEL2","SELLABLE","UNDELIVERABLE_REFUSED","LPNDEL2R83146106",
"2026-05-13T11:15:56+00:00","402-4659561-6976326","FBK79789","B0FN4DSQ6P","X002DV4SQJ","White Mulberry Premium Economy Fixed TV Wall Mount Bracket for 32-65 Inches |45kg| LED/LCD/OLED/Smart & Curved TV's, VESA 50x50, 400x400 MAX, Slim Wall Stand","1","PNQ3","SELLABLE","DEFECTIVE","LPNPNQ3A4588331",
"2026-05-13T10:54:13+00:00","408-4939840-6321918","FBK79789","B0FN4DSQ6P","X002DV4SQJ","White Mulberry Premium Economy Fixed TV Wall Mount Bracket for 32-65 Inches |45kg| LED/LCD/OLED/Smart & Curved TV's, VESA 50x50, 400x400 MAX, Slim Wall Stand","1","DEL2","SELLABLE","MISSING_PARTS","LPNDEL2R82777943","Won&#39;t be able to use it."
"2026-05-13T09:53:19+00:00","402-9948552-1981116","FBK74286","B08SBSN88X","X0029QWWGB","Audient iD4 (MKII) 2in/2out High-Performance USB 3.0 Audio Interface with Audient Console Mic Preamp, Dual Headphone Outputs, DI Instrument Input, ScrollControl Feature, & Free Software Bundle - Mac/Win/iOS Compatible","1","MAA4","SELLABLE","UNDELIVERABLE_REFUSED","LPNMAA4Z0226792",
"2026-05-13T08:05:49+00:00","404-9945483-9018704","FBA79493","B0DQCWRG3H","X0028X1G99","NexLev Ionic 3 in 1 Hot Air Brush|1.5 Inch Barrel |Volumizer Blow Dryer & Styler|Ceramic Tourmaline Coated for Heat Protection|1200W|Dual Bristle for Tangle Free Styling|Salon Like Styles at Home|V-03","1","BOM5","SELLABLE","SWITCHEROO","LPNBOM5F5178645",
"2026-05-13T07:44:58+00:00","403-3295420-4943566","FBA79590","B0DM6BB3VT","X0028X4EW5","NexLev Calf Massager | Daily Use Leg Massager for Sore Muscle |1 Piece | Hand Like Massage with Air Compression | Improve Blood Circulation & Relieve Pain | 2500 mAh | Large Belt | Type C |CFM-01","1","BLR5","SELLABLE","DEFECTIVE","LPNBLR5P6345146",
"2026-05-13T07:35:28+00:00","171-6734813-3613126","FBA79263","B0CYSLCRQS","X0027NUKUL","NexLev Mattress, Sofa & Carpet Vacuum Cleaner | For Dust Mites, Allergens & Pet Hair | 4 Step Cleansing with Double Beat, UV Light, Dehumidification & Vacuum | HEPA captures 99.99% Dust|MR-01","1","DEL2","CARRIER_DAMAGED","DEFECTIVE","LPNDEL2R83713834",
"2026-05-13T06:59:33+00:00","406-2548709-6383538","FBA79615","B0DP2Z5DQ9","X0028XC7C9","White Mulberry 10-Step Height Adjustable Single Screen Monitor Stand for 17-32 Inch Monitor, 8 kg Load, VESA 75x75/100x100, DIY Installation (Black)","1","DEL2","CARRIER_DAMAGED","DEFECTIVE","LPNDEL2R82877953",
"2026-05-13T05:50:53+00:00","403-4655694-5079566","FBK79788","B0FN4D3C89","X002DVGH59","White Mulberry Economy Fixed TV Wall Mount Bracket for 13-43 Inches |45kg|LED/LCD/Smart TV's, Universal VESA Compatible 75x75,200x200 mm MAX Slim Wall Mount Stand","1","BLR5","CUSTOMER_DAMAGED","NO_REASON_GIVEN","LPNBLR5P4003578",
"2026-05-13T03:56:12+00:00","403-0778761-4099565","FBA78981","B0CDPP45BM","X0028K610L","NexLev Steam Cleaner | For Complete Home Kitchen Bathroom Car Sofa & Office Cleaning Machine | 9 Accessories |300 ML | Window Pane, Sink, Chimney Grease, Water Stain Cleaner| 5 Mtr Cord | 1000W |SC-01","1","BOM5","CUSTOMER_DAMAGED","QUALITY_UNACCEPTABLE","LPNBOM5F5171418",
"2026-05-13T03:27:22+00:00","405-4874787-0776342","FBK79789","B0FN4DSQ6P","X002DV4SQJ","White Mulberry Premium Economy Fixed TV Wall Mount Bracket for 32-65 Inches |45kg| LED/LCD/OLED/Smart & Curved TV's, VESA 50x50, 400x400 MAX, Slim Wall Stand","1","BLR5","SELLABLE","DEFECTIVE","LPNBLR5P4872487",
"2026-05-13T03:18:08+00:00","406-2568395-2933943","FBA79263","B0CYSLCRQS","X0027NUKUL","NexLev Mattress, Sofa & Carpet Vacuum Cleaner | For Dust Mites, Allergens & Pet Hair | 4 Step Cleansing with Double Beat, UV Light, Dehumidification & Vacuum | HEPA captures 99.99% Dust|MR-01","1","AMD2","SELLABLE","UNDELIVERABLE_REFUSED","LPNAMD2M3841755",
"2026-05-13T03:18:05+00:00","404-8277312-8113156","FBK79789","B0FN4DSQ6P","X002DV4SQJ","White Mulberry Premium Economy Fixed TV Wall Mount Bracket for 32-65 Inches |45kg| LED/LCD/OLED/Smart & Curved TV's, VESA 50x50, 400x400 MAX, Slim Wall Stand","1","BLR5","SELLABLE","UNDELIVERABLE_REFUSED","LPNBLR5P5413403",
"2026-05-13T03:18:05+00:00","404-8277312-8113156","FBK79789","B0FN4DSQ6P","X002DV4SQJ","White Mulberry Premium Economy Fixed TV Wall Mount Bracket for 32-65 Inches |45kg| LED/LCD/OLED/Smart & Curved TV's, VESA 50x50, 400x400 MAX, Slim Wall Stand","1","BLR5","SELLABLE","UNDELIVERABLE_REFUSED","LPNBLR5P5413404",
"2026-05-12T14:43:00+00:00","402-5970563-1214716","FBA79851","B0FH475LZZ","X002E5DHB1","Nektar Impact LX61 mk3 MIDI Keyboard Controller | 61 Key Velocity-Sensitive Keyboard with DAW Integration, Pads, Faders, Encoders, Scale & Chord Mode, NKS Support, Compatible with Mac/PC","1","BLR5","SELLABLE","UNDELIVERABLE_REFUSED","LPNBLR5P4156737",
"2026-05-12T10:42:32+00:00","406-8063185-3576335","FBA78930","B0C325NVBQ","X00284CEYT","Arturia KeyLab Essential 49 mk3 MIDI Controller with 49 Velocity-Sensitive keys, 9 Encoders, 9 Sliders, 8 RGB Pads - USB-C, Midi Out, LCD Screen, Bundled Software and DAW Integration - White","1","DEL2","CUSTOMER_DAMAGED","SWITCHEROO","LPNDEL2R83027843",
"2026-05-12T09:54:12+00:00","402-9820649-0938767","FBK79789","B0FN4DSQ6P","X002DV4SQJ","White Mulberry Premium Economy Fixed TV Wall Mount Bracket for 32-65 Inches |45kg| LED/LCD/OLED/Smart & Curved TV's, VESA 50x50, 400x400 MAX, Slim Wall Stand","1","DEL2","SELLABLE","DEFECTIVE","LPNDEL2R82012121",
"2026-05-12T09:34:06+00:00","402-4198981-3093937","FBA78981","B0CDPP45BM","X0028K610L","NexLev Steam Cleaner | For Complete Home Kitchen Bathroom Car Sofa & Office Cleaning Machine | 9 Accessories |300 ML | Window Pane, Sink, Chimney Grease, Water Stain Cleaner| 5 Mtr Cord | 1000W |SC-01","1","DEL2","SELLABLE","UNDELIVERABLE_REFUSED","LPNDEL2R81196374",
"2026-05-12T08:42:09+00:00","407-7184865-3861957","FBK79271","B0DQ8W1RBV","X0028X1WKH","Nexlev Ionic Volumizer|3 In 1 Hot Air Brush To Straight Dry & Volumize|1200 Watts|Reduce Frizz|Ceramic Tourmaline Coated Large Barrel|Salon Like Soft Curl At Home|3 Speed & 2 Heat Settings|V-01 RG","1","BOM5","CARRIER_DAMAGED","UNDELIVERABLE_REFUSED","LPNBOM5F5258153",
"2026-05-12T08:20:46+00:00","408-3679548-1303508","FBA79493","B0DQCWRG3H","X0028X1G99","NexLev Ionic 3 in 1 Hot Air Brush|1.5 Inch Barrel |Volumizer Blow Dryer & Styler|Ceramic Tourmaline Coated for Heat Protection|1200W|Dual Bristle for Tangle Free Styling|Salon Like Styles at Home|V-03","1","BLR5","SELLABLE","UNDELIVERABLE_REFUSED","LPNBLR5P6187326",
"2026-05-12T06:31:32+00:00","407-9788787-5997950","FBA79493","B0DQCWRG3H","X0028X1G99","NexLev Ionic 3 in 1 Hot Air Brush|1.5 Inch Barrel |Volumizer Blow Dryer & Styler|Ceramic Tourmaline Coated for Heat Protection|1200W|Dual Bristle for Tangle Free Styling|Salon Like Styles at Home|V-03","1","DEL2","SELLABLE","UNDELIVERABLE_REFUSED","LPNDEL2R83522627",
"2026-05-12T06:15:41+00:00","405-8047276-4198757","FBK79786","B0FN4FPJ83","X002DVHN07","White Mulberry POS Machine Stand Universal Credit Card Machine Stand - 360° Swivel & +45°/-45° Tilt |Fits 2.8""-4.3"" Devices, 6.5"" Panel Size| Heavy-Duty Steel & Bolt-Down Mount with Cable Management","1","DEL2","SELLABLE","UNDELIVERABLE_UNKNOWN","LPNDEL2R83522620",
"2026-05-12T06:15:41+00:00","405-4626837-8754748","FBK79786","B0FN4FPJ83","X002DVHN07","White Mulberry POS Machine Stand Universal Credit Card Machine Stand - 360° Swivel & +45°/-45° Tilt |Fits 2.8""-4.3"" Devices, 6.5"" Panel Size| Heavy-Duty Steel & Bolt-Down Mount with Cable Management","1","DEL2","SELLABLE","UNDELIVERABLE_UNKNOWN","LPNDEL2R83522619",
"2026-05-12T04:41:43+00:00","405-9770255-7808348","FBK79788","B0FN4D3C89","X002DVGH59","White Mulberry Economy Fixed TV Wall Mount Bracket for 13-43 Inches |45kg|LED/LCD/Smart TV's, Universal VESA Compatible 75x75,200x200 mm MAX Slim Wall Mount Stand","1","DEL2","SELLABLE","UNDELIVERABLE_REFUSED","LPNDEL2R83639982",
"2026-05-11T22:23:56+00:00","404-5944007-4611531","FBA79479","B0DB5YTQZV","X0028X8HMX","White Mulberry |DIY| Height Adjustable Monitor Arm | Desk Mounted Monitor Stand for 17-32 Inch Monitor | 10Kg Screen Load | VESA 75X75 & 100X100 | Adjustable Metal Desk Mount - (Dual Screen)","1","BLR5","DEFECTIVE","MISSING_PARTS","LPNBLR5P3214353","Screws and allen key missing"
"2026-05-11T21:19:40+00:00","402-1620723-2846745","FBA79277","B0D672NXC8","X0028X1YFZ","Nexlev SWIPE Steam Cleaner | 3.5 Bar Strong Steam|Multipurpose Steam Cleaner for Car, Kitchen, Bathroom, Floor, Window,Glass,Upholstery| 18 Accessories Kit|Safety Lock| Large 1200ML Water Tank | SC-03","1","BLR5","CUSTOMER_DAMAGED","MISORDERED","LPNBLR5P3197359",
"2026-05-11T11:55:42+00:00","171-3418775-8796324","FBK79788","B0FN4D3C89","X002DVGH59","White Mulberry Economy Fixed TV Wall Mount Bracket for 13-43 Inches |45kg|LED/LCD/Smart TV's, Universal VESA Compatible 75x75,200x200 mm MAX Slim Wall Mount Stand","1","BLR5","CUSTOMER_DAMAGED","SWITCHEROO","LPNBLR5P4764854",
"2026-05-11T10:43:36+00:00","408-0134625-7515577","FBK79793","B0FN81FD8M","X002DVWLJ5","White Mulberry Premium Heavy-Duty Gas Spring Monitor Arm for 24-57Inch Flat & Curved Screens| Height Adjustable |27Kg|VESA 75x75, 200x200mm Single Screen Mount with Swivel, Tilt, Rotation","1","AMD2","CARRIER_DAMAGED","UNDELIVERABLE_REFUSED","LPNAMD2M3694165",
"2026-05-11T08:25:32+00:00","408-9307711-2151518","FBK79789","B0FN4DSQ6P","X002DV4SQJ","White Mulberry Premium Economy Fixed TV Wall Mount Bracket for 32-65 Inches |45kg| LED/LCD/OLED/Smart & Curved TV's, VESA 50x50, 400x400 MAX, Slim Wall Stand","1","DEL2","CUSTOMER_DAMAGED","DEFECTIVE","LPNDEL2R83308977",
"2026-05-11T06:41:47+00:00","403-1916643-2779504","FBA79493","B0DQCWRG3H","X0028X1G99","NexLev Ionic 3 in 1 Hot Air Brush|1.5 Inch Barrel |Volumizer Blow Dryer & Styler|Ceramic Tourmaline Coated for Heat Protection|1200W|Dual Bristle for Tangle Free Styling|Salon Like Styles at Home|V-03","1","DEL2","SELLABLE","UNDELIVERABLE_REFUSED","LPNDEL2R83480852",
"2026-05-11T05:38:56+00:00","403-9246172-4143520","FBA79277","B0D672NXC8","X0028X1YFZ","Nexlev SWIPE Steam Cleaner | 3.5 Bar Strong Steam|Multipurpose Steam Cleaner for Car, Kitchen, Bathroom, Floor, Window,Glass,Upholstery| 18 Accessories Kit|Safety Lock| Large 1200ML Water Tank | SC-03","1","DEL2","CUSTOMER_DAMAGED","DEFECTIVE","LPNDEL2R80936961",
"2026-05-11T05:09:01+00:00","406-0521738-0240315","FBA79679","B0DVC7VJP1","X0028X8539","NexLev Stand Mixer | 5.5L SS Bowl | 1500W |10 Speeds | Pulse Function |Planetary Rotation | Whisk, Beater & Dough Hook |100% Copper Motor | For Roti Atta, Cookie Dough, Cake, Whip Cream & more | ST-01","1","PNQ3","SELLABLE","UNDELIVERABLE_REFUSED","LPNPNQ3A4555638",
"2026-05-10T13:59:26+00:00","404-8308062-7952343","FBA79493","B0DQCWRG3H","X0028X1G99","NexLev Ionic 3 in 1 Hot Air Brush|1.5 Inch Barrel |Volumizer Blow Dryer & Styler|Ceramic Tourmaline Coated for Heat Protection|1200W|Dual Bristle for Tangle Free Styling|Salon Like Styles at Home|V-03","1","BLR5","CARRIER_DAMAGED","UNDELIVERABLE_REFUSED","LPNBLR5P2809940",
"2026-05-10T11:22:52+00:00","404-5008190-0875510","FBK79789","B0FN4DSQ6P","X002DV4SQJ","White Mulberry Premium Economy Fixed TV Wall Mount Bracket for 32-65 Inches |45kg| LED/LCD/OLED/Smart & Curved TV's, VESA 50x50, 400x400 MAX, Slim Wall Stand","1","BLR5","DEFECTIVE","MISSING_PARTS","LPNBLR5P3292847","Bolt missing"
"2026-05-10T11:11:34+00:00","403-4493952-9846744","FBA79493","B0DQCWRG3H","X0028X1G99","NexLev Ionic 3 in 1 Hot Air Brush|1.5 Inch Barrel |Volumizer Blow Dryer & Styler|Ceramic Tourmaline Coated for Heat Protection|1200W|Dual Bristle for Tangle Free Styling|Salon Like Styles at Home|V-03","1","DEL2","SELLABLE","UNDELIVERABLE_REFUSED","LPNDEL2R83310585",
"2026-05-10T10:53:22+00:00","402-6505747-2059569","FBA79590","B0DM6BB3VT","X0028X4EW5","NexLev Calf Massager | Daily Use Leg Massager for Sore Muscle |1 Piece | Hand Like Massage with Air Compression | Improve Blood Circulation & Relieve Pain | 2500 mAh | Large Belt | Type C |CFM-01","1","AMD2","SELLABLE","DEFECTIVE","LPNAMD2M3718198",
"2026-05-10T03:55:59+00:00","408-2796598-9517954","FBA79696","B0CQX3VB1R","X0027WBGZP","TONOR Dynamic USB/Type-C Microphone for PC, RGB Podcast Computer Gaming Microphone with Arm Stand for Recording, Live, Streaming, YouTube, Vocals, Studio, Karaoke Microphone, Quick Mute Button, Black","1","BLR5","SELLABLE","UNDELIVERABLE_REFUSED","LPNBLR5P3725771",
"2026-05-09T19:23:01+00:00","402-5655085-6911562","FBA79263","B0CYSLCRQS","X0027NUKUL","NexLev Mattress, Sofa & Carpet Vacuum Cleaner | For Dust Mites, Allergens & Pet Hair | 4 Step Cleansing with Double Beat, UV Light, Dehumidification & Vacuum | HEPA captures 99.99% Dust|MR-01","1","BLR5","CUSTOMER_DAMAGED","DEFECTIVE","LPNBLR5P3466558",
"2026-05-09T18:21:32+00:00","171-1984274-3148359","FBK79789","B0FN4DSQ6P","X002DV4SQJ","White Mulberry Premium Economy Fixed TV Wall Mount Bracket for 32-65 Inches |45kg| LED/LCD/OLED/Smart & Curved TV's, VESA 50x50, 400x400 MAX, Slim Wall Stand","1","BLR5","SELLABLE","UNDELIVERABLE_REFUSED","LPNBLR5P3336723",
"2026-05-09T10:56:13+00:00","408-3491176-7549155","FBA79111","B0BRKFP94K","X001WRJRGB","TONOR TD510 Dynamic Microphone, USB/XLR PC Microphone for Podcast, Recording, Live Streaming & Gaming, XLR Cardioid Studio Mic Music Voice-Over with Quick Mute, Headphone Output, Volume Control","1","DEL2","SELLABLE","UNDELIVERABLE_REFUSED","LPNDEL2R82778930",
"2026-05-09T08:21:47+00:00","406-5712600-8733928","FBA77111","B08CVP2HXP","X001OTC1L5","TONOR USB Microphone, Condenser Computer PC Mic with Tripod Stand, Metal,Pop Filter, Shock Mount for Gaming,Streaming,Podcasting,YouTube, Voice Over,Skype, Twitch,Compatible with Laptop Desktop, TC30","1","DEL2","CUSTOMER_DAMAGED","DEFECTIVE","LPNDEL2R80840675",
"2026-05-09T08:11:11+00:00","408-6048419-0962758","FBA78981","B0CDPP45BM","X0028K610L","NexLev Steam Cleaner | For Complete Home Kitchen Bathroom Car Sofa & Office Cleaning Machine | 9 Accessories |300 ML | Window Pane, Sink, Chimney Grease, Water Stain Cleaner| 5 Mtr Cord | 1000W |SC-01","1","BOM7","SELLABLE","QUALITY_UNACCEPTABLE","LPNBOM7D20062958",
"2026-05-09T07:51:56+00:00","407-0527858-5253142","FBK79789","B0FN4DSQ6P","X002DV4SQJ","White Mulberry Premium Economy Fixed TV Wall Mount Bracket for 32-65 Inches |45kg| LED/LCD/OLED/Smart & Curved TV's, VESA 50x50, 400x400 MAX, Slim Wall Stand","1","BLR5","CUSTOMER_DAMAGED","DEFECTIVE","LPNBLR5P5196971",
"2026-05-09T05:56:33+00:00","405-5056351-6992324","FBA75694","B089C2L66M","X001SVNO01","Lewitt LCT 240 PRO Condenser Microphone Shock Mount, Magnetic Pop Filter and Windscreen, Black (Vocal Set)","1","BLR5","SELLABLE","UNDELIVERABLE_REFUSED","LPNBLR5P3174080",
"2026-05-08T20:33:52+00:00","405-9504746-9557167","FBA77105","B089FVQD3Z","X001OTDYGL","Microphone Stand Extension Arm, TONOR Studio Suspension Scissor Boom Arm with Pop Filter, 3/8"" to 5/8"" Adapter, Mic Clip, Upgraded Heavy Duty Clamp for Blue Yeti Snowball Ice and Other Mics(T30)","1","BLR5","CUSTOMER_DAMAGED","DEFECTIVE","LPNBLR5P2331640",
"2026-05-08T17:53:09+00:00","404-5483449-7197141","FBK79788","B0FN4D3C89","X002DVGH59","White Mulberry Economy Fixed TV Wall Mount Bracket for 13-43 Inches |45kg|LED/LCD/Smart TV's, Universal VESA Compatible 75x75,200x200 mm MAX Slim Wall Mount Stand","1","BLR5","CUSTOMER_DAMAGED","SWITCHEROO","LPNBLR5P2809160",
"2026-05-08T12:17:35+00:00","405-5170730-7793959","FBA79268","B0D383WQPB","X0028X4EMZ","NexLev Foldable Garment Steamer for Home & Travel | Convenient Vertical Steaming | 1200W | 120 ml | Lightweight & Compact | 30s Fast Heating | Iron for all Cloth Types | 2 M cord | Anti Spill | GS-05","1","BLR5","CUSTOMER_DAMAGED","DEFECTIVE","LPNBLR5P3858739",
"2026-05-08T07:00:23+00:00","171-9347825-1493102","FBA78981","B0CDPP45BM","X0028K610L","NexLev Steam Cleaner | For Complete Home Kitchen Bathroom Car Sofa & Office Cleaning Machine | 9 Accessories |300 ML | Window Pane, Sink, Chimney Grease, Water Stain Cleaner| 5 Mtr Cord | 1000W |SC-01","1","BLR5","CUSTOMER_DAMAGED","QUALITY_UNACCEPTABLE","LPNBLR5P3190776",
"2026-05-08T06:57:31+00:00","403-8993075-2048360","FBA79679","B0DVC7VJP1","X0028X8539","NexLev Stand Mixer | 5.5L SS Bowl | 1500W |10 Speeds | Pulse Function |Planetary Rotation | Whisk, Beater & Dough Hook |100% Copper Motor | For Roti Atta, Cookie Dough, Cake, Whip Cream & more | ST-01","1","PNQ3","SELLABLE","UNDELIVERABLE_REFUSED","LPNPNQ3A4536768",
"2026-05-08T04:53:13+00:00","404-2904247-1279512","FBA74874","B09CLKBXS4","X0029RB0DB","Nektar Impact GX Mini 25 Velocity-sensitive Mini Keys Portable USB Midi Controller","1","DEL2","SELLABLE","UNDELIVERABLE_REFUSED","LPNDEL2R82926547",
"2026-05-08T04:36:04+00:00","171-4135738-5645121","FBA79573","B0DKK15YNJ","X00288T9H5","NexLev Oil Applicator Comb|Red Led Light Therapy |Boost Hair Growth| Reduce Dandruff | Relieve Stress |High Vibration Corded Electric Scalp/Head Massager | 6 ML Oil Tank | 2 Hr Run-Time| Type-C|EA-02","1","DEL2","SELLABLE","DEFECTIVE","LPNDEL2R83288944",
"2026-05-07T22:46:43+00:00","405-3565400-1961132","FBA79263","B0CYSLCRQS","X0027NUKUL","NexLev Mattress, Sofa & Carpet Vacuum Cleaner | For Dust Mites, Allergens & Pet Hair | 4 Step Cleansing with Double Beat, UV Light, Dehumidification & Vacuum | HEPA captures 99.99% Dust|MR-01","1","BLR5","CUSTOMER_DAMAGED","DEFECTIVE","LPNBLR5P4127802",
"2026-05-07T22:46:07+00:00","408-3038786-7949908","FBK79789","B0FN4DSQ6P","X002DV4SQJ","White Mulberry Premium Economy Fixed TV Wall Mount Bracket for 32-65 Inches |45kg| LED/LCD/OLED/Smart & Curved TV's, VESA 50x50, 400x400 MAX, Slim Wall Stand","1","BLR5","SELLABLE","MISSING_PARTS","LPNBLR5P3864366","The bracket does not suit my TV"
"2026-05-07T14:51:10+00:00","406-1214466-1304313","FBK79271","B0DQ8W1RBV","X0028X1WKH","Nexlev Ionic Volumizer|3 In 1 Hot Air Brush To Straight Dry & Volumize|1200 Watts|Reduce Frizz|Ceramic Tourmaline Coated Large Barrel|Salon Like Soft Curl At Home|3 Speed & 2 Heat Settings|V-01 RG","1","BLR5","CUSTOMER_DAMAGED","DEFECTIVE","LPNBLR5P2802444",
"2026-05-07T11:32:41+00:00","406-6969007-6144353","FBK79786","B0FN4FPJ83","X002DVHN07","White Mulberry POS Machine Stand Universal Credit Card Machine Stand - 360° Swivel & +45°/-45° Tilt |Fits 2.8""-4.3"" Devices, 6.5"" Panel Size| Heavy-Duty Steel & Bolt-Down Mount with Cable Management","1","DEL2","SELLABLE","UNDELIVERABLE_REFUSED","LPNDEL2R82878766",
"2026-05-07T10:01:37+00:00","407-5123466-0309103","FBK79788","B0FN4D3C89","X002DVGH59","White Mulberry Economy Fixed TV Wall Mount Bracket for 13-43 Inches |45kg|LED/LCD/Smart TV's, Universal VESA Compatible 75x75,200x200 mm MAX Slim Wall Mount Stand","1","PNQ3","CARRIER_DAMAGED","MISSING_PARTS","LPNPNQ3A4596291",
"2026-05-07T08:31:56+00:00","406-0225084-4752350","FBK79787","B0FN4GQ9HT","X002DVFR1J","White Mulberry Tilt TV Wall Mount Bracket for 13-43 Inch Flat Screen TVs, Low Profile Slim Design, Heavy-Duty Steel, VESA 75x75 to 200x200, Supports up to 99 lbs (45kg), Built-in Bubble Level","1","BLR5","CUSTOMER_DAMAGED","QUALITY_UNACCEPTABLE","LPNBLR5P5455700",
"2026-05-07T07:50:04+00:00","407-5370849-2712324","FBA79493","B0DQCWRG3H","X0028X1G99","NexLev Ionic 3 in 1 Hot Air Brush|1.5 Inch Barrel |Volumizer Blow Dryer & Styler|Ceramic Tourmaline Coated for Heat Protection|1200W|Dual Bristle for Tangle Free Styling|Salon Like Styles at Home|V-03","1","BLR5","CUSTOMER_DAMAGED","SWITCHEROO","LPNBLR5P2775529",
"2026-05-07T04:29:49+00:00","406-2297202-8899534","FBK79271","B0DQ8W1RBV","X0028X1WKH","Nexlev Ionic Volumizer|3 In 1 Hot Air Brush To Straight Dry & Volumize|1200 Watts|Reduce Frizz|Ceramic Tourmaline Coated Large Barrel|Salon Like Soft Curl At Home|3 Speed & 2 Heat Settings|V-01 RG","1","CJB1","SELLABLE","UNDELIVERABLE_REFUSED","LPNCJB1X176392",
"2026-05-07T03:20:34+00:00","408-5083650-9134707","FBA79679","B0DVC7VJP1","X0028X8539","NexLev Stand Mixer | 5.5L SS Bowl | 1500W |10 Speeds | Pulse Function |Planetary Rotation | Whisk, Beater & Dough Hook |100% Copper Motor | For Roti Atta, Cookie Dough, Cake, Whip Cream & more | ST-01","1","BLR5","SELLABLE","QUALITY_UNACCEPTABLE","LPNBLR5P4127432",
"2026-05-07T03:17:39+00:00","405-4626775-2329906","FBA78981","B0CDPP45BM","X0028K610L","NexLev Steam Cleaner | For Complete Home Kitchen Bathroom Car Sofa & Office Cleaning Machine | 9 Accessories |300 ML | Window Pane, Sink, Chimney Grease, Water Stain Cleaner| 5 Mtr Cord | 1000W |SC-01","1","BLR5","CUSTOMER_DAMAGED","NO_REASON_GIVEN","LPNBLR5P3766098",
"2026-05-06T14:56:05+00:00","407-8347735-3331520","FBK79786","B0FN4FPJ83","X002DVHN07","White Mulberry POS Machine Stand Universal Credit Card Machine Stand - 360° Swivel & +45°/-45° Tilt |Fits 2.8""-4.3"" Devices, 6.5"" Panel Size| Heavy-Duty Steel & Bolt-Down Mount with Cable Management","1","CCX1","DEFECTIVE","MISSING_PARTS","LPNCCX1B1809331","Mant parts are missing"
"2026-05-06T08:53:44+00:00","403-2090116-0677148","FBA79818","B0F146Y33S","X002CNXQIJ","Arturia MicroLab mk3 25-key MIDI Controller Keyboard with Synth-action Mini-keys, Sustain Pedal Input, Chord Mode, and Software - White","1","LKO1","SELLABLE","UNDELIVERABLE_REFUSED","LPNLKO1B1682156",
"2026-05-06T05:27:37+00:00","404-8001558-6930749","FBA79268","B0D383WQPB","X0028X4EMZ","NexLev Foldable Garment Steamer for Home & Travel | Convenient Vertical Steaming | 1200W | 120 ml | Lightweight & Compact | 30s Fast Heating | Iron for all Cloth Types | 2 M cord | Anti Spill | GS-05","1","BLR5","SELLABLE","UNDELIVERABLE_REFUSED","LPNBLR5P4612563",
"2026-05-06T04:32:11+00:00","403-0539170-1266719","FBA79692","B0DVC58QPZ","X0028X6UI1","NexLev Smart Air Purifier | Home Room & Office Use upto 220 sq ft |True HEPA 13 Filter | Eliminate 99.99% Virus Dust Smoke Odor Pollen Allergens & Pollutants | Long Filter Life |3 Year Warranty |AP220","1","DEL2","SELLABLE","UNDELIVERABLE_REFUSED","LPNDEL2R82727630",
"2026-05-06T04:05:02+00:00","171-7291938-7601921","FBA77113","B01ISNU3X4","X001OT9X4X","TONOR Dynamic Karaoke Microphone for Singing with 4.5m XLR Cable, Metal Handheld Mic Compatible with Karaoke Machine/Speaker/Amp/Mixer for Karaoke Singing, Speech, Wedding, Stage and Outdoor Activity","1","DEL2","SELLABLE","UNDELIVERABLE_REFUSED","LPNDEL2R81883607",
"2026-05-05T12:38:52+00:00","404-3145597-2518723","FBA79493","B0DQCWRG3H","X0028X1G99","NexLev Ionic 3 in 1 Hot Air Brush|1.5 Inch Barrel |Volumizer Blow Dryer & Styler|Ceramic Tourmaline Coated for Heat Protection|1200W|Dual Bristle for Tangle Free Styling|Salon Like Styles at Home|V-03","1","DEL2","SELLABLE","DEFECTIVE","LPNDEL2R76588075",
"2026-05-05T07:35:32+00:00","405-1772422-4537906","FBK79789","B0FN4DSQ6P","X002DV4SQJ","White Mulberry Premium Economy Fixed TV Wall Mount Bracket for 32-65 Inches |45kg| LED/LCD/OLED/Smart & Curved TV's, VESA 50x50, 400x400 MAX, Slim Wall Stand","1","BLR5","CARRIER_DAMAGED","DEFECTIVE","LPNBLR5P4793467",
"2026-05-05T05:12:23+00:00","407-3516839-1190756","FBA79679","B0DVC7VJP1","X0028X8539","NexLev Stand Mixer | 5.5L SS Bowl | 1500W |10 Speeds | Pulse Function |Planetary Rotation | Whisk, Beater & Dough Hook |100% Copper Motor | For Roti Atta, Cookie Dough, Cake, Whip Cream & more | ST-01","1","DEL2","SELLABLE","UNDELIVERABLE_REFUSED","LPNDEL2R82644237",
"2026-05-04T21:46:18+00:00","407-4827899-9208304","FBA79277","B0D672NXC8","X0028X1YFZ","Nexlev SWIPE Steam Cleaner | 3.5 Bar Strong Steam|Multipurpose Steam Cleaner for Car, Kitchen, Bathroom, Floor, Window,Glass,Upholstery| 18 Accessories Kit|Safety Lock| Large 1200ML Water Tank | SC-03","1","BLR5","SELLABLE","QUALITY_UNACCEPTABLE","LPNBLR5P3778013",
"2026-05-04T17:15:01+00:00","405-0667513-3645158","FBA79493","B0DQCWRG3H","X0028X1G99","NexLev Ionic 3 in 1 Hot Air Brush|1.5 Inch Barrel |Volumizer Blow Dryer & Styler|Ceramic Tourmaline Coated for Heat Protection|1200W|Dual Bristle for Tangle Free Styling|Salon Like Styles at Home|V-03","1","BLR5","SELLABLE","UNDELIVERABLE_REFUSED","LPNBLR5P5210952",
"2026-05-04T13:53:15+00:00","407-1415335-1157103","FBA78981","B0CDPP45BM","X0028K610L","NexLev Steam Cleaner | For Complete Home Kitchen Bathroom Car Sofa & Office Cleaning Machine | 9 Accessories |300 ML | Window Pane, Sink, Chimney Grease, Water Stain Cleaner| 5 Mtr Cord | 1000W |SC-01","1","BLR5","CUSTOMER_DAMAGED","QUALITY_UNACCEPTABLE","LPNBLR5P4735147",
"2026-05-04T07:13:41+00:00","404-0746174-2193137","FBA79493","B0DQCWRG3H","X0028X1G99","NexLev Ionic 3 in 1 Hot Air Brush|1.5 Inch Barrel |Volumizer Blow Dryer & Styler|Ceramic Tourmaline Coated for Heat Protection|1200W|Dual Bristle for Tangle Free Styling|Salon Like Styles at Home|V-03","1","DEL2","SELLABLE","DEFECTIVE","LPNDEL2R81427979",
"2026-05-04T04:56:30+00:00","403-2583190-7749949","FBK79789","B0FN4DSQ6P","X002DV4SQJ","White Mulberry Premium Economy Fixed TV Wall Mount Bracket for 32-65 Inches |45kg| LED/LCD/OLED/Smart & Curved TV's, VESA 50x50, 400x400 MAX, Slim Wall Stand","1","BOM7","SELLABLE","QUALITY_UNACCEPTABLE","LPNBOM7D20035393",
"2026-05-04T04:17:52+00:00","404-4777225-1586719","FBA79851","B0FH475LZZ","X002E5DHB1","Nektar Impact LX61 mk3 MIDI Keyboard Controller | 61 Key Velocity-Sensitive Keyboard with DAW Integration, Pads, Faders, Encoders, Scale & Chord Mode, NKS Support, Compatible with Mac/PC","1","BLR5","SELLABLE","UNDELIVERABLE_REFUSED","LPNBLR5P4156737",
"2026-05-04T04:06:10+00:00","407-1155121-2447512","FBA79479","B0DB5YTQZV","X0028X8HMX","White Mulberry |DIY| Height Adjustable Monitor Arm | Desk Mounted Monitor Stand for 17-32 Inch Monitor | 10Kg Screen Load | VESA 75X75 & 100X100 | Adjustable Metal Desk Mount - (Dual Screen)","1","BLR5","CUSTOMER_DAMAGED","MISSING_PARTS","LPNBLR5P4255816",
"2026-05-04T03:42:58+00:00","403-5956733-4005146","FBA78981","B0CDPP45BM","X0028K610L","NexLev Steam Cleaner | For Complete Home Kitchen Bathroom Car Sofa & Office Cleaning Machine | 9 Accessories |300 ML | Window Pane, Sink, Chimney Grease, Water Stain Cleaner| 5 Mtr Cord | 1000W |SC-01","1","BLR5","CUSTOMER_DAMAGED","DEFECTIVE","LPNBLR5P4148665",
"2026-05-03T19:06:15+00:00","402-6976094-2780331","FBK79789","B0FN4DSQ6P","X002DV4SQJ","White Mulberry Premium Economy Fixed TV Wall Mount Bracket for 32-65 Inches |45kg| LED/LCD/OLED/Smart & Curved TV's, VESA 50x50, 400x400 MAX, Slim Wall Stand","1","BLR5","CUSTOMER_DAMAGED","DEFECTIVE","LPNBLR5P1085622",
"2026-05-03T14:11:27+00:00","406-9893091-6252351","FBA79493","B0DQCWRG3H","X0028X1G99","NexLev Ionic 3 in 1 Hot Air Brush|1.5 Inch Barrel |Volumizer Blow Dryer & Styler|Ceramic Tourmaline Coated for Heat Protection|1200W|Dual Bristle for Tangle Free Styling|Salon Like Styles at Home|V-03","1","BLR5","SELLABLE","UNDELIVERABLE_REFUSED","LPNBLR5P4651780",
"2026-05-03T12:41:17+00:00","171-8700392-8167524","FBK79789","B0FN4DSQ6P","X002DV4SQJ","White Mulberry Premium Economy Fixed TV Wall Mount Bracket for 32-65 Inches |45kg| LED/LCD/OLED/Smart & Curved TV's, VESA 50x50, 400x400 MAX, Slim Wall Stand","1","BLR5","CUSTOMER_DAMAGED","DEFECTIVE","LPNBLR5P5419266",
"2026-05-03T11:56:00+00:00","402-3383027-0770753","FBA78981","B0CDPP45BM","X0028K610L","NexLev Steam Cleaner | For Complete Home Kitchen Bathroom Car Sofa & Office Cleaning Machine | 9 Accessories |300 ML | Window Pane, Sink, Chimney Grease, Water Stain Cleaner| 5 Mtr Cord | 1000W |SC-01","1","BOM5","SELLABLE","UNDELIVERABLE_REFUSED","LPNBOM5F5277496",
"2026-05-03T09:47:37+00:00","408-5976281-1590705","FBA78980","B0CDPMX152","X0028X4EED","NexLev Handheld Garment Steamer | 1500 Watts | 300 ML| Standing & Horizontal Iron Press | Damage Free Steaming for all Cloth Types | 25s Quick Heat |Upto 5 Clothes in One Fill | Travel Friendly |GS-02","1","BLR7","SELLABLE","DEFECTIVE","LPNBLR7Y8060365",
"2026-05-03T09:12:54+00:00","403-8515392-4805958","FBA78981","B0CDPP45BM","X0028K610L","NexLev Steam Cleaner | For Complete Home Kitchen Bathroom Car Sofa & Office Cleaning Machine | 9 Accessories |300 ML | Window Pane, Sink, Chimney Grease, Water Stain Cleaner| 5 Mtr Cord | 1000W |SC-01","1","BOM5","SELLABLE","UNDELIVERABLE_REFUSED","LPNBOM5F4855742",
"2026-05-03T07:44:56+00:00","402-4046424-4572302","FBA79493","B0DQCWRG3H","X0028X1G99","NexLev Ionic 3 in 1 Hot Air Brush|1.5 Inch Barrel |Volumizer Blow Dryer & Styler|Ceramic Tourmaline Coated for Heat Protection|1200W|Dual Bristle for Tangle Free Styling|Salon Like Styles at Home|V-03","1","AMD2","SELLABLE","UNDELIVERABLE_REFUSED","LPNAMD2M3917216",
"2026-05-03T07:23:26+00:00","171-2866962-0143508","FBK79789","B0FN4DSQ6P","X002DV4SQJ","White Mulberry Premium Economy Fixed TV Wall Mount Bracket for 32-65 Inches |45kg| LED/LCD/OLED/Smart & Curved TV's, VESA 50x50, 400x400 MAX, Slim Wall Stand","1","DEL2","SELLABLE","UNDELIVERABLE_REFUSED","LPNDEL2R82090298",
"2026-05-02T20:46:12+00:00","171-6138694-7965126","FBK79789","B0FN4DSQ6P","X002DV4SQJ","White Mulberry Premium Economy Fixed TV Wall Mount Bracket for 32-65 Inches |45kg| LED/LCD/OLED/Smart & Curved TV's, VESA 50x50, 400x400 MAX, Slim Wall Stand","1","BLR5","SELLABLE","NOT_AS_DESCRIBED","LPNBLR5P4116270","Not working for 55 inches"
"2026-05-02T20:23:41+00:00","405-9958276-2263543","FBK79788","B0FN4D3C89","X002DVGH59","White Mulberry Economy Fixed TV Wall Mount Bracket for 13-43 Inches |45kg|LED/LCD/Smart TV's, Universal VESA Compatible 75x75,200x200 mm MAX Slim Wall Mount Stand","1","BLR5","SELLABLE","UNDELIVERABLE_REFUSED","LPNBLR5P4315790",
"2026-05-02T16:10:37+00:00","171-9293060-2481924","FBK79788","B0FN4D3C89","X002DVGH59","White Mulberry Economy Fixed TV Wall Mount Bracket for 13-43 Inches |45kg|LED/LCD/Smart TV's, Universal VESA Compatible 75x75,200x200 mm MAX Slim Wall Mount Stand","1","BLR5","CUSTOMER_DAMAGED","QUALITY_UNACCEPTABLE","LPNBLR5P5410988",
"2026-05-02T05:30:40+00:00","402-0727088-6870713","FBK79788","B0FN4D3C89","X002DVGH59","White Mulberry Economy Fixed TV Wall Mount Bracket for 13-43 Inches |45kg|LED/LCD/Smart TV's, Universal VESA Compatible 75x75,200x200 mm MAX Slim Wall Mount Stand","1","BLR5","SELLABLE","UNDELIVERABLE_REFUSED","LPNBLR5P4061700",
"2026-05-02T03:58:45+00:00","408-3109771-5741149","FBA79479","B0DB5YTQZV","X0028X8HMX","White Mulberry |DIY| Height Adjustable Monitor Arm | Desk Mounted Monitor Stand for 17-32 Inch Monitor | 10Kg Screen Load | VESA 75X75 & 100X100 | Adjustable Metal Desk Mount - (Dual Screen)","1","BLR5","CARRIER_DAMAGED","NO_REASON_GIVEN","LPNBLR5P3497191",
"2026-05-02T03:36:03+00:00","404-7095138-7705927","FBA79493","B0DQCWRG3H","X0028X1G99","NexLev Ionic 3 in 1 Hot Air Brush|1.5 Inch Barrel |Volumizer Blow Dryer & Styler|Ceramic Tourmaline Coated for Heat Protection|1200W|Dual Bristle for Tangle Free Styling|Salon Like Styles at Home|V-03","1","DEL2","SELLABLE","UNDELIVERABLE_REFUSED","LPNDEL2R81175306",
"2026-05-02T03:04:48+00:00","402-7857829-2632314","FBA79489","B0DFD123P5","X0028X7NAF","Nexlev MultiPurpose Electric Food Kettle|1.5 L Ceramic Pot | 600W| Boil, Steam, Fry, Saute| Double Layered Body| 2 Temperature Settings| Multi Cooker for Water, Egg, Tea, Soup, Noodles, Rice| KE-02","1","BOM5","SELLABLE","UNDELIVERABLE_REFUSED","LPNBOM5F5253754",
"2026-05-01T11:10:41+00:00","406-1123054-1295505","FBA74874","B09CLKBXS4","X0029RB0DB","Nektar Impact GX Mini 25 Velocity-sensitive Mini Keys Portable USB Midi Controller","1","PNQ3","CUSTOMER_DAMAGED","SWITCHEROO","LPNPNQ3A4568588",
"2026-05-01T03:27:01+00:00","404-1823484-1063508","FBK79787","B0FN4GQ9HT","X002DVFR1J","White Mulberry Tilt TV Wall Mount Bracket for 13-43 Inch Flat Screen TVs, Low Profile Slim Design, Heavy-Duty Steel, VESA 75x75 to 200x200, Supports up to 99 lbs (45kg), Built-in Bubble Level","1","BLR5","DEFECTIVE","MISSING_PARTS","LPNBLR5P4022430","Missing"
"2026-04-30T12:57:09+00:00","404-2268755-6085156","FBK79788","B0FN4D3C89","X002DVGH59","White Mulberry Economy Fixed TV Wall Mount Bracket for 13-43 Inches |45kg|LED/LCD/Smart TV's, Universal VESA Compatible 75x75,200x200 mm MAX Slim Wall Mount Stand","1","BLR5","CUSTOMER_DAMAGED","MISORDERED","LPNBLR5P2969635",
"2026-04-30T12:54:10+00:00","171-7999869-4742723","FBK79786","B0FN4FPJ83","X002DVHN07","White Mulberry POS Machine Stand Universal Credit Card Machine Stand - 360° Swivel & +45°/-45° Tilt |Fits 2.8""-4.3"" Devices, 6.5"" Panel Size| Heavy-Duty Steel & Bolt-Down Mount with Cable Management","1","BLR5","SELLABLE","MISSING_PARTS","LPNBLR5P4371375","Parts missing"
"2026-04-30T12:16:50+00:00","171-6869307-9505125","FBA79573","B0DKK15YNJ","X00288T9H5","NexLev Oil Applicator Comb|Red Led Light Therapy |Boost Hair Growth| Reduce Dandruff | Relieve Stress |High Vibration Corded Electric Scalp/Head Massager | 6 ML Oil Tank | 2 Hr Run-Time| Type-C|EA-02","1","DEL2","SELLABLE","UNDELIVERABLE_REFUSED","LPNDEL2R82221212",
"2026-04-30T11:33:42+00:00","171-8926563-1673117","FBA79652","B0F43P6D23","X002A01YVP","NexLev Steam Cleaner | Complete Home Kitchen Floor Bathroom Car & Office Cleaning machine | 9 Accessories | 450 ML | Window Pane Sink Grime Chimney Grease Water Stain Cleaner| 4 M Cord |1050W |SC-05","1","CCX1","CARRIER_DAMAGED","UNDELIVERABLE_REFUSED","LPNCCX1B1369109",
"2026-04-30T03:08:49+00:00","405-9188742-0683530","FBK79788","B0FN4D3C89","X002DVGH59","White Mulberry Economy Fixed TV Wall Mount Bracket for 13-43 Inches |45kg|LED/LCD/Smart TV's, Universal VESA Compatible 75x75,200x200 mm MAX Slim Wall Mount Stand","1","DEL2","CARRIER_DAMAGED","NOT_AS_DESCRIBED","LPNDEL2R82464315",
"2026-04-29T18:13:44+00:00","403-4616471-3873921","FBA78981","B0CDPP45BM","X0028K610L","NexLev Steam Cleaner | For Complete Home Kitchen Bathroom Car Sofa & Office Cleaning Machine | 9 Accessories |300 ML | Window Pane, Sink, Chimney Grease, Water Stain Cleaner| 5 Mtr Cord | 1000W |SC-01","1","BLR5","SELLABLE","UNDELIVERABLE_REFUSED","LPNBLR5P4507665",
"2026-04-29T17:55:19+00:00","403-7138266-5780344","FBA78980","B0CDPMX152","X0028X4EED","NexLev Handheld Garment Steamer | 1500 Watts | 300 ML| Standing & Horizontal Iron Press | Damage Free Steaming for all Cloth Types | 25s Quick Heat |Upto 5 Clothes in One Fill | Travel Friendly |GS-02","1","BLR5","CUSTOMER_DAMAGED","SWITCHEROO","LPNBLR5P0071629",
"2026-04-29T04:47:48+00:00","405-5988634-4406708","FBK79789","B0FN4DSQ6P","X002DV4SQJ","White Mulberry Premium Economy Fixed TV Wall Mount Bracket for 32-65 Inches |45kg| LED/LCD/OLED/Smart & Curved TV's, VESA 50x50, 400x400 MAX, Slim Wall Stand","1","BLR5","SELLABLE","UNDELIVERABLE_REFUSED","LPNBLR5P5441777",
"2026-04-29T03:03:45+00:00","171-2000486-4747553","FBK79789","B0FN4DSQ6P","X002DV4SQJ","White Mulberry Premium Economy Fixed TV Wall Mount Bracket for 32-65 Inches |45kg| LED/LCD/OLED/Smart & Curved TV's, VESA 50x50, 400x400 MAX, Slim Wall Stand","1","BLR5","SELLABLE","DEFECTIVE","LPNBLR5P3461725",
"2026-04-28T21:20:44+00:00","171-4728183-8286719","FBK79789","B0FN4DSQ6P","X002DV4SQJ","White Mulberry Premium Economy Fixed TV Wall Mount Bracket for 32-65 Inches |45kg| LED/LCD/OLED/Smart & Curved TV's, VESA 50x50, 400x400 MAX, Slim Wall Stand","1","BLR5","SELLABLE","DEFECTIVE","LPNBLR5P3921296",
"2026-04-28T11:27:44+00:00","402-5239352-8079549","FBK79789","B0FN4DSQ6P","X002DV4SQJ","White Mulberry Premium Economy Fixed TV Wall Mount Bracket for 32-65 Inches |45kg| LED/LCD/OLED/Smart & Curved TV's, VESA 50x50, 400x400 MAX, Slim Wall Stand","1","BLR5","SELLABLE","SWITCHEROO","LPNBLR5P5004155",
"2026-04-28T09:16:14+00:00","171-1711683-3963505","FBA79263","B0CYSLCRQS","X0027NUKUL","NexLev Mattress, Sofa & Carpet Vacuum Cleaner | For Dust Mites, Allergens & Pet Hair | 4 Step Cleansing with Double Beat, UV Light, Dehumidification & Vacuum | HEPA captures 99.99% Dust|MR-01","1","DEL2","SELLABLE","UNDELIVERABLE_REFUSED","LPNDEL2R82898915",
"2026-04-28T04:18:28+00:00","171-4691793-8911525","FBA78981","B0CDPP45BM","X0028K610L","NexLev Steam Cleaner | For Complete Home Kitchen Bathroom Car Sofa & Office Cleaning Machine | 9 Accessories |300 ML | Window Pane, Sink, Chimney Grease, Water Stain Cleaner| 5 Mtr Cord | 1000W |SC-01","1","BLR5","SELLABLE","UNDELIVERABLE_REFUSED","LPNBLR5P0070552",
"2026-04-28T03:39:49+00:00","406-2640646-6669923","FBA79679","B0DVC7VJP1","X0028X8539","NexLev Stand Mixer | 5.5L SS Bowl | 1500W |10 Speeds | Pulse Function |Planetary Rotation | Whisk, Beater & Dough Hook |100% Copper Motor | For Roti Atta, Cookie Dough, Cake, Whip Cream & more | ST-01","1","DEL2","CARRIER_DAMAGED","QUALITY_UNACCEPTABLE","LPNDEL2R82551139",
"2026-04-27T21:23:06+00:00","403-6241797-5822763","FBA79277","B0D672NXC8","X0028X1YFZ","Nexlev SWIPE Steam Cleaner | 3.5 Bar Strong Steam|Multipurpose Steam Cleaner for Car, Kitchen, Bathroom, Floor, Window,Glass,Upholstery| 18 Accessories Kit|Safety Lock| Large 1200ML Water Tank | SC-03","1","BLR5","CARRIER_DAMAGED","UNDELIVERABLE_REFUSED","LPNBLR5P3507366",
"2026-04-27T08:13:25+00:00","403-5787190-4442717","FBA79696","B0CQX3VB1R","X0027WBGZP","TONOR Dynamic USB/Type-C Microphone for PC, RGB Podcast Computer Gaming Microphone with Arm Stand for Recording, Live, Streaming, YouTube, Vocals, Studio, Karaoke Microphone, Quick Mute Button, Black","1","DEL2","SELLABLE","UNDELIVERABLE_REFUSED","LPNDEL2R81274203",
"2026-04-27T04:59:54+00:00","403-6670691-0584314","FBA79489","B0DFD123P5","X0028X7NAF","Nexlev MultiPurpose Electric Food Kettle|1.5 L Ceramic Pot | 600W| Boil, Steam, Fry, Saute| Double Layered Body| 2 Temperature Settings| Multi Cooker for Water, Egg, Tea, Soup, Noodles, Rice| KE-02","1","DEL2","SELLABLE","UNDELIVERABLE_REFUSED","LPNDEL2R81124015",
"2026-04-27T03:55:21+00:00","404-1968759-1193945","FBA79652","B0F43P6D23","X002A01YVP","NexLev Steam Cleaner | Complete Home Kitchen Floor Bathroom Car & Office Cleaning machine | 9 Accessories | 450 ML | Window Pane Sink Grime Chimney Grease Water Stain Cleaner| 4 M Cord |1050W |SC-05","1","BOM5","SELLABLE","DEFECTIVE","LPNBOM5F4845492",
"2026-04-27T03:39:35+00:00","171-5570221-7835546","FBK79788","B0FN4D3C89","X002DVGH59","White Mulberry Economy Fixed TV Wall Mount Bracket for 13-43 Inches |45kg|LED/LCD/Smart TV's, Universal VESA Compatible 75x75,200x200 mm MAX Slim Wall Mount Stand","1","DEL2","SELLABLE","UNDELIVERABLE_REFUSED","LPNDEL2R81315534",
"2026-04-26T17:49:16+00:00","408-7499183-1393127","FBA78981","B0CDPP45BM","X0028K610L","NexLev Steam Cleaner | For Complete Home Kitchen Bathroom Car Sofa & Office Cleaning Machine | 9 Accessories |300 ML | Window Pane, Sink, Chimney Grease, Water Stain Cleaner| 5 Mtr Cord | 1000W |SC-01","1","BLR5","CUSTOMER_DAMAGED","QUALITY_UNACCEPTABLE","LPNBLR5P1975239",
"2026-04-26T14:49:27+00:00","408-0823992-1927559","FBA75677","B0B4KC7VBM","X0029OG5IJ","Audio Array AM-C5 USB Plug & Play Conference Mic for Mac OS & Windows | Conference, Recording, Skype, Online Class with Range Upto 5M | One Touch Mute Button & Light Indicator (NOT A Speaker)","1","BLR5","CUSTOMER_DAMAGED","SWITCHEROO","LPNBLR5P3783726",
"2026-04-26T09:31:19+00:00","408-1532302-3151509","FBA78981","B0CDPP45BM","X0028K610L","NexLev Steam Cleaner | For Complete Home Kitchen Bathroom Car Sofa & Office Cleaning Machine | 9 Accessories |300 ML | Window Pane, Sink, Chimney Grease, Water Stain Cleaner| 5 Mtr Cord | 1000W |SC-01","1","AMD2","SELLABLE","UNDELIVERABLE_REFUSED","LPNAMD2M3751183",
"2026-04-26T04:13:11+00:00","408-6514417-7518754","FBA79790","B0FHVWHQHR","X002CWJ4I1","White Mulberry Fixed TV Wall Mount Bracket for 37-86 Inch LED, LCD & Curved TVs | Heavy Duty Steel Frame, 45kg Max Load, VESA 50x50 to 600x400mm Max, Built-in Bubble Level, 1 Year Warranty","1","HYD8","DAMAGED","UNDELIVERABLE_REFUSED","LPNHYD8EF74264",
"2026-04-26T03:56:08+00:00","407-7988225-4006767","FBA78930","B0C325NVBQ","X00284CEYT","Arturia KeyLab Essential 49 mk3 MIDI Controller with 49 Velocity-Sensitive keys, 9 Encoders, 9 Sliders, 8 RGB Pads - USB-C, Midi Out, LCD Screen, Bundled Software and DAW Integration - White","1","DEL2","SELLABLE","UNDELIVERABLE_REFUSED","LPNDEL2R81428032",
"2026-04-25T20:48:30+00:00","402-9826224-8097164","FBA75693","B074CC1M7T","X0028YIKTH","Nektar IMPACT GX61 61-Key Full-Size Velocity-Sensitive USB Midi Keyboard Controller with Nektar DAW Integration and Free Professional Recording Software","1","BLR5","SELLABLE","UNDELIVERABLE_REFUSED","LPNBLR5P4006923",
"2026-04-25T20:31:24+00:00","406-7676998-8381960","FBA74874","B09CLKBXS4","X0029RB0DB","Nektar Impact GX Mini 25 Velocity-sensitive Mini Keys Portable USB Midi Controller","1","BLR5","SELLABLE","UNDELIVERABLE_REFUSED","LPNBLR5P4203307",
"2026-04-25T14:40:08+00:00","408-7286212-4046729","FBK79789","B0FN4DSQ6P","X002DV4SQJ","White Mulberry Premium Economy Fixed TV Wall Mount Bracket for 32-65 Inches |45kg| LED/LCD/OLED/Smart & Curved TV's, VESA 50x50, 400x400 MAX, Slim Wall Stand","1","BLR5","SELLABLE","UNDELIVERABLE_REFUSED","LPNBLR5P5390011",
"2026-04-25T14:11:11+00:00","402-7566928-8337930","FBA77224","B0BHCNWTMZ","X00284G6JX","Arturia MiniFuse 4, 4-in/4-out USB-C Audio Interface with 2 Mic/Line/Instrument Preamps, 2 Line Inputs, 2 x 250mA USB-A Hub Ports, and Included Software Suite - Mac/PC (White)","1","BLR5","SELLABLE","UNDELIVERABLE_UNKNOWN","LPNBLR5P1390220",
"2026-04-25T12:04:04+00:00","404-7118300-4239568","FBA79263","B0CYSLCRQS","X0027NUKUL","NexLev Mattress, Sofa & Carpet Vacuum Cleaner | For Dust Mites, Allergens & Pet Hair | 4 Step Cleansing with Double Beat, UV Light, Dehumidification & Vacuum | HEPA captures 99.99% Dust|MR-01","1","BOM7","SELLABLE","NOT_AS_DESCRIBED","LPNBOM7D19422897","I wanted water uv vacuum cleaner"
"2026-04-25T08:53:11+00:00","405-3411100-9274721","FBA79277","B0D672NXC8","X0028X1YFZ","Nexlev SWIPE Steam Cleaner | 3.5 Bar Strong Steam|Multipurpose Steam Cleaner for Car, Kitchen, Bathroom, Floor, Window,Glass,Upholstery| 18 Accessories Kit|Safety Lock| Large 1200ML Water Tank | SC-03","1","BLR5","CUSTOMER_DAMAGED","QUALITY_UNACCEPTABLE","LPNBLR5P2017096",
"2026-04-25T07:00:14+00:00","402-2085001-5495552","FBK79788","B0FN4D3C89","X002DVGH59","White Mulberry Economy Fixed TV Wall Mount Bracket for 13-43 Inches |45kg|LED/LCD/Smart TV's, Universal VESA Compatible 75x75,200x200 mm MAX Slim Wall Mount Stand","1","BLR5","SELLABLE","UNDELIVERABLE_REFUSED","LPNBLR5P3381084",
"2026-04-25T06:29:22+00:00","403-4165210-9131556","FBA79696","B0CQX3VB1R","X0027WBGZP","TONOR Dynamic USB/Type-C Microphone for PC, RGB Podcast Computer Gaming Microphone with Arm Stand for Recording, Live, Streaming, YouTube, Vocals, Studio, Karaoke Microphone, Quick Mute Button, Black","1","DEL2","SELLABLE","UNDELIVERABLE_REFUSED","LPNDEL2R82762635",
"2026-04-25T06:24:11+00:00","405-7473521-9560359","FBA79277","B0D672NXC8","X0028X1YFZ","Nexlev SWIPE Steam Cleaner | 3.5 Bar Strong Steam|Multipurpose Steam Cleaner for Car, Kitchen, Bathroom, Floor, Window,Glass,Upholstery| 18 Accessories Kit|Safety Lock| Large 1200ML Water Tank | SC-03","1","BLR5","CUSTOMER_DAMAGED","QUALITY_UNACCEPTABLE","LPNBLR5P4006497",
"2026-04-25T05:29:03+00:00","405-0683031-2420310","FBK79788","B0FN4D3C89","X002DVGH59","White Mulberry Economy Fixed TV Wall Mount Bracket for 13-43 Inches |45kg|LED/LCD/Smart TV's, Universal VESA Compatible 75x75,200x200 mm MAX Slim Wall Mount Stand","1","BLR5","SELLABLE","UNDELIVERABLE_REFUSED","LPNBLR5R2944686",
"2026-04-24T19:15:12+00:00","407-5406464-5689136","FBA79488","B0DFCG2VGS","X0028X4EPR","Nexlev Multi Purpose Electric Food Kettle|1.8L Stainless Steel Pot| 600W|Boil, Steam, Fry, Saute| Double Layered Body|2 Heat Settings|Multi Function for Water, Milk, Egg, Soup, Noodles|KE-01","1","BLR5","DEFECTIVE","DAMAGED_BY_FC","LPNBLR5R2605869","The glass lid was broken"
"2026-04-24T12:00:40+00:00","408-8416263-3077158","FBA78980","B0CDPMX152","X0028X4EED","NexLev Handheld Garment Steamer | 1500 Watts | 300 ML| Standing & Horizontal Iron Press | Damage Free Steaming for all Cloth Types | 25s Quick Heat |Upto 5 Clothes in One Fill | Travel Friendly |GS-02","1","PNQ3","CUSTOMER_DAMAGED","DEFECTIVE","LPNPNQ3A4539946",
"2026-04-24T07:42:43+00:00","403-2022330-8418714","FBA74874","B09CLKBXS4","X0029RB0DB","Nektar Impact GX Mini 25 Velocity-sensitive Mini Keys Portable USB Midi Controller","1","DEL2","SELLABLE","DEFECTIVE","LPNDEL2R81972525",
"2026-04-24T03:56:51+00:00","405-1726111-8905131","FBA79652","B0F43P6D23","X002A01YVP","NexLev Steam Cleaner | Complete Home Kitchen Floor Bathroom Car & Office Cleaning machine | 9 Accessories | 450 ML | Window Pane Sink Grime Chimney Grease Water Stain Cleaner| 4 M Cord |1050W |SC-05","1","BOM5","SELLABLE","DEFECTIVE","LPNBOM5F4846003",
"2026-04-23T20:49:42+00:00","405-2800968-2417164","FBA79652","B0F43P6D23","X002A01YVP","NexLev Steam Cleaner | Complete Home Kitchen Floor Bathroom Car & Office Cleaning machine | 9 Accessories | 450 ML | Window Pane Sink Grime Chimney Grease Water Stain Cleaner| 4 M Cord |1050W |SC-05","1","BLR5","SELLABLE","UNDELIVERABLE_REFUSED","LPNBLR5P3976612",
"2026-04-23T11:30:44+00:00","405-1266219-4246765","FBA79790","B0FHVWHQHR","X002CWJ4I1","White Mulberry Fixed TV Wall Mount Bracket for 37-86 Inch LED, LCD & Curved TVs | Heavy Duty Steel Frame, 45kg Max Load, VESA 50x50 to 600x400mm Max, Built-in Bubble Level, 1 Year Warranty","1","BLR5","CUSTOMER_DAMAGED","NOT_AS_DESCRIBED","LPNBLR5R0713519",
"2026-04-23T08:21:04+00:00","403-3009395-4715560","FBA77113","B01ISNU3X4","X001OT9X4X","TONOR Dynamic Karaoke Microphone for Singing with 4.5m XLR Cable, Metal Handheld Mic Compatible with Karaoke Machine/Speaker/Amp/Mixer for Karaoke Singing, Speech, Wedding, Stage and Outdoor Activity","1","HYD8","SELLABLE","DEFECTIVE","LPNHYD8ED50318",
"2026-04-23T08:15:28+00:00","408-9493742-0837128","FBA79112","B0BRKDLXCD","X001WRTNOH","RGB Boom Arm, TONOR Adjustable Mic Stand with RGB Light for HyperX QuadCast/Blue Yeti/Shure SM7B/Rode NT1, Rotatable Suspension Boom Scissor Stand for Gaming Streaming Podcasting YouTube Recording T90","1","BLR5","DAMAGED","UNDELIVERABLE_REFUSED","LPNBLR5P2210906",
"2026-04-23T05:14:41+00:00","404-7526882-9721912","FBK79786","B0FN4FPJ83","X002DVHN07","White Mulberry POS Machine Stand Universal Credit Card Machine Stand - 360° Swivel & +45°/-45° Tilt |Fits 2.8""-4.3"" Devices, 6.5"" Panel Size| Heavy-Duty Steel & Bolt-Down Mount with Cable Management","1","BLR5","CUSTOMER_DAMAGED","DEFECTIVE","LPNBLR5P2729693",
"2026-04-23T04:40:40+00:00","171-2321160-5490725","FBK79789","B0FN4DSQ6P","X002DV4SQJ","White Mulberry Premium Economy Fixed TV Wall Mount Bracket for 32-65 Inches |45kg| LED/LCD/OLED/Smart & Curved TV's, VESA 50x50, 400x400 MAX, Slim Wall Stand","1","BLR5","SELLABLE","UNDELIVERABLE_REFUSED","LPNBLR5P3954760",
"2026-04-23T03:28:12+00:00","404-7788006-7370755","FBK79786","B0FN4FPJ83","X002DVHN07","White Mulberry POS Machine Stand Universal Credit Card Machine Stand - 360° Swivel & +45°/-45° Tilt |Fits 2.8""-4.3"" Devices, 6.5"" Panel Size| Heavy-Duty Steel & Bolt-Down Mount with Cable Management","1","DEL2","CUSTOMER_DAMAGED","DEFECTIVE","LPNDEL2R82706384",
"2026-04-22T21:33:23+00:00","405-3837606-2779507","FBA79790","B0FHVWHQHR","X002CWJ4I1","White Mulberry Fixed TV Wall Mount Bracket for 37-86 Inch LED, LCD & Curved TVs | Heavy Duty Steel Frame, 45kg Max Load, VESA 50x50 to 600x400mm Max, Built-in Bubble Level, 1 Year Warranty","1","BLR5","SELLABLE","UNDELIVERABLE_REFUSED","LPNBLR5Q9623820",
"2026-04-22T14:11:44+00:00","404-7388935-2917965","FBK79788","B0FN4D3C89","X002DVGH59","White Mulberry Economy Fixed TV Wall Mount Bracket for 13-43 Inches |45kg|LED/LCD/Smart TV's, Universal VESA Compatible 75x75,200x200 mm MAX Slim Wall Mount Stand","1","BLR5","CUSTOMER_DAMAGED","DEFECTIVE","LPNBLR5P1340274",
"2026-04-22T12:13:31+00:00","403-4024218-6444358","FBA79066","B0CC39ZJQP","X00284KA13","PreSonus Eris Studio 4,4.5-Inch XLR High-Definition Professional Studio Monitor With Woven Composite Lf Driver Speaker,1"" Silk-Dome Hf Driver,Ebm Waveguide,And Acoustic Tuning Controls-Single(Black)","1","DEL2","SELLABLE","UNDELIVERABLE_REFUSED","LPNDEL2R81757285",
"2026-04-22T10:58:01+00:00","403-7837083-8097143","FBK79789","B0FN4DSQ6P","X002DV4SQJ","White Mulberry Premium Economy Fixed TV Wall Mount Bracket for 32-65 Inches |45kg| LED/LCD/OLED/Smart & Curved TV's, VESA 50x50, 400x400 MAX, Slim Wall Stand","1","BLR5","SELLABLE","NOT_AS_DESCRIBED","LPNBLR5P3041355",
"2026-04-22T09:03:14+00:00","404-8952816-6911533","FBA79478","B0DB5W4TCP","X0028X8DEP","White Mulberry |DIY| Height Adjustable Monitor Arm | Desk Mounted Stand for 15-32 Inch Monitor | 10Kg Screen Load | VESA 75X75 & 100X100 | Adjustable Metal Desk Monitor Mount - (Single Screen)","1","BLR5","CUSTOMER_DAMAGED","DEFECTIVE","LPNBLR5Q9623394",
"2026-04-22T08:04:23+00:00","408-1158455-6127513","FBK79789","B0FN4DSQ6P","X002DV4SQJ","White Mulberry Premium Economy Fixed TV Wall Mount Bracket for 32-65 Inches |45kg| LED/LCD/OLED/Smart & Curved TV's, VESA 50x50, 400x400 MAX, Slim Wall Stand","1","CJB1","SELLABLE","UNDELIVERABLE_REFUSED","LPNCJB1Y960447",
"2026-04-22T05:34:28+00:00","403-4024218-6444358","FBA79066","B0CC39ZJQP","X00284KA13","PreSonus Eris Studio 4,4.5-Inch XLR High-Definition Professional Studio Monitor With Woven Composite Lf Driver Speaker,1"" Silk-Dome Hf Driver,Ebm Waveguide,And Acoustic Tuning Controls-Single(Black)","1","BOM5","SELLABLE","UNDELIVERABLE_REFUSED","LPNBOM5F4847001",
"2026-04-22T04:34:10+00:00","408-4852762-9169127","FBK79789","B0FN4DSQ6P","X002DV4SQJ","White Mulberry Premium Economy Fixed TV Wall Mount Bracket for 32-65 Inches |45kg| LED/LCD/OLED/Smart & Curved TV's, VESA 50x50, 400x400 MAX, Slim Wall Stand","1","BLR5","CUSTOMER_DAMAGED","MISSING_PARTS","LPNBLR5P4728088",
"2026-04-21T15:16:37+00:00","402-3309650-2122735","FBA79812","B0FS6TB7CP","X002F3JZP9","NexLev Portable Blender for Smoothies Milkshakes Juices Baby Food | High Borosilicate Glass Jar | 3000 mAh Battery | Type C | Mix Fruit Juicer Mini | 450ml | For Kitchen & Travel | PB-01","1","BLR5","SELLABLE","UNDELIVERABLE_REFUSED","LPNBLR5P1916899",
"2026-04-21T13:53:40+00:00","407-0779115-0744327","FBA79478","B0DB5W4TCP","X0028X8DEP","White Mulberry |DIY| Height Adjustable Monitor Arm | Desk Mounted Stand for 15-32 Inch Monitor | 10Kg Screen Load | VESA 75X75 & 100X100 | Adjustable Metal Desk Monitor Mount - (Single Screen)","1","BLR5","CUSTOMER_DAMAGED","DEFECTIVE","LPNBLR5P3626724",
"2026-04-21T07:26:56+00:00","407-5496624-7705103","FBK79791","B0FN4HDM6Z","X002DVFBBP","White Mulberry Premium Full Motion TV Wall Mount Bracket for 23-65Inch |35kg| LED/LCD/OLED/Smart & Curved TV's, Universal Heavy Duty Wall Mount Stand with Swivel, Tilt","1","AMD2","CARRIER_DAMAGED","NOT_COMPATIBLE","LPNAMD2M3701448",
"2026-04-21T06:17:11+00:00","404-4591939-2082747","FBK79786","B0FN4FPJ83","X002DVHN07","White Mulberry POS Machine Stand Universal Credit Card Machine Stand - 360° Swivel & +45°/-45° Tilt |Fits 2.8""-4.3"" Devices, 6.5"" Panel Size| Heavy-Duty Steel & Bolt-Down Mount with Cable Management","1","BLR5","CARRIER_DAMAGED","DEFECTIVE","LPNBLR5R2659218",
"2026-04-21T04:25:58+00:00","402-0271233-4730715","FBA78981","B0CDPP45BM","X0028K610L","NexLev Steam Cleaner | For Complete Home Kitchen Bathroom Car Sofa & Office Cleaning Machine | 9 Accessories |300 ML | Window Pane, Sink, Chimney Grease, Water Stain Cleaner| 5 Mtr Cord | 1000W |SC-01","1","BOM5","SELLABLE","UNDELIVERABLE_REFUSED","LPNBOM5F5049942",
"2026-04-21T04:08:10+00:00","406-6795216-8807533","FBA79488","B0DFCG2VGS","X0028X4EPR","Nexlev Multi Purpose Electric Food Kettle|1.8L Stainless Steel Pot| 600W|Boil, Steam, Fry, Saute| Double Layered Body|2 Heat Settings|Multi Function for Water, Milk, Egg, Soup, Noodles|KE-01","1","DEL2","CARRIER_DAMAGED","DEFECTIVE","LPNDEL2R81771631",
"2026-04-21T03:58:09+00:00","407-7485631-4693957","FBA78981","B0CDPP45BM","X0028K610L","NexLev Steam Cleaner | For Complete Home Kitchen Bathroom Car Sofa & Office Cleaning Machine | 9 Accessories |300 ML | Window Pane, Sink, Chimney Grease, Water Stain Cleaner| 5 Mtr Cord | 1000W |SC-01","1","DEL2","CUSTOMER_DAMAGED","SWITCHEROO","LPNDEL2R81219910",
"2026-04-21T03:35:02+00:00","171-6679132-3677141","FBA79479","B0DB5YTQZV","X0028X8HMX","White Mulberry |DIY| Height Adjustable Monitor Arm | Desk Mounted Monitor Stand for 17-32 Inch Monitor | 10Kg Screen Load | VESA 75X75 & 100X100 | Adjustable Metal Desk Mount - (Dual Screen)","1","BLR5","CARRIER_DAMAGED","UNDELIVERABLE_REFUSED","LPNBLR5P2086128",
"2026-04-20T21:11:22+00:00","171-0611777-9603530","FBA79488","B0DFCG2VGS","X0028X4EPR","Nexlev Multi Purpose Electric Food Kettle|1.8L Stainless Steel Pot| 600W|Boil, Steam, Fry, Saute| Double Layered Body|2 Heat Settings|Multi Function for Water, Milk, Egg, Soup, Noodles|KE-01","1","BLR5","CARRIER_DAMAGED","DAMAGED_BY_FC","LPNBLR5R2658958",
"2026-04-20T11:13:25+00:00","403-6031374-9370702","FBA74874","B09CLKBXS4","X0029RB0DB","Nektar Impact GX Mini 25 Velocity-sensitive Mini Keys Portable USB Midi Controller","1","DEL2","SELLABLE","UNDELIVERABLE_UNKNOWN","LPNDEL2R81874896",
"2026-04-20T08:32:23+00:00","403-8969282-0161938","FBA79263","B0CYSLCRQS","X0027NUKUL","NexLev Mattress, Sofa & Carpet Vacuum Cleaner | For Dust Mites, Allergens & Pet Hair | 4 Step Cleansing with Double Beat, UV Light, Dehumidification & Vacuum | HEPA captures 99.99% Dust|MR-01","1","AMD2","SELLABLE","UNDELIVERABLE_REFUSED","LPNAMD2M3728046",
"2026-04-20T07:27:11+00:00","406-2006602-1048365","FBK79789","B0FN4DSQ6P","X002DV4SQJ","White Mulberry Premium Economy Fixed TV Wall Mount Bracket for 32-65 Inches |45kg| LED/LCD/OLED/Smart & Curved TV's, VESA 50x50, 400x400 MAX, Slim Wall Stand","1","BLR5","CARRIER_DAMAGED","MISSING_PARTS","LPNBLR5P0958263",
"2026-04-20T07:13:26+00:00","402-9882336-2458724","FBA79479","B0DB5YTQZV","X0028X8HMX","White Mulberry |DIY| Height Adjustable Monitor Arm | Desk Mounted Monitor Stand for 17-32 Inch Monitor | 10Kg Screen Load | VESA 75X75 & 100X100 | Adjustable Metal Desk Mount - (Dual Screen)","1","BLR5","CUSTOMER_DAMAGED","DEFECTIVE","LPNBLR5R2628330",
"2026-04-20T07:09:40+00:00","407-7723765-8533921","FBA78981","B0CDPP45BM","X0028K610L","NexLev Steam Cleaner | For Complete Home Kitchen Bathroom Car Sofa & Office Cleaning Machine | 9 Accessories |300 ML | Window Pane, Sink, Chimney Grease, Water Stain Cleaner| 5 Mtr Cord | 1000W |SC-01","1","BLR5","CARRIER_DAMAGED","UNDELIVERABLE_REFUSED","LPNBLR5R0694094",
"2026-04-20T04:52:13+00:00","408-8500585-7351559","FBA79479","B0DB5YTQZV","X0028X8HMX","White Mulberry |DIY| Height Adjustable Monitor Arm | Desk Mounted Monitor Stand for 17-32 Inch Monitor | 10Kg Screen Load | VESA 75X75 & 100X100 | Adjustable Metal Desk Mount - (Dual Screen)","1","BLR5","CUSTOMER_DAMAGED","DEFECTIVE","LPNBLR5P0041429",
"2026-04-19T17:36:53+00:00","407-2842844-2741132","FBA79652","B0F43P6D23","X002A01YVP","NexLev Steam Cleaner | Complete Home Kitchen Floor Bathroom Car & Office Cleaning machine | 9 Accessories | 450 ML | Window Pane Sink Grime Chimney Grease Water Stain Cleaner| 4 M Cord |1050W |SC-05","1","BLR5","SELLABLE","UNDELIVERABLE_REFUSED","LPNBLR5P2906608",
"2026-04-19T16:40:42+00:00","407-6802281-1637107","FBK79788","B0FN4D3C89","X002DVGH59","White Mulberry Economy Fixed TV Wall Mount Bracket for 13-43 Inches |45kg|LED/LCD/Smart TV's, Universal VESA Compatible 75x75,200x200 mm MAX Slim Wall Mount Stand","1","BLR5","SELLABLE","UNDELIVERABLE_REFUSED","LPNBLR5P1574665",
"2026-04-19T13:34:25+00:00","405-8324945-3021169","FBA79479","B0DB5YTQZV","X0028X8HMX","White Mulberry |DIY| Height Adjustable Monitor Arm | Desk Mounted Monitor Stand for 17-32 Inch Monitor | 10Kg Screen Load | VESA 75X75 & 100X100 | Adjustable Metal Desk Mount - (Dual Screen)","1","BLR5","CUSTOMER_DAMAGED","DEFECTIVE","LPNBLR5P1505029",
"2026-04-19T09:04:49+00:00","402-0736938-1143559","FBK79788","B0FN4D3C89","X002DVGH59","White Mulberry Economy Fixed TV Wall Mount Bracket for 13-43 Inches |45kg|LED/LCD/Smart TV's, Universal VESA Compatible 75x75,200x200 mm MAX Slim Wall Mount Stand","1","BLR5","CUSTOMER_DAMAGED","MISSING_PARTS","LPNBLR5P3091772",
"2026-04-19T04:32:10+00:00","171-1838542-1925153","FBA79590","B0DM6BB3VT","X0028X4EW5","NexLev Calf Massager | Daily Use Leg Massager for Sore Muscle |1 Piece | Hand Like Massage with Air Compression | Improve Blood Circulation & Relieve Pain | 2500 mAh | Large Belt | Type C |CFM-01","1","DEL2","SELLABLE","DEFECTIVE","LPNDEL2R81818806",
"2026-04-18T11:23:57+00:00","408-2285338-4840307","FBA77101","B07WLWN2ZT","X001OTC2K5","TONOR USB Gaming Microphone, Computer Condenser PC Mic with Tripod Stand & Pop for Streaming, Podcasting, Vocal Recording, Compatible with iMac PC Laptop Desktop Windows Computer, TC-777","1","DEL2","CUSTOMER_DAMAGED","DEFECTIVE","LPNDEL2R81733156",
"2026-04-18T05:58:26+00:00","406-0180807-9994738","FBK79788","B0FN4D3C89","X002DVGH59","White Mulberry Economy Fixed TV Wall Mount Bracket for 13-43 Inches |45kg|LED/LCD/Smart TV's, Universal VESA Compatible 75x75,200x200 mm MAX Slim Wall Mount Stand","1","BLR5","SELLABLE","UNDELIVERABLE_REFUSED","LPNBLR5P1443071",
"2026-04-18T05:33:03+00:00","406-6839574-6272334","FBA79265","B0D2LHNS9B","X0028X1YD7","NexLev Foot Callus Remover | Electric Scrubber & Shaver for Dead, Hard & Cracked Skin | Professional Pedicure at Home | Waterproof | Type C | 3 Crystal Quartz Heads | For Men and Women| CR-01","1","BLR5","SELLABLE","UNDELIVERABLE_REFUSED","LPNBLR5P3115982",
"2026-04-18T04:54:30+00:00","403-9545370-7336309","FBK79788","B0FN4D3C89","X002DVGH59","White Mulberry Economy Fixed TV Wall Mount Bracket for 13-43 Inches |45kg|LED/LCD/Smart TV's, Universal VESA Compatible 75x75,200x200 mm MAX Slim Wall Mount Stand","1","BLR5","SELLABLE","UNDELIVERABLE_REFUSED","LPNBLR5P2498187",
"2026-04-17T10:11:27+00:00","406-6021551-4070731","FBA75976","B08FW1Q676","X001R0XYAN","Maono AU-PM421 Condenser USB Microphone, Professional Studio Recording Mic with 1-Touch Mute and Mic Gain Knob for PC, Singing, Podcast, Gaming, YouTube","1","DEL2","CARRIER_DAMAGED","UNAUTHORIZED_PURCHASE","LPNDEL2R8160495",
"2026-04-17T09:28:47+00:00","408-3346837-4768337","FBK79786","B0FN4FPJ83","X002DVHN07","White Mulberry POS Machine Stand Universal Credit Card Machine Stand - 360° Swivel & +45°/-45° Tilt |Fits 2.8""-4.3"" Devices, 6.5"" Panel Size| Heavy-Duty Steel & Bolt-Down Mount with Cable Management","1","DEL5","SELLABLE","UNDELIVERABLE_REFUSED","LPNDEL5S13812372",
"2026-04-17T04:24:52+00:00","407-4995849-1276329","FBA79469","B0DCK4DR1B","X0028X1YHX","Nexlev Skin Lift Device | 7 Color LED | Face & Neck Skin Lifting| 3 Massage Modes| Face Sculpting Tool |Micro-currents to reduce Wrinkles| Hot Compress | Rechargeable| Type-C| 180 Min Use| Glow+ LE-04","1","DEL2","SELLABLE","UNDELIVERABLE_REFUSED","LPNDEL2R81640946",
"2026-04-17T04:00:00+00:00","407-8500314-1789115","FBA79790","B0FHVWHQHR","X002CWJ4I1","White Mulberry Fixed TV Wall Mount Bracket for 37-86 Inch LED, LCD & Curved TVs | Heavy Duty Steel Frame, 45kg Max Load, VESA 50x50 to 600x400mm Max, Built-in Bubble Level, 1 Year Warranty","1","BLR5","CUSTOMER_DAMAGED","MISORDERED","LPNBLR5P2465377",
"2026-04-17T03:47:39+00:00","402-7107059-6152356","FBA79439","B0DCK7ZH5P","X0028X7N8H","NexLev Mattress, Sofa, Carpet & Car Seat Vacuum Cleaner|For Dust Mites Allergens & Pet Hair|Cordless Design|1500*3 mAh |UV Sterilization, Double Beat Technology|Type C| HEPA captures 99.99% Dust|MR-02","1","DEL2","SELLABLE","UNDELIVERABLE_UNKNOWN","LPNDEL2R68335080",
"2026-04-16T14:40:12+00:00","405-4248389-9687549","FBK79788","B0FN4D3C89","X002DVGH59","White Mulberry Economy Fixed TV Wall Mount Bracket for 13-43 Inches |45kg|LED/LCD/Smart TV's, Universal VESA Compatible 75x75,200x200 mm MAX Slim Wall Mount Stand","1","BLR5","CUSTOMER_DAMAGED","QUALITY_UNACCEPTABLE","LPNBLR5P3407022",
"2026-04-16T11:17:55+00:00","408-4813112-3378712","FBA79493","B0DQCWRG3H","X0028X1G99","NexLev Ionic 3 in 1 Hot Air Brush|1.5 Inch Barrel |Volumizer Blow Dryer & Styler|Ceramic Tourmaline Coated for Heat Protection|1200W|Dual Bristle for Tangle Free Styling|Salon Like Styles at Home|V-03","1","CCX1","CARRIER_DAMAGED","UNDELIVERABLE_UNKNOWN","LPNCCX1B3505727",
"2026-04-16T09:58:52+00:00","405-9794340-2363524","FBA79615","B0DP2Z5DQ9","X0028XC7C9","White Mulberry 10-Step Height Adjustable Single Screen Monitor Stand for 17-32 Inch Monitor, 8 kg Load, VESA 75x75/100x100, DIY Installation (Black)","1","BLR5","CUSTOMER_DAMAGED","QUALITY_UNACCEPTABLE","LPNBLR5P0334576",
"2026-04-16T04:56:32+00:00","171-2793673-7120342","FBK78418","B09L7ZS5GM","X001T8NT03","MAONO WM820 Wireless Collar Mic for YouTubers Vlog, Video Recording, Interview. Compact Microphone with 6H Battery, 50m/164ft Transmission, Mic Gain, Mute, Monitoring for Camera, Mobile (3.5mm, Black)","1","AMD2","SELLABLE","DEFECTIVE","LPNAMD2M3753637",
"2026-04-16T04:30:41+00:00","408-2407776-7143524","FBA74874","B09CLKBXS4","X0029RB0DB","Nektar Impact GX Mini 25 Velocity-sensitive Mini Keys Portable USB Midi Controller","1","BLR5","SELLABLE","DEFECTIVE","LPNBLR5P3045733",
"2026-04-16T04:18:51+00:00","407-7809813-0525957","FBA79652","B0F43P6D23","X002A01YVP","NexLev Steam Cleaner | Complete Home Kitchen Floor Bathroom Car & Office Cleaning machine | 9 Accessories | 450 ML | Window Pane Sink Grime Chimney Grease Water Stain Cleaner| 4 M Cord |1050W |SC-05","1","HYD8","CUSTOMER_DAMAGED","SWITCHEROO","LPNHYD8EF72043",
"2026-04-16T03:54:34+00:00","404-0896415-5041927","FBA74874","B09CLKBXS4","X0029RB0DB","Nektar Impact GX Mini 25 Velocity-sensitive Mini Keys Portable USB Midi Controller","1","BLR5","CUSTOMER_DAMAGED","DEFECTIVE","LPNBLR5P1322314",
"2026-04-15T11:48:26+00:00","403-7212824-8293132","FBK79788","B0FN4D3C89","X002DVGH59","White Mulberry Economy Fixed TV Wall Mount Bracket for 13-43 Inches |45kg|LED/LCD/Smart TV's, Universal VESA Compatible 75x75,200x200 mm MAX Slim Wall Mount Stand","1","BLR5","CUSTOMER_DAMAGED","QUALITY_UNACCEPTABLE","LPNBLR5P3090323",
"2026-04-15T10:43:15+00:00","405-4676108-5437959","FBA77110","B08NDB5NWP","X001OTAQ4J","TONOR USB Conference Microphone, 360 Omnidirectional PC Computer Condenser Mic with Mute Button for Online Meeting/Class, Zoom Call, Skype Chatting, Plug & Play (TM20,Red)","1","BLR5","CUSTOMER_DAMAGED","DEFECTIVE","LPNBLR5P1645479",
"2026-04-15T06:23:49+00:00","402-8146537-1770737","FBK79787","B0FN4GQ9HT","X002DVFR1J","White Mulberry Tilt TV Wall Mount Bracket for 13-43 Inch Flat Screen TVs, Low Profile Slim Design, Heavy-Duty Steel, VESA 75x75 to 200x200, Supports up to 99 lbs (45kg), Built-in Bubble Level","1","BLR5","CUSTOMER_DAMAGED","NOT_AS_DESCRIBED","LPNBLR5P3426765",
"2026-04-15T05:39:17+00:00","404-1852349-9076344","FBK79788","B0FN4D3C89","X002DVGH59","White Mulberry Economy Fixed TV Wall Mount Bracket for 13-43 Inches |45kg|LED/LCD/Smart TV's, Universal VESA Compatible 75x75,200x200 mm MAX Slim Wall Mount Stand","1","BLR5","SELLABLE","UNDELIVERABLE_REFUSED","LPNBLR5P3426734",
"2026-04-15T04:54:50+00:00","403-8779080-5811546","FBK79788","B0FN4D3C89","X002DVGH59","White Mulberry Economy Fixed TV Wall Mount Bracket for 13-43 Inches |45kg|LED/LCD/Smart TV's, Universal VESA Compatible 75x75,200x200 mm MAX Slim Wall Mount Stand","1","DEL4","SELLABLE","SWITCHEROO","LPNDEL4AA0988937",
"2026-04-15T04:51:42+00:00","406-9519658-5481910","FBA79268","B0D383WQPB","X0028X4EMZ","NexLev Foldable Garment Steamer for Home & Travel | Convenient Vertical Steaming | 1200W | 120 ml | Lightweight & Compact | 30s Fast Heating | Iron for all Cloth Types | 2 M cord | Anti Spill | GS-05","1","BLR5","SELLABLE","UNDELIVERABLE_UNKNOWN","LPNBLR5P2820727",
"2026-04-14T09:50:20+00:00","408-8860437-4245921","FBA79489","B0DFD123P5","X0028X7NAF","Nexlev MultiPurpose Electric Food Kettle|1.5 L Ceramic Pot | 600W| Boil, Steam, Fry, Saute| Double Layered Body| 2 Temperature Settings| Multi Cooker for Water, Egg, Tea, Soup, Noodles, Rice| KE-02","1","DEL2","SELLABLE","UNDELIVERABLE_REFUSED","LPNDEL2R81496845",
"2026-04-14T05:56:46+00:00","407-7463944-3259569","FBK79789","B0FN4DSQ6P","X002DV4SQJ","White Mulberry Premium Economy Fixed TV Wall Mount Bracket for 32-65 Inches |45kg| LED/LCD/OLED/Smart & Curved TV's, VESA 50x50, 400x400 MAX, Slim Wall Stand","1","PNQ3","SELLABLE","MISORDERED","LPNPNQ3A4655399",
"2026-04-14T03:52:45+00:00","402-8165840-1231562","FBA79478","B0DB5W4TCP","X0028X8DEP","White Mulberry |DIY| Height Adjustable Monitor Arm | Desk Mounted Stand for 15-32 Inch Monitor | 10Kg Screen Load | VESA 75X75 & 100X100 | Adjustable Metal Desk Monitor Mount - (Single Screen)","1","AMD2","CUSTOMER_DAMAGED","SWITCHEROO","LPNAMD2M3776481",
"2026-04-13T12:34:53+00:00","408-8381646-4322762","FBA79590","B0DM6BB3VT","X0028X4EW5","NexLev Calf Massager | Daily Use Leg Massager for Sore Muscle |1 Piece | Hand Like Massage with Air Compression | Improve Blood Circulation & Relieve Pain | 2500 mAh | Large Belt | Type C |CFM-01","1","PNQ3","CUSTOMER_DAMAGED","DAMAGED_BY_FC","LPNPNQ3A4693474",
"2026-04-13T11:11:31+00:00","406-0633918-4788317","FBA78980","B0CDPMX152","X0028X4EED","NexLev Handheld Garment Steamer | 1500 Watts | 300 ML| Standing & Horizontal Iron Press | Damage Free Steaming for all Cloth Types | 25s Quick Heat |Upto 5 Clothes in One Fill | Travel Friendly |GS-02","1","PNQ3","CUSTOMER_DAMAGED","MISSING_PARTS","LPNPNQ3A4699754",
"2026-04-13T08:10:10+00:00","171-1478528-0613134","FBA79590","B0DM6BB3VT","X0028X4EW5","NexLev Calf Massager | Daily Use Leg Massager for Sore Muscle |1 Piece | Hand Like Massage with Air Compression | Improve Blood Circulation & Relieve Pain | 2500 mAh | Large Belt | Type C |CFM-01","1","DEL2","SELLABLE","UNDELIVERABLE_REFUSED","LPNDEL2R81554641",
"2026-04-13T07:36:26+00:00","408-5090151-0023527","FBK79789","B0FN4DSQ6P","X002DV4SQJ","White Mulberry Premium Economy Fixed TV Wall Mount Bracket for 32-65 Inches |45kg| LED/LCD/OLED/Smart & Curved TV's, VESA 50x50, 400x400 MAX, Slim Wall Stand","1","BLR5","SELLABLE","DEFECTIVE","LPNBLR5P2216333",
"2026-04-13T06:58:39+00:00","407-3065543-9995511","FBA79586","B0CH9JR3HL","X0026L1IS7","TONOR Top Ring Light Kit, 10 Inch Ring Light with Heavy Duty Bracket Arm and Phone Holder for Video Recording, Live Streaming, Drawing, Nail Makeup","1","DEL2","SELLABLE","NOT_COMPATIBLE","LPNDEL2R80987108","I ordered this without realising that it’s not a tripod and i would need to attach this to a table."
"2026-04-13T04:12:17+00:00","403-1862716-7039559","FBK79788","B0FN4D3C89","X002DVGH59","White Mulberry Economy Fixed TV Wall Mount Bracket for 13-43 Inches |45kg|LED/LCD/Smart TV's, Universal VESA Compatible 75x75,200x200 mm MAX Slim Wall Mount Stand","1","DEL2","SELLABLE","UNDELIVERABLE_REFUSED","LPNDEL2R80639306",
"2026-04-13T03:14:20+00:00","402-0974225-6737907","FBA79067","B0CC3TDH61","X00284K301","PreSonus Eris Studio 5, 5.25-Inch High-Definition Professional Studio Monitor with Woven Composite LF Driver, XLR, 1"" Silk-Dome HF Driver, EBM Waveguide, and Acoustic Tuning Controls - Single (Black)","1","DEL2","CUSTOMER_DAMAGED","UNWANTED_ITEM","LPNDEL2R81141970",
"2026-04-12T12:20:23+00:00","408-0429436-2632318","FBA79573","B0DKK15YNJ","X00288T9H5","NexLev Oil Applicator Comb|Red Led Light Therapy |Boost Hair Growth| Reduce Dandruff | Relieve Stress |High Vibration Corded Electric Scalp/Head Massager | 6 ML Oil Tank | 2 Hr Run-Time| Type-C|EA-02","1","DEL2","CUSTOMER_DAMAGED","DEFECTIVE","LPNDEL2R81045864",
"2026-04-12T11:06:38+00:00","402-7538964-8608347","FBA79271","B0D83Q7L8W","X0028X1G7L","NexLev Ionic Hot Air Brush | 3 in 1 Blow Dryer, Straightener & Styler | 360° Airflow Vents | Ceramic Tourmaline Coated Brushing Head | Tangle Free Bristle | 1200W | 3 Speed & 2 Heat Settings|V-01","1","BLR5","CARRIER_DAMAGED","UNDELIVERABLE_REFUSED","LPNBLR5P1423883",
"2026-04-12T09:06:05+00:00","403-1126702-9483541","FBK79786","B0FN4FPJ83","X002DVHN07","White Mulberry POS Machine Stand Universal Credit Card Machine Stand - 360° Swivel & +45°/-45° Tilt |Fits 2.8""-4.3"" Devices, 6.5"" Panel Size| Heavy-Duty Steel & Bolt-Down Mount with Cable Management","1","BOM5","SELLABLE","UNDELIVERABLE_UNKNOWN","LPNBOM5F4948321",
"2026-04-12T04:43:17+00:00","171-4347984-8438705","FBA79263","B0CYSLCRQS","X0027NUKUL","NexLev Mattress, Sofa & Carpet Vacuum Cleaner | For Dust Mites, Allergens & Pet Hair | 4 Step Cleansing with Double Beat, UV Light, Dehumidification & Vacuum | HEPA captures 99.99% Dust|MR-01","1","DEL5","DEFECTIVE","SWITCHEROO","LPNDEL5S13745604","Want to return this product and get a refund"
"2026-04-12T03:24:48+00:00","171-6443430-7977133","FBK79789","B0FN4DSQ6P","X002DV4SQJ","White Mulberry Premium Economy Fixed TV Wall Mount Bracket for 32-65 Inches |45kg| LED/LCD/OLED/Smart & Curved TV's, VESA 50x50, 400x400 MAX, Slim Wall Stand","1","DEL2","SELLABLE","SWITCHEROO","LPNDEL2R81241521",
"2026-04-11T18:21:43+00:00","407-9879033-8390726","FBA79615","B0DP2Z5DQ9","X0028XC7C9","White Mulberry 10-Step Height Adjustable Single Screen Monitor Stand for 17-32 Inch Monitor, 8 kg Load, VESA 75x75/100x100, DIY Installation (Black)","1","BLR5","SELLABLE","UNDELIVERABLE_REFUSED","LPNBLR5P2917394",
"2026-04-11T13:16:22+00:00","406-8975317-2945124","FBA79488","B0DFCG2VGS","X0028X4EPR","Nexlev Multi Purpose Electric Food Kettle|1.8L Stainless Steel Pot| 600W|Boil, Steam, Fry, Saute| Double Layered Body|2 Heat Settings|Multi Function for Water, Milk, Egg, Soup, Noodles|KE-01","1","BLR5","CUSTOMER_DAMAGED","SWITCHEROO","LPNBLR5P0133926",
"2026-04-11T11:08:20+00:00","402-3242047-2979540","FBA79265","B0D2LHNS9B","X0028X1YD7","NexLev Foot Callus Remover | Electric Scrubber & Shaver for Dead, Hard & Cracked Skin | Professional Pedicure at Home | Waterproof | Type C | 3 Crystal Quartz Heads | For Men and Women| CR-01","1","DEL2","SELLABLE","UNDELIVERABLE_REFUSED","LPNDEL2R81064014",
"2026-04-11T05:14:26+00:00","403-1260772-0756352","FBA79615","B0DP2Z5DQ9","X0028XC7C9","White Mulberry 10-Step Height Adjustable Single Screen Monitor Stand for 17-32 Inch Monitor, 8 kg Load, VESA 75x75/100x100, DIY Installation (Black)","1","PNQ3","CARRIER_DAMAGED","UNDELIVERABLE_REFUSED","LPNPNQ3A4697880",
"2026-04-11T03:45:34+00:00","406-0421732-7052344","FBA78980","B0CDPMX152","X0028X4EED","NexLev Handheld Garment Steamer | 1500 Watts | 300 ML| Standing & Horizontal Iron Press | Damage Free Steaming for all Cloth Types | 25s Quick Heat |Upto 5 Clothes in One Fill | Travel Friendly |GS-02","1","DEL2","CUSTOMER_DAMAGED","NOT_AS_DESCRIBED","LPNDEL2R81880568",
"2026-04-11T03:19:43+00:00","171-7987406-1395568","FBK79788","B0FN4D3C89","X002DVGH59","White Mulberry Economy Fixed TV Wall Mount Bracket for 13-43 Inches |45kg|LED/LCD/Smart TV's, Universal VESA Compatible 75x75,200x200 mm MAX Slim Wall Mount Stand","1","PNQ3","SELLABLE","DEFECTIVE","LPNPNQ3A4616766",
"2026-04-11T03:18:34+00:00","407-5167425-5573145","FBA78980","B0CDPMX152","X0028X4EED","NexLev Handheld Garment Steamer | 1500 Watts | 300 ML| Standing & Horizontal Iron Press | Damage Free Steaming for all Cloth Types | 25s Quick Heat |Upto 5 Clothes in One Fill | Travel Friendly |GS-02","1","DEL2","CUSTOMER_DAMAGED","SWITCHEROO","LPNDEL2R81572446",
"2026-04-10T15:20:55+00:00","408-9583131-5139556","FBA78980","B0CDPMX152","X0028X4EED","NexLev Handheld Garment Steamer | 1500 Watts | 300 ML| Standing & Horizontal Iron Press | Damage Free Steaming for all Cloth Types | 25s Quick Heat |Upto 5 Clothes in One Fill | Travel Friendly |GS-02","1","BLR5","CUSTOMER_DAMAGED","DAMAGED_BY_CARRIER","LPNBLR5P3008202",
"2026-04-10T12:27:47+00:00","405-7792348-5593942","FBA77101","B07WLWN2ZT","X001OTC2K5","TONOR USB Gaming Microphone, Computer Condenser PC Mic with Tripod Stand & Pop for Streaming, Podcasting, Vocal Recording, Compatible with iMac PC Laptop Desktop Windows Computer, TC-777","1","DEL2","SELLABLE","UNDELIVERABLE_REFUSED","LPNDEL2R80921983",
"2026-04-10T12:25:20+00:00","405-7440796-0913149","FBA79612","B0DP2WC5VW","X0028X8DLN","White Mulberry |DIY| Wall Mounted Monitor Stand Mount | Supports 15-32 Inch Screens| 9 Kg Screen Load | VESA 75X75 & 100X100 | Spring Assisted Wall Mounted Monitor Mount | Black - (Single Screen)","1","BLR5","SELLABLE","UNDELIVERABLE_UNKNOWN","LPNBLR5S9239979",
"2026-04-10T08:42:56+00:00","406-7897942-9096320","FBK79789","B0FN4DSQ6P","X002DV4SQJ","White Mulberry Premium Economy Fixed TV Wall Mount Bracket for 32-65 Inches |45kg| LED/LCD/OLED/Smart & Curved TV's, VESA 50x50, 400x400 MAX, Slim Wall Stand","1","BLR5","CUSTOMER_DAMAGED","DEFECTIVE","LPNBLR5Q9194770",
"2026-04-10T08:01:47+00:00","402-0346753-7826728","FBA79852","B0FH43M37N","X002E59B9X","Nektar Impact LX49 mk3 MIDI Keyboard Controller | 49 Key Velocity-Sensitive Keyboard with DAW Integration, Pads, Faders, Encoders, Scale & Chord Mode, NKS Support, Compatible with Mac/PC","1","DEL2","CARRIER_DAMAGED","UNDELIVERABLE_REFUSED","LPNDEL2R81190450",
"2026-04-10T05:19:50+00:00","402-9864511-0553902","FBK79788","B0FN4D3C89","X002DVGH59","White Mulberry Economy Fixed TV Wall Mount Bracket for 13-43 Inches |45kg|LED/LCD/Smart TV's, Universal VESA Compatible 75x75,200x200 mm MAX Slim Wall Mount Stand","1","BOM5","SELLABLE","NOT_AS_DESCRIBED","LPNBOM5F4971174","Item is not opened but the technician said this is not suitable"
"2026-04-09T12:13:30+00:00","406-5054338-9753939","FBK79788","B0FN4D3C89","X002DVGH59","White Mulberry Economy Fixed TV Wall Mount Bracket for 13-43 Inches |45kg|LED/LCD/Smart TV's, Universal VESA Compatible 75x75,200x200 mm MAX Slim Wall Mount Stand","1","BLR5","CUSTOMER_DAMAGED","SWITCHEROO","LPNBLR5P2290738",
"2026-04-09T09:30:25+00:00","408-6433818-8602720","FBA74874","B09CLKBXS4","X0029RB0DB","Nektar Impact GX Mini 25 Velocity-sensitive Mini Keys Portable USB Midi Controller","1","AMD2","SELLABLE","UNDELIVERABLE_UNKNOWN","LPNAMD2M3901747",
"2026-04-09T05:04:52+00:00","406-8547010-5401949","FBK79789","B0FN4DSQ6P","X002DV4SQJ","White Mulberry Premium Economy Fixed TV Wall Mount Bracket for 32-65 Inches |45kg| LED/LCD/OLED/Smart & Curved TV's, VESA 50x50, 400x400 MAX, Slim Wall Stand","1","BLR5","SELLABLE","UNDELIVERABLE_REFUSED","LPNBLR5P2002209",
"2026-04-08T15:23:17+00:00","408-9532591-2397124","FBK79789","B0FN4DSQ6P","X002DV4SQJ","White Mulberry Premium Economy Fixed TV Wall Mount Bracket for 32-65 Inches |45kg| LED/LCD/OLED/Smart & Curved TV's, VESA 50x50, 400x400 MAX, Slim Wall Stand","1","BLR5","CARRIER_DAMAGED","UNDELIVERABLE_REFUSED","LPNBLR5P2603468",
"2026-04-08T12:42:45+00:00","408-2998136-9631553","FBK79787","B0FN4GQ9HT","X002DVFR1J","White Mulberry Tilt TV Wall Mount Bracket for 13-43 Inch Flat Screen TVs, Low Profile Slim Design, Heavy-Duty Steel, VESA 75x75 to 200x200, Supports up to 99 lbs (45kg), Built-in Bubble Level","1","BLR5","CARRIER_DAMAGED","NO_REASON_GIVEN","LPNBLR5P3076723",
"2026-04-08T12:42:45+00:00","408-2998136-9631553","FBK79787","B0FN4GQ9HT","X002DVFR1J","White Mulberry Tilt TV Wall Mount Bracket for 13-43 Inch Flat Screen TVs, Low Profile Slim Design, Heavy-Duty Steel, VESA 75x75 to 200x200, Supports up to 99 lbs (45kg), Built-in Bubble Level","1","BLR5","CUSTOMER_DAMAGED","NO_REASON_GIVEN","LPNBLR5P3076724",
"2026-04-08T11:22:02+00:00","405-6985046-4264341","FBA75707","B01MF9EJPG","X001SVK18J","Nektar SE49 49-Key Full-Size Velocity-Sensitive USB Midi Keyboard Controller with Nektar DAW Integration and Free Professional Recording Software","1","MAA4","CUSTOMER_DAMAGED","QUALITY_UNACCEPTABLE","LPNMAA4Z0044663",
"2026-04-08T11:10:25+00:00","402-2398162-2442727","FBA75374","B09HL5WPP6","X00284CEVH","Arturia MiniFuse 1, 1in / 2out USB-C Audio Interface, with 1 Mic/Line/Instrument Preamp, Built-in USB Hub, Loopback and Included Software Bundle - Mac/PC (Black)","1","DEL2","SELLABLE","UNDELIVERABLE_REFUSED","LPNDEL2R80296289",
"2026-04-08T07:35:37+00:00","402-0466677-4332329","FBK79787","B0FN4GQ9HT","X002DVFR1J","White Mulberry Tilt TV Wall Mount Bracket for 13-43 Inch Flat Screen TVs, Low Profile Slim Design, Heavy-Duty Steel, VESA 75x75 to 200x200, Supports up to 99 lbs (45kg), Built-in Bubble Level","1","BLR5","SELLABLE","UNDELIVERABLE_REFUSED","LPNBLR5S9107810",
"2026-04-08T06:02:31+00:00","408-1050387-6487500","FBA77113","B01ISNU3X4","X001OT9X4X","TONOR Dynamic Karaoke Microphone for Singing with 4.5m XLR Cable, Metal Handheld Mic Compatible with Karaoke Machine/Speaker/Amp/Mixer for Karaoke Singing, Speech, Wedding, Stage and Outdoor Activity","1","BLR5","CUSTOMER_DAMAGED","DEFECTIVE","LPNBLR5P1554730",
"2026-04-08T05:31:16+00:00","407-2886400-7705950","FBK79789","B0FN4DSQ6P","X002DV4SQJ","White Mulberry Premium Economy Fixed TV Wall Mount Bracket for 32-65 Inches |45kg| LED/LCD/OLED/Smart & Curved TV's, VESA 50x50, 400x400 MAX, Slim Wall Stand","1","BLR5","SELLABLE","UNDELIVERABLE_REFUSED","LPNBLR5P0126531",
"2026-04-08T04:15:03+00:00","171-8752211-8658757","FBA78980","B0CDPMX152","X0028X4EED","NexLev Handheld Garment Steamer | 1500 Watts | 300 ML| Standing & Horizontal Iron Press | Damage Free Steaming for all Cloth Types | 25s Quick Heat |Upto 5 Clothes in One Fill | Travel Friendly |GS-02","1","DEL2","CUSTOMER_DAMAGED","DEFECTIVE","LPNDEL2R80321837",
"2026-04-08T03:46:19+00:00","406-5962973-3006768","FBA79477","B0DB5VVPSB","X0028X8HN7","White Mulberry |DIY| Economical Gas Spring Monitor Arm | Desk Mounted Monitor Stand for 15-32 Inch Monitors |9Kg Screen Capacity| VESA 75X75&100X100 | Adjustable Metal Desk Monitor Mount-(Dual Screen)","1","DEL2","CUSTOMER_DAMAGED","SWITCHEROO","LPNDEL2R81876624",
"2026-04-08T03:07:56+00:00","408-5228109-7733934","FBA78980","B0CDPMX152","X0028X4EED","NexLev Handheld Garment Steamer | 1500 Watts | 300 ML| Standing & Horizontal Iron Press | Damage Free Steaming for all Cloth Types | 25s Quick Heat |Upto 5 Clothes in One Fill | Travel Friendly |GS-02","1","BOM5","SELLABLE","DEFECTIVE","LPNBOM5F4901824",
"2026-04-07T12:19:37+00:00","403-7164937-6074749","FBA79615","B0DP2Z5DQ9","X0028XC7C9","White Mulberry 10-Step Height Adjustable Single Screen Monitor Stand for 17-32 Inch Monitor, 8 kg Load, VESA 75x75/100x100, DIY Installation (Black)","1","DEL2","CARRIER_DAMAGED","UNDELIVERABLE_UNKNOWN","LPNDEL2R81335609",
"2026-04-07T10:53:32+00:00","407-5026091-6675508","FBA77113","B01ISNU3X4","X001OT9X4X","TONOR Dynamic Karaoke Microphone for Singing with 4.5m XLR Cable, Metal Handheld Mic Compatible with Karaoke Machine/Speaker/Amp/Mixer for Karaoke Singing, Speech, Wedding, Stage and Outdoor Activity","1","CCX1","SELLABLE","UNDELIVERABLE_REFUSED","LPNCCX1B2557524",
"2026-04-07T05:56:16+00:00","407-6768615-8279515","FBA79469","B0DCK4DR1B","X0028X1YHX","Nexlev Skin Lift Device | 7 Color LED | Face & Neck Skin Lifting| 3 Massage Modes| Face Sculpting Tool |Micro-currents to reduce Wrinkles| Hot Compress | Rechargeable| Type-C| 180 Min Use| Glow+ LE-04","1","CCX1","SELLABLE","UNDELIVERABLE_REFUSED","LPNCCX1B1657690",
"2026-04-07T05:38:15+00:00","408-0984999-7474720","FBA74874","B09CLKBXS4","X0029RB0DB","Nektar Impact GX Mini 25 Velocity-sensitive Mini Keys Portable USB Midi Controller","1","HYD8","CUSTOMER_DAMAGED","DEFECTIVE","LPNHYD8DZ36962",
"2026-04-07T04:38:34+00:00","408-2444997-2758749","FBA79652","B0F43P6D23","X002A01YVP","NexLev Steam Cleaner | Complete Home Kitchen Floor Bathroom Car & Office Cleaning machine | 9 Accessories | 450 ML | Window Pane Sink Grime Chimney Grease Water Stain Cleaner| 4 M Cord |1050W |SC-05","1","HYD8","SELLABLE","UNDELIVERABLE_REFUSED","LPNHYD8DZ35648",
"2026-04-07T04:29:26+00:00","408-5920325-9345904","FBA79652","B0F43P6D23","X002A01YVP","NexLev Steam Cleaner | Complete Home Kitchen Floor Bathroom Car & Office Cleaning machine | 9 Accessories | 450 ML | Window Pane Sink Grime Chimney Grease Water Stain Cleaner| 4 M Cord |1050W |SC-05","1","BOM7","SELLABLE","UNDELIVERABLE_REFUSED","LPNBOM7D19495703",
"2026-04-06T17:10:37+00:00","408-7819870-0799526","FBA79615","B0DP2Z5DQ9","X0028XC7C9","White Mulberry 10-Step Height Adjustable Single Screen Monitor Stand for 17-32 Inch Monitor, 8 kg Load, VESA 75x75/100x100, DIY Installation (Black)","1","BLR5","CARRIER_DAMAGED","UNDELIVERABLE_UNKNOWN","LPNBLR5Q9079429",
"2026-04-06T13:02:24+00:00","405-8310544-0837128","FBA79615","B0DP2Z5DQ9","X0028XC7C9","White Mulberry 10-Step Height Adjustable Single Screen Monitor Stand for 17-32 Inch Monitor, 8 kg Load, VESA 75x75/100x100, DIY Installation (Black)","1","BLR5","CUSTOMER_DAMAGED","DEFECTIVE","LPNBLR5P1841739",
"2026-04-06T12:28:40+00:00","406-9631164-5239554","FBK79789","B0FN4DSQ6P","X002DV4SQJ","White Mulberry Premium Economy Fixed TV Wall Mount Bracket for 32-65 Inches |45kg| LED/LCD/OLED/Smart & Curved TV's, VESA 50x50, 400x400 MAX, Slim Wall Stand","1","BLR5","CARRIER_DAMAGED","DEFECTIVE","LPNBLR5P2533599",
"2026-04-06T07:46:26+00:00","408-5021130-7982736","FBA79811","B0FSF1N457","X002F7HZ6V","NexLev Mini Electric Chopper | 3D Stainless Steel Blade | Food Grade Bowl | For Mincing Garlic Ginger Onion Vegetable Meat Nuts | 250 ml | One Touch Operation | MC-01","1","CCX1","SELLABLE","UNDELIVERABLE_UNKNOWN","LPNCCX1B1603459",
"2026-04-06T04:13:35+00:00","405-4527010-3609109","FBA77113","B01ISNU3X4","X001OT9X4X","TONOR Dynamic Karaoke Microphone for Singing with 4.5m XLR Cable, Metal Handheld Mic Compatible with Karaoke Machine/Speaker/Amp/Mixer for Karaoke Singing, Speech, Wedding, Stage and Outdoor Activity","1","BLR5","CUSTOMER_DAMAGED","DEFECTIVE","LPNBLR5P2973082",
"2026-04-06T03:42:16+00:00","405-5278848-2680318","FBK79789","B0FN4DSQ6P","X002DV4SQJ","White Mulberry Premium Economy Fixed TV Wall Mount Bracket for 32-65 Inches |45kg| LED/LCD/OLED/Smart & Curved TV's, VESA 50x50, 400x400 MAX, Slim Wall Stand","1","BLR5","CARRIER_DAMAGED","SWITCHEROO","LPNBLR5P2650873",
"2026-04-06T03:36:10+00:00","408-6597409-9624351","FBK79789","B0FN4DSQ6P","X002DV4SQJ","White Mulberry Premium Economy Fixed TV Wall Mount Bracket for 32-65 Inches |45kg| LED/LCD/OLED/Smart & Curved TV's, VESA 50x50, 400x400 MAX, Slim Wall Stand","1","BLR5","SELLABLE","QUALITY_UNACCEPTABLE","LPNBLR5P2603177",
"2026-04-06T03:29:04+00:00","171-7298592-0011515","FBA78980","B0CDPMX152","X0028X4EED","NexLev Handheld Garment Steamer | 1500 Watts | 300 ML| Standing & Horizontal Iron Press | Damage Free Steaming for all Cloth Types | 25s Quick Heat |Upto 5 Clothes in One Fill | Travel Friendly |GS-02","1","BLR5","SELLABLE","UNDELIVERABLE_REFUSED","LPNBLR5P1851410",
"2026-04-05T21:26:33+00:00","406-6388747-0638730","FBK79791","B0FN4HDM6Z","X002DVFBBP","White Mulberry Premium Full Motion TV Wall Mount Bracket for 23-65Inch |35kg| LED/LCD/OLED/Smart & Curved TV's, Universal Heavy Duty Wall Mount Stand with Swivel, Tilt","1","BLR5","SELLABLE","UNDELIVERABLE_REFUSED","LPNBLR5P2698115",
"2026-04-05T10:02:18+00:00","405-1564445-7601952","FBA79260","B07GVGMW59","X001XSPVPP","TONOR G11 Conference USB Microphone, Omnidirectional Condenser PC Mic for Video Conference, Recording, Skype, Online Class, Court Reporter, Plug & Play Compatible with Mac OS X Windows PC Computer","1","BLR5","SELLABLE","UNDELIVERABLE_REFUSED","LPNBLR5P2674615",
"2026-04-05T10:02:18+00:00","405-1564445-7601952","FBA79260","B07GVGMW59","X001XSPVPP","TONOR G11 Conference USB Microphone, Omnidirectional Condenser PC Mic for Video Conference, Recording, Skype, Online Class, Court Reporter, Plug & Play Compatible with Mac OS X Windows PC Computer","1","BLR5","SELLABLE","UNDELIVERABLE_REFUSED","LPNBLR5P2674621",
"2026-04-05T10:02:18+00:00","405-1564445-7601952","FBA79260","B07GVGMW59","X001XSPVPP","TONOR G11 Conference USB Microphone, Omnidirectional Condenser PC Mic for Video Conference, Recording, Skype, Online Class, Court Reporter, Plug & Play Compatible with Mac OS X Windows PC Computer","1","BLR5","SELLABLE","UNDELIVERABLE_REFUSED","LPNBLR5P2674618",
"2026-04-05T08:01:31+00:00","171-5856890-3035538","FBA79476","B0DB5VG39T","X0028X8DKJ","White Mulberry |DIY| Economical Gas Spring Monitor Arm | Desk Mounted Monitor Stand for 15-32 Inch Monitors |9Kg Screen Capacity|VESA 75X75&100X100| Adjustable Metal Desk Monitor Mount-(Single Screen)","1","DEL2","CARRIER_DAMAGED","DEFECTIVE","LPNDEL2R81976085",
"2026-04-05T07:18:19+00:00","408-5045479-8753907","FBA79405","B0D9KFP4MG","X0028X4EQL","nexlev Ionic Hair Straightener Brush for Woman|Frizz-Free Straightening upto 12H| Ceramic Plates |60mm Wide Brush |130-210° |Keratin Bristles| Thermo Protect Technology|No Scalp Burn|1500W|HSB-03","1","CCX1","SELLABLE","UNDELIVERABLE_REFUSED","LPNCCX1B1631831",
"2026-04-05T06:54:20+00:00","404-3442026-2504365","FBA79697","B0CQX4K9P5","X0027WBFQ5","TONOR USB Dynamic Microphone for Podcast Gaming Mic with RGB for Recording, Live Streaming, YouTube, Singing, Studio, Tiktok Microfono with Quick Mute& Stand Compatible with PC/Cellphone TypeC","1","BLR5","CARRIER_DAMAGED","DEFECTIVE","LPNBLR5P1960638",
"2026-04-05T06:20:50+00:00","405-5136272-5148307","FBK79788","B0FN4D3C89","X002DVGH59","White Mulberry Economy Fixed TV Wall Mount Bracket for 13-43 Inches |45kg|LED/LCD/Smart TV's, Universal VESA Compatible 75x75,200x200 mm MAX Slim Wall Mount Stand","1","BLR5","SELLABLE","UNDELIVERABLE_REFUSED","LPNBLR5P2650613",
"2026-04-05T04:40:13+00:00","408-3085113-8788301","FBK79789","B0FN4DSQ6P","X002DV4SQJ","White Mulberry Premium Economy Fixed TV Wall Mount Bracket for 32-65 Inches |45kg| LED/LCD/OLED/Smart & Curved TV's, VESA 50x50, 400x400 MAX, Slim Wall Stand","1","BLR5","CARRIER_DAMAGED","SWITCHEROO","LPNBLR5P2059468",
"2026-04-05T04:10:05+00:00","406-7316681-3841967","FBK79786","B0FN4FPJ83","X002DVHN07","White Mulberry POS Machine Stand Universal Credit Card Machine Stand - 360° Swivel & +45°/-45° Tilt |Fits 2.8""-4.3"" Devices, 6.5"" Panel Size| Heavy-Duty Steel & Bolt-Down Mount with Cable Management","1","DEL2","CARRIER_DAMAGED","DEFECTIVE","LPNDEL2R80175745",
"2026-04-04T22:27:48+00:00","408-0378299-6261158","FBA79652","B0F43P6D23","X002A01YVP","NexLev Steam Cleaner | Complete Home Kitchen Floor Bathroom Car & Office Cleaning machine | 9 Accessories | 450 ML | Window Pane Sink Grime Chimney Grease Water Stain Cleaner| 4 M Cord |1050W |SC-05","1","BLR5","DEFECTIVE","MISSING_PARTS","LPNBLR5P1990365","Some missing"
"2026-04-04T17:05:43+00:00","405-0198642-5691574","FBA79263","B0CYSLCRQS","X0027NUKUL","NexLev Mattress, Sofa & Carpet Vacuum Cleaner | For Dust Mites, Allergens & Pet Hair | 4 Step Cleansing with Double Beat, UV Light, Dehumidification & Vacuum | HEPA captures 99.99% Dust|MR-01","1","BLR5","CARRIER_DAMAGED","SWITCHEROO","LPNBLR5P1888759",
"2026-04-04T10:50:45+00:00","171-1619469-7582703","FBA79406","B0DCK3N2JJ","X0028X1WNT","NexLev Ionic Cordless Hair Straightener Brush | 60min Runtime | upto 200° Heating | Portable & Type C Rechargeable | Keratin Bristles |Straight, Frizz Free & Shiny Hair | Compact Comb Design | HSB-04","1","BLR5","CUSTOMER_DAMAGED","DEFECTIVE","LPNBLR5Q9164979",
"2026-04-04T10:40:25+00:00","403-3056550-9273155","FBK79789","B0FN4DSQ6P","X002DV4SQJ","White Mulberry Premium Economy Fixed TV Wall Mount Bracket for 32-65 Inches |45kg| LED/LCD/OLED/Smart & Curved TV's, VESA 50x50, 400x400 MAX, Slim Wall Stand","1","BLR5","SELLABLE","UNDELIVERABLE_REFUSED","LPNBLR5P2229612",
"2026-04-04T09:34:31+00:00","408-7996055-2459554","FBA78980","B0CDPMX152","X0028X4EED","NexLev Handheld Garment Steamer | 1500 Watts | 300 ML| Standing & Horizontal Iron Press | Damage Free Steaming for all Cloth Types | 25s Quick Heat |Upto 5 Clothes in One Fill | Travel Friendly |GS-02","1","BOM5","SELLABLE","NO_REASON_GIVEN","LPNBOM5F4779778",
"2026-04-04T07:36:12+00:00","406-2781459-5009124","FBA74874","B09CLKBXS4","X0029RB0DB","Nektar Impact GX Mini 25 Velocity-sensitive Mini Keys Portable USB Midi Controller","1","DEL2","CARRIER_DAMAGED","UNDELIVERABLE_REFUSED","LPNDEL2R81489034",
"2026-04-04T07:25:49+00:00","402-6858267-0720353","FBA74874","B09CLKBXS4","X0029RB0DB","Nektar Impact GX Mini 25 Velocity-sensitive Mini Keys Portable USB Midi Controller","1","PNQ3","CUSTOMER_DAMAGED","DEFECTIVE","LPNPNQ3A4639317",
"2026-04-04T06:56:08+00:00","405-1780770-6360332","FBA77106","B082W4B7SX","X001OTC273","TONOR Microphone Arm Stand, TONOR Adjustable Suspension Boom Scissor Mic Stand with Pop , 3/8"" to 5/8"" Adapter, Mic Clip, Upgraded Heavy Duty Clamp for Blue Yeti Nano Snowball Ice and Other Mics(T20)","1","DEL2","SELLABLE","UNDELIVERABLE_REFUSED","LPNDEL2R80920655",
"2026-04-04T05:38:22+00:00","408-3470999-6421119","FBA79615","B0DP2Z5DQ9","X0028XC7C9","White Mulberry 10-Step Height Adjustable Single Screen Monitor Stand for 17-32 Inch Monitor, 8 kg Load, VESA 75x75/100x100, DIY Installation (Black)","1","PNQ3","SELLABLE","DEFECTIVE","LPNPNQ3A4604395",
"2026-04-03T11:33:10+00:00","408-2112686-3802737","FBK79789","B0FN4DSQ6P","X002DV4SQJ","White Mulberry Premium Economy Fixed TV Wall Mount Bracket for 32-65 Inches |45kg| LED/LCD/OLED/Smart & Curved TV's, VESA 50x50, 400x400 MAX, Slim Wall Stand","1","BLR5","SELLABLE","DEFECTIVE","LPNBLR5P1882321",
"2026-04-03T10:19:26+00:00","408-7413896-8046729","FBA79819","B0FT8R24QM","X002F3ID0H","NexLev Portable Cordless Lint Remover | for Woollen, Sweaters, Jackets, Carpets | Fabric Brush | Rue & Burr Remover | Battery Powered Shaver | SS Blade | Safety Lock | LR-03","1","DEL2","CUSTOMER_DAMAGED","SWITCHEROO","LPNDEL2R80287774",
"2026-04-03T09:33:41+00:00","402-5219178-9105952","FBA75707","B01MF9EJPG","X001SVK18J","Nektar SE49 49-Key Full-Size Velocity-Sensitive USB Midi Keyboard Controller with Nektar DAW Integration and Free Professional Recording Software","1","BLR5","SELLABLE","UNDELIVERABLE_REFUSED","LPNBLR5P1882280",
"2026-04-03T05:48:14+00:00","407-6380887-4656333","FBK79787","B0FN4GQ9HT","X002DVFR1J","White Mulberry Tilt TV Wall Mount Bracket for 13-43 Inch Flat Screen TVs, Low Profile Slim Design, Heavy-Duty Steel, VESA 75x75 to 200x200, Supports up to 99 lbs (45kg), Built-in Bubble Level","1","BLR5","SELLABLE","UNDELIVERABLE_REFUSED","LPNBLR5Q9155449",
"2026-04-03T05:48:14+00:00","407-6380887-4656333","FBK79787","B0FN4GQ9HT","X002DVFR1J","White Mulberry Tilt TV Wall Mount Bracket for 13-43 Inch Flat Screen TVs, Low Profile Slim Design, Heavy-Duty Steel, VESA 75x75 to 200x200, Supports up to 99 lbs (45kg), Built-in Bubble Level","1","BLR5","CARRIER_DAMAGED","UNDELIVERABLE_REFUSED","LPNBLR5Q9155452",
"2026-04-03T03:56:33+00:00","408-9275810-0637152","FBA79406","B0DCK3N2JJ","X0028X1WNT","NexLev Ionic Cordless Hair Straightener Brush | 60min Runtime | upto 200° Heating | Portable & Type C Rechargeable | Keratin Bristles |Straight, Frizz Free & Shiny Hair | Compact Comb Design | HSB-04","1","BLR5","CUSTOMER_DAMAGED","DEFECTIVE","LPNBLR5Q9212694",
"2026-04-03T03:37:41+00:00","402-7950968-4955513","FBA79439","B0DCK7ZH5P","X0028X7N8H","NexLev Mattress, Sofa, Carpet & Car Seat Vacuum Cleaner|For Dust Mites Allergens & Pet Hair|Cordless Design|1500*3 mAh |UV Sterilization, Double Beat Technology|Type C| HEPA captures 99.99% Dust|MR-02","1","BOM5","CUSTOMER_DAMAGED","SWITCHEROO","LPNBOM5F4735563",
"2026-04-02T15:21:33+00:00","406-7975560-3306712","FBA79615","B0DP2Z5DQ9","X0028XC7C9","White Mulberry 10-Step Height Adjustable Single Screen Monitor Stand for 17-32 Inch Monitor, 8 kg Load, VESA 75x75/100x100, DIY Installation (Black)","1","BLR5","SELLABLE","UNDELIVERABLE_REFUSED","LPNBLR5P2470662",
"2026-04-02T12:52:57+00:00","402-1536089-2155527","FBA79692","B0DVC58QPZ","X0028X6UI1","NexLev Smart Air Purifier | Home Room & Office Use upto 220 sq ft |True HEPA 13 Filter | Eliminate 99.99% Virus Dust Smoke Odor Pollen Allergens & Pollutants | Long Filter Life |3 Year Warranty |AP220","1","DEL2","CUSTOMER_DAMAGED","SWITCHEROO","LPNDEL2R80268818",
"2026-04-02T11:13:13+00:00","402-3698850-8525968","FBK79786","B0FN4FPJ83","X002DVHN07","White Mulberry POS Machine Stand Universal Credit Card Machine Stand - 360° Swivel & +45°/-45° Tilt |Fits 2.8""-4.3"" Devices, 6.5"" Panel Size| Heavy-Duty Steel & Bolt-Down Mount with Cable Management","1","BOM5","CARRIER_DAMAGED","UNDELIVERABLE_UNKNOWN","LPNBOM5F4750369",
"2026-04-02T05:16:54+00:00","402-5793748-0010761","FBA79478","B0DB5W4TCP","X0028X8DEP","White Mulberry |DIY| Height Adjustable Monitor Arm | Desk Mounted Stand for 15-32 Inch Monitor | 10Kg Screen Load | VESA 75X75 & 100X100 | Adjustable Metal Desk Monitor Mount - (Single Screen)","1","BOM5","CUSTOMER_DAMAGED","QUALITY_UNACCEPTABLE","LPNBOM5F4779025",
"2026-04-02T05:10:35+00:00","403-3497825-9942748","FBA79673","B0FJG5PFGQ","X002GZVZ81","Nexlev Rechargeable Electric Toothbrush| 120 Days Life | 35K strokes/min| Type C| 6 Modes for Daily Use| 2 Min timer with 30sec Quadpacer | 4 Brushheads| IPX7 Waterproof| For Men & Women | ETC-07 White","1","BOM5","SELLABLE","UNDELIVERABLE_UNKNOWN","LPNBOM5F4795312",
"2026-04-02T04:25:31+00:00","403-0619755-0785959","FBA78980","B0CDPMX152","X0028X4EED","NexLev Handheld Garment Steamer | 1500 Watts | 300 ML| Standing & Horizontal Iron Press | Damage Free Steaming for all Cloth Types | 25s Quick Heat |Upto 5 Clothes in One Fill | Travel Friendly |GS-02","1","BLR5","CUSTOMER_DAMAGED","DEFECTIVE","LPNBLR5Q9211941",
"2026-04-01T12:18:24+00:00","408-2024261-0992364","FBK79788","B0FN4D3C89","X002DVGH59","White Mulberry Economy Fixed TV Wall Mount Bracket for 13-43 Inches |45kg|LED/LCD/Smart TV's, Universal VESA Compatible 75x75,200x200 mm MAX Slim Wall Mount Stand","1","BOM5","SELLABLE","SWITCHEROO","LPNBOM5F4748060",
"2026-04-01T11:50:45+00:00","403-7166253-2809940","FBK79788","B0FN4D3C89","X002DVGH59","White Mulberry Economy Fixed TV Wall Mount Bracket for 13-43 Inches |45kg|LED/LCD/Smart TV's, Universal VESA Compatible 75x75,200x200 mm MAX Slim Wall Mount Stand","1","PNQ3","SELLABLE","SWITCHEROO","LPNPNQ3A4684317","Hello,    Please replace this stand as it is too small for my 43-inch LED TV. I received a smaller size than required. Kindly arrange for a replacement with a suitable size.    Thank you."
"2026-04-01T11:45:46+00:00","407-3998989-4825126","FBK79788","B0FN4D3C89","X002DVGH59","White Mulberry Economy Fixed TV Wall Mount Bracket for 13-43 Inches |45kg|LED/LCD/Smart TV's, Universal VESA Compatible 75x75,200x200 mm MAX Slim Wall Mount Stand","1","AMD2","SELLABLE","UNDELIVERABLE_REFUSED","LPNAMD2M3824818",
"2026-04-01T10:29:11+00:00","406-4680234-9671556","FBA75976","B08FW1Q676","X001R0XYAN","Maono AU-PM421 Condenser USB Microphone, Professional Studio Recording Mic with 1-Touch Mute and Mic Gain Knob for PC, Singing, Podcast, Gaming, YouTube","1","BOM5","SELLABLE","UNDELIVERABLE_REFUSED","LPNBOM5F4739237",
"2026-04-01T10:21:55+00:00","408-9949839-1381123","FBA78980","B0CDPMX152","X0028X4EED","NexLev Handheld Garment Steamer | 1500 Watts | 300 ML| Standing & Horizontal Iron Press | Damage Free Steaming for all Cloth Types | 25s Quick Heat |Upto 5 Clothes in One Fill | Travel Friendly |GS-02","1","DEL2","CUSTOMER_DAMAGED","QUALITY_UNACCEPTABLE","LPNDEL2R81282007",
"2026-04-01T08:56:24+00:00","405-9668805-4251500","FBK79787","B0FN4GQ9HT","X002DVFR1J","White Mulberry Tilt TV Wall Mount Bracket for 13-43 Inch Flat Screen TVs, Low Profile Slim Design, Heavy-Duty Steel, VESA 75x75 to 200x200, Supports up to 99 lbs (45kg), Built-in Bubble Level","1","BLR5","CUSTOMER_DAMAGED","SWITCHEROO","LPNBLR5P0746891",
"2026-04-01T08:04:54+00:00","406-5174671-0386738","FBA79439","B0DCK7ZH5P","X0028X7N8H","NexLev Mattress, Sofa, Carpet & Car Seat Vacuum Cleaner|For Dust Mites Allergens & Pet Hair|Cordless Design|1500*3 mAh |UV Sterilization, Double Beat Technology|Type C| HEPA captures 99.99% Dust|MR-02","1","DEL2","CUSTOMER_DAMAGED","QUALITY_UNACCEPTABLE","LPNDEL2R80261843",
"2026-04-01T07:42:35+00:00","402-8062149-1941145","FBK79791","B0FN4HDM6Z","X002DVFBBP","White Mulberry Premium Full Motion TV Wall Mount Bracket for 23-65Inch |35kg| LED/LCD/OLED/Smart & Curved TV's, Universal Heavy Duty Wall Mount Stand with Swivel, Tilt","1","DEL2","CARRIER_DAMAGED","UNDELIVERABLE_UNKNOWN","LPNDEL2R79531760",
"2026-04-01T06:47:23+00:00","408-0436321-0182713","FBA79065","B0CC3BJKGN","X0029BB7IF","PreSonus Eris 3.5 2nd Gen HD Professional Studio Monitors with 3.5"" Woven Composite Woofer, 1"" Silk-Dome Tweeter, 50W Class AB Power and Tuning Controls (Auxillary) - Pair (Black)","1","AMD2","SELLABLE","UNDELIVERABLE_REFUSED","LPNAMD2M3916852",
"2026-04-01T05:53:55+00:00","405-9350699-4283505","FBA79067","B0CC3TDH61","X00284K301","PreSonus Eris Studio 5, 5.25-Inch High-Definition Professional Studio Monitor with Woven Composite LF Driver, XLR, 1"" Silk-Dome HF Driver, EBM Waveguide, and Acoustic Tuning Controls - Single (Black)","1","BOM5","CARRIER_DAMAGED","UNDELIVERABLE_REFUSED","LPNBOM5F4768790",
"2026-04-01T03:44:21+00:00","408-0221371-4020341","FBK79788","B0FN4D3C89","X002DVGH59","White Mulberry Economy Fixed TV Wall Mount Bracket for 13-43 Inches |45kg|LED/LCD/Smart TV's, Universal VESA Compatible 75x75,200x200 mm MAX Slim Wall Mount Stand","1","BLR5","SELLABLE","UNDELIVERABLE_REFUSED","LPNBLR5Q9151192",
"2026-04-01T03:41:03+00:00","403-7393015-7109949","FBA75976","B08FW1Q676","X001R0XYAN","Maono AU-PM421 Condenser USB Microphone, Professional Studio Recording Mic with 1-Touch Mute and Mic Gain Knob for PC, Singing, Podcast, Gaming, YouTube","1","DEL2","CARRIER_DAMAGED","UNDELIVERABLE_UNKNOWN","LPNDEL2R81695394",
"2026-04-01T03:22:19+00:00","407-7275256-6013144","FBK79789","B0FN4DSQ6P","X002DV4SQJ","White Mulberry Premium Economy Fixed TV Wall Mount Bracket for 32-65 Inches |45kg| LED/LCD/OLED/Smart & Curved TV's, VESA 50x50, 400x400 MAX, Slim Wall Stand","1","BLR5","SELLABLE","UNDELIVERABLE_REFUSED","LPNBLR5P2641846",
"2026-04-01T03:19:14+00:00","171-5485191-0275546","FBA78980","B0CDPMX152","X0028X4EED","NexLev Handheld Garment Steamer | 1500 Watts | 300 ML| Standing & Horizontal Iron Press | Damage Free Steaming for all Cloth Types | 25s Quick Heat |Upto 5 Clothes in One Fill | Travel Friendly |GS-02","1","BLR5","DEFECTIVE","NOT_AS_DESCRIBED","LPNBLR5Q9274018","Does not work"
"2026-03-31T11:13:59+00:00","408-2908902-9779569","FBK79789","B0FN4DSQ6P","X002DV4SQJ","White Mulberry Premium Economy Fixed TV Wall Mount Bracket for 32-65 Inches |45kg| LED/LCD/OLED/Smart & Curved TV's, VESA 50x50, 400x400 MAX, Slim Wall Stand","1","BLR5","SELLABLE","UNDELIVERABLE_REFUSED","LPNBLR5Q9413378",
"2026-03-31T08:35:29+00:00","408-2865383-9099516","FBK79789","B0FN4DSQ6P","X002DV4SQJ","White Mulberry Premium Economy Fixed TV Wall Mount Bracket for 32-65 Inches |45kg| LED/LCD/OLED/Smart & Curved TV's, VESA 50x50, 400x400 MAX, Slim Wall Stand","1","BLR5","CUSTOMER_DAMAGED","DEFECTIVE","LPNBLR5P0982875",
"2026-03-31T08:13:06+00:00","405-0443455-1348351","FBK79786","B0FN4FPJ83","X002DVHN07","White Mulberry POS Machine Stand Universal Credit Card Machine Stand - 360° Swivel & +45°/-45° Tilt |Fits 2.8""-4.3"" Devices, 6.5"" Panel Size| Heavy-Duty Steel & Bolt-Down Mount with Cable Management","1","BLR5","CARRIER_DAMAGED","NOT_AS_DESCRIBED","LPNBLR5Q9211454",
"2026-03-31T07:57:45+00:00","403-1649461-8707501","FBK79789","B0FN4DSQ6P","X002DV4SQJ","White Mulberry Premium Economy Fixed TV Wall Mount Bracket for 32-65 Inches |45kg| LED/LCD/OLED/Smart & Curved TV's, VESA 50x50, 400x400 MAX, Slim Wall Stand","1","DEL2","SELLABLE","QUALITY_UNACCEPTABLE","LPNDEL2R79109206",
"2026-03-31T07:07:13+00:00","406-1852083-4585107","FBA78980","B0CDPMX152","X0028X4EED","NexLev Handheld Garment Steamer | 1500 Watts | 300 ML| Standing & Horizontal Iron Press | Damage Free Steaming for all Cloth Types | 25s Quick Heat |Upto 5 Clothes in One Fill | Travel Friendly |GS-02","1","AMD2","SELLABLE","DEFECTIVE","LPNAMD2M3786474",
"2026-03-31T04:53:43+00:00","407-0820891-5865933","FBK79788","B0FN4D3C89","X002DVGH59","White Mulberry Economy Fixed TV Wall Mount Bracket for 13-43 Inches |45kg|LED/LCD/Smart TV's, Universal VESA Compatible 75x75,200x200 mm MAX Slim Wall Mount Stand","1","AMD2","SELLABLE","UNDELIVERABLE_REFUSED","LPNAMD2M3893332",
"2026-03-31T04:53:28+00:00","406-4530920-1762758","FBA78980","B0CDPMX152","X0028X4EED","NexLev Handheld Garment Steamer | 1500 Watts | 300 ML| Standing & Horizontal Iron Press | Damage Free Steaming for all Cloth Types | 25s Quick Heat |Upto 5 Clothes in One Fill | Travel Friendly |GS-02","1","DEL2","SELLABLE","UNDELIVERABLE_REFUSED","LPNDEL2R80124096",
"2026-03-31T04:13:32+00:00","408-7905699-3127538","FBA79265","B0D2LHNS9B","X0028X1YD7","NexLev Foot Callus Remover | Electric Scrubber & Shaver for Dead, Hard & Cracked Skin | Professional Pedicure at Home | Waterproof | Type C | 3 Crystal Quartz Heads | For Men and Women| CR-01","1","DEL2","CUSTOMER_DAMAGED","DEFECTIVE","LPNDEL2R79439355",
"2026-03-30T10:46:07+00:00","408-5373457-1280324","FBK79788","B0FN4D3C89","X002DVGH59","White Mulberry Economy Fixed TV Wall Mount Bracket for 13-43 Inches |45kg|LED/LCD/Smart TV's, Universal VESA Compatible 75x75,200x200 mm MAX Slim Wall Mount Stand","1","BLR5","CUSTOMER_DAMAGED","SWITCHEROO","LPNBLR5Q8913670",
"2026-03-30T09:20:59+00:00","406-7319232-9816314","FBK79788","B0FN4D3C89","X002DVGH59","White Mulberry Economy Fixed TV Wall Mount Bracket for 13-43 Inches |45kg|LED/LCD/Smart TV's, Universal VESA Compatible 75x75,200x200 mm MAX Slim Wall Mount Stand","1","BLR5","CUSTOMER_DAMAGED","MISSING_PARTS","LPNBLR5Q7845854",
"2026-03-30T08:31:47+00:00","171-5270077-5772335","FBA79488","B0DFCG2VGS","X0028X4EPR","Nexlev Multi Purpose Electric Food Kettle|1.8L Stainless Steel Pot| 600W|Boil, Steam, Fry, Saute| Double Layered Body|2 Heat Settings|Multi Function for Water, Milk, Egg, Soup, Noodles|KE-01","1","CCX1","SELLABLE","UNDELIVERABLE_REFUSED","LPNCCX1B3880417",
"2026-03-30T08:10:48+00:00","171-6422405-1980316","FBA79819","B0FT8R24QM","X002F3ID0H","NexLev Portable Cordless Lint Remover | for Woollen, Sweaters, Jackets, Carpets | Fabric Brush | Rue & Burr Remover | Battery Powered Shaver | SS Blade | Safety Lock | LR-03","1","DEL2","SELLABLE","NEVER_ARRIVED","LPNDEL2R81699723",
"2026-03-30T07:09:44+00:00","404-8227232-1715531","FBK79789","B0FN4DSQ6P","X002DV4SQJ","White Mulberry Premium Economy Fixed TV Wall Mount Bracket for 32-65 Inches |45kg| LED/LCD/OLED/Smart & Curved TV's, VESA 50x50, 400x400 MAX, Slim Wall Stand","1","BLR5","CARRIER_DAMAGED","SWITCHEROO","LPNBLR5Q9145267",
"2026-03-30T03:55:09+00:00","408-0545298-5753911","FBK79789","B0FN4DSQ6P","X002DV4SQJ","White Mulberry Premium Economy Fixed TV Wall Mount Bracket for 32-65 Inches |45kg| LED/LCD/OLED/Smart & Curved TV's, VESA 50x50, 400x400 MAX, Slim Wall Stand","1","BLR5","SELLABLE","DEFECTIVE","LPNBLR5Q9145154",
"2026-03-29T11:57:13+00:00","408-4165338-2889935","FBK79787","B0FN4GQ9HT","X002DVFR1J","White Mulberry Tilt TV Wall Mount Bracket for 13-43 Inch Flat Screen TVs, Low Profile Slim Design, Heavy-Duty Steel, VESA 75x75 to 200x200, Supports up to 99 lbs (45kg), Built-in Bubble Level","1","BLR5","CUSTOMER_DAMAGED","NEVER_ARRIVED","LPNBLR5P1048994",
"2026-03-29T11:57:13+00:00","408-4165338-2889935","FBK79787","B0FN4GQ9HT","X002DVFR1J","White Mulberry Tilt TV Wall Mount Bracket for 13-43 Inch Flat Screen TVs, Low Profile Slim Design, Heavy-Duty Steel, VESA 75x75 to 200x200, Supports up to 99 lbs (45kg), Built-in Bubble Level","1","BLR5","CUSTOMER_DAMAGED","NEVER_ARRIVED","LPNBLR5P1048995",
"2026-03-29T08:09:58+00:00","405-6799935-9989964","FBA77113","B01ISNU3X4","X001OT9X4X","TONOR Dynamic Karaoke Microphone for Singing with 4.5m XLR Cable, Metal Handheld Mic Compatible with Karaoke Machine/Speaker/Amp/Mixer for Karaoke Singing, Speech, Wedding, Stage and Outdoor Activity","1","BOM5","SELLABLE","UNDELIVERABLE_REFUSED","LPNBOM5F4765178",
"2026-03-29T07:57:36+00:00","405-1234022-1205915","FBA76414","B0BLJVJ2GN","X0029B3GS9","Audio Array AA-05 Suspension Boom Scissor Microphone Arm Stand | Universal clamp with mic Holder & 3/8″ to 5/8″ Adapter for Shock mounts | Suitable for Stages, Studios, Broadcasting, TV Stations","1","DEL2","CARRIER_DAMAGED","MISSING_PARTS","LPNDEL2R80723313",
"2026-03-29T07:41:51+00:00","403-0490630-6089939","FBA79488","B0DFCG2VGS","X0028X4EPR","Nexlev Multi Purpose Electric Food Kettle|1.8L Stainless Steel Pot| 600W|Boil, Steam, Fry, Saute| Double Layered Body|2 Heat Settings|Multi Function for Water, Milk, Egg, Soup, Noodles|KE-01","1","AMD2","CARRIER_DAMAGED","UNDELIVERABLE_REFUSED","LPNAMD2M3900478",
"2026-03-29T04:20:21+00:00","402-7691420-3355569","FBK79789","B0FN4DSQ6P","X002DV4SQJ","White Mulberry Premium Economy Fixed TV Wall Mount Bracket for 32-65 Inches |45kg| LED/LCD/OLED/Smart & Curved TV's, VESA 50x50, 400x400 MAX, Slim Wall Stand","1","DEL2","SELLABLE","UNDELIVERABLE_REFUSED","LPNDEL2R79265634",
"2026-03-29T03:16:50+00:00","171-1555585-5521110","FBA74874","B09CLKBXS4","X0029RB0DB","Nektar Impact GX Mini 25 Velocity-sensitive Mini Keys Portable USB Midi Controller","1","LKO1","SELLABLE","DEFECTIVE","LPNLKO1B1257052",
"2026-03-28T12:04:35+00:00","402-3331252-7955542","FBK79789","B0FN4DSQ6P","X002DV4SQJ","White Mulberry Premium Economy Fixed TV Wall Mount Bracket for 32-65 Inches |45kg| LED/LCD/OLED/Smart & Curved TV's, VESA 50x50, 400x400 MAX, Slim Wall Stand","1","DEL2","SELLABLE","UNDELIVERABLE_REFUSED","LPNDEL2R81247242",
"2026-03-28T09:00:34+00:00","171-8008415-8587543","FBA79679","B0DVC7VJP1","X0028X8539","NexLev Stand Mixer | 5.5L SS Bowl | 1500W |10 Speeds | Pulse Function |Planetary Rotation | Whisk, Beater & Dough Hook |100% Copper Motor | For Roti Atta, Cookie Dough, Cake, Whip Cream & more | ST-01","1","HYD8","SELLABLE","UNDELIVERABLE_REFUSED","LPNHYD8EK05817",
"2026-03-28T08:00:54+00:00","406-2802506-1101101","FBK79788","B0FN4D3C89","X002DVGH59","White Mulberry Economy Fixed TV Wall Mount Bracket for 13-43 Inches |45kg|LED/LCD/Smart TV's, Universal VESA Compatible 75x75,200x200 mm MAX Slim Wall Mount Stand","1","AMD2","SELLABLE","UNDELIVERABLE_REFUSED","LPNAMD2M3920233",
"2026-03-28T07:19:51+00:00","406-9873773-2754710","FBA79265","B0D2LHNS9B","X0028X1YD7","NexLev Foot Callus Remover | Electric Scrubber & Shaver for Dead, Hard & Cracked Skin | Professional Pedicure at Home | Waterproof | Type C | 3 Crystal Quartz Heads | For Men and Women| CR-01","1","DEL2","CUSTOMER_DAMAGED","DEFECTIVE","LPNDEL2R79389820",
"2026-03-28T05:22:54+00:00","405-5778243-5542738","FBA79679","B0DVC7VJP1","X0028X8539","NexLev Stand Mixer | 5.5L SS Bowl | 1500W |10 Speeds | Pulse Function |Planetary Rotation | Whisk, Beater & Dough Hook |100% Copper Motor | For Roti Atta, Cookie Dough, Cake, Whip Cream & more | ST-01","1","PNQ3","SELLABLE","UNDELIVERABLE_REFUSED","LPNPNQ3A4631031",
"2026-03-28T05:10:59+00:00","171-0948596-0093130","FBA79652","B0F43P6D23","X002A01YVP","nexlev Steam Cleaner | Complete Home Kitchen Floor Bathroom Car & Office Cleaning machine | 9 Accessories | 450 ML | Window Pane Sink Grime Chimney Grease Water Stain Cleaner| 4 M Cord |1050W |SC-05","1","BLR5","CUSTOMER_DAMAGED","DEFECTIVE","LPNBLR5P1175371",
"2026-03-28T04:11:22+00:00","408-5553014-8411500","FBA79404","B0D9KFZYG8","X002AMFVW1","NexLev Steamer For Cold & Cough| Face Steam,Inhaler & Vaporizer | Perfect for Facial & Aromatherapy | Nano Ionic Steam | Uv Sterilization | Aroma Diffuser|30 Sec Heating|Avoid Burns & Spillage | FS-01","1","DEL2","SELLABLE","UNDELIVERABLE_REFUSED","LPNDEL2R80241150",
"2026-03-28T03:03:01+00:00","171-0268136-7031520","FBA78980","B0CDPMX152","X0028X4EED","NexLev Handheld Garment Steamer | 1500 Watts | 300 ML| Standing & Horizontal Iron Press | Damage Free Steaming for all Cloth Types | 25s Quick Heat |Upto 5 Clothes in One Fill | Travel Friendly |GS-02","1","BLR5","CUSTOMER_DAMAGED","SWITCHEROO","LPNBLR5Q7202408",
"2026-03-27T12:58:17+00:00","408-4943091-8509133","FBA79263","B0CYSLCRQS","X0027NUKUL","NexLev Mattress, Sofa & Carpet Vacuum Cleaner | For Dust Mites, Allergens & Pet Hair | 4 Step Cleansing with Double Beat, UV Light, Dehumidification & Vacuum | HEPA captures 99.99% Dust|MR-01","1","PNQ3","CUSTOMER_DAMAGED","DEFECTIVE","LPNPNQ3A4748950",
"2026-03-27T12:10:25+00:00","408-8651746-8376309","FBA79590","B0DM6BB3VT","X0028X4EW5","nexlev Calf Massager | Daily Use Leg Massager for Sore Muscle |1 Piece | Hand Like Massage with Air Compression | Improve Blood Circulation & Relieve Pain | 2500 mAh | Large Belt | Type C |CFM-01","1","PNQ3","SELLABLE","DEFECTIVE","LPNPNQ3A4728574",
"2026-03-27T09:37:24+00:00","405-4503711-9398761","FBA79817","B0F1469QLH","X002CNXGEN","Arturia MicroLab mk3 25-key MIDI Controller Keyboard with Synth-action Mini-keys, Sustain Pedal Input, Chord Mode, and Software - Black","1","AMD2","SELLABLE","UNDELIVERABLE_REFUSED","LPNAMD2M3584059",
"2026-03-27T08:45:14+00:00","402-4441914-9938752","FBK79789","B0FN4DSQ6P","X002DV4SQJ","White Mulberry Premium Economy Fixed TV Wall Mount Bracket for 32-65 Inches |45kg| LED/LCD/OLED/Smart & Curved TV's, VESA 50x50, 400x400 MAX, Slim Wall Stand","1","DEL2","CARRIER_DAMAGED","NOT_AS_DESCRIBED","LPNDEL2R80255240",
"2026-03-27T07:52:02+00:00","171-2849105-4626743","FBA79790","B0FHVWHQHR","X002CWJ4I1","White Mulberry Fixed TV Wall Mount Bracket for 37-86 Inch LED, LCD & Curved TVs | Heavy Duty Steel Frame, 45kg Max Load, VESA 50x50 to 600x400mm Max, Built-in Bubble Level, 1 Year Warranty","1","HYD8","DAMAGED","UNDELIVERABLE_REFUSED","LPNHYD8EM69512",
"2026-03-27T07:04:52+00:00","404-5744644-4746731","FBA79479","B0DB5YTQZV","X0028X8HMX","White Mulberry |DIY| Height Adjustable Monitor Arm | Desk Mounted Monitor Stand for 17-32 Inch Monitor | 10Kg Screen Load | VESA 75X75 & 100X100 | Adjustable Metal Desk Mount - (Dual Screen)","1","CCX1","SELLABLE","UNDELIVERABLE_REFUSED","LPNCCX1B2591259",
"2026-03-27T05:40:22+00:00","408-3569636-0925937","FBA79263","B0CYSLCRQS","X0027NUKUL","NexLev Mattress, Sofa & Carpet Vacuum Cleaner | For Dust Mites, Allergens & Pet Hair | 4 Step Cleansing with Double Beat, UV Light, Dehumidification & Vacuum | HEPA captures 99.99% Dust|MR-01","1","DEL2","SELLABLE","UNDELIVERABLE_REFUSED","LPNDEL2R80183466",
"2026-03-27T05:22:23+00:00","402-6614718-3327511","FBA79590","B0DM6BB3VT","X0028X4EW5","nexlev Calf Massager | Daily Use Leg Massager for Sore Muscle |1 Piece | Hand Like Massage with Air Compression | Improve Blood Circulation & Relieve Pain | 2500 mAh | Large Belt | Type C |CFM-01","1","PNQ3","SELLABLE","DEFECTIVE","LPNPNQ3A4752194",
"2026-03-27T04:54:26+00:00","402-6045387-1425109","FBA79263","B0CYSLCRQS","X0027NUKUL","NexLev Mattress, Sofa & Carpet Vacuum Cleaner | For Dust Mites, Allergens & Pet Hair | 4 Step Cleansing with Double Beat, UV Light, Dehumidification & Vacuum | HEPA captures 99.99% Dust|MR-01","1","BLR5","SELLABLE","UNDELIVERABLE_REFUSED","LPNBLR5Q9093346",
"2026-03-27T04:50:41+00:00","405-8046829-3400319","FBA79811","B0FSF1N457","X002F7HZ6V","NexLev Mini Electric Chopper | 3D Stainless Steel Blade | Food Grade Bowl | For Mincing Garlic Ginger Onion Vegetable Meat Nuts | 250 ml | One Touch Operation | MC-01","1","BOM5","SELLABLE","UNDELIVERABLE_UNKNOWN","LPNBOM5F4712569",
"2026-03-26T20:43:14+00:00","407-3648808-7763557","FBK79167","B0CPFS24ML","X002G533KJ","White Mulberry Gaming Desk, Computer Desk with Carbon Fiber Surface, Z Shaped Gaming Table, Computer Table, Workstation, Home Office Desk with Cup Holder and Headphone Holder | (117 * 67 * 71 CM)","1","BLR5","CUSTOMER_DAMAGED","MISORDERED","LPNBLR5P1073570",
"2026-03-26T11:11:44+00:00","408-3631535-5602707","FBA74874","B09CLKBXS4","X0029RB0DB","Nektar Impact GX Mini 25 Velocity-sensitive Mini Keys Portable USB Midi Controller","1","PNQ3","SELLABLE","UNDELIVERABLE_REFUSED","LPNPNQ3A4709927",
"2026-03-26T10:08:26+00:00","402-5379535-0857928","FBA79488","B0DFCG2VGS","X0028X4EPR","Nexlev Multi Purpose Electric Food Kettle|1.8L Stainless Steel Pot| 600W|Boil, Steam, Fry, Saute| Double Layered Body|2 Heat Settings|Multi Function for Water, Milk, Egg, Soup, Noodles|KE-01","1","CCX1","CUSTOMER_DAMAGED","MISORDERED","LPNCCX1B3720416",
"2026-03-26T07:25:36+00:00","405-2556449-9678704","FBA79692","B0DVC58QPZ","X0028X6UI1","NexLev Smart Air Purifier | Home Room & Office Use upto 220 sq ft |True HEPA 13 Filter | Eliminate 99.99% Virus Dust Smoke Odor Pollen Allergens & Pollutants | Long Filter Life |3 Year Warranty |AP220","1","BLR5","CARRIER_DAMAGED","UNDELIVERABLE_REFUSED","LPNBLR5Q9348150",
"2026-03-26T06:57:59+00:00","408-7850599-8436314","FBA79493","B0DQCWRG3H","X0028X1G99","nexlev Ionic 3 In 1 Hot Air Brush|1.5 Inch Barrel|Volumizer Blow Dry & Style|Ceramic Tourmaline Coated For Heat Protection|1200 Watts|Dual Bristle For Tangle Free Styling|Salon Like Soft Curl|V-03","1","CCX1","CUSTOMER_DAMAGED","SWITCHEROO","LPNCCX1B3767882",
"2026-03-26T06:09:34+00:00","405-2727071-2448336","FBA79406","B0DCK3N2JJ","X0028X1WNT","NexLev Ionic Cordless Hair Straightener Brush | 60min Runtime | upto 200° Heating | Portable & Type C Rechargeable | Keratin Bristles |Straight, Frizz Free & Shiny Hair | Compact Comb Design | HSB-04","1","BLR5","CUSTOMER_DAMAGED","DEFECTIVE","LPNBLR5P1180365",
"2026-03-26T05:20:17+00:00","404-6494093-6630733","FBA79790","B0FHVWHQHR","X002CWJ4I1","White Mulberry Fixed TV Wall Mount Bracket for 37-86 Inch LED, LCD & Curved TVs | Heavy Duty Steel Frame, 45kg Max Load, VESA 50x50 to 600x400mm Max, Built-in Bubble Level, 1 Year Warranty","1","BLR5","SELLABLE","UNDELIVERABLE_REFUSED","LPNBLR5P1280078",
"2026-03-26T04:08:02+00:00","407-4654562-3533929","FBK79788","B0FN4D3C89","X002DVGH59","White Mulberry Economy Fixed TV Wall Mount Bracket for 13-43 Inches |45kg|LED/LCD/Smart TV's, Universal VESA Compatible 75x75,200x200 mm MAX Slim Wall Mount Stand","1","AMD2","CUSTOMER_DAMAGED","SWITCHEROO","LPNAMD2M3666628",
"2026-03-25T13:36:10+00:00","408-8168836-5252340","FBA79615","B0DP2Z5DQ9","X0028XC7C9","White Mulberry 10-Step Height Adjustable Single Screen Monitor Stand for 17-32 Inch Monitor, 8 kg Load, VESA 75x75/100x100, DIY Installation (Black)","1","BLR5","SELLABLE","UNDELIVERABLE_UNKNOWN","LPNBLR5Q9075053",
"2026-03-25T12:54:05+00:00","406-1659067-3426712","FBA79472","B0DFCDZWND","X0028X20ML","NexLev Cordless Electric Heating Pad| Period Cramp & Back Pain Relief Massager | 9 modes| Menstrual Cramp Relief|Type C| Crampfree Periods | Portable | Gift for Women| Strap upto 40 Inch |Purple CM-02","1","DEL2","CUSTOMER_DAMAGED","DEFECTIVE","LPNDEL2R80772391",
"2026-03-25T10:07:43+00:00","406-0296983-8573953","FBK79788","B0FN4D3C89","X002DVGH59","White Mulberry Economy Fixed TV Wall Mount Bracket for 13-43 Inches |45kg|LED/LCD/Smart TV's, Universal VESA Compatible 75x75,200x200 mm MAX Slim Wall Mount Stand","1","DEL4","SELLABLE","UNDELIVERABLE_UNKNOWN","LPNDEL4AA2988027",
"2026-03-25T08:14:53+00:00","407-1440323-2703541","FBA75976","B08FW1Q676","X001R0XYAN","Maono AU-PM421 Condenser USB Microphone, Professional Studio Recording Mic with 1-Touch Mute and Mic Gain Knob for PC, Singing, Podcast, Gaming, YouTube","1","BLR5","SELLABLE","QUALITY_UNACCEPTABLE","LPNBLR5P0987646",
"2026-03-25T07:08:08+00:00","407-4559366-5607561","FBA78980","B0CDPMX152","X0028X4EED","NexLev Handheld Garment Steamer | 1500 Watts | 300 ML| Standing & Horizontal Iron Press | Damage Free Steaming for all Cloth Types | 25s Quick Heat |Upto 5 Clothes in One Fill | Travel Friendly |GS-02","1","AMD2","DEFECTIVE","SWITCHEROO","LPNAMD2M3053536","This product not suitable as shown"
"2026-03-25T06:14:19+00:00","407-9175095-8045955","FBK79791","B0FN4HDM6Z","X002DVFBBP","White Mulberry Premium Full Motion TV Wall Mount Bracket for 23-65Inch |35kg| LED/LCD/OLED/Smart & Curved TV's, Universal Heavy Duty Wall Mount Stand with Swivel, Tilt","1","BLR5","CUSTOMER_DAMAGED","SWITCHEROO","LPNBLR5Q9327503",
"2026-03-25T03:46:40+00:00","406-0168478-5671513","FBK79789","B0FN4DSQ6P","X002DV4SQJ","White Mulberry Premium Economy Fixed TV Wall Mount Bracket for 32-65 Inches |45kg| LED/LCD/OLED/Smart & Curved TV's, VESA 50x50, 400x400 MAX, Slim Wall Stand","1","BLR5","SELLABLE","UNDELIVERABLE_REFUSED","LPNBLR5Q8697866",
"2026-03-24T17:08:00+00:00","405-0636199-4167510","FBA79488","B0DFCG2VGS","X0028X4EPR","Nexlev Multi Purpose Electric Food Kettle|1.8L Stainless Steel Pot| 600W|Boil, Steam, Fry, Saute| Double Layered Body|2 Heat Settings|Multi Function for Water, Milk, Egg, Soup, Noodles|KE-01","1","BLR5","SELLABLE","UNDELIVERABLE_UNKNOWN","LPNBLR5Q8296773",
"2026-03-24T12:58:17+00:00","406-5400755-3619544","FBK79791","B0FN4HDM6Z","X002DVFBBP","White Mulberry Premium Full Motion TV Wall Mount Bracket for 23-65Inch |35kg| LED/LCD/OLED/Smart & Curved TV's, Universal Heavy Duty Wall Mount Stand with Swivel, Tilt","1","BOM7","CARRIER_DAMAGED","QUALITY_UNACCEPTABLE","LPNBOM7D19669205",
"2026-03-24T11:10:44+00:00","408-9909125-6489138","FBA79263","B0CYSLCRQS","X0027NUKUL","NexLev Mattress, Sofa & Carpet Vacuum Cleaner | For Dust Mites, Allergens & Pet Hair | 4 Step Cleansing with Double Beat, UV Light, Dehumidification & Vacuum | HEPA captures 99.99% Dust|MR-01","1","DEL2","SELLABLE","UNDELIVERABLE_REFUSED","LPNDEL2R78861831",
"2026-03-24T10:18:08+00:00","408-0265580-0209910","FBA79652","B0F43P6D23","X002A01YVP","nexlev Steam Cleaner | Complete Home Kitchen Floor Bathroom Car & Office Cleaning machine | 9 Accessories | 450 ML | Window Pane Sink Grime Chimney Grease Water Stain Cleaner| 4 M Cord |1050W |SC-05","1","DEL2","DEFECTIVE","MISSING_PARTS","LPNDEL2R73446684","Accessories missing in the set"
"2026-03-24T09:01:13+00:00","403-2938613-8891506","FBA79590","B0DM6BB3VT","X0028X4EW5","nexlev Calf Massager | Daily Use Leg Massager for Sore Muscle |1 Piece | Hand Like Massage with Air Compression | Improve Blood Circulation & Relieve Pain | 2500 mAh | Large Belt | Type C |CFM-01","1","PNQ3","SELLABLE","UNDELIVERABLE_REFUSED","LPNPNQ3A4740397",
"2026-03-24T07:47:15+00:00","407-5920128-4978755","FBA79818","B0F146Y33S","X002CNXQIJ","Arturia MicroLab mk3 25-key MIDI Controller Keyboard with Synth-action Mini-keys, Sustain Pedal Input, Chord Mode, and Software - White","1","BLR5","SELLABLE","UNDELIVERABLE_REFUSED","LPNBLR5P0738141",
"2026-03-24T07:31:12+00:00","404-6379404-7870764","FBA75707","B01MF9EJPG","X001SVK18J","Nektar SE49 49-Key Full-Size Velocity-Sensitive USB Midi Keyboard Controller with Nektar DAW Integration and Free Professional Recording Software","1","DEL2","SELLABLE","UNDELIVERABLE_UNKNOWN","LPNDEL2R80214697",
"2026-03-24T06:17:52+00:00","405-5003384-1222702","FBK79791","B0FN4HDM6Z","X002DVFBBP","White Mulberry Premium Full Motion TV Wall Mount Bracket for 23-65Inch |35kg| LED/LCD/OLED/Smart & Curved TV's, Universal Heavy Duty Wall Mount Stand with Swivel, Tilt","1","BOM7","SELLABLE","UNDELIVERABLE_UNKNOWN","LPNBOM7D19654931",
"2026-03-24T05:40:26+00:00","404-0020074-1807523","FBA79818","B0F146Y33S","X002CNXQIJ","Arturia MicroLab mk3 25-key MIDI Controller Keyboard with Synth-action Mini-keys, Sustain Pedal Input, Chord Mode, and Software - White","1","DEL2","CUSTOMER_DAMAGED","MISSING_PARTS","LPNDEL2R78861601",
"2026-03-24T05:05:29+00:00","408-7071250-6178768","FBA79406","B0DCK3N2JJ","X0028X1WNT","NexLev Ionic Cordless Hair Straightener Brush | 60min Runtime | upto 200° Heating | Portable & Type C Rechargeable | Keratin Bristles |Straight, Frizz Free & Shiny Hair | Compact Comb Design | HSB-04","1","BLR5","SELLABLE","UNDELIVERABLE_REFUSED","LPNBLR5Q9019475",
"2026-03-24T04:38:33+00:00","408-0129684-7840353","FBK79788","B0FN4D3C89","X002DVGH59","White Mulberry Economy Fixed TV Wall Mount Bracket for 13-43 Inches |45kg|LED/LCD/Smart TV's, Universal VESA Compatible 75x75,200x200 mm MAX Slim Wall Mount Stand","1","BOM5","SELLABLE","DEFECTIVE","LPNBOM5F4713153",
"2026-03-23T16:55:19+00:00","171-6850681-5987527","FBA79488","B0DFCG2VGS","X0028X4EPR","Nexlev Multi Purpose Electric Food Kettle|1.8L Stainless Steel Pot| 600W|Boil, Steam, Fry, Saute| Double Layered Body|2 Heat Settings|Multi Function for Water, Milk, Egg, Soup, Noodles|KE-01","1","BLR5","SELLABLE","UNDELIVERABLE_REFUSED","LPNBLR5P1260474",
"2026-03-23T13:06:41+00:00","405-7865574-9321965","FBA79613","B0DP2VVRND","X0028X883B","White Mulberry |DIY| Height Adjustable Monitor Stand Mount | Supports 17-32 Inch Screens| 10 Kg Screen Load | VESA 75X75 & 100X100 | Freestanding Monitor Mount | Black - (Single Screen)","1","BLR5","CUSTOMER_DAMAGED","SWITCHEROO","LPNBLR5P1210712",
"2026-03-23T12:24:36+00:00","403-7093738-2399541","FBA77113","B01ISNU3X4","X001OT9X4X","TONOR Dynamic Karaoke Microphone for Singing with 4.5m XLR Cable, Metal Handheld Mic Compatible with Karaoke Machine/Speaker/Amp/Mixer for Karaoke Singing, Speech, Wedding, Stage and Outdoor Activity","1","BLR5","SELLABLE","UNDELIVERABLE_REFUSED","LPNBLR5Q9969445",
"2026-03-23T12:10:30+00:00","405-7721645-8347568","FBA79479","B0DB5YTQZV","X0028X8HMX","White Mulberry |DIY| Height Adjustable Monitor Arm | Desk Mounted Monitor Stand for 17-32 Inch Monitor | 10Kg Screen Load | VESA 75X75 & 100X100 | Adjustable Metal Desk Mount - (Dual Screen)","1","BLR5","SELLABLE","UNDELIVERABLE_UNKNOWN","LPNBLR5P1210688",
"2026-03-23T11:24:37+00:00","171-8169484-0844355","FBA79349","B0D9KDQCCM","X0028KKT1N","nexlev Portable Sewing Machine| 2 Speed Settings| Cordless| Battery operated| USB Type C cord for Plug-in| Quick Fix DIY |Portable & Compact| for all Fabrics| 1 Year Warranty| STITCH & STYLE SW-01","1","BLR5","CUSTOMER_DAMAGED","FOUND_BETTER_PRICE","LPNBLR5Q8612626",
"2026-03-23T10:31:09+00:00","171-9481200-2935527","FBA77117","B078WNW4YW","X001OT9TL5","TONOR Wireless Microphone Isolation Shield, Mic Sound Absorbing Foam Reflector for Any Condenser Recording Equipment Studio (Black)","1","DEL2","SELLABLE","UNDELIVERABLE_REFUSED","LPNDEL2R79310936",
"2026-03-23T06:59:34+00:00","402-9836803-2466759","FBA78980","B0CDPMX152","X0028X4EED","NexLev Handheld Garment Steamer | 1500 Watts | 300 ML| Standing & Horizontal Iron Press | Damage Free Steaming for all Cloth Types | 25s Quick Heat |Upto 5 Clothes in One Fill | Travel Friendly |GS-02","1","BOM7","SELLABLE","UNDELIVERABLE_REFUSED","LPNBOM7D19597033",
"2026-03-23T06:07:06+00:00","171-8818475-5960314","FBA79566","B0DKJSCLBD","X0028X0MYJ","nexlev Cordless Wet & Dry Vacuum Cleaner|For Home Car & Office Use|3 Attachments | 4000 mAh Battery|Quick Cleaning of Desk, Coffee tea or Water Spill | Compact & Portable | VC-05","1","BLR5","SELLABLE","UNDELIVERABLE_REFUSED","LPNBLR5P0540253",
"2026-03-23T04:32:51+00:00","404-0728562-6442722","FBA78980","B0CDPMX152","X0028X4EED","NexLev Handheld Garment Steamer | 1500 Watts | 300 ML| Standing & Horizontal Iron Press | Damage Free Steaming for all Cloth Types | 25s Quick Heat |Upto 5 Clothes in One Fill | Travel Friendly |GS-02","1","DEL5","SELLABLE","DEFECTIVE","LPNDEL5S13636546",
"2026-03-23T04:29:52+00:00","408-6203017-9238746","FBA79613","B0DP2VVRND","X0028X883B","White Mulberry |DIY| Height Adjustable Monitor Stand Mount | Supports 17-32 Inch Screens| 10 Kg Screen Load | VESA 75X75 & 100X100 | Freestanding Monitor Mount | Black - (Single Screen)","1","BLR5","CARRIER_DAMAGED","UNDELIVERABLE_REFUSED","LPNBLR5P0528159",
"2026-03-22T16:33:49+00:00","408-1530940-5176359","FBK79167","B0CPFS24ML","X002G533KJ","White Mulberry Gaming Desk, Computer Desk with Carbon Fiber Surface, Z Shaped Gaming Table, Computer Table, Workstation, Home Office Desk with Cup Holder and Headphone Holder | (117 * 67 * 71 CM)","1","BLR5","CUSTOMER_DAMAGED","SWITCHEROO","LPNBLR5P1263665",
"2026-03-22T13:51:50+00:00","171-4891813-7704349","FBA79652","B0F43P6D23","X002A01YVP","nexlev Steam Cleaner | Complete Home Kitchen Floor Bathroom Car & Office Cleaning machine | 9 Accessories | 450 ML | Window Pane Sink Grime Chimney Grease Water Stain Cleaner| 4 M Cord |1050W |SC-05","1","BLR5","SELLABLE","DEFECTIVE","LPNBLR5Q9995241",
"2026-03-22T10:51:54+00:00","408-4644244-7744325","FBA79488","B0DFCG2VGS","X0028X4EPR","Nexlev Multi Purpose Electric Food Kettle|1.8L Stainless Steel Pot| 600W|Boil, Steam, Fry, Saute| Double Layered Body|2 Heat Settings|Multi Function for Water, Milk, Egg, Soup, Noodles|KE-01","1","DEL2","SELLABLE","UNDELIVERABLE_REFUSED","LPNDEL2R80162062",
"2026-03-22T09:25:01+00:00","407-8815007-8796337","FBA79570","B0DKJXRXKM","X0028X20VH","NexLev Blackhead & Whitehead Remover Tool | Rechargeable |1Hr Use| Acne & Pimple Pore Cleaner | 6 Heads | Electric Derma Suction Machine | Hydra Facial Cleanser Device for Face |For Men & Women |BR-01","1","BOM5","DEFECTIVE","MISSING_PARTS","LPNBOM5F4572027","Used Product charging Cord missing"
"2026-03-22T08:44:22+00:00","171-9696777-7794740","FBA79488","B0DFCG2VGS","X0028X4EPR","Nexlev Multi Purpose Electric Food Kettle|1.8L Stainless Steel Pot| 600W|Boil, Steam, Fry, Saute| Double Layered Body|2 Heat Settings|Multi Function for Water, Milk, Egg, Soup, Noodles|KE-01","1","BLR5","SELLABLE","UNDELIVERABLE_REFUSED","LPNBLR5P1257073",
"2026-03-22T06:51:01+00:00","408-1437961-9080358","FBA78980","B0CDPMX152","X0028X4EED","NexLev Handheld Garment Steamer | 1500 Watts | 300 ML| Standing & Horizontal Iron Press | Damage Free Steaming for all Cloth Types | 25s Quick Heat |Upto 5 Clothes in One Fill | Travel Friendly |GS-02","1","PNQ3","SELLABLE","UNDELIVERABLE_REFUSED","LPNPNQ3A4772184",
"2026-03-22T06:51:01+00:00","408-6243255-1897131","FBA78980","B0CDPMX152","X0028X4EED","NexLev Handheld Garment Steamer | 1500 Watts | 300 ML| Standing & Horizontal Iron Press | Damage Free Steaming for all Cloth Types | 25s Quick Heat |Upto 5 Clothes in One Fill | Travel Friendly |GS-02","1","PNQ3","SELLABLE","UNDELIVERABLE_REFUSED","LPNPNQ3A4772183",
"2026-03-22T04:27:46+00:00","404-6102109-8311502","FBA79477","B0DB5VVPSB","X0028X8HN7","White Mulberry |DIY| Economical Gas Spring Monitor Arm | Desk Mounted Monitor Stand for 15-32 Inch Monitors |9Kg Screen Capacity| VESA 75X75&100X100 | Adjustable Metal Desk Monitor Mount-(Dual Screen)","1","BLR5","CUSTOMER_DAMAGED","QUALITY_UNACCEPTABLE","LPNBLR5P1244084",
"2026-03-22T04:25:19+00:00","407-2093203-8703549","FBA79404","B0D9KFZYG8","X002AMFVW1","NexLev Steamer For Cold & Cough| Face Steam,Inhaler & Vaporizer | Perfect for Facial & Aromatherapy | Nano Ionic Steam | Uv Sterilization | Aroma Diffuser|30 Sec Heating|Avoid Burns & Spillage | FS-01","1","BOM5","SELLABLE","UNDELIVERABLE_REFUSED","LPNBOM5F4577478",
"2026-03-22T03:58:52+00:00","408-9320910-3859500","FBA79488","B0DFCG2VGS","X0028X4EPR","Nexlev Multi Purpose Electric Food Kettle|1.8L Stainless Steel Pot| 600W|Boil, Steam, Fry, Saute| Double Layered Body|2 Heat Settings|Multi Function for Water, Milk, Egg, Soup, Noodles|KE-01","1","BLR5","CUSTOMER_DAMAGED","SWITCHEROO","LPNBLR5P0200658",
"2026-03-22T03:34:27+00:00","406-0420565-8321161","FBA79488","B0DFCG2VGS","X0028X4EPR","Nexlev Multi Purpose Electric Food Kettle|1.8L Stainless Steel Pot| 600W|Boil, Steam, Fry, Saute| Double Layered Body|2 Heat Settings|Multi Function for Water, Milk, Egg, Soup, Noodles|KE-01","1","DEL2","CUSTOMER_DAMAGED","NOT_AS_DESCRIBED","LPNDEL2R79635914",
"2026-03-21T12:33:21+00:00","402-0539585-6702737","FBA79263","B0CYSLCRQS","X0027NUKUL","NexLev Mattress, Sofa & Carpet Vacuum Cleaner | For Dust Mites, Allergens & Pet Hair | 4 Step Cleansing with Double Beat, UV Light, Dehumidification & Vacuum | HEPA captures 99.99% Dust|MR-01","1","PNQ3","SELLABLE","DEFECTIVE","LPNPNQ3A4772039",
"2026-03-21T06:26:14+00:00","407-7129907-9460350","FBA76665","B0BGMNKCNT","X001SVNVJZ","Arturia MiniLab 3, 25 Slim-Key USB-C Midi Controller with 5-Year Warranty, 8 Backlit LED Pads, 8 Knobs, 4 Faders, Midi Out, Built-in Arpeggiator, Chord mode and Music Production Software Bundle","1","LKO1","SELLABLE","UNDELIVERABLE_REFUSED","LPNLKO1B0850645",
"2026-03-21T05:39:17+00:00","171-5484891-4062766","FBA79652","B0F43P6D23","X002A01YVP","nexlev Steam Cleaner | Complete Home Kitchen Floor Bathroom Car & Office Cleaning machine | 9 Accessories | 450 ML | Window Pane Sink Grime Chimney Grease Water Stain Cleaner| 4 M Cord |1050W |SC-05","1","BLR5","SELLABLE","UNDELIVERABLE_UNKNOWN","LPNBLR5Q8593991",
"2026-03-21T05:23:49+00:00","407-1605423-8740366","FBA79692","B0DVC58QPZ","X0028X6UI1","NexLev Smart Air Purifier | Home Room & Office Use upto 220 sq ft |True HEPA 13 Filter | Eliminate 99.99% Virus Dust Smoke Odor Pollen Allergens & Pollutants | Long Filter Life |3 Year Warranty |AP220","1","DEL5","CUSTOMER_DAMAGED","QUALITY_UNACCEPTABLE","LPNDEL5S13733339",
"2026-03-21T05:18:33+00:00","405-9094132-7993930","FBA79488","B0DFCG2VGS","X0028X4EPR","Nexlev Multi Purpose Electric Food Kettle|1.8L Stainless Steel Pot| 600W|Boil, Steam, Fry, Saute| Double Layered Body|2 Heat Settings|Multi Function for Water, Milk, Egg, Soup, Noodles|KE-01","1","BLR5","CUSTOMER_DAMAGED","SWITCHEROO","LPNBLR5P0218226",
"2026-03-21T05:11:28+00:00","407-6012652-8442705","FBA79479","B0DB5YTQZV","X0028X8HMX","White Mulberry |DIY| Height Adjustable Monitor Arm | Desk Mounted Monitor Stand for 17-32 Inch Monitor | 10Kg Screen Load | VESA 75X75 & 100X100 | Adjustable Metal Desk Mount - (Dual Screen)","1","BLR5","CARRIER_DAMAGED","UNDELIVERABLE_REFUSED","LPNBLR5P1230660",
"2026-03-21T04:51:56+00:00","408-2966207-1643550","FBA78980","B0CDPMX152","X0028X4EED","NexLev Handheld Garment Steamer | 1500 Watts | 300 ML| Standing & Horizontal Iron Press | Damage Free Steaming for all Cloth Types | 25s Quick Heat |Upto 5 Clothes in One Fill | Travel Friendly |GS-02","1","BOM5","CUSTOMER_DAMAGED","DEFECTIVE","LPNBOM5F4554977",
"2026-03-21T03:51:41+00:00","408-3145867-2539569","FBA79652","B0F43P6D23","X002A01YVP","nexlev Steam Cleaner | Complete Home Kitchen Floor Bathroom Car & Office Cleaning machine | 9 Accessories | 450 ML | Window Pane Sink Grime Chimney Grease Water Stain Cleaner| 4 M Cord |1050W |SC-05","1","DEL2","CUSTOMER_DAMAGED","DEFECTIVE","LPNDEL2R79209326",
"2026-03-20T11:58:47+00:00","408-6049098-7868320","FBA79067","B0CC3TDH61","X00284K301","PreSonus Eris Studio 5, 5.25-Inch High-Definition Professional Studio Monitor with Woven Composite LF Driver, XLR, 1"" Silk-Dome HF Driver, EBM Waveguide, and Acoustic Tuning Controls - Single (Black)","1","DEL2","SELLABLE","SWITCHEROO","LPNDEL2R80859659",
"2026-03-20T11:09:36+00:00","402-4263557-7449169","FBA79567","B0DNJS23HS","X0028X4EUR","NexLev 10 in 1 Steam Cleaner & Mop|2 Steam Modes| Mopping & Deep Cleaning Home Car Sofa Bathroom Kitchen & Office |For All Surfaces|350ML|Chemical Free Cleaning | Detachable & Foldable|SC-04","1","BLR5","CUSTOMER_DAMAGED","SWITCHEROO","LPNBLR5Q6056949",
"2026-03-19T07:04:50+00:00","403-6896909-9717938","FBA79652","B0F43P6D23","X002A01YVP","nexlev Steam Cleaner | Complete Home Kitchen Floor Bathroom Car & Office Cleaning machine | 9 Accessories | 450 ML | Window Pane Sink Grime Chimney Grease Water Stain Cleaner| 4 M Cord |1050W |SC-05","1","DEL2","CUSTOMER_DAMAGED","DEFECTIVE","LPNDEL2R80228585",
"2026-03-19T03:33:13+00:00","406-3163768-0766733","FBA79488","B0DFCG2VGS","X0028X4EPR","Nexlev Multi Purpose Electric Food Kettle|1.8L Stainless Steel Pot| 600W|Boil, Steam, Fry, Saute| Double Layered Body|2 Heat Settings|Multi Function for Water, Milk, Egg, Soup, Noodles|KE-01","1","BOM5","SELLABLE","UNDELIVERABLE_REFUSED","LPNBOM5F4581347",
"2026-03-18T21:33:04+00:00","407-2864037-2956304","FBA79479","B0DB5YTQZV","X0028X8HMX","White Mulberry |DIY| Height Adjustable Monitor Arm | Desk Mounted Monitor Stand for 17-32 Inch Monitor | 10Kg Screen Load | VESA 75X75 & 100X100 | Adjustable Metal Desk Mount - (Dual Screen)","1","BLR5","CUSTOMER_DAMAGED","NEVER_ARRIVED","LPNBLR5P0244156",
"2026-03-18T20:17:58+00:00","403-4701873-1653152","FBK79167","B0CPFS24ML","X002G533KJ","White Mulberry Gaming Desk, Computer Desk with Carbon Fiber Surface, Z Shaped Gaming Table, Computer Table, Workstation, Home Office Desk with Cup Holder and Headphone Holder | (110 * 60 * 75 CM)","1","BLR5","CARRIER_DAMAGED","UNDELIVERABLE_UNKNOWN","LPNBLR5Q8304809",
"2026-03-18T14:25:55+00:00","404-0812011-8964310","FBA79652","B0F43P6D23","X002A01YVP","nexlev Steam Cleaner | Complete Home Kitchen Floor Bathroom Car & Office Cleaning machine | 9 Accessories | 450 ML | Window Pane Sink Grime Chimney Grease Water Stain Cleaner| 4 M Cord |1050W |SC-05","1","BOM5","CUSTOMER_DAMAGED","MISSING_PARTS","LPNBOM5F4336459",
"2026-03-18T13:41:43+00:00","171-3242122-9126764","FBA79263","B0CYSLCRQS","X0027NUKUL","NexLev Mattress, Sofa & Carpet Vacuum Cleaner | For Dust Mites, Allergens & Pet Hair | 4 Step Cleansing with Double Beat, UV Light, Dehumidification & Vacuum | HEPA captures 99.99% Dust|MR-01","1","BLR5","SELLABLE","UNDELIVERABLE_REFUSED","LPNBLR5Q8670748",
"2026-03-18T12:17:24+00:00","408-9778893-7272348","FBA79263","B0CYSLCRQS","X0027NUKUL","NexLev Mattress, Sofa & Carpet Vacuum Cleaner | For Dust Mites, Allergens & Pet Hair | 4 Step Cleansing with Double Beat, UV Light, Dehumidification & Vacuum | HEPA captures 99.99% Dust|MR-01","1","DEL2","CUSTOMER_DAMAGED","DEFECTIVE","LPNDEL2R79812513",
"2026-03-18T05:13:45+00:00","171-6953557-6045135","FBA79349","B0D9KDQCCM","X0028KKT1N","Nexlev Portable Sewing Machine| 2 Speed Settings| Cordless| Battery operated| USB Type C cord for Plug-in| Quick Fix DIY|Portable & Compact| for all Fabrics| 1 Year Warranty| White","1","BLR7","CUSTOMER_DAMAGED","NOT_COMPATIBLE","LPNBLR7Y4692130",
"2026-03-18T04:28:33+00:00","171-8917227-5700327","FBA75976","B08FW1Q676","X001R0XYAN","Maono AU-PM421 Condenser USB Microphone, Professional Studio Recording Mic with 1-Touch Mute and Mic Gain Knob for PC, Singing, Podcast, Gaming, YouTube","1","BLR5","SELLABLE","QUALITY_UNACCEPTABLE","LPNBLR5P0580271",
"2026-03-18T04:02:46+00:00","408-5191751-8333139","FBA79349","B0D9KDQCCM","X0028KKT1N","Nexlev Portable Sewing Machine| 2 Speed Settings| Cordless| Battery operated| USB Type C cord for Plug-in| Quick Fix DIY|Portable & Compact| for all Fabrics| 1 Year Warranty| White","1","BLR7","CUSTOMER_DAMAGED","QUALITY_UNACCEPTABLE","LPNBLR7Y4675241",
"2026-03-17T18:09:10+00:00","405-8396824-4373151","FBK79788","B0FN4D3C89","X002DVGH59","White Mulberry Economy Fixed TV Wall Mount Bracket for 13-43 Inches |45kg|LED/LCD/Smart TV's, Universal VESA Compatible 75x75,200x200 mm MAX Slim Wall Mount Stand","1","BLR5","SELLABLE","UNDELIVERABLE_REFUSED","LPNBLR5P0255731",
"2026-03-17T12:40:26+00:00","403-5052586-7865133","FBA75374","B09HL5WPP6","X00284CEVH","Arturia MiniFuse 1, 1in / 2out USB-C Audio Interface, with 1 Mic/Line/Instrument Preamp, Built-in USB Hub, Loopback and Included Software Bundle - Mac/PC (Black)","1","DEL2","SELLABLE","UNDELIVERABLE_REFUSED","LPNDEL2R80296289",
"2026-03-17T11:27:22+00:00","402-2365076-8780341","FBA79452","B0DCGHVN81","X0028X4EST","NexLev 2 in 1 Handheld & Stick Vacuum Cleaner | 17500 PA Suction | Dry Vacuuming for Home & Office | Washable HEPA Filter | 4 Adjustable Heads | Bagless| Deep Cleaning for Sofa Bed Window & more|VC-01","1","DEL2","CARRIER_DAMAGED","DEFECTIVE","LPNDEL2R74582113",
"2026-03-17T08:17:37+00:00","406-4015213-3234736","FBK79788","B0FN4D3C89","X002DVGH59","White Mulberry Economy Fixed TV Wall Mount Bracket for 13-43 Inches |45kg|LED/LCD/Smart TV's, Universal VESA Compatible 75x75,200x200 mm MAX Slim Wall Mount Stand","1","BOM7","SELLABLE","MISSING_PARTS","LPNBOM7D19527987","Critical component missing for mounting the TV"
"2026-03-17T08:05:34+00:00","406-8678957-6698747","FBA75976","B08FW1Q676","X001R0XYAN","Maono AU-PM421 Condenser USB Microphone, Professional Studio Recording Mic with 1-Touch Mute and Mic Gain Knob for PC, Singing, Podcast, Gaming, YouTube","1","DEL2","SELLABLE","UNDELIVERABLE_REFUSED","LPNDEL2R79006409",
"2026-03-17T06:58:17+00:00","406-5640496-1209154","FBA78930","B0C325NVBQ","X00284CEYT","Arturia KeyLab Essential 49 mk3 MIDI Controller with 49 Velocity-Sensitive keys, 9 Encoders, 9 Sliders, 8 RGB Pads - USB-C, Midi Out, LCD Screen, Bundled Software and DAW Integration - White","1","DEL2","CUSTOMER_DAMAGED","NOT_COMPATIBLE","LPNDEL2R79812014",
"2026-03-17T06:47:25+00:00","405-4652349-1826726","FBA79263","B0CYSLCRQS","X0027NUKUL","NexLev Mattress, Sofa & Carpet Vacuum Cleaner | For Dust Mites, Allergens & Pet Hair | 4 Step Cleansing with Double Beat, UV Light, Dehumidification & Vacuum | HEPA captures 99.99% Dust|MR-01","1","DEL2","CARRIER_DAMAGED","DEFECTIVE","LPNDEL2R79103872",
"2026-03-17T04:17:35+00:00","406-5852490-5983522","FBA77110","B08NDB5NWP","X001OTAQ4J","TONOR USB Conference Microphone, 360 Omnidirectional PC Computer Condenser Mic with Mute Button for Online Meeting/Class, Zoom Call, Skype Chatting, Plug & Play (TM20,Red)","1","BLR5","CUSTOMER_DAMAGED","SWITCHEROO","LPNBLR5P0603896",
"2026-03-17T03:35:48+00:00","408-3212019-6054734","FBA79439","B0DCK7ZH5P","X0028X7N8H","NexLev Mattress, Sofa, Carpet & Car Seat Vacuum Cleaner|For Dust Mites Allergens & Pet Hair|Cordless Design|1500*3 mAh |UV Sterilization, Double Beat Technology|Type C| HEPA captures 99.99% Dust|MR-02","1","BLR5","CUSTOMER_DAMAGED","MISSING_PARTS","LPNBLR5P0719181",
"2026-03-16T12:15:07+00:00","402-4045055-6085922","FBA79790","B0FHVWHQHR","X002CWJ4I1","White Mulberry Fixed TV Wall Mount Bracket for 37-86 Inch LED, LCD & Curved TVs | Heavy Duty Steel Frame, 45kg Max Load, VESA 50x50 to 600x400mm Max, Built-in Bubble Level, 1 Year Warranty","1","DEL2","SELLABLE","UNDELIVERABLE_REFUSED","LPNDEL2R80613931",
"2026-03-16T12:07:40+00:00","402-6518767-2374720","FBA79349","B0D9KDQCCM","X0028KKT1N","Nexlev Portable Sewing Machine| 2 Speed Settings| Cordless| Battery operated| USB Type C cord for Plug-in| Quick Fix DIY|Portable & Compact| for all Fabrics| 1 Year Warranty| White","1","BLR7","CUSTOMER_DAMAGED","QUALITY_UNACCEPTABLE","LPNBLR7Y5392611",
"2026-03-16T11:28:33+00:00","408-9365784-1199531","FBA79817","B0F1469QLH","X002CNXGEN","Arturia MicroLab mk3 25-key MIDI Controller Keyboard with Synth-action Mini-keys, Sustain Pedal Input, Chord Mode, and Software - Black","1","DEL2","CUSTOMER_DAMAGED","NOT_COMPATIBLE","LPNDEL2R79577185",
"2026-03-16T09:33:48+00:00","407-8127573-0361132","FBA79374","B0D2P7WLJB","X0028X0MWV","NexLev Smart Electric Toothbrush for Adults |2-Min Timer with Quadpacer |2 Replaceable Heads | AAA Battery |3 Modes (Daily, Normal & Sesitive) |Upto 60 Days | Travel Case | Soft Bristles |ET-02 Green","1","BLR5","SELLABLE","UNDELIVERABLE_UNKNOWN","LPNBLR5Q8810343",
"2026-03-16T07:58:36+00:00","403-1980347-5057101","FBA79406","B0DCK3N2JJ","X0028X1WNT","NexLev Ionic Cordless Hair Straightener Brush | 60min Runtime | upto 200° Heating | Portable & Type C Rechargeable | Keratin Bristles |Straight, Frizz Free & Shiny Hair | Compact Comb Design | HSB-04","1","BLR5","SELLABLE","UNDELIVERABLE_REFUSED","LPNBLR5P0904067",
"2026-03-16T07:02:00+00:00","171-9789260-1419520","FBA79263","B0CYSLCRQS","X0027NUKUL","NexLev Mattress, Sofa & Carpet Vacuum Cleaner | For Dust Mites, Allergens & Pet Hair | 4 Step Cleansing with Double Beat, UV Light, Dehumidification & Vacuum | HEPA captures 99.99% Dust|MR-01","1","PNQ3","CARRIER_DAMAGED","DEFECTIVE","LPNPNQ3A4733344",
"2026-03-15T18:19:04+00:00","402-6829678-9951502","FBA75707","B01MF9EJPG","X001SVK18J","Nektar SE49 49-Key Full-Size Velocity-Sensitive USB Midi Keyboard Controller with Nektar DAW Integration and Free Professional Recording Software","1","BLR5","SELLABLE","UNDELIVERABLE_REFUSED","LPNBLR5P0006477",
"2026-03-15T06:58:06+00:00","405-3655748-7747522","FBA79349","B0D9KDQCCM","X0028KKT1N","Nexlev Portable Sewing Machine| 2 Speed Settings| Cordless| Battery operated| USB Type C cord for Plug-in| Quick Fix DIY|Portable & Compact| for all Fabrics| 1 Year Warranty| White","1","CCX1","SELLABLE","UNDELIVERABLE_REFUSED","LPNCCX1A7523192",
"2026-03-15T06:01:11+00:00","171-1824313-4475567","FBA79652","B0F43P6D23","X002A01YVP","nexlev Steam Cleaner | Complete Home Kitchen Floor Bathroom Car & Office Cleaning machine | 9 Accessories | 450 ML | Window Pane Sink Grime Chimney Grease Water Stain Cleaner| 4 M Cord |1050W |SC-05","1","HYD8","SELLABLE","UNDELIVERABLE_REFUSED","LPNHYD8EB90904",
"2026-03-15T04:36:43+00:00","408-8811154-5529939","FBA79488","B0DFCG2VGS","X0028X4EPR","Nexlev Multi Purpose Electric Food Kettle|1.8L Stainless Steel Pot| 600W|Boil, Steam, Fry, Saute| Double Layered Body|2 Heat Settings|Multi Function for Water, Milk, Egg, Soup, Noodles|KE-01","1","DEL2","CUSTOMER_DAMAGED","DEFECTIVE","LPNDEL2R80177194",
"2026-03-15T04:03:15+00:00","408-5275129-1835546","FBA79488","B0DFCG2VGS","X0028X4EPR","Nexlev Multi Purpose Electric Food Kettle|1.8L Stainless Steel Pot| 600W|Boil, Steam, Fry, Saute| Double Layered Body|2 Heat Settings|Multi Function for Water, Milk, Egg, Soup, Noodles|KE-01","1","CCX1","SELLABLE","UNDELIVERABLE_REFUSED","LPNCCX1B1698958",
"2026-03-14T14:02:01+00:00","407-4407616-9851550","FBA75976","B08FW1Q676","X001R0XYAN","Maono AU-PM421 Condenser USB Microphone, Professional Studio Recording Mic with 1-Touch Mute and Mic Gain Knob for PC, Singing, Podcast, Gaming, YouTube","1","BLR5","SELLABLE","UNDELIVERABLE_UNKNOWN","LPNBLR5Q8602103",
"2026-03-14T09:25:22+00:00","408-4557424-9297943","FBK79788","B0FN4D3C89","X002DVGH59","White Mulberry Economy Fixed TV Wall Mount Bracket for 13-43 Inches |45kg|LED/LCD/Smart TV's, Universal VESA Compatible 75x75,200x200 mm MAX Slim Wall Mount Stand","1","HYD8","SELLABLE","UNDELIVERABLE_REFUSED","LPNHYD8EG08597",
"2026-03-14T09:13:58+00:00","402-9403254-9034738","FBA79279","B0D8445KJN","X0028X1WLB","nexlev Rechargeable Lint Remover | For Woollen Sweaters Pill, Rue & Burr Remover | 60min Use Time | Type C |Defuzzer | Lint Brush for Coat | 2 Modes | SS Blade | Safety Lock | LR-01","1","BLR5","SELLABLE","SWITCHEROO","LPNBLR5Q9946041",
"2026-03-14T06:20:29+00:00","405-1268961-1016323","FBA79652","B0F43P6D23","X002A01YVP","NexLev Steam Cleaner | Complete Home Kitchen Floor Bathroom Car & Office Cleaning machine | 9 Accessories | 450 ML | Window Pane Sink Grime Chimney Grease Water Stain Cleaner| 4 M Cord |1050W |SC-05","1","PNQ3","CUSTOMER_DAMAGED","DEFECTIVE","LPNPNQ3A4722761",
"2026-03-14T05:51:16+00:00","405-0273147-5467545","FBA79679","B0DVC7VJP1","X0028X8539","NexLev Stand Mixer |5.5L SS Bowl | 1500W |10 Speeds | Pulse Function |Planetary Rotation | Whisk, Beater & Dough Hook|100% Copper Motor | For Roti & Cookie Dough, Cake Making, Whip Cream & more |ST-01","1","BLR5","CARRIER_DAMAGED","QUALITY_UNACCEPTABLE","LPNBLR5Q9747456",
"2026-03-14T05:22:45+00:00","408-9979282-4199532","FBA79590","B0DM6BB3VT","X0028X4EW5","NexLev Calf Massager | Daily Use Leg Massager for Sore Muscle |1 Piece | Hand Like Massage with Air Compression | Improve Blood Circulation & Relieve Pain | 2500 mAh | Large Belt | Type C |CFM-01","1","HYD8","SELLABLE","UNDELIVERABLE_REFUSED","LPNHYD8EC54025",
"2026-03-14T03:45:00+00:00","403-8128308-1452352","FBA79479","B0DB5YTQZV","X0028X8HMX","White Mulberry |DIY| Height Adjustable Monitor Arm | Desk Mounted Monitor Stand for 17-32 Inch Monitor | 10Kg Screen Load | VESA 75X75 & 100X100 | Adjustable Metal Desk Mount - (Dual Screen)","1","BOM5","SELLABLE","UNDELIVERABLE_REFUSED","LPNBOM5F4538531",
"2026-03-14T03:07:05+00:00","403-7632281-6257933","FBA74874","B09CLKBXS4","X0029RB0DB","Nektar Impact GX Mini 25 Velocity-sensitive Mini Keys Portable USB Midi Controller","1","PNQ3","SELLABLE","UNDELIVERABLE_REFUSED","LPNPNQ3A4249400",
"2026-03-13T16:44:30+00:00","408-1600593-1380337","FBA79116","B0BYHHSLPC","X001WRIRN5","TONOR TC777 Pro Gaming USB Microphone for PC, RGB Condenser Computer Mic with Tripod Stand, Quick Mute, Gain Control, for Gaming, Streaming, Podcasting, Recording, Cardioid Mic Kit for Laptop/PS4/PS5","1","BLR5","CUSTOMER_DAMAGED","DEFECTIVE","LPNBLR5Q9832235",
"2026-03-13T06:47:19+00:00","404-0138632-0032313","FBA76745","B08CF614NK","X001R0ZRO9","MAONO AU-PM422 Podcast Microphone with Zero Latency Monitoring, 192KHZ/24BIT Professional Cardioid Condenser Mic with Touch Mute Button and Mic Gain Knob for Recording, Podcasting, Gaming, YouTube","1","DEL2","SELLABLE","UNDELIVERABLE_REFUSED","LPNDEL2R79831508",
"2026-03-13T06:39:49+00:00","171-0972719-6080347","FBP79350","B0D67727VG","X002A16MCZ","NexLev LED Therapy Oil Applicator | Reduce Dandruff | Improve Hair Growth | EMS for Scalp Improvement | Red & Blue Light | High Frequency Massage for Better Absorption | 10 ML | Waterproof | EA-01","1","BLR5","CUSTOMER_DAMAGED","MISSING_PARTS","LPNBLR5Q8289941",
"2026-03-13T06:39:17+00:00","404-6360500-3781167","FBA79679","B0DVC7VJP1","X0028X8539","NexLev Stand Mixer |5.5L SS Bowl | 1500W |10 Speeds | Pulse Function |Planetary Rotation | Whisk, Beater & Dough Hook|100% Copper Motor | For Roti & Cookie Dough, Cake Making, Whip Cream & more |ST-01","1","BLR5","CARRIER_DAMAGED","SWITCHEROO","LPNBLR5P0234433",
"2026-03-13T05:34:08+00:00","407-3718271-6053960","FBA79567","B0DNJS23HS","X0028X4EUR","NexLev 10 in 1 Steam Cleaner & Mop|2 Steam Modes| Mopping & Deep Cleaning Home Car Sofa Bathroom Kitchen & Office |For All Surfaces|350ML|Chemical Free Cleaning | Detachable & Foldable|SC-04","1","BLR5","CUSTOMER_DAMAGED","QUALITY_UNACCEPTABLE","LPNBLR5Q9773410",
"2026-03-13T05:15:10+00:00","171-8724327-2682762","FBA75377","B09HL4GZF9","X001SVNO8D","Arturia MiniFuse 2, 2in / 2out USB-C Audio Interface with 2 Mic/Line/Instrument Preamps, Built-in USB Hub, Loopback and Included Software Bundle - Mac/PC (White)","1","BOM7","CUSTOMER_DAMAGED","DEFECTIVE","LPNBOM7D18874413",
"2026-03-12T18:23:19+00:00","407-9830474-2673969","FBA75707","B01MF9EJPG","X001SVK18J","Nektar SE49 49-Key Full-Size Velocity-Sensitive USB Midi Keyboard Controller with Nektar DAW Integration and Free Professional Recording Software","1","BLR5","CUSTOMER_DAMAGED","QUALITY_UNACCEPTABLE","LPNBLR5Q8234169",
"2026-03-12T12:06:57+00:00","402-7218890-2886744","FBA79065","B0CC3BJKGN","X0029BB7IF","PreSonus Eris 3.5 2nd Gen HD Professional Studio Monitors with 3.5"" Woven Composite Woofer, 1"" Silk-Dome Tweeter, 50W Class AB Power and Tuning Controls (Auxillary) - Pair (Black)","1","DEL2","CUSTOMER_DAMAGED","SWITCHEROO","LPNDEL2R79783067",
"2026-03-12T10:52:12+00:00","407-6901434-0604343","FBA79439","B0DCK7ZH5P","X0028X7N8H","NexLev Mattress, Sofa, Carpet & Car Seat Vacuum Cleaner|For Dust Mites Allergens & Pet Hair|Cordless Design|1500*3 mAh |UV Sterilization, Double Beat Technology|Type C| HEPA captures 99.99% Dust|MR-02","1","AMD2","SELLABLE","MISSING_PARTS","LPNAMD2M3558238",
"2026-03-12T10:02:31+00:00","405-9939862-8725919","FBK79788","B0FN4D3C89","X002DVGH59","White Mulberry Economy Fixed TV Wall Mount Bracket for 13-43 Inches |45kg|LED/LCD/Smart TV's, Universal VESA Compatible 75x75,200x200 mm MAX Slim Wall Mount Stand","1","AMD2","CUSTOMER_DAMAGED","NO_REASON_GIVEN","LPNAMD2M3517645",
"2026-03-12T05:30:56+00:00","171-6707651-4708359","FBA79819","B0FT8R24QM","X002F3ID0H","NexLev Portable Cordless Lint Remover | for Woollen, Sweaters, Jackets, Carpets | Fabric Brush | Rue & Burr Remover | Battery Powered Shaver | SS Blade | Safety Lock | LR-03","1","DEL2","CUSTOMER_DAMAGED","DEFECTIVE","LPNDEL2R80514879",
"2026-03-12T05:30:30+00:00","405-6324177-3625124","FBA79116","B0BYHHSLPC","X001WRIRN5","TONOR TC777 Pro Gaming USB Microphone for PC, RGB Condenser Computer Mic with Tripod Stand, Quick Mute, Gain Control, for Gaming, Streaming, Podcasting, Recording, Cardioid Mic Kit for Laptop/PS4/PS5","1","BOM5","CUSTOMER_DAMAGED","DEFECTIVE","LPNBOM5F4332880",
"2026-03-12T04:06:47+00:00","408-6746760-5161901","FBK79788","B0FN4D3C89","X002DVGH59","White Mulberry Economy Fixed TV Wall Mount Bracket for 13-43 Inches |45kg|LED/LCD/Smart TV's, Universal VESA Compatible 75x75,200x200 mm MAX Slim Wall Mount Stand","1","BOM7","CARRIER_DAMAGED","DEFECTIVE","LPNBOM7D19470394",
"2026-03-11T17:16:34+00:00","403-8781599-6704342","FBK79167","B0CPFS24ML","X002G533KJ","White Mulberry Gaming Desk, Computer Desk with Carbon Fiber Surface, Z Shaped Gaming Table, Computer Table, Workstation, Home Office Desk with Cup Holder and Headphone Holder | (117 * 67 * 71 CM)","1","BLR5","CUSTOMER_DAMAGED","SWITCHEROO","LPNBLR5Q8806275",
"2026-03-11T10:55:36+00:00","408-4014155-2735516","FBA77113","B01ISNU3X4","X001OT9X4X","TONOR Dynamic Karaoke Microphone for Singing with 4.5m XLR Cable, Metal Handheld Mic Compatible with Karaoke Machine/Speaker/Amp/Mixer for Karaoke Singing, Speech, Wedding, Stage and Outdoor Activity","1","CCX1","CUSTOMER_DAMAGED","NOT_COMPATIBLE","LPNCCX1B1691236",
"2026-03-11T06:42:34+00:00","171-4360351-7070733","FBA79692","B0DVC58QPZ","X0028X6UI1","NexLev Smart Air Purifier | Home Room & Office Use upto 220 sq ft |True HEPA 13 Filter | Eliminate 99.99% Virus Dust Smoke Odor Pollen Allergens & Pollutants | Long Filter Life |3 Year Warranty |AP220","1","DEL2","SELLABLE","UNDELIVERABLE_REFUSED","LPNDEL2R79833528",
"2026-03-11T04:13:35+00:00","402-0919626-8340354","FBA79818","B0F146Y33S","X002CNXQIJ","Arturia MicroLab mk3 25-key MIDI Controller Keyboard with Synth-action Mini-keys, Sustain Pedal Input, Chord Mode, and Software - White","1","DEL2","SELLABLE","UNDELIVERABLE_REFUSED","LPNDEL2R78165865",
"2026-03-11T03:39:40+00:00","407-3122317-9143565","FBA78981","B0CDPP45BM","X0028K610L","NexLev Steam Cleaner | For Complete Home Kitchen Bathroom Car Sofa & Office Cleaning Machine | 9 Accessories |300 ML | Window Pane, Sink, Chimney Grease, Water Stain Cleaner| 4 Mtr Cord | 1000W |SC-01","1","BLR5","SELLABLE","UNDELIVERABLE_REFUSED","LPNBLR5Q3641189",
"2026-03-11T03:33:09+00:00","404-1329572-2419533","FBK79788","B0FN4D3C89","X002DVGH59","White Mulberry Economy Fixed TV Wall Mount Bracket for 13-43 Inches |45kg|LED/LCD/Smart TV's, Universal VESA Compatible 75x75,200x200 mm MAX Slim Wall Mount Stand","1","BOM5","SELLABLE","DEFECTIVE","LPNBOM5F4349945",
"2026-03-10T21:31:28+00:00","407-2211196-1616337","FBA79679","B0DVC7VJP1","X0028X8539","NexLev Stand Mixer |5.5L SS Bowl | 1500W |10 Speeds | Pulse Function |Planetary Rotation | Whisk, Beater & Dough Hook|100% Copper Motor | For Roti & Cookie Dough, Cake Making, Whip Cream & more |ST-01","1","BLR5","CARRIER_DAMAGED","SWITCHEROO","LPNBLR5Q9779193",
"2026-03-10T15:14:18+00:00","402-6343169-0503500","FBA79452","B0DCGHVN81","X0028X4EST","NexLev 2 in 1 Handheld & Stick Vacuum Cleaner | 17500 PA Suction | Dry Vacuuming for Home & Office | Washable HEPA Filter | 4 Adjustable Heads | Bagless| Deep Cleaning for Sofa Bed Window & more|VC-01","1","BLR5","CARRIER_DAMAGED","SWITCHEROO","LPNBLR5Q9431899",
"2026-03-10T11:45:30+00:00","406-2338811-9225942","FBA74874","B09CLKBXS4","X0029RB0DB","Nektar Impact GX Mini 25 Velocity-sensitive Mini Keys Portable USB Midi Controller","1","BLR5","SELLABLE","UNDELIVERABLE_REFUSED","LPNBLR5Q8473095",
"2026-03-10T11:42:49+00:00","403-7350802-5625932","FBA79567","B0DNJS23HS","X0028X4EUR","NexLev 10 in 1 Steam Cleaner & Mop|2 Steam Modes| Mopping & Deep Cleaning Home Car Sofa Bathroom Kitchen & Office |For All Surfaces|350ML|Chemical Free Cleaning | Detachable & Foldable|SC-04","1","BLR5","CARRIER_DAMAGED","UNDELIVERABLE_REFUSED","LPNBLR5Q9815252",
"2026-03-10T08:41:05+00:00","408-2199649-4584311","FBA79279","B0D8445KJN","X0028X1WLB","nexlev Rechargeable Lint Remover | For Woollen Sweaters Pill, Rue & Burr Remover | 60min Use Time | Type C |Defuzzer | Lint Brush for Coat | 2 Modes | SS Blade | Safety Lock | LR-01","1","BLR5","SELLABLE","UNDELIVERABLE_REFUSED","LPNBLR5Q9768808",
"2026-03-10T08:29:42+00:00","403-7041201-8035561","FBK79791","B0FN4HDM6Z","X002DVFBBP","White Mulberry Premium Full Motion TV Wall Mount Bracket for 23-65Inch |35kg| LED/LCD/OLED/Smart & Curved TV's, Universal Heavy Duty Wall Mount Stand with Swivel, Tilt","1","BLR5","SELLABLE","UNDELIVERABLE_UNKNOWN","LPNBLR5Q9241740",
"2026-03-10T06:19:49+00:00","403-4326884-1341140","FBA78980","B0CDPMX152","X0028X4EED","NexLev Handheld Garment Steamer | 1500 Watts | 300 ML| Standing & Horizontal Iron Press | Damage Free Steaming for all Cloth Types | 25s Quick Heat |Upto 5 Clothes in One Fill | Travel Friendly |GS-02","1","BLR5","SELLABLE","DEFECTIVE","LPNBLR5Q9778825",
"2026-03-10T03:52:52+00:00","406-4360598-7513958","FBA79652","B0F43P6D23","X002A01YVP","nexlev Steam Cleaner | Complete Home Kitchen Floor Bathroom Car & Office Cleaning Machine | 9 Accessories | 450 ML | Window Pane Sink Grime Chimney Grease Water Stain Cleaner| 4 M Cord |1050W |SC-05","1","HYD8","CUSTOMER_DAMAGED","DAMAGED_BY_FC","LPNHYD8EF92648",
"2026-03-09T11:47:46+00:00","402-4519500-5881945","FBA77110","B08NDB5NWP","X001OTAQ4J","TONOR USB Conference Microphone, 360 Omnidirectional PC Computer Condenser Mic with Mute Button for Online Meeting/Class, Zoom Call, Skype Chatting, Plug & Play (TM20,Red)","1","BLR5","SELLABLE","UNDELIVERABLE_REFUSED","LPNBLR5P0208079",
"2026-03-09T11:04:05+00:00","408-3307184-3082751","FBA79452","B0DCGHVN81","X0028X4EST","NexLev 2 in 1 Handheld & Stick Vacuum Cleaner | 17500 PA Suction | Dry Vacuuming for Home & Office | Washable HEPA Filter | 4 Adjustable Heads | Bagless| Deep Cleaning for Sofa Bed Window & more|VC-01","1","DEL2","CARRIER_DAMAGED","DEFECTIVE","LPNDEL2R80381506",
"2026-03-09T10:56:45+00:00","404-3098045-6669933","FBA79819","B0FT8R24QM","X002F3ID0H","NexLev Portable Cordless Lint Remover | for Woollen, Sweaters, Jackets, Carpets | Fabric Brush | Rue & Burr Remover | Battery Powered Shaver | SS Blade | Safety Lock | LR-03","1","AMD2","DAMAGED","UNDELIVERABLE_REFUSED","LPNAMD2M3487758",
"2026-03-09T07:21:33+00:00","406-4255427-6396337","FBA75707","B01MF9EJPG","X001SVK18J","Nektar SE49 49-Key Full-Size Velocity-Sensitive USB Midi Keyboard Controller with Nektar DAW Integration and Free Professional Recording Software","1","DEL2","SELLABLE","UNDELIVERABLE_REFUSED","LPNDEL2R79181249",
"2026-03-09T05:53:29+00:00","406-8396746-9581124","FBA79652","B0F43P6D23","X002A01YVP","NexLev Steam Cleaner | Complete Home Kitchen Floor Bathroom Car & Office Cleaning machine | 9 Accessories | 450 ML | Window Pane Sink Grime Chimney Grease Water Stain Cleaner| 4 M Cord |1050W |SC-05","1","BLR5","SELLABLE","QUALITY_UNACCEPTABLE","LPNBLR5Q9814403",
"2026-03-09T04:58:01+00:00","402-8038193-3321154","FBA75694","B089C2L66M","X001SVNO01","Lewitt LCT 240 PRO Condenser Microphone Shock Mount, Magnetic Pop Filter and Windscreen, Black (Vocal Set)","1","BOM5","SELLABLE","UNDELIVERABLE_UNKNOWN","LPNBOM5F4309545",
"2026-03-09T04:22:39+00:00","408-1072985-0054753","FBA77113","B01ISNU3X4","X001OT9X4X","TONOR Dynamic Karaoke Microphone for Singing with 4.5m XLR Cable, Metal Handheld Mic Compatible with Karaoke Machine/Speaker/Amp/Mixer for Karaoke Singing, Speech, Wedding, Stage and Outdoor Activity","1","BLR5","CUSTOMER_DAMAGED","DEFECTIVE","LPNBLR5P0379260",
"2026-03-09T04:15:49+00:00","171-9094774-2632318","FBA77113","B01ISNU3X4","X001OT9X4X","TONOR Dynamic Karaoke Microphone for Singing with 4.5m XLR Cable, Metal Handheld Mic Compatible with Karaoke Machine/Speaker/Amp/Mixer for Karaoke Singing, Speech, Wedding, Stage and Outdoor Activity","1","BLR5","CUSTOMER_DAMAGED","DAMAGED_BY_FC","LPNBLR5Q9633562",
"2026-03-09T04:09:51+00:00","404-4684221-4403555","FBA79615","B0DP2Z5DQ9","X0028XC7C9","White Mulberry 10-Step Height Adjustable Single Screen Monitor Stand for 17-32 Inch Monitor, 8 kg Load, VESA 75x75/100x100, DIY Installation (Black)","1","BLR5","CUSTOMER_DAMAGED","DEFECTIVE","LPNBLR5Q8820765",
"2026-03-08T12:43:24+00:00","403-6026879-3964342","FBA79478","B0DB5W4TCP","X0028X8DEP","White Mulberry |DIY| Height Adjustable Monitor Arm | Desk Mounted Stand for 15-32 Inch Monitor | 10Kg Screen Load | VESA 75X75 & 100X100 | Adjustable Metal Desk Monitor Mount - (Single Screen)","1","DEL2","SELLABLE","UNDELIVERABLE_REFUSED","LPNDEL2R79882311",
"2026-03-08T12:30:35+00:00","404-9984336-9434747","FBA79349","B0D9KDQCCM","X0028KKT1N","Nexlev Portable Sewing Machine| 2 Speed Settings| Cordless| Battery operated| USB Type C cord for Plug-in| Quick Fix DIY|Portable & Compact| for all Fabrics| 1 Year Warranty| White","1","BLR5","CUSTOMER_DAMAGED","QUALITY_UNACCEPTABLE","LPNBLR5Q8911796",
"2026-03-08T11:45:48+00:00","405-4386962-5305933","FBA79113","B0BTCXQQ6M","X001WRSAJB","TONOR Gaming Mic, USB Microphone for PC Computer, Cardioid Condenser Mic with Adjustable RGB Modes & Brightness, Quick Mute, Gain Control, for Streaming, Podcasting, Recording, PS4/5 Desktop TC310","1","BLR5","SELLABLE","UNDELIVERABLE_REFUSED","LPNBLR5Q8478739",
"2026-03-08T08:50:25+00:00","405-3701941-9936359","FBA79819","B0FT8R24QM","X002F3ID0H","NexLev Portable Cordless Lint Remover | for Woollen, Sweaters, Jackets, Carpets | Fabric Brush | Rue & Burr Remover | Battery Powered Shaver | SS Blade | Safety Lock | LR-03","1","BOM5","SELLABLE","UNDELIVERABLE_REFUSED","LPNBOM5F4310308",
"2026-03-08T07:12:10+00:00","408-2531710-6561921","FBA79266","B0D2LGR3GG","X0028X20KN","NexLev 6-in-1 trimmer | Sensitive Bikini Trimmer for Women | Skin Safe with Rounded Tips & Safety Guards| Hair Removal for Intimate Areas, Face, Arms, Legs & Body | 90 min Runtime | Type C | T-01","1","DEL2","SELLABLE","UNDELIVERABLE_REFUSED","LPNDEL2R79512709",
"2026-03-08T06:47:11+00:00","408-8002119-8236311","FBA79452","B0DCGHVN81","X0028X4EST","NexLev 2 in 1 Handheld & Stick Vacuum Cleaner | 17500 PA Suction | Dry Vacuuming for Home & Office | Washable HEPA Filter | 4 Adjustable Heads | Bagless| Deep Cleaning for Sofa Bed Window & more|VC-01","1","DEL2","CUSTOMER_DAMAGED","DEFECTIVE","LPNDEL2R78149533",
"2026-03-08T05:23:56+00:00","405-2917513-1614715","FBA75707","B01MF9EJPG","X001SVK18J","Nektar SE49 49-Key Full-Size Velocity-Sensitive USB Midi Keyboard Controller with Nektar DAW Integration and Free Professional Recording Software","1","MAA4","SELLABLE","UNDELIVERABLE_REFUSED","LPNMAA4Z0660552",
"2026-03-08T04:53:21+00:00","408-6766100-4277164","FBA79613","B0DP2VVRND","X0028X883B","White Mulberry |DIY| Height Adjustable Monitor Stand Mount | Supports 17-32 Inch Screens| 10 Kg Screen Load | VESA 75X75 & 100X100 | Freestanding Monitor Mount | Black - (Single Screen)","1","BLR5","CUSTOMER_DAMAGED","DEFECTIVE","LPNBLR5Q9759655",
"2026-03-08T04:46:45+00:00","405-8224018-8422767","FBK79167","B0CPFS24ML","X002G533KJ","White Mulberry Gaming Desk, Computer Desk with Carbon Fiber Surface, Z Shaped Gaming Table, Computer Table, Workstation, Home Office Desk with Cup Holder and Headphone Holder | (117 * 67 * 71 CM)","1","BLR5","CUSTOMER_DAMAGED","MISSING_PARTS","LPNBLR5Q9320416",
"2026-03-08T03:55:40+00:00","407-6223720-0773145","FBK79788","B0FN4D3C89","X002DVGH59","White Mulberry Economy Fixed TV Wall Mount Bracket for 13-43 Inches |45kg|LED/LCD/Smart TV's, Universal VESA Compatible 75x75,200x200 mm MAX Slim Wall Mount Stand","1","DEL2","CUSTOMER_DAMAGED","SWITCHEROO","LPNDEL2R78033883",
"2026-03-07T18:19:09+00:00","408-8152157-9285103","FBA79652","B0F43P6D23","X002A01YVP","NexLev Steam Cleaner | Complete Home Kitchen Floor Bathroom Car & Office Cleaning machine | 9 Accessories | 450 ML | Window Pane Sink Grime Chimney Grease Water Stain Cleaner| 4 M Cord |1050W |SC-05","1","BLR5","SELLABLE","DEFECTIVE","LPNBLR5Q8825663",
"2026-03-07T11:48:48+00:00","408-0303387-4787557","FBK79271","B0DQ8W1RBV","X0028X1WKH","nexlev Ionic Volumizer|3 In 1 Hot Air Brush To Straight Dry & Volumize|1200 Watts|Reduce Frizz|Ceramic Tourmaline Coated Large Barrel|Salon Like Soft Curl At Home|3 Speed & 2 Heat Settings|V-01 RG","1","BLR5","CARRIER_DAMAGED","DEFECTIVE","LPNBLR5Q8770637",
"2026-03-07T10:40:54+00:00","403-7214861-0848348","FBA79478","B0DB5W4TCP","X0028X8DEP","White Mulberry |DIY| Height Adjustable Monitor Arm | Desk Mounted Stand for 15-32 Inch Monitor | 10Kg Screen Load | VESA 75X75 & 100X100 | Adjustable Metal Desk Monitor Mount - (Single Screen)","1","DEL2","CARRIER_DAMAGED","UNDELIVERABLE_REFUSED","LPNDEL2R78183546",
"2026-03-07T09:09:19+00:00","404-9093081-8541932","FBA79613","B0DP2VVRND","X0028X883B","White Mulberry |DIY| Height Adjustable Monitor Stand Mount | Supports 17-32 Inch Screens| 10 Kg Screen Load | VESA 75X75 & 100X100 | Freestanding Monitor Mount | Black - (Single Screen)","1","DEL2","SELLABLE","UNDELIVERABLE_REFUSED","LPNDEL2R80599631",
"2026-03-07T08:11:03+00:00","405-9233733-3366735","FBK79271","B0DQ8W1RBV","X0028X1WKH","nexlev Ionic Volumizer|3 In 1 Hot Air Brush To Straight Dry & Volumize|1200 Watts|Reduce Frizz|Ceramic Tourmaline Coated Large Barrel|Salon Like Soft Curl At Home|3 Speed & 2 Heat Settings|V-01 RG","1","BLR5","CARRIER_DAMAGED","DEFECTIVE","LPNBLR5Q9828109",
"2026-03-07T07:47:13+00:00","405-0700105-3346706","FBA78981","B0CDPP45BM","X0028K610L","NexLev Steam Cleaner | For Complete Home Kitchen Bathroom Car Sofa & Office Cleaning Machine | 9 Accessories |300 ML | Window Pane, Sink, Chimney Grease, Water Stain Cleaner| 4 Mtr Cord | 1000W |SC-01","1","BLR5","CUSTOMER_DAMAGED","MISSING_PARTS","LPNBLR5Q9636630",
"2026-03-07T07:38:56+00:00","408-9995267-0365954","FBK79788","B0FN4D3C89","X002DVGH59","White Mulberry Economy Fixed TV Wall Mount Bracket for 13-43 Inches |45kg|LED/LCD/Smart TV's, Universal VESA Compatible 75x75,200x200 mm MAX Slim Wall Mount Stand","1","BLR5","CARRIER_DAMAGED","DEFECTIVE","LPNBLR5R0203483",
"2026-03-07T06:25:40+00:00","403-8591407-1753961","FBA79613","B0DP2VVRND","X0028X883B","White Mulberry |DIY| Height Adjustable Monitor Stand Mount | Supports 17-32 Inch Screens| 10 Kg Screen Load | VESA 75X75 & 100X100 | Freestanding Monitor Mount | Black - (Single Screen)","1","BLR5","CUSTOMER_DAMAGED","DAMAGED_BY_FC","LPNBLR5Q9642910",
"2026-03-07T06:06:03+00:00","407-6447746-7571528","FBA79271","B0D83Q7L8W","X0028X1G7L","NexLev Ionic Hot Air Brush | 3 in 1 Blow Dryer, Straightener & Styler | 360° Airflow Vents | Ceramic Tourmaline Coated Brushing Head | Tangle Free Bristle | 1200W | 3 Speed & 2 Heat Settings|V-01","1","CCX1","SELLABLE","UNDELIVERABLE_REFUSED","LPNCCX1B2091601",
"2026-03-07T05:38:29+00:00","408-3166868-1411517","FBK79167","B0CPFS24ML","X002G533KJ","White Mulberry Gaming Desk, Computer Desk with Carbon Fiber Surface, Z Shaped Gaming Table, Computer Table, Workstation, Home Office Desk with Cup Holder and Headphone Holder | (117 * 67 * 71 CM)","1","HYD8","CARRIER_DAMAGED","UNDELIVERABLE_UNKNOWN","LPNHYD8EG42117",
"2026-03-07T05:29:52+00:00","403-0597659-4761121","FBK79167","B0CPFS24ML","X002G533KJ","White Mulberry Gaming Desk, Computer Desk with Carbon Fiber Surface, Z Shaped Gaming Table, Computer Table, Workstation, Home Office Desk with Cup Holder and Headphone Holder | (110 * 60 * 75 CM)","1","HYD8","CARRIER_DAMAGED","UNDELIVERABLE_REFUSED","LPNHYD8EG31619",
"2026-03-07T04:13:15+00:00","171-9277786-9841938","FBA79812","B0FS6TB7CP","X002F3JZP9","NexLev Portable Blender for Smoothies Milkshakes Crushing Ice Juices | 6 Leaf Stainless Steel Blade | 3000 mAh Battery | Type C | Mix Fruit Juicer Mini | 450ml | For Kitchen & Travel | PB-01","1","BLR5","SELLABLE","UNDELIVERABLE_REFUSED","LPNBLR5Q3376944",
"2026-03-07T04:03:39+00:00","408-1193591-0869127","FBA79271","B0D83Q7L8W","X0028X1G7L","NexLev Ionic Hot Air Brush | 3 in 1 Blow Dryer, Straightener & Styler | 360° Airflow Vents | Ceramic Tourmaline Coated Brushing Head | Tangle Free Bristle | 1200W | 3 Speed & 2 Heat Settings|V-01","1","BOM5","SELLABLE","SWITCHEROO","LPNBOM5F4626655",
"2026-03-07T04:02:26+00:00","171-1473734-0769143","FBK79167","B0CPFS24ML","X002G533KJ","White Mulberry Gaming Desk, Computer Desk with Carbon Fiber Surface, Z Shaped Gaming Table, Computer Table, Workstation, Home Office Desk with Cup Holder and Headphone Holder | (117 * 67 * 71 CM)","1","BLR5","CUSTOMER_DAMAGED","MISSING_PARTS","LPNBLR5Q6790643",
"2026-03-07T03:28:20+00:00","402-1561483-7124360","FBA79567","B0DNJS23HS","X0028X4EUR","NexLev 10 in 1 Steam Cleaner & Mop|2 Steam Modes| Mopping & Deep Cleaning Home Car Sofa Bathroom Kitchen & Office |For All Surfaces|350ML|Chemical Free Cleaning | Detachable & Foldable|SC-04","1","DEL2","CARRIER_DAMAGED","UNDELIVERABLE_REFUSED","LPNDEL2R78183322",
"2026-03-06T18:19:43+00:00","405-6225412-6605168","FBA78981","B0CDPP45BM","X0028K610L","NexLev Steam Cleaner | For Complete Home Kitchen Bathroom Car Sofa & Office Cleaning Machine | 9 Accessories |300 ML | Window Pane, Sink, Chimney Grease, Water Stain Cleaner| 4 Mtr Cord | 1000W |SC-01","1","BLR5","CUSTOMER_DAMAGED","SWITCHEROO","LPNBLR5Q6790455",
"2026-03-06T14:25:07+00:00","406-2475291-7675555","FBK79791","B0FN4HDM6Z","X002DVFBBP","White Mulberry Premium Full Motion TV Wall Mount Bracket for 23-65Inch |35kg| LED/LCD/OLED/Smart & Curved TV's, Universal Heavy Duty Wall Mount Stand with Swivel, Tilt","1","BLR5","CUSTOMER_DAMAGED","SWITCHEROO","LPNBLR5Q8837492",
"2026-03-06T11:57:46+00:00","406-1524578-9641959","FBA79476","B0DB5VG39T","X0028X8DKJ","White Mulberry |DIY| Economical Gas Spring Monitor Arm | Desk Mounted Monitor Stand for 15-32 Inch Monitors |9Kg Screen Capacity|VESA 75X75&100X100| Adjustable Metal Desk Monitor Mount-(Single Screen)","1","BLR5","CARRIER_DAMAGED","NOT_AS_DESCRIBED","LPNBLR5Q5614670",
"2026-03-06T11:40:34+00:00","403-6148326-6356341","FBA79576","B0BRCR2QQ7","X0026KGQB7","TONOR USB Gaming Microphone, RGB Streaming Microfono Set, PC Podcast Recording Computer Mic for PS4/5, Discord, Twitch, Cardioid Condenser Mic with Adjustable Boom Arm Stand TC30S+","1","BLR5","SELLABLE","UNDELIVERABLE_REFUSED","LPNBLR5Q4373596",
"2026-03-06T11:34:23+00:00","403-1165004-5641115","FBA79440","B0DCGHKRXX","X0028X1R5H","NexLev LED Phototherapy comb | Electric Scalp Massager | Red Light for Regrowth | Blue Light for Anti Dandruff | Hairfall Control | Rechargeable TypeC | Targeted Laser Treatment Machine |3 Modes |LE-02","1","BOM7","SELLABLE","UNDELIVERABLE_REFUSED","LPNBOM7D18884881",
"2026-03-06T09:27:41+00:00","406-4278876-4193129","FBA79489","B0DFD123P5","X0028X7NAF","Nexlev MultiPurpose Electric Food Kettle|1.5 L Ceramic Pot | 600W| Boil, Steam, Fry, Saute| Double Layered Body| 2 Temperature Settings| Multi Cooker for Water, Egg, Tea, Soup, Noodles, Rice| KE-02","1","BOM5","SELLABLE","UNDELIVERABLE_REFUSED","LPNBOM5F4426838",
"2026-03-06T05:47:41+00:00","171-8797523-4243532","FBK79167","B0CPFS24ML","X002G533KJ","White Mulberry Gaming Desk, Computer Desk with Carbon Fiber Surface, Z Shaped Gaming Table, Computer Table, Workstation, Home Office Desk with Cup Holder and Headphone Holder | (110 * 60 * 75 CM)","1","BLR5","CUSTOMER_DAMAGED","MISSING_PARTS","LPNBLR5Q3388988",
"2026-03-06T05:06:41+00:00","403-4594504-4846734","FBK79786","B0FN4FPJ83","X002DVHN07","White Mulberry POS Machine Stand Universal Credit Card Machine Stand - 360° Swivel & +45°/-45° Tilt |Fits 2.8""-4.3"" Devices, 6.5"" Panel Size| Heavy-Duty Steel & Bolt-Down Mount with Cable Management","1","DEL2","SELLABLE","UNDELIVERABLE_REFUSED","LPNDEL2R80550801",
"2026-03-06T04:53:56+00:00","406-5490215-0664312","FBK79167","B0CPFS24ML","X002G533KJ","White Mulberry Gaming Desk, Computer Desk with Carbon Fiber Surface, Z Shaped Gaming Table, Computer Table, Workstation, Home Office Desk with Cup Holder and Headphone Holder | (117 * 67 * 71 CM)","1","DEL2","CUSTOMER_DAMAGED","QUALITY_UNACCEPTABLE","LPNBLR5Q7112357",
"2026-03-06T04:46:42+00:00","404-5064898-4591514","FBA75694","B089C2L66M","X001SVNO01","Lewitt LCT 240 PRO Condenser Microphone Shock Mount, Magnetic Pop Filter and Windscreen, Black (Vocal Set)","1","HYD8","SELLABLE","UNDELIVERABLE_REFUSED","LPNHYD8EG09987",
"2026-03-05T12:07:47+00:00","402-7938635-2602724","FBA79590","B0DM6BB3VT","X0028X4EW5","NexLev Calf Massager | Daily Use Leg Massager for Sore Muscle |1 Piece | Hand Like Massage with Air Compression | Improve Blood Circulation & Relieve Pain | 2500 mAh | Large Belt | Type C |CFM-01","1","DEL2","CUSTOMER_DAMAGED","SWITCHEROO","LPNDEL2R80876890",
"2026-03-05T11:54:06+00:00","402-9772514-4309961","FBA79263","B0CYSLCRQS","X0027NUKUL","NexLev Mattress, Sofa & Carpet Vacuum Cleaner | For Dust Mites, Allergens & Pet Hair | 4 Step Cleansing with Double Beat, UV Light, Dehumidification & Vacuum | HEPA captures 99.99% Dust|MR-01","1","PNQ3","CARRIER_DAMAGED","DEFECTIVE","LPNPNQ3A4775040",
"2026-03-05T11:16:55+00:00","402-7315245-4905944","FBA74874","B09CLKBXS4","X0029RB0DB","Nektar Impact GX Mini 25 Velocity-sensitive Mini Keys Portable USB Midi Controller","1","DEL2","SELLABLE","SWITCHEROO","LPNDEL2R78148852",
"2026-03-05T10:47:44+00:00","405-9720671-1647566","FBK79786","B0FN4FPJ83","X002DVHN07","White Mulberry POS Machine Stand Universal Credit Card Machine Stand - 360° Swivel & +45°/-45° Tilt |Fits 2.8""-4.3"" Devices, 6.5"" Panel Size| Heavy-Duty Steel & Bolt-Down Mount with Cable Management","1","BLR5","CARRIER_DAMAGED","UNDELIVERABLE_REFUSED","LPNBLR5Q8977254",
"2026-03-05T10:42:28+00:00","405-7190838-9077162","FBA79489","B0DFD123P5","X0028X7NAF","Nexlev MultiPurpose Electric Food Kettle|1.5 L Ceramic Pot | 600W| Boil, Steam, Fry, Saute| Double Layered Body| 2 Temperature Settings| Multi Cooker for Water, Egg, Tea, Soup, Noodles, Rice| KE-02","1","BLR5","CARRIER_DAMAGED","UNDELIVERABLE_REFUSED","LPNBLR5Q7136692",
"2026-03-05T09:33:54+00:00","407-1457313-7101152","FBA79373","B0D2P5TGWK","X0028X1QYJ","NexLev Smart Electric Toothbrush for Adults |2-Min Timer with Quadpacer |2 Replaceable Heads | AAA Battery |3 Modes (Daily, Normal & Sesitive) |Upto 60 Days | Travel Case | Soft Bristles |ET-01 Black","1","DEL2","CARRIER_DAMAGED","UNDELIVERABLE_REFUSED","LPNDEL2R78720258",
"2026-03-05T09:33:48+00:00","408-8800704-1819506","FBA79268","B0D383WQPB","X0028X4EMZ","NexLev Foldable Garment Steamer for Home & Travel | Convenient Vertical Steaming | 1200W | 120 ml | Lightweight & Compact | 30s Fast Heating | Iron for all Cloth Types | 2 M cord | Anti Spill | GS-05","1","DEL2","SELLABLE","UNDELIVERABLE_REFUSED","LPNDEL2R78441154",
"2026-03-05T09:08:19+00:00","171-7491062-1797962","FBA75707","B01MF9EJPG","X001SVK18J","Nektar SE49 49-Key Full-Size Velocity-Sensitive USB Midi Keyboard Controller with Nektar DAW Integration and Free Professional Recording Software","1","DEL2","SELLABLE","UNDELIVERABLE_UNKNOWN","LPNDEL2R80828825",
"2026-03-05T07:55:30+00:00","403-9672339-7406727","FBA79488","B0DFCG2VGS","X0028X4EPR","Nexlev Multi Purpose Electric Food Kettle|1.8L Stainless Steel Pot| 600W|Boil, Steam, Fry, Saute| Double Layered Body|2 Heat Settings|Multi Function for Water, Milk, Egg, Soup, Noodles|KE-01","1","DEL2","CUSTOMER_DAMAGED","DEFECTIVE","LPNDEL2R78441103",
"2026-03-05T05:24:05+00:00","403-0747019-8625903","FBA79615","B0DP2Z5DQ9","X0028XC7C9","White Mulberry 10-Step Height Adjustable Single Screen Monitor Stand for 17-32 Inch Monitor, 8 kg Load, VESA 75x75/100x100, DIY Installation (Black)","1","DEL2","CUSTOMER_DAMAGED","SWITCHEROO","LPNDEL2R80511330",
"2026-03-05T05:21:27+00:00","408-0117150-7427506","FBA78981","B0CDPP45BM","X0028K610L","NexLev Steam Cleaner | For Complete Home Kitchen Bathroom Car Sofa & Office Cleaning Machine | 9 Accessories |300 ML | Window Pane, Sink, Chimney Grease, Water Stain Cleaner| 4 Mtr Cord | 1000W |SC-01","1","BOM5","SELLABLE","UNDELIVERABLE_REFUSED","LPNBOM5F4641092",
"2026-03-05T04:12:28+00:00","408-4862832-9726736","FBA79567","B0DNJS23HS","X0028X4EUR","NexLev 10 in 1 Steam Cleaner & Mop|2 Steam Modes| Mopping & Deep Cleaning Home Car Sofa Bathroom Kitchen & Office |For All Surfaces|350ML|Chemical Free Cleaning | Detachable & Foldable|SC-04","1","DEL2","CUSTOMER_DAMAGED","NO_REASON_GIVEN","LPNDEL2R78134165",
"2026-03-05T03:12:56+00:00","408-7467456-6471527","FBA78980","B0CDPMX152","X0028X4EED","NexLev Handheld Garment Steamer | 1500 Watts | 300 ML| Standing & Horizontal Iron Press | Damage Free Steaming for all Cloth Types | 25s Quick Heat |Upto 5 Clothes in One Fill | Travel Friendly |GS-02","1","BOM7","CUSTOMER_DAMAGED","DEFECTIVE","LPNBOM7D18929054",
"2026-03-04T10:37:17+00:00","406-3542275-8965946","FBA78980","B0CDPMX152","X0028X4EED","NexLev Handheld Garment Steamer | 1500 Watts | 300 ML| Standing & Horizontal Iron Press | Damage Free Steaming for all Cloth Types | 25s Quick Heat |Upto 5 Clothes in One Fill | Travel Friendly |GS-02","1","BOM5","CUSTOMER_DAMAGED","MISSING_PARTS","LPNBOM5F4651424",
"2026-03-04T10:29:16+00:00","407-2943752-9986758","FBA79652","B0F43P6D23","X002A01YVP","nexlev Steam Cleaner | Complete Home Kitchen Floor Bathroom Car & Office Cleaning Machine | 9 Accessories | 450 ML | Window Pane Sink Grime Chimney Grease Water Stain Cleaner| 4 M Cord |1050W |SC-05","1","BLR5","SELLABLE","DEFECTIVE","LPNBLR5Q9397405",
"2026-03-04T06:52:13+00:00","407-1890581-4681932","FBA79346","B0D25LNDSY","X0028X7N9B","Nexlev Rechargeable Electric Toothbrush| 120 Days Life | 35K strokes/min| Type C| 5 Modes for Daily Use| 2 Min timer with 30sec Quadpacer | 4 Brushheads| IPX7 Waterproof| For Men & Women | ETC-04 White","1","CCX1","SELLABLE","UNDELIVERABLE_UNKNOWN","LPNCCX1B1555577",
"2026-03-04T05:47:30+00:00","407-8145160-1457914","FBA79567","B0DNJS23HS","X0028X4EUR","NexLev 10 in 1 Steam Cleaner & Mop|2 Steam Modes| Mopping & Deep Cleaning Home Car Sofa Bathroom Kitchen & Office |For All Surfaces|350ML|Chemical Free Cleaning | Detachable & Foldable|SC-04","1","BOM5","CARRIER_DAMAGED","UNDELIVERABLE_REFUSED","LPNBOM5F4688677",
"2026-03-04T04:07:01+00:00","403-6360988-6251553","FBK79167","B0CPFS24ML","X002G533KJ","White Mulberry Gaming Desk, Computer Desk with Carbon Fiber Surface, Z Shaped Gaming Table, Computer Table, Workstation, Home Office Desk with Cup Holder and Headphone Holder | (110 * 60 * 75 CM)","1","BLR5","SELLABLE","UNDELIVERABLE_REFUSED","LPNBLR5Q3375386",
"2026-03-04T03:48:41+00:00","408-2685205-2773136","FBA79613","B0DP2VVRND","X0028X883B","White Mulberry |DIY| Height Adjustable Monitor Stand Mount | Supports 17-32 Inch Screens| 10 Kg Screen Load | VESA 75X75 & 100X100 | Freestanding Monitor Mount | Black - (Single Screen)","1","PNQ3","SELLABLE","DEFECTIVE","LPNPNQ3A4774516",
"2026-03-03T10:14:07+00:00","404-8977761-8854708","FBA75694","B089C2L66M","X001SVNO01","Lewitt LCT 240 PRO Condenser Microphone Shock Mount, Magnetic Pop Filter and Windscreen, Black (Vocal Set)","1","HYD8","SELLABLE","UNDELIVERABLE_REFUSED","LPNHYD8EH16994",
"2026-03-03T07:22:22+00:00","408-2668711-7071507","FBA79613","B0DP2VVRND","X0028X883B","White Mulberry |DIY| Height Adjustable Monitor Stand Mount | Supports 17-32 Inch Screens| 10 Kg Screen Load | VESA 75X75 & 100X100 | Freestanding Monitor Mount | Black - (Single Screen)","1","DEL2","CUSTOMER_DAMAGED","DEFECTIVE","LPNDEL2R71959991",
"2026-03-03T07:02:34+00:00","171-7962167-4432350","FBA79349","B0D9KDQCCM","X0028KKT1N","Nexlev Portable Sewing Machine| 2 Speed Settings| Cordless| Battery operated| USB Type C cord for Plug-in| Quick Fix DIY|Portable & Compact| for all Fabrics| 1 Year Warranty| White","1","CCX1","SELLABLE","QUALITY_UNACCEPTABLE","LPNCCX1B3596142","Not satisfied."
"2026-03-03T06:28:36+00:00","171-3525424-6725149","FBA78980","B0CDPMX152","X0028X4EED","NexLev Handheld Garment Steamer | 1500 Watts | 300 ML| Standing & Horizontal Iron Press | Damage Free Steaming for all Cloth Types | 25s Quick Heat |Upto 5 Clothes in One Fill | Travel Friendly |GS-02","1","BOM7","CUSTOMER_DAMAGED","DEFECTIVE","LPNBOM7D18892673",
"2026-03-03T05:07:53+00:00","403-1644622-2177131","FBA77113","B01ISNU3X4","X001OT9X4X","TONOR Dynamic Karaoke Microphone for Singing with 4.5m XLR Cable, Metal Handheld Mic Compatible with Karaoke Machine/Speaker/Amp/Mixer for Karaoke Singing, Speech, Wedding, Stage and Outdoor Activity","1","BOM5","SELLABLE","UNDELIVERABLE_REFUSED","LPNBOM5F4308307",
"2026-03-03T04:33:40+00:00","406-2582161-3925160","FBA79652","B0F43P6D23","X002A01YVP","nexlev Steam Cleaner | Complete Home Kitchen Floor Bathroom Car & Office Cleaning Machine | 9 Accessories | 450 ML | Window Pane Sink Grime Chimney Grease Water Stain Cleaner| 4 M Cord |1050W |SC-05","1","PNQ3","CARRIER_DAMAGED","UNDELIVERABLE_UNKNOWN","LPNPNQ3A4219704",
"2026-03-03T04:04:01+00:00","408-0647240-6121962","FBA79819","B0FT8R24QM","X002F3ID0H","NexLev Portable Cordless Lint Remover | for Woollen, Sweaters, Jackets, Carpets | Fabric Brush | Rue & Burr Remover | Battery Powered Shaver | SS Blade | Safety Lock | LR-03","1","DEL2","CUSTOMER_DAMAGED","SWITCHEROO","LPNDEL2R78234637",
"2026-03-03T03:30:08+00:00","407-7413024-7955502","FBA79819","B0FT8R24QM","X002F3ID0H","NexLev Portable Cordless Lint Remover | for Woollen, Sweaters, Jackets, Carpets | Fabric Brush | Rue & Burr Remover | Battery Powered Shaver | SS Blade | Safety Lock | LR-03","1","BOM5","SELLABLE","DEFECTIVE","LPNBOM5F4672148",
"2026-03-02T17:02:20+00:00","171-9229792-8656306","FBK79167","B0CPFS24ML","X002G533KJ","White Mulberry Gaming Desk, Computer Desk with Carbon Fiber Surface, Z Shaped Gaming Table, Computer Table, Workstation, Home Office Desk with Cup Holder and Headphone Holder | (117 * 67 * 71 CM)","1","BLR5","CUSTOMER_DAMAGED","NEVER_ARRIVED","LPNBLR5Q3394705",
"2026-03-02T11:50:39+00:00","407-4656139-4977158","FBA79440","B0DCGHKRXX","X0028X1R5H","NexLev LED Phototherapy comb | Electric Scalp Massager | Red Light for Regrowth | Blue Light for Anti Dandruff | Hairfall Control | Rechargeable TypeC | Targeted Laser Treatment Machine |3 Modes |LE-02","1","BOM7","CARRIER_DAMAGED","UNDELIVERABLE_REFUSED","LPNBOM7D19326517",
"2026-03-02T08:10:21+00:00","403-2808652-0257141","FBA79613","B0DP2VVRND","X0028X883B","White Mulberry |DIY| Height Adjustable Monitor Stand Mount | Supports 17-32 Inch Screens| 10 Kg Screen Load | VESA 75X75 & 100X100 | Freestanding Monitor Mount | Black - (Single Screen)","1","DEL5","SELLABLE","UNDELIVERABLE_REFUSED","LPNDEL5S13096911",
"2026-03-02T06:04:28+00:00","406-8183496-3434726","FBA79570","B0DKJXRXKM","X0028X20VH","NexLev Blackhead & Whitehead Remover Tool | Rechargeable |1Hr Use| Acne & Pimple Pore Cleaner | 6 Heads | Electric Derma Suction Machine | Hydra Facial Cleanser Device for Face |For Men & Women |BR-01","1","BOM5","SELLABLE","DEFECTIVE","LPNBOM5F4634164",
"2026-03-02T05:46:47+00:00","407-7083715-5523528","FBA79652","B0F43P6D23","X002A01YVP","NexLev Steam Cleaner | Complete Home Kitchen Floor Bathroom Car & Office Cleaning machine | 9 Accessories | 450 ML | Window Pane Sink Grime Chimney Grease Water Stain Cleaner| 4 M Cord |1050W |SC-05","1","BLR5","SELLABLE","UNDELIVERABLE_REFUSED","LPNBLR5Q8865578",
"2026-03-02T05:38:47+00:00","408-9567367-1487546","FBA79652","B0F43P6D23","X002A01YVP","nexlev Steam Cleaner | Complete Home Kitchen Floor Bathroom Car & Office Cleaning Machine | 9 Accessories | 450 ML | Window Pane Sink Grime Chimney Grease Water Stain Cleaner| 4 M Cord |1050W |SC-05","1","DEL2","CUSTOMER_DAMAGED","DAMAGED_BY_FC","LPNDEL2R80404549",
"2026-03-02T05:02:50+00:00","407-1260145-8426727","FBA77135","B09LCDJMS5","X001R0Y03X","Audio Interface-Podcast Equipment-MAONO-MaonoCaster-All in One - Portable Podcast production Studio with premium mic preamp for Podcast Recording, Streaming, Youtube, DJ, PC, Smartphone (AME2)","1","BOM7","CUSTOMER_DAMAGED","SWITCHEROO","LPNBOM7D18958701",
"2026-03-02T05:01:28+00:00","408-3501565-0382738","FBA79452","B0DCGHVN81","X0028X4EST","NexLev 2 in 1 Handheld & Stick Vacuum Cleaner | 17500 PA Suction | Dry Vacuuming for Home & Office | Washable HEPA Filter | 4 Adjustable Heads | Bagless| Deep Cleaning for Sofa Bed Window & more|VC-01","1","BOM5","CUSTOMER_DAMAGED","DEFECTIVE","LPNBOM5F4665136",
"2026-03-02T03:19:54+00:00","406-6594231-0750734","FBK79167","B0CPFS24ML","X002G533KJ","White Mulberry Gaming Desk, Computer Desk with Carbon Fiber Surface, Z Shaped Gaming Table, Computer Table, Workstation, Home Office Desk with Cup Holder and Headphone Holder | (117 * 67 * 71 CM)","1","DEL2","CUSTOMER_DAMAGED","QUALITY_UNACCEPTABLE","LPNDEL2R80585764",
"2026-03-01T21:11:37+00:00","406-0246686-9061936","FBA79567","B0DNJS23HS","X0028X4EUR","NexLev 10 in 1 Steam Cleaner & Mop|2 Steam Modes| Mopping & Deep Cleaning Home Car Sofa Bathroom Kitchen & Office |For All Surfaces|350ML|Chemical Free Cleaning | Detachable & Foldable|SC-04","1","BLR5","CUSTOMER_DAMAGED","QUALITY_UNACCEPTABLE","LPNBLR5R7010511",
"2026-03-01T19:19:24+00:00","403-4866104-9057104","FBA79279","B0D8445KJN","X0028X1WLB","NexLev Rechargeable Lint Remover | for Woollen Sweaters Pill, Rue & Burr Remover | 60min Use Time | Type C |Defuzzer | Lint Brush for Coat | 2 Modes | SS Blade | Safety Lock | LR-01","1","BLR5","CARRIER_DAMAGED","UNDELIVERABLE_REFUSED","LPNBLR5Q3662766",
"2026-03-01T18:25:54+00:00","403-7564242-5549126","FBA79113","B0BTCXQQ6M","X001WRSAJB","TONOR Gaming Mic, USB Microphone for PC Computer, Cardioid Condenser Mic with Adjustable RGB Modes & Brightness, Quick Mute, Gain Control, for Streaming, Podcasting, Recording, PS4/5 Desktop TC310","1","DEL5","SELLABLE","UNDELIVERABLE_REFUSED","LPNDEL5S13048327",
"2026-03-01T11:11:02+00:00","404-1891185-1499515","FBA78980","B0CDPMX152","X0028X4EED","NexLev Handheld Garment Steamer | 1500 Watts | 300 ML| Standing & Horizontal Iron Press | Damage Free Steaming for all Cloth Types | 25s Quick Heat |Upto 5 Clothes in One Fill | Travel Friendly |GS-02","1","BLR5","CUSTOMER_DAMAGED","QUALITY_UNACCEPTABLE","LPNBLR5Q6430679",
"2026-03-01T11:05:17+00:00","404-0494392-1269121","FBA73738","B07TS7J7S3","X00284K4AZ","Lewitt 441 Flex Multi-Pattern 1"" Large-Diaphragm Studio Condenser Microphone","1","BLR5","SELLABLE","UNDELIVERABLE_REFUSED","LPNBLR5Q6430676",
"2026-03-01T09:27:17+00:00","402-1411841-5230706","FBA79819","B0FT8R24QM","X002F3ID0H","NexLev Portable Cordless Lint Remover | for Woollen, Sweaters, Jackets, Carpets | Fabric Brush | Rue & Burr Remover | Battery Powered Shaver | SS Blade | Safety Lock | LR-03","1","DEL2","SELLABLE","DEFECTIVE","LPNDEL2R74036855",
"2026-03-01T08:46:54+00:00","408-2442749-9133138","FBK79788","B0FN4D3C89","X002DVGH59","White Mulberry Economy Fixed TV Wall Mount Bracket for 13-43 Inches |45kg|LED/LCD/Smart TV's, Universal VESA Compatible 75x75,200x200 mm MAX Slim Wall Mount Stand","1","BLR5","SELLABLE","UNDELIVERABLE_REFUSED","LPNBLR5R9352744",
"2026-03-01T07:47:51+00:00","405-0520746-7530752","FBA79349","B0D9KDQCCM","X0028KKT1N","Nexlev Portable Sewing Machine| 2 Speed Settings| Cordless| Battery operated| USB Type C cord for Plug-in| Quick Fix DIY|Portable & Compact| for all Fabrics| 1 Year Warranty| White","1","DEL2","CUSTOMER_DAMAGED","QUALITY_UNACCEPTABLE","LPNDEL2R72019869",
"2026-03-01T06:58:03+00:00","405-0718232-4521926","FBK79787","B0FN4GQ9HT","X002DVFR1J","White Mulberry Tilt TV Wall Mount Bracket for 13-43 Inch Flat Screen TVs, Low Profile Slim Design, Heavy-Duty Steel, VESA 75x75 to 200x200, Supports up to 99 lbs (45kg), Built-in Bubble Level","1","DEL2","SELLABLE","UNDELIVERABLE_REFUSED","LPNDEL2R74186932",
"2026-03-01T06:26:30+00:00","402-3720070-1778743","FBA75375","B09HL4T36F","X001SVNVSL","Arturia MiniFuse 1, 1in / 2out USB-C Audio Interface, with 1 Mic/Line/Instrument Preamp, Built-in USB Hub, Loopback and Included Software Bundle - Mac/PC (White)","1","BLR5","SELLABLE","UNDELIVERABLE_REFUSED","LPNBLR5Q3385546",
"2026-03-01T05:36:09+00:00","407-6580849-2621114","FBA79590","B0DM6BB3VT","X0028X4EW5","NexLev Calf Massager | Daily Use Leg Massager for Sore Muscle |1 Piece | Hand Like Massage with Air Compression | Improve Blood Circulation & Relieve Pain | 2500 mAh | Large Belt | Type C |CFM-01","1","PNQ3","SELLABLE","UNDELIVERABLE_REFUSED","LPNPNQ3A4291386",
"2026-03-01T04:52:35+00:00","402-8964709-6342754","FBA79472","B0DFCDZWND","X0028X20ML","NexLev Cordless Electric Heating Pad| Period Cramp & Back Pain Relief Massager | 9 modes| Menstrual Cramp Relief|Type C| Crampfree Periods | Portable | Gift for Women| Strap upto 40 Inch |Purple CM-02","1","BLR7","SELLABLE","UNDELIVERABLE_REFUSED","LPNBLR7Y5355040",
"2026-03-01T03:42:22+00:00","407-2213891-2058736","FBA79260","B07GVGMW59","X001XSPVPP","TONOR G11 Conference USB Microphone, Omnidirectional Condenser PC Mic for Video Conference, Recording, Skype, Online Class, Court Reporter, Plug & Play Compatible with Mac OS X Windows PC Computer","1","BLR5","CUSTOMER_DAMAGED","DEFECTIVE","LPNBLR5Q3041193",
"2026-03-01T03:37:41+00:00","405-8640063-4619531","FBA79819","B0FT8R24QM","X002F3ID0H","NexLev Portable Cordless Lint Remover | for Woollen, Sweaters, Jackets, Carpets | Fabric Brush | Rue & Burr Remover | Battery Powered Shaver | SS Blade | Safety Lock | LR-03","1","BLR5","SELLABLE","DEFECTIVE","LPNBLR5Q5051162",
"2026-02-28T21:46:12+00:00","403-9117816-1324315","FBA79613","B0DP2VVRND","X0028X883B","White Mulberry |DIY| Height Adjustable Monitor Stand Mount | Supports 17-32 Inch Screens| 10 Kg Screen Load | VESA 75X75 & 100X100 | Freestanding Monitor Mount | Black - (Single Screen)","1","BLR5","SELLABLE","UNDELIVERABLE_REFUSED","LPNBLR5Q3411940",
"2026-02-28T20:23:57+00:00","171-8211908-2201915","FBA79613","B0DP2VVRND","X0028X883B","White Mulberry |DIY| Height Adjustable Monitor Stand Mount | Supports 17-32 Inch Screens| 10 Kg Screen Load | VESA 75X75 & 100X100 | Freestanding Monitor Mount | Black - (Single Screen)","1","BLR5","CUSTOMER_DAMAGED","SWITCHEROO","LPNBLR5Q3393834",
"2026-02-28T11:16:19+00:00","405-0597806-5208359","FBA79493","B0DQCWRG3H","X0028X1G99","nexlev Ionic 3 In 1 Hot Air Brush|1.5 Inch Barrel|Volumizer Blow Dry & Style|Ceramic Tourmaline Coated For Heat Protection|1200 Watts|Dual Bristle For Tangle Free Styling|Salon Like Soft Curl|V-03","1","BOM5","SELLABLE","UNDELIVERABLE_UNKNOWN","LPNBOM5F4639354",
"2026-02-28T10:46:43+00:00","405-1955719-6929102","FBA78981","B0CDPP45BM","X0028K610L","NexLev Steam Cleaner | For Complete Home Kitchen Bathroom Car Sofa & Office Cleaning Machine | 9 Accessories |300 ML | Window Pane, Sink, Chimney Grease, Water Stain Cleaner| 4 Mtr Cord | 1000W |SC-01","1","BLR5","CUSTOMER_DAMAGED","QUALITY_UNACCEPTABLE","LPNBLR5Q7700037",
"2026-02-28T09:59:12+00:00","403-6468916-7967568","FBA79613","B0DP2VVRND","X0028X883B","White Mulberry |DIY| Height Adjustable Monitor Stand Mount | Supports 17-32 Inch Screens| 10 Kg Screen Load | VESA 75X75 & 100X100 | Freestanding Monitor Mount | Black - (Single Screen)","1","PNQ3","SELLABLE","DEFECTIVE","LPNPNQ3A4289620",
"2026-02-28T09:34:47+00:00","171-8616768-1737115","FBK79788","B0FN4D3C89","X002DVGH59","White Mulberry Economy Fixed TV Wall Mount Bracket for 13-43 Inches |45kg|LED/LCD/Smart TV's, Universal VESA Compatible 75x75,200x200 mm MAX Slim Wall Mount Stand","1","BOM5","SELLABLE","SWITCHEROO","LPNBOM5F2410510","Not suitable for 43 inch TV"
"2026-02-28T07:42:12+00:00","407-8612086-2787540","FBA75707","B01MF9EJPG","X001SVK18J","Nektar SE49 49-Key Full-Size Velocity-Sensitive USB Midi Keyboard Controller with Nektar DAW Integration and Free Professional Recording Software","1","DEL2","SELLABLE","QUALITY_UNACCEPTABLE","LPNDEL2R80500404",
"2026-02-28T05:47:49+00:00","408-4303014-3594727","FBK79788","B0FN4D3C89","X002DVGH59","White Mulberry Economy Fixed TV Wall Mount Bracket for 13-43 Inches |45kg|LED/LCD/Smart TV's, Universal VESA Compatible 75x75,200x200 mm MAX Slim Wall Mount Stand","1","BLR5","SELLABLE","UNDELIVERABLE_REFUSED","LPNBLR5Q8399524",
"2026-02-28T05:31:52+00:00","402-8038579-4500333","FBA79613","B0DP2VVRND","X0028X883B","White Mulberry |DIY| Height Adjustable Monitor Stand Mount | Supports 17-32 Inch Screens| 10 Kg Screen Load | VESA 75X75 & 100X100 | Freestanding Monitor Mount | Black - (Single Screen)","1","DEL2","CARRIER_DAMAGED","UNDELIVERABLE_REFUSED","LPNDEL2R80655127",
"2026-02-28T04:41:21+00:00","402-8224532-9559515","FBA79439","B0DCK7ZH5P","X0028X7N8H","NexLev Mattress, Sofa, Carpet & Car Seat Vacuum Cleaner|For Dust Mites Allergens & Pet Hair|Cordless Design|1500*3 mAh |UV Sterilization, Double Beat Technology|Type C| HEPA captures 99.99% Dust|MR-02","1","BLR5","SELLABLE","UNDELIVERABLE_REFUSED","LPNBLR5Q4229233",
"2026-02-28T03:30:28+00:00","171-7514502-1629169","FBA79613","B0DP2VVRND","X0028X883B","White Mulberry |DIY| Height Adjustable Monitor Stand Mount | Supports 17-32 Inch Screens| 10 Kg Screen Load | VESA 75X75 & 100X100 | Freestanding Monitor Mount | Black - (Single Screen)","1","BLR5","SELLABLE","UNDELIVERABLE_REFUSED","LPNBLR5Q7015216",
"2026-02-27T11:21:00+00:00","408-3711572-8798704","FBA79613","B0DP2VVRND","X0028X883B","White Mulberry |DIY| Height Adjustable Monitor Stand Mount | Supports 17-32 Inch Screens| 10 Kg Screen Load | VESA 75X75 & 100X100 | Freestanding Monitor Mount | Black - (Single Screen)","1","BOM7","SELLABLE","UNDELIVERABLE_REFUSED","LPNBOM7D18962342",
"2026-02-27T10:02:39+00:00","404-7941699-6021915","FBA79573","B0DKK15YNJ","X00288T9H5","NexLev Oil Applicator Comb|Red Led Light Therapy |Boost Hair Growth| Reduce Dandruff | Relieve Stress |High Vibration Corded Electric Scalp/Head Massager | 6 ML Oil Tank | 2 Hr Run-Time| Type-C|EA-02","1","BLR5","SELLABLE","UNDELIVERABLE_REFUSED","LPNBLR5Q4200111",
"2026-02-27T03:47:00+00:00","404-8767955-5046727","FBA79469","B0DCK4DR1B","X0028X1YHX","Nexlev Skin Lift Device | 7 Color LED | Face & Neck Skin Lifting| 3 Massage Modes| Face Sculpting Tool |Micro-currents to reduce Wrinkles| Hot Compress | Rechargeable| Type-C| 180 Min Use| Glow+ LE-04","1","BLR5","SELLABLE","UNDELIVERABLE_UNKNOWN","LPNBLR5R4206451",
"2026-02-26T14:58:06+00:00","402-5421547-8542740","FBA79613","B0DP2VVRND","X0028X883B","White Mulberry |DIY| Height Adjustable Monitor Stand Mount | Supports 17-32 Inch Screens| 10 Kg Screen Load | VESA 75X75 & 100X100 | Freestanding Monitor Mount | Black - (Single Screen)","1","BLR5","CARRIER_DAMAGED","UNDELIVERABLE_REFUSED","LPNBLR5Q7496662",
"2026-02-26T13:38:52+00:00","405-7773734-7816319","FBK79167","B0CPFS24ML","X002G533KJ","White Mulberry Gaming Desk, Computer Desk with Carbon Fiber Surface, Z Shaped Gaming Table, Computer Table, Workstation, Home Office Desk with Cup Holder and Headphone Holder | (117 * 67 * 71 CM)","1","BLR5","SELLABLE","UNDELIVERABLE_REFUSED","LPNBLR5Q3524902",
"2026-02-26T11:47:45+00:00","407-4456648-9993905","FBA79567","B0DNJS23HS","X0028X4EUR","NexLev 10 in 1 Steam Cleaner & Mop|2 Steam Modes| Mopping & Deep Cleaning Home Car Sofa Bathroom Kitchen & Office |For All Surfaces|350ML|Chemical Free Cleaning | Detachable & Foldable|SC-04","1","DEL2","CUSTOMER_DAMAGED","SWITCHEROO","LPNDEL2R71305516",
"2026-02-26T10:35:51+00:00","408-2139279-2895539","FBK79792","B0FN4JG97R","X002DVFBN3","White Mulberry Single Screen Pole Mounted Heavy-Duty Mechanical Spring Monitor Arm for 17-40 Inch |2-22kgs| Flat & Curved Screens, Universal Desk Mount with Swivel, Tilt, Rotation","1","DEL2","CARRIER_DAMAGED","DEFECTIVE","LPNDEL2R71305449",
"2026-02-26T07:13:08+00:00","171-3966370-2456342","FBA79819","B0FT8R24QM","X002F3ID0H","NexLev Portable Cordless Lint Remover | for Woollen, Sweaters, Jackets, Carpets | Fabric Brush | Rue & Burr Remover | Battery Powered Shaver | SS Blade | Safety Lock | LR-03","1","DEL2","SELLABLE","QUALITY_UNACCEPTABLE","LPNDEL2R80656737",
"2026-02-26T05:15:41+00:00","404-9585718-1515546","FBA79452","B0DCGHVN81","X0028X4EST","NexLev 2 in 1 Handheld & Stick Vacuum Cleaner | 17500 PA Suction | Dry Vacuuming for Home & Office | Washable HEPA Filter | 4 Adjustable Heads | Bagless| Deep Cleaning for Sofa Bed Window & more|VC-01","1","BOM5","CARRIER_DAMAGED","DEFECTIVE","LPNBOM5F4691349",
"2026-02-26T04:54:32+00:00","408-1739252-3557924","FBA79452","B0DCGHVN81","X0028X4EST","NexLev 2 in 1 Handheld & Stick Vacuum Cleaner | 17500 PA Suction | Dry Vacuuming for Home & Office | Washable HEPA Filter | 4 Adjustable Heads | Bagless| Deep Cleaning for Sofa Bed Window & more|VC-01","1","HYD8","DEFECTIVE","DAMAGED_BY_FC","LPNHYD8EH36540","The product is completely broken"
"2026-02-26T04:51:32+00:00","404-3231113-4192360","FBA75707","B01MF9EJPG","X001SVK18J","Nektar SE49 49-Key Full-Size Velocity-Sensitive USB Midi Keyboard Controller with Nektar DAW Integration and Free Professional Recording Software","1","HYD8","SELLABLE","UNDELIVERABLE_REFUSED","LPNHYD8EH15213",
"2026-02-26T04:49:42+00:00","171-5763907-2529167","FBA79452","B0DCGHVN81","X0028X4EST","NexLev 2 in 1 Handheld & Stick Vacuum Cleaner | 17500 PA Suction | Dry Vacuuming for Home & Office | Washable HEPA Filter | 4 Adjustable Heads | Bagless| Deep Cleaning for Sofa Bed Window & more|VC-01","1","BLR5","SELLABLE","UNDELIVERABLE_REFUSED","LPNBLR5Q4213492",
"2026-02-26T04:40:04+00:00","407-6621888-7081106","FBK79167","B0CPFS24ML","X002G533KJ","White Mulberry Gaming Desk, Computer Desk with Carbon Fiber Surface, Z Shaped Gaming Table, Computer Table, Workstation, Home Office Desk with Cup Holder and Headphone Holder | (117 * 67 * 71 CM)","1","DEL2","CUSTOMER_DAMAGED","NEVER_ARRIVED","LPNDEL2R71305266",
"2026-02-26T04:32:12+00:00","407-5746549-0853953","FBA75694","B089C2L66M","X001SVNO01","Lewitt LCT 240 PRO Condenser Microphone Shock Mount, Magnetic Pop Filter and Windscreen, Black (Vocal Set)","1","BOM5","SELLABLE","UNDELIVERABLE_REFUSED","LPNBOM5F4699987",
"2026-02-26T04:01:55+00:00","171-8717347-7333144","FBK79271","B0DQ8W1RBV","X0028X1WKH","nexlev Ionic Volumizer|3 In 1 Hot Air Brush To Straight Dry & Volumize|1200 Watts|Reduce Frizz|Ceramic Tourmaline Coated Large Barrel|Salon Like Soft Curl At Home|3 Speed & 2 Heat Settings|V-01 RG","1","BLR5","SELLABLE","UNDELIVERABLE_REFUSED","LPNBLR5Q4222612",
"2026-02-26T03:23:23+00:00","403-8639437-1876348","FBA79613","B0DP2VVRND","X0028X883B","White Mulberry |DIY| Height Adjustable Monitor Stand Mount | Supports 17-32 Inch Screens| 10 Kg Screen Load | VESA 75X75 & 100X100 | Freestanding Monitor Mount | Black - (Single Screen)","1","DEL2","DEFECTIVE","MISSING_PARTS","LPNDEL2R78128524","The main rod for the monitor stand is missing, so it is straight up unusable"
"2026-02-25T21:15:15+00:00","402-7731728-0269935","FBA78981","B0CDPP45BM","X0028K610L","NexLev Steam Cleaner | For Complete Home Kitchen Bathroom Car Sofa & Office Cleaning Machine | 9 Accessories |300 ML | Window Pane, Sink, Chimney Grease, Water Stain Cleaner| 4 Mtr Cord | 1000W |SC-01","1","BLR5","SELLABLE","UNDELIVERABLE_REFUSED","LPNBLR5Q8096740",
"2026-02-25T12:30:29+00:00","406-9751276-2989145","FBA79819","B0FT8R24QM","X002F3ID0H","NexLev Portable Cordless Lint Remover | for Woollen, Sweaters, Jackets, Carpets | Fabric Brush | Rue & Burr Remover | Battery Powered Shaver | SS Blade | Safety Lock | LR-03","1","DEL2","CUSTOMER_DAMAGED","DAMAGED_BY_FC","LPNDEL2R78041357",
"2026-02-25T09:50:18+00:00","406-8840832-8399538","FBA79263","B0CYSLCRQS","X0027NUKUL","NexLev Mattress, Sofa & Carpet Vacuum Cleaner | For Dust Mites, Allergens & Pet Hair | 4 Step Cleansing with Double Beat, UV Light, Dehumidification & Vacuum | HEPA captures 99.99% Dust|MR-01","1","PNQ3","CARRIER_DAMAGED","DEFECTIVE","LPNPNQ3A4239241",
"2026-02-25T07:54:31+00:00","403-6487256-0860351","FBK79167","B0CPFS24ML","X002G533KJ","White Mulberry Gaming Desk, Computer Desk with Carbon Fiber Surface, Z Shaped Gaming Table, Computer Table, Workstation, Home Office Desk with Cup Holder and Headphone Holder | (117 * 67 * 71 CM)","1","DEL2","CUSTOMER_DAMAGED","NO_REASON_GIVEN","LPNDEL2R78565545",
"2026-02-25T04:58:08+00:00","405-9203811-9826766","FBK79167","B0CPFS24ML","X002G533KJ","White Mulberry Gaming Desk, Computer Desk with Carbon Fiber Surface, Z Shaped Gaming Table, Computer Table, Workstation, Home Office Desk with Cup Holder and Headphone Holder | (117 * 67 * 71 CM)","1","DEL2","CUSTOMER_DAMAGED","SWITCHEROO","LPNDEL2R78008911",
"2026-02-25T04:54:16+00:00","403-1643825-8106717","FBA79652","B0F43P6D23","X002A01YVP","nexlev Steam Cleaner | Complete Home Kitchen Floor Bathroom Car & Office Cleaning Machine | 9 Accessories | 450 ML | Window Pane Sink Grime Chimney Grease Water Stain Cleaner| 4 M Cord |1050W |SC-05","1","BOM5","SELLABLE","UNDELIVERABLE_REFUSED","LPNBOM5F4619632",
"2026-02-25T04:46:43+00:00","407-1307577-0634737","FBA79263","B0CYSLCRQS","X0027NUKUL","NexLev Mattress, Sofa & Carpet Vacuum Cleaner | For Dust Mites, Allergens & Pet Hair | 4 Step Cleansing with Double Beat, UV Light, Dehumidification & Vacuum | HEPA captures 99.99% Dust|MR-01","1","BLR5","CARRIER_DAMAGED","UNDELIVERABLE_REFUSED","LPNBLR5Q6760665",
"2026-02-25T04:20:19+00:00","407-3615102-2843514","FBK79788","B0FN4D3C89","X002DVGH59","White Mulberry Economy Fixed TV Wall Mount Bracket for 13-43 Inches |45kg|LED/LCD/Smart TV's, Universal VESA Compatible 75x75,200x200 mm MAX Slim Wall Mount Stand","1","DEL2","CUSTOMER_DAMAGED","NOT_AS_DESCRIBED","LPNDEL2R78038074",
"2026-02-25T04:00:42+00:00","404-8878032-4846705","FBK79167","B0CPFS24ML","X002G533KJ","White Mulberry Gaming Desk, Computer Desk with Carbon Fiber Surface, Z Shaped Gaming Table, Computer Table, Workstation, Home Office Desk with Cup Holder and Headphone Holder | (117 * 67 * 71 CM)","1","BLR5","SELLABLE","UNDELIVERABLE_REFUSED","LPNBLR5Q4227719",
"2026-02-25T03:22:19+00:00","404-2030393-6775519","FBA79452","B0DCGHVN81","X0028X4EST","NexLev 2 in 1 Handheld & Stick Vacuum Cleaner | 17500 PA Suction | Dry Vacuuming for Home & Office | Washable HEPA Filter | 4 Adjustable Heads | Bagless| Deep Cleaning for Sofa Bed Window & more|VC-01","1","HYD8","DEFECTIVE","DAMAGED_BY_FC","LPNHYD8EH90011","Product is damaged"
"2026-02-24T16:31:42+00:00","406-7225810-0560354","FBK79167","B0CPFS24ML","X002G533KJ","White Mulberry Gaming Desk, Computer Desk with Carbon Fiber Surface, Z Shaped Gaming Table, Computer Table, Workstation, Home Office Desk with Cup Holder and Headphone Holder | (117 * 67 * 71 CM)","1","BLR5","SELLABLE","UNDELIVERABLE_REFUSED","LPNBLR5Q3523831",
"2026-02-24T13:45:44+00:00","402-3159227-9450700","FBA79613","B0DP2VVRND","X0028X883B","White Mulberry |DIY| Height Adjustable Monitor Stand Mount | Supports 17-32 Inch Screens| 10 Kg Screen Load | VESA 75X75 & 100X100 | Freestanding Monitor Mount | Black - (Single Screen)","1","BLR5","CUSTOMER_DAMAGED","QUALITY_UNACCEPTABLE","LPNBLR5Q7102941",
"2026-02-24T12:55:54+00:00","408-2289842-7805927","FBA79570","B0DKJXRXKM","X0028X20VH","NexLev Blackhead & Whitehead Remover Tool | Rechargeable |1Hr Use| Acne & Pimple Pore Cleaner | 6 Heads | Electric Derma Suction Machine | Hydra Facial Cleanser Device for Face |For Men & Women |BR-01","1","MAA4","CUSTOMER_DAMAGED","DEFECTIVE","LPNMAA4Z2094458",
"2026-02-24T09:44:36+00:00","402-1088006-0513100","FBA79263","B0CYSLCRQS","X0027NUKUL","NexLev Mattress, Sofa & Carpet Vacuum Cleaner | For Dust Mites, Allergens & Pet Hair | 4 Step Cleansing with Double Beat, UV Light, Dehumidification & Vacuum | HEPA captures 99.99% Dust|MR-01","1","PNQ3","CARRIER_DAMAGED","QUALITY_UNACCEPTABLE","LPNPNQ3A4233334",
"2026-02-24T07:51:09+00:00","171-1154063-9269903","FBK79167","B0CPFS24ML","X002G533KJ","White Mulberry Gaming Desk, Computer Desk with Carbon Fiber Surface, Z Shaped Gaming Table, Computer Table, Workstation, Home Office Desk with Cup Holder and Headphone Holder | (117 * 67 * 71 CM)","1","BOM5","CARRIER_DAMAGED","UNDELIVERABLE_REFUSED","LPNBOM5F4606683",
"2026-02-24T05:48:08+00:00","408-8667362-2075540","FBA79478","B0DB5W4TCP","X0028X8DEP","White Mulberry |DIY| Height Adjustable Monitor Arm | Desk Mounted Stand for 15-32 Inch Monitor | 10Kg Screen Load | VESA 75X75 & 100X100 | Adjustable Metal Desk Monitor Mount - (Single Screen)","1","HYD8","CUSTOMER_DAMAGED","DEFECTIVE","LPNHYD8EF99806",
"2026-02-24T05:45:15+00:00","405-2070922-4293902","FBA78980","B0CDPMX152","X0028X4EED","NexLev Handheld Garment Steamer | 1500 Watts | 300 ML| Standing & Horizontal Iron Press | Damage Free Steaming for all Cloth Types | 25s Quick Heat |Upto 5 Clothes in One Fill | Travel Friendly |GS-02","1","BOM5","DEFECTIVE","NOT_AS_DESCRIBED","LPNBOM5F4601666","Want to return this"
"2026-02-24T05:39:31+00:00","408-4839943-2843532","FBK79271","B0DQ8W1RBV","X0028X1WKH","nexlev Ionic Volumizer|3 In 1 Hot Air Brush To Straight Dry & Volumize|1200 Watts|Reduce Frizz|Ceramic Tourmaline Coated Large Barrel|Salon Like Soft Curl At Home|3 Speed & 2 Heat Settings|V-01 RG","1","PNQ3","CARRIER_DAMAGED","NO_REASON_GIVEN","LPNPNQ3A4218195",
"2026-02-24T04:52:24+00:00","404-4230628-1192356","FBA79590","B0DM6BB3VT","X0028X4EW5","NexLev Calf Massager | Daily Use Leg Massager for Sore Muscle |1 Piece | Hand Like Massage with Air Compression | Improve Blood Circulation & Relieve Pain | 2500 mAh | Large Belt | Type C |CFM-01","1","PNQ3","SELLABLE","SWITCHEROO","LPNPNQ3A4236497","Things are not as I thought."
"2026-02-24T03:54:31+00:00","403-7535753-1087555","FBK79167","B0CPFS24ML","X002G533KJ","White Mulberry Gaming Desk, Computer Desk with Carbon Fiber Surface, Z Shaped Gaming Table, Computer Table, Workstation, Home Office Desk with Cup Holder and Headphone Holder | (117 * 67 * 71 CM)","1","BLR5","SELLABLE","UNDELIVERABLE_UNKNOWN","LPNBLR5Q7475764",
"2026-02-23T17:36:25+00:00","408-6232026-6439534","FBK79167","B0CPFS24ML","X002G533KJ","White Mulberry Gaming Desk, Computer Desk with Carbon Fiber Surface, Z Shaped Gaming Table, Computer Table, Workstation, Home Office Desk with Cup Holder and Headphone Holder | (117 * 67 * 71 CM)","1","BLR5","SELLABLE","MISSING_PARTS","LPNBLR5Q7102458",
"2026-02-23T12:28:06+00:00","404-3565511-2148308","FBA79613","B0DP2VVRND","X0028X883B","White Mulberry |DIY| Height Adjustable Monitor Stand Mount | Supports 17-32 Inch Screens| 10 Kg Screen Load | VESA 75X75 & 100X100 | Freestanding Monitor Mount | Black - (Single Screen)","1","DEL2","CUSTOMER_DAMAGED","DEFECTIVE","LPNDEL2R73297690",
"2026-02-23T12:02:48+00:00","406-6690264-0191512","FBK79788","B0FN4D3C89","X002DVGH59","White Mulberry Economy Fixed TV Wall Mount Bracket for 13-43 Inches |45kg|LED/LCD/Smart TV's, Universal VESA Compatible 75x75,200x200 mm MAX Slim Wall Mount Stand","1","BLR5","SELLABLE","MISSING_PARTS","LPNBLR5Q7982919","Different size"
"2026-02-23T08:56:44+00:00","405-3857535-0769140","FBA79263","B0CYSLCRQS","X0027NUKUL","NexLev Mattress, Sofa & Carpet Vacuum Cleaner | For Dust Mites, Allergens & Pet Hair | 4 Step Cleansing with Double Beat, UV Light, Dehumidification & Vacuum | HEPA captures 99.99% Dust|MR-01","1","BLR5","CARRIER_DAMAGED","UNDELIVERABLE_REFUSED","LPNBLR5Q7191401",
"2026-02-23T08:32:26+00:00","408-6447911-3654744","FBA79464","B0DFCDKMWR","X0028X20SZ","NexLev Cordless Electric Heating Pad| Period Cramp & Back Pain Relief Massager | 9 modes| Menstrual Cramp Relief|Type C| Crampfree Periods | Portable | Gift for Women| Strap upto 40 Inch |Blue CM-01","1","BOM5","SELLABLE","DEFECTIVE","LPNBOM5F4601288",
"2026-02-23T07:44:45+00:00","405-8639777-7831564","FBA79819","B0FT8R24QM","X002F3ID0H","NexLev Portable Cordless Lint Remover | for Woollen, Sweaters, Jackets, Carpets | Fabric Brush | Rue & Burr Remover | Battery Powered Shaver | SS Blade | Safety Lock | LR-03","1","DEL4","SELLABLE","UNDELIVERABLE_UNKNOWN","LPNDEL4AA2791160",
"2026-02-23T07:44:03+00:00","404-7875384-1401952","FBA79469","B0DCK4DR1B","X0028X1YHX","Nexlev Skin Lift Device | 7 Color LED | Face & Neck Skin Lifting| 3 Massage Modes| Face Sculpting Tool |Micro-currents to reduce Wrinkles| Hot Compress | Rechargeable| Type-C| 180 Min Use| Glow+ LE-04","1","DEL2","SELLABLE","UNDELIVERABLE_REFUSED","LPNDEL2R78334997",
"2026-02-23T05:38:26+00:00","408-8859131-3454737","FBA79452","B0DCGHVN81","X0028X4EST","NexLev 2 in 1 Handheld & Stick Vacuum Cleaner | 17500 PA Suction | Dry Vacuuming for Home & Office | Washable HEPA Filter | 4 Adjustable Heads | Bagless| Deep Cleaning for Sofa Bed Window & more|VC-01","1","BOM5","CARRIER_DAMAGED","DEFECTIVE","LPNBOM5F4601130",
"2026-02-23T05:10:59+00:00","407-8416229-7126739","FBA79271","B0D83Q7L8W","X0028X1G7L","NexLev Ionic Hot Air Brush | 3 in 1 Blow Dryer, Straightener & Styler | 360° Airflow Vents | Ceramic Tourmaline Coated Brushing Head | Tangle Free Bristle | 1200W | 3 Speed & 2 Heat Settings|V-01","1","CCX1","SELLABLE","UNDELIVERABLE_REFUSED","LPNCCX1B2091601",
"2026-02-23T05:07:15+00:00","408-8638172-2566734","FBA75707","B01MF9EJPG","X001SVK18J","Nektar SE49 49-Key Full-Size Velocity-Sensitive USB Midi Keyboard Controller with Nektar DAW Integration and Free Professional Recording Software","1","HYD8","CUSTOMER_DAMAGED","MISORDERED","LPNHYD8EC50312",
"2026-02-23T04:36:47+00:00","405-3391610-7357169","FBK79167","B0CPFS24ML","X002G533KJ","White Mulberry Gaming Desk, Computer Desk with Carbon Fiber Surface, Z Shaped Gaming Table, Computer Table, Workstation, Home Office Desk with Cup Holder and Headphone Holder | (117 * 67 * 71 CM)","1","DEL2","CUSTOMER_DAMAGED","QUALITY_UNACCEPTABLE","LPNDEL2R78514451",
"2026-02-23T03:40:16+00:00","403-5546904-9662769","FBA79349","B0D9KDQCCM","X0028KKT1N","Nexlev Portable Sewing Machine| 2 Speed Settings| Cordless| Battery operated| USB Type C cord for Plug-in| Quick Fix DIY|Portable & Compact| for all Fabrics| 1 Year Warranty| White","1","BOM5","DEFECTIVE","MISSING_PARTS","LPNBOM5F4602892","Usb cabel and other accessories not in box"
"2026-02-23T03:09:35+00:00","408-0933377-4232353","FBA79493","B0DQCWRG3H","X0028X1G99","nexlev Ionic 3 In 1 Hot Air Brush|1.5 Inch Barrel|Volumizer Blow Dry & Style|Ceramic Tourmaline Coated For Heat Protection|1200 Watts|Dual Bristle For Tangle Free Styling|Salon Like Soft Curl|V-03","1","BLR5","SELLABLE","UNDELIVERABLE_REFUSED","LPNBLR5Q8069344",
"2026-02-22T18:46:58+00:00","407-3956713-2351503","FBA79615","B0DP2Z5DQ9","X0028XC7C9","White Mulberry 10-Step Height Adjustable Single Screen Monitor Stand for 17-32 Inch Monitor, 8 kg Load, VESA 75x75/100x100, DIY Installation (Black)","1","BLR5","SELLABLE","UNDELIVERABLE_REFUSED","LPNBLR5Q8158219",
"2026-02-22T18:38:34+00:00","171-1036339-3644354","FBA79439","B0DCK7ZH5P","X0028X7N8H","NexLev Mattress, Sofa, Carpet & Car Seat Vacuum Cleaner|For Dust Mites Allergens & Pet Hair|Cordless Design|1500*3 mAh |UV Sterilization, Double Beat Technology|Type C| HEPA captures 99.99% Dust|MR-02","1","BLR5","SELLABLE","UNDELIVERABLE_REFUSED","LPNBLR5Q6792405",
"2026-02-22T13:58:42+00:00","408-9659395-2229918","FBA79590","B0DM6BB3VT","X0028X4EW5","NexLev Calf Massager | Daily Use Leg Massager for Sore Muscle |1 Piece | Hand Like Massage with Air Compression | Improve Blood Circulation & Relieve Pain | 2500 mAh | Large Belt | Type C |CFM-01","1","BLR5","SELLABLE","UNDELIVERABLE_REFUSED","LPNBLR5Q6907474",
"2026-02-22T12:38:52+00:00","402-3366453-0795511","FBA79819","B0FT8R24QM","X002F3ID0H","NexLev Portable Cordless Lint Remover | for Woollen, Sweaters, Jackets, Carpets | Fabric Brush | Rue & Burr Remover | Battery Powered Shaver | SS Blade | Safety Lock | LR-03","1","DEL2","SELLABLE","UNDELIVERABLE_UNKNOWN","LPNDEL2R78107690",
"2026-02-22T12:01:46+00:00","404-1240309-6487505","FBA79472","B0DFCDZWND","X0028X20ML","NexLev Cordless Electric Heating Pad| Period Cramp & Back Pain Relief Massager | 9 modes| Menstrual Cramp Relief|Type C| Crampfree Periods | Portable | Gift for Women| Strap upto 40 Inch |Purple CM-02","1","DEL2","SELLABLE","UNDELIVERABLE_UNKNOWN","LPNDEL2R78121601",
"2026-02-22T07:16:20+00:00","402-1451349-9852317","FBA79652","B0F43P6D23","X002A01YVP","NexLev Steam Cleaner | Complete Home Kitchen Floor Bathroom Car & Office Cleaning machine | 9 Accessories | 450 ML | Window Pane Sink Grime Chimney Grease Water Stain Cleaner| 4 M Cord |1050W |SC-05","1","DEL2","DEFECTIVE","DAMAGED_BY_FC","LPNDEL2R73297086","Product damage or used"
"2026-02-22T06:15:48+00:00","408-9498177-6713115","FBA78980","B0CDPMX152","X0028X4EED","NexLev Handheld Garment Steamer | 1500 Watts | 300 ML| Standing & Horizontal Iron Press | Damage Free Steaming for all Cloth Types | 25s Quick Heat |Upto 5 Clothes in One Fill | Travel Friendly |GS-02","1","BLR5","CUSTOMER_DAMAGED","SWITCHEROO","LPNBLR5Q2725241",
"2026-02-22T05:26:07+00:00","406-7849955-7809158","FBK79167","B0CPFS24ML","X002G533KJ","White Mulberry Gaming Desk, Computer Desk with Carbon Fiber Surface, Z Shaped Gaming Table, Computer Table, Workstation, Home Office Desk with Cup Holder and Headphone Holder | (117 * 67 * 71 CM)","1","BOM5","CARRIER_DAMAGED","UNDELIVERABLE_UNKNOWN","LPNBOM5F4420495",
"2026-02-22T05:12:31+00:00","402-2732326-3536345","FBA78981","B0CDPP45BM","X0028K610L","NexLev Steam Cleaner | For Complete Home Kitchen Bathroom Car Sofa & Office Cleaning Machine | 9 Accessories |300 ML | Window Pane, Sink, Chimney Grease, Water Stain Cleaner| 4 Mtr Cord | 1000W |SC-01","1","BLR5","SELLABLE","UNDELIVERABLE_REFUSED","LPNBLR5Q7069858",
"2026-02-22T04:35:18+00:00","402-1317852-9061900","FBA79613","B0DP2VVRND","X0028X883B","White Mulberry |DIY| Height Adjustable Monitor Stand Mount | Supports 17-32 Inch Screens| 10 Kg Screen Load | VESA 75X75 & 100X100 | Freestanding Monitor Mount | Black - (Single Screen)","1","BLR5","CUSTOMER_DAMAGED","NEVER_ARRIVED","LPNBLR5Q7040673",
"2026-02-22T04:24:56+00:00","404-0117414-2961129","FBK79792","B0FN4JG97R","X002DVFBN3","White Mulberry Single Screen Pole Mounted Heavy-Duty Mechanical Spring Monitor Arm for 17-40 Inch |2-22kgs| Flat & Curved Screens, Universal Desk Mount with Swivel, Tilt, Rotation","1","DEL2","CARRIER_DAMAGED","DEFECTIVE","LPNDEL2R71494577",
"2026-02-22T03:17:17+00:00","408-3824194-4976306","FBA78980","B0CDPMX152","X0028X4EED","NexLev Handheld Garment Steamer | 1500 Watts | 300 ML| Standing & Horizontal Iron Press | Damage Free Steaming for all Cloth Types | 25s Quick Heat |Upto 5 Clothes in One Fill | Travel Friendly |GS-02","1","BLR5","CUSTOMER_DAMAGED","NO_REASON_GIVEN","LPNBLR5Q6886207",
