date,asin,Spend,adGroupName,ams_orders,campaignId,14 Day Total Units (#),Impressions,raw_sku,adGroupId,14 Day Total Sales (₹),Clicks,campaignName,sku,model,brand,category_l0,category_l1,category_l2
2026-07-01,B0B4DPX2J2,21.35,Condenser Microphones,1,88800319740398,1,6192,B0B4DPX2J2,1530305156531,0.0,14,Audio Array-Catch All-SD-CT,FBA75673,AM-C1,Audio Array,Microphone Condenser,USB Microphone Kit - Boomarm,
2026-07-02,B0B4DPX2J2,76.34,Condenser Microphones,0,88800319740398,0,5779,B0B4DPX2J2,1530305156531,0.0,12,Audio Array-Catch All-SD-CT,FBA75673,AM-C1,Audio Array,Microphone Condenser,USB Microphone Kit - Boomarm,
2026-07-03,B0B4DPX2J2,55.53,Condenser Microphones,1,88800319740398,1,6018,B0B4DPX2J2,1530305156531,2244.92,8,Audio Array-Catch All-SD-CT,FBA75673,AM-C1,Audio Array,Microphone Condenser,USB Microphone Kit - Boomarm,
2026-07-04,B0B4DPX2J2,358.28,Condenser Microphones,1,88800319740398,1,4951,B0B4DPX2J2,1530305156531,0.0,24,Audio Array-Catch All-SD-CT,FBA75673,AM-C1,Audio Array,Microphone Condenser,USB Microphone Kit - Boomarm,
2026-07-05,B0B4DPX2J2,101.0,Condenser Microphones,0,88800319740398,0,4003,B0B4DPX2J2,1530305156531,0.0,12,Audio Array-Catch All-SD-CT,FBA75673,AM-C1,Audio Array,Microphone Condenser,USB Microphone Kit - Boomarm,
2026-07-06,B0B4DPX2J2,178.58,Condenser Microphones,1,88800319740398,1,5070,B0B4DPX2J2,1530305156531,2244.92,16,Audio Array-Catch All-SD-CT,FBA75673,AM-C1,Audio Array,Microphone Condenser,USB Microphone Kit - Boomarm,
2026-07-07,B0B4DPX2J2,300.34,Condenser Microphones,5,88800319740398,5,17144,B0B4DPX2J2,1530305156531,15090.69,43,Audio Array-Catch All-SD-CT,FBA75673,AM-C1,Audio Array,Microphone Condenser,USB Microphone Kit - Boomarm,
2026-07-08,B0B4DPX2J2,146.82,Condenser Microphones,0,88800319740398,0,12034,B0B4DPX2J2,1530305156531,0.0,26,Audio Array-Catch All-SD-CT,FBA75673,AM-C1,Audio Array,Microphone Condenser,USB Microphone Kit - Boomarm,
2026-07-09,B0B4DPX2J2,309.4,Condenser Microphones,3,88800319740398,3,17074,B0B4DPX2J2,1530305156531,7553.4,52,Audio Array-Catch All-SD-CT,FBA75673,AM-C1,Audio Array,Microphone Condenser,USB Microphone Kit - Boomarm,
2026-07-10,B0B4DPX2J2,180.45,Condenser Microphones,1,88800319740398,1,10306,B0B4DPX2J2,1530305156531,2965.25,38,Audio Array-Catch All-SD-CT,FBA75673,AM-C1,Audio Array,Microphone Condenser,USB Microphone Kit - Boomarm,
2026-07-11,B0B4DPX2J2,198.18,Condenser Microphones,0,88800319740398,0,8390,B0B4DPX2J2,1530305156531,0.0,48,Audio Array-Catch All-SD-CT,FBA75673,AM-C1,Audio Array,Microphone Condenser,USB Microphone Kit - Boomarm,
2026-07-12,B0B4DPX2J2,252.36,Condenser Microphones,1,88800319740398,1,12476,B0B4DPX2J2,1530305156531,2322.03,38,Audio Array-Catch All-SD-CT,FBA75673,AM-C1,Audio Array,Microphone Condenser,USB Microphone Kit - Boomarm,
2026-07-13,B0B4DPX2J2,266.55,Condenser Microphones,1,88800319740398,1,18306,B0B4DPX2J2,1530305156531,2322.03,53,Audio Array-Catch All-SD-CT,FBA75673,AM-C1,Audio Array,Microphone Condenser,USB Microphone Kit - Boomarm,
2026-07-14,B0B4DPX2J2,222.13,Condenser Microphones,0,88800319740398,0,13817,B0B4DPX2J2,1530305156531,0.0,41,Audio Array-Catch All-SD-CT,FBA75673,AM-C1,Audio Array,Microphone Condenser,USB Microphone Kit - Boomarm,
2026-07-15,B0B4DPX2J2,293.31,Condenser Microphones,0,88800319740398,0,13931,B0B4DPX2J2,1530305156531,0.0,51,Audio Array-Catch All-SD-CT,FBA75673,AM-C1,Audio Array,Microphone Condenser,USB Microphone Kit - Boomarm,
2026-07-16,B0B4DPX2J2,309.5,Condenser Microphones,0,88800319740398,0,17305,B0B4DPX2J2,1530305156531,0.0,44,Audio Array-Catch All-SD-CT,FBA75673,AM-C1,Audio Array,Microphone Condenser,USB Microphone Kit - Boomarm,
2026-07-17,B0B4DPX2J2,244.02,Condenser Microphones,0,88800319740398,0,17348,B0B4DPX2J2,1530305156531,0.0,49,Audio Array-Catch All-SD-CT,FBA75673,AM-C1,Audio Array,Microphone Condenser,USB Microphone Kit - Boomarm,
2026-07-18,B0B4DPX2J2,90.29,Condenser Microphones,0,88800319740398,0,8314,B0B4DPX2J2,1530305156531,0.0,29,Audio Array-Catch All-SD-CT,FBA75673,AM-C1,Audio Array,Microphone Condenser,USB Microphone Kit - Boomarm,
2026-07-19,B0B4DPX2J2,172.79,Condenser Microphones,2,88800319740398,2,12681,B0B4DPX2J2,1530305156531,4242.38,33,Audio Array-Catch All-SD-CT,FBA75673,AM-C1,Audio Array,Microphone Condenser,USB Microphone Kit - Boomarm,
2026-07-20,B0B4DPX2J2,287.97,Condenser Microphones,1,88800319740398,1,29387,B0B4DPX2J2,1530305156531,2965.25,59,Audio Array-Catch All-SD-CT,FBA75673,AM-C1,Audio Array,Microphone Condenser,USB Microphone Kit - Boomarm,
2026-07-21,B0B4DPX2J2,154.07,Condenser Microphones,2,88800319740398,2,12489,B0B4DPX2J2,1530305156531,2668.64,26,Audio Array-Catch All-SD-CT,FBA75673,AM-C1,Audio Array,Microphone Condenser,USB Microphone Kit - Boomarm,
2026-07-01,B0B4G19R58,34.72,Condenser Microphones,0,88800319740398,0,4818,B0B4G19R58,1530305156531,0.0,16,Audio Array-Catch All-SD-CT,FBA75674,AM-C2,Audio Array,Microphone Condenser,XLR Microphone Kit - Boomarm,
2026-07-02,B0B4G19R58,1.58,Condenser Microphones,0,88800319740398,0,1265,B0B4G19R58,1530305156531,0.0,1,Audio Array-Catch All-SD-CT,FBA75674,AM-C2,Audio Array,Microphone Condenser,XLR Microphone Kit - Boomarm,
2026-07-03,B0B4G19R58,20.09,Condenser Microphones,0,88800319740398,0,1052,B0B4G19R58,1530305156531,0.0,2,Audio Array-Catch All-SD-CT,FBA75674,AM-C2,Audio Array,Microphone Condenser,XLR Microphone Kit - Boomarm,
2026-07-04,B0B4G19R58,45.99,Condenser Microphones,1,88800319740398,1,1089,B0B4G19R58,1530305156531,2261.86,6,Audio Array-Catch All-SD-CT,FBA75674,AM-C2,Audio Array,Microphone Condenser,XLR Microphone Kit - Boomarm,
2026-07-05,B0B4G19R58,27.41,Condenser Microphones,0,88800319740398,0,1161,B0B4G19R58,1530305156531,0.0,4,Audio Array-Catch All-SD-CT,FBA75674,AM-C2,Audio Array,Microphone Condenser,XLR Microphone Kit - Boomarm,
2026-07-06,B0B4G19R58,0.09,Condenser Microphones,0,88800319740398,0,1715,B0B4G19R58,1530305156531,0.0,1,Audio Array-Catch All-SD-CT,FBA75674,AM-C2,Audio Array,Microphone Condenser,XLR Microphone Kit - Boomarm,
2026-07-07,B0B4G19R58,82.75,Condenser Microphones,1,88800319740398,1,5458,B0B4G19R58,1530305156531,3063.56,15,Audio Array-Catch All-SD-CT,FBA75674,AM-C2,Audio Array,Microphone Condenser,XLR Microphone Kit - Boomarm,
2026-07-08,B0B4G19R58,44.33,Condenser Microphones,0,88800319740398,0,5203,B0B4G19R58,1530305156531,0.0,10,Audio Array-Catch All-SD-CT,FBA75674,AM-C2,Audio Array,Microphone Condenser,XLR Microphone Kit - Boomarm,
2026-07-09,B0B4G19R58,59.93,Condenser Microphones,1,88800319740398,1,5689,B0B4G19R58,1530305156531,2117.8,14,Audio Array-Catch All-SD-CT,FBA75674,AM-C2,Audio Array,Microphone Condenser,XLR Microphone Kit - Boomarm,
2026-07-10,B0B4G19R58,47.69,Condenser Microphones,0,88800319740398,0,5511,B0B4G19R58,1530305156531,0.0,12,Audio Array-Catch All-SD-CT,FBA75674,AM-C2,Audio Array,Microphone Condenser,XLR Microphone Kit - Boomarm,
2026-07-11,B0B4G19R58,35.88,Condenser Microphones,0,88800319740398,0,3389,B0B4G19R58,1530305156531,0.0,6,Audio Array-Catch All-SD-CT,FBA75674,AM-C2,Audio Array,Microphone Condenser,XLR Microphone Kit - Boomarm,
2026-07-12,B0B4G19R58,30.51,Condenser Microphones,0,88800319740398,0,3568,B0B4G19R58,1530305156531,0.0,8,Audio Array-Catch All-SD-CT,FBA75674,AM-C2,Audio Array,Microphone Condenser,XLR Microphone Kit - Boomarm,
2026-07-13,B0B4G19R58,36.52,Condenser Microphones,0,88800319740398,0,3069,B0B4G19R58,1530305156531,0.0,11,Audio Array-Catch All-SD-CT,FBA75674,AM-C2,Audio Array,Microphone Condenser,XLR Microphone Kit - Boomarm,
2026-07-14,B0B4G19R58,34.71,Condenser Microphones,0,88800319740398,0,4795,B0B4G19R58,1530305156531,0.0,10,Audio Array-Catch All-SD-CT,FBA75674,AM-C2,Audio Array,Microphone Condenser,XLR Microphone Kit - Boomarm,
2026-07-15,B0B4G19R58,62.58,Condenser Microphones,0,88800319740398,0,3451,B0B4G19R58,1530305156531,0.0,10,Audio Array-Catch All-SD-CT,FBA75674,AM-C2,Audio Array,Microphone Condenser,XLR Microphone Kit - Boomarm,
2026-07-16,B0B4G19R58,66.16,Condenser Microphones,0,88800319740398,0,3903,B0B4G19R58,1530305156531,0.0,6,Audio Array-Catch All-SD-CT,FBA75674,AM-C2,Audio Array,Microphone Condenser,XLR Microphone Kit - Boomarm,
2026-07-17,B0B4G19R58,35.14,Condenser Microphones,0,88800319740398,0,4648,B0B4G19R58,1530305156531,0.0,9,Audio Array-Catch All-SD-CT,FBA75674,AM-C2,Audio Array,Microphone Condenser,XLR Microphone Kit - Boomarm,
2026-07-18,B0B4G19R58,73.95,Condenser Microphones,1,88800319740398,1,5747,B0B4G19R58,1530305156531,2117.8,18,Audio Array-Catch All-SD-CT,FBA75674,AM-C2,Audio Array,Microphone Condenser,XLR Microphone Kit - Boomarm,
2026-07-19,B0B4G19R58,111.78,Condenser Microphones,1,88800319740398,1,11424,B0B4G19R58,1530305156531,1821.18,27,Audio Array-Catch All-SD-CT,FBA75674,AM-C2,Audio Array,Microphone Condenser,XLR Microphone Kit - Boomarm,
2026-07-20,B0B4G19R58,26.74,Condenser Microphones,0,88800319740398,0,7322,B0B4G19R58,1530305156531,0.0,7,Audio Array-Catch All-SD-CT,FBA75674,AM-C2,Audio Array,Microphone Condenser,XLR Microphone Kit - Boomarm,
2026-07-21,B0B4G19R58,35.95,Condenser Microphones,0,88800319740398,0,5280,B0B4G19R58,1530305156531,0.0,10,Audio Array-Catch All-SD-CT,FBA75674,AM-C2,Audio Array,Microphone Condenser,XLR Microphone Kit - Boomarm,
2026-07-01,B0B4G8ZB64,0.0,Handheld Dynamic,0,88800319740398,0,0,B0B4G8ZB64,92137177023119,0.0,0,Audio Array-Catch All-SD-CT,FBA75675,AM-C3,Audio Array,Microphone Dynamic,Vocal Microphone,
2026-07-02,B0B4G8ZB64,0.0,Handheld Dynamic,0,88800319740398,0,0,B0B4G8ZB64,92137177023119,0.0,0,Audio Array-Catch All-SD-CT,FBA75675,AM-C3,Audio Array,Microphone Dynamic,Vocal Microphone,
2026-07-03,B0B4G8ZB64,0.0,Handheld Dynamic,0,88800319740398,0,0,B0B4G8ZB64,92137177023119,0.0,0,Audio Array-Catch All-SD-CT,FBA75675,AM-C3,Audio Array,Microphone Dynamic,Vocal Microphone,
2026-07-04,B0B4G8ZB64,0.0,Handheld Dynamic,0,88800319740398,0,0,B0B4G8ZB64,92137177023119,0.0,0,Audio Array-Catch All-SD-CT,FBA75675,AM-C3,Audio Array,Microphone Dynamic,Vocal Microphone,
2026-07-05,B0B4G8ZB64,0.0,Handheld Dynamic,0,88800319740398,0,0,B0B4G8ZB64,92137177023119,0.0,0,Audio Array-Catch All-SD-CT,FBA75675,AM-C3,Audio Array,Microphone Dynamic,Vocal Microphone,
2026-07-06,B0B4G8ZB64,0.0,Handheld Dynamic,0,88800319740398,0,0,B0B4G8ZB64,92137177023119,0.0,0,Audio Array-Catch All-SD-CT,FBA75675,AM-C3,Audio Array,Microphone Dynamic,Vocal Microphone,
2026-07-07,B0B4G8ZB64,0.0,Handheld Dynamic,0,88800319740398,0,0,B0B4G8ZB64,92137177023119,0.0,0,Audio Array-Catch All-SD-CT,FBA75675,AM-C3,Audio Array,Microphone Dynamic,Vocal Microphone,
2026-07-08,B0B4G8ZB64,0.0,Handheld Dynamic,0,88800319740398,0,0,B0B4G8ZB64,92137177023119,0.0,0,Audio Array-Catch All-SD-CT,FBA75675,AM-C3,Audio Array,Microphone Dynamic,Vocal Microphone,
2026-07-09,B0B4G8ZB64,0.0,Handheld Dynamic,0,88800319740398,0,0,B0B4G8ZB64,92137177023119,0.0,0,Audio Array-Catch All-SD-CT,FBA75675,AM-C3,Audio Array,Microphone Dynamic,Vocal Microphone,
2026-07-10,B0B4G8ZB64,0.0,Handheld Dynamic,0,88800319740398,0,0,B0B4G8ZB64,92137177023119,0.0,0,Audio Array-Catch All-SD-CT,FBA75675,AM-C3,Audio Array,Microphone Dynamic,Vocal Microphone,
2026-07-11,B0B4G8ZB64,0.0,Handheld Dynamic,0,88800319740398,0,0,B0B4G8ZB64,92137177023119,0.0,0,Audio Array-Catch All-SD-CT,FBA75675,AM-C3,Audio Array,Microphone Dynamic,Vocal Microphone,
2026-07-12,B0B4G8ZB64,0.0,Handheld Dynamic,0,88800319740398,0,0,B0B4G8ZB64,92137177023119,0.0,0,Audio Array-Catch All-SD-CT,FBA75675,AM-C3,Audio Array,Microphone Dynamic,Vocal Microphone,
2026-07-13,B0B4G8ZB64,0.0,Handheld Dynamic,0,88800319740398,0,0,B0B4G8ZB64,92137177023119,0.0,0,Audio Array-Catch All-SD-CT,FBA75675,AM-C3,Audio Array,Microphone Dynamic,Vocal Microphone,
2026-07-14,B0B4G8ZB64,0.0,Handheld Dynamic,0,88800319740398,0,0,B0B4G8ZB64,92137177023119,0.0,0,Audio Array-Catch All-SD-CT,FBA75675,AM-C3,Audio Array,Microphone Dynamic,Vocal Microphone,
2026-07-15,B0B4G8ZB64,0.0,Handheld Dynamic,0,88800319740398,0,0,B0B4G8ZB64,92137177023119,0.0,0,Audio Array-Catch All-SD-CT,FBA75675,AM-C3,Audio Array,Microphone Dynamic,Vocal Microphone,
2026-07-16,B0B4G8ZB64,0.0,Handheld Dynamic,0,88800319740398,0,0,B0B4G8ZB64,92137177023119,0.0,0,Audio Array-Catch All-SD-CT,FBA75675,AM-C3,Audio Array,Microphone Dynamic,Vocal Microphone,
2026-07-17,B0B4G8ZB64,0.0,Handheld Dynamic,0,88800319740398,0,0,B0B4G8ZB64,92137177023119,0.0,0,Audio Array-Catch All-SD-CT,FBA75675,AM-C3,Audio Array,Microphone Dynamic,Vocal Microphone,
2026-07-18,B0B4G8ZB64,0.0,Handheld Dynamic,0,88800319740398,0,0,B0B4G8ZB64,92137177023119,0.0,0,Audio Array-Catch All-SD-CT,FBA75675,AM-C3,Audio Array,Microphone Dynamic,Vocal Microphone,
2026-07-19,B0B4G8ZB64,0.0,Handheld Dynamic,0,88800319740398,0,0,B0B4G8ZB64,92137177023119,0.0,0,Audio Array-Catch All-SD-CT,FBA75675,AM-C3,Audio Array,Microphone Dynamic,Vocal Microphone,
2026-07-20,B0B4G8ZB64,0.0,Handheld Dynamic,0,88800319740398,0,0,B0B4G8ZB64,92137177023119,0.0,0,Audio Array-Catch All-SD-CT,FBA75675,AM-C3,Audio Array,Microphone Dynamic,Vocal Microphone,
2026-07-21,B0B4G8ZB64,0.0,Handheld Dynamic,0,88800319740398,0,0,B0B4G8ZB64,92137177023119,0.0,0,Audio Array-Catch All-SD-CT,FBA75675,AM-C3,Audio Array,Microphone Dynamic,Vocal Microphone,
2026-07-01,B0B4KC7VBM,0.0,Conference Mics,0,88800319740398,0,0,B0B4KC7VBM,198602319025234,0.0,0,Audio Array-Catch All-SD-CT,FBA75677,AM-C5,Audio Array,Microphone Conference,Conference Microphone,
2026-07-02,B0B4KC7VBM,0.0,Conference Mics,0,88800319740398,0,0,B0B4KC7VBM,198602319025234,0.0,0,Audio Array-Catch All-SD-CT,FBA75677,AM-C5,Audio Array,Microphone Conference,Conference Microphone,
2026-07-03,B0B4KC7VBM,0.0,Conference Mics,0,88800319740398,0,0,B0B4KC7VBM,198602319025234,0.0,0,Audio Array-Catch All-SD-CT,FBA75677,AM-C5,Audio Array,Microphone Conference,Conference Microphone,
2026-07-04,B0B4KC7VBM,0.0,Conference Mics,0,88800319740398,0,0,B0B4KC7VBM,198602319025234,0.0,0,Audio Array-Catch All-SD-CT,FBA75677,AM-C5,Audio Array,Microphone Conference,Conference Microphone,
2026-07-05,B0B4KC7VBM,0.0,Conference Mics,0,88800319740398,0,0,B0B4KC7VBM,198602319025234,0.0,0,Audio Array-Catch All-SD-CT,FBA75677,AM-C5,Audio Array,Microphone Conference,Conference Microphone,
2026-07-06,B0B4KC7VBM,0.0,Conference Mics,0,88800319740398,0,0,B0B4KC7VBM,198602319025234,0.0,0,Audio Array-Catch All-SD-CT,FBA75677,AM-C5,Audio Array,Microphone Conference,Conference Microphone,
2026-07-07,B0B4KC7VBM,0.0,Conference Mics,0,88800319740398,0,0,B0B4KC7VBM,198602319025234,0.0,0,Audio Array-Catch All-SD-CT,FBA75677,AM-C5,Audio Array,Microphone Conference,Conference Microphone,
2026-07-08,B0B4KC7VBM,0.0,Conference Mics,0,88800319740398,0,0,B0B4KC7VBM,198602319025234,0.0,0,Audio Array-Catch All-SD-CT,FBA75677,AM-C5,Audio Array,Microphone Conference,Conference Microphone,
2026-07-09,B0B4KC7VBM,0.0,Conference Mics,0,88800319740398,0,0,B0B4KC7VBM,198602319025234,0.0,0,Audio Array-Catch All-SD-CT,FBA75677,AM-C5,Audio Array,Microphone Conference,Conference Microphone,
2026-07-10,B0B4KC7VBM,0.0,Conference Mics,0,88800319740398,0,0,B0B4KC7VBM,198602319025234,0.0,0,Audio Array-Catch All-SD-CT,FBA75677,AM-C5,Audio Array,Microphone Conference,Conference Microphone,
2026-07-11,B0B4KC7VBM,0.0,Conference Mics,0,88800319740398,0,0,B0B4KC7VBM,198602319025234,0.0,0,Audio Array-Catch All-SD-CT,FBA75677,AM-C5,Audio Array,Microphone Conference,Conference Microphone,
2026-07-12,B0B4KC7VBM,0.0,Conference Mics,0,88800319740398,0,0,B0B4KC7VBM,198602319025234,0.0,0,Audio Array-Catch All-SD-CT,FBA75677,AM-C5,Audio Array,Microphone Conference,Conference Microphone,
2026-07-13,B0B4KC7VBM,0.0,Conference Mics,0,88800319740398,0,0,B0B4KC7VBM,198602319025234,0.0,0,Audio Array-Catch All-SD-CT,FBA75677,AM-C5,Audio Array,Microphone Conference,Conference Microphone,
2026-07-14,B0B4KC7VBM,0.0,Conference Mics,0,88800319740398,0,0,B0B4KC7VBM,198602319025234,0.0,0,Audio Array-Catch All-SD-CT,FBA75677,AM-C5,Audio Array,Microphone Conference,Conference Microphone,
2026-07-15,B0B4KC7VBM,0.0,Conference Mics,0,88800319740398,0,0,B0B4KC7VBM,198602319025234,0.0,0,Audio Array-Catch All-SD-CT,FBA75677,AM-C5,Audio Array,Microphone Conference,Conference Microphone,
2026-07-16,B0B4KC7VBM,0.0,Conference Mics,0,88800319740398,0,0,B0B4KC7VBM,198602319025234,0.0,0,Audio Array-Catch All-SD-CT,FBA75677,AM-C5,Audio Array,Microphone Conference,Conference Microphone,
2026-07-17,B0B4KC7VBM,0.0,Conference Mics,0,88800319740398,0,0,B0B4KC7VBM,198602319025234,0.0,0,Audio Array-Catch All-SD-CT,FBA75677,AM-C5,Audio Array,Microphone Conference,Conference Microphone,
2026-07-18,B0B4KC7VBM,0.0,Conference Mics,0,88800319740398,0,0,B0B4KC7VBM,198602319025234,0.0,0,Audio Array-Catch All-SD-CT,FBA75677,AM-C5,Audio Array,Microphone Conference,Conference Microphone,
2026-07-19,B0B4KC7VBM,0.0,Conference Mics,0,88800319740398,0,0,B0B4KC7VBM,198602319025234,0.0,0,Audio Array-Catch All-SD-CT,FBA75677,AM-C5,Audio Array,Microphone Conference,Conference Microphone,
2026-07-20,B0B4KC7VBM,0.0,Conference Mics,0,88800319740398,0,0,B0B4KC7VBM,198602319025234,0.0,0,Audio Array-Catch All-SD-CT,FBA75677,AM-C5,Audio Array,Microphone Conference,Conference Microphone,
2026-07-21,B0B4KC7VBM,0.0,Conference Mics,0,88800319740398,0,0,B0B4KC7VBM,198602319025234,0.0,0,Audio Array-Catch All-SD-CT,FBA75677,AM-C5,Audio Array,Microphone Conference,Conference Microphone,
2026-07-01,B0B4K87PR4,0.0,Conference Mics,0,88800319740398,0,0,B0B4K87PR4,198602319025234,0.0,0,Audio Array-Catch All-SD-CT,FBA75690,AM-C10,Audio Array,Microphone Conference,Conference Microphone,
2026-07-02,B0B4K87PR4,0.0,Conference Mics,0,88800319740398,0,0,B0B4K87PR4,198602319025234,0.0,0,Audio Array-Catch All-SD-CT,FBA75690,AM-C10,Audio Array,Microphone Conference,Conference Microphone,
2026-07-03,B0B4K87PR4,0.0,Conference Mics,0,88800319740398,0,0,B0B4K87PR4,198602319025234,0.0,0,Audio Array-Catch All-SD-CT,FBA75690,AM-C10,Audio Array,Microphone Conference,Conference Microphone,
2026-07-04,B0B4K87PR4,0.0,Conference Mics,0,88800319740398,0,0,B0B4K87PR4,198602319025234,0.0,0,Audio Array-Catch All-SD-CT,FBA75690,AM-C10,Audio Array,Microphone Conference,Conference Microphone,
2026-07-05,B0B4K87PR4,0.0,Conference Mics,0,88800319740398,0,0,B0B4K87PR4,198602319025234,0.0,0,Audio Array-Catch All-SD-CT,FBA75690,AM-C10,Audio Array,Microphone Conference,Conference Microphone,
2026-07-06,B0B4K87PR4,0.0,Conference Mics,0,88800319740398,0,0,B0B4K87PR4,198602319025234,0.0,0,Audio Array-Catch All-SD-CT,FBA75690,AM-C10,Audio Array,Microphone Conference,Conference Microphone,
2026-07-07,B0B4K87PR4,0.0,Conference Mics,0,88800319740398,0,0,B0B4K87PR4,198602319025234,0.0,0,Audio Array-Catch All-SD-CT,FBA75690,AM-C10,Audio Array,Microphone Conference,Conference Microphone,
2026-07-08,B0B4K87PR4,0.0,Conference Mics,0,88800319740398,0,0,B0B4K87PR4,198602319025234,0.0,0,Audio Array-Catch All-SD-CT,FBA75690,AM-C10,Audio Array,Microphone Conference,Conference Microphone,
2026-07-09,B0B4K87PR4,0.0,Conference Mics,0,88800319740398,0,0,B0B4K87PR4,198602319025234,0.0,0,Audio Array-Catch All-SD-CT,FBA75690,AM-C10,Audio Array,Microphone Conference,Conference Microphone,
2026-07-10,B0B4K87PR4,0.0,Conference Mics,0,88800319740398,0,0,B0B4K87PR4,198602319025234,0.0,0,Audio Array-Catch All-SD-CT,FBA75690,AM-C10,Audio Array,Microphone Conference,Conference Microphone,
2026-07-11,B0B4K87PR4,0.0,Conference Mics,0,88800319740398,0,0,B0B4K87PR4,198602319025234,0.0,0,Audio Array-Catch All-SD-CT,FBA75690,AM-C10,Audio Array,Microphone Conference,Conference Microphone,
2026-07-12,B0B4K87PR4,0.0,Conference Mics,0,88800319740398,0,0,B0B4K87PR4,198602319025234,0.0,0,Audio Array-Catch All-SD-CT,FBA75690,AM-C10,Audio Array,Microphone Conference,Conference Microphone,
2026-07-13,B0B4K87PR4,0.0,Conference Mics,0,88800319740398,0,0,B0B4K87PR4,198602319025234,0.0,0,Audio Array-Catch All-SD-CT,FBA75690,AM-C10,Audio Array,Microphone Conference,Conference Microphone,
2026-07-14,B0B4K87PR4,0.0,Conference Mics,0,88800319740398,0,0,B0B4K87PR4,198602319025234,0.0,0,Audio Array-Catch All-SD-CT,FBA75690,AM-C10,Audio Array,Microphone Conference,Conference Microphone,
2026-07-15,B0B4K87PR4,0.0,Conference Mics,0,88800319740398,0,0,B0B4K87PR4,198602319025234,0.0,0,Audio Array-Catch All-SD-CT,FBA75690,AM-C10,Audio Array,Microphone Conference,Conference Microphone,
2026-07-16,B0B4K87PR4,0.0,Conference Mics,0,88800319740398,0,0,B0B4K87PR4,198602319025234,0.0,0,Audio Array-Catch All-SD-CT,FBA75690,AM-C10,Audio Array,Microphone Conference,Conference Microphone,
2026-07-17,B0B4K87PR4,0.0,Conference Mics,0,88800319740398,0,0,B0B4K87PR4,198602319025234,0.0,0,Audio Array-Catch All-SD-CT,FBA75690,AM-C10,Audio Array,Microphone Conference,Conference Microphone,
2026-07-18,B0B4K87PR4,0.0,Conference Mics,0,88800319740398,0,0,B0B4K87PR4,198602319025234,0.0,0,Audio Array-Catch All-SD-CT,FBA75690,AM-C10,Audio Array,Microphone Conference,Conference Microphone,
2026-07-19,B0B4K87PR4,0.0,Conference Mics,0,88800319740398,0,0,B0B4K87PR4,198602319025234,0.0,0,Audio Array-Catch All-SD-CT,FBA75690,AM-C10,Audio Array,Microphone Conference,Conference Microphone,
2026-07-20,B0B4K87PR4,0.0,Conference Mics,0,88800319740398,0,0,B0B4K87PR4,198602319025234,0.0,0,Audio Array-Catch All-SD-CT,FBA75690,AM-C10,Audio Array,Microphone Conference,Conference Microphone,
2026-07-21,B0B4K87PR4,0.0,Conference Mics,0,88800319740398,0,0,B0B4K87PR4,198602319025234,0.0,0,Audio Array-Catch All-SD-CT,FBA75690,AM-C10,Audio Array,Microphone Conference,Conference Microphone,
2026-07-01,B0BPLZ5CGV,1469.61,Audio Interfaces,3,88800319740398,3,31826,B0BPLZ5CGV,21046032203721,12455.07,109,Audio Array-Catch All-SD-CT,FBA76864,AI-04 Red,Audio Array,Audio Interface,Audio Interface,
2026-07-02,B0BPLZ5CGV,967.34,Audio Interfaces,0,88800319740398,0,27098,B0BPLZ5CGV,21046032203721,0.0,82,Audio Array-Catch All-SD-CT,FBA76864,AI-04 Red,Audio Array,Audio Interface,Audio Interface,
2026-07-03,B0BPLZ5CGV,1248.18,Audio Interfaces,4,88800319740398,4,16596,B0BPLZ5CGV,21046032203721,12200.85,74,Audio Array-Catch All-SD-CT,FBA76864,AI-04 Red,Audio Array,Audio Interface,Audio Interface,
2026-07-04,B0BPLZ5CGV,2661.7,Audio Interfaces,1,88800319740398,1,26280,B0BPLZ5CGV,21046032203721,4400.0,117,Audio Array-Catch All-SD-CT,FBA76864,AI-04 Red,Audio Array,Audio Interface,Audio Interface,
2026-07-05,B0BPLZ5CGV,1874.96,Audio Interfaces,3,88800319740398,3,13010,B0BPLZ5CGV,21046032203721,11366.94,70,Audio Array-Catch All-SD-CT,FBA76864,AI-04 Red,Audio Array,Audio Interface,Audio Interface,
2026-07-06,B0BPLZ5CGV,1558.63,Audio Interfaces,3,88800319740398,3,21021,B0BPLZ5CGV,21046032203721,15675.43,101,Audio Array-Catch All-SD-CT,FBA76864,AI-04 Red,Audio Array,Audio Interface,Audio Interface,
2026-07-07,B0BPLZ5CGV,1396.2,Audio Interfaces,4,88800319740398,4,30192,B0BPLZ5CGV,21046032203721,15552.09,103,Audio Array-Catch All-SD-CT,FBA76864,AI-04 Red,Audio Array,Audio Interface,Audio Interface,
2026-07-08,B0BPLZ5CGV,1203.32,Audio Interfaces,2,88800319740398,2,42053,B0BPLZ5CGV,21046032203721,8133.9,108,Audio Array-Catch All-SD-CT,FBA76864,AI-04 Red,Audio Array,Audio Interface,Audio Interface,
2026-07-09,B0BPLZ5CGV,1160.34,Audio Interfaces,2,88800319740398,2,31161,B0BPLZ5CGV,21046032203721,4066.95,115,Audio Array-Catch All-SD-CT,FBA76864,AI-04 Red,Audio Array,Audio Interface,Audio Interface,
2026-07-10,B0BPLZ5CGV,809.85,Audio Interfaces,3,88800319740398,3,28767,B0BPLZ5CGV,21046032203721,24997.46,96,Audio Array-Catch All-SD-CT,FBA76864,AI-04 Red,Audio Array,Audio Interface,Audio Interface,
2026-07-11,B0BPLZ5CGV,1305.15,Audio Interfaces,2,88800319740398,2,33176,B0BPLZ5CGV,21046032203721,4467.8,150,Audio Array-Catch All-SD-CT,FBA76864,AI-04 Red,Audio Array,Audio Interface,Audio Interface,
2026-07-12,B0BPLZ5CGV,1297.26,Audio Interfaces,3,88800319740398,3,30798,B0BPLZ5CGV,21046032203721,7328.81,120,Audio Array-Catch All-SD-CT,FBA76864,AI-04 Red,Audio Array,Audio Interface,Audio Interface,
2026-07-13,B0BPLZ5CGV,1114.0,Audio Interfaces,4,88800319740398,4,31575,B0BPLZ5CGV,21046032203721,13613.54,128,Audio Array-Catch All-SD-CT,FBA76864,AI-04 Red,Audio Array,Audio Interface,Audio Interface,
2026-07-14,B0BPLZ5CGV,1494.29,Audio Interfaces,4,88800319740398,4,31385,B0BPLZ5CGV,21046032203721,14926.26,127,Audio Array-Catch All-SD-CT,FBA76864,AI-04 Red,Audio Array,Audio Interface,Audio Interface,
2026-07-15,B0BPLZ5CGV,1059.59,Audio Interfaces,2,88800319740398,2,29696,B0BPLZ5CGV,21046032203721,6467.79,98,Audio Array-Catch All-SD-CT,FBA76864,AI-04 Red,Audio Array,Audio Interface,Audio Interface,
2026-07-16,B0BPLZ5CGV,1212.41,Audio Interfaces,3,88800319740398,3,28401,B0BPLZ5CGV,21046032203721,9826.27,120,Audio Array-Catch All-SD-CT,FBA76864,AI-04 Red,Audio Array,Audio Interface,Audio Interface,
2026-07-17,B0BPLZ5CGV,1313.79,Audio Interfaces,2,88800319740398,2,31290,B0BPLZ5CGV,21046032203721,4066.1,127,Audio Array-Catch All-SD-CT,FBA76864,AI-04 Red,Audio Array,Audio Interface,Audio Interface,
2026-07-18,B0BPLZ5CGV,1215.55,Audio Interfaces,2,88800319740398,2,30186,B0BPLZ5CGV,21046032203721,4066.1,126,Audio Array-Catch All-SD-CT,FBA76864,AI-04 Red,Audio Array,Audio Interface,Audio Interface,
2026-07-19,B0BPLZ5CGV,1109.02,Audio Interfaces,3,88800319740398,3,47786,B0BPLZ5CGV,21046032203721,8597.45,139,Audio Array-Catch All-SD-CT,FBA76864,AI-04 Red,Audio Array,Audio Interface,Audio Interface,
2026-07-20,B0BPLZ5CGV,892.18,Audio Interfaces,1,88800319740398,1,33753,B0BPLZ5CGV,21046032203721,4066.1,119,Audio Array-Catch All-SD-CT,FBA76864,AI-04 Red,Audio Array,Audio Interface,Audio Interface,
2026-07-21,B0BPLZ5CGV,1321.67,Audio Interfaces,5,88800319740398,5,52535,B0BPLZ5CGV,21046032203721,12663.55,156,Audio Array-Catch All-SD-CT,FBA76864,AI-04 Red,Audio Array,Audio Interface,Audio Interface,
2026-07-01,B0B4G1HPL5,0.0,Dynamic Mic,0,88800319740398,0,0,B0B4G1HPL5,189182706060711,0.0,0,Audio Array-Catch All-SD-CT,FBA75692,AM-C11,Audio Array,Microphone Dynamic,USB/XLR Dynamic Mic,
2026-07-02,B0B4G1HPL5,0.0,Dynamic Mic,0,88800319740398,0,0,B0B4G1HPL5,189182706060711,0.0,0,Audio Array-Catch All-SD-CT,FBA75692,AM-C11,Audio Array,Microphone Dynamic,USB/XLR Dynamic Mic,
2026-07-03,B0B4G1HPL5,0.0,Dynamic Mic,0,88800319740398,0,0,B0B4G1HPL5,189182706060711,0.0,0,Audio Array-Catch All-SD-CT,FBA75692,AM-C11,Audio Array,Microphone Dynamic,USB/XLR Dynamic Mic,
2026-07-04,B0B4G1HPL5,0.0,Dynamic Mic,0,88800319740398,0,0,B0B4G1HPL5,189182706060711,0.0,0,Audio Array-Catch All-SD-CT,FBA75692,AM-C11,Audio Array,Microphone Dynamic,USB/XLR Dynamic Mic,
2026-07-05,B0B4G1HPL5,0.0,Dynamic Mic,0,88800319740398,0,0,B0B4G1HPL5,189182706060711,0.0,0,Audio Array-Catch All-SD-CT,FBA75692,AM-C11,Audio Array,Microphone Dynamic,USB/XLR Dynamic Mic,
2026-07-06,B0B4G1HPL5,0.0,Dynamic Mic,0,88800319740398,0,0,B0B4G1HPL5,189182706060711,0.0,0,Audio Array-Catch All-SD-CT,FBA75692,AM-C11,Audio Array,Microphone Dynamic,USB/XLR Dynamic Mic,
2026-07-07,B0B4G1HPL5,0.0,Dynamic Mic,0,88800319740398,0,0,B0B4G1HPL5,189182706060711,0.0,0,Audio Array-Catch All-SD-CT,FBA75692,AM-C11,Audio Array,Microphone Dynamic,USB/XLR Dynamic Mic,
2026-07-08,B0B4G1HPL5,0.0,Dynamic Mic,0,88800319740398,0,0,B0B4G1HPL5,189182706060711,0.0,0,Audio Array-Catch All-SD-CT,FBA75692,AM-C11,Audio Array,Microphone Dynamic,USB/XLR Dynamic Mic,
2026-07-09,B0B4G1HPL5,0.0,Dynamic Mic,0,88800319740398,0,0,B0B4G1HPL5,189182706060711,0.0,0,Audio Array-Catch All-SD-CT,FBA75692,AM-C11,Audio Array,Microphone Dynamic,USB/XLR Dynamic Mic,
2026-07-10,B0B4G1HPL5,0.0,Dynamic Mic,0,88800319740398,0,0,B0B4G1HPL5,189182706060711,0.0,0,Audio Array-Catch All-SD-CT,FBA75692,AM-C11,Audio Array,Microphone Dynamic,USB/XLR Dynamic Mic,
2026-07-11,B0B4G1HPL5,0.0,Dynamic Mic,0,88800319740398,0,0,B0B4G1HPL5,189182706060711,0.0,0,Audio Array-Catch All-SD-CT,FBA75692,AM-C11,Audio Array,Microphone Dynamic,USB/XLR Dynamic Mic,
2026-07-12,B0B4G1HPL5,0.0,Dynamic Mic,0,88800319740398,0,0,B0B4G1HPL5,189182706060711,0.0,0,Audio Array-Catch All-SD-CT,FBA75692,AM-C11,Audio Array,Microphone Dynamic,USB/XLR Dynamic Mic,
2026-07-13,B0B4G1HPL5,0.0,Dynamic Mic,0,88800319740398,0,0,B0B4G1HPL5,189182706060711,0.0,0,Audio Array-Catch All-SD-CT,FBA75692,AM-C11,Audio Array,Microphone Dynamic,USB/XLR Dynamic Mic,
2026-07-14,B0B4G1HPL5,0.0,Dynamic Mic,0,88800319740398,0,0,B0B4G1HPL5,189182706060711,0.0,0,Audio Array-Catch All-SD-CT,FBA75692,AM-C11,Audio Array,Microphone Dynamic,USB/XLR Dynamic Mic,
2026-07-15,B0B4G1HPL5,0.0,Dynamic Mic,0,88800319740398,0,0,B0B4G1HPL5,189182706060711,0.0,0,Audio Array-Catch All-SD-CT,FBA75692,AM-C11,Audio Array,Microphone Dynamic,USB/XLR Dynamic Mic,
2026-07-16,B0B4G1HPL5,0.0,Dynamic Mic,0,88800319740398,0,0,B0B4G1HPL5,189182706060711,0.0,0,Audio Array-Catch All-SD-CT,FBA75692,AM-C11,Audio Array,Microphone Dynamic,USB/XLR Dynamic Mic,
2026-07-17,B0B4G1HPL5,0.0,Dynamic Mic,0,88800319740398,0,0,B0B4G1HPL5,189182706060711,0.0,0,Audio Array-Catch All-SD-CT,FBA75692,AM-C11,Audio Array,Microphone Dynamic,USB/XLR Dynamic Mic,
2026-07-18,B0B4G1HPL5,0.0,Dynamic Mic,0,88800319740398,0,0,B0B4G1HPL5,189182706060711,0.0,0,Audio Array-Catch All-SD-CT,FBA75692,AM-C11,Audio Array,Microphone Dynamic,USB/XLR Dynamic Mic,
2026-07-19,B0B4G1HPL5,0.0,Dynamic Mic,0,88800319740398,0,0,B0B4G1HPL5,189182706060711,0.0,0,Audio Array-Catch All-SD-CT,FBA75692,AM-C11,Audio Array,Microphone Dynamic,USB/XLR Dynamic Mic,
2026-07-20,B0B4G1HPL5,0.0,Dynamic Mic,0,88800319740398,0,0,B0B4G1HPL5,189182706060711,0.0,0,Audio Array-Catch All-SD-CT,FBA75692,AM-C11,Audio Array,Microphone Dynamic,USB/XLR Dynamic Mic,
2026-07-21,B0B4G1HPL5,0.0,Dynamic Mic,0,88800319740398,0,0,B0B4G1HPL5,189182706060711,0.0,0,Audio Array-Catch All-SD-CT,FBA75692,AM-C11,Audio Array,Microphone Dynamic,USB/XLR Dynamic Mic,
2026-07-01,B0B4DPX2J2,595.69,Audio Array-Multi Ad group-Condenser -SD-PT,3,339757386460382,3,10860,B0B4DPX2J2,460860619426172,11821.65,39,Audio Array-B0B4DPX2J2-Condenser-SD-PT,FBA75673,AM-C1,Audio Array,Microphone Condenser,USB Microphone Kit - Boomarm,
2026-07-02,B0B4DPX2J2,604.08,Audio Array-Multi Ad group-Condenser -SD-PT,1,339757386460382,1,5506,B0B4DPX2J2,460860619426172,2287.29,21,Audio Array-B0B4DPX2J2-Condenser-SD-PT,FBA75673,AM-C1,Audio Array,Microphone Condenser,USB Microphone Kit - Boomarm,
2026-07-03,B0B4DPX2J2,400.11,Audio Array-Multi Ad group-Condenser -SD-PT,1,339757386460382,1,8315,B0B4DPX2J2,460860619426172,2244.92,27,Audio Array-B0B4DPX2J2-Condenser-SD-PT,FBA75673,AM-C1,Audio Array,Microphone Condenser,USB Microphone Kit - Boomarm,
2026-07-04,B0B4DPX2J2,604.26,Audio Array-Multi Ad group-Condenser -SD-PT,0,339757386460382,0,5620,B0B4DPX2J2,460860619426172,0.0,19,Audio Array-B0B4DPX2J2-Condenser-SD-PT,FBA75673,AM-C1,Audio Array,Microphone Condenser,USB Microphone Kit - Boomarm,
2026-07-05,B0B4DPX2J2,595.23,Audio Array-Multi Ad group-Condenser -SD-PT,0,339757386460382,0,5115,B0B4DPX2J2,460860619426172,0.0,23,Audio Array-B0B4DPX2J2-Condenser-SD-PT,FBA75673,AM-C1,Audio Array,Microphone Condenser,USB Microphone Kit - Boomarm,
2026-07-06,B0B4DPX2J2,415.04,Audio Array-Multi Ad group-Condenser -SD-PT,0,339757386460382,0,5958,B0B4DPX2J2,460860619426172,0.0,20,Audio Array-B0B4DPX2J2-Condenser-SD-PT,FBA75673,AM-C1,Audio Array,Microphone Condenser,USB Microphone Kit - Boomarm,
2026-07-07,B0B4DPX2J2,364.08,Audio Array-Multi Ad group-Condenser -SD-PT,0,339757386460382,0,12722,B0B4DPX2J2,460860619426172,0.0,32,Audio Array-B0B4DPX2J2-Condenser-SD-PT,FBA75673,AM-C1,Audio Array,Microphone Condenser,USB Microphone Kit - Boomarm,
2026-07-08,B0B4DPX2J2,366.96,Audio Array-Multi Ad group-Condenser -SD-PT,2,339757386460382,2,5567,B0B4DPX2J2,460860619426172,20619.49,22,Audio Array-B0B4DPX2J2-Condenser-SD-PT,FBA75673,AM-C1,Audio Array,Microphone Condenser,USB Microphone Kit - Boomarm,
2026-07-09,B0B4DPX2J2,78.41,Audio Array-Multi Ad group-Condenser -SD-PT,0,339757386460382,0,549,B0B4DPX2J2,460860619426172,0.0,5,Audio Array-B0B4DPX2J2-Condenser-SD-PT,FBA75673,AM-C1,Audio Array,Microphone Condenser,USB Microphone Kit - Boomarm,
2026-07-10,B0B4DPX2J2,0.0,Audio Array-Multi Ad group-Condenser -SD-PT,0,339757386460382,0,0,B0B4DPX2J2,460860619426172,0.0,0,Audio Array-B0B4DPX2J2-Condenser-SD-PT,FBA75673,AM-C1,Audio Array,Microphone Condenser,USB Microphone Kit - Boomarm,
2026-07-11,B0B4DPX2J2,0.0,Audio Array-Multi Ad group-Condenser -SD-PT,0,339757386460382,0,0,B0B4DPX2J2,460860619426172,0.0,0,Audio Array-B0B4DPX2J2-Condenser-SD-PT,FBA75673,AM-C1,Audio Array,Microphone Condenser,USB Microphone Kit - Boomarm,
2026-07-12,B0B4DPX2J2,0.0,Audio Array-Multi Ad group-Condenser -SD-PT,0,339757386460382,0,0,B0B4DPX2J2,460860619426172,0.0,0,Audio Array-B0B4DPX2J2-Condenser-SD-PT,FBA75673,AM-C1,Audio Array,Microphone Condenser,USB Microphone Kit - Boomarm,
2026-07-13,B0B4DPX2J2,0.0,Audio Array-Multi Ad group-Condenser -SD-PT,0,339757386460382,0,0,B0B4DPX2J2,460860619426172,0.0,0,Audio Array-B0B4DPX2J2-Condenser-SD-PT,FBA75673,AM-C1,Audio Array,Microphone Condenser,USB Microphone Kit - Boomarm,
2026-07-14,B0B4DPX2J2,0.0,Audio Array-Multi Ad group-Condenser -SD-PT,0,339757386460382,0,0,B0B4DPX2J2,460860619426172,0.0,0,Audio Array-B0B4DPX2J2-Condenser-SD-PT,FBA75673,AM-C1,Audio Array,Microphone Condenser,USB Microphone Kit - Boomarm,
2026-07-15,B0B4DPX2J2,0.0,Audio Array-Multi Ad group-Condenser -SD-PT,0,339757386460382,0,0,B0B4DPX2J2,460860619426172,0.0,0,Audio Array-B0B4DPX2J2-Condenser-SD-PT,FBA75673,AM-C1,Audio Array,Microphone Condenser,USB Microphone Kit - Boomarm,
2026-07-16,B0B4DPX2J2,104.85,Audio Array-Multi Ad group-Condenser -SD-PT,1,339757386460382,1,2930,B0B4DPX2J2,460860619426172,2372.03,12,Audio Array-B0B4DPX2J2-Condenser-SD-PT,FBA75673,AM-C1,Audio Array,Microphone Condenser,USB Microphone Kit - Boomarm,
2026-07-17,B0B4DPX2J2,93.87,Audio Array-Multi Ad group-Condenser -SD-PT,0,339757386460382,0,4199,B0B4DPX2J2,460860619426172,0.0,12,Audio Array-B0B4DPX2J2-Condenser-SD-PT,FBA75673,AM-C1,Audio Array,Microphone Condenser,USB Microphone Kit - Boomarm,
2026-07-18,B0B4DPX2J2,313.8,Audio Array-Multi Ad group-Condenser -SD-PT,0,339757386460382,0,11606,B0B4DPX2J2,460860619426172,0.0,38,Audio Array-B0B4DPX2J2-Condenser-SD-PT,FBA75673,AM-C1,Audio Array,Microphone Condenser,USB Microphone Kit - Boomarm,
2026-07-19,B0B4DPX2J2,314.03,Audio Array-Multi Ad group-Condenser -SD-PT,0,339757386460382,0,3566,B0B4DPX2J2,460860619426172,0.0,19,Audio Array-B0B4DPX2J2-Condenser-SD-PT,FBA75673,AM-C1,Audio Array,Microphone Condenser,USB Microphone Kit - Boomarm,
2026-07-20,B0B4DPX2J2,288.28,Audio Array-Multi Ad group-Condenser -SD-PT,1,339757386460382,1,6237,B0B4DPX2J2,460860619426172,2121.19,25,Audio Array-B0B4DPX2J2-Condenser-SD-PT,FBA75673,AM-C1,Audio Array,Microphone Condenser,USB Microphone Kit - Boomarm,
2026-07-21,B0B4DPX2J2,254.65,Audio Array-Multi Ad group-Condenser -SD-PT,0,339757386460382,0,3492,B0B4DPX2J2,460860619426172,0.0,21,Audio Array-B0B4DPX2J2-Condenser-SD-PT,FBA75673,AM-C1,Audio Array,Microphone Condenser,USB Microphone Kit - Boomarm,
2026-07-01,B0CBC7QMNV,0.0,Dynamic Mic,0,88800319740398,0,0,B0CBC7QMNV,189182706060711,0.0,0,Audio Array-Catch All-SD-CT,FBA78925,AM-C11X,Audio Array,Microphone Dynamic,XLR Dynamic Mic,
2026-07-02,B0CBC7QMNV,0.0,Dynamic Mic,0,88800319740398,0,0,B0CBC7QMNV,189182706060711,0.0,0,Audio Array-Catch All-SD-CT,FBA78925,AM-C11X,Audio Array,Microphone Dynamic,XLR Dynamic Mic,
2026-07-03,B0CBC7QMNV,0.0,Dynamic Mic,0,88800319740398,0,0,B0CBC7QMNV,189182706060711,0.0,0,Audio Array-Catch All-SD-CT,FBA78925,AM-C11X,Audio Array,Microphone Dynamic,XLR Dynamic Mic,
2026-07-04,B0CBC7QMNV,0.0,Dynamic Mic,0,88800319740398,0,0,B0CBC7QMNV,189182706060711,0.0,0,Audio Array-Catch All-SD-CT,FBA78925,AM-C11X,Audio Array,Microphone Dynamic,XLR Dynamic Mic,
2026-07-05,B0CBC7QMNV,0.0,Dynamic Mic,0,88800319740398,0,0,B0CBC7QMNV,189182706060711,0.0,0,Audio Array-Catch All-SD-CT,FBA78925,AM-C11X,Audio Array,Microphone Dynamic,XLR Dynamic Mic,
2026-07-06,B0CBC7QMNV,0.0,Dynamic Mic,0,88800319740398,0,0,B0CBC7QMNV,189182706060711,0.0,0,Audio Array-Catch All-SD-CT,FBA78925,AM-C11X,Audio Array,Microphone Dynamic,XLR Dynamic Mic,
2026-07-07,B0CBC7QMNV,0.0,Dynamic Mic,0,88800319740398,0,0,B0CBC7QMNV,189182706060711,0.0,0,Audio Array-Catch All-SD-CT,FBA78925,AM-C11X,Audio Array,Microphone Dynamic,XLR Dynamic Mic,
2026-07-08,B0CBC7QMNV,0.0,Dynamic Mic,0,88800319740398,0,0,B0CBC7QMNV,189182706060711,0.0,0,Audio Array-Catch All-SD-CT,FBA78925,AM-C11X,Audio Array,Microphone Dynamic,XLR Dynamic Mic,
2026-07-09,B0CBC7QMNV,0.0,Dynamic Mic,0,88800319740398,0,0,B0CBC7QMNV,189182706060711,0.0,0,Audio Array-Catch All-SD-CT,FBA78925,AM-C11X,Audio Array,Microphone Dynamic,XLR Dynamic Mic,
2026-07-10,B0CBC7QMNV,0.0,Dynamic Mic,0,88800319740398,0,0,B0CBC7QMNV,189182706060711,0.0,0,Audio Array-Catch All-SD-CT,FBA78925,AM-C11X,Audio Array,Microphone Dynamic,XLR Dynamic Mic,
2026-07-11,B0CBC7QMNV,0.0,Dynamic Mic,0,88800319740398,0,0,B0CBC7QMNV,189182706060711,0.0,0,Audio Array-Catch All-SD-CT,FBA78925,AM-C11X,Audio Array,Microphone Dynamic,XLR Dynamic Mic,
2026-07-12,B0CBC7QMNV,0.0,Dynamic Mic,0,88800319740398,0,0,B0CBC7QMNV,189182706060711,0.0,0,Audio Array-Catch All-SD-CT,FBA78925,AM-C11X,Audio Array,Microphone Dynamic,XLR Dynamic Mic,
2026-07-13,B0CBC7QMNV,0.0,Dynamic Mic,0,88800319740398,0,0,B0CBC7QMNV,189182706060711,0.0,0,Audio Array-Catch All-SD-CT,FBA78925,AM-C11X,Audio Array,Microphone Dynamic,XLR Dynamic Mic,
2026-07-14,B0CBC7QMNV,0.0,Dynamic Mic,0,88800319740398,0,0,B0CBC7QMNV,189182706060711,0.0,0,Audio Array-Catch All-SD-CT,FBA78925,AM-C11X,Audio Array,Microphone Dynamic,XLR Dynamic Mic,
2026-07-15,B0CBC7QMNV,0.0,Dynamic Mic,0,88800319740398,0,0,B0CBC7QMNV,189182706060711,0.0,0,Audio Array-Catch All-SD-CT,FBA78925,AM-C11X,Audio Array,Microphone Dynamic,XLR Dynamic Mic,
2026-07-16,B0CBC7QMNV,0.0,Dynamic Mic,0,88800319740398,0,0,B0CBC7QMNV,189182706060711,0.0,0,Audio Array-Catch All-SD-CT,FBA78925,AM-C11X,Audio Array,Microphone Dynamic,XLR Dynamic Mic,
2026-07-17,B0CBC7QMNV,0.0,Dynamic Mic,0,88800319740398,0,0,B0CBC7QMNV,189182706060711,0.0,0,Audio Array-Catch All-SD-CT,FBA78925,AM-C11X,Audio Array,Microphone Dynamic,XLR Dynamic Mic,
2026-07-18,B0CBC7QMNV,0.0,Dynamic Mic,0,88800319740398,0,0,B0CBC7QMNV,189182706060711,0.0,0,Audio Array-Catch All-SD-CT,FBA78925,AM-C11X,Audio Array,Microphone Dynamic,XLR Dynamic Mic,
2026-07-19,B0CBC7QMNV,0.0,Dynamic Mic,0,88800319740398,0,0,B0CBC7QMNV,189182706060711,0.0,0,Audio Array-Catch All-SD-CT,FBA78925,AM-C11X,Audio Array,Microphone Dynamic,XLR Dynamic Mic,
2026-07-20,B0CBC7QMNV,0.0,Dynamic Mic,0,88800319740398,0,0,B0CBC7QMNV,189182706060711,0.0,0,Audio Array-Catch All-SD-CT,FBA78925,AM-C11X,Audio Array,Microphone Dynamic,XLR Dynamic Mic,
2026-07-21,B0CBC7QMNV,0.0,Dynamic Mic,0,88800319740398,0,0,B0CBC7QMNV,189182706060711,0.0,0,Audio Array-Catch All-SD-CT,FBA78925,AM-C11X,Audio Array,Microphone Dynamic,XLR Dynamic Mic,
2026-07-01,B0CM6NTWBP,0.0,Audio Interfaces,0,88800319740398,0,0,B0CM6NTWBP,21046032203721,0.0,0,Audio Array-Catch All-SD-CT,FBA79103,AI-10,Audio Array,Audio Interface,Audio Interface,
2026-07-02,B0CM6NTWBP,0.0,Audio Interfaces,0,88800319740398,0,0,B0CM6NTWBP,21046032203721,0.0,0,Audio Array-Catch All-SD-CT,FBA79103,AI-10,Audio Array,Audio Interface,Audio Interface,
2026-07-03,B0CM6NTWBP,0.0,Audio Interfaces,0,88800319740398,0,0,B0CM6NTWBP,21046032203721,0.0,0,Audio Array-Catch All-SD-CT,FBA79103,AI-10,Audio Array,Audio Interface,Audio Interface,
2026-07-04,B0CM6NTWBP,0.0,Audio Interfaces,0,88800319740398,0,0,B0CM6NTWBP,21046032203721,0.0,0,Audio Array-Catch All-SD-CT,FBA79103,AI-10,Audio Array,Audio Interface,Audio Interface,
2026-07-05,B0CM6NTWBP,0.0,Audio Interfaces,0,88800319740398,0,0,B0CM6NTWBP,21046032203721,0.0,0,Audio Array-Catch All-SD-CT,FBA79103,AI-10,Audio Array,Audio Interface,Audio Interface,
2026-07-06,B0CM6NTWBP,0.0,Audio Interfaces,0,88800319740398,0,0,B0CM6NTWBP,21046032203721,0.0,0,Audio Array-Catch All-SD-CT,FBA79103,AI-10,Audio Array,Audio Interface,Audio Interface,
2026-07-07,B0CM6NTWBP,0.0,Audio Interfaces,0,88800319740398,0,0,B0CM6NTWBP,21046032203721,0.0,0,Audio Array-Catch All-SD-CT,FBA79103,AI-10,Audio Array,Audio Interface,Audio Interface,
2026-07-08,B0CM6NTWBP,0.0,Audio Interfaces,0,88800319740398,0,0,B0CM6NTWBP,21046032203721,0.0,0,Audio Array-Catch All-SD-CT,FBA79103,AI-10,Audio Array,Audio Interface,Audio Interface,
2026-07-09,B0CM6NTWBP,0.0,Audio Interfaces,0,88800319740398,0,0,B0CM6NTWBP,21046032203721,0.0,0,Audio Array-Catch All-SD-CT,FBA79103,AI-10,Audio Array,Audio Interface,Audio Interface,
2026-07-10,B0CM6NTWBP,0.0,Audio Interfaces,0,88800319740398,0,0,B0CM6NTWBP,21046032203721,0.0,0,Audio Array-Catch All-SD-CT,FBA79103,AI-10,Audio Array,Audio Interface,Audio Interface,
2026-07-11,B0CM6NTWBP,0.0,Audio Interfaces,0,88800319740398,0,0,B0CM6NTWBP,21046032203721,0.0,0,Audio Array-Catch All-SD-CT,FBA79103,AI-10,Audio Array,Audio Interface,Audio Interface,
2026-07-12,B0CM6NTWBP,0.0,Audio Interfaces,0,88800319740398,0,0,B0CM6NTWBP,21046032203721,0.0,0,Audio Array-Catch All-SD-CT,FBA79103,AI-10,Audio Array,Audio Interface,Audio Interface,
2026-07-13,B0CM6NTWBP,0.0,Audio Interfaces,0,88800319740398,0,0,B0CM6NTWBP,21046032203721,0.0,0,Audio Array-Catch All-SD-CT,FBA79103,AI-10,Audio Array,Audio Interface,Audio Interface,
2026-07-14,B0CM6NTWBP,0.0,Audio Interfaces,0,88800319740398,0,0,B0CM6NTWBP,21046032203721,0.0,0,Audio Array-Catch All-SD-CT,FBA79103,AI-10,Audio Array,Audio Interface,Audio Interface,
2026-07-15,B0CM6NTWBP,0.0,Audio Interfaces,0,88800319740398,0,0,B0CM6NTWBP,21046032203721,0.0,0,Audio Array-Catch All-SD-CT,FBA79103,AI-10,Audio Array,Audio Interface,Audio Interface,
2026-07-16,B0CM6NTWBP,0.0,Audio Interfaces,0,88800319740398,0,0,B0CM6NTWBP,21046032203721,0.0,0,Audio Array-Catch All-SD-CT,FBA79103,AI-10,Audio Array,Audio Interface,Audio Interface,
2026-07-17,B0CM6NTWBP,0.0,Audio Interfaces,0,88800319740398,0,0,B0CM6NTWBP,21046032203721,0.0,0,Audio Array-Catch All-SD-CT,FBA79103,AI-10,Audio Array,Audio Interface,Audio Interface,
2026-07-18,B0CM6NTWBP,0.0,Audio Interfaces,0,88800319740398,0,0,B0CM6NTWBP,21046032203721,0.0,0,Audio Array-Catch All-SD-CT,FBA79103,AI-10,Audio Array,Audio Interface,Audio Interface,
2026-07-19,B0CM6NTWBP,0.0,Audio Interfaces,0,88800319740398,0,0,B0CM6NTWBP,21046032203721,0.0,0,Audio Array-Catch All-SD-CT,FBA79103,AI-10,Audio Array,Audio Interface,Audio Interface,
2026-07-20,B0CM6NTWBP,0.0,Audio Interfaces,0,88800319740398,0,0,B0CM6NTWBP,21046032203721,0.0,0,Audio Array-Catch All-SD-CT,FBA79103,AI-10,Audio Array,Audio Interface,Audio Interface,
2026-07-21,B0CM6NTWBP,0.0,Audio Interfaces,0,88800319740398,0,0,B0CM6NTWBP,21046032203721,0.0,0,Audio Array-Catch All-SD-CT,FBA79103,AI-10,Audio Array,Audio Interface,Audio Interface,
2026-07-01,B0CM6NVLT9,0.0,Audio Interfaces,0,88800319740398,0,0,B0CM6NVLT9,21046032203721,0.0,0,Audio Array-Catch All-SD-CT,FBA79104,AI-11,Audio Array,Audio Interface,Audio Interface,
2026-07-02,B0CM6NVLT9,0.0,Audio Interfaces,0,88800319740398,0,0,B0CM6NVLT9,21046032203721,0.0,0,Audio Array-Catch All-SD-CT,FBA79104,AI-11,Audio Array,Audio Interface,Audio Interface,
2026-07-03,B0CM6NVLT9,0.0,Audio Interfaces,0,88800319740398,0,0,B0CM6NVLT9,21046032203721,0.0,0,Audio Array-Catch All-SD-CT,FBA79104,AI-11,Audio Array,Audio Interface,Audio Interface,
2026-07-04,B0CM6NVLT9,0.0,Audio Interfaces,0,88800319740398,0,0,B0CM6NVLT9,21046032203721,0.0,0,Audio Array-Catch All-SD-CT,FBA79104,AI-11,Audio Array,Audio Interface,Audio Interface,
2026-07-05,B0CM6NVLT9,0.0,Audio Interfaces,0,88800319740398,0,0,B0CM6NVLT9,21046032203721,0.0,0,Audio Array-Catch All-SD-CT,FBA79104,AI-11,Audio Array,Audio Interface,Audio Interface,
2026-07-06,B0CM6NVLT9,0.0,Audio Interfaces,0,88800319740398,0,0,B0CM6NVLT9,21046032203721,0.0,0,Audio Array-Catch All-SD-CT,FBA79104,AI-11,Audio Array,Audio Interface,Audio Interface,
2026-07-07,B0CM6NVLT9,0.0,Audio Interfaces,0,88800319740398,0,0,B0CM6NVLT9,21046032203721,0.0,0,Audio Array-Catch All-SD-CT,FBA79104,AI-11,Audio Array,Audio Interface,Audio Interface,
2026-07-08,B0CM6NVLT9,0.0,Audio Interfaces,0,88800319740398,0,0,B0CM6NVLT9,21046032203721,0.0,0,Audio Array-Catch All-SD-CT,FBA79104,AI-11,Audio Array,Audio Interface,Audio Interface,
2026-07-09,B0CM6NVLT9,0.0,Audio Interfaces,0,88800319740398,0,0,B0CM6NVLT9,21046032203721,0.0,0,Audio Array-Catch All-SD-CT,FBA79104,AI-11,Audio Array,Audio Interface,Audio Interface,
2026-07-10,B0CM6NVLT9,0.0,Audio Interfaces,0,88800319740398,0,0,B0CM6NVLT9,21046032203721,0.0,0,Audio Array-Catch All-SD-CT,FBA79104,AI-11,Audio Array,Audio Interface,Audio Interface,
2026-07-11,B0CM6NVLT9,0.0,Audio Interfaces,0,88800319740398,0,0,B0CM6NVLT9,21046032203721,0.0,0,Audio Array-Catch All-SD-CT,FBA79104,AI-11,Audio Array,Audio Interface,Audio Interface,
2026-07-12,B0CM6NVLT9,0.0,Audio Interfaces,0,88800319740398,0,0,B0CM6NVLT9,21046032203721,0.0,0,Audio Array-Catch All-SD-CT,FBA79104,AI-11,Audio Array,Audio Interface,Audio Interface,
2026-07-13,B0CM6NVLT9,0.0,Audio Interfaces,0,88800319740398,0,0,B0CM6NVLT9,21046032203721,0.0,0,Audio Array-Catch All-SD-CT,FBA79104,AI-11,Audio Array,Audio Interface,Audio Interface,
2026-07-14,B0CM6NVLT9,0.0,Audio Interfaces,0,88800319740398,0,0,B0CM6NVLT9,21046032203721,0.0,0,Audio Array-Catch All-SD-CT,FBA79104,AI-11,Audio Array,Audio Interface,Audio Interface,
2026-07-15,B0CM6NVLT9,0.0,Audio Interfaces,0,88800319740398,0,0,B0CM6NVLT9,21046032203721,0.0,0,Audio Array-Catch All-SD-CT,FBA79104,AI-11,Audio Array,Audio Interface,Audio Interface,
2026-07-16,B0CM6NVLT9,0.0,Audio Interfaces,0,88800319740398,0,0,B0CM6NVLT9,21046032203721,0.0,0,Audio Array-Catch All-SD-CT,FBA79104,AI-11,Audio Array,Audio Interface,Audio Interface,
2026-07-17,B0CM6NVLT9,0.0,Audio Interfaces,0,88800319740398,0,0,B0CM6NVLT9,21046032203721,0.0,0,Audio Array-Catch All-SD-CT,FBA79104,AI-11,Audio Array,Audio Interface,Audio Interface,
2026-07-18,B0CM6NVLT9,0.0,Audio Interfaces,0,88800319740398,0,0,B0CM6NVLT9,21046032203721,0.0,0,Audio Array-Catch All-SD-CT,FBA79104,AI-11,Audio Array,Audio Interface,Audio Interface,
2026-07-19,B0CM6NVLT9,0.0,Audio Interfaces,0,88800319740398,0,0,B0CM6NVLT9,21046032203721,0.0,0,Audio Array-Catch All-SD-CT,FBA79104,AI-11,Audio Array,Audio Interface,Audio Interface,
2026-07-20,B0CM6NVLT9,0.0,Audio Interfaces,0,88800319740398,0,0,B0CM6NVLT9,21046032203721,0.0,0,Audio Array-Catch All-SD-CT,FBA79104,AI-11,Audio Array,Audio Interface,Audio Interface,
2026-07-21,B0CM6NVLT9,0.0,Audio Interfaces,0,88800319740398,0,0,B0CM6NVLT9,21046032203721,0.0,0,Audio Array-Catch All-SD-CT,FBA79104,AI-11,Audio Array,Audio Interface,Audio Interface,
2026-07-01,B0CKHVHVQ1,0.0,Conference Mics,0,88800319740398,0,0,B0CKHVHVQ1,198602319025234,0.0,0,Audio Array-Catch All-SD-CT,FBA79005,AM-W45,Audio Array,Microphone Conference,Wireless Conference Microphone,
2026-07-02,B0CKHVHVQ1,0.0,Conference Mics,0,88800319740398,0,0,B0CKHVHVQ1,198602319025234,0.0,0,Audio Array-Catch All-SD-CT,FBA79005,AM-W45,Audio Array,Microphone Conference,Wireless Conference Microphone,
2026-07-03,B0CKHVHVQ1,0.0,Conference Mics,0,88800319740398,0,0,B0CKHVHVQ1,198602319025234,0.0,0,Audio Array-Catch All-SD-CT,FBA79005,AM-W45,Audio Array,Microphone Conference,Wireless Conference Microphone,
2026-07-04,B0CKHVHVQ1,0.0,Conference Mics,0,88800319740398,0,0,B0CKHVHVQ1,198602319025234,0.0,0,Audio Array-Catch All-SD-CT,FBA79005,AM-W45,Audio Array,Microphone Conference,Wireless Conference Microphone,
2026-07-05,B0CKHVHVQ1,0.0,Conference Mics,0,88800319740398,0,0,B0CKHVHVQ1,198602319025234,0.0,0,Audio Array-Catch All-SD-CT,FBA79005,AM-W45,Audio Array,Microphone Conference,Wireless Conference Microphone,
2026-07-06,B0CKHVHVQ1,0.0,Conference Mics,0,88800319740398,0,0,B0CKHVHVQ1,198602319025234,0.0,0,Audio Array-Catch All-SD-CT,FBA79005,AM-W45,Audio Array,Microphone Conference,Wireless Conference Microphone,
2026-07-07,B0CKHVHVQ1,0.0,Conference Mics,0,88800319740398,0,0,B0CKHVHVQ1,198602319025234,0.0,0,Audio Array-Catch All-SD-CT,FBA79005,AM-W45,Audio Array,Microphone Conference,Wireless Conference Microphone,
2026-07-08,B0CKHVHVQ1,0.0,Conference Mics,0,88800319740398,0,0,B0CKHVHVQ1,198602319025234,0.0,0,Audio Array-Catch All-SD-CT,FBA79005,AM-W45,Audio Array,Microphone Conference,Wireless Conference Microphone,
2026-07-09,B0CKHVHVQ1,0.0,Conference Mics,0,88800319740398,0,0,B0CKHVHVQ1,198602319025234,0.0,0,Audio Array-Catch All-SD-CT,FBA79005,AM-W45,Audio Array,Microphone Conference,Wireless Conference Microphone,
2026-07-10,B0CKHVHVQ1,0.0,Conference Mics,0,88800319740398,0,0,B0CKHVHVQ1,198602319025234,0.0,0,Audio Array-Catch All-SD-CT,FBA79005,AM-W45,Audio Array,Microphone Conference,Wireless Conference Microphone,
2026-07-11,B0CKHVHVQ1,0.0,Conference Mics,0,88800319740398,0,0,B0CKHVHVQ1,198602319025234,0.0,0,Audio Array-Catch All-SD-CT,FBA79005,AM-W45,Audio Array,Microphone Conference,Wireless Conference Microphone,
2026-07-12,B0CKHVHVQ1,0.0,Conference Mics,0,88800319740398,0,0,B0CKHVHVQ1,198602319025234,0.0,0,Audio Array-Catch All-SD-CT,FBA79005,AM-W45,Audio Array,Microphone Conference,Wireless Conference Microphone,
2026-07-13,B0CKHVHVQ1,0.0,Conference Mics,0,88800319740398,0,0,B0CKHVHVQ1,198602319025234,0.0,0,Audio Array-Catch All-SD-CT,FBA79005,AM-W45,Audio Array,Microphone Conference,Wireless Conference Microphone,
2026-07-14,B0CKHVHVQ1,0.0,Conference Mics,0,88800319740398,0,0,B0CKHVHVQ1,198602319025234,0.0,0,Audio Array-Catch All-SD-CT,FBA79005,AM-W45,Audio Array,Microphone Conference,Wireless Conference Microphone,
2026-07-15,B0CKHVHVQ1,0.0,Conference Mics,0,88800319740398,0,0,B0CKHVHVQ1,198602319025234,0.0,0,Audio Array-Catch All-SD-CT,FBA79005,AM-W45,Audio Array,Microphone Conference,Wireless Conference Microphone,
2026-07-16,B0CKHVHVQ1,0.0,Conference Mics,0,88800319740398,0,0,B0CKHVHVQ1,198602319025234,0.0,0,Audio Array-Catch All-SD-CT,FBA79005,AM-W45,Audio Array,Microphone Conference,Wireless Conference Microphone,
2026-07-17,B0CKHVHVQ1,0.0,Conference Mics,0,88800319740398,0,0,B0CKHVHVQ1,198602319025234,0.0,0,Audio Array-Catch All-SD-CT,FBA79005,AM-W45,Audio Array,Microphone Conference,Wireless Conference Microphone,
2026-07-18,B0CKHVHVQ1,0.0,Conference Mics,0,88800319740398,0,0,B0CKHVHVQ1,198602319025234,0.0,0,Audio Array-Catch All-SD-CT,FBA79005,AM-W45,Audio Array,Microphone Conference,Wireless Conference Microphone,
2026-07-19,B0CKHVHVQ1,0.0,Conference Mics,0,88800319740398,0,0,B0CKHVHVQ1,198602319025234,0.0,0,Audio Array-Catch All-SD-CT,FBA79005,AM-W45,Audio Array,Microphone Conference,Wireless Conference Microphone,
2026-07-20,B0CKHVHVQ1,0.0,Conference Mics,0,88800319740398,0,0,B0CKHVHVQ1,198602319025234,0.0,0,Audio Array-Catch All-SD-CT,FBA79005,AM-W45,Audio Array,Microphone Conference,Wireless Conference Microphone,
2026-07-21,B0CKHVHVQ1,0.0,Conference Mics,0,88800319740398,0,0,B0CKHVHVQ1,198602319025234,0.0,0,Audio Array-Catch All-SD-CT,FBA79005,AM-W45,Audio Array,Microphone Conference,Wireless Conference Microphone,
2026-07-01,B0CM6WH4ZT,0.0,Audio Interfaces,0,88800319740398,0,0,B0CM6WH4ZT,21046032203721,0.0,0,Audio Array-Catch All-SD-CT,FBA79105,AI-12,Audio Array,Audio Interface,Audio Interface,
2026-07-02,B0CM6WH4ZT,0.0,Audio Interfaces,0,88800319740398,0,0,B0CM6WH4ZT,21046032203721,0.0,0,Audio Array-Catch All-SD-CT,FBA79105,AI-12,Audio Array,Audio Interface,Audio Interface,
2026-07-03,B0CM6WH4ZT,0.0,Audio Interfaces,0,88800319740398,0,0,B0CM6WH4ZT,21046032203721,0.0,0,Audio Array-Catch All-SD-CT,FBA79105,AI-12,Audio Array,Audio Interface,Audio Interface,
2026-07-04,B0CM6WH4ZT,0.0,Audio Interfaces,0,88800319740398,0,0,B0CM6WH4ZT,21046032203721,0.0,0,Audio Array-Catch All-SD-CT,FBA79105,AI-12,Audio Array,Audio Interface,Audio Interface,
2026-07-05,B0CM6WH4ZT,0.0,Audio Interfaces,0,88800319740398,0,0,B0CM6WH4ZT,21046032203721,0.0,0,Audio Array-Catch All-SD-CT,FBA79105,AI-12,Audio Array,Audio Interface,Audio Interface,
2026-07-06,B0CM6WH4ZT,0.0,Audio Interfaces,0,88800319740398,0,0,B0CM6WH4ZT,21046032203721,0.0,0,Audio Array-Catch All-SD-CT,FBA79105,AI-12,Audio Array,Audio Interface,Audio Interface,
2026-07-07,B0CM6WH4ZT,0.0,Audio Interfaces,0,88800319740398,0,0,B0CM6WH4ZT,21046032203721,0.0,0,Audio Array-Catch All-SD-CT,FBA79105,AI-12,Audio Array,Audio Interface,Audio Interface,
2026-07-08,B0CM6WH4ZT,0.0,Audio Interfaces,0,88800319740398,0,0,B0CM6WH4ZT,21046032203721,0.0,0,Audio Array-Catch All-SD-CT,FBA79105,AI-12,Audio Array,Audio Interface,Audio Interface,
2026-07-09,B0CM6WH4ZT,0.0,Audio Interfaces,0,88800319740398,0,0,B0CM6WH4ZT,21046032203721,0.0,0,Audio Array-Catch All-SD-CT,FBA79105,AI-12,Audio Array,Audio Interface,Audio Interface,
2026-07-10,B0CM6WH4ZT,0.0,Audio Interfaces,0,88800319740398,0,0,B0CM6WH4ZT,21046032203721,0.0,0,Audio Array-Catch All-SD-CT,FBA79105,AI-12,Audio Array,Audio Interface,Audio Interface,
2026-07-11,B0CM6WH4ZT,0.0,Audio Interfaces,0,88800319740398,0,0,B0CM6WH4ZT,21046032203721,0.0,0,Audio Array-Catch All-SD-CT,FBA79105,AI-12,Audio Array,Audio Interface,Audio Interface,
2026-07-12,B0CM6WH4ZT,0.0,Audio Interfaces,0,88800319740398,0,0,B0CM6WH4ZT,21046032203721,0.0,0,Audio Array-Catch All-SD-CT,FBA79105,AI-12,Audio Array,Audio Interface,Audio Interface,
2026-07-13,B0CM6WH4ZT,0.0,Audio Interfaces,0,88800319740398,0,0,B0CM6WH4ZT,21046032203721,0.0,0,Audio Array-Catch All-SD-CT,FBA79105,AI-12,Audio Array,Audio Interface,Audio Interface,
2026-07-14,B0CM6WH4ZT,0.0,Audio Interfaces,0,88800319740398,0,0,B0CM6WH4ZT,21046032203721,0.0,0,Audio Array-Catch All-SD-CT,FBA79105,AI-12,Audio Array,Audio Interface,Audio Interface,
2026-07-15,B0CM6WH4ZT,0.0,Audio Interfaces,0,88800319740398,0,0,B0CM6WH4ZT,21046032203721,0.0,0,Audio Array-Catch All-SD-CT,FBA79105,AI-12,Audio Array,Audio Interface,Audio Interface,
2026-07-16,B0CM6WH4ZT,0.0,Audio Interfaces,0,88800319740398,0,0,B0CM6WH4ZT,21046032203721,0.0,0,Audio Array-Catch All-SD-CT,FBA79105,AI-12,Audio Array,Audio Interface,Audio Interface,
2026-07-17,B0CM6WH4ZT,0.0,Audio Interfaces,0,88800319740398,0,0,B0CM6WH4ZT,21046032203721,0.0,0,Audio Array-Catch All-SD-CT,FBA79105,AI-12,Audio Array,Audio Interface,Audio Interface,
2026-07-18,B0CM6WH4ZT,0.0,Audio Interfaces,0,88800319740398,0,0,B0CM6WH4ZT,21046032203721,0.0,0,Audio Array-Catch All-SD-CT,FBA79105,AI-12,Audio Array,Audio Interface,Audio Interface,
2026-07-19,B0CM6WH4ZT,0.0,Audio Interfaces,0,88800319740398,0,0,B0CM6WH4ZT,21046032203721,0.0,0,Audio Array-Catch All-SD-CT,FBA79105,AI-12,Audio Array,Audio Interface,Audio Interface,
2026-07-20,B0CM6WH4ZT,0.0,Audio Interfaces,0,88800319740398,0,0,B0CM6WH4ZT,21046032203721,0.0,0,Audio Array-Catch All-SD-CT,FBA79105,AI-12,Audio Array,Audio Interface,Audio Interface,
2026-07-21,B0CM6WH4ZT,0.0,Audio Interfaces,0,88800319740398,0,0,B0CM6WH4ZT,21046032203721,0.0,0,Audio Array-Catch All-SD-CT,FBA79105,AI-12,Audio Array,Audio Interface,Audio Interface,
2026-07-01,B0CM9KJZWQ,0.0,Dynamic Mic,0,88800319740398,0,0,B0CM9KJZWQ,189182706060711,0.0,0,Audio Array-Catch All-SD-CT,FBA79106,AM-C44,Audio Array,Microphone Dynamic,Dynamic Microphone,
2026-07-02,B0CM9KJZWQ,0.0,Dynamic Mic,0,88800319740398,0,0,B0CM9KJZWQ,189182706060711,0.0,0,Audio Array-Catch All-SD-CT,FBA79106,AM-C44,Audio Array,Microphone Dynamic,Dynamic Microphone,
2026-07-03,B0CM9KJZWQ,0.0,Dynamic Mic,0,88800319740398,0,0,B0CM9KJZWQ,189182706060711,0.0,0,Audio Array-Catch All-SD-CT,FBA79106,AM-C44,Audio Array,Microphone Dynamic,Dynamic Microphone,
2026-07-04,B0CM9KJZWQ,0.0,Dynamic Mic,0,88800319740398,0,0,B0CM9KJZWQ,189182706060711,0.0,0,Audio Array-Catch All-SD-CT,FBA79106,AM-C44,Audio Array,Microphone Dynamic,Dynamic Microphone,
2026-07-05,B0CM9KJZWQ,0.0,Dynamic Mic,0,88800319740398,0,0,B0CM9KJZWQ,189182706060711,0.0,0,Audio Array-Catch All-SD-CT,FBA79106,AM-C44,Audio Array,Microphone Dynamic,Dynamic Microphone,
2026-07-06,B0CM9KJZWQ,0.0,Dynamic Mic,0,88800319740398,0,0,B0CM9KJZWQ,189182706060711,0.0,0,Audio Array-Catch All-SD-CT,FBA79106,AM-C44,Audio Array,Microphone Dynamic,Dynamic Microphone,
2026-07-07,B0CM9KJZWQ,0.0,Dynamic Mic,0,88800319740398,0,0,B0CM9KJZWQ,189182706060711,0.0,0,Audio Array-Catch All-SD-CT,FBA79106,AM-C44,Audio Array,Microphone Dynamic,Dynamic Microphone,
2026-07-08,B0CM9KJZWQ,0.0,Dynamic Mic,0,88800319740398,0,0,B0CM9KJZWQ,189182706060711,0.0,0,Audio Array-Catch All-SD-CT,FBA79106,AM-C44,Audio Array,Microphone Dynamic,Dynamic Microphone,
2026-07-09,B0CM9KJZWQ,0.0,Dynamic Mic,0,88800319740398,0,0,B0CM9KJZWQ,189182706060711,0.0,0,Audio Array-Catch All-SD-CT,FBA79106,AM-C44,Audio Array,Microphone Dynamic,Dynamic Microphone,
2026-07-10,B0CM9KJZWQ,0.0,Dynamic Mic,0,88800319740398,0,0,B0CM9KJZWQ,189182706060711,0.0,0,Audio Array-Catch All-SD-CT,FBA79106,AM-C44,Audio Array,Microphone Dynamic,Dynamic Microphone,
2026-07-11,B0CM9KJZWQ,0.0,Dynamic Mic,0,88800319740398,0,0,B0CM9KJZWQ,189182706060711,0.0,0,Audio Array-Catch All-SD-CT,FBA79106,AM-C44,Audio Array,Microphone Dynamic,Dynamic Microphone,
2026-07-12,B0CM9KJZWQ,0.0,Dynamic Mic,0,88800319740398,0,0,B0CM9KJZWQ,189182706060711,0.0,0,Audio Array-Catch All-SD-CT,FBA79106,AM-C44,Audio Array,Microphone Dynamic,Dynamic Microphone,
2026-07-13,B0CM9KJZWQ,0.0,Dynamic Mic,0,88800319740398,0,0,B0CM9KJZWQ,189182706060711,0.0,0,Audio Array-Catch All-SD-CT,FBA79106,AM-C44,Audio Array,Microphone Dynamic,Dynamic Microphone,
2026-07-14,B0CM9KJZWQ,0.0,Dynamic Mic,0,88800319740398,0,0,B0CM9KJZWQ,189182706060711,0.0,0,Audio Array-Catch All-SD-CT,FBA79106,AM-C44,Audio Array,Microphone Dynamic,Dynamic Microphone,
2026-07-15,B0CM9KJZWQ,0.0,Dynamic Mic,0,88800319740398,0,0,B0CM9KJZWQ,189182706060711,0.0,0,Audio Array-Catch All-SD-CT,FBA79106,AM-C44,Audio Array,Microphone Dynamic,Dynamic Microphone,
2026-07-16,B0CM9KJZWQ,0.0,Dynamic Mic,0,88800319740398,0,0,B0CM9KJZWQ,189182706060711,0.0,0,Audio Array-Catch All-SD-CT,FBA79106,AM-C44,Audio Array,Microphone Dynamic,Dynamic Microphone,
2026-07-17,B0CM9KJZWQ,0.0,Dynamic Mic,0,88800319740398,0,0,B0CM9KJZWQ,189182706060711,0.0,0,Audio Array-Catch All-SD-CT,FBA79106,AM-C44,Audio Array,Microphone Dynamic,Dynamic Microphone,
2026-07-18,B0CM9KJZWQ,0.0,Dynamic Mic,0,88800319740398,0,0,B0CM9KJZWQ,189182706060711,0.0,0,Audio Array-Catch All-SD-CT,FBA79106,AM-C44,Audio Array,Microphone Dynamic,Dynamic Microphone,
2026-07-19,B0CM9KJZWQ,0.0,Dynamic Mic,0,88800319740398,0,0,B0CM9KJZWQ,189182706060711,0.0,0,Audio Array-Catch All-SD-CT,FBA79106,AM-C44,Audio Array,Microphone Dynamic,Dynamic Microphone,
2026-07-20,B0CM9KJZWQ,0.0,Dynamic Mic,0,88800319740398,0,0,B0CM9KJZWQ,189182706060711,0.0,0,Audio Array-Catch All-SD-CT,FBA79106,AM-C44,Audio Array,Microphone Dynamic,Dynamic Microphone,
2026-07-21,B0CM9KJZWQ,0.0,Dynamic Mic,0,88800319740398,0,0,B0CM9KJZWQ,189182706060711,0.0,0,Audio Array-Catch All-SD-CT,FBA79106,AM-C44,Audio Array,Microphone Dynamic,Dynamic Microphone,
2026-07-05,B0D3Q2T5XX,0.0,Microphone Stands,0,88800319740398,0,0,Audio Array AA-19WL,218556555226680,0.0,0,Audio Array-Catch All-SD-CT,FBA79356,AA-19WL,Audio Array,Microphone Accessories,Accessories,
2026-07-01,B0BPLZ5CGV,472.08,Audio Array-B0BPLZ5CGV-Audio Interface-SD-Audience,0,524199669707983,0,21473,B0BPLZ5CGV,367954928515427,0.0,81,Audio Array-B0BPLZ5CGV-Audio Interface-SD-Audience,FBA76864,AI-04 Red,Audio Array,Audio Interface,Audio Interface,
2026-07-02,B0BPLZ5CGV,81.05,Audio Array-B0BPLZ5CGV-Audio Interface-SD-Audience,0,524199669707983,0,5496,B0BPLZ5CGV,367954928515427,0.0,16,Audio Array-B0BPLZ5CGV-Audio Interface-SD-Audience,FBA76864,AI-04 Red,Audio Array,Audio Interface,Audio Interface,
2026-07-03,B0BPLZ5CGV,850.53,Audio Array-B0BPLZ5CGV-Audio Interface-SD-Audience,1,524199669707983,1,9733,B0BPLZ5CGV,367954928515427,4066.95,57,Audio Array-B0BPLZ5CGV-Audio Interface-SD-Audience,FBA76864,AI-04 Red,Audio Array,Audio Interface,Audio Interface,
2026-07-04,B0BPLZ5CGV,811.82,Audio Array-B0BPLZ5CGV-Audio Interface-SD-Audience,0,524199669707983,0,3915,B0BPLZ5CGV,367954928515427,0.0,24,Audio Array-B0BPLZ5CGV-Audio Interface-SD-Audience,FBA76864,AI-04 Red,Audio Array,Audio Interface,Audio Interface,
2026-07-05,B0BPLZ5CGV,1183.06,Audio Array-B0BPLZ5CGV-Audio Interface-SD-Audience,1,524199669707983,1,13541,B0BPLZ5CGV,367954928515427,4066.95,57,Audio Array-B0BPLZ5CGV-Audio Interface-SD-Audience,FBA76864,AI-04 Red,Audio Array,Audio Interface,Audio Interface,
2026-07-06,B0BPLZ5CGV,804.78,Audio Array-B0BPLZ5CGV-Audio Interface-SD-Audience,0,524199669707983,0,8018,B0BPLZ5CGV,367954928515427,0.0,32,Audio Array-B0BPLZ5CGV-Audio Interface-SD-Audience,FBA76864,AI-04 Red,Audio Array,Audio Interface,Audio Interface,
2026-07-07,B0BPLZ5CGV,798.52,Audio Array-B0BPLZ5CGV-Audio Interface-SD-Audience,1,524199669707983,1,10746,B0BPLZ5CGV,367954928515427,0.0,43,Audio Array-B0BPLZ5CGV-Audio Interface-SD-Audience,FBA76864,AI-04 Red,Audio Array,Audio Interface,Audio Interface,
2026-07-08,B0BPLZ5CGV,776.02,Audio Array-B0BPLZ5CGV-Audio Interface-SD-Audience,0,524199669707983,0,18759,B0BPLZ5CGV,367954928515427,0.0,54,Audio Array-B0BPLZ5CGV-Audio Interface-SD-Audience,FBA76864,AI-04 Red,Audio Array,Audio Interface,Audio Interface,
2026-07-09,B0BPLZ5CGV,514.59,Audio Array-B0BPLZ5CGV-Audio Interface-SD-Audience,0,524199669707983,0,14240,B0BPLZ5CGV,367954928515427,0.0,38,Audio Array-B0BPLZ5CGV-Audio Interface-SD-Audience,FBA76864,AI-04 Red,Audio Array,Audio Interface,Audio Interface,
2026-07-10,B0BPLZ5CGV,134.61,Audio Array-B0BPLZ5CGV-Audio Interface-SD-Audience,0,524199669707983,0,4578,B0BPLZ5CGV,367954928515427,0.0,9,Audio Array-B0BPLZ5CGV-Audio Interface-SD-Audience,FBA76864,AI-04 Red,Audio Array,Audio Interface,Audio Interface,
2026-07-11,B0BPLZ5CGV,109.14,Audio Array-B0BPLZ5CGV-Audio Interface-SD-Audience,0,524199669707983,0,3688,B0BPLZ5CGV,367954928515427,0.0,10,Audio Array-B0BPLZ5CGV-Audio Interface-SD-Audience,FBA76864,AI-04 Red,Audio Array,Audio Interface,Audio Interface,
2026-07-12,B0BPLZ5CGV,517.58,Audio Array-B0BPLZ5CGV-Audio Interface-SD-Audience,0,524199669707983,0,10146,B0BPLZ5CGV,367954928515427,0.0,45,Audio Array-B0BPLZ5CGV-Audio Interface-SD-Audience,FBA76864,AI-04 Red,Audio Array,Audio Interface,Audio Interface,
2026-07-13,B0BPLZ5CGV,192.34,Audio Array-B0BPLZ5CGV-Audio Interface-SD-Audience,0,524199669707983,0,6974,B0BPLZ5CGV,367954928515427,0.0,17,Audio Array-B0BPLZ5CGV-Audio Interface-SD-Audience,FBA76864,AI-04 Red,Audio Array,Audio Interface,Audio Interface,
2026-07-14,B0BPLZ5CGV,253.28,Audio Array-B0BPLZ5CGV-Audio Interface-SD-Audience,0,524199669707983,0,5787,B0BPLZ5CGV,367954928515427,0.0,25,Audio Array-B0BPLZ5CGV-Audio Interface-SD-Audience,FBA76864,AI-04 Red,Audio Array,Audio Interface,Audio Interface,
2026-07-15,B0BPLZ5CGV,505.08,Audio Array-B0BPLZ5CGV-Audio Interface-SD-Audience,0,524199669707983,0,10878,B0BPLZ5CGV,367954928515427,0.0,41,Audio Array-B0BPLZ5CGV-Audio Interface-SD-Audience,FBA76864,AI-04 Red,Audio Array,Audio Interface,Audio Interface,
2026-07-16,B0BPLZ5CGV,454.61,Audio Array-B0BPLZ5CGV-Audio Interface-SD-Audience,0,524199669707983,0,11156,B0BPLZ5CGV,367954928515427,0.0,37,Audio Array-B0BPLZ5CGV-Audio Interface-SD-Audience,FBA76864,AI-04 Red,Audio Array,Audio Interface,Audio Interface,
2026-07-17,B0BPLZ5CGV,305.12,Audio Array-B0BPLZ5CGV-Audio Interface-SD-Audience,0,524199669707983,0,9451,B0BPLZ5CGV,367954928515427,0.0,29,Audio Array-B0BPLZ5CGV-Audio Interface-SD-Audience,FBA76864,AI-04 Red,Audio Array,Audio Interface,Audio Interface,
2026-07-18,B0BPLZ5CGV,419.09,Audio Array-B0BPLZ5CGV-Audio Interface-SD-Audience,0,524199669707983,0,11536,B0BPLZ5CGV,367954928515427,0.0,39,Audio Array-B0BPLZ5CGV-Audio Interface-SD-Audience,FBA76864,AI-04 Red,Audio Array,Audio Interface,Audio Interface,
2026-07-19,B0BPLZ5CGV,58.66,Audio Array-B0BPLZ5CGV-Audio Interface-SD-Audience,1,524199669707983,1,3133,B0BPLZ5CGV,367954928515427,4066.1,7,Audio Array-B0BPLZ5CGV-Audio Interface-SD-Audience,FBA76864,AI-04 Red,Audio Array,Audio Interface,Audio Interface,
2026-07-20,B0BPLZ5CGV,189.45,Audio Array-B0BPLZ5CGV-Audio Interface-SD-Audience,0,524199669707983,0,4051,B0BPLZ5CGV,367954928515427,0.0,16,Audio Array-B0BPLZ5CGV-Audio Interface-SD-Audience,FBA76864,AI-04 Red,Audio Array,Audio Interface,Audio Interface,
2026-07-21,B0BPLZ5CGV,80.76,Audio Array-B0BPLZ5CGV-Audio Interface-SD-Audience,0,524199669707983,0,3043,B0BPLZ5CGV,367954928515427,0.0,18,Audio Array-B0BPLZ5CGV-Audio Interface-SD-Audience,FBA76864,AI-04 Red,Audio Array,Audio Interface,Audio Interface,
2026-07-01,B0DXFPM4N2,143.4,Studio Monitor,1,88800319740398,1,13140,B0DXFPM4N2,351170855286614,3982.2,72,Audio Array-Catch All-SD-CT,FBA79482,AM-S1,Audio Array,Monitor Speakers,Studio Monitor Speaker,
2026-07-02,B0DXFPM4N2,179.94,Studio Monitor,1,88800319740398,1,11123,B0DXFPM4N2,351170855286614,6481.36,49,Audio Array-Catch All-SD-CT,FBA79482,AM-S1,Audio Array,Monitor Speakers,Studio Monitor Speaker,
2026-07-03,B0DXFPM4N2,145.47,Studio Monitor,0,88800319740398,0,7006,B0DXFPM4N2,351170855286614,0.0,46,Audio Array-Catch All-SD-CT,FBA79482,AM-S1,Audio Array,Monitor Speakers,Studio Monitor Speaker,
2026-07-04,B0DXFPM4N2,271.77,Studio Monitor,3,88800319740398,3,6533,B0DXFPM4N2,351170855286614,14398.3,47,Audio Array-Catch All-SD-CT,FBA79482,AM-S1,Audio Array,Monitor Speakers,Studio Monitor Speaker,
2026-07-05,B0DXFPM4N2,232.37,Studio Monitor,1,88800319740398,1,5888,B0DXFPM4N2,351170855286614,7199.15,49,Audio Array-Catch All-SD-CT,FBA79482,AM-S1,Audio Array,Monitor Speakers,Studio Monitor Speaker,
2026-07-06,B0DXFPM4N2,314.65,Studio Monitor,0,88800319740398,0,9045,B0DXFPM4N2,351170855286614,0.0,65,Audio Array-Catch All-SD-CT,FBA79482,AM-S1,Audio Array,Monitor Speakers,Studio Monitor Speaker,
2026-07-07,B0DXFPM4N2,559.27,Studio Monitor,0,88800319740398,0,39181,B0DXFPM4N2,351170855286614,0.0,204,Audio Array-Catch All-SD-CT,FBA79482,AM-S1,Audio Array,Monitor Speakers,Studio Monitor Speaker,
2026-07-08,B0DXFPM4N2,517.56,Studio Monitor,1,88800319740398,1,31867,B0DXFPM4N2,351170855286614,7541.53,140,Audio Array-Catch All-SD-CT,FBA79482,AM-S1,Audio Array,Monitor Speakers,Studio Monitor Speaker,
2026-07-09,B0DXFPM4N2,947.32,Studio Monitor,2,88800319740398,2,60044,B0DXFPM4N2,351170855286614,9447.46,274,Audio Array-Catch All-SD-CT,FBA79482,AM-S1,Audio Array,Monitor Speakers,Studio Monitor Speaker,
2026-07-10,B0DXFPM4N2,326.91,Studio Monitor,1,88800319740398,1,20780,B0DXFPM4N2,351170855286614,1304.24,109,Audio Array-Catch All-SD-CT,FBA79482,AM-S1,Audio Array,Monitor Speakers,Studio Monitor Speaker,
2026-07-11,B0DXFPM4N2,260.82,Studio Monitor,0,88800319740398,0,24425,B0DXFPM4N2,351170855286614,0.0,96,Audio Array-Catch All-SD-CT,FBA79482,AM-S1,Audio Array,Monitor Speakers,Studio Monitor Speaker,
2026-07-12,B0DXFPM4N2,322.71,Studio Monitor,0,88800319740398,0,28956,B0DXFPM4N2,351170855286614,0.0,116,Audio Array-Catch All-SD-CT,FBA79482,AM-S1,Audio Array,Monitor Speakers,Studio Monitor Speaker,
2026-07-13,B0DXFPM4N2,236.82,Studio Monitor,0,88800319740398,0,28421,B0DXFPM4N2,351170855286614,0.0,92,Audio Array-Catch All-SD-CT,FBA79482,AM-S1,Audio Array,Monitor Speakers,Studio Monitor Speaker,
2026-07-14,B0DXFPM4N2,384.57,Studio Monitor,1,88800319740398,1,37178,B0DXFPM4N2,351170855286614,7626.27,178,Audio Array-Catch All-SD-CT,FBA79482,AM-S1,Audio Array,Monitor Speakers,Studio Monitor Speaker,
2026-07-15,B0DXFPM4N2,337.67,Studio Monitor,0,88800319740398,0,29702,B0DXFPM4N2,351170855286614,0.0,114,Audio Array-Catch All-SD-CT,FBA79482,AM-S1,Audio Array,Monitor Speakers,Studio Monitor Speaker,
2026-07-16,B0DXFPM4N2,371.62,Studio Monitor,0,88800319740398,0,28244,B0DXFPM4N2,351170855286614,0.0,130,Audio Array-Catch All-SD-CT,FBA79482,AM-S1,Audio Array,Monitor Speakers,Studio Monitor Speaker,
2026-07-17,B0DXFPM4N2,374.21,Studio Monitor,0,88800319740398,0,27131,B0DXFPM4N2,351170855286614,0.0,112,Audio Array-Catch All-SD-CT,FBA79482,AM-S1,Audio Array,Monitor Speakers,Studio Monitor Speaker,
2026-07-18,B0DXFPM4N2,326.85,Studio Monitor,1,88800319740398,1,26479,B0DXFPM4N2,351170855286614,15253.39,128,Audio Array-Catch All-SD-CT,FBA79482,AM-S1,Audio Array,Monitor Speakers,Studio Monitor Speaker,
2026-07-19,B0DXFPM4N2,410.05,Studio Monitor,0,88800319740398,0,33732,B0DXFPM4N2,351170855286614,0.0,143,Audio Array-Catch All-SD-CT,FBA79482,AM-S1,Audio Array,Monitor Speakers,Studio Monitor Speaker,
2026-07-20,B0DXFPM4N2,315.32,Studio Monitor,0,88800319740398,0,25187,B0DXFPM4N2,351170855286614,0.0,116,Audio Array-Catch All-SD-CT,FBA79482,AM-S1,Audio Array,Monitor Speakers,Studio Monitor Speaker,
2026-07-21,B0DXFPM4N2,315.7,Studio Monitor,1,88800319740398,1,35614,B0DXFPM4N2,351170855286614,7626.27,132,Audio Array-Catch All-SD-CT,FBA79482,AM-S1,Audio Array,Monitor Speakers,Studio Monitor Speaker,
2026-07-01,B0CM9L1QZG,0.0,Wireless Lapel Mic,0,88800319740398,0,0,FBA79108,485818304366864,0.0,0,Audio Array-Catch All-SD-CT,FBA79108,AM-W16,Audio Array,Microphone Wireless Lapel,Wireless Lapel Microphone,
2026-07-02,B0CM9L1QZG,0.0,Wireless Lapel Mic,0,88800319740398,0,0,FBA79108,485818304366864,0.0,0,Audio Array-Catch All-SD-CT,FBA79108,AM-W16,Audio Array,Microphone Wireless Lapel,Wireless Lapel Microphone,
2026-07-03,B0CM9L1QZG,0.0,Wireless Lapel Mic,0,88800319740398,0,0,FBA79108,485818304366864,0.0,0,Audio Array-Catch All-SD-CT,FBA79108,AM-W16,Audio Array,Microphone Wireless Lapel,Wireless Lapel Microphone,
2026-07-04,B0CM9L1QZG,0.0,Wireless Lapel Mic,0,88800319740398,0,0,FBA79108,485818304366864,0.0,0,Audio Array-Catch All-SD-CT,FBA79108,AM-W16,Audio Array,Microphone Wireless Lapel,Wireless Lapel Microphone,
2026-07-05,B0CM9L1QZG,0.0,Wireless Lapel Mic,0,88800319740398,0,0,FBA79108,485818304366864,0.0,0,Audio Array-Catch All-SD-CT,FBA79108,AM-W16,Audio Array,Microphone Wireless Lapel,Wireless Lapel Microphone,
2026-07-06,B0CM9L1QZG,0.0,Wireless Lapel Mic,0,88800319740398,0,0,FBA79108,485818304366864,0.0,0,Audio Array-Catch All-SD-CT,FBA79108,AM-W16,Audio Array,Microphone Wireless Lapel,Wireless Lapel Microphone,
2026-07-07,B0CM9L1QZG,0.0,Wireless Lapel Mic,0,88800319740398,0,0,FBA79108,485818304366864,0.0,0,Audio Array-Catch All-SD-CT,FBA79108,AM-W16,Audio Array,Microphone Wireless Lapel,Wireless Lapel Microphone,
2026-07-08,B0CM9L1QZG,0.0,Wireless Lapel Mic,0,88800319740398,0,0,FBA79108,485818304366864,0.0,0,Audio Array-Catch All-SD-CT,FBA79108,AM-W16,Audio Array,Microphone Wireless Lapel,Wireless Lapel Microphone,
2026-07-09,B0CM9L1QZG,0.0,Wireless Lapel Mic,0,88800319740398,0,0,FBA79108,485818304366864,0.0,0,Audio Array-Catch All-SD-CT,FBA79108,AM-W16,Audio Array,Microphone Wireless Lapel,Wireless Lapel Microphone,
2026-07-10,B0CM9L1QZG,0.0,Wireless Lapel Mic,0,88800319740398,0,0,FBA79108,485818304366864,0.0,0,Audio Array-Catch All-SD-CT,FBA79108,AM-W16,Audio Array,Microphone Wireless Lapel,Wireless Lapel Microphone,
2026-07-11,B0CM9L1QZG,0.0,Wireless Lapel Mic,0,88800319740398,0,0,FBA79108,485818304366864,0.0,0,Audio Array-Catch All-SD-CT,FBA79108,AM-W16,Audio Array,Microphone Wireless Lapel,Wireless Lapel Microphone,
2026-07-12,B0CM9L1QZG,0.0,Wireless Lapel Mic,0,88800319740398,0,0,FBA79108,485818304366864,0.0,0,Audio Array-Catch All-SD-CT,FBA79108,AM-W16,Audio Array,Microphone Wireless Lapel,Wireless Lapel Microphone,
2026-07-13,B0CM9L1QZG,0.0,Wireless Lapel Mic,0,88800319740398,0,0,FBA79108,485818304366864,0.0,0,Audio Array-Catch All-SD-CT,FBA79108,AM-W16,Audio Array,Microphone Wireless Lapel,Wireless Lapel Microphone,
2026-07-14,B0CM9L1QZG,0.0,Wireless Lapel Mic,0,88800319740398,0,0,FBA79108,485818304366864,0.0,0,Audio Array-Catch All-SD-CT,FBA79108,AM-W16,Audio Array,Microphone Wireless Lapel,Wireless Lapel Microphone,
2026-07-15,B0CM9L1QZG,0.0,Wireless Lapel Mic,0,88800319740398,0,0,FBA79108,485818304366864,0.0,0,Audio Array-Catch All-SD-CT,FBA79108,AM-W16,Audio Array,Microphone Wireless Lapel,Wireless Lapel Microphone,
2026-07-16,B0CM9L1QZG,0.0,Wireless Lapel Mic,0,88800319740398,0,0,FBA79108,485818304366864,0.0,0,Audio Array-Catch All-SD-CT,FBA79108,AM-W16,Audio Array,Microphone Wireless Lapel,Wireless Lapel Microphone,
2026-07-17,B0CM9L1QZG,0.0,Wireless Lapel Mic,0,88800319740398,0,0,FBA79108,485818304366864,0.0,0,Audio Array-Catch All-SD-CT,FBA79108,AM-W16,Audio Array,Microphone Wireless Lapel,Wireless Lapel Microphone,
2026-07-18,B0CM9L1QZG,0.0,Wireless Lapel Mic,0,88800319740398,0,0,FBA79108,485818304366864,0.0,0,Audio Array-Catch All-SD-CT,FBA79108,AM-W16,Audio Array,Microphone Wireless Lapel,Wireless Lapel Microphone,
2026-07-19,B0CM9L1QZG,0.0,Wireless Lapel Mic,0,88800319740398,0,0,FBA79108,485818304366864,0.0,0,Audio Array-Catch All-SD-CT,FBA79108,AM-W16,Audio Array,Microphone Wireless Lapel,Wireless Lapel Microphone,
2026-07-20,B0CM9L1QZG,0.0,Wireless Lapel Mic,0,88800319740398,0,0,FBA79108,485818304366864,0.0,0,Audio Array-Catch All-SD-CT,FBA79108,AM-W16,Audio Array,Microphone Wireless Lapel,Wireless Lapel Microphone,
2026-07-21,B0CM9L1QZG,0.0,Wireless Lapel Mic,0,88800319740398,0,0,FBA79108,485818304366864,0.0,0,Audio Array-Catch All-SD-CT,FBA79108,AM-W16,Audio Array,Microphone Wireless Lapel,Wireless Lapel Microphone,
2026-07-01,B0CM9P5CCK,0.0,Wireless Lapel Mic,0,88800319740398,0,0,B0CM9P5CCK,485818304366864,0.0,0,Audio Array-Catch All-SD-CT,FBA79107,AM-W17,Audio Array,Microphone Wireless Lapel,Wireless Lapel Microphone,
2026-07-02,B0CM9P5CCK,0.0,Wireless Lapel Mic,0,88800319740398,0,0,B0CM9P5CCK,485818304366864,0.0,0,Audio Array-Catch All-SD-CT,FBA79107,AM-W17,Audio Array,Microphone Wireless Lapel,Wireless Lapel Microphone,
2026-07-03,B0CM9P5CCK,0.0,Wireless Lapel Mic,0,88800319740398,0,0,B0CM9P5CCK,485818304366864,0.0,0,Audio Array-Catch All-SD-CT,FBA79107,AM-W17,Audio Array,Microphone Wireless Lapel,Wireless Lapel Microphone,
2026-07-04,B0CM9P5CCK,0.0,Wireless Lapel Mic,0,88800319740398,0,0,B0CM9P5CCK,485818304366864,0.0,0,Audio Array-Catch All-SD-CT,FBA79107,AM-W17,Audio Array,Microphone Wireless Lapel,Wireless Lapel Microphone,
2026-07-05,B0CM9P5CCK,0.0,Wireless Lapel Mic,0,88800319740398,0,0,B0CM9P5CCK,485818304366864,0.0,0,Audio Array-Catch All-SD-CT,FBA79107,AM-W17,Audio Array,Microphone Wireless Lapel,Wireless Lapel Microphone,
2026-07-06,B0CM9P5CCK,0.0,Wireless Lapel Mic,0,88800319740398,0,0,B0CM9P5CCK,485818304366864,0.0,0,Audio Array-Catch All-SD-CT,FBA79107,AM-W17,Audio Array,Microphone Wireless Lapel,Wireless Lapel Microphone,
2026-07-07,B0CM9P5CCK,0.0,Wireless Lapel Mic,0,88800319740398,0,0,B0CM9P5CCK,485818304366864,0.0,0,Audio Array-Catch All-SD-CT,FBA79107,AM-W17,Audio Array,Microphone Wireless Lapel,Wireless Lapel Microphone,
2026-07-08,B0CM9P5CCK,0.0,Wireless Lapel Mic,0,88800319740398,0,0,B0CM9P5CCK,485818304366864,0.0,0,Audio Array-Catch All-SD-CT,FBA79107,AM-W17,Audio Array,Microphone Wireless Lapel,Wireless Lapel Microphone,
2026-07-09,B0CM9P5CCK,0.0,Wireless Lapel Mic,0,88800319740398,0,0,B0CM9P5CCK,485818304366864,0.0,0,Audio Array-Catch All-SD-CT,FBA79107,AM-W17,Audio Array,Microphone Wireless Lapel,Wireless Lapel Microphone,
2026-07-10,B0CM9P5CCK,0.0,Wireless Lapel Mic,0,88800319740398,0,0,B0CM9P5CCK,485818304366864,0.0,0,Audio Array-Catch All-SD-CT,FBA79107,AM-W17,Audio Array,Microphone Wireless Lapel,Wireless Lapel Microphone,
2026-07-11,B0CM9P5CCK,0.0,Wireless Lapel Mic,0,88800319740398,0,0,B0CM9P5CCK,485818304366864,0.0,0,Audio Array-Catch All-SD-CT,FBA79107,AM-W17,Audio Array,Microphone Wireless Lapel,Wireless Lapel Microphone,
2026-07-12,B0CM9P5CCK,0.0,Wireless Lapel Mic,0,88800319740398,0,0,B0CM9P5CCK,485818304366864,0.0,0,Audio Array-Catch All-SD-CT,FBA79107,AM-W17,Audio Array,Microphone Wireless Lapel,Wireless Lapel Microphone,
2026-07-13,B0CM9P5CCK,0.0,Wireless Lapel Mic,0,88800319740398,0,0,B0CM9P5CCK,485818304366864,0.0,0,Audio Array-Catch All-SD-CT,FBA79107,AM-W17,Audio Array,Microphone Wireless Lapel,Wireless Lapel Microphone,
2026-07-14,B0CM9P5CCK,0.0,Wireless Lapel Mic,0,88800319740398,0,0,B0CM9P5CCK,485818304366864,0.0,0,Audio Array-Catch All-SD-CT,FBA79107,AM-W17,Audio Array,Microphone Wireless Lapel,Wireless Lapel Microphone,
2026-07-15,B0CM9P5CCK,0.0,Wireless Lapel Mic,0,88800319740398,0,0,B0CM9P5CCK,485818304366864,0.0,0,Audio Array-Catch All-SD-CT,FBA79107,AM-W17,Audio Array,Microphone Wireless Lapel,Wireless Lapel Microphone,
2026-07-16,B0CM9P5CCK,0.0,Wireless Lapel Mic,0,88800319740398,0,0,B0CM9P5CCK,485818304366864,0.0,0,Audio Array-Catch All-SD-CT,FBA79107,AM-W17,Audio Array,Microphone Wireless Lapel,Wireless Lapel Microphone,
2026-07-17,B0CM9P5CCK,0.0,Wireless Lapel Mic,0,88800319740398,0,0,B0CM9P5CCK,485818304366864,0.0,0,Audio Array-Catch All-SD-CT,FBA79107,AM-W17,Audio Array,Microphone Wireless Lapel,Wireless Lapel Microphone,
2026-07-18,B0CM9P5CCK,0.0,Wireless Lapel Mic,0,88800319740398,0,0,B0CM9P5CCK,485818304366864,0.0,0,Audio Array-Catch All-SD-CT,FBA79107,AM-W17,Audio Array,Microphone Wireless Lapel,Wireless Lapel Microphone,
2026-07-19,B0CM9P5CCK,0.0,Wireless Lapel Mic,0,88800319740398,0,0,B0CM9P5CCK,485818304366864,0.0,0,Audio Array-Catch All-SD-CT,FBA79107,AM-W17,Audio Array,Microphone Wireless Lapel,Wireless Lapel Microphone,
2026-07-20,B0CM9P5CCK,0.0,Wireless Lapel Mic,0,88800319740398,0,0,B0CM9P5CCK,485818304366864,0.0,0,Audio Array-Catch All-SD-CT,FBA79107,AM-W17,Audio Array,Microphone Wireless Lapel,Wireless Lapel Microphone,
2026-07-21,B0CM9P5CCK,0.0,Wireless Lapel Mic,0,88800319740398,0,0,B0CM9P5CCK,485818304366864,0.0,0,Audio Array-Catch All-SD-CT,FBA79107,AM-W17,Audio Array,Microphone Wireless Lapel,Wireless Lapel Microphone,
2026-07-01,B0D3M1B4Z8,1.7,Condenser Microphones,0,88800319740398,0,5057,B0D3M1B4Z8,1530305156531,0.0,2,Audio Array-Catch All-SD-CT,FBA79380,AM-C46,Audio Array,Microphone Condenser,Condenser Mic with Boom Arm,
2026-07-02,B0D3M1B4Z8,43.75,Condenser Microphones,0,88800319740398,0,5477,B0D3M1B4Z8,1530305156531,0.0,11,Audio Array-Catch All-SD-CT,FBA79380,AM-C46,Audio Array,Microphone Condenser,Condenser Mic with Boom Arm,
2026-07-03,B0D3M1B4Z8,79.56,Condenser Microphones,0,88800319740398,0,9986,B0D3M1B4Z8,1530305156531,0.0,15,Audio Array-Catch All-SD-CT,FBA79380,AM-C46,Audio Array,Microphone Condenser,Condenser Mic with Boom Arm,
2026-07-04,B0D3M1B4Z8,27.66,Condenser Microphones,0,88800319740398,0,4423,B0D3M1B4Z8,1530305156531,0.0,5,Audio Array-Catch All-SD-CT,FBA79380,AM-C46,Audio Array,Microphone Condenser,Condenser Mic with Boom Arm,
2026-07-05,B0D3M1B4Z8,112.81,Condenser Microphones,2,88800319740398,3,3656,B0D3M1B4Z8,1530305156531,7319.5,14,Audio Array-Catch All-SD-CT,FBA79380,AM-C46,Audio Array,Microphone Condenser,Condenser Mic with Boom Arm,
2026-07-06,B0D3M1B4Z8,46.69,Condenser Microphones,0,88800319740398,0,3712,B0D3M1B4Z8,1530305156531,0.0,8,Audio Array-Catch All-SD-CT,FBA79380,AM-C46,Audio Array,Microphone Condenser,Condenser Mic with Boom Arm,
2026-07-07,B0D3M1B4Z8,29.26,Condenser Microphones,2,88800319740398,2,4931,B0D3M1B4Z8,1530305156531,4616.95,8,Audio Array-Catch All-SD-CT,FBA79380,AM-C46,Audio Array,Microphone Condenser,Condenser Mic with Boom Arm,
2026-07-08,B0D3M1B4Z8,78.21,Condenser Microphones,1,88800319740398,1,2638,B0D3M1B4Z8,1530305156531,2965.25,7,Audio Array-Catch All-SD-CT,FBA79380,AM-C46,Audio Array,Microphone Condenser,Condenser Mic with Boom Arm,
2026-07-09,B0D3M1B4Z8,1.6,Condenser Microphones,0,88800319740398,0,3051,B0D3M1B4Z8,1530305156531,0.0,2,Audio Array-Catch All-SD-CT,FBA79380,AM-C46,Audio Array,Microphone Condenser,Condenser Mic with Boom Arm,
2026-07-10,B0D3M1B4Z8,38.97,Condenser Microphones,0,88800319740398,0,7227,B0D3M1B4Z8,1530305156531,0.0,14,Audio Array-Catch All-SD-CT,FBA79380,AM-C46,Audio Array,Microphone Condenser,Condenser Mic with Boom Arm,
2026-07-11,B0D3M1B4Z8,52.61,Condenser Microphones,0,88800319740398,0,5240,B0D3M1B4Z8,1530305156531,0.0,9,Audio Array-Catch All-SD-CT,FBA79380,AM-C46,Audio Array,Microphone Condenser,Condenser Mic with Boom Arm,
2026-07-12,B0D3M1B4Z8,88.34,Condenser Microphones,0,88800319740398,0,6447,B0D3M1B4Z8,1530305156531,0.0,15,Audio Array-Catch All-SD-CT,FBA79380,AM-C46,Audio Array,Microphone Condenser,Condenser Mic with Boom Arm,
2026-07-13,B0D3M1B4Z8,37.76,Condenser Microphones,2,88800319740398,2,7865,B0D3M1B4Z8,1530305156531,5337.28,6,Audio Array-Catch All-SD-CT,FBA79380,AM-C46,Audio Array,Microphone Condenser,Condenser Mic with Boom Arm,
2026-07-14,B0D3M1B4Z8,6.94,Condenser Microphones,3,88800319740398,3,7417,B0D3M1B4Z8,1530305156531,8895.75,4,Audio Array-Catch All-SD-CT,FBA79380,AM-C46,Audio Array,Microphone Condenser,Condenser Mic with Boom Arm,
2026-07-15,B0D3M1B4Z8,24.22,Condenser Microphones,0,88800319740398,0,4956,B0D3M1B4Z8,1530305156531,0.0,4,Audio Array-Catch All-SD-CT,FBA79380,AM-C46,Audio Array,Microphone Condenser,Condenser Mic with Boom Arm,
2026-07-16,B0D3M1B4Z8,35.24,Condenser Microphones,0,88800319740398,0,4288,B0D3M1B4Z8,1530305156531,0.0,6,Audio Array-Catch All-SD-CT,FBA79380,AM-C46,Audio Array,Microphone Condenser,Condenser Mic with Boom Arm,
2026-07-17,B0D3M1B4Z8,22.67,Condenser Microphones,0,88800319740398,0,3804,B0D3M1B4Z8,1530305156531,0.0,3,Audio Array-Catch All-SD-CT,FBA79380,AM-C46,Audio Array,Microphone Condenser,Condenser Mic with Boom Arm,
2026-07-18,B0D3M1B4Z8,4.57,Condenser Microphones,0,88800319740398,0,3593,B0D3M1B4Z8,1530305156531,0.0,2,Audio Array-Catch All-SD-CT,FBA79380,AM-C46,Audio Array,Microphone Condenser,Condenser Mic with Boom Arm,
2026-07-19,B0D3M1B4Z8,27.93,Condenser Microphones,0,88800319740398,0,6918,B0D3M1B4Z8,1530305156531,0.0,6,Audio Array-Catch All-SD-CT,FBA79380,AM-C46,Audio Array,Microphone Condenser,Condenser Mic with Boom Arm,
2026-07-20,B0D3M1B4Z8,34.84,Condenser Microphones,0,88800319740398,0,6220,B0D3M1B4Z8,1530305156531,0.0,19,Audio Array-Catch All-SD-CT,FBA79380,AM-C46,Audio Array,Microphone Condenser,Condenser Mic with Boom Arm,
2026-07-21,B0D3M1B4Z8,41.78,Condenser Microphones,0,88800319740398,0,9976,B0D3M1B4Z8,1530305156531,0.0,16,Audio Array-Catch All-SD-CT,FBA79380,AM-C46,Audio Array,Microphone Condenser,Condenser Mic with Boom Arm,
2026-07-01,B0D3LZWTHV,0.0,Dynamic Mic,0,88800319740398,0,0,B0D3LZWTHV,189182706060711,0.0,0,Audio Array-Catch All-SD-CT,FBA79379,AM-C45,Audio Array,Microphone Dynamic,Dynamic Microphone,
2026-07-02,B0D3LZWTHV,0.0,Dynamic Mic,0,88800319740398,0,0,B0D3LZWTHV,189182706060711,0.0,0,Audio Array-Catch All-SD-CT,FBA79379,AM-C45,Audio Array,Microphone Dynamic,Dynamic Microphone,
2026-07-03,B0D3LZWTHV,0.0,Dynamic Mic,0,88800319740398,0,0,B0D3LZWTHV,189182706060711,0.0,0,Audio Array-Catch All-SD-CT,FBA79379,AM-C45,Audio Array,Microphone Dynamic,Dynamic Microphone,
2026-07-04,B0D3LZWTHV,0.0,Dynamic Mic,0,88800319740398,0,0,B0D3LZWTHV,189182706060711,0.0,0,Audio Array-Catch All-SD-CT,FBA79379,AM-C45,Audio Array,Microphone Dynamic,Dynamic Microphone,
2026-07-05,B0D3LZWTHV,0.0,Dynamic Mic,0,88800319740398,0,0,B0D3LZWTHV,189182706060711,0.0,0,Audio Array-Catch All-SD-CT,FBA79379,AM-C45,Audio Array,Microphone Dynamic,Dynamic Microphone,
2026-07-06,B0D3LZWTHV,0.0,Dynamic Mic,0,88800319740398,0,0,B0D3LZWTHV,189182706060711,0.0,0,Audio Array-Catch All-SD-CT,FBA79379,AM-C45,Audio Array,Microphone Dynamic,Dynamic Microphone,
2026-07-07,B0D3LZWTHV,0.0,Dynamic Mic,0,88800319740398,0,0,B0D3LZWTHV,189182706060711,0.0,0,Audio Array-Catch All-SD-CT,FBA79379,AM-C45,Audio Array,Microphone Dynamic,Dynamic Microphone,
2026-07-08,B0D3LZWTHV,0.0,Dynamic Mic,0,88800319740398,0,0,B0D3LZWTHV,189182706060711,0.0,0,Audio Array-Catch All-SD-CT,FBA79379,AM-C45,Audio Array,Microphone Dynamic,Dynamic Microphone,
2026-07-09,B0D3LZWTHV,0.0,Dynamic Mic,0,88800319740398,0,0,B0D3LZWTHV,189182706060711,0.0,0,Audio Array-Catch All-SD-CT,FBA79379,AM-C45,Audio Array,Microphone Dynamic,Dynamic Microphone,
2026-07-10,B0D3LZWTHV,0.0,Dynamic Mic,0,88800319740398,0,0,B0D3LZWTHV,189182706060711,0.0,0,Audio Array-Catch All-SD-CT,FBA79379,AM-C45,Audio Array,Microphone Dynamic,Dynamic Microphone,
2026-07-11,B0D3LZWTHV,0.0,Dynamic Mic,0,88800319740398,0,0,B0D3LZWTHV,189182706060711,0.0,0,Audio Array-Catch All-SD-CT,FBA79379,AM-C45,Audio Array,Microphone Dynamic,Dynamic Microphone,
2026-07-12,B0D3LZWTHV,0.0,Dynamic Mic,0,88800319740398,0,0,B0D3LZWTHV,189182706060711,0.0,0,Audio Array-Catch All-SD-CT,FBA79379,AM-C45,Audio Array,Microphone Dynamic,Dynamic Microphone,
2026-07-13,B0D3LZWTHV,0.0,Dynamic Mic,0,88800319740398,0,0,B0D3LZWTHV,189182706060711,0.0,0,Audio Array-Catch All-SD-CT,FBA79379,AM-C45,Audio Array,Microphone Dynamic,Dynamic Microphone,
2026-07-14,B0D3LZWTHV,0.0,Dynamic Mic,0,88800319740398,0,0,B0D3LZWTHV,189182706060711,0.0,0,Audio Array-Catch All-SD-CT,FBA79379,AM-C45,Audio Array,Microphone Dynamic,Dynamic Microphone,
2026-07-15,B0D3LZWTHV,0.0,Dynamic Mic,0,88800319740398,0,0,B0D3LZWTHV,189182706060711,0.0,0,Audio Array-Catch All-SD-CT,FBA79379,AM-C45,Audio Array,Microphone Dynamic,Dynamic Microphone,
2026-07-16,B0D3LZWTHV,0.0,Dynamic Mic,0,88800319740398,0,0,B0D3LZWTHV,189182706060711,0.0,0,Audio Array-Catch All-SD-CT,FBA79379,AM-C45,Audio Array,Microphone Dynamic,Dynamic Microphone,
2026-07-17,B0D3LZWTHV,0.0,Dynamic Mic,0,88800319740398,0,0,B0D3LZWTHV,189182706060711,0.0,0,Audio Array-Catch All-SD-CT,FBA79379,AM-C45,Audio Array,Microphone Dynamic,Dynamic Microphone,
2026-07-18,B0D3LZWTHV,0.0,Dynamic Mic,0,88800319740398,0,0,B0D3LZWTHV,189182706060711,0.0,0,Audio Array-Catch All-SD-CT,FBA79379,AM-C45,Audio Array,Microphone Dynamic,Dynamic Microphone,
2026-07-19,B0D3LZWTHV,0.0,Dynamic Mic,0,88800319740398,0,0,B0D3LZWTHV,189182706060711,0.0,0,Audio Array-Catch All-SD-CT,FBA79379,AM-C45,Audio Array,Microphone Dynamic,Dynamic Microphone,
2026-07-20,B0D3LZWTHV,0.0,Dynamic Mic,0,88800319740398,0,0,B0D3LZWTHV,189182706060711,0.0,0,Audio Array-Catch All-SD-CT,FBA79379,AM-C45,Audio Array,Microphone Dynamic,Dynamic Microphone,
2026-07-21,B0D3LZWTHV,0.0,Dynamic Mic,0,88800319740398,0,0,B0D3LZWTHV,189182706060711,0.0,0,Audio Array-Catch All-SD-CT,FBA79379,AM-C45,Audio Array,Microphone Dynamic,Dynamic Microphone,
2026-07-01,B0DXFPM4N2,0.0,AM-S1,0,421040402925353,0,0,B0DXFPM4N2,546547861511351,0.0,0,AA_Studio_Monitor_AM-S1_SD_In-Marketing,FBA79482,AM-S1,Audio Array,Monitor Speakers,Studio Monitor Speaker,
2026-07-02,B0DXFPM4N2,0.0,AM-S1,0,421040402925353,0,0,B0DXFPM4N2,546547861511351,0.0,0,AA_Studio_Monitor_AM-S1_SD_In-Marketing,FBA79482,AM-S1,Audio Array,Monitor Speakers,Studio Monitor Speaker,
2026-07-03,B0DXFPM4N2,0.0,AM-S1,0,421040402925353,0,0,B0DXFPM4N2,546547861511351,0.0,0,AA_Studio_Monitor_AM-S1_SD_In-Marketing,FBA79482,AM-S1,Audio Array,Monitor Speakers,Studio Monitor Speaker,
2026-07-04,B0DXFPM4N2,0.0,AM-S1,0,421040402925353,0,0,B0DXFPM4N2,546547861511351,0.0,0,AA_Studio_Monitor_AM-S1_SD_In-Marketing,FBA79482,AM-S1,Audio Array,Monitor Speakers,Studio Monitor Speaker,
2026-07-05,B0DXFPM4N2,0.0,AM-S1,0,421040402925353,0,0,B0DXFPM4N2,546547861511351,0.0,0,AA_Studio_Monitor_AM-S1_SD_In-Marketing,FBA79482,AM-S1,Audio Array,Monitor Speakers,Studio Monitor Speaker,
2026-07-06,B0DXFPM4N2,0.0,AM-S1,0,421040402925353,0,0,B0DXFPM4N2,546547861511351,0.0,0,AA_Studio_Monitor_AM-S1_SD_In-Marketing,FBA79482,AM-S1,Audio Array,Monitor Speakers,Studio Monitor Speaker,
2026-07-07,B0DXFPM4N2,0.0,AM-S1,0,421040402925353,0,0,B0DXFPM4N2,546547861511351,0.0,0,AA_Studio_Monitor_AM-S1_SD_In-Marketing,FBA79482,AM-S1,Audio Array,Monitor Speakers,Studio Monitor Speaker,
2026-07-08,B0DXFPM4N2,0.0,AM-S1,0,421040402925353,0,0,B0DXFPM4N2,546547861511351,0.0,0,AA_Studio_Monitor_AM-S1_SD_In-Marketing,FBA79482,AM-S1,Audio Array,Monitor Speakers,Studio Monitor Speaker,
2026-07-09,B0DXFPM4N2,0.0,AM-S1,0,421040402925353,0,0,B0DXFPM4N2,546547861511351,0.0,0,AA_Studio_Monitor_AM-S1_SD_In-Marketing,FBA79482,AM-S1,Audio Array,Monitor Speakers,Studio Monitor Speaker,
2026-07-10,B0DXFPM4N2,0.0,AM-S1,0,421040402925353,0,0,B0DXFPM4N2,546547861511351,0.0,0,AA_Studio_Monitor_AM-S1_SD_In-Marketing,FBA79482,AM-S1,Audio Array,Monitor Speakers,Studio Monitor Speaker,
2026-07-11,B0DXFPM4N2,0.0,AM-S1,0,421040402925353,0,0,B0DXFPM4N2,546547861511351,0.0,0,AA_Studio_Monitor_AM-S1_SD_In-Marketing,FBA79482,AM-S1,Audio Array,Monitor Speakers,Studio Monitor Speaker,
2026-07-12,B0DXFPM4N2,0.0,AM-S1,0,421040402925353,0,0,B0DXFPM4N2,546547861511351,0.0,0,AA_Studio_Monitor_AM-S1_SD_In-Marketing,FBA79482,AM-S1,Audio Array,Monitor Speakers,Studio Monitor Speaker,
2026-07-13,B0DXFPM4N2,0.0,AM-S1,0,421040402925353,0,0,B0DXFPM4N2,546547861511351,0.0,0,AA_Studio_Monitor_AM-S1_SD_In-Marketing,FBA79482,AM-S1,Audio Array,Monitor Speakers,Studio Monitor Speaker,
2026-07-14,B0DXFPM4N2,0.0,AM-S1,0,421040402925353,0,0,B0DXFPM4N2,546547861511351,0.0,0,AA_Studio_Monitor_AM-S1_SD_In-Marketing,FBA79482,AM-S1,Audio Array,Monitor Speakers,Studio Monitor Speaker,
2026-07-15,B0DXFPM4N2,0.0,AM-S1,0,421040402925353,0,0,B0DXFPM4N2,546547861511351,0.0,0,AA_Studio_Monitor_AM-S1_SD_In-Marketing,FBA79482,AM-S1,Audio Array,Monitor Speakers,Studio Monitor Speaker,
2026-07-16,B0DXFPM4N2,0.0,AM-S1,0,421040402925353,0,0,B0DXFPM4N2,546547861511351,0.0,0,AA_Studio_Monitor_AM-S1_SD_In-Marketing,FBA79482,AM-S1,Audio Array,Monitor Speakers,Studio Monitor Speaker,
2026-07-17,B0DXFPM4N2,0.0,AM-S1,0,421040402925353,0,0,B0DXFPM4N2,546547861511351,0.0,0,AA_Studio_Monitor_AM-S1_SD_In-Marketing,FBA79482,AM-S1,Audio Array,Monitor Speakers,Studio Monitor Speaker,
2026-07-18,B0DXFPM4N2,0.0,AM-S1,0,421040402925353,0,0,B0DXFPM4N2,546547861511351,0.0,0,AA_Studio_Monitor_AM-S1_SD_In-Marketing,FBA79482,AM-S1,Audio Array,Monitor Speakers,Studio Monitor Speaker,
2026-07-19,B0DXFPM4N2,0.0,AM-S1,0,421040402925353,0,0,B0DXFPM4N2,546547861511351,0.0,0,AA_Studio_Monitor_AM-S1_SD_In-Marketing,FBA79482,AM-S1,Audio Array,Monitor Speakers,Studio Monitor Speaker,
2026-07-20,B0DXFPM4N2,0.0,AM-S1,0,421040402925353,0,0,B0DXFPM4N2,546547861511351,0.0,0,AA_Studio_Monitor_AM-S1_SD_In-Marketing,FBA79482,AM-S1,Audio Array,Monitor Speakers,Studio Monitor Speaker,
2026-07-21,B0DXFPM4N2,0.0,AM-S1,0,421040402925353,0,0,B0DXFPM4N2,546547861511351,0.0,0,AA_Studio_Monitor_AM-S1_SD_In-Marketing,FBA79482,AM-S1,Audio Array,Monitor Speakers,Studio Monitor Speaker,
2026-07-01,B0FPR962YS,0.0,Wireless Lapel Mic,0,88800319740398,0,0,B0FPR962YS,485818304366864,0.0,0,Audio Array-Catch All-SD-CT,FBA79816,AM-W22,Audio Array,Microphone Wireless Lapel,Wireless Lapel Microphone,
2026-07-02,B0FPR962YS,0.0,Wireless Lapel Mic,0,88800319740398,0,0,B0FPR962YS,485818304366864,0.0,0,Audio Array-Catch All-SD-CT,FBA79816,AM-W22,Audio Array,Microphone Wireless Lapel,Wireless Lapel Microphone,
2026-07-03,B0FPR962YS,0.0,Wireless Lapel Mic,0,88800319740398,0,0,B0FPR962YS,485818304366864,0.0,0,Audio Array-Catch All-SD-CT,FBA79816,AM-W22,Audio Array,Microphone Wireless Lapel,Wireless Lapel Microphone,
2026-07-04,B0FPR962YS,0.0,Wireless Lapel Mic,0,88800319740398,0,0,B0FPR962YS,485818304366864,0.0,0,Audio Array-Catch All-SD-CT,FBA79816,AM-W22,Audio Array,Microphone Wireless Lapel,Wireless Lapel Microphone,
2026-07-05,B0FPR962YS,0.0,Wireless Lapel Mic,0,88800319740398,0,0,B0FPR962YS,485818304366864,0.0,0,Audio Array-Catch All-SD-CT,FBA79816,AM-W22,Audio Array,Microphone Wireless Lapel,Wireless Lapel Microphone,
2026-07-06,B0FPR962YS,0.0,Wireless Lapel Mic,0,88800319740398,0,0,B0FPR962YS,485818304366864,0.0,0,Audio Array-Catch All-SD-CT,FBA79816,AM-W22,Audio Array,Microphone Wireless Lapel,Wireless Lapel Microphone,
2026-07-07,B0FPR962YS,0.0,Wireless Lapel Mic,0,88800319740398,0,0,B0FPR962YS,485818304366864,0.0,0,Audio Array-Catch All-SD-CT,FBA79816,AM-W22,Audio Array,Microphone Wireless Lapel,Wireless Lapel Microphone,
2026-07-08,B0FPR962YS,0.0,Wireless Lapel Mic,0,88800319740398,0,0,B0FPR962YS,485818304366864,0.0,0,Audio Array-Catch All-SD-CT,FBA79816,AM-W22,Audio Array,Microphone Wireless Lapel,Wireless Lapel Microphone,
2026-07-09,B0FPR962YS,0.0,Wireless Lapel Mic,0,88800319740398,0,0,B0FPR962YS,485818304366864,0.0,0,Audio Array-Catch All-SD-CT,FBA79816,AM-W22,Audio Array,Microphone Wireless Lapel,Wireless Lapel Microphone,
2026-07-10,B0FPR962YS,0.0,Wireless Lapel Mic,0,88800319740398,0,0,B0FPR962YS,485818304366864,0.0,0,Audio Array-Catch All-SD-CT,FBA79816,AM-W22,Audio Array,Microphone Wireless Lapel,Wireless Lapel Microphone,
2026-07-11,B0FPR962YS,0.0,Wireless Lapel Mic,0,88800319740398,0,0,B0FPR962YS,485818304366864,0.0,0,Audio Array-Catch All-SD-CT,FBA79816,AM-W22,Audio Array,Microphone Wireless Lapel,Wireless Lapel Microphone,
2026-07-12,B0FPR962YS,0.0,Wireless Lapel Mic,0,88800319740398,0,0,B0FPR962YS,485818304366864,0.0,0,Audio Array-Catch All-SD-CT,FBA79816,AM-W22,Audio Array,Microphone Wireless Lapel,Wireless Lapel Microphone,
2026-07-13,B0FPR962YS,0.0,Wireless Lapel Mic,0,88800319740398,0,0,B0FPR962YS,485818304366864,0.0,0,Audio Array-Catch All-SD-CT,FBA79816,AM-W22,Audio Array,Microphone Wireless Lapel,Wireless Lapel Microphone,
2026-07-14,B0FPR962YS,0.0,Wireless Lapel Mic,0,88800319740398,0,0,B0FPR962YS,485818304366864,0.0,0,Audio Array-Catch All-SD-CT,FBA79816,AM-W22,Audio Array,Microphone Wireless Lapel,Wireless Lapel Microphone,
2026-07-15,B0FPR962YS,0.0,Wireless Lapel Mic,0,88800319740398,0,0,B0FPR962YS,485818304366864,0.0,0,Audio Array-Catch All-SD-CT,FBA79816,AM-W22,Audio Array,Microphone Wireless Lapel,Wireless Lapel Microphone,
2026-07-16,B0FPR962YS,0.0,Wireless Lapel Mic,0,88800319740398,0,0,B0FPR962YS,485818304366864,0.0,0,Audio Array-Catch All-SD-CT,FBA79816,AM-W22,Audio Array,Microphone Wireless Lapel,Wireless Lapel Microphone,
2026-07-17,B0FPR962YS,0.0,Wireless Lapel Mic,0,88800319740398,0,0,B0FPR962YS,485818304366864,0.0,0,Audio Array-Catch All-SD-CT,FBA79816,AM-W22,Audio Array,Microphone Wireless Lapel,Wireless Lapel Microphone,
2026-07-18,B0FPR962YS,0.0,Wireless Lapel Mic,0,88800319740398,0,0,B0FPR962YS,485818304366864,0.0,0,Audio Array-Catch All-SD-CT,FBA79816,AM-W22,Audio Array,Microphone Wireless Lapel,Wireless Lapel Microphone,
2026-07-19,B0FPR962YS,0.0,Wireless Lapel Mic,0,88800319740398,0,0,B0FPR962YS,485818304366864,0.0,0,Audio Array-Catch All-SD-CT,FBA79816,AM-W22,Audio Array,Microphone Wireless Lapel,Wireless Lapel Microphone,
2026-07-20,B0FPR962YS,0.0,Wireless Lapel Mic,0,88800319740398,0,0,B0FPR962YS,485818304366864,0.0,0,Audio Array-Catch All-SD-CT,FBA79816,AM-W22,Audio Array,Microphone Wireless Lapel,Wireless Lapel Microphone,
2026-07-21,B0FPR962YS,0.0,Wireless Lapel Mic,0,88800319740398,0,0,B0FPR962YS,485818304366864,0.0,0,Audio Array-Catch All-SD-CT,FBA79816,AM-W22,Audio Array,Microphone Wireless Lapel,Wireless Lapel Microphone,
2026-07-01,B0FPR7VFCH,0.0,Wireless Lapel Mic,0,88800319740398,0,0,B0FPR7VFCH,485818304366864,0.0,0,Audio Array-Catch All-SD-CT,FBA79815,AM-W19,Audio Array,Microphone Wireless Lapel,Wireless Lapel Microphone,
2026-07-02,B0FPR7VFCH,0.0,Wireless Lapel Mic,0,88800319740398,0,0,B0FPR7VFCH,485818304366864,0.0,0,Audio Array-Catch All-SD-CT,FBA79815,AM-W19,Audio Array,Microphone Wireless Lapel,Wireless Lapel Microphone,
2026-07-03,B0FPR7VFCH,0.0,Wireless Lapel Mic,0,88800319740398,0,0,B0FPR7VFCH,485818304366864,0.0,0,Audio Array-Catch All-SD-CT,FBA79815,AM-W19,Audio Array,Microphone Wireless Lapel,Wireless Lapel Microphone,
2026-07-04,B0FPR7VFCH,0.0,Wireless Lapel Mic,0,88800319740398,0,0,B0FPR7VFCH,485818304366864,0.0,0,Audio Array-Catch All-SD-CT,FBA79815,AM-W19,Audio Array,Microphone Wireless Lapel,Wireless Lapel Microphone,
2026-07-05,B0FPR7VFCH,0.0,Wireless Lapel Mic,0,88800319740398,0,0,B0FPR7VFCH,485818304366864,0.0,0,Audio Array-Catch All-SD-CT,FBA79815,AM-W19,Audio Array,Microphone Wireless Lapel,Wireless Lapel Microphone,
2026-07-06,B0FPR7VFCH,0.0,Wireless Lapel Mic,0,88800319740398,0,0,B0FPR7VFCH,485818304366864,0.0,0,Audio Array-Catch All-SD-CT,FBA79815,AM-W19,Audio Array,Microphone Wireless Lapel,Wireless Lapel Microphone,
2026-07-07,B0FPR7VFCH,0.0,Wireless Lapel Mic,0,88800319740398,0,0,B0FPR7VFCH,485818304366864,0.0,0,Audio Array-Catch All-SD-CT,FBA79815,AM-W19,Audio Array,Microphone Wireless Lapel,Wireless Lapel Microphone,
2026-07-08,B0FPR7VFCH,0.0,Wireless Lapel Mic,0,88800319740398,0,0,B0FPR7VFCH,485818304366864,0.0,0,Audio Array-Catch All-SD-CT,FBA79815,AM-W19,Audio Array,Microphone Wireless Lapel,Wireless Lapel Microphone,
2026-07-09,B0FPR7VFCH,0.0,Wireless Lapel Mic,0,88800319740398,0,0,B0FPR7VFCH,485818304366864,0.0,0,Audio Array-Catch All-SD-CT,FBA79815,AM-W19,Audio Array,Microphone Wireless Lapel,Wireless Lapel Microphone,
2026-07-10,B0FPR7VFCH,0.0,Wireless Lapel Mic,0,88800319740398,0,0,B0FPR7VFCH,485818304366864,0.0,0,Audio Array-Catch All-SD-CT,FBA79815,AM-W19,Audio Array,Microphone Wireless Lapel,Wireless Lapel Microphone,
2026-07-11,B0FPR7VFCH,0.0,Wireless Lapel Mic,0,88800319740398,0,0,B0FPR7VFCH,485818304366864,0.0,0,Audio Array-Catch All-SD-CT,FBA79815,AM-W19,Audio Array,Microphone Wireless Lapel,Wireless Lapel Microphone,
2026-07-12,B0FPR7VFCH,0.0,Wireless Lapel Mic,0,88800319740398,0,0,B0FPR7VFCH,485818304366864,0.0,0,Audio Array-Catch All-SD-CT,FBA79815,AM-W19,Audio Array,Microphone Wireless Lapel,Wireless Lapel Microphone,
2026-07-13,B0FPR7VFCH,0.0,Wireless Lapel Mic,0,88800319740398,0,0,B0FPR7VFCH,485818304366864,0.0,0,Audio Array-Catch All-SD-CT,FBA79815,AM-W19,Audio Array,Microphone Wireless Lapel,Wireless Lapel Microphone,
2026-07-14,B0FPR7VFCH,0.0,Wireless Lapel Mic,0,88800319740398,0,0,B0FPR7VFCH,485818304366864,0.0,0,Audio Array-Catch All-SD-CT,FBA79815,AM-W19,Audio Array,Microphone Wireless Lapel,Wireless Lapel Microphone,
2026-07-15,B0FPR7VFCH,0.0,Wireless Lapel Mic,0,88800319740398,0,0,B0FPR7VFCH,485818304366864,0.0,0,Audio Array-Catch All-SD-CT,FBA79815,AM-W19,Audio Array,Microphone Wireless Lapel,Wireless Lapel Microphone,
2026-07-16,B0FPR7VFCH,0.0,Wireless Lapel Mic,0,88800319740398,0,0,B0FPR7VFCH,485818304366864,0.0,0,Audio Array-Catch All-SD-CT,FBA79815,AM-W19,Audio Array,Microphone Wireless Lapel,Wireless Lapel Microphone,
2026-07-17,B0FPR7VFCH,0.0,Wireless Lapel Mic,0,88800319740398,0,0,B0FPR7VFCH,485818304366864,0.0,0,Audio Array-Catch All-SD-CT,FBA79815,AM-W19,Audio Array,Microphone Wireless Lapel,Wireless Lapel Microphone,
2026-07-18,B0FPR7VFCH,0.0,Wireless Lapel Mic,0,88800319740398,0,0,B0FPR7VFCH,485818304366864,0.0,0,Audio Array-Catch All-SD-CT,FBA79815,AM-W19,Audio Array,Microphone Wireless Lapel,Wireless Lapel Microphone,
2026-07-19,B0FPR7VFCH,0.0,Wireless Lapel Mic,0,88800319740398,0,0,B0FPR7VFCH,485818304366864,0.0,0,Audio Array-Catch All-SD-CT,FBA79815,AM-W19,Audio Array,Microphone Wireless Lapel,Wireless Lapel Microphone,
2026-07-20,B0FPR7VFCH,0.0,Wireless Lapel Mic,0,88800319740398,0,0,B0FPR7VFCH,485818304366864,0.0,0,Audio Array-Catch All-SD-CT,FBA79815,AM-W19,Audio Array,Microphone Wireless Lapel,Wireless Lapel Microphone,
2026-07-21,B0FPR7VFCH,0.0,Wireless Lapel Mic,0,88800319740398,0,0,B0FPR7VFCH,485818304366864,0.0,0,Audio Array-Catch All-SD-CT,FBA79815,AM-W19,Audio Array,Microphone Wireless Lapel,Wireless Lapel Microphone,
2026-07-01,B0FVM17Q4W,0.0,Wireless Lapel Mic,0,88800319740398,0,0,FBA79909,485818304366864,0.0,0,Audio Array-Catch All-SD-CT,FBA79909,AM-W20,Audio Array,Microphone Wireless Lapel,Wireless Lapel Microphone,
2026-07-02,B0FVM17Q4W,0.0,Wireless Lapel Mic,0,88800319740398,0,0,FBA79909,485818304366864,0.0,0,Audio Array-Catch All-SD-CT,FBA79909,AM-W20,Audio Array,Microphone Wireless Lapel,Wireless Lapel Microphone,
2026-07-03,B0FVM17Q4W,0.0,Wireless Lapel Mic,0,88800319740398,0,0,FBA79909,485818304366864,0.0,0,Audio Array-Catch All-SD-CT,FBA79909,AM-W20,Audio Array,Microphone Wireless Lapel,Wireless Lapel Microphone,
2026-07-04,B0FVM17Q4W,0.0,Wireless Lapel Mic,0,88800319740398,0,0,FBA79909,485818304366864,0.0,0,Audio Array-Catch All-SD-CT,FBA79909,AM-W20,Audio Array,Microphone Wireless Lapel,Wireless Lapel Microphone,
2026-07-05,B0FVM17Q4W,0.0,Wireless Lapel Mic,0,88800319740398,0,0,FBA79909,485818304366864,0.0,0,Audio Array-Catch All-SD-CT,FBA79909,AM-W20,Audio Array,Microphone Wireless Lapel,Wireless Lapel Microphone,
2026-07-06,B0FVM17Q4W,0.0,Wireless Lapel Mic,0,88800319740398,0,0,FBA79909,485818304366864,0.0,0,Audio Array-Catch All-SD-CT,FBA79909,AM-W20,Audio Array,Microphone Wireless Lapel,Wireless Lapel Microphone,
2026-07-07,B0FVM17Q4W,0.0,Wireless Lapel Mic,0,88800319740398,0,0,FBA79909,485818304366864,0.0,0,Audio Array-Catch All-SD-CT,FBA79909,AM-W20,Audio Array,Microphone Wireless Lapel,Wireless Lapel Microphone,
2026-07-08,B0FVM17Q4W,0.0,Wireless Lapel Mic,0,88800319740398,0,0,FBA79909,485818304366864,0.0,0,Audio Array-Catch All-SD-CT,FBA79909,AM-W20,Audio Array,Microphone Wireless Lapel,Wireless Lapel Microphone,
2026-07-09,B0FVM17Q4W,0.0,Wireless Lapel Mic,0,88800319740398,0,0,FBA79909,485818304366864,0.0,0,Audio Array-Catch All-SD-CT,FBA79909,AM-W20,Audio Array,Microphone Wireless Lapel,Wireless Lapel Microphone,
2026-07-10,B0FVM17Q4W,0.0,Wireless Lapel Mic,0,88800319740398,0,0,FBA79909,485818304366864,0.0,0,Audio Array-Catch All-SD-CT,FBA79909,AM-W20,Audio Array,Microphone Wireless Lapel,Wireless Lapel Microphone,
2026-07-11,B0FVM17Q4W,0.0,Wireless Lapel Mic,0,88800319740398,0,0,FBA79909,485818304366864,0.0,0,Audio Array-Catch All-SD-CT,FBA79909,AM-W20,Audio Array,Microphone Wireless Lapel,Wireless Lapel Microphone,
2026-07-12,B0FVM17Q4W,0.0,Wireless Lapel Mic,0,88800319740398,0,0,FBA79909,485818304366864,0.0,0,Audio Array-Catch All-SD-CT,FBA79909,AM-W20,Audio Array,Microphone Wireless Lapel,Wireless Lapel Microphone,
2026-07-13,B0FVM17Q4W,0.0,Wireless Lapel Mic,0,88800319740398,0,0,FBA79909,485818304366864,0.0,0,Audio Array-Catch All-SD-CT,FBA79909,AM-W20,Audio Array,Microphone Wireless Lapel,Wireless Lapel Microphone,
2026-07-14,B0FVM17Q4W,0.0,Wireless Lapel Mic,0,88800319740398,0,0,FBA79909,485818304366864,0.0,0,Audio Array-Catch All-SD-CT,FBA79909,AM-W20,Audio Array,Microphone Wireless Lapel,Wireless Lapel Microphone,
2026-07-15,B0FVM17Q4W,0.0,Wireless Lapel Mic,0,88800319740398,0,0,FBA79909,485818304366864,0.0,0,Audio Array-Catch All-SD-CT,FBA79909,AM-W20,Audio Array,Microphone Wireless Lapel,Wireless Lapel Microphone,
2026-07-16,B0FVM17Q4W,0.0,Wireless Lapel Mic,0,88800319740398,0,0,FBA79909,485818304366864,0.0,0,Audio Array-Catch All-SD-CT,FBA79909,AM-W20,Audio Array,Microphone Wireless Lapel,Wireless Lapel Microphone,
2026-07-17,B0FVM17Q4W,0.0,Wireless Lapel Mic,0,88800319740398,0,0,FBA79909,485818304366864,0.0,0,Audio Array-Catch All-SD-CT,FBA79909,AM-W20,Audio Array,Microphone Wireless Lapel,Wireless Lapel Microphone,
2026-07-18,B0FVM17Q4W,0.0,Wireless Lapel Mic,0,88800319740398,0,0,FBA79909,485818304366864,0.0,0,Audio Array-Catch All-SD-CT,FBA79909,AM-W20,Audio Array,Microphone Wireless Lapel,Wireless Lapel Microphone,
2026-07-19,B0FVM17Q4W,0.0,Wireless Lapel Mic,0,88800319740398,0,0,FBA79909,485818304366864,0.0,0,Audio Array-Catch All-SD-CT,FBA79909,AM-W20,Audio Array,Microphone Wireless Lapel,Wireless Lapel Microphone,
2026-07-20,B0FVM17Q4W,0.0,Wireless Lapel Mic,0,88800319740398,0,0,FBA79909,485818304366864,0.0,0,Audio Array-Catch All-SD-CT,FBA79909,AM-W20,Audio Array,Microphone Wireless Lapel,Wireless Lapel Microphone,
2026-07-21,B0FVM17Q4W,0.0,Wireless Lapel Mic,0,88800319740398,0,0,FBA79909,485818304366864,0.0,0,Audio Array-Catch All-SD-CT,FBA79909,AM-W20,Audio Array,Microphone Wireless Lapel,Wireless Lapel Microphone,
2026-07-01,B0FG88HVQ8,177.79,Audio Array-B0FG88HVQ8-DJ Headphone-SD-PT,1,275721825853561,1,6548,B0FG88HVQ8,323075178229933,1694.07,25,Audio Array-B0FG88HVQ8-DJ Headphone-SD-PT,FBA79813,AH-50,Audio Array,DJ Headphone,DJ Headphone,
2026-07-02,B0FG88HVQ8,197.68,Audio Array-B0FG88HVQ8-DJ Headphone-SD-PT,2,275721825853561,2,4609,B0FG88HVQ8,323075178229933,3405.94,24,Audio Array-B0FG88HVQ8-DJ Headphone-SD-PT,FBA79813,AH-50,Audio Array,DJ Headphone,DJ Headphone,
2026-07-03,B0FG88HVQ8,215.78,Audio Array-B0FG88HVQ8-DJ Headphone-SD-PT,2,275721825853561,2,4593,B0FG88HVQ8,323075178229933,3303.39,20,Audio Array-B0FG88HVQ8-DJ Headphone-SD-PT,FBA79813,AH-50,Audio Array,DJ Headphone,DJ Headphone,
2026-07-04,B0FG88HVQ8,377.75,Audio Array-B0FG88HVQ8-DJ Headphone-SD-PT,1,275721825853561,1,4311,B0FG88HVQ8,323075178229933,1609.32,27,Audio Array-B0FG88HVQ8-DJ Headphone-SD-PT,FBA79813,AH-50,Audio Array,DJ Headphone,DJ Headphone,
2026-07-05,B0FG88HVQ8,441.44,Audio Array-B0FG88HVQ8-DJ Headphone-SD-PT,1,275721825853561,1,3061,B0FG88HVQ8,323075178229933,1609.32,27,Audio Array-B0FG88HVQ8-DJ Headphone-SD-PT,FBA79813,AH-50,Audio Array,DJ Headphone,DJ Headphone,
2026-07-06,B0FG88HVQ8,314.67,Audio Array-B0FG88HVQ8-DJ Headphone-SD-PT,1,275721825853561,1,3101,B0FG88HVQ8,323075178229933,1702.54,19,Audio Array-B0FG88HVQ8-DJ Headphone-SD-PT,FBA79813,AH-50,Audio Array,DJ Headphone,DJ Headphone,
2026-07-07,B0FG88HVQ8,428.15,Audio Array-B0FG88HVQ8-DJ Headphone-SD-PT,3,275721825853561,3,12579,B0FG88HVQ8,323075178229933,4912.71,55,Audio Array-B0FG88HVQ8-DJ Headphone-SD-PT,FBA79813,AH-50,Audio Array,DJ Headphone,DJ Headphone,
2026-07-08,B0FG88HVQ8,439.57,Audio Array-B0FG88HVQ8-DJ Headphone-SD-PT,1,275721825853561,1,7521,B0FG88HVQ8,323075178229933,1609.32,37,Audio Array-B0FG88HVQ8-DJ Headphone-SD-PT,FBA79813,AH-50,Audio Array,DJ Headphone,DJ Headphone,
2026-07-09,B0FG88HVQ8,443.5,Audio Array-B0FG88HVQ8-DJ Headphone-SD-PT,3,275721825853561,3,12209,B0FG88HVQ8,323075178229933,1609.32,49,Audio Array-B0FG88HVQ8-DJ Headphone-SD-PT,FBA79813,AH-50,Audio Array,DJ Headphone,DJ Headphone,
2026-07-10,B0FG88HVQ8,355.71,Audio Array-B0FG88HVQ8-DJ Headphone-SD-PT,1,275721825853561,1,11180,B0FG88HVQ8,323075178229933,1750.0,57,Audio Array-B0FG88HVQ8-DJ Headphone-SD-PT,FBA79813,AH-50,Audio Array,DJ Headphone,DJ Headphone,
2026-07-11,B0FG88HVQ8,349.99,Audio Array-B0FG88HVQ8-DJ Headphone-SD-PT,2,275721825853561,2,13374,B0FG88HVQ8,323075178229933,3500.0,60,Audio Array-B0FG88HVQ8-DJ Headphone-SD-PT,FBA79813,AH-50,Audio Array,DJ Headphone,DJ Headphone,
2026-07-12,B0FG88HVQ8,362.13,Audio Array-B0FG88HVQ8-DJ Headphone-SD-PT,2,275721825853561,2,16548,B0FG88HVQ8,323075178229933,3500.0,58,Audio Array-B0FG88HVQ8-DJ Headphone-SD-PT,FBA79813,AH-50,Audio Array,DJ Headphone,DJ Headphone,
2026-07-13,B0FG88HVQ8,317.31,Audio Array-B0FG88HVQ8-DJ Headphone-SD-PT,1,275721825853561,1,15875,B0FG88HVQ8,323075178229933,1750.0,53,Audio Array-B0FG88HVQ8-DJ Headphone-SD-PT,FBA79813,AH-50,Audio Array,DJ Headphone,DJ Headphone,
2026-07-14,B0FG88HVQ8,444.23,Audio Array-B0FG88HVQ8-DJ Headphone-SD-PT,3,275721825853561,3,14876,B0FG88HVQ8,323075178229933,8048.31,65,Audio Array-B0FG88HVQ8-DJ Headphone-SD-PT,FBA79813,AH-50,Audio Array,DJ Headphone,DJ Headphone,
2026-07-15,B0FG88HVQ8,441.84,Audio Array-B0FG88HVQ8-DJ Headphone-SD-PT,3,275721825853561,4,13900,B0FG88HVQ8,323075178229933,6098.3,76,Audio Array-B0FG88HVQ8-DJ Headphone-SD-PT,FBA79813,AH-50,Audio Array,DJ Headphone,DJ Headphone,
2026-07-16,B0FG88HVQ8,389.78,Audio Array-B0FG88HVQ8-DJ Headphone-SD-PT,2,275721825853561,2,13519,B0FG88HVQ8,323075178229933,3388.14,49,Audio Array-B0FG88HVQ8-DJ Headphone-SD-PT,FBA79813,AH-50,Audio Array,DJ Headphone,DJ Headphone,
2026-07-17,B0FG88HVQ8,307.43,Audio Array-B0FG88HVQ8-DJ Headphone-SD-PT,1,275721825853561,1,13882,B0FG88HVQ8,323075178229933,1707.63,52,Audio Array-B0FG88HVQ8-DJ Headphone-SD-PT,FBA79813,AH-50,Audio Array,DJ Headphone,DJ Headphone,
2026-07-18,B0FG88HVQ8,390.92,Audio Array-B0FG88HVQ8-DJ Headphone-SD-PT,2,275721825853561,2,17450,B0FG88HVQ8,323075178229933,3401.7,67,Audio Array-B0FG88HVQ8-DJ Headphone-SD-PT,FBA79813,AH-50,Audio Array,DJ Headphone,DJ Headphone,
2026-07-19,B0FG88HVQ8,396.2,Audio Array-B0FG88HVQ8-DJ Headphone-SD-PT,1,275721825853561,1,14679,B0FG88HVQ8,323075178229933,1694.07,60,Audio Array-B0FG88HVQ8-DJ Headphone-SD-PT,FBA79813,AH-50,Audio Array,DJ Headphone,DJ Headphone,
2026-07-20,B0FG88HVQ8,162.2,Audio Array-B0FG88HVQ8-DJ Headphone-SD-PT,1,275721825853561,1,13277,B0FG88HVQ8,323075178229933,1707.63,43,Audio Array-B0FG88HVQ8-DJ Headphone-SD-PT,FBA79813,AH-50,Audio Array,DJ Headphone,DJ Headphone,
2026-07-21,B0FG88HVQ8,423.29,Audio Array-B0FG88HVQ8-DJ Headphone-SD-PT,1,275721825853561,1,15346,B0FG88HVQ8,323075178229933,1694.07,67,Audio Array-B0FG88HVQ8-DJ Headphone-SD-PT,FBA79813,AH-50,Audio Array,DJ Headphone,DJ Headphone,
2026-07-01,B0B4DPX2J2,0.0,Audio Array-Multi Ad group-Condenser-SD-PT,0,339757386460382,0,0,B0B4DPX2J2,507142498946816,0.0,0,Audio Array-B0B4DPX2J2-Condenser-SD-PT,FBA75673,AM-C1,Audio Array,Microphone Condenser,USB Microphone Kit - Boomarm,
2026-07-02,B0B4DPX2J2,0.0,Audio Array-Multi Ad group-Condenser-SD-PT,0,339757386460382,0,0,B0B4DPX2J2,507142498946816,0.0,0,Audio Array-B0B4DPX2J2-Condenser-SD-PT,FBA75673,AM-C1,Audio Array,Microphone Condenser,USB Microphone Kit - Boomarm,
2026-07-03,B0B4DPX2J2,0.0,Audio Array-Multi Ad group-Condenser-SD-PT,0,339757386460382,0,0,B0B4DPX2J2,507142498946816,0.0,0,Audio Array-B0B4DPX2J2-Condenser-SD-PT,FBA75673,AM-C1,Audio Array,Microphone Condenser,USB Microphone Kit - Boomarm,
2026-07-04,B0B4DPX2J2,0.0,Audio Array-Multi Ad group-Condenser-SD-PT,0,339757386460382,0,0,B0B4DPX2J2,507142498946816,0.0,0,Audio Array-B0B4DPX2J2-Condenser-SD-PT,FBA75673,AM-C1,Audio Array,Microphone Condenser,USB Microphone Kit - Boomarm,
2026-07-05,B0B4DPX2J2,0.0,Audio Array-Multi Ad group-Condenser-SD-PT,0,339757386460382,0,0,B0B4DPX2J2,507142498946816,0.0,0,Audio Array-B0B4DPX2J2-Condenser-SD-PT,FBA75673,AM-C1,Audio Array,Microphone Condenser,USB Microphone Kit - Boomarm,
2026-07-06,B0B4DPX2J2,0.0,Audio Array-Multi Ad group-Condenser-SD-PT,0,339757386460382,0,0,B0B4DPX2J2,507142498946816,0.0,0,Audio Array-B0B4DPX2J2-Condenser-SD-PT,FBA75673,AM-C1,Audio Array,Microphone Condenser,USB Microphone Kit - Boomarm,
2026-07-07,B0B4DPX2J2,0.0,Audio Array-Multi Ad group-Condenser-SD-PT,0,339757386460382,0,0,B0B4DPX2J2,507142498946816,0.0,0,Audio Array-B0B4DPX2J2-Condenser-SD-PT,FBA75673,AM-C1,Audio Array,Microphone Condenser,USB Microphone Kit - Boomarm,
2026-07-08,B0B4DPX2J2,0.0,Audio Array-Multi Ad group-Condenser-SD-PT,0,339757386460382,0,0,B0B4DPX2J2,507142498946816,0.0,0,Audio Array-B0B4DPX2J2-Condenser-SD-PT,FBA75673,AM-C1,Audio Array,Microphone Condenser,USB Microphone Kit - Boomarm,
2026-07-09,B0B4DPX2J2,0.0,Audio Array-Multi Ad group-Condenser-SD-PT,0,339757386460382,0,0,B0B4DPX2J2,507142498946816,0.0,0,Audio Array-B0B4DPX2J2-Condenser-SD-PT,FBA75673,AM-C1,Audio Array,Microphone Condenser,USB Microphone Kit - Boomarm,
2026-07-10,B0B4DPX2J2,0.0,Audio Array-Multi Ad group-Condenser-SD-PT,0,339757386460382,0,0,B0B4DPX2J2,507142498946816,0.0,0,Audio Array-B0B4DPX2J2-Condenser-SD-PT,FBA75673,AM-C1,Audio Array,Microphone Condenser,USB Microphone Kit - Boomarm,
2026-07-11,B0B4DPX2J2,0.0,Audio Array-Multi Ad group-Condenser-SD-PT,0,339757386460382,0,0,B0B4DPX2J2,507142498946816,0.0,0,Audio Array-B0B4DPX2J2-Condenser-SD-PT,FBA75673,AM-C1,Audio Array,Microphone Condenser,USB Microphone Kit - Boomarm,
2026-07-12,B0B4DPX2J2,0.0,Audio Array-Multi Ad group-Condenser-SD-PT,0,339757386460382,0,0,B0B4DPX2J2,507142498946816,0.0,0,Audio Array-B0B4DPX2J2-Condenser-SD-PT,FBA75673,AM-C1,Audio Array,Microphone Condenser,USB Microphone Kit - Boomarm,
2026-07-13,B0B4DPX2J2,0.0,Audio Array-Multi Ad group-Condenser-SD-PT,0,339757386460382,0,0,B0B4DPX2J2,507142498946816,0.0,0,Audio Array-B0B4DPX2J2-Condenser-SD-PT,FBA75673,AM-C1,Audio Array,Microphone Condenser,USB Microphone Kit - Boomarm,
2026-07-14,B0B4DPX2J2,0.0,Audio Array-Multi Ad group-Condenser-SD-PT,0,339757386460382,0,0,B0B4DPX2J2,507142498946816,0.0,0,Audio Array-B0B4DPX2J2-Condenser-SD-PT,FBA75673,AM-C1,Audio Array,Microphone Condenser,USB Microphone Kit - Boomarm,
2026-07-15,B0B4DPX2J2,0.0,Audio Array-Multi Ad group-Condenser-SD-PT,0,339757386460382,0,0,B0B4DPX2J2,507142498946816,0.0,0,Audio Array-B0B4DPX2J2-Condenser-SD-PT,FBA75673,AM-C1,Audio Array,Microphone Condenser,USB Microphone Kit - Boomarm,
2026-07-16,B0B4DPX2J2,0.0,Audio Array-Multi Ad group-Condenser-SD-PT,0,339757386460382,0,0,B0B4DPX2J2,507142498946816,0.0,0,Audio Array-B0B4DPX2J2-Condenser-SD-PT,FBA75673,AM-C1,Audio Array,Microphone Condenser,USB Microphone Kit - Boomarm,
2026-07-17,B0B4DPX2J2,0.0,Audio Array-Multi Ad group-Condenser-SD-PT,0,339757386460382,0,0,B0B4DPX2J2,507142498946816,0.0,0,Audio Array-B0B4DPX2J2-Condenser-SD-PT,FBA75673,AM-C1,Audio Array,Microphone Condenser,USB Microphone Kit - Boomarm,
2026-07-18,B0B4DPX2J2,0.0,Audio Array-Multi Ad group-Condenser-SD-PT,0,339757386460382,0,0,B0B4DPX2J2,507142498946816,0.0,0,Audio Array-B0B4DPX2J2-Condenser-SD-PT,FBA75673,AM-C1,Audio Array,Microphone Condenser,USB Microphone Kit - Boomarm,
2026-07-19,B0B4DPX2J2,0.0,Audio Array-Multi Ad group-Condenser-SD-PT,0,339757386460382,0,0,B0B4DPX2J2,507142498946816,0.0,0,Audio Array-B0B4DPX2J2-Condenser-SD-PT,FBA75673,AM-C1,Audio Array,Microphone Condenser,USB Microphone Kit - Boomarm,
2026-07-20,B0B4DPX2J2,0.0,Audio Array-Multi Ad group-Condenser-SD-PT,0,339757386460382,0,0,B0B4DPX2J2,507142498946816,0.0,0,Audio Array-B0B4DPX2J2-Condenser-SD-PT,FBA75673,AM-C1,Audio Array,Microphone Condenser,USB Microphone Kit - Boomarm,
2026-07-21,B0B4DPX2J2,0.0,Audio Array-Multi Ad group-Condenser-SD-PT,0,339757386460382,0,0,B0B4DPX2J2,507142498946816,0.0,0,Audio Array-B0B4DPX2J2-Condenser-SD-PT,FBA75673,AM-C1,Audio Array,Microphone Condenser,USB Microphone Kit - Boomarm,
2026-07-01,B0GKPXQ8G3,0.0,Wireless Lapel Mic,0,88800319740398,0,0,B0GKPXQ8G3,485818304366864,0.0,0,Audio Array-Catch All-SD-CT,FBA80016,AM-W22,Audio Array,Microphone Wireless Lapel,Wireless Lapel Microphone,
2026-07-02,B0GKPXQ8G3,0.0,Wireless Lapel Mic,0,88800319740398,0,0,B0GKPXQ8G3,485818304366864,0.0,0,Audio Array-Catch All-SD-CT,FBA80016,AM-W22,Audio Array,Microphone Wireless Lapel,Wireless Lapel Microphone,
2026-07-03,B0GKPXQ8G3,0.0,Wireless Lapel Mic,0,88800319740398,0,0,B0GKPXQ8G3,485818304366864,0.0,0,Audio Array-Catch All-SD-CT,FBA80016,AM-W22,Audio Array,Microphone Wireless Lapel,Wireless Lapel Microphone,
2026-07-04,B0GKPXQ8G3,0.0,Wireless Lapel Mic,0,88800319740398,0,0,B0GKPXQ8G3,485818304366864,0.0,0,Audio Array-Catch All-SD-CT,FBA80016,AM-W22,Audio Array,Microphone Wireless Lapel,Wireless Lapel Microphone,
2026-07-05,B0GKPXQ8G3,0.0,Wireless Lapel Mic,0,88800319740398,0,0,B0GKPXQ8G3,485818304366864,0.0,0,Audio Array-Catch All-SD-CT,FBA80016,AM-W22,Audio Array,Microphone Wireless Lapel,Wireless Lapel Microphone,
2026-07-06,B0GKPXQ8G3,0.0,Wireless Lapel Mic,0,88800319740398,0,0,B0GKPXQ8G3,485818304366864,0.0,0,Audio Array-Catch All-SD-CT,FBA80016,AM-W22,Audio Array,Microphone Wireless Lapel,Wireless Lapel Microphone,
2026-07-07,B0GKPXQ8G3,0.0,Wireless Lapel Mic,0,88800319740398,0,0,B0GKPXQ8G3,485818304366864,0.0,0,Audio Array-Catch All-SD-CT,FBA80016,AM-W22,Audio Array,Microphone Wireless Lapel,Wireless Lapel Microphone,
2026-07-08,B0GKPXQ8G3,0.0,Wireless Lapel Mic,0,88800319740398,0,0,B0GKPXQ8G3,485818304366864,0.0,0,Audio Array-Catch All-SD-CT,FBA80016,AM-W22,Audio Array,Microphone Wireless Lapel,Wireless Lapel Microphone,
2026-07-09,B0GKPXQ8G3,0.0,Wireless Lapel Mic,0,88800319740398,0,0,B0GKPXQ8G3,485818304366864,0.0,0,Audio Array-Catch All-SD-CT,FBA80016,AM-W22,Audio Array,Microphone Wireless Lapel,Wireless Lapel Microphone,
2026-07-10,B0GKPXQ8G3,0.0,Wireless Lapel Mic,0,88800319740398,0,0,B0GKPXQ8G3,485818304366864,0.0,0,Audio Array-Catch All-SD-CT,FBA80016,AM-W22,Audio Array,Microphone Wireless Lapel,Wireless Lapel Microphone,
2026-07-11,B0GKPXQ8G3,0.0,Wireless Lapel Mic,0,88800319740398,0,0,B0GKPXQ8G3,485818304366864,0.0,0,Audio Array-Catch All-SD-CT,FBA80016,AM-W22,Audio Array,Microphone Wireless Lapel,Wireless Lapel Microphone,
2026-07-12,B0GKPXQ8G3,0.0,Wireless Lapel Mic,0,88800319740398,0,0,B0GKPXQ8G3,485818304366864,0.0,0,Audio Array-Catch All-SD-CT,FBA80016,AM-W22,Audio Array,Microphone Wireless Lapel,Wireless Lapel Microphone,
2026-07-13,B0GKPXQ8G3,0.0,Wireless Lapel Mic,0,88800319740398,0,0,B0GKPXQ8G3,485818304366864,0.0,0,Audio Array-Catch All-SD-CT,FBA80016,AM-W22,Audio Array,Microphone Wireless Lapel,Wireless Lapel Microphone,
2026-07-14,B0GKPXQ8G3,0.0,Wireless Lapel Mic,0,88800319740398,0,0,B0GKPXQ8G3,485818304366864,0.0,0,Audio Array-Catch All-SD-CT,FBA80016,AM-W22,Audio Array,Microphone Wireless Lapel,Wireless Lapel Microphone,
2026-07-15,B0GKPXQ8G3,0.0,Wireless Lapel Mic,0,88800319740398,0,0,B0GKPXQ8G3,485818304366864,0.0,0,Audio Array-Catch All-SD-CT,FBA80016,AM-W22,Audio Array,Microphone Wireless Lapel,Wireless Lapel Microphone,
2026-07-16,B0GKPXQ8G3,0.0,Wireless Lapel Mic,0,88800319740398,0,0,B0GKPXQ8G3,485818304366864,0.0,0,Audio Array-Catch All-SD-CT,FBA80016,AM-W22,Audio Array,Microphone Wireless Lapel,Wireless Lapel Microphone,
2026-07-17,B0GKPXQ8G3,0.0,Wireless Lapel Mic,0,88800319740398,0,0,B0GKPXQ8G3,485818304366864,0.0,0,Audio Array-Catch All-SD-CT,FBA80016,AM-W22,Audio Array,Microphone Wireless Lapel,Wireless Lapel Microphone,
2026-07-18,B0GKPXQ8G3,0.0,Wireless Lapel Mic,0,88800319740398,0,0,B0GKPXQ8G3,485818304366864,0.0,0,Audio Array-Catch All-SD-CT,FBA80016,AM-W22,Audio Array,Microphone Wireless Lapel,Wireless Lapel Microphone,
2026-07-19,B0GKPXQ8G3,0.0,Wireless Lapel Mic,0,88800319740398,0,0,B0GKPXQ8G3,485818304366864,0.0,0,Audio Array-Catch All-SD-CT,FBA80016,AM-W22,Audio Array,Microphone Wireless Lapel,Wireless Lapel Microphone,
2026-07-20,B0GKPXQ8G3,0.0,Wireless Lapel Mic,0,88800319740398,0,0,B0GKPXQ8G3,485818304366864,0.0,0,Audio Array-Catch All-SD-CT,FBA80016,AM-W22,Audio Array,Microphone Wireless Lapel,Wireless Lapel Microphone,
2026-07-21,B0GKPXQ8G3,0.0,Wireless Lapel Mic,0,88800319740398,0,0,B0GKPXQ8G3,485818304366864,0.0,0,Audio Array-Catch All-SD-CT,FBA80016,AM-W22,Audio Array,Microphone Wireless Lapel,Wireless Lapel Microphone,
2026-07-01,B0G3Q517Y2,0.0,Wireless Lapel Mic,0,88800319740398,0,0,B0G3Q517Y2,485818304366864,0.0,0,Audio Array-Catch All-SD-CT,FBA79957,AM-W23,Audio Array,Microphone Wireless Lapel,Wireless Lapel Microphone,
2026-07-02,B0G3Q517Y2,0.0,Wireless Lapel Mic,0,88800319740398,0,0,B0G3Q517Y2,485818304366864,0.0,0,Audio Array-Catch All-SD-CT,FBA79957,AM-W23,Audio Array,Microphone Wireless Lapel,Wireless Lapel Microphone,
2026-07-03,B0G3Q517Y2,0.0,Wireless Lapel Mic,0,88800319740398,0,0,B0G3Q517Y2,485818304366864,0.0,0,Audio Array-Catch All-SD-CT,FBA79957,AM-W23,Audio Array,Microphone Wireless Lapel,Wireless Lapel Microphone,
2026-07-04,B0G3Q517Y2,0.0,Wireless Lapel Mic,0,88800319740398,0,0,B0G3Q517Y2,485818304366864,0.0,0,Audio Array-Catch All-SD-CT,FBA79957,AM-W23,Audio Array,Microphone Wireless Lapel,Wireless Lapel Microphone,
2026-07-05,B0G3Q517Y2,0.0,Wireless Lapel Mic,0,88800319740398,0,0,B0G3Q517Y2,485818304366864,0.0,0,Audio Array-Catch All-SD-CT,FBA79957,AM-W23,Audio Array,Microphone Wireless Lapel,Wireless Lapel Microphone,
2026-07-06,B0G3Q517Y2,0.0,Wireless Lapel Mic,0,88800319740398,0,0,B0G3Q517Y2,485818304366864,0.0,0,Audio Array-Catch All-SD-CT,FBA79957,AM-W23,Audio Array,Microphone Wireless Lapel,Wireless Lapel Microphone,
2026-07-07,B0G3Q517Y2,0.0,Wireless Lapel Mic,0,88800319740398,0,0,B0G3Q517Y2,485818304366864,0.0,0,Audio Array-Catch All-SD-CT,FBA79957,AM-W23,Audio Array,Microphone Wireless Lapel,Wireless Lapel Microphone,
2026-07-08,B0G3Q517Y2,0.0,Wireless Lapel Mic,0,88800319740398,0,0,B0G3Q517Y2,485818304366864,0.0,0,Audio Array-Catch All-SD-CT,FBA79957,AM-W23,Audio Array,Microphone Wireless Lapel,Wireless Lapel Microphone,
2026-07-09,B0G3Q517Y2,0.0,Wireless Lapel Mic,0,88800319740398,0,0,B0G3Q517Y2,485818304366864,0.0,0,Audio Array-Catch All-SD-CT,FBA79957,AM-W23,Audio Array,Microphone Wireless Lapel,Wireless Lapel Microphone,
2026-07-10,B0G3Q517Y2,0.0,Wireless Lapel Mic,0,88800319740398,0,0,B0G3Q517Y2,485818304366864,0.0,0,Audio Array-Catch All-SD-CT,FBA79957,AM-W23,Audio Array,Microphone Wireless Lapel,Wireless Lapel Microphone,
2026-07-11,B0G3Q517Y2,0.0,Wireless Lapel Mic,0,88800319740398,0,0,B0G3Q517Y2,485818304366864,0.0,0,Audio Array-Catch All-SD-CT,FBA79957,AM-W23,Audio Array,Microphone Wireless Lapel,Wireless Lapel Microphone,
2026-07-12,B0G3Q517Y2,0.0,Wireless Lapel Mic,0,88800319740398,0,0,B0G3Q517Y2,485818304366864,0.0,0,Audio Array-Catch All-SD-CT,FBA79957,AM-W23,Audio Array,Microphone Wireless Lapel,Wireless Lapel Microphone,
2026-07-13,B0G3Q517Y2,0.0,Wireless Lapel Mic,0,88800319740398,0,0,B0G3Q517Y2,485818304366864,0.0,0,Audio Array-Catch All-SD-CT,FBA79957,AM-W23,Audio Array,Microphone Wireless Lapel,Wireless Lapel Microphone,
2026-07-14,B0G3Q517Y2,0.0,Wireless Lapel Mic,0,88800319740398,0,0,B0G3Q517Y2,485818304366864,0.0,0,Audio Array-Catch All-SD-CT,FBA79957,AM-W23,Audio Array,Microphone Wireless Lapel,Wireless Lapel Microphone,
2026-07-15,B0G3Q517Y2,0.0,Wireless Lapel Mic,0,88800319740398,0,0,B0G3Q517Y2,485818304366864,0.0,0,Audio Array-Catch All-SD-CT,FBA79957,AM-W23,Audio Array,Microphone Wireless Lapel,Wireless Lapel Microphone,
2026-07-16,B0G3Q517Y2,0.0,Wireless Lapel Mic,0,88800319740398,0,0,B0G3Q517Y2,485818304366864,0.0,0,Audio Array-Catch All-SD-CT,FBA79957,AM-W23,Audio Array,Microphone Wireless Lapel,Wireless Lapel Microphone,
2026-07-17,B0G3Q517Y2,0.0,Wireless Lapel Mic,0,88800319740398,0,0,B0G3Q517Y2,485818304366864,0.0,0,Audio Array-Catch All-SD-CT,FBA79957,AM-W23,Audio Array,Microphone Wireless Lapel,Wireless Lapel Microphone,
2026-07-18,B0G3Q517Y2,0.0,Wireless Lapel Mic,0,88800319740398,0,0,B0G3Q517Y2,485818304366864,0.0,0,Audio Array-Catch All-SD-CT,FBA79957,AM-W23,Audio Array,Microphone Wireless Lapel,Wireless Lapel Microphone,
2026-07-19,B0G3Q517Y2,0.0,Wireless Lapel Mic,0,88800319740398,0,0,B0G3Q517Y2,485818304366864,0.0,0,Audio Array-Catch All-SD-CT,FBA79957,AM-W23,Audio Array,Microphone Wireless Lapel,Wireless Lapel Microphone,
2026-07-20,B0G3Q517Y2,0.0,Wireless Lapel Mic,0,88800319740398,0,0,B0G3Q517Y2,485818304366864,0.0,0,Audio Array-Catch All-SD-CT,FBA79957,AM-W23,Audio Array,Microphone Wireless Lapel,Wireless Lapel Microphone,
2026-07-21,B0G3Q517Y2,0.0,Wireless Lapel Mic,0,88800319740398,0,0,B0G3Q517Y2,485818304366864,0.0,0,Audio Array-Catch All-SD-CT,FBA79957,AM-W23,Audio Array,Microphone Wireless Lapel,Wireless Lapel Microphone,
2026-07-01,B0G3Q59X8C,0.0,Wireless Lapel Mic,0,88800319740398,0,0,B0G3Q59X8C,485818304366864,0.0,0,Audio Array-Catch All-SD-CT,FBA79958,AM-W24,Audio Array,Microphone Wireless Lapel,Wireless Lapel Microphone,
2026-07-02,B0G3Q59X8C,0.0,Wireless Lapel Mic,0,88800319740398,0,0,B0G3Q59X8C,485818304366864,0.0,0,Audio Array-Catch All-SD-CT,FBA79958,AM-W24,Audio Array,Microphone Wireless Lapel,Wireless Lapel Microphone,
2026-07-03,B0G3Q59X8C,0.0,Wireless Lapel Mic,0,88800319740398,0,0,B0G3Q59X8C,485818304366864,0.0,0,Audio Array-Catch All-SD-CT,FBA79958,AM-W24,Audio Array,Microphone Wireless Lapel,Wireless Lapel Microphone,
2026-07-04,B0G3Q59X8C,0.0,Wireless Lapel Mic,0,88800319740398,0,0,B0G3Q59X8C,485818304366864,0.0,0,Audio Array-Catch All-SD-CT,FBA79958,AM-W24,Audio Array,Microphone Wireless Lapel,Wireless Lapel Microphone,
2026-07-05,B0G3Q59X8C,0.0,Wireless Lapel Mic,0,88800319740398,0,0,B0G3Q59X8C,485818304366864,0.0,0,Audio Array-Catch All-SD-CT,FBA79958,AM-W24,Audio Array,Microphone Wireless Lapel,Wireless Lapel Microphone,
2026-07-06,B0G3Q59X8C,0.0,Wireless Lapel Mic,0,88800319740398,0,0,B0G3Q59X8C,485818304366864,0.0,0,Audio Array-Catch All-SD-CT,FBA79958,AM-W24,Audio Array,Microphone Wireless Lapel,Wireless Lapel Microphone,
2026-07-07,B0G3Q59X8C,0.0,Wireless Lapel Mic,0,88800319740398,0,0,B0G3Q59X8C,485818304366864,0.0,0,Audio Array-Catch All-SD-CT,FBA79958,AM-W24,Audio Array,Microphone Wireless Lapel,Wireless Lapel Microphone,
2026-07-08,B0G3Q59X8C,0.0,Wireless Lapel Mic,0,88800319740398,0,0,B0G3Q59X8C,485818304366864,0.0,0,Audio Array-Catch All-SD-CT,FBA79958,AM-W24,Audio Array,Microphone Wireless Lapel,Wireless Lapel Microphone,
2026-07-09,B0G3Q59X8C,0.0,Wireless Lapel Mic,0,88800319740398,0,0,B0G3Q59X8C,485818304366864,0.0,0,Audio Array-Catch All-SD-CT,FBA79958,AM-W24,Audio Array,Microphone Wireless Lapel,Wireless Lapel Microphone,
2026-07-10,B0G3Q59X8C,0.0,Wireless Lapel Mic,0,88800319740398,0,0,B0G3Q59X8C,485818304366864,0.0,0,Audio Array-Catch All-SD-CT,FBA79958,AM-W24,Audio Array,Microphone Wireless Lapel,Wireless Lapel Microphone,
2026-07-11,B0G3Q59X8C,0.0,Wireless Lapel Mic,0,88800319740398,0,0,B0G3Q59X8C,485818304366864,0.0,0,Audio Array-Catch All-SD-CT,FBA79958,AM-W24,Audio Array,Microphone Wireless Lapel,Wireless Lapel Microphone,
2026-07-12,B0G3Q59X8C,0.0,Wireless Lapel Mic,0,88800319740398,0,0,B0G3Q59X8C,485818304366864,0.0,0,Audio Array-Catch All-SD-CT,FBA79958,AM-W24,Audio Array,Microphone Wireless Lapel,Wireless Lapel Microphone,
2026-07-13,B0G3Q59X8C,0.0,Wireless Lapel Mic,0,88800319740398,0,0,B0G3Q59X8C,485818304366864,0.0,0,Audio Array-Catch All-SD-CT,FBA79958,AM-W24,Audio Array,Microphone Wireless Lapel,Wireless Lapel Microphone,
2026-07-14,B0G3Q59X8C,0.0,Wireless Lapel Mic,0,88800319740398,0,0,B0G3Q59X8C,485818304366864,0.0,0,Audio Array-Catch All-SD-CT,FBA79958,AM-W24,Audio Array,Microphone Wireless Lapel,Wireless Lapel Microphone,
2026-07-15,B0G3Q59X8C,0.0,Wireless Lapel Mic,0,88800319740398,0,0,B0G3Q59X8C,485818304366864,0.0,0,Audio Array-Catch All-SD-CT,FBA79958,AM-W24,Audio Array,Microphone Wireless Lapel,Wireless Lapel Microphone,
2026-07-16,B0G3Q59X8C,0.0,Wireless Lapel Mic,0,88800319740398,0,0,B0G3Q59X8C,485818304366864,0.0,0,Audio Array-Catch All-SD-CT,FBA79958,AM-W24,Audio Array,Microphone Wireless Lapel,Wireless Lapel Microphone,
2026-07-17,B0G3Q59X8C,0.0,Wireless Lapel Mic,0,88800319740398,0,0,B0G3Q59X8C,485818304366864,0.0,0,Audio Array-Catch All-SD-CT,FBA79958,AM-W24,Audio Array,Microphone Wireless Lapel,Wireless Lapel Microphone,
2026-07-18,B0G3Q59X8C,0.0,Wireless Lapel Mic,0,88800319740398,0,0,B0G3Q59X8C,485818304366864,0.0,0,Audio Array-Catch All-SD-CT,FBA79958,AM-W24,Audio Array,Microphone Wireless Lapel,Wireless Lapel Microphone,
2026-07-19,B0G3Q59X8C,0.0,Wireless Lapel Mic,0,88800319740398,0,0,B0G3Q59X8C,485818304366864,0.0,0,Audio Array-Catch All-SD-CT,FBA79958,AM-W24,Audio Array,Microphone Wireless Lapel,Wireless Lapel Microphone,
2026-07-20,B0G3Q59X8C,0.0,Wireless Lapel Mic,0,88800319740398,0,0,B0G3Q59X8C,485818304366864,0.0,0,Audio Array-Catch All-SD-CT,FBA79958,AM-W24,Audio Array,Microphone Wireless Lapel,Wireless Lapel Microphone,
2026-07-21,B0G3Q59X8C,0.0,Wireless Lapel Mic,0,88800319740398,0,0,B0G3Q59X8C,485818304366864,0.0,0,Audio Array-Catch All-SD-CT,FBA79958,AM-W24,Audio Array,Microphone Wireless Lapel,Wireless Lapel Microphone,
2026-07-01,B0G2C2RCXN,0.0,Wireless Lapel Mic,0,88800319740398,0,0,B0G2C2RCXN,485818304366864,0.0,0,Audio Array-Catch All-SD-CT,FBA79967,AM-W19,Audio Array,Microphone Wireless Lapel,Wireless Lapel Microphone,
2026-07-02,B0G2C2RCXN,0.0,Wireless Lapel Mic,0,88800319740398,0,0,B0G2C2RCXN,485818304366864,0.0,0,Audio Array-Catch All-SD-CT,FBA79967,AM-W19,Audio Array,Microphone Wireless Lapel,Wireless Lapel Microphone,
2026-07-03,B0G2C2RCXN,0.0,Wireless Lapel Mic,0,88800319740398,0,0,B0G2C2RCXN,485818304366864,0.0,0,Audio Array-Catch All-SD-CT,FBA79967,AM-W19,Audio Array,Microphone Wireless Lapel,Wireless Lapel Microphone,
2026-07-04,B0G2C2RCXN,0.0,Wireless Lapel Mic,0,88800319740398,0,0,B0G2C2RCXN,485818304366864,0.0,0,Audio Array-Catch All-SD-CT,FBA79967,AM-W19,Audio Array,Microphone Wireless Lapel,Wireless Lapel Microphone,
2026-07-05,B0G2C2RCXN,0.0,Wireless Lapel Mic,0,88800319740398,0,0,B0G2C2RCXN,485818304366864,0.0,0,Audio Array-Catch All-SD-CT,FBA79967,AM-W19,Audio Array,Microphone Wireless Lapel,Wireless Lapel Microphone,
2026-07-06,B0G2C2RCXN,0.0,Wireless Lapel Mic,0,88800319740398,0,0,B0G2C2RCXN,485818304366864,0.0,0,Audio Array-Catch All-SD-CT,FBA79967,AM-W19,Audio Array,Microphone Wireless Lapel,Wireless Lapel Microphone,
2026-07-07,B0G2C2RCXN,0.0,Wireless Lapel Mic,0,88800319740398,0,0,B0G2C2RCXN,485818304366864,0.0,0,Audio Array-Catch All-SD-CT,FBA79967,AM-W19,Audio Array,Microphone Wireless Lapel,Wireless Lapel Microphone,
2026-07-08,B0G2C2RCXN,0.0,Wireless Lapel Mic,0,88800319740398,0,0,B0G2C2RCXN,485818304366864,0.0,0,Audio Array-Catch All-SD-CT,FBA79967,AM-W19,Audio Array,Microphone Wireless Lapel,Wireless Lapel Microphone,
2026-07-09,B0G2C2RCXN,0.0,Wireless Lapel Mic,0,88800319740398,0,0,B0G2C2RCXN,485818304366864,0.0,0,Audio Array-Catch All-SD-CT,FBA79967,AM-W19,Audio Array,Microphone Wireless Lapel,Wireless Lapel Microphone,
2026-07-10,B0G2C2RCXN,0.0,Wireless Lapel Mic,0,88800319740398,0,0,B0G2C2RCXN,485818304366864,0.0,0,Audio Array-Catch All-SD-CT,FBA79967,AM-W19,Audio Array,Microphone Wireless Lapel,Wireless Lapel Microphone,
2026-07-11,B0G2C2RCXN,0.0,Wireless Lapel Mic,0,88800319740398,0,0,B0G2C2RCXN,485818304366864,0.0,0,Audio Array-Catch All-SD-CT,FBA79967,AM-W19,Audio Array,Microphone Wireless Lapel,Wireless Lapel Microphone,
2026-07-12,B0G2C2RCXN,0.0,Wireless Lapel Mic,0,88800319740398,0,0,B0G2C2RCXN,485818304366864,0.0,0,Audio Array-Catch All-SD-CT,FBA79967,AM-W19,Audio Array,Microphone Wireless Lapel,Wireless Lapel Microphone,
2026-07-13,B0G2C2RCXN,0.0,Wireless Lapel Mic,0,88800319740398,0,0,B0G2C2RCXN,485818304366864,0.0,0,Audio Array-Catch All-SD-CT,FBA79967,AM-W19,Audio Array,Microphone Wireless Lapel,Wireless Lapel Microphone,
2026-07-14,B0G2C2RCXN,0.0,Wireless Lapel Mic,0,88800319740398,0,0,B0G2C2RCXN,485818304366864,0.0,0,Audio Array-Catch All-SD-CT,FBA79967,AM-W19,Audio Array,Microphone Wireless Lapel,Wireless Lapel Microphone,
2026-07-15,B0G2C2RCXN,0.0,Wireless Lapel Mic,0,88800319740398,0,0,B0G2C2RCXN,485818304366864,0.0,0,Audio Array-Catch All-SD-CT,FBA79967,AM-W19,Audio Array,Microphone Wireless Lapel,Wireless Lapel Microphone,
2026-07-16,B0G2C2RCXN,0.0,Wireless Lapel Mic,0,88800319740398,0,0,B0G2C2RCXN,485818304366864,0.0,0,Audio Array-Catch All-SD-CT,FBA79967,AM-W19,Audio Array,Microphone Wireless Lapel,Wireless Lapel Microphone,
2026-07-17,B0G2C2RCXN,0.0,Wireless Lapel Mic,0,88800319740398,0,0,B0G2C2RCXN,485818304366864,0.0,0,Audio Array-Catch All-SD-CT,FBA79967,AM-W19,Audio Array,Microphone Wireless Lapel,Wireless Lapel Microphone,
2026-07-18,B0G2C2RCXN,0.0,Wireless Lapel Mic,0,88800319740398,0,0,B0G2C2RCXN,485818304366864,0.0,0,Audio Array-Catch All-SD-CT,FBA79967,AM-W19,Audio Array,Microphone Wireless Lapel,Wireless Lapel Microphone,
2026-07-19,B0G2C2RCXN,0.0,Wireless Lapel Mic,0,88800319740398,0,0,B0G2C2RCXN,485818304366864,0.0,0,Audio Array-Catch All-SD-CT,FBA79967,AM-W19,Audio Array,Microphone Wireless Lapel,Wireless Lapel Microphone,
2026-07-20,B0G2C2RCXN,0.0,Wireless Lapel Mic,0,88800319740398,0,0,B0G2C2RCXN,485818304366864,0.0,0,Audio Array-Catch All-SD-CT,FBA79967,AM-W19,Audio Array,Microphone Wireless Lapel,Wireless Lapel Microphone,
2026-07-21,B0G2C2RCXN,0.0,Wireless Lapel Mic,0,88800319740398,0,0,B0G2C2RCXN,485818304366864,0.0,0,Audio Array-Catch All-SD-CT,FBA79967,AM-W19,Audio Array,Microphone Wireless Lapel,Wireless Lapel Microphone,
2026-07-01,B0CH4RNWJX,42.47,Condenser Microphones,0,88800319740398,0,3778,B0CH4RNWJX,1530305156531,0.0,10,Audio Array-Catch All-SD-CT,FBA79011,AM-C43,Audio Array,Microphone Condenser,XLR Microphone Kit - Boomarm,
2026-07-02,B0CH4RNWJX,9.38,Condenser Microphones,0,88800319740398,0,2419,B0CH4RNWJX,1530305156531,0.0,4,Audio Array-Catch All-SD-CT,FBA79011,AM-C43,Audio Array,Microphone Condenser,XLR Microphone Kit - Boomarm,
2026-07-03,B0CH4RNWJX,20.11,Condenser Microphones,0,88800319740398,0,2367,B0CH4RNWJX,1530305156531,0.0,5,Audio Array-Catch All-SD-CT,FBA79011,AM-C43,Audio Array,Microphone Condenser,XLR Microphone Kit - Boomarm,
2026-07-04,B0CH4RNWJX,20.46,Condenser Microphones,0,88800319740398,0,1403,B0CH4RNWJX,1530305156531,0.0,3,Audio Array-Catch All-SD-CT,FBA79011,AM-C43,Audio Array,Microphone Condenser,XLR Microphone Kit - Boomarm,
2026-07-05,B0CH4RNWJX,68.36,Condenser Microphones,1,88800319740398,1,1675,B0CH4RNWJX,1530305156531,6346.61,11,Audio Array-Catch All-SD-CT,FBA79011,AM-C43,Audio Array,Microphone Condenser,XLR Microphone Kit - Boomarm,
2026-07-06,B0CH4RNWJX,45.27,Condenser Microphones,0,88800319740398,0,2572,B0CH4RNWJX,1530305156531,0.0,4,Audio Array-Catch All-SD-CT,FBA79011,AM-C43,Audio Array,Microphone Condenser,XLR Microphone Kit - Boomarm,
2026-07-07,B0CH4RNWJX,58.15,Condenser Microphones,2,88800319740398,2,4800,B0CH4RNWJX,1530305156531,3472.88,16,Audio Array-Catch All-SD-CT,FBA79011,AM-C43,Audio Array,Microphone Condenser,XLR Microphone Kit - Boomarm,
2026-07-08,B0CH4RNWJX,57.66,Condenser Microphones,0,88800319740398,0,3458,B0CH4RNWJX,1530305156531,0.0,12,Audio Array-Catch All-SD-CT,FBA79011,AM-C43,Audio Array,Microphone Condenser,XLR Microphone Kit - Boomarm,
2026-07-09,B0CH4RNWJX,128.54,Condenser Microphones,0,88800319740398,0,4288,B0CH4RNWJX,1530305156531,0.0,24,Audio Array-Catch All-SD-CT,FBA79011,AM-C43,Audio Array,Microphone Condenser,XLR Microphone Kit - Boomarm,
2026-07-10,B0CH4RNWJX,86.45,Condenser Microphones,1,88800319740398,1,6197,B0CH4RNWJX,1530305156531,2117.8,31,Audio Array-Catch All-SD-CT,FBA79011,AM-C43,Audio Array,Microphone Condenser,XLR Microphone Kit - Boomarm,
2026-07-11,B0CH4RNWJX,56.27,Condenser Microphones,0,88800319740398,0,5504,B0CH4RNWJX,1530305156531,0.0,14,Audio Array-Catch All-SD-CT,FBA79011,AM-C43,Audio Array,Microphone Condenser,XLR Microphone Kit - Boomarm,
2026-07-12,B0CH4RNWJX,107.84,Condenser Microphones,1,88800319740398,1,6236,B0CH4RNWJX,1530305156531,2117.8,24,Audio Array-Catch All-SD-CT,FBA79011,AM-C43,Audio Array,Microphone Condenser,XLR Microphone Kit - Boomarm,
2026-07-13,B0CH4RNWJX,61.32,Condenser Microphones,1,88800319740398,1,7302,B0CH4RNWJX,1530305156531,2322.03,17,Audio Array-Catch All-SD-CT,FBA79011,AM-C43,Audio Array,Microphone Condenser,XLR Microphone Kit - Boomarm,
2026-07-14,B0CH4RNWJX,47.46,Condenser Microphones,1,88800319740398,1,4368,B0CH4RNWJX,1530305156531,4066.1,14,Audio Array-Catch All-SD-CT,FBA79011,AM-C43,Audio Array,Microphone Condenser,XLR Microphone Kit - Boomarm,
2026-07-15,B0CH4RNWJX,56.43,Condenser Microphones,0,88800319740398,0,4202,B0CH4RNWJX,1530305156531,0.0,8,Audio Array-Catch All-SD-CT,FBA79011,AM-C43,Audio Array,Microphone Condenser,XLR Microphone Kit - Boomarm,
2026-07-16,B0CH4RNWJX,72.11,Condenser Microphones,0,88800319740398,0,4517,B0CH4RNWJX,1530305156531,0.0,16,Audio Array-Catch All-SD-CT,FBA79011,AM-C43,Audio Array,Microphone Condenser,XLR Microphone Kit - Boomarm,
2026-07-17,B0CH4RNWJX,70.87,Condenser Microphones,0,88800319740398,0,4156,B0CH4RNWJX,1530305156531,0.0,12,Audio Array-Catch All-SD-CT,FBA79011,AM-C43,Audio Array,Microphone Condenser,XLR Microphone Kit - Boomarm,
2026-07-18,B0CH4RNWJX,52.53,Condenser Microphones,0,88800319740398,0,4031,B0CH4RNWJX,1530305156531,0.0,12,Audio Array-Catch All-SD-CT,FBA79011,AM-C43,Audio Array,Microphone Condenser,XLR Microphone Kit - Boomarm,
2026-07-19,B0CH4RNWJX,62.41,Condenser Microphones,1,88800319740398,1,6808,B0CH4RNWJX,1530305156531,4066.1,13,Audio Array-Catch All-SD-CT,FBA79011,AM-C43,Audio Array,Microphone Condenser,XLR Microphone Kit - Boomarm,
2026-07-20,B0CH4RNWJX,108.8,Condenser Microphones,0,88800319740398,0,7769,B0CH4RNWJX,1530305156531,0.0,31,Audio Array-Catch All-SD-CT,FBA79011,AM-C43,Audio Array,Microphone Condenser,XLR Microphone Kit - Boomarm,
2026-07-21,B0CH4RNWJX,134.09,Condenser Microphones,0,88800319740398,0,8335,B0CH4RNWJX,1530305156531,0.0,25,Audio Array-Catch All-SD-CT,FBA79011,AM-C43,Audio Array,Microphone Condenser,XLR Microphone Kit - Boomarm,
2026-07-01,B0B4DPX2J2,0.0,SD PT,0,141203437506581,0,0,B0B4DPX2J2,495866250972751,0.0,0,AA_Condenser_AM-C1_SD_PT (Self),FBA75673,AM-C1,Audio Array,Microphone Condenser,USB Microphone Kit - Boomarm,
2026-07-02,B0B4DPX2J2,0.0,SD PT,0,141203437506581,0,0,B0B4DPX2J2,495866250972751,0.0,0,AA_Condenser_AM-C1_SD_PT (Self),FBA75673,AM-C1,Audio Array,Microphone Condenser,USB Microphone Kit - Boomarm,
2026-07-03,B0B4DPX2J2,0.0,SD PT,0,141203437506581,0,0,B0B4DPX2J2,495866250972751,0.0,0,AA_Condenser_AM-C1_SD_PT (Self),FBA75673,AM-C1,Audio Array,Microphone Condenser,USB Microphone Kit - Boomarm,
2026-07-04,B0B4DPX2J2,0.0,SD PT,0,141203437506581,0,0,B0B4DPX2J2,495866250972751,0.0,0,AA_Condenser_AM-C1_SD_PT (Self),FBA75673,AM-C1,Audio Array,Microphone Condenser,USB Microphone Kit - Boomarm,
2026-07-05,B0B4DPX2J2,0.0,SD PT,0,141203437506581,0,0,B0B4DPX2J2,495866250972751,0.0,0,AA_Condenser_AM-C1_SD_PT (Self),FBA75673,AM-C1,Audio Array,Microphone Condenser,USB Microphone Kit - Boomarm,
2026-07-06,B0B4DPX2J2,0.0,SD PT,0,141203437506581,0,0,B0B4DPX2J2,495866250972751,0.0,0,AA_Condenser_AM-C1_SD_PT (Self),FBA75673,AM-C1,Audio Array,Microphone Condenser,USB Microphone Kit - Boomarm,
2026-07-07,B0B4DPX2J2,0.0,SD PT,0,141203437506581,0,0,B0B4DPX2J2,495866250972751,0.0,0,AA_Condenser_AM-C1_SD_PT (Self),FBA75673,AM-C1,Audio Array,Microphone Condenser,USB Microphone Kit - Boomarm,
2026-07-08,B0B4DPX2J2,0.0,SD PT,0,141203437506581,0,0,B0B4DPX2J2,495866250972751,0.0,0,AA_Condenser_AM-C1_SD_PT (Self),FBA75673,AM-C1,Audio Array,Microphone Condenser,USB Microphone Kit - Boomarm,
2026-07-09,B0B4DPX2J2,0.0,SD PT,0,141203437506581,0,0,B0B4DPX2J2,495866250972751,0.0,0,AA_Condenser_AM-C1_SD_PT (Self),FBA75673,AM-C1,Audio Array,Microphone Condenser,USB Microphone Kit - Boomarm,
2026-07-10,B0B4DPX2J2,0.0,SD PT,0,141203437506581,0,0,B0B4DPX2J2,495866250972751,0.0,0,AA_Condenser_AM-C1_SD_PT (Self),FBA75673,AM-C1,Audio Array,Microphone Condenser,USB Microphone Kit - Boomarm,
2026-07-11,B0B4DPX2J2,0.0,SD PT,0,141203437506581,0,0,B0B4DPX2J2,495866250972751,0.0,0,AA_Condenser_AM-C1_SD_PT (Self),FBA75673,AM-C1,Audio Array,Microphone Condenser,USB Microphone Kit - Boomarm,
2026-07-12,B0B4DPX2J2,0.0,SD PT,0,141203437506581,0,0,B0B4DPX2J2,495866250972751,0.0,0,AA_Condenser_AM-C1_SD_PT (Self),FBA75673,AM-C1,Audio Array,Microphone Condenser,USB Microphone Kit - Boomarm,
2026-07-13,B0B4DPX2J2,0.0,SD PT,0,141203437506581,0,0,B0B4DPX2J2,495866250972751,0.0,0,AA_Condenser_AM-C1_SD_PT (Self),FBA75673,AM-C1,Audio Array,Microphone Condenser,USB Microphone Kit - Boomarm,
2026-07-14,B0B4DPX2J2,0.0,SD PT,0,141203437506581,0,0,B0B4DPX2J2,495866250972751,0.0,0,AA_Condenser_AM-C1_SD_PT (Self),FBA75673,AM-C1,Audio Array,Microphone Condenser,USB Microphone Kit - Boomarm,
2026-07-15,B0B4DPX2J2,0.0,SD PT,0,141203437506581,0,0,B0B4DPX2J2,495866250972751,0.0,0,AA_Condenser_AM-C1_SD_PT (Self),FBA75673,AM-C1,Audio Array,Microphone Condenser,USB Microphone Kit - Boomarm,
2026-07-16,B0B4DPX2J2,0.0,SD PT,0,141203437506581,0,0,B0B4DPX2J2,495866250972751,0.0,0,AA_Condenser_AM-C1_SD_PT (Self),FBA75673,AM-C1,Audio Array,Microphone Condenser,USB Microphone Kit - Boomarm,
2026-07-17,B0B4DPX2J2,0.0,SD PT,0,141203437506581,0,0,B0B4DPX2J2,495866250972751,0.0,0,AA_Condenser_AM-C1_SD_PT (Self),FBA75673,AM-C1,Audio Array,Microphone Condenser,USB Microphone Kit - Boomarm,
2026-07-18,B0B4DPX2J2,0.0,SD PT,0,141203437506581,0,0,B0B4DPX2J2,495866250972751,0.0,0,AA_Condenser_AM-C1_SD_PT (Self),FBA75673,AM-C1,Audio Array,Microphone Condenser,USB Microphone Kit - Boomarm,
2026-07-19,B0B4DPX2J2,0.0,SD PT,0,141203437506581,0,0,B0B4DPX2J2,495866250972751,0.0,0,AA_Condenser_AM-C1_SD_PT (Self),FBA75673,AM-C1,Audio Array,Microphone Condenser,USB Microphone Kit - Boomarm,
2026-07-20,B0B4DPX2J2,0.0,SD PT,0,141203437506581,0,0,B0B4DPX2J2,495866250972751,0.0,0,AA_Condenser_AM-C1_SD_PT (Self),FBA75673,AM-C1,Audio Array,Microphone Condenser,USB Microphone Kit - Boomarm,
2026-07-21,B0B4DPX2J2,0.0,SD PT,0,141203437506581,0,0,B0B4DPX2J2,495866250972751,0.0,0,AA_Condenser_AM-C1_SD_PT (Self),FBA75673,AM-C1,Audio Array,Microphone Condenser,USB Microphone Kit - Boomarm,
2026-07-01,B0D3M1B4Z8,0.0,SD PT,0,141203437506581,0,0,B0D3M1B4Z8,495866250972751,0.0,0,AA_Condenser_AM-C1_SD_PT (Self),FBA79380,AM-C46,Audio Array,Microphone Condenser,Condenser Mic with Boom Arm,
2026-07-02,B0D3M1B4Z8,0.0,SD PT,0,141203437506581,0,0,B0D3M1B4Z8,495866250972751,0.0,0,AA_Condenser_AM-C1_SD_PT (Self),FBA79380,AM-C46,Audio Array,Microphone Condenser,Condenser Mic with Boom Arm,
2026-07-03,B0D3M1B4Z8,0.0,SD PT,0,141203437506581,0,0,B0D3M1B4Z8,495866250972751,0.0,0,AA_Condenser_AM-C1_SD_PT (Self),FBA79380,AM-C46,Audio Array,Microphone Condenser,Condenser Mic with Boom Arm,
2026-07-04,B0D3M1B4Z8,0.0,SD PT,0,141203437506581,0,0,B0D3M1B4Z8,495866250972751,0.0,0,AA_Condenser_AM-C1_SD_PT (Self),FBA79380,AM-C46,Audio Array,Microphone Condenser,Condenser Mic with Boom Arm,
2026-07-05,B0D3M1B4Z8,0.0,SD PT,0,141203437506581,0,0,B0D3M1B4Z8,495866250972751,0.0,0,AA_Condenser_AM-C1_SD_PT (Self),FBA79380,AM-C46,Audio Array,Microphone Condenser,Condenser Mic with Boom Arm,
2026-07-06,B0D3M1B4Z8,0.0,SD PT,0,141203437506581,0,0,B0D3M1B4Z8,495866250972751,0.0,0,AA_Condenser_AM-C1_SD_PT (Self),FBA79380,AM-C46,Audio Array,Microphone Condenser,Condenser Mic with Boom Arm,
2026-07-07,B0D3M1B4Z8,0.0,SD PT,0,141203437506581,0,0,B0D3M1B4Z8,495866250972751,0.0,0,AA_Condenser_AM-C1_SD_PT (Self),FBA79380,AM-C46,Audio Array,Microphone Condenser,Condenser Mic with Boom Arm,
2026-07-08,B0D3M1B4Z8,0.0,SD PT,0,141203437506581,0,0,B0D3M1B4Z8,495866250972751,0.0,0,AA_Condenser_AM-C1_SD_PT (Self),FBA79380,AM-C46,Audio Array,Microphone Condenser,Condenser Mic with Boom Arm,
2026-07-09,B0D3M1B4Z8,0.0,SD PT,0,141203437506581,0,0,B0D3M1B4Z8,495866250972751,0.0,0,AA_Condenser_AM-C1_SD_PT (Self),FBA79380,AM-C46,Audio Array,Microphone Condenser,Condenser Mic with Boom Arm,
2026-07-10,B0D3M1B4Z8,0.0,SD PT,0,141203437506581,0,0,B0D3M1B4Z8,495866250972751,0.0,0,AA_Condenser_AM-C1_SD_PT (Self),FBA79380,AM-C46,Audio Array,Microphone Condenser,Condenser Mic with Boom Arm,
2026-07-11,B0D3M1B4Z8,0.0,SD PT,0,141203437506581,0,0,B0D3M1B4Z8,495866250972751,0.0,0,AA_Condenser_AM-C1_SD_PT (Self),FBA79380,AM-C46,Audio Array,Microphone Condenser,Condenser Mic with Boom Arm,
2026-07-12,B0D3M1B4Z8,0.0,SD PT,0,141203437506581,0,0,B0D3M1B4Z8,495866250972751,0.0,0,AA_Condenser_AM-C1_SD_PT (Self),FBA79380,AM-C46,Audio Array,Microphone Condenser,Condenser Mic with Boom Arm,
2026-07-13,B0D3M1B4Z8,0.0,SD PT,0,141203437506581,0,0,B0D3M1B4Z8,495866250972751,0.0,0,AA_Condenser_AM-C1_SD_PT (Self),FBA79380,AM-C46,Audio Array,Microphone Condenser,Condenser Mic with Boom Arm,
2026-07-14,B0D3M1B4Z8,0.0,SD PT,0,141203437506581,0,0,B0D3M1B4Z8,495866250972751,0.0,0,AA_Condenser_AM-C1_SD_PT (Self),FBA79380,AM-C46,Audio Array,Microphone Condenser,Condenser Mic with Boom Arm,
2026-07-15,B0D3M1B4Z8,0.0,SD PT,0,141203437506581,0,0,B0D3M1B4Z8,495866250972751,0.0,0,AA_Condenser_AM-C1_SD_PT (Self),FBA79380,AM-C46,Audio Array,Microphone Condenser,Condenser Mic with Boom Arm,
2026-07-16,B0D3M1B4Z8,0.0,SD PT,0,141203437506581,0,0,B0D3M1B4Z8,495866250972751,0.0,0,AA_Condenser_AM-C1_SD_PT (Self),FBA79380,AM-C46,Audio Array,Microphone Condenser,Condenser Mic with Boom Arm,
2026-07-17,B0D3M1B4Z8,0.0,SD PT,0,141203437506581,0,0,B0D3M1B4Z8,495866250972751,0.0,0,AA_Condenser_AM-C1_SD_PT (Self),FBA79380,AM-C46,Audio Array,Microphone Condenser,Condenser Mic with Boom Arm,
2026-07-18,B0D3M1B4Z8,0.0,SD PT,0,141203437506581,0,0,B0D3M1B4Z8,495866250972751,0.0,0,AA_Condenser_AM-C1_SD_PT (Self),FBA79380,AM-C46,Audio Array,Microphone Condenser,Condenser Mic with Boom Arm,
2026-07-19,B0D3M1B4Z8,0.0,SD PT,0,141203437506581,0,0,B0D3M1B4Z8,495866250972751,0.0,0,AA_Condenser_AM-C1_SD_PT (Self),FBA79380,AM-C46,Audio Array,Microphone Condenser,Condenser Mic with Boom Arm,
2026-07-20,B0D3M1B4Z8,0.0,SD PT,0,141203437506581,0,0,B0D3M1B4Z8,495866250972751,0.0,0,AA_Condenser_AM-C1_SD_PT (Self),FBA79380,AM-C46,Audio Array,Microphone Condenser,Condenser Mic with Boom Arm,
2026-07-21,B0D3M1B4Z8,0.0,SD PT,0,141203437506581,0,0,B0D3M1B4Z8,495866250972751,0.0,0,AA_Condenser_AM-C1_SD_PT (Self),FBA79380,AM-C46,Audio Array,Microphone Condenser,Condenser Mic with Boom Arm,
2026-07-01,B0GN97RFPR,456.15,Studio Monitor,1,88800319740398,1,93510,FBA79848,351170855286614,6504.66,306,Audio Array-Catch All-SD-CT,FBA79848,AM-S2,Audio Array,Monitor Speakers,Studio Monitor Speaker,
2026-07-02,B0GN97RFPR,233.91,Studio Monitor,0,88800319740398,0,26987,FBA79848,351170855286614,0.0,124,Audio Array-Catch All-SD-CT,FBA79848,AM-S2,Audio Array,Monitor Speakers,Studio Monitor Speaker,
2026-07-03,B0GN97RFPR,253.59,Studio Monitor,0,88800319740398,0,13969,FBA79848,351170855286614,0.0,89,Audio Array-Catch All-SD-CT,FBA79848,AM-S2,Audio Array,Monitor Speakers,Studio Monitor Speaker,
2026-07-04,B0GN97RFPR,391.51,Studio Monitor,0,88800319740398,0,16063,FBA79848,351170855286614,0.0,138,Audio Array-Catch All-SD-CT,FBA79848,AM-S2,Audio Array,Monitor Speakers,Studio Monitor Speaker,
2026-07-05,B0GN97RFPR,274.0,Studio Monitor,2,88800319740398,2,16916,FBA79848,351170855286614,12158.48,110,Audio Array-Catch All-SD-CT,FBA79848,AM-S2,Audio Array,Monitor Speakers,Studio Monitor Speaker,
2026-07-06,B0GN97RFPR,399.92,Studio Monitor,0,88800319740398,0,20139,FBA79848,351170855286614,0.0,179,Audio Array-Catch All-SD-CT,FBA79848,AM-S2,Audio Array,Monitor Speakers,Studio Monitor Speaker,
2026-07-07,B0GN97RFPR,1220.67,Studio Monitor,1,88800319740398,1,142389,FBA79848,351170855286614,7202.54,640,Audio Array-Catch All-SD-CT,FBA79848,AM-S2,Audio Array,Monitor Speakers,Studio Monitor Speaker,
2026-07-08,B0GN97RFPR,1110.5,Studio Monitor,1,88800319740398,1,102254,FBA79848,351170855286614,2117.8,422,Audio Array-Catch All-SD-CT,FBA79848,AM-S2,Audio Array,Monitor Speakers,Studio Monitor Speaker,
2026-07-09,B0GN97RFPR,1229.28,Studio Monitor,2,88800319740398,2,148470,FBA79848,351170855286614,13126.27,670,Audio Array-Catch All-SD-CT,FBA79848,AM-S2,Audio Array,Monitor Speakers,Studio Monitor Speaker,
2026-07-10,B0GN97RFPR,374.63,Studio Monitor,2,88800319740398,2,51655,FBA79848,351170855286614,12879.66,230,Audio Array-Catch All-SD-CT,FBA79848,AM-S2,Audio Array,Monitor Speakers,Studio Monitor Speaker,
2026-07-11,B0GN97RFPR,350.81,Studio Monitor,1,88800319740398,1,56005,FBA79848,351170855286614,6439.83,219,Audio Array-Catch All-SD-CT,FBA79848,AM-S2,Audio Array,Monitor Speakers,Studio Monitor Speaker,
2026-07-12,B0GN97RFPR,512.89,Studio Monitor,2,88800319740398,2,104695,FBA79848,351170855286614,12794.91,460,Audio Array-Catch All-SD-CT,FBA79848,AM-S2,Audio Array,Monitor Speakers,Studio Monitor Speaker,
2026-07-13,B0GN97RFPR,593.21,Studio Monitor,0,88800319740398,0,137529,FBA79848,351170855286614,0.0,606,Audio Array-Catch All-SD-CT,FBA79848,AM-S2,Audio Array,Monitor Speakers,Studio Monitor Speaker,
2026-07-14,B0GN97RFPR,885.37,Studio Monitor,0,88800319740398,0,174471,FBA79848,351170855286614,0.0,761,Audio Array-Catch All-SD-CT,FBA79848,AM-S2,Audio Array,Monitor Speakers,Studio Monitor Speaker,
2026-07-15,B0GN97RFPR,736.76,Studio Monitor,0,88800319740398,0,151540,FBA79848,351170855286614,0.0,618,Audio Array-Catch All-SD-CT,FBA79848,AM-S2,Audio Array,Monitor Speakers,Studio Monitor Speaker,
2026-07-16,B0GN97RFPR,667.19,Studio Monitor,0,88800319740398,0,145688,FBA79848,351170855286614,0.0,596,Audio Array-Catch All-SD-CT,FBA79848,AM-S2,Audio Array,Monitor Speakers,Studio Monitor Speaker,
2026-07-17,B0GN97RFPR,702.12,Studio Monitor,0,88800319740398,0,150997,FBA79848,351170855286614,0.0,606,Audio Array-Catch All-SD-CT,FBA79848,AM-S2,Audio Array,Monitor Speakers,Studio Monitor Speaker,
2026-07-18,B0GN97RFPR,865.25,Studio Monitor,0,88800319740398,0,242399,FBA79848,351170855286614,0.0,720,Audio Array-Catch All-SD-CT,FBA79848,AM-S2,Audio Array,Monitor Speakers,Studio Monitor Speaker,
2026-07-19,B0GN97RFPR,789.1,Studio Monitor,3,88800319740398,3,190317,FBA79848,351170855286614,19150.0,664,Audio Array-Catch All-SD-CT,FBA79848,AM-S2,Audio Array,Monitor Speakers,Studio Monitor Speaker,
2026-07-20,B0GN97RFPR,650.69,Studio Monitor,3,88800319740398,3,138480,FBA79848,351170855286614,19001.69,529,Audio Array-Catch All-SD-CT,FBA79848,AM-S2,Audio Array,Monitor Speakers,Studio Monitor Speaker,
2026-07-21,B0GN97RFPR,786.86,Studio Monitor,2,88800319740398,2,212083,FBA79848,351170855286614,7626.27,814,Audio Array-Catch All-SD-CT,FBA79848,AM-S2,Audio Array,Monitor Speakers,Studio Monitor Speaker,
2026-07-01,B0DN6MNS1X,0.0,Dynamic Mic,0,88800319740398,0,0,B0DN6MNS1X,189182706060711,0.0,0,Audio Array-Catch All-SD-CT,FBA79654,AM-C11 Pro,Audio Array,Microphone Dynamic,Microphone Dynamic,
2026-07-02,B0DN6MNS1X,0.0,Dynamic Mic,0,88800319740398,0,0,B0DN6MNS1X,189182706060711,0.0,0,Audio Array-Catch All-SD-CT,FBA79654,AM-C11 Pro,Audio Array,Microphone Dynamic,Microphone Dynamic,
2026-07-03,B0DN6MNS1X,0.0,Dynamic Mic,0,88800319740398,0,0,B0DN6MNS1X,189182706060711,0.0,0,Audio Array-Catch All-SD-CT,FBA79654,AM-C11 Pro,Audio Array,Microphone Dynamic,Microphone Dynamic,
2026-07-04,B0DN6MNS1X,0.0,Dynamic Mic,0,88800319740398,0,0,B0DN6MNS1X,189182706060711,0.0,0,Audio Array-Catch All-SD-CT,FBA79654,AM-C11 Pro,Audio Array,Microphone Dynamic,Microphone Dynamic,
2026-07-05,B0DN6MNS1X,0.0,Dynamic Mic,0,88800319740398,0,0,B0DN6MNS1X,189182706060711,0.0,0,Audio Array-Catch All-SD-CT,FBA79654,AM-C11 Pro,Audio Array,Microphone Dynamic,Microphone Dynamic,
2026-07-06,B0DN6MNS1X,0.0,Dynamic Mic,0,88800319740398,0,0,B0DN6MNS1X,189182706060711,0.0,0,Audio Array-Catch All-SD-CT,FBA79654,AM-C11 Pro,Audio Array,Microphone Dynamic,Microphone Dynamic,
2026-07-07,B0DN6MNS1X,0.0,Dynamic Mic,0,88800319740398,0,0,B0DN6MNS1X,189182706060711,0.0,0,Audio Array-Catch All-SD-CT,FBA79654,AM-C11 Pro,Audio Array,Microphone Dynamic,Microphone Dynamic,
2026-07-08,B0DN6MNS1X,0.0,Dynamic Mic,0,88800319740398,0,0,B0DN6MNS1X,189182706060711,0.0,0,Audio Array-Catch All-SD-CT,FBA79654,AM-C11 Pro,Audio Array,Microphone Dynamic,Microphone Dynamic,
2026-07-09,B0DN6MNS1X,0.0,Dynamic Mic,0,88800319740398,0,0,B0DN6MNS1X,189182706060711,0.0,0,Audio Array-Catch All-SD-CT,FBA79654,AM-C11 Pro,Audio Array,Microphone Dynamic,Microphone Dynamic,
2026-07-10,B0DN6MNS1X,0.0,Dynamic Mic,0,88800319740398,0,0,B0DN6MNS1X,189182706060711,0.0,0,Audio Array-Catch All-SD-CT,FBA79654,AM-C11 Pro,Audio Array,Microphone Dynamic,Microphone Dynamic,
2026-07-11,B0DN6MNS1X,0.0,Dynamic Mic,0,88800319740398,0,0,B0DN6MNS1X,189182706060711,0.0,0,Audio Array-Catch All-SD-CT,FBA79654,AM-C11 Pro,Audio Array,Microphone Dynamic,Microphone Dynamic,
2026-07-12,B0DN6MNS1X,0.0,Dynamic Mic,0,88800319740398,0,0,B0DN6MNS1X,189182706060711,0.0,0,Audio Array-Catch All-SD-CT,FBA79654,AM-C11 Pro,Audio Array,Microphone Dynamic,Microphone Dynamic,
2026-07-13,B0DN6MNS1X,0.0,Dynamic Mic,0,88800319740398,0,0,B0DN6MNS1X,189182706060711,0.0,0,Audio Array-Catch All-SD-CT,FBA79654,AM-C11 Pro,Audio Array,Microphone Dynamic,Microphone Dynamic,
2026-07-14,B0DN6MNS1X,0.0,Dynamic Mic,0,88800319740398,0,0,B0DN6MNS1X,189182706060711,0.0,0,Audio Array-Catch All-SD-CT,FBA79654,AM-C11 Pro,Audio Array,Microphone Dynamic,Microphone Dynamic,
2026-07-15,B0DN6MNS1X,0.0,Dynamic Mic,0,88800319740398,0,0,B0DN6MNS1X,189182706060711,0.0,0,Audio Array-Catch All-SD-CT,FBA79654,AM-C11 Pro,Audio Array,Microphone Dynamic,Microphone Dynamic,
2026-07-16,B0DN6MNS1X,0.0,Dynamic Mic,0,88800319740398,0,0,B0DN6MNS1X,189182706060711,0.0,0,Audio Array-Catch All-SD-CT,FBA79654,AM-C11 Pro,Audio Array,Microphone Dynamic,Microphone Dynamic,
2026-07-17,B0DN6MNS1X,0.0,Dynamic Mic,0,88800319740398,0,0,B0DN6MNS1X,189182706060711,0.0,0,Audio Array-Catch All-SD-CT,FBA79654,AM-C11 Pro,Audio Array,Microphone Dynamic,Microphone Dynamic,
2026-07-18,B0DN6MNS1X,0.0,Dynamic Mic,0,88800319740398,0,0,B0DN6MNS1X,189182706060711,0.0,0,Audio Array-Catch All-SD-CT,FBA79654,AM-C11 Pro,Audio Array,Microphone Dynamic,Microphone Dynamic,
2026-07-19,B0DN6MNS1X,0.0,Dynamic Mic,0,88800319740398,0,0,B0DN6MNS1X,189182706060711,0.0,0,Audio Array-Catch All-SD-CT,FBA79654,AM-C11 Pro,Audio Array,Microphone Dynamic,Microphone Dynamic,
2026-07-20,B0DN6MNS1X,0.0,Dynamic Mic,0,88800319740398,0,0,B0DN6MNS1X,189182706060711,0.0,0,Audio Array-Catch All-SD-CT,FBA79654,AM-C11 Pro,Audio Array,Microphone Dynamic,Microphone Dynamic,
2026-07-21,B0DN6MNS1X,0.0,Dynamic Mic,0,88800319740398,0,0,B0DN6MNS1X,189182706060711,0.0,0,Audio Array-Catch All-SD-CT,FBA79654,AM-C11 Pro,Audio Array,Microphone Dynamic,Microphone Dynamic,
2026-07-01,B0DN6PFWNK,0.0,Dynamic Mic,0,88800319740398,0,0,B0DN6PFWNK,189182706060711,0.0,0,Audio Array-Catch All-SD-CT,FBA79655,AM-C44 Pro,Audio Array,Microphone Dynamic,Microphone Dynamic,
2026-07-02,B0DN6PFWNK,0.0,Dynamic Mic,0,88800319740398,0,0,B0DN6PFWNK,189182706060711,0.0,0,Audio Array-Catch All-SD-CT,FBA79655,AM-C44 Pro,Audio Array,Microphone Dynamic,Microphone Dynamic,
2026-07-03,B0DN6PFWNK,0.0,Dynamic Mic,0,88800319740398,0,0,B0DN6PFWNK,189182706060711,0.0,0,Audio Array-Catch All-SD-CT,FBA79655,AM-C44 Pro,Audio Array,Microphone Dynamic,Microphone Dynamic,
2026-07-04,B0DN6PFWNK,0.0,Dynamic Mic,0,88800319740398,0,0,B0DN6PFWNK,189182706060711,0.0,0,Audio Array-Catch All-SD-CT,FBA79655,AM-C44 Pro,Audio Array,Microphone Dynamic,Microphone Dynamic,
2026-07-05,B0DN6PFWNK,0.0,Dynamic Mic,0,88800319740398,0,0,B0DN6PFWNK,189182706060711,0.0,0,Audio Array-Catch All-SD-CT,FBA79655,AM-C44 Pro,Audio Array,Microphone Dynamic,Microphone Dynamic,
2026-07-06,B0DN6PFWNK,0.0,Dynamic Mic,0,88800319740398,0,0,B0DN6PFWNK,189182706060711,0.0,0,Audio Array-Catch All-SD-CT,FBA79655,AM-C44 Pro,Audio Array,Microphone Dynamic,Microphone Dynamic,
2026-07-07,B0DN6PFWNK,0.0,Dynamic Mic,0,88800319740398,0,0,B0DN6PFWNK,189182706060711,0.0,0,Audio Array-Catch All-SD-CT,FBA79655,AM-C44 Pro,Audio Array,Microphone Dynamic,Microphone Dynamic,
2026-07-08,B0DN6PFWNK,0.0,Dynamic Mic,0,88800319740398,0,0,B0DN6PFWNK,189182706060711,0.0,0,Audio Array-Catch All-SD-CT,FBA79655,AM-C44 Pro,Audio Array,Microphone Dynamic,Microphone Dynamic,
2026-07-09,B0DN6PFWNK,0.0,Dynamic Mic,0,88800319740398,0,0,B0DN6PFWNK,189182706060711,0.0,0,Audio Array-Catch All-SD-CT,FBA79655,AM-C44 Pro,Audio Array,Microphone Dynamic,Microphone Dynamic,
2026-07-10,B0DN6PFWNK,0.0,Dynamic Mic,0,88800319740398,0,0,B0DN6PFWNK,189182706060711,0.0,0,Audio Array-Catch All-SD-CT,FBA79655,AM-C44 Pro,Audio Array,Microphone Dynamic,Microphone Dynamic,
2026-07-11,B0DN6PFWNK,0.0,Dynamic Mic,0,88800319740398,0,0,B0DN6PFWNK,189182706060711,0.0,0,Audio Array-Catch All-SD-CT,FBA79655,AM-C44 Pro,Audio Array,Microphone Dynamic,Microphone Dynamic,
2026-07-12,B0DN6PFWNK,0.0,Dynamic Mic,0,88800319740398,0,0,B0DN6PFWNK,189182706060711,0.0,0,Audio Array-Catch All-SD-CT,FBA79655,AM-C44 Pro,Audio Array,Microphone Dynamic,Microphone Dynamic,
2026-07-13,B0DN6PFWNK,0.0,Dynamic Mic,0,88800319740398,0,0,B0DN6PFWNK,189182706060711,0.0,0,Audio Array-Catch All-SD-CT,FBA79655,AM-C44 Pro,Audio Array,Microphone Dynamic,Microphone Dynamic,
2026-07-14,B0DN6PFWNK,0.0,Dynamic Mic,0,88800319740398,0,0,B0DN6PFWNK,189182706060711,0.0,0,Audio Array-Catch All-SD-CT,FBA79655,AM-C44 Pro,Audio Array,Microphone Dynamic,Microphone Dynamic,
2026-07-15,B0DN6PFWNK,0.0,Dynamic Mic,0,88800319740398,0,0,B0DN6PFWNK,189182706060711,0.0,0,Audio Array-Catch All-SD-CT,FBA79655,AM-C44 Pro,Audio Array,Microphone Dynamic,Microphone Dynamic,
2026-07-16,B0DN6PFWNK,0.0,Dynamic Mic,0,88800319740398,0,0,B0DN6PFWNK,189182706060711,0.0,0,Audio Array-Catch All-SD-CT,FBA79655,AM-C44 Pro,Audio Array,Microphone Dynamic,Microphone Dynamic,
2026-07-17,B0DN6PFWNK,0.0,Dynamic Mic,0,88800319740398,0,0,B0DN6PFWNK,189182706060711,0.0,0,Audio Array-Catch All-SD-CT,FBA79655,AM-C44 Pro,Audio Array,Microphone Dynamic,Microphone Dynamic,
2026-07-18,B0DN6PFWNK,0.0,Dynamic Mic,0,88800319740398,0,0,B0DN6PFWNK,189182706060711,0.0,0,Audio Array-Catch All-SD-CT,FBA79655,AM-C44 Pro,Audio Array,Microphone Dynamic,Microphone Dynamic,
2026-07-19,B0DN6PFWNK,0.0,Dynamic Mic,0,88800319740398,0,0,B0DN6PFWNK,189182706060711,0.0,0,Audio Array-Catch All-SD-CT,FBA79655,AM-C44 Pro,Audio Array,Microphone Dynamic,Microphone Dynamic,
2026-07-20,B0DN6PFWNK,0.0,Dynamic Mic,0,88800319740398,0,0,B0DN6PFWNK,189182706060711,0.0,0,Audio Array-Catch All-SD-CT,FBA79655,AM-C44 Pro,Audio Array,Microphone Dynamic,Microphone Dynamic,
2026-07-21,B0DN6PFWNK,0.0,Dynamic Mic,0,88800319740398,0,0,B0DN6PFWNK,189182706060711,0.0,0,Audio Array-Catch All-SD-CT,FBA79655,AM-C44 Pro,Audio Array,Microphone Dynamic,Microphone Dynamic,
2026-07-01,B0GW8Z556N,0.0,Handheld Dynamic,0,88800319740398,0,0,FBM79996,92137177023119,0.0,0,Audio Array-Catch All-SD-CT,FBA79996,AM-C49,Audio Array,Microphone Dynamic,Vocal Microphone,
2026-07-02,B0GW8Z556N,0.0,Handheld Dynamic,0,88800319740398,0,0,FBM79996,92137177023119,0.0,0,Audio Array-Catch All-SD-CT,FBA79996,AM-C49,Audio Array,Microphone Dynamic,Vocal Microphone,
2026-07-03,B0GW8Z556N,0.0,Handheld Dynamic,0,88800319740398,0,0,FBM79996,92137177023119,0.0,0,Audio Array-Catch All-SD-CT,FBA79996,AM-C49,Audio Array,Microphone Dynamic,Vocal Microphone,
2026-07-04,B0GW8Z556N,0.0,Handheld Dynamic,0,88800319740398,0,0,FBM79996,92137177023119,0.0,0,Audio Array-Catch All-SD-CT,FBA79996,AM-C49,Audio Array,Microphone Dynamic,Vocal Microphone,
2026-07-05,B0GW8Z556N,0.0,Handheld Dynamic,0,88800319740398,0,0,FBM79996,92137177023119,0.0,0,Audio Array-Catch All-SD-CT,FBA79996,AM-C49,Audio Array,Microphone Dynamic,Vocal Microphone,
2026-07-06,B0GW8Z556N,0.0,Handheld Dynamic,0,88800319740398,0,0,FBM79996,92137177023119,0.0,0,Audio Array-Catch All-SD-CT,FBA79996,AM-C49,Audio Array,Microphone Dynamic,Vocal Microphone,
2026-07-07,B0GW8Z556N,0.0,Handheld Dynamic,0,88800319740398,0,0,FBM79996,92137177023119,0.0,0,Audio Array-Catch All-SD-CT,FBA79996,AM-C49,Audio Array,Microphone Dynamic,Vocal Microphone,
2026-07-08,B0GW8Z556N,0.0,Handheld Dynamic,0,88800319740398,0,0,FBM79996,92137177023119,0.0,0,Audio Array-Catch All-SD-CT,FBA79996,AM-C49,Audio Array,Microphone Dynamic,Vocal Microphone,
2026-07-09,B0GW8Z556N,0.0,Handheld Dynamic,0,88800319740398,0,0,FBM79996,92137177023119,0.0,0,Audio Array-Catch All-SD-CT,FBA79996,AM-C49,Audio Array,Microphone Dynamic,Vocal Microphone,
2026-07-10,B0GW8Z556N,0.0,Handheld Dynamic,0,88800319740398,0,0,FBM79996,92137177023119,0.0,0,Audio Array-Catch All-SD-CT,FBA79996,AM-C49,Audio Array,Microphone Dynamic,Vocal Microphone,
2026-07-11,B0GW8Z556N,0.0,Handheld Dynamic,0,88800319740398,0,0,FBM79996,92137177023119,0.0,0,Audio Array-Catch All-SD-CT,FBA79996,AM-C49,Audio Array,Microphone Dynamic,Vocal Microphone,
2026-07-12,B0GW8Z556N,0.0,Handheld Dynamic,0,88800319740398,0,0,FBM79996,92137177023119,0.0,0,Audio Array-Catch All-SD-CT,FBA79996,AM-C49,Audio Array,Microphone Dynamic,Vocal Microphone,
2026-07-13,B0GW8Z556N,0.0,Handheld Dynamic,0,88800319740398,0,0,FBM79996,92137177023119,0.0,0,Audio Array-Catch All-SD-CT,FBA79996,AM-C49,Audio Array,Microphone Dynamic,Vocal Microphone,
2026-07-14,B0GW8Z556N,0.0,Handheld Dynamic,0,88800319740398,0,0,FBM79996,92137177023119,0.0,0,Audio Array-Catch All-SD-CT,FBA79996,AM-C49,Audio Array,Microphone Dynamic,Vocal Microphone,
2026-07-15,B0GW8Z556N,0.0,Handheld Dynamic,0,88800319740398,0,0,FBM79996,92137177023119,0.0,0,Audio Array-Catch All-SD-CT,FBA79996,AM-C49,Audio Array,Microphone Dynamic,Vocal Microphone,
2026-07-16,B0GW8Z556N,0.0,Handheld Dynamic,0,88800319740398,0,0,FBM79996,92137177023119,0.0,0,Audio Array-Catch All-SD-CT,FBA79996,AM-C49,Audio Array,Microphone Dynamic,Vocal Microphone,
2026-07-17,B0GW8Z556N,0.0,Handheld Dynamic,0,88800319740398,0,0,FBM79996,92137177023119,0.0,0,Audio Array-Catch All-SD-CT,FBA79996,AM-C49,Audio Array,Microphone Dynamic,Vocal Microphone,
2026-07-18,B0GW8Z556N,0.0,Handheld Dynamic,0,88800319740398,0,0,FBM79996,92137177023119,0.0,0,Audio Array-Catch All-SD-CT,FBA79996,AM-C49,Audio Array,Microphone Dynamic,Vocal Microphone,
2026-07-19,B0GW8Z556N,0.0,Handheld Dynamic,0,88800319740398,0,0,FBM79996,92137177023119,0.0,0,Audio Array-Catch All-SD-CT,FBA79996,AM-C49,Audio Array,Microphone Dynamic,Vocal Microphone,
2026-07-20,B0GW8Z556N,0.0,Handheld Dynamic,0,88800319740398,0,0,FBM79996,92137177023119,0.0,0,Audio Array-Catch All-SD-CT,FBA79996,AM-C49,Audio Array,Microphone Dynamic,Vocal Microphone,
2026-07-21,B0GW8Z556N,0.0,Handheld Dynamic,0,88800319740398,0,0,FBM79996,92137177023119,0.0,0,Audio Array-Catch All-SD-CT,FBA79996,AM-C49,Audio Array,Microphone Dynamic,Vocal Microphone,
2026-07-01,B0GW8VBCBL,0.0,Handheld Dynamic,0,88800319740398,0,0,FBM79995,92137177023119,0.0,0,Audio Array-Catch All-SD-CT,FBA79995,AM-C50,Audio Array,Microphone Dynamic,Vocal Microphone,
2026-07-02,B0GW8VBCBL,0.0,Handheld Dynamic,0,88800319740398,0,0,FBM79995,92137177023119,0.0,0,Audio Array-Catch All-SD-CT,FBA79995,AM-C50,Audio Array,Microphone Dynamic,Vocal Microphone,
2026-07-03,B0GW8VBCBL,0.0,Handheld Dynamic,0,88800319740398,0,0,FBM79995,92137177023119,0.0,0,Audio Array-Catch All-SD-CT,FBA79995,AM-C50,Audio Array,Microphone Dynamic,Vocal Microphone,
2026-07-04,B0GW8VBCBL,0.0,Handheld Dynamic,0,88800319740398,0,0,FBM79995,92137177023119,0.0,0,Audio Array-Catch All-SD-CT,FBA79995,AM-C50,Audio Array,Microphone Dynamic,Vocal Microphone,
2026-07-05,B0GW8VBCBL,0.0,Handheld Dynamic,0,88800319740398,0,0,FBM79995,92137177023119,0.0,0,Audio Array-Catch All-SD-CT,FBA79995,AM-C50,Audio Array,Microphone Dynamic,Vocal Microphone,
2026-07-06,B0GW8VBCBL,0.0,Handheld Dynamic,0,88800319740398,0,0,FBM79995,92137177023119,0.0,0,Audio Array-Catch All-SD-CT,FBA79995,AM-C50,Audio Array,Microphone Dynamic,Vocal Microphone,
2026-07-07,B0GW8VBCBL,0.0,Handheld Dynamic,0,88800319740398,0,0,FBM79995,92137177023119,0.0,0,Audio Array-Catch All-SD-CT,FBA79995,AM-C50,Audio Array,Microphone Dynamic,Vocal Microphone,
2026-07-08,B0GW8VBCBL,0.0,Handheld Dynamic,0,88800319740398,0,0,FBM79995,92137177023119,0.0,0,Audio Array-Catch All-SD-CT,FBA79995,AM-C50,Audio Array,Microphone Dynamic,Vocal Microphone,
2026-07-09,B0GW8VBCBL,0.0,Handheld Dynamic,0,88800319740398,0,0,FBM79995,92137177023119,0.0,0,Audio Array-Catch All-SD-CT,FBA79995,AM-C50,Audio Array,Microphone Dynamic,Vocal Microphone,
2026-07-10,B0GW8VBCBL,0.0,Handheld Dynamic,0,88800319740398,0,0,FBM79995,92137177023119,0.0,0,Audio Array-Catch All-SD-CT,FBA79995,AM-C50,Audio Array,Microphone Dynamic,Vocal Microphone,
2026-07-11,B0GW8VBCBL,0.0,Handheld Dynamic,0,88800319740398,0,0,FBM79995,92137177023119,0.0,0,Audio Array-Catch All-SD-CT,FBA79995,AM-C50,Audio Array,Microphone Dynamic,Vocal Microphone,
2026-07-12,B0GW8VBCBL,0.0,Handheld Dynamic,0,88800319740398,0,0,FBM79995,92137177023119,0.0,0,Audio Array-Catch All-SD-CT,FBA79995,AM-C50,Audio Array,Microphone Dynamic,Vocal Microphone,
2026-07-13,B0GW8VBCBL,0.0,Handheld Dynamic,0,88800319740398,0,0,FBM79995,92137177023119,0.0,0,Audio Array-Catch All-SD-CT,FBA79995,AM-C50,Audio Array,Microphone Dynamic,Vocal Microphone,
2026-07-14,B0GW8VBCBL,0.0,Handheld Dynamic,0,88800319740398,0,0,FBM79995,92137177023119,0.0,0,Audio Array-Catch All-SD-CT,FBA79995,AM-C50,Audio Array,Microphone Dynamic,Vocal Microphone,
2026-07-15,B0GW8VBCBL,0.0,Handheld Dynamic,0,88800319740398,0,0,FBM79995,92137177023119,0.0,0,Audio Array-Catch All-SD-CT,FBA79995,AM-C50,Audio Array,Microphone Dynamic,Vocal Microphone,
2026-07-16,B0GW8VBCBL,0.0,Handheld Dynamic,0,88800319740398,0,0,FBM79995,92137177023119,0.0,0,Audio Array-Catch All-SD-CT,FBA79995,AM-C50,Audio Array,Microphone Dynamic,Vocal Microphone,
2026-07-17,B0GW8VBCBL,0.0,Handheld Dynamic,0,88800319740398,0,0,FBM79995,92137177023119,0.0,0,Audio Array-Catch All-SD-CT,FBA79995,AM-C50,Audio Array,Microphone Dynamic,Vocal Microphone,
2026-07-18,B0GW8VBCBL,0.0,Handheld Dynamic,0,88800319740398,0,0,FBM79995,92137177023119,0.0,0,Audio Array-Catch All-SD-CT,FBA79995,AM-C50,Audio Array,Microphone Dynamic,Vocal Microphone,
2026-07-19,B0GW8VBCBL,0.0,Handheld Dynamic,0,88800319740398,0,0,FBM79995,92137177023119,0.0,0,Audio Array-Catch All-SD-CT,FBA79995,AM-C50,Audio Array,Microphone Dynamic,Vocal Microphone,
2026-07-20,B0GW8VBCBL,0.0,Handheld Dynamic,0,88800319740398,0,0,FBM79995,92137177023119,0.0,0,Audio Array-Catch All-SD-CT,FBA79995,AM-C50,Audio Array,Microphone Dynamic,Vocal Microphone,
2026-07-21,B0GW8VBCBL,0.0,Handheld Dynamic,0,88800319740398,0,0,FBM79995,92137177023119,0.0,0,Audio Array-Catch All-SD-CT,FBA79995,AM-C50,Audio Array,Microphone Dynamic,Vocal Microphone,
2026-07-01,B0GW8R2RYM,0.0,Handheld Dynamic,0,88800319740398,0,0,FBM80009,92137177023119,0.0,0,Audio Array-Catch All-SD-CT,FBA80009,AM-C51,Audio Array,Microphone Dynamic,Vocal Microphone,
2026-07-02,B0GW8R2RYM,0.0,Handheld Dynamic,0,88800319740398,0,0,FBM80009,92137177023119,0.0,0,Audio Array-Catch All-SD-CT,FBA80009,AM-C51,Audio Array,Microphone Dynamic,Vocal Microphone,
2026-07-03,B0GW8R2RYM,0.0,Handheld Dynamic,0,88800319740398,0,0,FBM80009,92137177023119,0.0,0,Audio Array-Catch All-SD-CT,FBA80009,AM-C51,Audio Array,Microphone Dynamic,Vocal Microphone,
2026-07-04,B0GW8R2RYM,0.0,Handheld Dynamic,0,88800319740398,0,0,FBM80009,92137177023119,0.0,0,Audio Array-Catch All-SD-CT,FBA80009,AM-C51,Audio Array,Microphone Dynamic,Vocal Microphone,
2026-07-05,B0GW8R2RYM,0.0,Handheld Dynamic,0,88800319740398,0,0,FBM80009,92137177023119,0.0,0,Audio Array-Catch All-SD-CT,FBA80009,AM-C51,Audio Array,Microphone Dynamic,Vocal Microphone,
2026-07-06,B0GW8R2RYM,0.0,Handheld Dynamic,0,88800319740398,0,0,FBM80009,92137177023119,0.0,0,Audio Array-Catch All-SD-CT,FBA80009,AM-C51,Audio Array,Microphone Dynamic,Vocal Microphone,
2026-07-07,B0GW8R2RYM,0.0,Handheld Dynamic,0,88800319740398,0,0,FBM80009,92137177023119,0.0,0,Audio Array-Catch All-SD-CT,FBA80009,AM-C51,Audio Array,Microphone Dynamic,Vocal Microphone,
2026-07-08,B0GW8R2RYM,0.0,Handheld Dynamic,0,88800319740398,0,0,FBM80009,92137177023119,0.0,0,Audio Array-Catch All-SD-CT,FBA80009,AM-C51,Audio Array,Microphone Dynamic,Vocal Microphone,
2026-07-09,B0GW8R2RYM,0.0,Handheld Dynamic,0,88800319740398,0,0,FBM80009,92137177023119,0.0,0,Audio Array-Catch All-SD-CT,FBA80009,AM-C51,Audio Array,Microphone Dynamic,Vocal Microphone,
2026-07-10,B0GW8R2RYM,0.0,Handheld Dynamic,0,88800319740398,0,0,FBM80009,92137177023119,0.0,0,Audio Array-Catch All-SD-CT,FBA80009,AM-C51,Audio Array,Microphone Dynamic,Vocal Microphone,
2026-07-11,B0GW8R2RYM,0.0,Handheld Dynamic,0,88800319740398,0,0,FBM80009,92137177023119,0.0,0,Audio Array-Catch All-SD-CT,FBA80009,AM-C51,Audio Array,Microphone Dynamic,Vocal Microphone,
2026-07-12,B0GW8R2RYM,0.0,Handheld Dynamic,0,88800319740398,0,0,FBM80009,92137177023119,0.0,0,Audio Array-Catch All-SD-CT,FBA80009,AM-C51,Audio Array,Microphone Dynamic,Vocal Microphone,
2026-07-13,B0GW8R2RYM,0.0,Handheld Dynamic,0,88800319740398,0,0,FBM80009,92137177023119,0.0,0,Audio Array-Catch All-SD-CT,FBA80009,AM-C51,Audio Array,Microphone Dynamic,Vocal Microphone,
2026-07-14,B0GW8R2RYM,0.0,Handheld Dynamic,0,88800319740398,0,0,FBM80009,92137177023119,0.0,0,Audio Array-Catch All-SD-CT,FBA80009,AM-C51,Audio Array,Microphone Dynamic,Vocal Microphone,
2026-07-15,B0GW8R2RYM,0.0,Handheld Dynamic,0,88800319740398,0,0,FBM80009,92137177023119,0.0,0,Audio Array-Catch All-SD-CT,FBA80009,AM-C51,Audio Array,Microphone Dynamic,Vocal Microphone,
2026-07-16,B0GW8R2RYM,0.0,Handheld Dynamic,0,88800319740398,0,0,FBM80009,92137177023119,0.0,0,Audio Array-Catch All-SD-CT,FBA80009,AM-C51,Audio Array,Microphone Dynamic,Vocal Microphone,
2026-07-17,B0GW8R2RYM,0.0,Handheld Dynamic,0,88800319740398,0,0,FBM80009,92137177023119,0.0,0,Audio Array-Catch All-SD-CT,FBA80009,AM-C51,Audio Array,Microphone Dynamic,Vocal Microphone,
2026-07-18,B0GW8R2RYM,0.0,Handheld Dynamic,0,88800319740398,0,0,FBM80009,92137177023119,0.0,0,Audio Array-Catch All-SD-CT,FBA80009,AM-C51,Audio Array,Microphone Dynamic,Vocal Microphone,
2026-07-19,B0GW8R2RYM,0.0,Handheld Dynamic,0,88800319740398,0,0,FBM80009,92137177023119,0.0,0,Audio Array-Catch All-SD-CT,FBA80009,AM-C51,Audio Array,Microphone Dynamic,Vocal Microphone,
2026-07-20,B0GW8R2RYM,0.0,Handheld Dynamic,0,88800319740398,0,0,FBM80009,92137177023119,0.0,0,Audio Array-Catch All-SD-CT,FBA80009,AM-C51,Audio Array,Microphone Dynamic,Vocal Microphone,
2026-07-21,B0GW8R2RYM,0.0,Handheld Dynamic,0,88800319740398,0,0,FBM80009,92137177023119,0.0,0,Audio Array-Catch All-SD-CT,FBA80009,AM-C51,Audio Array,Microphone Dynamic,Vocal Microphone,
2026-07-01,B0GW8ZQRFK,0.0,Handheld Dynamic,0,88800319740398,0,0,B0GW8ZQRFK,92137177023119,0.0,0,Audio Array-Catch All-SD-CT,FBA80010,AM-C52,Audio Array,Microphone Dynamic,Vocal Microphone,
2026-07-02,B0GW8ZQRFK,0.0,Handheld Dynamic,0,88800319740398,0,0,B0GW8ZQRFK,92137177023119,0.0,0,Audio Array-Catch All-SD-CT,FBA80010,AM-C52,Audio Array,Microphone Dynamic,Vocal Microphone,
2026-07-03,B0GW8ZQRFK,0.0,Handheld Dynamic,0,88800319740398,0,0,B0GW8ZQRFK,92137177023119,0.0,0,Audio Array-Catch All-SD-CT,FBA80010,AM-C52,Audio Array,Microphone Dynamic,Vocal Microphone,
2026-07-04,B0GW8ZQRFK,0.0,Handheld Dynamic,0,88800319740398,0,0,B0GW8ZQRFK,92137177023119,0.0,0,Audio Array-Catch All-SD-CT,FBA80010,AM-C52,Audio Array,Microphone Dynamic,Vocal Microphone,
2026-07-05,B0GW8ZQRFK,0.0,Handheld Dynamic,0,88800319740398,0,0,B0GW8ZQRFK,92137177023119,0.0,0,Audio Array-Catch All-SD-CT,FBA80010,AM-C52,Audio Array,Microphone Dynamic,Vocal Microphone,
2026-07-06,B0GW8ZQRFK,0.0,Handheld Dynamic,0,88800319740398,0,0,B0GW8ZQRFK,92137177023119,0.0,0,Audio Array-Catch All-SD-CT,FBA80010,AM-C52,Audio Array,Microphone Dynamic,Vocal Microphone,
2026-07-07,B0GW8ZQRFK,0.0,Handheld Dynamic,0,88800319740398,0,0,B0GW8ZQRFK,92137177023119,0.0,0,Audio Array-Catch All-SD-CT,FBA80010,AM-C52,Audio Array,Microphone Dynamic,Vocal Microphone,
2026-07-08,B0GW8ZQRFK,0.0,Handheld Dynamic,0,88800319740398,0,0,B0GW8ZQRFK,92137177023119,0.0,0,Audio Array-Catch All-SD-CT,FBA80010,AM-C52,Audio Array,Microphone Dynamic,Vocal Microphone,
2026-07-09,B0GW8ZQRFK,0.0,Handheld Dynamic,0,88800319740398,0,0,B0GW8ZQRFK,92137177023119,0.0,0,Audio Array-Catch All-SD-CT,FBA80010,AM-C52,Audio Array,Microphone Dynamic,Vocal Microphone,
2026-07-10,B0GW8ZQRFK,0.0,Handheld Dynamic,0,88800319740398,0,0,B0GW8ZQRFK,92137177023119,0.0,0,Audio Array-Catch All-SD-CT,FBA80010,AM-C52,Audio Array,Microphone Dynamic,Vocal Microphone,
2026-07-11,B0GW8ZQRFK,0.0,Handheld Dynamic,0,88800319740398,0,0,B0GW8ZQRFK,92137177023119,0.0,0,Audio Array-Catch All-SD-CT,FBA80010,AM-C52,Audio Array,Microphone Dynamic,Vocal Microphone,
2026-07-12,B0GW8ZQRFK,0.0,Handheld Dynamic,0,88800319740398,0,0,B0GW8ZQRFK,92137177023119,0.0,0,Audio Array-Catch All-SD-CT,FBA80010,AM-C52,Audio Array,Microphone Dynamic,Vocal Microphone,
2026-07-13,B0GW8ZQRFK,0.0,Handheld Dynamic,0,88800319740398,0,0,B0GW8ZQRFK,92137177023119,0.0,0,Audio Array-Catch All-SD-CT,FBA80010,AM-C52,Audio Array,Microphone Dynamic,Vocal Microphone,
2026-07-14,B0GW8ZQRFK,0.0,Handheld Dynamic,0,88800319740398,0,0,B0GW8ZQRFK,92137177023119,0.0,0,Audio Array-Catch All-SD-CT,FBA80010,AM-C52,Audio Array,Microphone Dynamic,Vocal Microphone,
2026-07-15,B0GW8ZQRFK,0.0,Handheld Dynamic,0,88800319740398,0,0,B0GW8ZQRFK,92137177023119,0.0,0,Audio Array-Catch All-SD-CT,FBA80010,AM-C52,Audio Array,Microphone Dynamic,Vocal Microphone,
2026-07-16,B0GW8ZQRFK,0.0,Handheld Dynamic,0,88800319740398,0,0,B0GW8ZQRFK,92137177023119,0.0,0,Audio Array-Catch All-SD-CT,FBA80010,AM-C52,Audio Array,Microphone Dynamic,Vocal Microphone,
2026-07-17,B0GW8ZQRFK,0.0,Handheld Dynamic,0,88800319740398,0,0,B0GW8ZQRFK,92137177023119,0.0,0,Audio Array-Catch All-SD-CT,FBA80010,AM-C52,Audio Array,Microphone Dynamic,Vocal Microphone,
2026-07-18,B0GW8ZQRFK,0.0,Handheld Dynamic,0,88800319740398,0,0,B0GW8ZQRFK,92137177023119,0.0,0,Audio Array-Catch All-SD-CT,FBA80010,AM-C52,Audio Array,Microphone Dynamic,Vocal Microphone,
2026-07-19,B0GW8ZQRFK,0.0,Handheld Dynamic,0,88800319740398,0,0,B0GW8ZQRFK,92137177023119,0.0,0,Audio Array-Catch All-SD-CT,FBA80010,AM-C52,Audio Array,Microphone Dynamic,Vocal Microphone,
2026-07-20,B0GW8ZQRFK,0.0,Handheld Dynamic,0,88800319740398,0,0,B0GW8ZQRFK,92137177023119,0.0,0,Audio Array-Catch All-SD-CT,FBA80010,AM-C52,Audio Array,Microphone Dynamic,Vocal Microphone,
2026-07-21,B0GW8ZQRFK,0.0,Handheld Dynamic,0,88800319740398,0,0,B0GW8ZQRFK,92137177023119,0.0,0,Audio Array-Catch All-SD-CT,FBA80010,AM-C52,Audio Array,Microphone Dynamic,Vocal Microphone,
2026-07-01,B0G53H49BS,495.29,Mixer,0,88800319740398,0,32746,B0G53H49BS,357270359239140,0.0,101,Audio Array-Catch All-SD-CT,FBA79961,AI-13,Audio Array,Audio Mixer,4 channels Mixer,
2026-07-02,B0G53H49BS,604.02,Mixer,1,88800319740398,1,28092,B0G53H49BS,357270359239140,2286.44,119,Audio Array-Catch All-SD-CT,FBA79961,AI-13,Audio Array,Audio Mixer,4 channels Mixer,
2026-07-03,B0G53H49BS,925.79,Mixer,0,88800319740398,0,33643,B0G53H49BS,357270359239140,0.0,141,Audio Array-Catch All-SD-CT,FBA79961,AI-13,Audio Array,Audio Mixer,4 channels Mixer,
2026-07-04,B0G53H49BS,811.72,Mixer,2,88800319740398,2,15823,B0G53H49BS,357270359239140,7738.98,101,Audio Array-Catch All-SD-CT,FBA79961,AI-13,Audio Array,Audio Mixer,4 channels Mixer,
2026-07-05,B0G53H49BS,611.68,Mixer,1,88800319740398,1,13612,B0G53H49BS,357270359239140,2244.92,81,Audio Array-Catch All-SD-CT,FBA79961,AI-13,Audio Array,Audio Mixer,4 channels Mixer,
2026-07-06,B0G53H49BS,667.4,Mixer,1,88800319740398,1,13707,B0G53H49BS,357270359239140,2244.92,93,Audio Array-Catch All-SD-CT,FBA79961,AI-13,Audio Array,Audio Mixer,4 channels Mixer,
2026-07-07,B0G53H49BS,512.73,Mixer,0,88800319740398,0,22377,B0G53H49BS,357270359239140,0.0,111,Audio Array-Catch All-SD-CT,FBA79961,AI-13,Audio Array,Audio Mixer,4 channels Mixer,
2026-07-08,B0G53H49BS,594.63,Mixer,1,88800319740398,1,19178,B0G53H49BS,357270359239140,2244.92,102,Audio Array-Catch All-SD-CT,FBA79961,AI-13,Audio Array,Audio Mixer,4 channels Mixer,
2026-07-09,B0G53H49BS,648.19,Mixer,1,88800319740398,1,23633,B0G53H49BS,357270359239140,2244.92,110,Audio Array-Catch All-SD-CT,FBA79961,AI-13,Audio Array,Audio Mixer,4 channels Mixer,
2026-07-10,B0G53H49BS,229.51,Mixer,1,88800319740398,1,13703,B0G53H49BS,357270359239140,2517.8,60,Audio Array-Catch All-SD-CT,FBA79961,AI-13,Audio Array,Audio Mixer,4 channels Mixer,
2026-07-11,B0G53H49BS,716.38,Mixer,0,88800319740398,0,31565,B0G53H49BS,357270359239140,0.0,126,Audio Array-Catch All-SD-CT,FBA79961,AI-13,Audio Array,Audio Mixer,4 channels Mixer,
2026-07-12,B0G53H49BS,391.72,Mixer,2,88800319740398,2,18054,B0G53H49BS,357270359239140,5125.42,79,Audio Array-Catch All-SD-CT,FBA79961,AI-13,Audio Array,Audio Mixer,4 channels Mixer,
2026-07-13,B0G53H49BS,609.39,Mixer,1,88800319740398,1,21834,B0G53H49BS,357270359239140,5329.66,106,Audio Array-Catch All-SD-CT,FBA79961,AI-13,Audio Array,Audio Mixer,4 channels Mixer,
2026-07-14,B0G53H49BS,335.65,Mixer,0,88800319740398,0,20707,B0G53H49BS,357270359239140,0.0,89,Audio Array-Catch All-SD-CT,FBA79961,AI-13,Audio Array,Audio Mixer,4 channels Mixer,
2026-07-15,B0G53H49BS,480.68,Mixer,1,88800319740398,1,23001,B0G53H49BS,357270359239140,2414.41,96,Audio Array-Catch All-SD-CT,FBA79961,AI-13,Audio Array,Audio Mixer,4 channels Mixer,
2026-07-16,B0G53H49BS,337.67,Mixer,1,88800319740398,1,15740,B0G53H49BS,357270359239140,2414.41,67,Audio Array-Catch All-SD-CT,FBA79961,AI-13,Audio Array,Audio Mixer,4 channels Mixer,
2026-07-17,B0G53H49BS,308.87,Mixer,2,88800319740398,2,16966,B0G53H49BS,357270359239140,7498.31,81,Audio Array-Catch All-SD-CT,FBA79961,AI-13,Audio Array,Audio Mixer,4 channels Mixer,
2026-07-18,B0G53H49BS,331.49,Mixer,1,88800319740398,1,13815,B0G53H49BS,357270359239140,2432.2,74,Audio Array-Catch All-SD-CT,FBA79961,AI-13,Audio Array,Audio Mixer,4 channels Mixer,
2026-07-19,B0G53H49BS,368.75,Mixer,1,88800319740398,1,22940,B0G53H49BS,357270359239140,4575.42,89,Audio Array-Catch All-SD-CT,FBA79961,AI-13,Audio Array,Audio Mixer,4 channels Mixer,
2026-07-20,B0G53H49BS,366.78,Mixer,2,88800319740398,2,11714,B0G53H49BS,357270359239140,7498.31,81,Audio Array-Catch All-SD-CT,FBA79961,AI-13,Audio Array,Audio Mixer,4 channels Mixer,
2026-07-21,B0G53H49BS,213.21,Mixer,0,88800319740398,0,14959,B0G53H49BS,357270359239140,0.0,60,Audio Array-Catch All-SD-CT,FBA79961,AI-13,Audio Array,Audio Mixer,4 channels Mixer,
2026-07-01,B0G53M9258,462.42,Mixer,3,88800319740398,3,22878,B0G53M9258,357270359239140,8811.01,79,Audio Array-Catch All-SD-CT,FBA79968,AI-14,Audio Array,Audio Mixer,8 channels Mixer,
2026-07-02,B0G53M9258,334.82,Mixer,2,88800319740398,2,18764,B0G53M9258,357270359239140,10167.8,74,Audio Array-Catch All-SD-CT,FBA79968,AI-14,Audio Array,Audio Mixer,8 channels Mixer,
2026-07-03,B0G53M9258,181.86,Mixer,0,88800319740398,0,8172,B0G53M9258,357270359239140,0.0,31,Audio Array-Catch All-SD-CT,FBA79968,AI-14,Audio Array,Audio Mixer,8 channels Mixer,
2026-07-04,B0G53M9258,506.0,Mixer,2,88800319740398,2,12813,B0G53M9258,357270359239140,5083.9,61,Audio Array-Catch All-SD-CT,FBA79968,AI-14,Audio Array,Audio Mixer,8 channels Mixer,
2026-07-05,B0G53M9258,407.76,Mixer,1,88800319740398,1,9471,B0G53M9258,357270359239140,5083.9,40,Audio Array-Catch All-SD-CT,FBA79968,AI-14,Audio Array,Audio Mixer,8 channels Mixer,
2026-07-06,B0G53M9258,276.15,Mixer,1,88800319740398,1,12239,B0G53M9258,357270359239140,5083.9,40,Audio Array-Catch All-SD-CT,FBA79968,AI-14,Audio Array,Audio Mixer,8 channels Mixer,
2026-07-07,B0G53M9258,250.95,Mixer,1,88800319740398,1,11731,B0G53M9258,357270359239140,1863.56,47,Audio Array-Catch All-SD-CT,FBA79968,AI-14,Audio Array,Audio Mixer,8 channels Mixer,
2026-07-08,B0G53M9258,189.18,Mixer,0,88800319740398,0,7484,B0G53M9258,357270359239140,0.0,31,Audio Array-Catch All-SD-CT,FBA79968,AI-14,Audio Array,Audio Mixer,8 channels Mixer,
2026-07-09,B0G53M9258,395.85,Mixer,1,88800319740398,1,9941,B0G53M9258,357270359239140,5083.9,66,Audio Array-Catch All-SD-CT,FBA79968,AI-14,Audio Array,Audio Mixer,8 channels Mixer,
2026-07-10,B0G53M9258,27.6,Mixer,0,88800319740398,0,5811,B0G53M9258,357270359239140,0.0,15,Audio Array-Catch All-SD-CT,FBA79968,AI-14,Audio Array,Audio Mixer,8 channels Mixer,
2026-07-11,B0G53M9258,274.74,Mixer,1,88800319740398,1,8933,B0G53M9258,357270359239140,5329.66,44,Audio Array-Catch All-SD-CT,FBA79968,AI-14,Audio Array,Audio Mixer,8 channels Mixer,
2026-07-12,B0G53M9258,195.74,Mixer,1,88800319740398,1,5195,B0G53M9258,357270359239140,7202.54,35,Audio Array-Catch All-SD-CT,FBA79968,AI-14,Audio Array,Audio Mixer,8 channels Mixer,
2026-07-13,B0G53M9258,198.52,Mixer,0,88800319740398,0,6452,B0G53M9258,357270359239140,0.0,32,Audio Array-Catch All-SD-CT,FBA79968,AI-14,Audio Array,Audio Mixer,8 channels Mixer,
2026-07-14,B0G53M9258,126.09,Mixer,0,88800319740398,0,7319,B0G53M9258,357270359239140,0.0,35,Audio Array-Catch All-SD-CT,FBA79968,AI-14,Audio Array,Audio Mixer,8 channels Mixer,
2026-07-15,B0G53M9258,97.18,Mixer,1,88800319740398,1,6928,B0G53M9258,357270359239140,5083.9,28,Audio Array-Catch All-SD-CT,FBA79968,AI-14,Audio Array,Audio Mixer,8 channels Mixer,
2026-07-16,B0G53M9258,120.27,Mixer,0,88800319740398,0,6055,B0G53M9258,357270359239140,0.0,27,Audio Array-Catch All-SD-CT,FBA79968,AI-14,Audio Array,Audio Mixer,8 channels Mixer,
2026-07-17,B0G53M9258,118.74,Mixer,1,88800319740398,1,5079,B0G53M9258,357270359239140,5083.9,30,Audio Array-Catch All-SD-CT,FBA79968,AI-14,Audio Array,Audio Mixer,8 channels Mixer,
2026-07-18,B0G53M9258,82.58,Mixer,0,88800319740398,0,4251,B0G53M9258,357270359239140,0.0,25,Audio Array-Catch All-SD-CT,FBA79968,AI-14,Audio Array,Audio Mixer,8 channels Mixer,
2026-07-19,B0G53M9258,61.0,Mixer,0,88800319740398,0,4210,B0G53M9258,357270359239140,0.0,21,Audio Array-Catch All-SD-CT,FBA79968,AI-14,Audio Array,Audio Mixer,8 channels Mixer,
2026-07-20,B0G53M9258,90.31,Mixer,0,88800319740398,0,5722,B0G53M9258,357270359239140,0.0,33,Audio Array-Catch All-SD-CT,FBA79968,AI-14,Audio Array,Audio Mixer,8 channels Mixer,
2026-07-21,B0G53M9258,74.33,Mixer,0,88800319740398,0,5324,B0G53M9258,357270359239140,0.0,35,Audio Array-Catch All-SD-CT,FBA79968,AI-14,Audio Array,Audio Mixer,8 channels Mixer,
2026-07-01,B0GCP1J2HC,0.0,Mixer,0,88800319740398,0,0,B0GCP1J2HC,357270359239140,0.0,0,Audio Array-Catch All-SD-CT,FBA79972,M8,Audio Array,Audio Mixer,8 channels Mixer,
2026-07-02,B0GCP1J2HC,0.0,Mixer,0,88800319740398,0,0,B0GCP1J2HC,357270359239140,0.0,0,Audio Array-Catch All-SD-CT,FBA79972,M8,Audio Array,Audio Mixer,8 channels Mixer,
2026-07-03,B0GCP1J2HC,97.45,Mixer,0,88800319740398,0,1758,B0GCP1J2HC,357270359239140,0.0,15,Audio Array-Catch All-SD-CT,FBA79972,M8,Audio Array,Audio Mixer,8 channels Mixer,
2026-07-04,B0GCP1J2HC,55.61,Mixer,0,88800319740398,0,1289,B0GCP1J2HC,357270359239140,0.0,5,Audio Array-Catch All-SD-CT,FBA79972,M8,Audio Array,Audio Mixer,8 channels Mixer,
2026-07-05,B0GCP1J2HC,95.34,Mixer,0,88800319740398,0,1087,B0GCP1J2HC,357270359239140,0.0,12,Audio Array-Catch All-SD-CT,FBA79972,M8,Audio Array,Audio Mixer,8 channels Mixer,
2026-07-06,B0GCP1J2HC,96.99,Mixer,0,88800319740398,0,1348,B0GCP1J2HC,357270359239140,0.0,12,Audio Array-Catch All-SD-CT,FBA79972,M8,Audio Array,Audio Mixer,8 channels Mixer,
2026-07-07,B0GCP1J2HC,62.41,Mixer,0,88800319740398,0,3563,B0GCP1J2HC,357270359239140,0.0,20,Audio Array-Catch All-SD-CT,FBA79972,M8,Audio Array,Audio Mixer,8 channels Mixer,
2026-07-08,B0GCP1J2HC,119.01,Mixer,1,88800319740398,1,2091,B0GCP1J2HC,357270359239140,7202.54,21,Audio Array-Catch All-SD-CT,FBA79972,M8,Audio Array,Audio Mixer,8 channels Mixer,
2026-07-09,B0GCP1J2HC,76.66,Mixer,1,88800319740398,1,2643,B0GCP1J2HC,357270359239140,7202.54,18,Audio Array-Catch All-SD-CT,FBA79972,M8,Audio Array,Audio Mixer,8 channels Mixer,
2026-07-10,B0GCP1J2HC,91.77,Mixer,0,88800319740398,0,7004,B0GCP1J2HC,357270359239140,0.0,25,Audio Array-Catch All-SD-CT,FBA79972,M8,Audio Array,Audio Mixer,8 channels Mixer,
2026-07-11,B0GCP1J2HC,63.68,Mixer,0,88800319740398,0,3670,B0GCP1J2HC,357270359239140,0.0,21,Audio Array-Catch All-SD-CT,FBA79972,M8,Audio Array,Audio Mixer,8 channels Mixer,
2026-07-12,B0GCP1J2HC,97.71,Mixer,1,88800319740398,1,3745,B0GCP1J2HC,357270359239140,7202.54,19,Audio Array-Catch All-SD-CT,FBA79972,M8,Audio Array,Audio Mixer,8 channels Mixer,
2026-07-13,B0GCP1J2HC,181.09,Mixer,0,88800319740398,0,5021,B0GCP1J2HC,357270359239140,0.0,39,Audio Array-Catch All-SD-CT,FBA79972,M8,Audio Array,Audio Mixer,8 channels Mixer,
2026-07-14,B0GCP1J2HC,67.94,Mixer,0,88800319740398,0,4016,B0GCP1J2HC,357270359239140,0.0,18,Audio Array-Catch All-SD-CT,FBA79972,M8,Audio Array,Audio Mixer,8 channels Mixer,
2026-07-15,B0GCP1J2HC,115.19,Mixer,0,88800319740398,0,2657,B0GCP1J2HC,357270359239140,0.0,20,Audio Array-Catch All-SD-CT,FBA79972,M8,Audio Array,Audio Mixer,8 channels Mixer,
2026-07-16,B0GCP1J2HC,58.94,Mixer,0,88800319740398,0,2641,B0GCP1J2HC,357270359239140,0.0,19,Audio Array-Catch All-SD-CT,FBA79972,M8,Audio Array,Audio Mixer,8 channels Mixer,
2026-07-17,B0GCP1J2HC,61.68,Mixer,0,88800319740398,0,2725,B0GCP1J2HC,357270359239140,0.0,17,Audio Array-Catch All-SD-CT,FBA79972,M8,Audio Array,Audio Mixer,8 channels Mixer,
2026-07-18,B0GCP1J2HC,87.24,Mixer,1,88800319740398,1,3680,B0GCP1J2HC,357270359239140,7202.54,20,Audio Array-Catch All-SD-CT,FBA79972,M8,Audio Array,Audio Mixer,8 channels Mixer,
2026-07-19,B0GCP1J2HC,87.97,Mixer,0,88800319740398,0,3988,B0GCP1J2HC,357270359239140,0.0,21,Audio Array-Catch All-SD-CT,FBA79972,M8,Audio Array,Audio Mixer,8 channels Mixer,
2026-07-20,B0GCP1J2HC,51.97,Mixer,0,88800319740398,0,5241,B0GCP1J2HC,357270359239140,0.0,15,Audio Array-Catch All-SD-CT,FBA79972,M8,Audio Array,Audio Mixer,8 channels Mixer,
2026-07-21,B0GCP1J2HC,65.8,Mixer,0,88800319740398,0,7609,B0GCP1J2HC,357270359239140,0.0,19,Audio Array-Catch All-SD-CT,FBA79972,M8,Audio Array,Audio Mixer,8 channels Mixer,
2026-07-01,B0GN2LHJY4,0.0,Mixer,0,88800319740398,0,0,B0GN2LHJY4,357270359239140,0.0,0,Audio Array-Catch All-SD-CT,FBA80007,MT-12,Audio Array,Audio Mixer,12 channels Mixer,
2026-07-02,B0GN2LHJY4,0.0,Mixer,0,88800319740398,0,0,B0GN2LHJY4,357270359239140,0.0,0,Audio Array-Catch All-SD-CT,FBA80007,MT-12,Audio Array,Audio Mixer,12 channels Mixer,
2026-07-03,B0GN2LHJY4,0.0,Mixer,0,88800319740398,0,0,B0GN2LHJY4,357270359239140,0.0,0,Audio Array-Catch All-SD-CT,FBA80007,MT-12,Audio Array,Audio Mixer,12 channels Mixer,
2026-07-04,B0GN2LHJY4,0.0,Mixer,0,88800319740398,0,0,B0GN2LHJY4,357270359239140,0.0,0,Audio Array-Catch All-SD-CT,FBA80007,MT-12,Audio Array,Audio Mixer,12 channels Mixer,
2026-07-05,B0GN2LHJY4,0.0,Mixer,0,88800319740398,0,0,B0GN2LHJY4,357270359239140,0.0,0,Audio Array-Catch All-SD-CT,FBA80007,MT-12,Audio Array,Audio Mixer,12 channels Mixer,
2026-07-06,B0GN2LHJY4,0.0,Mixer,0,88800319740398,0,0,B0GN2LHJY4,357270359239140,0.0,0,Audio Array-Catch All-SD-CT,FBA80007,MT-12,Audio Array,Audio Mixer,12 channels Mixer,
2026-07-07,B0GN2LHJY4,0.0,Mixer,0,88800319740398,0,0,B0GN2LHJY4,357270359239140,0.0,0,Audio Array-Catch All-SD-CT,FBA80007,MT-12,Audio Array,Audio Mixer,12 channels Mixer,
2026-07-08,B0GN2LHJY4,0.0,Mixer,0,88800319740398,0,0,B0GN2LHJY4,357270359239140,0.0,0,Audio Array-Catch All-SD-CT,FBA80007,MT-12,Audio Array,Audio Mixer,12 channels Mixer,
2026-07-09,B0GN2LHJY4,0.0,Mixer,0,88800319740398,0,0,B0GN2LHJY4,357270359239140,0.0,0,Audio Array-Catch All-SD-CT,FBA80007,MT-12,Audio Array,Audio Mixer,12 channels Mixer,
2026-07-10,B0GN2LHJY4,0.0,Mixer,0,88800319740398,0,0,B0GN2LHJY4,357270359239140,0.0,0,Audio Array-Catch All-SD-CT,FBA80007,MT-12,Audio Array,Audio Mixer,12 channels Mixer,
2026-07-11,B0GN2LHJY4,0.0,Mixer,0,88800319740398,0,0,B0GN2LHJY4,357270359239140,0.0,0,Audio Array-Catch All-SD-CT,FBA80007,MT-12,Audio Array,Audio Mixer,12 channels Mixer,
2026-07-12,B0GN2LHJY4,0.0,Mixer,0,88800319740398,0,0,B0GN2LHJY4,357270359239140,0.0,0,Audio Array-Catch All-SD-CT,FBA80007,MT-12,Audio Array,Audio Mixer,12 channels Mixer,
2026-07-13,B0GN2LHJY4,0.0,Mixer,0,88800319740398,0,0,B0GN2LHJY4,357270359239140,0.0,0,Audio Array-Catch All-SD-CT,FBA80007,MT-12,Audio Array,Audio Mixer,12 channels Mixer,
2026-07-14,B0GN2LHJY4,0.0,Mixer,0,88800319740398,0,0,B0GN2LHJY4,357270359239140,0.0,0,Audio Array-Catch All-SD-CT,FBA80007,MT-12,Audio Array,Audio Mixer,12 channels Mixer,
2026-07-15,B0GN2LHJY4,0.0,Mixer,0,88800319740398,0,0,B0GN2LHJY4,357270359239140,0.0,0,Audio Array-Catch All-SD-CT,FBA80007,MT-12,Audio Array,Audio Mixer,12 channels Mixer,
2026-07-16,B0GN2LHJY4,0.0,Mixer,0,88800319740398,0,0,B0GN2LHJY4,357270359239140,0.0,0,Audio Array-Catch All-SD-CT,FBA80007,MT-12,Audio Array,Audio Mixer,12 channels Mixer,
2026-07-17,B0GN2LHJY4,0.0,Mixer,0,88800319740398,0,0,B0GN2LHJY4,357270359239140,0.0,0,Audio Array-Catch All-SD-CT,FBA80007,MT-12,Audio Array,Audio Mixer,12 channels Mixer,
2026-07-18,B0GN2LHJY4,0.0,Mixer,0,88800319740398,0,0,B0GN2LHJY4,357270359239140,0.0,0,Audio Array-Catch All-SD-CT,FBA80007,MT-12,Audio Array,Audio Mixer,12 channels Mixer,
2026-07-19,B0GN2LHJY4,0.0,Mixer,0,88800319740398,0,0,B0GN2LHJY4,357270359239140,0.0,0,Audio Array-Catch All-SD-CT,FBA80007,MT-12,Audio Array,Audio Mixer,12 channels Mixer,
2026-07-20,B0GN2LHJY4,0.0,Mixer,0,88800319740398,0,0,B0GN2LHJY4,357270359239140,0.0,0,Audio Array-Catch All-SD-CT,FBA80007,MT-12,Audio Array,Audio Mixer,12 channels Mixer,
2026-07-21,B0GN2LHJY4,0.0,Mixer,0,88800319740398,0,0,B0GN2LHJY4,357270359239140,0.0,0,Audio Array-Catch All-SD-CT,FBA80007,MT-12,Audio Array,Audio Mixer,12 channels Mixer,
2026-07-01,B0FFB6YJM1,0.0,Ad group - 1,0,35441080560180,0,0,B0FFB6YJM1,539830322340115,0.0,0,AudioArray-B0FFB6YJM1-Soundbar_SD_Video-PT,FBA79708,SB-01,Audio Array,Sound Bar,Sound Bar,
2026-07-02,B0FFB6YJM1,0.0,Ad group - 1,0,35441080560180,0,0,B0FFB6YJM1,539830322340115,0.0,0,AudioArray-B0FFB6YJM1-Soundbar_SD_Video-PT,FBA79708,SB-01,Audio Array,Sound Bar,Sound Bar,
2026-07-03,B0FFB6YJM1,0.0,Ad group - 1,0,35441080560180,0,0,B0FFB6YJM1,539830322340115,0.0,0,AudioArray-B0FFB6YJM1-Soundbar_SD_Video-PT,FBA79708,SB-01,Audio Array,Sound Bar,Sound Bar,
2026-07-04,B0FFB6YJM1,0.0,Ad group - 1,0,35441080560180,0,0,B0FFB6YJM1,539830322340115,0.0,0,AudioArray-B0FFB6YJM1-Soundbar_SD_Video-PT,FBA79708,SB-01,Audio Array,Sound Bar,Sound Bar,
2026-07-05,B0FFB6YJM1,0.0,Ad group - 1,0,35441080560180,0,0,B0FFB6YJM1,539830322340115,0.0,0,AudioArray-B0FFB6YJM1-Soundbar_SD_Video-PT,FBA79708,SB-01,Audio Array,Sound Bar,Sound Bar,
2026-07-06,B0FFB6YJM1,0.0,Ad group - 1,0,35441080560180,0,0,B0FFB6YJM1,539830322340115,0.0,0,AudioArray-B0FFB6YJM1-Soundbar_SD_Video-PT,FBA79708,SB-01,Audio Array,Sound Bar,Sound Bar,
2026-07-07,B0FFB6YJM1,0.0,Ad group - 1,0,35441080560180,0,0,B0FFB6YJM1,539830322340115,0.0,0,AudioArray-B0FFB6YJM1-Soundbar_SD_Video-PT,FBA79708,SB-01,Audio Array,Sound Bar,Sound Bar,
2026-07-08,B0FFB6YJM1,0.0,Ad group - 1,0,35441080560180,0,0,B0FFB6YJM1,539830322340115,0.0,0,AudioArray-B0FFB6YJM1-Soundbar_SD_Video-PT,FBA79708,SB-01,Audio Array,Sound Bar,Sound Bar,
2026-07-09,B0FFB6YJM1,0.0,Ad group - 1,0,35441080560180,0,0,B0FFB6YJM1,539830322340115,0.0,0,AudioArray-B0FFB6YJM1-Soundbar_SD_Video-PT,FBA79708,SB-01,Audio Array,Sound Bar,Sound Bar,
2026-07-10,B0FFB6YJM1,0.0,Ad group - 1,0,35441080560180,0,0,B0FFB6YJM1,539830322340115,0.0,0,AudioArray-B0FFB6YJM1-Soundbar_SD_Video-PT,FBA79708,SB-01,Audio Array,Sound Bar,Sound Bar,
2026-07-11,B0FFB6YJM1,0.0,Ad group - 1,0,35441080560180,0,0,B0FFB6YJM1,539830322340115,0.0,0,AudioArray-B0FFB6YJM1-Soundbar_SD_Video-PT,FBA79708,SB-01,Audio Array,Sound Bar,Sound Bar,
2026-07-12,B0FFB6YJM1,0.0,Ad group - 1,0,35441080560180,0,0,B0FFB6YJM1,539830322340115,0.0,0,AudioArray-B0FFB6YJM1-Soundbar_SD_Video-PT,FBA79708,SB-01,Audio Array,Sound Bar,Sound Bar,
2026-07-13,B0FFB6YJM1,0.0,Ad group - 1,0,35441080560180,0,0,B0FFB6YJM1,539830322340115,0.0,0,AudioArray-B0FFB6YJM1-Soundbar_SD_Video-PT,FBA79708,SB-01,Audio Array,Sound Bar,Sound Bar,
2026-07-14,B0FFB6YJM1,0.0,Ad group - 1,0,35441080560180,0,0,B0FFB6YJM1,539830322340115,0.0,0,AudioArray-B0FFB6YJM1-Soundbar_SD_Video-PT,FBA79708,SB-01,Audio Array,Sound Bar,Sound Bar,
2026-07-15,B0FFB6YJM1,0.0,Ad group - 1,0,35441080560180,0,0,B0FFB6YJM1,539830322340115,0.0,0,AudioArray-B0FFB6YJM1-Soundbar_SD_Video-PT,FBA79708,SB-01,Audio Array,Sound Bar,Sound Bar,
2026-07-16,B0FFB6YJM1,0.0,Ad group - 1,0,35441080560180,0,0,B0FFB6YJM1,539830322340115,0.0,0,AudioArray-B0FFB6YJM1-Soundbar_SD_Video-PT,FBA79708,SB-01,Audio Array,Sound Bar,Sound Bar,
2026-07-17,B0FFB6YJM1,0.0,Ad group - 1,0,35441080560180,0,0,B0FFB6YJM1,539830322340115,0.0,0,AudioArray-B0FFB6YJM1-Soundbar_SD_Video-PT,FBA79708,SB-01,Audio Array,Sound Bar,Sound Bar,
2026-07-18,B0FFB6YJM1,0.0,Ad group - 1,0,35441080560180,0,0,B0FFB6YJM1,539830322340115,0.0,0,AudioArray-B0FFB6YJM1-Soundbar_SD_Video-PT,FBA79708,SB-01,Audio Array,Sound Bar,Sound Bar,
2026-07-19,B0FFB6YJM1,0.0,Ad group - 1,0,35441080560180,0,0,B0FFB6YJM1,539830322340115,0.0,0,AudioArray-B0FFB6YJM1-Soundbar_SD_Video-PT,FBA79708,SB-01,Audio Array,Sound Bar,Sound Bar,
2026-07-20,B0FFB6YJM1,0.0,Ad group - 1,0,35441080560180,0,0,B0FFB6YJM1,539830322340115,0.0,0,AudioArray-B0FFB6YJM1-Soundbar_SD_Video-PT,FBA79708,SB-01,Audio Array,Sound Bar,Sound Bar,
2026-07-21,B0FFB6YJM1,0.0,Ad group - 1,0,35441080560180,0,0,B0FFB6YJM1,539830322340115,0.0,0,AudioArray-B0FFB6YJM1-Soundbar_SD_Video-PT,FBA79708,SB-01,Audio Array,Sound Bar,Sound Bar,
2026-07-01,B0FFB6YJM1,0.0,Ad group - 2,0,35441080560180,0,0,B0FFB6YJM1,407954458795009,0.0,0,AudioArray-B0FFB6YJM1-Soundbar_SD_Video-PT,FBA79708,SB-01,Audio Array,Sound Bar,Sound Bar,
2026-07-02,B0FFB6YJM1,0.0,Ad group - 2,0,35441080560180,0,0,B0FFB6YJM1,407954458795009,0.0,0,AudioArray-B0FFB6YJM1-Soundbar_SD_Video-PT,FBA79708,SB-01,Audio Array,Sound Bar,Sound Bar,
2026-07-03,B0FFB6YJM1,0.0,Ad group - 2,0,35441080560180,0,0,B0FFB6YJM1,407954458795009,0.0,0,AudioArray-B0FFB6YJM1-Soundbar_SD_Video-PT,FBA79708,SB-01,Audio Array,Sound Bar,Sound Bar,
2026-07-04,B0FFB6YJM1,0.0,Ad group - 2,0,35441080560180,0,0,B0FFB6YJM1,407954458795009,0.0,0,AudioArray-B0FFB6YJM1-Soundbar_SD_Video-PT,FBA79708,SB-01,Audio Array,Sound Bar,Sound Bar,
2026-07-05,B0FFB6YJM1,0.0,Ad group - 2,0,35441080560180,0,0,B0FFB6YJM1,407954458795009,0.0,0,AudioArray-B0FFB6YJM1-Soundbar_SD_Video-PT,FBA79708,SB-01,Audio Array,Sound Bar,Sound Bar,
2026-07-06,B0FFB6YJM1,0.0,Ad group - 2,0,35441080560180,0,0,B0FFB6YJM1,407954458795009,0.0,0,AudioArray-B0FFB6YJM1-Soundbar_SD_Video-PT,FBA79708,SB-01,Audio Array,Sound Bar,Sound Bar,
2026-07-07,B0FFB6YJM1,0.0,Ad group - 2,0,35441080560180,0,0,B0FFB6YJM1,407954458795009,0.0,0,AudioArray-B0FFB6YJM1-Soundbar_SD_Video-PT,FBA79708,SB-01,Audio Array,Sound Bar,Sound Bar,
2026-07-08,B0FFB6YJM1,0.0,Ad group - 2,0,35441080560180,0,0,B0FFB6YJM1,407954458795009,0.0,0,AudioArray-B0FFB6YJM1-Soundbar_SD_Video-PT,FBA79708,SB-01,Audio Array,Sound Bar,Sound Bar,
2026-07-09,B0FFB6YJM1,0.0,Ad group - 2,0,35441080560180,0,0,B0FFB6YJM1,407954458795009,0.0,0,AudioArray-B0FFB6YJM1-Soundbar_SD_Video-PT,FBA79708,SB-01,Audio Array,Sound Bar,Sound Bar,
2026-07-10,B0FFB6YJM1,0.0,Ad group - 2,0,35441080560180,0,0,B0FFB6YJM1,407954458795009,0.0,0,AudioArray-B0FFB6YJM1-Soundbar_SD_Video-PT,FBA79708,SB-01,Audio Array,Sound Bar,Sound Bar,
2026-07-11,B0FFB6YJM1,0.0,Ad group - 2,0,35441080560180,0,0,B0FFB6YJM1,407954458795009,0.0,0,AudioArray-B0FFB6YJM1-Soundbar_SD_Video-PT,FBA79708,SB-01,Audio Array,Sound Bar,Sound Bar,
2026-07-12,B0FFB6YJM1,0.0,Ad group - 2,0,35441080560180,0,0,B0FFB6YJM1,407954458795009,0.0,0,AudioArray-B0FFB6YJM1-Soundbar_SD_Video-PT,FBA79708,SB-01,Audio Array,Sound Bar,Sound Bar,
2026-07-13,B0FFB6YJM1,0.0,Ad group - 2,0,35441080560180,0,0,B0FFB6YJM1,407954458795009,0.0,0,AudioArray-B0FFB6YJM1-Soundbar_SD_Video-PT,FBA79708,SB-01,Audio Array,Sound Bar,Sound Bar,
2026-07-14,B0FFB6YJM1,0.0,Ad group - 2,0,35441080560180,0,0,B0FFB6YJM1,407954458795009,0.0,0,AudioArray-B0FFB6YJM1-Soundbar_SD_Video-PT,FBA79708,SB-01,Audio Array,Sound Bar,Sound Bar,
2026-07-15,B0FFB6YJM1,0.0,Ad group - 2,0,35441080560180,0,0,B0FFB6YJM1,407954458795009,0.0,0,AudioArray-B0FFB6YJM1-Soundbar_SD_Video-PT,FBA79708,SB-01,Audio Array,Sound Bar,Sound Bar,
2026-07-16,B0FFB6YJM1,0.0,Ad group - 2,0,35441080560180,0,0,B0FFB6YJM1,407954458795009,0.0,0,AudioArray-B0FFB6YJM1-Soundbar_SD_Video-PT,FBA79708,SB-01,Audio Array,Sound Bar,Sound Bar,
2026-07-17,B0FFB6YJM1,0.0,Ad group - 2,0,35441080560180,0,0,B0FFB6YJM1,407954458795009,0.0,0,AudioArray-B0FFB6YJM1-Soundbar_SD_Video-PT,FBA79708,SB-01,Audio Array,Sound Bar,Sound Bar,
2026-07-18,B0FFB6YJM1,0.0,Ad group - 2,0,35441080560180,0,0,B0FFB6YJM1,407954458795009,0.0,0,AudioArray-B0FFB6YJM1-Soundbar_SD_Video-PT,FBA79708,SB-01,Audio Array,Sound Bar,Sound Bar,
2026-07-19,B0FFB6YJM1,0.0,Ad group - 2,0,35441080560180,0,0,B0FFB6YJM1,407954458795009,0.0,0,AudioArray-B0FFB6YJM1-Soundbar_SD_Video-PT,FBA79708,SB-01,Audio Array,Sound Bar,Sound Bar,
2026-07-20,B0FFB6YJM1,0.0,Ad group - 2,0,35441080560180,0,0,B0FFB6YJM1,407954458795009,0.0,0,AudioArray-B0FFB6YJM1-Soundbar_SD_Video-PT,FBA79708,SB-01,Audio Array,Sound Bar,Sound Bar,
2026-07-21,B0FFB6YJM1,0.0,Ad group - 2,0,35441080560180,0,0,B0FFB6YJM1,407954458795009,0.0,0,AudioArray-B0FFB6YJM1-Soundbar_SD_Video-PT,FBA79708,SB-01,Audio Array,Sound Bar,Sound Bar,
2026-07-22,B0B4DPX2J2,197.49,Condenser Microphones,0,88800319740398,0,11449,B0B4DPX2J2,1530305156531,0.0,33,Audio Array-Catch All-SD-CT,FBA75673,AM-C1,Audio Array,Microphone Condenser,USB Microphone Kit - Boomarm,
2026-07-23,B0B4DPX2J2,63.63,Condenser Microphones,0,88800319740398,0,5515,B0B4DPX2J2,1530305156531,0.0,12,Audio Array-Catch All-SD-CT,FBA75673,AM-C1,Audio Array,Microphone Condenser,USB Microphone Kit - Boomarm,
2026-07-24,B0B4DPX2J2,144.69,Condenser Microphones,1,88800319740398,1,10624,B0B4DPX2J2,1530305156531,2304.24,28,Audio Array-Catch All-SD-CT,FBA75673,AM-C1,Audio Array,Microphone Condenser,USB Microphone Kit - Boomarm,
2026-07-25,B0B4DPX2J2,197.56,Condenser Microphones,0,88800319740398,0,10104,B0B4DPX2J2,1530305156531,0.0,33,Audio Array-Catch All-SD-CT,FBA75673,AM-C1,Audio Array,Microphone Condenser,USB Microphone Kit - Boomarm,
2026-07-26,B0B4DPX2J2,206.92,Condenser Microphones,0,88800319740398,0,13613,B0B4DPX2J2,1530305156531,0.0,59,Audio Array-Catch All-SD-CT,FBA75673,AM-C1,Audio Array,Microphone Condenser,USB Microphone Kit - Boomarm,
2026-07-27,B0B4DPX2J2,341.66,Condenser Microphones,1,88800319740398,1,15801,B0B4DPX2J2,1530305156531,2304.24,52,Audio Array-Catch All-SD-CT,FBA75673,AM-C1,Audio Array,Microphone Condenser,USB Microphone Kit - Boomarm,
2026-07-28,B0B4DPX2J2,267.99,Condenser Microphones,2,88800319740398,2,16247,B0B4DPX2J2,1530305156531,4659.32,52,Audio Array-Catch All-SD-CT,FBA75673,AM-C1,Audio Array,Microphone Condenser,USB Microphone Kit - Boomarm,
2026-07-29,B0B4DPX2J2,203.58,Condenser Microphones,1,88800319740398,1,13601,B0B4DPX2J2,1530305156531,2287.29,56,Audio Array-Catch All-SD-CT,FBA75673,AM-C1,Audio Array,Microphone Condenser,USB Microphone Kit - Boomarm,
2026-07-30,B0B4DPX2J2,195.74,Condenser Microphones,0,88800319740398,0,13530,B0B4DPX2J2,1530305156531,0.0,42,Audio Array-Catch All-SD-CT,FBA75673,AM-C1,Audio Array,Microphone Condenser,USB Microphone Kit - Boomarm,
2026-07-31,B0B4DPX2J2,177.28,Condenser Microphones,0,88800319740398,0,10383,B0B4DPX2J2,1530305156531,0.0,33,Audio Array-Catch All-SD-CT,FBA75673,AM-C1,Audio Array,Microphone Condenser,USB Microphone Kit - Boomarm,
2026-07-22,B0B4G19R58,66.84,Condenser Microphones,1,88800319740398,1,5836,B0B4G19R58,1530305156531,0.0,19,Audio Array-Catch All-SD-CT,FBA75674,AM-C2,Audio Array,Microphone Condenser,XLR Microphone Kit - Boomarm,
2026-07-23,B0B4G19R58,43.18,Condenser Microphones,0,88800319740398,0,4686,B0B4G19R58,1530305156531,0.0,8,Audio Array-Catch All-SD-CT,FBA75674,AM-C2,Audio Array,Microphone Condenser,XLR Microphone Kit - Boomarm,
2026-07-24,B0B4G19R58,69.72,Condenser Microphones,0,88800319740398,0,3569,B0B4G19R58,1530305156531,0.0,11,Audio Array-Catch All-SD-CT,FBA75674,AM-C2,Audio Array,Microphone Condenser,XLR Microphone Kit - Boomarm,
2026-07-25,B0B4G19R58,34.28,Condenser Microphones,0,88800319740398,0,4806,B0B4G19R58,1530305156531,0.0,15,Audio Array-Catch All-SD-CT,FBA75674,AM-C2,Audio Array,Microphone Condenser,XLR Microphone Kit - Boomarm,
2026-07-26,B0B4G19R58,55.68,Condenser Microphones,0,88800319740398,0,7259,B0B4G19R58,1530305156531,0.0,21,Audio Array-Catch All-SD-CT,FBA75674,AM-C2,Audio Array,Microphone Condenser,XLR Microphone Kit - Boomarm,
2026-07-27,B0B4G19R58,53.82,Condenser Microphones,0,88800319740398,0,4901,B0B4G19R58,1530305156531,0.0,12,Audio Array-Catch All-SD-CT,FBA75674,AM-C2,Audio Array,Microphone Condenser,XLR Microphone Kit - Boomarm,
2026-07-28,B0B4G19R58,16.6,Condenser Microphones,0,88800319740398,0,5412,B0B4G19R58,1530305156531,0.0,10,Audio Array-Catch All-SD-CT,FBA75674,AM-C2,Audio Array,Microphone Condenser,XLR Microphone Kit - Boomarm,
2026-07-29,B0B4G19R58,35.02,Condenser Microphones,0,88800319740398,0,7406,B0B4G19R58,1530305156531,0.0,14,Audio Array-Catch All-SD-CT,FBA75674,AM-C2,Audio Array,Microphone Condenser,XLR Microphone Kit - Boomarm,
2026-07-30,B0B4G19R58,94.78,Condenser Microphones,0,88800319740398,0,6182,B0B4G19R58,1530305156531,0.0,22,Audio Array-Catch All-SD-CT,FBA75674,AM-C2,Audio Array,Microphone Condenser,XLR Microphone Kit - Boomarm,
2026-07-31,B0B4G19R58,74.78,Condenser Microphones,1,88800319740398,1,3540,B0B4G19R58,1530305156531,1355.08,13,Audio Array-Catch All-SD-CT,FBA75674,AM-C2,Audio Array,Microphone Condenser,XLR Microphone Kit - Boomarm,
2026-07-22,B0B4G8ZB64,0.0,Handheld Dynamic,0,88800319740398,0,0,B0B4G8ZB64,92137177023119,0.0,0,Audio Array-Catch All-SD-CT,FBA75675,AM-C3,Audio Array,Microphone Dynamic,Vocal Microphone,
2026-07-23,B0B4G8ZB64,0.0,Handheld Dynamic,0,88800319740398,0,0,B0B4G8ZB64,92137177023119,0.0,0,Audio Array-Catch All-SD-CT,FBA75675,AM-C3,Audio Array,Microphone Dynamic,Vocal Microphone,
2026-07-24,B0B4G8ZB64,0.0,Handheld Dynamic,0,88800319740398,0,0,B0B4G8ZB64,92137177023119,0.0,0,Audio Array-Catch All-SD-CT,FBA75675,AM-C3,Audio Array,Microphone Dynamic,Vocal Microphone,
2026-07-25,B0B4G8ZB64,0.0,Handheld Dynamic,0,88800319740398,0,0,B0B4G8ZB64,92137177023119,0.0,0,Audio Array-Catch All-SD-CT,FBA75675,AM-C3,Audio Array,Microphone Dynamic,Vocal Microphone,
2026-07-26,B0B4G8ZB64,0.0,Handheld Dynamic,0,88800319740398,0,0,B0B4G8ZB64,92137177023119,0.0,0,Audio Array-Catch All-SD-CT,FBA75675,AM-C3,Audio Array,Microphone Dynamic,Vocal Microphone,
2026-07-27,B0B4G8ZB64,0.0,Handheld Dynamic,0,88800319740398,0,0,B0B4G8ZB64,92137177023119,0.0,0,Audio Array-Catch All-SD-CT,FBA75675,AM-C3,Audio Array,Microphone Dynamic,Vocal Microphone,
2026-07-28,B0B4G8ZB64,0.0,Handheld Dynamic,0,88800319740398,0,0,B0B4G8ZB64,92137177023119,0.0,0,Audio Array-Catch All-SD-CT,FBA75675,AM-C3,Audio Array,Microphone Dynamic,Vocal Microphone,
2026-07-29,B0B4G8ZB64,0.0,Handheld Dynamic,0,88800319740398,0,0,B0B4G8ZB64,92137177023119,0.0,0,Audio Array-Catch All-SD-CT,FBA75675,AM-C3,Audio Array,Microphone Dynamic,Vocal Microphone,
2026-07-30,B0B4G8ZB64,0.0,Handheld Dynamic,0,88800319740398,0,0,B0B4G8ZB64,92137177023119,0.0,0,Audio Array-Catch All-SD-CT,FBA75675,AM-C3,Audio Array,Microphone Dynamic,Vocal Microphone,
2026-07-31,B0B4G8ZB64,0.0,Handheld Dynamic,0,88800319740398,0,0,B0B4G8ZB64,92137177023119,0.0,0,Audio Array-Catch All-SD-CT,FBA75675,AM-C3,Audio Array,Microphone Dynamic,Vocal Microphone,
2026-07-22,B0B4KC7VBM,0.0,Conference Mics,0,88800319740398,0,0,B0B4KC7VBM,198602319025234,0.0,0,Audio Array-Catch All-SD-CT,FBA75677,AM-C5,Audio Array,Microphone Conference,Conference Microphone,
2026-07-23,B0B4KC7VBM,0.0,Conference Mics,0,88800319740398,0,0,B0B4KC7VBM,198602319025234,0.0,0,Audio Array-Catch All-SD-CT,FBA75677,AM-C5,Audio Array,Microphone Conference,Conference Microphone,
2026-07-24,B0B4KC7VBM,0.0,Conference Mics,0,88800319740398,0,0,B0B4KC7VBM,198602319025234,0.0,0,Audio Array-Catch All-SD-CT,FBA75677,AM-C5,Audio Array,Microphone Conference,Conference Microphone,
2026-07-25,B0B4KC7VBM,0.0,Conference Mics,0,88800319740398,0,0,B0B4KC7VBM,198602319025234,0.0,0,Audio Array-Catch All-SD-CT,FBA75677,AM-C5,Audio Array,Microphone Conference,Conference Microphone,
2026-07-26,B0B4KC7VBM,0.0,Conference Mics,0,88800319740398,0,0,B0B4KC7VBM,198602319025234,0.0,0,Audio Array-Catch All-SD-CT,FBA75677,AM-C5,Audio Array,Microphone Conference,Conference Microphone,
2026-07-27,B0B4KC7VBM,0.0,Conference Mics,0,88800319740398,0,0,B0B4KC7VBM,198602319025234,0.0,0,Audio Array-Catch All-SD-CT,FBA75677,AM-C5,Audio Array,Microphone Conference,Conference Microphone,
2026-07-28,B0B4KC7VBM,0.0,Conference Mics,0,88800319740398,0,0,B0B4KC7VBM,198602319025234,0.0,0,Audio Array-Catch All-SD-CT,FBA75677,AM-C5,Audio Array,Microphone Conference,Conference Microphone,
2026-07-29,B0B4KC7VBM,0.0,Conference Mics,0,88800319740398,0,0,B0B4KC7VBM,198602319025234,0.0,0,Audio Array-Catch All-SD-CT,FBA75677,AM-C5,Audio Array,Microphone Conference,Conference Microphone,
2026-07-30,B0B4KC7VBM,0.0,Conference Mics,0,88800319740398,0,0,B0B4KC7VBM,198602319025234,0.0,0,Audio Array-Catch All-SD-CT,FBA75677,AM-C5,Audio Array,Microphone Conference,Conference Microphone,
2026-07-31,B0B4KC7VBM,0.0,Conference Mics,0,88800319740398,0,0,B0B4KC7VBM,198602319025234,0.0,0,Audio Array-Catch All-SD-CT,FBA75677,AM-C5,Audio Array,Microphone Conference,Conference Microphone,
2026-07-22,B0B4K87PR4,0.0,Conference Mics,0,88800319740398,0,0,B0B4K87PR4,198602319025234,0.0,0,Audio Array-Catch All-SD-CT,FBA75690,AM-C10,Audio Array,Microphone Conference,Conference Microphone,
2026-07-23,B0B4K87PR4,0.0,Conference Mics,0,88800319740398,0,0,B0B4K87PR4,198602319025234,0.0,0,Audio Array-Catch All-SD-CT,FBA75690,AM-C10,Audio Array,Microphone Conference,Conference Microphone,
2026-07-24,B0B4K87PR4,0.0,Conference Mics,0,88800319740398,0,0,B0B4K87PR4,198602319025234,0.0,0,Audio Array-Catch All-SD-CT,FBA75690,AM-C10,Audio Array,Microphone Conference,Conference Microphone,
2026-07-25,B0B4K87PR4,0.0,Conference Mics,0,88800319740398,0,0,B0B4K87PR4,198602319025234,0.0,0,Audio Array-Catch All-SD-CT,FBA75690,AM-C10,Audio Array,Microphone Conference,Conference Microphone,
2026-07-26,B0B4K87PR4,0.0,Conference Mics,0,88800319740398,0,0,B0B4K87PR4,198602319025234,0.0,0,Audio Array-Catch All-SD-CT,FBA75690,AM-C10,Audio Array,Microphone Conference,Conference Microphone,
2026-07-27,B0B4K87PR4,0.0,Conference Mics,0,88800319740398,0,0,B0B4K87PR4,198602319025234,0.0,0,Audio Array-Catch All-SD-CT,FBA75690,AM-C10,Audio Array,Microphone Conference,Conference Microphone,
2026-07-28,B0B4K87PR4,0.0,Conference Mics,0,88800319740398,0,0,B0B4K87PR4,198602319025234,0.0,0,Audio Array-Catch All-SD-CT,FBA75690,AM-C10,Audio Array,Microphone Conference,Conference Microphone,
2026-07-29,B0B4K87PR4,0.0,Conference Mics,0,88800319740398,0,0,B0B4K87PR4,198602319025234,0.0,0,Audio Array-Catch All-SD-CT,FBA75690,AM-C10,Audio Array,Microphone Conference,Conference Microphone,
2026-07-30,B0B4K87PR4,0.0,Conference Mics,0,88800319740398,0,0,B0B4K87PR4,198602319025234,0.0,0,Audio Array-Catch All-SD-CT,FBA75690,AM-C10,Audio Array,Microphone Conference,Conference Microphone,
2026-07-31,B0B4K87PR4,0.0,Conference Mics,0,88800319740398,0,0,B0B4K87PR4,198602319025234,0.0,0,Audio Array-Catch All-SD-CT,FBA75690,AM-C10,Audio Array,Microphone Conference,Conference Microphone,
2026-07-22,B0BPLZ5CGV,1369.27,Audio Interfaces,3,88800319740398,3,47179,B0BPLZ5CGV,21046032203721,12198.3,151,Audio Array-Catch All-SD-CT,FBA76864,AI-04 Red,Audio Array,Audio Interface,Audio Interface,
2026-07-23,B0BPLZ5CGV,1378.32,Audio Interfaces,3,88800319740398,3,42206,B0BPLZ5CGV,21046032203721,8161.86,138,Audio Array-Catch All-SD-CT,FBA76864,AI-04 Red,Audio Array,Audio Interface,Audio Interface,
2026-07-24,B0BPLZ5CGV,1522.21,Audio Interfaces,0,88800319740398,0,49450,B0BPLZ5CGV,21046032203721,0.0,188,Audio Array-Catch All-SD-CT,FBA76864,AI-04 Red,Audio Array,Audio Interface,Audio Interface,
2026-07-25,B0BPLZ5CGV,1566.37,Audio Interfaces,2,88800319740398,2,43338,B0BPLZ5CGV,21046032203721,5251.69,159,Audio Array-Catch All-SD-CT,FBA76864,AI-04 Red,Audio Array,Audio Interface,Audio Interface,
2026-07-26,B0BPLZ5CGV,1480.48,Audio Interfaces,4,88800319740398,7,40625,B0BPLZ5CGV,21046032203721,27954.22,183,Audio Array-Catch All-SD-CT,FBA76864,AI-04 Red,Audio Array,Audio Interface,Audio Interface,
2026-07-27,B0BPLZ5CGV,1397.19,Audio Interfaces,4,88800319740398,4,41206,B0BPLZ5CGV,21046032203721,14099.2,138,Audio Array-Catch All-SD-CT,FBA76864,AI-04 Red,Audio Array,Audio Interface,Audio Interface,
2026-07-28,B0BPLZ5CGV,1167.06,Audio Interfaces,2,88800319740398,2,35815,B0BPLZ5CGV,21046032203721,4095.76,119,Audio Array-Catch All-SD-CT,FBA76864,AI-04 Red,Audio Array,Audio Interface,Audio Interface,
2026-07-29,B0BPLZ5CGV,1426.29,Audio Interfaces,1,88800319740398,1,32158,B0BPLZ5CGV,21046032203721,0.0,133,Audio Array-Catch All-SD-CT,FBA76864,AI-04 Red,Audio Array,Audio Interface,Audio Interface,
2026-07-30,B0BPLZ5CGV,1242.71,Audio Interfaces,0,88800319740398,0,39806,B0BPLZ5CGV,21046032203721,0.0,173,Audio Array-Catch All-SD-CT,FBA76864,AI-04 Red,Audio Array,Audio Interface,Audio Interface,
2026-07-31,B0BPLZ5CGV,1476.71,Audio Interfaces,2,88800319740398,2,35359,B0BPLZ5CGV,21046032203721,8132.2,164,Audio Array-Catch All-SD-CT,FBA76864,AI-04 Red,Audio Array,Audio Interface,Audio Interface,
2026-07-22,B0B4G1HPL5,0.0,Dynamic Mic,0,88800319740398,0,0,B0B4G1HPL5,189182706060711,0.0,0,Audio Array-Catch All-SD-CT,FBA75692,AM-C11,Audio Array,Microphone Dynamic,USB/XLR Dynamic Mic,
2026-07-23,B0B4G1HPL5,0.0,Dynamic Mic,0,88800319740398,0,0,B0B4G1HPL5,189182706060711,0.0,0,Audio Array-Catch All-SD-CT,FBA75692,AM-C11,Audio Array,Microphone Dynamic,USB/XLR Dynamic Mic,
2026-07-24,B0B4G1HPL5,0.0,Dynamic Mic,0,88800319740398,0,0,B0B4G1HPL5,189182706060711,0.0,0,Audio Array-Catch All-SD-CT,FBA75692,AM-C11,Audio Array,Microphone Dynamic,USB/XLR Dynamic Mic,
2026-07-25,B0B4G1HPL5,0.0,Dynamic Mic,0,88800319740398,0,0,B0B4G1HPL5,189182706060711,0.0,0,Audio Array-Catch All-SD-CT,FBA75692,AM-C11,Audio Array,Microphone Dynamic,USB/XLR Dynamic Mic,
2026-07-26,B0B4G1HPL5,0.0,Dynamic Mic,0,88800319740398,0,0,B0B4G1HPL5,189182706060711,0.0,0,Audio Array-Catch All-SD-CT,FBA75692,AM-C11,Audio Array,Microphone Dynamic,USB/XLR Dynamic Mic,
2026-07-27,B0B4G1HPL5,0.0,Dynamic Mic,0,88800319740398,0,0,B0B4G1HPL5,189182706060711,0.0,0,Audio Array-Catch All-SD-CT,FBA75692,AM-C11,Audio Array,Microphone Dynamic,USB/XLR Dynamic Mic,
2026-07-28,B0B4G1HPL5,0.0,Dynamic Mic,0,88800319740398,0,0,B0B4G1HPL5,189182706060711,0.0,0,Audio Array-Catch All-SD-CT,FBA75692,AM-C11,Audio Array,Microphone Dynamic,USB/XLR Dynamic Mic,
2026-07-29,B0B4G1HPL5,0.0,Dynamic Mic,0,88800319740398,0,0,B0B4G1HPL5,189182706060711,0.0,0,Audio Array-Catch All-SD-CT,FBA75692,AM-C11,Audio Array,Microphone Dynamic,USB/XLR Dynamic Mic,
2026-07-30,B0B4G1HPL5,0.0,Dynamic Mic,0,88800319740398,0,0,B0B4G1HPL5,189182706060711,0.0,0,Audio Array-Catch All-SD-CT,FBA75692,AM-C11,Audio Array,Microphone Dynamic,USB/XLR Dynamic Mic,
2026-07-31,B0B4G1HPL5,0.0,Dynamic Mic,0,88800319740398,0,0,B0B4G1HPL5,189182706060711,0.0,0,Audio Array-Catch All-SD-CT,FBA75692,AM-C11,Audio Array,Microphone Dynamic,USB/XLR Dynamic Mic,
2026-07-22,B0B4DPX2J2,241.87,Audio Array-Multi Ad group-Condenser -SD-PT,0,339757386460382,0,4498,B0B4DPX2J2,460860619426172,0.0,17,Audio Array-B0B4DPX2J2-Condenser-SD-PT,FBA75673,AM-C1,Audio Array,Microphone Condenser,USB Microphone Kit - Boomarm,
2026-07-23,B0B4DPX2J2,249.31,Audio Array-Multi Ad group-Condenser -SD-PT,1,339757386460382,1,11215,B0B4DPX2J2,460860619426172,2286.44,33,Audio Array-B0B4DPX2J2-Condenser-SD-PT,FBA75673,AM-C1,Audio Array,Microphone Condenser,USB Microphone Kit - Boomarm,
2026-07-24,B0B4DPX2J2,262.33,Audio Array-Multi Ad group-Condenser -SD-PT,0,339757386460382,0,5790,B0B4DPX2J2,460860619426172,0.0,18,Audio Array-B0B4DPX2J2-Condenser-SD-PT,FBA75673,AM-C1,Audio Array,Microphone Condenser,USB Microphone Kit - Boomarm,
2026-07-25,B0B4DPX2J2,233.74,Audio Array-Multi Ad group-Condenser -SD-PT,0,339757386460382,0,5866,B0B4DPX2J2,460860619426172,0.0,22,Audio Array-B0B4DPX2J2-Condenser-SD-PT,FBA75673,AM-C1,Audio Array,Microphone Condenser,USB Microphone Kit - Boomarm,
2026-07-26,B0B4DPX2J2,257.52,Audio Array-Multi Ad group-Condenser -SD-PT,0,339757386460382,0,4632,B0B4DPX2J2,460860619426172,0.0,27,Audio Array-B0B4DPX2J2-Condenser-SD-PT,FBA75673,AM-C1,Audio Array,Microphone Condenser,USB Microphone Kit - Boomarm,
2026-07-27,B0B4DPX2J2,162.66,Audio Array-Multi Ad group-Condenser -SD-PT,0,339757386460382,0,3550,B0B4DPX2J2,460860619426172,0.0,12,Audio Array-B0B4DPX2J2-Condenser-SD-PT,FBA75673,AM-C1,Audio Array,Microphone Condenser,USB Microphone Kit - Boomarm,
2026-07-28,B0B4DPX2J2,0.0,Audio Array-Multi Ad group-Condenser -SD-PT,0,339757386460382,0,0,B0B4DPX2J2,460860619426172,0.0,0,Audio Array-B0B4DPX2J2-Condenser-SD-PT,FBA75673,AM-C1,Audio Array,Microphone Condenser,USB Microphone Kit - Boomarm,
2026-07-29,B0B4DPX2J2,0.0,Audio Array-Multi Ad group-Condenser -SD-PT,0,339757386460382,0,0,B0B4DPX2J2,460860619426172,0.0,0,Audio Array-B0B4DPX2J2-Condenser-SD-PT,FBA75673,AM-C1,Audio Array,Microphone Condenser,USB Microphone Kit - Boomarm,
2026-07-30,B0B4DPX2J2,0.0,Audio Array-Multi Ad group-Condenser -SD-PT,0,339757386460382,0,0,B0B4DPX2J2,460860619426172,0.0,0,Audio Array-B0B4DPX2J2-Condenser-SD-PT,FBA75673,AM-C1,Audio Array,Microphone Condenser,USB Microphone Kit - Boomarm,
2026-07-31,B0B4DPX2J2,0.0,Audio Array-Multi Ad group-Condenser -SD-PT,0,339757386460382,0,0,B0B4DPX2J2,460860619426172,0.0,0,Audio Array-B0B4DPX2J2-Condenser-SD-PT,FBA75673,AM-C1,Audio Array,Microphone Condenser,USB Microphone Kit - Boomarm,
2026-07-22,B0CBC7QMNV,0.0,Dynamic Mic,0,88800319740398,0,0,B0CBC7QMNV,189182706060711,0.0,0,Audio Array-Catch All-SD-CT,FBA78925,AM-C11X,Audio Array,Microphone Dynamic,XLR Dynamic Mic,
2026-07-23,B0CBC7QMNV,0.0,Dynamic Mic,0,88800319740398,0,0,B0CBC7QMNV,189182706060711,0.0,0,Audio Array-Catch All-SD-CT,FBA78925,AM-C11X,Audio Array,Microphone Dynamic,XLR Dynamic Mic,
2026-07-24,B0CBC7QMNV,0.0,Dynamic Mic,0,88800319740398,0,0,B0CBC7QMNV,189182706060711,0.0,0,Audio Array-Catch All-SD-CT,FBA78925,AM-C11X,Audio Array,Microphone Dynamic,XLR Dynamic Mic,
2026-07-25,B0CBC7QMNV,0.0,Dynamic Mic,0,88800319740398,0,0,B0CBC7QMNV,189182706060711,0.0,0,Audio Array-Catch All-SD-CT,FBA78925,AM-C11X,Audio Array,Microphone Dynamic,XLR Dynamic Mic,
2026-07-26,B0CBC7QMNV,0.0,Dynamic Mic,0,88800319740398,0,0,B0CBC7QMNV,189182706060711,0.0,0,Audio Array-Catch All-SD-CT,FBA78925,AM-C11X,Audio Array,Microphone Dynamic,XLR Dynamic Mic,
2026-07-27,B0CBC7QMNV,0.0,Dynamic Mic,0,88800319740398,0,0,B0CBC7QMNV,189182706060711,0.0,0,Audio Array-Catch All-SD-CT,FBA78925,AM-C11X,Audio Array,Microphone Dynamic,XLR Dynamic Mic,
2026-07-28,B0CBC7QMNV,0.0,Dynamic Mic,0,88800319740398,0,0,B0CBC7QMNV,189182706060711,0.0,0,Audio Array-Catch All-SD-CT,FBA78925,AM-C11X,Audio Array,Microphone Dynamic,XLR Dynamic Mic,
2026-07-29,B0CBC7QMNV,0.0,Dynamic Mic,0,88800319740398,0,0,B0CBC7QMNV,189182706060711,0.0,0,Audio Array-Catch All-SD-CT,FBA78925,AM-C11X,Audio Array,Microphone Dynamic,XLR Dynamic Mic,
2026-07-30,B0CBC7QMNV,0.0,Dynamic Mic,0,88800319740398,0,0,B0CBC7QMNV,189182706060711,0.0,0,Audio Array-Catch All-SD-CT,FBA78925,AM-C11X,Audio Array,Microphone Dynamic,XLR Dynamic Mic,
2026-07-31,B0CBC7QMNV,0.0,Dynamic Mic,0,88800319740398,0,0,B0CBC7QMNV,189182706060711,0.0,0,Audio Array-Catch All-SD-CT,FBA78925,AM-C11X,Audio Array,Microphone Dynamic,XLR Dynamic Mic,
2026-07-22,B0CM6NTWBP,0.0,Audio Interfaces,0,88800319740398,0,0,B0CM6NTWBP,21046032203721,0.0,0,Audio Array-Catch All-SD-CT,FBA79103,AI-10,Audio Array,Audio Interface,Audio Interface,
2026-07-23,B0CM6NTWBP,0.0,Audio Interfaces,0,88800319740398,0,0,B0CM6NTWBP,21046032203721,0.0,0,Audio Array-Catch All-SD-CT,FBA79103,AI-10,Audio Array,Audio Interface,Audio Interface,
2026-07-24,B0CM6NTWBP,0.0,Audio Interfaces,0,88800319740398,0,0,B0CM6NTWBP,21046032203721,0.0,0,Audio Array-Catch All-SD-CT,FBA79103,AI-10,Audio Array,Audio Interface,Audio Interface,
2026-07-25,B0CM6NTWBP,0.0,Audio Interfaces,0,88800319740398,0,0,B0CM6NTWBP,21046032203721,0.0,0,Audio Array-Catch All-SD-CT,FBA79103,AI-10,Audio Array,Audio Interface,Audio Interface,
2026-07-26,B0CM6NTWBP,0.0,Audio Interfaces,0,88800319740398,0,0,B0CM6NTWBP,21046032203721,0.0,0,Audio Array-Catch All-SD-CT,FBA79103,AI-10,Audio Array,Audio Interface,Audio Interface,
2026-07-27,B0CM6NTWBP,0.0,Audio Interfaces,0,88800319740398,0,0,B0CM6NTWBP,21046032203721,0.0,0,Audio Array-Catch All-SD-CT,FBA79103,AI-10,Audio Array,Audio Interface,Audio Interface,
2026-07-28,B0CM6NTWBP,0.0,Audio Interfaces,0,88800319740398,0,0,B0CM6NTWBP,21046032203721,0.0,0,Audio Array-Catch All-SD-CT,FBA79103,AI-10,Audio Array,Audio Interface,Audio Interface,
2026-07-29,B0CM6NTWBP,0.0,Audio Interfaces,0,88800319740398,0,0,B0CM6NTWBP,21046032203721,0.0,0,Audio Array-Catch All-SD-CT,FBA79103,AI-10,Audio Array,Audio Interface,Audio Interface,
2026-07-30,B0CM6NTWBP,0.0,Audio Interfaces,0,88800319740398,0,0,B0CM6NTWBP,21046032203721,0.0,0,Audio Array-Catch All-SD-CT,FBA79103,AI-10,Audio Array,Audio Interface,Audio Interface,
2026-07-31,B0CM6NTWBP,0.0,Audio Interfaces,0,88800319740398,0,0,B0CM6NTWBP,21046032203721,0.0,0,Audio Array-Catch All-SD-CT,FBA79103,AI-10,Audio Array,Audio Interface,Audio Interface,
2026-07-22,B0CM6NVLT9,0.0,Audio Interfaces,0,88800319740398,0,0,B0CM6NVLT9,21046032203721,0.0,0,Audio Array-Catch All-SD-CT,FBA79104,AI-11,Audio Array,Audio Interface,Audio Interface,
2026-07-23,B0CM6NVLT9,0.0,Audio Interfaces,0,88800319740398,0,0,B0CM6NVLT9,21046032203721,0.0,0,Audio Array-Catch All-SD-CT,FBA79104,AI-11,Audio Array,Audio Interface,Audio Interface,
2026-07-24,B0CM6NVLT9,0.0,Audio Interfaces,0,88800319740398,0,0,B0CM6NVLT9,21046032203721,0.0,0,Audio Array-Catch All-SD-CT,FBA79104,AI-11,Audio Array,Audio Interface,Audio Interface,
2026-07-25,B0CM6NVLT9,0.0,Audio Interfaces,0,88800319740398,0,0,B0CM6NVLT9,21046032203721,0.0,0,Audio Array-Catch All-SD-CT,FBA79104,AI-11,Audio Array,Audio Interface,Audio Interface,
2026-07-26,B0CM6NVLT9,0.0,Audio Interfaces,0,88800319740398,0,0,B0CM6NVLT9,21046032203721,0.0,0,Audio Array-Catch All-SD-CT,FBA79104,AI-11,Audio Array,Audio Interface,Audio Interface,
2026-07-27,B0CM6NVLT9,0.0,Audio Interfaces,0,88800319740398,0,0,B0CM6NVLT9,21046032203721,0.0,0,Audio Array-Catch All-SD-CT,FBA79104,AI-11,Audio Array,Audio Interface,Audio Interface,
2026-07-28,B0CM6NVLT9,0.0,Audio Interfaces,0,88800319740398,0,0,B0CM6NVLT9,21046032203721,0.0,0,Audio Array-Catch All-SD-CT,FBA79104,AI-11,Audio Array,Audio Interface,Audio Interface,
2026-07-29,B0CM6NVLT9,0.0,Audio Interfaces,0,88800319740398,0,0,B0CM6NVLT9,21046032203721,0.0,0,Audio Array-Catch All-SD-CT,FBA79104,AI-11,Audio Array,Audio Interface,Audio Interface,
2026-07-30,B0CM6NVLT9,0.0,Audio Interfaces,0,88800319740398,0,0,B0CM6NVLT9,21046032203721,0.0,0,Audio Array-Catch All-SD-CT,FBA79104,AI-11,Audio Array,Audio Interface,Audio Interface,
2026-07-31,B0CM6NVLT9,0.0,Audio Interfaces,0,88800319740398,0,0,B0CM6NVLT9,21046032203721,0.0,0,Audio Array-Catch All-SD-CT,FBA79104,AI-11,Audio Array,Audio Interface,Audio Interface,
2026-07-22,B0CKHVHVQ1,0.0,Conference Mics,0,88800319740398,0,0,B0CKHVHVQ1,198602319025234,0.0,0,Audio Array-Catch All-SD-CT,FBA79005,AM-W45,Audio Array,Microphone Conference,Wireless Conference Microphone,
2026-07-23,B0CKHVHVQ1,0.0,Conference Mics,0,88800319740398,0,0,B0CKHVHVQ1,198602319025234,0.0,0,Audio Array-Catch All-SD-CT,FBA79005,AM-W45,Audio Array,Microphone Conference,Wireless Conference Microphone,
2026-07-24,B0CKHVHVQ1,0.0,Conference Mics,0,88800319740398,0,0,B0CKHVHVQ1,198602319025234,0.0,0,Audio Array-Catch All-SD-CT,FBA79005,AM-W45,Audio Array,Microphone Conference,Wireless Conference Microphone,
2026-07-25,B0CKHVHVQ1,0.0,Conference Mics,0,88800319740398,0,0,B0CKHVHVQ1,198602319025234,0.0,0,Audio Array-Catch All-SD-CT,FBA79005,AM-W45,Audio Array,Microphone Conference,Wireless Conference Microphone,
2026-07-26,B0CKHVHVQ1,0.0,Conference Mics,0,88800319740398,0,0,B0CKHVHVQ1,198602319025234,0.0,0,Audio Array-Catch All-SD-CT,FBA79005,AM-W45,Audio Array,Microphone Conference,Wireless Conference Microphone,
2026-07-27,B0CKHVHVQ1,0.0,Conference Mics,0,88800319740398,0,0,B0CKHVHVQ1,198602319025234,0.0,0,Audio Array-Catch All-SD-CT,FBA79005,AM-W45,Audio Array,Microphone Conference,Wireless Conference Microphone,
2026-07-28,B0CKHVHVQ1,0.0,Conference Mics,0,88800319740398,0,0,B0CKHVHVQ1,198602319025234,0.0,0,Audio Array-Catch All-SD-CT,FBA79005,AM-W45,Audio Array,Microphone Conference,Wireless Conference Microphone,
2026-07-29,B0CKHVHVQ1,0.0,Conference Mics,0,88800319740398,0,0,B0CKHVHVQ1,198602319025234,0.0,0,Audio Array-Catch All-SD-CT,FBA79005,AM-W45,Audio Array,Microphone Conference,Wireless Conference Microphone,
2026-07-30,B0CKHVHVQ1,0.0,Conference Mics,0,88800319740398,0,0,B0CKHVHVQ1,198602319025234,0.0,0,Audio Array-Catch All-SD-CT,FBA79005,AM-W45,Audio Array,Microphone Conference,Wireless Conference Microphone,
2026-07-31,B0CKHVHVQ1,0.0,Conference Mics,0,88800319740398,0,0,B0CKHVHVQ1,198602319025234,0.0,0,Audio Array-Catch All-SD-CT,FBA79005,AM-W45,Audio Array,Microphone Conference,Wireless Conference Microphone,
2026-07-22,B0CM6WH4ZT,0.0,Audio Interfaces,0,88800319740398,0,0,B0CM6WH4ZT,21046032203721,0.0,0,Audio Array-Catch All-SD-CT,FBA79105,AI-12,Audio Array,Audio Interface,Audio Interface,
2026-07-23,B0CM6WH4ZT,0.0,Audio Interfaces,0,88800319740398,0,0,B0CM6WH4ZT,21046032203721,0.0,0,Audio Array-Catch All-SD-CT,FBA79105,AI-12,Audio Array,Audio Interface,Audio Interface,
2026-07-24,B0CM6WH4ZT,0.0,Audio Interfaces,0,88800319740398,0,0,B0CM6WH4ZT,21046032203721,0.0,0,Audio Array-Catch All-SD-CT,FBA79105,AI-12,Audio Array,Audio Interface,Audio Interface,
2026-07-25,B0CM6WH4ZT,0.0,Audio Interfaces,0,88800319740398,0,0,B0CM6WH4ZT,21046032203721,0.0,0,Audio Array-Catch All-SD-CT,FBA79105,AI-12,Audio Array,Audio Interface,Audio Interface,
2026-07-26,B0CM6WH4ZT,0.0,Audio Interfaces,0,88800319740398,0,0,B0CM6WH4ZT,21046032203721,0.0,0,Audio Array-Catch All-SD-CT,FBA79105,AI-12,Audio Array,Audio Interface,Audio Interface,
2026-07-27,B0CM6WH4ZT,0.0,Audio Interfaces,0,88800319740398,0,0,B0CM6WH4ZT,21046032203721,0.0,0,Audio Array-Catch All-SD-CT,FBA79105,AI-12,Audio Array,Audio Interface,Audio Interface,
2026-07-28,B0CM6WH4ZT,0.0,Audio Interfaces,0,88800319740398,0,0,B0CM6WH4ZT,21046032203721,0.0,0,Audio Array-Catch All-SD-CT,FBA79105,AI-12,Audio Array,Audio Interface,Audio Interface,
2026-07-29,B0CM6WH4ZT,0.0,Audio Interfaces,0,88800319740398,0,0,B0CM6WH4ZT,21046032203721,0.0,0,Audio Array-Catch All-SD-CT,FBA79105,AI-12,Audio Array,Audio Interface,Audio Interface,
2026-07-30,B0CM6WH4ZT,0.0,Audio Interfaces,0,88800319740398,0,0,B0CM6WH4ZT,21046032203721,0.0,0,Audio Array-Catch All-SD-CT,FBA79105,AI-12,Audio Array,Audio Interface,Audio Interface,
2026-07-31,B0CM6WH4ZT,0.0,Audio Interfaces,0,88800319740398,0,0,B0CM6WH4ZT,21046032203721,0.0,0,Audio Array-Catch All-SD-CT,FBA79105,AI-12,Audio Array,Audio Interface,Audio Interface,
2026-07-22,B0CM9KJZWQ,0.0,Dynamic Mic,0,88800319740398,0,0,B0CM9KJZWQ,189182706060711,0.0,0,Audio Array-Catch All-SD-CT,FBA79106,AM-C44,Audio Array,Microphone Dynamic,Dynamic Microphone,
2026-07-23,B0CM9KJZWQ,0.0,Dynamic Mic,0,88800319740398,0,0,B0CM9KJZWQ,189182706060711,0.0,0,Audio Array-Catch All-SD-CT,FBA79106,AM-C44,Audio Array,Microphone Dynamic,Dynamic Microphone,
2026-07-24,B0CM9KJZWQ,0.0,Dynamic Mic,0,88800319740398,0,0,B0CM9KJZWQ,189182706060711,0.0,0,Audio Array-Catch All-SD-CT,FBA79106,AM-C44,Audio Array,Microphone Dynamic,Dynamic Microphone,
2026-07-25,B0CM9KJZWQ,0.0,Dynamic Mic,0,88800319740398,0,0,B0CM9KJZWQ,189182706060711,0.0,0,Audio Array-Catch All-SD-CT,FBA79106,AM-C44,Audio Array,Microphone Dynamic,Dynamic Microphone,
2026-07-26,B0CM9KJZWQ,0.0,Dynamic Mic,0,88800319740398,0,0,B0CM9KJZWQ,189182706060711,0.0,0,Audio Array-Catch All-SD-CT,FBA79106,AM-C44,Audio Array,Microphone Dynamic,Dynamic Microphone,
2026-07-27,B0CM9KJZWQ,0.0,Dynamic Mic,0,88800319740398,0,0,B0CM9KJZWQ,189182706060711,0.0,0,Audio Array-Catch All-SD-CT,FBA79106,AM-C44,Audio Array,Microphone Dynamic,Dynamic Microphone,
2026-07-28,B0CM9KJZWQ,0.0,Dynamic Mic,0,88800319740398,0,0,B0CM9KJZWQ,189182706060711,0.0,0,Audio Array-Catch All-SD-CT,FBA79106,AM-C44,Audio Array,Microphone Dynamic,Dynamic Microphone,
2026-07-29,B0CM9KJZWQ,0.0,Dynamic Mic,0,88800319740398,0,0,B0CM9KJZWQ,189182706060711,0.0,0,Audio Array-Catch All-SD-CT,FBA79106,AM-C44,Audio Array,Microphone Dynamic,Dynamic Microphone,
2026-07-30,B0CM9KJZWQ,0.0,Dynamic Mic,0,88800319740398,0,0,B0CM9KJZWQ,189182706060711,0.0,0,Audio Array-Catch All-SD-CT,FBA79106,AM-C44,Audio Array,Microphone Dynamic,Dynamic Microphone,
2026-07-31,B0CM9KJZWQ,0.0,Dynamic Mic,0,88800319740398,0,0,B0CM9KJZWQ,189182706060711,0.0,0,Audio Array-Catch All-SD-CT,FBA79106,AM-C44,Audio Array,Microphone Dynamic,Dynamic Microphone,
2026-07-22,B0BPLZ5CGV,0.0,Audio Array-B0BPLZ5CGV-Audio Interface-SD-Audience,0,524199669707983,0,0,B0BPLZ5CGV,367954928515427,0.0,0,Audio Array-B0BPLZ5CGV-Audio Interface-SD-Audience,FBA76864,AI-04 Red,Audio Array,Audio Interface,Audio Interface,
2026-07-23,B0BPLZ5CGV,0.0,Audio Array-B0BPLZ5CGV-Audio Interface-SD-Audience,0,524199669707983,0,0,B0BPLZ5CGV,367954928515427,0.0,0,Audio Array-B0BPLZ5CGV-Audio Interface-SD-Audience,FBA76864,AI-04 Red,Audio Array,Audio Interface,Audio Interface,
2026-07-24,B0BPLZ5CGV,0.0,Audio Array-B0BPLZ5CGV-Audio Interface-SD-Audience,0,524199669707983,0,0,B0BPLZ5CGV,367954928515427,0.0,0,Audio Array-B0BPLZ5CGV-Audio Interface-SD-Audience,FBA76864,AI-04 Red,Audio Array,Audio Interface,Audio Interface,
2026-07-25,B0BPLZ5CGV,0.0,Audio Array-B0BPLZ5CGV-Audio Interface-SD-Audience,0,524199669707983,0,0,B0BPLZ5CGV,367954928515427,0.0,0,Audio Array-B0BPLZ5CGV-Audio Interface-SD-Audience,FBA76864,AI-04 Red,Audio Array,Audio Interface,Audio Interface,
2026-07-26,B0BPLZ5CGV,0.0,Audio Array-B0BPLZ5CGV-Audio Interface-SD-Audience,0,524199669707983,0,0,B0BPLZ5CGV,367954928515427,0.0,0,Audio Array-B0BPLZ5CGV-Audio Interface-SD-Audience,FBA76864,AI-04 Red,Audio Array,Audio Interface,Audio Interface,
2026-07-27,B0BPLZ5CGV,0.0,Audio Array-B0BPLZ5CGV-Audio Interface-SD-Audience,0,524199669707983,0,0,B0BPLZ5CGV,367954928515427,0.0,0,Audio Array-B0BPLZ5CGV-Audio Interface-SD-Audience,FBA76864,AI-04 Red,Audio Array,Audio Interface,Audio Interface,
2026-07-28,B0BPLZ5CGV,0.0,Audio Array-B0BPLZ5CGV-Audio Interface-SD-Audience,0,524199669707983,0,0,B0BPLZ5CGV,367954928515427,0.0,0,Audio Array-B0BPLZ5CGV-Audio Interface-SD-Audience,FBA76864,AI-04 Red,Audio Array,Audio Interface,Audio Interface,
2026-07-29,B0BPLZ5CGV,0.0,Audio Array-B0BPLZ5CGV-Audio Interface-SD-Audience,0,524199669707983,0,0,B0BPLZ5CGV,367954928515427,0.0,0,Audio Array-B0BPLZ5CGV-Audio Interface-SD-Audience,FBA76864,AI-04 Red,Audio Array,Audio Interface,Audio Interface,
2026-07-30,B0BPLZ5CGV,0.0,Audio Array-B0BPLZ5CGV-Audio Interface-SD-Audience,0,524199669707983,0,0,B0BPLZ5CGV,367954928515427,0.0,0,Audio Array-B0BPLZ5CGV-Audio Interface-SD-Audience,FBA76864,AI-04 Red,Audio Array,Audio Interface,Audio Interface,
2026-07-31,B0BPLZ5CGV,0.0,Audio Array-B0BPLZ5CGV-Audio Interface-SD-Audience,0,524199669707983,0,0,B0BPLZ5CGV,367954928515427,0.0,0,Audio Array-B0BPLZ5CGV-Audio Interface-SD-Audience,FBA76864,AI-04 Red,Audio Array,Audio Interface,Audio Interface,
2026-07-22,B0DXFPM4N2,408.04,Studio Monitor,1,88800319740398,1,26235,B0DXFPM4N2,351170855286614,6291.53,140,Audio Array-Catch All-SD-CT,FBA79482,AM-S1,Audio Array,Monitor Speakers,Studio Monitor Speaker,
2026-07-23,B0DXFPM4N2,246.55,Studio Monitor,0,88800319740398,0,17383,B0DXFPM4N2,351170855286614,0.0,97,Audio Array-Catch All-SD-CT,FBA79482,AM-S1,Audio Array,Monitor Speakers,Studio Monitor Speaker,
2026-07-24,B0DXFPM4N2,260.3,Studio Monitor,1,88800319740398,1,15512,B0DXFPM4N2,351170855286614,7626.27,103,Audio Array-Catch All-SD-CT,FBA79482,AM-S1,Audio Array,Monitor Speakers,Studio Monitor Speaker,
2026-07-25,B0DXFPM4N2,294.57,Studio Monitor,1,88800319740398,1,19465,B0DXFPM4N2,351170855286614,7626.27,137,Audio Array-Catch All-SD-CT,FBA79482,AM-S1,Audio Array,Monitor Speakers,Studio Monitor Speaker,
2026-07-26,B0DXFPM4N2,317.58,Studio Monitor,0,88800319740398,0,23617,B0DXFPM4N2,351170855286614,0.0,132,Audio Array-Catch All-SD-CT,FBA79482,AM-S1,Audio Array,Monitor Speakers,Studio Monitor Speaker,
2026-07-27,B0DXFPM4N2,161.61,Studio Monitor,0,88800319740398,0,19126,B0DXFPM4N2,351170855286614,0.0,97,Audio Array-Catch All-SD-CT,FBA79482,AM-S1,Audio Array,Monitor Speakers,Studio Monitor Speaker,
2026-07-28,B0DXFPM4N2,310.44,Studio Monitor,0,88800319740398,0,29420,B0DXFPM4N2,351170855286614,0.0,174,Audio Array-Catch All-SD-CT,FBA79482,AM-S1,Audio Array,Monitor Speakers,Studio Monitor Speaker,
2026-07-29,B0DXFPM4N2,248.77,Studio Monitor,0,88800319740398,0,22115,B0DXFPM4N2,351170855286614,0.0,125,Audio Array-Catch All-SD-CT,FBA79482,AM-S1,Audio Array,Monitor Speakers,Studio Monitor Speaker,
2026-07-30,B0DXFPM4N2,234.5,Studio Monitor,0,88800319740398,0,29443,B0DXFPM4N2,351170855286614,0.0,146,Audio Array-Catch All-SD-CT,FBA79482,AM-S1,Audio Array,Monitor Speakers,Studio Monitor Speaker,
2026-07-31,B0DXFPM4N2,298.7,Studio Monitor,0,88800319740398,0,18622,B0DXFPM4N2,351170855286614,0.0,110,Audio Array-Catch All-SD-CT,FBA79482,AM-S1,Audio Array,Monitor Speakers,Studio Monitor Speaker,
2026-07-22,B0CM9L1QZG,0.0,Wireless Lapel Mic,0,88800319740398,0,0,FBA79108,485818304366864,0.0,0,Audio Array-Catch All-SD-CT,FBA79108,AM-W16,Audio Array,Microphone Wireless Lapel,Wireless Lapel Microphone,
2026-07-23,B0CM9L1QZG,0.0,Wireless Lapel Mic,0,88800319740398,0,0,FBA79108,485818304366864,0.0,0,Audio Array-Catch All-SD-CT,FBA79108,AM-W16,Audio Array,Microphone Wireless Lapel,Wireless Lapel Microphone,
2026-07-24,B0CM9L1QZG,0.0,Wireless Lapel Mic,0,88800319740398,0,0,FBA79108,485818304366864,0.0,0,Audio Array-Catch All-SD-CT,FBA79108,AM-W16,Audio Array,Microphone Wireless Lapel,Wireless Lapel Microphone,
2026-07-25,B0CM9L1QZG,0.0,Wireless Lapel Mic,0,88800319740398,0,0,FBA79108,485818304366864,0.0,0,Audio Array-Catch All-SD-CT,FBA79108,AM-W16,Audio Array,Microphone Wireless Lapel,Wireless Lapel Microphone,
2026-07-26,B0CM9L1QZG,0.0,Wireless Lapel Mic,0,88800319740398,0,0,FBA79108,485818304366864,0.0,0,Audio Array-Catch All-SD-CT,FBA79108,AM-W16,Audio Array,Microphone Wireless Lapel,Wireless Lapel Microphone,
2026-07-27,B0CM9L1QZG,0.0,Wireless Lapel Mic,0,88800319740398,0,0,FBA79108,485818304366864,0.0,0,Audio Array-Catch All-SD-CT,FBA79108,AM-W16,Audio Array,Microphone Wireless Lapel,Wireless Lapel Microphone,
2026-07-28,B0CM9L1QZG,0.0,Wireless Lapel Mic,0,88800319740398,0,0,FBA79108,485818304366864,0.0,0,Audio Array-Catch All-SD-CT,FBA79108,AM-W16,Audio Array,Microphone Wireless Lapel,Wireless Lapel Microphone,
2026-07-29,B0CM9L1QZG,0.0,Wireless Lapel Mic,0,88800319740398,0,0,FBA79108,485818304366864,0.0,0,Audio Array-Catch All-SD-CT,FBA79108,AM-W16,Audio Array,Microphone Wireless Lapel,Wireless Lapel Microphone,
2026-07-30,B0CM9L1QZG,0.0,Wireless Lapel Mic,0,88800319740398,0,0,FBA79108,485818304366864,0.0,0,Audio Array-Catch All-SD-CT,FBA79108,AM-W16,Audio Array,Microphone Wireless Lapel,Wireless Lapel Microphone,
2026-07-31,B0CM9L1QZG,0.0,Wireless Lapel Mic,0,88800319740398,0,0,FBA79108,485818304366864,0.0,0,Audio Array-Catch All-SD-CT,FBA79108,AM-W16,Audio Array,Microphone Wireless Lapel,Wireless Lapel Microphone,
2026-07-22,B0CM9P5CCK,0.0,Wireless Lapel Mic,0,88800319740398,0,0,B0CM9P5CCK,485818304366864,0.0,0,Audio Array-Catch All-SD-CT,FBA79107,AM-W17,Audio Array,Microphone Wireless Lapel,Wireless Lapel Microphone,
2026-07-23,B0CM9P5CCK,0.0,Wireless Lapel Mic,0,88800319740398,0,0,B0CM9P5CCK,485818304366864,0.0,0,Audio Array-Catch All-SD-CT,FBA79107,AM-W17,Audio Array,Microphone Wireless Lapel,Wireless Lapel Microphone,
2026-07-24,B0CM9P5CCK,0.0,Wireless Lapel Mic,0,88800319740398,0,0,B0CM9P5CCK,485818304366864,0.0,0,Audio Array-Catch All-SD-CT,FBA79107,AM-W17,Audio Array,Microphone Wireless Lapel,Wireless Lapel Microphone,
2026-07-25,B0CM9P5CCK,0.0,Wireless Lapel Mic,0,88800319740398,0,0,B0CM9P5CCK,485818304366864,0.0,0,Audio Array-Catch All-SD-CT,FBA79107,AM-W17,Audio Array,Microphone Wireless Lapel,Wireless Lapel Microphone,
2026-07-26,B0CM9P5CCK,0.0,Wireless Lapel Mic,0,88800319740398,0,0,B0CM9P5CCK,485818304366864,0.0,0,Audio Array-Catch All-SD-CT,FBA79107,AM-W17,Audio Array,Microphone Wireless Lapel,Wireless Lapel Microphone,
2026-07-27,B0CM9P5CCK,0.0,Wireless Lapel Mic,0,88800319740398,0,0,B0CM9P5CCK,485818304366864,0.0,0,Audio Array-Catch All-SD-CT,FBA79107,AM-W17,Audio Array,Microphone Wireless Lapel,Wireless Lapel Microphone,
2026-07-28,B0CM9P5CCK,0.0,Wireless Lapel Mic,0,88800319740398,0,0,B0CM9P5CCK,485818304366864,0.0,0,Audio Array-Catch All-SD-CT,FBA79107,AM-W17,Audio Array,Microphone Wireless Lapel,Wireless Lapel Microphone,
2026-07-29,B0CM9P5CCK,0.0,Wireless Lapel Mic,0,88800319740398,0,0,B0CM9P5CCK,485818304366864,0.0,0,Audio Array-Catch All-SD-CT,FBA79107,AM-W17,Audio Array,Microphone Wireless Lapel,Wireless Lapel Microphone,
2026-07-30,B0CM9P5CCK,0.0,Wireless Lapel Mic,0,88800319740398,0,0,B0CM9P5CCK,485818304366864,0.0,0,Audio Array-Catch All-SD-CT,FBA79107,AM-W17,Audio Array,Microphone Wireless Lapel,Wireless Lapel Microphone,
2026-07-31,B0CM9P5CCK,0.0,Wireless Lapel Mic,0,88800319740398,0,0,B0CM9P5CCK,485818304366864,0.0,0,Audio Array-Catch All-SD-CT,FBA79107,AM-W17,Audio Array,Microphone Wireless Lapel,Wireless Lapel Microphone,
2026-07-22,B0D3M1B4Z8,28.93,Condenser Microphones,1,88800319740398,1,6809,B0D3M1B4Z8,1530305156531,2965.25,9,Audio Array-Catch All-SD-CT,FBA79380,AM-C46,Audio Array,Microphone Condenser,Condenser Mic with Boom Arm,
2026-07-23,B0D3M1B4Z8,57.09,Condenser Microphones,0,88800319740398,0,7306,B0D3M1B4Z8,1530305156531,0.0,12,Audio Array-Catch All-SD-CT,FBA79380,AM-C46,Audio Array,Microphone Condenser,Condenser Mic with Boom Arm,
2026-07-24,B0D3M1B4Z8,19.27,Condenser Microphones,1,88800319740398,1,5736,B0D3M1B4Z8,1530305156531,2304.24,8,Audio Array-Catch All-SD-CT,FBA79380,AM-C46,Audio Array,Microphone Condenser,Condenser Mic with Boom Arm,
2026-07-25,B0D3M1B4Z8,17.41,Condenser Microphones,0,88800319740398,0,4676,B0D3M1B4Z8,1530305156531,0.0,12,Audio Array-Catch All-SD-CT,FBA79380,AM-C46,Audio Array,Microphone Condenser,Condenser Mic with Boom Arm,
2026-07-26,B0D3M1B4Z8,59.34,Condenser Microphones,3,88800319740398,3,9226,B0D3M1B4Z8,1530305156531,7387.29,22,Audio Array-Catch All-SD-CT,FBA79380,AM-C46,Audio Array,Microphone Condenser,Condenser Mic with Boom Arm,
2026-07-27,B0D3M1B4Z8,15.59,Condenser Microphones,0,88800319740398,0,4391,B0D3M1B4Z8,1530305156531,0.0,7,Audio Array-Catch All-SD-CT,FBA79380,AM-C46,Audio Array,Microphone Condenser,Condenser Mic with Boom Arm,
2026-07-28,B0D3M1B4Z8,34.59,Condenser Microphones,1,88800319740398,1,6101,B0D3M1B4Z8,1530305156531,0.0,12,Audio Array-Catch All-SD-CT,FBA79380,AM-C46,Audio Array,Microphone Condenser,Condenser Mic with Boom Arm,
2026-07-29,B0D3M1B4Z8,35.48,Condenser Microphones,0,88800319740398,0,6129,B0D3M1B4Z8,1530305156531,0.0,17,Audio Array-Catch All-SD-CT,FBA79380,AM-C46,Audio Array,Microphone Condenser,Condenser Mic with Boom Arm,
2026-07-30,B0D3M1B4Z8,30.65,Condenser Microphones,0,88800319740398,0,6370,B0D3M1B4Z8,1530305156531,0.0,17,Audio Array-Catch All-SD-CT,FBA79380,AM-C46,Audio Array,Microphone Condenser,Condenser Mic with Boom Arm,
2026-07-31,B0D3M1B4Z8,23.87,Condenser Microphones,0,88800319740398,0,2783,B0D3M1B4Z8,1530305156531,0.0,18,Audio Array-Catch All-SD-CT,FBA79380,AM-C46,Audio Array,Microphone Condenser,Condenser Mic with Boom Arm,
2026-07-22,B0D3LZWTHV,0.0,Dynamic Mic,0,88800319740398,0,0,B0D3LZWTHV,189182706060711,0.0,0,Audio Array-Catch All-SD-CT,FBA79379,AM-C45,Audio Array,Microphone Dynamic,Dynamic Microphone,
2026-07-23,B0D3LZWTHV,0.0,Dynamic Mic,0,88800319740398,0,0,B0D3LZWTHV,189182706060711,0.0,0,Audio Array-Catch All-SD-CT,FBA79379,AM-C45,Audio Array,Microphone Dynamic,Dynamic Microphone,
2026-07-24,B0D3LZWTHV,0.0,Dynamic Mic,0,88800319740398,0,0,B0D3LZWTHV,189182706060711,0.0,0,Audio Array-Catch All-SD-CT,FBA79379,AM-C45,Audio Array,Microphone Dynamic,Dynamic Microphone,
2026-07-25,B0D3LZWTHV,0.0,Dynamic Mic,0,88800319740398,0,0,B0D3LZWTHV,189182706060711,0.0,0,Audio Array-Catch All-SD-CT,FBA79379,AM-C45,Audio Array,Microphone Dynamic,Dynamic Microphone,
2026-07-26,B0D3LZWTHV,0.0,Dynamic Mic,0,88800319740398,0,0,B0D3LZWTHV,189182706060711,0.0,0,Audio Array-Catch All-SD-CT,FBA79379,AM-C45,Audio Array,Microphone Dynamic,Dynamic Microphone,
2026-07-27,B0D3LZWTHV,0.0,Dynamic Mic,0,88800319740398,0,0,B0D3LZWTHV,189182706060711,0.0,0,Audio Array-Catch All-SD-CT,FBA79379,AM-C45,Audio Array,Microphone Dynamic,Dynamic Microphone,
2026-07-28,B0D3LZWTHV,0.0,Dynamic Mic,0,88800319740398,0,0,B0D3LZWTHV,189182706060711,0.0,0,Audio Array-Catch All-SD-CT,FBA79379,AM-C45,Audio Array,Microphone Dynamic,Dynamic Microphone,
2026-07-29,B0D3LZWTHV,0.0,Dynamic Mic,0,88800319740398,0,0,B0D3LZWTHV,189182706060711,0.0,0,Audio Array-Catch All-SD-CT,FBA79379,AM-C45,Audio Array,Microphone Dynamic,Dynamic Microphone,
2026-07-30,B0D3LZWTHV,0.0,Dynamic Mic,0,88800319740398,0,0,B0D3LZWTHV,189182706060711,0.0,0,Audio Array-Catch All-SD-CT,FBA79379,AM-C45,Audio Array,Microphone Dynamic,Dynamic Microphone,
2026-07-31,B0D3LZWTHV,0.0,Dynamic Mic,0,88800319740398,0,0,B0D3LZWTHV,189182706060711,0.0,0,Audio Array-Catch All-SD-CT,FBA79379,AM-C45,Audio Array,Microphone Dynamic,Dynamic Microphone,
2026-07-22,B0DXFPM4N2,0.0,AM-S1,0,421040402925353,0,0,B0DXFPM4N2,546547861511351,0.0,0,AA_Studio_Monitor_AM-S1_SD_In-Marketing,FBA79482,AM-S1,Audio Array,Monitor Speakers,Studio Monitor Speaker,
2026-07-23,B0DXFPM4N2,0.0,AM-S1,0,421040402925353,0,0,B0DXFPM4N2,546547861511351,0.0,0,AA_Studio_Monitor_AM-S1_SD_In-Marketing,FBA79482,AM-S1,Audio Array,Monitor Speakers,Studio Monitor Speaker,
2026-07-24,B0DXFPM4N2,0.0,AM-S1,0,421040402925353,0,0,B0DXFPM4N2,546547861511351,0.0,0,AA_Studio_Monitor_AM-S1_SD_In-Marketing,FBA79482,AM-S1,Audio Array,Monitor Speakers,Studio Monitor Speaker,
2026-07-25,B0DXFPM4N2,0.0,AM-S1,0,421040402925353,0,0,B0DXFPM4N2,546547861511351,0.0,0,AA_Studio_Monitor_AM-S1_SD_In-Marketing,FBA79482,AM-S1,Audio Array,Monitor Speakers,Studio Monitor Speaker,
2026-07-26,B0DXFPM4N2,0.0,AM-S1,0,421040402925353,0,0,B0DXFPM4N2,546547861511351,0.0,0,AA_Studio_Monitor_AM-S1_SD_In-Marketing,FBA79482,AM-S1,Audio Array,Monitor Speakers,Studio Monitor Speaker,
2026-07-27,B0DXFPM4N2,0.0,AM-S1,0,421040402925353,0,0,B0DXFPM4N2,546547861511351,0.0,0,AA_Studio_Monitor_AM-S1_SD_In-Marketing,FBA79482,AM-S1,Audio Array,Monitor Speakers,Studio Monitor Speaker,
2026-07-28,B0DXFPM4N2,0.0,AM-S1,0,421040402925353,0,0,B0DXFPM4N2,546547861511351,0.0,0,AA_Studio_Monitor_AM-S1_SD_In-Marketing,FBA79482,AM-S1,Audio Array,Monitor Speakers,Studio Monitor Speaker,
2026-07-29,B0DXFPM4N2,0.0,AM-S1,0,421040402925353,0,0,B0DXFPM4N2,546547861511351,0.0,0,AA_Studio_Monitor_AM-S1_SD_In-Marketing,FBA79482,AM-S1,Audio Array,Monitor Speakers,Studio Monitor Speaker,
2026-07-30,B0DXFPM4N2,0.0,AM-S1,0,421040402925353,0,0,B0DXFPM4N2,546547861511351,0.0,0,AA_Studio_Monitor_AM-S1_SD_In-Marketing,FBA79482,AM-S1,Audio Array,Monitor Speakers,Studio Monitor Speaker,
2026-07-31,B0DXFPM4N2,0.0,AM-S1,0,421040402925353,0,0,B0DXFPM4N2,546547861511351,0.0,0,AA_Studio_Monitor_AM-S1_SD_In-Marketing,FBA79482,AM-S1,Audio Array,Monitor Speakers,Studio Monitor Speaker,
2026-07-22,B0FPR962YS,0.0,Wireless Lapel Mic,0,88800319740398,0,0,B0FPR962YS,485818304366864,0.0,0,Audio Array-Catch All-SD-CT,FBA79816,AM-W22,Audio Array,Microphone Wireless Lapel,Wireless Lapel Microphone,
2026-07-23,B0FPR962YS,0.0,Wireless Lapel Mic,0,88800319740398,0,0,B0FPR962YS,485818304366864,0.0,0,Audio Array-Catch All-SD-CT,FBA79816,AM-W22,Audio Array,Microphone Wireless Lapel,Wireless Lapel Microphone,
2026-07-24,B0FPR962YS,0.0,Wireless Lapel Mic,0,88800319740398,0,0,B0FPR962YS,485818304366864,0.0,0,Audio Array-Catch All-SD-CT,FBA79816,AM-W22,Audio Array,Microphone Wireless Lapel,Wireless Lapel Microphone,
2026-07-25,B0FPR962YS,0.0,Wireless Lapel Mic,0,88800319740398,0,0,B0FPR962YS,485818304366864,0.0,0,Audio Array-Catch All-SD-CT,FBA79816,AM-W22,Audio Array,Microphone Wireless Lapel,Wireless Lapel Microphone,
2026-07-26,B0FPR962YS,0.0,Wireless Lapel Mic,0,88800319740398,0,0,B0FPR962YS,485818304366864,0.0,0,Audio Array-Catch All-SD-CT,FBA79816,AM-W22,Audio Array,Microphone Wireless Lapel,Wireless Lapel Microphone,
2026-07-27,B0FPR962YS,0.0,Wireless Lapel Mic,0,88800319740398,0,0,B0FPR962YS,485818304366864,0.0,0,Audio Array-Catch All-SD-CT,FBA79816,AM-W22,Audio Array,Microphone Wireless Lapel,Wireless Lapel Microphone,
2026-07-28,B0FPR962YS,0.0,Wireless Lapel Mic,0,88800319740398,0,0,B0FPR962YS,485818304366864,0.0,0,Audio Array-Catch All-SD-CT,FBA79816,AM-W22,Audio Array,Microphone Wireless Lapel,Wireless Lapel Microphone,
2026-07-29,B0FPR962YS,0.0,Wireless Lapel Mic,0,88800319740398,0,0,B0FPR962YS,485818304366864,0.0,0,Audio Array-Catch All-SD-CT,FBA79816,AM-W22,Audio Array,Microphone Wireless Lapel,Wireless Lapel Microphone,
2026-07-30,B0FPR962YS,0.0,Wireless Lapel Mic,0,88800319740398,0,0,B0FPR962YS,485818304366864,0.0,0,Audio Array-Catch All-SD-CT,FBA79816,AM-W22,Audio Array,Microphone Wireless Lapel,Wireless Lapel Microphone,
2026-07-31,B0FPR962YS,0.0,Wireless Lapel Mic,0,88800319740398,0,0,B0FPR962YS,485818304366864,0.0,0,Audio Array-Catch All-SD-CT,FBA79816,AM-W22,Audio Array,Microphone Wireless Lapel,Wireless Lapel Microphone,
2026-07-22,B0FPR7VFCH,0.0,Wireless Lapel Mic,0,88800319740398,0,0,B0FPR7VFCH,485818304366864,0.0,0,Audio Array-Catch All-SD-CT,FBA79815,AM-W19,Audio Array,Microphone Wireless Lapel,Wireless Lapel Microphone,
2026-07-23,B0FPR7VFCH,0.0,Wireless Lapel Mic,0,88800319740398,0,0,B0FPR7VFCH,485818304366864,0.0,0,Audio Array-Catch All-SD-CT,FBA79815,AM-W19,Audio Array,Microphone Wireless Lapel,Wireless Lapel Microphone,
2026-07-24,B0FPR7VFCH,0.0,Wireless Lapel Mic,0,88800319740398,0,0,B0FPR7VFCH,485818304366864,0.0,0,Audio Array-Catch All-SD-CT,FBA79815,AM-W19,Audio Array,Microphone Wireless Lapel,Wireless Lapel Microphone,
2026-07-25,B0FPR7VFCH,0.0,Wireless Lapel Mic,0,88800319740398,0,0,B0FPR7VFCH,485818304366864,0.0,0,Audio Array-Catch All-SD-CT,FBA79815,AM-W19,Audio Array,Microphone Wireless Lapel,Wireless Lapel Microphone,
2026-07-26,B0FPR7VFCH,0.0,Wireless Lapel Mic,0,88800319740398,0,0,B0FPR7VFCH,485818304366864,0.0,0,Audio Array-Catch All-SD-CT,FBA79815,AM-W19,Audio Array,Microphone Wireless Lapel,Wireless Lapel Microphone,
2026-07-27,B0FPR7VFCH,0.0,Wireless Lapel Mic,0,88800319740398,0,0,B0FPR7VFCH,485818304366864,0.0,0,Audio Array-Catch All-SD-CT,FBA79815,AM-W19,Audio Array,Microphone Wireless Lapel,Wireless Lapel Microphone,
2026-07-28,B0FPR7VFCH,0.0,Wireless Lapel Mic,0,88800319740398,0,0,B0FPR7VFCH,485818304366864,0.0,0,Audio Array-Catch All-SD-CT,FBA79815,AM-W19,Audio Array,Microphone Wireless Lapel,Wireless Lapel Microphone,
2026-07-29,B0FPR7VFCH,0.0,Wireless Lapel Mic,0,88800319740398,0,0,B0FPR7VFCH,485818304366864,0.0,0,Audio Array-Catch All-SD-CT,FBA79815,AM-W19,Audio Array,Microphone Wireless Lapel,Wireless Lapel Microphone,
2026-07-30,B0FPR7VFCH,0.0,Wireless Lapel Mic,0,88800319740398,0,0,B0FPR7VFCH,485818304366864,0.0,0,Audio Array-Catch All-SD-CT,FBA79815,AM-W19,Audio Array,Microphone Wireless Lapel,Wireless Lapel Microphone,
2026-07-31,B0FPR7VFCH,0.0,Wireless Lapel Mic,0,88800319740398,0,0,B0FPR7VFCH,485818304366864,0.0,0,Audio Array-Catch All-SD-CT,FBA79815,AM-W19,Audio Array,Microphone Wireless Lapel,Wireless Lapel Microphone,
2026-07-22,B0FVM17Q4W,0.0,Wireless Lapel Mic,0,88800319740398,0,0,FBA79909,485818304366864,0.0,0,Audio Array-Catch All-SD-CT,FBA79909,AM-W20,Audio Array,Microphone Wireless Lapel,Wireless Lapel Microphone,
2026-07-23,B0FVM17Q4W,0.0,Wireless Lapel Mic,0,88800319740398,0,0,FBA79909,485818304366864,0.0,0,Audio Array-Catch All-SD-CT,FBA79909,AM-W20,Audio Array,Microphone Wireless Lapel,Wireless Lapel Microphone,
2026-07-24,B0FVM17Q4W,0.0,Wireless Lapel Mic,0,88800319740398,0,0,FBA79909,485818304366864,0.0,0,Audio Array-Catch All-SD-CT,FBA79909,AM-W20,Audio Array,Microphone Wireless Lapel,Wireless Lapel Microphone,
2026-07-25,B0FVM17Q4W,0.0,Wireless Lapel Mic,0,88800319740398,0,0,FBA79909,485818304366864,0.0,0,Audio Array-Catch All-SD-CT,FBA79909,AM-W20,Audio Array,Microphone Wireless Lapel,Wireless Lapel Microphone,
2026-07-26,B0FVM17Q4W,0.0,Wireless Lapel Mic,0,88800319740398,0,0,FBA79909,485818304366864,0.0,0,Audio Array-Catch All-SD-CT,FBA79909,AM-W20,Audio Array,Microphone Wireless Lapel,Wireless Lapel Microphone,
2026-07-27,B0FVM17Q4W,0.0,Wireless Lapel Mic,0,88800319740398,0,0,FBA79909,485818304366864,0.0,0,Audio Array-Catch All-SD-CT,FBA79909,AM-W20,Audio Array,Microphone Wireless Lapel,Wireless Lapel Microphone,
2026-07-28,B0FVM17Q4W,0.0,Wireless Lapel Mic,0,88800319740398,0,0,FBA79909,485818304366864,0.0,0,Audio Array-Catch All-SD-CT,FBA79909,AM-W20,Audio Array,Microphone Wireless Lapel,Wireless Lapel Microphone,
2026-07-29,B0FVM17Q4W,0.0,Wireless Lapel Mic,0,88800319740398,0,0,FBA79909,485818304366864,0.0,0,Audio Array-Catch All-SD-CT,FBA79909,AM-W20,Audio Array,Microphone Wireless Lapel,Wireless Lapel Microphone,
2026-07-30,B0FVM17Q4W,0.0,Wireless Lapel Mic,0,88800319740398,0,0,FBA79909,485818304366864,0.0,0,Audio Array-Catch All-SD-CT,FBA79909,AM-W20,Audio Array,Microphone Wireless Lapel,Wireless Lapel Microphone,
2026-07-31,B0FVM17Q4W,0.0,Wireless Lapel Mic,0,88800319740398,0,0,FBA79909,485818304366864,0.0,0,Audio Array-Catch All-SD-CT,FBA79909,AM-W20,Audio Array,Microphone Wireless Lapel,Wireless Lapel Microphone,
2026-07-22,B0FG88HVQ8,557.48,Audio Array-B0FG88HVQ8-DJ Headphone-SD-PT,3,275721825853561,3,16688,B0FG88HVQ8,323075178229933,5082.2,71,Audio Array-B0FG88HVQ8-DJ Headphone-SD-PT,FBA79813,AH-50,Audio Array,DJ Headphone,DJ Headphone,
2026-07-23,B0FG88HVQ8,372.82,Audio Array-B0FG88HVQ8-DJ Headphone-SD-PT,0,275721825853561,0,12536,B0FG88HVQ8,323075178229933,0.0,62,Audio Array-B0FG88HVQ8-DJ Headphone-SD-PT,FBA79813,AH-50,Audio Array,DJ Headphone,DJ Headphone,
2026-07-24,B0FG88HVQ8,307.58,Audio Array-B0FG88HVQ8-DJ Headphone-SD-PT,0,275721825853561,0,14246,B0FG88HVQ8,323075178229933,0.0,62,Audio Array-B0FG88HVQ8-DJ Headphone-SD-PT,FBA79813,AH-50,Audio Array,DJ Headphone,DJ Headphone,
2026-07-25,B0FG88HVQ8,298.06,Audio Array-B0FG88HVQ8-DJ Headphone-SD-PT,2,275721825853561,2,10085,B0FG88HVQ8,323075178229933,3388.14,47,Audio Array-B0FG88HVQ8-DJ Headphone-SD-PT,FBA79813,AH-50,Audio Array,DJ Headphone,DJ Headphone,
2026-07-26,B0FG88HVQ8,398.43,Audio Array-B0FG88HVQ8-DJ Headphone-SD-PT,0,275721825853561,0,13020,B0FG88HVQ8,323075178229933,0.0,77,Audio Array-B0FG88HVQ8-DJ Headphone-SD-PT,FBA79813,AH-50,Audio Array,DJ Headphone,DJ Headphone,
2026-07-27,B0FG88HVQ8,446.56,Audio Array-B0FG88HVQ8-DJ Headphone-SD-PT,4,275721825853561,4,14899,B0FG88HVQ8,323075178229933,6776.27,54,Audio Array-B0FG88HVQ8-DJ Headphone-SD-PT,FBA79813,AH-50,Audio Array,DJ Headphone,DJ Headphone,
2026-07-28,B0FG88HVQ8,480.7,Audio Array-B0FG88HVQ8-DJ Headphone-SD-PT,0,275721825853561,0,16268,B0FG88HVQ8,323075178229933,0.0,77,Audio Array-B0FG88HVQ8-DJ Headphone-SD-PT,FBA79813,AH-50,Audio Array,DJ Headphone,DJ Headphone,
2026-07-29,B0FG88HVQ8,512.58,Audio Array-B0FG88HVQ8-DJ Headphone-SD-PT,1,275721825853561,1,15539,B0FG88HVQ8,323075178229933,1694.07,65,Audio Array-B0FG88HVQ8-DJ Headphone-SD-PT,FBA79813,AH-50,Audio Array,DJ Headphone,DJ Headphone,
2026-07-30,B0FG88HVQ8,460.19,Audio Array-B0FG88HVQ8-DJ Headphone-SD-PT,0,275721825853561,0,16262,B0FG88HVQ8,323075178229933,0.0,71,Audio Array-B0FG88HVQ8-DJ Headphone-SD-PT,FBA79813,AH-50,Audio Array,DJ Headphone,DJ Headphone,
2026-07-31,B0FG88HVQ8,316.67,Audio Array-B0FG88HVQ8-DJ Headphone-SD-PT,2,275721825853561,2,8785,B0FG88HVQ8,323075178229933,3388.14,43,Audio Array-B0FG88HVQ8-DJ Headphone-SD-PT,FBA79813,AH-50,Audio Array,DJ Headphone,DJ Headphone,
2026-07-22,B0B4DPX2J2,0.0,Audio Array-Multi Ad group-Condenser-SD-PT,0,339757386460382,0,0,B0B4DPX2J2,507142498946816,0.0,0,Audio Array-B0B4DPX2J2-Condenser-SD-PT,FBA75673,AM-C1,Audio Array,Microphone Condenser,USB Microphone Kit - Boomarm,
2026-07-23,B0B4DPX2J2,0.0,Audio Array-Multi Ad group-Condenser-SD-PT,0,339757386460382,0,0,B0B4DPX2J2,507142498946816,0.0,0,Audio Array-B0B4DPX2J2-Condenser-SD-PT,FBA75673,AM-C1,Audio Array,Microphone Condenser,USB Microphone Kit - Boomarm,
2026-07-24,B0B4DPX2J2,0.0,Audio Array-Multi Ad group-Condenser-SD-PT,0,339757386460382,0,0,B0B4DPX2J2,507142498946816,0.0,0,Audio Array-B0B4DPX2J2-Condenser-SD-PT,FBA75673,AM-C1,Audio Array,Microphone Condenser,USB Microphone Kit - Boomarm,
2026-07-25,B0B4DPX2J2,0.0,Audio Array-Multi Ad group-Condenser-SD-PT,0,339757386460382,0,0,B0B4DPX2J2,507142498946816,0.0,0,Audio Array-B0B4DPX2J2-Condenser-SD-PT,FBA75673,AM-C1,Audio Array,Microphone Condenser,USB Microphone Kit - Boomarm,
2026-07-26,B0B4DPX2J2,0.0,Audio Array-Multi Ad group-Condenser-SD-PT,0,339757386460382,0,0,B0B4DPX2J2,507142498946816,0.0,0,Audio Array-B0B4DPX2J2-Condenser-SD-PT,FBA75673,AM-C1,Audio Array,Microphone Condenser,USB Microphone Kit - Boomarm,
2026-07-27,B0B4DPX2J2,0.0,Audio Array-Multi Ad group-Condenser-SD-PT,0,339757386460382,0,0,B0B4DPX2J2,507142498946816,0.0,0,Audio Array-B0B4DPX2J2-Condenser-SD-PT,FBA75673,AM-C1,Audio Array,Microphone Condenser,USB Microphone Kit - Boomarm,
2026-07-28,B0B4DPX2J2,0.0,Audio Array-Multi Ad group-Condenser-SD-PT,0,339757386460382,0,0,B0B4DPX2J2,507142498946816,0.0,0,Audio Array-B0B4DPX2J2-Condenser-SD-PT,FBA75673,AM-C1,Audio Array,Microphone Condenser,USB Microphone Kit - Boomarm,
2026-07-29,B0B4DPX2J2,0.0,Audio Array-Multi Ad group-Condenser-SD-PT,0,339757386460382,0,0,B0B4DPX2J2,507142498946816,0.0,0,Audio Array-B0B4DPX2J2-Condenser-SD-PT,FBA75673,AM-C1,Audio Array,Microphone Condenser,USB Microphone Kit - Boomarm,
2026-07-30,B0B4DPX2J2,0.0,Audio Array-Multi Ad group-Condenser-SD-PT,0,339757386460382,0,0,B0B4DPX2J2,507142498946816,0.0,0,Audio Array-B0B4DPX2J2-Condenser-SD-PT,FBA75673,AM-C1,Audio Array,Microphone Condenser,USB Microphone Kit - Boomarm,
2026-07-31,B0B4DPX2J2,0.0,Audio Array-Multi Ad group-Condenser-SD-PT,0,339757386460382,0,0,B0B4DPX2J2,507142498946816,0.0,0,Audio Array-B0B4DPX2J2-Condenser-SD-PT,FBA75673,AM-C1,Audio Array,Microphone Condenser,USB Microphone Kit - Boomarm,
2026-07-22,B0GKPXQ8G3,0.0,Wireless Lapel Mic,0,88800319740398,0,0,B0GKPXQ8G3,485818304366864,0.0,0,Audio Array-Catch All-SD-CT,FBA80016,AM-W22,Audio Array,Microphone Wireless Lapel,Wireless Lapel Microphone,
2026-07-23,B0GKPXQ8G3,0.0,Wireless Lapel Mic,0,88800319740398,0,0,B0GKPXQ8G3,485818304366864,0.0,0,Audio Array-Catch All-SD-CT,FBA80016,AM-W22,Audio Array,Microphone Wireless Lapel,Wireless Lapel Microphone,
2026-07-24,B0GKPXQ8G3,0.0,Wireless Lapel Mic,0,88800319740398,0,0,B0GKPXQ8G3,485818304366864,0.0,0,Audio Array-Catch All-SD-CT,FBA80016,AM-W22,Audio Array,Microphone Wireless Lapel,Wireless Lapel Microphone,
2026-07-25,B0GKPXQ8G3,0.0,Wireless Lapel Mic,0,88800319740398,0,0,B0GKPXQ8G3,485818304366864,0.0,0,Audio Array-Catch All-SD-CT,FBA80016,AM-W22,Audio Array,Microphone Wireless Lapel,Wireless Lapel Microphone,
2026-07-26,B0GKPXQ8G3,0.0,Wireless Lapel Mic,0,88800319740398,0,0,B0GKPXQ8G3,485818304366864,0.0,0,Audio Array-Catch All-SD-CT,FBA80016,AM-W22,Audio Array,Microphone Wireless Lapel,Wireless Lapel Microphone,
2026-07-27,B0GKPXQ8G3,0.0,Wireless Lapel Mic,0,88800319740398,0,0,B0GKPXQ8G3,485818304366864,0.0,0,Audio Array-Catch All-SD-CT,FBA80016,AM-W22,Audio Array,Microphone Wireless Lapel,Wireless Lapel Microphone,
2026-07-28,B0GKPXQ8G3,0.0,Wireless Lapel Mic,0,88800319740398,0,0,B0GKPXQ8G3,485818304366864,0.0,0,Audio Array-Catch All-SD-CT,FBA80016,AM-W22,Audio Array,Microphone Wireless Lapel,Wireless Lapel Microphone,
2026-07-29,B0GKPXQ8G3,0.0,Wireless Lapel Mic,0,88800319740398,0,0,B0GKPXQ8G3,485818304366864,0.0,0,Audio Array-Catch All-SD-CT,FBA80016,AM-W22,Audio Array,Microphone Wireless Lapel,Wireless Lapel Microphone,
2026-07-30,B0GKPXQ8G3,0.0,Wireless Lapel Mic,0,88800319740398,0,0,B0GKPXQ8G3,485818304366864,0.0,0,Audio Array-Catch All-SD-CT,FBA80016,AM-W22,Audio Array,Microphone Wireless Lapel,Wireless Lapel Microphone,
2026-07-31,B0GKPXQ8G3,0.0,Wireless Lapel Mic,0,88800319740398,0,0,B0GKPXQ8G3,485818304366864,0.0,0,Audio Array-Catch All-SD-CT,FBA80016,AM-W22,Audio Array,Microphone Wireless Lapel,Wireless Lapel Microphone,
2026-07-22,B0G3Q517Y2,0.0,Wireless Lapel Mic,0,88800319740398,0,0,B0G3Q517Y2,485818304366864,0.0,0,Audio Array-Catch All-SD-CT,FBA79957,AM-W23,Audio Array,Microphone Wireless Lapel,Wireless Lapel Microphone,
2026-07-23,B0G3Q517Y2,0.0,Wireless Lapel Mic,0,88800319740398,0,0,B0G3Q517Y2,485818304366864,0.0,0,Audio Array-Catch All-SD-CT,FBA79957,AM-W23,Audio Array,Microphone Wireless Lapel,Wireless Lapel Microphone,
2026-07-24,B0G3Q517Y2,0.0,Wireless Lapel Mic,0,88800319740398,0,0,B0G3Q517Y2,485818304366864,0.0,0,Audio Array-Catch All-SD-CT,FBA79957,AM-W23,Audio Array,Microphone Wireless Lapel,Wireless Lapel Microphone,
2026-07-25,B0G3Q517Y2,0.0,Wireless Lapel Mic,0,88800319740398,0,0,B0G3Q517Y2,485818304366864,0.0,0,Audio Array-Catch All-SD-CT,FBA79957,AM-W23,Audio Array,Microphone Wireless Lapel,Wireless Lapel Microphone,
2026-07-26,B0G3Q517Y2,0.0,Wireless Lapel Mic,0,88800319740398,0,0,B0G3Q517Y2,485818304366864,0.0,0,Audio Array-Catch All-SD-CT,FBA79957,AM-W23,Audio Array,Microphone Wireless Lapel,Wireless Lapel Microphone,
2026-07-27,B0G3Q517Y2,0.0,Wireless Lapel Mic,0,88800319740398,0,0,B0G3Q517Y2,485818304366864,0.0,0,Audio Array-Catch All-SD-CT,FBA79957,AM-W23,Audio Array,Microphone Wireless Lapel,Wireless Lapel Microphone,
2026-07-28,B0G3Q517Y2,0.0,Wireless Lapel Mic,0,88800319740398,0,0,B0G3Q517Y2,485818304366864,0.0,0,Audio Array-Catch All-SD-CT,FBA79957,AM-W23,Audio Array,Microphone Wireless Lapel,Wireless Lapel Microphone,
2026-07-29,B0G3Q517Y2,0.0,Wireless Lapel Mic,0,88800319740398,0,0,B0G3Q517Y2,485818304366864,0.0,0,Audio Array-Catch All-SD-CT,FBA79957,AM-W23,Audio Array,Microphone Wireless Lapel,Wireless Lapel Microphone,
2026-07-30,B0G3Q517Y2,0.0,Wireless Lapel Mic,0,88800319740398,0,0,B0G3Q517Y2,485818304366864,0.0,0,Audio Array-Catch All-SD-CT,FBA79957,AM-W23,Audio Array,Microphone Wireless Lapel,Wireless Lapel Microphone,
2026-07-31,B0G3Q517Y2,0.0,Wireless Lapel Mic,0,88800319740398,0,0,B0G3Q517Y2,485818304366864,0.0,0,Audio Array-Catch All-SD-CT,FBA79957,AM-W23,Audio Array,Microphone Wireless Lapel,Wireless Lapel Microphone,
2026-07-22,B0G3Q59X8C,0.0,Wireless Lapel Mic,0,88800319740398,0,0,B0G3Q59X8C,485818304366864,0.0,0,Audio Array-Catch All-SD-CT,FBA79958,AM-W24,Audio Array,Microphone Wireless Lapel,Wireless Lapel Microphone,
2026-07-23,B0G3Q59X8C,0.0,Wireless Lapel Mic,0,88800319740398,0,0,B0G3Q59X8C,485818304366864,0.0,0,Audio Array-Catch All-SD-CT,FBA79958,AM-W24,Audio Array,Microphone Wireless Lapel,Wireless Lapel Microphone,
2026-07-24,B0G3Q59X8C,0.0,Wireless Lapel Mic,0,88800319740398,0,0,B0G3Q59X8C,485818304366864,0.0,0,Audio Array-Catch All-SD-CT,FBA79958,AM-W24,Audio Array,Microphone Wireless Lapel,Wireless Lapel Microphone,
2026-07-25,B0G3Q59X8C,0.0,Wireless Lapel Mic,0,88800319740398,0,0,B0G3Q59X8C,485818304366864,0.0,0,Audio Array-Catch All-SD-CT,FBA79958,AM-W24,Audio Array,Microphone Wireless Lapel,Wireless Lapel Microphone,
2026-07-26,B0G3Q59X8C,0.0,Wireless Lapel Mic,0,88800319740398,0,0,B0G3Q59X8C,485818304366864,0.0,0,Audio Array-Catch All-SD-CT,FBA79958,AM-W24,Audio Array,Microphone Wireless Lapel,Wireless Lapel Microphone,
2026-07-27,B0G3Q59X8C,0.0,Wireless Lapel Mic,0,88800319740398,0,0,B0G3Q59X8C,485818304366864,0.0,0,Audio Array-Catch All-SD-CT,FBA79958,AM-W24,Audio Array,Microphone Wireless Lapel,Wireless Lapel Microphone,
2026-07-28,B0G3Q59X8C,0.0,Wireless Lapel Mic,0,88800319740398,0,0,B0G3Q59X8C,485818304366864,0.0,0,Audio Array-Catch All-SD-CT,FBA79958,AM-W24,Audio Array,Microphone Wireless Lapel,Wireless Lapel Microphone,
2026-07-29,B0G3Q59X8C,0.0,Wireless Lapel Mic,0,88800319740398,0,0,B0G3Q59X8C,485818304366864,0.0,0,Audio Array-Catch All-SD-CT,FBA79958,AM-W24,Audio Array,Microphone Wireless Lapel,Wireless Lapel Microphone,
2026-07-30,B0G3Q59X8C,0.0,Wireless Lapel Mic,0,88800319740398,0,0,B0G3Q59X8C,485818304366864,0.0,0,Audio Array-Catch All-SD-CT,FBA79958,AM-W24,Audio Array,Microphone Wireless Lapel,Wireless Lapel Microphone,
2026-07-31,B0G3Q59X8C,0.0,Wireless Lapel Mic,0,88800319740398,0,0,B0G3Q59X8C,485818304366864,0.0,0,Audio Array-Catch All-SD-CT,FBA79958,AM-W24,Audio Array,Microphone Wireless Lapel,Wireless Lapel Microphone,
2026-07-22,B0G2C2RCXN,0.0,Wireless Lapel Mic,0,88800319740398,0,0,B0G2C2RCXN,485818304366864,0.0,0,Audio Array-Catch All-SD-CT,FBA79967,AM-W19,Audio Array,Microphone Wireless Lapel,Wireless Lapel Microphone,
2026-07-23,B0G2C2RCXN,0.0,Wireless Lapel Mic,0,88800319740398,0,0,B0G2C2RCXN,485818304366864,0.0,0,Audio Array-Catch All-SD-CT,FBA79967,AM-W19,Audio Array,Microphone Wireless Lapel,Wireless Lapel Microphone,
2026-07-24,B0G2C2RCXN,0.0,Wireless Lapel Mic,0,88800319740398,0,0,B0G2C2RCXN,485818304366864,0.0,0,Audio Array-Catch All-SD-CT,FBA79967,AM-W19,Audio Array,Microphone Wireless Lapel,Wireless Lapel Microphone,
2026-07-25,B0G2C2RCXN,0.0,Wireless Lapel Mic,0,88800319740398,0,0,B0G2C2RCXN,485818304366864,0.0,0,Audio Array-Catch All-SD-CT,FBA79967,AM-W19,Audio Array,Microphone Wireless Lapel,Wireless Lapel Microphone,
2026-07-26,B0G2C2RCXN,0.0,Wireless Lapel Mic,0,88800319740398,0,0,B0G2C2RCXN,485818304366864,0.0,0,Audio Array-Catch All-SD-CT,FBA79967,AM-W19,Audio Array,Microphone Wireless Lapel,Wireless Lapel Microphone,
2026-07-27,B0G2C2RCXN,0.0,Wireless Lapel Mic,0,88800319740398,0,0,B0G2C2RCXN,485818304366864,0.0,0,Audio Array-Catch All-SD-CT,FBA79967,AM-W19,Audio Array,Microphone Wireless Lapel,Wireless Lapel Microphone,
2026-07-28,B0G2C2RCXN,0.0,Wireless Lapel Mic,0,88800319740398,0,0,B0G2C2RCXN,485818304366864,0.0,0,Audio Array-Catch All-SD-CT,FBA79967,AM-W19,Audio Array,Microphone Wireless Lapel,Wireless Lapel Microphone,
2026-07-29,B0G2C2RCXN,0.0,Wireless Lapel Mic,0,88800319740398,0,0,B0G2C2RCXN,485818304366864,0.0,0,Audio Array-Catch All-SD-CT,FBA79967,AM-W19,Audio Array,Microphone Wireless Lapel,Wireless Lapel Microphone,
2026-07-30,B0G2C2RCXN,0.0,Wireless Lapel Mic,0,88800319740398,0,0,B0G2C2RCXN,485818304366864,0.0,0,Audio Array-Catch All-SD-CT,FBA79967,AM-W19,Audio Array,Microphone Wireless Lapel,Wireless Lapel Microphone,
2026-07-31,B0G2C2RCXN,0.0,Wireless Lapel Mic,0,88800319740398,0,0,B0G2C2RCXN,485818304366864,0.0,0,Audio Array-Catch All-SD-CT,FBA79967,AM-W19,Audio Array,Microphone Wireless Lapel,Wireless Lapel Microphone,
2026-07-22,B0CH4RNWJX,122.29,Condenser Microphones,1,88800319740398,1,6909,B0CH4RNWJX,1530305156531,6291.53,27,Audio Array-Catch All-SD-CT,FBA79011,AM-C43,Audio Array,Microphone Condenser,XLR Microphone Kit - Boomarm,
2026-07-23,B0CH4RNWJX,129.26,Condenser Microphones,1,88800319740398,1,9446,B0CH4RNWJX,1530305156531,2304.24,38,Audio Array-Catch All-SD-CT,FBA79011,AM-C43,Audio Array,Microphone Condenser,XLR Microphone Kit - Boomarm,
2026-07-24,B0CH4RNWJX,107.54,Condenser Microphones,1,88800319740398,1,9832,B0CH4RNWJX,1530305156531,4066.1,31,Audio Array-Catch All-SD-CT,FBA79011,AM-C43,Audio Array,Microphone Condenser,XLR Microphone Kit - Boomarm,
2026-07-25,B0CH4RNWJX,77.54,Condenser Microphones,0,88800319740398,0,6841,B0CH4RNWJX,1530305156531,0.0,17,Audio Array-Catch All-SD-CT,FBA79011,AM-C43,Audio Array,Microphone Condenser,XLR Microphone Kit - Boomarm,
2026-07-26,B0CH4RNWJX,115.14,Condenser Microphones,0,88800319740398,0,8421,B0CH4RNWJX,1530305156531,0.0,23,Audio Array-Catch All-SD-CT,FBA79011,AM-C43,Audio Array,Microphone Condenser,XLR Microphone Kit - Boomarm,
2026-07-27,B0CH4RNWJX,102.03,Condenser Microphones,1,88800319740398,1,7008,B0CH4RNWJX,1530305156531,761.86,25,Audio Array-Catch All-SD-CT,FBA79011,AM-C43,Audio Array,Microphone Condenser,XLR Microphone Kit - Boomarm,
2026-07-28,B0CH4RNWJX,138.0,Condenser Microphones,0,88800319740398,0,10694,B0CH4RNWJX,1530305156531,0.0,35,Audio Array-Catch All-SD-CT,FBA79011,AM-C43,Audio Array,Microphone Condenser,XLR Microphone Kit - Boomarm,
2026-07-29,B0CH4RNWJX,201.79,Condenser Microphones,1,88800319740398,1,9694,B0CH4RNWJX,1530305156531,0.0,36,Audio Array-Catch All-SD-CT,FBA79011,AM-C43,Audio Array,Microphone Condenser,XLR Microphone Kit - Boomarm,
2026-07-30,B0CH4RNWJX,97.55,Condenser Microphones,0,88800319740398,0,10316,B0CH4RNWJX,1530305156531,0.0,21,Audio Array-Catch All-SD-CT,FBA79011,AM-C43,Audio Array,Microphone Condenser,XLR Microphone Kit - Boomarm,
2026-07-31,B0CH4RNWJX,117.85,Condenser Microphones,0,88800319740398,0,6011,B0CH4RNWJX,1530305156531,0.0,23,Audio Array-Catch All-SD-CT,FBA79011,AM-C43,Audio Array,Microphone Condenser,XLR Microphone Kit - Boomarm,
2026-07-22,B0B4DPX2J2,0.0,SD PT,0,141203437506581,0,0,B0B4DPX2J2,495866250972751,0.0,0,AA_Condenser_AM-C1_SD_PT (Self),FBA75673,AM-C1,Audio Array,Microphone Condenser,USB Microphone Kit - Boomarm,
2026-07-23,B0B4DPX2J2,0.0,SD PT,0,141203437506581,0,0,B0B4DPX2J2,495866250972751,0.0,0,AA_Condenser_AM-C1_SD_PT (Self),FBA75673,AM-C1,Audio Array,Microphone Condenser,USB Microphone Kit - Boomarm,
2026-07-24,B0B4DPX2J2,0.0,SD PT,0,141203437506581,0,0,B0B4DPX2J2,495866250972751,0.0,0,AA_Condenser_AM-C1_SD_PT (Self),FBA75673,AM-C1,Audio Array,Microphone Condenser,USB Microphone Kit - Boomarm,
2026-07-25,B0B4DPX2J2,0.0,SD PT,0,141203437506581,0,0,B0B4DPX2J2,495866250972751,0.0,0,AA_Condenser_AM-C1_SD_PT (Self),FBA75673,AM-C1,Audio Array,Microphone Condenser,USB Microphone Kit - Boomarm,
2026-07-26,B0B4DPX2J2,0.0,SD PT,0,141203437506581,0,0,B0B4DPX2J2,495866250972751,0.0,0,AA_Condenser_AM-C1_SD_PT (Self),FBA75673,AM-C1,Audio Array,Microphone Condenser,USB Microphone Kit - Boomarm,
2026-07-27,B0B4DPX2J2,0.0,SD PT,0,141203437506581,0,0,B0B4DPX2J2,495866250972751,0.0,0,AA_Condenser_AM-C1_SD_PT (Self),FBA75673,AM-C1,Audio Array,Microphone Condenser,USB Microphone Kit - Boomarm,
2026-07-28,B0B4DPX2J2,0.0,SD PT,0,141203437506581,0,0,B0B4DPX2J2,495866250972751,0.0,0,AA_Condenser_AM-C1_SD_PT (Self),FBA75673,AM-C1,Audio Array,Microphone Condenser,USB Microphone Kit - Boomarm,
2026-07-29,B0B4DPX2J2,0.0,SD PT,0,141203437506581,0,0,B0B4DPX2J2,495866250972751,0.0,0,AA_Condenser_AM-C1_SD_PT (Self),FBA75673,AM-C1,Audio Array,Microphone Condenser,USB Microphone Kit - Boomarm,
2026-07-30,B0B4DPX2J2,0.0,SD PT,0,141203437506581,0,0,B0B4DPX2J2,495866250972751,0.0,0,AA_Condenser_AM-C1_SD_PT (Self),FBA75673,AM-C1,Audio Array,Microphone Condenser,USB Microphone Kit - Boomarm,
2026-07-31,B0B4DPX2J2,0.0,SD PT,0,141203437506581,0,0,B0B4DPX2J2,495866250972751,0.0,0,AA_Condenser_AM-C1_SD_PT (Self),FBA75673,AM-C1,Audio Array,Microphone Condenser,USB Microphone Kit - Boomarm,
2026-07-22,B0D3M1B4Z8,0.0,SD PT,0,141203437506581,0,0,B0D3M1B4Z8,495866250972751,0.0,0,AA_Condenser_AM-C1_SD_PT (Self),FBA79380,AM-C46,Audio Array,Microphone Condenser,Condenser Mic with Boom Arm,
2026-07-23,B0D3M1B4Z8,0.0,SD PT,0,141203437506581,0,0,B0D3M1B4Z8,495866250972751,0.0,0,AA_Condenser_AM-C1_SD_PT (Self),FBA79380,AM-C46,Audio Array,Microphone Condenser,Condenser Mic with Boom Arm,
2026-07-24,B0D3M1B4Z8,0.0,SD PT,0,141203437506581,0,0,B0D3M1B4Z8,495866250972751,0.0,0,AA_Condenser_AM-C1_SD_PT (Self),FBA79380,AM-C46,Audio Array,Microphone Condenser,Condenser Mic with Boom Arm,
2026-07-25,B0D3M1B4Z8,0.0,SD PT,0,141203437506581,0,0,B0D3M1B4Z8,495866250972751,0.0,0,AA_Condenser_AM-C1_SD_PT (Self),FBA79380,AM-C46,Audio Array,Microphone Condenser,Condenser Mic with Boom Arm,
2026-07-26,B0D3M1B4Z8,0.0,SD PT,0,141203437506581,0,0,B0D3M1B4Z8,495866250972751,0.0,0,AA_Condenser_AM-C1_SD_PT (Self),FBA79380,AM-C46,Audio Array,Microphone Condenser,Condenser Mic with Boom Arm,
2026-07-27,B0D3M1B4Z8,0.0,SD PT,0,141203437506581,0,0,B0D3M1B4Z8,495866250972751,0.0,0,AA_Condenser_AM-C1_SD_PT (Self),FBA79380,AM-C46,Audio Array,Microphone Condenser,Condenser Mic with Boom Arm,
2026-07-28,B0D3M1B4Z8,0.0,SD PT,0,141203437506581,0,0,B0D3M1B4Z8,495866250972751,0.0,0,AA_Condenser_AM-C1_SD_PT (Self),FBA79380,AM-C46,Audio Array,Microphone Condenser,Condenser Mic with Boom Arm,
2026-07-29,B0D3M1B4Z8,0.0,SD PT,0,141203437506581,0,0,B0D3M1B4Z8,495866250972751,0.0,0,AA_Condenser_AM-C1_SD_PT (Self),FBA79380,AM-C46,Audio Array,Microphone Condenser,Condenser Mic with Boom Arm,
2026-07-30,B0D3M1B4Z8,0.0,SD PT,0,141203437506581,0,0,B0D3M1B4Z8,495866250972751,0.0,0,AA_Condenser_AM-C1_SD_PT (Self),FBA79380,AM-C46,Audio Array,Microphone Condenser,Condenser Mic with Boom Arm,
2026-07-31,B0D3M1B4Z8,0.0,SD PT,0,141203437506581,0,0,B0D3M1B4Z8,495866250972751,0.0,0,AA_Condenser_AM-C1_SD_PT (Self),FBA79380,AM-C46,Audio Array,Microphone Condenser,Condenser Mic with Boom Arm,
2026-07-22,B0GN97RFPR,903.21,Studio Monitor,1,88800319740398,1,145556,FBA79848,351170855286614,761.86,581,Audio Array-Catch All-SD-CT,FBA79848,AM-S2,Audio Array,Monitor Speakers,Studio Monitor Speaker,
2026-07-23,B0GN97RFPR,703.48,Studio Monitor,0,88800319740398,0,112126,FBA79848,351170855286614,0.0,521,Audio Array-Catch All-SD-CT,FBA79848,AM-S2,Audio Array,Monitor Speakers,Studio Monitor Speaker,
2026-07-24,B0GN97RFPR,523.64,Studio Monitor,1,88800319740398,1,71886,FBA79848,351170855286614,7626.27,363,Audio Array-Catch All-SD-CT,FBA79848,AM-S2,Audio Array,Monitor Speakers,Studio Monitor Speaker,
2026-07-25,B0GN97RFPR,574.99,Studio Monitor,3,88800319740398,3,109406,FBA79848,351170855286614,21544.07,534,Audio Array-Catch All-SD-CT,FBA79848,AM-S2,Audio Array,Monitor Speakers,Studio Monitor Speaker,
2026-07-26,B0GN97RFPR,575.59,Studio Monitor,1,88800319740398,1,80135,FBA79848,351170855286614,6100.85,492,Audio Array-Catch All-SD-CT,FBA79848,AM-S2,Audio Array,Monitor Speakers,Studio Monitor Speaker,
2026-07-27,B0GN97RFPR,569.78,Studio Monitor,0,88800319740398,0,102148,FBA79848,351170855286614,0.0,500,Audio Array-Catch All-SD-CT,FBA79848,AM-S2,Audio Array,Monitor Speakers,Studio Monitor Speaker,
2026-07-28,B0GN97RFPR,825.31,Studio Monitor,0,88800319740398,0,130387,FBA79848,351170855286614,0.0,770,Audio Array-Catch All-SD-CT,FBA79848,AM-S2,Audio Array,Monitor Speakers,Studio Monitor Speaker,
2026-07-29,B0GN97RFPR,538.85,Studio Monitor,0,88800319740398,0,82656,FBA79848,351170855286614,0.0,483,Audio Array-Catch All-SD-CT,FBA79848,AM-S2,Audio Array,Monitor Speakers,Studio Monitor Speaker,
2026-07-30,B0GN97RFPR,587.23,Studio Monitor,1,88800319740398,1,107063,FBA79848,351170855286614,6291.53,568,Audio Array-Catch All-SD-CT,FBA79848,AM-S2,Audio Array,Monitor Speakers,Studio Monitor Speaker,
2026-07-31,B0GN97RFPR,613.9,Studio Monitor,0,88800319740398,0,67668,FBA79848,351170855286614,0.0,466,Audio Array-Catch All-SD-CT,FBA79848,AM-S2,Audio Array,Monitor Speakers,Studio Monitor Speaker,
2026-07-22,B0DN6MNS1X,0.0,Dynamic Mic,0,88800319740398,0,0,B0DN6MNS1X,189182706060711,0.0,0,Audio Array-Catch All-SD-CT,FBA79654,AM-C11 Pro,Audio Array,Microphone Dynamic,Microphone Dynamic,
2026-07-23,B0DN6MNS1X,0.0,Dynamic Mic,0,88800319740398,0,0,B0DN6MNS1X,189182706060711,0.0,0,Audio Array-Catch All-SD-CT,FBA79654,AM-C11 Pro,Audio Array,Microphone Dynamic,Microphone Dynamic,
2026-07-24,B0DN6MNS1X,0.0,Dynamic Mic,0,88800319740398,0,0,B0DN6MNS1X,189182706060711,0.0,0,Audio Array-Catch All-SD-CT,FBA79654,AM-C11 Pro,Audio Array,Microphone Dynamic,Microphone Dynamic,
2026-07-25,B0DN6MNS1X,0.0,Dynamic Mic,0,88800319740398,0,0,B0DN6MNS1X,189182706060711,0.0,0,Audio Array-Catch All-SD-CT,FBA79654,AM-C11 Pro,Audio Array,Microphone Dynamic,Microphone Dynamic,
2026-07-26,B0DN6MNS1X,0.0,Dynamic Mic,0,88800319740398,0,0,B0DN6MNS1X,189182706060711,0.0,0,Audio Array-Catch All-SD-CT,FBA79654,AM-C11 Pro,Audio Array,Microphone Dynamic,Microphone Dynamic,
2026-07-27,B0DN6MNS1X,0.0,Dynamic Mic,0,88800319740398,0,0,B0DN6MNS1X,189182706060711,0.0,0,Audio Array-Catch All-SD-CT,FBA79654,AM-C11 Pro,Audio Array,Microphone Dynamic,Microphone Dynamic,
2026-07-28,B0DN6MNS1X,0.0,Dynamic Mic,0,88800319740398,0,0,B0DN6MNS1X,189182706060711,0.0,0,Audio Array-Catch All-SD-CT,FBA79654,AM-C11 Pro,Audio Array,Microphone Dynamic,Microphone Dynamic,
2026-07-29,B0DN6MNS1X,0.0,Dynamic Mic,0,88800319740398,0,0,B0DN6MNS1X,189182706060711,0.0,0,Audio Array-Catch All-SD-CT,FBA79654,AM-C11 Pro,Audio Array,Microphone Dynamic,Microphone Dynamic,
2026-07-30,B0DN6MNS1X,0.0,Dynamic Mic,0,88800319740398,0,0,B0DN6MNS1X,189182706060711,0.0,0,Audio Array-Catch All-SD-CT,FBA79654,AM-C11 Pro,Audio Array,Microphone Dynamic,Microphone Dynamic,
2026-07-31,B0DN6MNS1X,0.0,Dynamic Mic,0,88800319740398,0,0,B0DN6MNS1X,189182706060711,0.0,0,Audio Array-Catch All-SD-CT,FBA79654,AM-C11 Pro,Audio Array,Microphone Dynamic,Microphone Dynamic,
2026-07-22,B0DN6PFWNK,0.0,Dynamic Mic,0,88800319740398,0,0,B0DN6PFWNK,189182706060711,0.0,0,Audio Array-Catch All-SD-CT,FBA79655,AM-C44 Pro,Audio Array,Microphone Dynamic,Microphone Dynamic,
2026-07-23,B0DN6PFWNK,0.0,Dynamic Mic,0,88800319740398,0,0,B0DN6PFWNK,189182706060711,0.0,0,Audio Array-Catch All-SD-CT,FBA79655,AM-C44 Pro,Audio Array,Microphone Dynamic,Microphone Dynamic,
2026-07-24,B0DN6PFWNK,0.0,Dynamic Mic,0,88800319740398,0,0,B0DN6PFWNK,189182706060711,0.0,0,Audio Array-Catch All-SD-CT,FBA79655,AM-C44 Pro,Audio Array,Microphone Dynamic,Microphone Dynamic,
2026-07-25,B0DN6PFWNK,0.0,Dynamic Mic,0,88800319740398,0,0,B0DN6PFWNK,189182706060711,0.0,0,Audio Array-Catch All-SD-CT,FBA79655,AM-C44 Pro,Audio Array,Microphone Dynamic,Microphone Dynamic,
2026-07-26,B0DN6PFWNK,0.0,Dynamic Mic,0,88800319740398,0,0,B0DN6PFWNK,189182706060711,0.0,0,Audio Array-Catch All-SD-CT,FBA79655,AM-C44 Pro,Audio Array,Microphone Dynamic,Microphone Dynamic,
2026-07-27,B0DN6PFWNK,0.0,Dynamic Mic,0,88800319740398,0,0,B0DN6PFWNK,189182706060711,0.0,0,Audio Array-Catch All-SD-CT,FBA79655,AM-C44 Pro,Audio Array,Microphone Dynamic,Microphone Dynamic,
2026-07-28,B0DN6PFWNK,0.0,Dynamic Mic,0,88800319740398,0,0,B0DN6PFWNK,189182706060711,0.0,0,Audio Array-Catch All-SD-CT,FBA79655,AM-C44 Pro,Audio Array,Microphone Dynamic,Microphone Dynamic,
2026-07-29,B0DN6PFWNK,0.0,Dynamic Mic,0,88800319740398,0,0,B0DN6PFWNK,189182706060711,0.0,0,Audio Array-Catch All-SD-CT,FBA79655,AM-C44 Pro,Audio Array,Microphone Dynamic,Microphone Dynamic,
2026-07-30,B0DN6PFWNK,0.0,Dynamic Mic,0,88800319740398,0,0,B0DN6PFWNK,189182706060711,0.0,0,Audio Array-Catch All-SD-CT,FBA79655,AM-C44 Pro,Audio Array,Microphone Dynamic,Microphone Dynamic,
2026-07-31,B0DN6PFWNK,0.0,Dynamic Mic,0,88800319740398,0,0,B0DN6PFWNK,189182706060711,0.0,0,Audio Array-Catch All-SD-CT,FBA79655,AM-C44 Pro,Audio Array,Microphone Dynamic,Microphone Dynamic,
2026-07-22,B0GW8Z556N,0.0,Handheld Dynamic,0,88800319740398,0,0,FBM79996,92137177023119,0.0,0,Audio Array-Catch All-SD-CT,FBA79996,AM-C49,Audio Array,Microphone Dynamic,Vocal Microphone,
2026-07-23,B0GW8Z556N,0.0,Handheld Dynamic,0,88800319740398,0,0,FBM79996,92137177023119,0.0,0,Audio Array-Catch All-SD-CT,FBA79996,AM-C49,Audio Array,Microphone Dynamic,Vocal Microphone,
2026-07-24,B0GW8Z556N,0.0,Handheld Dynamic,0,88800319740398,0,0,FBM79996,92137177023119,0.0,0,Audio Array-Catch All-SD-CT,FBA79996,AM-C49,Audio Array,Microphone Dynamic,Vocal Microphone,
2026-07-25,B0GW8Z556N,0.0,Handheld Dynamic,0,88800319740398,0,0,FBM79996,92137177023119,0.0,0,Audio Array-Catch All-SD-CT,FBA79996,AM-C49,Audio Array,Microphone Dynamic,Vocal Microphone,
2026-07-26,B0GW8Z556N,0.0,Handheld Dynamic,0,88800319740398,0,0,FBM79996,92137177023119,0.0,0,Audio Array-Catch All-SD-CT,FBA79996,AM-C49,Audio Array,Microphone Dynamic,Vocal Microphone,
2026-07-27,B0GW8Z556N,0.0,Handheld Dynamic,0,88800319740398,0,0,FBM79996,92137177023119,0.0,0,Audio Array-Catch All-SD-CT,FBA79996,AM-C49,Audio Array,Microphone Dynamic,Vocal Microphone,
2026-07-28,B0GW8Z556N,0.0,Handheld Dynamic,0,88800319740398,0,0,FBM79996,92137177023119,0.0,0,Audio Array-Catch All-SD-CT,FBA79996,AM-C49,Audio Array,Microphone Dynamic,Vocal Microphone,
2026-07-29,B0GW8Z556N,0.0,Handheld Dynamic,0,88800319740398,0,0,FBM79996,92137177023119,0.0,0,Audio Array-Catch All-SD-CT,FBA79996,AM-C49,Audio Array,Microphone Dynamic,Vocal Microphone,
2026-07-30,B0GW8Z556N,0.0,Handheld Dynamic,0,88800319740398,0,0,FBM79996,92137177023119,0.0,0,Audio Array-Catch All-SD-CT,FBA79996,AM-C49,Audio Array,Microphone Dynamic,Vocal Microphone,
2026-07-31,B0GW8Z556N,0.0,Handheld Dynamic,0,88800319740398,0,0,FBM79996,92137177023119,0.0,0,Audio Array-Catch All-SD-CT,FBA79996,AM-C49,Audio Array,Microphone Dynamic,Vocal Microphone,
2026-07-22,B0GW8VBCBL,0.0,Handheld Dynamic,0,88800319740398,0,0,FBM79995,92137177023119,0.0,0,Audio Array-Catch All-SD-CT,FBA79995,AM-C50,Audio Array,Microphone Dynamic,Vocal Microphone,
2026-07-23,B0GW8VBCBL,0.0,Handheld Dynamic,0,88800319740398,0,0,FBM79995,92137177023119,0.0,0,Audio Array-Catch All-SD-CT,FBA79995,AM-C50,Audio Array,Microphone Dynamic,Vocal Microphone,
2026-07-24,B0GW8VBCBL,0.0,Handheld Dynamic,0,88800319740398,0,0,FBM79995,92137177023119,0.0,0,Audio Array-Catch All-SD-CT,FBA79995,AM-C50,Audio Array,Microphone Dynamic,Vocal Microphone,
2026-07-25,B0GW8VBCBL,0.0,Handheld Dynamic,0,88800319740398,0,0,FBM79995,92137177023119,0.0,0,Audio Array-Catch All-SD-CT,FBA79995,AM-C50,Audio Array,Microphone Dynamic,Vocal Microphone,
2026-07-26,B0GW8VBCBL,0.0,Handheld Dynamic,0,88800319740398,0,0,FBM79995,92137177023119,0.0,0,Audio Array-Catch All-SD-CT,FBA79995,AM-C50,Audio Array,Microphone Dynamic,Vocal Microphone,
2026-07-27,B0GW8VBCBL,0.0,Handheld Dynamic,0,88800319740398,0,0,FBM79995,92137177023119,0.0,0,Audio Array-Catch All-SD-CT,FBA79995,AM-C50,Audio Array,Microphone Dynamic,Vocal Microphone,
2026-07-28,B0GW8VBCBL,0.0,Handheld Dynamic,0,88800319740398,0,0,FBM79995,92137177023119,0.0,0,Audio Array-Catch All-SD-CT,FBA79995,AM-C50,Audio Array,Microphone Dynamic,Vocal Microphone,
2026-07-29,B0GW8VBCBL,0.0,Handheld Dynamic,0,88800319740398,0,0,FBM79995,92137177023119,0.0,0,Audio Array-Catch All-SD-CT,FBA79995,AM-C50,Audio Array,Microphone Dynamic,Vocal Microphone,
2026-07-30,B0GW8VBCBL,0.0,Handheld Dynamic,0,88800319740398,0,0,FBM79995,92137177023119,0.0,0,Audio Array-Catch All-SD-CT,FBA79995,AM-C50,Audio Array,Microphone Dynamic,Vocal Microphone,
2026-07-31,B0GW8VBCBL,0.0,Handheld Dynamic,0,88800319740398,0,0,FBM79995,92137177023119,0.0,0,Audio Array-Catch All-SD-CT,FBA79995,AM-C50,Audio Array,Microphone Dynamic,Vocal Microphone,
2026-07-22,B0GW8R2RYM,0.0,Handheld Dynamic,0,88800319740398,0,0,FBM80009,92137177023119,0.0,0,Audio Array-Catch All-SD-CT,FBA80009,AM-C51,Audio Array,Microphone Dynamic,Vocal Microphone,
2026-07-23,B0GW8R2RYM,0.0,Handheld Dynamic,0,88800319740398,0,0,FBM80009,92137177023119,0.0,0,Audio Array-Catch All-SD-CT,FBA80009,AM-C51,Audio Array,Microphone Dynamic,Vocal Microphone,
2026-07-24,B0GW8R2RYM,0.0,Handheld Dynamic,0,88800319740398,0,0,FBM80009,92137177023119,0.0,0,Audio Array-Catch All-SD-CT,FBA80009,AM-C51,Audio Array,Microphone Dynamic,Vocal Microphone,
2026-07-25,B0GW8R2RYM,0.0,Handheld Dynamic,0,88800319740398,0,0,FBM80009,92137177023119,0.0,0,Audio Array-Catch All-SD-CT,FBA80009,AM-C51,Audio Array,Microphone Dynamic,Vocal Microphone,
2026-07-26,B0GW8R2RYM,0.0,Handheld Dynamic,0,88800319740398,0,0,FBM80009,92137177023119,0.0,0,Audio Array-Catch All-SD-CT,FBA80009,AM-C51,Audio Array,Microphone Dynamic,Vocal Microphone,
2026-07-27,B0GW8R2RYM,0.0,Handheld Dynamic,0,88800319740398,0,0,FBM80009,92137177023119,0.0,0,Audio Array-Catch All-SD-CT,FBA80009,AM-C51,Audio Array,Microphone Dynamic,Vocal Microphone,
2026-07-28,B0GW8R2RYM,0.0,Handheld Dynamic,0,88800319740398,0,0,FBM80009,92137177023119,0.0,0,Audio Array-Catch All-SD-CT,FBA80009,AM-C51,Audio Array,Microphone Dynamic,Vocal Microphone,
2026-07-29,B0GW8R2RYM,0.0,Handheld Dynamic,0,88800319740398,0,0,FBM80009,92137177023119,0.0,0,Audio Array-Catch All-SD-CT,FBA80009,AM-C51,Audio Array,Microphone Dynamic,Vocal Microphone,
2026-07-30,B0GW8R2RYM,0.0,Handheld Dynamic,0,88800319740398,0,0,FBM80009,92137177023119,0.0,0,Audio Array-Catch All-SD-CT,FBA80009,AM-C51,Audio Array,Microphone Dynamic,Vocal Microphone,
2026-07-31,B0GW8R2RYM,0.0,Handheld Dynamic,0,88800319740398,0,0,FBM80009,92137177023119,0.0,0,Audio Array-Catch All-SD-CT,FBA80009,AM-C51,Audio Array,Microphone Dynamic,Vocal Microphone,
2026-07-22,B0GW8ZQRFK,0.0,Handheld Dynamic,0,88800319740398,0,0,B0GW8ZQRFK,92137177023119,0.0,0,Audio Array-Catch All-SD-CT,FBA80010,AM-C52,Audio Array,Microphone Dynamic,Vocal Microphone,
2026-07-23,B0GW8ZQRFK,0.0,Handheld Dynamic,0,88800319740398,0,0,B0GW8ZQRFK,92137177023119,0.0,0,Audio Array-Catch All-SD-CT,FBA80010,AM-C52,Audio Array,Microphone Dynamic,Vocal Microphone,
2026-07-24,B0GW8ZQRFK,0.0,Handheld Dynamic,0,88800319740398,0,0,B0GW8ZQRFK,92137177023119,0.0,0,Audio Array-Catch All-SD-CT,FBA80010,AM-C52,Audio Array,Microphone Dynamic,Vocal Microphone,
2026-07-25,B0GW8ZQRFK,0.0,Handheld Dynamic,0,88800319740398,0,0,B0GW8ZQRFK,92137177023119,0.0,0,Audio Array-Catch All-SD-CT,FBA80010,AM-C52,Audio Array,Microphone Dynamic,Vocal Microphone,
2026-07-26,B0GW8ZQRFK,0.0,Handheld Dynamic,0,88800319740398,0,0,B0GW8ZQRFK,92137177023119,0.0,0,Audio Array-Catch All-SD-CT,FBA80010,AM-C52,Audio Array,Microphone Dynamic,Vocal Microphone,
2026-07-27,B0GW8ZQRFK,0.0,Handheld Dynamic,0,88800319740398,0,0,B0GW8ZQRFK,92137177023119,0.0,0,Audio Array-Catch All-SD-CT,FBA80010,AM-C52,Audio Array,Microphone Dynamic,Vocal Microphone,
2026-07-28,B0GW8ZQRFK,0.0,Handheld Dynamic,0,88800319740398,0,0,B0GW8ZQRFK,92137177023119,0.0,0,Audio Array-Catch All-SD-CT,FBA80010,AM-C52,Audio Array,Microphone Dynamic,Vocal Microphone,
2026-07-29,B0GW8ZQRFK,0.0,Handheld Dynamic,0,88800319740398,0,0,B0GW8ZQRFK,92137177023119,0.0,0,Audio Array-Catch All-SD-CT,FBA80010,AM-C52,Audio Array,Microphone Dynamic,Vocal Microphone,
2026-07-30,B0GW8ZQRFK,0.0,Handheld Dynamic,0,88800319740398,0,0,B0GW8ZQRFK,92137177023119,0.0,0,Audio Array-Catch All-SD-CT,FBA80010,AM-C52,Audio Array,Microphone Dynamic,Vocal Microphone,
2026-07-31,B0GW8ZQRFK,0.0,Handheld Dynamic,0,88800319740398,0,0,B0GW8ZQRFK,92137177023119,0.0,0,Audio Array-Catch All-SD-CT,FBA80010,AM-C52,Audio Array,Microphone Dynamic,Vocal Microphone,
2026-07-22,B0G53H49BS,184.44,Mixer,0,88800319740398,0,12982,B0G53H49BS,357270359239140,0.0,52,Audio Array-Catch All-SD-CT,FBA79961,AI-13,Audio Array,Audio Mixer,4 channels Mixer,
2026-07-23,B0G53H49BS,331.83,Mixer,2,88800319740398,2,14055,B0G53H49BS,357270359239140,5523.73,78,Audio Array-Catch All-SD-CT,FBA79961,AI-13,Audio Array,Audio Mixer,4 channels Mixer,
2026-07-24,B0G53H49BS,356.75,Mixer,0,88800319740398,0,15572,B0G53H49BS,357270359239140,0.0,79,Audio Array-Catch All-SD-CT,FBA79961,AI-13,Audio Array,Audio Mixer,4 channels Mixer,
2026-07-25,B0G53H49BS,306.34,Mixer,0,88800319740398,0,18035,B0G53H49BS,357270359239140,0.0,83,Audio Array-Catch All-SD-CT,FBA79961,AI-13,Audio Array,Audio Mixer,4 channels Mixer,
2026-07-26,B0G53H49BS,291.99,Mixer,2,88800319740398,2,13584,B0G53H49BS,357270359239140,4779.66,76,Audio Array-Catch All-SD-CT,FBA79961,AI-13,Audio Array,Audio Mixer,4 channels Mixer,
2026-07-27,B0G53H49BS,301.43,Mixer,0,88800319740398,0,17470,B0G53H49BS,357270359239140,0.0,86,Audio Array-Catch All-SD-CT,FBA79961,AI-13,Audio Array,Audio Mixer,4 channels Mixer,
2026-07-28,B0G53H49BS,275.7,Mixer,1,88800319740398,1,15949,B0G53H49BS,357270359239140,2389.83,71,Audio Array-Catch All-SD-CT,FBA79961,AI-13,Audio Array,Audio Mixer,4 channels Mixer,
2026-07-29,B0G53H49BS,313.68,Mixer,1,88800319740398,1,14701,B0G53H49BS,357270359239140,3219.49,72,Audio Array-Catch All-SD-CT,FBA79961,AI-13,Audio Array,Audio Mixer,4 channels Mixer,
2026-07-30,B0G53H49BS,532.78,Mixer,1,88800319740398,1,22428,B0G53H49BS,357270359239140,2372.04,109,Audio Array-Catch All-SD-CT,FBA79961,AI-13,Audio Array,Audio Mixer,4 channels Mixer,
2026-07-31,B0G53H49BS,285.31,Mixer,0,88800319740398,0,19057,B0G53H49BS,357270359239140,0.0,79,Audio Array-Catch All-SD-CT,FBA79961,AI-13,Audio Array,Audio Mixer,4 channels Mixer,
2026-07-22,B0G53M9258,142.83,Mixer,1,88800319740398,1,7907,B0G53M9258,357270359239140,5083.9,42,Audio Array-Catch All-SD-CT,FBA79968,AI-14,Audio Array,Audio Mixer,8 channels Mixer,
2026-07-23,B0G53M9258,158.09,Mixer,1,88800319740398,1,4609,B0G53M9258,357270359239140,0.0,41,Audio Array-Catch All-SD-CT,FBA79968,AI-14,Audio Array,Audio Mixer,8 channels Mixer,
2026-07-24,B0G53M9258,112.85,Mixer,1,88800319740398,1,6473,B0G53M9258,357270359239140,7130.52,33,Audio Array-Catch All-SD-CT,FBA79968,AI-14,Audio Array,Audio Mixer,8 channels Mixer,
2026-07-25,B0G53M9258,85.99,Mixer,0,88800319740398,0,4977,B0G53M9258,357270359239140,0.0,24,Audio Array-Catch All-SD-CT,FBA79968,AI-14,Audio Array,Audio Mixer,8 channels Mixer,
2026-07-26,B0G53M9258,65.04,Mixer,0,88800319740398,0,6645,B0G53M9258,357270359239140,0.0,26,Audio Array-Catch All-SD-CT,FBA79968,AI-14,Audio Array,Audio Mixer,8 channels Mixer,
2026-07-27,B0G53M9258,132.21,Mixer,0,88800319740398,0,7086,B0G53M9258,357270359239140,0.0,35,Audio Array-Catch All-SD-CT,FBA79968,AI-14,Audio Array,Audio Mixer,8 channels Mixer,
2026-07-28,B0G53M9258,111.53,Mixer,0,88800319740398,0,5822,B0G53M9258,357270359239140,0.0,31,Audio Array-Catch All-SD-CT,FBA79968,AI-14,Audio Array,Audio Mixer,8 channels Mixer,
2026-07-29,B0G53M9258,144.44,Mixer,1,88800319740398,1,7846,B0G53M9258,357270359239140,5083.9,49,Audio Array-Catch All-SD-CT,FBA79968,AI-14,Audio Array,Audio Mixer,8 channels Mixer,
2026-07-30,B0G53M9258,151.75,Mixer,1,88800319740398,1,6582,B0G53M9258,357270359239140,5083.9,41,Audio Array-Catch All-SD-CT,FBA79968,AI-14,Audio Array,Audio Mixer,8 channels Mixer,
2026-07-31,B0G53M9258,139.65,Mixer,0,88800319740398,0,7335,B0G53M9258,357270359239140,0.0,41,Audio Array-Catch All-SD-CT,FBA79968,AI-14,Audio Array,Audio Mixer,8 channels Mixer,
2026-07-22,B0GCP1J2HC,137.82,Mixer,4,88800319740398,4,7239,B0GCP1J2HC,357270359239140,19166.95,33,Audio Array-Catch All-SD-CT,FBA79972,M8,Audio Array,Audio Mixer,8 channels Mixer,
2026-07-23,B0GCP1J2HC,98.42,Mixer,0,88800319740398,0,6082,B0GCP1J2HC,357270359239140,0.0,29,Audio Array-Catch All-SD-CT,FBA79972,M8,Audio Array,Audio Mixer,8 channels Mixer,
2026-07-24,B0GCP1J2HC,64.4,Mixer,0,88800319740398,0,6363,B0GCP1J2HC,357270359239140,0.0,24,Audio Array-Catch All-SD-CT,FBA79972,M8,Audio Array,Audio Mixer,8 channels Mixer,
2026-07-25,B0GCP1J2HC,47.93,Mixer,0,88800319740398,0,4127,B0GCP1J2HC,357270359239140,0.0,20,Audio Array-Catch All-SD-CT,FBA79972,M8,Audio Array,Audio Mixer,8 channels Mixer,
2026-07-26,B0GCP1J2HC,74.36,Mixer,0,88800319740398,0,4165,B0GCP1J2HC,357270359239140,0.0,27,Audio Array-Catch All-SD-CT,FBA79972,M8,Audio Array,Audio Mixer,8 channels Mixer,
2026-07-27,B0GCP1J2HC,84.5,Mixer,0,88800319740398,0,5591,B0GCP1J2HC,357270359239140,0.0,34,Audio Array-Catch All-SD-CT,FBA79972,M8,Audio Array,Audio Mixer,8 channels Mixer,
2026-07-28,B0GCP1J2HC,65.47,Mixer,0,88800319740398,0,5011,B0GCP1J2HC,357270359239140,0.0,28,Audio Array-Catch All-SD-CT,FBA79972,M8,Audio Array,Audio Mixer,8 channels Mixer,
2026-07-29,B0GCP1J2HC,55.08,Mixer,0,88800319740398,0,3887,B0GCP1J2HC,357270359239140,0.0,13,Audio Array-Catch All-SD-CT,FBA79972,M8,Audio Array,Audio Mixer,8 channels Mixer,
2026-07-30,B0GCP1J2HC,50.36,Mixer,0,88800319740398,0,3222,B0GCP1J2HC,357270359239140,0.0,18,Audio Array-Catch All-SD-CT,FBA79972,M8,Audio Array,Audio Mixer,8 channels Mixer,
2026-07-31,B0GCP1J2HC,30.97,Mixer,0,88800319740398,0,3037,B0GCP1J2HC,357270359239140,0.0,16,Audio Array-Catch All-SD-CT,FBA79972,M8,Audio Array,Audio Mixer,8 channels Mixer,
2026-07-22,B0GN2LHJY4,0.0,Mixer,0,88800319740398,0,0,B0GN2LHJY4,357270359239140,0.0,0,Audio Array-Catch All-SD-CT,FBA80007,MT-12,Audio Array,Audio Mixer,12 channels Mixer,
2026-07-23,B0GN2LHJY4,0.0,Mixer,0,88800319740398,0,0,B0GN2LHJY4,357270359239140,0.0,0,Audio Array-Catch All-SD-CT,FBA80007,MT-12,Audio Array,Audio Mixer,12 channels Mixer,
2026-07-24,B0GN2LHJY4,0.0,Mixer,0,88800319740398,0,0,B0GN2LHJY4,357270359239140,0.0,0,Audio Array-Catch All-SD-CT,FBA80007,MT-12,Audio Array,Audio Mixer,12 channels Mixer,
2026-07-25,B0GN2LHJY4,0.0,Mixer,0,88800319740398,0,0,B0GN2LHJY4,357270359239140,0.0,0,Audio Array-Catch All-SD-CT,FBA80007,MT-12,Audio Array,Audio Mixer,12 channels Mixer,
2026-07-26,B0GN2LHJY4,0.0,Mixer,0,88800319740398,0,0,B0GN2LHJY4,357270359239140,0.0,0,Audio Array-Catch All-SD-CT,FBA80007,MT-12,Audio Array,Audio Mixer,12 channels Mixer,
2026-07-27,B0GN2LHJY4,0.0,Mixer,0,88800319740398,0,0,B0GN2LHJY4,357270359239140,0.0,0,Audio Array-Catch All-SD-CT,FBA80007,MT-12,Audio Array,Audio Mixer,12 channels Mixer,
2026-07-28,B0GN2LHJY4,0.0,Mixer,0,88800319740398,0,0,B0GN2LHJY4,357270359239140,0.0,0,Audio Array-Catch All-SD-CT,FBA80007,MT-12,Audio Array,Audio Mixer,12 channels Mixer,
2026-07-29,B0GN2LHJY4,0.0,Mixer,0,88800319740398,0,0,B0GN2LHJY4,357270359239140,0.0,0,Audio Array-Catch All-SD-CT,FBA80007,MT-12,Audio Array,Audio Mixer,12 channels Mixer,
2026-07-30,B0GN2LHJY4,0.0,Mixer,0,88800319740398,0,0,B0GN2LHJY4,357270359239140,0.0,0,Audio Array-Catch All-SD-CT,FBA80007,MT-12,Audio Array,Audio Mixer,12 channels Mixer,
2026-07-31,B0GN2LHJY4,0.0,Mixer,0,88800319740398,0,0,B0GN2LHJY4,357270359239140,0.0,0,Audio Array-Catch All-SD-CT,FBA80007,MT-12,Audio Array,Audio Mixer,12 channels Mixer,
2026-07-22,B0FFB6YJM1,0.0,Ad group - 1,0,35441080560180,0,0,B0FFB6YJM1,539830322340115,0.0,0,AudioArray-B0FFB6YJM1-Soundbar_SD_Video-PT,FBA79708,SB-01,Audio Array,Sound Bar,Sound Bar,
2026-07-23,B0FFB6YJM1,0.0,Ad group - 1,0,35441080560180,0,0,B0FFB6YJM1,539830322340115,0.0,0,AudioArray-B0FFB6YJM1-Soundbar_SD_Video-PT,FBA79708,SB-01,Audio Array,Sound Bar,Sound Bar,
2026-07-24,B0FFB6YJM1,0.0,Ad group - 1,0,35441080560180,0,0,B0FFB6YJM1,539830322340115,0.0,0,AudioArray-B0FFB6YJM1-Soundbar_SD_Video-PT,FBA79708,SB-01,Audio Array,Sound Bar,Sound Bar,
2026-07-25,B0FFB6YJM1,0.0,Ad group - 1,0,35441080560180,0,0,B0FFB6YJM1,539830322340115,0.0,0,AudioArray-B0FFB6YJM1-Soundbar_SD_Video-PT,FBA79708,SB-01,Audio Array,Sound Bar,Sound Bar,
2026-07-26,B0FFB6YJM1,0.0,Ad group - 1,0,35441080560180,0,0,B0FFB6YJM1,539830322340115,0.0,0,AudioArray-B0FFB6YJM1-Soundbar_SD_Video-PT,FBA79708,SB-01,Audio Array,Sound Bar,Sound Bar,
2026-07-27,B0FFB6YJM1,0.0,Ad group - 1,0,35441080560180,0,0,B0FFB6YJM1,539830322340115,0.0,0,AudioArray-B0FFB6YJM1-Soundbar_SD_Video-PT,FBA79708,SB-01,Audio Array,Sound Bar,Sound Bar,
2026-07-28,B0FFB6YJM1,0.0,Ad group - 1,0,35441080560180,0,0,B0FFB6YJM1,539830322340115,0.0,0,AudioArray-B0FFB6YJM1-Soundbar_SD_Video-PT,FBA79708,SB-01,Audio Array,Sound Bar,Sound Bar,
2026-07-29,B0FFB6YJM1,0.0,Ad group - 1,0,35441080560180,0,0,B0FFB6YJM1,539830322340115,0.0,0,AudioArray-B0FFB6YJM1-Soundbar_SD_Video-PT,FBA79708,SB-01,Audio Array,Sound Bar,Sound Bar,
2026-07-30,B0FFB6YJM1,0.0,Ad group - 1,0,35441080560180,0,0,B0FFB6YJM1,539830322340115,0.0,0,AudioArray-B0FFB6YJM1-Soundbar_SD_Video-PT,FBA79708,SB-01,Audio Array,Sound Bar,Sound Bar,
2026-07-31,B0FFB6YJM1,0.0,Ad group - 1,0,35441080560180,0,0,B0FFB6YJM1,539830322340115,0.0,0,AudioArray-B0FFB6YJM1-Soundbar_SD_Video-PT,FBA79708,SB-01,Audio Array,Sound Bar,Sound Bar,
2026-07-22,B0FFB6YJM1,0.0,Ad group - 2,0,35441080560180,0,0,B0FFB6YJM1,407954458795009,0.0,0,AudioArray-B0FFB6YJM1-Soundbar_SD_Video-PT,FBA79708,SB-01,Audio Array,Sound Bar,Sound Bar,
2026-07-23,B0FFB6YJM1,0.0,Ad group - 2,0,35441080560180,0,0,B0FFB6YJM1,407954458795009,0.0,0,AudioArray-B0FFB6YJM1-Soundbar_SD_Video-PT,FBA79708,SB-01,Audio Array,Sound Bar,Sound Bar,
2026-07-24,B0FFB6YJM1,0.0,Ad group - 2,0,35441080560180,0,0,B0FFB6YJM1,407954458795009,0.0,0,AudioArray-B0FFB6YJM1-Soundbar_SD_Video-PT,FBA79708,SB-01,Audio Array,Sound Bar,Sound Bar,
2026-07-25,B0FFB6YJM1,0.0,Ad group - 2,0,35441080560180,0,0,B0FFB6YJM1,407954458795009,0.0,0,AudioArray-B0FFB6YJM1-Soundbar_SD_Video-PT,FBA79708,SB-01,Audio Array,Sound Bar,Sound Bar,
2026-07-26,B0FFB6YJM1,0.0,Ad group - 2,0,35441080560180,0,0,B0FFB6YJM1,407954458795009,0.0,0,AudioArray-B0FFB6YJM1-Soundbar_SD_Video-PT,FBA79708,SB-01,Audio Array,Sound Bar,Sound Bar,
2026-07-27,B0FFB6YJM1,0.0,Ad group - 2,0,35441080560180,0,0,B0FFB6YJM1,407954458795009,0.0,0,AudioArray-B0FFB6YJM1-Soundbar_SD_Video-PT,FBA79708,SB-01,Audio Array,Sound Bar,Sound Bar,
2026-07-28,B0FFB6YJM1,0.0,Ad group - 2,0,35441080560180,0,0,B0FFB6YJM1,407954458795009,0.0,0,AudioArray-B0FFB6YJM1-Soundbar_SD_Video-PT,FBA79708,SB-01,Audio Array,Sound Bar,Sound Bar,
2026-07-29,B0FFB6YJM1,0.0,Ad group - 2,0,35441080560180,0,0,B0FFB6YJM1,407954458795009,0.0,0,AudioArray-B0FFB6YJM1-Soundbar_SD_Video-PT,FBA79708,SB-01,Audio Array,Sound Bar,Sound Bar,
2026-07-30,B0FFB6YJM1,0.0,Ad group - 2,0,35441080560180,0,0,B0FFB6YJM1,407954458795009,0.0,0,AudioArray-B0FFB6YJM1-Soundbar_SD_Video-PT,FBA79708,SB-01,Audio Array,Sound Bar,Sound Bar,
2026-07-31,B0FFB6YJM1,0.0,Ad group - 2,0,35441080560180,0,0,B0FFB6YJM1,407954458795009,0.0,0,AudioArray-B0FFB6YJM1-Soundbar_SD_Video-PT,FBA79708,SB-01,Audio Array,Sound Bar,Sound Bar,
