sku,model,(parent) asin,asin,title,sessions,sessions - total - b2b,session percentage - total,session percentage - total - b2b,page views - total,page views - total - b2b,page views percentage - total,page views percentage - total - b2b,buy_box_pct,featured offer percentage - b2b,units_ordered,units ordered - b2b,conversion_pct,unit session percentage - b2b,ordered_product_sales,ordered product sales - b2b,total order items,total order items - b2b,gmv,week,brand_x,spend,clicks,impressions,attributed_sales,ams_orders,ad_channel,acos,roas,tacos,cac,attributed_sales_pct,organic_sales_pct,brand_y,category_l0,category_l1,category_l2,brand,Model,units
FBA79452,VC-01,B0DCGHVN81,B0DCGHVN81,NexLev 2 in 1 Handheld & Stick Vacuum Cleaner | 17500 PA Suction | Dry Vacuuming for Home & Office | Washable HEPA Filter | 4 Adjustable Heads | Bagless| Deep Cleaning for Sofa Bed Window & more|VC-01,0.0,0.0,0.0,0.0,0.0,0.0,0.0,0.0,0.0,0.0,0,0.0,0.0,0.0,0.0,0.0,0.0,0.0,0,11,Nexlev,10177.73,712.0,153141.0,16044.9,11.0,SP_SD,0.6343280419323274,1.5764713742651848,,925.2481818181818,,,Nexlev,Home & Kitchen,Cleaning & Vacumming,Vacuum Cleaner,,VC-01,0
FBA79677,NP-06,B0DVCBR11D,B0DVCBR11D,"nexlev Travel Neck Pillow | Orthopedic Premium Memory Foam | for Airplane, Car, Train, Office use & Cervical Pain | Machine Washable | 360 Support | Carry Pouch for Storage | NP-06",6.0,0.0,0.0,0.0,6.0,0.0,0.0,0.0,0.5,0.0,0,0.0,0.0,0.0,0.0,0.0,0.0,0.0,0,11,Nexlev,0.0,0.0,0.0,0.0,0.0,,,,,,,,Nexlev,Home & Kitchen,Travel Accessories,Donut Travel Pillow,,NP-06,0
FBA79406,HSB-04,B0DCK3N2JJ,B0DCK3N2JJ,"NexLev Ionic Cordless Hair Straightener Brush | 60min Runtime | upto 200° Heating | Portable & Type C Rechargeable | Keratin Bristles |Straight, Frizz Free & Shiny Hair | Compact Comb Design | HSB-04",2836.0,4.0,0.16,0.0086,3868.0,5.0,0.1564,0.0079,0.0186,0.0,2,0.0,0.0007,0.0,4310.169491525424,0.0,2.0,0.0,0,11,Nexlev,6573.99,474.0,101975.0,16766.08,9.0,SP_SD,0.3921005983509562,2.550365911721801,,730.4433333333333,,,Nexlev,HPC,Hair Care,Hair Straightener Brush - Cordless,,HSB-04,2
FBA79263,MR-01,B0CYSLCRQS,B0CYSLCRQS,"NexLev Mattress, Sofa & Carpet Vacuum Cleaner | For Dust Mites, Allergens & Pet Hair | 4 Step Cleansing with Double Beat, UV Light, Dehumidification & Vacuum | HEPA captures 99.99% Dust|MR-01",35080.0,511.0,0.2995,0.2707,43961.0,663.0,0.2871,0.2581,0.8341,1.0,87,1.0,0.0025,0.002,179258.49152542374,2869.02,87.0,1.0,0,11,Nexlev,17325.7,1348.0,91896.0,49097.47,20.0,SP_SD,0.3528837636644006,2.8337943055691834,,866.2850000000001,,,Nexlev,Home & Kitchen,Cleaning & Vacumming,Mite Remover,,MR-01,87
FBA78981,SC-01,B0CDPP45BM,B0CDPP45BM,"NexLev Steam Cleaner | For Complete Home Kitchen Bathroom Car Sofa & Office Cleaning Machine | 9 Accessories |300 ML | Window Pane, Sink, Chimney Grease, Water Stain Cleaner| 4 Mtr Cord | 1000W |SC-01",7858.0,183.0,0.0671,0.0969,10367.0,235.0,0.0677,0.0915,0.9922,1.0,71,3.0,0.009,0.0164,207478.83898305087,10392.03,71.0,3.0,0,11,Nexlev,34826.520000000004,2113.0,211272.0,127371.11,43.0,SP_SD,0.2734255829284993,3.65730225127288,,809.919069767442,,,Nexlev,Home & Kitchen,Cleaning & Vacumming,Steam cleaner,,SC-01,71
FBA79489,KE-02,B0DFD123P5,B0DFD123P5,"Nexlev MultiPurpose Electric Food Kettle|1.5 L Ceramic Pot | 600W| Boil, Steam, Fry, Saute| Double Layered Body| 2 Temperature Settings| Multi Cooker for Water, Egg, Tea, Soup, Noodles, Rice| KE-02",4057.0,56.0,0.0346,0.0297,5813.0,82.0,0.038,0.0319,0.9964,1.0,64,1.0,0.0158,0.0179,82816.96610169492,1582.02,64.0,1.0,0,11,Nexlev,24598.58,2932.0,411074.0,95353.25,70.0,SP_SD,0.2579731681930086,3.876372132049899,,351.40828571428574,,,Nexlev,Home & Kitchen,Kitchen Appliances,Electric Multi Kettles,,KE-02,64
FBA79488,KE-01,B0DFCG2VGS,B0DFCG2VGS,"Nexlev Multi Purpose Electric Food Kettle|1.8L Stainless Steel Pot| 600W|Boil, Steam, Fry, Saute| Double Layered Body|2 Heat Settings|Multi Function for Water, Milk, Egg, Soup, Noodles|KE-01",3302.0,58.0,0.0282,0.0307,4836.0,77.0,0.0316,0.03,0.7594,0.8372,62,2.0,0.0188,0.0345,91265.62711864409,3421.44,62.0,2.0,0,11,Nexlev,14744.4,1677.0,190089.0,38429.72,27.0,SP_SD,0.3836718040100214,2.6063942920702097,,546.0888888888888,,,Nexlev,Home & Kitchen,Kitchen Appliances,Electric Multi Kettles,,KE-01,62
FBA79652,SC-05,B0F43P6D23,B0F43P6D23,nexlev Steam Cleaner | Complete Home Kitchen Floor Bathroom Car & Office Cleaning machine | 9 Accessories | 450 ML | Window Pane Sink Grime Chimney Grease Water Stain Cleaner| 4 M Cord |1050W |SC-05,6502.0,136.0,0.0555,0.072,8736.0,182.0,0.057,0.0708,0.9154,1.0,57,2.0,0.0088,0.0147,125246.62711864409,5740.02,57.0,2.0,0,11,Nexlev,37598.88,2165.0,120184.0,156982.2,60.0,SP_SD,0.2395104667917763,4.17518287778785,,626.6479999999999,,,Nexlev,Home & Kitchen,Cleaning & Vacumming,Steam cleaner,,SC-05,57
FBA79439,MR-02,B0DCK7ZH5P,B0DCK7ZH5P,"NexLev Mattress, Sofa, Carpet & Car Seat Vacuum Cleaner|For Dust Mites Allergens & Pet Hair|Cordless Design|1500*3 mAh |UV Sterilization, Double Beat Technology|Type C| HEPA captures 99.99% Dust|MR-02",10479.0,194.0,0.0895,0.1028,12585.0,235.0,0.0822,0.0915,0.9803,0.9769,55,2.0,0.0052,0.0103,153711.0338983051,6532.02,55.0,2.0,0,11,Nexlev,14092.04,762.0,62522.0,49304.2,19.0,SP_SD,0.2858182467213746,3.4987269408829382,,741.6863157894737,,,Nexlev,Home & Kitchen,Cleaning & Vacumming,Mite Remover,,MR-02,55
FBA79567,SC-04,B0DNJS23HS,B0DNJS23HS,NexLev 10 in 1 Steam Cleaner & Mop|2 Steam Modes| Mopping & Deep Cleaning Home Car Sofa Bathroom Kitchen & Office |For All Surfaces|350ML|Chemical Free Cleaning | Detachable & Foldable|SC-04,8128.0,70.0,0.0694,0.0371,10602.0,106.0,0.0692,0.0413,0.9259,1.0,54,2.0,0.0066,0.0286,248967.83050847455,11876.04,54.0,2.0,0,11,Nexlev,26036.23,1771.0,92738.0,117700.05,29.0,SP_SD,0.2212083172437055,4.520625681982376,,897.8010344827586,,,Nexlev,Home & Kitchen,Cleaning & Vacumming,Steam cleaner,,SC-04,54
FBA79493,V-03,B0DQCWRG3H,B0DQCWRG3H,nexlev Ionic 3 In 1 Hot Air Brush|1.5 Inch Barrel|Volumizer Blow Dry & Style|Ceramic Tourmaline Coated For Heat Protection|1200 Watts|Dual Bristle For Tangle Free Styling|Salon Like Soft Curl|V-03,2285.0,14.0,0.0195,0.0074,3335.0,24.0,0.0218,0.0093,0.9889,1.0,54,1.0,0.0236,0.0714,93750.43220338984,2028.51,54.0,1.0,0,11,Nexlev,21776.99,1660.0,253509.0,61494.04,36.0,SP_SD,0.354131717480263,2.823808065301954,,604.9163888888888,,,Nexlev,HPC,Hair Care,Volumizer,,V-03,54
FBA79268,GS-05,B0D383WQPB,B0D383WQPB,NexLev Foldable Garment Steamer for Home & Travel | Convenient Vertical Steaming | 1200W | 120 ml | Lightweight & Compact | 30s Fast Heating | Iron for all Cloth Types | 2 M cord | Anti Spill | GS-05,1466.0,56.0,0.0125,0.0297,2045.0,86.0,0.0134,0.0335,0.9972,1.0,45,1.0,0.0307,0.0179,62662.29661016949,1830.51,41.0,1.0,0,11,Nexlev,21022.44,954.0,394137.0,47290.21,32.0,SP_SD,0.444541058286694,2.2495109987232693,,656.95125,,,Nexlev,Home & Kitchen,Fabric Care,Garment steamer,,GS-05,45
FBA79349,SW-01,B0D9KDQCCM,B0D9KDQCCM,nexlev Portable Sewing Machine| 2 Speed Settings| Cordless| Battery operated| USB Type C cord for Plug-in| Quick Fix DIY |Portable & Compact| for all Fabrics| 1 Year Warranty| STITCH & STYLE SW-01,1122.0,18.0,0.0096,0.0095,1660.0,26.0,0.0108,0.0101,0.9685,1.0,32,2.0,0.0285,0.1111,27074.593220338986,1978.02,32.0,2.0,0,11,Nexlev,0.0,0.0,0.0,0.0,0.0,SP_SD,,,,,,,Nexlev,Home & Kitchen,Fabric Care,Mini Sewing Machine,,SW-01,32
FBA79570,BR-01,B0DKJXRXKM,B0DKJXRXKM,NexLev Blackhead & Whitehead Remover Tool | Rechargeable |1Hr Use| Acne & Pimple Pore Cleaner | 6 Heads | Electric Derma Suction Machine | Hydra Facial Cleanser Device for Face |For Men & Women |BR-01,1208.0,29.0,0.0103,0.0154,1722.0,42.0,0.0112,0.0163,0.9573,0.96,31,2.0,0.0257,0.069,40613.57627118644,3180.02,31.0,2.0,0,11,Nexlev,11412.99,721.0,82667.0,24448.36,19.0,SP_SD,0.4668202693350392,2.142152056560113,,600.6836842105263,,,Nexlev,HPC,Skin Care,Blackhead Remover,,BR-01,31
FBA78980,GS-02,B0CDPMX152,B0CDPMX152,NexLev Handheld Garment Steamer | 1500 Watts | 300 ML| Standing & Horizontal Iron Press | Damage Free Steaming for all Cloth Types | 25s Quick Heat |Upto 5 Clothes in One Fill | Travel Friendly |GS-02,3387.0,37.0,0.0289,0.0196,4603.0,50.0,0.0301,0.0195,0.5124,1.0,29,1.0,0.0086,0.027,48433.90677966102,2177.01,29.0,1.0,0,11,Nexlev,23679.30917,1699.0,187782.0,54488.96,34.0,SP_SD,0.4345707675463066,2.3011211859606795,,696.4502697058824,,,Nexlev,Home & Kitchen,Fabric Care,Garment steamer,,GS-02,29
FBA79590,CFM-01,B0DM6BB3VT,B0DM6BB3VT,nexlev Calf Massager | Daily Use Leg Massager for Sore Muscle |1 Piece | Hand Like Massage with Air Compression | Improve Blood Circulation & Relieve Pain | 2500 mAh | Large Belt | Type C |CFM-01,2481.0,33.0,0.0212,0.0175,3141.0,39.0,0.0205,0.0152,0.9182,1.0,28,0.0,0.0113,0.0,64022.03389830509,0.0,28.0,0.0,0,11,Nexlev,9764.66,609.0,41977.0,48828.09,16.0,SP_SD,0.1999803801459364,5.000490544473643,,610.29125,,,Nexlev,HPC,Electric Massagers,Calf Massager,,CFM-01,28
FBA79819,LR-03,B0FT8R24QM,B0FT8R24QM,"NexLev Portable Cordless Lint Remover | for Woollen, Sweaters, Jackets, Carpets | Fabric Brush | Rue & Burr Remover | Battery Powered Shaver | SS Blade | Safety Lock | LR-03",488.0,11.0,0.0042,0.0058,639.0,13.0,0.0042,0.0051,0.9877,1.0,25,1.0,0.0512,0.0909,7062.889830508474,375.21,25.0,1.0,0,11,Nexlev,3757.29,354.0,58892.0,6222.92,16.0,SP_SD,0.603782468680298,1.6562256307072385,,234.830625,,,Nexlev,Home & Kitchen,Fabric Care,Lint Remover,,LR-03,25
FBA79373,ET-01-BK_N,B0D2P5TGWK,B0D2P5TGWK,"nexlev Smart Electric Toothbrush for Adults |2-Min Timer with Quadpacer |2 Replaceable Heads | AAA Battery |3 Modes (Daily, Normal & Sesitive) |Upto 60 Days | Travel Case | Soft Bristles |ET-01 Black",522.0,7.0,0.0045,0.0037,715.0,12.0,0.0047,0.0047,0.9909,1.0,25,2.0,0.0479,0.2857,6308.508474576272,590.04,24.0,2.0,0,11,Nexlev,1725.03,125.0,12865.0,2528.81,10.0,SP_SD,0.6821508931078254,1.4659513167886935,,172.503,,,Nexlev,HPC,Oral Care,Electric Toothbrush,,ET-01-BK_N,25
FBM79991,DH-01,B0GN85NZQN,B0GN85NZQN,NexLev Dehumidifier for Room Moisture Absorption | 1000ML Tank | Ideal for Mold & Moisture Removal |For Room Wardrobe Kitchen Office| Auto Shut-Off Function| Preset Timer & Humidty Control | DH-01,704.0,40.0,0.006,0.0212,1021.0,72.0,0.0067,0.028,0.9772,1.0,22,1.0,0.0313,0.025,73507.63559322034,3860.01,19.0,1.0,0,11,Nexlev,0.0,0.0,0.0,0.0,0.0,,,,,,,,Nexlev,Home & Kitchen,"Heating, Cooling & Air Quality",Dehumidifiers,,DH-01,22
FBA79280,LR-02,B0D845B2DG,B0D845B2DG,nexlev Rechargeable Lint Remover | For Woollen Sweaters Shirts Coat Curtains & Carpets | Rue & Burr Remover | 180 Min Use | TypeC | SS Blade | 2000mAh | 3 Speed Modes | Safety Lock | LR-02,618.0,28.0,0.0053,0.0148,834.0,35.0,0.0054,0.0136,0.9959,1.0,18,1.0,0.0291,0.0357,20312.72033898305,1484.01,18.0,1.0,0,11,Nexlev,7308.32,406.0,111350.0,10162.72,8.0,SP_SD,0.7191303115701309,1.3905685574796944,,913.54,,,Nexlev,Home & Kitchen,Fabric Care,Lint Remover,,LR-02,18
FBA79679,ST-01,B0DVC7VJP1,B0DVC7VJP1,"NexLev Stand Mixer | 5.5L SS Bowl | 1500W |10 Speeds | Pulse Function |Planetary Rotation | Whisk, Beater & Dough Hook |100% Copper Motor | For Roti Atta, Cookie Dough, Cake, Whip Cream & more | ST-01",1886.0,36.0,0.0161,0.0191,2493.0,50.0,0.0163,0.0195,0.9712,1.0,16,2.0,0.0085,0.0556,66689.33898305085,11145.42,16.0,2.0,0,11,Nexlev,20578.95,1137.0,143632.0,52330.64,12.0,SP_SD,0.3932485824748178,2.542920800138005,,1714.9125,,,Nexlev,Home & Kitchen,Kitchen Appliances,Stand Mixer,,ST-01,16
FBA79374,ET-02-GN_N,B0D2P7WLJB,B0D2P7WLJB,"NexLev Smart Electric Toothbrush for Adults |2-Min Timer with Quadpacer |2 Replaceable Heads | AAA Battery |3 Modes (Daily, Normal & Sesitive) |Upto 60 Days | Travel Case | Soft Bristles |ET-02 Green",388.0,6.0,0.0033,0.0032,489.0,8.0,0.0032,0.0031,0.8604,1.0,16,0.0,0.0412,0.0,4040.6779661016953,0.0,15.0,0.0,0,11,Nexlev,2017.75,151.0,17008.0,1016.09,4.0,SP_SD,1.985798502101192,0.5035757650848718,,504.4375,,,Nexlev,HPC,Oral Care,Electric Toothbrush,,ET-02-GN_N,16
FBA79452,VC-01,B0DCGHVN81,B0DCGHVN81,NexLev 2 in 1 Handheld & Stick Vacuum Cleaner | 17500 PA Suction | Dry Vacuuming for Home & Office | Washable HEPA Filter | 4 Adjustable Heads | Bagless| Deep Cleaning for Sofa Bed Window & more|VC-01,913.0,9.0,0.0078,0.0048,1302.0,10.0,0.0085,0.0039,0.9136,1.0,15,0.0,0.0164,0.0,23124.57627118644,0.0,15.0,0.0,0,11,Nexlev,10177.73,712.0,153141.0,16044.9,11.0,SP_SD,0.6343280419323274,1.5764713742651848,,925.2481818181818,,,Nexlev,Home & Kitchen,Cleaning & Vacumming,Vacuum Cleaner,,VC-01,15
FBA79350,EA-01,B0D67727VG,B0D67727VG,NexLev LED Therapy Oil Applicator | Reduce Dandruff | Improve Hair Growth | EMS for Scalp Improvement | Red & Blue Light | High Frequency Massage for Better Absorption | 10 ML | Waterproof | EA-01,532.0,18.0,0.0045,0.0095,717.0,24.0,0.0047,0.0093,0.8225,1.0,15,0.0,0.0282,0.0,13027.118644067798,0.0,14.0,0.0,0,11,Nexlev,1743.59,128.0,14159.0,5228.570000000001,5.0,SP_SD,0.3334735883807618,2.998738235479672,,348.718,,,Nexlev,HPC,Hair Care,Hair Oil Applicator,,EA-01,15
FBA79406,HSB-04,B0DCK3N2JJ,B0DCK3N2JJ,"NexLev Ionic Cordless Hair Straightener Brush | 60min Runtime | upto 200° Heating | Portable & Type C Rechargeable | Keratin Bristles |Straight, Frizz Free & Shiny Hair | Compact Comb Design | HSB-04",2836.0,4.0,0.0242,0.0021,3868.0,5.0,0.0253,0.0019,0.5866,1.0,13,0.0,0.0046,0.0,22829.661016949158,0.0,13.0,0.0,0,11,Nexlev,6573.99,474.0,101975.0,16766.08,9.0,SP_SD,0.3921005983509562,2.550365911721801,,730.4433333333333,,,Nexlev,HPC,Hair Care,Hair Straightener Brush - Cordless,,HSB-04,13
FBA79673,ETC-07-WH,B0FJG5PFGQ,B0FJG5PFGQ,Nexlev Rechargeable Electric Toothbrush| 120 Days Life | 35K strokes/min| Type C| 6 Modes for Daily Use| 2 Min timer with 30sec Quadpacer | 4 Brushheads| IPX7 Waterproof| For Men & Women | ETC-07 White,198.0,7.0,0.0017,0.0037,291.0,11.0,0.0019,0.0043,1.0,1.0,16,0.0,0.0808,0.0,10155.932203389832,0.0,12.0,0.0,0,11,Nexlev,1785.35,135.0,36578.0,8880.130000000001,14.0,SP_SD,0.2010499846286033,4.973887473044502,,127.525,,,Nexlev,HPC,Oral Care,Electric Toothbrush,,ETC-07-WH,16
FBA79352,WF-02-BL,B0D637B562,B0D637B562,Nexlev Splash Pet Water Fountain with LED Light | 2.0L Capacity | Ultra Quiet Cat Drinking Fountain with Filter | Automatic Pet Water Fountain for Cats and Small Dogs | Blue (WF-02-BL),79.0,1.0,0.0007,0.0005,138.0,1.0,0.0009,0.0004,0.9541,1.0,11,0.0,0.1392,0.0,10711.016949152545,0.0,11.0,0.0,0,11,Nexlev,0.0,0.0,0.0,0.0,0.0,,,,,,,,UNKNOWN,,,,,WF-02-BL,11
FBA79849,CFM-03,B0FPGDVVCX,B0FPGDVVCX,nexlev Calf Massager | Daily Use Leg Massager for Sore Muscle | Hand Like Massage with Air Compression | Improve Blood Circulation & Relieve Pain | 2500 mAh | Large Belt | Type C |CFM-03|Pack of 2,293.0,14.0,0.0025,0.0074,387.0,17.0,0.0025,0.0066,0.9972,1.0,10,0.0,0.0341,0.0,42364.40677966102,0.0,10.0,0.0,0,11,Nexlev,2635.75,125.0,15078.0,15374.079999999998,4.0,SP_SD,0.1714411529015069,5.832905245186379,,658.9375,,,Nexlev,HPC,Electric Massagers,Calf Massager,,CFM-03,10
FBA79265,CR-01,B0D2LHNS9B,B0D2LHNS9B,"NexLev Foot Callus Remover | Electric Scrubber & Shaver for Dead, Hard & Cracked Skin | Professional Pedicure at Home | Waterproof | Type C | 3 Crystal Quartz Heads | For Men and Women| CR-01",171.0,2.0,0.0015,0.0011,267.0,2.0,0.0017,0.0008,0.852,1.0,9,0.0,0.0526,0.0,4877.745762711865,0.0,9.0,0.0,0,11,Nexlev,1793.75,99.0,17748.0,2440.7,4.0,SP_SD,0.7349326013029049,1.3606689895470383,,448.4375,,,Nexlev,HPC,Skin Care,Callus Remover,,CR-01,9
FBA79276,SM-01,B0D2LJSQXZ,B0D2LJSQXZ,NexLev Steam Mop | Chemical Free Mopping | Floor Cleaning + Carpet Steaming | 4 Extra Mop Pads | 400 ML | 1300W | Floor Disinfectant | For All Floor Types | 4mtr long Cord | Wet & Dry Mopping | SM-01,1899.0,34.0,0.0162,0.018,2541.0,55.0,0.0166,0.0214,0.9781,0.9688,9,0.0,0.0047,0.0,27111.864406779663,0.0,9.0,0.0,0,11,Nexlev,4959.08,345.0,29984.0,14826.27,4.0,SP_SD,0.3344792722647031,2.98972188389782,,1239.77,,,Nexlev,Home & Kitchen,Cleaning & Vacumming,Steam Mop,,SM-01,9
FBA79566,VC-05,B0DKJSCLBD,B0DKJSCLBD,"nexlev Cordless Wet & Dry Vacuum Cleaner|For Home Car & Office Use|3 Attachments | 4000 mAh Battery|Quick Cleaning of Desk, Coffee tea or Water Spill | Compact & Portable | VC-05",1336.0,10.0,0.0114,0.0053,1682.0,12.0,0.011,0.0047,0.5726,1.0,8,0.0,0.006,0.0,14230.508474576272,0.0,8.0,0.0,0,11,Nexlev,6298.53532,306.0,78736.0,7454.24,5.0,SP_SD,0.8449600925111078,1.183487846187072,,1259.707064,,,Nexlev,Home & Kitchen,Cleaning & Vacumming,Vacuum Cleaner,,VC-05,8
FBA79573,EA-02,B0DKK15YNJ,B0DKK15YNJ,NexLev Oil Applicator Comb|Red Led Light Therapy |Boost Hair Growth| Reduce Dandruff | Relieve Stress |High Vibration Corded Electric Scalp/Head Massager | 6 ML Oil Tank | 2 Hr Run-Time| Type-C|EA-02,509.0,12.0,0.0043,0.0064,700.0,13.0,0.0046,0.0051,0.9641,1.0,8,0.0,0.0157,0.0,15411.86440677966,0.0,8.0,0.0,0,11,Nexlev,4721.12,353.0,32934.0,15891.45,7.0,SP_SD,0.2970855397084596,3.3660339072084597,,674.4457142857143,,,Nexlev,HPC,Hair Care,Hair Oil Applicator,,EA-02,8
FBA79692,AP-03,B0DVC58QPZ,B0DVC58QPZ,NexLev Smart Air Purifier | Home Room & Office Use upto 220 sq ft |True HEPA 13 Filter | Eliminate 99.99% Virus Dust Smoke Odor Pollen Allergens & Pollutants | Long Filter Life |3 Year Warranty |AP220,6186.0,42.0,0.0528,0.0222,8304.0,66.0,0.0542,0.0257,0.7041,0.9697,7,0.0,0.0011,0.0,21350.0,0.0,7.0,0.0,0,11,Nexlev,13919.33,676.0,156455.0,21350.0,7.0,SP_SD,0.6519592505854801,1.5338381947981692,,1988.4757142857145,,,Nexlev,Home & Kitchen,Air Purifier,NexLev Air Purifier Mini,,AP-03,7
FBA79682,HU-02,B0DVC8NYY2,B0DVC8NYY2,"NexLev Cool Mist Humidifier | 2.2L| For Office, Indoor Plants, Baby Nursery | Quiet Operation | Works 30Hrs on Low Setting | 360° Nozzle | Auto Shut-Off | Adjustable Knob | Leak Proof | HU-02",433.0,19.0,0.0037,0.0101,614.0,46.0,0.004,0.0179,0.8577,1.0,7,0.0,0.0162,0.0,11555.932203389832,0.0,7.0,0.0,0,11,Nexlev,8312.33,363.0,102232.0,19794.53,12.0,SP_SD,0.4199306576109662,2.381345543307352,,692.6941666666667,,,Nexlev,Home & Kitchen,Air Purifier,Humidifier White,,HU-02,7
0,KM-01,B0F29SZCVF,B0F29SZCVF,"NexLev Knee Massager for Joint Pain Relief |Controlled Vibration & Heating for Arthritis, Knee, Shoulder or Elbow pain | 15 modes |2 Extension Belt |Graphene Heating pad for Consistent Heating | KM-01",179.0,7.0,0.0015,0.0037,241.0,15.0,0.0016,0.0058,1.0,1.0,7,0.0,0.0391,0.0,8595.762711864407,0.0,7.0,0.0,0,11,Nexlev,0.0,0.0,0.0,0.0,0.0,,,,,,,,Nexlev,HPC,Electric Massagers,Knee Massager,,KM-01,7
FBA79440,LE-02,B0DCGHKRXX,B0DCGHKRXX,NexLev LED Phototherapy comb | Electric Scalp Massager | Red Light for Regrowth | Blue Light for Anti Dandruff | Hairfall Control | Rechargeable TypeC | Targeted Laser Treatment Machine |3 Modes |LE-02,557.0,4.0,0.0048,0.0021,740.0,5.0,0.0048,0.0019,0.8133,1.0,6,0.0,0.0108,0.0,9655.932203389832,0.0,6.0,0.0,0,11,Nexlev,629.42,96.0,19130.0,1641.53,1.0,SP_SD,0.3834349661596193,2.6080041943376444,,629.42,,,Nexlev,HPC,Hair Care,Hair Therapy Comb,,LE-02,6
FBA79681,HU-01,B0DVC968P1,B0DVC968P1,"NexLev Cool Mist Humidifier | 3.5L| For Office, Indoor Plants, Baby Nursery | Quiet Operation | Works 44Hrs on Low Setting | 360° Nozzle | Auto Shut-Off | Adjustable Knob | Leak Proof | HU-01",130.0,9.0,0.0011,0.0048,168.0,14.0,0.0011,0.0054,0.9935,1.0,6,1.0,0.0462,0.1111,8660.610169491527,2027.52,6.0,1.0,0,11,Nexlev,0.0,0.0,0.0,0.0,0.0,,,,,,,,Nexlev,Home & Kitchen,Air Purifier,Humidifier Black,,HU-01,6
FBA79812,PB-01,B0FS6TB7CP,B0FS6TB7CP,NexLev Portable Blender for Smoothies Milkshakes Crushing Ice Juices | 6 Leaf Stainless Steel Blade | 3000 mAh Battery | Type C | Mix Fruit Juicer Mini | 450ml | For Kitchen & Travel | PB-01,1077.0,11.0,0.0092,0.0058,1533.0,15.0,0.01,0.0058,0.9978,1.0,6,0.0,0.0056,0.0,11181.35593220339,0.0,6.0,0.0,0,11,Nexlev,2618.61,243.0,31574.0,5590.68,3.0,SP_SD,0.4683884607954667,2.1349800084777804,,872.87,,,Nexlev,Home & Kitchen,Kitchen Appliances,Portable Blender,,PB-01,6
FBA79811,MC-01,B0FSF1N457,B0FSF1N457,NexLev Mini Electric Chopper | 3D Stainless Steel Blade | Food Grade Bowl | For Mincing Garlic Ginger Onion Vegetable Meat Nuts | 250 ml | One Touch Operation | MC-01,1393.0,29.0,0.0119,0.0154,1751.0,34.0,0.0114,0.0132,0.9679,1.0,6,0.0,0.0043,0.0,2989.8305084745766,0.0,6.0,0.0,0,11,Nexlev,0.0,0.0,0.0,0.0,0.0,,,,,,,,Nexlev,Home & Kitchen,Kitchen Appliances,Electric Mini Chopper,,MC-01,6
FBA79277,SC-03,B0D672NXC8,B0D672NXC8,"Nexlev SWIPE Steam Cleaner | 3.5 Bar Strong Steam|Multipurpose Steam Cleaner for Car, Kitchen, Bathroom, Floor, Window, Glass, Upholstery| 8 Accessories Kit|Safety Lock| Large 700ML Water Tank | SC-03",721.0,24.0,0.0062,0.0127,985.0,27.0,0.0064,0.0105,0.9941,1.0,5,0.0,0.0069,0.0,23722.03389830509,0.0,5.0,0.0,0,11,Nexlev,0.0,0.0,0.0,0.0,0.0,,,,,,,,Nexlev,Home & Kitchen,Cleaning & Vacumming,Steam cleaner,,SC-03,5
FBA79405,HSB-03,B0D9KFP4MG,B0D9KFP4MG,nexlev Ionic Hair Straightener Brush for Woman|Frizz-Free Straightening upto 12H| Ceramic Plates |60mm Wide Brush |130-210° |Keratin Bristles| Thermo Protect Technology|No Scalp Burn|1500W|HSB-03,1147.0,8.0,0.0098,0.0042,1491.0,8.0,0.0097,0.0031,0.9845,1.0,5,0.0,0.0044,0.0,8042.372881355933,0.0,5.0,0.0,0,11,Nexlev,2335.61035,166.0,34721.0,6433.88,4.0,SP_SD,0.3630173938587602,2.7546889403020502,,583.9025875,,,Nexlev,HPC,Hair Care,Hair Straightener Brush - Corded,,HSB-03,5
FBA79714,SC-04 SET OF 2 MOPS,B0F2N1HTBT,B0F2N1HTBT,NexLev Replacement Mop Cloth Pads (Set of 2) | Compatible with NexLev 10-in-1 Steam Cleaner & Mop SC-04 | Reusable Microfiber Pads for Floor Deep Cleaning | Washable & Durable | For All Floor Types,111.0,2.0,0.0009,0.0011,122.0,2.0,0.0008,0.0008,0.9914,1.0,5,1.0,0.045,0.5,2008.6864406779664,470.25,5.0,1.0,0,11,Nexlev,0.0,0.0,0.0,0.0,0.0,,,,,,,,Nexlev,Home & Kitchen,Set of 2 Mops,Spares ,,SC-04 SET OF 2 MOPS,5
FBA79443,LE-03,B0D9KFQG8Q,B0D9KFQG8Q,"Nexlev Skin Scrubber |Red & Blue LED Therapy| Blackhead Remover| Pore Cleaner| Skin Lifting & tightening, wrinkle remover| 2 Silicone Cleaning Heads| Facial Cleansing|Type C Charging| Elixir Pro LE-03",128.0,4.0,0.0011,0.0021,157.0,7.0,0.001,0.0027,0.9931,1.0,4,0.0,0.0313,0.0,4319.491525423729,0.0,4.0,0.0,0,11,Nexlev,10.48,4.0,160.0,0.0,0.0,SP_SD,,0.0,,,,,Nexlev,HPC,Skin Care,LED Face & Skin Care Massager,,LE-03,4
FBK79271,V-01 RG,B0DQ8W1RBV,B0DQ8W1RBV,nexlev Ionic Volumizer|3 In 1 Hot Air Brush To Straight Dry & Volumize|1200 Watts|Reduce Frizz|Ceramic Tourmaline Coated Large Barrel|Salon Like Soft Curl At Home|3 Speed & 2 Heat Settings|V-01 RG,1104.0,4.0,0.0094,0.0021,1423.0,9.0,0.0093,0.0035,0.9978,1.0,4,0.0,0.0036,0.0,5077.966101694916,0.0,4.0,0.0,0,11,Nexlev,1729.59,91.0,20736.0,1269.5,1.0,SP_SD,1.3624182749113825,0.7339889800472945,,1729.59,,,Nexlev,HPC,Hair Care,Volumizer,,V-01 RG,4
FBA79707,ETC-08-BL,B0FJ1ZB4G9,B0FJ1ZB4G9,Nexlev Rechargeable Electric Toothbrush| 120 Days Life | 35K strokes/min| Type C| 5 Modes for Daily Use| 2 Min timer with 30sec Quadpacer | 4 Brushheads| IPX7 Waterproof| For Men & Women | ETC-08 Blue,58.0,3.0,0.0005,0.0016,87.0,13.0,0.0006,0.0051,1.0,1.0,4,1.0,0.069,0.3333,2532.635593220339,741.51,4.0,1.0,0,11,Nexlev,148.51,11.0,2444.0,0.0,0.0,SP_SD,,0.0,,,,,Nexlev,HPC,Oral Care,Electric Toothbrush,,ETC-08-BL,4
FBA79271,V-01,B0D83Q7L8W,B0D83Q7L8W,"NexLev Ionic Hot Air Brush | 3 in 1 Blow Dryer, Straightener & Styler | 360° Airflow Vents | Ceramic Tourmaline Coated Brushing Head | Tangle Free Bristle | 1200W | 3 Speed & 2 Heat Settings|V-01",253.0,5.0,0.0022,0.0026,344.0,6.0,0.0022,0.0023,0.9283,1.0,3,0.0,0.0119,0.0,3556.7796610169494,0.0,3.0,0.0,0,11,Nexlev,984.4,59.0,5095.0,1185.59,1.0,SP_SD,0.8303038993243872,1.2043783015034537,,984.4,,,Nexlev,HPC,Hair Care,Volumizer,,V-01,3
FBA79278,HD-01,B0D86ZC9YT,B0D86ZC9YT,Nexlev Just Style Pro Hair Dryer |2100 W for Quick & Easy Blowdry | Double Heat Protection Technology | 3 Heat Settings & Cool Shot Function For Salon-Like Styling at Home (HD-01),48.0,2.0,0.0004,0.0011,65.0,2.0,0.0004,0.0008,0.9322,1.0,3,0.0,0.0625,0.0,3302.542372881356,0.0,3.0,0.0,0,11,Nexlev,0.0,0.0,0.0,0.0,0.0,,,,,,,,Nexlev,HPC,Hair Care,Hair Dryer,,HD-01,3
FBA79404,FS-01,B0D9KFZYG8,B0D9KFZYG8,"NexLev Steamer For Cold & Cough| Face Steam,Inhaler & Vaporizer | Perfect for Facial & Aromatherapy | Nano Ionic Steam | Uv Sterilization | Aroma Diffuser|30 Sec Heating|Avoid Burns & Spillage | FS-01",285.0,9.0,0.0024,0.0048,374.0,14.0,0.0024,0.0054,0.2741,1.0,3,1.0,0.0105,0.1111,4431.78813559322,1731.51,3.0,1.0,0,11,Nexlev,3638.51,179.0,73488.0,5801.69,4.0,SP_SD,0.6271465728089574,1.5945235824554556,,909.6275,,,Nexlev,HPC,Skin Care,Face Steamer,,FS-01,3
FBA79463,VC-02,B0DCK56Q85,B0DCK56Q85,"NexLev Cordless Vacuum Cleaner|HEPA with Stainless Steel Cover|6000 mAh|Copper Motor| Rechargeable Type C|Ideal for Home, Office & Car Use|Compact & Portable|Dust & Pet Hair Remover|3 Attachment|VC-02",141.0,5.0,0.0012,0.0026,203.0,18.0,0.0013,0.007,0.9492,1.0,3,0.0,0.0213,0.0,6353.389830508475,0.0,3.0,0.0,0,11,Nexlev,0.0,0.0,0.0,0.0,0.0,,,,,,,,Nexlev,Home & Kitchen,Cleaning & Vacumming,Vacuum Cleaner,,VC-02,3
FBA79272,HS-01,B0D2LFMY48,B0D2LFMY48,"Nexlev Hair Styling Straightener & Curler| 2 in 1 Hair Styler| 200°C in 30 Seconds| Long Ceramic Floating Plates| Rounded Body for Curls| Plate Lock| Portable HS-01, Hair Straightener Tong - Black",30.0,1.0,0.0003,0.0005,37.0,1.0,0.0002,0.0004,0.9412,1.0,2,0.0,0.0667,0.0,1354.2372881355932,0.0,2.0,0.0,0,11,Nexlev,0.0,0.0,0.0,0.0,0.0,,,,,,,,Nexlev,HPC,Hair Care,Hair Straightener,,HS-01,2
FBA79348,HD-02,B0D81DLSFT,B0D81DLSFT,"nexlev Hair Dryer For Women| Foldable| 1500 Watts| Cool Shot| 3 Heat & 2 Speed Settings| Overheat Protection| Concentrator Nozzle| Salon-Style Blow Dry| Just Style (Hd-02 Women), Black & Copper",34.0,3.0,0.0003,0.0016,42.0,3.0,0.0003,0.0012,1.0,1.0,6,5.0,0.1765,1.6667,4250.847457627119,4180.0,2.0,1.0,0,11,Nexlev,0.0,0.0,0.0,0.0,0.0,,,,,,,,Nexlev,HPC,Hair Care,Hair Dryer,,HD-02,6
FBA79279,LR-01,B0D8445KJN,B0D8445KJN,"nexlev Rechargeable Lint Remover | For Woollen Sweaters Pill, Rue & Burr Remover | 60min Use Time | Type C |Defuzzer | Lint Brush for Coat | 2 Modes | SS Blade | Safety Lock | LR-01",85.0,6.0,0.0007,0.0032,107.0,7.0,0.0007,0.0027,0.8936,1.0,2,0.0,0.0235,0.0,1523.728813559322,0.0,2.0,0.0,0,11,Nexlev,445.52,21.0,4231.0,761.86,1.0,SP_SD,0.5847793557871525,1.710046687017418,,445.52,,,Nexlev,Home & Kitchen,Fabric Care,Lint Remover,,LR-01,2
FBA79464,CM-01-BL,B0DFCDKMWR,B0DFCDKMWR,nexlev Cordless Electric Heating Pad| Period Cramp & Back Pain Relief Massager | 9 modes| Menstrual Cramp Relief|Type C| Crampfree Periods | Portable | Gift for Women| Strap upto 40 Inch |Blue CM-01,54.0,0.0,0.0005,0.0,73.0,0.0,0.0005,0.0,0.9394,0.0,2,0.0,0.037,0.0,2540.677966101695,0.0,2.0,0.0,0,11,Nexlev,0.0,0.0,0.0,0.0,0.0,SP_SD,,,,,,,Nexlev,HPC,Electric Massagers,Electric Heating Pads,,CM-01-BL,2
FBA79607,LR-02 SET OF 2 BLADES,B0F2N11VTN,B0F2N11VTN,NexLev Replacement Stainless Steel Blades (Set of 2) | Compatible with NexLev Lint Remover LR-02 | Sharp & Durable Blades for Effective Fabric Defuzzing | Easy to Replace | Smooth & Safe Performance,11.0,0.0,0.0001,0.0,16.0,0.0,0.0001,0.0,1.0,0.0,2,0.0,0.1818,0.0,805.0847457627119,0.0,2.0,0.0,0,11,Nexlev,0.0,0.0,0.0,0.0,0.0,,,,,,,,Nexlev,Home & Kitchen,Set of 2 blades,Spares ,,LR-02 SET OF 2 BLADES,2
FBA79773,VC-01 HEPA,B0F74DJYG6,B0F74DJYG6,nexlev Replacement HEPA Filter | Compatible 2 in 1 Handheld & Stick Vacuum Cleaner VC-01 | Captures 99.97% Dust & Allergens | Washable & Durable Filter Maintain,110.0,2.0,0.0009,0.0011,131.0,2.0,0.0009,0.0008,1.0,1.0,2,0.0,0.0182,0.0,420.3389830508475,0.0,2.0,0.0,0,11,Nexlev,0.0,0.0,0.0,0.0,0.0,,,,,,,,Nexlev,Home & Kitchen,HEPA,Spares ,,VC-01 HEPA,2
FBA79843,SC-04 SPARE SET,B0FMF1D9NV,B0FMF1D9NV,NexLev Accessory Kit for 10-in-1 Steam Cleaner & Mop SC-04 | Multipurpose Attachments for Deep Cleaning,134.0,5.0,0.0011,0.0026,153.0,8.0,0.001,0.0031,0.9867,1.0,2,0.0,0.0149,0.0,233.05084745762716,0.0,2.0,0.0,0,11,Nexlev,0.0,0.0,0.0,0.0,0.0,,,,,,,,Nexlev,Home & Kitchen,Spare Set,Spares ,,SC-04 SPARE SET,2
FBA79229,GS-04,B0CQX9ZZMH,B0CQX9ZZMH,NexLev Handheld Garment Steamer |1800 Watts | 25 g/min | 300 ML | Vertical & Horizontal Ironing for Silk Velvet & | Damage Free Steam for all Cloth Types | 25sec quick heat | 3 Brushes | GS-04,49.0,1.0,0.0004,0.0005,58.0,2.0,0.0004,0.0008,0.7647,0.0,1,0.0,0.0204,0.0,1862.71186440678,0.0,1.0,0.0,0,11,Nexlev,0.0,0.0,0.0,0.0,0.0,,,,,,,,Nexlev,Home & Kitchen,Fabric Care,Garment steamer,,GS-04,1
FBA79174,DF-01-BK,B0CW1JJP9S,B0CW1JJP9S,"Nexlev Dental Flosser| 6 Water Pressures| 4 Cleaning Modes| 2 Nozzle Tips, Tongue Cleaner, Carry Case for Tips| USB-C Charging| 1500mAh| 250ml Tank| IPX7 Water Proof| Carry Pouch | Aqua DF-01-BK",14.0,0.0,0.0001,0.0,16.0,0.0,0.0001,0.0,1.0,0.0,1,0.0,0.0714,0.0,1386.4406779661017,0.0,1.0,0.0,0,11,Nexlev,0.0,0.0,0.0,0.0,0.0,,,,,,,,Nexlev,HPC,Oral Care,Dental Flosser,,DF-01-BK,1
FBA79267,T-02,B0D2LD6BYJ,B0D2LD6BYJ,"NexLev 6-in-1 trimmer | Sensitive Bikini Trimmer for Women | Skin Safe with Rounded Tips & Foil Shaver| Hair Removal for Intimate Areas, Face, Arms, Legs & Body | 90 min Runtime |2H Quick Charge |T-02",106.0,4.0,0.0009,0.0021,134.0,4.0,0.0009,0.0016,0.8571,1.0,1,0.0,0.0094,0.0,1077.1186440677966,0.0,1.0,0.0,0,11,Nexlev,0.0,0.0,0.0,0.0,0.0,,,,,,,,Nexlev,HPC,Trimmers & Body Groomers,Women Trimmer,,T-02,1
FBA79273,HS-02,B0D2LKB4BJ,B0D2LKB4BJ,"Nexlev Hair Styling Straightener & Curler| 2 in 1 Hair Styler| 200°C in 30 Seconds| Long Ceramic Floating Plates| Rounded Body for Curls| Plate lock| Portable |HS-02, Hair Straightener Tong - Purple",25.0,0.0,0.0002,0.0,51.0,0.0,0.0003,0.0,0.7222,0.0,1,0.0,0.04,0.0,668.6440677966102,0.0,1.0,0.0,0,11,Nexlev,0.0,0.0,0.0,0.0,0.0,,,,,,,,Nexlev,HPC,Hair Care,Hair Straightener,,HS-02,1
FBA79469,LE-04,B0DCK4DR1B,B0DCK4DR1B,Nexlev Skin Lift Device | 7 Color LED | Face & Neck Skin Lifting| 3 Massage Modes| Face Sculpting Tool |Micro-currents to reduce Wrinkles| Hot Compress | Rechargeable| Type-C| 180 Min Use| Glow+ LE-04,92.0,1.0,0.0008,0.0005,135.0,1.0,0.0009,0.0004,0.4364,0.0,1,0.0,0.0109,0.0,1346.6101694915255,0.0,1.0,0.0,0,11,Nexlev,601.85,38.0,5786.0,0.0,0.0,SP_SD,,0.0,,,,,Nexlev,HPC,Skin Care,Skin Lift Device,,LE-04,1
FBA79472,CM-02-PR,B0DFCDZWND,B0DFCDZWND,NexLev Cordless Electric Heating Pad| Period Cramp & Back Pain Relief Massager | 9 modes| Menstrual Cramp Relief|Type C| Crampfree Periods | Portable | Gift for Women| Strap upto 40 Inch |Purple CM-02,116.0,2.0,0.001,0.0011,162.0,2.0,0.0011,0.0008,0.9514,1.0,1,0.0,0.0086,0.0,1143.2203389830509,0.0,1.0,0.0,0,11,Nexlev,1307.12,64.0,19014.0,0.0,0.0,SP_SD,,0.0,,,,,Nexlev,HPC,Electric Massagers,Electric Heating Pads,,CM-02-PR,1
FBA79565,VC-04,B0DKJZDY72,B0DKJZDY72,nexlev Cordless Vacuum Cleaner & Blower |BLDC Copper Motor |HEPA with Stainless Steel Cover | for Home Office & Car Cleaning|4 Attachments | Blower for Dust & Inflatables | Portable & Compact | VC-04,53.0,4.0,0.0005,0.0021,72.0,4.0,0.0005,0.0016,0.8197,1.0,1,0.0,0.0189,0.0,2117.7966101694915,0.0,1.0,0.0,0,11,Nexlev,0.0,0.0,0.0,0.0,0.0,,,,,,,,Nexlev,Home & Kitchen,Cleaning & Vacumming,Vacuum Cleaner,,VC-04,1
FBA79698,SS-01(NEW),B0DTK4FY1G,B0DTK4FY1G,"NexLev Spin Scrubber with Soap Spray | 6 heads| For Kitchen, Tub, Glass, Complete cleaning tool for Home, Office & Car| 90 min runtime | 4500 mAh | Cordless Type C | Adjustable Handle|SS-01, White",119.0,1.0,0.001,0.0005,161.0,1.0,0.0011,0.0004,0.9021,0.0,1,0.0,0.0084,0.0,2033.0508474576272,0.0,1.0,0.0,0,11,Nexlev,0.0,0.0,0.0,0.0,0.0,,,,,,,,Nexlev,Home & Kitchen,Cleaning & Vacumming,Electric Spin Scrubber,,SS-01(NEW),1
FBA79689,CFM-02,B0DVSZ2VVJ,B0DVSZ2VVJ,"NexLev Calf Massager Pro|Complete Feet Calf Knee and Thigh Massage|Hand like Massage with Air Compression and Heat Therapy|Pain Relief,Muscle Recovery & Enhanced Blood Circulation|3 Intensities|CFM-02",183.0,4.0,0.0016,0.0021,216.0,5.0,0.0014,0.0019,0.995,0.0,1,0.0,0.0055,0.0,5083.898305084746,0.0,1.0,0.0,0,11,Nexlev,0.0,0.0,0.0,0.0,0.0,,,,,,,,Nexlev,HPC,Electric Massagers,Complete Leg Massager,,CFM-02,1
FBA79716,SM-01 SET OF 2 MOPS,B0F2MZ8CG9,B0F2MZ8CG9,NexLev Replacement Mop Cloth Pads (Set of 2) | Compatible with NexLev Steam Mop SM-01 | Reusable Microfiber Pads for Floor & Carpet Cleaning | Washable & Durable | Suitable for All Floor Types,7.0,0.0,0.0001,0.0,8.0,0.0,0.0001,0.0,1.0,0.0,1,0.0,0.1429,0.0,338.135593220339,0.0,1.0,0.0,0,11,Nexlev,0.0,0.0,0.0,0.0,0.0,,,,,,,,UNKNOWN,,,,,SM-01 SET OF 2 MOPS,1
FBA79606,LR-01 SET OF 2 BLADES,B0F2N37819,B0F2N37819,NexLev Replacement Stainless Steel Blades (Set of 2) | Compatible with NexLev Lint Remover LR-01 | Sharp & Durable Blades for Effective Fabric Defuzzing | Easy to Replace | Smooth & Safe Performance,38.0,1.0,0.0003,0.0005,53.0,1.0,0.0003,0.0004,1.0,1.0,1,0.0,0.0263,0.0,317.79661016949154,0.0,1.0,0.0,0,11,Nexlev,0.0,0.0,0.0,0.0,0.0,,,,,,,,Nexlev,Home & Kitchen,Set of 2 blades,Spares ,,LR-01 SET OF 2 BLADES,1
FBA79771,SC-01 SET OF SPARES,B0F678L8YT,B0F678L8YT,"nexlev Replacement Accessory Kit for Steam Cleaner SC-01 | Multipurpose Cleaning Attachments for Home, Kitchen, Bathroom & Car",96.0,5.0,0.0008,0.0026,100.0,6.0,0.0007,0.0023,0.9895,1.0,1,0.0,0.0104,0.0,338.135593220339,0.0,1.0,0.0,0,11,Nexlev,0.0,0.0,0.0,0.0,0.0,,,,,,,,Nexlev,Home & Kitchen,Set of Spares,Spares ,,SC-01 SET OF SPARES,1
FBA79778,AP-03 HEPA,B0F67BW7SF,B0F67BW7SF,NexLev Smart Air Purifier HEPA Filter for Model AP220,81.0,2.0,0.0007,0.0011,97.0,2.0,0.0006,0.0008,1.0,0.0,1,0.0,0.0123,0.0,931.35593220339,0.0,1.0,0.0,0,11,Nexlev,0.0,0.0,0.0,0.0,0.0,,,,,,,,Nexlev,Home & Kitchen,HEPA,Spares ,,AP-03 HEPA,1
FBA79810,MF-01,B0FS7T8151,B0FS7T8151,NexLev Rechargeable Milk Frother & Coffee Whisker | 3 Speed | Stainless Steel Dual Spring Tech | Perfect for Coffee Lattes Milk Hot Chocolate Omlete & Cream | Handheld Beater for Foam |MF-01,15.0,0.0,0.0001,0.0,25.0,0.0,0.0002,0.0,1.0,0.0,1,0.0,0.0667,0.0,507.6271186440678,0.0,1.0,0.0,0,11,Nexlev,0.0,0.0,0.0,0.0,0.0,,,,,,,,Nexlev,Home & Kitchen,Kitchen Appliances,Milk Frother,,MF-01,1
FBA79912,SC-05 SC-05 - SET OF SPARES,B0FYNKYJFN,B0FYNKYJFN,"NexLev Replacement Accessory Kit for Steam Cleaner SC-05 | Multipurpose Cleaning Attachments for Home, Kitchen, Bathroom & Car",7.0,0.0,0.0001,0.0,10.0,0.0,0.0001,0.0,1.0,0.0,1,1.0,0.1429,0.0,334.7542372881356,395.01,1.0,1.0,0,11,Nexlev,0.0,0.0,0.0,0.0,0.0,,,,,,,,Nexlev,Home & Kitchen,SC-05 - Set of Spares,Spares ,,SC-05 SC-05 - SET OF SPARES,1
FBA79915,ST-01 ST-01 SET OF HOOKS,B0FYNT1TW7,B0FYNT1TW7,"NexLev Stand Mixer Attachment Set for ST-01 | Includes Dough Hook, Beater & Whisk | Durable Stainless Steel Build | Easy to Attach & Clean | Ideal for Baking, Whipping & Kneading",5.0,0.0,0.0,0.0,5.0,0.0,0.0,0.0,1.0,0.0,1,0.0,0.2,0.0,1271.1864406779662,0.0,1.0,0.0,0,11,Nexlev,0.0,0.0,0.0,0.0,0.0,,,,,,,,UNKNOWN,,,,,ST-01 ST-01 SET OF HOOKS,1
FBA78998,NP-05,B0CDQ5NBH8,B0CDQ5NBH8,nexlev Premium Memory Foam Neck Pillow with 360-Degree Head Support | Lightweight Comfortable Travel Pillow with Storage Bag for Sleeping | Traveling Flight Car Train Bus and Home Use NP-05 (Pink),1.0,0.0,0.0,0.0,1.0,0.0,0.0,0.0,1.0,0.0,0,0.0,0.0,0.0,0.0,0.0,0.0,0.0,0,11,Nexlev,0.0,0.0,0.0,0.0,0.0,,,,,,,,UNKNOWN,,,,,NP-05,0
FBA78996,NP-03,B0CDQ6G4TC,B0CDQ6G4TC,"nexlev Travel Neck Pillow | Orthopedic Premium Memory Foam | for Airplane, Car, Train, Office use & Cervical Pain | Machine Washable | 360 Support | Carry Pouch for Storage | NP-03",2.0,1.0,0.0,0.0005,2.0,1.0,0.0,0.0004,1.0,1.0,0,0.0,0.0,0.0,0.0,0.0,0.0,0.0,0,11,Nexlev,0.0,0.0,0.0,0.0,0.0,,,,,,,,Nexlev,Home & Kitchen,Travel Accessories,Travel Pillow,,NP-03,0
FBA78994,NP-01,B0CDQ98FDM,B0CDQ98FDM,"nexlev Travel Neck Pillow | Orthopedic Premium Memory Foam | for Airplane, Car, Train, Office use & Cervical Pain | Machine Washable | 360 Support | Carry Pouch for Storage | NP-01",4.0,1.0,0.0,0.0005,5.0,2.0,0.0,0.0008,0.8,1.0,0,0.0,0.0,0.0,0.0,0.0,0.0,0.0,0,11,Nexlev,0.0,0.0,0.0,0.0,0.0,,,,,,,,Nexlev,Home & Kitchen,Travel Accessories,Travel Pillow,,NP-01,0
FBA79346,ETC-04-WH,B0D25LNDSY,B0D25LNDSY,Nexlev Rechargeable Electric Toothbrush| 120 Days Life | 35K strokes/min| Type C| 5 Modes for Daily Use| 2 Min timer with 30sec Quadpacer | 4 Brushheads| IPX7 Waterproof| For Men & Women | ETC-04 White,48.0,1.0,0.0004,0.0005,63.0,4.0,0.0004,0.0016,0.5763,1.0,0,0.0,0.0,0.0,0.0,0.0,0.0,0.0,0,11,Nexlev,286.04999999999995,18.0,2900.0,0.0,0.0,SP_SD,,0.0,,,,,Nexlev,HPC,Oral Care,Electric Toothbrush,,ETC-04-WH,0
FBА79266,T-01,B0D2LGR3GG,B0D2LGR3GG,"NexLev 6-in-1 trimmer | Sensitive Bikini Trimmer for Women | Skin Safe with Rounded Tips & Safety Guards| Hair Removal for Intimate Areas, Face, Arms, Legs & Body | 90 min Runtime | Type C | T-01",33.0,0.0,0.0003,0.0,38.0,0.0,0.0002,0.0,0.0,0.0,0,0.0,0.0,0.0,0.0,0.0,0.0,0.0,0,11,Nexlev,0.0,0.0,0.0,0.0,0.0,,,,,,,,UNKNOWN,,,,,T-01,0
FBA79332,HM-01,B0D63FKYZ5,B0D63FKYZ5,NexLev Scalp Massager for Stress Relief | Head Massager for Hair Growth | 96 Tangle Free Silicone Kneading Nodes | Hand Like Massage | 120 Min Runtime | Type C | Washable Heads | 3 Modes | HM-01,55.0,0.0,0.0005,0.0,58.0,0.0,0.0004,0.0,1.0,0.0,0,0.0,0.0,0.0,0.0,0.0,0.0,0.0,0,11,Nexlev,0.0,0.0,0.0,0.0,0.0,,,,,,,,Nexlev,HPC,Hair Care,Head Massager,,HM-01,0
FBA79347,ETC-05-PI,B0D842173P,B0D842173P,Nexlev Electric Toothbrush| 40000 vibrations/min|USB Type C| 5 Modes| 2 Min timer| 30 sec Quad Interval| 4 Replaceable Brushheads With Cover| IPX7 Waterproof| For Adults|Sparkle Pro ETC-05 Sunset Pink,5.0,0.0,0.0,0.0,6.0,0.0,0.0,0.0,1.0,0.0,0,0.0,0.0,0.0,0.0,0.0,0.0,0.0,0,11,Nexlev,0.0,0.0,0.0,0.0,0.0,,,,,,,,Nexlev,HPC,Oral Care,Electric Toothbrush,,ETC-05-PI,0
FBA79381,ETR-06,B0D9KCNVNM,B0D9KCNVNM,Nexlev Oscillating Electric Toothbrush | 8000 Strokes/min | 25 Days Battery Life |Type C|3 modes| 2 Minute Timer |Quad Change Reminder| IPX7 Waterproof | For adults| 1 year warranty| SparklePro ETR-06,44.0,3.0,0.0004,0.0016,53.0,4.0,0.0003,0.0016,1.0,1.0,0,0.0,0.0,0.0,0.0,0.0,0.0,0.0,0,11,Nexlev,0.0,0.0,0.0,0.0,0.0,SP_SD,,,,,,,Nexlev,HPC,Oral Care,Electric Toothbrush - Oscillating,,ETR-06,0
FBA79480,VC-03,B0DDC3GVZW,B0DDC3GVZW,nexlev Cordless Electric Car Vacuum Cleaner VacuSafe| Seat-Belt Cutter| Window Breaker Hammer| LED Torch|4000 mAh| High Power Suction | Copper motor| Type-C Emergency Car Escape Tool| Portable| VC-03,55.0,0.0,0.0005,0.0,61.0,0.0,0.0004,0.0,0.9649,0.0,0,0.0,0.0,0.0,0.0,0.0,0.0,0.0,0,11,Nexlev,0.0,0.0,0.0,0.0,0.0,,,,,,,,Nexlev,Home & Kitchen,Cleaning & Vacumming,Vacuum Cleaner,,VC-03,0
FBA79466,TI-01,B0DFM4JZV9,B0DFM4JZV9,"Nexlev Tyre Inflator for Car | Touch Control |150 PSI |12V DC| 4 Nozzles | Digital Tyre Pressure Gauge| Carry Bag | Suitable for Bike, Bicycle or Any Inflatable | Emergency LED Light | TI-01",12.0,1.0,0.0001,0.0005,12.0,1.0,0.0001,0.0004,1.0,1.0,0,0.0,0.0,0.0,0.0,0.0,0.0,0.0,0,11,Nexlev,0.0,0.0,0.0,0.0,0.0,,,,,,,,Nexlev,Home & Kitchen,Car Accessories,Tyre Inflators - Corded,,TI-01,0
FBA79481,TM-02,B0DFMRG2K4,B0DFMRG2K4,"NexLev All in One Body Trimmer for Men | Suitable for Beard, Body, Balls, Pubic Hair, Private Parts | 90 Min Runtime |Type C | IPX 7 Waterproof | No Nicks No Cuts | 2 Safety Combs| Extra Blade | TM-02",35.0,1.0,0.0003,0.0005,41.0,1.0,0.0003,0.0004,0.5588,0.0,0,0.0,0.0,0.0,0.0,0.0,0.0,0.0,0,11,Nexlev,0.0,0.0,0.0,0.0,0.0,,,,,,,,Nexlev,HPC,Trimmers & Body Groomers,Intimate Trimmer,,TM-02,0
FBA79473,TI-02,B0DJFH6RTL,B0DJFH6RTL,"NexLev Portable Tyre Inflator for Car, Bike, Cycle|150 PSI Pressure| 120 Watt Air Pump|12V Car Plug| Digital Display| Auto Shut-Off| Emergency LED Light| 3m Cord| 3 Air Nozzles| Compact| AER TI-02",22.0,1.0,0.0002,0.0005,28.0,2.0,0.0002,0.0008,0.92,1.0,0,0.0,0.0,0.0,0.0,0.0,0.0,0.0,0,11,Nexlev,0.0,0.0,0.0,0.0,0.0,,,,,,,,Nexlev,Home & Kitchen,Car Accessories,Tyre Inflators - Corded,,TI-02,0
FBA79475,TIC-04,B0DJFJZMC6,B0DJFJZMC6,"nexlev Cordless & Corded Tyre Inflator|150 PSI| 6000 mAh Powerbank|LED Light | Type C Port |Digital Display| 5 Pre-Set Modes|Auto Shut-Off |Multiple Nozzles for Cars, Bikes, Cycle| AER Pro Max TIC-04",26.0,1.0,0.0002,0.0005,35.0,2.0,0.0002,0.0008,1.0,1.0,0,0.0,0.0,0.0,0.0,0.0,0.0,0.0,0,11,Nexlev,0.0,0.0,0.0,0.0,0.0,,,,,,,,Nexlev,Home & Kitchen,Car Accessories,Tyre Inflators - Cordless,,TIC-04,0
FBA79467,TM-01,B0DK9LYT4P,B0DK9LYT4P,NexLev Beard Trimmer| 90min Run Time| 40 Length Settings| 0.5mm Precision| Washable Stainless Steel Blades| Copper Motor| USB Type-C| IPX7 Waterproof| Travel Lock| 2 Beard Comb| 1 Year Warranty |TM-01,29.0,0.0,0.0002,0.0,37.0,0.0,0.0002,0.0,0.8529,0.0,0,0.0,0.0,0.0,0.0,0.0,0.0,0.0,0,11,Nexlev,0.0,0.0,0.0,0.0,0.0,,,,,,,,Nexlev,HPC,Trimmers & Body Groomers,Men's Beard Trimmer,,TM-01,0
FBA79483,TM-03,B0DK9NRBWJ,B0DK9NRBWJ,NexLev Intimate Trimmer for Men|Ceramic Blade|120 Min Runtime|Type C Charge | IPX7 Waterproof | 7000RPM Copper Motor| Cordless|LED Light| Travel Lock| Wet/Dry Groin & Body Shaver | Intimate Pro TM-03,27.0,0.0,0.0002,0.0,57.0,0.0,0.0004,0.0,1.0,0.0,0,0.0,0.0,0.0,0.0,0.0,0.0,0.0,0,11,Nexlev,0.0,0.0,0.0,0.0,0.0,,,,,,,,Nexlev,HPC,Trimmers & Body Groomers,Men's Body Trimmer,,TM-03,0
FBA79485,TM-04,B0DK9QNKK8,B0DK9QNKK8,"NexLev 2 in 1 Nose, Ear & Body Trimmer for Men| Ceramic Blade| 7000 RPM Copper Motor| Type C Charge| 90 Min Runtime| IPX7 Waterproof| Cordless| Overcharge Protection|TM-04",9.0,0.0,0.0001,0.0,10.0,0.0,0.0001,0.0,1.0,0.0,0,0.0,0.0,0.0,0.0,0.0,0.0,0.0,0,11,Nexlev,0.0,0.0,0.0,0.0,0.0,,,,,,,,UNKNOWN,,,,,TM-04,0
FBA79596,MG-01,B0DMT19RWC,B0DMT19RWC,"NexLev Massage Gun |Full Body- Neck, Shoulders, Back, Arms & Feet Pain Relief|Handheld Deep Tissue Massager| 4 Heads| 99 Gears Levels| 3 Modes| 3800 RPM| 1800mAh Battery|Type-C Interface|MG-01",8.0,0.0,0.0001,0.0,19.0,0.0,0.0001,0.0,1.0,0.0,0,0.0,0.0,0.0,0.0,0.0,0.0,0.0,0,11,Nexlev,0.0,0.0,0.0,0.0,0.0,,,,,,,,Nexlev,HPC,Electric Massagers,Massage Gun,,MG-01,0
FBA79484,CF-01,B0DNJF1BLS,B0DNJF1BLS,NexLev Drip Coffee Maker |Filter Coffee for Home & Office | 4-6 Cups | Warming Plate|Borosilicate Carafe | Reusable & Washable Filter | Anti Drip | 750 ml | Cone Filter | Water Level Indicator |CF-01,47.0,0.0,0.0004,0.0,59.0,0.0,0.0004,0.0,0.7451,0.0,0,0.0,0.0,0.0,0.0,0.0,0.0,0.0,0,11,Nexlev,0.0,0.0,0.0,0.0,0.0,,,,,,,,Nexlev,Home & Kitchen,Kitchen Appliances,Drip Coffee Maker,,CF-01,0
FBA79598,BM-02,B0DNJJKBKG,B0DNJJKBKG,NexLev Neck & Back Massager | Deep Tissue Shiatsu Roller | Cervical Pain Relief | 3 Speeds | 8 Kneading Nodes | Quick Pain Relief | Auto Shut Off | 1 year Warranty | BM-02,32.0,0.0,0.0003,0.0,39.0,0.0,0.0003,0.0,1.0,0.0,0,0.0,0.0,0.0,0.0,0.0,0.0,0.0,0,11,Nexlev,0.0,0.0,0.0,0.0,0.0,,,,,,,,Nexlev,HPC,Electric Massagers,Back & Shoulder Massager,,BM-02,0
FBA79589,SS-02,B0DNJP9T35,B0DNJP9T35,"NexLev Spin Scrubber|6 Scrubbing Heads| For Kitchen, Bathroom, Tub, Glass | Complete cleaning tool for Home, Office & Car| 90 min runtime | 2600 mAh | Cordless Type C | 2 Modes|Adjustable Handle|SS-02",74.0,0.0,0.0006,0.0,99.0,0.0,0.0006,0.0,0.9412,0.0,0,0.0,0.0,0.0,0.0,0.0,0.0,0.0,0,11,Nexlev,0.0,0.0,0.0,0.0,0.0,SP_SD,,,,,,,Nexlev,Home & Kitchen,Cleaning & Vacumming,Electric Spin Scrubber,,SS-02,0
FBA79492,V-02,B0DT6Y7KJM,B0DT6Y7KJM,"NexLev IONIC Volumizer + Straightening Brush| 1200 W| Ceramic Tourmaline Coating| Hot Air Brush| Large Barrel| Ionic Technology| Dual bristles for drying, volumizing & straightening | 360° vents| V-02",101.0,3.0,0.0009,0.0016,117.0,3.0,0.0008,0.0012,0.9821,1.0,0,0.0,0.0,0.0,0.0,0.0,0.0,0.0,0,11,Nexlev,8.77,1.0,1433.0,0.0,0.0,SP_SD,,0.0,,,,,Nexlev,HPC,Hair Care,Volumizer,,V-02,0
FBA79676,HB-01,B0DV91JGF1,B0DV91JGF1,NexLev Orthopaedic Heat and Massage Belt | Massager for Lower Back Shoulder Cramps and Neck Pain Relief | 3 massage Modes | 2 intensities | Heat for Soothing Sore Muscles | 30 min Auto Shut off |HB-01,16.0,1.0,0.0001,0.0005,20.0,1.0,0.0001,0.0004,1.0,0.0,0,0.0,0.0,0.0,0.0,0.0,0.0,0.0,0,11,Nexlev,0.0,0.0,0.0,0.0,0.0,,,,,,,,Nexlev,HPC,Electric Massagers,Heated Wrap Belt,,HB-01,0
FBA79690,PM-02,B0DV931G48,B0DV931G48,"NexLev Cordless Body Massager | Neck, Shoulder, Back, Legs & Thigh Pain Relief | 10 Intensity and 12 Modes | 6 Attachments | Deep Tissue Kneading for Complete Pain Relief | Charging Indicator | PM-02",3.0,0.0,0.0,0.0,4.0,0.0,0.0,0.0,1.0,0.0,0,0.0,0.0,0.0,0.0,0.0,0.0,0.0,0,11,Nexlev,0.0,0.0,0.0,0.0,0.0,,,,,,,,Nexlev,HPC,Electric Massagers,Handheld Percussion Massager,,PM-02,0
FBA79686,MGS-02,B0DV94R4QD,B0DV94R4QD,NexLev Massage Gun | Body Massager |6 Speed for Body Relaxation and Muscle Recovery | 4 Attachment| Compact & Portable Design | For Neck Shoulder Back Foot Calf | 1H Use Time |For Men & Women |MGS-02,6.0,0.0,0.0001,0.0,6.0,0.0,0.0,0.0,1.0,0.0,0,0.0,0.0,0.0,0.0,0.0,0.0,0.0,0,11,Nexlev,0.0,0.0,0.0,0.0,0.0,,,,,,,,Nexlev,HPC,Electric Massagers,Massage Gun - Mini,,MGS-02,0
FBA79687,MGC-03,B0DV9CY3XR,B0DV9CY3XR,NexLev Massage Gun | Body Shoulder Neck Feet Calf & Back Massager | Cold Therapy for Muscle Recovery | 60° Heat Therapy for Relaxation | 6 Attachments | 6 Mode | Portable & Compact Design | MGC-03,12.0,1.0,0.0001,0.0005,14.0,1.0,0.0001,0.0004,1.0,0.0,0,0.0,0.0,0.0,0.0,0.0,0.0,0.0,0,11,Nexlev,0.0,0.0,0.0,0.0,0.0,,,,,,,,Nexlev,HPC,Electric Massagers,Hot & Cold Massage Gun,,MGC-03,0
FBA79693,TM-05,B0DVC91Q7J,B0DVC91Q7J,NexLev Body & Intimate Trimmer for Men | Pubic Hair - Private Part Trimmer and Body Groomer |Vacuum for Mess Free Trimming | Ceramic Blades | Curved Edge for Safety | IPX7 Waterproof | TypeC |TM-05,18.0,0.0,0.0002,0.0,21.0,0.0,0.0001,0.0,1.0,0.0,0,0.0,0.0,0.0,0.0,0.0,0.0,0.0,0,11,Nexlev,0.0,0.0,0.0,0.0,0.0,,,,,,,,Nexlev,HPC,Trimmers & Body Groomers,Vacuum Trimmer,,TM-05,0
FBA79683,AP-01,B0DVC9PRSD,B0DVC9PRSD,NexLev Air Purifier for Living Room | 650 sqft Area |True HEPA 13 with 8500 Hrs Filter Life |Captures 99.99% Virus and PM 2.5 |Smart AQI Indicator |Home & Office Use|App Support|Sleep & Auto Mode| A6,116.0,8.0,0.001,0.0042,126.0,8.0,0.0008,0.0031,0.042,0.8333,0,0.0,0.0,0.0,0.0,0.0,0.0,0.0,0,11,Nexlev,356.87,28.0,26453.0,0.0,0.0,SP_SD,,0.0,,,,,Nexlev,Home & Kitchen,Air Purifier,Air Purifier,,AP-01,0
FBA79677,NP-06,B0DVCBR11D,B0DVCBR11D,"nexlev Travel Neck Pillow | Orthopedic Premium Memory Foam | for Airplane, Car, Train, Office use & Cervical Pain | Machine Washable | 360 Support | Carry Pouch for Storage | NP-06",6.0,0.0,0.0001,0.0,6.0,0.0,0.0,0.0,0.5,0.0,0,0.0,0.0,0.0,0.0,0.0,0.0,0.0,0,11,Nexlev,0.0,0.0,0.0,0.0,0.0,,,,,,,,Nexlev,Home & Kitchen,Travel Accessories,Donut Travel Pillow,,NP-06,0
FBA79678,NP-07,B0DVCDD5VC,B0DVCDD5VC,"nexlev Travel Neck Pillow | Orthopedic Premium Memory Foam | for Airplane, Car, Train, Office use & Cervical Pain | Machine Washable | 360 Support | Carry Pouch for Storage | NP-07",21.0,0.0,0.0002,0.0,25.0,0.0,0.0002,0.0,0.9583,0.0,0,0.0,0.0,0.0,0.0,0.0,0.0,0.0,0,11,Nexlev,0.0,0.0,0.0,0.0,0.0,,,,,,,,Nexlev,Home & Kitchen,Travel Accessories,Donut Travel Pillow,,NP-07,0
FBA79717,SPM-01 SET OF 2 MOPS,B0F2MZ9BJS,B0F2MZ9BJS,NexLev Replacement Mop Pads (Set of 2) | Compatible with NexLev Cordless Spin Mop SPM-01 | Soft Microfiber Cleaning Pads | Washable & Reusable | For All Floor Types | Easy to Attach & Remove,3.0,0.0,0.0,0.0,4.0,0.0,0.0,0.0,1.0,0.0,0,0.0,0.0,0.0,0.0,0.0,0.0,0.0,0,11,Nexlev,0.0,0.0,0.0,0.0,0.0,,,,,,,,Nexlev,Home & Kitchen,Set of 2 Mops,Spares ,,SPM-01 SET OF 2 MOPS,0
FBA79657,SS-02 SET OF SPARES,B0F2N31GNX,B0F2N31GNX,NexLev Replacement Accessory Kit for Spin Scrubber SS-02 | Multipurpose Cleaning Heads for Home & Car,7.0,2.0,0.0001,0.0011,11.0,2.0,0.0001,0.0008,1.0,1.0,0,0.0,0.0,0.0,0.0,0.0,0.0,0.0,0,11,Nexlev,0.0,0.0,0.0,0.0,0.0,,,,,,,,Nexlev,Home & Kitchen,Set of Spares,Spares ,,SS-02 SET OF SPARES,0
FBA79721,MR-02 HEPA FILTER,B0F2N4N83Y,B0F2N4N83Y,"nexlev Replacement HEPA Filter | Compatible Cordless Mite Remover (MR-02) | Captures 99.99% Dust, Mites & Allergens | Washable & Durable Filter Maintain",0.0,0.0,0.0,0.0,0.0,0.0,0.0,0.0,0.0,0.0,0,0.0,0.0,0.0,0.0,0.0,0.0,0.0,0,11,Nexlev,0.0,0.0,0.0,0.0,0.0,,,,,,,,Nexlev,Home & Kitchen,HEPA Filter,Spares ,,MR-02 HEPA FILTER,0
FBA79777,AP-01 HEPA,B0F6795PDP,B0F6795PDP,Nexlev Professional Air Purifier HEPA Filter for Model A6,38.0,0.0,0.0003,0.0,43.0,0.0,0.0003,0.0,1.0,0.0,0,0.0,0.0,0.0,0.0,0.0,0.0,0.0,0,11,Nexlev,0.0,0.0,0.0,0.0,0.0,,,,,,,,Nexlev,Home & Kitchen,HEPA,Spares ,,AP-01 HEPA,0
FBA79809,KE-03,B0FJ8SFNRH,B0FJ8SFNRH,"NexLev 1500W Electric Water Kettle | 1.8L | 304 SS - Auto Cut Off | 3x Protection| Instant Boiling, Water, Tea, Coffee, Noodles, Soup | Cool Touch Handle & Lid | 3Mins Rapid Heating | Cordless | KE-03",7.0,0.0,0.0001,0.0,7.0,0.0,0.0,0.0,0.8571,0.0,0,0.0,0.0,0.0,0.0,0.0,0.0,0.0,0,11,Nexlev,0.0,0.0,0.0,0.0,0.0,SP_SD,,,,,,,Nexlev,Home & Kitchen,Kitchen Appliances,Electric Kettle,,KE-03,0
FBA79913,"VC-05 VC-05 -SET OF SPARES(CREVICE, BRUSH & HOSE)",B0FYNLPK1B,B0FYNLPK1B,"NexLev 3-in-1 Accessory Kit for Cordless Wet & Dry Vacuum Cleaner VC-05 | For Car, Sofa & Home Cleaning | Easy to Attach & Durable Build",1.0,0.0,0.0,0.0,1.0,0.0,0.0,0.0,1.0,0.0,0,0.0,0.0,0.0,0.0,0.0,0.0,0.0,0,11,Nexlev,0.0,0.0,0.0,0.0,0.0,,,,,,,,UNKNOWN,,,,,"VC-05 VC-05 -SET OF SPARES(CREVICE, BRUSH & HOSE)",0
FBA78980,GS-02,B0CDPMX152,B0CDPMX152,NexLev Handheld Garment Steamer | 1500 Watts | 300 ML| Standing & Horizontal Iron Press | Damage Free Steaming for all Cloth Types | 25s Quick Heat |Upto 5 Clothes in One Fill | Travel Friendly |GS-02,3387.0,37.0,0.0223,0.013,4603.0,50.0,0.0227,0.0127,0.4865,0.0,23,0.0,0.0068,0.0,41633.05084745763,0.0,23.0,0.0,0,11,Nexlev,23679.30917,1699.0,187782.0,54488.96,34.0,SP_SD,0.4345707675463066,2.3011211859606795,,696.4502697058824,,,Nexlev,Home & Kitchen,Fabric Care,Garment steamer,,GS-02,23
FBA79488,KE-01,B0DFCG2VGS,B0DFCG2VGS,"Nexlev Multi Purpose Electric Food Kettle|1.8L Stainless Steel Pot| 600W|Boil, Steam, Fry, Saute| Double Layered Body|2 Heat Settings|Multi Function for Water, Milk, Egg, Soup, Noodles|KE-01",3302.0,58.0,0.0217,0.0204,4836.0,77.0,0.0238,0.0196,0.2399,0.1628,19,0.0,0.0058,0.0,30086.440677966104,0.0,18.0,0.0,0,11,Nexlev,14744.4,1677.0,190089.0,38429.72,27.0,SP_SD,0.3836718040100214,2.6063942920702097,,546.0888888888888,,,Nexlev,Home & Kitchen,Kitchen Appliances,Electric Multi Kettles,,KE-01,19
FBA79263,MR-01,B0CYSLCRQS,B0CYSLCRQS,"NexLev Mattress, Sofa & Carpet Vacuum Cleaner | For Dust Mites, Allergens & Pet Hair | 4 Step Cleansing with Double Beat, UV Light, Dehumidification & Vacuum | HEPA captures 99.99% Dust|MR-01",35080.0,511.0,0.2306,0.1796,43961.0,663.0,0.2168,0.169,0.1644,0.0,14,0.0,0.0004,0.0,29893.220338983054,0.0,14.0,0.0,0,11,Nexlev,17325.7,1348.0,91896.0,49097.47,20.0,SP_SD,0.3528837636644006,2.8337943055691834,,866.2850000000001,,,Nexlev,Home & Kitchen,Cleaning & Vacumming,Mite Remover,,MR-01,14
FBA79652,SC-05,B0F43P6D23,B0F43P6D23,nexlev Steam Cleaner | Complete Home Kitchen Floor Bathroom Car & Office Cleaning machine | 9 Accessories | 450 ML | Window Pane Sink Grime Chimney Grease Water Stain Cleaner| 4 M Cord |1050W |SC-05,6502.0,136.0,0.0427,0.0478,8736.0,182.0,0.0431,0.0464,0.0826,0.0,12,0.0,0.0018,0.0,27565.254237288136,0.0,12.0,0.0,0,11,Nexlev,37598.88,2165.0,120184.0,156982.2,60.0,SP_SD,0.2395104667917763,4.17518287778785,,626.6479999999999,,,Nexlev,Home & Kitchen,Cleaning & Vacumming,Steam cleaner,,SC-05,12
FBA79404,FS-01,B0D9KFZYG8,B0D9KFZYG8,"NexLev Steamer For Cold & Cough| Face Steam,Inhaler & Vaporizer | Perfect for Facial & Aromatherapy | Nano Ionic Steam | Uv Sterilization | Aroma Diffuser|30 Sec Heating|Avoid Burns & Spillage | FS-01",285.0,9.0,0.0019,0.0032,374.0,14.0,0.0018,0.0036,0.7227,0.0,6,0.0,0.0211,0.0,8638.983050847459,0.0,6.0,0.0,0,11,Nexlev,3638.51,179.0,73488.0,5801.69,4.0,SP_SD,0.6271465728089574,1.5945235824554556,,909.6275,,,Nexlev,HPC,Skin Care,Face Steamer,,FS-01,6
FBA79350,EA-01,B0D67727VG,B0D67727VG,NexLev LED Therapy Oil Applicator | Reduce Dandruff | Improve Hair Growth | EMS for Scalp Improvement | Red & Blue Light | High Frequency Massage for Better Absorption | 10 ML | Waterproof | EA-01,532.0,18.0,0.0035,0.0063,717.0,24.0,0.0035,0.0061,0.1726,0.0,4,0.0,0.0075,0.0,3800.0,0.0,4.0,0.0,0,11,Nexlev,1743.59,128.0,14159.0,5228.570000000001,5.0,SP_SD,0.3334735883807618,2.998738235479672,,348.718,,,Nexlev,HPC,Hair Care,Hair Oil Applicator,,EA-01,4
FBA79406,HSB-04,B0DCK3N2JJ,B0DCK3N2JJ,"NexLev Ionic Cordless Hair Straightener Brush | 60min Runtime | upto 200° Heating | Portable & Type C Rechargeable | Keratin Bristles |Straight, Frizz Free & Shiny Hair | Compact Comb Design | HSB-04",2836.0,4.0,0.0186,0.0014,3868.0,5.0,0.0191,0.0013,0.392,0.0,4,0.0,0.0014,0.0,8467.796610169493,0.0,4.0,0.0,0,11,Nexlev,6573.99,474.0,101975.0,16766.08,9.0,SP_SD,0.3921005983509562,2.550365911721801,,730.4433333333333,,,Nexlev,HPC,Hair Care,Hair Straightener Brush - Cordless,,HSB-04,4
FBA79469,LE-04,B0DCK4DR1B,B0DCK4DR1B,Nexlev Skin Lift Device | 7 Color LED | Face & Neck Skin Lifting| 3 Massage Modes| Face Sculpting Tool |Micro-currents to reduce Wrinkles| Hot Compress | Rechargeable| Type-C| 180 Min Use| Glow+ LE-04,92.0,1.0,0.0006,0.0004,135.0,1.0,0.0007,0.0003,0.5636,0.0,4,0.0,0.0435,0.0,5183.050847457627,0.0,4.0,0.0,0,11,Nexlev,601.85,38.0,5786.0,0.0,0.0,SP_SD,,0.0,,,,,Nexlev,HPC,Skin Care,Skin Lift Device,,LE-04,4
FBA79439,MR-02,B0DCK7ZH5P,B0DCK7ZH5P,"NexLev Mattress, Sofa, Carpet & Car Seat Vacuum Cleaner|For Dust Mites Allergens & Pet Hair|Cordless Design|1500*3 mAh |UV Sterilization, Double Beat Technology|Type C| HEPA captures 99.99% Dust|MR-02",10479.0,194.0,0.0689,0.0682,12585.0,235.0,0.0621,0.0599,0.0191,0.0231,4,1.0,0.0004,0.0052,11406.77966101695,3365.0,4.0,1.0,0,11,Nexlev,14092.04,762.0,62522.0,49304.2,19.0,SP_SD,0.2858182467213746,3.4987269408829382,,741.6863157894737,,,Nexlev,Home & Kitchen,Cleaning & Vacumming,Mite Remover,,MR-02,4
FBA78981,SC-01,B0CDPP45BM,B0CDPP45BM,"NexLev Steam Cleaner | For Complete Home Kitchen Bathroom Car Sofa & Office Cleaning Machine | 9 Accessories |300 ML | Window Pane, Sink, Chimney Grease, Water Stain Cleaner| 4 Mtr Cord | 1000W |SC-01",7858.0,183.0,0.0517,0.0643,10367.0,235.0,0.0511,0.0599,0.0054,0.0,3,0.0,0.0004,0.0,9073.728813559324,0.0,3.0,0.0,0,11,Nexlev,34826.520000000004,2113.0,211272.0,127371.11,43.0,SP_SD,0.2734255829284993,3.65730225127288,,809.919069767442,,,Nexlev,Home & Kitchen,Cleaning & Vacumming,Steam cleaner,,SC-01,3
FBA79273,HS-02,B0D2LKB4BJ,B0D2LKB4BJ,"Nexlev Hair Styling Straightener & Curler| 2 in 1 Hair Styler| 200°C in 30 Seconds| Long Ceramic Floating Plates| Rounded Body for Curls| Plate lock| Portable |HS-02, Hair Straightener Tong - Purple",28.0,0.0,0.0002,0.0,54.0,0.0,0.0003,0.0,0.3333,0.0,2,0.0,0.0714,0.0,1381.35593220339,0.0,2.0,0.0,0,11,Nexlev,0.0,0.0,0.0,0.0,0.0,,,,,,,,Nexlev,HPC,Hair Care,Hair Straightener,,HS-02,2
FBA79373,ET-01-BK_N,B0D2P5TGWK,B0D2P5TGWK,"nexlev Smart Electric Toothbrush for Adults |2-Min Timer with Quadpacer |2 Replaceable Heads | AAA Battery |3 Modes (Daily, Normal & Sesitive) |Upto 60 Days | Travel Case | Soft Bristles |ET-01 Black",522.0,7.0,0.0034,0.0025,715.0,12.0,0.0035,0.0031,0.0091,0.0,2,0.0,0.0038,0.0,516.9491525423729,0.0,2.0,0.0,0,11,Nexlev,1725.03,125.0,12865.0,2528.81,10.0,SP_SD,0.6821508931078254,1.4659513167886935,,172.503,,,Nexlev,HPC,Oral Care,Electric Toothbrush,,ET-01-BK_N,2
FBA79374,ET-02-GN_N,B0D2P7WLJB,B0D2P7WLJB,"NexLev Smart Electric Toothbrush for Adults |2-Min Timer with Quadpacer |2 Replaceable Heads | AAA Battery |3 Modes (Daily, Normal & Sesitive) |Upto 60 Days | Travel Case | Soft Bristles |ET-02 Green",388.0,6.0,0.0026,0.0021,489.0,8.0,0.0024,0.002,0.1396,0.0,2,0.0,0.0052,0.0,516.9491525423729,0.0,2.0,0.0,0,11,Nexlev,2017.75,151.0,17008.0,1016.09,4.0,SP_SD,1.985798502101192,0.5035757650848718,,504.4375,,,Nexlev,HPC,Oral Care,Electric Toothbrush,,ET-02-GN_N,2
FBA79440,LE-02,B0DCGHKRXX,B0DCGHKRXX,NexLev LED Phototherapy comb | Electric Scalp Massager | Red Light for Regrowth | Blue Light for Anti Dandruff | Hairfall Control | Rechargeable TypeC | Targeted Laser Treatment Machine |3 Modes |LE-02,557.0,4.0,0.0037,0.0014,740.0,5.0,0.0036,0.0013,0.1295,0.0,2,0.0,0.0036,0.0,3283.0508474576272,0.0,2.0,0.0,0,11,Nexlev,629.42,96.0,19130.0,1641.53,1.0,SP_SD,0.3834349661596193,2.6080041943376444,,629.42,,,Nexlev,HPC,Hair Care,Hair Therapy Comb,,LE-02,2
FBA79452,VC-01,B0DCGHVN81,B0DCGHVN81,NexLev 2 in 1 Handheld & Stick Vacuum Cleaner | 17500 PA Suction | Dry Vacuuming for Home & Office | Washable HEPA Filter | 4 Adjustable Heads | Bagless| Deep Cleaning for Sofa Bed Window & more|VC-01,913.0,9.0,0.006,0.0032,1302.0,10.0,0.0064,0.0025,0.0864,0.0,2,0.0,0.0022,0.0,1814.406779661017,0.0,2.0,0.0,0,11,Nexlev,10177.73,712.0,153141.0,16044.9,11.0,SP_SD,0.6343280419323274,1.5764713742651848,,925.2481818181818,,,Nexlev,Home & Kitchen,Cleaning & Vacumming,Vacuum Cleaner,,VC-01,2
FBA79692,AP-03,B0DVC58QPZ,B0DVC58QPZ,NexLev Smart Air Purifier | Home Room & Office Use upto 220 sq ft |True HEPA 13 Filter | Eliminate 99.99% Virus Dust Smoke Odor Pollen Allergens & Pollutants | Long Filter Life |3 Year Warranty |AP220,6186.0,42.0,0.0407,0.0148,8304.0,66.0,0.0409,0.0168,0.2957,0.0303,2,0.0,0.0003,0.0,6100.0,0.0,2.0,0.0,0,11,Nexlev,13919.33,676.0,156455.0,21350.0,7.0,SP_SD,0.6519592505854801,1.5338381947981692,,1988.4757142857145,,,Nexlev,Home & Kitchen,Air Purifier,NexLev Air Purifier Mini,,AP-03,2
FBA79679,ST-01,B0DVC7VJP1,B0DVC7VJP1,"NexLev Stand Mixer | 5.5L SS Bowl | 1500W |10 Speeds | Pulse Function |Planetary Rotation | Whisk, Beater & Dough Hook |100% Copper Motor | For Roti Atta, Cookie Dough, Cake, Whip Cream & more | ST-01",1886.0,36.0,0.0124,0.0127,2493.0,50.0,0.0123,0.0127,0.0265,0.0,2,0.0,0.0011,0.0,9732.203389830507,0.0,2.0,0.0,0,11,Nexlev,20578.95,1137.0,143632.0,52330.64,12.0,SP_SD,0.3932485824748178,2.542920800138005,,1714.9125,,,Nexlev,Home & Kitchen,Kitchen Appliances,Stand Mixer,,ST-01,2
FBA79682,HU-02,B0DVC8NYY2,B0DVC8NYY2,"NexLev Cool Mist Humidifier | 2.2L| For Office, Indoor Plants, Baby Nursery | Quiet Operation | Works 30Hrs on Low Setting | 360° Nozzle | Auto Shut-Off | Adjustable Knob | Leak Proof | HU-02",433.0,19.0,0.0028,0.0067,614.0,46.0,0.003,0.0117,0.1404,0.0,2,0.0,0.0046,0.0,3049.1525423728817,0.0,2.0,0.0,0,11,Nexlev,8312.33,363.0,102232.0,19794.53,12.0,SP_SD,0.4199306576109662,2.381345543307352,,692.6941666666667,,,Nexlev,Home & Kitchen,Air Purifier,Humidifier White,,HU-02,2
FBА79266,T-01,B0D2LGR3GG,B0D2LGR3GG,"NexLev 6-in-1 trimmer | Sensitive Bikini Trimmer for Women | Skin Safe with Rounded Tips & Safety Guards| Hair Removal for Intimate Areas, Face, Arms, Legs & Body | 90 min Runtime | Type C | T-01",49.0,0.0,0.0003,0.0,55.0,0.0,0.0003,0.0,0.902,0.0,1,0.0,0.0204,0.0,863.5593220338983,0.0,1.0,0.0,0,11,Nexlev,0.0,0.0,0.0,0.0,0.0,,,,,,,,UNKNOWN,,,,,T-01,1
FBA79279,LR-01,B0D8445KJN,B0D8445KJN,"nexlev Rechargeable Lint Remover | For Woollen Sweaters Pill, Rue & Burr Remover | 60min Use Time | Type C |Defuzzer | Lint Brush for Coat | 2 Modes | SS Blade | Safety Lock | LR-01",85.0,6.0,0.0006,0.0021,107.0,7.0,0.0005,0.0018,0.0957,0.0,1,0.0,0.0118,0.0,777.1186440677966,0.0,1.0,0.0,0,11,Nexlev,445.52,21.0,4231.0,761.86,1.0,SP_SD,0.5847793557871525,1.710046687017418,,445.52,,,Nexlev,Home & Kitchen,Fabric Care,Lint Remover,,LR-01,1
FBA79349,SW-01,B0D9KDQCCM,B0D9KDQCCM,nexlev Portable Sewing Machine| 2 Speed Settings| Cordless| Battery operated| USB Type C cord for Plug-in| Quick Fix DIY |Portable & Compact| for all Fabrics| 1 Year Warranty| STITCH & STYLE SW-01,1122.0,18.0,0.0074,0.0063,1660.0,26.0,0.0082,0.0066,0.03,0.0,1,0.0,0.0009,0.0,863.5593220338983,0.0,1.0,0.0,0,11,Nexlev,0.0,0.0,0.0,0.0,0.0,SP_SD,,,,,,,Nexlev,Home & Kitchen,Fabric Care,Mini Sewing Machine,,SW-01,1
FBA79566,VC-05,B0DKJSCLBD,B0DKJSCLBD,"nexlev Cordless Wet & Dry Vacuum Cleaner|For Home Car & Office Use|3 Attachments | 4000 mAh Battery|Quick Cleaning of Desk, Coffee tea or Water Spill | Compact & Portable | VC-05",1336.0,10.0,0.0088,0.0035,1682.0,12.0,0.0083,0.0031,0.4249,0.0,1,0.0,0.0007,0.0,1778.813559322034,0.0,1.0,0.0,0,11,Nexlev,6298.53532,306.0,78736.0,7454.24,5.0,SP_SD,0.8449600925111078,1.183487846187072,,1259.707064,,,Nexlev,Home & Kitchen,Cleaning & Vacumming,Vacuum Cleaner,,VC-05,1
FBA79570,BR-01,B0DKJXRXKM,B0DKJXRXKM,NexLev Blackhead & Whitehead Remover Tool | Rechargeable |1Hr Use| Acne & Pimple Pore Cleaner | 6 Heads | Electric Derma Suction Machine | Hydra Facial Cleanser Device for Face |For Men & Women |BR-01,1208.0,29.0,0.0079,0.0102,1722.0,42.0,0.0085,0.0107,0.042,0.04,1,0.0,0.0008,0.0,1382.2033898305085,0.0,1.0,0.0,0,11,Nexlev,11412.99,721.0,82667.0,24448.36,19.0,SP_SD,0.4668202693350392,2.142152056560113,,600.6836842105263,,,Nexlev,HPC,Skin Care,Blackhead Remover,,BR-01,1
FBA79590,CFM-01,B0DM6BB3VT,B0DM6BB3VT,nexlev Calf Massager | Daily Use Leg Massager for Sore Muscle |1 Piece | Hand Like Massage with Air Compression | Improve Blood Circulation & Relieve Pain | 2500 mAh | Large Belt | Type C |CFM-01,2481.0,33.0,0.0163,0.0116,3141.0,39.0,0.0155,0.0099,0.0811,0.0,1,0.0,0.0004,0.0,2419.491525423729,0.0,1.0,0.0,0,11,Nexlev,9764.66,609.0,41977.0,48828.09,16.0,SP_SD,0.1999803801459364,5.000490544473643,,610.29125,,,Nexlev,HPC,Electric Massagers,Calf Massager,,CFM-01,1
FBA79567,SC-04,B0DNJS23HS,B0DNJS23HS,NexLev 10 in 1 Steam Cleaner & Mop|2 Steam Modes| Mopping & Deep Cleaning Home Car Sofa Bathroom Kitchen & Office |For All Surfaces|350ML|Chemical Free Cleaning | Detachable & Foldable|SC-04,8128.0,70.0,0.0534,0.0246,10602.0,106.0,0.0523,0.027,0.0726,0.0,1,0.0,0.0001,0.0,5083.898305084746,0.0,1.0,0.0,0,11,Nexlev,26036.23,1771.0,92738.0,117700.05,29.0,SP_SD,0.2212083172437055,4.520625681982376,,897.8010344827586,,,Nexlev,Home & Kitchen,Cleaning & Vacumming,Steam cleaner,,SC-04,1
FBA79683,AP-01,B0DVC9PRSD,B0DVC9PRSD,NexLev Air Purifier for Living Room | 650 sqft Area |True HEPA 13 with 8500 Hrs Filter Life |Captures 99.99% Virus and PM 2.5 |Smart AQI Indicator |Home & Office Use|App Support|Sleep & Auto Mode| A6,116.0,8.0,0.0008,0.0028,126.0,8.0,0.0006,0.002,0.958,0.1667,1,0.0,0.0086,0.0,12110.169491525425,0.0,1.0,0.0,0,11,Nexlev,356.87,28.0,26453.0,0.0,0.0,SP_SD,,0.0,,,,,Nexlev,Home & Kitchen,Air Purifier,Air Purifier,,AP-01,1
FBA78996,NP-03,B0CDQ6G4TC,B0CDQ6G4TC,"nexlev Travel Neck Pillow | Orthopedic Premium Memory Foam | for Airplane, Car, Train, Office use & Cervical Pain | Machine Washable | 360 Support | Carry Pouch for Storage | NP-03",2.0,1.0,0.0,0.0004,2.0,1.0,0.0,0.0003,0.0,0.0,0,0.0,0.0,0.0,0.0,0.0,0.0,0.0,0,11,Nexlev,0.0,0.0,0.0,0.0,0.0,,,,,,,,Nexlev,Home & Kitchen,Travel Accessories,Travel Pillow,,NP-03,0
FBA78994,NP-01,B0CDQ98FDM,B0CDQ98FDM,"nexlev Travel Neck Pillow | Orthopedic Premium Memory Foam | for Airplane, Car, Train, Office use & Cervical Pain | Machine Washable | 360 Support | Carry Pouch for Storage | NP-01",4.0,1.0,0.0,0.0004,5.0,2.0,0.0,0.0005,0.2,0.0,0,0.0,0.0,0.0,0.0,0.0,0.0,0.0,0,11,Nexlev,0.0,0.0,0.0,0.0,0.0,,,,,,,,Nexlev,Home & Kitchen,Travel Accessories,Travel Pillow,,NP-01,0
FBA79229,GS-04,B0CQX9ZZMH,B0CQX9ZZMH,NexLev Handheld Garment Steamer |1800 Watts | 25 g/min | 300 ML | Vertical & Horizontal Ironing for Silk Velvet & | Damage Free Steam for all Cloth Types | 25sec quick heat | 3 Brushes | GS-04,49.0,1.0,0.0003,0.0004,58.0,2.0,0.0003,0.0005,0.2353,0.0,0,0.0,0.0,0.0,0.0,0.0,0.0,0.0,0,11,Nexlev,0.0,0.0,0.0,0.0,0.0,,,,,,,,Nexlev,Home & Kitchen,Fabric Care,Garment steamer,,GS-04,0
FBA79346,ETC-04-WH,B0D25LNDSY,B0D25LNDSY,Nexlev Rechargeable Electric Toothbrush| 120 Days Life | 35K strokes/min| Type C| 5 Modes for Daily Use| 2 Min timer with 30sec Quadpacer | 4 Brushheads| IPX7 Waterproof| For Men & Women | ETC-04 White,48.0,1.0,0.0003,0.0004,63.0,4.0,0.0003,0.001,0.4237,0.0,0,0.0,0.0,0.0,0.0,0.0,0.0,0.0,0,11,Nexlev,286.04999999999995,18.0,2900.0,0.0,0.0,SP_SD,,0.0,,,,,Nexlev,HPC,Oral Care,Electric Toothbrush,,ETC-04-WH,0
FBA79272,HS-01,B0D2LFMY48,B0D2LFMY48,"Nexlev Hair Styling Straightener & Curler| 2 in 1 Hair Styler| 200°C in 30 Seconds| Long Ceramic Floating Plates| Rounded Body for Curls| Plate Lock| Portable HS-01, Hair Straightener Tong - Black",30.0,1.0,0.0002,0.0004,37.0,1.0,0.0002,0.0003,0.0588,0.0,0,0.0,0.0,0.0,0.0,0.0,0.0,0.0,0,11,Nexlev,0.0,0.0,0.0,0.0,0.0,,,,,,,,Nexlev,HPC,Hair Care,Hair Straightener,,HS-01,0
FBA79265,CR-01,B0D2LHNS9B,B0D2LHNS9B,"NexLev Foot Callus Remover | Electric Scrubber & Shaver for Dead, Hard & Cracked Skin | Professional Pedicure at Home | Waterproof | Type C | 3 Crystal Quartz Heads | For Men and Women| CR-01",171.0,2.0,0.0011,0.0007,267.0,2.0,0.0013,0.0005,0.1435,0.0,0,0.0,0.0,0.0,0.0,0.0,0.0,0.0,0,11,Nexlev,1793.75,99.0,17748.0,2440.7,4.0,SP_SD,0.7349326013029049,1.3606689895470383,,448.4375,,,Nexlev,HPC,Skin Care,Callus Remover,,CR-01,0
FBA79276,SM-01,B0D2LJSQXZ,B0D2LJSQXZ,NexLev Steam Mop | Chemical Free Mopping | Floor Cleaning + Carpet Steaming | 4 Extra Mop Pads | 400 ML | 1300W | Floor Disinfectant | For All Floor Types | 4mtr long Cord | Wet & Dry Mopping | SM-01,1899.0,34.0,0.0125,0.012,2541.0,55.0,0.0125,0.014,0.01,0.0,0,0.0,0.0,0.0,0.0,0.0,0.0,0.0,0,11,Nexlev,4959.08,345.0,29984.0,14826.27,4.0,SP_SD,0.3344792722647031,2.98972188389782,,1239.77,,,Nexlev,Home & Kitchen,Cleaning & Vacumming,Steam Mop,,SM-01,0
FBA79268,GS-05,B0D383WQPB,B0D383WQPB,NexLev Foldable Garment Steamer for Home & Travel | Convenient Vertical Steaming | 1200W | 120 ml | Lightweight & Compact | 30s Fast Heating | Iron for all Cloth Types | 2 M cord | Anti Spill | GS-05,1466.0,56.0,0.0096,0.0197,2045.0,86.0,0.0101,0.0219,0.0028,0.0,0,0.0,0.0,0.0,0.0,0.0,0.0,0.0,0,11,Nexlev,21022.44,954.0,394137.0,47290.21,32.0,SP_SD,0.444541058286694,2.2495109987232693,,656.95125,,,Nexlev,Home & Kitchen,Fabric Care,Garment steamer,,GS-05,0
FBA79332,HM-01,B0D63FKYZ5,B0D63FKYZ5,NexLev Scalp Massager for Stress Relief | Head Massager for Hair Growth | 96 Tangle Free Silicone Kneading Nodes | Hand Like Massage | 120 Min Runtime | Type C | Washable Heads | 3 Modes | HM-01,55.0,0.0,0.0004,0.0,58.0,0.0,0.0003,0.0,0.0,0.0,0,0.0,0.0,0.0,0.0,0.0,0.0,0.0,0,11,Nexlev,0.0,0.0,0.0,0.0,0.0,,,,,,,,Nexlev,HPC,Hair Care,Head Massager,,HM-01,0
FBA79277,SC-03,B0D672NXC8,B0D672NXC8,"Nexlev SWIPE Steam Cleaner | 3.5 Bar Strong Steam|Multipurpose Steam Cleaner for Car, Kitchen, Bathroom, Floor, Window, Glass, Upholstery| 8 Accessories Kit|Safety Lock| Large 700ML Water Tank | SC-03",721.0,24.0,0.0047,0.0084,985.0,27.0,0.0049,0.0069,0.0035,0.0,0,0.0,0.0,0.0,0.0,0.0,0.0,0.0,0,11,Nexlev,0.0,0.0,0.0,0.0,0.0,,,,,,,,Nexlev,Home & Kitchen,Cleaning & Vacumming,Steam cleaner,,SC-03,0
FBA79271,V-01,B0D83Q7L8W,B0D83Q7L8W,"NexLev Ionic Hot Air Brush | 3 in 1 Blow Dryer, Straightener & Styler | 360° Airflow Vents | Ceramic Tourmaline Coated Brushing Head | Tangle Free Bristle | 1200W | 3 Speed & 2 Heat Settings|V-01",253.0,5.0,0.0017,0.0018,344.0,6.0,0.0017,0.0015,0.0065,0.0,0,0.0,0.0,0.0,0.0,0.0,0.0,0.0,0,11,Nexlev,984.4,59.0,5095.0,1185.59,1.0,SP_SD,0.8303038993243872,1.2043783015034537,,984.4,,,Nexlev,HPC,Hair Care,Volumizer,,V-01,0
FBA79405,HSB-03,B0D9KFP4MG,B0D9KFP4MG,nexlev Ionic Hair Straightener Brush for Woman|Frizz-Free Straightening upto 12H| Ceramic Plates |60mm Wide Brush |130-210° |Keratin Bristles| Thermo Protect Technology|No Scalp Burn|1500W|HSB-03,1147.0,8.0,0.0075,0.0028,1491.0,8.0,0.0074,0.002,0.0049,0.0,0,0.0,0.0,0.0,0.0,0.0,0.0,0.0,0,11,Nexlev,2335.61035,166.0,34721.0,6433.88,4.0,SP_SD,0.3630173938587602,2.7546889403020502,,583.9025875,,,Nexlev,HPC,Hair Care,Hair Straightener Brush - Corded,,HSB-03,0
FBA79443,LE-03,B0D9KFQG8Q,B0D9KFQG8Q,"Nexlev Skin Scrubber |Red & Blue LED Therapy| Blackhead Remover| Pore Cleaner| Skin Lifting & tightening, wrinkle remover| 2 Silicone Cleaning Heads| Facial Cleansing|Type C Charging| Elixir Pro LE-03",128.0,4.0,0.0008,0.0014,157.0,7.0,0.0008,0.0018,0.0,0.0,0,0.0,0.0,0.0,0.0,0.0,0.0,0.0,0,11,Nexlev,10.48,4.0,160.0,0.0,0.0,SP_SD,,0.0,,,,,Nexlev,HPC,Skin Care,LED Face & Skin Care Massager,,LE-03,0
FBA79463,VC-02,B0DCK56Q85,B0DCK56Q85,"NexLev Cordless Vacuum Cleaner|HEPA with Stainless Steel Cover|6000 mAh|Copper Motor| Rechargeable Type C|Ideal for Home, Office & Car Use|Compact & Portable|Dust & Pet Hair Remover|3 Attachment|VC-02",141.0,5.0,0.0009,0.0018,203.0,18.0,0.001,0.0046,0.0169,0.0,0,0.0,0.0,0.0,0.0,0.0,0.0,0.0,0,11,Nexlev,0.0,0.0,0.0,0.0,0.0,,,,,,,,Nexlev,Home & Kitchen,Cleaning & Vacumming,Vacuum Cleaner,,VC-02,0
FBA79480,VC-03,B0DDC3GVZW,B0DDC3GVZW,nexlev Cordless Electric Car Vacuum Cleaner VacuSafe| Seat-Belt Cutter| Window Breaker Hammer| LED Torch|4000 mAh| High Power Suction | Copper motor| Type-C Emergency Car Escape Tool| Portable| VC-03,55.0,0.0,0.0004,0.0,61.0,0.0,0.0003,0.0,0.0175,0.0,0,0.0,0.0,0.0,0.0,0.0,0.0,0.0,0,11,Nexlev,0.0,0.0,0.0,0.0,0.0,,,,,,,,Nexlev,Home & Kitchen,Cleaning & Vacumming,Vacuum Cleaner,,VC-03,0
FBA79464,CM-01-BL,B0DFCDKMWR,B0DFCDKMWR,nexlev Cordless Electric Heating Pad| Period Cramp & Back Pain Relief Massager | 9 modes| Menstrual Cramp Relief|Type C| Crampfree Periods | Portable | Gift for Women| Strap upto 40 Inch |Blue CM-01,54.0,0.0,0.0004,0.0,73.0,0.0,0.0004,0.0,0.0455,0.0,0,0.0,0.0,0.0,0.0,0.0,0.0,0.0,0,11,Nexlev,0.0,0.0,0.0,0.0,0.0,SP_SD,,,,,,,Nexlev,HPC,Electric Massagers,Electric Heating Pads,,CM-01-BL,0
FBA79472,CM-02-PR,B0DFCDZWND,B0DFCDZWND,NexLev Cordless Electric Heating Pad| Period Cramp & Back Pain Relief Massager | 9 modes| Menstrual Cramp Relief|Type C| Crampfree Periods | Portable | Gift for Women| Strap upto 40 Inch |Purple CM-02,116.0,2.0,0.0008,0.0007,162.0,2.0,0.0008,0.0005,0.0417,0.0,0,0.0,0.0,0.0,0.0,0.0,0.0,0.0,0,11,Nexlev,1307.12,64.0,19014.0,0.0,0.0,SP_SD,,0.0,,,,,Nexlev,HPC,Electric Massagers,Electric Heating Pads,,CM-02-PR,0
FBA79489,KE-02,B0DFD123P5,B0DFD123P5,"Nexlev MultiPurpose Electric Food Kettle|1.5 L Ceramic Pot | 600W| Boil, Steam, Fry, Saute| Double Layered Body| 2 Temperature Settings| Multi Cooker for Water, Egg, Tea, Soup, Noodles, Rice| KE-02",4057.0,56.0,0.0267,0.0197,5813.0,82.0,0.0287,0.0209,0.0036,0.0,0,0.0,0.0,0.0,0.0,0.0,0.0,0.0,0,11,Nexlev,24598.58,2932.0,411074.0,95353.25,70.0,SP_SD,0.2579731681930086,3.876372132049899,,351.40828571428574,,,Nexlev,Home & Kitchen,Kitchen Appliances,Electric Multi Kettles,,KE-02,0
FBA79466,TI-01,B0DFM4JZV9,B0DFM4JZV9,"Nexlev Tyre Inflator for Car | Touch Control |150 PSI |12V DC| 4 Nozzles | Digital Tyre Pressure Gauge| Carry Bag | Suitable for Bike, Bicycle or Any Inflatable | Emergency LED Light | TI-01",12.0,1.0,0.0001,0.0004,12.0,1.0,0.0001,0.0003,0.0,0.0,0,0.0,0.0,0.0,0.0,0.0,0.0,0.0,0,11,Nexlev,0.0,0.0,0.0,0.0,0.0,,,,,,,,Nexlev,Home & Kitchen,Car Accessories,Tyre Inflators - Corded,,TI-01,0
FBA79481,TM-02,B0DFMRG2K4,B0DFMRG2K4,"NexLev All in One Body Trimmer for Men | Suitable for Beard, Body, Balls, Pubic Hair, Private Parts | 90 Min Runtime |Type C | IPX 7 Waterproof | No Nicks No Cuts | 2 Safety Combs| Extra Blade | TM-02",35.0,1.0,0.0002,0.0004,41.0,1.0,0.0002,0.0003,0.0,0.0,0,0.0,0.0,0.0,0.0,0.0,0.0,0.0,0,11,Nexlev,0.0,0.0,0.0,0.0,0.0,,,,,,,,Nexlev,HPC,Trimmers & Body Groomers,Intimate Trimmer,,TM-02,0
FBA79473,TI-02,B0DJFH6RTL,B0DJFH6RTL,"NexLev Portable Tyre Inflator for Car, Bike, Cycle|150 PSI Pressure| 120 Watt Air Pump|12V Car Plug| Digital Display| Auto Shut-Off| Emergency LED Light| 3m Cord| 3 Air Nozzles| Compact| AER TI-02",27.0,1.0,0.0002,0.0004,33.0,2.0,0.0002,0.0005,0.2333,0.0,0,0.0,0.0,0.0,0.0,0.0,0.0,0.0,0,11,Nexlev,0.0,0.0,0.0,0.0,0.0,,,,,,,,Nexlev,Home & Kitchen,Car Accessories,Tyre Inflators - Corded,,TI-02,0
FBA79467,TM-01,B0DK9LYT4P,B0DK9LYT4P,NexLev Beard Trimmer| 90min Run Time| 40 Length Settings| 0.5mm Precision| Washable Stainless Steel Blades| Copper Motor| USB Type-C| IPX7 Waterproof| Travel Lock| 2 Beard Comb| 1 Year Warranty |TM-01,29.0,0.0,0.0002,0.0,37.0,0.0,0.0002,0.0,0.1471,0.0,0,0.0,0.0,0.0,0.0,0.0,0.0,0.0,0,11,Nexlev,0.0,0.0,0.0,0.0,0.0,,,,,,,,Nexlev,HPC,Trimmers & Body Groomers,Men's Beard Trimmer,,TM-01,0
FBA79483,TM-03,B0DK9NRBWJ,B0DK9NRBWJ,NexLev Intimate Trimmer for Men|Ceramic Blade|120 Min Runtime|Type C Charge | IPX7 Waterproof | 7000RPM Copper Motor| Cordless|LED Light| Travel Lock| Wet/Dry Groin & Body Shaver | Intimate Pro TM-03,27.0,0.0,0.0002,0.0,57.0,0.0,0.0003,0.0,0.0,0.0,0,0.0,0.0,0.0,0.0,0.0,0.0,0.0,0,11,Nexlev,0.0,0.0,0.0,0.0,0.0,,,,,,,,Nexlev,HPC,Trimmers & Body Groomers,Men's Body Trimmer,,TM-03,0
FBA79565,VC-04,B0DKJZDY72,B0DKJZDY72,nexlev Cordless Vacuum Cleaner & Blower |BLDC Copper Motor |HEPA with Stainless Steel Cover | for Home Office & Car Cleaning|4 Attachments | Blower for Dust & Inflatables | Portable & Compact | VC-04,53.0,4.0,0.0003,0.0014,72.0,4.0,0.0004,0.001,0.1803,0.0,0,0.0,0.0,0.0,0.0,0.0,0.0,0.0,0,11,Nexlev,0.0,0.0,0.0,0.0,0.0,,,,,,,,Nexlev,Home & Kitchen,Cleaning & Vacumming,Vacuum Cleaner,,VC-04,0
FBA79573,EA-02,B0DKK15YNJ,B0DKK15YNJ,NexLev Oil Applicator Comb|Red Led Light Therapy |Boost Hair Growth| Reduce Dandruff | Relieve Stress |High Vibration Corded Electric Scalp/Head Massager | 6 ML Oil Tank | 2 Hr Run-Time| Type-C|EA-02,509.0,12.0,0.0033,0.0042,700.0,13.0,0.0035,0.0033,0.0325,0.0,0,0.0,0.0,0.0,0.0,0.0,0.0,0.0,0,11,Nexlev,4721.12,353.0,32934.0,15891.45,7.0,SP_SD,0.2970855397084596,3.3660339072084597,,674.4457142857143,,,Nexlev,HPC,Hair Care,Hair Oil Applicator,,EA-02,0
FBA79484,CF-01,B0DNJF1BLS,B0DNJF1BLS,NexLev Drip Coffee Maker |Filter Coffee for Home & Office | 4-6 Cups | Warming Plate|Borosilicate Carafe | Reusable & Washable Filter | Anti Drip | 750 ml | Cone Filter | Water Level Indicator |CF-01,51.0,1.0,0.0003,0.0004,64.0,1.0,0.0003,0.0003,0.3091,1.0,0,0.0,0.0,0.0,0.0,0.0,0.0,0.0,0,11,Nexlev,0.0,0.0,0.0,0.0,0.0,,,,,,,,Nexlev,Home & Kitchen,Kitchen Appliances,Drip Coffee Maker,,CF-01,0
FBA79598,BM-02,B0DNJJKBKG,B0DNJJKBKG,NexLev Neck & Back Massager | Deep Tissue Shiatsu Roller | Cervical Pain Relief | 3 Speeds | 8 Kneading Nodes | Quick Pain Relief | Auto Shut Off | 1 year Warranty | BM-02,32.0,0.0,0.0002,0.0,39.0,0.0,0.0002,0.0,0.0,0.0,0,0.0,0.0,0.0,0.0,0.0,0.0,0.0,0,11,Nexlev,0.0,0.0,0.0,0.0,0.0,,,,,,,,Nexlev,HPC,Electric Massagers,Back & Shoulder Massager,,BM-02,0
FBK79271,V-01 RG,B0DQ8W1RBV,B0DQ8W1RBV,nexlev Ionic Volumizer|3 In 1 Hot Air Brush To Straight Dry & Volumize|1200 Watts|Reduce Frizz|Ceramic Tourmaline Coated Large Barrel|Salon Like Soft Curl At Home|3 Speed & 2 Heat Settings|V-01 RG,1104.0,4.0,0.0073,0.0014,1423.0,9.0,0.007,0.0023,0.0015,0.0,0,0.0,0.0,0.0,0.0,0.0,0.0,0.0,0,11,Nexlev,1729.59,91.0,20736.0,1269.5,1.0,SP_SD,1.3624182749113825,0.7339889800472945,,1729.59,,,Nexlev,HPC,Hair Care,Volumizer,,V-01 RG,0
FBA79493,V-03,B0DQCWRG3H,B0DQCWRG3H,nexlev Ionic 3 In 1 Hot Air Brush|1.5 Inch Barrel|Volumizer Blow Dry & Style|Ceramic Tourmaline Coated For Heat Protection|1200 Watts|Dual Bristle For Tangle Free Styling|Salon Like Soft Curl|V-03,2285.0,14.0,0.015,0.0049,3335.0,24.0,0.0164,0.0061,0.0094,0.0,0,0.0,0.0,0.0,0.0,0.0,0.0,0.0,0,11,Nexlev,21776.99,1660.0,253509.0,61494.04,36.0,SP_SD,0.354131717480263,2.823808065301954,,604.9163888888888,,,Nexlev,HPC,Hair Care,Volumizer,,V-03,0
FBA79698,SS-01(NEW),B0DTK4FY1G,B0DTK4FY1G,"NexLev Spin Scrubber with Soap Spray | 6 heads| For Kitchen, Tub, Glass, Complete cleaning tool for Home, Office & Car| 90 min runtime | 4500 mAh | Cordless Type C | Adjustable Handle|SS-01, White",135.0,1.0,0.0009,0.0004,183.0,1.0,0.0009,0.0003,0.2025,0.0,0,0.0,0.0,0.0,0.0,0.0,0.0,0.0,0,11,Nexlev,0.0,0.0,0.0,0.0,0.0,,,,,,,,Nexlev,Home & Kitchen,Cleaning & Vacumming,Electric Spin Scrubber,,SS-01(NEW),0
FBA79678,NP-07,B0DVCDD5VC,B0DVCDD5VC,"nexlev Travel Neck Pillow | Orthopedic Premium Memory Foam | for Airplane, Car, Train, Office use & Cervical Pain | Machine Washable | 360 Support | Carry Pouch for Storage | NP-07",21.0,0.0,0.0001,0.0,25.0,0.0,0.0001,0.0,0.0417,0.0,0,0.0,0.0,0.0,0.0,0.0,0.0,0.0,0,11,Nexlev,0.0,0.0,0.0,0.0,0.0,,,,,,,,Nexlev,Home & Kitchen,Travel Accessories,Donut Travel Pillow,,NP-07,0
FBA79707,ETC-08-BL,B0FJ1ZB4G9,B0FJ1ZB4G9,Nexlev Rechargeable Electric Toothbrush| 120 Days Life | 35K strokes/min| Type C| 5 Modes for Daily Use| 2 Min timer with 30sec Quadpacer | 4 Brushheads| IPX7 Waterproof| For Men & Women | ETC-08 Blue,58.0,3.0,0.0004,0.0011,87.0,13.0,0.0004,0.0033,0.0,0.0,0,0.0,0.0,0.0,0.0,0.0,0.0,0.0,0,11,Nexlev,148.51,11.0,2444.0,0.0,0.0,SP_SD,,0.0,,,,,Nexlev,HPC,Oral Care,Electric Toothbrush,,ETC-08-BL,0
FBA79809,KE-03,B0FJ8SFNRH,B0FJ8SFNRH,"NexLev 1500W Electric Water Kettle | 1.8L | 304 SS - Auto Cut Off | 3x Protection| Instant Boiling, Water, Tea, Coffee, Noodles, Soup | Cool Touch Handle & Lid | 3Mins Rapid Heating | Cordless | KE-03",7.0,0.0,0.0,0.0,7.0,0.0,0.0,0.0,0.1429,0.0,0,0.0,0.0,0.0,0.0,0.0,0.0,0.0,0,11,Nexlev,0.0,0.0,0.0,0.0,0.0,SP_SD,,,,,,,Nexlev,Home & Kitchen,Kitchen Appliances,Electric Kettle,,KE-03,0
FBA79673,ETC-07-WH,B0FJG5PFGQ,B0FJG5PFGQ,Nexlev Rechargeable Electric Toothbrush| 120 Days Life | 35K strokes/min| Type C| 6 Modes for Daily Use| 2 Min timer with 30sec Quadpacer | 4 Brushheads| IPX7 Waterproof| For Men & Women | ETC-07 White,198.0,7.0,0.0013,0.0025,291.0,11.0,0.0014,0.0028,0.0,0.0,0,0.0,0.0,0.0,0.0,0.0,0.0,0.0,0,11,Nexlev,1785.35,135.0,36578.0,8880.130000000001,14.0,SP_SD,0.2010499846286033,4.973887473044502,,127.525,,,Nexlev,HPC,Oral Care,Electric Toothbrush,,ETC-07-WH,0
FBA79812,PB-01,B0FS6TB7CP,B0FS6TB7CP,NexLev Portable Blender for Smoothies Milkshakes Crushing Ice Juices | 6 Leaf Stainless Steel Blade | 3000 mAh Battery | Type C | Mix Fruit Juicer Mini | 450ml | For Kitchen & Travel | PB-01,1077.0,11.0,0.0071,0.0039,1533.0,15.0,0.0076,0.0038,0.0022,0.0,0,0.0,0.0,0.0,0.0,0.0,0.0,0.0,0,11,Nexlev,2618.61,243.0,31574.0,5590.68,3.0,SP_SD,0.4683884607954667,2.1349800084777804,,872.87,,,Nexlev,Home & Kitchen,Kitchen Appliances,Portable Blender,,PB-01,0
FBA79811,MC-01,B0FSF1N457,B0FSF1N457,NexLev Mini Electric Chopper | 3D Stainless Steel Blade | Food Grade Bowl | For Mincing Garlic Ginger Onion Vegetable Meat Nuts | 250 ml | One Touch Operation | MC-01,1393.0,29.0,0.0092,0.0102,1751.0,34.0,0.0086,0.0087,0.0321,0.0,0,0.0,0.0,0.0,0.0,0.0,0.0,0.0,0,11,Nexlev,0.0,0.0,0.0,0.0,0.0,,,,,,,,Nexlev,Home & Kitchen,Kitchen Appliances,Electric Mini Chopper,,MC-01,0
FBA79819,LR-03,B0FT8R24QM,B0FT8R24QM,"NexLev Portable Cordless Lint Remover | for Woollen, Sweaters, Jackets, Carpets | Fabric Brush | Rue & Burr Remover | Battery Powered Shaver | SS Blade | Safety Lock | LR-03",488.0,11.0,0.0032,0.0039,639.0,13.0,0.0032,0.0033,0.0123,0.0,0,0.0,0.0,0.0,0.0,0.0,0.0,0.0,0,11,Nexlev,3757.29,354.0,58892.0,6222.92,16.0,SP_SD,0.603782468680298,1.6562256307072385,,234.830625,,,Nexlev,Home & Kitchen,Fabric Care,Lint Remover,,LR-03,0
FBA79440,LE-02,B0DCGHKRXX,B0DCGHKRXX,,0.0,,,,,,,,,,1,,,,1609.32,,,,0,11,Nexlev,629.42,96.0,19130.0,1641.53,1.0,SP_SD,0.3834349661596193,2.6080041943376444,,629.42,,,Nexlev,HPC,Hair Care,Hair Therapy Comb,,LE-02,1
FBА79266,T-01,B0D2LGR3GG,B0D2LGR3GG,,0.0,,,,,,,,,,1,,,,846.61,,,,0,11,Nexlev,0.0,0.0,0.0,0.0,0.0,,,,,,,,UNKNOWN,,,,,T-01,1
FBA79677,NP-06,B0DVCBR11D,B0DVCBR11D,"nexlev Travel Neck Pillow | Orthopedic Premium Memory Foam | for Airplane, Car, Train, Office use & Cervical Pain | Machine Washable | 360 Support | Carry Pouch for Storage | NP-06",9.0,1.0,0.0001,0.0004,14.0,1.0,0.0001,0.0003,0.5294,1.0,1,0.0,0.1111,0.0,827.9661016949153,0.0,1.0,0.0,0,12,Nexlev,0.0,0.0,0.0,0.0,0.0,,,,,,,,Nexlev,Home & Kitchen,Travel Accessories,Donut Travel Pillow,,NP-06,1
FBA79591,KM-01,B0F29SZCVF,B0F29SZCVF,"NexLev Knee Massager for Joint Pain Relief |Controlled Vibration & Heating for Arthritis, Knee, Shoulder or Elbow pain | 15 modes |2 Extension Belt |Graphene Heating pad for Consistent Heating | KM-01",124.0,2.0,0.0009,0.0007,159.0,2.0,0.0008,0.0005,0.0211,0.0,0,0.0,0.0,0.0,0.0,0.0,0.0,0.0,0,12,Nexlev,0.0,0.0,0.0,0.0,0.0,,,,,,,,Nexlev,HPC,Electric Massagers,Knee Massager,,KM-01,0
FBA79406,HSB-04,B0DCK3N2JJ,B0DCK3N2JJ,"NexLev Ionic Cordless Hair Straightener Brush | 60min Runtime | upto 200° Heating | Portable & Type C Rechargeable | Keratin Bristles |Straight, Frizz Free & Shiny Hair | Compact Comb Design | HSB-04",1589.0,5.0,0.1338,0.0139,2213.0,8.0,0.1362,0.0161,0.0438,0.0,3,0.0,0.0019,0.0,6465.254237288136,0.0,3.0,0.0,0,12,Nexlev,10319.57,559.0,93390.0,22988.94,12.0,SP_SD,0.4488928154147167,2.227703286086533,,859.9641666666666,,,Nexlev,HPC,Hair Care,Hair Straightener Brush - Cordless,,HSB-04,3
FBA78981,SC-01,B0CDPP45BM,B0CDPP45BM,"NexLev Steam Cleaner | For Complete Home Kitchen Bathroom Car Sofa & Office Cleaning Machine | 9 Accessories |300 ML | Window Pane, Sink, Chimney Grease, Water Stain Cleaner| 4 Mtr Cord | 1000W |SC-01",9228.0,181.0,0.0791,0.1031,11999.0,238.0,0.0796,0.103,0.9802,0.9677,71,1.0,0.0077,0.0055,210679.58474576272,3671.91,71.0,1.0,0,12,Nexlev,38515.41787,2083.6666666666665,327095.3333333333,107679.88,33.0,SP_SD,0.3576844427204041,2.795760398172204,,1167.1338748484848,,,Nexlev,Home & Kitchen,Cleaning & Vacumming,Steam cleaner,,SC-01,71
FBA79263,MR-01,B0CYSLCRQS,B0CYSLCRQS,"NexLev Mattress, Sofa & Carpet Vacuum Cleaner | For Dust Mites, Allergens & Pet Hair | 4 Step Cleansing with Double Beat, UV Light, Dehumidification & Vacuum | HEPA captures 99.99% Dust|MR-01",42620.0,539.0,0.3655,0.3071,53561.0,677.0,0.3551,0.2929,0.6869,0.803,68,2.0,0.0016,0.0037,142394.9491525424,5738.04,68.0,2.0,0,12,Nexlev,12463.8,876.0,69160.0,35065.22,15.0,SP_SD,0.3554462227814341,2.8133651053450794,,830.92,,,Nexlev,Home & Kitchen,Cleaning & Vacumming,Mite Remover,,MR-01,68
FBA79493,V-03,B0DQCWRG3H,B0DQCWRG3H,nexlev Ionic 3 In 1 Hot Air Brush|1.5 Inch Barrel|Volumizer Blow Dry & Style|Ceramic Tourmaline Coated For Heat Protection|1200 Watts|Dual Bristle For Tangle Free Styling|Salon Like Soft Curl|V-03,2677.0,17.0,0.023,0.0097,3804.0,24.0,0.0252,0.0104,0.9407,1.0,47,0.0,0.0176,0.0,79876.27118644069,0.0,47.0,0.0,0,12,Nexlev,31168.67,1979.0,256827.0,46402.53,27.0,SP_SD,0.6717019524581958,1.4887555356067486,,1154.3951851851853,,,Nexlev,HPC,Hair Care,Volumizer,,V-03,47
FBA79652,SC-05,B0F43P6D23,B0F43P6D23,NexLev Steam Cleaner | Complete Home Kitchen Floor Bathroom Car & Office Cleaning machine | 9 Accessories | 450 ML | Window Pane Sink Grime Chimney Grease Water Stain Cleaner| 4 M Cord |1050W |SC-05,5997.0,130.0,0.0514,0.0741,7901.0,165.0,0.0524,0.0714,0.9218,1.0,47,2.0,0.0078,0.0154,110505.94915254238,5740.02,47.0,2.0,0,12,Nexlev,44274.34,2131.6666666666665,152178.33333333334,154407.80000000002,53.0,SP_SD,0.28673642134659,3.48752347296425,,835.3649056603774,,,Nexlev,Home & Kitchen,Cleaning & Vacumming,Steam cleaner,,SC-05,47
FBA79349,SW-01,B0D9KDQCCM,B0D9KDQCCM,nexlev Portable Sewing Machine| 2 Speed Settings| Cordless| Battery operated| USB Type C cord for Plug-in| Quick Fix DIY |Portable & Compact| for all Fabrics| 1 Year Warranty| STITCH & STYLE SW-01,980.0,19.0,0.0084,0.0108,1397.0,23.0,0.0093,0.01,0.9419,1.0,36,1.0,0.0367,0.0526,30469.500000000004,989.01,36.0,1.0,0,12,Nexlev,32.12,29.0,1208.0,941.91,1.0,SP_SD,0.0341009225934537,29.3247198007472,,32.12,,,Nexlev,Home & Kitchen,Fabric Care,Mini Sewing Machine,,SW-01,36
FBA79268,GS-05,B0D383WQPB,B0D383WQPB,NexLev Foldable Garment Steamer for Home & Travel | Convenient Vertical Steaming | 1200W | 120 ml | Lightweight & Compact | 30s Fast Heating | Iron for all Cloth Types | 2 M cord | Anti Spill | GS-05,1258.0,34.0,0.0108,0.0194,1734.0,58.0,0.0115,0.0251,0.9861,1.0,39,1.0,0.031,0.0294,55055.08474576272,1899.0,35.0,1.0,0,12,Nexlev,19780.99,797.0,322862.0,33018.59,22.0,SP_SD,0.5990864540248387,1.6692081639998806,,899.135909090909,,,Nexlev,Home & Kitchen,Fabric Care,Garment steamer,,GS-05,39
FBA79567,SC-04,B0DNJS23HS,B0DNJS23HS,NexLev 10 in 1 Steam Cleaner & Mop|2 Steam Modes| Mopping & Deep Cleaning Home Car Sofa Bathroom Kitchen & Office |For All Surfaces|350ML|Chemical Free Cleaning | Detachable & Foldable|SC-04,5998.0,100.0,0.0514,0.057,7991.0,130.0,0.053,0.0563,0.9293,1.0,34,2.0,0.0057,0.02,172772.89830508476,11936.02,34.0,2.0,0,12,Nexlev,28721.6,1537.6666666666667,152653.33333333334,73535.86000000002,21.0,SP_SD,0.3905795077394892,2.560298172803744,,1367.6952380952382,,,Nexlev,Home & Kitchen,Cleaning & Vacumming,Steam cleaner,,SC-04,34
FBA79590,CFM-01,B0DM6BB3VT,B0DM6BB3VT,nexlev Calf Massager | Daily Use Leg Massager for Sore Muscle |1 Piece | Hand Like Massage with Air Compression | Improve Blood Circulation & Relieve Pain | 2500 mAh | Large Belt | Type C |CFM-01,2953.0,56.0,0.0253,0.0319,3689.0,75.0,0.0245,0.0325,0.8072,1.0,35,1.0,0.0119,0.0179,80596.62711864407,2770.02,33.0,1.0,0,12,Nexlev,18598.12,962.0,91593.0,52310.69,21.0,SP_SD,0.3555319190016419,2.812686981264773,,885.6247619047618,,,Nexlev,HPC,Electric Massagers,Calf Massager,,CFM-01,35
FBA79570,BR-01,B0DKJXRXKM,B0DKJXRXKM,NexLev Blackhead & Whitehead Remover Tool | Rechargeable |1Hr Use| Acne & Pimple Pore Cleaner | 6 Heads | Electric Derma Suction Machine | Hydra Facial Cleanser Device for Face |For Men & Women |BR-01,1036.0,22.0,0.0089,0.0125,1431.0,31.0,0.0095,0.0134,0.9944,0.9474,28,1.0,0.027,0.0455,32489.0,1582.02,28.0,1.0,0,12,Nexlev,9714.38,542.0,64681.0,19031.41,15.0,SP_SD,0.5104393211012741,1.9590967205318304,,647.6253333333333,,,Nexlev,HPC,Skin Care,Blackhead Remover,,BR-01,28
FBA79489,KE-02,B0DFD123P5,B0DFD123P5,"Nexlev MultiPurpose Electric Food Kettle|1.5 L Ceramic Pot | 600W| Boil, Steam, Fry, Saute| Double Layered Body| 2 Temperature Settings| Multi Cooker for Water, Egg, Tea, Soup, Noodles, Rice| KE-02",2901.0,45.0,0.0249,0.0256,4143.0,70.0,0.0275,0.0303,0.9824,1.0,27,0.0,0.0093,0.0,31465.254237288136,0.0,27.0,0.0,0,12,Nexlev,17433.19,1920.0,279009.0,31550.81,21.0,SP_SD,0.5525433419934386,1.8098127766633645,,830.1519047619047,,,Nexlev,Home & Kitchen,Kitchen Appliances,Electric Multi Kettles,,KE-02,27
FBA79439,MR-02,B0DCK7ZH5P,B0DCK7ZH5P,"NexLev Mattress, Sofa, Carpet & Car Seat Vacuum Cleaner|For Dust Mites Allergens & Pet Hair|Cordless Design|1500*3 mAh |UV Sterilization, Double Beat Technology|Type C| HEPA captures 99.99% Dust|MR-02",6966.0,110.0,0.0597,0.0627,8359.0,134.0,0.0554,0.058,0.8438,0.8667,27,0.0,0.0039,0.0,75485.59322033898,0.0,26.0,0.0,0,12,Nexlev,18264.02,1429.0,99779.0,41016.93,17.0,SP_SD,0.445280034366297,2.2457777641504992,,1074.354117647059,,,Nexlev,Home & Kitchen,Cleaning & Vacumming,Mite Remover,,MR-02,27
FBA79452,VC-01,B0DCGHVN81,B0DCGHVN81,NexLev 2 in 1 Handheld & Stick Vacuum Cleaner | 17500 PA Suction | Dry Vacuuming for Home & Office | Washable HEPA Filter | 4 Adjustable Heads | Bagless| Deep Cleaning for Sofa Bed Window & more|VC-01,1179.0,14.0,0.0101,0.008,1633.0,25.0,0.0108,0.0108,0.9719,1.0,23,0.0,0.0195,0.0,33797.457627118645,0.0,23.0,0.0,0,12,Nexlev,11223.4,821.0,210931.0,19905.91,12.0,SP_SD,0.5638225029651998,1.7736078193773723,,935.2833333333332,,,Nexlev,Home & Kitchen,Cleaning & Vacumming,Vacuum Cleaner,,VC-01,23
FBM79991,DH-01,B0GN85NZQN,B0GN85NZQN,NexLev Dehumidifier for Room Moisture Absorption | 1000ML Tank | Ideal for Mold & Moisture Removal |For Room Wardrobe Kitchen Office| Auto Shut-Off Function| Preset Timer & Humidty Control | DH-01,483.0,34.0,0.0041,0.0194,741.0,50.0,0.0049,0.0216,0.9796,1.0,24,1.0,0.0497,0.0294,81251.69491525424,4399.0,23.0,1.0,0,12,Nexlev,0.0,0.0,0.0,0.0,0.0,,,,,,,,Nexlev,Home & Kitchen,"Heating, Cooling & Air Quality",Dehumidifiers,,DH-01,24
FBA79373,ET-01-BK_N,B0D2P5TGWK,B0D2P5TGWK,"nexlev Smart Electric Toothbrush for Adults |2-Min Timer with Quadpacer |2 Replaceable Heads | AAA Battery |3 Modes (Daily, Normal & Sesitive) |Upto 60 Days | Travel Case | Soft Bristles |ET-01 Black",508.0,10.0,0.0044,0.0057,688.0,12.0,0.0046,0.0052,0.9921,1.0,23,0.0,0.0453,0.0,5777.966101694916,0.0,20.0,0.0,0,12,Nexlev,1502.69,115.0,11650.0,1477.97,6.0,SP_SD,1.0167256439575905,0.9835495012277982,,250.44833333333332,,,Nexlev,HPC,Oral Care,Electric Toothbrush,,ET-01-BK_N,23
FBA79350,EA-01,B0D67727VG,B0D67727VG,NexLev LED Therapy Oil Applicator | Reduce Dandruff | Improve Hair Growth | EMS for Scalp Improvement | Red & Blue Light | High Frequency Massage for Better Absorption | 10 ML | Waterproof | EA-01,498.0,17.0,0.0043,0.0097,668.0,23.0,0.0044,0.01,0.8962,1.0,21,1.0,0.0422,0.0588,19531.37288135593,1087.02,20.0,1.0,0,12,Nexlev,1283.97,98.0,10511.0,3376.2,2.0,SP_SD,0.3803003376577217,2.6295006892684407,,641.985,,,Nexlev,HPC,Hair Care,Hair Oil Applicator,,EA-01,21
FBA79406,HSB-04,B0DCK3N2JJ,B0DCK3N2JJ,"NexLev Ionic Cordless Hair Straightener Brush | 60min Runtime | upto 200° Heating | Portable & Type C Rechargeable | Keratin Bristles |Straight, Frizz Free & Shiny Hair | Compact Comb Design | HSB-04",1589.0,5.0,0.0136,0.0028,2213.0,8.0,0.0147,0.0035,0.7509,1.0,19,0.0,0.012,0.0,35282.20338983051,0.0,19.0,0.0,0,12,Nexlev,10319.57,559.0,93390.0,22988.94,12.0,SP_SD,0.4488928154147167,2.227703286086533,,859.9641666666666,,,Nexlev,HPC,Hair Care,Hair Straightener Brush - Cordless,,HSB-04,19
FBA79374,ET-02-GN_N,B0D2P7WLJB,B0D2P7WLJB,"NexLev Smart Electric Toothbrush for Adults |2-Min Timer with Quadpacer |2 Replaceable Heads | AAA Battery |3 Modes (Daily, Normal & Sesitive) |Upto 60 Days | Travel Case | Soft Bristles |ET-02 Green",278.0,3.0,0.0024,0.0017,373.0,5.0,0.0025,0.0022,0.8397,1.0,20,1.0,0.0719,0.3333,4674.593220338984,295.02,17.0,1.0,0,12,Nexlev,1151.57,86.0,4350.0,502.56,2.0,SP_SD,2.291407991085641,0.4364128971751609,,575.785,,,Nexlev,HPC,Oral Care,Electric Toothbrush,,ET-02-GN_N,20
FBA79812,PB-01,B0FS6TB7CP,B0FS6TB7CP,NexLev Portable Blender for Smoothies Milkshakes Crushing Ice Juices | 6 Leaf Stainless Steel Blade | 3000 mAh Battery | Type C | Mix Fruit Juicer Mini | 450ml | For Kitchen & Travel | PB-01,1159.0,20.0,0.0099,0.0114,1626.0,27.0,0.0108,0.0117,0.9929,1.0,16,0.0,0.0138,0.0,27276.27118644068,0.0,16.0,0.0,0,12,Nexlev,6960.86,486.0,71383.0,15247.46,9.0,SP_SD,0.4565258738176719,2.1904563516576974,,773.4288888888889,,,Nexlev,Home & Kitchen,Kitchen Appliances,Portable Blender,,PB-01,16
FBA79488,KE-01,B0DFCG2VGS,B0DFCG2VGS,"Nexlev Multi Purpose Electric Food Kettle|1.8L Stainless Steel Pot| 600W|Boil, Steam, Fry, Saute| Double Layered Body|2 Heat Settings|Multi Function for Water, Milk, Egg, Soup, Noodles|KE-01",1673.0,39.0,0.0143,0.0222,2295.0,49.0,0.0152,0.0212,0.9329,0.9667,15,1.0,0.009,0.0256,26300.84745762712,1999.0,15.0,1.0,0,12,Nexlev,11650.96,1186.0,173699.0,19905.1,12.0,SP_SD,0.5853253688753135,1.708451492409209,,970.9133333333334,,,Nexlev,Home & Kitchen,Kitchen Appliances,Electric Multi Kettles,,KE-01,15
FBK79271,V-01 RG,B0DQ8W1RBV,B0DQ8W1RBV,nexlev Ionic Volumizer|3 In 1 Hot Air Brush To Straight Dry & Volumize|1200 Watts|Reduce Frizz|Ceramic Tourmaline Coated Large Barrel|Salon Like Soft Curl At Home|3 Speed & 2 Heat Settings|V-01 RG,1443.0,5.0,0.0124,0.0028,1959.0,5.0,0.013,0.0022,0.9924,1.0,15,0.0,0.0104,0.0,17772.881355932204,0.0,15.0,0.0,0,12,Nexlev,8508.75,390.0,93071.0,16251.68,14.0,SP_SD,0.5235612564362576,1.909996180402527,,607.7678571428571,,,Nexlev,HPC,Hair Care,Volumizer,,V-01 RG,15
FBA79271,V-01,B0D83Q7L8W,B0D83Q7L8W,"NexLev Ionic Hot Air Brush | 3 in 1 Blow Dryer, Straightener & Styler | 360° Airflow Vents | Ceramic Tourmaline Coated Brushing Head | Tangle Free Bristle | 1200W | 3 Speed & 2 Heat Settings|V-01",442.0,2.0,0.0038,0.0011,627.0,2.0,0.0042,0.0009,0.9771,0.0,14,0.0,0.0317,0.0,16598.305084745763,0.0,14.0,0.0,0,12,Nexlev,1126.12,63.0,14835.0,2371.18,2.0,SP_SD,0.4749196602535447,2.105619294568962,,563.0600000000001,,,Nexlev,HPC,Hair Care,Volumizer,,V-01,14
FBA79811,MC-01,B0FSF1N457,B0FSF1N457,NexLev Mini Electric Chopper | 3D Stainless Steel Blade | Food Grade Bowl | For Mincing Garlic Ginger Onion Vegetable Meat Nuts | 250 ml | One Touch Operation | MC-01,1194.0,21.0,0.0102,0.012,1498.0,27.0,0.0099,0.0117,0.9137,1.0,15,0.0,0.0126,0.0,6927.118644067797,0.0,14.0,0.0,0,12,Nexlev,0.0,0.0,0.0,0.0,0.0,,,,,,,,Nexlev,Home & Kitchen,Kitchen Appliances,Electric Mini Chopper,,MC-01,15
FBA79679,ST-01,B0DVC7VJP1,B0DVC7VJP1,"NexLev Stand Mixer | 5.5L SS Bowl | 1500W |10 Speeds | Pulse Function |Planetary Rotation | Whisk, Beater & Dough Hook |100% Copper Motor | For Roti Atta, Cookie Dough, Cake, Whip Cream & more | ST-01",3272.0,45.0,0.0281,0.0256,4363.0,64.0,0.0289,0.0277,0.9243,1.0,13,2.0,0.004,0.0444,62475.177966101706,11201.71,13.0,2.0,0,12,Nexlev,19823.39,1208.0,176599.0,33595.76,7.0,SP_SD,0.5900563047241675,1.6947535209668982,,2831.912857142857,,,Nexlev,Home & Kitchen,Kitchen Appliances,Stand Mixer,,ST-01,13
FBA79673,ETC-07-WH,B0FJG5PFGQ,B0FJG5PFGQ,Nexlev Rechargeable Electric Toothbrush| 120 Days Life | 35K strokes/min| Type C| 6 Modes for Daily Use| 2 Min timer with 30sec Quadpacer | 4 Brushheads| IPX7 Waterproof| For Men & Women | ETC-07 White,363.0,13.0,0.0031,0.0074,502.0,21.0,0.0033,0.0091,0.9391,1.0,13,1.0,0.0358,0.0769,7903.830508474577,641.52,13.0,1.0,0,12,Nexlev,4468.56,204.0,38225.0,8907.66,16.0,SP_SD,0.5016536329406377,1.9934072721413607,,279.285,,,Nexlev,HPC,Oral Care,Electric Toothbrush,,ETC-07-WH,13
FBA79265,CR-01,B0D2LHNS9B,B0D2LHNS9B,"NexLev Foot Callus Remover | Electric Scrubber & Shaver for Dead, Hard & Cracked Skin | Professional Pedicure at Home | Waterproof | Type C | 3 Crystal Quartz Heads | For Men and Women| CR-01",202.0,5.0,0.0017,0.0028,281.0,8.0,0.0019,0.0035,0.827,1.0,11,1.0,0.0545,0.2,6721.025423728815,692.01,11.0,1.0,0,12,Nexlev,2217.11,136.0,27810.0,5974.57,8.0,SP_SD,0.3710911412871554,2.694755785684968,,277.13875,,,Nexlev,HPC,Skin Care,Callus Remover,,CR-01,11
FBA79405,HSB-03,B0D9KFP4MG,B0D9KFP4MG,nexlev Ionic Hair Straightener Brush for Woman|Frizz-Free Straightening upto 12H| Ceramic Plates |60mm Wide Brush |130-210° |Keratin Bristles| Thermo Protect Technology|No Scalp Burn|1500W|HSB-03,1157.0,9.0,0.0099,0.0051,1467.0,14.0,0.0097,0.0061,0.9781,1.0,11,1.0,0.0095,0.1111,16068.661016949154,1879.02,11.0,1.0,0,12,Nexlev,1734.3147,137.0,43737.0,6433.89,4.0,SP_SD,0.2695592712962142,3.70975924957564,,433.578675,,,Nexlev,HPC,Hair Care,Hair Straightener Brush - Corded,,HSB-03,11
FBA79573,EA-02,B0DKK15YNJ,B0DKK15YNJ,NexLev Oil Applicator Comb|Red Led Light Therapy |Boost Hair Growth| Reduce Dandruff | Relieve Stress |High Vibration Corded Electric Scalp/Head Massager | 6 ML Oil Tank | 2 Hr Run-Time| Type-C|EA-02,654.0,15.0,0.0056,0.0085,836.0,22.0,0.0055,0.0095,0.974,1.0,10,2.0,0.0153,0.1333,19771.220338983054,5144.04,10.0,2.0,0,12,Nexlev,9047.74,485.0,53045.0,16529.54,9.0,SP_SD,0.5473679243342524,1.8269247347956508,,1005.3044444444444,,,Nexlev,HPC,Hair Care,Hair Oil Applicator,,EA-02,10
FBA78980,GS-02,B0CDPMX152,B0CDPMX152,NexLev Handheld Garment Steamer | 1500 Watts | 300 ML| Standing & Horizontal Iron Press | Damage Free Steaming for all Cloth Types | 25s Quick Heat |Upto 5 Clothes in One Fill | Travel Friendly |GS-02,3212.0,24.0,0.0275,0.0137,4264.0,35.0,0.0283,0.0151,0.1218,1.0,9,0.0,0.0028,0.0,15020.338983050848,0.0,9.0,0.0,0,12,Nexlev,15168.92631,656.0,169614.0,24437.31,15.0,SP_SD,0.6207281533851313,1.6110111883060494,,1011.261754,,,Nexlev,Home & Kitchen,Fabric Care,Garment steamer,,GS-02,9
FBA79276,SM-01,B0D2LJSQXZ,B0D2LJSQXZ,NexLev Steam Mop | Chemical Free Mopping | Floor Cleaning + Carpet Steaming | 4 Extra Mop Pads | 400 ML | 1300W | Floor Disinfectant | For All Floor Types | 4mtr long Cord | Wet & Dry Mopping | SM-01,1116.0,30.0,0.0096,0.0171,1497.0,37.0,0.0099,0.016,0.9824,1.0,9,1.0,0.0081,0.0333,30466.95762711865,3959.01,9.0,1.0,0,12,Nexlev,4147.44,224.0,27032.0,16944.07,4.0,SP_SD,0.2447723598875594,4.085428601739869,,1036.86,,,Nexlev,Home & Kitchen,Cleaning & Vacumming,Steam Mop,,SM-01,9
FBA79280,LR-02,B0D845B2DG,B0D845B2DG,nexlev Rechargeable Lint Remover | For Woollen Sweaters Shirts Coat Curtains & Carpets | Rue & Burr Remover | 180 Min Use | TypeC | SS Blade | 2000mAh | 3 Speed Modes | Safety Lock | LR-02,480.0,18.0,0.0041,0.0103,668.0,19.0,0.0044,0.0082,0.9929,1.0,9,0.0,0.0188,0.0,11433.050847457627,0.0,9.0,0.0,0,12,Nexlev,5816.66,305.0,67426.0,9213.57,8.0,SP_SD,0.6313144633404858,1.5839966578758256,,727.0825,,,Nexlev,Home & Kitchen,Fabric Care,Lint Remover,,LR-02,9
FBA79591,KM-01,B0F29SZCVF,B0F29SZCVF,"NexLev Knee Massager for Joint Pain Relief |Controlled Vibration & Heating for Arthritis, Knee, Shoulder or Elbow pain | 15 modes |2 Extension Belt |Graphene Heating pad for Consistent Heating | KM-01",198.0,2.0,0.0017,0.0011,261.0,2.0,0.0017,0.0009,0.9868,1.0,9,0.0,0.0455,0.0,11051.694915254238,0.0,9.0,0.0,0,12,Nexlev,0.0,0.0,0.0,0.0,0.0,,,,,,,,Nexlev,HPC,Electric Massagers,Knee Massager,,KM-01,9
FBA79819,LR-03,B0FT8R24QM,B0FT8R24QM,"NexLev Portable Cordless Lint Remover | for Woollen, Sweaters, Jackets, Carpets | Fabric Brush | Rue & Burr Remover | Battery Powered Shaver | SS Blade | Safety Lock | LR-03",335.0,4.0,0.0029,0.0023,451.0,6.0,0.003,0.0026,0.8712,1.0,9,0.0,0.0269,0.0,1927.1186440677968,0.0,9.0,0.0,0,12,Nexlev,2921.64,226.0,33866.0,642.37,2.0,SP_SD,4.548219873281753,0.2198662395093167,,1460.82,,,Nexlev,Home & Kitchen,Fabric Care,Lint Remover,,LR-03,9
FBA79681,HU-01,B0DVC968P1,B0DVC968P1,"NexLev Cool Mist Humidifier | 3.5L| For Office, Indoor Plants, Baby Nursery | Quiet Operation | Works 44Hrs on Low Setting | 360° Nozzle | Auto Shut-Off | Adjustable Knob | Leak Proof | HU-01",119.0,2.0,0.001,0.0011,164.0,2.0,0.0011,0.0009,1.0,1.0,8,0.0,0.0672,0.0,8677.966101694916,0.0,8.0,0.0,0,12,Nexlev,0.0,0.0,0.0,0.0,0.0,,,,,,,,Nexlev,Home & Kitchen,Air Purifier,Humidifier Black,,HU-01,8
FBA79682,HU-02,B0DVC8NYY2,B0DVC8NYY2,"NexLev Cool Mist Humidifier | 2.2L| For Office, Indoor Plants, Baby Nursery | Quiet Operation | Works 30Hrs on Low Setting | 360° Nozzle | Auto Shut-Off | Adjustable Knob | Leak Proof | HU-02",529.0,13.0,0.0045,0.0074,702.0,15.0,0.0047,0.0065,0.7576,1.0,7,0.0,0.0132,0.0,11052.542372881357,0.0,7.0,0.0,0,12,Nexlev,11515.46,423.0,138568.0,14649.97,10.0,SP_SD,0.78603983489386,1.2722001552695246,,1151.546,,,Nexlev,Home & Kitchen,Air Purifier,Humidifier White,,HU-02,7
FBA79277,SC-03,B0D672NXC8,B0D672NXC8,"Nexlev SWIPE Steam Cleaner | 3.5 Bar Strong Steam|Multipurpose Steam Cleaner for Car, Kitchen, Bathroom, Floor, Window, Glass, Upholstery| 8 Accessories Kit|Safety Lock| Large 700ML Water Tank | SC-03",727.0,18.0,0.0062,0.0103,1004.0,19.0,0.0067,0.0082,0.984,1.0,6,0.0,0.0083,0.0,35583.05084745763,0.0,6.0,0.0,0,12,Nexlev,0.0,0.0,0.0,0.0,0.0,,,,,,,,Nexlev,Home & Kitchen,Cleaning & Vacumming,Steam cleaner,,SC-03,6
FBA79463,VC-02,B0DCK56Q85,B0DCK56Q85,"NexLev Cordless Vacuum Cleaner|HEPA with Stainless Steel Cover|6000 mAh|Copper Motor| Rechargeable Type C|Ideal for Home, Office & Car Use|Compact & Portable|Dust & Pet Hair Remover|3 Attachment|VC-02",151.0,6.0,0.0013,0.0034,200.0,16.0,0.0013,0.0069,0.8342,1.0,6,1.0,0.0397,0.1667,10588.98305084746,2499.0,6.0,1.0,0,12,Nexlev,0.0,0.0,0.0,0.0,0.0,,,,,,,,Nexlev,Home & Kitchen,Cleaning & Vacumming,Vacuum Cleaner,,VC-02,6
FBA79267,T-02,B0D2LD6BYJ,B0D2LD6BYJ,"NexLev 6-in-1 trimmer | Sensitive Bikini Trimmer for Women | Skin Safe with Rounded Tips & Foil Shaver| Hair Removal for Intimate Areas, Face, Arms, Legs & Body | 90 min Runtime |2H Quick Charge |T-02",126.0,1.0,0.0011,0.0006,168.0,1.0,0.0011,0.0004,0.9308,0.0,4,0.0,0.0317,0.0,4308.474576271186,0.0,4.0,0.0,0,12,Nexlev,0.0,0.0,0.0,0.0,0.0,,,,,,,,Nexlev,HPC,Trimmers & Body Groomers,Women Trimmer,,T-02,4
FBA79381,ETR-06,B0D9KCNVNM,B0D9KCNVNM,Nexlev Oscillating Electric Toothbrush | 8000 Strokes/min | 25 Days Battery Life |Type C|3 modes| 2 Minute Timer |Quad Change Reminder| IPX7 Waterproof | For adults| 1 year warranty| SparklePro ETR-06,49.0,0.0,0.0004,0.0,73.0,0.0,0.0005,0.0,1.0,0.0,6,0.0,0.1224,0.0,6350.847457627119,0.0,4.0,0.0,0,12,Nexlev,3.3,1.0,102.0,0.0,0.0,SP_SD,,0.0,,,,,Nexlev,HPC,Oral Care,Electric Toothbrush - Oscillating,,ETR-06,6
FBA79404,FS-01,B0D9KFZYG8,B0D9KFZYG8,"NexLev Steamer For Cold & Cough| Face Steam,Inhaler & Vaporizer | Perfect for Facial & Aromatherapy | Nano Ionic Steam | Uv Sterilization | Aroma Diffuser|30 Sec Heating|Avoid Burns & Spillage | FS-01",328.0,4.0,0.0028,0.0023,447.0,4.0,0.003,0.0017,0.4082,1.0,4,0.0,0.0122,0.0,5928.813559322034,0.0,4.0,0.0,0,12,Nexlev,4691.18,210.0,66765.0,8766.09,6.0,SP_SD,0.535150791287792,1.868632199148189,,781.8633333333333,,,Nexlev,HPC,Skin Care,Face Steamer,,FS-01,4
FBA79707,ETC-08-BL,B0FJ1ZB4G9,B0FJ1ZB4G9,Nexlev Rechargeable Electric Toothbrush| 120 Days Life | 35K strokes/min| Type C| 5 Modes for Daily Use| 2 Min timer with 30sec Quadpacer | 4 Brushheads| IPX7 Waterproof| For Men & Women | ETC-08 Blue,62.0,1.0,0.0005,0.0006,77.0,1.0,0.0005,0.0004,0.9865,1.0,4,0.0,0.0645,0.0,2530.5084745762715,0.0,4.0,0.0,0,12,Nexlev,241.98,10.0,2453.0,626.27,1.0,SP_SD,0.3863828700081434,2.588106455078932,,241.98,,,Nexlev,HPC,Oral Care,Electric Toothbrush,,ETC-08-BL,4
FBA79849,CFM-03,B0FPGDVVCX,B0FPGDVVCX,nexlev Calf Massager | Daily Use Leg Massager for Sore Muscle | Hand Like Massage with Air Compression | Improve Blood Circulation & Relieve Pain | 2500 mAh | Large Belt | Type C |CFM-03|Pack of 2,546.0,12.0,0.0047,0.0068,705.0,14.0,0.0047,0.0061,0.994,1.0,4,0.0,0.0073,0.0,16945.76271186441,0.0,4.0,0.0,0,12,Nexlev,6945.61,274.0,38314.0,5329.52,2.0,SP_SD,1.3032336870862664,0.7673220926599681,,3472.805,,,Nexlev,HPC,Electric Massagers,Calf Massager,,CFM-03,4
FBA79348,HD-02,B0D81DLSFT,B0D81DLSFT,"nexlev Hair Dryer For Women| Foldable| 1500 Watts| Cool Shot| 3 Heat & 2 Speed Settings| Overheat Protection| Concentrator Nozzle| Salon-Style Blow Dry| Just Style (Hd-02 Women), Black & Copper",46.0,1.0,0.0004,0.0006,69.0,1.0,0.0005,0.0004,0.9825,1.0,7,5.0,0.1522,5.0,4959.322033898306,4180.0,3.0,1.0,0,12,Nexlev,0.0,0.0,0.0,0.0,0.0,,,,,,,,Nexlev,HPC,Hair Care,Hair Dryer,,HD-02,7
FBA79279,LR-01,B0D8445KJN,B0D8445KJN,"nexlev Rechargeable Lint Remover | For Woollen Sweaters Pill, Rue & Burr Remover | 60min Use Time | Type C |Defuzzer | Lint Brush for Coat | 2 Modes | SS Blade | Safety Lock | LR-01",89.0,3.0,0.0008,0.0017,129.0,3.0,0.0009,0.0013,0.9817,1.0,3,0.0,0.0337,0.0,2251.694915254237,0.0,3.0,0.0,0,12,Nexlev,520.01,39.0,7576.0,1489.83,2.0,SP_SD,0.3490398233355483,2.865002596103921,,260.005,,,Nexlev,Home & Kitchen,Fabric Care,Lint Remover,,LR-01,3
FBA79443,LE-03,B0D9KFQG8Q,B0D9KFQG8Q,"Nexlev Skin Scrubber |Red & Blue LED Therapy| Blackhead Remover| Pore Cleaner| Skin Lifting & tightening, wrinkle remover| 2 Silicone Cleaning Heads| Facial Cleansing|Type C Charging| Elixir Pro LE-03",151.0,3.0,0.0013,0.0017,169.0,3.0,0.0011,0.0013,0.9815,1.0,3,0.0,0.0199,0.0,2879.661016949153,0.0,3.0,0.0,0,12,Nexlev,318.77,21.0,1537.0,0.0,0.0,SP_SD,,0.0,,,,,Nexlev,HPC,Skin Care,LED Face & Skin Care Massager,,LE-03,3
FBA79440,LE-02,B0DCGHKRXX,B0DCGHKRXX,NexLev LED Phototherapy comb | Electric Scalp Massager | Red Light for Regrowth | Blue Light for Anti Dandruff | Hairfall Control | Rechargeable TypeC | Targeted Laser Treatment Machine |3 Modes |LE-02,538.0,6.0,0.0046,0.0034,690.0,6.0,0.0046,0.0026,0.8146,1.0,3,0.0,0.0056,0.0,4912.71186440678,0.0,3.0,0.0,0,12,Nexlev,1818.96,187.0,53368.0,4433.85,3.0,SP_SD,0.4102439189417774,2.437574218234596,,606.32,,,Nexlev,HPC,Hair Care,Hair Therapy Comb,,LE-02,3
FBA79464,CM-01-BL,B0DFCDKMWR,B0DFCDKMWR,nexlev Cordless Electric Heating Pad| Period Cramp & Back Pain Relief Massager | 9 modes| Menstrual Cramp Relief|Type C| Crampfree Periods | Portable | Gift for Women| Strap upto 40 Inch |Blue CM-01,58.0,3.0,0.0005,0.0017,80.0,8.0,0.0005,0.0035,0.9857,1.0,3,1.0,0.0517,0.3333,3811.016949152543,1499.0,3.0,1.0,0,12,Nexlev,0.0,0.0,0.0,0.0,0.0,SP_SD,,,,,,,Nexlev,HPC,Electric Massagers,Electric Heating Pads,,CM-01-BL,3
FBA79472,CM-02-PR,B0DFCDZWND,B0DFCDZWND,NexLev Cordless Electric Heating Pad| Period Cramp & Back Pain Relief Massager | 9 modes| Menstrual Cramp Relief|Type C| Crampfree Periods | Portable | Gift for Women| Strap upto 40 Inch |Purple CM-02,206.0,4.0,0.0018,0.0023,293.0,5.0,0.0019,0.0022,0.9436,1.0,3,0.0,0.0146,0.0,3429.661016949153,0.0,3.0,0.0,0,12,Nexlev,3515.42,150.0,37443.0,0.0,0.0,SP_SD,,0.0,,,,,Nexlev,HPC,Electric Massagers,Electric Heating Pads,,CM-02-PR,3
FBA79692,AP-03,B0DVC58QPZ,B0DVC58QPZ,NexLev Smart Air Purifier | Home Room & Office Use upto 220 sq ft |True HEPA 13 Filter | Eliminate 99.99% Virus Dust Smoke Odor Pollen Allergens & Pollutants | Long Filter Life |3 Year Warranty |AP220,4820.0,33.0,0.0413,0.0188,6087.0,50.0,0.0404,0.0216,0.997,1.0,3,0.0,0.0006,0.0,9319.49152542373,0.0,3.0,0.0,0,12,Nexlev,13471.17,505.0,150240.0,14191.52,4.0,SP_SD,0.9492408142327248,1.0534734547927167,,3367.7925,,,Nexlev,Home & Kitchen,Air Purifier,NexLev Air Purifier Mini,,AP-03,3
FBA79773,VC-01 HEPA,B0F74DJYG6,B0F74DJYG6,nexlev Replacement HEPA Filter | Compatible 2 in 1 Handheld & Stick Vacuum Cleaner VC-01 | Captures 99.97% Dust & Allergens | Washable & Durable Filter Maintain,101.0,0.0,0.0009,0.0,126.0,0.0,0.0008,0.0,1.0,0.0,3,0.0,0.0297,0.0,630.5084745762712,0.0,3.0,0.0,0,12,Nexlev,0.0,0.0,0.0,0.0,0.0,,,,,,,,Nexlev,Home & Kitchen,HEPA,Spares ,,VC-01 HEPA,3
FBA78994,NP-01,B0CDQ98FDM,B0CDQ98FDM,"nexlev Travel Neck Pillow | Orthopedic Premium Memory Foam | for Airplane, Car, Train, Office use & Cervical Pain | Machine Washable | 360 Support | Carry Pouch for Storage | NP-01",8.0,2.0,0.0001,0.0011,18.0,11.0,0.0001,0.0048,0.9412,0.9,3,3.0,0.375,1.5,1741.5762711864406,2055.06,2.0,2.0,0,12,Nexlev,0.0,0.0,0.0,0.0,0.0,,,,,,,,Nexlev,Home & Kitchen,Travel Accessories,Travel Pillow,,NP-01,3
FBA79566,VC-05,B0DKJSCLBD,B0DKJSCLBD,"nexlev Cordless Wet & Dry Vacuum Cleaner|For Home Car & Office Use|3 Attachments | 4000 mAh Battery|Quick Cleaning of Desk, Coffee tea or Water Spill | Compact & Portable | VC-05",1200.0,3.0,0.0103,0.0017,1521.0,3.0,0.0101,0.0013,0.6191,0.6667,2,0.0,0.0017,0.0,3557.627118644068,0.0,2.0,0.0,0,12,Nexlev,2066.02277,117.0,28612.0,0.0,0.0,SP_SD,,0.0,,,,,Nexlev,Home & Kitchen,Cleaning & Vacumming,Vacuum Cleaner,,VC-05,2
FBA79716,SM-01 SET OF 2 MOPS,B0F2MZ8CG9,B0F2MZ8CG9,NexLev Replacement Mop Cloth Pads (Set of 2) | Compatible with NexLev Steam Mop SM-01 | Reusable Microfiber Pads for Floor & Carpet Cleaning | Washable & Durable | Suitable for All Floor Types,2.0,0.0,0.0,0.0,2.0,0.0,0.0,0.0,1.0,0.0,2,0.0,1.0,0.0,676.271186440678,0.0,2.0,0.0,0,12,Nexlev,0.0,0.0,0.0,0.0,0.0,,,,,,,,UNKNOWN,,,,,SM-01 SET OF 2 MOPS,2
FBA79714,SC-04 SET OF 2 MOPS,B0F2N1HTBT,B0F2N1HTBT,NexLev Replacement Mop Cloth Pads (Set of 2) | Compatible with NexLev 10-in-1 Steam Cleaner & Mop SC-04 | Reusable Microfiber Pads for Floor Deep Cleaning | Washable & Durable | For All Floor Types,202.0,3.0,0.0017,0.0017,219.0,4.0,0.0015,0.0017,0.9585,1.0,2,0.0,0.0099,0.0,402.542372881356,0.0,2.0,0.0,0,12,Nexlev,0.0,0.0,0.0,0.0,0.0,,,,,,,,Nexlev,Home & Kitchen,Set of 2 Mops,Spares ,,SC-04 SET OF 2 MOPS,2
FBA79810,MF-01,B0FS7T8151,B0FS7T8151,NexLev Rechargeable Milk Frother & Coffee Whisker | 3 Speed | Stainless Steel Dual Spring Tech | Perfect for Coffee Lattes Milk Hot Chocolate Omlete & Cream | Handheld Beater for Foam |MF-01,25.0,1.0,0.0002,0.0006,29.0,2.0,0.0002,0.0009,1.0,0.0,2,0.0,0.08,0.0,507.6271186440678,0.0,2.0,0.0,0,12,Nexlev,0.0,0.0,0.0,0.0,0.0,,,,,,,,Nexlev,Home & Kitchen,Kitchen Appliances,Milk Frother,,MF-01,2
FBA79915,ST-01 ST-01 SET OF HOOKS,B0FYNT1TW7,B0FYNT1TW7,"NexLev Stand Mixer Attachment Set for ST-01 | Includes Dough Hook, Beater & Whisk | Durable Stainless Steel Build | Easy to Attach & Clean | Ideal for Baking, Whipping & Kneading",199.0,1.0,0.0017,0.0006,222.0,1.0,0.0015,0.0004,0.9717,0.0,2,0.0,0.0101,0.0,2542.3728813559323,0.0,2.0,0.0,0,12,Nexlev,0.0,0.0,0.0,0.0,0.0,,,,,,,,UNKNOWN,,,,,ST-01 ST-01 SET OF HOOKS,2
FBA79174,DF-01-BK,B0CW1JJP9S,B0CW1JJP9S,"Nexlev Dental Flosser| 6 Water Pressures| 4 Cleaning Modes| 2 Nozzle Tips, Tongue Cleaner, Carry Case for Tips| USB-C Charging| 1500mAh| 250ml Tank| IPX7 Water Proof| Carry Pouch | Aqua DF-01-BK",17.0,1.0,0.0001,0.0006,20.0,1.0,0.0001,0.0004,1.0,0.0,1,0.0,0.0588,0.0,1386.4406779661017,0.0,1.0,0.0,0,12,Nexlev,0.0,0.0,0.0,0.0,0.0,,,,,,,,Nexlev,HPC,Oral Care,Dental Flosser,,DF-01-BK,1
FBA79262,SC-02,B0CYSMBCB8,B0CYSMBCB8,NexLev Steam Cleaner | For Complete Home Kitchen Bathroom Window Car & Office Cleaning | 9 Accessories | 450 ML | Window Pane Sink Grime Chimney Grease Water Stain Cleaner| 4 Meter Cord | 1000W |SC-02,79.0,3.0,0.0007,0.0017,105.0,4.0,0.0007,0.0017,0.8298,1.0,1,0.0,0.0127,0.0,2074.576271186441,0.0,1.0,0.0,0,12,Nexlev,0.0,0.0,0.0,0.0,0.0,SP_SD,,,,,,,UNKNOWN,,,,,SC-02,1
FBA79346,ETC-04-WH,B0D25LNDSY,B0D25LNDSY,Nexlev Rechargeable Electric Toothbrush| 120 Days Life | 35K strokes/min| Type C| 5 Modes for Daily Use| 2 Min timer with 30sec Quadpacer | 4 Brushheads| IPX7 Waterproof| For Men & Women | ETC-04 White,35.0,1.0,0.0003,0.0006,46.0,1.0,0.0003,0.0004,0.6304,1.0,1,0.0,0.0286,0.0,634.7457627118645,0.0,1.0,0.0,0,12,Nexlev,116.95,5.0,2136.0,0.0,0.0,SP_SD,,0.0,,,,,Nexlev,HPC,Oral Care,Electric Toothbrush,,ETC-04-WH,1
FBA79332,HM-01,B0D63FKYZ5,B0D63FKYZ5,NexLev Scalp Massager for Stress Relief | Head Massager for Hair Growth | 96 Tangle Free Silicone Kneading Nodes | Hand Like Massage | 120 Min Runtime | Type C | Washable Heads | 3 Modes | HM-01,44.0,0.0,0.0004,0.0,46.0,0.0,0.0003,0.0,1.0,0.0,1,0.0,0.0227,0.0,846.6101694915254,0.0,1.0,0.0,0,12,Nexlev,0.0,0.0,0.0,0.0,0.0,,,,,,,,Nexlev,HPC,Hair Care,Head Massager,,HM-01,1
FBA79469,LE-04,B0DCK4DR1B,B0DCK4DR1B,Nexlev Skin Lift Device | 7 Color LED | Face & Neck Skin Lifting| 3 Massage Modes| Face Sculpting Tool |Micro-currents to reduce Wrinkles| Hot Compress | Rechargeable| Type-C| 180 Min Use| Glow+ LE-04,122.0,2.0,0.001,0.0011,166.0,4.0,0.0011,0.0017,0.4779,1.0,1,0.0,0.0082,0.0,1346.6101694915255,0.0,1.0,0.0,0,12,Nexlev,1357.19,81.0,10580.0,1295.76,1.0,SP_SD,1.0474084707044515,0.9547373617548022,,1357.19,,,Nexlev,HPC,Skin Care,Skin Lift Device,,LE-04,1
FBA79687,MGC-03,B0DV9CY3XR,B0DV9CY3XR,NexLev Massage Gun | Body Shoulder Neck Feet Calf & Back Massager | Cold Therapy for Muscle Recovery | 60° Heat Therapy for Relaxation | 6 Attachments | 6 Mode | Portable & Compact Design | MGC-03,24.0,1.0,0.0002,0.0006,39.0,1.0,0.0003,0.0004,1.0,1.0,1,0.0,0.0417,0.0,1694.0677966101696,0.0,1.0,0.0,0,12,Nexlev,0.0,0.0,0.0,0.0,0.0,,,,,,,,Nexlev,HPC,Electric Massagers,Hot & Cold Massage Gun,,MGC-03,1
FBA79677,NP-06,B0DVCBR11D,B0DVCBR11D,"nexlev Travel Neck Pillow | Orthopedic Premium Memory Foam | for Airplane, Car, Train, Office use & Cervical Pain | Machine Washable | 360 Support | Carry Pouch for Storage | NP-06",9.0,1.0,0.0001,0.0006,14.0,1.0,0.0001,0.0004,0.4706,0.0,1,0.0,0.1111,0.0,846.6101694915254,0.0,1.0,0.0,0,12,Nexlev,0.0,0.0,0.0,0.0,0.0,,,,,,,,Nexlev,Home & Kitchen,Travel Accessories,Donut Travel Pillow,,NP-06,1
FBA79678,NP-07,B0DVCDD5VC,B0DVCDD5VC,"nexlev Travel Neck Pillow | Orthopedic Premium Memory Foam | for Airplane, Car, Train, Office use & Cervical Pain | Machine Washable | 360 Support | Carry Pouch for Storage | NP-07",13.0,1.0,0.0001,0.0006,15.0,1.0,0.0001,0.0004,1.0,1.0,1,0.0,0.0769,0.0,846.6101694915254,0.0,1.0,0.0,0,12,Nexlev,0.0,0.0,0.0,0.0,0.0,,,,,,,,Nexlev,Home & Kitchen,Travel Accessories,Donut Travel Pillow,,NP-07,1
FBA79771,SC-01 SET OF SPARES,B0F678L8YT,B0F678L8YT,"nexlev Replacement Accessory Kit for Steam Cleaner SC-01 | Multipurpose Cleaning Attachments for Home, Kitchen, Bathroom & Car",128.0,1.0,0.0011,0.0006,137.0,1.0,0.0009,0.0004,0.9848,0.0,1,0.0,0.0078,0.0,338.135593220339,0.0,1.0,0.0,0,12,Nexlev,0.0,0.0,0.0,0.0,0.0,,,,,,,,Nexlev,Home & Kitchen,Set of Spares,Spares ,,SC-01 SET OF SPARES,1
FBA78998,NP-05,B0CDQ5NBH8,B0CDQ5NBH8,nexlev Premium Memory Foam Neck Pillow with 360-Degree Head Support | Lightweight Comfortable Travel Pillow with Storage Bag for Sleeping | Traveling Flight Car Train Bus and Home Use NP-05 (Pink),2.0,0.0,0.0,0.0,2.0,0.0,0.0,0.0,1.0,0.0,0,0.0,0.0,0.0,0.0,0.0,0.0,0.0,0,12,Nexlev,0.0,0.0,0.0,0.0,0.0,,,,,,,,UNKNOWN,,,,,NP-05,0
FBA78996,NP-03,B0CDQ6G4TC,B0CDQ6G4TC,"nexlev Travel Neck Pillow | Orthopedic Premium Memory Foam | for Airplane, Car, Train, Office use & Cervical Pain | Machine Washable | 360 Support | Carry Pouch for Storage | NP-03",2.0,0.0,0.0,0.0,2.0,0.0,0.0,0.0,1.0,0.0,0,0.0,0.0,0.0,0.0,0.0,0.0,0.0,0,12,Nexlev,0.0,0.0,0.0,0.0,0.0,,,,,,,,Nexlev,Home & Kitchen,Travel Accessories,Travel Pillow,,NP-03,0
FBA79229,GS-04,B0CQX9ZZMH,B0CQX9ZZMH,NexLev Handheld Garment Steamer |1800 Watts | 25 g/min | 300 ML | Vertical & Horizontal Ironing for Silk Velvet & | Damage Free Steam for all Cloth Types | 25sec quick heat | 3 Brushes | GS-04,52.0,0.0,0.0004,0.0,73.0,0.0,0.0005,0.0,0.9403,0.0,0,0.0,0.0,0.0,0.0,0.0,0.0,0.0,0,12,Nexlev,0.0,0.0,0.0,0.0,0.0,,,,,,,,Nexlev,Home & Kitchen,Fabric Care,Garment steamer,,GS-04,0
FBA79272,HS-01,B0D2LFMY48,B0D2LFMY48,"Nexlev Hair Styling Straightener & Curler| 2 in 1 Hair Styler| 200°C in 30 Seconds| Long Ceramic Floating Plates| Rounded Body for Curls| Plate Lock| Portable HS-01, Hair Straightener Tong - Black",24.0,0.0,0.0002,0.0,30.0,0.0,0.0002,0.0,1.0,0.0,0,0.0,0.0,0.0,0.0,0.0,0.0,0.0,0,12,Nexlev,0.0,0.0,0.0,0.0,0.0,,,,,,,,Nexlev,HPC,Hair Care,Hair Straightener,,HS-01,0
FBA79273,HS-02,B0D2LKB4BJ,B0D2LKB4BJ,"Nexlev Hair Styling Straightener & Curler| 2 in 1 Hair Styler| 200°C in 30 Seconds| Long Ceramic Floating Plates| Rounded Body for Curls| Plate lock| Portable |HS-02, Hair Straightener Tong - Purple",30.0,1.0,0.0003,0.0006,38.0,1.0,0.0003,0.0004,0.9394,1.0,0,0.0,0.0,0.0,0.0,0.0,0.0,0.0,0,12,Nexlev,0.0,0.0,0.0,0.0,0.0,,,,,,,,Nexlev,HPC,Hair Care,Hair Straightener,,HS-02,0
FBA79352,WF-02-BL,B0D637B562,B0D637B562,Nexlev Splash Pet Water Fountain with LED Light | 2.0L Capacity | Ultra Quiet Cat Drinking Fountain with Filter | Automatic Pet Water Fountain for Cats and Small Dogs | Blue (WF-02-BL),0.0,0.0,0.0,0.0,0.0,0.0,0.0,0.0,0.0,0.0,0,0.0,0.0,0.0,0.0,0.0,0.0,0.0,0,12,Nexlev,0.0,0.0,0.0,0.0,0.0,,,,,,,,UNKNOWN,,,,,WF-02-BL,0
FBA79347,ETC-05-PI,B0D842173P,B0D842173P,Nexlev Electric Toothbrush| 40000 vibrations/min|USB Type C| 5 Modes| 2 Min timer| 30 sec Quad Interval| 4 Replaceable Brushheads With Cover| IPX7 Waterproof| For Adults|Sparkle Pro ETC-05 Sunset Pink,7.0,0.0,0.0001,0.0,9.0,0.0,0.0001,0.0,1.0,0.0,0,0.0,0.0,0.0,0.0,0.0,0.0,0.0,0,12,Nexlev,0.0,0.0,0.0,0.0,0.0,,,,,,,,Nexlev,HPC,Oral Care,Electric Toothbrush,,ETC-05-PI,0
FBA79278,HD-01,B0D86ZC9YT,B0D86ZC9YT,Nexlev Just Style Pro Hair Dryer |2100 W for Quick & Easy Blowdry | Double Heat Protection Technology | 3 Heat Settings & Cool Shot Function For Salon-Like Styling at Home (HD-01),47.0,1.0,0.0004,0.0006,68.0,1.0,0.0005,0.0004,0.9298,1.0,0,0.0,0.0,0.0,0.0,0.0,0.0,0.0,0,12,Nexlev,0.0,0.0,0.0,0.0,0.0,,,,,,,,Nexlev,HPC,Hair Care,Hair Dryer,,HD-01,0
FBA79480,VC-03,B0DDC3GVZW,B0DDC3GVZW,nexlev Cordless Electric Car Vacuum Cleaner VacuSafe| Seat-Belt Cutter| Window Breaker Hammer| LED Torch|4000 mAh| High Power Suction | Copper motor| Type-C Emergency Car Escape Tool| Portable| VC-03,48.0,1.0,0.0004,0.0006,55.0,1.0,0.0004,0.0004,0.92,1.0,0,0.0,0.0,0.0,0.0,0.0,0.0,0.0,0,12,Nexlev,0.0,0.0,0.0,0.0,0.0,,,,,,,,Nexlev,Home & Kitchen,Cleaning & Vacumming,Vacuum Cleaner,,VC-03,0
FBA79466,TI-01,B0DFM4JZV9,B0DFM4JZV9,"Nexlev Tyre Inflator for Car | Touch Control |150 PSI |12V DC| 4 Nozzles | Digital Tyre Pressure Gauge| Carry Bag | Suitable for Bike, Bicycle or Any Inflatable | Emergency LED Light | TI-01",14.0,0.0,0.0001,0.0,15.0,0.0,0.0001,0.0,0.9286,0.0,0,0.0,0.0,0.0,0.0,0.0,0.0,0.0,0,12,Nexlev,0.0,0.0,0.0,0.0,0.0,,,,,,,,Nexlev,Home & Kitchen,Car Accessories,Tyre Inflators - Corded,,TI-01,0
FBA79481,TM-02,B0DFMRG2K4,B0DFMRG2K4,"NexLev All in One Body Trimmer for Men | Suitable for Beard, Body, Balls, Pubic Hair, Private Parts | 90 Min Runtime |Type C | IPX 7 Waterproof | No Nicks No Cuts | 2 Safety Combs| Extra Blade | TM-02",179.0,3.0,0.0015,0.0017,212.0,7.0,0.0014,0.003,0.9069,1.0,0,0.0,0.0,0.0,0.0,0.0,0.0,0.0,0,12,Nexlev,0.0,0.0,0.0,0.0,0.0,,,,,,,,Nexlev,HPC,Trimmers & Body Groomers,Intimate Trimmer,,TM-02,0
FBA79475,TIC-04,B0DJFJZMC6,B0DJFJZMC6,"nexlev Cordless & Corded Tyre Inflator|150 PSI| 6000 mAh Powerbank|LED Light | Type C Port |Digital Display| 5 Pre-Set Modes|Auto Shut-Off |Multiple Nozzles for Cars, Bikes, Cycle| AER Pro Max TIC-04",22.0,1.0,0.0002,0.0006,26.0,2.0,0.0002,0.0009,1.0,0.0,0,0.0,0.0,0.0,0.0,0.0,0.0,0.0,0,12,Nexlev,0.0,0.0,0.0,0.0,0.0,,,,,,,,Nexlev,Home & Kitchen,Car Accessories,Tyre Inflators - Cordless,,TIC-04,0
FBA79467,TM-01,B0DK9LYT4P,B0DK9LYT4P,NexLev Beard Trimmer| 90min Run Time| 40 Length Settings| 0.5mm Precision| Washable Stainless Steel Blades| Copper Motor| USB Type-C| IPX7 Waterproof| Travel Lock| 2 Beard Comb| 1 Year Warranty |TM-01,22.0,0.0,0.0002,0.0,31.0,0.0,0.0002,0.0,0.8333,0.0,0,0.0,0.0,0.0,0.0,0.0,0.0,0.0,0,12,Nexlev,0.0,0.0,0.0,0.0,0.0,,,,,,,,Nexlev,HPC,Trimmers & Body Groomers,Men's Beard Trimmer,,TM-01,0
FBA79483,TM-03,B0DK9NRBWJ,B0DK9NRBWJ,NexLev Intimate Trimmer for Men|Ceramic Blade|120 Min Runtime|Type C Charge | IPX7 Waterproof | 7000RPM Copper Motor| Cordless|LED Light| Travel Lock| Wet/Dry Groin & Body Shaver | Intimate Pro TM-03,29.0,0.0,0.0002,0.0,38.0,0.0,0.0003,0.0,1.0,0.0,0,0.0,0.0,0.0,0.0,0.0,0.0,0.0,0,12,Nexlev,0.0,0.0,0.0,0.0,0.0,,,,,,,,Nexlev,HPC,Trimmers & Body Groomers,Men's Body Trimmer,,TM-03,0
FBA79565,VC-04,B0DKJZDY72,B0DKJZDY72,nexlev Cordless Vacuum Cleaner & Blower |BLDC Copper Motor |HEPA with Stainless Steel Cover | for Home Office & Car Cleaning|4 Attachments | Blower for Dust & Inflatables | Portable & Compact | VC-04,47.0,0.0,0.0004,0.0,59.0,0.0,0.0004,0.0,0.8077,0.0,0,0.0,0.0,0.0,0.0,0.0,0.0,0.0,0,12,Nexlev,0.0,0.0,0.0,0.0,0.0,,,,,,,,Nexlev,Home & Kitchen,Cleaning & Vacumming,Vacuum Cleaner,,VC-04,0
FBA79596,MG-01,B0DMT19RWC,B0DMT19RWC,"NexLev Massage Gun |Full Body- Neck, Shoulders, Back, Arms & Feet Pain Relief|Handheld Deep Tissue Massager| 4 Heads| 99 Gears Levels| 3 Modes| 3800 RPM| 1800mAh Battery|Type-C Interface|MG-01",14.0,0.0,0.0001,0.0,19.0,0.0,0.0001,0.0,1.0,0.0,0,0.0,0.0,0.0,0.0,0.0,0.0,0.0,0,12,Nexlev,0.0,0.0,0.0,0.0,0.0,,,,,,,,Nexlev,HPC,Electric Massagers,Massage Gun,,MG-01,0
FBA79484,CF-01,B0DNJF1BLS,B0DNJF1BLS,NexLev Drip Coffee Maker |Filter Coffee for Home & Office | 4-6 Cups | Warming Plate|Borosilicate Carafe | Reusable & Washable Filter | Anti Drip | 750 ml | Cone Filter | Water Level Indicator |CF-01,44.0,1.0,0.0004,0.0006,61.0,1.0,0.0004,0.0004,0.8039,0.0,0,0.0,0.0,0.0,0.0,0.0,0.0,0.0,0,12,Nexlev,0.0,0.0,0.0,0.0,0.0,,,,,,,,Nexlev,Home & Kitchen,Kitchen Appliances,Drip Coffee Maker,,CF-01,0
FBA79598,BM-02,B0DNJJKBKG,B0DNJJKBKG,NexLev Neck & Back Massager | Deep Tissue Shiatsu Roller | Cervical Pain Relief | 3 Speeds | 8 Kneading Nodes | Quick Pain Relief | Auto Shut Off | 1 year Warranty | BM-02,23.0,0.0,0.0002,0.0,23.0,0.0,0.0002,0.0,1.0,0.0,0,0.0,0.0,0.0,0.0,0.0,0.0,0.0,0,12,Nexlev,0.0,0.0,0.0,0.0,0.0,,,,,,,,Nexlev,HPC,Electric Massagers,Back & Shoulder Massager,,BM-02,0
FBA79589,SS-02,B0DNJP9T35,B0DNJP9T35,"NexLev Spin Scrubber|6 Scrubbing Heads| For Kitchen, Bathroom, Tub, Glass | Complete cleaning tool for Home, Office & Car| 90 min runtime | 2600 mAh | Cordless Type C | 2 Modes|Adjustable Handle|SS-02",111.0,1.0,0.001,0.0006,132.0,1.0,0.0009,0.0004,0.8943,0.0,0,0.0,0.0,0.0,0.0,0.0,0.0,0.0,0,12,Nexlev,0.0,0.0,0.0,0.0,0.0,SP_SD,,,,,,,Nexlev,Home & Kitchen,Cleaning & Vacumming,Electric Spin Scrubber,,SS-02,0
FBA79492,V-02,B0DT6Y7KJM,B0DT6Y7KJM,"NexLev IONIC Volumizer + Straightening Brush| 1200 W| Ceramic Tourmaline Coating| Hot Air Brush| Large Barrel| Ionic Technology| Dual bristles for drying, volumizing & straightening | 360° vents| V-02",170.0,2.0,0.0015,0.0011,180.0,2.0,0.0012,0.0009,1.0,1.0,0,0.0,0.0,0.0,0.0,0.0,0.0,0.0,0,12,Nexlev,330.97,10.0,2880.0,1269.5,1.0,SP_SD,0.2607089405277669,3.8356950781037553,,330.97,,,Nexlev,HPC,Hair Care,Volumizer,,V-02,0
FBA79676,HB-01,B0DV91JGF1,B0DV91JGF1,NexLev Orthopaedic Heat and Massage Belt | Massager for Lower Back Shoulder Cramps and Neck Pain Relief | 3 massage Modes | 2 intensities | Heat for Soothing Sore Muscles | 30 min Auto Shut off |HB-01,15.0,0.0,0.0001,0.0,25.0,0.0,0.0002,0.0,1.0,0.0,0,0.0,0.0,0.0,0.0,0.0,0.0,0.0,0,12,Nexlev,0.0,0.0,0.0,0.0,0.0,,,,,,,,Nexlev,HPC,Electric Massagers,Heated Wrap Belt,,HB-01,0
FBA79690,PM-02,B0DV931G48,B0DV931G48,"NexLev Cordless Body Massager | Neck, Shoulder, Back, Legs & Thigh Pain Relief | 10 Intensity and 12 Modes | 6 Attachments | Deep Tissue Kneading for Complete Pain Relief | Charging Indicator | PM-02",6.0,2.0,0.0001,0.0011,6.0,2.0,0.0,0.0009,1.0,1.0,0,0.0,0.0,0.0,0.0,0.0,0.0,0.0,0,12,Nexlev,0.0,0.0,0.0,0.0,0.0,,,,,,,,Nexlev,HPC,Electric Massagers,Handheld Percussion Massager,,PM-02,0
FBA79686,MGS-02,B0DV94R4QD,B0DV94R4QD,NexLev Massage Gun | Body Massager |6 Speed for Body Relaxation and Muscle Recovery | 4 Attachment| Compact & Portable Design | For Neck Shoulder Back Foot Calf | 1H Use Time |For Men & Women |MGS-02,14.0,0.0,0.0001,0.0,19.0,0.0,0.0001,0.0,1.0,0.0,0,0.0,0.0,0.0,0.0,0.0,0.0,0.0,0,12,Nexlev,0.0,0.0,0.0,0.0,0.0,,,,,,,,Nexlev,HPC,Electric Massagers,Massage Gun - Mini,,MGS-02,0
FBA79693,TM-05,B0DVC91Q7J,B0DVC91Q7J,NexLev Body & Intimate Trimmer for Men | Pubic Hair - Private Part Trimmer and Body Groomer |Vacuum for Mess Free Trimming | Ceramic Blades | Curved Edge for Safety | IPX7 Waterproof | TypeC |TM-05,22.0,1.0,0.0002,0.0006,24.0,1.0,0.0002,0.0004,0.9167,1.0,0,0.0,0.0,0.0,0.0,0.0,0.0,0.0,0,12,Nexlev,0.0,0.0,0.0,0.0,0.0,,,,,,,,Nexlev,HPC,Trimmers & Body Groomers,Vacuum Trimmer,,TM-05,0
FBA79683,AP-01,B0DVC9PRSD,B0DVC9PRSD,NexLev Air Purifier for Living Room | 650 sqft Area |True HEPA 13 with 8500 Hrs Filter Life |Captures 99.99% Virus and PM 2.5 |Smart AQI Indicator |Home & Office Use|App Support|Sleep & Auto Mode| A6,155.0,4.0,0.0013,0.0023,170.0,4.0,0.0011,0.0017,0.1902,1.0,0,0.0,0.0,0.0,0.0,0.0,0.0,0.0,0,12,Nexlev,492.77,29.0,26782.0,0.0,0.0,SP_SD,,0.0,,,,,Nexlev,Home & Kitchen,Air Purifier,Air Purifier,,AP-01,0
FBA79689,CFM-02,B0DVSZ2VVJ,B0DVSZ2VVJ,"NexLev Calf Massager Pro|Complete Feet Calf Knee and Thigh Massage|Hand like Massage with Air Compression and Heat Therapy|Pain Relief,Muscle Recovery & Enhanced Blood Circulation|3 Intensities|CFM-02",241.0,9.0,0.0021,0.0051,277.0,9.0,0.0018,0.0039,1.0,1.0,0,0.0,0.0,0.0,0.0,0.0,0.0,0.0,0,12,Nexlev,0.0,0.0,0.0,0.0,0.0,,,,,,,,Nexlev,HPC,Electric Massagers,Complete Leg Massager,,CFM-02,0
FBA79717,SPM-01 SET OF 2 MOPS,B0F2MZ9BJS,B0F2MZ9BJS,NexLev Replacement Mop Pads (Set of 2) | Compatible with NexLev Cordless Spin Mop SPM-01 | Soft Microfiber Cleaning Pads | Washable & Reusable | For All Floor Types | Easy to Attach & Remove,3.0,0.0,0.0,0.0,5.0,0.0,0.0,0.0,1.0,0.0,0,0.0,0.0,0.0,0.0,0.0,0.0,0.0,0,12,Nexlev,0.0,0.0,0.0,0.0,0.0,,,,,,,,Nexlev,Home & Kitchen,Set of 2 Mops,Spares ,,SPM-01 SET OF 2 MOPS,0
FBA79607,LR-02 SET OF 2 BLADES,B0F2N11VTN,B0F2N11VTN,NexLev Replacement Stainless Steel Blades (Set of 2) | Compatible with NexLev Lint Remover LR-02 | Sharp & Durable Blades for Effective Fabric Defuzzing | Easy to Replace | Smooth & Safe Performance,10.0,0.0,0.0001,0.0,17.0,0.0,0.0001,0.0,1.0,0.0,0,0.0,0.0,0.0,0.0,0.0,0.0,0.0,0,12,Nexlev,0.0,0.0,0.0,0.0,0.0,,,,,,,,Nexlev,Home & Kitchen,Set of 2 blades,Spares ,,LR-02 SET OF 2 BLADES,0
FBA79657,SS-02 SET OF SPARES,B0F2N31GNX,B0F2N31GNX,NexLev Replacement Accessory Kit for Spin Scrubber SS-02 | Multipurpose Cleaning Heads for Home & Car,4.0,0.0,0.0,0.0,5.0,0.0,0.0,0.0,1.0,0.0,0,0.0,0.0,0.0,0.0,0.0,0.0,0.0,0,12,Nexlev,0.0,0.0,0.0,0.0,0.0,,,,,,,,Nexlev,Home & Kitchen,Set of Spares,Spares ,,SS-02 SET OF SPARES,0
FBA79606,LR-01 SET OF 2 BLADES,B0F2N37819,B0F2N37819,NexLev Replacement Stainless Steel Blades (Set of 2) | Compatible with NexLev Lint Remover LR-01 | Sharp & Durable Blades for Effective Fabric Defuzzing | Easy to Replace | Smooth & Safe Performance,39.0,1.0,0.0003,0.0006,41.0,1.0,0.0003,0.0004,1.0,0.0,0,0.0,0.0,0.0,0.0,0.0,0.0,0.0,0,12,Nexlev,0.0,0.0,0.0,0.0,0.0,,,,,,,,Nexlev,Home & Kitchen,Set of 2 blades,Spares ,,LR-01 SET OF 2 BLADES,0
FBA79721,MR-02 HEPA FILTER,B0F2N4N83Y,B0F2N4N83Y,"nexlev Replacement HEPA Filter | Compatible Cordless Mite Remover (MR-02) | Captures 99.99% Dust, Mites & Allergens | Washable & Durable Filter Maintain",3.0,0.0,0.0,0.0,5.0,0.0,0.0,0.0,1.0,0.0,0,0.0,0.0,0.0,0.0,0.0,0.0,0.0,0,12,Nexlev,0.0,0.0,0.0,0.0,0.0,,,,,,,,Nexlev,Home & Kitchen,HEPA Filter,Spares ,,MR-02 HEPA FILTER,0
FBA79777,AP-01 HEPA,B0F6795PDP,B0F6795PDP,Nexlev Professional Air Purifier HEPA Filter for Model A6,77.0,2.0,0.0007,0.0011,80.0,2.0,0.0005,0.0009,0.9867,1.0,0,0.0,0.0,0.0,0.0,0.0,0.0,0.0,0,12,Nexlev,0.0,0.0,0.0,0.0,0.0,,,,,,,,Nexlev,Home & Kitchen,HEPA,Spares ,,AP-01 HEPA,0
FBA79772,SC-02 SET OF SPARES,B0F67BSF2R,B0F67BSF2R,"NexLev Replacement Accessory Kit for Steam Cleaner SC-02 | Multipurpose Cleaning Attachments for Home, Kitchen, Bathroom & Car",0.0,0.0,0.0,0.0,0.0,0.0,0.0,0.0,0.0,0.0,0,0.0,0.0,0.0,0.0,0.0,0.0,0.0,0,12,Nexlev,0.0,0.0,0.0,0.0,0.0,,,,,,,,UNKNOWN,,,,,SC-02 SET OF SPARES,0
FBA79778,AP-03 HEPA,B0F67BW7SF,B0F67BW7SF,NexLev Smart Air Purifier HEPA Filter for Model AP220,106.0,3.0,0.0009,0.0017,119.0,3.0,0.0008,0.0013,1.0,1.0,0,0.0,0.0,0.0,0.0,0.0,0.0,0.0,0,12,Nexlev,0.0,0.0,0.0,0.0,0.0,,,,,,,,Nexlev,Home & Kitchen,HEPA,Spares ,,AP-03 HEPA,0
FBA79843,SC-04 SPARE SET,B0FMF1D9NV,B0FMF1D9NV,NexLev Accessory Kit for 10-in-1 Steam Cleaner & Mop SC-04 | Multipurpose Attachments for Deep Cleaning,120.0,1.0,0.001,0.0006,132.0,2.0,0.0009,0.0009,0.9841,1.0,0,0.0,0.0,0.0,0.0,0.0,0.0,0.0,0,12,Nexlev,0.0,0.0,0.0,0.0,0.0,,,,,,,,Nexlev,Home & Kitchen,Spare Set,Spares ,,SC-04 SPARE SET,0
FBA79912,SC-05 SC-05 - SET OF SPARES,B0FYNKYJFN,B0FYNKYJFN,"NexLev Replacement Accessory Kit for Steam Cleaner SC-05 | Multipurpose Cleaning Attachments for Home, Kitchen, Bathroom & Car",2.0,0.0,0.0,0.0,2.0,0.0,0.0,0.0,1.0,0.0,0,0.0,0.0,0.0,0.0,0.0,0.0,0.0,0,12,Nexlev,0.0,0.0,0.0,0.0,0.0,,,,,,,,Nexlev,Home & Kitchen,SC-05 - Set of Spares,Spares ,,SC-05 SC-05 - SET OF SPARES,0
FBA79913,"VC-05 VC-05 -SET OF SPARES(CREVICE, BRUSH & HOSE)",B0FYNLPK1B,B0FYNLPK1B,"NexLev 3-in-1 Accessory Kit for Cordless Wet & Dry Vacuum Cleaner VC-05 | For Car, Sofa & Home Cleaning | Easy to Attach & Durable Build",4.0,0.0,0.0,0.0,5.0,0.0,0.0,0.0,1.0,0.0,0,0.0,0.0,0.0,0.0,0.0,0.0,0.0,0,12,Nexlev,0.0,0.0,0.0,0.0,0.0,,,,,,,,UNKNOWN,,,,,"VC-05 VC-05 -SET OF SPARES(CREVICE, BRUSH & HOSE)",0
FBA79263,MR-01,B0CYSLCRQS,B0CYSLCRQS,"NexLev Mattress, Sofa & Carpet Vacuum Cleaner | For Dust Mites, Allergens & Pet Hair | 4 Step Cleansing with Double Beat, UV Light, Dehumidification & Vacuum | HEPA captures 99.99% Dust|MR-01",42620.0,539.0,0.2925,0.2032,53561.0,677.0,0.2785,0.1905,0.3121,0.197,31,0.0,0.0007,0.0,71282.20338983051,0.0,31.0,0.0,0,12,Nexlev,12463.8,876.0,69160.0,35065.22,15.0,SP_SD,0.3554462227814341,2.8133651053450794,,830.92,,,Nexlev,Home & Kitchen,Cleaning & Vacumming,Mite Remover,,MR-01,31
FBA78980,GS-02,B0CDPMX152,B0CDPMX152,NexLev Handheld Garment Steamer | 1500 Watts | 300 ML| Standing & Horizontal Iron Press | Damage Free Steaming for all Cloth Types | 25s Quick Heat |Upto 5 Clothes in One Fill | Travel Friendly |GS-02,3212.0,24.0,0.022,0.009,4264.0,35.0,0.0222,0.0098,0.8752,0.0,29,0.0,0.009,0.0,50993.220338983054,0.0,29.0,0.0,0,12,Nexlev,15168.92631,656.0,169614.0,24437.31,15.0,SP_SD,0.6207281533851313,1.6110111883060494,,1011.261754,,,Nexlev,Home & Kitchen,Fabric Care,Garment steamer,,GS-02,29
FBA79488,KE-01,B0DFCG2VGS,B0DFCG2VGS,"Nexlev Multi Purpose Electric Food Kettle|1.8L Stainless Steel Pot| 600W|Boil, Steam, Fry, Saute| Double Layered Body|2 Heat Settings|Multi Function for Water, Milk, Egg, Soup, Noodles|KE-01",2401.0,51.0,0.0165,0.0192,3407.0,64.0,0.0177,0.018,0.3633,0.275,20,1.0,0.0083,0.0196,32187.288135593222,1999.0,20.0,1.0,0,12,Nexlev,11650.96,1186.0,173699.0,19905.1,12.0,SP_SD,0.5853253688753135,1.708451492409209,,970.9133333333334,,,Nexlev,Home & Kitchen,Kitchen Appliances,Electric Multi Kettles,,KE-01,20
FBA79439,MR-02,B0DCK7ZH5P,B0DCK7ZH5P,"NexLev Mattress, Sofa, Carpet & Car Seat Vacuum Cleaner|For Dust Mites Allergens & Pet Hair|Cordless Design|1500*3 mAh |UV Sterilization, Double Beat Technology|Type C| HEPA captures 99.99% Dust|MR-02",7722.0,121.0,0.053,0.0456,9280.0,145.0,0.0483,0.0408,0.2381,0.1875,12,0.0,0.0016,0.0,33716.94915254237,0.0,12.0,0.0,0,12,Nexlev,18264.02,1429.0,99779.0,41016.93,17.0,SP_SD,0.445280034366297,2.2457777641504992,,1074.354117647059,,,Nexlev,Home & Kitchen,Cleaning & Vacumming,Mite Remover,,MR-02,12
FBA79652,SC-05,B0F43P6D23,B0F43P6D23,NexLev Steam Cleaner | Complete Home Kitchen Floor Bathroom Car & Office Cleaning machine | 9 Accessories | 450 ML | Window Pane Sink Grime Chimney Grease Water Stain Cleaner| 4 M Cord |1050W |SC-05,5997.0,130.0,0.0412,0.049,7901.0,165.0,0.0411,0.0464,0.0774,0.0,11,0.0,0.0018,0.0,17541.525423728814,0.0,11.0,0.0,0,12,Nexlev,44274.34,2131.6666666666665,152178.33333333334,154407.80000000002,53.0,SP_SD,0.28673642134659,3.48752347296425,,835.3649056603774,,,Nexlev,Home & Kitchen,Cleaning & Vacumming,Steam cleaner,,SC-05,11
FBA79404,FS-01,B0D9KFZYG8,B0D9KFZYG8,"NexLev Steamer For Cold & Cough| Face Steam,Inhaler & Vaporizer | Perfect for Facial & Aromatherapy | Nano Ionic Steam | Uv Sterilization | Aroma Diffuser|30 Sec Heating|Avoid Burns & Spillage | FS-01",328.0,4.0,0.0023,0.0015,447.0,4.0,0.0023,0.0011,0.5918,0.0,6,0.0,0.0183,0.0,8638.983050847459,0.0,6.0,0.0,0,12,Nexlev,4691.18,210.0,66765.0,8766.09,6.0,SP_SD,0.535150791287792,1.868632199148189,,781.8633333333333,,,Nexlev,HPC,Skin Care,Face Steamer,,FS-01,6
FBA79590,CFM-01,B0DM6BB3VT,B0DM6BB3VT,nexlev Calf Massager | Daily Use Leg Massager for Sore Muscle |1 Piece | Hand Like Massage with Air Compression | Improve Blood Circulation & Relieve Pain | 2500 mAh | Large Belt | Type C |CFM-01,2953.0,56.0,0.0203,0.0211,3689.0,75.0,0.0192,0.0211,0.1919,0.0,6,0.0,0.002,0.0,12097.457627118643,0.0,6.0,0.0,0,12,Nexlev,18598.12,962.0,91593.0,52310.69,21.0,SP_SD,0.3555319190016419,2.812686981264773,,885.6247619047618,,,Nexlev,HPC,Electric Massagers,Calf Massager,,CFM-01,6
FBA79493,V-03,B0DQCWRG3H,B0DQCWRG3H,nexlev Ionic 3 In 1 Hot Air Brush|1.5 Inch Barrel|Volumizer Blow Dry & Style|Ceramic Tourmaline Coated For Heat Protection|1200 Watts|Dual Bristle For Tangle Free Styling|Salon Like Soft Curl|V-03,2677.0,17.0,0.0184,0.0064,3804.0,24.0,0.0198,0.0068,0.0584,0.0,3,0.0,0.0011,0.0,5313.559322033899,0.0,3.0,0.0,0,12,Nexlev,31168.67,1979.0,256827.0,46402.53,27.0,SP_SD,0.6717019524581958,1.4887555356067486,,1154.3951851851853,,,Nexlev,HPC,Hair Care,Volumizer,,V-03,3
FBA79698,SS-01(NEW),B0DTK4FY1G,B0DTK4FY1G,"NexLev Spin Scrubber with Soap Spray | 6 heads| For Kitchen, Tub, Glass, Complete cleaning tool for Home, Office & Car| 90 min runtime | 4500 mAh | Cordless Type C | Adjustable Handle|SS-01, White",229.0,3.0,0.0016,0.0011,274.0,4.0,0.0014,0.0011,0.9675,1.0,3,0.0,0.0131,0.0,6221.186440677967,0.0,3.0,0.0,0,12,Nexlev,0.0,0.0,0.0,0.0,0.0,,,,,,,,Nexlev,Home & Kitchen,Cleaning & Vacumming,Electric Spin Scrubber,,SS-01(NEW),3
FBA79679,ST-01,B0DVC7VJP1,B0DVC7VJP1,"NexLev Stand Mixer | 5.5L SS Bowl | 1500W |10 Speeds | Pulse Function |Planetary Rotation | Whisk, Beater & Dough Hook |100% Copper Motor | For Roti Atta, Cookie Dough, Cake, Whip Cream & more | ST-01",3272.0,45.0,0.0225,0.017,4363.0,64.0,0.0227,0.018,0.069,0.0,3,0.0,0.0009,0.0,14610.169491525425,0.0,3.0,0.0,0,12,Nexlev,19823.39,1208.0,176599.0,33595.76,7.0,SP_SD,0.5900563047241675,1.6947535209668982,,2831.912857142857,,,Nexlev,Home & Kitchen,Kitchen Appliances,Stand Mixer,,ST-01,3
FBA79265,CR-01,B0D2LHNS9B,B0D2LHNS9B,"NexLev Foot Callus Remover | Electric Scrubber & Shaver for Dead, Hard & Cracked Skin | Professional Pedicure at Home | Waterproof | Type C | 3 Crystal Quartz Heads | For Men and Women| CR-01",202.0,5.0,0.0014,0.0019,281.0,8.0,0.0015,0.0023,0.173,0.0,2,0.0,0.0099,0.0,1167.7966101694915,0.0,2.0,0.0,0,12,Nexlev,2217.11,136.0,27810.0,5974.57,8.0,SP_SD,0.3710911412871554,2.694755785684968,,277.13875,,,Nexlev,HPC,Skin Care,Callus Remover,,CR-01,2
FBA79350,EA-01,B0D67727VG,B0D67727VG,NexLev LED Therapy Oil Applicator | Reduce Dandruff | Improve Hair Growth | EMS for Scalp Improvement | Red & Blue Light | High Frequency Massage for Better Absorption | 10 ML | Waterproof | EA-01,498.0,17.0,0.0034,0.0064,668.0,23.0,0.0035,0.0065,0.1038,0.0,2,0.0,0.004,0.0,1900.0,0.0,2.0,0.0,0,12,Nexlev,1283.97,98.0,10511.0,3376.2,2.0,SP_SD,0.3803003376577217,2.6295006892684407,,641.985,,,Nexlev,HPC,Hair Care,Hair Oil Applicator,,EA-01,2
FBA79406,HSB-04,B0DCK3N2JJ,B0DCK3N2JJ,"NexLev Ionic Cordless Hair Straightener Brush | 60min Runtime | upto 200° Heating | Portable & Type C Rechargeable | Keratin Bristles |Straight, Frizz Free & Shiny Hair | Compact Comb Design | HSB-04",1589.0,5.0,0.0109,0.0019,2213.0,8.0,0.0115,0.0023,0.2017,0.0,2,0.0,0.0013,0.0,2116.949152542373,0.0,2.0,0.0,0,12,Nexlev,10319.57,559.0,93390.0,22988.94,12.0,SP_SD,0.4488928154147167,2.227703286086533,,859.9641666666666,,,Nexlev,HPC,Hair Care,Hair Straightener Brush - Cordless,,HSB-04,2
FBA79472,CM-02-PR,B0DFCDZWND,B0DFCDZWND,NexLev Cordless Electric Heating Pad| Period Cramp & Back Pain Relief Massager | 9 modes| Menstrual Cramp Relief|Type C| Crampfree Periods | Portable | Gift for Women| Strap upto 40 Inch |Purple CM-02,206.0,4.0,0.0014,0.0015,293.0,5.0,0.0015,0.0014,0.0564,0.0,2,0.0,0.0097,0.0,1166.1016949152545,0.0,2.0,0.0,0,12,Nexlev,3515.42,150.0,37443.0,0.0,0.0,SP_SD,,0.0,,,,,Nexlev,HPC,Electric Massagers,Electric Heating Pads,,CM-02-PR,2
FBA79489,KE-02,B0DFD123P5,B0DFD123P5,"Nexlev MultiPurpose Electric Food Kettle|1.5 L Ceramic Pot | 600W| Boil, Steam, Fry, Saute| Double Layered Body| 2 Temperature Settings| Multi Cooker for Water, Egg, Tea, Soup, Noodles, Rice| KE-02",2901.0,45.0,0.0199,0.017,4143.0,70.0,0.0215,0.0197,0.0173,0.0,2,0.0,0.0007,0.0,3049.1525423728817,0.0,2.0,0.0,0,12,Nexlev,17433.19,1920.0,279009.0,31550.81,21.0,SP_SD,0.5525433419934386,1.8098127766633645,,830.1519047619047,,,Nexlev,Home & Kitchen,Kitchen Appliances,Electric Multi Kettles,,KE-02,2
FBA79570,BR-01,B0DKJXRXKM,B0DKJXRXKM,NexLev Blackhead & Whitehead Remover Tool | Rechargeable |1Hr Use| Acne & Pimple Pore Cleaner | 6 Heads | Electric Derma Suction Machine | Hydra Facial Cleanser Device for Face |For Men & Women |BR-01,1036.0,22.0,0.0071,0.0083,1431.0,31.0,0.0074,0.0087,0.0056,0.0,2,0.0,0.0019,0.0,1382.2033898305085,0.0,2.0,0.0,0,12,Nexlev,9714.38,542.0,64681.0,19031.41,15.0,SP_SD,0.5104393211012741,1.9590967205318304,,647.6253333333333,,,Nexlev,HPC,Skin Care,Blackhead Remover,,BR-01,2
FBA79811,MC-01,B0FSF1N457,B0FSF1N457,NexLev Mini Electric Chopper | 3D Stainless Steel Blade | Food Grade Bowl | For Mincing Garlic Ginger Onion Vegetable Meat Nuts | 250 ml | One Touch Operation | MC-01,1194.0,21.0,0.0082,0.0079,1498.0,27.0,0.0078,0.0076,0.0863,0.0,2,0.0,0.0017,0.0,1035.5932203389832,0.0,2.0,0.0,0,12,Nexlev,0.0,0.0,0.0,0.0,0.0,,,,,,,,Nexlev,Home & Kitchen,Kitchen Appliances,Electric Mini Chopper,,MC-01,2
FBA79229,GS-04,B0CQX9ZZMH,B0CQX9ZZMH,NexLev Handheld Garment Steamer |1800 Watts | 25 g/min | 300 ML | Vertical & Horizontal Ironing for Silk Velvet & | Damage Free Steam for all Cloth Types | 25sec quick heat | 3 Brushes | GS-04,52.0,0.0,0.0004,0.0,73.0,0.0,0.0004,0.0,0.0448,0.0,1,0.0,0.0192,0.0,1900.8474576271187,0.0,1.0,0.0,0,12,Nexlev,0.0,0.0,0.0,0.0,0.0,,,,,,,,Nexlev,Home & Kitchen,Fabric Care,Garment steamer,,GS-04,1
FBA79346,ETC-04-WH,B0D25LNDSY,B0D25LNDSY,Nexlev Rechargeable Electric Toothbrush| 120 Days Life | 35K strokes/min| Type C| 5 Modes for Daily Use| 2 Min timer with 30sec Quadpacer | 4 Brushheads| IPX7 Waterproof| For Men & Women | ETC-04 White,35.0,1.0,0.0002,0.0004,46.0,1.0,0.0002,0.0003,0.3696,0.0,1,0.0,0.0286,0.0,647.4576271186442,0.0,1.0,0.0,0,12,Nexlev,116.95,5.0,2136.0,0.0,0.0,SP_SD,,0.0,,,,,Nexlev,HPC,Oral Care,Electric Toothbrush,,ETC-04-WH,1
FBA79374,ET-02-GN_N,B0D2P7WLJB,B0D2P7WLJB,"NexLev Smart Electric Toothbrush for Adults |2-Min Timer with Quadpacer |2 Replaceable Heads | AAA Battery |3 Modes (Daily, Normal & Sesitive) |Upto 60 Days | Travel Case | Soft Bristles |ET-02 Green",278.0,3.0,0.0019,0.0011,373.0,5.0,0.0019,0.0014,0.1603,0.0,1,0.0,0.0036,0.0,258.47457627118644,0.0,1.0,0.0,0,12,Nexlev,1151.57,86.0,4350.0,502.56,2.0,SP_SD,2.291407991085641,0.4364128971751609,,575.785,,,Nexlev,HPC,Oral Care,Electric Toothbrush,,ET-02-GN_N,1
FBA79268,GS-05,B0D383WQPB,B0D383WQPB,NexLev Foldable Garment Steamer for Home & Travel | Convenient Vertical Steaming | 1200W | 120 ml | Lightweight & Compact | 30s Fast Heating | Iron for all Cloth Types | 2 M cord | Anti Spill | GS-05,1258.0,34.0,0.0086,0.0128,1734.0,58.0,0.009,0.0163,0.0125,0.0,1,0.0,0.0008,0.0,1609.322033898305,0.0,1.0,0.0,0,12,Nexlev,19780.99,797.0,322862.0,33018.59,22.0,SP_SD,0.5990864540248387,1.6692081639998806,,899.135909090909,,,Nexlev,Home & Kitchen,Fabric Care,Garment steamer,,GS-05,1
FBA79279,LR-01,B0D8445KJN,B0D8445KJN,"nexlev Rechargeable Lint Remover | For Woollen Sweaters Pill, Rue & Burr Remover | 60min Use Time | Type C |Defuzzer | Lint Brush for Coat | 2 Modes | SS Blade | Safety Lock | LR-01",89.0,3.0,0.0006,0.0011,129.0,3.0,0.0007,0.0008,0.0183,0.0,1,0.0,0.0112,0.0,777.1186440677966,0.0,1.0,0.0,0,12,Nexlev,520.01,39.0,7576.0,1489.83,2.0,SP_SD,0.3490398233355483,2.865002596103921,,260.005,,,Nexlev,Home & Kitchen,Fabric Care,Lint Remover,,LR-01,1
FBA79440,LE-02,B0DCGHKRXX,B0DCGHKRXX,NexLev LED Phototherapy comb | Electric Scalp Massager | Red Light for Regrowth | Blue Light for Anti Dandruff | Hairfall Control | Rechargeable TypeC | Targeted Laser Treatment Machine |3 Modes |LE-02,538.0,6.0,0.0037,0.0023,690.0,6.0,0.0036,0.0017,0.1837,0.0,1,0.0,0.0019,0.0,1694.0677966101696,0.0,1.0,0.0,0,12,Nexlev,1818.96,187.0,53368.0,4433.85,3.0,SP_SD,0.4102439189417774,2.437574218234596,,606.32,,,Nexlev,HPC,Hair Care,Hair Therapy Comb,,LE-02,1
FBA79469,LE-04,B0DCK4DR1B,B0DCK4DR1B,Nexlev Skin Lift Device | 7 Color LED | Face & Neck Skin Lifting| 3 Massage Modes| Face Sculpting Tool |Micro-currents to reduce Wrinkles| Hot Compress | Rechargeable| Type-C| 180 Min Use| Glow+ LE-04,122.0,2.0,0.0008,0.0008,166.0,4.0,0.0009,0.0011,0.5221,0.0,1,0.0,0.0082,0.0,1295.7627118644068,0.0,1.0,0.0,0,12,Nexlev,1357.19,81.0,10580.0,1295.76,1.0,SP_SD,1.0474084707044515,0.9547373617548022,,1357.19,,,Nexlev,HPC,Skin Care,Skin Lift Device,,LE-04,1
FBA79566,VC-05,B0DKJSCLBD,B0DKJSCLBD,"nexlev Cordless Wet & Dry Vacuum Cleaner|For Home Car & Office Use|3 Attachments | 4000 mAh Battery|Quick Cleaning of Desk, Coffee tea or Water Spill | Compact & Portable | VC-05",1200.0,3.0,0.0082,0.0011,1521.0,3.0,0.0079,0.0008,0.3802,0.3333,1,0.0,0.0008,0.0,1778.813559322034,0.0,1.0,0.0,0,12,Nexlev,2066.02277,117.0,28612.0,0.0,0.0,SP_SD,,0.0,,,,,Nexlev,Home & Kitchen,Cleaning & Vacumming,Vacuum Cleaner,,VC-05,1
FBA79573,EA-02,B0DKK15YNJ,B0DKK15YNJ,NexLev Oil Applicator Comb|Red Led Light Therapy |Boost Hair Growth| Reduce Dandruff | Relieve Stress |High Vibration Corded Electric Scalp/Head Massager | 6 ML Oil Tank | 2 Hr Run-Time| Type-C|EA-02,654.0,15.0,0.0045,0.0057,836.0,22.0,0.0043,0.0062,0.0247,0.0,1,0.0,0.0015,0.0,2246.610169491525,0.0,1.0,0.0,0,12,Nexlev,9047.74,485.0,53045.0,16529.54,9.0,SP_SD,0.5473679243342524,1.8269247347956508,,1005.3044444444444,,,Nexlev,HPC,Hair Care,Hair Oil Applicator,,EA-02,1
FBA79567,SC-04,B0DNJS23HS,B0DNJS23HS,NexLev 10 in 1 Steam Cleaner & Mop|2 Steam Modes| Mopping & Deep Cleaning Home Car Sofa Bathroom Kitchen & Office |For All Surfaces|350ML|Chemical Free Cleaning | Detachable & Foldable|SC-04,5998.0,100.0,0.0412,0.0377,7991.0,130.0,0.0416,0.0366,0.0687,0.0,1,0.0,0.0002,0.0,5083.898305084746,0.0,1.0,0.0,0,12,Nexlev,28721.6,1537.6666666666667,152653.33333333334,73535.86000000002,21.0,SP_SD,0.3905795077394892,2.560298172803744,,1367.6952380952382,,,Nexlev,Home & Kitchen,Cleaning & Vacumming,Steam cleaner,,SC-04,1
FBA79692,AP-03,B0DVC58QPZ,B0DVC58QPZ,NexLev Smart Air Purifier | Home Room & Office Use upto 220 sq ft |True HEPA 13 Filter | Eliminate 99.99% Virus Dust Smoke Odor Pollen Allergens & Pollutants | Long Filter Life |3 Year Warranty |AP220,4820.0,33.0,0.0331,0.0124,6087.0,50.0,0.0317,0.0141,0.0017,0.0,1,0.0,0.0002,0.0,3050.0,0.0,1.0,0.0,0,12,Nexlev,13471.17,505.0,150240.0,14191.52,4.0,SP_SD,0.9492408142327248,1.0534734547927167,,3367.7925,,,Nexlev,Home & Kitchen,Air Purifier,NexLev Air Purifier Mini,,AP-03,1
FBA79682,HU-02,B0DVC8NYY2,B0DVC8NYY2,"NexLev Cool Mist Humidifier | 2.2L| For Office, Indoor Plants, Baby Nursery | Quiet Operation | Works 30Hrs on Low Setting | 360° Nozzle | Auto Shut-Off | Adjustable Knob | Leak Proof | HU-02",529.0,13.0,0.0036,0.0049,702.0,15.0,0.0037,0.0042,0.2376,0.0,1,0.0,0.0019,0.0,1524.5762711864409,0.0,1.0,0.0,0,12,Nexlev,11515.46,423.0,138568.0,14649.97,10.0,SP_SD,0.78603983489386,1.2722001552695246,,1151.546,,,Nexlev,Home & Kitchen,Air Purifier,Humidifier White,,HU-02,1
FBA79812,PB-01,B0FS6TB7CP,B0FS6TB7CP,NexLev Portable Blender for Smoothies Milkshakes Crushing Ice Juices | 6 Leaf Stainless Steel Blade | 3000 mAh Battery | Type C | Mix Fruit Juicer Mini | 450ml | For Kitchen & Travel | PB-01,1159.0,20.0,0.008,0.0075,1626.0,27.0,0.0085,0.0076,0.0056,0.0,1,0.0,0.0009,0.0,1900.8474576271187,0.0,1.0,0.0,0,12,Nexlev,6960.86,486.0,71383.0,15247.46,9.0,SP_SD,0.4565258738176719,2.1904563516576974,,773.4288888888889,,,Nexlev,Home & Kitchen,Kitchen Appliances,Portable Blender,,PB-01,1
FBA79819,LR-03,B0FT8R24QM,B0FT8R24QM,"NexLev Portable Cordless Lint Remover | for Woollen, Sweaters, Jackets, Carpets | Fabric Brush | Rue & Burr Remover | Battery Powered Shaver | SS Blade | Safety Lock | LR-03",379.0,4.0,0.0026,0.0015,519.0,6.0,0.0027,0.0017,0.2379,0.0,1,0.0,0.0026,0.0,285.5932203389831,0.0,1.0,0.0,0,12,Nexlev,2921.64,226.0,33866.0,642.37,2.0,SP_SD,4.548219873281753,0.2198662395093167,,1460.82,,,Nexlev,Home & Kitchen,Fabric Care,Lint Remover,,LR-03,1
FBA78981,SC-01,B0CDPP45BM,B0CDPP45BM,"NexLev Steam Cleaner | For Complete Home Kitchen Bathroom Car Sofa & Office Cleaning Machine | 9 Accessories |300 ML | Window Pane, Sink, Chimney Grease, Water Stain Cleaner| 4 Mtr Cord | 1000W |SC-01",9228.0,181.0,0.0633,0.0682,11999.0,238.0,0.0624,0.067,0.0185,0.0161,0,0.0,0.0,0.0,0.0,0.0,0.0,0.0,0,12,Nexlev,38515.41787,2083.6666666666665,327095.3333333333,107679.88,33.0,SP_SD,0.3576844427204041,2.795760398172204,,1167.1338748484848,,,Nexlev,Home & Kitchen,Cleaning & Vacumming,Steam cleaner,,SC-01,0
FBA78996,NP-03,B0CDQ6G4TC,B0CDQ6G4TC,"nexlev Travel Neck Pillow | Orthopedic Premium Memory Foam | for Airplane, Car, Train, Office use & Cervical Pain | Machine Washable | 360 Support | Carry Pouch for Storage | NP-03",2.0,0.0,0.0,0.0,2.0,0.0,0.0,0.0,0.0,0.0,0,0.0,0.0,0.0,0.0,0.0,0.0,0.0,0,12,Nexlev,0.0,0.0,0.0,0.0,0.0,,,,,,,,Nexlev,Home & Kitchen,Travel Accessories,Travel Pillow,,NP-03,0
FBA78994,NP-01,B0CDQ98FDM,B0CDQ98FDM,"nexlev Travel Neck Pillow | Orthopedic Premium Memory Foam | for Airplane, Car, Train, Office use & Cervical Pain | Machine Washable | 360 Support | Carry Pouch for Storage | NP-01",9.0,2.0,0.0001,0.0008,19.0,11.0,0.0001,0.0031,0.1111,0.1,0,0.0,0.0,0.0,0.0,0.0,0.0,0.0,0,12,Nexlev,0.0,0.0,0.0,0.0,0.0,,,,,,,,Nexlev,Home & Kitchen,Travel Accessories,Travel Pillow,,NP-01,0
FBA79272,HS-01,B0D2LFMY48,B0D2LFMY48,"Nexlev Hair Styling Straightener & Curler| 2 in 1 Hair Styler| 200°C in 30 Seconds| Long Ceramic Floating Plates| Rounded Body for Curls| Plate Lock| Portable HS-01, Hair Straightener Tong - Black",24.0,0.0,0.0002,0.0,30.0,0.0,0.0002,0.0,0.0,0.0,0,0.0,0.0,0.0,0.0,0.0,0.0,0.0,0,12,Nexlev,0.0,0.0,0.0,0.0,0.0,,,,,,,,Nexlev,HPC,Hair Care,Hair Straightener,,HS-01,0
FBA79276,SM-01,B0D2LJSQXZ,B0D2LJSQXZ,NexLev Steam Mop | Chemical Free Mopping | Floor Cleaning + Carpet Steaming | 4 Extra Mop Pads | 400 ML | 1300W | Floor Disinfectant | For All Floor Types | 4mtr long Cord | Wet & Dry Mopping | SM-01,1116.0,30.0,0.0077,0.0113,1497.0,37.0,0.0078,0.0104,0.0064,0.0,0,0.0,0.0,0.0,0.0,0.0,0.0,0.0,0,12,Nexlev,4147.44,224.0,27032.0,16944.07,4.0,SP_SD,0.2447723598875594,4.085428601739869,,1036.86,,,Nexlev,Home & Kitchen,Cleaning & Vacumming,Steam Mop,,SM-01,0
FBA79273,HS-02,B0D2LKB4BJ,B0D2LKB4BJ,"Nexlev Hair Styling Straightener & Curler| 2 in 1 Hair Styler| 200°C in 30 Seconds| Long Ceramic Floating Plates| Rounded Body for Curls| Plate lock| Portable |HS-02, Hair Straightener Tong - Purple",18.0,0.0,0.0001,0.0,19.0,0.0,0.0001,0.0,0.1111,0.0,0,0.0,0.0,0.0,0.0,0.0,0.0,0.0,0,12,Nexlev,0.0,0.0,0.0,0.0,0.0,,,,,,,,Nexlev,HPC,Hair Care,Hair Straightener,,HS-02,0
FBA79373,ET-01-BK_N,B0D2P5TGWK,B0D2P5TGWK,"nexlev Smart Electric Toothbrush for Adults |2-Min Timer with Quadpacer |2 Replaceable Heads | AAA Battery |3 Modes (Daily, Normal & Sesitive) |Upto 60 Days | Travel Case | Soft Bristles |ET-01 Black",508.0,10.0,0.0035,0.0038,688.0,12.0,0.0036,0.0034,0.0063,0.0,0,0.0,0.0,0.0,0.0,0.0,0.0,0.0,0,12,Nexlev,1502.69,115.0,11650.0,1477.97,6.0,SP_SD,1.0167256439575905,0.9835495012277982,,250.44833333333332,,,Nexlev,HPC,Oral Care,Electric Toothbrush,,ET-01-BK_N,0
FBA79332,HM-01,B0D63FKYZ5,B0D63FKYZ5,NexLev Scalp Massager for Stress Relief | Head Massager for Hair Growth | 96 Tangle Free Silicone Kneading Nodes | Hand Like Massage | 120 Min Runtime | Type C | Washable Heads | 3 Modes | HM-01,44.0,0.0,0.0003,0.0,46.0,0.0,0.0002,0.0,0.0,0.0,0,0.0,0.0,0.0,0.0,0.0,0.0,0.0,0,12,Nexlev,0.0,0.0,0.0,0.0,0.0,,,,,,,,Nexlev,HPC,Hair Care,Head Massager,,HM-01,0
FBA79277,SC-03,B0D672NXC8,B0D672NXC8,"Nexlev SWIPE Steam Cleaner | 3.5 Bar Strong Steam|Multipurpose Steam Cleaner for Car, Kitchen, Bathroom, Floor, Window, Glass, Upholstery| 8 Accessories Kit|Safety Lock| Large 700ML Water Tank | SC-03",727.0,18.0,0.005,0.0068,1004.0,19.0,0.0052,0.0053,0.0149,0.0,0,0.0,0.0,0.0,0.0,0.0,0.0,0.0,0,12,Nexlev,0.0,0.0,0.0,0.0,0.0,,,,,,,,Nexlev,Home & Kitchen,Cleaning & Vacumming,Steam cleaner,,SC-03,0
FBA79271,V-01,B0D83Q7L8W,B0D83Q7L8W,"NexLev Ionic Hot Air Brush | 3 in 1 Blow Dryer, Straightener & Styler | 360° Airflow Vents | Ceramic Tourmaline Coated Brushing Head | Tangle Free Bristle | 1200W | 3 Speed & 2 Heat Settings|V-01",442.0,2.0,0.003,0.0008,627.0,2.0,0.0033,0.0006,0.0018,0.0,0,0.0,0.0,0.0,0.0,0.0,0.0,0.0,0,12,Nexlev,1126.12,63.0,14835.0,2371.18,2.0,SP_SD,0.4749196602535447,2.105619294568962,,563.0600000000001,,,Nexlev,HPC,Hair Care,Volumizer,,V-01,0
FBA79280,LR-02,B0D845B2DG,B0D845B2DG,nexlev Rechargeable Lint Remover | For Woollen Sweaters Shirts Coat Curtains & Carpets | Rue & Burr Remover | 180 Min Use | TypeC | SS Blade | 2000mAh | 3 Speed Modes | Safety Lock | LR-02,480.0,18.0,0.0033,0.0068,668.0,19.0,0.0035,0.0053,0.0053,0.0,0,0.0,0.0,0.0,0.0,0.0,0.0,0.0,0,12,Nexlev,5816.66,305.0,67426.0,9213.57,8.0,SP_SD,0.6313144633404858,1.5839966578758256,,727.0825,,,Nexlev,Home & Kitchen,Fabric Care,Lint Remover,,LR-02,0
FBA79349,SW-01,B0D9KDQCCM,B0D9KDQCCM,nexlev Portable Sewing Machine| 2 Speed Settings| Cordless| Battery operated| USB Type C cord for Plug-in| Quick Fix DIY |Portable & Compact| for all Fabrics| 1 Year Warranty| STITCH & STYLE SW-01,980.0,19.0,0.0067,0.0072,1397.0,23.0,0.0073,0.0065,0.0564,0.0,0,0.0,0.0,0.0,0.0,0.0,0.0,0.0,0,12,Nexlev,32.12,29.0,1208.0,941.91,1.0,SP_SD,0.0341009225934537,29.3247198007472,,32.12,,,Nexlev,Home & Kitchen,Fabric Care,Mini Sewing Machine,,SW-01,0
FBA79405,HSB-03,B0D9KFP4MG,B0D9KFP4MG,nexlev Ionic Hair Straightener Brush for Woman|Frizz-Free Straightening upto 12H| Ceramic Plates |60mm Wide Brush |130-210° |Keratin Bristles| Thermo Protect Technology|No Scalp Burn|1500W|HSB-03,1157.0,9.0,0.0079,0.0034,1467.0,14.0,0.0076,0.0039,0.0095,0.0,0,0.0,0.0,0.0,0.0,0.0,0.0,0.0,0,12,Nexlev,1734.3147,137.0,43737.0,6433.89,4.0,SP_SD,0.2695592712962142,3.70975924957564,,433.578675,,,Nexlev,HPC,Hair Care,Hair Straightener Brush - Corded,,HSB-03,0
FBA79443,LE-03,B0D9KFQG8Q,B0D9KFQG8Q,"Nexlev Skin Scrubber |Red & Blue LED Therapy| Blackhead Remover| Pore Cleaner| Skin Lifting & tightening, wrinkle remover| 2 Silicone Cleaning Heads| Facial Cleansing|Type C Charging| Elixir Pro LE-03",151.0,3.0,0.001,0.0011,169.0,3.0,0.0009,0.0008,0.0185,0.0,0,0.0,0.0,0.0,0.0,0.0,0.0,0.0,0,12,Nexlev,318.77,21.0,1537.0,0.0,0.0,SP_SD,,0.0,,,,,Nexlev,HPC,Skin Care,LED Face & Skin Care Massager,,LE-03,0
FBA79452,VC-01,B0DCGHVN81,B0DCGHVN81,NexLev 2 in 1 Handheld & Stick Vacuum Cleaner | 17500 PA Suction | Dry Vacuuming for Home & Office | Washable HEPA Filter | 4 Adjustable Heads | Bagless| Deep Cleaning for Sofa Bed Window & more|VC-01,1179.0,14.0,0.0081,0.0053,1633.0,25.0,0.0085,0.007,0.0253,0.0,0,0.0,0.0,0.0,0.0,0.0,0.0,0.0,0,12,Nexlev,11223.4,821.0,210931.0,19905.91,12.0,SP_SD,0.5638225029651998,1.7736078193773723,,935.2833333333332,,,Nexlev,Home & Kitchen,Cleaning & Vacumming,Vacuum Cleaner,,VC-01,0
FBA79463,VC-02,B0DCK56Q85,B0DCK56Q85,"NexLev Cordless Vacuum Cleaner|HEPA with Stainless Steel Cover|6000 mAh|Copper Motor| Rechargeable Type C|Ideal for Home, Office & Car Use|Compact & Portable|Dust & Pet Hair Remover|3 Attachment|VC-02",151.0,6.0,0.001,0.0023,200.0,16.0,0.001,0.0045,0.123,0.0,0,0.0,0.0,0.0,0.0,0.0,0.0,0.0,0,12,Nexlev,0.0,0.0,0.0,0.0,0.0,,,,,,,,Nexlev,Home & Kitchen,Cleaning & Vacumming,Vacuum Cleaner,,VC-02,0
FBA79480,VC-03,B0DDC3GVZW,B0DDC3GVZW,nexlev Cordless Electric Car Vacuum Cleaner VacuSafe| Seat-Belt Cutter| Window Breaker Hammer| LED Torch|4000 mAh| High Power Suction | Copper motor| Type-C Emergency Car Escape Tool| Portable| VC-03,48.0,1.0,0.0003,0.0004,55.0,1.0,0.0003,0.0003,0.06,0.0,0,0.0,0.0,0.0,0.0,0.0,0.0,0.0,0,12,Nexlev,0.0,0.0,0.0,0.0,0.0,,,,,,,,Nexlev,Home & Kitchen,Cleaning & Vacumming,Vacuum Cleaner,,VC-03,0
FBA79464,CM-01-BL,B0DFCDKMWR,B0DFCDKMWR,nexlev Cordless Electric Heating Pad| Period Cramp & Back Pain Relief Massager | 9 modes| Menstrual Cramp Relief|Type C| Crampfree Periods | Portable | Gift for Women| Strap upto 40 Inch |Blue CM-01,25.0,1.0,0.0002,0.0004,37.0,6.0,0.0002,0.0017,0.0323,0.0,0,0.0,0.0,0.0,0.0,0.0,0.0,0.0,0,12,Nexlev,0.0,0.0,0.0,0.0,0.0,SP_SD,,,,,,,Nexlev,HPC,Electric Massagers,Electric Heating Pads,,CM-01-BL,0
FBA79466,TI-01,B0DFM4JZV9,B0DFM4JZV9,"Nexlev Tyre Inflator for Car | Touch Control |150 PSI |12V DC| 4 Nozzles | Digital Tyre Pressure Gauge| Carry Bag | Suitable for Bike, Bicycle or Any Inflatable | Emergency LED Light | TI-01",14.0,0.0,0.0001,0.0,15.0,0.0,0.0001,0.0,0.0714,0.0,0,0.0,0.0,0.0,0.0,0.0,0.0,0.0,0,12,Nexlev,0.0,0.0,0.0,0.0,0.0,,,,,,,,Nexlev,Home & Kitchen,Car Accessories,Tyre Inflators - Corded,,TI-01,0
FBA79481,TM-02,B0DFMRG2K4,B0DFMRG2K4,"NexLev All in One Body Trimmer for Men | Suitable for Beard, Body, Balls, Pubic Hair, Private Parts | 90 Min Runtime |Type C | IPX 7 Waterproof | No Nicks No Cuts | 2 Safety Combs| Extra Blade | TM-02",179.0,3.0,0.0012,0.0011,212.0,7.0,0.0011,0.002,0.0098,0.0,0,0.0,0.0,0.0,0.0,0.0,0.0,0.0,0,12,Nexlev,0.0,0.0,0.0,0.0,0.0,,,,,,,,Nexlev,HPC,Trimmers & Body Groomers,Intimate Trimmer,,TM-02,0
FBA79473,TI-02,B0DJFH6RTL,B0DJFH6RTL,"NexLev Portable Tyre Inflator for Car, Bike, Cycle|150 PSI Pressure| 120 Watt Air Pump|12V Car Plug| Digital Display| Auto Shut-Off| Emergency LED Light| 3m Cord| 3 Air Nozzles| Compact| AER TI-02",80.0,2.0,0.0005,0.0008,96.0,2.0,0.0005,0.0006,1.0,1.0,0,0.0,0.0,0.0,0.0,0.0,0.0,0.0,0,12,Nexlev,0.0,0.0,0.0,0.0,0.0,,,,,,,,Nexlev,Home & Kitchen,Car Accessories,Tyre Inflators - Corded,,TI-02,0
FBA79467,TM-01,B0DK9LYT4P,B0DK9LYT4P,NexLev Beard Trimmer| 90min Run Time| 40 Length Settings| 0.5mm Precision| Washable Stainless Steel Blades| Copper Motor| USB Type-C| IPX7 Waterproof| Travel Lock| 2 Beard Comb| 1 Year Warranty |TM-01,22.0,0.0,0.0002,0.0,31.0,0.0,0.0002,0.0,0.1667,0.0,0,0.0,0.0,0.0,0.0,0.0,0.0,0.0,0,12,Nexlev,0.0,0.0,0.0,0.0,0.0,,,,,,,,Nexlev,HPC,Trimmers & Body Groomers,Men's Beard Trimmer,,TM-01,0
FBA79483,TM-03,B0DK9NRBWJ,B0DK9NRBWJ,NexLev Intimate Trimmer for Men|Ceramic Blade|120 Min Runtime|Type C Charge | IPX7 Waterproof | 7000RPM Copper Motor| Cordless|LED Light| Travel Lock| Wet/Dry Groin & Body Shaver | Intimate Pro TM-03,29.0,0.0,0.0002,0.0,38.0,0.0,0.0002,0.0,0.0,0.0,0,0.0,0.0,0.0,0.0,0.0,0.0,0.0,0,12,Nexlev,0.0,0.0,0.0,0.0,0.0,,,,,,,,Nexlev,HPC,Trimmers & Body Groomers,Men's Body Trimmer,,TM-03,0
FBA79565,VC-04,B0DKJZDY72,B0DKJZDY72,nexlev Cordless Vacuum Cleaner & Blower |BLDC Copper Motor |HEPA with Stainless Steel Cover | for Home Office & Car Cleaning|4 Attachments | Blower for Dust & Inflatables | Portable & Compact | VC-04,47.0,0.0,0.0003,0.0,59.0,0.0,0.0003,0.0,0.1923,0.0,0,0.0,0.0,0.0,0.0,0.0,0.0,0.0,0,12,Nexlev,0.0,0.0,0.0,0.0,0.0,,,,,,,,Nexlev,Home & Kitchen,Cleaning & Vacumming,Vacuum Cleaner,,VC-04,0
FBA79484,CF-01,B0DNJF1BLS,B0DNJF1BLS,NexLev Drip Coffee Maker |Filter Coffee for Home & Office | 4-6 Cups | Warming Plate|Borosilicate Carafe | Reusable & Washable Filter | Anti Drip | 750 ml | Cone Filter | Water Level Indicator |CF-01,26.0,1.0,0.0002,0.0004,30.0,1.0,0.0002,0.0003,0.4815,0.0,0,0.0,0.0,0.0,0.0,0.0,0.0,0.0,0,12,Nexlev,0.0,0.0,0.0,0.0,0.0,,,,,,,,Nexlev,Home & Kitchen,Kitchen Appliances,Drip Coffee Maker,,CF-01,0
FBA79598,BM-02,B0DNJJKBKG,B0DNJJKBKG,NexLev Neck & Back Massager | Deep Tissue Shiatsu Roller | Cervical Pain Relief | 3 Speeds | 8 Kneading Nodes | Quick Pain Relief | Auto Shut Off | 1 year Warranty | BM-02,9.0,0.0,0.0001,0.0,9.0,0.0,0.0,0.0,0.0,0.0,0,0.0,0.0,0.0,0.0,0.0,0.0,0.0,0,12,Nexlev,0.0,0.0,0.0,0.0,0.0,,,,,,,,Nexlev,HPC,Electric Massagers,Back & Shoulder Massager,,BM-02,0
FBK79271,V-01 RG,B0DQ8W1RBV,B0DQ8W1RBV,nexlev Ionic Volumizer|3 In 1 Hot Air Brush To Straight Dry & Volumize|1200 Watts|Reduce Frizz|Ceramic Tourmaline Coated Large Barrel|Salon Like Soft Curl At Home|3 Speed & 2 Heat Settings|V-01 RG,345.0,1.0,0.0024,0.0004,486.0,1.0,0.0025,0.0003,0.0087,0.0,0,0.0,0.0,0.0,0.0,0.0,0.0,0.0,0,12,Nexlev,8508.75,390.0,93071.0,16251.68,14.0,SP_SD,0.5235612564362576,1.909996180402527,,607.7678571428571,,,Nexlev,HPC,Hair Care,Volumizer,,V-01 RG,0
FBA79683,AP-01,B0DVC9PRSD,B0DVC9PRSD,NexLev Air Purifier for Living Room | 650 sqft Area |True HEPA 13 with 8500 Hrs Filter Life |Captures 99.99% Virus and PM 2.5 |Smart AQI Indicator |Home & Office Use|App Support|Sleep & Auto Mode| A6,155.0,4.0,0.0011,0.0015,170.0,4.0,0.0009,0.0011,0.7914,0.0,0,0.0,0.0,0.0,0.0,0.0,0.0,0.0,0,12,Nexlev,492.77,29.0,26782.0,0.0,0.0,SP_SD,,0.0,,,,,Nexlev,Home & Kitchen,Air Purifier,Air Purifier,,AP-01,0
FBA79678,NP-07,B0DVCDD5VC,B0DVCDD5VC,"nexlev Travel Neck Pillow | Orthopedic Premium Memory Foam | for Airplane, Car, Train, Office use & Cervical Pain | Machine Washable | 360 Support | Carry Pouch for Storage | NP-07",13.0,1.0,0.0001,0.0004,15.0,1.0,0.0001,0.0003,0.0,0.0,0,0.0,0.0,0.0,0.0,0.0,0.0,0.0,0,12,Nexlev,0.0,0.0,0.0,0.0,0.0,,,,,,,,Nexlev,Home & Kitchen,Travel Accessories,Donut Travel Pillow,,NP-07,0
FBA79707,ETC-08-BL,B0FJ1ZB4G9,B0FJ1ZB4G9,Nexlev Rechargeable Electric Toothbrush| 120 Days Life | 35K strokes/min| Type C| 5 Modes for Daily Use| 2 Min timer with 30sec Quadpacer | 4 Brushheads| IPX7 Waterproof| For Men & Women | ETC-08 Blue,62.0,1.0,0.0004,0.0004,77.0,1.0,0.0004,0.0003,0.0135,0.0,0,0.0,0.0,0.0,0.0,0.0,0.0,0.0,0,12,Nexlev,241.98,10.0,2453.0,626.27,1.0,SP_SD,0.3863828700081434,2.588106455078932,,241.98,,,Nexlev,HPC,Oral Care,Electric Toothbrush,,ETC-08-BL,0
FBA79809,KE-03,B0FJ8SFNRH,B0FJ8SFNRH,"NexLev 1500W Electric Water Kettle | 1.8L | 304 SS - Auto Cut Off | 3x Protection| Instant Boiling, Water, Tea, Coffee, Noodles, Soup | Cool Touch Handle & Lid | 3Mins Rapid Heating | Cordless | KE-03",5.0,0.0,0.0,0.0,8.0,0.0,0.0,0.0,1.0,0.0,0,0.0,0.0,0.0,0.0,0.0,0.0,0.0,0,12,Nexlev,0.0,0.0,0.0,0.0,0.0,SP_SD,,,,,,,Nexlev,Home & Kitchen,Kitchen Appliances,Electric Kettle,,KE-03,0
FBA79673,ETC-07-WH,B0FJG5PFGQ,B0FJG5PFGQ,Nexlev Rechargeable Electric Toothbrush| 120 Days Life | 35K strokes/min| Type C| 6 Modes for Daily Use| 2 Min timer with 30sec Quadpacer | 4 Brushheads| IPX7 Waterproof| For Men & Women | ETC-07 White,363.0,13.0,0.0025,0.0049,502.0,21.0,0.0026,0.0059,0.0609,0.0,0,0.0,0.0,0.0,0.0,0.0,0.0,0.0,0,12,Nexlev,4468.56,204.0,38225.0,8907.66,16.0,SP_SD,0.5016536329406377,1.9934072721413607,,279.285,,,Nexlev,HPC,Oral Care,Electric Toothbrush,,ETC-07-WH,0
FBA79591,KM-01,B0F29SZCVF,B0F29SZCVF,"NexLev Knee Massager for Joint Pain Relief |Controlled Vibration & Heating for Arthritis, Knee, Shoulder or Elbow pain | 15 modes |2 Extension Belt |Graphene Heating pad for Consistent Heating | KM-01",128.0,5.0,0.0009,0.0017,173.0,6.0,0.0009,0.0014,0.4333,0.0,1,0.0,0.0078,0.0,1227.966101694915,0.0,1.0,0.0,0,13,Nexlev,0.0,0.0,0.0,0.0,0.0,,,,,,,,Nexlev,HPC,Electric Massagers,Knee Massager,,KM-01,1
FBA79349,SW-01,B0D9KDQCCM,B0D9KDQCCM,Nexlev Portable Sewing Machine| 2 Speed Settings| Cordless| Battery operated| USB Type C cord for Plug-in| Quick Fix DIY|Portable & Compact| for all Fabrics| 1 Year Warranty| White,667.0,18.0,0.0046,0.0061,915.0,22.0,0.0047,0.0053,0.0,0.0,0,0.0,0.0,0.0,0.0,0.0,0.0,0.0,0,13,Nexlev,2.56,2.0,8.0,0.0,0.0,SP_SD,,0.0,,,,,Nexlev,Home & Kitchen,Fabric Care,Mini Sewing Machine,,SW-01,0
FBA79677,NP-06,B0DVCBR11D,B0DVCBR11D,"nexlev Travel Neck Pillow | Orthopedic Premium Memory Foam | for Airplane, Car, Train, Office use & Cervical Pain | Machine Washable | 360 Support | Carry Pouch for Storage | NP-06",2.0,0.0,0.0,0.0,5.0,0.0,0.0,0.0,0.0,0.0,0,0.0,0.0,0.0,0.0,0.0,0.0,0.0,0,13,Nexlev,0.0,0.0,0.0,0.0,0.0,,,,,,,,Nexlev,Home & Kitchen,Travel Accessories,Donut Travel Pillow,,NP-06,0
FBA79406,HSB-04,B0DCK3N2JJ,B0DCK3N2JJ,"NexLev Ionic Cordless Hair Straightener Brush | 60min Runtime | upto 200° Heating | Portable & Type C Rechargeable | Keratin Bristles |Straight, Frizz Free & Shiny Hair | Compact Comb Design | HSB-04",2372.0,9.0,0.2202,0.0275,3090.0,13.0,0.2101,0.0269,0.1618,0.2857,0,0.0,0.0,0.0,0.0,0.0,0.0,0.0,0,13,Nexlev,9952.86,479.0,70395.0,11097.46,5.0,SP_SD,0.8968592813130213,1.11500211999365,,1990.572,,,Nexlev,HPC,Hair Care,Hair Straightener Brush - Cordless,,HSB-04,0
FBA78981,SC-01,B0CDPP45BM,B0CDPP45BM,"NexLev Steam Cleaner | For Complete Home Kitchen Bathroom Car Sofa & Office Cleaning Machine | 9 Accessories |300 ML | Window Pane, Sink, Chimney Grease, Water Stain Cleaner| 4 Mtr Cord | 1000W |SC-01",6836.0,129.0,0.0676,0.0908,8941.0,182.0,0.069,0.0969,0.9934,1.0,67,2.0,0.0098,0.0155,193474.58474576272,6963.01,67.0,2.0,0,13,Nexlev,27939.07653,1320.0,131618.0,58433.07,22.0,SP_SD,0.4781380908105632,2.09144600528427,,1269.958024090909,,,Nexlev,Home & Kitchen,Cleaning & Vacumming,Steam cleaner,,SC-01,67
FBA79263,MR-01,B0CYSLCRQS,B0CYSLCRQS,"NexLev Mattress, Sofa & Carpet Vacuum Cleaner | For Dust Mites, Allergens & Pet Hair | 4 Step Cleansing with Double Beat, UV Light, Dehumidification & Vacuum | HEPA captures 99.99% Dust|MR-01",35492.0,399.0,0.351,0.2808,43569.0,510.0,0.3364,0.2716,0.9809,0.9741,65,4.0,0.0018,0.01,142370.38983050847,11505.06,65.0,4.0,0,13,Nexlev,19793.49,1417.0,133194.0,51724.36,25.0,SP_SD,0.3826724970594126,2.613200602824464,,791.7395999999999,,,Nexlev,Home & Kitchen,Cleaning & Vacumming,Mite Remover,,MR-01,65
FBA79488,KE-01,B0DFCG2VGS,B0DFCG2VGS,"Nexlev Multi Purpose Electric Food Kettle|1.8L Stainless Steel Pot| 600W|Boil, Steam, Fry, Saute| Double Layered Body|2 Heat Settings|Multi Function for Water, Milk, Egg, Soup, Noodles|KE-01",2653.0,51.0,0.0262,0.0359,3821.0,63.0,0.0295,0.0335,0.9825,1.0,52,1.0,0.0196,0.0196,89916.10169491525,2149.0,52.0,1.0,0,13,Nexlev,11879.68,1324.0,184620.0,43580.54,26.0,SP_SD,0.2725913905610164,3.668494437560608,,456.9107692307692,,,Nexlev,Home & Kitchen,Kitchen Appliances,Electric Multi Kettles,,KE-01,52
FBA79652,SC-05,B0F43P6D23,B0F43P6D23,NexLev Steam Cleaner | Complete Home Kitchen Floor Bathroom Car & Office Cleaning machine | 9 Accessories | 450 ML | Window Pane Sink Grime Chimney Grease Water Stain Cleaner| 4 M Cord |1050W |SC-05,5232.0,114.0,0.0517,0.0802,6959.0,159.0,0.0537,0.0847,0.956,0.9839,41,1.0,0.0078,0.0088,95789.83898305084,2870.01,41.0,1.0,0,13,Nexlev,32078.07,1519.0,113350.0,69080.51000000001,27.0,SP_SD,0.4643577472140839,2.153512041092248,,1188.0766666666666,,,Nexlev,Home & Kitchen,Cleaning & Vacumming,Steam cleaner,,SC-05,41
FBA79489,KE-02,B0DFD123P5,B0DFD123P5,"Nexlev MultiPurpose Electric Food Kettle|1.5 L Ceramic Pot | 600W| Boil, Steam, Fry, Saute| Double Layered Body| 2 Temperature Settings| Multi Cooker for Water, Egg, Tea, Soup, Noodles, Rice| KE-02",3963.0,66.0,0.0392,0.0464,5574.0,96.0,0.043,0.0511,0.9081,1.0,34,0.0,0.0086,0.0,52726.27118644068,0.0,34.0,0.0,0,13,Nexlev,21368.88,2682.0,367382.0,57133.02,35.0,SP_SD,0.3740197875064192,2.673655334299224,,610.5394285714286,,,Nexlev,Home & Kitchen,Kitchen Appliances,Electric Multi Kettles,,KE-02,34
FBA79570,BR-01,B0DKJXRXKM,B0DKJXRXKM,NexLev Blackhead & Whitehead Remover Tool | Rechargeable |1Hr Use| Acne & Pimple Pore Cleaner | 6 Heads | Electric Derma Suction Machine | Hydra Facial Cleanser Device for Face |For Men & Women |BR-01,690.0,12.0,0.0068,0.0084,977.0,15.0,0.0075,0.008,0.9965,1.0,31,1.0,0.0449,0.0833,35196.627118644064,1582.02,30.0,1.0,0,13,Nexlev,2010.29,136.0,14289.0,6771.2,5.0,SP_SD,0.2968882915879017,3.368270249565983,,402.058,,,Nexlev,HPC,Skin Care,Blackhead Remover,,BR-01,31
FBA79493,V-03,B0DQCWRG3H,B0DQCWRG3H,NexLev Ionic 3 in 1 Hot Air Brush|1.5 Inch Barrel |Volumizer Blow Dryer & Styler|Ceramic Tourmaline Coated for Heat Protection|1200W|Dual Bristle for Tangle Free Styling|Salon Like Styles at Home|V-03,1954.0,14.0,0.0193,0.0099,2908.0,21.0,0.0225,0.0112,0.8705,1.0,29,0.0,0.0148,0.0,50356.77966101695,0.0,29.0,0.0,0,13,Nexlev,15919.99,1226.0,144874.0,32594.91,19.0,SP_SD,0.4884195108990943,2.0474202559172463,,837.8942105263158,,,Nexlev,HPC,Hair Care,Volumizer,,V-03,29
FBA79268,GS-05,B0D383WQPB,B0D383WQPB,NexLev Foldable Garment Steamer for Home & Travel | Convenient Vertical Steaming | 1200W | 120 ml | Lightweight & Compact | 30s Fast Heating | Iron for all Cloth Types | 2 M cord | Anti Spill | GS-05,1047.0,37.0,0.0104,0.026,1424.0,47.0,0.011,0.025,0.9149,1.0,30,1.0,0.0287,0.027,46670.33898305085,1899.0,26.0,1.0,0,13,Nexlev,15602.72,664.0,255034.0,26596.6,16.0,SP_SD,0.5866434055480776,1.7046130418286043,,975.17,,,Nexlev,Home & Kitchen,Fabric Care,Garment steamer,,GS-05,30
FBA79349,SW-01,B0D9KDQCCM,B0D9KDQCCM,Nexlev Portable Sewing Machine| 2 Speed Settings| Cordless| Battery operated| USB Type C cord for Plug-in| Quick Fix DIY|Portable & Compact| for all Fabrics| 1 Year Warranty| White,803.0,20.0,0.0079,0.0141,1107.0,24.0,0.0085,0.0128,0.9477,1.0,26,0.0,0.0324,0.0,22011.864406779663,0.0,26.0,0.0,0,13,Nexlev,2.56,2.0,8.0,0.0,0.0,SP_SD,,0.0,,,,,Nexlev,Home & Kitchen,Fabric Care,Mini Sewing Machine,,SW-01,26
FBA79590,CFM-01,B0DM6BB3VT,B0DM6BB3VT,nexlev Calf Massager | Daily Use Leg Massager for Sore Muscle |1 Piece | Hand Like Massage with Air Compression | Improve Blood Circulation & Relieve Pain | 2500 mAh | Large Belt | Type C |CFM-01,2681.0,48.0,0.0265,0.0338,3356.0,59.0,0.0259,0.0314,0.84,1.0,26,0.0,0.0097,0.0,61650.84745762712,0.0,26.0,0.0,0,13,Nexlev,16093.52,865.0,103419.0,36267.84,13.0,SP_SD,0.4437407907391231,2.2535678956499265,,1237.9630769230769,,,Nexlev,HPC,Electric Massagers,Calf Massager,,CFM-01,26
FBA79567,SC-04,B0DNJS23HS,B0DNJS23HS,NexLev 10 in 1 Steam Cleaner & Mop|2 Steam Modes| Mopping & Deep Cleaning Home Car Sofa Bathroom Kitchen & Office |For All Surfaces|350ML|Chemical Free Cleaning | Detachable & Foldable|SC-04,6752.0,69.0,0.0668,0.0486,8627.0,105.0,0.0666,0.0559,0.994,1.0,25,0.0,0.0037,0.0,121993.22033898304,0.0,25.0,0.0,0,13,Nexlev,24811.76,1270.0,134037.0,73299.17,18.0,SP_SD,0.3384998766016041,2.954210825834201,,1378.431111111111,,,Nexlev,Home & Kitchen,Cleaning & Vacumming,Steam cleaner,,SC-04,25
FBA79280,LR-02,B0D845B2DG,B0D845B2DG,NexLev Rechargeable Lint Remover | for Woollen Sweaters Shirts Coat Curtains & Carpets | Rue & Burr Remover | 180 Min Use | TypeC | SS Blade | 2000mAh | 3 Speed Modes | Safety Lock | LR-02,507.0,18.0,0.005,0.0127,701.0,24.0,0.0054,0.0128,0.9967,1.0,24,0.0,0.0473,0.0,30488.13559322034,0.0,24.0,0.0,0,13,Nexlev,6515.9,314.0,70351.0,23879.68,21.0,SP_SD,0.272863790469554,3.664832179744932,,310.2809523809524,,,Nexlev,Home & Kitchen,Fabric Care,Lint Remover,,LR-02,24
FBA79439,MR-02,B0DCK7ZH5P,B0DCK7ZH5P,"NexLev Mattress, Sofa, Carpet & Car Seat Vacuum Cleaner|For Dust Mites Allergens & Pet Hair|Cordless Design|1500*3 mAh |UV Sterilization, Double Beat Technology|Type C| HEPA captures 99.99% Dust|MR-02",4280.0,76.0,0.0423,0.0535,5030.0,92.0,0.0388,0.049,0.8695,0.8261,21,0.0,0.0049,0.0,59134.74576271187,0.0,21.0,0.0,0,13,Nexlev,14882.34,1244.0,115756.0,29476.02,11.0,SP_SD,0.5048965226648645,1.980603856651575,,1352.94,,,Nexlev,Home & Kitchen,Cleaning & Vacumming,Mite Remover,,MR-02,21
FBA79812,PB-01,B0FS6TB7CP,B0FS6TB7CP,NexLev Portable Blender for Smoothies Milkshakes Juices Baby Food | High Borosilicate Glass Jar | 3000 mAh Battery | Type C | Mix Fruit Juicer Mini | 450ml | For Kitchen & Travel | PB-01,998.0,15.0,0.0099,0.0106,1406.0,18.0,0.0109,0.0096,0.9911,1.0,19,0.0,0.019,0.0,38627.96610169492,0.0,19.0,0.0,0,13,Nexlev,2341.55,150.0,25688.0,4066.1,2.0,SP_SD,0.5758712279579941,1.7364993273686236,,1170.775,,,Nexlev,Home & Kitchen,Kitchen Appliances,Portable Blender,,PB-01,19
FBA79373,ET-01-BK_N,B0D2P5TGWK,B0D2P5TGWK,"NexLev Smart Electric Toothbrush for Adults |2-Min Timer with Quadpacer |2 Replaceable Heads | AAA Battery |3 Modes (Daily, Normal & Sesitive) |Upto 60 Days | Travel Case | Soft Bristles |ET-01 Black",390.0,7.0,0.0039,0.0049,518.0,8.0,0.004,0.0043,0.9979,1.0,19,0.0,0.0487,0.0,4605.084745762712,0.0,18.0,0.0,0,13,Nexlev,395.65,41.0,8577.0,726.27,3.0,SP_SD,0.5447698514326628,1.8356375584481237,,131.88333333333333,,,Nexlev,HPC,Oral Care,Electric Toothbrush,,ET-01-BK_N,19
FBA79406,HSB-04,B0DCK3N2JJ,B0DCK3N2JJ,"NexLev Ionic Cordless Hair Straightener Brush | 60min Runtime | upto 200° Heating | Portable & Type C Rechargeable | Keratin Bristles |Straight, Frizz Free & Shiny Hair | Compact Comb Design | HSB-04",2372.0,9.0,0.0235,0.0063,3090.0,13.0,0.0239,0.0069,0.7505,0.5714,16,0.0,0.0067,0.0,28675.42372881356,0.0,16.0,0.0,0,13,Nexlev,9952.86,479.0,70395.0,11097.46,5.0,SP_SD,0.8968592813130213,1.11500211999365,,1990.572,,,Nexlev,HPC,Hair Care,Hair Straightener Brush - Cordless,,HSB-04,16
FBA79374,ET-02-GN_N,B0D2P7WLJB,B0D2P7WLJB,"NexLev Smart Electric Toothbrush for Adults |2-Min Timer with Quadpacer |2 Replaceable Heads | AAA Battery |3 Modes (Daily, Normal & Sesitive) |Upto 60 Days | Travel Case | Soft Bristles |ET-02 Green",249.0,1.0,0.0025,0.0007,323.0,1.0,0.0025,0.0005,0.8062,0.0,14,0.0,0.0562,0.0,3381.35593220339,0.0,14.0,0.0,0,13,Nexlev,341.14000000000004,29.0,2800.0,0.0,0.0,SP_SD,,0.0,,,,,Nexlev,HPC,Oral Care,Electric Toothbrush,,ET-02-GN_N,14
FBA79679,ST-01,B0DVC7VJP1,B0DVC7VJP1,"NexLev Stand Mixer | 5.5L SS Bowl | 1500W |10 Speeds | Pulse Function |Planetary Rotation | Whisk, Beater & Dough Hook |100% Copper Motor | For Roti Atta, Cookie Dough, Cake, Whip Cream & more | ST-01",1943.0,26.0,0.0192,0.0183,2593.0,29.0,0.02,0.0154,0.9039,1.0,12,0.0,0.0062,0.0,58464.40677966102,0.0,12.0,0.0,0,13,Nexlev,11654.28,730.0,133149.0,24360.16,5.0,SP_SD,0.4784155769091829,2.0902329444633216,,2330.856,,,Nexlev,Home & Kitchen,Kitchen Appliances,Stand Mixer,,ST-01,12
FBA79350,EA-01,B0D67727VG,B0D67727VG,NexLev LED Therapy Oil Applicator | Reduce Dandruff | Improve Hair Growth | EMS for Scalp Improvement | Red & Blue Light | High Frequency Massage for Better Absorption | 10 ML | Waterproof | EA-01,653.0,17.0,0.0065,0.012,916.0,31.0,0.0071,0.0165,0.7775,1.0,11,0.0,0.0168,0.0,10235.593220338984,0.0,11.0,0.0,0,13,Nexlev,1919.95,118.0,7753.0,4017.13,3.0,SP_SD,0.4779407188714331,2.0923096955649885,,639.9833333333333,,,Nexlev,HPC,Hair Care,Hair Oil Applicator,,EA-01,11
FBK79271,V-01 RG,B0DQ8W1RBV,B0DQ8W1RBV,Nexlev Ionic Volumizer|3 In 1 Hot Air Brush To Straight Dry & Volumize|1200 Watts|Reduce Frizz|Ceramic Tourmaline Coated Large Barrel|Salon Like Soft Curl At Home|3 Speed & 2 Heat Settings|V-01 RG,1239.0,2.0,0.0123,0.0014,1653.0,2.0,0.0128,0.0011,0.9981,1.0,11,0.0,0.0089,0.0,12694.915254237289,0.0,11.0,0.0,0,13,Nexlev,6063.72,277.0,68028.0,1269.49,1.0,SP_SD,4.776500799533671,0.2093582817148549,,6063.72,,,Nexlev,HPC,Hair Care,Volumizer,,V-01 RG,11
FBM79991,DH-01,B0GN85NZQN,B0GN85NZQN,NexLev Dehumidifier for Room Moisture Absorption | 1000ML Tank | Ideal for Mold & Moisture Removal |For Room Wardrobe Kitchen Office| Auto Shut-Off Function| Preset Timer & Humidty Control | DH-01,419.0,22.0,0.0041,0.0155,556.0,25.0,0.0043,0.0133,1.0,1.0,11,1.0,0.0263,0.0455,43041.52542372882,4999.0,11.0,1.0,0,13,Nexlev,116.46,8.0,1510.0,0.0,0.0,SP_SD,,0.0,,,,,Nexlev,Home & Kitchen,"Heating, Cooling & Air Quality",Dehumidifiers,,DH-01,11
FBA79452,VC-01,B0DCGHVN81,B0DCGHVN81,NexLev 2 in 1 Handheld & Stick Vacuum Cleaner | 17500 PA Suction | Dry Vacuuming for Home & Office | Washable HEPA Filter | 4 Adjustable Heads | Bagless| Deep Cleaning for Sofa Bed Window & more|VC-01,574.0,6.0,0.0057,0.0042,809.0,9.0,0.0062,0.0048,0.9756,1.0,10,0.0,0.0174,0.0,12451.694915254238,0.0,10.0,0.0,0,13,Nexlev,2512.74,227.0,55734.0,3557.63,2.0,SP_SD,0.7062960454010114,1.4158368951821516,,1256.37,,,Nexlev,Home & Kitchen,Cleaning & Vacumming,Vacuum Cleaner,,VC-01,10
FBA79265,CR-01,B0D2LHNS9B,B0D2LHNS9B,"NexLev Foot Callus Remover | Electric Scrubber & Shaver for Dead, Hard & Cracked Skin | Professional Pedicure at Home | Waterproof | Type C | 3 Crystal Quartz Heads | For Men and Women| CR-01",182.0,3.0,0.0018,0.0021,248.0,4.0,0.0019,0.0021,0.5187,1.0,9,0.0,0.0495,0.0,4916.949152542373,0.0,9.0,0.0,0,13,Nexlev,2997.89,127.0,15178.0,4908.49,9.0,SP_SD,0.6107560573618364,1.6373149114877463,,333.0988888888889,,,Nexlev,HPC,Skin Care,Callus Remover,,CR-01,9
FBA79469,LE-04,B0DCK4DR1B,B0DCK4DR1B,Nexlev Skin Lift Device | 7 Color LED | Face & Neck Skin Lifting| 3 Massage Modes| Face Sculpting Tool |Micro-currents to reduce Wrinkles| Hot Compress | Rechargeable| Type-C| 180 Min Use| Glow+ LE-04,109.0,5.0,0.0011,0.0035,135.0,7.0,0.001,0.0037,0.8718,1.0,7,1.0,0.0642,0.2,8968.644067796611,1499.0,7.0,1.0,0,13,Nexlev,1092.75,67.0,12283.0,6427.98,5.0,SP_SD,0.1699989732388713,5.88238846945779,,218.55,,,Nexlev,HPC,Skin Care,Skin Lift Device,,LE-04,7
FBA79673,ETC-07-WH,B0FJG5PFGQ,B0FJG5PFGQ,Nexlev Rechargeable Electric Toothbrush| 120 Days Life | 35K strokes/min| Type C| 6 Modes for Daily Use| 2 Min timer with 30sec Quadpacer | 4 Brushheads| IPX7 Waterproof| For Men & Women | ETC-07 White,156.0,11.0,0.0015,0.0077,210.0,13.0,0.0016,0.0069,0.9158,1.0,8,1.0,0.0513,0.0909,3838.576271186441,641.52,7.0,1.0,0,13,Nexlev,1205.47,47.0,9197.0,1196.62,2.0,SP_SD,1.0073958315923184,0.9926584651629654,,602.735,,,Nexlev,HPC,Oral Care,Electric Toothbrush,,ETC-07-WH,8
FBA78980,GS-02,B0CDPMX152,B0CDPMX152,NexLev Handheld Garment Steamer | 1500 Watts | 300 ML| Standing & Horizontal Iron Press | Damage Free Steaming for all Cloth Types | 25s Quick Heat |Upto 5 Clothes in One Fill | Travel Friendly |GS-02,3009.0,34.0,0.0298,0.0239,3928.0,49.0,0.0303,0.0261,0.0746,0.973,6,1.0,0.002,0.0294,7435.6016949152545,2177.01,6.0,1.0,0,13,Nexlev,14747.08221,703.0,228995.0,37377.15,21.0,SP_SD,0.3945480650611403,2.534545442125124,,702.24201,,,Nexlev,Home & Kitchen,Fabric Care,Garment steamer,,GS-02,6
FBA79276,SM-01,B0D2LJSQXZ,B0D2LJSQXZ,NexLev Steam Mop | Chemical Free Mopping | Floor Cleaning + Carpet Steaming | 4 Extra Mop Pads | 400 ML | 1300W | Floor Disinfectant | For All Floor Types | 4mtr long Cord | Wet & Dry Mopping | SM-01,992.0,19.0,0.0098,0.0134,1367.0,31.0,0.0106,0.0165,0.9786,1.0,7,1.0,0.0071,0.0526,16911.025423728814,3959.01,6.0,1.0,0,13,Nexlev,2694.37,173.0,26522.0,6744.07,2.0,SP_SD,0.3995169089288812,2.5030229701191744,,1347.185,,,Nexlev,Home & Kitchen,Cleaning & Vacumming,Steam Mop,,SM-01,7
FBA79591,KM-01,B0F29SZCVF,B0F29SZCVF,"NexLev Knee Massager for Joint Pain Relief |Controlled Vibration & Heating for Arthritis, Knee, Shoulder or Elbow pain | 15 modes |2 Extension Belt |Graphene Heating pad for Consistent Heating | KM-01",184.0,8.0,0.0018,0.0056,262.0,9.0,0.002,0.0048,0.7111,1.0,6,0.0,0.0326,0.0,7367.796610169492,0.0,6.0,0.0,0,13,Nexlev,0.0,0.0,0.0,0.0,0.0,,,,,,,,Nexlev,HPC,Electric Massagers,Knee Massager,,KM-01,6
FBA79714,SC-04 SET OF 2 MOPS,B0F2N1HTBT,B0F2N1HTBT,NexLev Replacement Mop Cloth Pads (Set of 2) | Compatible with NexLev 10-in-1 Steam Cleaner & Mop SC-04 | Reusable Microfiber Pads for Floor Deep Cleaning | Washable & Durable | For All Floor Types,75.0,1.0,0.0007,0.0007,82.0,1.0,0.0006,0.0005,1.0,1.0,5,0.0,0.0667,0.0,2012.71186440678,0.0,5.0,0.0,0,13,Nexlev,0.0,0.0,0.0,0.0,0.0,,,,,,,,Nexlev,Home & Kitchen,Set of 2 Mops,Spares ,,SC-04 SET OF 2 MOPS,5
FBA79811,MC-01,B0FSF1N457,B0FSF1N457,NexLev Mini Electric Chopper | 3D Stainless Steel Blade | Food Grade Bowl | For Mincing Garlic Ginger Onion Vegetable Meat Nuts | 250 ml | One Touch Operation | MC-01,1069.0,24.0,0.0106,0.0169,1338.0,27.0,0.0103,0.0144,0.8346,1.0,5,0.0,0.0047,0.0,2368.64406779661,0.0,5.0,0.0,0,13,Nexlev,58.370000000000005,7.0,624.0,0.0,0.0,SP_SD,,0.0,,,,,Nexlev,Home & Kitchen,Kitchen Appliances,Electric Mini Chopper,,MC-01,5
FBA79348,HD-02,B0D81DLSFT,B0D81DLSFT,"Nexlev Hair Dryer For Women| Foldable| 1500 Watts| Cool Shot| 3 Heat & 2 Speed Settings| Overheat Protection| Concentrator Nozzle| Salon-Style Blow Dry| Just Style (Hd-02 Women), Black & Copper",65.0,3.0,0.0006,0.0021,87.0,4.0,0.0007,0.0021,0.9452,1.0,10,8.0,0.1538,2.6667,7084.745762711865,6688.0,4.0,2.0,0,13,Nexlev,0.0,0.0,0.0,0.0,0.0,,,,,,,,Nexlev,HPC,Hair Care,Hair Dryer,,HD-02,10
FBA79405,HSB-03,B0D9KFP4MG,B0D9KFP4MG,NexLev Ionic Hair Straightener Brush for Woman|Frizz-Free Straightening upto 12H| Ceramic Plates |60mm Wide Brush |130-210° |Keratin Bristles| Thermo Protect Technology|No Scalp Burn|1500W|HSB-03,2421.0,6.0,0.0239,0.0042,2980.0,8.0,0.023,0.0043,0.4158,1.0,4,0.0,0.0017,0.0,6477.118644067797,0.0,4.0,0.0,0,13,Nexlev,4976.96,304.0,86206.0,8155.07,5.0,SP_SD,0.6102902856750464,1.6385645052401463,,995.392,,,Nexlev,HPC,Hair Care,Hair Straightener Brush - Corded,,HSB-03,4
FBA79566,VC-05,B0DKJSCLBD,B0DKJSCLBD,"nexlev Cordless Wet & Dry Vacuum Cleaner|For Home Car & Office Use|3 Attachments | 4000 mAh Battery|Quick Cleaning of Desk, Coffee tea or Water Spill | Compact & Portable | VC-05",1178.0,5.0,0.0116,0.0035,1483.0,9.0,0.0114,0.0048,0.7848,1.0,4,1.0,0.0034,0.2,7097.466101694916,2078.01,4.0,1.0,0,13,Nexlev,645.93,39.0,12414.0,0.0,0.0,SP_SD,,0.0,,,,,Nexlev,Home & Kitchen,Cleaning & Vacumming,Vacuum Cleaner,,VC-05,4
FBA79692,AP-03,B0DVC58QPZ,B0DVC58QPZ,NexLev Smart Air Purifier | Home Room & Office Use upto 220 sq ft |True HEPA 13 Filter | Eliminate 99.99% Virus Dust Smoke Odor Pollen Allergens & Pollutants | Long Filter Life |3 Year Warranty |AP220,1970.0,15.0,0.0195,0.0106,2604.0,21.0,0.0201,0.0112,0.998,1.0,4,0.0,0.002,0.0,12877.966101694916,0.0,4.0,0.0,0,13,Nexlev,3812.89,168.0,105035.0,9658.47,3.0,SP_SD,0.3947716356731449,2.5331100556270965,,1270.9633333333334,,,Nexlev,Home & Kitchen,Air Purifier,NexLev Air Purifier Mini,,AP-03,4
FBA79682,HU-02,B0DVC8NYY2,B0DVC8NYY2,"NexLev Cool Mist Humidifier | 2.2L| For Office, Indoor Plants, Baby Nursery | Quiet Operation | Works 30Hrs on Low Setting | 360° Nozzle | Auto Shut-Off | Adjustable Knob | Leak Proof | HU-02",258.0,6.0,0.0026,0.0042,363.0,8.0,0.0028,0.0043,0.827,1.0,4,0.0,0.0155,0.0,3133.898305084746,0.0,4.0,0.0,0,13,Nexlev,4818.07,165.0,35472.0,1524.58,1.0,SP_SD,3.1602605307691296,0.3164296077059901,,4818.07,,,Nexlev,Home & Kitchen,Air Purifier,Humidifier White,,HU-02,4
FBA79771,SC-01 SET OF SPARES,B0F678L8YT,B0F678L8YT,"nexlev Replacement Accessory Kit for Steam Cleaner SC-01 | Multipurpose Cleaning Attachments for Home, Kitchen, Bathroom & Car",96.0,1.0,0.0009,0.0007,106.0,1.0,0.0008,0.0005,0.9894,0.0,4,0.0,0.0417,0.0,1014.406779661017,0.0,4.0,0.0,0,13,Nexlev,0.0,0.0,0.0,0.0,0.0,,,,,,,,Nexlev,Home & Kitchen,Set of Spares,Spares ,,SC-01 SET OF SPARES,4
FBA79773,VC-01 HEPA,B0F74DJYG6,B0F74DJYG6,nexlev Replacement HEPA Filter | Compatible 2 in 1 Handheld & Stick Vacuum Cleaner VC-01 | Captures 99.97% Dust & Allergens | Washable & Durable Filter Maintain,38.0,1.0,0.0004,0.0007,60.0,6.0,0.0005,0.0032,1.0,0.0,4,0.0,0.1053,0.0,840.677966101695,0.0,4.0,0.0,0,13,Nexlev,0.0,0.0,0.0,0.0,0.0,,,,,,,,Nexlev,Home & Kitchen,HEPA,Spares ,,VC-01 HEPA,4
FBA79849,CFM-03,B0FPGDVVCX,B0FPGDVVCX,nexlev Calf Massager | Daily Use Leg Massager for Sore Muscle | Hand Like Massage with Air Compression | Improve Blood Circulation & Relieve Pain | 2500 mAh | Large Belt | Type C |CFM-03|Pack of 2,287.0,10.0,0.0028,0.007,361.0,14.0,0.0028,0.0075,0.9971,1.0,4,0.0,0.0139,0.0,16945.76271186441,0.0,4.0,0.0,0,13,Nexlev,1638.2,85.0,9254.0,9620.24,3.0,SP_SD,0.1702868119714269,5.8724453668660725,,546.0666666666667,,,Nexlev,HPC,Electric Massagers,Calf Massager,,CFM-03,4
FBA79810,MF-01,B0FS7T8151,B0FS7T8151,NexLev Rechargeable Milk Frother & Coffee Whisker | 3 Speed | Stainless Steel Dual Spring Tech | Perfect for Coffee Lattes Milk Hot Chocolate Omlete & Cream | Handheld Beater for Foam |MF-01,36.0,0.0,0.0004,0.0,46.0,0.0,0.0004,0.0,1.0,0.0,4,0.0,0.1111,0.0,1613.5593220338983,0.0,4.0,0.0,0,13,Nexlev,0.0,0.0,0.0,0.0,0.0,,,,,,,,Nexlev,Home & Kitchen,Kitchen Appliances,Milk Frother,,MF-01,4
FBA79267,T-02,B0D2LD6BYJ,B0D2LD6BYJ,"NexLev 6-in-1 trimmer | Sensitive Bikini Trimmer for Women | Skin Safe with Rounded Tips & Foil Shaver| Hair Removal for Intimate Areas, Face, Arms, Legs & Body | 90 min Runtime |2H Quick Charge |T-02",790.0,1.0,0.0078,0.0007,917.0,1.0,0.0071,0.0005,0.9834,1.0,3,0.0,0.0038,0.0,3226.2711864406783,0.0,3.0,0.0,0,13,Nexlev,108.08,6.0,1835.0,0.0,0.0,SP_SD,,0.0,,,,,Nexlev,HPC,Trimmers & Body Groomers,Women Trimmer,,T-02,3
FBA79277,SC-03,B0D672NXC8,B0D672NXC8,"Nexlev SWIPE Steam Cleaner | 3.5 Bar Strong Steam|Multipurpose Steam Cleaner for Car, Kitchen, Bathroom, Floor, Window, Glass, Upholstery| 8 Accessories Kit|Safety Lock| Large 700ML Water Tank | SC-03",667.0,22.0,0.0066,0.0155,914.0,29.0,0.0071,0.0154,0.9987,1.0,3,0.0,0.0045,0.0,17791.525423728814,0.0,3.0,0.0,0,13,Nexlev,146.88,10.0,1565.0,5930.51,1.0,SP_SD,0.0247668413003266,40.37656590413943,,146.88,,,Nexlev,Home & Kitchen,Cleaning & Vacumming,Steam cleaner,,SC-03,3
FBA79279,LR-01,B0D8445KJN,B0D8445KJN,"NexLev Rechargeable Lint Remover | for Woollen Sweaters Pill, Rue & Burr Remover | 60min Use Time | Type C |Defuzzer | Lint Brush for Coat | 2 Modes | SS Blade | Safety Lock | LR-01",106.0,2.0,0.001,0.0014,131.0,2.0,0.001,0.0011,0.9915,1.0,3,0.0,0.0283,0.0,2183.898305084746,0.0,3.0,0.0,0,13,Nexlev,200.06,14.0,5269.0,727.96,1.0,SP_SD,0.2748227924611242,3.638708387483755,,200.06,,,Nexlev,Home & Kitchen,Fabric Care,Lint Remover,,LR-01,3
FBA79404,FS-01,B0D9KFZYG8,B0D9KFZYG8,"NexLev Steamer For Cold & Cough| Face Steam,Inhaler & Vaporizer | Perfect for Facial & Aromatherapy | Nano Ionic Steam | Uv Sterilization | Aroma Diffuser|30 Sec Heating|Avoid Burns & Spillage | FS-01",191.0,3.0,0.0019,0.0021,260.0,3.0,0.002,0.0016,0.9724,1.0,3,0.0,0.0157,0.0,2964.406779661017,0.0,3.0,0.0,0,13,Nexlev,1093.02,79.0,31450.0,0.0,0.0,SP_SD,,0.0,,,,,Nexlev,HPC,Skin Care,Face Steamer,,FS-01,3
FBA79573,EA-02,B0DKK15YNJ,B0DKK15YNJ,NexLev Oil Applicator Comb|Red Led Light Therapy |Boost Hair Growth| Reduce Dandruff | Relieve Stress |High Vibration Corded Electric Scalp/Head Massager | 6 ML Oil Tank | 2 Hr Run-Time| Type-C|EA-02,614.0,27.0,0.0061,0.019,836.0,31.0,0.0065,0.0165,0.5069,0.3158,3,0.0,0.0049,0.0,6605.084745762712,0.0,3.0,0.0,0,13,Nexlev,6211.34,427.0,34712.0,8373.34,5.0,SP_SD,0.7417995686309167,1.348073040599935,,1242.268,,,Nexlev,HPC,Hair Care,Hair Oil Applicator,,EA-02,3
FBA79589,SS-02,B0DNJP9T35,B0DNJP9T35,"NexLev Spin Scrubber|6 Scrubbing Heads| For Kitchen, Bathroom, Tub, Glass | Complete cleaning tool for Home, Office & Car| 90 min runtime | 2600 mAh | Cordless Type C | 2 Modes|Adjustable Handle|SS-02",159.0,6.0,0.0016,0.0042,212.0,11.0,0.0016,0.0059,1.0,1.0,3,0.0,0.0189,0.0,3556.7796610169494,0.0,3.0,0.0,0,13,Nexlev,196.66,14.0,2374.0,0.0,0.0,SP_SD,,0.0,,,,,Nexlev,Home & Kitchen,Cleaning & Vacumming,Electric Spin Scrubber,,SS-02,3
FBA79707,ETC-08-BL,B0FJ1ZB4G9,B0FJ1ZB4G9,Nexlev Rechargeable Electric Toothbrush| 120 Days Life | 35K strokes/min| Type C| 5 Modes for Daily Use| 2 Min timer with 30sec Quadpacer | 4 Brushheads| IPX7 Waterproof| For Men & Women | ETC-08 Blue,44.0,2.0,0.0004,0.0014,59.0,2.0,0.0005,0.0011,1.0,1.0,3,0.0,0.0682,0.0,1878.813559322034,0.0,3.0,0.0,0,13,Nexlev,25.11,1.0,298.0,0.0,0.0,SP_SD,,0.0,,,,,Nexlev,HPC,Oral Care,Electric Toothbrush,,ETC-08-BL,3
FBA79272,HS-01,B0D2LFMY48,B0D2LFMY48,"Nexlev Hair Styling Straightener & Curler| 2 in 1 Hair Styler| 200°C in 30 Seconds| Long Ceramic Floating Plates| Rounded Body for Curls| Plate Lock| Portable HS-01, Hair Straightener Tong - Black",37.0,0.0,0.0004,0.0,49.0,0.0,0.0004,0.0,0.8605,0.0,2,0.0,0.0541,0.0,1252.542372881356,0.0,2.0,0.0,0,13,Nexlev,0.0,0.0,0.0,0.0,0.0,,,,,,,,Nexlev,HPC,Hair Care,Hair Straightener,,HS-01,2
FBA79463,VC-02,B0DCK56Q85,B0DCK56Q85,"NexLev Cordless Vacuum Cleaner|HEPA with Stainless Steel Cover|6000 mAh|Copper Motor| Rechargeable Type C|Ideal for Home, Office & Car Use|Compact & Portable|Dust & Pet Hair Remover|3 Attachment|VC-02",126.0,2.0,0.0012,0.0014,156.0,2.0,0.0012,0.0011,0.7986,1.0,2,0.0,0.0159,0.0,4235.593220338983,0.0,2.0,0.0,0,13,Nexlev,76.58,8.0,2789.0,0.0,0.0,SP_SD,,0.0,,,,,Nexlev,Home & Kitchen,Cleaning & Vacumming,Vacuum Cleaner,,VC-02,2
FBA79472,CM-02-PR,B0DFCDZWND,B0DFCDZWND,NexLev Cordless Electric Heating Pad| Period Cramp & Back Pain Relief Massager | 9 modes| Menstrual Cramp Relief|Type C| Crampfree Periods | Portable | Gift for Women| Strap upto 40 Inch |Purple CM-02,159.0,6.0,0.0016,0.0042,217.0,6.0,0.0017,0.0032,0.9538,1.0,2,0.0,0.0126,0.0,2286.4406779661017,0.0,2.0,0.0,0,13,Nexlev,1334.52,79.0,17378.0,1284.76,1.0,SP_SD,1.0387309692082567,0.962713185265114,,1334.52,,,Nexlev,HPC,Electric Massagers,Electric Heating Pads,,CM-02-PR,2
FBA79716,SM-01 SET OF 2 MOPS,B0F2MZ8CG9,B0F2MZ8CG9,NexLev Replacement Mop Cloth Pads (Set of 2) | Compatible with NexLev Steam Mop SM-01 | Reusable Microfiber Pads for Floor & Carpet Cleaning | Washable & Durable | Suitable for All Floor Types,1.0,0.0,0.0,0.0,1.0,0.0,0.0,0.0,1.0,0.0,3,0.0,3.0,0.0,1014.406779661017,0.0,2.0,0.0,0,13,Nexlev,0.0,0.0,0.0,0.0,0.0,,,,,,,,UNKNOWN,,,,,SM-01 SET OF 2 MOPS,3
FBA79606,LR-01 SET OF 2 BLADES,B0F2N37819,B0F2N37819,NexLev Replacement Stainless Steel Blades (Set of 2) | Compatible with NexLev Lint Remover LR-01 | Sharp & Durable Blades for Effective Fabric Defuzzing | Easy to Replace | Smooth & Safe Performance,37.0,0.0,0.0004,0.0,48.0,0.0,0.0004,0.0,1.0,0.0,2,0.0,0.0541,0.0,635.5932203389831,0.0,2.0,0.0,0,13,Nexlev,0.0,0.0,0.0,0.0,0.0,,,,,,,,Nexlev,Home & Kitchen,Set of 2 blades,Spares ,,LR-01 SET OF 2 BLADES,2
FBA79819,LR-03,B0FT8R24QM,B0FT8R24QM,"NexLev Portable Cordless Lint Remover | for Woollen, Sweaters, Jackets, Carpets | Fabric Brush | Rue & Burr Remover | Battery Powered Shaver | SS Blade | Safety Lock | LR-03",72.0,2.0,0.0007,0.0014,90.0,2.0,0.0007,0.0011,0.875,0.0,2,0.0,0.0278,0.0,571.1864406779662,0.0,2.0,0.0,0,13,Nexlev,452.38,30.0,3027.0,285.59,1.0,SP_SD,1.5840190482860046,0.6313055395906096,,452.38,,,Nexlev,Home & Kitchen,Fabric Care,Lint Remover,,LR-03,2
FBA79229,GS-04,B0CQX9ZZMH,B0CQX9ZZMH,NexLev Handheld Garment Steamer |1800 Watts | 25 g/min | 300 ML | Vertical & Horizontal Ironing for Silk Velvet & | Damage Free Steam for all Cloth Types | 25sec quick heat | 3 Brushes | GS-04,12.0,0.0,0.0001,0.0,15.0,0.0,0.0001,0.0,0.9231,0.0,1,0.0,0.0833,0.0,1862.71186440678,0.0,1.0,0.0,0,13,Nexlev,0.0,0.0,0.0,0.0,0.0,,,,,,,,Nexlev,Home & Kitchen,Fabric Care,Garment steamer,,GS-04,1
FBA79273,HS-02,B0D2LKB4BJ,B0D2LKB4BJ,"Nexlev Hair Styling Straightener & Curler| 2 in 1 Hair Styler| 200°C in 30 Seconds| Long Ceramic Floating Plates| Rounded Body for Curls| Plate lock| Portable |HS-02, Hair Straightener Tong - Purple",34.0,0.0,0.0003,0.0,56.0,0.0,0.0004,0.0,1.0,0.0,1,0.0,0.0294,0.0,668.6440677966102,0.0,1.0,0.0,0,13,Nexlev,0.0,0.0,0.0,0.0,0.0,,,,,,,,Nexlev,HPC,Hair Care,Hair Straightener,,HS-02,1
FBA79271,V-01,B0D83Q7L8W,B0D83Q7L8W,"NexLev Ionic Hot Air Brush | 3 in 1 Blow Dryer, Straightener & Styler | 360° Airflow Vents | Ceramic Tourmaline Coated Brushing Head | Tangle Free Bristle | 1200W | 3 Speed & 2 Heat Settings|V-01",1415.0,1.0,0.014,0.0007,1637.0,1.0,0.0126,0.0005,0.9994,1.0,1,0.0,0.0007,0.0,1185.5932203389832,0.0,1.0,0.0,0,13,Nexlev,896.29,18.0,4095.0,0.0,0.0,SP_SD,,0.0,,,,,Nexlev,HPC,Hair Care,Volumizer,,V-01,1
FBA79443,LE-03,B0D9KFQG8Q,B0D9KFQG8Q,"Nexlev Skin Scrubber |Red & Blue LED Therapy| Blackhead Remover| Pore Cleaner| Skin Lifting & tightening, wrinkle remover| 2 Silicone Cleaning Heads| Facial Cleansing|Type C Charging| Elixir Pro LE-03",73.0,3.0,0.0007,0.0021,77.0,4.0,0.0006,0.0021,1.0,1.0,1,0.0,0.0137,0.0,1439.8305084745764,0.0,1.0,0.0,0,13,Nexlev,36.83,3.0,463.0,0.0,0.0,SP_SD,,0.0,,,,,Nexlev,HPC,Skin Care,LED Face & Skin Care Massager,,LE-03,1
FBA79440,LE-02,B0DCGHKRXX,B0DCGHKRXX,NexLev LED Phototherapy comb | Electric Scalp Massager | Red Light for Regrowth | Blue Light for Anti Dandruff | Hairfall Control | Rechargeable TypeC | Targeted Laser Treatment Machine |3 Modes |LE-02,304.0,6.0,0.003,0.0042,390.0,6.0,0.003,0.0032,0.6657,1.0,1,0.0,0.0033,0.0,1694.0677966101696,0.0,1.0,0.0,0,13,Nexlev,1632.74,118.0,21828.0,1694.07,1.0,SP_SD,0.963797245686424,1.03756262479023,,1632.74,,,Nexlev,HPC,Hair Care,Hair Therapy Comb,,LE-02,1
FBA79464,CM-01-BL,B0DFCDKMWR,B0DFCDKMWR,nexlev Cordless Electric Heating Pad| Period Cramp & Back Pain Relief Massager | 9 modes| Menstrual Cramp Relief|Type C| Crampfree Periods | Portable | Gift for Women| Strap upto 40 Inch |Blue CM-01,59.0,1.0,0.0006,0.0007,85.0,1.0,0.0007,0.0005,0.9054,0.0,1,0.0,0.0169,0.0,1270.3389830508474,0.0,1.0,0.0,0,13,Nexlev,0.0,0.0,0.0,0.0,0.0,SP_SD,,,,,,,Nexlev,HPC,Electric Massagers,Electric Heating Pads,,CM-01-BL,1
FBA79492,V-02,B0DT6Y7KJM,B0DT6Y7KJM,"NexLev IONIC Volumizer + Straightening Brush| 1200 W| Ceramic Tourmaline Coating| Hot Air Brush| Large Barrel| Ionic Technology| Dual bristles for drying, volumizing & straightening | 360° vents| V-02",567.0,1.0,0.0056,0.0007,677.0,1.0,0.0052,0.0005,1.0,0.0,1,0.0,0.0018,0.0,1948.3050847457628,0.0,1.0,0.0,0,13,Nexlev,235.74,8.0,9965.0,0.0,0.0,SP_SD,,0.0,,,,,Nexlev,HPC,Hair Care,Volumizer,,V-02,1
FBA79687,MGC-03,B0DV9CY3XR,B0DV9CY3XR,NexLev Massage Gun | Body Shoulder Neck Feet Calf & Back Massager | Cold Therapy for Muscle Recovery | 60° Heat Therapy for Relaxation | 6 Attachments | 6 Mode | Portable & Compact Design | MGC-03,11.0,0.0,0.0001,0.0,14.0,0.0,0.0001,0.0,1.0,0.0,1,0.0,0.0909,0.0,0.0,0.0,1.0,0.0,0,13,Nexlev,0.0,0.0,0.0,0.0,0.0,,,,,,,,Nexlev,HPC,Electric Massagers,Hot & Cold Massage Gun,,MGC-03,1
FBA79681,HU-01,B0DVC968P1,B0DVC968P1,"NexLev Cool Mist Humidifier | 3.5L| For Office, Indoor Plants, Baby Nursery | Quiet Operation | Works 44Hrs on Low Setting | 360° Nozzle | Auto Shut-Off | Adjustable Knob | Leak Proof | HU-01",29.0,0.0,0.0003,0.0,36.0,0.0,0.0003,0.0,1.0,0.0,1,0.0,0.0345,0.0,0.0,0.0,1.0,0.0,0,13,Nexlev,0.0,0.0,0.0,0.0,0.0,,,,,,,,Nexlev,Home & Kitchen,Air Purifier,Humidifier Black,,HU-01,1
FBA79778,AP-03 HEPA,B0F67BW7SF,B0F67BW7SF,NexLev Smart Air Purifier HEPA Filter for Model AP220,34.0,2.0,0.0003,0.0014,39.0,2.0,0.0003,0.0011,1.0,0.0,1,0.0,0.0294,0.0,931.35593220339,0.0,1.0,0.0,0,13,Nexlev,0.0,0.0,0.0,0.0,0.0,,,,,,,,Nexlev,Home & Kitchen,HEPA,Spares ,,AP-03 HEPA,1
FBA79843,SC-04 SPARE SET,B0FMF1D9NV,B0FMF1D9NV,NexLev Accessory Kit for 10-in-1 Steam Cleaner & Mop SC-04 | Multipurpose Attachments for Deep Cleaning,97.0,0.0,0.001,0.0,107.0,0.0,0.0008,0.0,1.0,0.0,1,0.0,0.0103,0.0,233.05084745762716,0.0,1.0,0.0,0,13,Nexlev,0.0,0.0,0.0,0.0,0.0,,,,,,,,Nexlev,Home & Kitchen,Spare Set,Spares ,,SC-04 SPARE SET,1
FBA79912,SC-05 SC-05 - SET OF SPARES,B0FYNKYJFN,B0FYNKYJFN,"NexLev Replacement Accessory Kit for Steam Cleaner SC-05 | Multipurpose Cleaning Attachments for Home, Kitchen, Bathroom & Car",3.0,0.0,0.0,0.0,7.0,0.0,0.0001,0.0,1.0,0.0,1,0.0,0.3333,0.0,338.135593220339,0.0,1.0,0.0,0,13,Nexlev,0.0,0.0,0.0,0.0,0.0,,,,,,,,Nexlev,Home & Kitchen,SC-05 - Set of Spares,Spares ,,SC-05 SC-05 - SET OF SPARES,1
FBK80015,SPM-01,B0GKNGWLJ2,B0GKNGWLJ2,NexLev Cordless Spin Mop|50 Min Runtime|2 Extra Mop Pads | Type C | For Home Kitchen & Office Use | Water Spray Function|Self Propelling|Mopping for All Floor Types|LED for Corners and Underbed|SPM-01,81.0,2.0,0.0008,0.0014,111.0,3.0,0.0009,0.0016,1.0,1.0,1,0.0,0.0123,0.0,3134.7457627118647,0.0,1.0,0.0,0,13,Nexlev,81.37,7.0,597.0,0.0,0.0,SP_SD,,0.0,,,,,UNKNOWN,,,,,SPM-01,1
FBK80024,SS-02,B0GLHC8CB3,B0GLHC8CB3,"NexLev Spin Scrubber|6 Scrubbing Heads| For Kitchen, Bathroom, Tub, Glass | Complete cleaning tool for Home, Office & Car| 90 min runtime | 2600 mAh | Cordless Type C | 2 Modes|Adjustable Handle|SS-02",53.0,3.0,0.0005,0.0021,84.0,3.0,0.0006,0.0016,0.9855,1.0,1,0.0,0.0189,0.0,1016.1016949152544,0.0,1.0,0.0,0,13,Nexlev,160.73,20.0,1812.0,1016.1,1.0,SP_SD,0.1581832496801495,6.3217818702171344,,160.73,,,Nexlev,Home & Kitchen,Cleaning & Vacumming,Electric Spin Scrubber,,SS-02,1
FBA78996,NP-03,B0CDQ6G4TC,B0CDQ6G4TC,"nexlev Travel Neck Pillow | Orthopedic Premium Memory Foam | for Airplane, Car, Train, Office use & Cervical Pain | Machine Washable | 360 Support | Carry Pouch for Storage | NP-03",3.0,0.0,0.0,0.0,6.0,0.0,0.0,0.0,1.0,0.0,0,0.0,0.0,0.0,0.0,0.0,0.0,0.0,0,13,Nexlev,0.0,0.0,0.0,0.0,0.0,,,,,,,,Nexlev,Home & Kitchen,Travel Accessories,Travel Pillow,,NP-03,0
FBA79174,DF-01-BK,B0CW1JJP9S,B0CW1JJP9S,"Nexlev Dental Flosser| 6 Water Pressures| 4 Cleaning Modes| 2 Nozzle Tips, Tongue Cleaner, Carry Case for Tips| USB-C Charging| 1500mAh| 250ml Tank| IPX7 Water Proof| Carry Pouch | Aqua DF-01-BK",6.0,0.0,0.0001,0.0,8.0,0.0,0.0001,0.0,1.0,0.0,0,0.0,0.0,0.0,0.0,0.0,0.0,0.0,0,13,Nexlev,0.0,0.0,0.0,0.0,0.0,,,,,,,,Nexlev,HPC,Oral Care,Dental Flosser,,DF-01-BK,0
FBA79346,ETC-04-WH,B0D25LNDSY,B0D25LNDSY,Nexlev Rechargeable Electric Toothbrush| 120 Days Life | 35K strokes/min| Type C| 5 Modes for Daily Use| 2 Min timer with 30sec Quadpacer | 4 Brushheads| IPX7 Waterproof| For Men & Women | ETC-04 White,35.0,1.0,0.0003,0.0007,50.0,1.0,0.0004,0.0005,0.3409,1.0,0,0.0,0.0,0.0,0.0,0.0,0.0,0.0,0,13,Nexlev,24.98,3.0,875.0,0.0,0.0,SP_SD,,0.0,,,,,Nexlev,HPC,Oral Care,Electric Toothbrush,,ETC-04-WH,0
FBA79332,HM-01,B0D63FKYZ5,B0D63FKYZ5,NexLev Scalp Massager for Stress Relief | Head Massager for Hair Growth | 96 Tangle Free Silicone Kneading Nodes | Hand Like Massage | 120 Min Runtime | Type C | Washable Heads | 3 Modes | HM-01,64.0,0.0,0.0006,0.0,84.0,0.0,0.0006,0.0,1.0,0.0,0,0.0,0.0,0.0,0.0,0.0,0.0,0.0,0,13,Nexlev,0.0,0.0,0.0,0.0,0.0,,,,,,,,Nexlev,HPC,Hair Care,Head Massager,,HM-01,0
FBA79347,ETC-05-PI,B0D842173P,B0D842173P,Nexlev Electric Toothbrush| 40000 vibrations/min|USB Type C| 5 Modes| 2 Min timer| 30 sec Quad Interval| 4 Replaceable Brushheads With Cover| IPX7 Waterproof| For Adults|Sparkle Pro ETC-05 Sunset Pink,6.0,0.0,0.0001,0.0,15.0,0.0,0.0001,0.0,1.0,0.0,0,0.0,0.0,0.0,0.0,0.0,0.0,0.0,0,13,Nexlev,0.0,0.0,0.0,0.0,0.0,,,,,,,,Nexlev,HPC,Oral Care,Electric Toothbrush,,ETC-05-PI,0
FBA79278,HD-01,B0D86ZC9YT,B0D86ZC9YT,Nexlev Just Style Pro Hair Dryer |2100 W for Quick & Easy Blowdry | Double Heat Protection Technology | 3 Heat Settings & Cool Shot Function For Salon-Like Styling at Home (HD-01),37.0,0.0,0.0004,0.0,49.0,0.0,0.0004,0.0,0.6596,0.0,0,0.0,0.0,0.0,0.0,0.0,0.0,0.0,0,13,Nexlev,0.0,0.0,0.0,0.0,0.0,,,,,,,,Nexlev,HPC,Hair Care,Hair Dryer,,HD-01,0
FBA79381,ETR-06,B0D9KCNVNM,B0D9KCNVNM,Nexlev Oscillating Electric Toothbrush | 8000 Strokes/min | 25 Days Battery Life |Type C|3 modes| 2 Minute Timer |Quad Change Reminder| IPX7 Waterproof | For adults| 1 year warranty| SparklePro ETR-06,35.0,1.0,0.0003,0.0007,41.0,1.0,0.0003,0.0005,1.0,1.0,0,0.0,0.0,0.0,0.0,0.0,0.0,0.0,0,13,Nexlev,0.0,0.0,0.0,0.0,0.0,SP_SD,,,,,,,Nexlev,HPC,Oral Care,Electric Toothbrush - Oscillating,,ETR-06,0
FBA79480,VC-03,B0DDC3GVZW,B0DDC3GVZW,nexlev Cordless Electric Car Vacuum Cleaner VacuSafe| Seat-Belt Cutter| Window Breaker Hammer| LED Torch|4000 mAh| High Power Suction | Copper motor| Type-C Emergency Car Escape Tool| Portable| VC-03,72.0,3.0,0.0007,0.0021,85.0,3.0,0.0007,0.0016,0.8592,1.0,0,0.0,0.0,0.0,0.0,0.0,0.0,0.0,0,13,Nexlev,0.0,0.0,0.0,0.0,0.0,,,,,,,,Nexlev,Home & Kitchen,Cleaning & Vacumming,Vacuum Cleaner,,VC-03,0
FBA79466,TI-01,B0DFM4JZV9,B0DFM4JZV9,"Nexlev Tyre Inflator for Car | Touch Control |150 PSI |12V DC| 4 Nozzles | Digital Tyre Pressure Gauge| Carry Bag | Suitable for Bike, Bicycle or Any Inflatable | Emergency LED Light | TI-01",10.0,1.0,0.0001,0.0007,13.0,3.0,0.0001,0.0016,0.9091,0.0,0,0.0,0.0,0.0,0.0,0.0,0.0,0.0,0,13,Nexlev,0.0,0.0,0.0,0.0,0.0,,,,,,,,Nexlev,Home & Kitchen,Car Accessories,Tyre Inflators - Corded,,TI-01,0
FBA79481,TM-02,B0DFMRG2K4,B0DFMRG2K4,"NexLev All in One Body Trimmer for Men | Suitable for Beard, Body, Balls, Pubic Hair, Private Parts | 90 Min Runtime |Type C | IPX 7 Waterproof | No Nicks No Cuts | 2 Safety Combs| Extra Blade | TM-02",616.0,0.0,0.0061,0.0,718.0,0.0,0.0055,0.0,0.9209,0.0,0,0.0,0.0,0.0,0.0,0.0,0.0,0.0,0,13,Nexlev,0.0,0.0,0.0,0.0,0.0,,,,,,,,Nexlev,HPC,Trimmers & Body Groomers,Intimate Trimmer,,TM-02,0
FBA79475,TIC-04,B0DJFJZMC6,B0DJFJZMC6,"nexlev Cordless & Corded Tyre Inflator|150 PSI| 6000 mAh Powerbank|LED Light | Type C Port |Digital Display| 5 Pre-Set Modes|Auto Shut-Off |Multiple Nozzles for Cars, Bikes, Cycle| AER Pro Max TIC-04",15.0,4.0,0.0001,0.0028,24.0,5.0,0.0002,0.0027,1.0,1.0,0,0.0,0.0,0.0,0.0,0.0,0.0,0.0,0,13,Nexlev,0.0,0.0,0.0,0.0,0.0,,,,,,,,Nexlev,Home & Kitchen,Car Accessories,Tyre Inflators - Cordless,,TIC-04,0
FBA79467,TM-01,B0DK9LYT4P,B0DK9LYT4P,NexLev Beard Trimmer| 90min Run Time| 40 Length Settings| 0.5mm Precision| Washable Stainless Steel Blades| Copper Motor| USB Type-C| IPX7 Waterproof| Travel Lock| 2 Beard Comb| 1 Year Warranty |TM-01,29.0,0.0,0.0003,0.0,35.0,0.0,0.0003,0.0,0.8788,0.0,0,0.0,0.0,0.0,0.0,0.0,0.0,0.0,0,13,Nexlev,0.0,0.0,0.0,0.0,0.0,,,,,,,,Nexlev,HPC,Trimmers & Body Groomers,Men's Beard Trimmer,,TM-01,0
FBA79483,TM-03,B0DK9NRBWJ,B0DK9NRBWJ,NexLev Intimate Trimmer for Men|Ceramic Blade|120 Min Runtime|Type C Charge | IPX7 Waterproof | 7000RPM Copper Motor| Cordless|LED Light| Travel Lock| Wet/Dry Groin & Body Shaver | Intimate Pro TM-03,26.0,0.0,0.0003,0.0,33.0,0.0,0.0003,0.0,1.0,0.0,0,0.0,0.0,0.0,0.0,0.0,0.0,0.0,0,13,Nexlev,0.0,0.0,0.0,0.0,0.0,,,,,,,,Nexlev,HPC,Trimmers & Body Groomers,Men's Body Trimmer,,TM-03,0
FBA79565,VC-04,B0DKJZDY72,B0DKJZDY72,nexlev Cordless Vacuum Cleaner & Blower |BLDC Copper Motor |HEPA with Stainless Steel Cover | for Home Office & Car Cleaning|4 Attachments | Blower for Dust & Inflatables | Portable & Compact | VC-04,52.0,0.0,0.0005,0.0,63.0,0.0,0.0005,0.0,0.8596,0.0,0,0.0,0.0,0.0,0.0,0.0,0.0,0.0,0,13,Nexlev,0.0,0.0,0.0,0.0,0.0,,,,,,,,Nexlev,Home & Kitchen,Cleaning & Vacumming,Vacuum Cleaner,,VC-04,0
FBA79596,MG-01,B0DMT19RWC,B0DMT19RWC,"NexLev Massage Gun |Full Body- Neck, Shoulders, Back, Arms & Feet Pain Relief|Handheld Deep Tissue Massager| 4 Heads| 99 Gears Levels| 3 Modes| 3800 RPM| 1800mAh Battery|Type-C Interface|MG-01",6.0,0.0,0.0001,0.0,7.0,0.0,0.0001,0.0,1.0,0.0,0,0.0,0.0,0.0,0.0,0.0,0.0,0.0,0,13,Nexlev,0.0,0.0,0.0,0.0,0.0,,,,,,,,Nexlev,HPC,Electric Massagers,Massage Gun,,MG-01,0
FBA79484,CF-01,B0DNJF1BLS,B0DNJF1BLS,NexLev Drip Coffee Maker |Filter Coffee for Home & Office | 4-6 Cups | Warming Plate|Borosilicate Carafe | Reusable & Washable Filter | Anti Drip | 750 ml | Cone Filter | Water Level Indicator |CF-01,42.0,0.0,0.0004,0.0,58.0,0.0,0.0004,0.0,1.0,0.0,0,0.0,0.0,0.0,0.0,0.0,0.0,0.0,0,13,Nexlev,0.0,0.0,0.0,0.0,0.0,,,,,,,,Nexlev,Home & Kitchen,Kitchen Appliances,Drip Coffee Maker,,CF-01,0
FBA79598,BM-02,B0DNJJKBKG,B0DNJJKBKG,NexLev Neck & Back Massager | Deep Tissue Shiatsu Roller | Cervical Pain Relief | 3 Speeds | 8 Kneading Nodes | Quick Pain Relief | Auto Shut Off | 1 year Warranty | BM-02,32.0,0.0,0.0003,0.0,39.0,0.0,0.0003,0.0,1.0,0.0,0,0.0,0.0,0.0,0.0,0.0,0.0,0.0,0,13,Nexlev,0.0,0.0,0.0,0.0,0.0,,,,,,,,Nexlev,HPC,Electric Massagers,Back & Shoulder Massager,,BM-02,0
FBA79698,SS-01(NEW),B0DTK4FY1G,B0DTK4FY1G,"NexLev Spin Scrubber with Soap Spray | 6 heads| For Kitchen, Tub, Glass, Complete cleaning tool for Home, Office & Car| 90 min runtime | 4500 mAh | Cordless Type C | Adjustable Handle|SS-01, White",9.0,0.0,0.0001,0.0,13.0,0.0,0.0001,0.0,0.6,0.0,0,0.0,0.0,0.0,0.0,0.0,0.0,0.0,0,13,Nexlev,0.0,0.0,0.0,0.0,0.0,,,,,,,,Nexlev,Home & Kitchen,Cleaning & Vacumming,Electric Spin Scrubber,,SS-01(NEW),0
FBA79676,HB-01,B0DV91JGF1,B0DV91JGF1,NexLev Orthopaedic Heat and Massage Belt | Massager for Lower Back Shoulder Cramps and Neck Pain Relief | 3 massage Modes | 2 intensities | Heat for Soothing Sore Muscles | 30 min Auto Shut off |HB-01,13.0,0.0,0.0001,0.0,18.0,0.0,0.0001,0.0,1.0,0.0,0,0.0,0.0,0.0,0.0,0.0,0.0,0.0,0,13,Nexlev,0.0,0.0,0.0,0.0,0.0,,,,,,,,Nexlev,HPC,Electric Massagers,Heated Wrap Belt,,HB-01,0
FBA79690,PM-02,B0DV931G48,B0DV931G48,"NexLev Cordless Body Massager | Neck, Shoulder, Back, Legs & Thigh Pain Relief | 10 Intensity and 12 Modes | 6 Attachments | Deep Tissue Kneading for Complete Pain Relief | Charging Indicator | PM-02",8.0,0.0,0.0001,0.0,9.0,0.0,0.0001,0.0,1.0,0.0,0,0.0,0.0,0.0,0.0,0.0,0.0,0.0,0,13,Nexlev,0.0,0.0,0.0,0.0,0.0,,,,,,,,Nexlev,HPC,Electric Massagers,Handheld Percussion Massager,,PM-02,0
FBA79686,MGS-02,B0DV94R4QD,B0DV94R4QD,NexLev Massage Gun | Body Massager |6 Speed for Body Relaxation and Muscle Recovery | 4 Attachment| Compact & Portable Design | For Neck Shoulder Back Foot Calf | 1H Use Time |For Men & Women |MGS-02,11.0,0.0,0.0001,0.0,14.0,0.0,0.0001,0.0,1.0,0.0,0,0.0,0.0,0.0,0.0,0.0,0.0,0.0,0,13,Nexlev,0.0,0.0,0.0,0.0,0.0,,,,,,,,Nexlev,HPC,Electric Massagers,Massage Gun - Mini,,MGS-02,0
FBA79693,TM-05,B0DVC91Q7J,B0DVC91Q7J,NexLev Body & Intimate Trimmer for Men | Pubic Hair - Private Part Trimmer and Body Groomer |Vacuum for Mess Free Trimming | Ceramic Blades | Curved Edge for Safety | IPX7 Waterproof | TypeC |TM-05,26.0,0.0,0.0003,0.0,28.0,0.0,0.0002,0.0,1.0,0.0,0,0.0,0.0,0.0,0.0,0.0,0.0,0.0,0,13,Nexlev,0.0,0.0,0.0,0.0,0.0,,,,,,,,Nexlev,HPC,Trimmers & Body Groomers,Vacuum Trimmer,,TM-05,0
FBA79683,AP-01,B0DVC9PRSD,B0DVC9PRSD,NexLev Air Purifier for Living Room | 650 sqft Area |True HEPA 13 with 8500 Hrs Filter Life |Captures 99.99% Virus and PM 2.5 |Smart AQI Indicator |Home & Office Use|App Support|Sleep & Auto Mode| A6,50.0,2.0,0.0005,0.0014,53.0,2.0,0.0004,0.0011,0.6604,1.0,0,0.0,0.0,0.0,0.0,0.0,0.0,0.0,0,13,Nexlev,0.0,0.0,0.0,0.0,0.0,,,,,,,,Nexlev,Home & Kitchen,Air Purifier,Air Purifier,,AP-01,0
FBA79677,NP-06,B0DVCBR11D,B0DVCBR11D,"nexlev Travel Neck Pillow | Orthopedic Premium Memory Foam | for Airplane, Car, Train, Office use & Cervical Pain | Machine Washable | 360 Support | Carry Pouch for Storage | NP-06",2.0,0.0,0.0,0.0,5.0,0.0,0.0,0.0,1.0,0.0,0,0.0,0.0,0.0,0.0,0.0,0.0,0.0,0,13,Nexlev,0.0,0.0,0.0,0.0,0.0,,,,,,,,Nexlev,Home & Kitchen,Travel Accessories,Donut Travel Pillow,,NP-06,0
FBA79678,NP-07,B0DVCDD5VC,B0DVCDD5VC,"nexlev Travel Neck Pillow | Orthopedic Premium Memory Foam | for Airplane, Car, Train, Office use & Cervical Pain | Machine Washable | 360 Support | Carry Pouch for Storage | NP-07",6.0,0.0,0.0001,0.0,9.0,0.0,0.0001,0.0,1.0,0.0,0,0.0,0.0,0.0,0.0,0.0,0.0,0.0,0,13,Nexlev,0.0,0.0,0.0,0.0,0.0,,,,,,,,Nexlev,Home & Kitchen,Travel Accessories,Donut Travel Pillow,,NP-07,0
FBA79689,CFM-02,B0DVSZ2VVJ,B0DVSZ2VVJ,"NexLev Calf Massager Pro|Complete Feet Calf Knee and Thigh Massage|Hand like Massage with Air Compression and Heat Therapy|Pain Relief,Muscle Recovery & Enhanced Blood Circulation|3 Intensities|CFM-02",222.0,6.0,0.0022,0.0042,242.0,7.0,0.0019,0.0037,1.0,1.0,0,0.0,0.0,0.0,0.0,0.0,0.0,0.0,0,13,Nexlev,0.0,0.0,0.0,0.0,0.0,,,,,,,,Nexlev,HPC,Electric Massagers,Complete Leg Massager,,CFM-02,0
FBA79717,SPM-01 SET OF 2 MOPS,B0F2MZ9BJS,B0F2MZ9BJS,NexLev Replacement Mop Pads (Set of 2) | Compatible with NexLev Cordless Spin Mop SPM-01 | Soft Microfiber Cleaning Pads | Washable & Reusable | For All Floor Types | Easy to Attach & Remove,2.0,0.0,0.0,0.0,3.0,0.0,0.0,0.0,1.0,0.0,0,0.0,0.0,0.0,0.0,0.0,0.0,0.0,0,13,Nexlev,0.0,0.0,0.0,0.0,0.0,,,,,,,,Nexlev,Home & Kitchen,Set of 2 Mops,Spares ,,SPM-01 SET OF 2 MOPS,0
FBA79607,LR-02 SET OF 2 BLADES,B0F2N11VTN,B0F2N11VTN,NexLev Replacement Stainless Steel Blades (Set of 2) | Compatible with NexLev Lint Remover LR-02 | Sharp & Durable Blades for Effective Fabric Defuzzing | Easy to Replace | Smooth & Safe Performance,8.0,0.0,0.0001,0.0,12.0,0.0,0.0001,0.0,1.0,0.0,0,0.0,0.0,0.0,0.0,0.0,0.0,0.0,0,13,Nexlev,0.0,0.0,0.0,0.0,0.0,,,,,,,,Nexlev,Home & Kitchen,Set of 2 blades,Spares ,,LR-02 SET OF 2 BLADES,0
FBA79657,SS-02 SET OF SPARES,B0F2N31GNX,B0F2N31GNX,NexLev Replacement Accessory Kit for Spin Scrubber SS-02 | Multipurpose Cleaning Heads for Home & Car,4.0,0.0,0.0,0.0,7.0,0.0,0.0001,0.0,1.0,0.0,0,0.0,0.0,0.0,0.0,0.0,0.0,0.0,0,13,Nexlev,0.0,0.0,0.0,0.0,0.0,,,,,,,,Nexlev,Home & Kitchen,Set of Spares,Spares ,,SS-02 SET OF SPARES,0
FBA79721,MR-02 HEPA FILTER,B0F2N4N83Y,B0F2N4N83Y,"nexlev Replacement HEPA Filter | Compatible Cordless Mite Remover (MR-02) | Captures 99.99% Dust, Mites & Allergens | Washable & Durable Filter Maintain",7.0,0.0,0.0001,0.0,10.0,0.0,0.0001,0.0,1.0,0.0,0,0.0,0.0,0.0,0.0,0.0,0.0,0.0,0,13,Nexlev,0.0,0.0,0.0,0.0,0.0,,,,,,,,Nexlev,Home & Kitchen,HEPA Filter,Spares ,,MR-02 HEPA FILTER,0
FBA79777,AP-01 HEPA,B0F6795PDP,B0F6795PDP,Nexlev Professional Air Purifier HEPA Filter for Model A6,10.0,0.0,0.0001,0.0,12.0,0.0,0.0001,0.0,1.0,0.0,0,0.0,0.0,0.0,0.0,0.0,0.0,0.0,0,13,Nexlev,0.0,0.0,0.0,0.0,0.0,,,,,,,,Nexlev,Home & Kitchen,HEPA,Spares ,,AP-01 HEPA,0
FBA79913,"VC-05 VC-05 -SET OF SPARES(CREVICE, BRUSH & HOSE)",B0FYNLPK1B,B0FYNLPK1B,"NexLev 3-in-1 Accessory Kit for Cordless Wet & Dry Vacuum Cleaner VC-05 | For Car, Sofa & Home Cleaning | Easy to Attach & Durable Build",3.0,0.0,0.0,0.0,3.0,0.0,0.0,0.0,1.0,0.0,0,0.0,0.0,0.0,0.0,0.0,0.0,0.0,0,13,Nexlev,0.0,0.0,0.0,0.0,0.0,,,,,,,,UNKNOWN,,,,,"VC-05 VC-05 -SET OF SPARES(CREVICE, BRUSH & HOSE)",0
FBA79915,ST-01 ST-01 SET OF HOOKS,B0FYNT1TW7,B0FYNT1TW7,"NexLev Stand Mixer Attachment Set for ST-01 | Includes Dough Hook, Beater & Whisk | Durable Stainless Steel Build | Easy to Attach & Clean | Ideal for Baking, Whipping & Kneading",0.0,0.0,0.0,0.0,0.0,0.0,0.0,0.0,0.0,0.0,0,0.0,0.0,0.0,0.0,0.0,0.0,0.0,0,13,Nexlev,0.0,0.0,0.0,0.0,0.0,,,,,,,,UNKNOWN,,,,,ST-01 ST-01 SET OF HOOKS,0
FBA78980,GS-02,B0CDPMX152,B0CDPMX152,NexLev Handheld Garment Steamer | 1500 Watts | 300 ML| Standing & Horizontal Iron Press | Damage Free Steaming for all Cloth Types | 25s Quick Heat |Upto 5 Clothes in One Fill | Travel Friendly |GS-02,3009.0,34.0,0.0259,0.0161,3928.0,49.0,0.026,0.0173,0.9235,0.027,33,0.0,0.011,0.0,56456.77966101695,0.0,33.0,0.0,0,13,Nexlev,14747.08221,703.0,228995.0,37377.15,21.0,SP_SD,0.3945480650611403,2.534545442125124,,702.24201,,,Nexlev,Home & Kitchen,Fabric Care,Garment steamer,,GS-02,33
FBA79439,MR-02,B0DCK7ZH5P,B0DCK7ZH5P,"NexLev Mattress, Sofa, Carpet & Car Seat Vacuum Cleaner|For Dust Mites Allergens & Pet Hair|Cordless Design|1500*3 mAh |UV Sterilization, Double Beat Technology|Type C| HEPA captures 99.99% Dust|MR-02",5755.0,99.0,0.0494,0.0468,6777.0,124.0,0.0448,0.0438,0.3523,0.3968,13,0.0,0.0023,0.0,37192.372881355936,0.0,13.0,0.0,0,13,Nexlev,14882.34,1244.0,115756.0,29476.02,11.0,SP_SD,0.5048965226648645,1.980603856651575,,1352.94,,,Nexlev,Home & Kitchen,Cleaning & Vacumming,Mite Remover,,MR-02,13
FBA79573,EA-02,B0DKK15YNJ,B0DKK15YNJ,NexLev Oil Applicator Comb|Red Led Light Therapy |Boost Hair Growth| Reduce Dandruff | Relieve Stress |High Vibration Corded Electric Scalp/Head Massager | 6 ML Oil Tank | 2 Hr Run-Time| Type-C|EA-02,614.0,27.0,0.0053,0.0128,836.0,31.0,0.0055,0.0109,0.4903,0.6842,8,0.0,0.013,0.0,13552.542372881357,0.0,8.0,0.0,0,13,Nexlev,6211.34,427.0,34712.0,8373.34,5.0,SP_SD,0.7417995686309167,1.348073040599935,,1242.268,,,Nexlev,HPC,Hair Care,Hair Oil Applicator,,EA-02,8
FBA79493,V-03,B0DQCWRG3H,B0DQCWRG3H,NexLev Ionic 3 in 1 Hot Air Brush|1.5 Inch Barrel |Volumizer Blow Dryer & Styler|Ceramic Tourmaline Coated for Heat Protection|1200W|Dual Bristle for Tangle Free Styling|Salon Like Styles at Home|V-03,1954.0,14.0,0.0168,0.0066,2908.0,21.0,0.0192,0.0074,0.128,0.0,5,0.0,0.0026,0.0,8855.932203389832,0.0,5.0,0.0,0,13,Nexlev,15919.99,1226.0,144874.0,32594.91,19.0,SP_SD,0.4884195108990943,2.0474202559172463,,837.8942105263158,,,Nexlev,HPC,Hair Care,Volumizer,,V-03,5
FBA79819,LR-03,B0FT8R24QM,B0FT8R24QM,"NexLev Portable Cordless Lint Remover | for Woollen, Sweaters, Jackets, Carpets | Fabric Brush | Rue & Burr Remover | Battery Powered Shaver | SS Blade | Safety Lock | LR-03",162.0,4.0,0.0014,0.0019,217.0,4.0,0.0014,0.0014,0.6237,1.0,5,0.0,0.0309,0.0,1142.3728813559323,0.0,5.0,0.0,0,13,Nexlev,452.38,30.0,3027.0,285.59,1.0,SP_SD,1.5840190482860046,0.6313055395906096,,452.38,,,Nexlev,Home & Kitchen,Fabric Care,Lint Remover,,LR-03,5
FBA79263,MR-01,B0CYSLCRQS,B0CYSLCRQS,"NexLev Mattress, Sofa & Carpet Vacuum Cleaner | For Dust Mites, Allergens & Pet Hair | 4 Step Cleansing with Double Beat, UV Light, Dehumidification & Vacuum | HEPA captures 99.99% Dust|MR-01",35492.0,399.0,0.3049,0.1886,43569.0,510.0,0.2881,0.18,0.0182,0.0259,4,0.0,0.0001,0.0,9827.118644067798,0.0,4.0,0.0,0,13,Nexlev,19793.49,1417.0,133194.0,51724.36,25.0,SP_SD,0.3826724970594126,2.613200602824464,,791.7395999999999,,,Nexlev,Home & Kitchen,Cleaning & Vacumming,Mite Remover,,MR-01,4
FBA79406,HSB-04,B0DCK3N2JJ,B0DCK3N2JJ,"NexLev Ionic Cordless Hair Straightener Brush | 60min Runtime | upto 200° Heating | Portable & Type C Rechargeable | Keratin Bristles |Straight, Frizz Free & Shiny Hair | Compact Comb Design | HSB-04",2372.0,9.0,0.0204,0.0043,3090.0,13.0,0.0204,0.0046,0.0862,0.1429,4,0.0,0.0017,0.0,6861.016949152543,0.0,4.0,0.0,0,13,Nexlev,9952.86,479.0,70395.0,11097.46,5.0,SP_SD,0.8968592813130213,1.11500211999365,,1990.572,,,Nexlev,HPC,Hair Care,Hair Straightener Brush - Cordless,,HSB-04,4
FBA79489,KE-02,B0DFD123P5,B0DFD123P5,"Nexlev MultiPurpose Electric Food Kettle|1.5 L Ceramic Pot | 600W| Boil, Steam, Fry, Saute| Double Layered Body| 2 Temperature Settings| Multi Cooker for Water, Egg, Tea, Soup, Noodles, Rice| KE-02",3963.0,66.0,0.034,0.0312,5574.0,96.0,0.0369,0.0339,0.09,0.0,4,0.0,0.001,0.0,6267.796610169492,0.0,4.0,0.0,0,13,Nexlev,21368.88,2682.0,367382.0,57133.02,35.0,SP_SD,0.3740197875064192,2.673655334299224,,610.5394285714286,,,Nexlev,Home & Kitchen,Kitchen Appliances,Electric Multi Kettles,,KE-02,4
FBA79652,SC-05,B0F43P6D23,B0F43P6D23,NexLev Steam Cleaner | Complete Home Kitchen Floor Bathroom Car & Office Cleaning machine | 9 Accessories | 450 ML | Window Pane Sink Grime Chimney Grease Water Stain Cleaner| 4 M Cord |1050W |SC-05,5232.0,114.0,0.045,0.0539,6959.0,159.0,0.046,0.0561,0.0418,0.0161,4,0.0,0.0008,0.0,10023.728813559324,0.0,4.0,0.0,0,13,Nexlev,32078.07,1519.0,113350.0,69080.51000000001,27.0,SP_SD,0.4643577472140839,2.153512041092248,,1188.0766666666666,,,Nexlev,Home & Kitchen,Cleaning & Vacumming,Steam cleaner,,SC-05,4
FBA79265,CR-01,B0D2LHNS9B,B0D2LHNS9B,"NexLev Foot Callus Remover | Electric Scrubber & Shaver for Dead, Hard & Cracked Skin | Professional Pedicure at Home | Waterproof | Type C | 3 Crystal Quartz Heads | For Men and Women| CR-01",182.0,3.0,0.0016,0.0014,248.0,4.0,0.0016,0.0014,0.4813,0.0,3,0.0,0.0165,0.0,1167.7966101694915,0.0,3.0,0.0,0,13,Nexlev,2997.89,127.0,15178.0,4908.49,9.0,SP_SD,0.6107560573618364,1.6373149114877463,,333.0988888888889,,,Nexlev,HPC,Skin Care,Callus Remover,,CR-01,3
FBA79405,HSB-03,B0D9KFP4MG,B0D9KFP4MG,NexLev Ionic Hair Straightener Brush for Woman|Frizz-Free Straightening upto 12H| Ceramic Plates |60mm Wide Brush |130-210° |Keratin Bristles| Thermo Protect Technology|No Scalp Burn|1500W|HSB-03,2421.0,6.0,0.0208,0.0028,2980.0,8.0,0.0197,0.0028,0.5842,0.0,3,0.0,0.0012,0.0,4929.661016949153,0.0,3.0,0.0,0,13,Nexlev,4976.96,304.0,86206.0,8155.07,5.0,SP_SD,0.6102902856750464,1.6385645052401463,,995.392,,,Nexlev,HPC,Hair Care,Hair Straightener Brush - Corded,,HSB-03,3
FBA79350,EA-01,B0D67727VG,B0D67727VG,NexLev LED Therapy Oil Applicator | Reduce Dandruff | Improve Hair Growth | EMS for Scalp Improvement | Red & Blue Light | High Frequency Massage for Better Absorption | 10 ML | Waterproof | EA-01,653.0,17.0,0.0056,0.008,916.0,31.0,0.0061,0.0109,0.2176,0.0,2,0.0,0.0031,0.0,1900.0,0.0,2.0,0.0,0,13,Nexlev,1919.95,118.0,7753.0,4017.13,3.0,SP_SD,0.4779407188714331,2.0923096955649885,,639.9833333333333,,,Nexlev,HPC,Hair Care,Hair Oil Applicator,,EA-01,2
FBA79349,SW-01,B0D9KDQCCM,B0D9KDQCCM,Nexlev Portable Sewing Machine| 2 Speed Settings| Cordless| Battery operated| USB Type C cord for Plug-in| Quick Fix DIY|Portable & Compact| for all Fabrics| 1 Year Warranty| White,592.0,14.0,0.0051,0.0066,839.0,18.0,0.0055,0.0064,0.0697,0.0,2,0.0,0.0034,0.0,1727.1186440677966,0.0,2.0,0.0,0,13,Nexlev,2.56,2.0,8.0,0.0,0.0,SP_SD,,0.0,,,,,Nexlev,Home & Kitchen,Fabric Care,Mini Sewing Machine,,SW-01,2
FBA79590,CFM-01,B0DM6BB3VT,B0DM6BB3VT,nexlev Calf Massager | Daily Use Leg Massager for Sore Muscle |1 Piece | Hand Like Massage with Air Compression | Improve Blood Circulation & Relieve Pain | 2500 mAh | Large Belt | Type C |CFM-01,2681.0,48.0,0.023,0.0227,3356.0,59.0,0.0222,0.0208,0.159,0.0,2,0.0,0.0007,0.0,4838.983050847458,0.0,2.0,0.0,0,13,Nexlev,16093.52,865.0,103419.0,36267.84,13.0,SP_SD,0.4437407907391231,2.2535678956499265,,1237.9630769230769,,,Nexlev,HPC,Electric Massagers,Calf Massager,,CFM-01,2
FBA79679,ST-01,B0DVC7VJP1,B0DVC7VJP1,"NexLev Stand Mixer | 5.5L SS Bowl | 1500W |10 Speeds | Pulse Function |Planetary Rotation | Whisk, Beater & Dough Hook |100% Copper Motor | For Roti Atta, Cookie Dough, Cake, Whip Cream & more | ST-01",1943.0,26.0,0.0167,0.0123,2593.0,29.0,0.0171,0.0102,0.0884,0.0,2,0.0,0.001,0.0,9744.06779661017,0.0,2.0,0.0,0,13,Nexlev,11654.28,730.0,133149.0,24360.16,5.0,SP_SD,0.4784155769091829,2.0902329444633216,,2330.856,,,Nexlev,Home & Kitchen,Kitchen Appliances,Stand Mixer,,ST-01,2
FBA79673,ETC-07-WH,B0FJG5PFGQ,B0FJG5PFGQ,Nexlev Rechargeable Electric Toothbrush| 120 Days Life | 35K strokes/min| Type C| 6 Modes for Daily Use| 2 Min timer with 30sec Quadpacer | 4 Brushheads| IPX7 Waterproof| For Men & Women | ETC-07 White,184.0,12.0,0.0016,0.0057,249.0,14.0,0.0016,0.0049,0.2197,0.0909,2,0.0,0.0109,0.0,1294.9152542372883,0.0,2.0,0.0,0,13,Nexlev,1205.47,47.0,9197.0,1196.62,2.0,SP_SD,1.0073958315923184,0.9926584651629654,,602.735,,,Nexlev,HPC,Oral Care,Electric Toothbrush,,ETC-07-WH,2
FBA79440,LE-02,B0DCGHKRXX,B0DCGHKRXX,NexLev LED Phototherapy comb | Electric Scalp Massager | Red Light for Regrowth | Blue Light for Anti Dandruff | Hairfall Control | Rechargeable TypeC | Targeted Laser Treatment Machine |3 Modes |LE-02,304.0,6.0,0.0026,0.0028,390.0,6.0,0.0026,0.0021,0.3314,0.0,1,0.0,0.0033,0.0,1694.0677966101696,0.0,1.0,0.0,0,13,Nexlev,1632.74,118.0,21828.0,1694.07,1.0,SP_SD,0.963797245686424,1.03756262479023,,1632.74,,,Nexlev,HPC,Hair Care,Hair Therapy Comb,,LE-02,1
FBA79488,KE-01,B0DFCG2VGS,B0DFCG2VGS,"Nexlev Multi Purpose Electric Food Kettle|1.8L Stainless Steel Pot| 600W|Boil, Steam, Fry, Saute| Double Layered Body|2 Heat Settings|Multi Function for Water, Milk, Egg, Soup, Noodles|KE-01",2653.0,51.0,0.0228,0.0241,3821.0,63.0,0.0253,0.0222,0.016,0.0,1,0.0,0.0004,0.0,1821.1864406779664,0.0,1.0,0.0,0,13,Nexlev,11879.68,1324.0,184620.0,43580.54,26.0,SP_SD,0.2725913905610164,3.668494437560608,,456.9107692307692,,,Nexlev,Home & Kitchen,Kitchen Appliances,Electric Multi Kettles,,KE-01,1
FBA79467,TM-01,B0DK9LYT4P,B0DK9LYT4P,NexLev Beard Trimmer| 90min Run Time| 40 Length Settings| 0.5mm Precision| Washable Stainless Steel Blades| Copper Motor| USB Type-C| IPX7 Waterproof| Travel Lock| 2 Beard Comb| 1 Year Warranty |TM-01,19.0,0.0,0.0002,0.0,22.0,0.0,0.0001,0.0,0.1364,0.0,1,0.0,0.0526,0.0,659.3220338983051,0.0,1.0,0.0,0,13,Nexlev,0.0,0.0,0.0,0.0,0.0,,,,,,,,Nexlev,HPC,Trimmers & Body Groomers,Men's Beard Trimmer,,TM-01,1
FBA79566,VC-05,B0DKJSCLBD,B0DKJSCLBD,"nexlev Cordless Wet & Dry Vacuum Cleaner|For Home Car & Office Use|3 Attachments | 4000 mAh Battery|Quick Cleaning of Desk, Coffee tea or Water Spill | Compact & Portable | VC-05",1178.0,5.0,0.0101,0.0024,1483.0,9.0,0.0098,0.0032,0.2145,0.0,1,0.0,0.0008,0.0,1778.813559322034,0.0,1.0,0.0,0,13,Nexlev,645.93,39.0,12414.0,0.0,0.0,SP_SD,,0.0,,,,,Nexlev,Home & Kitchen,Cleaning & Vacumming,Vacuum Cleaner,,VC-05,1
FBA79682,HU-02,B0DVC8NYY2,B0DVC8NYY2,"NexLev Cool Mist Humidifier | 2.2L| For Office, Indoor Plants, Baby Nursery | Quiet Operation | Works 30Hrs on Low Setting | 360° Nozzle | Auto Shut-Off | Adjustable Knob | Leak Proof | HU-02",258.0,6.0,0.0022,0.0028,363.0,8.0,0.0024,0.0028,0.1698,0.0,1,0.0,0.0039,0.0,1524.5762711864409,0.0,1.0,0.0,0,13,Nexlev,4818.07,165.0,35472.0,1524.58,1.0,SP_SD,3.1602605307691296,0.3164296077059901,,4818.07,,,Nexlev,Home & Kitchen,Air Purifier,Humidifier White,,HU-02,1
FBA79811,MC-01,B0FSF1N457,B0FSF1N457,NexLev Mini Electric Chopper | 3D Stainless Steel Blade | Food Grade Bowl | For Mincing Garlic Ginger Onion Vegetable Meat Nuts | 250 ml | One Touch Operation | MC-01,1069.0,24.0,0.0092,0.0113,1338.0,27.0,0.0088,0.0095,0.1636,0.0,1,0.0,0.0009,0.0,473.7288135593221,0.0,1.0,0.0,0,13,Nexlev,58.370000000000005,7.0,624.0,0.0,0.0,SP_SD,,0.0,,,,,Nexlev,Home & Kitchen,Kitchen Appliances,Electric Mini Chopper,,MC-01,1
FBA78981,SC-01,B0CDPP45BM,B0CDPP45BM,"NexLev Steam Cleaner | For Complete Home Kitchen Bathroom Car Sofa & Office Cleaning Machine | 9 Accessories |300 ML | Window Pane, Sink, Chimney Grease, Water Stain Cleaner| 4 Mtr Cord | 1000W |SC-01",6836.0,129.0,0.0587,0.061,8941.0,182.0,0.0591,0.0642,0.0048,0.0,0,0.0,0.0,0.0,0.0,0.0,0.0,0.0,0,13,Nexlev,27939.07653,1320.0,131618.0,58433.07,22.0,SP_SD,0.4781380908105632,2.09144600528427,,1269.958024090909,,,Nexlev,Home & Kitchen,Cleaning & Vacumming,Steam cleaner,,SC-01,0
FBA78996,NP-03,B0CDQ6G4TC,B0CDQ6G4TC,"nexlev Travel Neck Pillow | Orthopedic Premium Memory Foam | for Airplane, Car, Train, Office use & Cervical Pain | Machine Washable | 360 Support | Carry Pouch for Storage | NP-03",3.0,0.0,0.0,0.0,6.0,0.0,0.0,0.0,0.0,0.0,0,0.0,0.0,0.0,0.0,0.0,0.0,0.0,0,13,Nexlev,0.0,0.0,0.0,0.0,0.0,,,,,,,,Nexlev,Home & Kitchen,Travel Accessories,Travel Pillow,,NP-03,0
FBA78994,NP-01,B0CDQ98FDM,B0CDQ98FDM,"nexlev Travel Neck Pillow | Orthopedic Premium Memory Foam | for Airplane, Car, Train, Office use & Cervical Pain | Machine Washable | 360 Support | Carry Pouch for Storage | NP-01",4.0,0.0,0.0,0.0,6.0,0.0,0.0,0.0,1.0,0.0,0,0.0,0.0,0.0,0.0,0.0,0.0,0.0,0,13,Nexlev,0.0,0.0,0.0,0.0,0.0,,,,,,,,Nexlev,Home & Kitchen,Travel Accessories,Travel Pillow,,NP-01,0
FBA79229,GS-04,B0CQX9ZZMH,B0CQX9ZZMH,NexLev Handheld Garment Steamer |1800 Watts | 25 g/min | 300 ML | Vertical & Horizontal Ironing for Silk Velvet & | Damage Free Steam for all Cloth Types | 25sec quick heat | 3 Brushes | GS-04,31.0,0.0,0.0003,0.0,40.0,0.0,0.0003,0.0,0.6364,0.0,0,0.0,0.0,0.0,0.0,0.0,0.0,0.0,0,13,Nexlev,0.0,0.0,0.0,0.0,0.0,,,,,,,,Nexlev,Home & Kitchen,Fabric Care,Garment steamer,,GS-04,0
FBA79346,ETC-04-WH,B0D25LNDSY,B0D25LNDSY,Nexlev Rechargeable Electric Toothbrush| 120 Days Life | 35K strokes/min| Type C| 5 Modes for Daily Use| 2 Min timer with 30sec Quadpacer | 4 Brushheads| IPX7 Waterproof| For Men & Women | ETC-04 White,35.0,1.0,0.0003,0.0005,50.0,1.0,0.0003,0.0004,0.6591,0.0,0,0.0,0.0,0.0,0.0,0.0,0.0,0.0,0,13,Nexlev,24.98,3.0,875.0,0.0,0.0,SP_SD,,0.0,,,,,Nexlev,HPC,Oral Care,Electric Toothbrush,,ETC-04-WH,0
FBA79272,HS-01,B0D2LFMY48,B0D2LFMY48,"Nexlev Hair Styling Straightener & Curler| 2 in 1 Hair Styler| 200°C in 30 Seconds| Long Ceramic Floating Plates| Rounded Body for Curls| Plate Lock| Portable HS-01, Hair Straightener Tong - Black",37.0,0.0,0.0003,0.0,49.0,0.0,0.0003,0.0,0.1395,0.0,0,0.0,0.0,0.0,0.0,0.0,0.0,0.0,0,13,Nexlev,0.0,0.0,0.0,0.0,0.0,,,,,,,,Nexlev,HPC,Hair Care,Hair Straightener,,HS-01,0
FBA79276,SM-01,B0D2LJSQXZ,B0D2LJSQXZ,NexLev Steam Mop | Chemical Free Mopping | Floor Cleaning + Carpet Steaming | 4 Extra Mop Pads | 400 ML | 1300W | Floor Disinfectant | For All Floor Types | 4mtr long Cord | Wet & Dry Mopping | SM-01,992.0,19.0,0.0085,0.009,1367.0,31.0,0.009,0.0109,0.0009,0.0,0,0.0,0.0,0.0,0.0,0.0,0.0,0.0,0,13,Nexlev,2694.37,173.0,26522.0,6744.07,2.0,SP_SD,0.3995169089288812,2.5030229701191744,,1347.185,,,Nexlev,Home & Kitchen,Cleaning & Vacumming,Steam Mop,,SM-01,0
FBA79373,ET-01-BK_N,B0D2P5TGWK,B0D2P5TGWK,"NexLev Smart Electric Toothbrush for Adults |2-Min Timer with Quadpacer |2 Replaceable Heads | AAA Battery |3 Modes (Daily, Normal & Sesitive) |Upto 60 Days | Travel Case | Soft Bristles |ET-01 Black",197.0,4.0,0.0017,0.0019,267.0,5.0,0.0018,0.0018,0.0041,0.0,0,0.0,0.0,0.0,0.0,0.0,0.0,0.0,0,13,Nexlev,395.65,41.0,8577.0,726.27,3.0,SP_SD,0.5447698514326628,1.8356375584481237,,131.88333333333333,,,Nexlev,HPC,Oral Care,Electric Toothbrush,,ET-01-BK_N,0
FBA79374,ET-02-GN_N,B0D2P7WLJB,B0D2P7WLJB,"NexLev Smart Electric Toothbrush for Adults |2-Min Timer with Quadpacer |2 Replaceable Heads | AAA Battery |3 Modes (Daily, Normal & Sesitive) |Upto 60 Days | Travel Case | Soft Bristles |ET-02 Green",249.0,1.0,0.0021,0.0005,323.0,1.0,0.0021,0.0004,0.1938,0.0,0,0.0,0.0,0.0,0.0,0.0,0.0,0.0,0,13,Nexlev,341.14000000000004,29.0,2800.0,0.0,0.0,SP_SD,,0.0,,,,,Nexlev,HPC,Oral Care,Electric Toothbrush,,ET-02-GN_N,0
FBA79268,GS-05,B0D383WQPB,B0D383WQPB,NexLev Foldable Garment Steamer for Home & Travel | Convenient Vertical Steaming | 1200W | 120 ml | Lightweight & Compact | 30s Fast Heating | Iron for all Cloth Types | 2 M cord | Anti Spill | GS-05,1047.0,37.0,0.009,0.0175,1424.0,47.0,0.0094,0.0166,0.0827,0.0,0,0.0,0.0,0.0,0.0,0.0,0.0,0.0,0,13,Nexlev,15602.72,664.0,255034.0,26596.6,16.0,SP_SD,0.5866434055480776,1.7046130418286043,,975.17,,,Nexlev,Home & Kitchen,Fabric Care,Garment steamer,,GS-05,0
FBA79332,HM-01,B0D63FKYZ5,B0D63FKYZ5,NexLev Scalp Massager for Stress Relief | Head Massager for Hair Growth | 96 Tangle Free Silicone Kneading Nodes | Hand Like Massage | 120 Min Runtime | Type C | Washable Heads | 3 Modes | HM-01,64.0,0.0,0.0005,0.0,84.0,0.0,0.0006,0.0,0.0,0.0,0,0.0,0.0,0.0,0.0,0.0,0.0,0.0,0,13,Nexlev,0.0,0.0,0.0,0.0,0.0,,,,,,,,Nexlev,HPC,Hair Care,Head Massager,,HM-01,0
FBA79277,SC-03,B0D672NXC8,B0D672NXC8,"Nexlev SWIPE Steam Cleaner | 3.5 Bar Strong Steam|Multipurpose Steam Cleaner for Car, Kitchen, Bathroom, Floor, Window, Glass, Upholstery| 8 Accessories Kit|Safety Lock| Large 700ML Water Tank | SC-03",667.0,22.0,0.0057,0.0104,914.0,29.0,0.006,0.0102,0.0,0.0,0,0.0,0.0,0.0,0.0,0.0,0.0,0.0,0,13,Nexlev,146.88,10.0,1565.0,5930.51,1.0,SP_SD,0.0247668413003266,40.37656590413943,,146.88,,,Nexlev,Home & Kitchen,Cleaning & Vacumming,Steam cleaner,,SC-03,0
FBA79271,V-01,B0D83Q7L8W,B0D83Q7L8W,"NexLev Ionic Hot Air Brush | 3 in 1 Blow Dryer, Straightener & Styler | 360° Airflow Vents | Ceramic Tourmaline Coated Brushing Head | Tangle Free Bristle | 1200W | 3 Speed & 2 Heat Settings|V-01",1415.0,1.0,0.0122,0.0005,1637.0,1.0,0.0108,0.0004,0.0006,0.0,0,0.0,0.0,0.0,0.0,0.0,0.0,0.0,0,13,Nexlev,896.29,18.0,4095.0,0.0,0.0,SP_SD,,0.0,,,,,Nexlev,HPC,Hair Care,Volumizer,,V-01,0
FBA79279,LR-01,B0D8445KJN,B0D8445KJN,"NexLev Rechargeable Lint Remover | for Woollen Sweaters Pill, Rue & Burr Remover | 60min Use Time | Type C |Defuzzer | Lint Brush for Coat | 2 Modes | SS Blade | Safety Lock | LR-01",106.0,2.0,0.0009,0.0009,131.0,2.0,0.0009,0.0007,0.0085,0.0,0,0.0,0.0,0.0,0.0,0.0,0.0,0.0,0,13,Nexlev,200.06,14.0,5269.0,727.96,1.0,SP_SD,0.2748227924611242,3.638708387483755,,200.06,,,Nexlev,Home & Kitchen,Fabric Care,Lint Remover,,LR-01,0
FBA79280,LR-02,B0D845B2DG,B0D845B2DG,NexLev Rechargeable Lint Remover | for Woollen Sweaters Shirts Coat Curtains & Carpets | Rue & Burr Remover | 180 Min Use | TypeC | SS Blade | 2000mAh | 3 Speed Modes | Safety Lock | LR-02,507.0,18.0,0.0044,0.0085,701.0,24.0,0.0046,0.0085,0.0017,0.0,0,0.0,0.0,0.0,0.0,0.0,0.0,0.0,0,13,Nexlev,6515.9,314.0,70351.0,23879.68,21.0,SP_SD,0.272863790469554,3.664832179744932,,310.2809523809524,,,Nexlev,Home & Kitchen,Fabric Care,Lint Remover,,LR-02,0
FBA79443,LE-03,B0D9KFQG8Q,B0D9KFQG8Q,"Nexlev Skin Scrubber |Red & Blue LED Therapy| Blackhead Remover| Pore Cleaner| Skin Lifting & tightening, wrinkle remover| 2 Silicone Cleaning Heads| Facial Cleansing|Type C Charging| Elixir Pro LE-03",73.0,3.0,0.0006,0.0014,77.0,4.0,0.0005,0.0014,0.0,0.0,0,0.0,0.0,0.0,0.0,0.0,0.0,0.0,0,13,Nexlev,36.83,3.0,463.0,0.0,0.0,SP_SD,,0.0,,,,,Nexlev,HPC,Skin Care,LED Face & Skin Care Massager,,LE-03,0
FBA79404,FS-01,B0D9KFZYG8,B0D9KFZYG8,"NexLev Steamer For Cold & Cough| Face Steam,Inhaler & Vaporizer | Perfect for Facial & Aromatherapy | Nano Ionic Steam | Uv Sterilization | Aroma Diffuser|30 Sec Heating|Avoid Burns & Spillage | FS-01",191.0,3.0,0.0016,0.0014,260.0,3.0,0.0017,0.0011,0.0276,0.0,0,0.0,0.0,0.0,0.0,0.0,0.0,0.0,0,13,Nexlev,1093.02,79.0,31450.0,0.0,0.0,SP_SD,,0.0,,,,,Nexlev,HPC,Skin Care,Face Steamer,,FS-01,0
FBA79452,VC-01,B0DCGHVN81,B0DCGHVN81,NexLev 2 in 1 Handheld & Stick Vacuum Cleaner | 17500 PA Suction | Dry Vacuuming for Home & Office | Washable HEPA Filter | 4 Adjustable Heads | Bagless| Deep Cleaning for Sofa Bed Window & more|VC-01,574.0,6.0,0.0049,0.0028,809.0,9.0,0.0053,0.0032,0.0229,0.0,0,0.0,0.0,0.0,0.0,0.0,0.0,0.0,0,13,Nexlev,2512.74,227.0,55734.0,3557.63,2.0,SP_SD,0.7062960454010114,1.4158368951821516,,1256.37,,,Nexlev,Home & Kitchen,Cleaning & Vacumming,Vacuum Cleaner,,VC-01,0
FBA79469,LE-04,B0DCK4DR1B,B0DCK4DR1B,Nexlev Skin Lift Device | 7 Color LED | Face & Neck Skin Lifting| 3 Massage Modes| Face Sculpting Tool |Micro-currents to reduce Wrinkles| Hot Compress | Rechargeable| Type-C| 180 Min Use| Glow+ LE-04,109.0,5.0,0.0009,0.0024,135.0,7.0,0.0009,0.0025,0.1282,0.0,0,0.0,0.0,0.0,0.0,0.0,0.0,0.0,0,13,Nexlev,1092.75,67.0,12283.0,6427.98,5.0,SP_SD,0.1699989732388713,5.88238846945779,,218.55,,,Nexlev,HPC,Skin Care,Skin Lift Device,,LE-04,0
FBA79463,VC-02,B0DCK56Q85,B0DCK56Q85,"NexLev Cordless Vacuum Cleaner|HEPA with Stainless Steel Cover|6000 mAh|Copper Motor| Rechargeable Type C|Ideal for Home, Office & Car Use|Compact & Portable|Dust & Pet Hair Remover|3 Attachment|VC-02",126.0,2.0,0.0011,0.0009,156.0,2.0,0.001,0.0007,0.1597,0.0,0,0.0,0.0,0.0,0.0,0.0,0.0,0.0,0,13,Nexlev,76.58,8.0,2789.0,0.0,0.0,SP_SD,,0.0,,,,,Nexlev,Home & Kitchen,Cleaning & Vacumming,Vacuum Cleaner,,VC-02,0
FBA79480,VC-03,B0DDC3GVZW,B0DDC3GVZW,nexlev Cordless Electric Car Vacuum Cleaner VacuSafe| Seat-Belt Cutter| Window Breaker Hammer| LED Torch|4000 mAh| High Power Suction | Copper motor| Type-C Emergency Car Escape Tool| Portable| VC-03,72.0,3.0,0.0006,0.0014,85.0,3.0,0.0006,0.0011,0.1268,0.0,0,0.0,0.0,0.0,0.0,0.0,0.0,0.0,0,13,Nexlev,0.0,0.0,0.0,0.0,0.0,,,,,,,,Nexlev,Home & Kitchen,Cleaning & Vacumming,Vacuum Cleaner,,VC-03,0
FBA79464,CM-01-BL,B0DFCDKMWR,B0DFCDKMWR,nexlev Cordless Electric Heating Pad| Period Cramp & Back Pain Relief Massager | 9 modes| Menstrual Cramp Relief|Type C| Crampfree Periods | Portable | Gift for Women| Strap upto 40 Inch |Blue CM-01,5.0,1.0,0.0,0.0005,16.0,1.0,0.0001,0.0004,0.0833,0.0,0,0.0,0.0,0.0,0.0,0.0,0.0,0.0,0,13,Nexlev,0.0,0.0,0.0,0.0,0.0,SP_SD,,,,,,,Nexlev,HPC,Electric Massagers,Electric Heating Pads,,CM-01-BL,0
FBA79472,CM-02-PR,B0DFCDZWND,B0DFCDZWND,NexLev Cordless Electric Heating Pad| Period Cramp & Back Pain Relief Massager | 9 modes| Menstrual Cramp Relief|Type C| Crampfree Periods | Portable | Gift for Women| Strap upto 40 Inch |Purple CM-02,159.0,6.0,0.0014,0.0028,217.0,6.0,0.0014,0.0021,0.0256,0.0,0,0.0,0.0,0.0,0.0,0.0,0.0,0.0,0,13,Nexlev,1334.52,79.0,17378.0,1284.76,1.0,SP_SD,1.0387309692082567,0.962713185265114,,1334.52,,,Nexlev,HPC,Electric Massagers,Electric Heating Pads,,CM-02-PR,0
FBA79466,TI-01,B0DFM4JZV9,B0DFM4JZV9,"Nexlev Tyre Inflator for Car | Touch Control |150 PSI |12V DC| 4 Nozzles | Digital Tyre Pressure Gauge| Carry Bag | Suitable for Bike, Bicycle or Any Inflatable | Emergency LED Light | TI-01",10.0,1.0,0.0001,0.0005,13.0,3.0,0.0001,0.0011,0.0909,0.0,0,0.0,0.0,0.0,0.0,0.0,0.0,0.0,0,13,Nexlev,0.0,0.0,0.0,0.0,0.0,,,,,,,,Nexlev,Home & Kitchen,Car Accessories,Tyre Inflators - Corded,,TI-01,0
FBA79481,TM-02,B0DFMRG2K4,B0DFMRG2K4,"NexLev All in One Body Trimmer for Men | Suitable for Beard, Body, Balls, Pubic Hair, Private Parts | 90 Min Runtime |Type C | IPX 7 Waterproof | No Nicks No Cuts | 2 Safety Combs| Extra Blade | TM-02",616.0,0.0,0.0053,0.0,718.0,0.0,0.0047,0.0,0.048,0.0,0,0.0,0.0,0.0,0.0,0.0,0.0,0.0,0,13,Nexlev,0.0,0.0,0.0,0.0,0.0,,,,,,,,Nexlev,HPC,Trimmers & Body Groomers,Intimate Trimmer,,TM-02,0
FBA79473,TI-02,B0DJFH6RTL,B0DJFH6RTL,"NexLev Portable Tyre Inflator for Car, Bike, Cycle|150 PSI Pressure| 120 Watt Air Pump|12V Car Plug| Digital Display| Auto Shut-Off| Emergency LED Light| 3m Cord| 3 Air Nozzles| Compact| AER TI-02",61.0,1.0,0.0005,0.0005,67.0,1.0,0.0004,0.0004,1.0,1.0,0,0.0,0.0,0.0,0.0,0.0,0.0,0.0,0,13,Nexlev,0.0,0.0,0.0,0.0,0.0,,,,,,,,Nexlev,Home & Kitchen,Car Accessories,Tyre Inflators - Corded,,TI-02,0
FBA79483,TM-03,B0DK9NRBWJ,B0DK9NRBWJ,NexLev Intimate Trimmer for Men|Ceramic Blade|120 Min Runtime|Type C Charge | IPX7 Waterproof | 7000RPM Copper Motor| Cordless|LED Light| Travel Lock| Wet/Dry Groin & Body Shaver | Intimate Pro TM-03,26.0,0.0,0.0002,0.0,33.0,0.0,0.0002,0.0,0.0,0.0,0,0.0,0.0,0.0,0.0,0.0,0.0,0.0,0,13,Nexlev,0.0,0.0,0.0,0.0,0.0,,,,,,,,Nexlev,HPC,Trimmers & Body Groomers,Men's Body Trimmer,,TM-03,0
FBA79570,BR-01,B0DKJXRXKM,B0DKJXRXKM,NexLev Blackhead & Whitehead Remover Tool | Rechargeable |1Hr Use| Acne & Pimple Pore Cleaner | 6 Heads | Electric Derma Suction Machine | Hydra Facial Cleanser Device for Face |For Men & Women |BR-01,690.0,12.0,0.0059,0.0057,977.0,15.0,0.0065,0.0053,0.0023,0.0,0,0.0,0.0,0.0,0.0,0.0,0.0,0.0,0,13,Nexlev,2010.29,136.0,14289.0,6771.2,5.0,SP_SD,0.2968882915879017,3.368270249565983,,402.058,,,Nexlev,HPC,Skin Care,Blackhead Remover,,BR-01,0
FBA79565,VC-04,B0DKJZDY72,B0DKJZDY72,nexlev Cordless Vacuum Cleaner & Blower |BLDC Copper Motor |HEPA with Stainless Steel Cover | for Home Office & Car Cleaning|4 Attachments | Blower for Dust & Inflatables | Portable & Compact | VC-04,52.0,0.0,0.0004,0.0,63.0,0.0,0.0004,0.0,0.1404,0.0,0,0.0,0.0,0.0,0.0,0.0,0.0,0.0,0,13,Nexlev,0.0,0.0,0.0,0.0,0.0,,,,,,,,Nexlev,Home & Kitchen,Cleaning & Vacumming,Vacuum Cleaner,,VC-04,0
FBA79567,SC-04,B0DNJS23HS,B0DNJS23HS,NexLev 10 in 1 Steam Cleaner & Mop|2 Steam Modes| Mopping & Deep Cleaning Home Car Sofa Bathroom Kitchen & Office |For All Surfaces|350ML|Chemical Free Cleaning | Detachable & Foldable|SC-04,6752.0,69.0,0.058,0.0326,8627.0,105.0,0.057,0.0371,0.0042,0.0,0,0.0,0.0,0.0,0.0,0.0,0.0,0.0,0,13,Nexlev,24811.76,1270.0,134037.0,73299.17,18.0,SP_SD,0.3384998766016041,2.954210825834201,,1378.431111111111,,,Nexlev,Home & Kitchen,Cleaning & Vacumming,Steam cleaner,,SC-04,0
FBA79692,AP-03,B0DVC58QPZ,B0DVC58QPZ,NexLev Smart Air Purifier | Home Room & Office Use upto 220 sq ft |True HEPA 13 Filter | Eliminate 99.99% Virus Dust Smoke Odor Pollen Allergens & Pollutants | Long Filter Life |3 Year Warranty |AP220,1970.0,15.0,0.0169,0.0071,2604.0,21.0,0.0172,0.0074,0.0016,0.0,0,0.0,0.0,0.0,0.0,0.0,0.0,0.0,0,13,Nexlev,3812.89,168.0,105035.0,9658.47,3.0,SP_SD,0.3947716356731449,2.5331100556270965,,1270.9633333333334,,,Nexlev,Home & Kitchen,Air Purifier,NexLev Air Purifier Mini,,AP-03,0
FBA79683,AP-01,B0DVC9PRSD,B0DVC9PRSD,NexLev Air Purifier for Living Room | 650 sqft Area |True HEPA 13 with 8500 Hrs Filter Life |Captures 99.99% Virus and PM 2.5 |Smart AQI Indicator |Home & Office Use|App Support|Sleep & Auto Mode| A6,50.0,2.0,0.0004,0.0009,53.0,2.0,0.0004,0.0007,0.3396,0.0,0,0.0,0.0,0.0,0.0,0.0,0.0,0.0,0,13,Nexlev,0.0,0.0,0.0,0.0,0.0,,,,,,,,Nexlev,Home & Kitchen,Air Purifier,Air Purifier,,AP-01,0
FBA79678,NP-07,B0DVCDD5VC,B0DVCDD5VC,"nexlev Travel Neck Pillow | Orthopedic Premium Memory Foam | for Airplane, Car, Train, Office use & Cervical Pain | Machine Washable | 360 Support | Carry Pouch for Storage | NP-07",6.0,0.0,0.0001,0.0,9.0,0.0,0.0001,0.0,0.0,0.0,0,0.0,0.0,0.0,0.0,0.0,0.0,0.0,0,13,Nexlev,0.0,0.0,0.0,0.0,0.0,,,,,,,,Nexlev,Home & Kitchen,Travel Accessories,Donut Travel Pillow,,NP-07,0
FBA79707,ETC-08-BL,B0FJ1ZB4G9,B0FJ1ZB4G9,Nexlev Rechargeable Electric Toothbrush| 120 Days Life | 35K strokes/min| Type C| 5 Modes for Daily Use| 2 Min timer with 30sec Quadpacer | 4 Brushheads| IPX7 Waterproof| For Men & Women | ETC-08 Blue,44.0,2.0,0.0004,0.0009,59.0,2.0,0.0004,0.0007,0.0,0.0,0,0.0,0.0,0.0,0.0,0.0,0.0,0.0,0,13,Nexlev,25.11,1.0,298.0,0.0,0.0,SP_SD,,0.0,,,,,Nexlev,HPC,Oral Care,Electric Toothbrush,,ETC-08-BL,0
FBA79809,KE-03,B0FJ8SFNRH,B0FJ8SFNRH,"NexLev 1500W Electric Water Kettle | 1.8L | 304 SS - Auto Cut Off | 3x Protection| Instant Boiling, Water, Tea, Coffee, Noodles, Soup | Cool Touch Handle & Lid | 3Mins Rapid Heating | Cordless | KE-03",4.0,0.0,0.0,0.0,6.0,0.0,0.0,0.0,1.0,0.0,0,0.0,0.0,0.0,0.0,0.0,0.0,0.0,0,13,Nexlev,0.0,0.0,0.0,0.0,0.0,SP_SD,,,,,,,Nexlev,Home & Kitchen,Kitchen Appliances,Electric Kettle,,KE-03,0
FBA79812,PB-01,B0FS6TB7CP,B0FS6TB7CP,NexLev Portable Blender for Smoothies Milkshakes Juices Baby Food | High Borosilicate Glass Jar | 3000 mAh Battery | Type C | Mix Fruit Juicer Mini | 450ml | For Kitchen & Travel | PB-01,998.0,15.0,0.0086,0.0071,1406.0,18.0,0.0093,0.0064,0.004,0.0,0,0.0,0.0,0.0,0.0,0.0,0.0,0.0,0,13,Nexlev,2341.55,150.0,25688.0,4066.1,2.0,SP_SD,0.5758712279579941,1.7364993273686236,,1170.775,,,Nexlev,Home & Kitchen,Kitchen Appliances,Portable Blender,,PB-01,0
FBA79349,SW-01,B0D9KDQCCM,B0D9KDQCCM,Nexlev Portable Sewing Machine| 2 Speed Settings| Cordless| Battery operated| USB Type C cord for Plug-in| Quick Fix DIY|Portable & Compact| for all Fabrics| 1 Year Warranty| White,869.0,16.0,0.0053,0.0049,1260.0,24.0,0.0056,0.0052,0.3489,0.2353,6,0.0,0.0069,0.0,5079.661016949153,0.0,6.0,0.0,0,14,Nexlev,0.0,0.0,0.0,0.0,0.0,,,,,,,,Nexlev,Home & Kitchen,Fabric Care,Mini Sewing Machine,,SW-01,6
FBA79677,NP-06,B0DVCBR11D,B0DVCBR11D,"nexlev Travel Neck Pillow | Orthopedic Premium Memory Foam | for Airplane, Car, Train, Office use & Cervical Pain | Machine Washable | 360 Support | Carry Pouch for Storage | NP-06",12.0,0.0,0.0001,0.0,14.0,0.0,0.0001,0.0,0.6667,0.0,0,0.0,0.0,0.0,0.0,0.0,0.0,0.0,0,14,Nexlev,0.0,0.0,0.0,0.0,0.0,,,,,,,,Nexlev,Home & Kitchen,Travel Accessories,Donut Travel Pillow,,NP-06,0
FBA79406,HSB-04,B0DCK3N2JJ,B0DCK3N2JJ,"NexLev Ionic Cordless Hair Straightener Brush | 60min Runtime | upto 200° Heating | Portable & Type C Rechargeable | Keratin Bristles |Straight, Frizz Free & Shiny Hair | Compact Comb Design | HSB-04",4168.0,19.0,0.3528,0.0548,5186.0,22.0,0.3291,0.0479,0.2957,0.8462,5,0.0,0.0012,0.0,8620.338983050848,0.0,5.0,0.0,0,14,Nexlev,8700.0,583.0,79241.0,17769.48,8.0,SP_SD,0.4896035224441007,2.042468965517241,,1087.5,,,Nexlev,HPC,Hair Care,Hair Straightener Brush - Cordless,,HSB-04,5
FBA78981,SC-01,B0CDPP45BM,B0CDPP45BM,"NexLev Steam Cleaner | For Complete Home Kitchen Bathroom Car Sofa & Office Cleaning Machine | 9 Accessories |300 ML | Window Pane, Sink, Chimney Grease, Water Stain Cleaner| 4 Mtr Cord | 1000W |SC-01",8457.0,181.0,0.086,0.1105,11248.0,247.0,0.0896,0.1142,0.9866,1.0,75,4.0,0.0089,0.0221,225342.3898305085,14125.02,75.0,4.0,0,14,Nexlev,51807.06252,2845.0,460114.0,112273.79,37.0,SP_SD,0.4614350555013775,2.167152209347074,,1400.190878918919,,,Nexlev,Home & Kitchen,Cleaning & Vacumming,Steam cleaner,,SC-01,75
FBA79263,MR-01,B0CYSLCRQS,B0CYSLCRQS,"NexLev Mattress, Sofa & Carpet Vacuum Cleaner | For Dust Mites, Allergens & Pet Hair | 4 Step Cleansing with Double Beat, UV Light, Dehumidification & Vacuum | HEPA captures 99.99% Dust|MR-01",38373.0,423.0,0.3901,0.2582,47207.0,524.0,0.3762,0.2424,0.9508,0.9846,64,2.0,0.0017,0.0047,143950.01694915254,5839.02,64.0,2.0,0,14,Nexlev,44928.26,3191.0,352446.0,145023.76,62.0,SP_SD,0.3097993046104997,3.22789620608499,,724.6493548387097,,,Nexlev,Home & Kitchen,Cleaning & Vacumming,Mite Remover,,MR-01,64
FBA79652,SC-05,B0F43P6D23,B0F43P6D23,NexLev Steam Cleaner | Complete Home Kitchen Floor Bathroom Car & Office Cleaning machine | 9 Accessories | 450 ML | Window Pane Sink Grime Chimney Grease Water Stain Cleaner| 4 M Cord |1050W |SC-05,4939.0,106.0,0.0502,0.0647,6575.0,147.0,0.0524,0.068,0.9364,0.9859,60,1.0,0.0121,0.0094,142468.6525423729,2870.01,60.0,1.0,0,14,Nexlev,82717.78,3410.0,260986.0,206342.43,83.0,SP_SD,0.4008762521600623,2.4945353949296027,,996.5997590361444,,,Nexlev,Home & Kitchen,Cleaning & Vacumming,Steam cleaner,,SC-05,60
FBA79493,V-03,B0DQCWRG3H,B0DQCWRG3H,NexLev Ionic 3 in 1 Hot Air Brush|1.5 Inch Barrel |Volumizer Blow Dryer & Styler|Ceramic Tourmaline Coated for Heat Protection|1200W|Dual Bristle for Tangle Free Styling|Salon Like Styles at Home|V-03,2106.0,22.0,0.0214,0.0134,3084.0,40.0,0.0246,0.0185,0.9156,1.0,48,0.0,0.0228,0.0,81612.71186440678,0.0,48.0,0.0,0,14,Nexlev,40253.66,2928.0,430768.0,106522.86,62.0,SP_SD,0.3778875257386067,2.6462900516375405,,649.2525806451614,,,Nexlev,HPC,Hair Care,Volumizer,,V-03,48
FBA79567,SC-04,B0DNJS23HS,B0DNJS23HS,NexLev 10 in 1 Steam Cleaner & Mop|2 Steam Modes| Mopping & Deep Cleaning Home Car Sofa Bathroom Kitchen & Office |For All Surfaces|350ML|Chemical Free Cleaning | Detachable & Foldable|SC-04,3392.0,69.0,0.0345,0.0421,4570.0,79.0,0.0364,0.0365,0.9815,1.0,37,0.0,0.0109,0.0,177920.33898305087,0.0,37.0,0.0,0,14,Nexlev,30869.59,1567.0,241858.0,81557.69,19.0,SP_SD,0.3785000531525598,2.642007555008019,,1624.7152631578947,,,Nexlev,Home & Kitchen,Cleaning & Vacumming,Steam cleaner,,SC-04,37
FBA79439,MR-02,B0DCK7ZH5P,B0DCK7ZH5P,"NexLev Mattress, Sofa, Carpet & Car Seat Vacuum Cleaner|For Dust Mites Allergens & Pet Hair|Cordless Design|1500*3 mAh |UV Sterilization, Double Beat Technology|Type C| HEPA captures 99.99% Dust|MR-02",8846.0,168.0,0.0899,0.1026,10512.0,203.0,0.0838,0.0939,0.961,1.0,31,1.0,0.0035,0.006,86301.70338983051,3365.01,31.0,1.0,0,14,Nexlev,30153.82,1513.0,205072.0,82967.86,30.0,SP_SD,0.3634397705328304,2.751487539555519,,1005.1273333333334,,,Nexlev,Home & Kitchen,Cleaning & Vacumming,Mite Remover,,MR-02,31
FBA79590,CFM-01,B0DM6BB3VT,B0DM6BB3VT,NexLev Calf Massager | Daily Use Leg Massager for Sore Muscle |1 Piece | Hand Like Massage with Air Compression | Improve Blood Circulation & Relieve Pain | 2500 mAh | Large Belt | Type C |CFM-01,1290.0,46.0,0.0131,0.0281,1660.0,64.0,0.0132,0.0296,0.7809,1.0,28,2.0,0.0217,0.0435,61737.31355932204,5541.03,28.0,2.0,0,14,Nexlev,23503.95,930.0,80835.0,67328.1,25.0,SP_SD,0.3490956970417997,2.864544044724397,,940.158,,,Nexlev,HPC,Electric Massagers,Calf Massager,,CFM-01,28
FBA79280,LR-02,B0D845B2DG,B0D845B2DG,NexLev Rechargeable Lint Remover | for Woollen Sweaters Shirts Coat Curtains & Carpets | Rue & Burr Remover | 180 Min Use | TypeC | SS Blade | 2000mAh | 3 Speed Modes | Safety Lock | LR-02,549.0,23.0,0.0056,0.014,776.0,33.0,0.0062,0.0153,0.9881,1.0,27,0.0,0.0492,0.0,30488.13559322034,0.0,27.0,0.0,0,14,Nexlev,22018.36,844.0,128280.0,51384.78,46.0,SP_SD,0.4284996452256874,2.3337242192424865,,478.66,,,Nexlev,Home & Kitchen,Fabric Care,Lint Remover,,LR-02,27
FBA79349,SW-01,B0D9KDQCCM,B0D9KDQCCM,Nexlev Portable Sewing Machine| 2 Speed Settings| Cordless| Battery operated| USB Type C cord for Plug-in| Quick Fix DIY|Portable & Compact| for all Fabrics| 1 Year Warranty| White,869.0,16.0,0.0088,0.0098,1260.0,24.0,0.01,0.0111,0.6511,0.7647,24,2.0,0.0276,0.125,20301.71186440678,1978.02,24.0,2.0,0,14,Nexlev,0.0,0.0,0.0,0.0,0.0,,,,,,,,Nexlev,Home & Kitchen,Fabric Care,Mini Sewing Machine,,SW-01,24
FBA79489,KE-02,B0DFD123P5,B0DFD123P5,"Nexlev MultiPurpose Electric Food Kettle|1.5 L Ceramic Pot | 600W| Boil, Steam, Fry, Saute| Double Layered Body| 2 Temperature Settings| Multi Cooker for Water, Egg, Tea, Soup, Noodles, Rice| KE-02",1951.0,44.0,0.0198,0.0269,2741.0,58.0,0.0218,0.0268,0.9385,1.0,21,0.0,0.0108,0.0,32227.96610169492,0.0,20.0,0.0,0,14,Nexlev,20637.4,2212.0,300058.0,73965.26,44.0,SP_SD,0.2790147699068455,3.5840396561582364,,469.0318181818182,,,Nexlev,Home & Kitchen,Kitchen Appliances,Electric Multi Kettles,,KE-02,21
FBA79812,PB-01,B0FS6TB7CP,B0FS6TB7CP,NexLev Portable Blender for Smoothies Milkshakes Juices Baby Food | High Borosilicate Glass Jar | 3000 mAh Battery | Type C | Mix Fruit Juicer Mini | 450ml | For Kitchen & Travel | PB-01,1286.0,15.0,0.0131,0.0092,1781.0,19.0,0.0142,0.0088,0.9821,1.0,20,0.0,0.0156,0.0,32189.830508474577,0.0,20.0,0.0,0,14,Nexlev,11987.34,736.0,217604.0,19991.52,10.0,SP_SD,0.5996212394055079,1.6677194440134342,,1198.734,,,Nexlev,Home & Kitchen,Kitchen Appliances,Portable Blender,,PB-01,20
FBA78980,GS-02,B0CDPMX152,B0CDPMX152,NexLev Handheld Garment Steamer | 1500 Watts | 300 ML| Standing & Horizontal Iron Press | Damage Free Steaming for all Cloth Types | 25s Quick Heat |Upto 5 Clothes in One Fill | Travel Friendly |GS-02,1219.0,18.0,0.0124,0.011,1703.0,29.0,0.0136,0.0134,0.5961,1.0,18,0.0,0.0148,0.0,29816.949152542373,0.0,18.0,0.0,0,14,Nexlev,18689.67,830.0,276063.0,48494.95,25.0,SP_SD,0.3853941492877093,2.594746188669998,,747.5867999999999,,,Nexlev,Home & Kitchen,Fabric Care,Garment steamer,,GS-02,18
FBA79488,KE-01,B0DFCG2VGS,B0DFCG2VGS,"Nexlev Multi Purpose Electric Food Kettle|1.8L Stainless Steel Pot| 600W|Boil, Steam, Fry, Saute| Double Layered Body|2 Heat Settings|Multi Function for Water, Milk, Egg, Soup, Noodles|KE-01",1720.0,37.0,0.0175,0.0226,2336.0,56.0,0.0186,0.0259,0.8742,1.0,18,2.0,0.0105,0.0541,32458.491525423728,4453.02,18.0,2.0,0,14,Nexlev,27127.4,1860.0,275958.0,15285.6,8.0,SP_SD,1.7747029884335583,0.5634745681488089,,3390.925,,,Nexlev,Home & Kitchen,Kitchen Appliances,Electric Multi Kettles,,KE-01,18
FBA79373,ET-01-BK,B0D2P5TGWK,B0D2P5TGWK,"NexLev Smart Electric Toothbrush for Adults |2-Min Timer with Quadpacer |2 Replaceable Heads | AAA Battery |3 Modes (Daily, Normal & Sesitive) |Upto 60 Days | Travel Case | Soft Bristles |ET-01 Black",349.0,10.0,0.0035,0.0061,453.0,13.0,0.0036,0.006,0.988,1.0,17,0.0,0.0487,0.0,4120.338983050848,0.0,16.0,0.0,0,14,Nexlev,491.74,36.0,3178.0,0.0,0.0,SP_SD,,0.0,,,,,Nexlev,HPC,Oral Care,Electric Toothbrush,,ET-01-BK,17
FBA79679,ST-01,B0DVC7VJP1,B0DVC7VJP1,"NexLev Stand Mixer | 5.5L SS Bowl | 1500W |10 Speeds | Pulse Function |Planetary Rotation | Whisk, Beater & Dough Hook |100% Copper Motor | For Roti Atta, Cookie Dough, Cake, Whip Cream & more | ST-01",1766.0,39.0,0.018,0.0238,2314.0,45.0,0.0184,0.0208,0.9564,1.0,14,1.0,0.0079,0.0256,63998.31355932204,5840.01,14.0,1.0,0,14,Nexlev,15290.04,840.0,234952.0,54191.54,12.0,SP_SD,0.2821480991313404,3.544237948363772,,1274.1699999999998,,,Nexlev,Home & Kitchen,Kitchen Appliances,Stand Mixer,,ST-01,14
FBA79570,BR-01,B0DKJXRXKM,B0DKJXRXKM,NexLev Blackhead & Whitehead Remover Tool | Rechargeable |1Hr Use| Acne & Pimple Pore Cleaner | 6 Heads | Electric Derma Suction Machine | Hydra Facial Cleanser Device for Face |For Men & Women |BR-01,847.0,22.0,0.0086,0.0134,1140.0,26.0,0.0091,0.012,0.9889,1.0,13,0.0,0.0153,0.0,17607.627118644068,0.0,13.0,0.0,0,14,Nexlev,7249.04,516.0,88716.0,2708.48,4.0,SP_SD,2.6764236767485823,0.3736329224283491,,1812.26,,,Nexlev,HPC,Skin Care,Blackhead Remover,,BR-01,13
FBA79682,HU-02,B0DVC8NYY2,B0DVC8NYY2,"NexLev Cool Mist Humidifier | 2.2L| For Office, Indoor Plants, Baby Nursery | Quiet Operation | Works 30Hrs on Low Setting | 360° Nozzle | Auto Shut-Off | Adjustable Knob | Leak Proof | HU-02",317.0,12.0,0.0032,0.0073,445.0,28.0,0.0035,0.013,0.9468,1.0,13,1.0,0.041,0.0833,16565.262711864405,1484.01,13.0,1.0,0,14,Nexlev,9542.24,374.0,78452.0,20808.52,16.0,SP_SD,0.4585736996191944,2.1806745585942084,,596.39,,,Nexlev,Home & Kitchen,Air Purifier,Humidifier White,,HU-02,13
FBA79591,KM-01,B0F29SZCVF,B0F29SZCVF,"NexLev Knee Massager for Joint Pain Relief |Controlled Vibration & Heating for Arthritis, Knee, Shoulder or Elbow pain | 15 modes |2 Extension Belt |Graphene Heating pad for Consistent Heating | KM-01",169.0,3.0,0.0017,0.0018,233.0,5.0,0.0019,0.0023,1.0,1.0,12,0.0,0.071,0.0,13507.627118644068,0.0,12.0,0.0,0,14,Nexlev,0.0,0.0,0.0,0.0,0.0,,,,,,,,Nexlev,HPC,Electric Massagers,Knee Massager,,KM-01,12
FBA79276,SM-01,B0D2LJSQXZ,B0D2LJSQXZ,NexLev Steam Mop | Chemical Free Mopping | Floor Cleaning + Carpet Steaming | 4 Extra Mop Pads | 400 ML | 1300W | Floor Disinfectant | For All Floor Types | 4mtr long Cord | Wet & Dry Mopping | SM-01,1393.0,41.0,0.0142,0.025,1892.0,68.0,0.0151,0.0315,0.9603,1.0,11,1.0,0.0079,0.0244,31981.364406779663,3662.01,11.0,1.0,0,14,Nexlev,14001.0,732.0,99302.0,39581.38,14.0,SP_SD,0.3537269291773051,2.827039497178773,,1000.0714285714286,,,Nexlev,Home & Kitchen,Cleaning & Vacumming,Steam Mop,,SM-01,11
FBA79268,GS-05,B0D383WQPB,B0D383WQPB,NexLev Foldable Garment Steamer for Home & Travel | Convenient Vertical Steaming | 1200W | 120 ml | Lightweight & Compact | 30s Fast Heating | Iron for all Cloth Types | 2 M cord | Anti Spill | GS-05,567.0,11.0,0.0058,0.0067,802.0,12.0,0.0064,0.0056,0.9153,1.0,11,0.0,0.0194,0.0,14272.033898305086,0.0,11.0,0.0,0,14,Nexlev,11197.96,558.0,263290.0,22234.72,14.0,SP_SD,0.5036249613217526,1.985604520823436,,799.8542857142857,,,Nexlev,Home & Kitchen,Fabric Care,Garment steamer,,GS-05,11
FBA79277,SC-03,B0D672NXC8,B0D672NXC8,"Nexlev SWIPE Steam Cleaner | 3.5 Bar Strong Steam|Multipurpose Steam Cleaner for Car, Kitchen, Bathroom, Floor, Window,Glass,Upholstery| 18 Accessories Kit|Safety Lock| Large 1200ML Water Tank | SC-03",1208.0,16.0,0.0123,0.0098,1658.0,20.0,0.0132,0.0093,0.9852,1.0,11,0.0,0.0091,0.0,47444.06779661017,0.0,11.0,0.0,0,14,Nexlev,3480.96,222.0,11028.0,35583.06,8.0,SP_SD,0.0978263252232944,10.222197324875896,,435.12,,,Nexlev,Home & Kitchen,Cleaning & Vacumming,Steam cleaner,,SC-03,11
FBK79271,V-01 RG,B0DQ8W1RBV,B0DQ8W1RBV,Nexlev Ionic Volumizer|3 In 1 Hot Air Brush To Straight Dry & Volumize|1200 Watts|Reduce Frizz|Ceramic Tourmaline Coated Large Barrel|Salon Like Soft Curl At Home|3 Speed & 2 Heat Settings|V-01 RG,594.0,9.0,0.006,0.0055,854.0,13.0,0.0068,0.006,0.9697,1.0,11,0.0,0.0185,0.0,13967.796610169493,0.0,11.0,0.0,0,14,Nexlev,8440.52,416.0,87558.0,19859.3,16.0,SP_SD,0.4250159874718646,2.352852667845109,,527.5325,,,Nexlev,HPC,Hair Care,Volumizer,,V-01 RG,11
FBA79374,ET-02-GN,B0D2P7WLJB,B0D2P7WLJB,"NexLev Smart Electric Toothbrush for Adults |2-Min Timer with Quadpacer |2 Replaceable Heads | AAA Battery |3 Modes (Daily, Normal & Sesitive) |Upto 60 Days | Travel Case | Soft Bristles |ET-02 Green",219.0,5.0,0.0022,0.0031,274.0,6.0,0.0022,0.0028,0.8659,1.0,14,0.0,0.0639,0.0,3381.35593220339,0.0,10.0,0.0,0,14,Nexlev,618.2,42.0,4568.0,0.0,0.0,SP_SD,,0.0,,,,,Nexlev,HPC,Oral Care,Electric Toothbrush,,ET-02-GN,14
FBA79406,HSB-04,B0DCK3N2JJ,B0DCK3N2JJ,"NexLev Ionic Cordless Hair Straightener Brush | 60min Runtime | upto 200° Heating | Portable & Type C Rechargeable | Keratin Bristles |Straight, Frizz Free & Shiny Hair | Compact Comb Design | HSB-04",4168.0,19.0,0.0424,0.0116,5186.0,22.0,0.0413,0.0102,0.6794,0.0769,10,0.0,0.0024,0.0,18298.305084745763,0.0,10.0,0.0,0,14,Nexlev,8700.0,583.0,79241.0,17769.48,8.0,SP_SD,0.4896035224441007,2.042468965517241,,1087.5,,,Nexlev,HPC,Hair Care,Hair Straightener Brush - Cordless,,HSB-04,10
FBA79573,EA-02,B0DKK15YNJ,B0DKK15YNJ,NexLev Oil Applicator Comb|Red Led Light Therapy |Boost Hair Growth| Reduce Dandruff | Relieve Stress |High Vibration Corded Electric Scalp/Head Massager | 6 ML Oil Tank | 2 Hr Run-Time| Type-C|EA-02,631.0,22.0,0.0064,0.0134,822.0,24.0,0.0066,0.0111,0.7313,0.75,10,0.0,0.0158,0.0,15838.98305084746,0.0,10.0,0.0,0,14,Nexlev,12060.68,734.0,65132.0,34535.22,20.0,SP_SD,0.3492284108802549,2.8634554602228066,,603.034,,,Nexlev,HPC,Hair Care,Hair Oil Applicator,,EA-02,10
FBA79819,LR-03,B0FT8R24QM,B0FT8R24QM,"NexLev Portable Cordless Lint Remover | for Woollen, Sweaters, Jackets, Carpets | Fabric Brush | Rue & Burr Remover | Battery Powered Shaver | SS Blade | Safety Lock | LR-03",171.0,3.0,0.0017,0.0018,215.0,3.0,0.0017,0.0014,0.9849,1.0,10,0.0,0.0585,0.0,2855.93220338983,0.0,10.0,0.0,0,14,Nexlev,0.0,0.0,0.0,0.0,0.0,,,,,,,,Nexlev,Home & Kitchen,Fabric Care,Lint Remover,,LR-03,10
FBA79265,CR-01,B0D2LHNS9B,B0D2LHNS9B,"NexLev Foot Callus Remover | Electric Scrubber & Shaver for Dead, Hard & Cracked Skin | Professional Pedicure at Home | Waterproof | Type C | 3 Crystal Quartz Heads | For Men and Women| CR-01",113.0,3.0,0.0011,0.0018,165.0,3.0,0.0013,0.0014,0.6241,0.0,9,0.0,0.0796,0.0,4866.101694915255,0.0,9.0,0.0,0,14,Nexlev,1961.24,118.0,19406.0,3638.98,8.0,SP_SD,0.5389532231559394,1.855448593746813,,245.155,,,Nexlev,HPC,Skin Care,Callus Remover,,CR-01,9
FBA79350,EA-01,B0D67727VG,B0D67727VG,NexLev LED Therapy Oil Applicator | Reduce Dandruff | Improve Hair Growth | EMS for Scalp Improvement | Red & Blue Light | High Frequency Massage for Better Absorption | 10 ML | Waterproof | EA-01,399.0,11.0,0.0041,0.0067,538.0,11.0,0.0043,0.0051,0.6292,1.0,10,0.0,0.0251,0.0,9306.77966101695,0.0,9.0,0.0,0,14,Nexlev,2425.96,190.0,16800.0,4226.66,4.0,SP_SD,0.5739662049940142,1.7422628567659812,,606.49,,,Nexlev,HPC,Hair Care,Hair Oil Applicator,,EA-01,10
FBM79991,DH-01,B0GN85NZQN,B0GN85NZQN,NexLev Dehumidifier for Room Moisture Absorption | 1000ML Tank | Ideal for Mold & Moisture Removal |For Room Wardrobe Kitchen Office| Auto Shut-Off Function| Preset Timer & Humidty Control | DH-01,482.0,27.0,0.0049,0.0165,632.0,44.0,0.005,0.0204,1.0,1.0,10,1.0,0.0207,0.037,42533.90677966102,4949.01,9.0,1.0,0,14,Nexlev,4599.78,260.0,43152.0,25418.64,6.0,SP_SD,0.180960901133971,5.526055593963189,,766.63,,,Nexlev,Home & Kitchen,"Heating, Cooling & Air Quality",Dehumidifiers,,DH-01,10
FBA79404,FS-01,B0D9KFZYG8,B0D9KFZYG8,"NexLev Steamer For Cold & Cough| Face Steam,Inhaler & Vaporizer | Perfect for Facial & Aromatherapy | Nano Ionic Steam | Uv Sterilization | Aroma Diffuser|30 Sec Heating|Avoid Burns & Spillage | FS-01",176.0,11.0,0.0018,0.0067,244.0,14.0,0.0019,0.0065,0.9856,1.0,7,0.0,0.0398,0.0,10375.42372881356,0.0,7.0,0.0,0,14,Nexlev,3945.38,188.0,94844.0,11857.6,8.0,SP_SD,0.3327300634192416,3.005439273276592,,493.1725,,,Nexlev,HPC,Skin Care,Face Steamer,,FS-01,7
FBA79849,CFM-03,B0FPGDVVCX,B0FPGDVVCX,nexlev Calf Massager | Daily Use Leg Massager for Sore Muscle | Hand Like Massage with Air Compression | Improve Blood Circulation & Relieve Pain | 2500 mAh | Large Belt | Type C |CFM-03|Pack of 2,233.0,12.0,0.0024,0.0073,274.0,13.0,0.0022,0.006,0.9924,1.0,7,0.0,0.03,0.0,29655.084745762717,0.0,7.0,0.0,0,14,Nexlev,2794.34,128.0,12832.0,13804.3,4.0,SP_SD,0.202425331237368,4.94009318837364,,698.585,,,Nexlev,HPC,Electric Massagers,Calf Massager,,CFM-03,7
FBA79271,V-01,B0D83Q7L8W,B0D83Q7L8W,"NexLev Ionic Hot Air Brush | 3 in 1 Blow Dryer, Straightener & Styler | 360° Airflow Vents | Ceramic Tourmaline Coated Brushing Head | Tangle Free Bristle | 1200W | 3 Speed & 2 Heat Settings|V-01",636.0,4.0,0.0065,0.0024,754.0,4.0,0.006,0.0019,0.9959,1.0,6,0.0,0.0094,0.0,7113.559322033899,0.0,6.0,0.0,0,14,Nexlev,582.98,16.0,4072.0,0.0,0.0,SP_SD,,0.0,,,,,Nexlev,HPC,Hair Care,Volumizer,,V-01,6
FBA79440,LE-02,B0DCGHKRXX,B0DCGHKRXX,NexLev LED Phototherapy comb | Electric Scalp Massager | Red Light for Regrowth | Blue Light for Anti Dandruff | Hairfall Control | Rechargeable TypeC | Targeted Laser Treatment Machine |3 Modes |LE-02,314.0,11.0,0.0032,0.0067,410.0,16.0,0.0033,0.0074,0.796,1.0,6,1.0,0.0191,0.0909,10147.466101694916,1979.01,6.0,1.0,0,14,Nexlev,1958.59,158.0,29670.0,11333.92,6.0,SP_SD,0.172807819359939,5.786775180104055,,326.4316666666667,,,Nexlev,HPC,Hair Care,Hair Therapy Comb,,LE-02,6
FBA79452,VC-01,B0DCGHVN81,B0DCGHVN81,NexLev 2 in 1 Handheld & Stick Vacuum Cleaner | 17500 PA Suction | Dry Vacuuming for Home & Office | Washable HEPA Filter | 4 Adjustable Heads | Bagless| Deep Cleaning for Sofa Bed Window & more|VC-01,692.0,10.0,0.007,0.0061,906.0,13.0,0.0072,0.006,0.966,1.0,6,0.0,0.0087,0.0,8894.06779661017,0.0,6.0,0.0,0,14,Nexlev,5630.32,478.0,141018.0,10672.86,6.0,SP_SD,0.5275361992942847,1.8956045127097572,,938.3866666666668,,,Nexlev,Home & Kitchen,Cleaning & Vacumming,Vacuum Cleaner,,VC-01,6
FBA79348,HD-02,B0D81DLSFT,B0D81DLSFT,"Nexlev Hair Dryer For Women| Foldable| 1500 Watts| Cool Shot| 3 Heat & 2 Speed Settings| Overheat Protection| Concentrator Nozzle| Salon-Style Blow Dry| Just Style (Hd-02 Women), Black & Copper",61.0,4.0,0.0006,0.0024,81.0,10.0,0.0006,0.0046,0.9857,1.0,13,10.0,0.2131,2.5,9210.169491525425,8360.0,5.0,2.0,0,14,Nexlev,0.0,0.0,0.0,0.0,0.0,,,,,,,,Nexlev,HPC,Hair Care,Hair Dryer,,HD-02,13
FBA79405,HSB-03,B0D9KFP4MG,B0D9KFP4MG,NexLev Ionic Hair Straightener Brush for Woman|Frizz-Free Straightening upto 12H| Ceramic Plates |60mm Wide Brush |130-210° |Keratin Bristles| Thermo Protect Technology|No Scalp Burn|1500W|HSB-03,2490.0,16.0,0.0253,0.0098,2958.0,26.0,0.0236,0.012,0.5259,1.0,5,1.0,0.002,0.0625,8241.957627118645,1929.51,5.0,1.0,0,14,Nexlev,9080.86,406.0,116664.0,13180.500000000002,8.0,SP_SD,0.6889617237585827,1.4514594432685892,,1135.1075,,,Nexlev,HPC,Hair Care,Hair Straightener Brush - Corded,,HSB-03,5
FBA79589,SS-02,B0DNJP9T35,B0DNJP9T35,"NexLev Spin Scrubber|6 Scrubbing Heads| For Kitchen, Bathroom, Tub, Glass | Complete cleaning tool for Home, Office & Car| 90 min runtime | 2600 mAh | Cordless Type C | 2 Modes|Adjustable Handle|SS-02",237.0,2.0,0.0024,0.0012,293.0,3.0,0.0023,0.0014,1.0,1.0,7,3.0,0.0295,1.5,9034.618644067798,5264.85,5.0,1.0,0,14,Nexlev,1570.06,144.0,15762.0,3049.16,2.0,SP_SD,0.5149155833081898,1.9420659083092369,,785.03,,,Nexlev,Home & Kitchen,Cleaning & Vacumming,Electric Spin Scrubber,,SS-02,7
FBA79673,ETC-07-WH,B0FJG5PFGQ,B0FJG5PFGQ,Nexlev Rechargeable Electric Toothbrush| 120 Days Life | 35K strokes/min| Type C| 6 Modes for Daily Use| 2 Min timer with 30sec Quadpacer | 4 Brushheads| IPX7 Waterproof| For Men & Women | ETC-07 White,37.0,3.0,0.0004,0.0018,56.0,10.0,0.0004,0.0046,0.7021,0.8571,5,0.0,0.1351,0.0,2745.762711864407,0.0,5.0,0.0,0,14,Nexlev,2210.22,66.0,21300.0,2393.2200000000003,4.0,SP_SD,0.9235339835033968,1.082797187610283,,552.555,,,Nexlev,HPC,Oral Care,Electric Toothbrush,,ETC-07-WH,5
FBA79472,CM-02-PR,B0DFCDZWND,B0DFCDZWND,NexLev Cordless Electric Heating Pad| Period Cramp & Back Pain Relief Massager | 9 modes| Menstrual Cramp Relief|Type C| Crampfree Periods | Portable | Gift for Women| Strap upto 40 Inch |Purple CM-02,148.0,7.0,0.0015,0.0043,208.0,7.0,0.0017,0.0032,0.9418,1.0,4,1.0,0.027,0.1429,4561.449152542374,1335.51,4.0,1.0,0,14,Nexlev,4875.0,218.0,47192.0,7682.860000000001,6.0,SP_SD,0.6345293289217817,1.575971282051282,,812.5,,,Nexlev,HPC,Electric Massagers,Electric Heating Pads,,CM-02-PR,4
FBA79692,AP-03,B0DVC58QPZ,B0DVC58QPZ,NexLev Smart Air Purifier | Home Room & Office Use upto 220 sq ft |True HEPA 13 Filter | Eliminate 99.99% Virus Dust Smoke Odor Pollen Allergens & Pollutants | Long Filter Life |3 Year Warranty |AP220,494.0,28.0,0.005,0.0171,681.0,53.0,0.0054,0.0245,0.9682,1.0,4,0.0,0.0081,0.0,12009.322033898306,0.0,4.0,0.0,0,14,Nexlev,8089.820000000001,370.0,150870.0,12276.28,4.0,SP_SD,0.6589797560824616,1.5174972990746391,,2022.455,,,Nexlev,Home & Kitchen,Air Purifier,NexLev Air Purifier Mini,,AP-03,4
FBA79267,T-02,B0D2LD6BYJ,B0D2LD6BYJ,"NexLev 6-in-1 trimmer | Sensitive Bikini Trimmer for Women | Skin Safe with Rounded Tips & Foil Shaver| Hair Removal for Intimate Areas, Face, Arms, Legs & Body | 90 min Runtime |2H Quick Charge |T-02",364.0,3.0,0.0037,0.0018,446.0,3.0,0.0036,0.0014,1.0,1.0,3,0.0,0.0082,0.0,2853.389830508475,0.0,3.0,0.0,0,14,Nexlev,979.36,70.0,22984.0,3928.8,4.0,SP_SD,0.2492771329668092,4.011599411860807,,244.84,,,Nexlev,HPC,Trimmers & Body Groomers,Women Trimmer,,T-02,3
FBA79469,LE-04,B0DCK4DR1B,B0DCK4DR1B,Nexlev Skin Lift Device | 7 Color LED | Face & Neck Skin Lifting| 3 Massage Modes| Face Sculpting Tool |Micro-currents to reduce Wrinkles| Hot Compress | Rechargeable| Type-C| 180 Min Use| Glow+ LE-04,135.0,2.0,0.0014,0.0012,173.0,2.0,0.0014,0.0009,0.6957,1.0,3,0.0,0.0222,0.0,3874.576271186441,0.0,3.0,0.0,0,14,Nexlev,3507.74,148.0,18208.0,2667.8,2.0,SP_SD,1.3148436914311417,0.7605466767776403,,1753.87,,,Nexlev,HPC,Skin Care,Skin Lift Device,,LE-04,3
FBA79566,VC-05,B0DKJSCLBD,B0DKJSCLBD,"nexlev Cordless Wet & Dry Vacuum Cleaner|For Home Car & Office Use|3 Attachments | 4000 mAh Battery|Quick Cleaning of Desk, Coffee tea or Water Spill | Compact & Portable | VC-05",331.0,5.0,0.0034,0.0031,412.0,7.0,0.0033,0.0032,0.839,1.0,3,0.0,0.0091,0.0,3557.627118644068,0.0,3.0,0.0,0,14,Nexlev,2328.28,158.0,47790.0,0.0,0.0,SP_SD,,0.0,,,,,Nexlev,Home & Kitchen,Cleaning & Vacumming,Vacuum Cleaner,,VC-05,3
FBA79771,SC-01 SET OF SPARES,B0F678L8YT,B0F678L8YT,"nexlev Replacement Accessory Kit for Steam Cleaner SC-01 | Multipurpose Cleaning Attachments for Home, Kitchen, Bathroom & Car",88.0,5.0,0.0009,0.0031,101.0,5.0,0.0008,0.0023,1.0,1.0,3,0.0,0.0341,0.0,1014.406779661017,0.0,3.0,0.0,0,14,Nexlev,0.0,0.0,0.0,0.0,0.0,,,,,,,,Nexlev,Home & Kitchen,Set of Spares,Spares ,,SC-01 SET OF SPARES,3
FBA79707,ETC-08-BL,B0FJ1ZB4G9,B0FJ1ZB4G9,Nexlev Rechargeable Electric Toothbrush| 120 Days Life | 35K strokes/min| Type C| 5 Modes for Daily Use| 2 Min timer with 30sec Quadpacer | 4 Brushheads| IPX7 Waterproof| For Men & Women | ETC-08 Blue,26.0,3.0,0.0003,0.0018,35.0,5.0,0.0003,0.0023,1.0,1.0,4,1.0,0.1538,0.3333,2500.508474576271,732.6,3.0,1.0,0,14,Nexlev,0.0,0.0,78.0,0.0,0.0,SP_SD,,,,,,,Nexlev,HPC,Oral Care,Electric Toothbrush,,ETC-08-BL,4
FBA79811,MC-01,B0FSF1N457,B0FSF1N457,NexLev Mini Electric Chopper | 3D Stainless Steel Blade | Food Grade Bowl | For Mincing Garlic Ginger Onion Vegetable Meat Nuts | 250 ml | One Touch Operation | MC-01,1007.0,20.0,0.0102,0.0122,1235.0,26.0,0.0098,0.012,0.8868,0.875,3,0.0,0.003,0.0,1424.5762711864409,0.0,3.0,0.0,0,14,Nexlev,952.22,102.0,9078.0,967.8,2.0,SP_SD,0.9839016325687128,1.0163617651383083,,476.11,,,Nexlev,Home & Kitchen,Kitchen Appliances,Electric Mini Chopper,,MC-01,3
FBA79273,HS-02,B0D2LKB4BJ,B0D2LKB4BJ,"Nexlev Hair Styling Straightener & Curler| 2 in 1 Hair Styler| 200°C in 30 Seconds| Long Ceramic Floating Plates| Rounded Body for Curls| Plate lock| Portable |HS-02, Hair Straightener Tong - Purple",22.0,1.0,0.0002,0.0006,32.0,1.0,0.0003,0.0005,1.0,1.0,2,1.0,0.0909,1.0,1333.9745762711864,783.09,2.0,1.0,0,14,Nexlev,0.0,0.0,0.0,0.0,0.0,,,,,,,,Nexlev,HPC,Hair Care,Hair Straightener,,HS-02,2
FBA79279,LR-01,B0D8445KJN,B0D8445KJN,"NexLev Rechargeable Lint Remover | for Woollen Sweaters Pill, Rue & Burr Remover | 60min Use Time | Type C |Defuzzer | Lint Brush for Coat | 2 Modes | SS Blade | Safety Lock | LR-01",83.0,3.0,0.0008,0.0018,104.0,3.0,0.0008,0.0014,0.9895,1.0,2,0.0,0.0241,0.0,1455.9322033898306,0.0,2.0,0.0,0,14,Nexlev,644.86,24.0,3846.0,1455.94,2.0,SP_SD,0.4429166037061967,2.2577613745619205,,322.43,,,Nexlev,Home & Kitchen,Fabric Care,Lint Remover,,LR-01,2
FBA79443,LE-03,B0D9KFQG8Q,B0D9KFQG8Q,"Nexlev Skin Scrubber |Red & Blue LED Therapy| Blackhead Remover| Pore Cleaner| Skin Lifting & tightening, wrinkle remover| 2 Silicone Cleaning Heads| Facial Cleansing|Type C Charging| Elixir Pro LE-03",77.0,3.0,0.0008,0.0018,83.0,4.0,0.0007,0.0019,0.9873,1.0,2,0.0,0.026,0.0,2879.661016949153,0.0,2.0,0.0,0,14,Nexlev,0.0,0.0,0.0,0.0,0.0,,,,,,,,Nexlev,HPC,Skin Care,LED Face & Skin Care Massager,,LE-03,2
FBA79676,HB-01,B0DV91JGF1,B0DV91JGF1,NexLev Orthopaedic Heat and Massage Belt | Massager for Lower Back Shoulder Cramps and Neck Pain Relief | 3 massage Modes | 2 intensities | Heat for Soothing Sore Muscles | 30 min Auto Shut off |HB-01,8.0,0.0,0.0001,0.0,9.0,0.0,0.0001,0.0,1.0,0.0,2,0.0,0.25,0.0,1778.813559322034,0.0,2.0,0.0,0,14,Nexlev,0.0,0.0,0.0,0.0,0.0,,,,,,,,Nexlev,HPC,Electric Massagers,Heated Wrap Belt,,HB-01,2
FBA79773,VC-01 HEPA,B0F74DJYG6,B0F74DJYG6,nexlev Replacement HEPA Filter | Compatible 2 in 1 Handheld & Stick Vacuum Cleaner VC-01 | Captures 99.97% Dust & Allergens | Washable & Durable Filter Maintain,17.0,0.0,0.0002,0.0,27.0,0.0,0.0002,0.0,1.0,0.0,2,0.0,0.1176,0.0,420.3389830508475,0.0,2.0,0.0,0,14,Nexlev,0.0,0.0,0.0,0.0,0.0,,,,,,,,Nexlev,Home & Kitchen,HEPA,Spares ,,VC-01 HEPA,2
FBA79810,MF-01,B0FS7T8151,B0FS7T8151,NexLev Rechargeable Milk Frother & Coffee Whisker | 3 Speed | Stainless Steel Dual Spring Tech | Perfect for Coffee Lattes Milk Hot Chocolate Omlete & Cream | Handheld Beater for Foam |MF-01,10.0,0.0,0.0001,0.0,16.0,0.0,0.0001,0.0,1.0,0.0,2,0.0,0.2,0.0,806.7796610169491,0.0,2.0,0.0,0,14,Nexlev,0.0,0.0,0.0,0.0,0.0,,,,,,,,Nexlev,Home & Kitchen,Kitchen Appliances,Milk Frother,,MF-01,2
FBK80024,SS-02,B0GLHC8CB3,B0GLHC8CB3,"NexLev Spin Scrubber|6 Scrubbing Heads| For Kitchen, Bathroom, Tub, Glass | Complete cleaning tool for Home, Office & Car| 90 min runtime | 2600 mAh | Cordless Type C | 2 Modes|Adjustable Handle|SS-02",191.0,2.0,0.0019,0.0012,272.0,3.0,0.0022,0.0014,0.9795,0.0,2,0.0,0.0105,0.0,2032.2033898305085,0.0,2.0,0.0,0,14,Nexlev,3122.34,258.0,19076.0,2032.2,2.0,SP_SD,1.5364334219072926,0.6508580103384001,,1561.17,,,Nexlev,Home & Kitchen,Cleaning & Vacumming,Electric Spin Scrubber,,SS-02,2
FBA79174,DF-01-BK,B0CW1JJP9S,B0CW1JJP9S,"Nexlev Dental Flosser| 6 Water Pressures| 4 Cleaning Modes| 2 Nozzle Tips, Tongue Cleaner, Carry Case for Tips| USB-C Charging| 1500mAh| 250ml Tank| IPX7 Water Proof| Carry Pouch | Aqua DF-01-BK",8.0,0.0,0.0001,0.0,11.0,0.0,0.0001,0.0,1.0,0.0,1,0.0,0.125,0.0,1386.4406779661017,0.0,1.0,0.0,0,14,Nexlev,0.0,0.0,0.0,0.0,0.0,,,,,,,,Nexlev,HPC,Oral Care,Dental Flosser,,DF-01-BK,1
FBA79272,HS-01,B0D2LFMY48,B0D2LFMY48,"Nexlev Hair Styling Straightener & Curler| 2 in 1 Hair Styler| 200°C in 30 Seconds| Long Ceramic Floating Plates| Rounded Body for Curls| Plate Lock| Portable HS-01, Hair Straightener Tong - Black",26.0,1.0,0.0003,0.0006,34.0,2.0,0.0003,0.0009,0.8065,1.0,1,0.0,0.0385,0.0,626.271186440678,0.0,1.0,0.0,0,14,Nexlev,0.0,0.0,0.0,0.0,0.0,,,,,,,,Nexlev,HPC,Hair Care,Hair Straightener,,HS-01,1
FBA79332,HM-01,B0D63FKYZ5,B0D63FKYZ5,NexLev Scalp Massager for Stress Relief | Head Massager for Hair Growth | 96 Tangle Free Silicone Kneading Nodes | Hand Like Massage | 120 Min Runtime | Type C | Washable Heads | 3 Modes | HM-01,95.0,4.0,0.001,0.0024,108.0,4.0,0.0009,0.0019,1.0,1.0,1,0.0,0.0105,0.0,846.6101694915254,0.0,1.0,0.0,0,14,Nexlev,0.0,0.0,0.0,0.0,0.0,,,,,,,,Nexlev,HPC,Hair Care,Head Massager,,HM-01,1
FBA79278,HD-01,B0D86ZC9YT,B0D86ZC9YT,Nexlev Just Style Pro Hair Dryer |2100 W for Quick & Easy Blowdry | Double Heat Protection Technology | 3 Heat Settings & Cool Shot Function For Salon-Like Styling at Home (HD-01),25.0,0.0,0.0003,0.0,31.0,0.0,0.0002,0.0,1.0,0.0,1,0.0,0.04,0.0,1270.3389830508474,0.0,1.0,0.0,0,14,Nexlev,0.0,0.0,0.0,0.0,0.0,,,,,,,,Nexlev,HPC,Hair Care,Hair Dryer,,HD-01,1
FBA79463,VC-02,B0DCK56Q85,B0DCK56Q85,"NexLev Cordless Vacuum Cleaner|HEPA with Stainless Steel Cover|6000 mAh|Copper Motor| Rechargeable Type C|Ideal for Home, Office & Car Use|Compact & Portable|Dust & Pet Hair Remover|3 Attachment|VC-02",222.0,2.0,0.0023,0.0012,309.0,2.0,0.0025,0.0009,0.8713,1.0,1,0.0,0.0045,0.0,2117.7966101694915,0.0,1.0,0.0,0,14,Nexlev,2081.0,210.0,85368.0,4235.6,2.0,SP_SD,0.4913117385966569,2.0353676117251323,,1040.5,,,Nexlev,Home & Kitchen,Cleaning & Vacumming,Vacuum Cleaner,,VC-02,1
FBA79467,TM-01,B0DK9LYT4P,B0DK9LYT4P,NexLev Beard Trimmer| 90min Run Time| 40 Length Settings| 0.5mm Precision| Washable Stainless Steel Blades| Copper Motor| USB Type-C| IPX7 Waterproof| Travel Lock| 2 Beard Comb| 1 Year Warranty |TM-01,33.0,1.0,0.0003,0.0006,40.0,2.0,0.0003,0.0009,1.0,0.0,1,0.0,0.0303,0.0,623.728813559322,0.0,1.0,0.0,0,14,Nexlev,0.0,0.0,0.0,0.0,0.0,,,,,,,,Nexlev,HPC,Trimmers & Body Groomers,Men's Beard Trimmer,,TM-01,1
FBA79483,TM-03,B0DK9NRBWJ,B0DK9NRBWJ,NexLev Intimate Trimmer for Men|Ceramic Blade|120 Min Runtime|Type C Charge | IPX7 Waterproof | 7000RPM Copper Motor| Cordless|LED Light| Travel Lock| Wet/Dry Groin & Body Shaver | Intimate Pro TM-03,32.0,0.0,0.0003,0.0,54.0,0.0,0.0004,0.0,1.0,0.0,1,0.0,0.0313,0.0,888.9830508474577,0.0,1.0,0.0,0,14,Nexlev,0.0,0.0,0.0,0.0,0.0,,,,,,,,Nexlev,HPC,Trimmers & Body Groomers,Men's Body Trimmer,,TM-03,1
FBA79565,VC-04,B0DKJZDY72,B0DKJZDY72,nexlev Cordless Vacuum Cleaner & Blower |BLDC Copper Motor |HEPA with Stainless Steel Cover | for Home Office & Car Cleaning|4 Attachments | Blower for Dust & Inflatables | Portable & Compact | VC-04,39.0,1.0,0.0004,0.0006,51.0,1.0,0.0004,0.0005,0.7857,1.0,1,0.0,0.0256,0.0,2117.7966101694915,0.0,1.0,0.0,0,14,Nexlev,0.0,0.0,0.0,0.0,0.0,,,,,,,,Nexlev,Home & Kitchen,Cleaning & Vacumming,Vacuum Cleaner,,VC-04,1
FBA79596,MG-01,B0DMT19RWC,B0DMT19RWC,"NexLev Massage Gun |Full Body- Neck, Shoulders, Back, Arms & Feet Pain Relief|Handheld Deep Tissue Massager| 4 Heads| 99 Gears Levels| 3 Modes| 3800 RPM| 1800mAh Battery|Type-C Interface|MG-01",13.0,1.0,0.0001,0.0006,20.0,1.0,0.0002,0.0005,1.0,1.0,1,0.0,0.0769,0.0,1524.5762711864409,0.0,1.0,0.0,0,14,Nexlev,0.0,0.0,0.0,0.0,0.0,,,,,,,,Nexlev,HPC,Electric Massagers,Massage Gun,,MG-01,1
FBA79607,LR-02 SET OF 2 BLADES,B0F2N11VTN,B0F2N11VTN,NexLev Replacement Stainless Steel Blades (Set of 2) | Compatible with NexLev Lint Remover LR-02 | Sharp & Durable Blades for Effective Fabric Defuzzing | Easy to Replace | Smooth & Safe Performance,10.0,0.0,0.0001,0.0,11.0,0.0,0.0001,0.0,1.0,0.0,1,0.0,0.1,0.0,402.542372881356,0.0,1.0,0.0,0,14,Nexlev,0.0,0.0,0.0,0.0,0.0,,,,,,,,Nexlev,Home & Kitchen,Set of 2 blades,Spares ,,LR-02 SET OF 2 BLADES,1
FBA79657,SS-02 SET OF SPARES,B0F2N31GNX,B0F2N31GNX,NexLev Replacement Accessory Kit for Spin Scrubber SS-02 | Multipurpose Cleaning Heads for Home & Car,4.0,0.0,0.0,0.0,4.0,0.0,0.0,0.0,1.0,0.0,1,0.0,0.25,0.0,741.5254237288136,0.0,1.0,0.0,0,14,Nexlev,0.0,0.0,0.0,0.0,0.0,,,,,,,,Nexlev,Home & Kitchen,Set of Spares,Spares ,,SS-02 SET OF SPARES,1
FBA79606,LR-01 SET OF 2 BLADES,B0F2N37819,B0F2N37819,NexLev Replacement Stainless Steel Blades (Set of 2) | Compatible with NexLev Lint Remover LR-01 | Sharp & Durable Blades for Effective Fabric Defuzzing | Easy to Replace | Smooth & Safe Performance,25.0,1.0,0.0003,0.0006,26.0,1.0,0.0002,0.0005,1.0,1.0,1,0.0,0.04,0.0,317.79661016949154,0.0,1.0,0.0,0,14,Nexlev,0.0,0.0,0.0,0.0,0.0,,,,,,,,Nexlev,Home & Kitchen,Set of 2 blades,Spares ,,LR-01 SET OF 2 BLADES,1
FBA79778,AP-03 HEPA,B0F67BW7SF,B0F67BW7SF,NexLev Smart Air Purifier HEPA Filter for Model AP220,26.0,5.0,0.0003,0.0031,30.0,6.0,0.0002,0.0028,1.0,1.0,1,0.0,0.0385,0.0,931.35593220339,0.0,1.0,0.0,0,14,Nexlev,0.0,0.0,0.0,0.0,0.0,,,,,,,,Nexlev,Home & Kitchen,HEPA,Spares ,,AP-03 HEPA,1
FBA79843,SC-04 SPARE SET,B0FMF1D9NV,B0FMF1D9NV,NexLev Accessory Kit for 10-in-1 Steam Cleaner & Mop SC-04 | Multipurpose Attachments for Deep Cleaning,133.0,5.0,0.0014,0.0031,142.0,5.0,0.0011,0.0023,1.0,1.0,1,0.0,0.0075,0.0,233.05084745762716,0.0,1.0,0.0,0,14,Nexlev,0.0,0.0,0.0,0.0,0.0,,,,,,,,Nexlev,Home & Kitchen,Spare Set,Spares ,,SC-04 SPARE SET,1
FBA78996,NP-03,B0CDQ6G4TC,B0CDQ6G4TC,"nexlev Travel Neck Pillow | Orthopedic Premium Memory Foam | for Airplane, Car, Train, Office use & Cervical Pain | Machine Washable | 360 Support | Carry Pouch for Storage | NP-03",4.0,0.0,0.0,0.0,5.0,0.0,0.0,0.0,1.0,0.0,0,0.0,0.0,0.0,0.0,0.0,0.0,0.0,0,14,Nexlev,0.0,0.0,0.0,0.0,0.0,,,,,,,,Nexlev,Home & Kitchen,Travel Accessories,Travel Pillow,,NP-03,0
FBA79229,GS-04,B0CQX9ZZMH,B0CQX9ZZMH,NexLev Handheld Garment Steamer |1800 Watts | 25 g/min | 300 ML | Vertical & Horizontal Ironing for Silk Velvet & | Damage Free Steam for all Cloth Types | 25sec quick heat | 3 Brushes | GS-04,6.0,0.0,0.0001,0.0,9.0,0.0,0.0001,0.0,1.0,0.0,0,0.0,0.0,0.0,0.0,0.0,0.0,0.0,0,14,Nexlev,0.0,0.0,0.0,0.0,0.0,,,,,,,,Nexlev,Home & Kitchen,Fabric Care,Garment steamer,,GS-04,0
FBA79346,ETC-04-WH,B0D25LNDSY,B0D25LNDSY,Nexlev Rechargeable Electric Toothbrush| 120 Days Life | 35K strokes/min| Type C| 5 Modes for Daily Use| 2 Min timer with 30sec Quadpacer | 4 Brushheads| IPX7 Waterproof| For Men & Women | ETC-04 White,24.0,0.0,0.0002,0.0,29.0,0.0,0.0002,0.0,0.5172,0.0,0,0.0,0.0,0.0,0.0,0.0,0.0,0.0,0,14,Nexlev,185.56,6.0,1372.0,0.0,0.0,SP_SD,,0.0,,,,,Nexlev,HPC,Oral Care,Electric Toothbrush,,ETC-04-WH,0
FBA79347,ETC-05-PI,B0D842173P,B0D842173P,Nexlev Electric Toothbrush| 40000 vibrations/min|USB Type C| 5 Modes| 2 Min timer| 30 sec Quad Interval| 4 Replaceable Brushheads With Cover| IPX7 Waterproof| For Adults|Sparkle Pro ETC-05 Sunset Pink,7.0,1.0,0.0001,0.0006,9.0,1.0,0.0001,0.0005,1.0,1.0,0,0.0,0.0,0.0,0.0,0.0,0.0,0.0,0,14,Nexlev,0.0,0.0,0.0,0.0,0.0,,,,,,,,Nexlev,HPC,Oral Care,Electric Toothbrush,,ETC-05-PI,0
FBA79381,ETR-06,B0D9KCNVNM,B0D9KCNVNM,Nexlev Oscillating Electric Toothbrush | 8000 Strokes/min | 25 Days Battery Life |Type C|3 modes| 2 Minute Timer |Quad Change Reminder| IPX7 Waterproof | For adults| 1 year warranty| SparklePro ETR-06,16.0,1.0,0.0002,0.0006,19.0,2.0,0.0002,0.0009,1.0,1.0,0,0.0,0.0,0.0,0.0,0.0,0.0,0.0,0,14,Nexlev,0.0,0.0,0.0,0.0,0.0,,,,,,,,Nexlev,HPC,Oral Care,Electric Toothbrush - Oscillating,,ETR-06,0
FBA79480,VC-03,B0DDC3GVZW,B0DDC3GVZW,nexlev Cordless Electric Car Vacuum Cleaner VacuSafe| Seat-Belt Cutter| Window Breaker Hammer| LED Torch|4000 mAh| High Power Suction | Copper motor| Type-C Emergency Car Escape Tool| Portable| VC-03,41.0,2.0,0.0004,0.0012,45.0,2.0,0.0004,0.0009,0.878,1.0,0,0.0,0.0,0.0,0.0,0.0,0.0,0.0,0,14,Nexlev,0.0,0.0,0.0,0.0,0.0,,,,,,,,Nexlev,Home & Kitchen,Cleaning & Vacumming,Vacuum Cleaner,,VC-03,0
FBA79464,CM-01-BL,B0DFCDKMWR,B0DFCDKMWR,NexLev Cordless Electric Heating Pad| Period Cramp & Back Pain Relief Massager | 9 modes| Menstrual Cramp Relief|Type C| Crampfree Periods | Portable | Gift for Women| Strap upto 40 Inch |Blue CM-01,48.0,3.0,0.0005,0.0018,60.0,3.0,0.0005,0.0014,0.94,1.0,0,0.0,0.0,0.0,0.0,0.0,0.0,0.0,0,14,Nexlev,0.0,0.0,0.0,0.0,0.0,,,,,,,,Nexlev,HPC,Electric Massagers,Electric Heating Pads,,CM-01-BL,0
FBA79466,TI-01,B0DFM4JZV9,B0DFM4JZV9,"Nexlev Tyre Inflator for Car | Touch Control |150 PSI |12V DC| 4 Nozzles | Digital Tyre Pressure Gauge| Carry Bag | Suitable for Bike, Bicycle or Any Inflatable | Emergency LED Light | TI-01",9.0,0.0,0.0001,0.0,11.0,0.0,0.0001,0.0,1.0,0.0,0,0.0,0.0,0.0,0.0,0.0,0.0,0.0,0,14,Nexlev,0.0,0.0,0.0,0.0,0.0,,,,,,,,Nexlev,Home & Kitchen,Car Accessories,Tyre Inflators - Corded,,TI-01,0
FBA79481,TM-02,B0DFMRG2K4,B0DFMRG2K4,"NexLev All in One Body Trimmer for Men | Suitable for Beard, Body, Balls, Pubic Hair, Private Parts | 90 Min Runtime |Type C | IPX 7 Waterproof | No Nicks No Cuts | 2 Safety Combs| Extra Blade | TM-02",220.0,0.0,0.0022,0.0,255.0,0.0,0.002,0.0,0.8486,0.0,0,0.0,0.0,0.0,0.0,0.0,0.0,0.0,0,14,Nexlev,0.0,0.0,0.0,0.0,0.0,,,,,,,,Nexlev,HPC,Trimmers & Body Groomers,Intimate Trimmer,,TM-02,0
FBA79475,TIC-04,B0DJFJZMC6,B0DJFJZMC6,"nexlev Cordless & Corded Tyre Inflator|150 PSI| 6000 mAh Powerbank|LED Light | Type C Port |Digital Display| 5 Pre-Set Modes|Auto Shut-Off |Multiple Nozzles for Cars, Bikes, Cycle| AER Pro Max TIC-04",7.0,1.0,0.0001,0.0006,14.0,2.0,0.0001,0.0009,1.0,1.0,0,0.0,0.0,0.0,0.0,0.0,0.0,0.0,0,14,Nexlev,0.0,0.0,0.0,0.0,0.0,,,,,,,,Nexlev,Home & Kitchen,Car Accessories,Tyre Inflators - Cordless,,TIC-04,0
FBA79484,CF-01,B0DNJF1BLS,B0DNJF1BLS,NexLev Drip Coffee Maker |Filter Coffee for Home & Office | 4-6 Cups | Warming Plate|Borosilicate Carafe | Reusable & Washable Filter | Anti Drip | 750 ml | Cone Filter | Water Level Indicator |CF-01,32.0,0.0,0.0003,0.0,41.0,0.0,0.0003,0.0,1.0,0.0,0,0.0,0.0,0.0,0.0,0.0,0.0,0.0,0,14,Nexlev,0.0,0.0,0.0,0.0,0.0,,,,,,,,Nexlev,Home & Kitchen,Kitchen Appliances,Drip Coffee Maker,,CF-01,0
FBA79598,BM-02,B0DNJJKBKG,B0DNJJKBKG,NexLev Neck & Back Massager | Deep Tissue Shiatsu Roller | Cervical Pain Relief | 3 Speeds | 8 Kneading Nodes | Quick Pain Relief | Auto Shut Off | 1 year Warranty | BM-02,19.0,0.0,0.0002,0.0,22.0,0.0,0.0002,0.0,1.0,0.0,0,0.0,0.0,0.0,0.0,0.0,0.0,0.0,0,14,Nexlev,0.0,0.0,0.0,0.0,0.0,,,,,,,,Nexlev,HPC,Electric Massagers,Back & Shoulder Massager,,BM-02,0
FBA79492,V-02,B0DT6Y7KJM,B0DT6Y7KJM,"NexLev IONIC Volumizer + Straightening Brush| 1200 W| Ceramic Tourmaline Coating| Hot Air Brush| Large Barrel| Ionic Technology| Dual bristles for drying, volumizing & straightening | 360° vents| V-02",251.0,4.0,0.0026,0.0024,294.0,4.0,0.0023,0.0019,0.9931,1.0,0,0.0,0.0,0.0,0.0,0.0,0.0,0.0,0,14,Nexlev,433.0,16.0,8832.0,0.0,0.0,SP_SD,,0.0,,,,,Nexlev,HPC,Hair Care,Volumizer,,V-02,0
FBA79698,SS-01,B0DTK4FY1G,B0DTK4FY1G,"NexLev Spin Scrubber with Soap Spray | 6 heads| For Kitchen, Tub, Glass, Complete cleaning tool for Home, Office & Car| 90 min runtime | 4500 mAh | Cordless Type C | Adjustable Handle|SS-01, White",167.0,1.0,0.0017,0.0006,197.0,1.0,0.0016,0.0005,0.9429,0.0,0,0.0,0.0,0.0,0.0,0.0,0.0,0.0,0,14,Nexlev,0.0,0.0,0.0,0.0,0.0,,,,,,,,Nexlev,Home & Kitchen,Cleaning & Vacumming,Electric Spin Scrubber,,SS-01,0
FBA79690,PM-02,B0DV931G48,B0DV931G48,"NexLev Cordless Body Massager | Neck, Shoulder, Back, Legs & Thigh Pain Relief | 10 Intensity and 12 Modes | 6 Attachments | Deep Tissue Kneading for Complete Pain Relief | Charging Indicator | PM-02",9.0,0.0,0.0001,0.0,10.0,0.0,0.0001,0.0,1.0,0.0,0,0.0,0.0,0.0,0.0,0.0,0.0,0.0,0,14,Nexlev,0.0,0.0,0.0,0.0,0.0,,,,,,,,Nexlev,HPC,Electric Massagers,Handheld Percussion Massager,,PM-02,0
FBA79686,MGS-02,B0DV94R4QD,B0DV94R4QD,NexLev Massage Gun | Body Massager |6 Speed for Body Relaxation and Muscle Recovery | 4 Attachment| Compact & Portable Design | For Neck Shoulder Back Foot Calf | 1H Use Time |For Men & Women |MGS-02,11.0,1.0,0.0001,0.0006,12.0,1.0,0.0001,0.0005,1.0,1.0,0,0.0,0.0,0.0,0.0,0.0,0.0,0.0,0,14,Nexlev,0.0,0.0,0.0,0.0,0.0,,,,,,,,Nexlev,HPC,Electric Massagers,Massage Gun - Mini,,MGS-02,0
FBA79687,MGC-03,B0DV9CY3XR,B0DV9CY3XR,NexLev Massage Gun | Body Shoulder Neck Feet Calf & Back Massager | Cold Therapy for Muscle Recovery | 60° Heat Therapy for Relaxation | 6 Attachments | 6 Mode | Portable & Compact Design | MGC-03,8.0,0.0,0.0001,0.0,11.0,0.0,0.0001,0.0,1.0,0.0,0,0.0,0.0,0.0,0.0,0.0,0.0,0.0,0,14,Nexlev,0.0,0.0,0.0,0.0,0.0,,,,,,,,Nexlev,HPC,Electric Massagers,Hot & Cold Massage Gun,,MGC-03,0
FBA79693,TM-05,B0DVC91Q7J,B0DVC91Q7J,NexLev Body & Intimate Trimmer for Men | Pubic Hair - Private Part Trimmer and Body Groomer |Vacuum for Mess Free Trimming | Ceramic Blades | Curved Edge for Safety | IPX7 Waterproof | TypeC |TM-05,15.0,2.0,0.0002,0.0012,17.0,2.0,0.0001,0.0009,0.9412,0.0,0,0.0,0.0,0.0,0.0,0.0,0.0,0.0,0,14,Nexlev,0.0,0.0,0.0,0.0,0.0,,,,,,,,Nexlev,HPC,Trimmers & Body Groomers,Vacuum Trimmer,,TM-05,0
FBA79681,HU-01,B0DVC968P1,B0DVC968P1,"NexLev Cool Mist Humidifier | 3.5L| For Office, Indoor Plants, Baby Nursery | Quiet Operation | Works 44Hrs on Low Setting | 360° Nozzle | Auto Shut-Off | Adjustable Knob | Leak Proof | HU-01",0.0,0.0,0.0,0.0,0.0,0.0,0.0,0.0,0.0,0.0,0,0.0,0.0,0.0,0.0,0.0,0.0,0.0,0,14,Nexlev,0.0,0.0,0.0,0.0,0.0,,,,,,,,Nexlev,Home & Kitchen,Air Purifier,Humidifier Black,,HU-01,0
FBA79683,AP-01,B0DVC9PRSD,B0DVC9PRSD,NexLev Air Purifier for Living Room | 650 sqft Area |True HEPA 13 with 8500 Hrs Filter Life |Captures 99.99% Virus and PM 2.5 |Smart AQI Indicator |Home & Office Use|App Support|Sleep & Auto Mode| A6,34.0,4.0,0.0003,0.0024,41.0,4.0,0.0003,0.0019,0.8889,1.0,0,0.0,0.0,0.0,0.0,0.0,0.0,0.0,0,14,Nexlev,0.0,0.0,0.0,0.0,0.0,,,,,,,,Nexlev,Home & Kitchen,Air Purifier,Air Purifier,,AP-01,0
FBA79677,NP-06,B0DVCBR11D,B0DVCBR11D,"nexlev Travel Neck Pillow | Orthopedic Premium Memory Foam | for Airplane, Car, Train, Office use & Cervical Pain | Machine Washable | 360 Support | Carry Pouch for Storage | NP-06",12.0,0.0,0.0001,0.0,14.0,0.0,0.0001,0.0,0.3333,0.0,0,0.0,0.0,0.0,0.0,0.0,0.0,0.0,0,14,Nexlev,0.0,0.0,0.0,0.0,0.0,,,,,,,,Nexlev,Home & Kitchen,Travel Accessories,Donut Travel Pillow,,NP-06,0
FBA79678,NP-07,B0DVCDD5VC,B0DVCDD5VC,"nexlev Travel Neck Pillow | Orthopedic Premium Memory Foam | for Airplane, Car, Train, Office use & Cervical Pain | Machine Washable | 360 Support | Carry Pouch for Storage | NP-07",20.0,0.0,0.0002,0.0,25.0,0.0,0.0002,0.0,0.88,0.0,0,0.0,0.0,0.0,0.0,0.0,0.0,0.0,0,14,Nexlev,0.0,0.0,0.0,0.0,0.0,,,,,,,,Nexlev,Home & Kitchen,Travel Accessories,Donut Travel Pillow,,NP-07,0
FBA79689,CFM-02,B0DVSZ2VVJ,B0DVSZ2VVJ,"NexLev Calf Massager Pro|Complete Feet Calf Knee and Thigh Massage|Hand like Massage with Air Compression and Heat Therapy|Pain Relief,Muscle Recovery & Enhanced Blood Circulation|3 Intensities|CFM-02",190.0,10.0,0.0019,0.0061,205.0,10.0,0.0016,0.0046,1.0,1.0,0,0.0,0.0,0.0,0.0,0.0,0.0,0.0,0,14,Nexlev,0.0,0.0,0.0,0.0,0.0,,,,,,,,Nexlev,HPC,Electric Massagers,Complete Leg Massager,,CFM-02,0
FBA79717,SPM-01 SET OF 2 MOPS,B0F2MZ9BJS,B0F2MZ9BJS,NexLev Replacement Mop Pads (Set of 2) | Compatible with NexLev Cordless Spin Mop SPM-01 | Soft Microfiber Cleaning Pads | Washable & Reusable | For All Floor Types | Easy to Attach & Remove,4.0,0.0,0.0,0.0,7.0,0.0,0.0001,0.0,1.0,0.0,0,0.0,0.0,0.0,0.0,0.0,0.0,0.0,0,14,Nexlev,0.0,0.0,0.0,0.0,0.0,,,,,,,,Nexlev,Home & Kitchen,Set of 2 Mops,Spares ,,SPM-01 SET OF 2 MOPS,0
FBA79714,SC-04 SET OF 2 MOPS,B0F2N1HTBT,B0F2N1HTBT,NexLev Replacement Mop Cloth Pads (Set of 2) | Compatible with NexLev 10-in-1 Steam Cleaner & Mop SC-04 | Reusable Microfiber Pads for Floor Deep Cleaning | Washable & Durable | For All Floor Types,0.0,0.0,0.0,0.0,0.0,0.0,0.0,0.0,0.0,0.0,0,0.0,0.0,0.0,0.0,0.0,0.0,0.0,0,14,Nexlev,0.0,0.0,0.0,0.0,0.0,,,,,,,,Nexlev,Home & Kitchen,Set of 2 Mops,Spares ,,SC-04 SET OF 2 MOPS,0
FBA79721,MR-02 HEPA FILTER,B0F2N4N83Y,B0F2N4N83Y,"nexlev Replacement HEPA Filter | Compatible Cordless Mite Remover (MR-02) | Captures 99.99% Dust, Mites & Allergens | Washable & Durable Filter Maintain",6.0,1.0,0.0001,0.0006,9.0,1.0,0.0001,0.0005,0.875,0.0,0,0.0,0.0,0.0,0.0,0.0,0.0,0.0,0,14,Nexlev,0.0,0.0,0.0,0.0,0.0,,,,,,,,Nexlev,Home & Kitchen,HEPA Filter,Spares ,,MR-02 HEPA FILTER,0
FBA79777,AP-01 HEPA,B0F6795PDP,B0F6795PDP,Nexlev Professional Air Purifier HEPA Filter for Model A6,17.0,6.0,0.0002,0.0037,18.0,6.0,0.0001,0.0028,1.0,1.0,0,0.0,0.0,0.0,0.0,0.0,0.0,0.0,0,14,Nexlev,0.0,0.0,0.0,0.0,0.0,,,,,,,,Nexlev,Home & Kitchen,HEPA,Spares ,,AP-01 HEPA,0
FBA79809,KE-03,B0FJ8SFNRH,B0FJ8SFNRH,"NexLev 1500W Electric Water Kettle | 1.8L | 304 SS - Auto Cut Off | 3x Protection| Instant Boiling, Water, Tea, Coffee, Noodles, Soup | Cool Touch Handle & Lid | 3Mins Rapid Heating | Cordless | KE-03",3.0,0.0,0.0,0.0,4.0,0.0,0.0,0.0,0.6667,0.0,0,0.0,0.0,0.0,0.0,0.0,0.0,0.0,0,14,Nexlev,0.0,0.0,0.0,0.0,0.0,,,,,,,,Nexlev,Home & Kitchen,Kitchen Appliances,Electric Kettle,,KE-03,0
FBA79912,SC-05 SC-05 - SET OF SPARES,B0FYNKYJFN,B0FYNKYJFN,"NexLev Replacement Accessory Kit for Steam Cleaner SC-05 | Multipurpose Cleaning Attachments for Home, Kitchen, Bathroom & Car",8.0,0.0,0.0001,0.0,13.0,0.0,0.0001,0.0,1.0,0.0,0,0.0,0.0,0.0,0.0,0.0,0.0,0.0,0,14,Nexlev,0.0,0.0,0.0,0.0,0.0,,,,,,,,Nexlev,Home & Kitchen,SC-05 - Set of Spares,Spares ,,SC-05 SC-05 - SET OF SPARES,0
FBA78980,GS-02,B0CDPMX152,B0CDPMX152,NexLev Handheld Garment Steamer | 1500 Watts | 300 ML| Standing & Horizontal Iron Press | Damage Free Steaming for all Cloth Types | 25s Quick Heat |Upto 5 Clothes in One Fill | Travel Friendly |GS-02,1219.0,18.0,0.0108,0.0079,1703.0,29.0,0.0117,0.0095,0.4006,0.0,11,0.0,0.009,0.0,18450.84745762712,0.0,10.0,0.0,0,14,Nexlev,18689.67,830.0,276063.0,48494.95,25.0,SP_SD,0.3853941492877093,2.594746188669998,,747.5867999999999,,,Nexlev,Home & Kitchen,Fabric Care,Garment steamer,,GS-02,11
FBA79590,CFM-01,B0DM6BB3VT,B0DM6BB3VT,NexLev Calf Massager | Daily Use Leg Massager for Sore Muscle |1 Piece | Hand Like Massage with Air Compression | Improve Blood Circulation & Relieve Pain | 2500 mAh | Large Belt | Type C |CFM-01,1290.0,46.0,0.0115,0.0201,1660.0,64.0,0.0114,0.0209,0.2165,0.0,6,0.0,0.0047,0.0,14516.949152542373,0.0,6.0,0.0,0,14,Nexlev,23503.95,930.0,80835.0,67328.1,25.0,SP_SD,0.3490956970417997,2.864544044724397,,940.158,,,Nexlev,HPC,Electric Massagers,Calf Massager,,CFM-01,6
FBA79652,SC-05,B0F43P6D23,B0F43P6D23,NexLev Steam Cleaner | Complete Home Kitchen Floor Bathroom Car & Office Cleaning machine | 9 Accessories | 450 ML | Window Pane Sink Grime Chimney Grease Water Stain Cleaner| 4 M Cord |1050W |SC-05,4939.0,106.0,0.0439,0.0464,6575.0,147.0,0.0451,0.0479,0.0622,0.0141,5,0.0,0.001,0.0,10023.728813559324,0.0,5.0,0.0,0,14,Nexlev,82717.78,3410.0,260986.0,206342.43,83.0,SP_SD,0.4008762521600623,2.4945353949296027,,996.5997590361444,,,Nexlev,Home & Kitchen,Cleaning & Vacumming,Steam cleaner,,SC-05,5
FBA79350,EA-01,B0D67727VG,B0D67727VG,NexLev LED Therapy Oil Applicator | Reduce Dandruff | Improve Hair Growth | EMS for Scalp Improvement | Red & Blue Light | High Frequency Massage for Better Absorption | 10 ML | Waterproof | EA-01,399.0,11.0,0.0035,0.0048,538.0,11.0,0.0037,0.0036,0.3685,0.0,4,0.0,0.01,0.0,3800.0,0.0,4.0,0.0,0,14,Nexlev,2425.96,190.0,16800.0,4226.66,4.0,SP_SD,0.5739662049940142,1.7422628567659812,,606.49,,,Nexlev,HPC,Hair Care,Hair Oil Applicator,,EA-01,4
FBA79488,KE-01,B0DFCG2VGS,B0DFCG2VGS,"Nexlev Multi Purpose Electric Food Kettle|1.8L Stainless Steel Pot| 600W|Boil, Steam, Fry, Saute| Double Layered Body|2 Heat Settings|Multi Function for Water, Milk, Egg, Soup, Noodles|KE-01",1720.0,37.0,0.0153,0.0162,2336.0,56.0,0.016,0.0183,0.1253,0.0,4,0.0,0.0023,0.0,7776.271186440678,0.0,4.0,0.0,0,14,Nexlev,27127.4,1860.0,275958.0,15285.6,8.0,SP_SD,1.7747029884335583,0.5634745681488089,,3390.925,,,Nexlev,Home & Kitchen,Kitchen Appliances,Electric Multi Kettles,,KE-01,4
FBA79573,EA-02,B0DKK15YNJ,B0DKK15YNJ,NexLev Oil Applicator Comb|Red Led Light Therapy |Boost Hair Growth| Reduce Dandruff | Relieve Stress |High Vibration Corded Electric Scalp/Head Massager | 6 ML Oil Tank | 2 Hr Run-Time| Type-C|EA-02,631.0,22.0,0.0056,0.0096,822.0,24.0,0.0056,0.0078,0.2659,0.25,4,0.0,0.0063,0.0,6810.169491525424,0.0,4.0,0.0,0,14,Nexlev,12060.68,734.0,65132.0,34535.22,20.0,SP_SD,0.3492284108802549,2.8634554602228066,,603.034,,,Nexlev,HPC,Hair Care,Hair Oil Applicator,,EA-02,4
FBA79263,MR-01,B0CYSLCRQS,B0CYSLCRQS,"NexLev Mattress, Sofa & Carpet Vacuum Cleaner | For Dust Mites, Allergens & Pet Hair | 4 Step Cleansing with Double Beat, UV Light, Dehumidification & Vacuum | HEPA captures 99.99% Dust|MR-01",38373.0,423.0,0.3408,0.185,47207.0,524.0,0.324,0.1708,0.0482,0.0154,3,0.0,0.0001,0.0,7555.084745762712,0.0,3.0,0.0,0,14,Nexlev,44928.26,3191.0,352446.0,145023.76,62.0,SP_SD,0.3097993046104997,3.22789620608499,,724.6493548387097,,,Nexlev,Home & Kitchen,Cleaning & Vacumming,Mite Remover,,MR-01,3
FBA79374,ET-02-GN,B0D2P7WLJB,B0D2P7WLJB,"NexLev Smart Electric Toothbrush for Adults |2-Min Timer with Quadpacer |2 Replaceable Heads | AAA Battery |3 Modes (Daily, Normal & Sesitive) |Upto 60 Days | Travel Case | Soft Bristles |ET-02 Green",219.0,5.0,0.0019,0.0022,274.0,6.0,0.0019,0.002,0.1341,0.0,3,0.0,0.0137,0.0,724.5762711864407,0.0,3.0,0.0,0,14,Nexlev,618.2,42.0,4568.0,0.0,0.0,SP_SD,,0.0,,,,,Nexlev,HPC,Oral Care,Electric Toothbrush,,ET-02-GN,3
FBA79469,LE-04,B0DCK4DR1B,B0DCK4DR1B,Nexlev Skin Lift Device | 7 Color LED | Face & Neck Skin Lifting| 3 Massage Modes| Face Sculpting Tool |Micro-currents to reduce Wrinkles| Hot Compress | Rechargeable| Type-C| 180 Min Use| Glow+ LE-04,135.0,2.0,0.0012,0.0009,173.0,2.0,0.0012,0.0007,0.2981,0.0,3,0.0,0.0222,0.0,3887.288135593221,0.0,3.0,0.0,0,14,Nexlev,3507.74,148.0,18208.0,2667.8,2.0,SP_SD,1.3148436914311417,0.7605466767776403,,1753.87,,,Nexlev,HPC,Skin Care,Skin Lift Device,,LE-04,3
FBA78981,SC-01,B0CDPP45BM,B0CDPP45BM,"NexLev Steam Cleaner | For Complete Home Kitchen Bathroom Car Sofa & Office Cleaning Machine | 9 Accessories |300 ML | Window Pane, Sink, Chimney Grease, Water Stain Cleaner| 4 Mtr Cord | 1000W |SC-01",8457.0,181.0,0.0751,0.0792,11248.0,247.0,0.0772,0.0805,0.012,0.0,2,0.0,0.0002,0.0,6075.42372881356,0.0,2.0,0.0,0,14,Nexlev,51807.06252,2845.0,460114.0,112273.79,37.0,SP_SD,0.4614350555013775,2.167152209347074,,1400.190878918919,,,Nexlev,Home & Kitchen,Cleaning & Vacumming,Steam cleaner,,SC-01,2
FBA79268,GS-05,B0D383WQPB,B0D383WQPB,NexLev Foldable Garment Steamer for Home & Travel | Convenient Vertical Steaming | 1200W | 120 ml | Lightweight & Compact | 30s Fast Heating | Iron for all Cloth Types | 2 M cord | Anti Spill | GS-05,567.0,11.0,0.005,0.0048,802.0,12.0,0.0055,0.0039,0.0833,0.0,2,0.0,0.0035,0.0,3218.64406779661,0.0,2.0,0.0,0,14,Nexlev,11197.96,558.0,263290.0,22234.72,14.0,SP_SD,0.5036249613217526,1.985604520823436,,799.8542857142857,,,Nexlev,Home & Kitchen,Fabric Care,Garment steamer,,GS-05,2
FBA79439,MR-02,B0DCK7ZH5P,B0DCK7ZH5P,"NexLev Mattress, Sofa, Carpet & Car Seat Vacuum Cleaner|For Dust Mites Allergens & Pet Hair|Cordless Design|1500*3 mAh |UV Sterilization, Double Beat Technology|Type C| HEPA captures 99.99% Dust|MR-02",8846.0,168.0,0.0786,0.0735,10512.0,203.0,0.0721,0.0662,0.0379,0.0,2,0.0,0.0002,0.0,5818.64406779661,0.0,2.0,0.0,0,14,Nexlev,30153.82,1513.0,205072.0,82967.86,30.0,SP_SD,0.3634397705328304,2.751487539555519,,1005.1273333333334,,,Nexlev,Home & Kitchen,Cleaning & Vacumming,Mite Remover,,MR-02,2
FBA79493,V-03,B0DQCWRG3H,B0DQCWRG3H,NexLev Ionic 3 in 1 Hot Air Brush|1.5 Inch Barrel |Volumizer Blow Dryer & Styler|Ceramic Tourmaline Coated for Heat Protection|1200W|Dual Bristle for Tangle Free Styling|Salon Like Styles at Home|V-03,2106.0,22.0,0.0187,0.0096,3084.0,40.0,0.0212,0.013,0.0829,0.0,2,0.0,0.0009,0.0,3542.3728813559323,0.0,2.0,0.0,0,14,Nexlev,40253.66,2928.0,430768.0,106522.86,62.0,SP_SD,0.3778875257386067,2.6462900516375405,,649.2525806451614,,,Nexlev,HPC,Hair Care,Volumizer,,V-03,2
FBA79673,ETC-07-WH,B0FJG5PFGQ,B0FJG5PFGQ,Nexlev Rechargeable Electric Toothbrush| 120 Days Life | 35K strokes/min| Type C| 6 Modes for Daily Use| 2 Min timer with 30sec Quadpacer | 4 Brushheads| IPX7 Waterproof| For Men & Women | ETC-07 White,73.0,4.0,0.0006,0.0017,111.0,11.0,0.0008,0.0036,0.67,0.25,2,0.0,0.0274,0.0,1208.4745762711866,0.0,2.0,0.0,0,14,Nexlev,2210.22,66.0,21300.0,2393.2200000000003,4.0,SP_SD,0.9235339835033968,1.082797187610283,,552.555,,,Nexlev,HPC,Oral Care,Electric Toothbrush,,ETC-07-WH,2
FBA79265,CR-01,B0D2LHNS9B,B0D2LHNS9B,"NexLev Foot Callus Remover | Electric Scrubber & Shaver for Dead, Hard & Cracked Skin | Professional Pedicure at Home | Waterproof | Type C | 3 Crystal Quartz Heads | For Men and Women| CR-01",113.0,3.0,0.001,0.0013,165.0,3.0,0.0011,0.001,0.3759,0.0,1,0.0,0.0088,0.0,583.8983050847457,0.0,1.0,0.0,0,14,Nexlev,1961.24,118.0,19406.0,3638.98,8.0,SP_SD,0.5389532231559394,1.855448593746813,,245.155,,,Nexlev,HPC,Skin Care,Callus Remover,,CR-01,1
FBA79276,SM-01,B0D2LJSQXZ,B0D2LJSQXZ,NexLev Steam Mop | Chemical Free Mopping | Floor Cleaning + Carpet Steaming | 4 Extra Mop Pads | 400 ML | 1300W | Floor Disinfectant | For All Floor Types | 4mtr long Cord | Wet & Dry Mopping | SM-01,1393.0,41.0,0.0124,0.0179,1892.0,68.0,0.013,0.0222,0.0288,0.0,1,0.0,0.0007,0.0,3197.4576271186443,0.0,1.0,0.0,0,14,Nexlev,14001.0,732.0,99302.0,39581.38,14.0,SP_SD,0.3537269291773051,2.827039497178773,,1000.0714285714286,,,Nexlev,Home & Kitchen,Cleaning & Vacumming,Steam Mop,,SM-01,1
FBA79406,HSB-04,B0DCK3N2JJ,B0DCK3N2JJ,"NexLev Ionic Cordless Hair Straightener Brush | 60min Runtime | upto 200° Heating | Portable & Type C Rechargeable | Keratin Bristles |Straight, Frizz Free & Shiny Hair | Compact Comb Design | HSB-04",4168.0,19.0,0.037,0.0083,5186.0,22.0,0.0356,0.0072,0.024,0.0769,1,0.0,0.0002,0.0,2333.0508474576272,0.0,1.0,0.0,0,14,Nexlev,8700.0,583.0,79241.0,17769.48,8.0,SP_SD,0.4896035224441007,2.042468965517241,,1087.5,,,Nexlev,HPC,Hair Care,Hair Straightener Brush - Cordless,,HSB-04,1
FBA79489,KE-02,B0DFD123P5,B0DFD123P5,"Nexlev MultiPurpose Electric Food Kettle|1.5 L Ceramic Pot | 600W| Boil, Steam, Fry, Saute| Double Layered Body| 2 Temperature Settings| Multi Cooker for Water, Egg, Tea, Soup, Noodles, Rice| KE-02",1951.0,44.0,0.0173,0.0192,2741.0,58.0,0.0188,0.0189,0.043,0.0,1,0.0,0.0005,0.0,1736.4406779661017,0.0,1.0,0.0,0,14,Nexlev,20637.4,2212.0,300058.0,73965.26,44.0,SP_SD,0.2790147699068455,3.5840396561582364,,469.0318181818182,,,Nexlev,Home & Kitchen,Kitchen Appliances,Electric Multi Kettles,,KE-02,1
FBA79567,SC-04,B0DNJS23HS,B0DNJS23HS,NexLev 10 in 1 Steam Cleaner & Mop|2 Steam Modes| Mopping & Deep Cleaning Home Car Sofa Bathroom Kitchen & Office |For All Surfaces|350ML|Chemical Free Cleaning | Detachable & Foldable|SC-04,3392.0,69.0,0.0301,0.0302,4570.0,79.0,0.0314,0.0257,0.0168,0.0,1,0.0,0.0003,0.0,5083.898305084746,0.0,1.0,0.0,0,14,Nexlev,30869.59,1567.0,241858.0,81557.69,19.0,SP_SD,0.3785000531525598,2.642007555008019,,1624.7152631578947,,,Nexlev,Home & Kitchen,Cleaning & Vacumming,Steam cleaner,,SC-04,1
FBA79692,AP-03,B0DVC58QPZ,B0DVC58QPZ,NexLev Smart Air Purifier | Home Room & Office Use upto 220 sq ft |True HEPA 13 Filter | Eliminate 99.99% Virus Dust Smoke Odor Pollen Allergens & Pollutants | Long Filter Life |3 Year Warranty |AP220,494.0,28.0,0.0044,0.0122,681.0,53.0,0.0047,0.0173,0.0318,0.0,1,0.0,0.002,0.0,3024.576271186441,0.0,1.0,0.0,0,14,Nexlev,8089.820000000001,370.0,150870.0,12276.28,4.0,SP_SD,0.6589797560824616,1.5174972990746391,,2022.455,,,Nexlev,Home & Kitchen,Air Purifier,NexLev Air Purifier Mini,,AP-03,1
FBA79682,HU-02,B0DVC8NYY2,B0DVC8NYY2,"NexLev Cool Mist Humidifier | 2.2L| For Office, Indoor Plants, Baby Nursery | Quiet Operation | Works 30Hrs on Low Setting | 360° Nozzle | Auto Shut-Off | Adjustable Knob | Leak Proof | HU-02",317.0,12.0,0.0028,0.0052,445.0,28.0,0.0031,0.0091,0.0481,0.0,1,0.0,0.0032,0.0,1524.5762711864409,0.0,1.0,0.0,0,14,Nexlev,9542.24,374.0,78452.0,20808.52,16.0,SP_SD,0.4585736996191944,2.1806745585942084,,596.39,,,Nexlev,Home & Kitchen,Air Purifier,Humidifier White,,HU-02,1
FBA79811,MC-01,B0FSF1N457,B0FSF1N457,NexLev Mini Electric Chopper | 3D Stainless Steel Blade | Food Grade Bowl | For Mincing Garlic Ginger Onion Vegetable Meat Nuts | 250 ml | One Touch Operation | MC-01,1007.0,20.0,0.0089,0.0087,1235.0,26.0,0.0085,0.0085,0.1123,0.125,1,0.0,0.001,0.0,483.8983050847458,0.0,1.0,0.0,0,14,Nexlev,952.22,102.0,9078.0,967.8,2.0,SP_SD,0.9839016325687128,1.0163617651383083,,476.11,,,Nexlev,Home & Kitchen,Kitchen Appliances,Electric Mini Chopper,,MC-01,1
FBA79819,LR-03,B0FT8R24QM,B0FT8R24QM,"NexLev Portable Cordless Lint Remover | for Woollen, Sweaters, Jackets, Carpets | Fabric Brush | Rue & Burr Remover | Battery Powered Shaver | SS Blade | Safety Lock | LR-03",171.0,3.0,0.0015,0.0013,215.0,3.0,0.0015,0.001,0.0151,0.0,1,0.0,0.0058,0.0,0.0,0.0,1.0,0.0,0,14,Nexlev,0.0,0.0,0.0,0.0,0.0,,,,,,,,Nexlev,Home & Kitchen,Fabric Care,Lint Remover,,LR-03,1
FBA78996,NP-03,B0CDQ6G4TC,B0CDQ6G4TC,"nexlev Travel Neck Pillow | Orthopedic Premium Memory Foam | for Airplane, Car, Train, Office use & Cervical Pain | Machine Washable | 360 Support | Carry Pouch for Storage | NP-03",4.0,0.0,0.0,0.0,5.0,0.0,0.0,0.0,0.0,0.0,0,0.0,0.0,0.0,0.0,0.0,0.0,0.0,0,14,Nexlev,0.0,0.0,0.0,0.0,0.0,,,,,,,,Nexlev,Home & Kitchen,Travel Accessories,Travel Pillow,,NP-03,0
FBA78994,NP-01,B0CDQ98FDM,B0CDQ98FDM,"nexlev Travel Neck Pillow | Orthopedic Premium Memory Foam | for Airplane, Car, Train, Office use & Cervical Pain | Machine Washable | 360 Support | Carry Pouch for Storage | NP-01",4.0,0.0,0.0,0.0,4.0,0.0,0.0,0.0,1.0,0.0,0,0.0,0.0,0.0,0.0,0.0,0.0,0.0,0,14,Nexlev,0.0,0.0,0.0,0.0,0.0,,,,,,,,Nexlev,Home & Kitchen,Travel Accessories,Travel Pillow,,NP-01,0
FBA79346,ETC-04-WH,B0D25LNDSY,B0D25LNDSY,Nexlev Rechargeable Electric Toothbrush| 120 Days Life | 35K strokes/min| Type C| 5 Modes for Daily Use| 2 Min timer with 30sec Quadpacer | 4 Brushheads| IPX7 Waterproof| For Men & Women | ETC-04 White,24.0,0.0,0.0002,0.0,29.0,0.0,0.0002,0.0,0.4828,0.0,0,0.0,0.0,0.0,0.0,0.0,0.0,0.0,0,14,Nexlev,185.56,6.0,1372.0,0.0,0.0,SP_SD,,0.0,,,,,Nexlev,HPC,Oral Care,Electric Toothbrush,,ETC-04-WH,0
FBA79272,HS-01,B0D2LFMY48,B0D2LFMY48,"Nexlev Hair Styling Straightener & Curler| 2 in 1 Hair Styler| 200°C in 30 Seconds| Long Ceramic Floating Plates| Rounded Body for Curls| Plate Lock| Portable HS-01, Hair Straightener Tong - Black",26.0,1.0,0.0002,0.0004,34.0,2.0,0.0002,0.0007,0.1935,0.0,0,0.0,0.0,0.0,0.0,0.0,0.0,0.0,0,14,Nexlev,0.0,0.0,0.0,0.0,0.0,,,,,,,,Nexlev,HPC,Hair Care,Hair Straightener,,HS-01,0
FBA79373,ET-01-BK,B0D2P5TGWK,B0D2P5TGWK,"NexLev Smart Electric Toothbrush for Adults |2-Min Timer with Quadpacer |2 Replaceable Heads | AAA Battery |3 Modes (Daily, Normal & Sesitive) |Upto 60 Days | Travel Case | Soft Bristles |ET-01 Black",211.0,4.0,0.0019,0.0017,283.0,5.0,0.0019,0.0016,0.0115,0.0,0,0.0,0.0,0.0,0.0,0.0,0.0,0.0,0,14,Nexlev,491.74,36.0,3178.0,0.0,0.0,SP_SD,,0.0,,,,,Nexlev,HPC,Oral Care,Electric Toothbrush,,ET-01-BK,0
FBA79332,HM-01,B0D63FKYZ5,B0D63FKYZ5,NexLev Scalp Massager for Stress Relief | Head Massager for Hair Growth | 96 Tangle Free Silicone Kneading Nodes | Hand Like Massage | 120 Min Runtime | Type C | Washable Heads | 3 Modes | HM-01,95.0,4.0,0.0008,0.0017,108.0,4.0,0.0007,0.0013,0.0,0.0,0,0.0,0.0,0.0,0.0,0.0,0.0,0.0,0,14,Nexlev,0.0,0.0,0.0,0.0,0.0,,,,,,,,Nexlev,HPC,Hair Care,Head Massager,,HM-01,0
FBA79277,SC-03,B0D672NXC8,B0D672NXC8,"Nexlev SWIPE Steam Cleaner | 3.5 Bar Strong Steam|Multipurpose Steam Cleaner for Car, Kitchen, Bathroom, Floor, Window,Glass,Upholstery| 18 Accessories Kit|Safety Lock| Large 1200ML Water Tank | SC-03",1208.0,16.0,0.0107,0.007,1658.0,20.0,0.0114,0.0065,0.0121,0.0,0,0.0,0.0,0.0,0.0,0.0,0.0,0.0,0,14,Nexlev,3480.96,222.0,11028.0,35583.06,8.0,SP_SD,0.0978263252232944,10.222197324875896,,435.12,,,Nexlev,Home & Kitchen,Cleaning & Vacumming,Steam cleaner,,SC-03,0
FBA79271,V-01,B0D83Q7L8W,B0D83Q7L8W,"NexLev Ionic Hot Air Brush | 3 in 1 Blow Dryer, Straightener & Styler | 360° Airflow Vents | Ceramic Tourmaline Coated Brushing Head | Tangle Free Bristle | 1200W | 3 Speed & 2 Heat Settings|V-01",636.0,4.0,0.0056,0.0017,754.0,4.0,0.0052,0.0013,0.0027,0.0,0,0.0,0.0,0.0,0.0,0.0,0.0,0.0,0,14,Nexlev,582.98,16.0,4072.0,0.0,0.0,SP_SD,,0.0,,,,,Nexlev,HPC,Hair Care,Volumizer,,V-01,0
FBA79279,LR-01,B0D8445KJN,B0D8445KJN,"NexLev Rechargeable Lint Remover | for Woollen Sweaters Pill, Rue & Burr Remover | 60min Use Time | Type C |Defuzzer | Lint Brush for Coat | 2 Modes | SS Blade | Safety Lock | LR-01",83.0,3.0,0.0007,0.0013,104.0,3.0,0.0007,0.001,0.0105,0.0,0,0.0,0.0,0.0,0.0,0.0,0.0,0.0,0,14,Nexlev,644.86,24.0,3846.0,1455.94,2.0,SP_SD,0.4429166037061967,2.2577613745619205,,322.43,,,Nexlev,Home & Kitchen,Fabric Care,Lint Remover,,LR-01,0
FBA79280,LR-02,B0D845B2DG,B0D845B2DG,NexLev Rechargeable Lint Remover | for Woollen Sweaters Shirts Coat Curtains & Carpets | Rue & Burr Remover | 180 Min Use | TypeC | SS Blade | 2000mAh | 3 Speed Modes | Safety Lock | LR-02,549.0,23.0,0.0049,0.0101,776.0,33.0,0.0053,0.0108,0.0119,0.0,0,0.0,0.0,0.0,0.0,0.0,0.0,0.0,0,14,Nexlev,22018.36,844.0,128280.0,51384.78,46.0,SP_SD,0.4284996452256874,2.3337242192424865,,478.66,,,Nexlev,Home & Kitchen,Fabric Care,Lint Remover,,LR-02,0
FBA79405,HSB-03,B0D9KFP4MG,B0D9KFP4MG,NexLev Ionic Hair Straightener Brush for Woman|Frizz-Free Straightening upto 12H| Ceramic Plates |60mm Wide Brush |130-210° |Keratin Bristles| Thermo Protect Technology|No Scalp Burn|1500W|HSB-03,2490.0,16.0,0.0221,0.007,2958.0,26.0,0.0203,0.0085,0.4741,0.0,0,0.0,0.0,0.0,0.0,0.0,0.0,0.0,0,14,Nexlev,9080.86,406.0,116664.0,13180.500000000002,8.0,SP_SD,0.6889617237585827,1.4514594432685892,,1135.1075,,,Nexlev,HPC,Hair Care,Hair Straightener Brush - Corded,,HSB-03,0
FBA79443,LE-03,B0D9KFQG8Q,B0D9KFQG8Q,"Nexlev Skin Scrubber |Red & Blue LED Therapy| Blackhead Remover| Pore Cleaner| Skin Lifting & tightening, wrinkle remover| 2 Silicone Cleaning Heads| Facial Cleansing|Type C Charging| Elixir Pro LE-03",77.0,3.0,0.0007,0.0013,83.0,4.0,0.0006,0.0013,0.0127,0.0,0,0.0,0.0,0.0,0.0,0.0,0.0,0.0,0,14,Nexlev,0.0,0.0,0.0,0.0,0.0,,,,,,,,Nexlev,HPC,Skin Care,LED Face & Skin Care Massager,,LE-03,0
FBA79404,FS-01,B0D9KFZYG8,B0D9KFZYG8,"NexLev Steamer For Cold & Cough| Face Steam,Inhaler & Vaporizer | Perfect for Facial & Aromatherapy | Nano Ionic Steam | Uv Sterilization | Aroma Diffuser|30 Sec Heating|Avoid Burns & Spillage | FS-01",176.0,11.0,0.0016,0.0048,244.0,14.0,0.0017,0.0046,0.0144,0.0,0,0.0,0.0,0.0,0.0,0.0,0.0,0.0,0,14,Nexlev,3945.38,188.0,94844.0,11857.6,8.0,SP_SD,0.3327300634192416,3.005439273276592,,493.1725,,,Nexlev,HPC,Skin Care,Face Steamer,,FS-01,0
FBA79440,LE-02,B0DCGHKRXX,B0DCGHKRXX,NexLev LED Phototherapy comb | Electric Scalp Massager | Red Light for Regrowth | Blue Light for Anti Dandruff | Hairfall Control | Rechargeable TypeC | Targeted Laser Treatment Machine |3 Modes |LE-02,314.0,11.0,0.0028,0.0048,410.0,16.0,0.0028,0.0052,0.204,0.0,0,0.0,0.0,0.0,0.0,0.0,0.0,0.0,0,14,Nexlev,1958.59,158.0,29670.0,11333.92,6.0,SP_SD,0.172807819359939,5.786775180104055,,326.4316666666667,,,Nexlev,HPC,Hair Care,Hair Therapy Comb,,LE-02,0
FBA79452,VC-01,B0DCGHVN81,B0DCGHVN81,NexLev 2 in 1 Handheld & Stick Vacuum Cleaner | 17500 PA Suction | Dry Vacuuming for Home & Office | Washable HEPA Filter | 4 Adjustable Heads | Bagless| Deep Cleaning for Sofa Bed Window & more|VC-01,692.0,10.0,0.0061,0.0044,906.0,13.0,0.0062,0.0042,0.0327,0.0,0,0.0,0.0,0.0,0.0,0.0,0.0,0.0,0,14,Nexlev,5630.32,478.0,141018.0,10672.86,6.0,SP_SD,0.5275361992942847,1.8956045127097572,,938.3866666666668,,,Nexlev,Home & Kitchen,Cleaning & Vacumming,Vacuum Cleaner,,VC-01,0
FBA79463,VC-02,B0DCK56Q85,B0DCK56Q85,"NexLev Cordless Vacuum Cleaner|HEPA with Stainless Steel Cover|6000 mAh|Copper Motor| Rechargeable Type C|Ideal for Home, Office & Car Use|Compact & Portable|Dust & Pet Hair Remover|3 Attachment|VC-02",222.0,2.0,0.002,0.0009,309.0,2.0,0.0021,0.0007,0.1176,0.0,0,0.0,0.0,0.0,0.0,0.0,0.0,0.0,0,14,Nexlev,2081.0,210.0,85368.0,4235.6,2.0,SP_SD,0.4913117385966569,2.0353676117251323,,1040.5,,,Nexlev,Home & Kitchen,Cleaning & Vacumming,Vacuum Cleaner,,VC-02,0
FBA79480,VC-03,B0DDC3GVZW,B0DDC3GVZW,nexlev Cordless Electric Car Vacuum Cleaner VacuSafe| Seat-Belt Cutter| Window Breaker Hammer| LED Torch|4000 mAh| High Power Suction | Copper motor| Type-C Emergency Car Escape Tool| Portable| VC-03,41.0,2.0,0.0004,0.0009,45.0,2.0,0.0003,0.0007,0.122,0.0,0,0.0,0.0,0.0,0.0,0.0,0.0,0.0,0,14,Nexlev,0.0,0.0,0.0,0.0,0.0,,,,,,,,Nexlev,Home & Kitchen,Cleaning & Vacumming,Vacuum Cleaner,,VC-03,0
FBA79464,CM-01-BL,B0DFCDKMWR,B0DFCDKMWR,NexLev Cordless Electric Heating Pad| Period Cramp & Back Pain Relief Massager | 9 modes| Menstrual Cramp Relief|Type C| Crampfree Periods | Portable | Gift for Women| Strap upto 40 Inch |Blue CM-01,48.0,3.0,0.0004,0.0013,60.0,3.0,0.0004,0.001,0.04,0.0,0,0.0,0.0,0.0,0.0,0.0,0.0,0.0,0,14,Nexlev,0.0,0.0,0.0,0.0,0.0,,,,,,,,Nexlev,HPC,Electric Massagers,Electric Heating Pads,,CM-01-BL,0
FBA79472,CM-02-PR,B0DFCDZWND,B0DFCDZWND,NexLev Cordless Electric Heating Pad| Period Cramp & Back Pain Relief Massager | 9 modes| Menstrual Cramp Relief|Type C| Crampfree Periods | Portable | Gift for Women| Strap upto 40 Inch |Purple CM-02,148.0,7.0,0.0013,0.0031,208.0,7.0,0.0014,0.0023,0.0476,0.0,0,0.0,0.0,0.0,0.0,0.0,0.0,0.0,0,14,Nexlev,4875.0,218.0,47192.0,7682.860000000001,6.0,SP_SD,0.6345293289217817,1.575971282051282,,812.5,,,Nexlev,HPC,Electric Massagers,Electric Heating Pads,,CM-02-PR,0
FBA79466,TI-01,B0DFM4JZV9,B0DFM4JZV9,"Nexlev Tyre Inflator for Car | Touch Control |150 PSI |12V DC| 4 Nozzles | Digital Tyre Pressure Gauge| Carry Bag | Suitable for Bike, Bicycle or Any Inflatable | Emergency LED Light | TI-01",9.0,0.0,0.0001,0.0,11.0,0.0,0.0001,0.0,0.0,0.0,0,0.0,0.0,0.0,0.0,0.0,0.0,0.0,0,14,Nexlev,0.0,0.0,0.0,0.0,0.0,,,,,,,,Nexlev,Home & Kitchen,Car Accessories,Tyre Inflators - Corded,,TI-01,0
FBA79481,TM-02,B0DFMRG2K4,B0DFMRG2K4,"NexLev All in One Body Trimmer for Men | Suitable for Beard, Body, Balls, Pubic Hair, Private Parts | 90 Min Runtime |Type C | IPX 7 Waterproof | No Nicks No Cuts | 2 Safety Combs| Extra Blade | TM-02",220.0,0.0,0.002,0.0,255.0,0.0,0.0017,0.0,0.0837,0.0,0,0.0,0.0,0.0,0.0,0.0,0.0,0.0,0,14,Nexlev,0.0,0.0,0.0,0.0,0.0,,,,,,,,Nexlev,HPC,Trimmers & Body Groomers,Intimate Trimmer,,TM-02,0
FBA79473,TI-02,B0DJFH6RTL,B0DJFH6RTL,"NexLev Portable Tyre Inflator for Car, Bike, Cycle|150 PSI Pressure| 120 Watt Air Pump|12V Car Plug| Digital Display| Auto Shut-Off| Emergency LED Light| 3m Cord| 3 Air Nozzles| Compact| AER TI-02",26.0,0.0,0.0002,0.0,31.0,0.0,0.0002,0.0,1.0,0.0,0,0.0,0.0,0.0,0.0,0.0,0.0,0.0,0,14,Nexlev,0.0,0.0,0.0,0.0,0.0,,,,,,,,Nexlev,Home & Kitchen,Car Accessories,Tyre Inflators - Corded,,TI-02,0
FBA79483,TM-03,B0DK9NRBWJ,B0DK9NRBWJ,NexLev Intimate Trimmer for Men|Ceramic Blade|120 Min Runtime|Type C Charge | IPX7 Waterproof | 7000RPM Copper Motor| Cordless|LED Light| Travel Lock| Wet/Dry Groin & Body Shaver | Intimate Pro TM-03,32.0,0.0,0.0003,0.0,54.0,0.0,0.0004,0.0,0.0,0.0,0,0.0,0.0,0.0,0.0,0.0,0.0,0.0,0,14,Nexlev,0.0,0.0,0.0,0.0,0.0,,,,,,,,Nexlev,HPC,Trimmers & Body Groomers,Men's Body Trimmer,,TM-03,0
FBA79566,VC-05,B0DKJSCLBD,B0DKJSCLBD,"nexlev Cordless Wet & Dry Vacuum Cleaner|For Home Car & Office Use|3 Attachments | 4000 mAh Battery|Quick Cleaning of Desk, Coffee tea or Water Spill | Compact & Portable | VC-05",331.0,5.0,0.0029,0.0022,412.0,7.0,0.0028,0.0023,0.161,0.0,0,0.0,0.0,0.0,0.0,0.0,0.0,0.0,0,14,Nexlev,2328.28,158.0,47790.0,0.0,0.0,SP_SD,,0.0,,,,,Nexlev,Home & Kitchen,Cleaning & Vacumming,Vacuum Cleaner,,VC-05,0
FBA79570,BR-01,B0DKJXRXKM,B0DKJXRXKM,NexLev Blackhead & Whitehead Remover Tool | Rechargeable |1Hr Use| Acne & Pimple Pore Cleaner | 6 Heads | Electric Derma Suction Machine | Hydra Facial Cleanser Device for Face |For Men & Women |BR-01,847.0,22.0,0.0075,0.0096,1140.0,26.0,0.0078,0.0085,0.0101,0.0,0,0.0,0.0,0.0,0.0,0.0,0.0,0.0,0,14,Nexlev,7249.04,516.0,88716.0,2708.48,4.0,SP_SD,2.6764236767485823,0.3736329224283491,,1812.26,,,Nexlev,HPC,Skin Care,Blackhead Remover,,BR-01,0
FBA79565,VC-04,B0DKJZDY72,B0DKJZDY72,nexlev Cordless Vacuum Cleaner & Blower |BLDC Copper Motor |HEPA with Stainless Steel Cover | for Home Office & Car Cleaning|4 Attachments | Blower for Dust & Inflatables | Portable & Compact | VC-04,39.0,1.0,0.0003,0.0004,51.0,1.0,0.0003,0.0003,0.2143,0.0,0,0.0,0.0,0.0,0.0,0.0,0.0,0.0,0,14,Nexlev,0.0,0.0,0.0,0.0,0.0,,,,,,,,Nexlev,Home & Kitchen,Cleaning & Vacumming,Vacuum Cleaner,,VC-04,0
FBK79271,V-01 RG,B0DQ8W1RBV,B0DQ8W1RBV,Nexlev Ionic Volumizer|3 In 1 Hot Air Brush To Straight Dry & Volumize|1200 Watts|Reduce Frizz|Ceramic Tourmaline Coated Large Barrel|Salon Like Soft Curl At Home|3 Speed & 2 Heat Settings|V-01 RG,594.0,9.0,0.0053,0.0039,854.0,13.0,0.0059,0.0042,0.0224,0.0,0,0.0,0.0,0.0,0.0,0.0,0.0,0.0,0,14,Nexlev,8440.52,416.0,87558.0,19859.3,16.0,SP_SD,0.4250159874718646,2.352852667845109,,527.5325,,,Nexlev,HPC,Hair Care,Volumizer,,V-01 RG,0
FBA79679,ST-01,B0DVC7VJP1,B0DVC7VJP1,"NexLev Stand Mixer | 5.5L SS Bowl | 1500W |10 Speeds | Pulse Function |Planetary Rotation | Whisk, Beater & Dough Hook |100% Copper Motor | For Roti Atta, Cookie Dough, Cake, Whip Cream & more | ST-01",1766.0,39.0,0.0157,0.0171,2314.0,45.0,0.0159,0.0147,0.0393,0.0,0,0.0,0.0,0.0,0.0,0.0,0.0,0.0,0,14,Nexlev,15290.04,840.0,234952.0,54191.54,12.0,SP_SD,0.2821480991313404,3.544237948363772,,1274.1699999999998,,,Nexlev,Home & Kitchen,Kitchen Appliances,Stand Mixer,,ST-01,0
FBA79683,AP-01,B0DVC9PRSD,B0DVC9PRSD,NexLev Air Purifier for Living Room | 650 sqft Area |True HEPA 13 with 8500 Hrs Filter Life |Captures 99.99% Virus and PM 2.5 |Smart AQI Indicator |Home & Office Use|App Support|Sleep & Auto Mode| A6,34.0,4.0,0.0003,0.0017,41.0,4.0,0.0003,0.0013,0.1111,0.0,0,0.0,0.0,0.0,0.0,0.0,0.0,0.0,0,14,Nexlev,0.0,0.0,0.0,0.0,0.0,,,,,,,,Nexlev,Home & Kitchen,Air Purifier,Air Purifier,,AP-01,0
FBA79678,NP-07,B0DVCDD5VC,B0DVCDD5VC,"nexlev Travel Neck Pillow | Orthopedic Premium Memory Foam | for Airplane, Car, Train, Office use & Cervical Pain | Machine Washable | 360 Support | Carry Pouch for Storage | NP-07",20.0,0.0,0.0002,0.0,25.0,0.0,0.0002,0.0,0.12,0.0,0,0.0,0.0,0.0,0.0,0.0,0.0,0.0,0,14,Nexlev,0.0,0.0,0.0,0.0,0.0,,,,,,,,Nexlev,Home & Kitchen,Travel Accessories,Donut Travel Pillow,,NP-07,0
FBA79707,ETC-08-BL,B0FJ1ZB4G9,B0FJ1ZB4G9,Nexlev Rechargeable Electric Toothbrush| 120 Days Life | 35K strokes/min| Type C| 5 Modes for Daily Use| 2 Min timer with 30sec Quadpacer | 4 Brushheads| IPX7 Waterproof| For Men & Women | ETC-08 Blue,26.0,3.0,0.0002,0.0013,35.0,5.0,0.0002,0.0016,0.0,0.0,0,0.0,0.0,0.0,0.0,0.0,0.0,0.0,0,14,Nexlev,0.0,0.0,78.0,0.0,0.0,SP_SD,,,,,,,Nexlev,HPC,Oral Care,Electric Toothbrush,,ETC-08-BL,0
FBA79809,KE-03,B0FJ8SFNRH,B0FJ8SFNRH,"NexLev 1500W Electric Water Kettle | 1.8L | 304 SS - Auto Cut Off | 3x Protection| Instant Boiling, Water, Tea, Coffee, Noodles, Soup | Cool Touch Handle & Lid | 3Mins Rapid Heating | Cordless | KE-03",7.0,0.0,0.0001,0.0,8.0,0.0,0.0001,0.0,0.7143,0.0,0,0.0,0.0,0.0,0.0,0.0,0.0,0.0,0,14,Nexlev,0.0,0.0,0.0,0.0,0.0,,,,,,,,Nexlev,Home & Kitchen,Kitchen Appliances,Electric Kettle,,KE-03,0
FBA79812,PB-01,B0FS6TB7CP,B0FS6TB7CP,NexLev Portable Blender for Smoothies Milkshakes Juices Baby Food | High Borosilicate Glass Jar | 3000 mAh Battery | Type C | Mix Fruit Juicer Mini | 450ml | For Kitchen & Travel | PB-01,1286.0,15.0,0.0114,0.0066,1781.0,19.0,0.0122,0.0062,0.0179,0.0,0,0.0,0.0,0.0,0.0,0.0,0.0,0.0,0,14,Nexlev,11987.34,736.0,217604.0,19991.52,10.0,SP_SD,0.5996212394055079,1.6677194440134342,,1198.734,,,Nexlev,Home & Kitchen,Kitchen Appliances,Portable Blender,,PB-01,0
FBA79813,AH-50,B0FG88HVQ8,B0FG88HVQ8,"Audio Array AH-50 Professional DJ Headphone | 50mm Drivers | 32Ω | 20Hz-20kHz | Dual Detachable Cables With Mic & Controls | Buddy Share Technology | 105 dB SPL | One Ear Listening | Monitoring,Mixing",2793.0,48.0,0.0344,0.0268,3974.0,82.0,0.0353,0.0332,0.1311,0.3065,10,1.0,0.0036,0.0208,16009.322033898306,2099.0,10.0,1.0,0,11,Audio_Array,22450.55,1362.0,222162.0,74612.66,43.0,SP_SD,0.3008946471014436,3.323422366044485,,522.1058139534883,,,Audio Array,DJ Headphone,DJ Headphone,,,AH-50,10
FBA75673,AM-C1,B0B4DPX2J2,B0B4DPX2J2,"Audio Array AM-C1 USB Condenser Microphone Kit | for Podcasting, Online Meeting, Gaming, Singing & Live Streaming | Boom Arm, Pop Filter, Mic Cover, Spider Shock Mount, Tripod & 2.5M USB Cable",12096.0,239.0,0.1491,0.1337,17336.0,370.0,0.1542,0.1499,0.0278,0.0446,9,0.0,0.0007,0.0,18298.305084745763,0.0,9.0,0.0,0,11,Audio_Array,104506.73,5726.0,907113.0,353388.59,159.0,SP_SD,0.2957275162732333,3.381491220708944,,657.2750314465409,,,Audio Array,Microphone Condenser,USB Microphone Kit - Boomarm,,,AM-C1,9
FBA76862,AM-C28,B0BPLWW72Y,B0BPLWW72Y,Audio Array AM-C28 USB Plug & Play Conference Microphone | Omni Directional Pickup Upto 3M | Mic Mute Button | No Drivers Condenser USB Type-C | Ideal for Meetings & Video Calling (Not a Speaker),646.0,43.0,0.008,0.024,874.0,63.0,0.0078,0.0255,0.1683,0.1042,15,2.0,0.0232,0.0465,19690.67796610169,3098.0,9.0,1.0,0,11,Audio_Array,2108.81,138.0,14426.0,20243.24,14.0,SP_SD,0.1041735413896194,9.599366467344142,,150.62928571428571,,,Audio Array,Microphone Conference,Conference Microphone,,,AM-C28,15
FBA79839,AH-45 BK,B0FQBXS6Y2,B0FQBXS6Y2,"Audio Array AH-45-BK Studio Monitoring & Live Recording Headphones | 20-20KHz, 32 Ω, 100dB SPL | 40mm Depp Bass Closed-Back Driver | 3m OFC Cable | 3.5mm + 6.3mm Adapter (Black)",876.0,13.0,0.0108,0.0073,1268.0,18.0,0.0113,0.0073,0.2502,0.5,25,18.0,0.0285,1.3846,29468.830508474577,24283.8,8.0,1.0,0,11,Audio_Array,7201.87,408.0,51652.0,21002.55,18.0,SP_SD,0.3429045520662967,2.916263414918625,,400.1038888888889,,,Audio Array,DJ Headphone,DJ Headphone,,,AH-45 BK,25
FBA79961,AI-13,B0G53H49BS,B0G53H49BS,"Audio Array AI-13 2026 Edition 4-Channel Hybrid USB Summing Mixer 4 Analog+2 Digital, 48kHz/16-Bit, 2XLR Mic Inputs,TRS Stereo In, 48V Phantom, Hi-Z,2 Band EQ,Monitoring,Amp Out, USB-C Power",9208.0,130.0,0.1135,0.0727,12685.0,187.0,0.1128,0.0758,0.0798,0.0484,6,0.0,0.0007,0.0,11478.813559322034,0.0,6.0,0.0,0,11,Audio_Array,25025.66,3352.0,256665.0,109367.86,48.0,SP_SD,0.228820971718748,4.370228797162592,,521.3679166666667,,,Audio Array,Mixers,4 channels Mixer,,,AI-13,6
FBA79482,AM-S1,B0DXFPM4N2,B0DXFPM4N2,"Audio Array AM-S1 BT v5.3 |Professional 4"" Studio Monitor Speaker Pair| 60W Class D Amplification,Woven Composite Woofer,1"" Silk-Dome Tweeter,EQ Controls|Music/Monitor Mode, Aux, HDMI, USB C, TRS, RCA",6272.0,105.0,0.0773,0.0587,8616.0,128.0,0.0766,0.0519,0.1392,0.1067,5,0.0,0.0008,0.0,29827.1186440678,0.0,5.0,0.0,0,11,Audio_Array,33139.86,3957.0,423189.0,173452.53999999998,27.0,SP_SD,0.191060102089021,5.233955122320975,,1227.4022222222222,,,Audio Array,Monitor Speakers,Studio Monitor Speaker,,,AM-S1,5
FBA79903,AA-25M,B0FR5DLXH9,B0FR5DLXH9,"Audio Array AA-25 Metal Handheld Microphone Interview Adapter with Wind Shield for Wireless Lapel Microphones | Supports, Rode Go, DJI, Hollyland mics etc | Foam Cover with Built-in Cold Shoe Mount",133.0,4.0,0.0016,0.0022,173.0,4.0,0.0015,0.0016,1.0,1.0,5,0.0,0.0376,0.0,3597.4576271186443,0.0,5.0,0.0,0,11,Audio_Array,0.0,0.0,0.0,0.0,0.0,,,,,,,,Audio Array,Microphone Accessories,Accessories,,,AA-25M,5
FBA80016,AM-W22 DUPLICATE,B0GKPXQ8G3,B0GKPXQ8G3,"Audio Array AM-W22_V2 | Latest 2026 Edition Wireless Microphone for Camera/iPhone/Android/iPad/Laptop, Lav Mic with Charging Case, AI Noise Reduction, 50H Battery, 230ft Range, for Recording, YouTube",200.0,11.0,0.0025,0.0062,344.0,15.0,0.0031,0.0061,0.9728,1.0,5,1.0,0.025,0.0909,14614.406779661018,3449.0,5.0,1.0,0,11,Audio_Array,2178.66,126.0,37409.0,11267.8,4.0,SP_SD,0.1933527396652407,5.171894650840426,,544.665,,,Audio Array,Microphone,Wireless Lapel Microphone,,,AM-W22 DUPLICATE,5
FBA75679,AA-02,B0B4JRQP22,B0B4JRQP22,"Audio Array AA-02 3-Panel Curved Isolation Shield with Insulation, Absorption & Reflection Filter | 3/8"" and 5/8"" Universal Mic Mount for Recording Studio, Podcasts, Singing & Broadcasting",276.0,10.0,0.0034,0.0056,388.0,16.0,0.0035,0.0065,0.3293,0.4444,4,0.0,0.0145,0.0,6353.389830508475,0.0,4.0,0.0,0,11,Audio_Array,0.0,0.0,0.0,0.0,0.0,,,,,,,,Audio Array,Microphone Accessories,Accessories,,,AA-02,4
FBA79845,UB-02 (AM-S1 + AA-21),B0FN7B3KWS,B0FN7B3KWS,"Audio Array Studio Monitor Bundle with 60W Powered Speakers & Adjustable Metal Stands | Bluetooth, HDMI ARC, USB-C, RCA Inputs | Professional Studio Monitors for Home Studio, Streaming & Gaming-UB-02",528.0,17.0,0.0065,0.0095,609.0,18.0,0.0054,0.0073,0.9982,1.0,4,0.0,0.0076,0.0,39318.64406779661,0.0,4.0,0.0,0,11,Audio_Array,74.5,14.0,1380.0,9829.66,1.0,SP_SD,0.0075791024308063,131.94174496644294,,74.5,,,Audio Array,Bundles,UB-02,,,UB-02 (AM-S1 + AA-21),4
FBA75684,AA-04,B0B4G7VWXD,B0B4G7VWXD,"Audio Array AA-04 Metal Spider Shock Mount for Condenser Microphone | Anti Vibration, Suspension, Isolation | 4 Size Bottom Screws & Extra Replacement Elastic Bands | Recommended For Rode, Samson, etc",77.0,1.0,0.0009,0.0006,107.0,2.0,0.001,0.0008,0.15,1.0,4,2.0,0.0519,2.0,4277.118644067797,3298.0,3.0,1.0,0,11,Audio_Array,0.0,0.0,0.0,0.0,0.0,SP_SD,,,,,,,Audio Array,Microphone Accessories,Accessories,,,AA-04,4
FBA76414,AA-05,B0BLJVJ2GN,B0BLJVJ2GN,"Audio Array AA-05 Suspension Boom Scissor Microphone Arm Stand | Universal clamp with mic Holder & 3/8″ to 5/8″ Adapter for Shock mounts | Suitable for Stages, Studios, Broadcasting, TV Stations",572.0,19.0,0.0071,0.0106,801.0,22.0,0.0071,0.0089,0.2514,0.5,3,0.0,0.0052,0.0,1904.2372881355932,0.0,3.0,0.0,0,11,Audio_Array,4214.6900000000005,369.0,92033.0,15030.51,14.0,SP_SD,0.2804089814650334,3.5662195796132097,,301.04928571428576,,,Audio Array,Microphone Accessories,Accessories,,,AA-05,3
FBA78974,AA-20,B0CF5RRTDJ,B0CF5RRTDJ,"Audio Array AA-20 Microphone Arm Stand | 81cm Reach | Premium light weight & slick design | Flexible height & position adjustments | 1kg Weight Capacity | 5/8"" to 3/8"" Screw Adapter | Cable Ties",159.0,5.0,0.002,0.0028,209.0,5.0,0.0019,0.002,0.4322,0.0,3,0.0,0.0189,0.0,5336.440677966102,0.0,3.0,0.0,0,11,Audio_Array,258.32,15.0,1086.0,6523.72,2.0,SP_SD,0.0395970397258006,25.254413131000312,,129.16,,,Audio Array,Microphone Accessories,Accessories,,,AA-20,3
FBA79103,AI-10,B0CM6NTWBP,B0CM6NTWBP,"Audio Array AI-10 Professional Live Soundcard|1Ch Mixer |Bluetooth | 3 Condenser Mic Inputs, 2 mobilephones & PC/Mac Outputs | +48V phantom power, 4 Voice Modes, Denoise, built-in FX | Gaming, Karaoke",1514.0,23.0,0.0187,0.0129,2328.0,30.0,0.0207,0.0122,0.0601,0.1111,3,0.0,0.002,0.0,5083.898305084746,0.0,3.0,0.0,0,11,Audio_Array,6153.26,687.0,101555.0,37445.8,15.0,SP_SD,0.1643244369194943,6.085522145984405,,410.2173333333333,,,Audio Array,Audio Interface,Audio Interface,,,AI-10,3
FBA79105,AI-12,B0CM6WH4ZT,B0CM6WH4ZT,"Audio Array AI-12 USB Bluetooth Soundcard | 1Ch Mixer interface | 2 mic inputs, 2 smartphone & PC/Mac outputs | Karaoke Recording, Mobile/PC Streaming, Live Broadcasting | Singing, Recording,Gaming",740.0,8.0,0.0091,0.0045,1019.0,13.0,0.0091,0.0053,0.3075,0.5,3,0.0,0.0041,0.0,3642.372881355932,0.0,3.0,0.0,0,11,Audio_Array,4892.58,541.0,80809.0,17689.829999999998,14.0,SP_SD,0.2765758630806514,3.615644506579351,,349.47,,,Audio Array,Audio Interface,Audio Interface,,,AI-12,3
FBA79967,AM-W19,B0G2C2RCXN,B0G2C2RCXN,"Audio Array Wireless Lavalier Mic with AI Noise Cancellation for iPhone/Android, 32h Charging case and Plug-and-Play Setup for vlogging, Streaming, Meetings, and Video Recording",229.0,11.0,0.0028,0.0062,309.0,12.0,0.0027,0.0049,0.9718,1.0,3,0.0,0.0131,0.0,5082.203389830509,0.0,3.0,0.0,0,11,Audio_Array,1568.83,113.0,38696.0,1609.32,1.0,SP_SD,0.9748403052220812,1.0258090424073991,,1568.83,,,Audio Array,Microphone Wireless Lapel,Wireless Lapel Microphone,,,AM-W19,3
FBA79972,M8,B0GCP1J2HC,B0GCP1J2HC,"Audio Array M8 Latest 2026 Edition 6-Channel Hybrid USB Summing Mixer (6 Analog + 2 Digital) for Recording & Live, 192kHz/24-Bit OTG, 99 DSP FX, 4 XLR Mic Inputs, Phantom Power, Hi-Z & Monitoring",2010.0,30.0,0.0248,0.0168,2899.0,44.0,0.0258,0.0178,0.395,0.3636,3,0.0,0.0015,0.0,20336.440677966104,0.0,3.0,0.0,0,11,Audio_Array,7210.7,1148.0,86743.0,30673.730000000003,6.0,SP_SD,0.2350773772866879,4.253918482255537,,1201.7833333333333,,,Audio Array,Mixers,8 channels Mixer,,,M8,3
FBA75681,AM-C7,B0B4FZS38V,B0B4FZS38V,"Audio Array AM-C7 USB 2 in 1 Plug & Play Condenser Microphone Kit with Boom Arm | 3.5 mm No Latency Monitoring, Volume Control & Mute Button| for Conference, Gaming, Podcasting & Live Streaming",266.0,2.0,0.0033,0.0011,430.0,3.0,0.0038,0.0012,1.0,1.0,2,0.0,0.0075,0.0,3811.864406779661,0.0,2.0,0.0,0,11,Audio_Array,201.27,21.0,4852.0,1439.83,1.0,SP_SD,0.139787336004945,7.153723853530083,,201.27,,,Audio Array,Microphone Condenser,USB Microphone Kit - Boomarm,,,AM-C7,2
FBA78973,AA-19,B0CF5R3V95,B0CF5R3V95,"Audio Array AA-19 2in1 High & Low Profile Mic Stand | 71cm reach | Premium Metal design with Built In Cable Management | Flexible Position adjustments | 2Kg Weight Capacity |5/8"" to 3/8"" Screw Adapter",1037.0,36.0,0.0128,0.0201,1416.0,60.0,0.0126,0.0243,0.0328,0.0,2,0.0,0.0019,0.0,6608.474576271186,0.0,2.0,0.0,0,11,Audio_Array,6542.74,297.0,29727.0,22409.31,7.0,SP_SD,0.2919652590820512,3.425065033915454,,934.6771428571428,,,Audio Array,Microphone Accessories,Accessories,,,AA-19,2
FBA79109,AM-W18,B0CM9HYVDM,B0CM9HYVDM,"Audio Array AM-W18 Wireless Karaoke Speaker with Microphone | Portable Bluetooth Speaker for Singing & Gifting with Voice Changer | Upto 8+ Hours of Playback | Bluetooth v5.3, SD Card & AUX in (Pink)",577.0,14.0,0.0071,0.0078,801.0,14.0,0.0071,0.0057,0.0147,0.0,2,0.0,0.0035,0.0,2100.0,0.0,2.0,0.0,0,11,Audio_Array,3940.34,273.0,57194.0,9111.04,9.0,SP_SD,0.4324797169148637,2.3122471664881714,,437.8155555555556,,,Audio Array,Speaker Karaoke,Microphone with Speaker,,,AM-W18,2
FBA79825,GB-02 (AM-C43 + AI-11),B0FJ2DT13L,B0FJ2DT13L,"Audio Array All in 1 Pro Bundle | Condenser Mic with USB Bluetooth Soundcard Mixer | Complete Setup for Streaming, Podcasting, Gaming, Singing & Home Studio Recording - GB-02",225.0,4.0,0.0028,0.0022,259.0,5.0,0.0023,0.002,0.3826,0.5,2,0.0,0.0089,0.0,6608.474576271186,0.0,2.0,0.0,0,11,Audio_Array,0.0,0.0,0.0,0.0,0.0,,,,,,,,Audio Array,Bundles,GB-02,,,GB-02 (AM-C43 + AI-11),2
FBA79841,AH-60 BL,B0FQBTRM28,B0FQBTRM28,"Audio Array AH-60-BL, 60Ω, Professional Monitoring Headphones | 53mm Drivers | 10Hz–30KHz | 105dB SPL | Closed-Back, DJ & Studio | 3m Cable with 3.5mm & 6.3mm Plugs (Blue)",270.0,7.0,0.0033,0.0039,445.0,10.0,0.004,0.0041,0.2462,0.125,2,0.0,0.0074,0.0,3291.5254237288136,0.0,2.0,0.0,0,11,Audio_Array,2448.35,160.0,31314.0,6092.37,4.0,SP_SD,0.401871521263482,2.4883574652316867,,612.0875,,,Audio Array,DJ Headphone,DJ Headphone,,,AH-60 BL,2
FBA79959,AM-W47 WIRED,B0G39ZHDYP,B0G39ZHDYP,"Audio Array Wired Voice Amplifier 2026 Edition | Bluetooth 5.3 | Wired Headset Mic with 10W Speaker for Teachers, Tour Guides | 10Hrs Battery Life |1 Click Monitoring | TWS Connectivity AM-W47 Wired",131.0,1.0,0.0016,0.0006,181.0,1.0,0.0016,0.0004,0.0252,0.0,2,0.0,0.0153,0.0,2033.898305084746,0.0,2.0,0.0,0,11,Audio_Array,1108.47,90.0,17767.0,1016.1,1.0,SP_SD,1.0909064068497196,0.9166689220276596,,1108.47,,,Audio Array,Voice Amplifier,Wired Voice Amplifier,,,AM-W47 WIRED,2
FBA79968,AI-14,B0G53M9258,B0G53M9258,"Audio Array AI-14 8-Channel Hybrid USB Audio Mixer with 8 Analog + 2 Digital Inputs, 48kHz/16-Bit Processing, +50dB Gain, Combo XLR, Phantom Power, Hi-Z, 3-Band EQ, 99 DSP FX, Balanced XLR Output",256.0,2.0,0.0032,0.0011,377.0,4.0,0.0034,0.0016,0.9096,1.0,2,0.0,0.0078,0.0,5507.627118644068,0.0,2.0,0.0,0,11,Audio_Array,0.0,0.0,0.0,0.0,0.0,,,,,,,,Audio Array,Mixers,8 channels Mixer,,,AI-14,2
FBA75689,AM-W13,B0B4G59Y8W,B0B4G59Y8W,"Audio Array AM-W13 UHF Wireless Premium Metal Microphone | 4+ Hours Receiver Battery Backup | Range up to 60m | Karaoke Singing, Wedding, DJ | Compatible with PA System, Amplifier, Mixer, Party Box",127.0,3.0,0.0016,0.0017,154.0,3.0,0.0014,0.0012,0.4058,1.0,1,0.0,0.0079,0.0,1863.5593220338983,0.0,1.0,0.0,0,11,Audio_Array,429.43,48.0,4986.0,0.0,0.0,SP_SD,,0.0,,,,,Audio Array,Microphone Wireless Handheld,Wireless Microphone,,,AM-W13,1
FBA75686,AM-W10,B0B4G89VQJ,B0B4G89VQJ,"Audio Array AM-W10 Professional Dual Wireless Lapel Mics | Upto 10hr Battery & 100m Range | 2X Lapel mics, Type C Adapter for Easy Plug&Play | Volume & Mute Function | Vlogging, Streaming, YouTube",20.0,1.0,0.0002,0.0006,22.0,1.0,0.0002,0.0004,0.9524,0.0,1,0.0,0.05,0.0,3304.237288135593,0.0,1.0,0.0,0,11,Audio_Array,0.0,0.0,0.0,0.0,0.0,SP_SD,,,,,,,Audio Array,Microphone Wireless Lapel,Wireless Microphone,,,AM-W10,1
FBA75678,AA-01,B0B4G8PH2P,B0B4G8PH2P,"Audio Array AA-01 Suspension Boom Scissor Microphone Stand | Double Layer Mesh Pop Filter | 70cm Sturdy Boom Arm with 1.8kg Capacity | 5/8"" to 3/8"" Screw Adapter | Mic Holder, Foam Cover, Cable Ties",193.0,8.0,0.0024,0.0045,235.0,12.0,0.0021,0.0049,0.0448,0.3636,2,2.0,0.0104,0.25,3642.372881355932,4298.0,1.0,1.0,0,11,Audio_Array,1715.6,71.0,21582.0,0.0,0.0,SP_SD,,0.0,,,,,Audio Array,Microphone Accessories,Accessories,,,AA-01,2
FBA75675,AM-C3,B0B4G8ZB64,B0B4G8ZB64,"Audio Array AM-C3 XLR to TRS Dynamic Handheld Karaoke Microphone | Premium Metal Built with 3M Cable | Singing, Public Meetings, Studio Recording, Live Show, Party, Church, Wedding",363.0,9.0,0.0045,0.005,512.0,11.0,0.0046,0.0045,0.0419,0.0,1,0.0,0.0028,0.0,761.8644067796611,0.0,1.0,0.0,0,11,Audio_Array,1724.68,166.0,27589.0,5205.91,7.0,SP_SD,0.3312927038692563,3.01847879026834,,246.38285714285715,,,Audio Array,Microphone Dynamic,Vocal Microphone,,,AM-C3,1
FBA76742,AM-K1,B0BLKBJ5HN,B0BLKBJ5HN,"Audio Array AM-K1 Instrument Drum Microphone Kit | Stage Performance & Professional Studio Recording Quality | 1 Kick Drum Mic, 2 Tom Mics, 2 Overhead Condenser Mics with Standard Mounting Accessories",107.0,1.0,0.0013,0.0006,143.0,1.0,0.0013,0.0004,1.0,0.0,1,0.0,0.0093,0.0,8473.728813559323,0.0,1.0,0.0,0,11,Audio_Array,179.87,34.0,1834.0,8473.73,1.0,SP_SD,0.0212267797062214,47.1103018846945,,179.87,,,Audio Array,Instrument Microphone Kit,Instrument Microphone - Drum Kit,,,AM-K1,1
FBA76864,AI-04 RED,B0BPLZ5CGV,B0BPLZ5CGV,Audio Array AI-04 2x2 Gen 3 Audio Interface | Premium Mic Pre-Amps | 48V Phantom Power | 24bit/192kHz Hi-Fi Recording | XLR/MIC/LINE inputs | Plug & Play-No Drivers | 2 in 3 out | Metal Body | Red,7774.0,146.0,0.0958,0.0817,11487.0,225.0,0.1022,0.0912,0.0104,0.0794,1,0.0,0.0001,0.0,4024.576271186441,0.0,1.0,0.0,0,11,Audio_Array,58471.35,4795.0,738245.0,385292.05,106.0,SP_SD,0.1517585166888338,6.589416013141479,,551.6165094339623,,,Audio Array,Audio Interface,Audio Interface,,,AI-04 RED,1
FBA78961,AM-C40,B0CBCB9S14,B0CBCB9S14,"Audio Array AM-C40 Large Diaphragm USB Condenser Microphone Kit | Boom Arm & Pop-Filter | 96kHz/24bit No Latency Headphone Monitoring with Mute & Volume Control Knob | Singing, Podcasting & Streaming",91.0,4.0,0.0011,0.0022,142.0,9.0,0.0013,0.0036,0.3577,1.0,1,0.0,0.011,0.0,2117.7966101694915,0.0,1.0,0.0,0,11,Audio_Array,560.76,43.0,10843.0,0.0,0.0,SP_SD,,0.0,,,,,Audio Array,Microphone Condenser,Condenser Mic with Boom Arm,,,AM-C40,1
FBA78975,AA-21,B0CF5TCQKL,B0CF5TCQKL,"Audio Array AA-21 Desktop Mount Speaker Stands | 15KG Capacity | Height, Tilt & Rotation Adjustable | Smart Cable Management | for Sound Editing, Gaming, Music Production | Black (Set of 2)",921.0,46.0,0.0114,0.0257,1217.0,61.0,0.0108,0.0247,0.0276,0.1087,1,0.0,0.0011,0.0,3177.1186440677966,0.0,1.0,0.0,0,11,Audio_Array,5209.53,291.0,20636.0,41177.16,11.0,SP_SD,0.126515038919634,7.904198651317874,,473.59363636363634,,,Audio Array,Microphone Accessories,Accessories,,,AA-21,1
FBA79009,AM-C41,B0CH4PMR8K,B0CH4PMR8K,"Audio Array AM-C41 Plug & Play AI Noise Cancellation USB Condenser Microphone | Mute Button/Echo/Volume Knob | Kit with Tripod, Mic Cover | Gaming, Streaming, Podcast | Mac/PC/Laptop/Mobile",172.0,3.0,0.0021,0.0017,257.0,5.0,0.0023,0.002,0.2748,0.6,1,0.0,0.0058,0.0,1355.084745762712,0.0,1.0,0.0,0,11,Audio_Array,738.9300000000001,52.0,5638.0,0.0,0.0,SP_SD,,0.0,,,,,Audio Array,Microphone Condenser,USB Microphone Kit - Tripod,,,AM-C41,1
FBA79016,AM-C3A,B0CH4R1V6S,B0CH4R1V6S,"Audio Array AM-C3a Unidirectional Dynamic Handheld Karaoke Microphone | 20Hz - 20kHz Response | Karaoke Singing, Public Meetings, Studio Recording, Live Sound, Party (no Cable Included)",386.0,11.0,0.0048,0.0062,561.0,14.0,0.005,0.0057,0.0894,0.2,1,1.0,0.0026,0.0909,677.1186440677966,799.0,1.0,1.0,0,11,Audio_Array,0.0,0.0,0.0,0.0,0.0,SP_SD,,,,,,,Audio Array,Microphone Dynamic,Vocal Microphone,,,AM-C3A,1
FBA79104,AI-11,B0CM6NVLT9,B0CM6NVLT9,"Audio Array AI-11 USB Bluetooth Soundcard, 1Ch Mixer, Audio Interface | 2 Condenser In, 2 Out |2 Live Out+1 Accompany In | OTG for mobile and PC/MAC | Effects | Streaming, Podcasting, Gaming, Singing",1350.0,22.0,0.0166,0.0123,1949.0,28.0,0.0173,0.0113,0.0446,0.1333,1,0.0,0.0007,0.0,1312.7118644067798,0.0,1.0,0.0,0,11,Audio_Array,4785.24,595.0,57087.0,19184.74,12.0,SP_SD,0.2494294944836364,4.0091489664050295,,398.77,,,Audio Array,Audio Interface,Audio Interface,,,AI-11,1
FBA79108,AM-W16,B0CM9L1QZG,B0CM9L1QZG,"Audio Array AM-W16 Solo Wireless Lapel Over Ear Mic|in-Built ANC,Plug N Play,LongBattery Life,Ultra-Low Latency,Upto 30M Range|Compatible with iPhone&Android|Vlogging,Streaming,Teaching,YouTube,Black",101.0,0.0,0.0012,0.0,130.0,0.0,0.0012,0.0,0.2143,0.0,1,0.0,0.0099,0.0,1143.2203389830509,0.0,1.0,0.0,0,11,Audio_Array,153.14,76.0,13153.0,1143.22,1.0,SP_SD,0.1339549692972481,7.465195246179966,,153.14,,,Audio Array,Microphone Wireless Lapel,Wireless Lapel Microphone,,,AM-W16,1
FBA79107,AM-W17,B0CM9P5CCK,B0CM9P5CCK,"Audio Array AM-W17 Dual Wireless Lapel Mic|in-Built ANC, Plug N Play,Long Battery Life, Ultra-Low Latency,Upto 30M Range|Compatible with iPhone & Android|Vlogging, Streaming, Teaching,YouTube, Black",159.0,3.0,0.002,0.0017,219.0,5.0,0.0019,0.002,0.5707,1.0,1,0.0,0.0063,0.0,1439.8305084745764,0.0,1.0,0.0,0,11,Audio_Array,214.55,10.0,2617.0,0.0,0.0,SP_SD,,0.0,,,,,Audio Array,Microphone Wireless Lapel,Wireless Lapel Microphone,,,AM-W17,1
FBA79355,AA-19BL,B0D3M86SH1,B0D3M86SH1,Audio Array AA-19BL RGB Low Profile Boomarm Stand with Riser | 71cm reach & 20 RGB lighting effects & Built-In Cable Management | Matte finish with Flexible adjustments | 2Kg Weight Capacity | Black,313.0,15.0,0.0039,0.0084,375.0,17.0,0.0033,0.0069,0.0551,0.25,1,0.0,0.0032,0.0,4236.440677966102,0.0,1.0,0.0,0,11,Audio_Array,1284.3,55.0,8401.0,8462.72,2.0,SP_SD,0.1517597179157528,6.589363855796932,,642.15,,,Audio Array,Microphone Accessories,Accessories,,,AA-19BL,1
FBA79445,AM-W32,B0DFMLS8JG,B0DFMLS8JG,"Audio Array AM-W32 UHF Dual Wireless Premium Metal Microphones | 1200mAh 6-8 Hours Receiver Battery Backup | Range up to 60M | Karaoke Singing, Wedding, DJ, Events | Built in Volume and Echo Controls",386.0,8.0,0.0048,0.0045,518.0,9.0,0.0046,0.0036,0.3763,0.375,1,0.0,0.0026,0.0,3388.983050847458,0.0,1.0,0.0,0,11,Audio_Array,946.1,104.0,17766.0,13555.92,5.0,SP_SD,0.0697923859096247,14.328210548567805,,189.22,,,UNKNOWN,,,,,AM-W32,1
FBA79653,AM-C45 PRO,B0DN6LJZBR,B0DN6LJZBR,"Audio Array AM-C45 XLR/USB Pro RGB Dynamic Microphone Kit | 192kHz/24bit Studio Quality Output | Volume Control, Mute and Noise Cancellation | Realtime Monitoring for Streaming, Gaming & podcasting",71.0,1.0,0.0009,0.0006,91.0,1.0,0.0008,0.0004,0.4103,0.0,1,0.0,0.0141,0.0,3473.728813559322,0.0,1.0,0.0,0,11,Audio_Array,0.0,0.0,0.0,0.0,0.0,SP_SD,,,,,,,Audio Array,Bundles,Bundles,,,AM-C45 PRO,1
FBA79654,AM-C11 PRO,B0DN6MNS1X,B0DN6MNS1X,"Audio Array AM-C11 Pro XLR/USB Professional Dynamic Mic Kit | Premium Metal 96kHz/24bit Studio Quality | 2M XLR & USB Cables,Volume Control,Mute & Realtime Monitoring | Streaming,Gaming & podcasting",222.0,7.0,0.0027,0.0039,308.0,9.0,0.0027,0.0036,0.0474,0.2857,2,2.0,0.009,0.2857,8811.864406779661,10398.0,1.0,1.0,0,11,Audio_Array,1261.41,63.0,8496.0,12777.2,3.0,SP_SD,0.0987235074977303,10.129299751864975,,420.47,,,Audio Array,Bundles,Bundles,,,AM-C11 PRO,2
FBA79694,AA-26,B0DT6T6N6B,B0DT6T6N6B,"Audio Array AA-26 Tabletop Metal Microphone Stand | Extendable height up to 22cm | Studio Sound Recording, Streaming, Podcasting, Singing | Stylish Sturdy Metal Design to last long, flat base",696.0,32.0,0.0086,0.0179,1005.0,49.0,0.0089,0.0199,0.0975,0.0,1,0.0,0.0014,0.0,465.2542372881357,0.0,1.0,0.0,0,11,Audio_Array,569.75,67.0,5413.0,930.5,2.0,SP_SD,0.6123052122514777,1.6331724440544098,,284.875,,,Audio Array,Microphone Accessories,Accessories,,,AA-26,1
FBA79722,AM-W21,B0F2HYY7JF,B0F2HYY7JF,"Audio Array AM-W21 Dual Wireless Lapel Microphones | TFT Card Recording, Noise Cancellation & Echo | Android, iOS, DSLR, Laptops | 360° Pickup, Plug n Play, 60M Working Range, 48-Hour Battery Life",40.0,0.0,0.0005,0.0,47.0,0.0,0.0004,0.0,0.975,0.0,1,0.0,0.025,0.0,2541.5254237288136,0.0,1.0,0.0,0,11,Audio_Array,99.69,8.0,7686.0,0.0,0.0,SP_SD,,0.0,,,,,Audio Array,Microphone Wireless Lapel,Wireless Lapel Microphone,,,AM-W21,1
FBA79708,SB-01,B0FFB6YJM1,B0FFB6YJM1,"Audio Array SB-01 | Bluetooth Soundbar 25W, Gaming RGB Lights, AUX, Bluetooth, USB, FM & TWS I Fast Charge Battery, Multiport Connectivity, BT Speaker for TV, Mobile, PC, Laptops, Tablets Black",127.0,1.0,0.0016,0.0006,155.0,1.0,0.0014,0.0004,0.3741,0.0,1,0.0,0.0079,0.0,1100.8474576271187,0.0,1.0,0.0,0,11,Audio_Array,86.39,51.0,4328.0,0.0,0.0,SP_SD,,0.0,,,,,Audio Array,Sound Bar,Sound Bar,,,SB-01,1
FBA79824,GB-01 (AM-C43 +AI-10),B0FJ2K95XT,B0FJ2K95XT,"Audio Array Ultimate Gaming Bundle | Condenser Mic with Boom Arm & Sound Card | Streaming Kit for PC/Mobile with 14 FX, Voice Modes, Loopback, Real Time Monitoring |for YouTube & Live Stream - GB-01",226.0,4.0,0.0028,0.0022,290.0,4.0,0.0026,0.0016,0.6601,0.25,1,0.0,0.0044,0.0,4744.9152542372885,0.0,1.0,0.0,0,11,Audio_Array,763.1899999999999,51.0,18065.0,0.0,0.0,SP_SD,,0.0,,,,,Audio Array,Bundles,GB-01,,,GB-01 (AM-C43 +AI-10),1
FBA79830,GB-03 (AI-12 + AM-C43),B0FJ8TSQK1,B0FJ8TSQK1,"Audio Array Singing Bundle | Condenser Mic with Boom Arm & Sound Card V8 | Voice Effects, Reverb, Bluetooth | Ideal for Podcasting, Karaoke, Live Streaming, YouTube & Singing - GB-03",159.0,3.0,0.002,0.0017,187.0,6.0,0.0017,0.0024,0.6667,1.0,1,1.0,0.0063,0.3333,2685.593220338983,3169.0,1.0,1.0,0,11,Audio_Array,711.61,46.0,13113.0,2685.6,1.0,SP_SD,0.2649724456359845,3.7739773190371126,,711.61,,,Audio Array,Bundles,GB-03,,,GB-03 (AI-12 + AM-C43),1
FBK79708,SB-01,B0FJS7JZ4V,B0FJS7JZ4V,"Audio Array SB-01 25W | 2.0 Sound Bar Speaker | BT v5.3 AUX, USB, TF Card, TWS Connectivity | Inbuilt FM Radio | Build in Mics | Dynamic LED Lights",161.0,1.0,0.002,0.0006,210.0,2.0,0.0019,0.0008,1.0,1.0,1,0.0,0.0062,0.0,1016.1016949152544,0.0,1.0,0.0,0,11,Audio_Array,132.04000000000002,47.0,6220.0,1016.1,1.0,SP_SD,0.1299478397795492,7.695395334747046,,132.04000000000002,,,Audio Array,Sound Bar,Sound Bar,,,SB-01,1
FBK79009,AM-C41,B0FLYHJ6DK,B0FLYHJ6DK,"Audio Array AM-C41 Plug & Play AI Noise Cancellation USB Condenser Microphone | Mute Button/Echo/Volume Knob | Kit with Tripod, Mic Cover | Gaming, Streaming, Podcast | Mac/PC/Laptop/Mobile",136.0,3.0,0.0017,0.0017,198.0,6.0,0.0018,0.0024,0.989,1.0,1,0.0,0.0074,0.0,1380.5084745762713,0.0,1.0,0.0,0,11,Audio_Array,0.0,0.0,0.0,0.0,0.0,,,,,,,,Audio Array,Microphone Condenser,USB Microphone Kit - Tripod,,,AM-C41,1
FBK79010,AM-C42,B0FLYJFC22,B0FLYJFC22,"Audio Array AM-C42 Plug & Play AI Noise Cancelling USB Condenser Microphone | Mute Button/Echo/Volume Knob | Kit with Boom Arm & Pop Filter | Karaoke, Gaming, Streaming, Podcast | Mac/PC/Mobile",55.0,1.0,0.0007,0.0006,76.0,3.0,0.0007,0.0012,1.0,1.0,1,0.0,0.0182,0.0,1990.6779661016951,0.0,1.0,0.0,0,11,Audio_Array,179.47,12.0,3145.0,0.0,0.0,SP_SD,,0.0,,,,,Audio Array,Microphone Condenser,USB Microphone Kit - Boomarm,,,AM-C42,1
FBA79838,AH-40 SL,B0FQBX8J17,B0FQBX8J17,"Audio Array AH-40-SL Wired Over-Ear Headphones | 40mm Drivers, 15-22KHz, 32Ω, 105dB SPL Sound, Studio Monitoring, Gaming, Live Music Headset with 3.5mm + 6.3mm Plug Compatibility",785.0,17.0,0.0097,0.0095,1143.0,22.0,0.0102,0.0089,0.0621,0.0588,6,6.0,0.0076,0.3529,6406.932203389831,7560.18,1.0,1.0,0,11,Audio_Array,7439.59,513.0,69131.0,30866.91,27.0,SP_SD,0.2410215340635003,4.149006867313925,,275.5403703703704,,,Audio Array,DJ Headphone,DJ Headphone,,,AH-40 SL,6
FBA79958,AM-W24,B0G3Q59X8C,B0G3Q59X8C,"Audio Array AM-W24 2026 Edition Magnetic Wireless 5gm Mic with Slide Charging Case for iPhone/Android/iPad, AI Noise Reduction, 30H Battery, 200ft Range, Plug & Play for Recording, Vlogging, Streaming",338.0,22.0,0.0042,0.0123,509.0,25.0,0.0045,0.0101,0.0374,0.0625,1,0.0,0.003,0.0,0.0,0.0,1.0,0.0,0,11,Audio_Array,3175.73,254.0,51851.0,6522.03,4.0,SP_SD,0.4869235498763422,2.053710485463185,,793.9325,,,Audio Array,Microphone Wireless Lapel,Wireless Lapel Microphone,,,AM-W24,1
FBA79964,AM-PRO12,B0G53KWRWH,B0G53KWRWH,"Audio Array AM-Pro12 12-Channel HYBRID USB Mixer 12 channel analog+2 digital 48kHz/16bit,128DSP Fx, Built-In Compressor, 4Group Buses, Inserts,+24dBu Balanced XLR Outs For Live, Studio & Broadcast",528.0,10.0,0.0065,0.0056,684.0,11.0,0.0061,0.0045,1.0,1.0,1,0.0,0.0019,0.0,19490.67796610169,0.0,1.0,0.0,0,11,Audio_Array,1373.83,297.0,36577.0,1482.2,1.0,SP_SD,0.9268857104304412,1.078881666581746,,1373.83,,,Audio Array,Mixers,12 channels Mixer,,,AM-PRO12,1
FBA79965,AM-MIX6,B0G53PRM34,B0G53PRM34,"Audio Array AM-Mix6 6-Channel Hybrid USB Audio Mixer with 6 Analog + 2 Digital Inputs, 48kHz/16-Bit, +50dB Mic Gain, PAD Switch, Dual AUX Sends,128 DSP FX, Balanced XLR Main Output, ≥102dB Max SPL",161.0,7.0,0.002,0.0039,228.0,7.0,0.002,0.0028,0.9712,1.0,1,0.0,0.0062,0.0,7202.542372881357,0.0,1.0,0.0,0,11,Audio_Array,0.0,0.0,0.0,0.0,0.0,SP_SD,,,,,,,Audio Array,Mixers,6 channels mixer,,,AM-MIX6,1
FBA79974,AM-S1,B0GD8JSPB1,B0GD8JSPB1,"Audio Array 60W Bluetooth Bookshelf Speaker Pair | 1.5"" Silk Dome Tweeter, 4"" Sub Woofer | Music & Monitor Mode | Aux, HDMI, USB-C, TRS & RCA Connectivity",114.0,4.0,0.0014,0.0022,156.0,4.0,0.0014,0.0016,1.0,1.0,1,0.0,0.0088,0.0,7033.050847457627,0.0,1.0,0.0,0,11,Audio_Array,0.0,0.0,0.0,0.0,0.0,SP_SD,,,,,,,Audio Array,Monitor Speakers,Bookshelf Speaker,,,AM-S1,1
FBA80007,MT-12,B0GN2LHJY4,B0GN2LHJY4,"Audio Array MT-12 12 Analog+2 Digital Channel Hybrid Analog+USB Mixer, 48kHz DSP, 4 XLR & 8 TRS Inputs, 3-Band EQ, +48V Phantom, 24dBu Balanced XLR Out, Graphical EQ, Type-C Power, Studio & Streaming",625.0,7.0,0.0077,0.0039,794.0,7.0,0.0071,0.0028,0.9603,1.0,1,0.0,0.0016,0.0,7618.64406779661,0.0,1.0,0.0,0,11,Audio_Array,4169.39,592.0,82262.0,21599.99,3.0,SP_SD,0.1930274041793538,5.180611552289424,,1389.7966666666669,,,Audio Array,Mixers,12 channels Mixer,,,MT-12,1
FBA75676,AM-C4,B0B4DS678Q,B0B4DS678Q,"Audio Array AM-C4 USB Plug & Play Condenser Microphone with Tripod, Pop-Filter & Shock Mount | for Conference, Gaming, Podcasting, Voice Over, YouTube, Skype, Zoom & Live Streaming on iOS,Windows",194.0,2.0,0.0024,0.0011,260.0,2.0,0.0023,0.0008,0.1281,0.0,0,0.0,0.0,0.0,0.0,0.0,0.0,0.0,0,11,Audio_Array,411.81,50.0,6702.0,1609.32,1.0,SP_SD,0.2558906867496831,3.9079187003715306,,411.81,,,Audio Array,Microphone Condenser,USB Microphone Kit - Tripod,,,AM-C4,0
FBA75674,AM-C2,B0B4G19R58,B0B4G19R58,"Audio Array AM-C2 XLR Condenser Microphone Kit | Boom Arm, 2M Cable, Pop Filter & Mic Cover | Compatible with Audio Interface, Mixer & preamp | Recording, Podcasting, Streaming, Home Studio (Black)",764.0,15.0,0.0094,0.0084,1116.0,24.0,0.0099,0.0097,0.0468,0.1,0,0.0,0.0,0.0,0.0,0.0,0.0,0.0,0,11,Audio_Array,4833.21,227.0,53413.0,16097.45,5.0,SP_SD,0.3002469335205265,3.330591884068766,,966.642,,,Audio Array,Microphone Condenser,XLR Microphone Kit - Boomarm,,,AM-C2,0
FBA75692,AM-C11,B0B4G1HPL5,B0B4G1HPL5,"Audio Array AM-C11 XLR/USB Dynamic Podcast Microphone | Built-in Monitoring | One Touch Mute and Volume Control | Premium Metal Build | 2M XLR & USB Cable | Streaming, Gaming, Podcasting, Singing",338.0,9.0,0.0042,0.005,467.0,10.0,0.0042,0.0041,0.043,0.0,0,0.0,0.0,0.0,0.0,0.0,0.0,0.0,0,11,Audio_Array,1503.89,85.0,24650.0,0.0,0.0,SP_SD,,0.0,,,,,Audio Array,Microphone Dynamic,USB/XLR Dynamic Mic,,,AM-C11,0
FBA75680,AM-C6,B0B4G1PXWV,B0B4G1PXWV,"Audio Array AM-C6 USB Plug & Play Condenser Microphone Kit | with pop-Filter & Shock Mount | 3.5 mm No Latency Monitoring, Volume Control & Mute Button | Gaming, Podcasting & Streaming",0.0,0.0,0.0,0.0,0.0,0.0,0.0,0.0,0.0,0.0,0,0.0,0.0,0.0,0.0,0.0,0.0,0.0,0,11,Audio_Array,361.58,42.0,5133.0,3218.64,2.0,SP_SD,0.1123393731513931,8.901598539742242,,180.79,,,Audio Array,Microphone Condenser,USB Microphone Kit - Tripod,,,AM-C6,0
FBA75691,AM-W14,B0B4G5JG4P,B0B4G5JG4P,"Audio Array AM-W14 UHF Dual Wireless Premium Metal Microphone | 2X XLR Outs & 1/4"" Mix Out | Range up to 200ft/60m | Karaoke Singing, Wedding, DJ, Church | PA System, Amplifier, Mixer, Party Box",274.0,13.0,0.0034,0.0073,376.0,14.0,0.0033,0.0057,0.1205,0.0,0,0.0,0.0,0.0,0.0,0.0,0.0,0.0,0,11,Audio_Array,508.42,39.0,3116.0,0.0,0.0,SP_SD,,0.0,,,,,Audio Array,Microphone Wireless Handheld,Wireless Microphone,,,AM-W14,0
FBA75687,AM-W11,B0B4G5ZLTB,B0B4G5ZLTB,"Audio Array AM-W11 Wireless Mic | Upto 4hr Battery & 60m Range | Volume & Mute Buttons with Indicators | Streaming, Vlogging, YouTube | 1x Lapel mic, Type C Adapter for Plug & Play | 2 Year Warranty",42.0,3.0,0.0005,0.0017,49.0,4.0,0.0004,0.0016,1.0,1.0,0,0.0,0.0,0.0,0.0,0.0,0.0,0.0,0,11,Audio_Array,0.0,0.0,0.0,0.0,0.0,SP_SD,,,,,,,Audio Array,Microphone Wireless Lapel,Wireless Microphone,,,AM-W11,0
FBA75688,AM-W12,B0B4G763WS,B0B4G763WS,"Audio Array AM-W12 UHF Dual Wireless Premium Metal Microphones | 4+ Hours Receiver Battery Backup | Range up to 60m| Karaoke Singing, Wedding, DJ, Church | PA System, Amplifier, Mixer, Party Box, etc",395.0,11.0,0.0049,0.0062,530.0,13.0,0.0047,0.0053,0.2484,0.2222,0,0.0,0.0,0.0,0.0,0.0,0.0,0.0,0,11,Audio_Array,1979.26,176.0,30032.0,6777.96,2.0,SP_SD,0.2920141163417901,3.424491981851803,,989.63,,,Audio Array,Microphone Wireless Handheld,Wireless Microphone,,,AM-W12,0
FBA75683,AA-03,B0B4G94VP3,B0B4G94VP3,"Audio Array AA-03 Double Layer Professional Pop Filter | Flexible 360° Free Angle Adjustable, Durable Windshield | Metal Gooseneck Stabilizing Arm Holder with 32cm Arm Length | Suitable for Recording.",98.0,3.0,0.0012,0.0017,130.0,3.0,0.0012,0.0012,0.0,0.0,0,0.0,0.0,0.0,0.0,0.0,0.0,0.0,0,11,Audio_Array,615.96,46.0,4432.0,2960.16,7.0,SP_SD,0.2080833468461164,4.805766608221313,,87.99428571428572,,,Audio Array,Microphone Accessories,Accessories,,,AA-03,0
FBA75690,AM-C10,B0B4K87PR4,B0B4K87PR4,Audio Array AM-C10 USB Plug & Play Conference Microphone with Speaker | Omni Directional Pickup Upto 4M | Speaker and Mic Mute Buttons | Volume Control & Mute Button | Ideal for Meeting & Video Call,197.0,13.0,0.0024,0.0073,299.0,14.0,0.0027,0.0057,0.0042,0.0,0,0.0,0.0,0.0,0.0,0.0,0.0,0.0,0,11,Audio_Array,987.24,47.0,12900.0,6777.96,2.0,SP_SD,0.1456544447001752,6.865564604351525,,493.62,,,Audio Array,Microphone Conference,Conference Microphone,,,AM-C10,0
FBA75677,AM-C5,B0B4KC7VBM,B0B4KC7VBM,"Audio Array AM-C5 USB Plug & Play Conference Mic for Mac OS & Windows | Conference, Recording, Skype, Online Class with Range Upto 5M | One Touch Mute Button & Light Indicator (NOT A Speaker)",443.0,34.0,0.0055,0.019,579.0,46.0,0.0052,0.0186,0.0552,0.0263,0,0.0,0.0,0.0,0.0,0.0,0.0,0.0,0,11,Audio_Array,2208.47,113.0,19715.0,19483.1,10.0,SP_SD,0.1133531111578752,8.821989884399608,,220.847,,,Audio Array,Microphone Conference,Conference Microphone,,,AM-C5,0
FBA76716,AM-C13,B0BLK8DNPD,B0BLK8DNPD,Audio Array AM-C13 Condenser Lapel Microphone | 6M Shielded Cable | Metal Build | Plug n Play Mobile & DSLR Support | 3.5mm Connector | Omnidirectional Pickup | Hard Case Included | 1 Year Warranty.,5.0,0.0,0.0001,0.0,6.0,0.0,0.0001,0.0,0.8333,0.0,0,0.0,0.0,0.0,0.0,0.0,0.0,0.0,0,11,Audio_Array,0.0,0.0,0.0,0.0,0.0,,,,,,,,Audio Array,Microphone Lapel,Lavalier Microphone,,,AM-C13,0
FBA76730,AM-C27,B0BLKB6FRR,B0BLKB6FRR,"Audio Array AM-C27 XLR to TRS Cardioid Dynamic Handheld Microphone Sound for Live Events | Premium Built with 4.5M Cable | Singing, Public Meetings, Studio Recording, Live Sound, Party",8.0,0.0,0.0001,0.0,9.0,0.0,0.0001,0.0,0.5,0.0,0,0.0,0.0,0.0,0.0,0.0,0.0,0.0,0,11,Audio_Array,0.0,0.0,0.0,0.0,0.0,SP_SD,,,,,,,UNKNOWN,,,,,AM-C27,0
FBA76723,AM-C20,B0BLKF46QG,B0BLKF46QG,"Audio Array AM-C20 USB Microphone | Unique Tilt Stand & one Touch Mute | Plug n Play, No Latency Cardioid Pickup | for PC, Smartphones, iOS | Gaming, Streaming, Podcasts, Twitch, YouTube, Discord",97.0,2.0,0.0012,0.0011,122.0,2.0,0.0011,0.0008,0.2478,0.0,0,0.0,0.0,0.0,0.0,0.0,0.0,0.0,0,11,Audio_Array,0.0,0.0,0.0,0.0,0.0,SP_SD,,,,,,,Audio Array,Microphone Condenser,USB Microphone Kit - Tripod,,,AM-C20,0
FBA76863,AI-03,B0BPM2T7BQ,B0BPM2T7BQ,"Audio Array AI-03 Professional Sound Card with Bluetooth | Podcast Production Setup with 4 mic input & 4 outputs | +48V phantom power, PC/Mac connectivity | 6-8hr Battery | Streaming, Singing & Gaming",662.0,12.0,0.0082,0.0067,861.0,13.0,0.0077,0.0053,0.0164,0.0,0,0.0,0.0,0.0,0.0,0.0,0.0,0.0,0,11,Audio_Array,0.0,0.0,0.0,0.0,0.0,,,,,,,,Audio Array,Audio Interface,Audio Interface,,,AI-03,0
FBA77011,AM-C29,B0BPMN89NG,B0BPMN89NG,"Audio Array AM-C29 4 Pickup Pattern Professional USB Plug & Play Condenser Microphone | 3.5 mm No Latency Monitoring, Volume Control & Mute Button | For Conference, Gaming, Podcasting & Live Streaming",10.0,0.0,0.0001,0.0,20.0,0.0,0.0002,0.0,1.0,0.0,0,0.0,0.0,0.0,0.0,0.0,0.0,0.0,0,11,Audio_Array,0.0,0.0,0.0,0.0,0.0,,,,,,,,Audio Array,Microphone Condenser,USB Microphone Kit - Tripod,,,AM-C29,0
FBA76597,AA-06,B0BQ7H7418,B0BQ7H7418,"Audio Array AA-06 Microphone Boom Arm with 35cm+35cm=70cm Adjustable Suspension Scissor Arm Stand, Shock Mount, Base Clamp, Pop-Filter, 3/8"" to 5/8"" Universal Screw Adapter, 4x Cable Ties",179.0,4.0,0.0022,0.0022,260.0,4.0,0.0023,0.0016,0.0167,0.0,0,0.0,0.0,0.0,0.0,0.0,0.0,0.0,0,11,Audio_Array,1374.79,80.0,12269.0,7284.75,4.0,SP_SD,0.188721644531384,5.29880927268892,,343.6975,,,Audio Array,Microphone Accessories,Accessories,,,AA-06,0
FBA78203,AM-C30,B0C4YTNJG7,B0C4YTNJG7,"Audio Array AM-C30 Metal RGB Professional USB Microphone | One-Touch Mute, Gain & No-Latency Monitoring Controls | Shock Mount and Tripod | for PC/Mobile, Gaming, Streaming, Podcasting & Voiceover",31.0,1.0,0.0004,0.0006,42.0,1.0,0.0004,0.0004,0.2941,0.0,0,0.0,0.0,0.0,0.0,0.0,0.0,0.0,0,11,Audio_Array,55.78,6.0,3472.0,0.0,0.0,SP_SD,,0.0,,,,,Audio Array,Microphone Condenser,RGB USB Microphone Kit - Tripod,,,AM-C30,0
FBA78420,AM-C33,B0C5957W3P,B0C5957W3P,"Audio Array AM-C33 Lapel Microphone | 1M Long, Strong Cable | 3.5mm TRRS | 3.5mm TRRS Port & TRRS to TRS Adapter | Omnidirectional Pickup | Mic Cover & Leather Carry Bag Included | 1 Year Warranty",4.0,0.0,0.0,0.0,6.0,0.0,0.0001,0.0,1.0,0.0,0,0.0,0.0,0.0,0.0,0.0,0.0,0.0,0,11,Audio_Array,0.0,0.0,0.0,0.0,0.0,,,,,,,,Audio Array,Microphone Lapel,Lavalier Microphone,,,AM-C33,0
FBA78925,AM-C11X,B0CBC7QMNV,B0CBC7QMNV,"Audio Array AM-C11X XLR Dynamic Microphone | Studio-quality Audio Output | Cardioid Polar Pattern | Premium Metal Build | 2 Meter XLR cable | for Streaming, Gaming, Podcasting, Singing | 2 Yr Warranty",234.0,6.0,0.0029,0.0034,312.0,6.0,0.0028,0.0024,0.2353,0.0,0,0.0,0.0,0.0,0.0,0.0,0.0,0.0,0,11,Audio_Array,1447.11,96.0,10780.0,0.0,0.0,SP_SD,,0.0,,,,,Audio Array,Microphone Dynamic,XLR Dynamic Mic,,,AM-C11X,0
FBA78960,AM-C39,B0CBCB82MT,B0CBCB82MT,"Audio Array AM-C39 XLR to 3.5mm Condenser Microphone Kit | Tripod, 2M Cable & Foam Filter | Compatible with Audio Interface, Mixer | Recording, Podcast, Streaming, Home Studio (Black)",588.0,5.0,0.0072,0.0028,856.0,7.0,0.0076,0.0028,0.1232,0.0,0,0.0,0.0,0.0,0.0,0.0,0.0,0.0,0,11,Audio_Array,3619.43,208.0,23913.0,10865.23,9.0,SP_SD,0.3331204217490103,3.0019174289874373,,402.1588888888889,,,Audio Array,Microphone Condenser,XLR Microphone Kit - Tripod,,,AM-C39,0
FBA78976,AA-22,B0CF5SHL15,B0CF5SHL15,"Audio Array AA-22 Desktop Mount Speaker Stands | 15KG Capacity | Height, Tilt & Rotation Adjustable | Smart Cable Management | for Sound Editing, Gaming, Music Production | Red (Set of 2)",550.0,13.0,0.0068,0.0073,687.0,21.0,0.0061,0.0085,0.0161,0.0,0,0.0,0.0,0.0,0.0,0.0,0.0,0.0,0,11,Audio_Array,0.0,0.0,0.0,0.0,0.0,,,,,,,,Audio Array,Microphone Accessories,Accessories,,,AA-22,0
FBA79011,AM-C43,B0CH4RNWJX,B0CH4RNWJX,"Audio Array AM-C43 XLR to 3.5mm Professional Condenser Microphone Kit | Boom Arm, 2M Cable & Foam Filter | Compatible with Audio Interface, Mixer | Recording, Podcast, Streaming, Home Studio (Black)",1712.0,29.0,0.0211,0.0162,2527.0,32.0,0.0225,0.013,0.0089,0.0,0,0.0,0.0,0.0,0.0,0.0,0.0,0.0,0,11,Audio_Array,19948.03,1178.0,180268.0,43169.51,21.0,SP_SD,0.462086088074662,2.164098911020285,,949.9061904761904,,,Audio Array,Microphone Condenser,XLR Microphone Kit - Boomarm,,,AM-C43,0
FBA79008,AI-06,B0CH4RT4P8,B0CH4RT4P8,"Audio Array AI-06 Streaming Audio Mixer Sound Card | XLR, 1/4"" & line in | PC/Phone RGB Mixer with Volume Fader, Individual Control, Mute and Monitoring, 48V Phantom Power | Stream, Podcast & Karaoke",550.0,9.0,0.0068,0.005,663.0,9.0,0.0059,0.0036,0.2152,0.0,0,0.0,0.0,0.0,0.0,0.0,0.0,0.0,0,11,Audio_Array,0.0,0.0,0.0,0.0,0.0,SP_SD,,,,,,,Audio Array,Audio Interface,Audio Interface,,,AI-06,0
FBA79010,AM-C42,B0CH4T2BJD,B0CH4T2BJD,"Audio Array AM-C42 Plug & Play AI Noise Cancelling USB Condenser Microphone | Mute Button/Echo/Volume Knob | Kit with Boom Arm & Pop Filter | Karaoke, Gaming, Streaming, Podcast | Mac/PC/Mobile",150.0,3.0,0.0018,0.0017,262.0,12.0,0.0023,0.0049,0.4735,1.0,0,0.0,0.0,0.0,0.0,0.0,0.0,0.0,0,11,Audio_Array,545.15,45.0,9812.0,0.0,0.0,SP_SD,,0.0,,,,,Audio Array,Microphone Condenser,USB Microphone Kit - Boomarm,,,AM-C42,0
FBA77171,AC-6XL,B0CH4VCD6R,B0CH4VCD6R,"Audio Array AC-6XL Mic Cable 6.35mm Jack Male to XLR 3PIN Female Cord Wire | Microphone/Guitar Cable | Black, 1pc Pack (6 Meter/19.6 Feet)",344.0,14.0,0.0042,0.0078,483.0,21.0,0.0043,0.0085,0.0047,0.0,0,0.0,0.0,0.0,0.0,0.0,0.0,0.0,0,11,Audio_Array,0.0,0.0,0.0,0.0,0.0,,,,,,,,Audio Array,Microphone Accessories,Accessories,,,AC-6XL,0
FBA79064,AA-25,B0CJR76Y7G,B0CJR76Y7G,"Audio Array AA-25 Handheld Microphone Interview Adapter for Wireless Lapel Microphones | Supports, Rode Go, DJI, Hollyland mics etc | Foam Cover with Built-in Cold Shoe Mount",204.0,1.0,0.0025,0.0006,290.0,2.0,0.0026,0.0008,0.004,0.0,0,0.0,0.0,0.0,0.0,0.0,0.0,0.0,0,11,Audio_Array,0.0,0.0,0.0,0.0,0.0,,,,,,,,Audio Array,Microphone Accessories,Accessories,,,AA-25,0
FBA79005,AM-W45,B0CKHVHVQ1,B0CKHVHVQ1,"Audio Array AM-W45 Wireless Conference Microphone with Speaker | Bluetooth, USB & 4 Mics | 360° Pickup Upto 4M | Noise Reduction & Enhanced Voice | Portable Speakerphone for Video Calls/Zoom Meeting",787.0,89.0,0.0097,0.0498,1008.0,108.0,0.009,0.0438,0.013,0.0595,0,0.0,0.0,0.0,0.0,0.0,0.0,0.0,0,11,Audio_Array,4801.03,327.0,47664.0,47533.07,11.0,SP_SD,0.1010039957444364,9.900598413257155,,436.4572727272727,,,Audio Array,Microphone Conference,Wireless Conference Microphone,,,AM-W45,0
FBA79106,AM-C44,B0CM9KJZWQ,B0CM9KJZWQ,"Audio Array AM-C44 XLR/USB Professional Dynamic Podcast Microphone | Built-in Monitoring | One Touch Mute & Volume Control | 192kHz/24bit Full Metal Build | 2M XLR & USB Cable | Streaming, Podcasting",310.0,2.0,0.0038,0.0011,461.0,2.0,0.0041,0.0008,0.0336,0.0,0,0.0,0.0,0.0,0.0,0.0,0.0,0.0,0,11,Audio_Array,1510.29,88.0,16381.0,8388.14,2.0,SP_SD,0.1800506429315676,5.553992941752908,,755.145,,,Audio Array,Microphone Dynamic,Dynamic Microphone,,,AM-C44,0
FBA79230,AM-W46,B0CX1XK5R6,B0CX1XK5R6,Audio Array AM-W46 Groove Wireless Bluetooth 5.3 Bookshelf Speaker 30W | 5400mAh upto 24h Long Battery | 3 EQ Modes | Stylish Premium Metal Body | Superior Bass Quality,68.0,4.0,0.0008,0.0022,86.0,4.0,0.0008,0.0016,0.0571,0.0,0,0.0,0.0,0.0,0.0,0.0,0.0,0.0,0,11,Audio_Array,113.29,16.0,2118.0,0.0,0.0,SP_SD,,0.0,,,,,Audio Array,Speaker Karaoke,Microphone with Speaker,,,AM-W46,0
FBA79379,AM-C45,B0D3LZWTHV,B0D3LZWTHV,"Audio Array AM-C45 XLR/USB Professional RGB Dynamic Podcast Microphone | Built-in Monitoring | One Touch Mute Volume & Noise-Cancellation | 2M USB Cable & Metal Base | Streaming, Podcasting, Singing",542.0,21.0,0.0067,0.0117,758.0,23.0,0.0067,0.0093,0.0402,0.0952,0,0.0,0.0,0.0,0.0,0.0,0.0,0.0,0,11,Audio_Array,6735.23,320.0,85442.0,15334.72,5.0,SP_SD,0.4392144101750798,2.2767923292894228,,1347.0459999999998,,,Audio Array,Microphone Dynamic,Dynamic Microphone,,,AM-C45,0
FBA79380,AM-C46,B0D3M1B4Z8,B0D3M1B4Z8,"Audio Array AM-C46 Professional RGB USB Condenser Microphone Kit | Noise-Cancellation, Mute, Monitoring & Volume Controls | 192kHz/24bit Studio Quality | Gaming, Streaming, Podcast | Mac/PC/Mobile",2346.0,58.0,0.0289,0.0324,3122.0,87.0,0.0278,0.0353,0.0061,0.0192,0,0.0,0.0,0.0,0.0,0.0,0.0,0.0,0,11,Audio_Array,19429.11,944.0,169737.0,51839.81,19.0,SP_SD,0.374791304211956,2.6681515519753605,,1022.5847368421051,,,Audio Array,Microphone Condenser,Condenser Mic with Boom Arm,,,AM-C46,0
FBA79356,AA-19WL,B0D3Q2T5XX,B0D3Q2T5XX,Audio Array AA-19WL RGB Low Profile Boomarm Stand with Riser | 71cm reach & 20 RGB lighting effects & Built-In Cable Management | Matte finish with Flexible adjustments | 2Kg Weight Capacity | White,344.0,13.0,0.0042,0.0073,411.0,17.0,0.0037,0.0069,0.3026,0.2857,0,0.0,0.0,0.0,0.0,0.0,0.0,0.0,0,11,Audio_Array,48.48,5.0,1477.0,0.0,0.0,SP_SD,,0.0,,,,,Audio Array,Microphone Accessories,Accessories,,,AA-19WL,0
FBA79448,AM-W35,B0DFMKY4TT,B0DFMKY4TT,"Audio Array AM-W35 UHF Dual Wireless Premium Karaoke Microphones | 800mah 5-6 Hours Battery Backup | Range up to 50M | Karaoke Singing, Wedding, DJ, Church | PA System, Amplifier, Mixer, Party Box",1643.0,21.0,0.0203,0.0117,2105.0,24.0,0.0187,0.0097,0.2398,0.0588,0,0.0,0.0,0.0,0.0,0.0,0.0,0.0,0,11,Audio_Array,492.37,57.0,8810.0,0.0,0.0,SP_SD,,0.0,,,,,Audio Array,Microphone Wireless Handheld,Wireless Microphone,,,AM-W35,0
FBA79447,AM-W34,B0DFMLXD9S,B0DFMLXD9S,"Audio Array AM-W34 UHF Dual Wireless Premium Metal Microphones | 800mAh 6-8 Hours Receiver Battery Backup | Range up to 50M | Karaoke Singing, Wedding, Church | PA System, Amplifier, Mixer, Party Box",135.0,6.0,0.0017,0.0034,192.0,8.0,0.0017,0.0032,0.1714,0.2857,0,0.0,0.0,0.0,0.0,0.0,0.0,0.0,0,11,Audio_Array,463.59,41.0,4720.0,3050.0,1.0,SP_SD,0.1519967213114754,6.579089281477167,,463.59,,,Audio Array,Microphone Wireless Handheld,Wireless Microphone,,,AM-W34,0
FBA79446,AM-W33,B0DFMMTWLY,B0DFMMTWLY,"Audio Array AM-W33 UHF Metal Solo Wireless Microphone Set | 2000mAh 6-8 Hours Battery Backup | Range up to 50M | Karaoke Singing, Wedding, DJ, Church | PA System, Amplifier, Mixer, Party Box",439.0,9.0,0.0054,0.005,647.0,15.0,0.0058,0.0061,0.0053,0.0,0,0.0,0.0,0.0,0.0,0.0,0.0,0.0,0,11,Audio_Array,1424.4499999999998,144.0,24047.0,9783.22,8.0,SP_SD,0.1456013459781135,6.868068377268421,,178.05624999999998,,,Audio Array,Microphone Wireless Handheld,Wireless Microphone,,,AM-W33,0
FBA79449,AM-W36,B0DFMNGFTD,B0DFMNGFTD,"Audio Array AM-W36 UHF Dual Wireless Premium Metal Microphone with Charging | 2X XLR Outs & 1/4"" Mix Out | 328ft/100M Range | Karaoke Singing, Wedding, Events | PA System, Amplifier, Mixer, Party Box",1598.0,33.0,0.0197,0.0185,2150.0,40.0,0.0191,0.0162,0.0026,0.0,0,0.0,0.0,0.0,0.0,0.0,0.0,0.0,0,11,Audio_Array,2762.97,302.0,61155.0,10506.78,2.0,SP_SD,0.2629701963874755,3.802712298722028,,1381.485,,,Audio Array,Microphone Wireless Handheld,Wireless Microphone,,,AM-W36,0
FBA79655,AM-C44 PRO,B0DN6PFWNK,B0DN6PFWNK,Audio Array AM-C44 Pro XLR/USB Professional Dynamic Microphone Kit | Built-in Monitoring | One Touch Mute & Volume Control | 192kHz/24bit Full Metal Build | 2M XLR & USB Cable | Streaming & Podcasting,273.0,7.0,0.0034,0.0039,345.0,7.0,0.0031,0.0028,0.0833,0.1429,0,0.0,0.0,0.0,0.0,0.0,0.0,0.0,0,11,Audio_Array,561.08,26.0,4793.0,0.0,0.0,SP_SD,,0.0,,,,,Audio Array,Bundles,Bundles,,,AM-C44 PRO,0
FBA79783,AM-C47,B0FF9R3GKK,B0FF9R3GKK,"Audio Array AM-C47 RGB USB Condenser Mic Kit | AI Noise Cancellation, 192kHz/24Bit Studio Quality, Touch Control, Headphone Monitoring | Podcasting, YouTube, Gaming & Streaming | Mac/PC & Mobile",343.0,6.0,0.0042,0.0034,423.0,6.0,0.0038,0.0024,0.0332,0.0,0,0.0,0.0,0.0,0.0,0.0,0.0,0.0,0,11,Audio_Array,1992.38,114.0,37546.0,2879.6600000000003,2.0,SP_SD,0.6918802914232929,1.4453367329525495,,996.19,,,Audio Array,Microphone Condenser,USB Microphone Kit - Boomarm,,,AM-C47,0
FBA79823,PB-01 (AM-C11 + AI-04),B0FJ2HZCVN,B0FJ2HZCVN,"Audio Array Ultimate Podcast Bundle | Dynamic Microphone with USB/XLR Connectivity & 24-Bit/192kHz Audio Interface | Ideal for Podcasting, Streaming, Voice Recording & Content Creation - PB-01",409.0,9.0,0.005,0.005,469.0,12.0,0.0042,0.0049,0.3192,0.3333,0,0.0,0.0,0.0,0.0,0.0,0.0,0.0,0,11,Audio_Array,0.0,0.0,0.0,0.0,0.0,SP_SD,,,,,,,Audio Array,Bundles,PB-01,,,PB-01 (AM-C11 + AI-04),0
FBA79822,KB-01 (AM-W32 + AI-12),B0FJ2J6MTF,B0FJ2J6MTF,"Audio Array Portable Karaoke Bundle | Dual Wireless UHF Microphones with Rechargeable Battery Receiver & USB Plug n Play BT Soundcard Mixer | Ideal for Parties, Home Karaoke & Live Singing - KB-01",47.0,0.0,0.0006,0.0,60.0,0.0,0.0005,0.0,0.2727,0.0,0,0.0,0.0,0.0,0.0,0.0,0.0,0.0,0,11,Audio_Array,0.0,0.0,0.0,0.0,0.0,,,,,,,,Audio Array,Bundles,KB-01,,,KB-01 (AM-W32 + AI-12),0
FBA79821,"UB-01 (AI-04, AM-S1, AA-21, AM-C2)",B0FJ2JJZL3,B0FJ2JJZL3,"Audio Array Professional Studio Bundle with 24-Bit/192kHz Audio Interface, 4"" Studio Monitors, XLR Condenser Mic & Stands | for Music Production, Podcasting, Dubbing, Recording & Audio Mixing - UB-01",1045.0,20.0,0.0129,0.0112,1316.0,27.0,0.0117,0.0109,0.6359,0.5263,0,0.0,0.0,0.0,0.0,0.0,0.0,0.0,0,11,Audio_Array,62.12,11.0,734.0,7456.78,1.0,SP_SD,0.0083306735615104,120.03831294269156,,62.12,,,Audio Array,Bundles,UB-01,,,"UB-01 (AI-04, AM-S1, AA-21, AM-C2)",0
FBA79826,PB-02 (AI-04 RED + AM-C11 + AA-05),B0FJ2LQT7K,B0FJ2LQT7K,"Audio Array Complete Podcast Bundle | USB/XLR Dynamic Mic with Audio Interface 24bit/192kHz & Boom Arm Stand | Professional Streaming & Recording Kit for PC, Mac & Mobile Devices - PB-02",15.0,0.0,0.0002,0.0,19.0,0.0,0.0002,0.0,0.0625,0.0,0,0.0,0.0,0.0,0.0,0.0,0.0,0.0,0,11,Audio_Array,18.11,6.0,3651.0,0.0,0.0,SP_SD,,0.0,,,,,Audio Array,Bundles,PB-02,,,PB-02 (AI-04 RED + AM-C11 + AA-05),0
FBA79833,PB-04 (AI-04 RED + AM-C44 X 2),B0FJ8PZ9H7,B0FJ8PZ9H7,"Audio Array Pro Podcasting Bundle | Audio Interface with 48V Phantom Power & Dual USB/XLR Touch-Control Mics | 192kHz/24bit, Mute, Monitor, Volume Control | Recording, Streaming & Podcasting - PB-04",524.0,8.0,0.0065,0.0045,554.0,11.0,0.0049,0.0045,0.2321,0.1667,0,0.0,0.0,0.0,0.0,0.0,0.0,0.0,0,11,Audio_Array,117.69,34.0,9001.0,0.0,0.0,SP_SD,,0.0,,,,,Audio Array,Bundles,PB-04,,,PB-04 (AI-04 RED + AM-C44 X 2),0
FBA79832,GB-05 (AM-C43 + AI-06),B0FJ8S53GW,B0FJ8S53GW,"Audio Array Streaming Bundle Kit | USB Condenser Mic & RGB Sound Card with Phantom Power, Voice Effects, Real-Time Monitoring | for Podcasting, Gaming, YouTube & Live Streaming - GB-05",271.0,10.0,0.0033,0.0056,339.0,13.0,0.003,0.0053,0.1184,0.1111,0,0.0,0.0,0.0,0.0,0.0,0.0,0.0,0,11,Audio_Array,2276.7,158.0,26083.0,0.0,0.0,SP_SD,,0.0,,,,,Audio Array,Bundles,GB-05,,,GB-05 (AM-C43 + AI-06),0
FBA79827,PB-03 (AI-04 RED + AM-C11 X 2),B0FJ8S5XJ8,B0FJ8S5XJ8,"Audio Array Complete Podcast Bundle | Dual USB/XLR Dynamic Microphones with Audio Interface 24bit / 192kHz|Metal Body|Pro Streaming & Recording Kit for PC, Mac & Mobile - PB-03",463.0,14.0,0.0057,0.0078,533.0,18.0,0.0047,0.0073,0.018,0.0,0,0.0,0.0,0.0,0.0,0.0,0.0,0.0,0,11,Audio_Array,196.88,47.0,9813.0,0.0,0.0,SP_SD,,0.0,,,,,Audio Array,Bundles,PB-03,,,PB-03 (AI-04 RED + AM-C11 X 2),0
FBA79834,PB-05 (AA-05 + AM-C11 + AI-04),B0FJ8T4WXM,B0FJ8T4WXM,"Audio Array Podcast Kit | USB/XLR Dynamic Mic with Boom Arm & Audio Interface 24-Bit/192kHz | Metal Build | Plug & Play | No-Latency Monitoring for Streaming, Recording & Content Creation - PB-05",16.0,0.0,0.0002,0.0,20.0,0.0,0.0002,0.0,0.9444,0.0,0,0.0,0.0,0.0,0.0,0.0,0.0,0.0,0,11,Audio_Array,17.81,4.0,1603.0,0.0,0.0,SP_SD,,0.0,,,,,Audio Array,Bundles,PB-05,,,PB-05 (AA-05 + AM-C11 + AI-04),0
FBA79835,PB-06 (AA-05 + AM-C44 + AI-04),B0FJ8TWCQZ,B0FJ8TWCQZ,"Audio Array Pro Podcast Bundle | USB/XLR Dynamic Microphone with 24-Bit/192kHz Audio Interface & Boom Arm | Real-Time Monitoring, Plug & Play for Streaming, Recording & Content Creation - PB-06",16.0,0.0,0.0002,0.0,17.0,0.0,0.0002,0.0,0.4706,0.0,0,0.0,0.0,0.0,0.0,0.0,0.0,0.0,0,11,Audio_Array,29.16,8.0,1560.0,0.0,0.0,SP_SD,,0.0,,,,,Audio Array,Bundles,PB-06,,,PB-06 (AA-05 + AM-C44 + AI-04),0
FBA79831,GB-04 (AM-C45 + AI-06),B0FJ8W5Y9Q,B0FJ8W5Y9Q,"Audio Array RGB Gaming Bundle|RGB USB Dynamic Microphone with Sound Card – Mute, Volume Control, Monitoring, Noise Cancellation, Voice Effects|for Streaming, Podcasting, Gaming, Singing - GB-04",8.0,0.0,0.0001,0.0,9.0,0.0,0.0001,0.0,0.5556,0.0,0,0.0,0.0,0.0,0.0,0.0,0.0,0.0,0,11,Audio_Array,0.0,0.0,0.0,0.0,0.0,,,,,,,,Audio Array,Bundles,GB-04,,,GB-04 (AM-C45 + AI-06),0
FBA79836,PB-07 (AA-05 + AM-C45 + AI-04),B0FJ8Z1W81,B0FJ8Z1W81,"Audio Array RGB Podcast Bundle | Dynamic RGB USB/XLR Mic with 24-Bit/192kHz Audio Interface & Boom Arm | AI Noise Cancelling, Plug & Play Kit for Streaming, Podcasting, Gaming & Recording - PB-07",6.0,0.0,0.0001,0.0,6.0,0.0,0.0001,0.0,0.3333,0.0,0,0.0,0.0,0.0,0.0,0.0,0.0,0.0,0,11,Audio_Array,0.0,0.0,0.0,0.0,0.0,,,,,,,,Audio Array,Bundles,PB-07,,,PB-07 (AA-05 + AM-C45 + AI-04),0
FBA79846,AM-C11X PRO,B0FN7C25VS,B0FN7C25VS,"Audio Array AM-C11X Pro XLR Podcast Mic Kit with Dynamic Microphone, 2m XLR Cable & Adjustable Boom Arm | Studio-Quality Sound, 20Hz–20kHz, All-Metal Build for Podcasting, Streaming & Recording",422.0,3.0,0.0052,0.0017,515.0,7.0,0.0046,0.0028,0.0903,0.0,0,0.0,0.0,0.0,0.0,0.0,0.0,0.0,0,11,Audio_Array,0.0,0.0,0.0,0.0,0.0,,,,,,,,Audio Array,Bundles,AM-C11X Pro,,,AM-C11X PRO,0
FBA79847,PB-09 (AM-C45 + AI-06 + AA-05),B0FN7FYZM3,B0FN7FYZM3,"Audio Array RGB Gaming Mic Bundle with USB/XLR Microphone, Boom Arm & Sound Card Mixer | Streaming Mic Kit with Voice Effects, AI Noise Cancel, RGB Lights for Podcasting, Gaming & Recording - PB-09",22.0,0.0,0.0003,0.0,27.0,0.0,0.0002,0.0,0.04,0.0,0,0.0,0.0,0.0,0.0,0.0,0.0,0.0,0,11,Audio_Array,50.28,13.0,2080.0,0.0,0.0,SP_SD,,0.0,,,,,Audio Array,Bundles,PB-09,,,PB-09 (AM-C45 + AI-06 + AA-05),0
FBA79815,AM-W19,B0FPR7VFCH,B0FPR7VFCH,"Audio Array AM-W19 Wireless Lavalier Microphone|192kHz/24bit |AI Noise Cancellation for iPhone/Android, 32h Charging Case, Plug & Play for Vlogging, Streaming, Meetings, Video Recording",137.0,4.0,0.0017,0.0022,180.0,5.0,0.0016,0.002,0.0843,0.0,0,0.0,0.0,0.0,0.0,0.0,0.0,0.0,0,11,Audio_Array,792.6300000000001,72.0,20397.0,3133.9,2.0,SP_SD,0.2529212801940075,3.9537993767583854,,396.31500000000005,,,Audio Array,Microphone Wireless Lapel,Wireless Lapel Microphone,,,AM-W19,0
FBA79816,AM-W22,B0FPR962YS,B0FPR962YS,"Audio Array AM-W22 | Latest 2026 Edition Wireless Microphone for Camera/iPhone/Android/iPad/Laptop, Lav Mic with Charging Case, AI Noise Reduction, 50H Battery, 230ft Range, for Recording, YouTube",221.0,9.0,0.0027,0.005,308.0,16.0,0.0027,0.0065,0.0657,0.0,0,0.0,0.0,0.0,0.0,0.0,0.0,0.0,0,11,Audio_Array,1951.39,126.0,50492.0,2989.83,1.0,SP_SD,0.6526759046500972,1.532154003043984,,1951.39,,,Audio Array,Microphone Wireless Lapel,Wireless Lapel Microphone,,,AM-W22,0
FBA79840,AH-60 RD,B0FQBWV1ST,B0FQBWV1ST,"Audio Array AH-60-RD Semi-Open Back DJ Headphones | 50mm Drivers Delivers Dynamic Balanced Output | 15Hz–25kHz, 32Ω, 100dB SPL, 1200mW | 3m OFC Single-Sided Cable with Screw-On 3.5mm + 6.3mm Plug",611.0,11.0,0.0075,0.0062,811.0,15.0,0.0072,0.0061,0.21,0.2143,0,0.0,0.0,0.0,0.0,0.0,0.0,0.0,0,11,Audio_Array,1804.9,107.0,11329.0,3297.45,2.0,SP_SD,0.5473623557597538,1.82694332095961,,902.45,,,Audio Array,DJ Headphone,DJ Headphone,,,AH-60 RD,0
FBA79820,AC-3XL,B0FQJWWDVK,B0FQJWWDVK,"Audio Array AC-3XL Mic Cable 6.35mm Jack Male to XLR 3PIN Female Cord Wire | Microphone/Guitar Cable | Black, 1pc Pack (3 Meter/10 Feet)",120.0,3.0,0.0015,0.0017,144.0,3.0,0.0013,0.0012,0.0522,0.0,0,0.0,0.0,0.0,0.0,0.0,0.0,0.0,0,11,Audio_Array,0.0,0.0,0.0,0.0,0.0,,,,,,,,Audio Array,Microphone Accessories,Accessories,,,AC-3XL,0
FBA79904,PB-10 (AM-C2+AI-04+AH-60-BL),B0FTVQQVDC,B0FTVQQVDC,"Audio Array Professional Studio Recording Bundle – XLR Condenser Mic Kit, 2x2 USB Audio Interface, Closed-Back Headphone, Boom Arm, Pop Filter & 48V Phantom Power| 24-bit/192kHz Podcast Kit - PB-10",158.0,0.0,0.0019,0.0,207.0,0.0,0.0018,0.0,0.0,0.0,0,0.0,0.0,0.0,0.0,0.0,0.0,0.0,0,11,Audio_Array,2440.3,408.0,44290.0,3219.49,1.0,SP_SD,0.7579771951458151,1.3193009056263572,,2440.3,,,Audio Array,Bundles,PB-10,,,PB-10 (AM-C2+AI-04+AH-60-BL),0
FBA79905,PB-11 (AM-C44+AA-05+AH-45-BK),B0FTVSH458,B0FTVSH458,"Audio Array Professional Dynamic Studio Bundle with Headphones – USB/XLR Dynamic Microphone, Boom Arm, Monitoring Headphones | 24-bit/192kHz, Plug & Play, No-Latency Recording, Monitoring - PB-11",5.0,0.0,0.0001,0.0,5.0,0.0,0.0,0.0,0.0,0.0,0,0.0,0.0,0.0,0.0,0.0,0.0,0.0,0,11,Audio_Array,0.0,0.0,0.0,0.0,0.0,SP_SD,,,,,,,UNKNOWN,,,,,PB-11 (AM-C44+AA-05+AH-45-BK),0
FBA79906,PB-12 (AM-C11+AA-05+AI-04+AH-60-RD),B0FTVVLNS9,B0FTVVLNS9,"Audio Array Professional Dynamic Bundle with Headphones & Audio Interface - USB/XLR Dynamic Microphone, 24-bit/192kHz Interface, Boom Arm & Semi-Open Headphones | Plug & Play Podcast Kit - PB-12",218.0,4.0,0.0027,0.0022,258.0,4.0,0.0023,0.0016,0.281,0.0,0,0.0,0.0,0.0,0.0,0.0,0.0,0.0,0,11,Audio_Array,692.01,126.0,25011.0,7920.33,4.0,SP_SD,0.0873713595266863,11.445398187887458,,173.0025,,,Audio Array,Bundles,PB-12,,,PB-12 (AM-C11+AA-05+AI-04+AH-60-RD),0
FBA79909,AM-W20,B0FVM17Q4W,B0FVM17Q4W,"Audio Array AM-W20 Magnetic Wireless Lapel Microphone Set | One Touch Smart Noise Reduction | 48KHz/24Bit Hi-fi Recording | 50M Range | 800mAh 48Hrs Long Battery Backup | Vlogging, Podcast, Streaming",33.0,0.0,0.0004,0.0,38.0,0.0,0.0003,0.0,0.9706,0.0,0,0.0,0.0,0.0,0.0,0.0,0.0,0.0,0,11,Audio_Array,357.42,21.0,4772.0,0.0,0.0,SP_SD,,0.0,,,,,Audio Array,Microphone Wireless Lapel,Wireless Lapel Microphone,,,AM-W20,0
FBA79960,AM-W47 WIRELESS,B0G3B152FR,B0G3B152FR,"Audio Array Wireless Voice Amplifier 2026 Edition | Bluetooth 5.3 |10W Speaker With Wireless Mic | For Teachers, Tour Guides |10 Hrs Battery Life |1 Click Monitoring | TWS Connectivity AM-W47 Wireless",118.0,3.0,0.0015,0.0017,164.0,3.0,0.0015,0.0012,0.0068,0.0,0,0.0,0.0,0.0,0.0,0.0,0.0,0.0,0,11,Audio_Array,910.32,64.0,14245.0,0.0,0.0,SP_SD,,0.0,,,,,Audio Array,Voice Amplifier,Wireless Voice Amplifier,,,AM-W47 WIRELESS,0
FBA79969,UB-03 (AM-S1 + AA-22),B0G3B677Z5,B0G3B677Z5,"Audio Array Studio Monitor Bundle with 60W Powered Speakers & Adjustable Metal Stands | Bluetooth, HDMI ARC, USB-C, RCA Inputs | Professional Studio Monitors for Home Studio, Streaming & Gaming-UB-03",507.0,10.0,0.0063,0.0056,573.0,11.0,0.0051,0.0045,0.6847,0.1667,0,0.0,0.0,0.0,0.0,0.0,0.0,0.0,0,11,Audio_Array,184.14,38.0,2662.0,0.0,0.0,SP_SD,,0.0,,,,,Audio Array,Bundles,UB-03,,,UB-03 (AM-S1 + AA-22),0
FBA79957,AM-W23,B0G3Q517Y2,B0G3Q517Y2,"Audio Array AM-W23 Magnetic Wieless Mic with Charging Pouch 2026 Edition 24Bit/ 48Khz, iPhone/Android/iPad/Laptop, AI Noise Reduction, 50H Battery, 230ft Range for Recording, Vlogging",195.0,12.0,0.0024,0.0067,258.0,16.0,0.0023,0.0065,0.0122,0.0,0,0.0,0.0,0.0,0.0,0.0,0.0,0.0,0,11,Audio_Array,1921.2,121.0,43871.0,2922.88,1.0,SP_SD,0.6572969126341143,1.521382469290027,,1921.2,,,Audio Array,Microphone Wireless Lapel,Wireless Lapel Microphone,,,AM-W23,0
FBA79842,AM-C48,B0G4DNF8RZ,B0G4DNF8RZ,"Audio Array AM-C48 XLR/USB Professional Full RGB Dynamic Microphone Kit | AI Noise Cancellation | Touch & Knob Controls | Built-in Headphone Monitoring | Podcasting, Recording, Streaming, YouTube",255.0,2.0,0.0031,0.0011,339.0,3.0,0.003,0.0012,0.2038,0.0,0,0.0,0.0,0.0,0.0,0.0,0.0,0.0,0,11,Audio_Array,871.57,77.0,9393.0,5591.52,2.0,SP_SD,0.1558735370704209,6.4154571635095285,,435.785,,,Audio Array,Microphone Dynamic,Microphone Dynamic,,,AM-C48,0
FBA79963,AM-MIX8,B0G53CB72D,B0G53CB72D,"Audio Array AM-Pro8 8-Channel Hybrid USB Mixer 8 Analog+2 Digital Inputs, 48kHz/16-Bit, Built-In Compressor, 6AUX Sends, Group Buses, Insert Points,+24dBu Balanced Outputs for Live, Studio & Broadcast",370.0,12.0,0.0046,0.0067,478.0,19.0,0.0043,0.0077,0.4075,0.5833,0,0.0,0.0,0.0,0.0,0.0,0.0,0.0,0,11,Audio_Array,2476.2200000000003,277.0,38554.0,0.0,0.0,SP_SD,,0.0,,,,,Audio Array,Mixers,8 channels Mixer,,,AM-MIX8,0
FBA75684,AA-04,B0B4G7VWXD,B0B4G7VWXD,"Audio Array AA-04 Metal Spider Shock Mount for Condenser Microphone | Anti Vibration, Suspension, Isolation | 4 Size Bottom Screws & Extra Replacement Elastic Bands | Recommended For Rode, Samson, etc",163.0,6.0,0.001,0.002,245.0,12.0,0.0011,0.0029,0.387,0.3636,0,0.0,0.0,0.0,0.0,0.0,0.0,0.0,0,11,Audio_Array,0.0,0.0,0.0,0.0,0.0,SP_SD,,,,,,,Audio Array,Microphone Accessories,Accessories,,,AA-04,0
FBA79011,AM-C43,B0CH4RNWJX,B0CH4RNWJX,"Audio Array AM-C43 XLR to 3.5mm Professional Condenser Microphone Kit | Boom Arm, 2M Cable & Foam Filter | Compatible with Audio Interface, Mixer | Recording, Podcast, Streaming, Home Studio (Black)",1712.0,29.0,0.0104,0.0095,2527.0,32.0,0.0115,0.0077,0.0027,0.0,0,0.0,0.0,0.0,0.0,0.0,0.0,0.0,0,11,Audio_Array,19948.03,1178.0,180268.0,43169.51,21.0,SP_SD,0.462086088074662,2.164098911020285,,949.9061904761904,,,Audio Array,Microphone Condenser,XLR Microphone Kit - Boomarm,,,AM-C43,0
FBA79103,AI-10,B0CM6NTWBP,B0CM6NTWBP,"Audio Array AI-10 Professional Live Soundcard|1Ch Mixer |Bluetooth | 3 Condenser Mic Inputs, 2 mobilephones & PC/Mac Outputs | +48V phantom power, 4 Voice Modes, Denoise, built-in FX | Gaming, Karaoke",472.0,10.0,0.0029,0.0033,733.0,13.0,0.0033,0.0031,0.1078,0.0,0,0.0,0.0,0.0,0.0,0.0,0.0,0.0,0,11,Audio_Array,6153.26,687.0,101555.0,37445.8,15.0,SP_SD,0.1643244369194943,6.085522145984405,,410.2173333333333,,,Audio Array,Audio Interface,Audio Interface,,,AI-10,0
FBA79108,AM-W16,B0CM9L1QZG,B0CM9L1QZG,"Audio Array AM-W16 Solo Wireless Lapel Over Ear Mic|in-Built ANC,Plug N Play,LongBattery Life,Ultra-Low Latency,Upto 30M Range|Compatible with iPhone&Android|Vlogging,Streaming,Teaching,YouTube,Black",101.0,0.0,0.0006,0.0,130.0,0.0,0.0006,0.0,0.0,0.0,0,0.0,0.0,0.0,0.0,0.0,0.0,0.0,0,11,Audio_Array,153.14,76.0,13153.0,1143.22,1.0,SP_SD,0.1339549692972481,7.465195246179966,,153.14,,,Audio Array,Microphone Wireless Lapel,Wireless Lapel Microphone,,,AM-W16,0
FBA79355,AA-19BL,B0D3M86SH1,B0D3M86SH1,Audio Array AA-19BL RGB Low Profile Boomarm Stand with Riser | 71cm reach & 20 RGB lighting effects & Built-In Cable Management | Matte finish with Flexible adjustments | 2Kg Weight Capacity | Black,110.0,5.0,0.0007,0.0016,135.0,5.0,0.0006,0.0012,0.0,0.0,0,0.0,0.0,0.0,0.0,0.0,0.0,0.0,0,11,Audio_Array,1284.3,55.0,8401.0,8462.72,2.0,SP_SD,0.1517597179157528,6.589363855796932,,642.15,,,Audio Array,Microphone Accessories,Accessories,,,AA-19BL,0
FBA79105,AI-12,B0CM6WH4ZT,B0CM6WH4ZT,"Audio Array AI-12 USB Bluetooth Soundcard | 1Ch Mixer interface | 2 mic inputs, 2 smartphone & PC/Mac outputs | Karaoke Recording, Mobile/PC Streaming, Live Broadcasting | Singing, Recording,Gaming",740.0,8.0,0.0417,0.0172,1019.0,13.0,0.0412,0.0206,0.6925,0.5,6,1.0,0.0081,0.125,7101.703389830509,1385.01,6.0,1.0,0,11,Audio_Array,4892.58,541.0,80809.0,17689.829999999998,14.0,SP_SD,0.2765758630806514,3.615644506579351,,349.47,,,Audio Array,Audio Interface,Audio Interface,,,AI-12,6
FBA76864,AI-04 RED,B0BPLZ5CGV,B0BPLZ5CGV,Audio Array AI-04 2x2 Gen 3 Audio Interface | Premium Mic Pre-Amps | 48V Phantom Power | 24bit/192kHz Hi-Fi Recording | XLR/MIC/LINE inputs | Plug & Play-No Drivers | 2 in 3 out | Metal Body | Red,5635.0,102.0,0.3179,0.2198,8309.0,142.0,0.336,0.225,0.0045,0.0114,0,0.0,0.0,0.0,0.0,0.0,0.0,0.0,0,11,Audio_Array,58471.35,4795.0,738245.0,385292.05,106.0,SP_SD,0.1517585166888338,6.589416013141479,,551.6165094339623,,,Audio Array,Audio Interface,Audio Interface,,,AI-04 RED,0
FBA79005,AM-W45,B0CKHVHVQ1,B0CKHVHVQ1,"Audio Array AM-W45 Wireless Conference Microphone with Speaker | Bluetooth, USB & 4 Mics | 360° Pickup Upto 4M | Noise Reduction & Enhanced Voice | Portable Speakerphone for Video Calls/Zoom Meeting",557.0,62.0,0.0037,0.0218,720.0,79.0,0.0036,0.0201,0.0015,0.0,1,0.0,0.0018,0.0,4363.559322033899,0.0,1.0,0.0,0,11,Audio_Array,4801.03,327.0,47664.0,47533.07,11.0,SP_SD,0.1010039957444364,9.900598413257155,,436.4572727272727,,,Audio Array,Microphone Conference,Wireless Conference Microphone,,,AM-W45,1
FBA75673,AM-C1,B0B4DPX2J2,B0B4DPX2J2,"Audio Array AM-C1 USB Condenser Microphone Kit | for Podcasting, Online Meeting, Gaming, Singing & Live Streaming | Boom Arm, Pop Filter, Mic Cover, Spider Shock Mount, Tripod & 2.5M USB Cable",12096.0,239.0,0.0795,0.084,17336.0,370.0,0.0855,0.0943,0.0002,0.0,0,0.0,0.0,0.0,0.0,0.0,0.0,0.0,0,11,Audio_Array,104506.73,5726.0,907113.0,353388.59,159.0,SP_SD,0.2957275162732333,3.381491220708944,,657.2750314465409,,,Audio Array,Microphone Condenser,USB Microphone Kit - Boomarm,,,AM-C1,0
FBA75684,AA-04,B0B4G7VWXD,B0B4G7VWXD,"Audio Array AA-04 Metal Spider Shock Mount for Condenser Microphone | Anti Vibration, Suspension, Isolation | 4 Size Bottom Screws & Extra Replacement Elastic Bands | Recommended For Rode, Samson, etc",163.0,6.0,0.0011,0.0021,245.0,12.0,0.0012,0.0031,0.0174,0.0,0,0.0,0.0,0.0,0.0,0.0,0.0,0.0,0,11,Audio_Array,0.0,0.0,0.0,0.0,0.0,SP_SD,,,,,,,Audio Array,Microphone Accessories,Accessories,,,AA-04,0
FBA75675,AM-C3,B0B4G8ZB64,B0B4G8ZB64,"Audio Array AM-C3 XLR to TRS Dynamic Handheld Karaoke Microphone | Premium Metal Built with 3M Cable | Singing, Public Meetings, Studio Recording, Live Show, Party, Church, Wedding",172.0,4.0,0.0011,0.0014,238.0,6.0,0.0012,0.0015,0.0,0.0,0,0.0,0.0,0.0,0.0,0.0,0.0,0.0,0,11,Audio_Array,1724.68,166.0,27589.0,5205.91,7.0,SP_SD,0.3312927038692563,3.01847879026834,,246.38285714285715,,,Audio Array,Microphone Dynamic,Vocal Microphone,,,AM-C3,0
FBA75683,AA-03,B0B4G94VP3,B0B4G94VP3,"Audio Array AA-03 Double Layer Professional Pop Filter | Flexible 360° Free Angle Adjustable, Durable Windshield | Metal Gooseneck Stabilizing Arm Holder with 32cm Arm Length | Suitable for Recording.",98.0,3.0,0.0006,0.0011,130.0,3.0,0.0006,0.0008,0.0,0.0,0,0.0,0.0,0.0,0.0,0.0,0.0,0.0,0,11,Audio_Array,615.96,46.0,4432.0,2960.16,7.0,SP_SD,0.2080833468461164,4.805766608221313,,87.99428571428572,,,Audio Array,Microphone Accessories,Accessories,,,AA-03,0
FBA75679,AA-02,B0B4JRQP22,B0B4JRQP22,"Audio Array AA-02 3-Panel Curved Isolation Shield with Insulation, Absorption & Reflection Filter | 3/8"" and 5/8"" Universal Mic Mount for Recording Studio, Podcasts, Singing & Broadcasting",276.0,10.0,0.0018,0.0035,388.0,16.0,0.0019,0.0041,0.0,0.0,0,0.0,0.0,0.0,0.0,0.0,0.0,0.0,0,11,Audio_Array,0.0,0.0,0.0,0.0,0.0,,,,,,,,Audio Array,Microphone Accessories,Accessories,,,AA-02,0
FBA75690,AM-C10,B0B4K87PR4,B0B4K87PR4,Audio Array AM-C10 USB Plug & Play Conference Microphone with Speaker | Omni Directional Pickup Upto 4M | Speaker and Mic Mute Buttons | Volume Control & Mute Button | Ideal for Meeting & Video Call,197.0,13.0,0.0013,0.0046,299.0,14.0,0.0015,0.0036,0.0,0.0,0,0.0,0.0,0.0,0.0,0.0,0.0,0.0,0,11,Audio_Array,987.24,47.0,12900.0,6777.96,2.0,SP_SD,0.1456544447001752,6.865564604351525,,493.62,,,Audio Array,Microphone Conference,Conference Microphone,,,AM-C10,0
FBA76414,AA-05,B0BLJVJ2GN,B0BLJVJ2GN,"Audio Array AA-05 Suspension Boom Scissor Microphone Arm Stand | Universal clamp with mic Holder & 3/8″ to 5/8″ Adapter for Shock mounts | Suitable for Stages, Studios, Broadcasting, TV Stations",572.0,19.0,0.0038,0.0067,801.0,22.0,0.0039,0.0056,0.0,0.0,0,0.0,0.0,0.0,0.0,0.0,0.0,0.0,0,11,Audio_Array,4214.6900000000005,369.0,92033.0,15030.51,14.0,SP_SD,0.2804089814650334,3.5662195796132097,,301.04928571428576,,,Audio Array,Microphone Accessories,Accessories,,,AA-05,0
FBA76730,AM-C27,B0BLKB6FRR,B0BLKB6FRR,"Audio Array AM-C27 XLR to TRS Cardioid Dynamic Handheld Microphone Sound for Live Events | Premium Built with 4.5M Cable | Singing, Public Meetings, Studio Recording, Live Sound, Party",8.0,0.0,0.0001,0.0,9.0,0.0,0.0,0.0,0.5,0.0,0,0.0,0.0,0.0,0.0,0.0,0.0,0.0,0,11,Audio_Array,0.0,0.0,0.0,0.0,0.0,SP_SD,,,,,,,UNKNOWN,,,,,AM-C27,0
FBA76723,AM-C20,B0BLKF46QG,B0BLKF46QG,"Audio Array AM-C20 USB Microphone | Unique Tilt Stand & one Touch Mute | Plug n Play, No Latency Cardioid Pickup | for PC, Smartphones, iOS | Gaming, Streaming, Podcasts, Twitch, YouTube, Discord",97.0,2.0,0.0006,0.0007,122.0,2.0,0.0006,0.0005,0.0531,0.0,0,0.0,0.0,0.0,0.0,0.0,0.0,0.0,0,11,Audio_Array,0.0,0.0,0.0,0.0,0.0,SP_SD,,,,,,,Audio Array,Microphone Condenser,USB Microphone Kit - Tripod,,,AM-C20,0
FBA78206,AM-W15,B0C4YSV3XL,B0C4YSV3XL,Audio Array AM-W15 Dual Wireless Mic with Charging Case | Upto 16hr Battery Backup & 100m Range | Active Noise Cancellation | Informative LCD Screen | BIS & WPC Certified | 2 Yr Warranty,10.0,0.0,0.0001,0.0,10.0,0.0,0.0,0.0,1.0,0.0,0,0.0,0.0,0.0,0.0,0.0,0.0,0.0,0,11,Audio_Array,0.0,0.0,0.0,0.0,0.0,,,,,,,,UNKNOWN,,,,,AM-W15,0
FBA78423,AM-C36,B0C598Q6PT,B0C598Q6PT,"Audio Array AM-C36 Lapel Microphone | 1M Long & Strong Cable | 3.5mm TRRS| 3.5mm TRRS Port, TRRS to TRS & TRRS to USB Type C adapters | Omnidirectional Pickup | Mic Cover & Leather Bag Included",2.0,0.0,0.0,0.0,3.0,0.0,0.0,0.0,1.0,0.0,0,0.0,0.0,0.0,0.0,0.0,0.0,0.0,0,11,Audio_Array,0.0,0.0,0.0,0.0,0.0,,,,,,,,Audio Array,Microphone Lapel,Lavalier Microphone,,,AM-C36,0
FBA78976,AA-22,B0CF5SHL15,B0CF5SHL15,"Audio Array AA-22 Desktop Mount Speaker Stands | 15KG Capacity | Height, Tilt & Rotation Adjustable | Smart Cable Management | for Sound Editing, Gaming, Music Production | Red (Set of 2)",550.0,13.0,0.0036,0.0046,687.0,21.0,0.0034,0.0054,0.0,0.0,0,0.0,0.0,0.0,0.0,0.0,0.0,0.0,0,11,Audio_Array,0.0,0.0,0.0,0.0,0.0,,,,,,,,Audio Array,Microphone Accessories,Accessories,,,AA-22,0
FBA79016,AM-C3A,B0CH4R1V6S,B0CH4R1V6S,"Audio Array AM-C3a Unidirectional Dynamic Handheld Karaoke Microphone | 20Hz - 20kHz Response | Karaoke Singing, Public Meetings, Studio Recording, Live Sound, Party (no Cable Included)",386.0,11.0,0.0025,0.0039,561.0,14.0,0.0028,0.0036,0.0,0.0,0,0.0,0.0,0.0,0.0,0.0,0.0,0.0,0,11,Audio_Array,0.0,0.0,0.0,0.0,0.0,SP_SD,,,,,,,Audio Array,Microphone Dynamic,Vocal Microphone,,,AM-C3A,0
FBA79109,AM-W18,B0CM9HYVDM,B0CM9HYVDM,"Audio Array AM-W18 Wireless Karaoke Speaker with Microphone | Portable Bluetooth Speaker for Singing & Gifting with Voice Changer | Upto 8+ Hours of Playback | Bluetooth v5.3, SD Card & AUX in (Pink)",577.0,14.0,0.0038,0.0049,801.0,14.0,0.0039,0.0036,0.0,0.0,0,0.0,0.0,0.0,0.0,0.0,0.0,0.0,0,11,Audio_Array,3940.34,273.0,57194.0,9111.04,9.0,SP_SD,0.4324797169148637,2.3122471664881714,,437.8155555555556,,,Audio Array,Speaker Karaoke,Microphone with Speaker,,,AM-W18,0
FBA79106,AM-C44,B0CM9KJZWQ,B0CM9KJZWQ,"Audio Array AM-C44 XLR/USB Professional Dynamic Podcast Microphone | Built-in Monitoring | One Touch Mute & Volume Control | 192kHz/24bit Full Metal Build | 2M XLR & USB Cable | Streaming, Podcasting",310.0,2.0,0.002,0.0007,461.0,2.0,0.0023,0.0005,0.0,0.0,0,0.0,0.0,0.0,0.0,0.0,0.0,0.0,0,11,Audio_Array,1510.29,88.0,16381.0,8388.14,2.0,SP_SD,0.1800506429315676,5.553992941752908,,755.145,,,Audio Array,Microphone Dynamic,Dynamic Microphone,,,AM-C44,0
FBA79108,AM-W16,B0CM9L1QZG,B0CM9L1QZG,"Audio Array AM-W16 Solo Wireless Lapel Over Ear Mic|in-Built ANC,Plug N Play,LongBattery Life,Ultra-Low Latency,Upto 30M Range|Compatible with iPhone&Android|Vlogging,Streaming,Teaching,YouTube,Black",101.0,0.0,0.0007,0.0,130.0,0.0,0.0006,0.0,0.0,0.0,0,0.0,0.0,0.0,0.0,0.0,0.0,0.0,0,11,Audio_Array,153.14,76.0,13153.0,1143.22,1.0,SP_SD,0.1339549692972481,7.465195246179966,,153.14,,,Audio Array,Microphone Wireless Lapel,Wireless Lapel Microphone,,,AM-W16,0
FBA79107,AM-W17,B0CM9P5CCK,B0CM9P5CCK,"Audio Array AM-W17 Dual Wireless Lapel Mic|in-Built ANC, Plug N Play,Long Battery Life, Ultra-Low Latency,Upto 30M Range|Compatible with iPhone & Android|Vlogging, Streaming, Teaching,YouTube, Black",18.0,0.0,0.0001,0.0,23.0,0.0,0.0001,0.0,0.0,0.0,0,0.0,0.0,0.0,0.0,0.0,0.0,0.0,0,11,Audio_Array,214.55,10.0,2617.0,0.0,0.0,SP_SD,,0.0,,,,,Audio Array,Microphone Wireless Lapel,Wireless Lapel Microphone,,,AM-W17,0
FBA79355,AA-19BL,B0D3M86SH1,B0D3M86SH1,Audio Array AA-19BL RGB Low Profile Boomarm Stand with Riser | 71cm reach & 20 RGB lighting effects & Built-In Cable Management | Matte finish with Flexible adjustments | 2Kg Weight Capacity | Black,313.0,15.0,0.0021,0.0053,375.0,17.0,0.0018,0.0043,0.0,0.0,0,0.0,0.0,0.0,0.0,0.0,0.0,0.0,0,11,Audio_Array,1284.3,55.0,8401.0,8462.72,2.0,SP_SD,0.1517597179157528,6.589363855796932,,642.15,,,Audio Array,Microphone Accessories,Accessories,,,AA-19BL,0
FBA79444,AM-W20,B0DFMLQBMC,B0DFMLQBMC,"Audio Array AM-W20 Magnetic Wireless Lapel Microphone Set | One Touch Smart Noise Reduction | 48KHz/24Bit Hi-fi Recording | 50M Range | 800mAh 48Hrs Long Battery Backup | Vlogging, Podcast, Streaming",9.0,0.0,0.0001,0.0,12.0,0.0,0.0001,0.0,0.3636,0.0,0,0.0,0.0,0.0,0.0,0.0,0.0,0.0,0,11,Audio_Array,0.0,0.0,0.0,0.0,0.0,SP_SD,,,,,,,Audio Array,Microphone Wireless Lapel,Wireless Lapel Microphone,,,AM-W20,0
FBA79445,AM-W32,B0DFMLS8JG,B0DFMLS8JG,"Audio Array AM-W32 UHF Dual Wireless Premium Metal Microphones | 1200mAh 6-8 Hours Receiver Battery Backup | Range up to 60M | Karaoke Singing, Wedding, DJ, Events | Built in Volume and Echo Controls",386.0,8.0,0.0025,0.0028,518.0,9.0,0.0026,0.0023,0.0022,0.0,0,0.0,0.0,0.0,0.0,0.0,0.0,0.0,0,11,Audio_Array,946.1,104.0,17766.0,13555.92,5.0,SP_SD,0.0697923859096247,14.328210548567805,,189.22,,,UNKNOWN,,,,,AM-W32,0
FBA79446,AM-W33,B0DFMMTWLY,B0DFMMTWLY,"Audio Array AM-W33 UHF Metal Solo Wireless Microphone Set | 2000mAh 6-8 Hours Battery Backup | Range up to 50M | Karaoke Singing, Wedding, DJ, Church | PA System, Amplifier, Mixer, Party Box",439.0,9.0,0.0029,0.0032,647.0,15.0,0.0032,0.0038,0.0018,0.0,0,0.0,0.0,0.0,0.0,0.0,0.0,0.0,0,11,Audio_Array,1424.4499999999998,144.0,24047.0,9783.22,8.0,SP_SD,0.1456013459781135,6.868068377268421,,178.05624999999998,,,Audio Array,Microphone Wireless Handheld,Wireless Microphone,,,AM-W33,0
FBA79816,AM-W22,B0FPR962YS,B0FPR962YS,"Audio Array AM-W22 | Latest 2026 Edition Wireless Microphone for Camera/iPhone/Android/iPad/Laptop, Lav Mic with Charging Case, AI Noise Reduction, 50H Battery, 230ft Range, for Recording, YouTube",221.0,9.0,0.0015,0.0032,308.0,16.0,0.0015,0.0041,0.0,0.0,0,0.0,0.0,0.0,0.0,0.0,0.0,0.0,0,11,Audio_Array,1951.39,126.0,50492.0,2989.83,1.0,SP_SD,0.6526759046500972,1.532154003043984,,1951.39,,,Audio Array,Microphone Wireless Lapel,Wireless Lapel Microphone,,,AM-W22,0
FBA76864,AI-04 RED,B0BPLZ5CGV,B0BPLZ5CGV,,0.0,,,,,,,,,,142,,,,565472.4,,,,0,11,Audio_Array,58471.35,4795.0,738245.0,385292.05,106.0,SP_SD,0.1517585166888338,6.589416013141479,,551.6165094339623,,,Audio Array,Audio Interface,Audio Interface,,,AI-04 RED,142
FBA75673,AM-C1,B0B4DPX2J2,B0B4DPX2J2,,0.0,,,,,,,,,,204,,,,458006.06,,,,0,11,Audio_Array,104506.73,5726.0,907113.0,353388.59,159.0,SP_SD,0.2957275162732333,3.381491220708944,,657.2750314465409,,,Audio Array,Microphone Condenser,USB Microphone Kit - Boomarm,,,AM-C1,204
FBA79961,AI-13,B0G53H49BS,B0G53H49BS,,0.0,,,,,,,,,,77,,,,176121.14,,,,0,11,Audio_Array,25025.66,3352.0,256665.0,109367.86,48.0,SP_SD,0.228820971718748,4.370228797162592,,521.3679166666667,,,Audio Array,Mixers,4 channels Mixer,,,AI-13,77
FBA79482,AM-S1,B0DXFPM4N2,B0DXFPM4N2,,0.0,,,,,,,,,,23,,,,171505.94,,,,0,11,Audio_Array,33139.86,3957.0,423189.0,173452.53999999998,27.0,SP_SD,0.191060102089021,5.233955122320975,,1227.4022222222222,,,Audio Array,Monitor Speakers,Studio Monitor Speaker,,,AM-S1,23
FBA79813,AH-50,B0FG88HVQ8,B0FG88HVQ8,,0.0,,,,,,,,,,72,,,,125023.68,,,,0,11,Audio_Array,22450.55,1362.0,222162.0,74612.66,43.0,SP_SD,0.3008946471014436,3.323422366044485,,522.1058139534883,,,Audio Array,DJ Headphone,DJ Headphone,,,AH-50,72
FBA79380,AM-C46,B0D3M1B4Z8,B0D3M1B4Z8,,0.0,,,,,,,,,,35,,,,104377.0,,,,0,11,Audio_Array,19429.11,944.0,169737.0,51839.81,19.0,SP_SD,0.374791304211956,2.6681515519753605,,1022.5847368421051,,,Audio Array,Microphone Condenser,Condenser Mic with Boom Arm,,,AM-C46,35
FBA79005,AM-W45,B0CKHVHVQ1,B0CKHVHVQ1,,0.0,,,,,,,,,,23,,,,99387.25,,,,0,11,Audio_Array,4801.03,327.0,47664.0,47533.07,11.0,SP_SD,0.1010039957444364,9.900598413257155,,436.4572727272727,,,Audio Array,Microphone Conference,Wireless Conference Microphone,,,AM-W45,23
FBA78975,AA-21,B0CF5TCQKL,B0CF5TCQKL,,0.0,,,,,,,,,,22,,,,68964.42,,,,0,11,Audio_Array,5209.53,291.0,20636.0,41177.16,11.0,SP_SD,0.126515038919634,7.904198651317874,,473.59363636363634,,,Audio Array,Microphone Accessories,Accessories,,,AA-21,22
FBA78973,AA-19,B0CF5R3V95,B0CF5R3V95,,0.0,,,,,,,,,,18,,,,58713.48,,,,0,11,Audio_Array,6542.74,297.0,29727.0,22409.31,7.0,SP_SD,0.2919652590820512,3.425065033915454,,934.6771428571428,,,Audio Array,Microphone Accessories,Accessories,,,AA-19,18
FBA79011,AM-C43,B0CH4RNWJX,B0CH4RNWJX,,0.0,,,,,,,,,,27,,,,57066.12,,,,0,11,Audio_Array,19948.03,1178.0,180268.0,43169.51,21.0,SP_SD,0.462086088074662,2.164098911020285,,949.9061904761904,,,Audio Array,Microphone Condenser,XLR Microphone Kit - Boomarm,,,AM-C43,27
FBA75674,AM-C2,B0B4G19R58,B0B4G19R58,,0.0,,,,,,,,,,17,,,,54731.4,,,,0,11,Audio_Array,4833.21,227.0,53413.0,16097.45,5.0,SP_SD,0.3002469335205265,3.330591884068766,,966.642,,,Audio Array,Microphone Condenser,XLR Microphone Kit - Boomarm,,,AM-C2,17
FBA79972,M8,B0GCP1J2HC,B0GCP1J2HC,,0.0,,,,,,,,,,7,,,,47451.69,,,,0,11,Audio_Array,7210.7,1148.0,86743.0,30673.730000000003,6.0,SP_SD,0.2350773772866879,4.253918482255537,,1201.7833333333333,,,Audio Array,Mixers,8 channels Mixer,,,M8,7
FBA75677,AM-C5,B0B4KC7VBM,B0B4KC7VBM,,0.0,,,,,,,,,,23,,,,44811.06,,,,0,11,Audio_Array,2208.47,113.0,19715.0,19483.1,10.0,SP_SD,0.1133531111578752,8.821989884399608,,220.847,,,Audio Array,Microphone Conference,Conference Microphone,,,AM-C5,23
FBA79839,AH-45 BK,B0FQBXS6Y2,B0FQBXS6Y2,,0.0,,,,,,,,,,31,,,,39380.54,,,,0,11,Audio_Array,7201.87,408.0,51652.0,21002.55,18.0,SP_SD,0.3429045520662967,2.916263414918625,,400.1038888888889,,,Audio Array,DJ Headphone,DJ Headphone,,,AH-45 BK,31
FBA79103,AI-10,B0CM6NTWBP,B0CM6NTWBP,,0.0,,,,,,,,,,15,,,,38122.88,,,,0,11,Audio_Array,6153.26,687.0,101555.0,37445.8,15.0,SP_SD,0.1643244369194943,6.085522145984405,,410.2173333333333,,,Audio Array,Audio Interface,Audio Interface,,,AI-10,15
FBA79838,AH-40 SL,B0FQBX8J17,B0FQBX8J17,,0.0,,,,,,,,,,30,,,,30483.0,,,,0,11,Audio_Array,7439.59,513.0,69131.0,30866.91,27.0,SP_SD,0.2410215340635003,4.149006867313925,,275.5403703703704,,,Audio Array,DJ Headphone,DJ Headphone,,,AH-40 SL,30
FBA75688,AM-W12,B0B4G763WS,B0B4G763WS,,0.0,,,,,,,,,,8,,,,27111.84,,,,0,11,Audio_Array,1979.26,176.0,30032.0,6777.96,2.0,SP_SD,0.2920141163417901,3.424491981851803,,989.63,,,Audio Array,Microphone Wireless Handheld,Wireless Microphone,,,AM-W12,8
FBA79904,PB-10 (AM-C2+AI-04+AH-60-BL),B0FTVQQVDC,B0FTVQQVDC,,0.0,,,,,,,,,,3,,,,25421.17,,,,0,11,Audio_Array,2440.3,408.0,44290.0,3219.49,1.0,SP_SD,0.7579771951458151,1.3193009056263572,,2440.3,,,Audio Array,Bundles,PB-10,,,PB-10 (AM-C2+AI-04+AH-60-BL),3
FBA79379,AM-C45,B0D3LZWTHV,B0D3LZWTHV,,0.0,,,,,,,,,,8,,,,23722.0,,,,0,11,Audio_Array,6735.23,320.0,85442.0,15334.72,5.0,SP_SD,0.4392144101750798,2.2767923292894228,,1347.0459999999998,,,Audio Array,Microphone Dynamic,Dynamic Microphone,,,AM-C45,8
FBA75679,AA-02,B0B4JRQP22,B0B4JRQP22,,0.0,,,,,,,,,,10,,,,21178.0,,,,0,11,Audio_Array,0.0,0.0,0.0,0.0,0.0,,,,,,,,Audio Array,Microphone Accessories,Accessories,,,AA-02,10
FBA79654,AM-C11 PRO,B0DN6MNS1X,B0DN6MNS1X,,0.0,,,,,,,,,,5,,,,21148.47,,,,0,11,Audio_Array,1261.41,63.0,8496.0,12777.2,3.0,SP_SD,0.0987235074977303,10.129299751864975,,420.47,,,Audio Array,Bundles,Bundles,,,AM-C11 PRO,5
FBA79449,AM-W36,B0DFMNGFTD,B0DFMNGFTD,,0.0,,,,,,,,,,4,,,,21013.55,,,,0,11,Audio_Array,2762.97,302.0,61155.0,10506.78,2.0,SP_SD,0.2629701963874755,3.802712298722028,,1381.485,,,Audio Array,Microphone Wireless Handheld,Wireless Microphone,,,AM-W36,4
FBA79104,AI-11,B0CM6NVLT9,B0CM6NVLT9,,0.0,,,,,,,,,,16,,,,21003.38,,,,0,11,Audio_Array,4785.24,595.0,57087.0,19184.74,12.0,SP_SD,0.2494294944836364,4.0091489664050295,,398.77,,,Audio Array,Audio Interface,Audio Interface,,,AI-11,16
FBA79694,AA-26,B0DT6T6N6B,B0DT6T6N6B,,0.0,,,,,,,,,,44,,,,20471.09,,,,0,11,Audio_Array,569.75,67.0,5413.0,930.5,2.0,SP_SD,0.6123052122514777,1.6331724440544098,,284.875,,,Audio Array,Microphone Accessories,Accessories,,,AA-26,44
FBA79109,AM-W18,B0CM9HYVDM,B0CM9HYVDM,,0.0,,,,,,,,,,20,,,,20152.51,,,,0,11,Audio_Array,3940.34,273.0,57194.0,9111.04,9.0,SP_SD,0.4324797169148637,2.3122471664881714,,437.8155555555556,,,Audio Array,Speaker Karaoke,Microphone with Speaker,,,AM-W18,20
FBA76862,AM-C28,B0BPLWW72Y,B0BPLWW72Y,,0.0,,,,,,,,,,14,,,,18378.03,,,,0,11,Audio_Array,2108.81,138.0,14426.0,20243.24,14.0,SP_SD,0.1041735413896194,9.599366467344142,,150.62928571428571,,,Audio Array,Microphone Conference,Conference Microphone,,,AM-C28,14
FBA75691,AM-W14,B0B4G5JG4P,B0B4G5JG4P,,0.0,,,,,,,,,,3,,,,16522.88,,,,0,11,Audio_Array,508.42,39.0,3116.0,0.0,0.0,SP_SD,,0.0,,,,,Audio Array,Microphone Wireless Handheld,Wireless Microphone,,,AM-W14,3
FBA78960,AM-C39,B0CBCB82MT,B0CBCB82MT,,0.0,,,,,,,,,,10,,,,14398.33,,,,0,11,Audio_Array,3619.43,208.0,23913.0,10865.23,9.0,SP_SD,0.3331204217490103,3.0019174289874373,,402.1588888888889,,,Audio Array,Microphone Condenser,XLR Microphone Kit - Tripod,,,AM-C39,10
FBA79842,AM-C48,B0G4DNF8RZ,B0G4DNF8RZ,,0.0,,,,,,,,,,5,,,,13978.8,,,,0,11,Audio_Array,871.57,77.0,9393.0,5591.52,2.0,SP_SD,0.1558735370704209,6.4154571635095285,,435.785,,,Audio Array,Microphone Dynamic,Microphone Dynamic,,,AM-C48,5
FBA75690,AM-C10,B0B4K87PR4,B0B4K87PR4,,0.0,,,,,,,,,,4,,,,13555.92,,,,0,11,Audio_Array,987.24,47.0,12900.0,6777.96,2.0,SP_SD,0.1456544447001752,6.865564604351525,,493.62,,,Audio Array,Microphone Conference,Conference Microphone,,,AM-C10,4
FBA79655,AM-C44 PRO,B0DN6PFWNK,B0DN6PFWNK,,0.0,,,,,,,,,,3,,,,13217.81,,,,0,11,Audio_Array,561.08,26.0,4793.0,0.0,0.0,SP_SD,,0.0,,,,,Audio Array,Bundles,Bundles,,,AM-C44 PRO,3
FBA77171,AC-6XL,B0CH4VCD6R,B0CH4VCD6R,,0.0,,,,,,,,,,28,,,,13088.1,,,,0,11,Audio_Array,0.0,0.0,0.0,0.0,0.0,,,,,,,,Audio Array,Microphone Accessories,Accessories,,,AC-6XL,28
FBA75678,AA-01,B0B4G8PH2P,B0B4G8PH2P,,0.0,,,,,,,,,,6,,,,10927.13,,,,0,11,Audio_Array,1715.6,71.0,21582.0,0.0,0.0,SP_SD,,0.0,,,,,Audio Array,Microphone Accessories,Accessories,,,AA-01,6
FBA79445,AM-W32,B0DFMLS8JG,B0DFMLS8JG,,0.0,,,,,,,,,,3,,,,10166.94,,,,0,11,Audio_Array,946.1,104.0,17766.0,13555.92,5.0,SP_SD,0.0697923859096247,14.328210548567805,,189.22,,,UNKNOWN,,,,,AM-W32,3
FBA76863,AI-03,B0BPM2T7BQ,B0BPM2T7BQ,,0.0,,,,,,,,,,3,,,,9912.72,,,,0,11,Audio_Array,0.0,0.0,0.0,0.0,0.0,,,,,,,,Audio Array,Audio Interface,Audio Interface,,,AI-03,3
FBA79969,UB-03 (AM-S1 + AA-22),B0G3B677Z5,B0G3B677Z5,,0.0,,,,,,,,,,1,,,,9744.92,,,,0,11,Audio_Array,184.14,38.0,2662.0,0.0,0.0,SP_SD,,0.0,,,,,Audio Array,Bundles,UB-03,,,UB-03 (AM-S1 + AA-22),1
FBA75680,AM-C6,B0B4G1PXWV,B0B4G1PXWV,,0.0,,,,,,,,,,6,,,,9655.92,,,,0,11,Audio_Array,361.58,42.0,5133.0,3218.64,2.0,SP_SD,0.1123393731513931,8.901598539742242,,180.79,,,Audio Array,Microphone Condenser,USB Microphone Kit - Tripod,,,AM-C6,6
FBA79958,AM-W24,B0G3Q59X8C,B0G3Q59X8C,,0.0,,,,,,,,,,6,,,,9655.92,,,,0,11,Audio_Array,3175.73,254.0,51851.0,6522.03,4.0,SP_SD,0.4869235498763422,2.053710485463185,,793.9325,,,Audio Array,Microphone Wireless Lapel,Wireless Lapel Microphone,,,AM-W24,6
FBA78976,AA-22,B0CF5SHL15,B0CF5SHL15,,0.0,,,,,,,,,,3,,,,9404.23,,,,0,11,Audio_Array,0.0,0.0,0.0,0.0,0.0,,,,,,,,Audio Array,Microphone Accessories,Accessories,,,AA-22,3
FBA79966,AM-MIX10,B0G53KWRVW,B0G53KWRVW,,0.0,,,,,,,,,,1,,,,9321.19,,,,0,11,Audio_Array,0.0,0.0,0.0,0.0,0.0,SP_SD,,,,,,,Audio Array,Mixers,10 channels mixer,,,AM-MIX10,1
FBA76597,AA-06,B0BQ7H7418,B0BQ7H7418,,0.0,,,,,,,,,,8,,,,8806.78,,,,0,11,Audio_Array,1374.79,80.0,12269.0,7284.75,4.0,SP_SD,0.188721644531384,5.29880927268892,,343.6975,,,Audio Array,Microphone Accessories,Accessories,,,AA-06,8
FBA79356,AA-19WL,B0D3Q2T5XX,B0D3Q2T5XX,,0.0,,,,,,,,,,2,,,,8472.88,,,,0,11,Audio_Array,48.48,5.0,1477.0,0.0,0.0,SP_SD,,0.0,,,,,Audio Array,Microphone Accessories,Accessories,,,AA-19WL,2
FBA79355,AA-19BL,B0D3M86SH1,B0D3M86SH1,,0.0,,,,,,,,,,2,,,,8462.72,,,,0,11,Audio_Array,1284.3,55.0,8401.0,8462.72,2.0,SP_SD,0.1517597179157528,6.589363855796932,,642.15,,,Audio Array,Microphone Accessories,Accessories,,,AA-19BL,2
FBA79840,AH-60 RD,B0FQBWV1ST,B0FQBWV1ST,,0.0,,,,,,,,,,5,,,,8258.45,,,,0,11,Audio_Array,1804.9,107.0,11329.0,3297.45,2.0,SP_SD,0.5473623557597538,1.82694332095961,,902.45,,,Audio Array,DJ Headphone,DJ Headphone,,,AH-60 RD,5
FBA79841,AH-60 BL,B0FQBTRM28,B0FQBTRM28,,0.0,,,,,,,,,,5,,,,8228.8,,,,0,11,Audio_Array,2448.35,160.0,31314.0,6092.37,4.0,SP_SD,0.401871521263482,2.4883574652316867,,612.0875,,,Audio Array,DJ Headphone,DJ Headphone,,,AH-60 BL,5
FBA79446,AM-W33,B0DFMMTWLY,B0DFMMTWLY,,0.0,,,,,,,,,,5,,,,8131.52,,,,0,11,Audio_Array,1424.4499999999998,144.0,24047.0,9783.22,8.0,SP_SD,0.1456013459781135,6.868068377268421,,178.05624999999998,,,Audio Array,Microphone Wireless Handheld,Wireless Microphone,,,AM-W33,5
FBA79106,AM-C44,B0CM9KJZWQ,B0CM9KJZWQ,,0.0,,,,,,,,,,2,,,,7964.4,,,,0,11,Audio_Array,1510.29,88.0,16381.0,8388.14,2.0,SP_SD,0.1800506429315676,5.553992941752908,,755.145,,,Audio Array,Microphone Dynamic,Dynamic Microphone,,,AM-C44,2
FBA79823,PB-01 (AM-C11 + AI-04),B0FJ2HZCVN,B0FJ2HZCVN,,0.0,,,,,,,,,,1,,,,7711.02,,,,0,11,Audio_Array,0.0,0.0,0.0,0.0,0.0,SP_SD,,,,,,,Audio Array,Bundles,PB-01,,,PB-01 (AM-C11 + AI-04),1
FBA75675,AM-C3,B0B4G8ZB64,B0B4G8ZB64,,0.0,,,,,,,,,,10,,,,7618.6,,,,0,11,Audio_Array,1724.68,166.0,27589.0,5205.91,7.0,SP_SD,0.3312927038692563,3.01847879026834,,246.38285714285715,,,Audio Array,Microphone Dynamic,Vocal Microphone,,,AM-C3,10
FBA79783,AM-C47,B0FF9R3GKK,B0FF9R3GKK,,0.0,,,,,,,,,,3,,,,7370.34,,,,0,11,Audio_Array,1992.38,114.0,37546.0,2879.6600000000003,2.0,SP_SD,0.6918802914232929,1.4453367329525495,,996.19,,,Audio Array,Microphone Condenser,USB Microphone Kit - Boomarm,,,AM-C47,3
FBA75684,AA-04,B0B4G7VWXD,B0B4G7VWXD,,0.0,,,,,,,,,,5,,,,7199.16,,,,0,11,Audio_Array,0.0,0.0,0.0,0.0,0.0,SP_SD,,,,,,,Audio Array,Microphone Accessories,Accessories,,,AA-04,5
FBA76414,AA-05,B0BLJVJ2GN,B0BLJVJ2GN,,0.0,,,,,,,,,,12,,,,7108.45,,,,0,11,Audio_Array,4214.6900000000005,369.0,92033.0,15030.51,14.0,SP_SD,0.2804089814650334,3.5662195796132097,,301.04928571428576,,,Audio Array,Microphone Accessories,Accessories,,,AA-05,12
FBA78925,AM-C11X,B0CBC7QMNV,B0CBC7QMNV,,0.0,,,,,,,,,,2,,,,6184.75,,,,0,11,Audio_Array,1447.11,96.0,10780.0,0.0,0.0,SP_SD,,0.0,,,,,Audio Array,Microphone Dynamic,XLR Dynamic Mic,,,AM-C11X,2
FBA79448,AM-W35,B0DFMKY4TT,B0DFMKY4TT,,0.0,,,,,,,,,,2,,,,6100.0,,,,0,11,Audio_Array,492.37,57.0,8810.0,0.0,0.0,SP_SD,,0.0,,,,,Audio Array,Microphone Wireless Handheld,Wireless Microphone,,,AM-W35,2
FBA79816,AM-W22,B0FPR962YS,B0FPR962YS,,0.0,,,,,,,,,,2,,,,5959.02,,,,0,11,Audio_Array,1951.39,126.0,50492.0,2989.83,1.0,SP_SD,0.6526759046500972,1.532154003043984,,1951.39,,,Audio Array,Microphone Wireless Lapel,Wireless Lapel Microphone,,,AM-W22,2
FBA79844,PB-08 (AM-C1 + AI-04),B0FN7DYB2M,B0FN7DYB2M,,0.0,,,,,,,,,,1,,,,5931.36,,,,0,11,Audio_Array,0.0,0.0,0.0,0.0,0.0,,,,,,,,Audio Array,Bundles,PB-08,,,PB-08 (AM-C1 + AI-04),1
FBA79008,AI-06,B0CH4RT4P8,B0CH4RT4P8,,0.0,,,,,,,,,,2,,,,5591.52,,,,0,11,Audio_Array,0.0,0.0,0.0,0.0,0.0,SP_SD,,,,,,,Audio Array,Audio Interface,Audio Interface,,,AI-06,2
FBA79960,AM-W47 WIRELESS,B0G3B152FR,B0G3B152FR,,0.0,,,,,,,,,,3,,,,4827.96,,,,0,11,Audio_Array,910.32,64.0,14245.0,0.0,0.0,SP_SD,,0.0,,,,,Audio Array,Voice Amplifier,Wireless Voice Amplifier,,,AM-W47 WIRELESS,3
FBA79824,GB-01 (AM-C43 +AI-10),B0FJ2K95XT,B0FJ2K95XT,,0.0,,,,,,,,,,1,,,,4744.92,,,,0,11,Audio_Array,763.1899999999999,51.0,18065.0,0.0,0.0,SP_SD,,0.0,,,,,Audio Array,Bundles,GB-01,,,GB-01 (AM-C43 +AI-10),1
FBA79832,GB-05 (AM-C43 + AI-06),B0FJ8S53GW,B0FJ8S53GW,,0.0,,,,,,,,,,1,,,,4660.17,,,,0,11,Audio_Array,2276.7,158.0,26083.0,0.0,0.0,SP_SD,,0.0,,,,,Audio Array,Bundles,GB-05,,,GB-05 (AM-C43 + AI-06),1
FBA75683,AA-03,B0B4G94VP3,B0B4G94VP3,,0.0,,,,,,,,,,11,,,,4651.68,,,,0,11,Audio_Array,615.96,46.0,4432.0,2960.16,7.0,SP_SD,0.2080833468461164,4.805766608221313,,87.99428571428572,,,Audio Array,Microphone Accessories,Accessories,,,AA-03,11
FBA79822,KB-01 (AM-W32 + AI-12),B0FJ2J6MTF,B0FJ2J6MTF,,0.0,,,,,,,,,,1,,,,4066.94,,,,0,11,Audio_Array,0.0,0.0,0.0,0.0,0.0,,,,,,,,Audio Array,Bundles,KB-01,,,KB-01 (AM-W32 + AI-12),1
FBA75692,AM-C11,B0B4G1HPL5,B0B4G1HPL5,,0.0,,,,,,,,,,1,,,,3982.2,,,,0,11,Audio_Array,1503.89,85.0,24650.0,0.0,0.0,SP_SD,,0.0,,,,,Audio Array,Microphone Dynamic,USB/XLR Dynamic Mic,,,AM-C11,1
FBA79016,AM-C3A,B0CH4R1V6S,B0CH4R1V6S,,0.0,,,,,,,,,,6,,,,3808.51,,,,0,11,Audio_Array,0.0,0.0,0.0,0.0,0.0,SP_SD,,,,,,,Audio Array,Microphone Dynamic,Vocal Microphone,,,AM-C3A,6
FBA78974,AA-20,B0CF5RRTDJ,B0CF5RRTDJ,,0.0,,,,,,,,,,2,,,,3557.62,,,,0,11,Audio_Array,258.32,15.0,1086.0,6523.72,2.0,SP_SD,0.0395970397258006,25.254413131000312,,129.16,,,Audio Array,Microphone Accessories,Accessories,,,AA-20,2
FBA79447,AM-W34,B0DFMLXD9S,B0DFMLXD9S,,0.0,,,,,,,,,,1,,,,3388.98,,,,0,11,Audio_Array,463.59,41.0,4720.0,3050.0,1.0,SP_SD,0.1519967213114754,6.579089281477167,,463.59,,,Audio Array,Microphone Wireless Handheld,Wireless Microphone,,,AM-W34,1
FBA79009,AM-C41,B0CH4PMR8K,B0CH4PMR8K,,0.0,,,,,,,,,,2,,,,2710.16,,,,0,11,Audio_Array,738.9300000000001,52.0,5638.0,0.0,0.0,SP_SD,,0.0,,,,,Audio Array,Microphone Condenser,USB Microphone Kit - Tripod,,,AM-C41,2
FBA79957,AM-W23,B0G3Q517Y2,B0G3Q517Y2,,0.0,,,,,,,,,,1,,,,2541.53,,,,0,11,Audio_Array,1921.2,121.0,43871.0,2922.88,1.0,SP_SD,0.6572969126341143,1.521382469290027,,1921.2,,,Audio Array,Microphone Wireless Lapel,Wireless Lapel Microphone,,,AM-W23,1
FBA79064,AA-25,B0CJR76Y7G,B0CJR76Y7G,,0.0,,,,,,,,,,3,,,,2205.09,,,,0,11,Audio_Array,0.0,0.0,0.0,0.0,0.0,,,,,,,,Audio Array,Microphone Accessories,Accessories,,,AA-25,3
FBA78961,AM-C40,B0CBCB9S14,B0CBCB9S14,,0.0,,,,,,,,,,1,,,,2117.8,,,,0,11,Audio_Array,560.76,43.0,10843.0,0.0,0.0,SP_SD,,0.0,,,,,Audio Array,Microphone Condenser,Condenser Mic with Boom Arm,,,AM-C40,1
FBA79010,AM-C42,B0CH4T2BJD,B0CH4T2BJD,,0.0,,,,,,,,,,1,,,,1990.68,,,,0,11,Audio_Array,545.15,45.0,9812.0,0.0,0.0,SP_SD,,0.0,,,,,Audio Array,Microphone Condenser,USB Microphone Kit - Boomarm,,,AM-C42,1
FBA75689,AM-W13,B0B4G59Y8W,B0B4G59Y8W,,0.0,,,,,,,,,,1,,,,1863.56,,,,0,11,Audio_Array,429.43,48.0,4986.0,0.0,0.0,SP_SD,,0.0,,,,,Audio Array,Microphone Wireless Handheld,Wireless Microphone,,,AM-W13,1
FBA79815,AM-W19,B0FPR7VFCH,B0FPR7VFCH,,0.0,,,,,,,,,,1,,,,1694.06,,,,0,11,Audio_Array,792.6300000000001,72.0,20397.0,3133.9,2.0,SP_SD,0.2529212801940075,3.9537993767583854,,396.31500000000005,,,Audio Array,Microphone Wireless Lapel,Wireless Lapel Microphone,,,AM-W19,1
FBA75676,AM-C4,B0B4DS678Q,B0B4DS678Q,,0.0,,,,,,,,,,1,,,,1609.32,,,,0,11,Audio_Array,411.81,50.0,6702.0,1609.32,1.0,SP_SD,0.2558906867496831,3.9079187003715306,,411.81,,,Audio Array,Microphone Condenser,USB Microphone Kit - Tripod,,,AM-C4,1
FBA76723,AM-C20,B0BLKF46QG,B0BLKF46QG,,0.0,,,,,,,,,,1,,,,1143.22,,,,0,11,Audio_Array,0.0,0.0,0.0,0.0,0.0,SP_SD,,,,,,,Audio Array,Microphone Condenser,USB Microphone Kit - Tripod,,,AM-C20,1
FBA79959,AM-W47 WIRED,B0G39ZHDYP,B0G39ZHDYP,,0.0,,,,,,,,,,1,,,,1016.1,,,,0,11,Audio_Array,1108.47,90.0,17767.0,1016.1,1.0,SP_SD,1.0909064068497196,0.9166689220276596,,1108.47,,,Audio Array,Voice Amplifier,Wired Voice Amplifier,,,AM-W47 WIRED,1
FBA79820,AC-3XL,B0FQJWWDVK,B0FQJWWDVK,,0.0,,,,,,,,,,2,,,,761.02,,,,0,11,Audio_Array,0.0,0.0,0.0,0.0,0.0,,,,,,,,Audio Array,Microphone Accessories,Accessories,,,AC-3XL,2
FBA79821,"UB-01 (AI-04, AM-S1, AA-21, AM-C2)",B0FJ2JJZL3,B0FJ2JJZL3,,0.0,,,,,,,,,,0,,,,0.85,,,,0,11,Audio_Array,62.12,11.0,734.0,7456.78,1.0,SP_SD,0.0083306735615104,120.03831294269156,,62.12,,,Audio Array,Bundles,UB-01,,,"UB-01 (AI-04, AM-S1, AA-21, AM-C2)",0
FBA79962,AM-MIX4 OTG,B0G53LZNY3,B0G53LZNY3,,0.0,,,,,,,,,,0,,,,0.0,,,,0,11,Audio_Array,0.0,0.0,0.0,0.0,0.0,,,,,,,,UNKNOWN,,,,,AM-MIX4 OTG,0
FBA77010,AI-04 BLACK,B0BPMBMN3S,B0BPMBMN3S,,0.0,,,,,,,,,,0,,,,0.0,,,,0,11,Audio_Array,0.0,0.0,0.0,0.0,0.0,,,,,,,,UNKNOWN,,,,,AI-04 BLACK,0
FBA79827,PB-03 (AI-04 RED + AM-C11 X 2),B0FJ8S5XJ8,B0FJ8S5XJ8,,0.0,,,,,,,,,,0,,,,0.0,,,,0,11,Audio_Array,196.88,47.0,9813.0,0.0,0.0,SP_SD,,0.0,,,,,Audio Array,Bundles,PB-03,,,PB-03 (AI-04 RED + AM-C11 X 2),0
FBA79965,AM-MIX6,B0G53PRM34,B0G53PRM34,,0.0,,,,,,,,,,0,,,,0.0,,,,0,11,Audio_Array,0.0,0.0,0.0,0.0,0.0,SP_SD,,,,,,,Audio Array,Mixers,6 channels mixer,,,AM-MIX6,0
FBA79963,AM-MIX8,B0G53CB72D,B0G53CB72D,,0.0,,,,,,,,,,0,,,,0.0,,,,0,11,Audio_Array,2476.2200000000003,277.0,38554.0,0.0,0.0,SP_SD,,0.0,,,,,Audio Array,Mixers,8 channels Mixer,,,AM-MIX8,0
FBA79968,AI-14,B0G53M9258,B0G53M9258,,0.0,,,,,,,,,,0,,,,0.0,,,,0,11,Audio_Array,0.0,0.0,0.0,0.0,0.0,,,,,,,,Audio Array,Mixers,8 channels Mixer,,,AI-14,0
FBA79845,UB-02 (AM-S1 + AA-21),B0FN7B3KWS,B0FN7B3KWS,,0.0,,,,,,,,,,0,,,,0.0,,,,0,11,Audio_Array,74.5,14.0,1380.0,9829.66,1.0,SP_SD,0.0075791024308063,131.94174496644294,,74.5,,,Audio Array,Bundles,UB-02,,,UB-02 (AM-S1 + AA-21),0
FBA79108,AM-W16,B0CM9L1QZG,B0CM9L1QZG,,0.0,,,,,,,,,,0,,,,0.0,,,,0,11,Audio_Array,153.14,76.0,13153.0,1143.22,1.0,SP_SD,0.1339549692972481,7.465195246179966,,153.14,,,Audio Array,Microphone Wireless Lapel,Wireless Lapel Microphone,,,AM-W16,0
FBA79906,PB-12 (AM-C11+AA-05+AI-04+AH-60-RD),B0FTVVLNS9,B0FTVVLNS9,,0.0,,,,,,,,,,0,,,,0.0,,,,0,11,Audio_Array,692.01,126.0,25011.0,7920.33,4.0,SP_SD,0.0873713595266863,11.445398187887458,,173.0025,,,Audio Array,Bundles,PB-12,,,PB-12 (AM-C11+AA-05+AI-04+AH-60-RD),0
FBA79708,SB-01,B0FFB6YJM1,B0FFB6YJM1,,0.0,,,,,,,,,,0,,,,0.0,,,,0,11,Audio_Array,86.39,51.0,4328.0,0.0,0.0,SP_SD,,0.0,,,,,Audio Array,Sound Bar,Sound Bar,,,SB-01,0
FBA78203,AM-C30,B0C4YTNJG7,B0C4YTNJG7,,0.0,,,,,,,,,,0,,,,0.0,,,,0,11,Audio_Array,55.78,6.0,3472.0,0.0,0.0,SP_SD,,0.0,,,,,Audio Array,Microphone Condenser,RGB USB Microphone Kit - Tripod,,,AM-C30,0
FBA75686,AM-W10,B0B4G89VQJ,B0B4G89VQJ,,0.0,,,,,,,,,,0,,,,0.0,,,,0,11,Audio_Array,0.0,0.0,0.0,0.0,0.0,SP_SD,,,,,,,Audio Array,Microphone Wireless Lapel,Wireless Microphone,,,AM-W10,0
FBA79107,AM-W17,B0CM9P5CCK,B0CM9P5CCK,,0.0,,,,,,,,,,0,,,,0.0,,,,0,11,Audio_Array,214.55,10.0,2617.0,0.0,0.0,SP_SD,,0.0,,,,,Audio Array,Microphone Wireless Lapel,Wireless Lapel Microphone,,,AM-W17,0
FBA79653,AM-C45 PRO,B0DN6LJZBR,B0DN6LJZBR,,0.0,,,,,,,,,,0,,,,0.0,,,,0,11,Audio_Array,0.0,0.0,0.0,0.0,0.0,SP_SD,,,,,,,Audio Array,Bundles,Bundles,,,AM-C45 PRO,0
FBA79830,GB-03 (AI-12 + AM-C43),B0FJ8TSQK1,B0FJ8TSQK1,,0.0,,,,,,,,,,0,,,,0.0,,,,0,11,Audio_Array,711.61,46.0,13113.0,2685.6,1.0,SP_SD,0.2649724456359845,3.7739773190371126,,711.61,,,Audio Array,Bundles,GB-03,,,GB-03 (AI-12 + AM-C43),0
FBA79961,AI-13,B0G53H49BS,B0G53H49BS,"Audio Array AI-13 2026 Edition 4-Channel Hybrid USB Summing Mixer 4 Analog+2 Digital, 48kHz/16-Bit, 2XLR Mic Inputs,TRS Stereo In, 48V Phantom, Hi-Z,2 Band EQ,Monitoring,Amp Out, USB-C Power",6752.0,118.0,0.0882,0.0652,9377.0,153.0,0.0886,0.0632,0.3423,0.4082,17,2.0,0.0025,0.0169,38856.0,5398.0,17.0,2.0,0,12,Audio_Array,24262.79,3131.0,210805.0,104757.84,45.0,SP_SD,0.2316083454947143,4.317633709890742,,539.1731111111111,,,Audio Array,Mixers,4 channels Mixer,,,AI-13,17
FBA79813,AH-50,B0FG88HVQ8,B0FG88HVQ8,"Audio Array AH-50 Professional DJ Headphone | 50mm Drivers | 32Ω | 20Hz-20kHz | Dual Detachable Cables With Mic & Controls | Buddy Share Technology | 105 dB SPL | One Ear Listening | Monitoring,Mixing",2838.0,47.0,0.0371,0.026,4081.0,61.0,0.0386,0.0252,0.1076,0.1282,16,1.0,0.0056,0.0213,26682.20338983051,2099.0,14.0,1.0,0,12,Audio_Array,21315.65,1306.0,185063.0,99781.29,58.0,SP_SD,0.2136237164302045,4.68112818515973,,367.51120689655176,,,Audio Array,DJ Headphone,DJ Headphone,,,AH-50,16
FBA76414,AA-05,B0BLJVJ2GN,B0BLJVJ2GN,"Audio Array AA-05 Suspension Boom Scissor Microphone Arm Stand | Universal clamp with mic Holder & 3/8″ to 5/8″ Adapter for Shock mounts | Suitable for Stages, Studios, Broadcasting, TV Stations",467.0,13.0,0.0061,0.0072,648.0,16.0,0.0061,0.0066,0.4506,0.0909,14,0.0,0.03,0.0,8886.440677966102,0.0,12.0,0.0,0,12,Audio_Array,4383.17,482.0,109180.0,21384.75,16.0,SP_SD,0.2049670910344989,4.878831986895329,,273.948125,,,Audio Array,Microphone Accessories,Accessories,,,AA-05,14
FBA76862,AM-C28,B0BPLWW72Y,B0BPLWW72Y,Audio Array AM-C28 USB Plug & Play Conference Microphone | Omni Directional Pickup Upto 3M | Mic Mute Button | No Drivers Condenser USB Type-C | Ideal for Meetings & Video Calling (Not a Speaker),714.0,60.0,0.0093,0.0331,982.0,89.0,0.0093,0.0367,0.2486,0.1594,10,3.0,0.014,0.05,11814.406779661018,4647.0,9.0,2.0,0,12,Audio_Array,4733.45,229.0,30492.0,22233.05,16.0,SP_SD,0.2129015137374314,4.697007468125785,,295.840625,,,Audio Array,Microphone Conference,Conference Microphone,,,AM-C28,10
FBA79967,AM-W19,B0G2C2RCXN,B0G2C2RCXN,"Audio Array Wireless Lavalier Mic with AI Noise Cancellation for iPhone/Android, 32h Charging case and Plug-and-Play Setup for vlogging, Streaming, Meetings, and Video Recording",244.0,25.0,0.0032,0.0138,358.0,38.0,0.0034,0.0157,0.9812,1.0,8,1.0,0.0328,0.04,11858.474576271186,1999.0,8.0,1.0,0,12,Audio_Array,1667.39,138.0,41967.0,9403.39,5.0,SP_SD,0.177317967243728,5.63958641949394,,333.47799999999995,,,Audio Array,Microphone Wireless Lapel,Wireless Lapel Microphone,,,AM-W19,8
FBA79972,M8,B0GCP1J2HC,B0GCP1J2HC,"Audio Array M8 Latest 2026 Edition 8-Channel Hybrid USB Summing Mixer (6 Analog + 2 Digital) for Recording & Live, 192kHz/24-Bit OTG, 99 DSP FX, 4 XLR Mic Inputs, Phantom Power, Hi-Z & Monitoring",1940.0,33.0,0.0253,0.0182,2705.0,42.0,0.0256,0.0173,0.2998,0.3684,7,0.0,0.0036,0.0,40672.88135593221,0.0,7.0,0.0,0,12,Audio_Array,7595.05,1203.0,99172.0,29402.53,5.0,SP_SD,0.258312805054531,3.871275370142396,,1519.01,,,Audio Array,Mixers,8 channels Mixer,,,M8,7
FBA75673,AM-C1,B0B4DPX2J2,B0B4DPX2J2,"Audio Array AM-C1 USB Condenser Microphone Kit | for Podcasting, Online Meeting, Gaming, Singing & Live Streaming | Boom Arm, Pop Filter, Mic Cover, Spider Shock Mount, Tripod & 2.5M USB Cable",12952.0,237.0,0.1691,0.1309,18554.0,352.0,0.1753,0.1453,0.036,0.019,7,0.0,0.0005,0.0,16011.016949152545,0.0,6.0,0.0,0,12,Audio_Array,99056.91,4818.0,631680.0,301235.78,140.0,SP_SD,0.3288351403674556,3.041037520754484,,707.5493571428572,,,Audio Array,Microphone Condenser,USB Microphone Kit - Boomarm,,,AM-C1,7
FBA79105,AI-12,B0CM6WH4ZT,B0CM6WH4ZT,"Audio Array AI-12 USB Bluetooth Soundcard | 1Ch Mixer interface | 2 mic inputs, 2 smartphone & PC/Mac outputs | Karaoke Recording, Mobile/PC Streaming, Live Broadcasting | Singing, Recording,Gaming",804.0,16.0,0.0105,0.0088,1108.0,17.0,0.0105,0.007,0.48,0.3846,6,0.0,0.0075,0.0,5927.966101694916,0.0,6.0,0.0,0,12,Audio_Array,6123.42,567.0,76990.0,12832.2,9.0,SP_SD,0.4771917519988778,2.0955936388488787,,680.38,,,Audio Array,Audio Interface,Audio Interface,,,AI-12,6
FBA79011,AM-C43,B0CH4RNWJX,B0CH4RNWJX,"Audio Array AM-C43 XLR to 3.5mm Professional Condenser Microphone Kit | Boom Arm, 2M Cable & Foam Filter | Compatible with Audio Interface, Mixer | Recording, Podcast, Streaming, Home Studio (Black)",1291.0,21.0,0.0169,0.0116,1895.0,23.0,0.0179,0.0095,0.1144,0.2941,5,0.0,0.0039,0.0,10567.796610169493,0.0,5.0,0.0,0,12,Audio_Array,11723.94,662.0,103034.0,25930.53,12.0,SP_SD,0.4521288226657921,2.21175901616692,,976.995,,,Audio Array,Microphone Condenser,XLR Microphone Kit - Boomarm,,,AM-C43,5
FBA79838,AH-40 SL,B0FQBX8J17,B0FQBX8J17,"Audio Array AH-40-SL Wired Over-Ear Headphones | 40mm Drivers, 15-22KHz, 32Ω, 105dB SPL Sound, Studio Monitoring, Gaming, Live Music Headset with 3.5mm + 6.3mm Plug Compatibility",867.0,22.0,0.0113,0.0122,1196.0,30.0,0.0113,0.0124,0.1978,0.0,5,0.0,0.0058,0.0,4445.762711864407,0.0,5.0,0.0,0,12,Audio_Array,9704.54,584.0,98119.0,25530.47,25.0,SP_SD,0.3801159947310018,2.630775904885754,,388.18160000000006,,,Audio Array,DJ Headphone,DJ Headphone,,,AH-40 SL,5
FBA80016,AM-W22 DUPLICATE,B0GKPXQ8G3,B0GKPXQ8G3,"Audio Array AM-W22_V2 | Latest 2026 Edition Wireless Microphone for Camera/iPhone/Android/iPad/Laptop, Lav Mic with Charging Case, AI Noise Reduction, 50H Battery, 230ft Range, for Recording, YouTube",257.0,14.0,0.0034,0.0077,367.0,23.0,0.0035,0.0095,0.5893,1.0,5,2.0,0.0195,0.1429,14402.542372881357,6798.0,5.0,2.0,0,12,Audio_Array,3027.89,166.0,48694.0,8998.15,3.0,SP_SD,0.3365013919527903,2.97175590923052,,1009.2966666666666,,,Audio Array,Microphone,Wireless Lapel Microphone,,,AM-W22 DUPLICATE,5
FBA79104,AI-11,B0CM6NVLT9,B0CM6NVLT9,"Audio Array AI-11 USB Bluetooth Soundcard, 1Ch Mixer, Audio Interface | 2 Condenser In, 2 Out |2 Live Out+1 Accompany In | OTG for mobile and PC/MAC | Effects | Streaming, Podcasting, Gaming, Singing",1125.0,21.0,0.0147,0.0116,1621.0,26.0,0.0153,0.0107,0.073,0.1429,4,0.0,0.0036,0.0,5252.542372881357,0.0,4.0,0.0,0,12,Audio_Array,4745.79,521.0,66632.0,12154.24,8.0,SP_SD,0.390463739402875,2.561057273920675,,593.22375,,,Audio Array,Audio Interface,Audio Interface,,,AI-11,4
FBA79694,AA-26,B0DT6T6N6B,B0DT6T6N6B,"Audio Array AA-26 Tabletop Metal Microphone Stand | Extendable height up to 22cm | Studio Sound Recording, Streaming, Podcasting, Singing | Stylish Sturdy Metal Design to last long, flat base",593.0,25.0,0.0077,0.0138,831.0,33.0,0.0079,0.0136,0.1813,0.0588,4,0.0,0.0067,0.0,1861.0169491525423,0.0,4.0,0.0,0,12,Audio_Array,607.6600000000001,75.0,2388.0,930.5,2.0,SP_SD,0.6530467490596454,1.5312839416779118,,303.83000000000004,,,Audio Array,Microphone Accessories,Accessories,,,AA-26,4
FBA79722,AM-W21,B0F2HYY7JF,B0F2HYY7JF,"Audio Array AM-W21 Dual Wireless Lapel Microphones | TFT Card Recording, Noise Cancellation & Echo | Android, iOS, DSLR, Laptops | 360° Pickup, Plug n Play, 60M Working Range, 48-Hour Battery Life",33.0,3.0,0.0004,0.0017,54.0,6.0,0.0005,0.0025,1.0,1.0,4,0.0,0.1212,0.0,9827.118644067798,0.0,4.0,0.0,0,12,Audio_Array,320.45,12.0,6543.0,2456.78,1.0,SP_SD,0.1304349595812404,7.666656264627868,,320.45,,,Audio Array,Microphone Wireless Lapel,Wireless Lapel Microphone,,,AM-W21,4
FBA75681,AM-C7,B0B4FZS38V,B0B4FZS38V,"Audio Array AM-C7 USB 2 in 1 Plug & Play Condenser Microphone Kit with Boom Arm | 3.5 mm No Latency Monitoring, Volume Control & Mute Button| for Conference, Gaming, Podcasting & Live Streaming",227.0,0.0,0.003,0.0,301.0,0.0,0.0028,0.0,1.0,0.0,3,0.0,0.0132,0.0,5717.796610169492,0.0,3.0,0.0,0,12,Audio_Array,205.19,17.0,3359.0,0.0,0.0,SP_SD,,0.0,,,,,Audio Array,Microphone Condenser,USB Microphone Kit - Boomarm,,,AM-C7,3
FBA75675,AM-C3,B0B4G8ZB64,B0B4G8ZB64,"Audio Array AM-C3 XLR to TRS Dynamic Handheld Karaoke Microphone | Premium Metal Built with 3M Cable | Singing, Public Meetings, Studio Recording, Live Show, Party, Church, Wedding",307.0,3.0,0.004,0.0017,451.0,6.0,0.0043,0.0025,0.1751,1.0,3,0.0,0.0098,0.0,1523.728813559322,0.0,3.0,0.0,0,12,Audio_Array,1270.62,148.0,22588.0,7911.83,9.0,SP_SD,0.1605974850319079,6.22674757205144,,141.17999999999998,,,Audio Array,Microphone Dynamic,Vocal Microphone,,,AM-C3,3
FBA75679,AA-02,B0B4JRQP22,B0B4JRQP22,"Audio Array AA-02 3-Panel Curved Isolation Shield with Insulation, Absorption & Reflection Filter | 3/8"" and 5/8"" Universal Mic Mount for Recording Studio, Podcasts, Singing & Broadcasting",326.0,10.0,0.0043,0.0055,470.0,12.0,0.0044,0.005,0.2192,0.0,3,0.0,0.0092,0.0,6353.389830508475,0.0,3.0,0.0,0,12,Audio_Array,0.0,0.0,0.0,0.0,0.0,,,,,,,,Audio Array,Microphone Accessories,Accessories,,,AA-02,3
FBA79107,AM-W17,B0CM9P5CCK,B0CM9P5CCK,"Audio Array AM-W17 Dual Wireless Lapel Mic|in-Built ANC, Plug N Play,Long Battery Life, Ultra-Low Latency,Upto 30M Range|Compatible with iPhone & Android|Vlogging, Streaming, Teaching,YouTube, Black",115.0,3.0,0.0015,0.0017,169.0,7.0,0.0016,0.0029,0.7987,1.0,3,0.0,0.0261,0.0,4192.372881355933,0.0,3.0,0.0,0,12,Audio_Array,174.29999999999998,7.0,3838.0,0.0,0.0,SP_SD,,0.0,,,,,Audio Array,Microphone Wireless Lapel,Wireless Lapel Microphone,,,AM-W17,3
FBA79482,AM-S1,B0DXFPM4N2,B0DXFPM4N2,"Audio Array AM-S1 BT v5.3 |Professional 4"" Studio Monitor Speaker Pair| 60W Class D Amplification,Woven Composite Woofer,1"" Silk-Dome Tweeter,EQ Controls|Music/Monitor Mode, Aux, HDMI, USB C, TRS, RCA",5758.0,118.0,0.0752,0.0652,7908.0,154.0,0.0747,0.0636,0.1057,0.0947,3,0.0,0.0005,0.0,22370.33898305085,0.0,3.0,0.0,0,12,Audio_Array,37432.75,4142.0,408771.0,194298.33,29.0,SP_SD,0.1926560562821101,5.190597271106183,,1290.7844827586207,,,Audio Array,Monitor Speakers,Studio Monitor Speaker,,,AM-S1,3
FBK79708,SB-01,B0FJS7JZ4V,B0FJS7JZ4V,"Audio Array SB-01 25W | 2.0 Sound Bar Speaker | BT v5.3 AUX, USB, TF Card, TWS Connectivity | Inbuilt FM Radio | Build in Mics | Dynamic LED Lights",327.0,1.0,0.0043,0.0006,445.0,1.0,0.0042,0.0004,1.0,0.0,3,0.0,0.0092,0.0,2878.813559322034,0.0,3.0,0.0,0,12,Audio_Array,393.19,85.0,16193.0,2709.32,3.0,SP_SD,0.1451249760087402,6.89061268089219,,131.06333333333333,,,Audio Array,Sound Bar,Sound Bar,,,SB-01,3
FBK79010,AM-C42,B0FLYJFC22,B0FLYJFC22,"Audio Array AM-C42 Plug & Play AI Noise Cancelling USB Condenser Microphone | Mute Button/Echo/Volume Knob | Kit with Boom Arm & Pop Filter | Karaoke, Gaming, Streaming, Podcast | Mac/PC/Mobile",64.0,2.0,0.0008,0.0011,114.0,2.0,0.0011,0.0008,0.602,0.5,3,0.0,0.0469,0.0,3981.3559322033902,0.0,3.0,0.0,0,12,Audio_Array,89.91,13.0,4094.0,0.0,0.0,SP_SD,,0.0,,,,,Audio Array,Microphone Condenser,USB Microphone Kit - Boomarm,,,AM-C42,3
FBA79840,AH-60 RD,B0FQBWV1ST,B0FQBWV1ST,"Audio Array AH-60-RD Semi-Open Back DJ Headphones | 50mm Drivers Delivers Dynamic Balanced Output | 15Hz–25kHz, 32Ω, 100dB SPL, 1200mW | 3m OFC Single-Sided Cable with Screw-On 3.5mm + 6.3mm Plug",575.0,5.0,0.0075,0.0028,817.0,6.0,0.0077,0.0025,0.2003,0.0,3,0.0,0.0052,0.0,4955.084745762712,0.0,3.0,0.0,0,12,Audio_Array,1550.12,98.0,10475.0,6055.92,4.0,SP_SD,0.2559677142366477,3.9067427037906746,,387.53,,,Audio Array,DJ Headphone,DJ Headphone,,,AH-60 RD,3
FBA79839,AH-45 BK,B0FQBXS6Y2,B0FQBXS6Y2,"Audio Array AH-45-BK Studio Monitoring & Live Recording Headphones | 20-20KHz, 32 Ω, 100dB SPL | 40mm Depp Bass Closed-Back Driver | 3m OFC Cable | 3.5mm + 6.3mm Adapter (Black)",835.0,13.0,0.0109,0.0072,1196.0,15.0,0.0113,0.0062,0.1262,0.3636,3,0.0,0.0036,0.0,3807.983050847458,0.0,3.0,0.0,0,12,Audio_Array,6467.61,405.0,55912.0,19139.84,15.0,SP_SD,0.3379134830803183,2.9593373750117897,,431.174,,,Audio Array,DJ Headphone,DJ Headphone,,,AH-45 BK,3
FBA79959,AM-W47 WIRED,B0G39ZHDYP,B0G39ZHDYP,"Audio Array Wired Voice Amplifier 2026 Edition | Bluetooth 5.3 | Wired Headset Mic with 10W Speaker for Teachers, Tour Guides | 10Hrs Battery Life |1 Click Monitoring | TWS Connectivity AM-W47 Wired",134.0,3.0,0.0017,0.0017,184.0,3.0,0.0017,0.0012,0.4024,1.0,3,0.0,0.0224,0.0,3049.1525423728817,0.0,3.0,0.0,0,12,Audio_Array,1413.67,97.0,21294.0,1016.1,1.0,SP_SD,1.391270544237772,0.7187674634108384,,1413.67,,,Audio Array,Voice Amplifier,Wired Voice Amplifier,,,AM-W47 WIRED,3
FBA75689,AM-W13,B0B4G59Y8W,B0B4G59Y8W,"Audio Array AM-W13 UHF Wireless Premium Metal Microphone | 4+ Hours Receiver Battery Backup | Range up to 60m | Karaoke Singing, Wedding, DJ | Compatible with PA System, Amplifier, Mixer, Party Box",210.0,10.0,0.0027,0.0055,277.0,14.0,0.0026,0.0058,0.4449,0.2857,2,0.0,0.0095,0.0,3727.1186440677966,0.0,2.0,0.0,0,12,Audio_Array,1959.27,144.0,24011.0,5251.780000000001,3.0,SP_SD,0.3730677979656421,2.6804779331077397,,653.09,,,Audio Array,Microphone Wireless Handheld,Wireless Microphone,,,AM-W13,2
FBA76730,AM-C27,B0BLKB6FRR,B0BLKB6FRR,"Audio Array AM-C27 XLR to TRS Cardioid Dynamic Handheld Microphone Sound for Live Events | Premium Built with 4.5M Cable | Singing, Public Meetings, Studio Recording, Live Sound, Party",8.0,0.0,0.0001,0.0,10.0,0.0,0.0001,0.0,1.0,0.0,2,0.0,0.25,0.0,2371.1864406779664,0.0,2.0,0.0,0,12,Audio_Array,0.0,0.0,0.0,0.0,0.0,SP_SD,,,,,,,UNKNOWN,,,,,AM-C27,2
FBA76723,AM-C20,B0BLKF46QG,B0BLKF46QG,"Audio Array AM-C20 USB Microphone | Unique Tilt Stand & one Touch Mute | Plug n Play, No Latency Cardioid Pickup | for PC, Smartphones, iOS | Gaming, Streaming, Podcasts, Twitch, YouTube, Discord",70.0,2.0,0.0009,0.0011,104.0,3.0,0.001,0.0012,0.1591,0.0,2,0.0,0.0286,0.0,2286.4406779661017,0.0,2.0,0.0,0,12,Audio_Array,0.0,0.0,0.0,0.0,0.0,SP_SD,,,,,,,Audio Array,Microphone Condenser,USB Microphone Kit - Tripod,,,AM-C20,2
FBA76863,AI-03,B0BPM2T7BQ,B0BPM2T7BQ,"Audio Array AI-03 Professional Sound Card with Bluetooth | Podcast Production Setup with 4 mic input & 4 outputs | +48V phantom power, PC/Mac connectivity | 6-8hr Battery | Streaming, Singing & Gaming",562.0,15.0,0.0073,0.0083,751.0,22.0,0.0071,0.0091,0.0512,0.0,2,0.0,0.0036,0.0,3304.237288135593,0.0,2.0,0.0,0,12,Audio_Array,0.0,0.0,0.0,0.0,0.0,,,,,,,,Audio Array,Audio Interface,Audio Interface,,,AI-03,2
FBA78961,AM-C40,B0CBCB9S14,B0CBCB9S14,"Audio Array AM-C40 Large Diaphragm USB Condenser Microphone Kit | Boom Arm & Pop-Filter | 96kHz/24bit No Latency Headphone Monitoring with Mute & Volume Control Knob | Singing, Podcasting & Streaming",94.0,1.0,0.0012,0.0006,131.0,1.0,0.0012,0.0004,0.3387,0.0,2,0.0,0.0213,0.0,4235.593220338983,0.0,2.0,0.0,0,12,Audio_Array,327.33,40.0,9224.0,2117.8,1.0,SP_SD,0.1545613372367551,6.469923318974736,,327.33,,,Audio Array,Microphone Condenser,Condenser Mic with Boom Arm,,,AM-C40,2
FBA78974,AA-20,B0CF5RRTDJ,B0CF5RRTDJ,"Audio Array AA-20 Microphone Arm Stand | 81cm Reach | Premium light weight & slick design | Flexible height & position adjustments | 1kg Weight Capacity | 5/8"" to 3/8"" Screw Adapter | Cable Ties",102.0,6.0,0.0013,0.0033,140.0,7.0,0.0013,0.0029,0.4154,0.3333,2,0.0,0.0196,0.0,3557.627118644068,0.0,2.0,0.0,0,12,Audio_Array,140.31,10.0,729.0,465.25,1.0,SP_SD,0.301579795808705,3.315871997719336,,140.31,,,Audio Array,Microphone Accessories,Accessories,,,AA-20,2
FBA79005,AM-W45,B0CKHVHVQ1,B0CKHVHVQ1,"Audio Array AM-W45 Wireless Conference Microphone with Speaker | Bluetooth, USB & 4 Mics | 360° Pickup Upto 4M | Noise Reduction & Enhanced Voice | Portable Speakerphone for Video Calls/Zoom Meeting",833.0,95.0,0.0109,0.0525,1160.0,147.0,0.011,0.0607,0.0487,0.0331,2,0.0,0.0024,0.0,8642.372881355932,0.0,2.0,0.0,0,12,Audio_Array,6945.74,391.0,57864.0,24655.95,6.0,SP_SD,0.2817064440834768,3.5497945503286905,,1157.6233333333332,,,Audio Array,Microphone Conference,Wireless Conference Microphone,,,AM-W45,2
FBA79103,AI-10,B0CM6NTWBP,B0CM6NTWBP,"Audio Array AI-10 Professional Live Soundcard|1Ch Mixer |Bluetooth | 3 Condenser Mic Inputs, 2 mobilephones & PC/Mac Outputs | +48V phantom power, 4 Voice Modes, Denoise, built-in FX | Gaming, Karaoke",1477.0,29.0,0.0193,0.016,2201.0,38.0,0.0208,0.0157,0.1214,0.0455,2,0.0,0.0014,0.0,5083.050847457627,0.0,2.0,0.0,0,12,Audio_Array,8641.47,764.0,121575.0,24903.41,11.0,SP_SD,0.3469994671412469,2.881848805816603,,785.5881818181817,,,Audio Array,Audio Interface,Audio Interface,,,AI-10,2
FBA79108,AM-W16,B0CM9L1QZG,B0CM9L1QZG,"Audio Array AM-W16 Solo Wireless Lapel Over Ear Mic|in-Built ANC,Plug N Play,LongBattery Life,Ultra-Low Latency,Upto 30M Range|Compatible with iPhone&Android|Vlogging,Streaming,Teaching,YouTube,Black",102.0,1.0,0.0013,0.0006,153.0,1.0,0.0014,0.0004,0.2057,0.0,2,0.0,0.0196,0.0,2286.4406779661017,0.0,2.0,0.0,0,12,Audio_Array,301.58,118.0,13157.0,1143.22,1.0,SP_SD,0.2637987438988121,3.7907686186086615,,301.58,,,Audio Array,Microphone Wireless Lapel,Wireless Lapel Microphone,,,AM-W16,2
FBA79445,AM-W32,B0DFMLS8JG,B0DFMLS8JG,"Audio Array AM-W32 UHF Dual Wireless Premium Metal Microphones | 1200mAh 6-8 Hours Receiver Battery Backup | Range up to 60M | Karaoke Singing, Wedding, DJ, Events | Built in Volume and Echo Controls",417.0,19.0,0.0054,0.0105,629.0,28.0,0.0059,0.0116,0.4991,0.75,2,0.0,0.0048,0.0,6777.966101694916,0.0,2.0,0.0,0,12,Audio_Array,2951.86,204.0,36267.0,6777.96,2.0,SP_SD,0.4355086191125353,2.296165807321486,,1475.9299999999998,,,UNKNOWN,,,,,AM-W32,2
FBA79845,UB-02 (AM-S1 + AA-21),B0FN7B3KWS,B0FN7B3KWS,"Audio Array Studio Monitor Bundle with 60W Powered Speakers & Adjustable Metal Stands | Bluetooth, HDMI ARC, USB-C, RCA Inputs | Professional Studio Monitors for Home Studio, Streaming & Gaming-UB-02",602.0,10.0,0.0079,0.0055,700.0,10.0,0.0066,0.0041,0.9985,0.8571,2,0.0,0.0033,0.0,9829.661016949152,0.0,2.0,0.0,0,12,Audio_Array,606.3000000000001,101.0,7148.0,0.0,0.0,SP_SD,,0.0,,,,,Audio Array,Bundles,UB-02,,,UB-02 (AM-S1 + AA-21),2
FBA79903,AA-25M,B0FR5DLXH9,B0FR5DLXH9,"Audio Array AA-25 Metal Handheld Microphone Interview Adapter with Wind Shield for Wireless Lapel Microphones | Supports, Rode Go, DJI, Hollyland mics etc | Foam Cover with Built-in Cold Shoe Mount",158.0,6.0,0.0021,0.0033,195.0,8.0,0.0018,0.0033,1.0,1.0,3,0.0,0.019,0.0,2158.4745762711864,0.0,2.0,0.0,0,12,Audio_Array,0.0,0.0,0.0,0.0,0.0,,,,,,,,Audio Array,Microphone Accessories,Accessories,,,AA-25M,3
FBA75674,AM-C2,B0B4G19R58,B0B4G19R58,"Audio Array AM-C2 XLR Condenser Microphone Kit | Boom Arm, 2M Cable, Pop Filter & Mic Cover | Compatible with Audio Interface, Mixer & preamp | Recording, Podcasting, Streaming, Home Studio (Black)",656.0,9.0,0.0086,0.005,906.0,9.0,0.0086,0.0037,0.0522,0.0,1,0.0,0.0015,0.0,0.0,0.0,1.0,0.0,0,12,Audio_Array,2188.3,144.0,39251.0,1439.83,1.0,SP_SD,1.519832202412785,0.6579673719325503,,2188.3,,,Audio Array,Microphone Condenser,XLR Microphone Kit - Boomarm,,,AM-C2,1
FBA76864,AI-04 RED,B0BPLZ5CGV,B0BPLZ5CGV,Audio Array AI-04 HD 2x2 Gen 3 Audio Interface | Premium Mic Pre-Amps | 48V Phantom Power | 24bit/192kHz Hi-Fi Recording | XLR/MIC/LINE inputs | Plug & Play-No Drivers | 2 in 3 out | Metal Body | Red,7465.0,158.0,0.0975,0.0873,10716.0,217.0,0.1012,0.0896,0.0116,0.4789,1,1.0,0.0001,0.0063,3982.203389830509,4699.0,1.0,1.0,0,12,Audio_Array,65196.88,4957.0,697632.0,445327.87,120.0,SP_SD,0.1464019756948964,6.830508913923489,,543.3073333333333,,,Audio Array,Audio Interface,Audio Interface,,,AI-04 RED,1
FBA78960,AM-C39,B0CBCB82MT,B0CBCB82MT,"Audio Array AM-C39 XLR to 3.5mm Condenser Microphone Kit | Tripod, 2M Cable & Foam Filter | Compatible with Audio Interface, Mixer | Recording, Podcast, Streaming, Home Studio (Black)",514.0,9.0,0.0067,0.005,761.0,14.0,0.0072,0.0058,0.1692,0.25,1,0.0,0.0019,0.0,1439.8305084745764,0.0,1.0,0.0,0,12,Audio_Array,5087.04,252.0,26550.0,4234.74,3.0,SP_SD,1.2012638320180224,0.8324565955840725,,1695.68,,,Audio Array,Microphone Condenser,XLR Microphone Kit - Tripod,,,AM-C39,1
FBA78973,AA-19,B0CF5R3V95,B0CF5R3V95,"Audio Array AA-19 2in1 High & Low Profile Mic Stand | 71cm reach | Premium Metal design with Built In Cable Management | Flexible Position adjustments | 2Kg Weight Capacity |5/8"" to 3/8"" Screw Adapter",797.0,24.0,0.0104,0.0133,1049.0,33.0,0.0099,0.0136,0.0214,0.0,2,0.0,0.0025,0.0,6608.474576271186,0.0,1.0,0.0,0,12,Audio_Array,5358.76,233.0,25632.0,16647.45,6.0,SP_SD,0.3218967469492325,3.106586225171495,,893.1266666666667,,,Audio Array,Microphone Accessories,Accessories,,,AA-19,2
FBA79009,AM-C41,B0CH4PMR8K,B0CH4PMR8K,"Audio Array AM-C41 Plug & Play AI Noise Cancellation USB Condenser Microphone | Mute Button/Echo/Volume Knob | Kit with Tripod, Mic Cover | Gaming, Streaming, Podcast | Mac/PC/Laptop/Mobile",174.0,3.0,0.0023,0.0017,272.0,4.0,0.0026,0.0017,0.249,0.3333,1,0.0,0.0057,0.0,1355.084745762712,0.0,1.0,0.0,0,12,Audio_Array,513.48,70.0,4728.0,2710.16,2.0,SP_SD,0.1894648286448032,5.27802446054374,,256.74,,,Audio Array,Microphone Condenser,USB Microphone Kit - Tripod,,,AM-C41,1
FBA79008,AI-06,B0CH4RT4P8,B0CH4RT4P8,"Audio Array AI-06 Streaming Audio Mixer Sound Card | XLR, 1/4"" & line in | PC/Phone RGB Mixer with Volume Fader, Individual Control, Mute and Monitoring, 48V Phantom Power | Stream, Podcast & Karaoke",409.0,6.0,0.0053,0.0033,509.0,8.0,0.0048,0.0033,0.3066,0.0,1,0.0,0.0024,0.0,2795.762711864407,0.0,1.0,0.0,0,12,Audio_Array,0.0,0.0,0.0,0.0,0.0,,,,,,,,Audio Array,Audio Interface,Audio Interface,,,AI-06,1
FBA79708,SB-01,B0FFB6YJM1,B0FFB6YJM1,"Audio Array SB-01 | Bluetooth Soundbar 25W, Gaming RGB Lights, AUX, Bluetooth, USB, FM & TWS I Fast Charge Battery, Multiport Connectivity, BT Speaker for TV, Mobile, PC, Laptops, Tablets Black",94.0,0.0,0.0012,0.0,132.0,0.0,0.0012,0.0,0.1417,0.0,1,0.0,0.0106,0.0,1100.8474576271187,0.0,1.0,0.0,0,12,Audio_Array,55.98,35.0,4681.0,0.0,0.0,SP_SD,,0.0,,,,,Audio Array,Sound Bar,Sound Bar,,,SB-01,1
FBA79825,GB-02 (AM-C43 + AI-11),B0FJ2DT13L,B0FJ2DT13L,"Audio Array All in 1 Pro Bundle | Condenser Mic with USB Bluetooth Soundcard Mixer | Complete Setup for Streaming, Podcasting, Gaming, Singing & Home Studio Recording - GB-02",188.0,6.0,0.0025,0.0033,224.0,6.0,0.0021,0.0025,0.4439,0.5,1,0.0,0.0053,0.0,3304.237288135593,0.0,1.0,0.0,0,12,Audio_Array,0.0,0.0,0.0,0.0,0.0,,,,,,,,Audio Array,Bundles,GB-02,,,GB-02 (AM-C43 + AI-11),1
FBA79823,PB-01 (AM-C11 + AI-04),B0FJ2HZCVN,B0FJ2HZCVN,"Audio Array Ultimate Podcast Bundle | Dynamic Microphone with USB/XLR Connectivity & 24-Bit/192kHz Audio Interface | Ideal for Podcasting, Streaming, Voice Recording & Content Creation - PB-01",380.0,9.0,0.005,0.005,422.0,9.0,0.004,0.0037,0.3214,0.1429,1,0.0,0.0026,0.0,7711.016949152543,0.0,1.0,0.0,0,12,Audio_Array,0.0,0.0,0.0,0.0,0.0,SP_SD,,,,,,,Audio Array,Bundles,PB-01,,,PB-01 (AM-C11 + AI-04),1
FBA79824,GB-01 (AM-C43 +AI-10),B0FJ2K95XT,B0FJ2K95XT,"Audio Array Ultimate Gaming Bundle | Condenser Mic with Boom Arm & Sound Card | Streaming Kit for PC/Mobile with 14 FX, Voice Modes, Loopback, Real Time Monitoring |for YouTube & Live Stream - GB-01",183.0,3.0,0.0024,0.0017,227.0,3.0,0.0021,0.0012,0.9852,1.0,1,0.0,0.0055,0.0,4744.9152542372885,0.0,1.0,0.0,0,12,Audio_Array,71.59,10.0,4361.0,0.0,0.0,SP_SD,,0.0,,,,,Audio Array,Bundles,GB-01,,,GB-01 (AM-C43 +AI-10),1
FBA79830,GB-03 (AI-12 + AM-C43),B0FJ8TSQK1,B0FJ8TSQK1,"Audio Array Singing Bundle | Condenser Mic with Boom Arm & Sound Card V8 | Voice Effects, Reverb, Bluetooth | Ideal for Podcasting, Karaoke, Live Streaming, YouTube & Singing - GB-03",125.0,1.0,0.0016,0.0006,166.0,1.0,0.0016,0.0004,0.4481,1.0,1,0.0,0.008,0.0,2685.593220338983,0.0,1.0,0.0,0,12,Audio_Array,66.91,11.0,2821.0,0.0,0.0,SP_SD,,0.0,,,,,Audio Array,Bundles,GB-03,,,GB-03 (AI-12 + AM-C43),1
FBK79009,AM-C41,B0FLYHJ6DK,B0FLYHJ6DK,"Audio Array AM-C41 Plug & Play AI Noise Cancellation USB Condenser Microphone | Mute Button/Echo/Volume Knob | Kit with Tripod, Mic Cover | Gaming, Streaming, Podcast | Mac/PC/Laptop/Mobile",122.0,1.0,0.0016,0.0006,176.0,1.0,0.0017,0.0004,0.5987,1.0,1,0.0,0.0082,0.0,1380.5084745762713,0.0,1.0,0.0,0,12,Audio_Array,0.0,0.0,0.0,0.0,0.0,,,,,,,,Audio Array,Microphone Condenser,USB Microphone Kit - Tripod,,,AM-C41,1
FBA79841,AH-60 BL,B0FQBTRM28,B0FQBTRM28,"Audio Array AH-60-BL, 60Ω, Professional Monitoring Headphones | 53mm Drivers | 10Hz–30KHz | 105dB SPL | Closed-Back, DJ & Studio | 3m Cable with 3.5mm & 6.3mm Plugs (Blue)",311.0,8.0,0.0041,0.0044,468.0,9.0,0.0044,0.0037,0.2634,0.5,1,0.0,0.0032,0.0,1645.7627118644068,0.0,1.0,0.0,0,12,Audio_Array,3620.15,202.0,36086.0,21266.92,13.0,SP_SD,0.1702244612760099,5.874596356504564,,278.4730769230769,,,Audio Array,DJ Headphone,DJ Headphone,,,AH-60 BL,1
FBA79960,AM-W47 WIRELESS,B0G3B152FR,B0G3B152FR,"Audio Array Wireless Voice Amplifier 2026 Edition | Bluetooth 5.3 |10W Speaker With Wireless Mic | For Teachers, Tour Guides |10 Hrs Battery Life |1 Click Monitoring | TWS Connectivity AM-W47 Wireless",76.0,3.0,0.001,0.0017,101.0,3.0,0.001,0.0012,0.0333,0.0,1,0.0,0.0132,0.0,1694.9152542372883,0.0,1.0,0.0,0,12,Audio_Array,246.9,36.0,12642.0,0.0,0.0,SP_SD,,0.0,,,,,Audio Array,Voice Amplifier,Wireless Voice Amplifier,,,AM-W47 WIRELESS,1
FBA79969,UB-03 (AM-S1 + AA-22),B0G3B677Z5,B0G3B677Z5,"Audio Array Studio Monitor Bundle with 60W Powered Speakers & Adjustable Metal Stands | Bluetooth, HDMI ARC, USB-C, RCA Inputs | Professional Studio Monitors for Home Studio, Streaming & Gaming-UB-03",595.0,12.0,0.0078,0.0066,673.0,17.0,0.0064,0.007,0.6972,0.7273,1,0.0,0.0017,0.0,9744.915254237289,0.0,1.0,0.0,0,12,Audio_Array,675.75,127.0,9488.0,3134.75,1.0,SP_SD,0.2155674296195869,4.638919718830929,,675.75,,,Audio Array,Bundles,UB-03,,,UB-03 (AM-S1 + AA-22),1
FBA79974,AM-S1,B0GD8JSPB1,B0GD8JSPB1,"Audio Array 60W Bluetooth Bookshelf Speaker Pair | 1.5"" Silk Dome Tweeter, 4"" Sub Woofer | Music & Monitor Mode | Aux, HDMI, USB-C, TRS & RCA Connectivity",111.0,8.0,0.0014,0.0044,171.0,10.0,0.0016,0.0041,1.0,1.0,1,0.0,0.009,0.0,7033.050847457627,0.0,1.0,0.0,0,12,Audio_Array,0.0,0.0,0.0,0.0,0.0,,,,,,,,Audio Array,Monitor Speakers,Bookshelf Speaker,,,AM-S1,1
FBA79956,A3-XLR,B0GMPGNXX3,B0GMPGNXX3,"Audio Array A3-XLR 3-Pin Male to Female XLR Cable |16 Amp High Current | Professional Audio Plug Silver Plated Contacts | Zinc Diecast Metal Body | Latch Lock Compatible with Mic, Mixer & PA Systems.",13.0,0.0,0.0002,0.0,16.0,0.0,0.0002,0.0,1.0,0.0,1,0.0,0.0769,0.0,634.7457627118645,0.0,1.0,0.0,0,12,Audio_Array,0.0,0.0,0.0,0.0,0.0,,,,,,,,Audio Array,Microphone Accessories,Accessories,,,A3-XLR,1
FBA75676,AM-C4,B0B4DS678Q,B0B4DS678Q,"Audio Array AM-C4 USB Plug & Play Condenser Microphone with Tripod, Pop-Filter & Shock Mount | for Conference, Gaming, Podcasting, Voice Over, YouTube, Skype, Zoom & Live Streaming on iOS,Windows",245.0,2.0,0.0032,0.0011,339.0,3.0,0.0032,0.0012,0.282,0.0,0,0.0,0.0,0.0,0.0,0.0,0.0,0.0,0,12,Audio_Array,505.63,72.0,10816.0,1609.32,1.0,SP_SD,0.3141886013968633,3.182801653382908,,505.63,,,Audio Array,Microphone Condenser,USB Microphone Kit - Tripod,,,AM-C4,0
FBA75692,AM-C11,B0B4G1HPL5,B0B4G1HPL5,"Audio Array AM-C11 XLR/USB Dynamic Podcast Microphone | Built-in Monitoring | One Touch Mute and Volume Control | Premium Metal Build | 2M XLR & USB Cable | Streaming, Gaming, Podcasting, Singing",367.0,9.0,0.0048,0.005,510.0,14.0,0.0048,0.0058,0.0792,0.0833,0,0.0,0.0,0.0,0.0,0.0,0.0,0.0,0,12,Audio_Array,1545.16,85.0,18385.0,20656.76,5.0,SP_SD,0.074801662990711,13.368686737942994,,309.03200000000004,,,Audio Array,Microphone Dynamic,USB/XLR Dynamic Mic,,,AM-C11,0
FBA75680,AM-C6,B0B4G1PXWV,B0B4G1PXWV,"Audio Array AM-C6 USB Plug & Play Condenser Microphone Kit | with pop-Filter & Shock Mount | 3.5 mm No Latency Monitoring, Volume Control & Mute Button | Gaming, Podcasting & Streaming",144.0,3.0,0.0019,0.0017,243.0,3.0,0.0023,0.0012,0.1896,0.0,0,0.0,0.0,0.0,0.0,0.0,0.0,0.0,0,12,Audio_Array,475.73,64.0,7979.0,0.0,0.0,SP_SD,,0.0,,,,,Audio Array,Microphone Condenser,USB Microphone Kit - Tripod,,,AM-C6,0
FBA75691,AM-W14,B0B4G5JG4P,B0B4G5JG4P,"Audio Array AM-W14 UHF Dual Wireless Premium Metal Microphone | 2X XLR Outs & 1/4"" Mix Out | Range up to 200ft/60m | Karaoke Singing, Wedding, DJ, Church | PA System, Amplifier, Mixer, Party Box",537.0,5.0,0.007,0.0028,721.0,5.0,0.0068,0.0021,0.2864,0.5,0,0.0,0.0,0.0,0.0,0.0,0.0,0.0,0,12,Audio_Array,226.91,30.0,1570.0,5507.63,1.0,SP_SD,0.0411992090971978,24.27231060772994,,226.91,,,Audio Array,Microphone Wireless Handheld,Wireless Microphone,,,AM-W14,0
FBA75687,AM-W11,B0B4G5ZLTB,B0B4G5ZLTB,"Audio Array AM-W11 Wireless Mic | Upto 4hr Battery & 60m Range | Volume & Mute Buttons with Indicators | Streaming, Vlogging, YouTube | 1x Lapel mic, Type C Adapter for Plug & Play | 2 Year Warranty",50.0,4.0,0.0007,0.0022,66.0,7.0,0.0006,0.0029,1.0,1.0,0,0.0,0.0,0.0,0.0,0.0,0.0,0.0,0,12,Audio_Array,0.0,0.0,0.0,0.0,0.0,SP_SD,,,,,,,Audio Array,Microphone Wireless Lapel,Wireless Microphone,,,AM-W11,0
FBA75688,AM-W12,B0B4G763WS,B0B4G763WS,"Audio Array AM-W12 UHF Dual Wireless Premium Metal Microphones | 4+ Hours Receiver Battery Backup | Range up to 60m| Karaoke Singing, Wedding, DJ, Church | PA System, Amplifier, Mixer, Party Box, etc",362.0,13.0,0.0047,0.0072,462.0,13.0,0.0044,0.0054,0.1093,0.0,0,0.0,0.0,0.0,0.0,0.0,0.0,0.0,0,12,Audio_Array,3023.26,202.0,32505.0,10166.94,3.0,SP_SD,0.2973618414193454,3.3629062667451697,,1007.7533333333332,,,Audio Array,Microphone Wireless Handheld,Wireless Microphone,,,AM-W12,0
FBA75684,AA-04,B0B4G7VWXD,B0B4G7VWXD,"Audio Array AA-04 Metal Spider Shock Mount for Condenser Microphone | Anti Vibration, Suspension, Isolation | 4 Size Bottom Screws & Extra Replacement Elastic Bands | Recommended For Rode, Samson, etc",123.0,1.0,0.0016,0.0006,201.0,1.0,0.0019,0.0004,0.0233,0.0,0,0.0,0.0,0.0,0.0,0.0,0.0,0.0,0,12,Audio_Array,0.0,0.0,0.0,0.0,0.0,SP_SD,,,,,,,Audio Array,Microphone Accessories,Accessories,,,AA-04,0
FBA75678,AA-01,B0B4G8PH2P,B0B4G8PH2P,"Audio Array AA-01 Suspension Boom Scissor Microphone Stand | Double Layer Mesh Pop Filter | 70cm Sturdy Boom Arm with 1.8kg Capacity | 5/8"" to 3/8"" Screw Adapter | Mic Holder, Foam Cover, Cable Ties",245.0,9.0,0.0032,0.005,332.0,10.0,0.0031,0.0041,0.1196,0.1667,0,0.0,0.0,0.0,0.0,0.0,0.0,0.0,0,12,Audio_Array,1705.19,57.0,18498.0,0.0,0.0,SP_SD,,0.0,,,,,Audio Array,Microphone Accessories,Accessories,,,AA-01,0
FBA75683,AA-03,B0B4G94VP3,B0B4G94VP3,"Audio Array AA-03 Double Layer Professional Pop Filter | Flexible 360° Free Angle Adjustable, Durable Windshield | Metal Gooseneck Stabilizing Arm Holder with 32cm Arm Length | Suitable for Recording.",78.0,7.0,0.001,0.0039,91.0,8.0,0.0009,0.0033,0.0465,0.0,0,0.0,0.0,0.0,0.0,0.0,0.0,0.0,0,12,Audio_Array,849.3100000000001,57.0,6488.0,2114.4,5.0,SP_SD,0.4016789632992811,2.489550340864937,,169.86200000000002,,,Audio Array,Microphone Accessories,Accessories,,,AA-03,0
FBA75690,AM-C10,B0B4K87PR4,B0B4K87PR4,Audio Array AM-C10 USB Plug & Play Conference Microphone with Speaker | Omni Directional Pickup Upto 4M | Speaker and Mic Mute Buttons | Volume Control & Mute Button | Ideal for Meeting & Video Call,208.0,12.0,0.0027,0.0066,317.0,15.0,0.003,0.0062,0.0292,0.0,0,0.0,0.0,0.0,0.0,0.0,0.0,0.0,0,12,Audio_Array,1436.43,55.0,20266.0,7371.269999999999,3.0,SP_SD,0.1948687268272631,5.131659739771516,,478.81,,,Audio Array,Microphone Conference,Conference Microphone,,,AM-C10,0
FBA75677,AM-C5,B0B4KC7VBM,B0B4KC7VBM,"Audio Array AM-C5 USB Plug & Play Conference Mic for Mac OS & Windows | Conference, Recording, Skype, Online Class with Range Upto 5M | One Touch Mute Button & Light Indicator (NOT A Speaker)",400.0,32.0,0.0052,0.0177,522.0,41.0,0.0049,0.0169,0.2047,0.1875,0,0.0,0.0,0.0,0.0,0.0,0.0,0.0,0,12,Audio_Array,3556.62,164.0,23293.0,12114.43,5.0,SP_SD,0.2935854183812197,3.406163717237152,,711.324,,,Audio Array,Microphone Conference,Conference Microphone,,,AM-C5,0
FBA76716,AM-C13,B0BLK8DNPD,B0BLK8DNPD,Audio Array AM-C13 Condenser Lapel Microphone | 6M Shielded Cable | Metal Build | Plug n Play Mobile & DSLR Support | 3.5mm Connector | Omnidirectional Pickup | Hard Case Included | 1 Year Warranty.,9.0,0.0,0.0001,0.0,14.0,0.0,0.0001,0.0,1.0,0.0,0,0.0,0.0,0.0,0.0,0.0,0.0,0.0,0,12,Audio_Array,0.0,0.0,0.0,0.0,0.0,,,,,,,,Audio Array,Microphone Lapel,Lavalier Microphone,,,AM-C13,0
FBA76742,AM-K1,B0BLKBJ5HN,B0BLKBJ5HN,"Audio Array AM-K1 Instrument Drum Microphone Kit | Stage Performance & Professional Studio Recording Quality | 1 Kick Drum Mic, 2 Tom Mics, 2 Overhead Condenser Mics with Standard Mounting Accessories",125.0,0.0,0.0016,0.0,170.0,0.0,0.0016,0.0,1.0,0.0,0,0.0,0.0,0.0,0.0,0.0,0.0,0.0,0,12,Audio_Array,296.26,41.0,2117.0,0.0,0.0,SP_SD,,0.0,,,,,Audio Array,Instrument Microphone Kit,Instrument Microphone - Drum Kit,,,AM-K1,0
FBA77011,AM-C29,B0BPMN89NG,B0BPMN89NG,"Audio Array AM-C29 4 Pickup Pattern Professional USB Plug & Play Condenser Microphone | 3.5 mm No Latency Monitoring, Volume Control & Mute Button | For Conference, Gaming, Podcasting & Live Streaming",7.0,0.0,0.0001,0.0,9.0,0.0,0.0001,0.0,1.0,0.0,0,0.0,0.0,0.0,0.0,0.0,0.0,0.0,0,12,Audio_Array,0.0,0.0,0.0,0.0,0.0,,,,,,,,Audio Array,Microphone Condenser,USB Microphone Kit - Tripod,,,AM-C29,0
FBA76597,AA-06,B0BQ7H7418,B0BQ7H7418,"Audio Array AA-06 Microphone Boom Arm with 35cm+35cm=70cm Adjustable Suspension Scissor Arm Stand, Shock Mount, Base Clamp, Pop-Filter, 3/8"" to 5/8"" Universal Screw Adapter, 4x Cable Ties",177.0,6.0,0.0023,0.0033,256.0,6.0,0.0024,0.0025,0.0126,0.0,0,0.0,0.0,0.0,0.0,0.0,0.0,0.0,0,12,Audio_Array,1393.38,84.0,13633.0,2624.58,3.0,SP_SD,0.5308963719909471,1.8836067691512728,,464.46,,,Audio Array,Microphone Accessories,Accessories,,,AA-06,0
FBA78203,AM-C30,B0C4YTNJG7,B0C4YTNJG7,"Audio Array AM-C30 Metal RGB Professional USB Microphone | One-Touch Mute, Gain & No-Latency Monitoring Controls | Shock Mount and Tripod | for PC/Mobile, Gaming, Streaming, Podcasting & Voiceover",23.0,0.0,0.0003,0.0,31.0,0.0,0.0003,0.0,0.1923,0.0,0,0.0,0.0,0.0,0.0,0.0,0.0,0.0,0,12,Audio_Array,104.59,10.0,2362.0,0.0,0.0,SP_SD,,0.0,,,,,Audio Array,Microphone Condenser,RGB USB Microphone Kit - Tripod,,,AM-C30,0
FBA78420,AM-C33,B0C5957W3P,B0C5957W3P,"Audio Array AM-C33 Lapel Microphone | 1M Long, Strong Cable | 3.5mm TRRS | 3.5mm TRRS Port & TRRS to TRS Adapter | Omnidirectional Pickup | Mic Cover & Leather Carry Bag Included | 1 Year Warranty",6.0,0.0,0.0001,0.0,6.0,0.0,0.0001,0.0,1.0,0.0,0,0.0,0.0,0.0,0.0,0.0,0.0,0.0,0,12,Audio_Array,0.0,0.0,0.0,0.0,0.0,,,,,,,,Audio Array,Microphone Lapel,Lavalier Microphone,,,AM-C33,0
FBA78925,AM-C11X,B0CBC7QMNV,B0CBC7QMNV,"Audio Array AM-C11X XLR Dynamic Microphone | Studio-quality Audio Output | Cardioid Polar Pattern | Premium Metal Build | 2 Meter XLR cable | for Streaming, Gaming, Podcasting, Singing | 2 Yr Warranty",342.0,5.0,0.0045,0.0028,432.0,6.0,0.0041,0.0025,0.1658,0.0,0,0.0,0.0,0.0,0.0,0.0,0.0,0.0,0,12,Audio_Array,5223.95,201.0,26390.0,5337.29,2.0,SP_SD,0.978764504083533,1.0216962260358542,,2611.975,,,Audio Array,Microphone Dynamic,XLR Dynamic Mic,,,AM-C11X,0
FBA78976,AA-22,B0CF5SHL15,B0CF5SHL15,"Audio Array AA-22 Desktop Mount Speaker Stands | 15KG Capacity | Height, Tilt & Rotation Adjustable | Smart Cable Management | for Sound Editing, Gaming, Music Production | Red (Set of 2)",744.0,26.0,0.0097,0.0144,859.0,30.0,0.0081,0.0124,0.0252,0.0,0,0.0,0.0,0.0,0.0,0.0,0.0,0.0,0,12,Audio_Array,0.0,0.0,0.0,0.0,0.0,,,,,,,,Audio Array,Microphone Accessories,Accessories,,,AA-22,0
FBA78975,AA-21,B0CF5TCQKL,B0CF5TCQKL,"Audio Array AA-21 Desktop Mount Speaker Stands | 15KG Capacity | Height, Tilt & Rotation Adjustable | Smart Cable Management | for Sound Editing, Gaming, Music Production | Black (Set of 2)",1041.0,40.0,0.0136,0.0221,1448.0,50.0,0.0137,0.0206,0.038,0.0286,0,0.0,0.0,0.0,0.0,0.0,0.0,0.0,0,12,Audio_Array,4550.61,273.0,20436.0,25078.0,8.0,SP_SD,0.1814582502591913,5.510909526415141,,568.82625,,,Audio Array,Microphone Accessories,Accessories,,,AA-21,0
FBA79016,AM-C3A,B0CH4R1V6S,B0CH4R1V6S,"Audio Array AM-C3a Unidirectional Dynamic Handheld Karaoke Microphone | 20Hz - 20kHz Response | Karaoke Singing, Public Meetings, Studio Recording, Live Sound, Party (no Cable Included)",296.0,2.0,0.0039,0.0011,417.0,2.0,0.0039,0.0008,0.1755,0.0,0,0.0,0.0,0.0,0.0,0.0,0.0,0.0,0,12,Audio_Array,0.0,0.0,0.0,0.0,0.0,SP_SD,,,,,,,Audio Array,Microphone Dynamic,Vocal Microphone,,,AM-C3A,0
FBA79010,AM-C42,B0CH4T2BJD,B0CH4T2BJD,"Audio Array AM-C42 Plug & Play AI Noise Cancelling USB Condenser Microphone | Mute Button/Echo/Volume Knob | Kit with Boom Arm & Pop Filter | Karaoke, Gaming, Streaming, Podcast | Mac/PC/Mobile",127.0,4.0,0.0017,0.0022,219.0,4.0,0.0021,0.0017,0.0969,0.0,0,0.0,0.0,0.0,0.0,0.0,0.0,0.0,0,12,Audio_Array,269.34,37.0,4630.0,4235.6,2.0,SP_SD,0.0635895740863159,15.725848370089851,,134.67,,,Audio Array,Microphone Condenser,USB Microphone Kit - Boomarm,,,AM-C42,0
FBA77171,AC-6XL,B0CH4VCD6R,B0CH4VCD6R,"Audio Array AC-6XL Mic Cable 6.35mm Jack Male to XLR 3PIN Female Cord Wire | Microphone/Guitar Cable | Black, 1pc Pack (6 Meter/19.6 Feet)",225.0,7.0,0.0029,0.0039,326.0,9.0,0.0031,0.0037,0.0138,0.0,0,0.0,0.0,0.0,0.0,0.0,0.0,0.0,0,12,Audio_Array,0.0,0.0,0.0,0.0,0.0,,,,,,,,Audio Array,Microphone Accessories,Accessories,,,AC-6XL,0
FBA79064,AA-25,B0CJR76Y7G,B0CJR76Y7G,"Audio Array AA-25 Handheld Microphone Interview Adapter for Wireless Lapel Microphones | Supports, Rode Go, DJI, Hollyland mics etc | Foam Cover with Built-in Cold Shoe Mount",140.0,6.0,0.0018,0.0033,233.0,12.0,0.0022,0.005,0.0297,1.0,0,0.0,0.0,0.0,0.0,0.0,0.0,0.0,0,12,Audio_Array,0.0,0.0,0.0,0.0,0.0,,,,,,,,Audio Array,Microphone Accessories,Accessories,,,AA-25,0
FBA79109,AM-W18,B0CM9HYVDM,B0CM9HYVDM,"Audio Array AM-W18 Wireless Karaoke Speaker with Microphone | Portable Bluetooth Speaker for Singing & Gifting with Voice Changer | Upto 8+ Hours of Playback | Bluetooth v5.3, SD Card & AUX in (Pink)",457.0,13.0,0.006,0.0072,653.0,26.0,0.0062,0.0107,0.0124,0.0,0,0.0,0.0,0.0,0.0,0.0,0.0,0.0,0,12,Audio_Array,2851.31,126.0,13091.0,4030.51,4.0,SP_SD,0.7074315657323762,1.4135642915010995,,712.8275,,,Audio Array,Speaker Karaoke,Microphone with Speaker,,,AM-W18,0
FBA79106,AM-C44,B0CM9KJZWQ,B0CM9KJZWQ,"Audio Array AM-C44 XLR/USB Professional Dynamic Podcast Microphone | Built-in Monitoring | One Touch Mute & Volume Control | 192kHz/24bit Full Metal Build | 2M XLR & USB Cable | Streaming, Podcasting",317.0,6.0,0.0041,0.0033,419.0,9.0,0.004,0.0037,0.0052,0.0,0,0.0,0.0,0.0,0.0,0.0,0.0,0.0,0,12,Audio_Array,2906.8,104.0,19359.0,4118.79,1.0,SP_SD,0.7057412492503867,1.4169499105545615,,2906.8,,,Audio Array,Microphone Dynamic,Dynamic Microphone,,,AM-C44,0
FBA79230,AM-W46,B0CX1XK5R6,B0CX1XK5R6,Audio Array AM-W46 Groove Wireless Bluetooth 5.3 Bookshelf Speaker 30W | 5400mAh upto 24h Long Battery | 3 EQ Modes | Stylish Premium Metal Body | Superior Bass Quality,58.0,2.0,0.0008,0.0011,67.0,2.0,0.0006,0.0008,0.0159,0.0,0,0.0,0.0,0.0,0.0,0.0,0.0,0.0,0,12,Audio_Array,70.72,11.0,2775.0,0.0,0.0,SP_SD,,0.0,,,,,Audio Array,Speaker Karaoke,Microphone with Speaker,,,AM-W46,0
FBA79379,AM-C45,B0D3LZWTHV,B0D3LZWTHV,"Audio Array AM-C45 XLR/USB Professional RGB Dynamic Podcast Microphone | Built-in Monitoring | One Touch Mute Volume & Noise-Cancellation | 2M USB Cable & Metal Base | Streaming, Podcasting, Singing",412.0,12.0,0.0054,0.0066,572.0,14.0,0.0054,0.0058,0.0737,0.0,0,0.0,0.0,0.0,0.0,0.0,0.0,0.0,0,12,Audio_Array,4671.94,216.0,43895.0,7311.01,3.0,SP_SD,0.6390279865572608,1.5648766893410448,,1557.3133333333333,,,Audio Array,Microphone Dynamic,Dynamic Microphone,,,AM-C45,0
FBA79380,AM-C46,B0D3M1B4Z8,B0D3M1B4Z8,"Audio Array AM-C46 Professional RGB USB Condenser Microphone Kit | Noise-Cancellation, Mute, Monitoring & Volume Controls | 192kHz/24bit Studio Quality | Gaming, Streaming, Podcast | Mac/PC/Mobile",1992.0,58.0,0.026,0.032,2648.0,76.0,0.025,0.0314,0.0017,0.0,0,0.0,0.0,0.0,0.0,0.0,0.0,0.0,0,12,Audio_Array,13447.3,679.0,132832.0,43073.73,13.0,SP_SD,0.3121926055626016,3.2031508183798976,,1034.4076923076923,,,Audio Array,Microphone Condenser,Condenser Mic with Boom Arm,,,AM-C46,0
FBA79355,AA-19BL,B0D3M86SH1,B0D3M86SH1,Audio Array AA-19BL RGB Low Profile Boomarm Stand with Riser | 71cm reach & 20 RGB lighting effects & Built-In Cable Management | Matte finish with Flexible adjustments | 2Kg Weight Capacity | Black,330.0,11.0,0.0043,0.0061,388.0,11.0,0.0037,0.0045,0.0168,0.0,0,0.0,0.0,0.0,0.0,0.0,0.0,0.0,0,12,Audio_Array,658.6,37.0,6543.0,4236.44,1.0,SP_SD,0.1554607170171181,6.432493167324627,,658.6,,,Audio Array,Microphone Accessories,Accessories,,,AA-19BL,0
FBA79356,AA-19WL,B0D3Q2T5XX,B0D3Q2T5XX,Audio Array AA-19WL RGB Low Profile Boomarm Stand with Riser | 71cm reach & 20 RGB lighting effects & Built-In Cable Management | Matte finish with Flexible adjustments | 2Kg Weight Capacity | White,546.0,14.0,0.0071,0.0077,647.0,17.0,0.0061,0.007,0.2545,0.0667,0,0.0,0.0,0.0,0.0,0.0,0.0,0.0,0,12,Audio_Array,281.69,18.0,2010.0,0.0,0.0,SP_SD,,0.0,,,,,Audio Array,Microphone Accessories,Accessories,,,AA-19WL,0
FBA79448,AM-W35,B0DFMKY4TT,B0DFMKY4TT,"Audio Array AM-W35 UHF Dual Wireless Premium Karaoke Microphones | 800mah 5-6 Hours Battery Backup | Range up to 50M | Karaoke Singing, Wedding, DJ, Church | PA System, Amplifier, Mixer, Party Box",786.0,11.0,0.0103,0.0061,983.0,15.0,0.0093,0.0062,0.3187,0.1429,0,0.0,0.0,0.0,0.0,0.0,0.0,0.0,0,12,Audio_Array,956.39,84.0,12131.0,0.0,1.0,SP_SD,,0.0,,956.39,,,Audio Array,Microphone Wireless Handheld,Wireless Microphone,,,AM-W35,0
FBA79447,AM-W34,B0DFMLXD9S,B0DFMLXD9S,"Audio Array AM-W34 UHF Dual Wireless Premium Metal Microphones | 800mAh 6-8 Hours Receiver Battery Backup | Range up to 50M | Karaoke Singing, Wedding, Church | PA System, Amplifier, Mixer, Party Box",189.0,15.0,0.0025,0.0083,271.0,19.0,0.0026,0.0078,0.0298,0.0,0,0.0,0.0,0.0,0.0,0.0,0.0,0.0,0,12,Audio_Array,1733.04,111.0,10077.0,15928.2,5.0,SP_SD,0.1088032546050401,9.190901537183215,,346.608,,,Audio Array,Microphone Wireless Handheld,Wireless Microphone,,,AM-W34,0
FBA79446,AM-W33,B0DFMMTWLY,B0DFMMTWLY,"Audio Array AM-W33 UHF Metal Solo Wireless Microphone Set | 2000mAh 6-8 Hours Battery Backup | Range up to 50M | Karaoke Singing, Wedding, DJ, Church | PA System, Amplifier, Mixer, Party Box",337.0,7.0,0.0044,0.0039,492.0,8.0,0.0046,0.0033,0.0071,0.0,0,0.0,0.0,0.0,0.0,0.0,0.0,0.0,0,12,Audio_Array,2084.41,164.0,21972.0,3056.69,2.0,SP_SD,0.6819173681335038,1.4664533369154822,,1042.205,,,Audio Array,Microphone Wireless Handheld,Wireless Microphone,,,AM-W33,0
FBA79449,AM-W36,B0DFMNGFTD,B0DFMNGFTD,"Audio Array AM-W36 UHF Dual Wireless Premium Metal Microphone with Charging | 2X XLR Outs & 1/4"" Mix Out | 328ft/100M Range | Karaoke Singing, Wedding, Events | PA System, Amplifier, Mixer, Party Box",828.0,20.0,0.0108,0.011,1124.0,21.0,0.0106,0.0087,0.0111,0.0,0,0.0,0.0,0.0,0.0,0.0,0.0,0.0,0,12,Audio_Array,2896.21,204.0,20852.0,17539.07,6.0,SP_SD,0.1651290518824544,6.05586956746921,,482.70166666666665,,,Audio Array,Microphone Wireless Handheld,Wireless Microphone,,,AM-W36,0
FBA79653,AM-C45 PRO,B0DN6LJZBR,B0DN6LJZBR,"Audio Array AM-C45 XLR/USB Pro RGB Dynamic Microphone Kit | 192kHz/24bit Studio Quality Output | Volume Control, Mute and Noise Cancellation | Realtime Monitoring for Streaming, Gaming & podcasting",80.0,2.0,0.001,0.0011,97.0,3.0,0.0009,0.0012,0.4944,0.0,0,0.0,0.0,0.0,0.0,0.0,0.0,0.0,0,12,Audio_Array,0.0,0.0,0.0,0.0,0.0,SP_SD,,,,,,,Audio Array,Bundles,Bundles,,,AM-C45 PRO,0
FBA79654,AM-C11 PRO,B0DN6MNS1X,B0DN6MNS1X,"Audio Array AM-C11 Pro XLR/USB Professional Dynamic Mic Kit | Premium Metal 96kHz/24bit Studio Quality | 2M XLR & USB Cables,Volume Control,Mute & Realtime Monitoring | Streaming,Gaming & podcasting",247.0,3.0,0.0032,0.0017,410.0,8.0,0.0039,0.0033,0.0,0.0,0,0.0,0.0,0.0,0.0,0.0,0.0,0.0,0,12,Audio_Array,2682.11,102.0,18167.0,8201.68,2.0,SP_SD,0.3270195862311136,3.057920816073912,,1341.055,,,Audio Array,Bundles,Bundles,,,AM-C11 PRO,0
FBA79655,AM-C44 PRO,B0DN6PFWNK,B0DN6PFWNK,Audio Array AM-C44 Pro XLR/USB Professional Dynamic Microphone Kit | Built-in Monitoring | One Touch Mute & Volume Control | 192kHz/24bit Full Metal Build | 2M XLR & USB Cable | Streaming & Podcasting,178.0,1.0,0.0023,0.0006,215.0,2.0,0.002,0.0008,0.1162,0.0,0,0.0,0.0,0.0,0.0,0.0,0.0,0.0,0,12,Audio_Array,684.3100000000001,22.0,6737.0,0.0,0.0,SP_SD,,0.0,,,,,Audio Array,Bundles,Bundles,,,AM-C44 PRO,0
FBA79783,AM-C47,B0FF9R3GKK,B0FF9R3GKK,"Audio Array AM-C47 RGB USB Condenser Mic Kit | AI Noise Cancellation, 192kHz/24Bit Studio Quality, Touch Control, Headphone Monitoring | Podcasting, YouTube, Gaming & Streaming | Mac/PC & Mobile",322.0,14.0,0.0042,0.0077,417.0,20.0,0.0039,0.0083,0.0803,0.0769,0,0.0,0.0,0.0,0.0,0.0,0.0,0.0,0,12,Audio_Array,1923.05,106.0,28507.0,2456.78,1.0,SP_SD,0.7827522203860336,1.2775434856087986,,1923.05,,,Audio Array,Microphone Condenser,USB Microphone Kit - Boomarm,,,AM-C47,0
FBA79822,KB-01 (AM-W32 + AI-12),B0FJ2J6MTF,B0FJ2J6MTF,"Audio Array Portable Karaoke Bundle | Dual Wireless UHF Microphones with Rechargeable Battery Receiver & USB Plug n Play BT Soundcard Mixer | Ideal for Parties, Home Karaoke & Live Singing - KB-01",56.0,4.0,0.0007,0.0022,63.0,4.0,0.0006,0.0017,0.3455,1.0,0,0.0,0.0,0.0,0.0,0.0,0.0,0.0,0,12,Audio_Array,0.0,0.0,0.0,0.0,0.0,,,,,,,,Audio Array,Bundles,KB-01,,,KB-01 (AM-W32 + AI-12),0
FBA79821,"UB-01 (AI-04, AM-S1, AA-21, AM-C2)",B0FJ2JJZL3,B0FJ2JJZL3,"Audio Array Professional Studio Bundle with 24-Bit/192kHz Audio Interface, 4"" Studio Monitors, XLR Condenser Mic & Stands | for Music Production, Podcasting, Dubbing, Recording & Audio Mixing - UB-01",1073.0,15.0,0.014,0.0083,1334.0,15.0,0.0126,0.0062,0.6321,0.6667,0,0.0,0.0,0.0,0.0,0.0,0.0,0.0,0,12,Audio_Array,287.71,43.0,3091.0,0.0,0.0,SP_SD,,0.0,,,,,Audio Array,Bundles,UB-01,,,"UB-01 (AI-04, AM-S1, AA-21, AM-C2)",0
FBA79826,PB-02 (AI-04 RED + AM-C11 + AA-05),B0FJ2LQT7K,B0FJ2LQT7K,"Audio Array Complete Podcast Bundle | USB/XLR Dynamic Mic with Audio Interface 24bit/192kHz & Boom Arm Stand | Professional Streaming & Recording Kit for PC, Mac & Mobile Devices - PB-02",11.0,0.0,0.0001,0.0,18.0,0.0,0.0002,0.0,0.3125,0.0,0,0.0,0.0,0.0,0.0,0.0,0.0,0.0,0,12,Audio_Array,7.52,2.0,997.0,0.0,0.0,SP_SD,,0.0,,,,,Audio Array,Bundles,PB-02,,,PB-02 (AI-04 RED + AM-C11 + AA-05),0
FBA79833,PB-04 (AI-04 RED + AM-C44 X 2),B0FJ8PZ9H7,B0FJ8PZ9H7,"Audio Array Pro Podcasting Bundle | Audio Interface with 48V Phantom Power & Dual USB/XLR Touch-Control Mics | 192kHz/24bit, Mute, Monitor, Volume Control | Recording, Streaming & Podcasting - PB-04",458.0,7.0,0.006,0.0039,488.0,7.0,0.0046,0.0029,0.2675,0.0,0,0.0,0.0,0.0,0.0,0.0,0.0,0.0,0,12,Audio_Array,29.24,6.0,2964.0,0.0,0.0,SP_SD,,0.0,,,,,Audio Array,Bundles,PB-04,,,PB-04 (AI-04 RED + AM-C44 X 2),0
FBA79832,GB-05 (AM-C43 + AI-06),B0FJ8S53GW,B0FJ8S53GW,"Audio Array Streaming Bundle Kit | USB Condenser Mic & RGB Sound Card with Phantom Power, Voice Effects, Real-Time Monitoring | for Podcasting, Gaming, YouTube & Live Streaming - GB-05",137.0,3.0,0.0018,0.0017,165.0,3.0,0.0016,0.0012,0.4694,0.0,0,0.0,0.0,0.0,0.0,0.0,0.0,0.0,0,12,Audio_Array,294.59,40.0,9197.0,0.0,0.0,SP_SD,,0.0,,,,,Audio Array,Bundles,GB-05,,,GB-05 (AM-C43 + AI-06),0
FBA79827,PB-03 (AI-04 RED + AM-C11 X 2),B0FJ8S5XJ8,B0FJ8S5XJ8,"Audio Array Complete Podcast Bundle | Dual USB/XLR Dynamic Microphones with Audio Interface 24bit / 192kHz|Metal Body|Pro Streaming & Recording Kit for PC, Mac & Mobile - PB-03",394.0,8.0,0.0051,0.0044,452.0,8.0,0.0043,0.0033,0.0092,0.0,0,0.0,0.0,0.0,0.0,0.0,0.0,0.0,0,12,Audio_Array,52.99,13.0,3560.0,0.0,0.0,SP_SD,,0.0,,,,,Audio Array,Bundles,PB-03,,,PB-03 (AI-04 RED + AM-C11 X 2),0
FBA79834,PB-05 (AA-05 + AM-C11 + AI-04),B0FJ8T4WXM,B0FJ8T4WXM,"Audio Array Podcast Kit | USB/XLR Dynamic Mic with Boom Arm & Audio Interface 24-Bit/192kHz | Metal Build | Plug & Play | No-Latency Monitoring for Streaming, Recording & Content Creation - PB-05",12.0,0.0,0.0002,0.0,17.0,0.0,0.0002,0.0,0.7647,0.0,0,0.0,0.0,0.0,0.0,0.0,0.0,0.0,0,12,Audio_Array,4.75,2.0,398.0,0.0,0.0,SP_SD,,0.0,,,,,Audio Array,Bundles,PB-05,,,PB-05 (AA-05 + AM-C11 + AI-04),0
FBA79835,PB-06 (AA-05 + AM-C44 + AI-04),B0FJ8TWCQZ,B0FJ8TWCQZ,"Audio Array Pro Podcast Bundle | USB/XLR Dynamic Microphone with 24-Bit/192kHz Audio Interface & Boom Arm | Real-Time Monitoring, Plug & Play for Streaming, Recording & Content Creation - PB-06",9.0,0.0,0.0001,0.0,18.0,0.0,0.0002,0.0,0.0,0.0,0,0.0,0.0,0.0,0.0,0.0,0.0,0.0,0,12,Audio_Array,1.91,1.0,350.0,0.0,0.0,SP_SD,,0.0,,,,,Audio Array,Bundles,PB-06,,,PB-06 (AA-05 + AM-C44 + AI-04),0
FBA79831,GB-04 (AM-C45 + AI-06),B0FJ8W5Y9Q,B0FJ8W5Y9Q,"Audio Array RGB Gaming Bundle|RGB USB Dynamic Microphone with Sound Card – Mute, Volume Control, Monitoring, Noise Cancellation, Voice Effects|for Streaming, Podcasting, Gaming, Singing - GB-04",3.0,0.0,0.0,0.0,5.0,0.0,0.0,0.0,0.8,0.0,0,0.0,0.0,0.0,0.0,0.0,0.0,0.0,0,12,Audio_Array,0.0,0.0,0.0,0.0,0.0,,,,,,,,Audio Array,Bundles,GB-04,,,GB-04 (AM-C45 + AI-06),0
FBA79836,PB-07 (AA-05 + AM-C45 + AI-04),B0FJ8Z1W81,B0FJ8Z1W81,"Audio Array RGB Podcast Bundle | Dynamic RGB USB/XLR Mic with 24-Bit/192kHz Audio Interface & Boom Arm | AI Noise Cancelling, Plug & Play Kit for Streaming, Podcasting, Gaming & Recording - PB-07",9.0,0.0,0.0001,0.0,12.0,0.0,0.0001,0.0,0.2727,0.0,0,0.0,0.0,0.0,0.0,0.0,0.0,0.0,0,12,Audio_Array,0.0,0.0,0.0,0.0,0.0,,,,,,,,Audio Array,Bundles,PB-07,,,PB-07 (AA-05 + AM-C45 + AI-04),0
FBA79846,AM-C11X PRO,B0FN7C25VS,B0FN7C25VS,"Audio Array AM-C11X Pro XLR Podcast Mic Kit with Dynamic Microphone, 2m XLR Cable & Adjustable Boom Arm | Studio-Quality Sound, 20Hz–20kHz, All-Metal Build for Podcasting, Streaming & Recording",258.0,4.0,0.0034,0.0022,304.0,4.0,0.0029,0.0017,0.0694,0.25,0,0.0,0.0,0.0,0.0,0.0,0.0,0.0,0,12,Audio_Array,0.0,0.0,0.0,0.0,0.0,,,,,,,,Audio Array,Bundles,AM-C11X Pro,,,AM-C11X PRO,0
FBA79847,PB-09 (AM-C45 + AI-06 + AA-05),B0FN7FYZM3,B0FN7FYZM3,"Audio Array RGB Gaming Mic Bundle with USB/XLR Microphone, Boom Arm & Sound Card Mixer | Streaming Mic Kit with Voice Effects, AI Noise Cancel, RGB Lights for Podcasting, Gaming & Recording - PB-09",6.0,0.0,0.0001,0.0,8.0,0.0,0.0001,0.0,0.125,0.0,0,0.0,0.0,0.0,0.0,0.0,0.0,0.0,0,12,Audio_Array,14.53,3.0,558.0,0.0,0.0,SP_SD,,0.0,,,,,Audio Array,Bundles,PB-09,,,PB-09 (AM-C45 + AI-06 + AA-05),0
FBA79815,AM-W19,B0FPR7VFCH,B0FPR7VFCH,"Audio Array AM-W19 Wireless Lavalier Microphone|192kHz/24bit |AI Noise Cancellation for iPhone/Android, 32h Charging Case, Plug & Play for Vlogging, Streaming, Meetings, Video Recording",212.0,4.0,0.0028,0.0022,246.0,5.0,0.0023,0.0021,0.1205,0.0,0,0.0,0.0,0.0,0.0,0.0,0.0,0.0,0,12,Audio_Array,1663.75,122.0,39020.0,0.0,0.0,SP_SD,,0.0,,,,,Audio Array,Microphone Wireless Lapel,Wireless Lapel Microphone,,,AM-W19,0
FBA79816,AM-W22,B0FPR962YS,B0FPR962YS,"Audio Array AM-W22 | Latest 2026 Edition Wireless Microphone for Camera/iPhone/Android/iPad/Laptop, Lav Mic with Charging Case, AI Noise Reduction, 50H Battery, 230ft Range, for Recording, YouTube",287.0,11.0,0.0037,0.0061,380.0,14.0,0.0036,0.0058,0.0306,0.1111,0,0.0,0.0,0.0,0.0,0.0,0.0,0.0,0,12,Audio_Array,2122.7,146.0,52175.0,9005.09,3.0,SP_SD,0.2357222415322889,4.242281057144203,,707.5666666666666,,,Audio Array,Microphone Wireless Lapel,Wireless Lapel Microphone,,,AM-W22,0
FBA79820,AC-3XL,B0FQJWWDVK,B0FQJWWDVK,"Audio Array AC-3XL Mic Cable 6.35mm Jack Male to XLR 3PIN Female Cord Wire | Microphone/Guitar Cable | Black, 1pc Pack (3 Meter/10 Feet)",67.0,4.0,0.0009,0.0022,79.0,5.0,0.0007,0.0021,0.0822,0.25,0,0.0,0.0,0.0,0.0,0.0,0.0,0.0,0,12,Audio_Array,0.0,0.0,0.0,0.0,0.0,,,,,,,,Audio Array,Microphone Accessories,Accessories,,,AC-3XL,0
FBA79904,PB-10 (AM-C2+AI-04+AH-60-BL),B0FTVQQVDC,B0FTVQQVDC,"Audio Array Professional Studio Recording Bundle – XLR Condenser Mic Kit, 2x2 USB Audio Interface, Closed-Back Headphone, Boom Arm, Pop Filter & 48V Phantom Power| 24-bit/192kHz Podcast Kit - PB-10",1145.0,16.0,0.0149,0.0088,1548.0,20.0,0.0146,0.0083,0.2133,0.1176,0,0.0,0.0,0.0,0.0,0.0,0.0,0.0,0,12,Audio_Array,4139.61,597.0,86119.0,40248.31,7.0,SP_SD,0.1028517719129076,9.722729919002033,,591.3728571428571,,,Audio Array,Bundles,PB-10,,,PB-10 (AM-C2+AI-04+AH-60-BL),0
FBA79905,PB-11 (AM-C44+AA-05+AH-45-BK),B0FTVSH458,B0FTVSH458,"Audio Array Professional Dynamic Studio Bundle with Headphones – USB/XLR Dynamic Microphone, Boom Arm, Monitoring Headphones | 24-bit/192kHz, Plug & Play, No-Latency Recording, Monitoring - PB-11",7.0,0.0,0.0001,0.0,8.0,0.0,0.0001,0.0,0.0,0.0,0,0.0,0.0,0.0,0.0,0.0,0.0,0.0,0,12,Audio_Array,0.0,0.0,0.0,0.0,0.0,,,,,,,,UNKNOWN,,,,,PB-11 (AM-C44+AA-05+AH-45-BK),0
FBA79908,PB-14 (AM-C43+AH-40-SL+AI-12),B0FTVV1QJY,B0FTVV1QJY,"Audio Array Professional Recording Bundle with BT Soundcard – USB Condenser Microphone, Studio Headphones | Cardioid Mic, Noise Reduction & 6 Sound Modes for Streaming Recording & Podcasting - PB-14",38.0,0.0,0.0005,0.0,41.0,0.0,0.0004,0.0,0.907,0.0,0,0.0,0.0,0.0,0.0,0.0,0.0,0.0,0,12,Audio_Array,314.39,31.0,3626.0,2113.56,1.0,SP_SD,0.1487490300724843,6.722732911352143,,314.39,,,Audio Array,Bundles,PB-14,,,PB-14 (AM-C43+AH-40-SL+AI-12),0
FBA79906,PB-12 (AM-C11+AA-05+AI-04+AH-60-RD),B0FTVVLNS9,B0FTVVLNS9,"Audio Array Professional Dynamic Bundle with Headphones & Audio Interface - USB/XLR Dynamic Microphone, 24-bit/192kHz Interface, Boom Arm & Semi-Open Headphones | Plug & Play Podcast Kit - PB-12",234.0,5.0,0.0031,0.0028,295.0,5.0,0.0028,0.0021,0.2331,0.25,0,0.0,0.0,0.0,0.0,0.0,0.0,0.0,0,12,Audio_Array,992.7,154.0,36543.0,7711.02,1.0,SP_SD,0.1287378323490277,7.767724388032638,,992.7,,,Audio Array,Bundles,PB-12,,,PB-12 (AM-C11+AA-05+AI-04+AH-60-RD),0
FBA79909,AM-W20,B0FVM17Q4W,B0FVM17Q4W,"Audio Array AM-W20 Magnetic Wireless Lapel Microphone Set | One Touch Smart Noise Reduction | 48KHz/24Bit Hi-fi Recording | 50M Range | 800mAh 48Hrs Long Battery Backup | Vlogging, Podcast, Streaming",26.0,2.0,0.0003,0.0011,29.0,2.0,0.0003,0.0008,0.963,1.0,0,0.0,0.0,0.0,0.0,0.0,0.0,0.0,0,12,Audio_Array,57.01,9.0,1663.0,0.0,0.0,SP_SD,,0.0,,,,,Audio Array,Microphone Wireless Lapel,Wireless Lapel Microphone,,,AM-W20,0
FBA79957,AM-W23,B0G3Q517Y2,B0G3Q517Y2,"Audio Array AM-W23 Magnetic Wieless Mic with Charging Pouch 2026 Edition 24Bit/ 48Khz, iPhone/Android/iPad/Laptop, AI Noise Reduction, 50H Battery, 230ft Range for Recording, Vlogging",153.0,11.0,0.002,0.0061,194.0,14.0,0.0018,0.0058,0.0,0.0,0,0.0,0.0,0.0,0.0,0.0,0.0,0.0,0,12,Audio_Array,1254.42,97.0,31233.0,2880.51,1.0,SP_SD,0.4354853827967964,2.2962883244846224,,1254.42,,,Audio Array,Microphone Wireless Lapel,Wireless Lapel Microphone,,,AM-W23,0
FBA79958,AM-W24,B0G3Q59X8C,B0G3Q59X8C,"Audio Array AM-W24 2026 Edition Magnetic Wireless 5gm Mic with Slide Charging Case for iPhone/Android/iPad, AI Noise Reduction, 30H Battery, 200ft Range, Plug & Play for Recording, Vlogging, Streaming",543.0,26.0,0.0071,0.0144,692.0,30.0,0.0065,0.0124,0.0296,0.0417,0,0.0,0.0,0.0,0.0,0.0,0.0,0.0,0,12,Audio_Array,2403.89,362.0,54806.0,13386.44,4.0,SP_SD,0.179576496813193,5.56865746768779,,600.9725,,,Audio Array,Microphone Wireless Lapel,Wireless Lapel Microphone,,,AM-W24,0
FBA79842,AM-C48,B0G4DNF8RZ,B0G4DNF8RZ,"Audio Array AM-C48 XLR/USB Professional Full RGB Dynamic Microphone Kit | AI Noise Cancellation | Touch & Knob Controls | Built-in Headphone Monitoring | Podcasting, Recording, Streaming, YouTube",252.0,6.0,0.0033,0.0033,383.0,12.0,0.0036,0.005,0.1541,0.0,0,0.0,0.0,0.0,0.0,0.0,0.0,0.0,0,12,Audio_Array,2328.92,136.0,27178.0,2795.76,1.0,SP_SD,0.8330185709789109,1.2004534290572455,,2328.92,,,Audio Array,Microphone Dynamic,Microphone Dynamic,,,AM-C48,0
FBA79963,AM-MIX8,B0G53CB72D,B0G53CB72D,"Audio Array AM-Pro8 8-Channel Hybrid USB Mixer 8 Analog+2 Digital Inputs, 48kHz/16-Bit, Built-In Compressor, 6AUX Sends, Group Buses, Insert Points,+24dBu Balanced Outputs for Live, Studio & Broadcast",288.0,8.0,0.0038,0.0044,340.0,11.0,0.0032,0.0045,0.329,0.2,0,0.0,0.0,0.0,0.0,0.0,0.0,0.0,0,12,Audio_Array,1567.8,180.0,17956.0,0.0,0.0,SP_SD,,0.0,,,,,Audio Array,Mixers,8 channels Mixer,,,AM-MIX8,0
FBA79964,AM-PRO12,B0G53KWRWH,B0G53KWRWH,"Audio Array AM-Pro12 12-Channel HYBRID USB Mixer 12 channel analog+2 digital 48kHz/16bit,128DSP Fx, Built-In Compressor, 4Group Buses, Inserts,+24dBu Balanced XLR Outs For Live, Studio & Broadcast",552.0,11.0,0.0072,0.0061,718.0,17.0,0.0068,0.007,0.9862,0.875,0,0.0,0.0,0.0,0.0,0.0,0.0,0.0,0,12,Audio_Array,1210.75,295.0,28984.0,0.0,0.0,SP_SD,,0.0,,,,,Audio Array,Mixers,12 channels Mixer,,,AM-PRO12,0
FBA80007,MT-12,B0GN2LHJY4,B0GN2LHJY4,"Audio Array MT-12 12 Analog+2 Digital Channel Hybrid Analog+USB Mixer, 48kHz DSP, 4 XLR & 8 TRS Inputs, 3-Band EQ, +48V Phantom, 24dBu Balanced XLR Out, Graphical EQ, Type-C Power, Studio & Streaming",655.0,12.0,0.0086,0.0066,836.0,14.0,0.0079,0.0058,0.4437,1.0,0,0.0,0.0,0.0,0.0,0.0,0.0,0.0,0,12,Audio_Array,3484.81,582.0,76990.0,9066.1,2.0,SP_SD,0.3843780677468812,2.60160525251018,,1742.405,,,Audio Array,Mixers,12 channels Mixer,,,MT-12,0
FBA75684,AA-04,B0B4G7VWXD,B0B4G7VWXD,"Audio Array AA-04 Metal Spider Shock Mount for Condenser Microphone | Anti Vibration, Suspension, Isolation | 4 Size Bottom Screws & Extra Replacement Elastic Bands | Recommended For Rode, Samson, etc",123.0,1.0,0.0009,0.0004,201.0,1.0,0.001,0.0003,0.3256,1.0,3,0.0,0.0244,0.0,4319.491525423729,0.0,3.0,0.0,0,12,Audio_Array,0.0,0.0,0.0,0.0,0.0,SP_SD,,,,,,,Audio Array,Microphone Accessories,Accessories,,,AA-04,3
FBA79011,AM-C43,B0CH4RNWJX,B0CH4RNWJX,"Audio Array AM-C43 XLR to 3.5mm Professional Condenser Microphone Kit | Boom Arm, 2M Cable & Foam Filter | Compatible with Audio Interface, Mixer | Recording, Podcast, Streaming, Home Studio (Black)",578.0,7.0,0.004,0.0025,837.0,9.0,0.0043,0.0023,0.0091,0.0,1,0.0,0.0017,0.0,2113.5593220338983,0.0,1.0,0.0,0,12,Audio_Array,11723.94,662.0,103034.0,25930.53,12.0,SP_SD,0.4521288226657921,2.21175901616692,,976.995,,,Audio Array,Microphone Condenser,XLR Microphone Kit - Boomarm,,,AM-C43,1
FBA79108,AM-W16,B0CM9L1QZG,B0CM9L1QZG,"Audio Array AM-W16 Solo Wireless Lapel Over Ear Mic|in-Built ANC,Plug N Play,LongBattery Life,Ultra-Low Latency,Upto 30M Range|Compatible with iPhone&Android|Vlogging,Streaming,Teaching,YouTube,Black",102.0,1.0,0.0007,0.0004,153.0,1.0,0.0008,0.0003,0.0,0.0,0,0.0,0.0,0.0,0.0,0.0,0.0,0.0,0,12,Audio_Array,301.58,118.0,13157.0,1143.22,1.0,SP_SD,0.2637987438988121,3.7907686186086615,,301.58,,,Audio Array,Microphone Wireless Lapel,Wireless Lapel Microphone,,,AM-W16,0
FBA79355,AA-19BL,B0D3M86SH1,B0D3M86SH1,Audio Array AA-19BL RGB Low Profile Boomarm Stand with Riser | 71cm reach & 20 RGB lighting effects & Built-In Cable Management | Matte finish with Flexible adjustments | 2Kg Weight Capacity | Black,330.0,11.0,0.0023,0.0039,388.0,11.0,0.002,0.0028,0.0,0.0,0,0.0,0.0,0.0,0.0,0.0,0.0,0.0,0,12,Audio_Array,658.6,37.0,6543.0,4236.44,1.0,SP_SD,0.1554607170171181,6.432493167324627,,658.6,,,Audio Array,Microphone Accessories,Accessories,,,AA-19BL,0
FBA76864,AI-04 RED,B0BPLZ5CGV,B0BPLZ5CGV,Audio Array AI-04 HD 2x2 Gen 3 Audio Interface | Premium Mic Pre-Amps | 48V Phantom Power | 24bit/192kHz Hi-Fi Recording | XLR/MIC/LINE inputs | Plug & Play-No Drivers | 2 in 3 out | Metal Body | Red,2219.0,43.0,0.1869,0.1194,3189.0,62.0,0.1963,0.1247,0.0075,0.0488,1,1.0,0.0005,0.0233,3939.8305084745766,4649.0,1.0,1.0,0,12,Audio_Array,65196.88,4957.0,697632.0,445327.87,120.0,SP_SD,0.1464019756948964,6.830508913923489,,543.3073333333333,,,Audio Array,Audio Interface,Audio Interface,,,AI-04 RED,1
FBA79105,AI-12,B0CM6WH4ZT,B0CM6WH4ZT,"Audio Array AI-12 USB Bluetooth Soundcard | 1Ch Mixer interface | 2 mic inputs, 2 smartphone & PC/Mac outputs | Karaoke Recording, Mobile/PC Streaming, Live Broadcasting | Singing, Recording,Gaming",804.0,16.0,0.0677,0.0444,1108.0,17.0,0.0682,0.0342,0.0555,0.0769,0,0.0,0.0,0.0,0.0,0.0,0.0,0.0,0,12,Audio_Array,6123.42,567.0,76990.0,12832.2,9.0,SP_SD,0.4771917519988778,2.0955936388488787,,680.38,,,Audio Array,Audio Interface,Audio Interface,,,AI-12,0
FBA75684,AA-04,B0B4G7VWXD,B0B4G7VWXD,"Audio Array AA-04 Metal Spider Shock Mount for Condenser Microphone | Anti Vibration, Suspension, Isolation | 4 Size Bottom Screws & Extra Replacement Elastic Bands | Recommended For Rode, Samson, etc",85.0,1.0,0.0006,0.0004,134.0,1.0,0.0007,0.0003,0.0175,0.0,1,0.0,0.0118,0.0,1482.2033898305085,0.0,1.0,0.0,0,12,Audio_Array,0.0,0.0,0.0,0.0,0.0,SP_SD,,,,,,,Audio Array,Microphone Accessories,Accessories,,,AA-04,1
FBA76414,AA-05,B0BLJVJ2GN,B0BLJVJ2GN,"Audio Array AA-05 Suspension Boom Scissor Microphone Arm Stand | Universal clamp with mic Holder & 3/8″ to 5/8″ Adapter for Shock mounts | Suitable for Stages, Studios, Broadcasting, TV Stations",251.0,5.0,0.0017,0.0019,351.0,6.0,0.0018,0.0017,0.0136,0.0,1,0.0,0.004,0.0,634.7457627118645,0.0,1.0,0.0,0,12,Audio_Array,4383.17,482.0,109180.0,21384.75,16.0,SP_SD,0.2049670910344989,4.878831986895329,,273.948125,,,Audio Array,Microphone Accessories,Accessories,,,AA-05,1
FBA75673,AM-C1,B0B4DPX2J2,B0B4DPX2J2,"Audio Array AM-C1 USB Condenser Microphone Kit | for Podcasting, Online Meeting, Gaming, Singing & Live Streaming | Boom Arm, Pop Filter, Mic Cover, Spider Shock Mount, Tripod & 2.5M USB Cable",9600.0,166.0,0.0659,0.0626,13718.0,251.0,0.0713,0.0706,0.0005,0.0,0,0.0,0.0,0.0,0.0,0.0,0.0,0.0,0,12,Audio_Array,99056.91,4818.0,631680.0,301235.78,140.0,SP_SD,0.3288351403674556,3.041037520754484,,707.5493571428572,,,Audio Array,Microphone Condenser,USB Microphone Kit - Boomarm,,,AM-C1,0
FBA75675,AM-C3,B0B4G8ZB64,B0B4G8ZB64,"Audio Array AM-C3 XLR to TRS Dynamic Handheld Karaoke Microphone | Premium Metal Built with 3M Cable | Singing, Public Meetings, Studio Recording, Live Show, Party, Church, Wedding",209.0,2.0,0.0014,0.0008,301.0,5.0,0.0016,0.0014,0.0,0.0,0,0.0,0.0,0.0,0.0,0.0,0.0,0.0,0,12,Audio_Array,1270.62,148.0,22588.0,7911.83,9.0,SP_SD,0.1605974850319079,6.22674757205144,,141.17999999999998,,,Audio Array,Microphone Dynamic,Vocal Microphone,,,AM-C3,0
FBA75683,AA-03,B0B4G94VP3,B0B4G94VP3,"Audio Array AA-03 Double Layer Professional Pop Filter | Flexible 360° Free Angle Adjustable, Durable Windshield | Metal Gooseneck Stabilizing Arm Holder with 32cm Arm Length | Suitable for Recording.",63.0,5.0,0.0004,0.0019,75.0,6.0,0.0004,0.0017,0.0141,0.0,0,0.0,0.0,0.0,0.0,0.0,0.0,0.0,0,12,Audio_Array,849.3100000000001,57.0,6488.0,2114.4,5.0,SP_SD,0.4016789632992811,2.489550340864937,,169.86200000000002,,,Audio Array,Microphone Accessories,Accessories,,,AA-03,0
FBA75679,AA-02,B0B4JRQP22,B0B4JRQP22,"Audio Array AA-02 3-Panel Curved Isolation Shield with Insulation, Absorption & Reflection Filter | 3/8"" and 5/8"" Universal Mic Mount for Recording Studio, Podcasts, Singing & Broadcasting",200.0,7.0,0.0014,0.0026,300.0,8.0,0.0016,0.0023,0.0039,0.0,0,0.0,0.0,0.0,0.0,0.0,0.0,0.0,0,12,Audio_Array,0.0,0.0,0.0,0.0,0.0,,,,,,,,Audio Array,Microphone Accessories,Accessories,,,AA-02,0
FBA75690,AM-C10,B0B4K87PR4,B0B4K87PR4,Audio Array AM-C10 USB Plug & Play Conference Microphone with Speaker | Omni Directional Pickup Upto 4M | Speaker and Mic Mute Buttons | Volume Control & Mute Button | Ideal for Meeting & Video Call,108.0,5.0,0.0007,0.0019,162.0,6.0,0.0008,0.0017,0.0,0.0,0,0.0,0.0,0.0,0.0,0.0,0.0,0.0,0,12,Audio_Array,1436.43,55.0,20266.0,7371.269999999999,3.0,SP_SD,0.1948687268272631,5.131659739771516,,478.81,,,Audio Array,Microphone Conference,Conference Microphone,,,AM-C10,0
FBA76730,AM-C27,B0BLKB6FRR,B0BLKB6FRR,"Audio Array AM-C27 XLR to TRS Cardioid Dynamic Handheld Microphone Sound for Live Events | Premium Built with 4.5M Cable | Singing, Public Meetings, Studio Recording, Live Sound, Party",11.0,0.0,0.0001,0.0,14.0,0.0,0.0001,0.0,0.2308,0.0,0,0.0,0.0,0.0,0.0,0.0,0.0,0.0,0,12,Audio_Array,0.0,0.0,0.0,0.0,0.0,SP_SD,,,,,,,UNKNOWN,,,,,AM-C27,0
FBA76723,AM-C20,B0BLKF46QG,B0BLKF46QG,"Audio Array AM-C20 USB Microphone | Unique Tilt Stand & one Touch Mute | Plug n Play, No Latency Cardioid Pickup | for PC, Smartphones, iOS | Gaming, Streaming, Podcasts, Twitch, YouTube, Discord",54.0,1.0,0.0004,0.0004,75.0,1.0,0.0004,0.0003,0.0323,0.0,0,0.0,0.0,0.0,0.0,0.0,0.0,0.0,0,12,Audio_Array,0.0,0.0,0.0,0.0,0.0,SP_SD,,,,,,,Audio Array,Microphone Condenser,USB Microphone Kit - Tripod,,,AM-C20,0
FBA78206,AM-W15,B0C4YSV3XL,B0C4YSV3XL,Audio Array AM-W15 Dual Wireless Mic with Charging Case | Upto 16hr Battery Backup & 100m Range | Active Noise Cancellation | Informative LCD Screen | BIS & WPC Certified | 2 Yr Warranty,6.0,1.0,0.0,0.0004,6.0,1.0,0.0,0.0003,1.0,1.0,0,0.0,0.0,0.0,0.0,0.0,0.0,0.0,0,12,Audio_Array,0.0,0.0,0.0,0.0,0.0,,,,,,,,UNKNOWN,,,,,AM-W15,0
FBA78423,AM-C36,B0C598Q6PT,B0C598Q6PT,"Audio Array AM-C36 Lapel Microphone | 1M Long & Strong Cable | 3.5mm TRRS| 3.5mm TRRS Port, TRRS to TRS & TRRS to USB Type C adapters | Omnidirectional Pickup | Mic Cover & Leather Bag Included",1.0,0.0,0.0,0.0,1.0,0.0,0.0,0.0,1.0,0.0,0,0.0,0.0,0.0,0.0,0.0,0.0,0.0,0,12,Audio_Array,0.0,0.0,0.0,0.0,0.0,,,,,,,,Audio Array,Microphone Lapel,Lavalier Microphone,,,AM-C36,0
FBA78976,AA-22,B0CF5SHL15,B0CF5SHL15,"Audio Array AA-22 Desktop Mount Speaker Stands | 15KG Capacity | Height, Tilt & Rotation Adjustable | Smart Cable Management | for Sound Editing, Gaming, Music Production | Red (Set of 2)",561.0,18.0,0.0038,0.0068,652.0,22.0,0.0034,0.0062,0.0017,0.0,0,0.0,0.0,0.0,0.0,0.0,0.0,0.0,0,12,Audio_Array,0.0,0.0,0.0,0.0,0.0,,,,,,,,Audio Array,Microphone Accessories,Accessories,,,AA-22,0
FBA79016,AM-C3A,B0CH4R1V6S,B0CH4R1V6S,"Audio Array AM-C3a Unidirectional Dynamic Handheld Karaoke Microphone | 20Hz - 20kHz Response | Karaoke Singing, Public Meetings, Studio Recording, Live Sound, Party (no Cable Included)",201.0,1.0,0.0014,0.0004,277.0,1.0,0.0014,0.0003,0.0,0.0,0,0.0,0.0,0.0,0.0,0.0,0.0,0.0,0,12,Audio_Array,0.0,0.0,0.0,0.0,0.0,SP_SD,,,,,,,Audio Array,Microphone Dynamic,Vocal Microphone,,,AM-C3A,0
FBA79109,AM-W18,B0CM9HYVDM,B0CM9HYVDM,"Audio Array AM-W18 Wireless Karaoke Speaker with Microphone | Portable Bluetooth Speaker for Singing & Gifting with Voice Changer | Upto 8+ Hours of Playback | Bluetooth v5.3, SD Card & AUX in (Pink)",247.0,3.0,0.0017,0.0011,356.0,3.0,0.0019,0.0008,0.0,0.0,0,0.0,0.0,0.0,0.0,0.0,0.0,0.0,0,12,Audio_Array,2851.31,126.0,13091.0,4030.51,4.0,SP_SD,0.7074315657323762,1.4135642915010995,,712.8275,,,Audio Array,Speaker Karaoke,Microphone with Speaker,,,AM-W18,0
FBA79106,AM-C44,B0CM9KJZWQ,B0CM9KJZWQ,"Audio Array AM-C44 XLR/USB Professional Dynamic Podcast Microphone | Built-in Monitoring | One Touch Mute & Volume Control | 192kHz/24bit Full Metal Build | 2M XLR & USB Cable | Streaming, Podcasting",173.0,3.0,0.0012,0.0011,224.0,4.0,0.0012,0.0011,0.0,0.0,0,0.0,0.0,0.0,0.0,0.0,0.0,0.0,0,12,Audio_Array,2906.8,104.0,19359.0,4118.79,1.0,SP_SD,0.7057412492503867,1.4169499105545615,,2906.8,,,Audio Array,Microphone Dynamic,Dynamic Microphone,,,AM-C44,0
FBA79108,AM-W16,B0CM9L1QZG,B0CM9L1QZG,"Audio Array AM-W16 Solo Wireless Lapel Over Ear Mic|in-Built ANC,Plug N Play,LongBattery Life,Ultra-Low Latency,Upto 30M Range|Compatible with iPhone&Android|Vlogging,Streaming,Teaching,YouTube,Black",71.0,0.0,0.0005,0.0,105.0,0.0,0.0005,0.0,0.0,0.0,0,0.0,0.0,0.0,0.0,0.0,0.0,0.0,0,12,Audio_Array,301.58,118.0,13157.0,1143.22,1.0,SP_SD,0.2637987438988121,3.7907686186086615,,301.58,,,Audio Array,Microphone Wireless Lapel,Wireless Lapel Microphone,,,AM-W16,0
FBA79107,AM-W17,B0CM9P5CCK,B0CM9P5CCK,"Audio Array AM-W17 Dual Wireless Lapel Mic|in-Built ANC, Plug N Play,Long Battery Life, Ultra-Low Latency,Upto 30M Range|Compatible with iPhone & Android|Vlogging, Streaming, Teaching,YouTube, Black",75.0,3.0,0.0005,0.0011,113.0,7.0,0.0006,0.002,0.0097,0.0,0,0.0,0.0,0.0,0.0,0.0,0.0,0.0,0,12,Audio_Array,174.29999999999998,7.0,3838.0,0.0,0.0,SP_SD,,0.0,,,,,Audio Array,Microphone Wireless Lapel,Wireless Lapel Microphone,,,AM-W17,0
FBA79355,AA-19BL,B0D3M86SH1,B0D3M86SH1,Audio Array AA-19BL RGB Low Profile Boomarm Stand with Riser | 71cm reach & 20 RGB lighting effects & Built-In Cable Management | Matte finish with Flexible adjustments | 2Kg Weight Capacity | Black,330.0,11.0,0.0023,0.0041,388.0,11.0,0.002,0.0031,0.0028,0.0,0,0.0,0.0,0.0,0.0,0.0,0.0,0.0,0,12,Audio_Array,658.6,37.0,6543.0,4236.44,1.0,SP_SD,0.1554607170171181,6.432493167324627,,658.6,,,Audio Array,Microphone Accessories,Accessories,,,AA-19BL,0
FBA79444,AM-W20,B0DFMLQBMC,B0DFMLQBMC,"Audio Array AM-W20 Magnetic Wireless Lapel Microphone Set | One Touch Smart Noise Reduction | 48KHz/24Bit Hi-fi Recording | 50M Range | 800mAh 48Hrs Long Battery Backup | Vlogging, Podcast, Streaming",6.0,0.0,0.0,0.0,7.0,0.0,0.0,0.0,0.4286,0.0,0,0.0,0.0,0.0,0.0,0.0,0.0,0.0,0,12,Audio_Array,0.0,0.0,0.0,0.0,0.0,SP_SD,,,,,,,Audio Array,Microphone Wireless Lapel,Wireless Lapel Microphone,,,AM-W20,0
FBA79445,AM-W32,B0DFMLS8JG,B0DFMLS8JG,"Audio Array AM-W32 UHF Dual Wireless Premium Metal Microphones | 1200mAh 6-8 Hours Receiver Battery Backup | Range up to 60M | Karaoke Singing, Wedding, DJ, Events | Built in Volume and Echo Controls",259.0,10.0,0.0018,0.0038,372.0,14.0,0.0019,0.0039,0.0,0.0,0,0.0,0.0,0.0,0.0,0.0,0.0,0.0,0,12,Audio_Array,2951.86,204.0,36267.0,6777.96,2.0,SP_SD,0.4355086191125353,2.296165807321486,,1475.9299999999998,,,UNKNOWN,,,,,AM-W32,0
FBA79446,AM-W33,B0DFMMTWLY,B0DFMMTWLY,"Audio Array AM-W33 UHF Metal Solo Wireless Microphone Set | 2000mAh 6-8 Hours Battery Backup | Range up to 50M | Karaoke Singing, Wedding, DJ, Church | PA System, Amplifier, Mixer, Party Box",205.0,3.0,0.0014,0.0011,306.0,4.0,0.0016,0.0011,0.0,0.0,0,0.0,0.0,0.0,0.0,0.0,0.0,0.0,0,12,Audio_Array,2084.41,164.0,21972.0,3056.69,2.0,SP_SD,0.6819173681335038,1.4664533369154822,,1042.205,,,Audio Array,Microphone Wireless Handheld,Wireless Microphone,,,AM-W33,0
FBA79816,AM-W22,B0FPR962YS,B0FPR962YS,"Audio Array AM-W22 | Latest 2026 Edition Wireless Microphone for Camera/iPhone/Android/iPad/Laptop, Lav Mic with Charging Case, AI Noise Reduction, 50H Battery, 230ft Range, for Recording, YouTube",166.0,8.0,0.0011,0.003,228.0,10.0,0.0012,0.0028,0.0052,0.0,0,0.0,0.0,0.0,0.0,0.0,0.0,0.0,0,12,Audio_Array,2122.7,146.0,52175.0,9005.09,3.0,SP_SD,0.2357222415322889,4.242281057144203,,707.5666666666666,,,Audio Array,Microphone Wireless Lapel,Wireless Lapel Microphone,,,AM-W22,0
FBA76864,AI-04 RED,B0BPLZ5CGV,B0BPLZ5CGV,,0.0,,,,,,,,,,122,,,,492184.35,,,,0,12,Audio_Array,65196.88,4957.0,697632.0,445327.87,120.0,SP_SD,0.1464019756948964,6.830508913923489,,543.3073333333333,,,Audio Array,Audio Interface,Audio Interface,,,AI-04 RED,122
FBA75673,AM-C1,B0B4DPX2J2,B0B4DPX2J2,,0.0,,,,,,,,,,203,,,,455718.76,,,,0,12,Audio_Array,99056.91,4818.0,631680.0,301235.78,140.0,SP_SD,0.3288351403674556,3.041037520754484,,707.5493571428572,,,Audio Array,Microphone Condenser,USB Microphone Kit - Boomarm,,,AM-C1,203
FBA79482,AM-S1,B0DXFPM4N2,B0DXFPM4N2,,0.0,,,,,,,,,,29,,,,216246.62,,,,0,12,Audio_Array,37432.75,4142.0,408771.0,194298.33,29.0,SP_SD,0.1926560562821101,5.190597271106183,,1290.7844827586207,,,Audio Array,Monitor Speakers,Studio Monitor Speaker,,,AM-S1,29
FBA79813,AH-50,B0FG88HVQ8,B0FG88HVQ8,,0.0,,,,,,,,,,68,,,,118077.92,,,,0,12,Audio_Array,21315.65,1306.0,185063.0,99781.29,58.0,SP_SD,0.2136237164302045,4.68112818515973,,367.51120689655176,,,Audio Array,DJ Headphone,DJ Headphone,,,AH-50,68
FBA79961,AI-13,B0G53H49BS,B0G53H49BS,,0.0,,,,,,,,,,51,,,,116651.69,,,,0,12,Audio_Array,24262.79,3131.0,210805.0,104757.84,45.0,SP_SD,0.2316083454947143,4.317633709890742,,539.1731111111111,,,Audio Array,Mixers,4 channels Mixer,,,AI-13,51
FBA79005,AM-W45,B0CKHVHVQ1,B0CKHVHVQ1,,0.0,,,,,,,,,,23,,,,99387.29,,,,0,12,Audio_Array,6945.74,391.0,57864.0,24655.95,6.0,SP_SD,0.2817064440834768,3.5497945503286905,,1157.6233333333332,,,Audio Array,Microphone Conference,Wireless Conference Microphone,,,AM-W45,23
FBA79904,PB-10 (AM-C2+AI-04+AH-60-BL),B0FTVQQVDC,B0FTVQQVDC,,0.0,,,,,,,,,,10,,,,84737.28,,,,0,12,Audio_Array,4139.61,597.0,86119.0,40248.31,7.0,SP_SD,0.1028517719129076,9.722729919002033,,591.3728571428571,,,Audio Array,Bundles,PB-10,,,PB-10 (AM-C2+AI-04+AH-60-BL),10
FBA78975,AA-21,B0CF5TCQKL,B0CF5TCQKL,,0.0,,,,,,,,,,26,,,,81503.37,,,,0,12,Audio_Array,4550.61,273.0,20436.0,25078.0,8.0,SP_SD,0.1814582502591913,5.510909526415141,,568.82625,,,Audio Array,Microphone Accessories,Accessories,,,AA-21,26
FBA79380,AM-C46,B0D3M1B4Z8,B0D3M1B4Z8,,0.0,,,,,,,,,,25,,,,74555.0,,,,0,12,Audio_Array,13447.3,679.0,132832.0,43073.73,13.0,SP_SD,0.3121926055626016,3.2031508183798976,,1034.4076923076923,,,Audio Array,Microphone Condenser,Condenser Mic with Boom Arm,,,AM-C46,25
FBA78973,AA-19,B0CF5R3V95,B0CF5R3V95,,0.0,,,,,,,,,,18,,,,58713.48,,,,0,12,Audio_Array,5358.76,233.0,25632.0,16647.45,6.0,SP_SD,0.3218967469492325,3.106586225171495,,893.1266666666667,,,Audio Array,Microphone Accessories,Accessories,,,AA-19,18
FBA79654,AM-C11 PRO,B0DN6MNS1X,B0DN6MNS1X,,0.0,,,,,,,,,,11,,,,45198.99,,,,0,12,Audio_Array,2682.11,102.0,18167.0,8201.68,2.0,SP_SD,0.3270195862311136,3.057920816073912,,1341.055,,,Audio Array,Bundles,Bundles,,,AM-C11 PRO,11
FBA79011,AM-C43,B0CH4RNWJX,B0CH4RNWJX,,0.0,,,,,,,,,,21,,,,44384.76,,,,0,12,Audio_Array,11723.94,662.0,103034.0,25930.53,12.0,SP_SD,0.4521288226657921,2.21175901616692,,976.995,,,Audio Array,Microphone Condenser,XLR Microphone Kit - Boomarm,,,AM-C43,21
FBA79103,AI-10,B0CM6NTWBP,B0CM6NTWBP,,0.0,,,,,,,,,,15,,,,38122.94,,,,0,12,Audio_Array,8641.47,764.0,121575.0,24903.41,11.0,SP_SD,0.3469994671412469,2.881848805816603,,785.5881818181817,,,Audio Array,Audio Interface,Audio Interface,,,AI-10,15
FBA75674,AM-C2,B0B4G19R58,B0B4G19R58,,0.0,,,,,,,,,,11,,,,35414.41,,,,0,12,Audio_Array,2188.3,144.0,39251.0,1439.83,1.0,SP_SD,1.519832202412785,0.6579673719325503,,2188.3,,,Audio Array,Microphone Condenser,XLR Microphone Kit - Boomarm,,,AM-C2,11
FBA79838,AH-40 SL,B0FQBX8J17,B0FQBX8J17,,0.0,,,,,,,,,,32,,,,32515.2,,,,0,12,Audio_Array,9704.54,584.0,98119.0,25530.47,25.0,SP_SD,0.3801159947310018,2.630775904885754,,388.18160000000006,,,Audio Array,DJ Headphone,DJ Headphone,,,AH-40 SL,32
FBA79972,M8,B0GCP1J2HC,B0GCP1J2HC,,0.0,,,,,,,,,,4,,,,27115.25,,,,0,12,Audio_Array,7595.05,1203.0,99172.0,29402.53,5.0,SP_SD,0.258312805054531,3.871275370142396,,1519.01,,,Audio Array,Mixers,8 channels Mixer,,,M8,4
FBA79839,AH-45 BK,B0FQBXS6Y2,B0FQBXS6Y2,,0.0,,,,,,,,,,21,,,,26677.14,,,,0,12,Audio_Array,6467.61,405.0,55912.0,19139.84,15.0,SP_SD,0.3379134830803183,2.9593373750117897,,431.174,,,Audio Array,DJ Headphone,DJ Headphone,,,AH-45 BK,21
FBA79449,AM-W36,B0DFMNGFTD,B0DFMNGFTD,,0.0,,,,,,,,,,5,,,,26266.94,,,,0,12,Audio_Array,2896.21,204.0,20852.0,17539.07,6.0,SP_SD,0.1651290518824544,6.05586956746921,,482.70166666666665,,,Audio Array,Microphone Wireless Handheld,Wireless Microphone,,,AM-W36,5
FBA75677,AM-C5,B0B4KC7VBM,B0B4KC7VBM,,0.0,,,,,,,,,,13,,,,25328.01,,,,0,12,Audio_Array,3556.62,164.0,23293.0,12114.43,5.0,SP_SD,0.2935854183812197,3.406163717237152,,711.324,,,Audio Array,Microphone Conference,Conference Microphone,,,AM-C5,13
FBA79109,AM-W18,B0CM9HYVDM,B0CM9HYVDM,,0.0,,,,,,,,,,25,,,,25190.69,,,,0,12,Audio_Array,2851.31,126.0,13091.0,4030.51,4.0,SP_SD,0.7074315657323762,1.4135642915010995,,712.8275,,,Audio Array,Speaker Karaoke,Microphone with Speaker,,,AM-W18,25
FBA76862,AM-C28,B0BPLWW72Y,B0BPLWW72Y,,0.0,,,,,,,,,,18,,,,23628.82,,,,0,12,Audio_Array,4733.45,229.0,30492.0,22233.05,16.0,SP_SD,0.2129015137374314,4.697007468125785,,295.840625,,,Audio Array,Microphone Conference,Conference Microphone,,,AM-C28,18
FBA75692,AM-C11,B0B4G1HPL5,B0B4G1HPL5,,0.0,,,,,,,,,,5,,,,19911.0,,,,0,12,Audio_Array,1545.16,85.0,18385.0,20656.76,5.0,SP_SD,0.074801662990711,13.368686737942994,,309.03200000000004,,,Audio Array,Microphone Dynamic,USB/XLR Dynamic Mic,,,AM-C11,5
FBA79694,AA-26,B0DT6T6N6B,B0DT6T6N6B,,0.0,,,,,,,,,,36,,,,16749.09,,,,0,12,Audio_Array,607.6600000000001,75.0,2388.0,930.5,2.0,SP_SD,0.6530467490596454,1.5312839416779118,,303.83000000000004,,,Audio Array,Microphone Accessories,Accessories,,,AA-26,36
FBA79446,AM-W33,B0DFMMTWLY,B0DFMMTWLY,,0.0,,,,,,,,,,10,,,,15600.15,,,,0,12,Audio_Array,2084.41,164.0,21972.0,3056.69,2.0,SP_SD,0.6819173681335038,1.4664533369154822,,1042.205,,,Audio Array,Microphone Wireless Handheld,Wireless Microphone,,,AM-W33,10
FBA75690,AM-C10,B0B4K87PR4,B0B4K87PR4,,0.0,,,,,,,,,,5,,,,15589.14,,,,0,12,Audio_Array,1436.43,55.0,20266.0,7371.269999999999,3.0,SP_SD,0.1948687268272631,5.131659739771516,,478.81,,,Audio Array,Microphone Conference,Conference Microphone,,,AM-C10,5
FBA79379,AM-C45,B0D3LZWTHV,B0D3LZWTHV,,0.0,,,,,,,,,,5,,,,14826.26,,,,0,12,Audio_Array,4671.94,216.0,43895.0,7311.01,3.0,SP_SD,0.6390279865572608,1.5648766893410448,,1557.3133333333333,,,Audio Array,Microphone Dynamic,Dynamic Microphone,,,AM-C45,5
FBA79104,AI-11,B0CM6NVLT9,B0CM6NVLT9,,0.0,,,,,,,,,,11,,,,14439.83,,,,0,12,Audio_Array,4745.79,521.0,66632.0,12154.24,8.0,SP_SD,0.390463739402875,2.561057273920675,,593.22375,,,Audio Array,Audio Interface,Audio Interface,,,AI-11,11
FBA75688,AM-W12,B0B4G763WS,B0B4G763WS,,0.0,,,,,,,,,,4,,,,13555.92,,,,0,12,Audio_Array,3023.26,202.0,32505.0,10166.94,3.0,SP_SD,0.2973618414193454,3.3629062667451697,,1007.7533333333332,,,Audio Array,Microphone Wireless Handheld,Wireless Microphone,,,AM-W12,4
FBA78960,AM-C39,B0CBCB82MT,B0CBCB82MT,,0.0,,,,,,,,,,9,,,,12958.49,,,,0,12,Audio_Array,5087.04,252.0,26550.0,4234.74,3.0,SP_SD,1.2012638320180224,0.8324565955840725,,1695.68,,,Audio Array,Microphone Condenser,XLR Microphone Kit - Tripod,,,AM-C39,9
FBA75675,AM-C3,B0B4G8ZB64,B0B4G8ZB64,,0.0,,,,,,,,,,17,,,,12951.62,,,,0,12,Audio_Array,1270.62,148.0,22588.0,7911.83,9.0,SP_SD,0.1605974850319079,6.22674757205144,,141.17999999999998,,,Audio Array,Microphone Dynamic,Vocal Microphone,,,AM-C3,17
FBA79816,AM-W22,B0FPR962YS,B0FPR962YS,,0.0,,,,,,,,,,4,,,,11994.92,,,,0,12,Audio_Array,2122.7,146.0,52175.0,9005.09,3.0,SP_SD,0.2357222415322889,4.242281057144203,,707.5666666666666,,,Audio Array,Microphone Wireless Lapel,Wireless Lapel Microphone,,,AM-W22,4
FBA79833,PB-04 (AI-04 RED + AM-C44 X 2),B0FJ8PZ9H7,B0FJ8PZ9H7,,0.0,,,,,,,,,,1,,,,11355.08,,,,0,12,Audio_Array,29.24,6.0,2964.0,0.0,0.0,SP_SD,,0.0,,,,,Audio Array,Bundles,PB-04,,,PB-04 (AI-04 RED + AM-C44 X 2),1
FBA75678,AA-01,B0B4G8PH2P,B0B4G8PH2P,,0.0,,,,,,,,,,6,,,,10927.12,,,,0,12,Audio_Array,1705.19,57.0,18498.0,0.0,0.0,SP_SD,,0.0,,,,,Audio Array,Microphone Accessories,Accessories,,,AA-01,6
FBA75679,AA-02,B0B4JRQP22,B0B4JRQP22,,0.0,,,,,,,,,,5,,,,10589.0,,,,0,12,Audio_Array,0.0,0.0,0.0,0.0,0.0,,,,,,,,Audio Array,Microphone Accessories,Accessories,,,AA-02,5
FBA79445,AM-W32,B0DFMLS8JG,B0DFMLS8JG,,0.0,,,,,,,,,,3,,,,10166.94,,,,0,12,Audio_Array,2951.86,204.0,36267.0,6777.96,2.0,SP_SD,0.4355086191125353,2.296165807321486,,1475.9299999999998,,,UNKNOWN,,,,,AM-W32,3
FBA76863,AI-03,B0BPM2T7BQ,B0BPM2T7BQ,,0.0,,,,,,,,,,3,,,,9912.72,,,,0,12,Audio_Array,0.0,0.0,0.0,0.0,0.0,,,,,,,,Audio Array,Audio Interface,Audio Interface,,,AI-03,3
FBA79841,AH-60 BL,B0FQBTRM28,B0FQBTRM28,,0.0,,,,,,,,,,6,,,,9874.56,,,,0,12,Audio_Array,3620.15,202.0,36086.0,21266.92,13.0,SP_SD,0.1702244612760099,5.874596356504564,,278.4730769230769,,,Audio Array,DJ Headphone,DJ Headphone,,,AH-60 BL,6
FBA79966,AM-MIX10,B0G53KWRVW,B0G53KWRVW,,0.0,,,,,,,,,,1,,,,9321.19,,,,0,12,Audio_Array,0.0,0.0,0.0,0.0,0.0,,,,,,,,Audio Array,Mixers,10 channels mixer,,,AM-MIX10,1
FBA79447,AM-W34,B0DFMLXD9S,B0DFMLXD9S,,0.0,,,,,,,,,,3,,,,9150.24,,,,0,12,Audio_Array,1733.04,111.0,10077.0,15928.2,5.0,SP_SD,0.1088032546050401,9.190901537183215,,346.608,,,Audio Array,Microphone Wireless Handheld,Wireless Microphone,,,AM-W34,3
FBA79356,AA-19WL,B0D3Q2T5XX,B0D3Q2T5XX,,0.0,,,,,,,,,,2,,,,8472.88,,,,0,12,Audio_Array,281.69,18.0,2010.0,0.0,0.0,SP_SD,,0.0,,,,,Audio Array,Microphone Accessories,Accessories,,,AA-19WL,2
FBA77171,AC-6XL,B0CH4VCD6R,B0CH4VCD6R,,0.0,,,,,,,,,,18,,,,8374.57,,,,0,12,Audio_Array,0.0,0.0,0.0,0.0,0.0,,,,,,,,Audio Array,Microphone Accessories,Accessories,,,AC-6XL,18
FBA79840,AH-60 RD,B0FQBWV1ST,B0FQBWV1ST,,0.0,,,,,,,,,,5,,,,8258.48,,,,0,12,Audio_Array,1550.12,98.0,10475.0,6055.92,4.0,SP_SD,0.2559677142366477,3.9067427037906746,,387.53,,,Audio Array,DJ Headphone,DJ Headphone,,,AH-60 RD,5
FBA79783,AM-C47,B0FF9R3GKK,B0FF9R3GKK,,0.0,,,,,,,,,,3,,,,7370.34,,,,0,12,Audio_Array,1923.05,106.0,28507.0,2456.78,1.0,SP_SD,0.7827522203860336,1.2775434856087986,,1923.05,,,Audio Array,Microphone Condenser,USB Microphone Kit - Boomarm,,,AM-C47,3
FBA76597,AA-06,B0BQ7H7418,B0BQ7H7418,,0.0,,,,,,,,,,6,,,,6605.08,,,,0,12,Audio_Array,1393.38,84.0,13633.0,2624.58,3.0,SP_SD,0.5308963719909471,1.8836067691512728,,464.46,,,Audio Array,Microphone Accessories,Accessories,,,AA-06,6
FBA80016,AM-W22 DUPLICATE,B0GKPXQ8G3,B0GKPXQ8G3,,0.0,,,,,,,,,,2,,,,6474.28,,,,0,12,Audio_Array,3027.89,166.0,48694.0,8998.15,3.0,SP_SD,0.3365013919527903,2.97175590923052,,1009.2966666666666,,,Audio Array,Microphone,Wireless Lapel Microphone,,,AM-W22 DUPLICATE,2
FBA75683,AA-03,B0B4G94VP3,B0B4G94VP3,,0.0,,,,,,,,,,15,,,,6343.2,,,,0,12,Audio_Array,849.3100000000001,57.0,6488.0,2114.4,5.0,SP_SD,0.4016789632992811,2.489550340864937,,169.86200000000002,,,Audio Array,Microphone Accessories,Accessories,,,AA-03,15
FBA79844,PB-08 (AM-C1 + AI-04),B0FN7DYB2M,B0FN7DYB2M,,0.0,,,,,,,,,,1,,,,5931.36,,,,0,12,Audio_Array,0.0,0.0,0.0,0.0,0.0,,,,,,,,Audio Array,Bundles,PB-08,,,PB-08 (AM-C1 + AI-04),1
FBA75689,AM-W13,B0B4G59Y8W,B0B4G59Y8W,,0.0,,,,,,,,,,3,,,,5590.68,,,,0,12,Audio_Array,1959.27,144.0,24011.0,5251.780000000001,3.0,SP_SD,0.3730677979656421,2.6804779331077397,,653.09,,,Audio Array,Microphone Wireless Handheld,Wireless Microphone,,,AM-W13,3
FBA75691,AM-W14,B0B4G5JG4P,B0B4G5JG4P,,0.0,,,,,,,,,,1,,,,5507.63,,,,0,12,Audio_Array,226.91,30.0,1570.0,5507.63,1.0,SP_SD,0.0411992090971978,24.27231060772994,,226.91,,,Audio Array,Microphone Wireless Handheld,Wireless Microphone,,,AM-W14,1
FBA79105,AI-12,B0CM6WH4ZT,B0CM6WH4ZT,,0.0,,,,,,,,,,4,,,,4742.38,,,,0,12,Audio_Array,6123.42,567.0,76990.0,12832.2,9.0,SP_SD,0.4771917519988778,2.0955936388488787,,680.38,,,Audio Array,Audio Interface,Audio Interface,,,AI-12,4
FBA79655,AM-C44 PRO,B0DN6PFWNK,B0DN6PFWNK,,0.0,,,,,,,,,,1,,,,4405.93,,,,0,12,Audio_Array,684.3100000000001,22.0,6737.0,0.0,0.0,SP_SD,,0.0,,,,,Audio Array,Bundles,Bundles,,,AM-C44 PRO,1
FBA79355,AA-19BL,B0D3M86SH1,B0D3M86SH1,,0.0,,,,,,,,,,1,,,,4231.36,,,,0,12,Audio_Array,658.6,37.0,6543.0,4236.44,1.0,SP_SD,0.1554607170171181,6.432493167324627,,658.6,,,Audio Array,Microphone Accessories,Accessories,,,AA-19BL,1
FBA79009,AM-C41,B0CH4PMR8K,B0CH4PMR8K,,0.0,,,,,,,,,,3,,,,4065.24,,,,0,12,Audio_Array,513.48,70.0,4728.0,2710.16,2.0,SP_SD,0.1894648286448032,5.27802446054374,,256.74,,,Audio Array,Microphone Condenser,USB Microphone Kit - Tripod,,,AM-C41,3
FBA79106,AM-C44,B0CM9KJZWQ,B0CM9KJZWQ,,0.0,,,,,,,,,,1,,,,3982.2,,,,0,12,Audio_Array,2906.8,104.0,19359.0,4118.79,1.0,SP_SD,0.7057412492503867,1.4169499105545615,,2906.8,,,Audio Array,Microphone Dynamic,Dynamic Microphone,,,AM-C44,1
FBA76414,AA-05,B0BLJVJ2GN,B0BLJVJ2GN,,0.0,,,,,,,,,,6,,,,3554.22,,,,0,12,Audio_Array,4383.17,482.0,109180.0,21384.75,16.0,SP_SD,0.2049670910344989,4.878831986895329,,273.948125,,,Audio Array,Microphone Accessories,Accessories,,,AA-05,6
FBA79653,AM-C45 PRO,B0DN6LJZBR,B0DN6LJZBR,,0.0,,,,,,,,,,1,,,,3473.73,,,,0,12,Audio_Array,0.0,0.0,0.0,0.0,0.0,SP_SD,,,,,,,Audio Array,Bundles,Bundles,,,AM-C45 PRO,1
FBA75686,AM-W10,B0B4G89VQJ,B0B4G89VQJ,,0.0,,,,,,,,,,1,,,,3304.24,,,,0,12,Audio_Array,0.0,0.0,0.0,0.0,0.0,SP_SD,,,,,,,Audio Array,Microphone Wireless Lapel,Wireless Microphone,,,AM-W10,1
FBA75680,AM-C6,B0B4G1PXWV,B0B4G1PXWV,,0.0,,,,,,,,,,2,,,,3218.64,,,,0,12,Audio_Array,475.73,64.0,7979.0,0.0,0.0,SP_SD,,0.0,,,,,Audio Array,Microphone Condenser,USB Microphone Kit - Tripod,,,AM-C6,2
FBA75676,AM-C4,B0B4DS678Q,B0B4DS678Q,,0.0,,,,,,,,,,2,,,,3218.64,,,,0,12,Audio_Array,505.63,72.0,10816.0,1609.32,1.0,SP_SD,0.3141886013968633,3.182801653382908,,505.63,,,Audio Array,Microphone Condenser,USB Microphone Kit - Tripod,,,AM-C4,2
FBA79958,AM-W24,B0G3Q59X8C,B0G3Q59X8C,,0.0,,,,,,,,,,2,,,,3218.64,,,,0,12,Audio_Array,2403.89,362.0,54806.0,13386.44,4.0,SP_SD,0.179576496813193,5.56865746768779,,600.9725,,,Audio Array,Microphone Wireless Lapel,Wireless Lapel Microphone,,,AM-W24,2
FBA78925,AM-C11X,B0CBC7QMNV,B0CBC7QMNV,,0.0,,,,,,,,,,1,,,,3092.37,,,,0,12,Audio_Array,5223.95,201.0,26390.0,5337.29,2.0,SP_SD,0.978764504083533,1.0216962260358542,,2611.975,,,Audio Array,Microphone Dynamic,XLR Dynamic Mic,,,AM-C11X,1
FBA79008,AI-06,B0CH4RT4P8,B0CH4RT4P8,,0.0,,,,,,,,,,1,,,,2795.76,,,,0,12,Audio_Array,0.0,0.0,0.0,0.0,0.0,,,,,,,,Audio Array,Audio Interface,Audio Interface,,,AI-06,1
FBA79842,AM-C48,B0G4DNF8RZ,B0G4DNF8RZ,,0.0,,,,,,,,,,1,,,,2795.76,,,,0,12,Audio_Array,2328.92,136.0,27178.0,2795.76,1.0,SP_SD,0.8330185709789109,1.2004534290572455,,2328.92,,,Audio Array,Microphone Dynamic,Microphone Dynamic,,,AM-C48,1
FBA79830,GB-03 (AI-12 + AM-C43),B0FJ8TSQK1,B0FJ8TSQK1,,0.0,,,,,,,,,,1,,,,2668.64,,,,0,12,Audio_Array,66.91,11.0,2821.0,0.0,0.0,SP_SD,,0.0,,,,,Audio Array,Bundles,GB-03,,,GB-03 (AI-12 + AM-C43),1
FBA79957,AM-W23,B0G3Q517Y2,B0G3Q517Y2,,0.0,,,,,,,,,,1,,,,2541.52,,,,0,12,Audio_Array,1254.42,97.0,31233.0,2880.51,1.0,SP_SD,0.4354853827967964,2.2962883244846224,,1254.42,,,Audio Array,Microphone Wireless Lapel,Wireless Lapel Microphone,,,AM-W23,1
FBA79820,AC-3XL,B0FQJWWDVK,B0FQJWWDVK,,0.0,,,,,,,,,,6,,,,2283.03,,,,0,12,Audio_Array,0.0,0.0,0.0,0.0,0.0,,,,,,,,Audio Array,Microphone Accessories,Accessories,,,AC-3XL,6
FBA79064,AA-25,B0CJR76Y7G,B0CJR76Y7G,,0.0,,,,,,,,,,3,,,,2158.48,,,,0,12,Audio_Array,0.0,0.0,0.0,0.0,0.0,,,,,,,,Audio Array,Microphone Accessories,Accessories,,,AA-25,3
FBA79708,SB-01,B0FFB6YJM1,B0FFB6YJM1,,0.0,,,,,,,,,,2,,,,2113.45,,,,0,12,Audio_Array,55.98,35.0,4681.0,0.0,0.0,SP_SD,,0.0,,,,,Audio Array,Sound Bar,Sound Bar,,,SB-01,2
FBA79010,AM-C42,B0CH4T2BJD,B0CH4T2BJD,,0.0,,,,,,,,,,1,,,,1953.89,,,,0,12,Audio_Array,269.34,37.0,4630.0,4235.6,2.0,SP_SD,0.0635895740863159,15.725848370089851,,134.67,,,Audio Array,Microphone Condenser,USB Microphone Kit - Boomarm,,,AM-C42,1
FBA79016,AM-C3A,B0CH4R1V6S,B0CH4R1V6S,,0.0,,,,,,,,,,3,,,,1904.25,,,,0,12,Audio_Array,0.0,0.0,0.0,0.0,0.0,SP_SD,,,,,,,Audio Array,Microphone Dynamic,Vocal Microphone,,,AM-C3A,3
FBA79108,AM-W16,B0CM9L1QZG,B0CM9L1QZG,,0.0,,,,,,,,,,1,,,,1143.22,,,,0,12,Audio_Array,301.58,118.0,13157.0,1143.22,1.0,SP_SD,0.2637987438988121,3.7907686186086615,,301.58,,,Audio Array,Microphone Wireless Lapel,Wireless Lapel Microphone,,,AM-W16,1
FBA79959,AM-W47 WIRED,B0G39ZHDYP,B0G39ZHDYP,,0.0,,,,,,,,,,1,,,,1016.1,,,,0,12,Audio_Array,1413.67,97.0,21294.0,1016.1,1.0,SP_SD,1.391270544237772,0.7187674634108384,,1413.67,,,Audio Array,Voice Amplifier,Wired Voice Amplifier,,,AM-W47 WIRED,1
FBA79968,AI-14,B0G53M9258,B0G53M9258,,0.0,,,,,,,,,,0,,,,0.0,,,,0,12,Audio_Array,0.0,0.0,0.0,0.0,0.0,,,,,,,,Audio Array,Mixers,8 channels Mixer,,,AI-14,0
FBA76723,AM-C20,B0BLKF46QG,B0BLKF46QG,,0.0,,,,,,,,,,0,,,,0.0,,,,0,12,Audio_Array,0.0,0.0,0.0,0.0,0.0,SP_SD,,,,,,,Audio Array,Microphone Condenser,USB Microphone Kit - Tripod,,,AM-C20,0
FBA79960,AM-W47 WIRELESS,B0G3B152FR,B0G3B152FR,,0.0,,,,,,,,,,0,,,,0.0,,,,0,12,Audio_Array,246.9,36.0,12642.0,0.0,0.0,SP_SD,,0.0,,,,,Audio Array,Voice Amplifier,Wireless Voice Amplifier,,,AM-W47 WIRELESS,0
FBA79845,UB-02 (AM-S1 + AA-21),B0FN7B3KWS,B0FN7B3KWS,,0.0,,,,,,,,,,0,,,,0.0,,,,0,12,Audio_Array,606.3000000000001,101.0,7148.0,0.0,0.0,SP_SD,,0.0,,,,,Audio Array,Bundles,UB-02,,,UB-02 (AM-S1 + AA-21),0
FBA78204,AM-C31,B0C4YT43Z3,B0C4YT43Z3,,0.0,,,,,,,,,,0,,,,0.0,,,,0,12,Audio_Array,0.0,0.0,0.0,0.0,0.0,,,,,,,,UNKNOWN,,,,,AM-C31,0
FBA79824,GB-01 (AM-C43 +AI-10),B0FJ2K95XT,B0FJ2K95XT,,0.0,,,,,,,,,,0,,,,0.0,,,,0,12,Audio_Array,71.59,10.0,4361.0,0.0,0.0,SP_SD,,0.0,,,,,Audio Array,Bundles,GB-01,,,GB-01 (AM-C43 +AI-10),0
FBA79906,PB-12 (AM-C11+AA-05+AI-04+AH-60-RD),B0FTVVLNS9,B0FTVVLNS9,,0.0,,,,,,,,,,0,,,,0.0,,,,0,12,Audio_Array,992.7,154.0,36543.0,7711.02,1.0,SP_SD,0.1287378323490277,7.767724388032638,,992.7,,,Audio Array,Bundles,PB-12,,,PB-12 (AM-C11+AA-05+AI-04+AH-60-RD),0
FBA79815,AM-W19,B0FPR7VFCH,B0FPR7VFCH,,0.0,,,,,,,,,,0,,,,0.0,,,,0,12,Audio_Array,1663.75,122.0,39020.0,0.0,0.0,SP_SD,,0.0,,,,,Audio Array,Microphone Wireless Lapel,Wireless Lapel Microphone,,,AM-W19,0
FBA75684,AA-04,B0B4G7VWXD,B0B4G7VWXD,,0.0,,,,,,,,,,0,,,,0.0,,,,0,12,Audio_Array,0.0,0.0,0.0,0.0,0.0,SP_SD,,,,,,,Audio Array,Microphone Accessories,Accessories,,,AA-04,0
FBA78976,AA-22,B0CF5SHL15,B0CF5SHL15,,0.0,,,,,,,,,,0,,,,0.0,,,,0,12,Audio_Array,0.0,0.0,0.0,0.0,0.0,,,,,,,,Audio Array,Microphone Accessories,Accessories,,,AA-22,0
FBA79823,PB-01 (AM-C11 + AI-04),B0FJ2HZCVN,B0FJ2HZCVN,,0.0,,,,,,,,,,0,,,,0.0,,,,0,12,Audio_Array,0.0,0.0,0.0,0.0,0.0,SP_SD,,,,,,,Audio Array,Bundles,PB-01,,,PB-01 (AM-C11 + AI-04),0
FBA79832,GB-05 (AM-C43 + AI-06),B0FJ8S53GW,B0FJ8S53GW,,0.0,,,,,,,,,,0,,,,0.0,,,,0,12,Audio_Array,294.59,40.0,9197.0,0.0,0.0,SP_SD,,0.0,,,,,Audio Array,Bundles,GB-05,,,GB-05 (AM-C43 + AI-06),0
FBA78974,AA-20,B0CF5RRTDJ,B0CF5RRTDJ,,0.0,,,,,,,,,,0,,,,0.0,,,,0,12,Audio_Array,140.31,10.0,729.0,465.25,1.0,SP_SD,0.301579795808705,3.315871997719336,,140.31,,,Audio Array,Microphone Accessories,Accessories,,,AA-20,0
FBA79965,AM-MIX6,B0G53PRM34,B0G53PRM34,,0.0,,,,,,,,,,0,,,,0.0,,,,0,12,Audio_Array,0.0,0.0,0.0,0.0,0.0,,,,,,,,Audio Array,Mixers,6 channels mixer,,,AM-MIX6,0
FBA79107,AM-W17,B0CM9P5CCK,B0CM9P5CCK,,0.0,,,,,,,,,,0,,,,0.0,,,,0,12,Audio_Array,174.29999999999998,7.0,3838.0,0.0,0.0,SP_SD,,0.0,,,,,Audio Array,Microphone Wireless Lapel,Wireless Lapel Microphone,,,AM-W17,0
FBA76414,AA-05,B0BLJVJ2GN,B0BLJVJ2GN,"Audio Array AA-05 Suspension Boom Scissor Microphone Arm Stand | Universal clamp with mic Holder & 3/8″ to 5/8″ Adapter for Shock mounts | Suitable for Stages, Studios, Broadcasting, TV Stations",523.0,24.0,0.0076,0.0138,725.0,31.0,0.0077,0.0126,0.9445,0.8148,25,5.0,0.0478,0.2083,15868.644067796611,3745.0,23.0,4.0,0,13,Audio_Array,2987.97,377.0,90518.0,13800.04,10.0,SP_SD,0.2165189376262677,4.618533653282999,,298.797,,,Audio Array,Microphone Accessories,Accessories,,,AA-05,25
FBA79813,AH-50,B0FG88HVQ8,B0FG88HVQ8,"Audio Array AH-50 Professional DJ Headphone | 50mm Drivers | 32Ω | 20Hz-20kHz | Dual Detachable Cables With Mic & Controls | Buddy Share Technology | 105 dB SPL | One Ear Listening | Monitoring,Mixing",2856.0,50.0,0.0417,0.0287,4095.0,65.0,0.0433,0.0264,0.2054,0.25,18,1.0,0.0063,0.02,30239.830508474577,2099.0,16.0,1.0,0,13,Audio_Array,22429.89,1432.0,179761.0,108077.93,66.0,SP_SD,0.2075344152131707,4.818477932794143,,339.8468181818181,,,Audio Array,DJ Headphone,DJ Headphone,,,AH-50,18
FBA75673,AM-C1,B0B4DPX2J2,B0B4DPX2J2,"Audio Array AM-C1 USB Condenser Microphone Kit | for Podcasting, Online Meeting, Gaming, Singing & Live Streaming | Boom Arm, Pop Filter, Mic Cover, Spider Shock Mount, Tripod & 2.5M USB Cable",12332.0,204.0,0.1802,0.117,17266.0,294.0,0.1827,0.1195,0.0729,0.0774,11,0.0,0.0009,0.0,25160.169491525427,0.0,11.0,0.0,0,13,Audio_Array,96398.38,5896.0,936839.0,417021.66,180.0,SP_SD,0.2311591680873363,4.326023528611165,,535.5465555555555,,,Audio Array,Microphone Condenser,USB Microphone Kit - Boomarm,,,AM-C1,11
FBA79967,AM-W19,B0G2C2RCXN,B0G2C2RCXN,"Audio Array Wireless Lavalier Mic with AI Noise Cancellation for iPhone/Android, 32h Charging case and Plug-and-Play Setup for vlogging, Streaming, Meetings, and Video Recording",290.0,15.0,0.0042,0.0086,444.0,26.0,0.0047,0.0106,0.9948,1.0,11,0.0,0.0379,0.0,18634.745762711864,0.0,11.0,0.0,0,13,Audio_Array,2585.04,178.0,35556.0,8385.6,5.0,SP_SD,0.308271322266743,3.243895645715347,,517.008,,,Audio Array,Microphone Wireless Lapel,Wireless Lapel Microphone,,,AM-W19,11
FBA76864,AI-04 RED,B0BPLZ5CGV,B0BPLZ5CGV,Audio Array AI-04 HD 2x2 Gen 3 Audio Interface | Premium Mic Pre-Amps | 48V Phantom Power | 24bit/192kHz Hi-Fi Recording | XLR/MIC/LINE inputs | Plug & Play-No Drivers | 2 in 3 out | Metal Body | Red,8075.0,189.0,0.118,0.1084,11600.0,279.0,0.1228,0.1134,0.0377,0.6949,8,5.0,0.001,0.0265,28129.661016949158,23495.0,7.0,4.0,0,13,Audio_Array,65122.91,5593.0,883674.0,312602.56,89.0,SP_SD,0.2083249414208252,4.800193357452853,,731.7180898876405,,,Audio Array,Audio Interface,Audio Interface,,,AI-04 RED,8
FBA78973,AA-19,B0CF5R3V95,B0CF5R3V95,"Audio Array AA-19 2in1 High & Low Profile Mic Stand | 71cm reach | Premium Metal design with Built In Cable Management | Flexible Position adjustments | 2Kg Weight Capacity |5/8"" to 3/8"" Screw Adapter",976.0,48.0,0.0143,0.0275,1363.0,72.0,0.0144,0.0293,0.1004,0.0851,9,4.0,0.0092,0.0833,29738.13559322034,15596.0,7.0,2.0,0,13,Audio_Array,5064.04,298.0,26803.0,32788.12,10.0,SP_SD,0.1544474035107837,6.474696092447927,,506.404,,,Audio Array,Microphone Accessories,Accessories,,,AA-19,9
FBA77171,AC-6XL,B0CH4VCD6R,B0CH4VCD6R,"Audio Array AC-6XL Mic Cable 6.35mm Jack Male to XLR 3PIN Female Cord Wire | Microphone/Guitar Cable | Black, 1pc Pack (6 Meter/19.6 Feet)",262.0,16.0,0.0038,0.0092,367.0,21.0,0.0039,0.0085,0.1779,0.3333,6,1.0,0.0229,0.0625,2791.5254237288136,549.0,6.0,1.0,0,13,Audio_Array,0.0,0.0,0.0,0.0,0.0,,,,,,,,Audio Array,Microphone Accessories,Accessories,,,AC-6XL,6
FBA79005,AM-W45,B0CKHVHVQ1,B0CKHVHVQ1,"Audio Array AM-W45 Wireless Conference Microphone with Speaker | Bluetooth, USB & 4 Mics | 360° Pickup Upto 4M | Noise Reduction & Enhanced Voice | Portable Speakerphone for Video Calls/Zoom Meeting",1061.0,113.0,0.0155,0.0648,1524.0,183.0,0.0161,0.0744,0.1047,0.0942,9,7.0,0.0085,0.0619,38700.94915254238,35469.12,6.0,4.0,0,13,Audio_Array,10964.33,477.0,69187.0,53802.58,13.0,SP_SD,0.2037881826484901,4.9070558802954665,,843.41,,,Audio Array,Microphone Conference,Wireless Conference Microphone,,,AM-W45,9
FBA79972,M8,B0GCP1J2HC,B0GCP1J2HC,"Audio Array M8 Latest 2026 Edition 8-Channel Hybrid USB Summing Mixer (6 Analog + 2 Digital) for Recording & Live, 192kHz/24-Bit OTG, 99 DSP FX, 4 XLR Mic Inputs, Phantom Power, Hi-Z & Monitoring",1884.0,46.0,0.0275,0.0264,2580.0,62.0,0.0273,0.0252,0.467,0.4848,5,0.0,0.0027,0.0,34317.79661016949,0.0,5.0,0.0,0,13,Audio_Array,7639.33,1087.0,97769.0,28596.6,6.0,SP_SD,0.2671411986040298,3.743338748293372,,1273.2216666666666,,,Audio Array,Mixers,8 channels Mixer,,,M8,5
FBA75675,AM-C3,B0B4G8ZB64,B0B4G8ZB64,"Audio Array AM-C3 XLR to TRS Dynamic Handheld Karaoke Microphone | Premium Metal Built with 3M Cable | Singing, Public Meetings, Studio Recording, Live Show, Party, Church, Wedding",242.0,4.0,0.0035,0.0023,379.0,9.0,0.004,0.0037,0.3333,0.5,5,0.0,0.0207,0.0,3809.322033898305,0.0,4.0,0.0,0,13,Audio_Array,1309.6,132.0,19592.0,3047.44,4.0,SP_SD,0.4297377470926417,2.327000610873549,,327.4,,,Audio Array,Microphone Dynamic,Vocal Microphone,,,AM-C3,5
FBA75677,AM-C5,B0B4KC7VBM,B0B4KC7VBM,"Audio Array AM-C5 USB Plug & Play Conference Mic for Mac OS & Windows | Conference, Recording, Skype, Online Class with Range Upto 5M | One Touch Mute Button & Light Indicator (NOT A Speaker)",559.0,40.0,0.0082,0.0229,760.0,55.0,0.008,0.0223,0.2555,0.1842,4,0.0,0.0072,0.0,7920.338983050848,0.0,4.0,0.0,0,13,Audio_Array,3067.71,155.0,27246.0,3938.99,2.0,SP_SD,0.7788062422092974,1.2840164161540693,,1533.855,,,Audio Array,Microphone Conference,Conference Microphone,,,AM-C5,4
FBA78960,AM-C39,B0CBCB82MT,B0CBCB82MT,"Audio Array AM-C39 XLR to 3.5mm Condenser Microphone Kit | Tripod, 2M Cable & Foam Filter | Compatible with Audio Interface, Mixer | Recording, Podcast, Streaming, Home Studio (Black)",455.0,10.0,0.0067,0.0057,658.0,12.0,0.007,0.0049,0.1529,0.0,4,0.0,0.0088,0.0,5759.322033898306,0.0,4.0,0.0,0,13,Audio_Array,2628.53,147.0,14103.0,11222.03,8.0,SP_SD,0.2342294575936796,4.269317831639737,,328.56625,,,Audio Array,Microphone Condenser,XLR Microphone Kit - Tripod,,,AM-C39,4
FBA79839,AH-45 BK,B0FQBXS6Y2,B0FQBXS6Y2,"Audio Array AH-45-BK Studio Monitoring & Live Recording Headphones | 20-20KHz, 32 Ω, 100dB SPL | 40mm Depp Bass Closed-Back Driver | 3m OFC Cable | 3.5mm + 6.3mm Adapter (Black)",797.0,11.0,0.0116,0.0063,1065.0,17.0,0.0113,0.0069,0.1433,0.2727,4,0.0,0.005,0.0,5081.35593220339,0.0,4.0,0.0,0,13,Audio_Array,6003.98,388.0,57761.0,31368.66,25.0,SP_SD,0.1914005889955133,5.22464431926822,,240.1592,,,Audio Array,DJ Headphone,DJ Headphone,,,AH-45 BK,4
FBA79903,AA-25M,B0FR5DLXH9,B0FR5DLXH9,"Audio Array AA-25 Metal Handheld Microphone Interview Adapter with Wind Shield for Wireless Lapel Microphones | Supports, Rode Go, DJI, Hollyland mics etc | Foam Cover with Built-in Cold Shoe Mount",174.0,8.0,0.0025,0.0046,236.0,12.0,0.0025,0.0049,0.9952,1.0,4,0.0,0.023,0.0,2776.2711864406783,0.0,4.0,0.0,0,13,Audio_Array,0.0,0.0,0.0,0.0,0.0,,,,,,,,Audio Array,Microphone Accessories,Accessories,,,AA-25M,4
FBA75681,AM-C7,B0B4FZS38V,B0B4FZS38V,"Audio Array AM-C7 USB 2 in 1 Plug & Play Condenser Microphone Kit with Boom Arm | 3.5 mm No Latency Monitoring, Volume Control & Mute Button| for Conference, Gaming, Podcasting & Live Streaming",163.0,1.0,0.0024,0.0006,226.0,1.0,0.0024,0.0004,1.0,1.0,3,0.0,0.0184,0.0,5717.796610169492,0.0,3.0,0.0,0,13,Audio_Array,196.12,18.0,3396.0,1905.93,1.0,SP_SD,0.1028998966383865,9.718182745258003,,196.12,,,Audio Array,Microphone Condenser,USB Microphone Kit - Boomarm,,,AM-C7,3
FBA79016,AM-C3A,B0CH4R1V6S,B0CH4R1V6S,"Audio Array AM-C3a Unidirectional Dynamic Handheld Karaoke Microphone | 20Hz - 20kHz Response | Karaoke Singing, Public Meetings, Studio Recording, Live Sound, Party (no Cable Included)",249.0,4.0,0.0036,0.0023,336.0,4.0,0.0036,0.0016,0.2441,0.0,6,0.0,0.0241,0.0,3173.728813559322,0.0,3.0,0.0,0,13,Audio_Array,0.0,0.0,0.0,0.0,0.0,SP_SD,,,,,,,Audio Array,Microphone Dynamic,Vocal Microphone,,,AM-C3A,6
FBA79107,AM-W17,B0CM9P5CCK,B0CM9P5CCK,"Audio Array AM-W17 Dual Wireless Lapel Mic|in-Built ANC, Plug N Play,Long Battery Life, Ultra-Low Latency,Upto 30M Range|Compatible with iPhone & Android|Vlogging, Streaming, Teaching,YouTube, Black",141.0,7.0,0.0021,0.004,173.0,8.0,0.0018,0.0033,0.6772,0.75,3,0.0,0.0213,0.0,4192.372881355933,0.0,3.0,0.0,0,13,Audio_Array,391.0,16.0,3267.0,0.0,0.0,SP_SD,,0.0,,,,,Audio Array,Microphone Wireless Lapel,Wireless Lapel Microphone,,,AM-W17,3
FBA79722,AM-W21,B0F2HYY7JF,B0F2HYY7JF,"Audio Array AM-W21 Dual Wireless Lapel Mic | TFT Card Recording, Noise Cancellation & Echo | Android, iOS, DSLR Camera, Laptops | 360° Pickup, Plug n Play, 60M Working Range, 48-Hour Battery Life",69.0,3.0,0.001,0.0017,132.0,4.0,0.0014,0.0016,1.0,1.0,3,0.0,0.0435,0.0,4913.559322033899,0.0,3.0,0.0,0,13,Audio_Array,795.37,32.0,11291.0,2456.78,1.0,SP_SD,0.3237449018634147,3.088851729383809,,795.37,,,Audio Array,Microphone Wireless Lapel,Wireless Lapel Microphone,,,AM-W21,3
FBA79841,AH-60 BL,B0FQBTRM28,B0FQBTRM28,"Audio Array AH-60-BL, 60Ω, Professional Monitoring Headphones | 53mm Drivers | 10Hz–30KHz | 105dB SPL | Closed-Back, DJ & Studio | 3m Cable with 3.5mm & 6.3mm Plugs (Blue)",284.0,3.0,0.0042,0.0017,406.0,3.0,0.0043,0.0012,0.2888,0.0,3,0.0,0.0106,0.0,4937.28813559322,0.0,3.0,0.0,0,13,Audio_Array,3331.21,184.0,34979.0,11616.93,8.0,SP_SD,0.2867547622306409,3.4873004103614003,,416.40125,,,Audio Array,DJ Headphone,DJ Headphone,,,AH-60 BL,3
FBA75687,AM-W11,B0B4G5ZLTB,B0B4G5ZLTB,"Audio Array AM-W11 Wireless Mic | Upto 4hr Battery & 60m Range | Volume & Mute Buttons with Indicators | Streaming, Vlogging, YouTube | 1x Lapel mic, Type C Adapter for Plug & Play | 2 Year Warranty",82.0,10.0,0.0012,0.0057,131.0,32.0,0.0014,0.013,0.9913,1.0,2,1.0,0.0244,0.1,3727.1186440677966,2199.0,2.0,1.0,0,13,Audio_Array,0.0,0.0,0.0,0.0,0.0,SP_SD,,,,,,,Audio Array,Microphone Wireless Lapel,Wireless Microphone,,,AM-W11,2
FBA76742,AM-K1,B0BLKBJ5HN,B0BLKBJ5HN,"Audio Array AM-K1 Instrument Drum Microphone Kit | Stage Performance & Professional Studio Recording Quality | 1 Kick Drum Mic, 2 Tom Mics, 2 Overhead Condenser Mics with Standard Mounting Accessories",144.0,0.0,0.0021,0.0,209.0,0.0,0.0022,0.0,1.0,0.0,2,0.0,0.0139,0.0,16269.49152542373,0.0,2.0,0.0,0,13,Audio_Array,598.73,69.0,4235.0,8134.75,1.0,SP_SD,0.0736015243246565,13.586675129023098,,598.73,,,Audio Array,Instrument Microphone Kit,Instrument Microphone - Drum Kit,,,AM-K1,2
FBA76862,AM-C28,B0BPLWW72Y,B0BPLWW72Y,Audio Array AM-C28 USB Plug & Play Conference Microphone | Omni Directional Pickup Upto 3M | Mic Mute Button | No Drivers Condenser USB Type-C | Ideal for Meetings & Video Calling (Not a Speaker),821.0,48.0,0.012,0.0275,1110.0,62.0,0.0117,0.0252,0.1434,0.1458,2,1.0,0.0024,0.0208,2625.42372881356,1549.0,2.0,1.0,0,13,Audio_Array,7226.93,312.0,40484.0,7876.26,6.0,SP_SD,0.9175585874514046,1.089848663263654,,1204.4883333333337,,,Audio Array,Microphone Conference,Conference Microphone,,,AM-C28,2
FBA79904,PB-10 (AM-C2+AI-04+AH-60-BL),B0FTVQQVDC,B0FTVQQVDC,"Audio Array Professional Studio Recording Bundle – XLR Condenser Mic Kit, 2x2 USB Audio Interface, Closed-Back Headphone, Boom Arm, Pop Filter & 48V Phantom Power| 24-bit/192kHz Podcast Kit - PB-10",1013.0,15.0,0.0148,0.0086,1391.0,16.0,0.0147,0.0065,0.3623,0.5,2,0.0,0.002,0.0,16947.457627118645,0.0,2.0,0.0,0,13,Audio_Array,3209.39,308.0,35810.0,0.0,0.0,SP_SD,,0.0,,,,,Audio Array,Bundles,PB-10,,,PB-10 (AM-C2+AI-04+AH-60-BL),2
FBA79909,AM-W20,B0FVM17Q4W,B0FVM17Q4W,"Audio Array AM-W20 Magnetic Wireless Lapel Microphone Set | One Touch Smart Noise Reduction | 48KHz/24Bit Hi-fi Recording | 50M Range | 800mAh 48Hrs Long Battery Backup | Vlogging, Podcast, Streaming",50.0,1.0,0.0007,0.0006,78.0,4.0,0.0008,0.0016,1.0,0.0,2,0.0,0.04,0.0,3388.135593220339,0.0,2.0,0.0,0,13,Audio_Array,393.05,31.0,3781.0,1694.07,1.0,SP_SD,0.2320152059832238,4.310062333036509,,393.05,,,Audio Array,Microphone Wireless Lapel,Wireless Lapel Microphone,,,AM-W20,2
FBA79959,AM-W47 WIRED,B0G39ZHDYP,B0G39ZHDYP,"Audio Array Wired Voice Amplifier 2026 Edition | Bluetooth 5.3 | Wired Headset Mic with 10W Speaker for Teachers, Tour Guides | 10Hrs Battery Life |1 Click Monitoring | TWS Connectivity AM-W47 Wired",102.0,4.0,0.0015,0.0023,138.0,7.0,0.0015,0.0028,0.5826,0.7143,2,0.0,0.0196,0.0,2032.2033898305085,0.0,2.0,0.0,0,13,Audio_Array,387.61,33.0,9731.0,0.0,0.0,SP_SD,,0.0,,,,,Audio Array,Voice Amplifier,Wired Voice Amplifier,,,AM-W47 WIRED,2
FBA80007,MT-12,B0GN2LHJY4,B0GN2LHJY4,"Audio Array MT-12 12 Analog+2 Digital Channel Hybrid Analog+USB Mixer, 48kHz DSP, 4 XLR & 8 TRS Inputs, 3-Band EQ, +48V Phantom, 24dBu Balanced XLR Out, Graphical EQ, Type-C Power, Studio & Streaming",682.0,11.0,0.01,0.0063,955.0,14.0,0.0101,0.0057,0.7995,1.0,2,0.0,0.0029,0.0,14405.084745762711,0.0,2.0,0.0,0,13,Audio_Array,3965.23,589.0,74735.0,7626.27,1.0,SP_SD,0.5199435634982763,1.9232856606048077,,3965.23,,,Audio Array,Mixers,12 channels Mixer,,,MT-12,2
FBA75674,AM-C2,B0B4G19R58,B0B4G19R58,"Audio Array AM-C2 XLR Condenser Microphone Kit | Boom Arm, 2M Cable, Pop Filter & Mic Cover | Compatible with Audio Interface, Mixer & preamp | Recording, Podcasting, Streaming, Home Studio (Black)",638.0,13.0,0.0093,0.0075,853.0,14.0,0.009,0.0057,0.0258,0.0,1,0.0,0.0016,0.0,3261.8644067796613,0.0,1.0,0.0,0,13,Audio_Array,1965.78,146.0,28306.0,9421.18,3.0,SP_SD,0.2086553913628653,4.7925912360487954,,655.26,,,Audio Array,Microphone Condenser,XLR Microphone Kit - Boomarm,,,AM-C2,1
FBA75691,AM-W14,B0B4G5JG4P,B0B4G5JG4P,"Audio Array AM-W14 UHF Dual Wireless Premium Metal Microphone | 2X XLR Outs & 1/4"" Mix Out | Range up to 200ft/60m | Karaoke Singing, Wedding, DJ, Church | PA System, Amplifier, Mixer, Party Box",732.0,13.0,0.0107,0.0075,989.0,27.0,0.0105,0.011,0.2912,0.0476,1,0.0,0.0014,0.0,5507.627118644068,0.0,1.0,0.0,0,13,Audio_Array,311.1,32.0,3719.0,0.0,0.0,SP_SD,,0.0,,,,,Audio Array,Microphone Wireless Handheld,Wireless Microphone,,,AM-W14,1
FBA75684,AA-04,B0B4G7VWXD,B0B4G7VWXD,"Audio Array AA-04 Metal Spider Shock Mount for Condenser Microphone | Anti Vibration, Suspension, Isolation | 4 Size Bottom Screws & Extra Replacement Elastic Bands | Recommended For Rode, Samson, etc",113.0,3.0,0.0017,0.0017,156.0,7.0,0.0017,0.0028,0.1812,0.0,1,0.0,0.0088,0.0,1482.2033898305085,0.0,1.0,0.0,0,13,Audio_Array,0.0,0.0,0.0,0.0,0.0,,,,,,,,Audio Array,Microphone Accessories,Accessories,,,AA-04,1
FBA75683,AA-03,B0B4G94VP3,B0B4G94VP3,"Audio Array AA-03 Double Layer Professional Pop Filter | Flexible 360° Free Angle Adjustable, Durable Windshield | Metal Gooseneck Stabilizing Arm Holder with 32cm Arm Length | Suitable for Recording.",84.0,4.0,0.0012,0.0023,106.0,5.0,0.0011,0.002,0.0396,0.0,1,0.0,0.0119,0.0,465.2542372881357,0.0,1.0,0.0,0,13,Audio_Array,860.27,54.0,5999.0,5118.64,10.0,SP_SD,0.1680661269399684,5.950038941262627,,86.027,,,Audio Array,Microphone Accessories,Accessories,,,AA-03,1
FBA75690,AM-C10,B0B4K87PR4,B0B4K87PR4,Audio Array AM-C10 USB Plug & Play Conference Microphone with Speaker | Omni Directional Pickup Upto 4M | Speaker and Mic Mute Buttons | Volume Control & Mute Button | Ideal for Meeting & Video Call,220.0,16.0,0.0032,0.0092,317.0,22.0,0.0034,0.0089,0.0935,0.0,1,0.0,0.0045,0.0,3388.983050847458,0.0,1.0,0.0,0,13,Audio_Array,2435.82,82.0,27326.0,15442.49,7.0,SP_SD,0.157734924872867,6.339750063633601,,347.9742857142857,,,Audio Array,Microphone Conference,Conference Microphone,,,AM-C10,1
FBA76723,AM-C20,B0BLKF46QG,B0BLKF46QG,"Audio Array AM-C20 USB Microphone | Unique Tilt Stand & one Touch Mute | Plug n Play, No Latency Cardioid Pickup | for PC, Smartphones, iOS | Gaming, Streaming, Podcasts, Twitch, YouTube, Discord",58.0,1.0,0.0008,0.0006,81.0,1.0,0.0009,0.0004,0.1806,1.0,1,0.0,0.0172,0.0,1143.2203389830509,0.0,1.0,0.0,0,13,Audio_Array,0.0,0.0,0.0,0.0,0.0,SP_SD,,,,,,,Audio Array,Microphone Condenser,USB Microphone Kit - Tripod,,,AM-C20,1
FBA76863,AI-03,B0BPM2T7BQ,B0BPM2T7BQ,"Audio Array AI-03 Professional Sound Card with Bluetooth | Podcast Production Setup with 4 mic input & 4 outputs | +48V phantom power, PC/Mac connectivity | 6-8hr Battery | Streaming, Singing & Gaming",546.0,7.0,0.008,0.004,730.0,11.0,0.0077,0.0045,0.105,0.125,1,0.0,0.0018,0.0,3304.237288135593,0.0,1.0,0.0,0,13,Audio_Array,0.0,0.0,0.0,0.0,0.0,,,,,,,,Audio Array,Audio Interface,Audio Interface,,,AI-03,1
FBA78975,AA-21,B0CF5TCQKL,B0CF5TCQKL,"Audio Array AA-21 Desktop Mount Speaker Stands | 15KG Capacity | Height, Tilt & Rotation Adjustable | Smart Cable Management | for Sound Editing, Gaming, Music Production | Black (Set of 2)",822.0,39.0,0.012,0.0224,1144.0,57.0,0.0121,0.0232,0.0901,0.12,1,0.0,0.0012,0.0,3177.1186440677966,0.0,1.0,0.0,0,13,Audio_Array,2485.02,209.0,14136.0,40751.75,13.0,SP_SD,0.060979467139448,16.398962583802142,,191.1553846153846,,,Audio Array,Microphone Accessories,Accessories,,,AA-21,1
FBA79009,AM-C41,B0CH4PMR8K,B0CH4PMR8K,"Audio Array AM-C41 Plug & Play AI Noise Cancellation USB Condenser Microphone | Mute Button/Echo/Volume Knob | Kit with Tripod, Mic Cover | Gaming, Streaming, Podcast | Mac/PC/Laptop/Mobile",163.0,2.0,0.0024,0.0011,251.0,3.0,0.0027,0.0012,0.3,0.0,1,0.0,0.0061,0.0,1355.084745762712,0.0,1.0,0.0,0,13,Audio_Array,536.55,75.0,6901.0,2710.16,2.0,SP_SD,0.1979772411960917,5.051085639735346,,268.275,,,Audio Array,Microphone Condenser,USB Microphone Kit - Tripod,,,AM-C41,1
FBA79104,AI-11,B0CM6NVLT9,B0CM6NVLT9,"Audio Array AI-11 USB Bluetooth Soundcard, 1Ch Mixer, Audio Interface | 2 Condenser In, 2 Out |2 Live Out+1 Accompany In | OTG for mobile and PC/MAC | Effects | Streaming, Podcasting, Gaming, Singing",960.0,14.0,0.014,0.008,1353.0,18.0,0.0143,0.0073,0.1278,0.25,1,0.0,0.001,0.0,1312.7118644067798,0.0,1.0,0.0,0,13,Audio_Array,3993.52,398.0,47661.0,7960.15,7.0,SP_SD,0.5016890385231434,1.993266591878844,,570.5028571428571,,,Audio Array,Audio Interface,Audio Interface,,,AI-11,1
FBA79654,AM-C11 PRO,B0DN6MNS1X,B0DN6MNS1X,"Audio Array AM-C11 Pro XLR/USB Professional Dynamic Mic Kit | Premium Metal 96kHz/24bit Studio Quality | 2M XLR & USB Cables,Volume Control,Mute & Realtime Monitoring | Streaming,Gaming & podcasting",238.0,7.0,0.0035,0.004,335.0,9.0,0.0035,0.0037,0.0,0.0,1,0.0,0.0042,0.0,4405.932203389831,0.0,1.0,0.0,0,13,Audio_Array,2628.12,101.0,19035.0,10550.35,3.0,SP_SD,0.2491026364054273,4.014409539899243,,876.04,,,Audio Array,Bundles,Bundles,,,AM-C11 PRO,1
FBA79694,AA-26,B0DT6T6N6B,B0DT6T6N6B,"Audio Array AA-26 Tabletop Metal Microphone Stand | Extendable height up to 22cm | Studio Sound Recording, Streaming, Podcasting, Singing | Stylish Sturdy Metal Design to last long, flat base",626.0,28.0,0.0091,0.0161,880.0,38.0,0.0093,0.0154,0.1171,0.0,1,0.0,0.0016,0.0,592.3728813559322,0.0,1.0,0.0,0,13,Audio_Array,881.64,90.0,4501.0,4187.25,9.0,SP_SD,0.2105534658785599,4.749387505104124,,97.96,,,Audio Array,Microphone Accessories,Accessories,,,AA-26,1
FBA79482,AM-S1,B0DXFPM4N2,B0DXFPM4N2,"Audio Array AM-S1 |Professional 4"" Studio Monitor Speaker Pair| 60W Class D Amplification,Woven Composite Woofer,1.5"" Silk-Dome Tweeter,EQ Controls|Music/Monitor Mode, Aux, HDMI, USB C, TRS, RCA",4698.0,87.0,0.0687,0.0499,6534.0,135.0,0.0692,0.0549,0.1323,0.0513,1,0.0,0.0002,0.0,7456.77966101695,0.0,1.0,0.0,0,13,Audio_Array,31332.42,2928.0,305268.0,230437.29,35.0,SP_SD,0.1359693997442861,7.354595974393296,,895.212,,,Audio Array,Monitor Speakers,Studio Monitor Speaker,,,AM-S1,1
FBA79708,SB-01,B0FFB6YJM1,B0FFB6YJM1,"Audio Array SB-01 | Bluetooth Soundbar 25W, Gaming RGB Lights, AUX, Bluetooth, USB, FM & TWS I Fast Charge Battery, Multiport Connectivity, BT Speaker for TV, Mobile, PC, Laptops, Tablets Black",131.0,8.0,0.0019,0.0046,164.0,13.0,0.0017,0.0053,0.131,0.0,1,0.0,0.0076,0.0,1143.2203389830509,0.0,1.0,0.0,0,13,Audio_Array,220.85,73.0,7561.0,0.0,0.0,SP_SD,,0.0,,,,,Audio Array,Sound Bar,Sound Bar,,,SB-01,1
FBA79825,GB-02 (AM-C43 + AI-11),B0FJ2DT13L,B0FJ2DT13L,"Audio Array All in 1 Pro Bundle | Condenser Mic with USB Bluetooth Soundcard Mixer | Complete Setup for Streaming, Podcasting, Gaming, Singing & Home Studio Recording - GB-02",210.0,4.0,0.0031,0.0023,261.0,6.0,0.0028,0.0024,0.434,0.6,1,0.0,0.0048,0.0,3304.237288135593,0.0,1.0,0.0,0,13,Audio_Array,0.0,0.0,0.0,0.0,0.0,,,,,,,,Audio Array,Bundles,GB-02,,,GB-02 (AM-C43 + AI-11),1
FBK79708,SB-01,B0FJS7JZ4V,B0FJS7JZ4V,"Audio Array SB-01 25W | 2.0 Sound Bar Speaker | BT v5.3 AUX, USB, TF Card, TWS Connectivity | Inbuilt FM Radio | Build in Mics | Dynamic LED Lights",315.0,6.0,0.0046,0.0034,429.0,13.0,0.0045,0.0053,0.9948,1.0,1,0.0,0.0032,0.0,846.6101694915254,0.0,1.0,0.0,0,13,Audio_Array,789.64,152.0,23639.0,846.61,1.0,SP_SD,0.9327080946362551,1.072146801073907,,789.64,,,Audio Array,Sound Bar,Sound Bar,,,SB-01,1
FBK79009,AM-C41,B0FLYHJ6DK,B0FLYHJ6DK,"Audio Array AM-C41 Plug & Play AI Noise Cancellation USB Condenser Microphone | Mute Button/Echo/Volume Knob | Kit with Tripod, Mic Cover | Gaming, Streaming, Podcast | Mac/PC/Laptop/Mobile",152.0,1.0,0.0022,0.0006,198.0,1.0,0.0021,0.0004,0.4571,1.0,1,1.0,0.0066,1.0,1380.5084745762713,1629.0,1.0,1.0,0,13,Audio_Array,0.0,0.0,0.0,0.0,0.0,,,,,,,,Audio Array,Microphone Condenser,USB Microphone Kit - Tripod,,,AM-C41,1
FBK79010,AM-C42,B0FLYJFC22,B0FLYJFC22,"Audio Array AM-C42 Plug & Play AI Noise Cancelling USB Condenser Microphone | Mute Button/Echo/Volume Knob | Kit with Boom Arm & Pop Filter | Karaoke, Gaming, Streaming, Podcast | Mac/PC/Mobile",61.0,2.0,0.0009,0.0011,96.0,2.0,0.001,0.0008,0.5128,0.5,1,0.0,0.0164,0.0,1990.6779661016951,0.0,1.0,0.0,0,13,Audio_Array,371.28,24.0,5856.0,5972.04,3.0,SP_SD,0.0621697108525729,16.085003232062057,,123.76,,,Audio Array,Microphone Condenser,USB Microphone Kit - Boomarm,,,AM-C42,1
FBA79845,UB-02 (AM-S1 + AA-21),B0FN7B3KWS,B0FN7B3KWS,"Audio Array Studio Monitor Bundle with 60W Powered Speakers & Adjustable Metal Stands | Bluetooth, HDMI ARC, USB-C, RCA Inputs | Professional Studio Monitors for Home Studio, Streaming & Gaming-UB-02",464.0,10.0,0.0068,0.0057,543.0,11.0,0.0057,0.0045,1.0,1.0,1,0.0,0.0022,0.0,9829.661016949152,0.0,1.0,0.0,0,13,Audio_Array,1208.3,138.0,16256.0,9829.66,1.0,SP_SD,0.122923885465011,8.135115451460731,,1208.3,,,Audio Array,Bundles,UB-02,,,UB-02 (AM-S1 + AA-21),1
FBA79840,AH-60 RD,B0FQBWV1ST,B0FQBWV1ST,"Audio Array AH-60-RD Semi-Open Back DJ Headphones | 50mm Drivers Delivers Dynamic Balanced Output | 15Hz–25kHz, 32Ω, 100dB SPL, 1200mW | 3m OFC Single-Sided Cable with Screw-On 3.5mm + 6.3mm Plug",411.0,4.0,0.006,0.0023,528.0,4.0,0.0056,0.0016,0.1253,0.0,1,0.0,0.0024,0.0,1651.6949152542377,0.0,1.0,0.0,0,13,Audio_Array,1488.7,113.0,17149.0,3382.2,2.0,SP_SD,0.4401572940689492,2.2719150937059176,,744.35,,,Audio Array,DJ Headphone,DJ Headphone,,,AH-60 RD,1
FBA79838,AH-40 SL,B0FQBX8J17,B0FQBX8J17,"Audio Array AH-40-SL Wired Over-Ear Headphones | 40mm Drivers, 15-22KHz, 32Ω, 105dB SPL Sound, Studio Monitoring, Gaming, Live Music Headset with 3.5mm + 6.3mm Plug Compatibility",748.0,16.0,0.0109,0.0092,1053.0,20.0,0.0111,0.0081,0.2452,0.0,1,0.0,0.0013,0.0,1143.2203389830509,0.0,1.0,0.0,0,13,Audio_Array,8451.02,498.0,86428.0,13676.26,12.0,SP_SD,0.6179335578586543,1.6182969629701502,,704.2516666666667,,,Audio Array,DJ Headphone,DJ Headphone,,,AH-40 SL,1
FBA79969,UB-03 (AM-S1 + AA-22),B0G3B677Z5,B0G3B677Z5,"Audio Array Studio Monitor Bundle with 60W Powered Speakers & Adjustable Metal Stands | Bluetooth, HDMI ARC, USB-C, RCA Inputs | Professional Studio Monitors for Home Studio, Streaming & Gaming-UB-03",428.0,6.0,0.0063,0.0034,493.0,9.0,0.0052,0.0037,0.7199,0.8333,1,0.0,0.0023,0.0,9744.915254237289,0.0,1.0,0.0,0,13,Audio_Array,1448.94,149.0,15543.0,17201.7,2.0,SP_SD,0.0842323723817994,11.871920162325562,,724.47,,,Audio Array,Bundles,UB-03,,,UB-03 (AM-S1 + AA-22),1
FBA79842,AM-C48,B0G4DNF8RZ,B0G4DNF8RZ,"Audio Array AM-C48 XLR/USB Professional Full RGB Dynamic Microphone Kit | AI Noise Cancellation | Touch & Knob Controls | Built-in Headphone Monitoring | Podcasting, Recording, Streaming, YouTube",250.0,3.0,0.0037,0.0017,365.0,4.0,0.0039,0.0016,0.1682,0.25,1,0.0,0.004,0.0,2795.762711864407,0.0,1.0,0.0,0,13,Audio_Array,2910.72,118.0,14392.0,2244.92,1.0,SP_SD,1.2965807244801597,0.7712593447669306,,2910.72,,,Audio Array,Microphone Dynamic,Microphone Dynamic,,,AM-C48,1
FBA79961,AI-13,B0G53H49BS,B0G53H49BS,"Audio Array AI-13 2026 Edition 4-Channel Hybrid USB Summing Mixer 4 Analog+2 Digital, 48kHz/16-Bit, 2XLR Mic Inputs,TRS Stereo In, 48V Phantom, Hi-Z,2 Band EQ,Monitoring,Amp Out, USB-C Power",789.0,14.0,0.0115,0.008,1097.0,17.0,0.0116,0.0069,0.002,0.0,1,0.0,0.0013,0.0,0.0,0.0,1.0,0.0,0,13,Audio_Array,15597.33,1925.0,127206.0,60402.58,25.0,SP_SD,0.2582229103458826,3.8726230707435194,,623.8932,,,Audio Array,Mixers,4 channels Mixer,,,AI-13,1
FBA79968,AI-14,B0G53M9258,B0G53M9258,"Audio Array AI-14 8-Channel Hybrid USB Audio Mixer with 8 Analog + 2 Digital Inputs, 48kHz/16-Bit Processing, +50dB Gain, Combo XLR, Phantom Power, Hi-Z, 3-Band EQ, 99 DSP FX, Balanced XLR Output",207.0,3.0,0.003,0.0017,300.0,4.0,0.0032,0.0016,0.3769,0.0,1,0.0,0.0048,0.0,5507.627118644068,0.0,1.0,0.0,0,13,Audio_Array,0.0,0.0,0.0,0.0,0.0,,,,,,,,Audio Array,Mixers,8 channels Mixer,,,AI-14,1
FBA75676,AM-C4,B0B4DS678Q,B0B4DS678Q,"Audio Array AM-C4 USB Plug & Play Condenser Microphone with Tripod, Pop-Filter & Shock Mount | for Conference, Gaming, Podcasting, Voice Over, YouTube, Skype, Zoom & Live Streaming on iOS,Windows",185.0,3.0,0.0027,0.0017,292.0,3.0,0.0031,0.0012,0.5902,0.0,0,0.0,0.0,0.0,0.0,0.0,0.0,0.0,0,13,Audio_Array,343.73,48.0,6192.0,1380.51,1.0,SP_SD,0.2489876929540532,4.016262764379018,,343.73,,,Audio Array,Microphone Condenser,USB Microphone Kit - Tripod,,,AM-C4,0
FBA75692,AM-C11,B0B4G1HPL5,B0B4G1HPL5,"Audio Array AM-C11 XLR/USB Dynamic Podcast Microphone | Built-in Monitoring | One Touch Mute and Volume Control | Premium Metal Build | 2M XLR & USB Cable | Streaming, Gaming, Podcasting, Singing",290.0,8.0,0.0042,0.0046,389.0,14.0,0.0041,0.0057,0.2145,0.2222,0,0.0,0.0,0.0,0.0,0.0,0.0,0.0,0,13,Audio_Array,1700.72,82.0,16578.0,9236.79,3.0,SP_SD,0.1841245714149612,5.431105649372031,,566.9066666666666,,,Audio Array,Microphone Dynamic,USB/XLR Dynamic Mic,,,AM-C11,0
FBA75680,AM-C6,B0B4G1PXWV,B0B4G1PXWV,"Audio Array AM-C6 USB Plug & Play Condenser Microphone Kit | with pop-Filter & Shock Mount | 3.5 mm No Latency Monitoring, Volume Control & Mute Button | Gaming, Podcasting & Streaming",282.0,4.0,0.0041,0.0023,387.0,4.0,0.0041,0.0016,0.2991,0.0,0,0.0,0.0,0.0,0.0,0.0,0.0,0.0,0,13,Audio_Array,717.11,75.0,11920.0,6733.889999999999,4.0,SP_SD,0.106492681050626,9.390316687816371,,179.2775,,,Audio Array,Microphone Condenser,USB Microphone Kit - Tripod,,,AM-C6,0
FBA75689,AM-W13,B0B4G59Y8W,B0B4G59Y8W,"Audio Array AM-W13 UHF Wireless Premium Metal Microphone | 4+ Hours Receiver Battery Backup | Range up to 60m | Karaoke Singing, Wedding, DJ | Compatible with PA System, Amplifier, Mixer, Party Box",289.0,11.0,0.0042,0.0063,398.0,13.0,0.0042,0.0053,0.3823,0.1111,0,0.0,0.0,0.0,0.0,0.0,0.0,0.0,0,13,Audio_Array,3087.63,216.0,38058.0,3050.08,1.0,SP_SD,1.0123111524943609,0.9878385687404254,,3087.63,,,Audio Array,Microphone Wireless Handheld,Wireless Microphone,,,AM-W13,0
FBA75688,AM-W12,B0B4G763WS,B0B4G763WS,"Audio Array AM-W12 UHF Dual Wireless Premium Metal Microphones | 4+ Hours Receiver Battery Backup | Range up to 60m| Karaoke Singing, Wedding, DJ, Church | PA System, Amplifier, Mixer, Party Box, etc",197.0,8.0,0.0029,0.0046,261.0,9.0,0.0028,0.0037,0.0837,0.0,0,0.0,0.0,0.0,0.0,0.0,0.0,0.0,0,13,Audio_Array,141.43,21.0,2384.0,0.0,0.0,SP_SD,,0.0,,,,,Audio Array,Microphone Wireless Handheld,Wireless Microphone,,,AM-W12,0
FBA75678,AA-01,B0B4G8PH2P,B0B4G8PH2P,"Audio Array AA-01 Suspension Boom Scissor Microphone Stand | Double Layer Mesh Pop Filter | 70cm Sturdy Boom Arm with 1.8kg Capacity | 5/8"" to 3/8"" Screw Adapter | Mic Holder, Foam Cover, Cable Ties",189.0,10.0,0.0028,0.0057,255.0,11.0,0.0027,0.0045,0.214,0.4286,0,0.0,0.0,0.0,0.0,0.0,0.0,0.0,0,13,Audio_Array,1080.37,46.0,15209.0,9287.75,6.0,SP_SD,0.1163220370918683,8.596823310532503,,180.06166666666664,,,Audio Array,Microphone Accessories,Accessories,,,AA-01,0
FBA75679,AA-02,B0B4JRQP22,B0B4JRQP22,"Audio Array AA-02 3-Panel Curved Isolation Shield with Insulation, Absorption & Reflection Filter | 3/8"" and 5/8"" Universal Mic Mount for Recording Studio, Podcasts, Singing & Broadcasting",345.0,13.0,0.005,0.0075,451.0,18.0,0.0048,0.0073,0.1401,0.0,0,0.0,0.0,0.0,0.0,0.0,0.0,0.0,0,13,Audio_Array,0.0,0.0,0.0,0.0,0.0,,,,,,,,Audio Array,Microphone Accessories,Accessories,,,AA-02,0
FBA76716,AM-C13,B0BLK8DNPD,B0BLK8DNPD,Audio Array AM-C13 Condenser Lapel Microphone | 6M Shielded Cable | Metal Build | Plug n Play Mobile & DSLR Support | 3.5mm Connector | Omnidirectional Pickup | Hard Case Included | 1 Year Warranty.,7.0,0.0,0.0001,0.0,10.0,0.0,0.0001,0.0,1.0,0.0,0,0.0,0.0,0.0,0.0,0.0,0.0,0.0,0,13,Audio_Array,0.0,0.0,0.0,0.0,0.0,,,,,,,,Audio Array,Microphone Lapel,Lavalier Microphone,,,AM-C13,0
FBA77011,AM-C29,B0BPMN89NG,B0BPMN89NG,"Audio Array AM-C29 4 Pickup Pattern Professional USB Plug & Play Condenser Microphone | 3.5 mm No Latency Monitoring, Volume Control & Mute Button | For Conference, Gaming, Podcasting & Live Streaming",8.0,0.0,0.0001,0.0,9.0,0.0,0.0001,0.0,1.0,0.0,0,0.0,0.0,0.0,0.0,0.0,0.0,0.0,0,13,Audio_Array,0.0,0.0,0.0,0.0,0.0,,,,,,,,Audio Array,Microphone Condenser,USB Microphone Kit - Tripod,,,AM-C29,0
FBA76597,AA-06,B0BQ7H7418,B0BQ7H7418,"Audio Array AA-06 Microphone Boom Arm with 35cm+35cm=70cm Adjustable Suspension Scissor Arm Stand, Shock Mount, Base Clamp, Pop-Filter, 3/8"" to 5/8"" Universal Screw Adapter, 4x Cable Ties",146.0,6.0,0.0021,0.0034,213.0,8.0,0.0023,0.0033,0.0615,0.0,0,0.0,0.0,0.0,0.0,0.0,0.0,0.0,0,13,Audio_Array,663.22,63.0,7718.0,2201.7,2.0,SP_SD,0.301230867057274,3.319712915774554,,331.61,,,Audio Array,Microphone Accessories,Accessories,,,AA-06,0
FBA78203,AM-C30,B0C4YTNJG7,B0C4YTNJG7,"Audio Array AM-C30 Metal RGB Professional USB Microphone | One-Touch Mute, Gain & No-Latency Monitoring Controls | Shock Mount and Tripod | for PC/Mobile, Gaming, Streaming, Podcasting & Voiceover",33.0,1.0,0.0005,0.0006,47.0,1.0,0.0005,0.0004,0.0,0.0,0,0.0,0.0,0.0,0.0,0.0,0.0,0.0,0,13,Audio_Array,159.53,13.0,2300.0,0.0,0.0,SP_SD,,0.0,,,,,Audio Array,Microphone Condenser,RGB USB Microphone Kit - Tripod,,,AM-C30,0
FBA78420,AM-C33,B0C5957W3P,B0C5957W3P,"Audio Array AM-C33 Lapel Microphone | 1M Long, Strong Cable | 3.5mm TRRS | 3.5mm TRRS Port & TRRS to TRS Adapter | Omnidirectional Pickup | Mic Cover & Leather Carry Bag Included | 1 Year Warranty",7.0,0.0,0.0001,0.0,8.0,0.0,0.0001,0.0,1.0,0.0,0,0.0,0.0,0.0,0.0,0.0,0.0,0.0,0,13,Audio_Array,0.0,0.0,0.0,0.0,0.0,,,,,,,,Audio Array,Microphone Lapel,Lavalier Microphone,,,AM-C33,0
FBA78925,AM-C11X,B0CBC7QMNV,B0CBC7QMNV,"Audio Array AM-C11X XLR Dynamic Microphone | Studio-quality Audio Output | Cardioid Polar Pattern | Premium Metal Build | 2 Meter XLR cable | for Streaming, Gaming, Podcasting, Singing | 2 Yr Warranty",294.0,10.0,0.0043,0.0057,378.0,16.0,0.004,0.0065,0.2241,0.1111,0,0.0,0.0,0.0,0.0,0.0,0.0,0.0,0,13,Audio_Array,5065.21,191.0,24322.0,9279.17,3.0,SP_SD,0.5458688654265413,1.831941814850717,,1688.4033333333334,,,Audio Array,Microphone Dynamic,XLR Dynamic Mic,,,AM-C11X,0
FBA78961,AM-C40,B0CBCB9S14,B0CBCB9S14,"Audio Array AM-C40 Large Diaphragm USB Condenser Microphone Kit | Boom Arm & Pop-Filter | 96kHz/24bit No Latency Headphone Monitoring with Mute & Volume Control Knob | Singing, Podcasting & Streaming",85.0,2.0,0.0012,0.0011,145.0,2.0,0.0015,0.0008,0.3053,0.0,0,0.0,0.0,0.0,0.0,0.0,0.0,0.0,0,13,Audio_Array,760.91,52.0,11489.0,0.0,0.0,SP_SD,,0.0,,,,,Audio Array,Microphone Condenser,Condenser Mic with Boom Arm,,,AM-C40,0
FBA78974,AA-20,B0CF5RRTDJ,B0CF5RRTDJ,"Audio Array AA-20 Microphone Arm Stand | 81cm Reach | Premium light weight & slick design | Flexible height & position adjustments | 1kg Weight Capacity | 5/8"" to 3/8"" Screw Adapter | Cable Ties",107.0,3.0,0.0016,0.0017,135.0,4.0,0.0014,0.0016,0.3571,0.5,0,0.0,0.0,0.0,0.0,0.0,0.0,0.0,0,13,Audio_Array,147.64,14.0,830.0,0.0,0.0,SP_SD,,0.0,,,,,Audio Array,Microphone Accessories,Accessories,,,AA-20,0
FBA78976,AA-22,B0CF5SHL15,B0CF5SHL15,"Audio Array AA-22 Desktop Mount Speaker Stands | 15KG Capacity | Height, Tilt & Rotation Adjustable | Smart Cable Management | for Sound Editing, Gaming, Music Production | Red (Set of 2)",328.0,12.0,0.0048,0.0069,382.0,14.0,0.004,0.0057,0.1387,0.4,0,0.0,0.0,0.0,0.0,0.0,0.0,0.0,0,13,Audio_Array,0.0,0.0,0.0,0.0,0.0,,,,,,,,Audio Array,Microphone Accessories,Accessories,,,AA-22,0
FBA79011,AM-C43,B0CH4RNWJX,B0CH4RNWJX,"Audio Array AM-C43 XLR to 3.5mm Professional Condenser Microphone Kit | Boom Arm, 2M Cable & Foam Filter | Compatible with Audio Interface, Mixer | Recording, Podcast, Streaming, Home Studio (Black)",1175.0,28.0,0.0172,0.0161,1753.0,40.0,0.0186,0.0163,0.0145,0.0,0,0.0,0.0,0.0,0.0,0.0,0.0,0.0,0,13,Audio_Array,10973.97,694.0,99626.0,39566.62,21.0,SP_SD,0.2773542445627147,3.605497372418551,,522.5699999999999,,,Audio Array,Microphone Condenser,XLR Microphone Kit - Boomarm,,,AM-C43,0
FBA79008,AI-06,B0CH4RT4P8,B0CH4RT4P8,"Audio Array AI-06 Streaming Audio Mixer Sound Card | XLR, 1/4"" & line in | PC/Phone RGB Mixer with Volume Fader, Individual Control, Mute and Monitoring, 48V Phantom Power | Stream, Podcast & Karaoke",455.0,11.0,0.0067,0.0063,545.0,11.0,0.0058,0.0045,0.4095,0.2222,0,0.0,0.0,0.0,0.0,0.0,0.0,0.0,0,13,Audio_Array,0.0,0.0,0.0,0.0,0.0,,,,,,,,Audio Array,Audio Interface,Audio Interface,,,AI-06,0
FBA79010,AM-C42,B0CH4T2BJD,B0CH4T2BJD,"Audio Array AM-C42 Plug & Play AI Noise Cancelling USB Condenser Microphone | Mute Button/Echo/Volume Knob | Kit with Boom Arm & Pop Filter | Karaoke, Gaming, Streaming, Podcast | Mac/PC/Mobile",143.0,1.0,0.0021,0.0006,221.0,1.0,0.0023,0.0004,0.057,0.0,0,0.0,0.0,0.0,0.0,0.0,0.0,0.0,0,13,Audio_Array,900.61,60.0,8635.0,5262.860000000001,3.0,SP_SD,0.171125585708151,5.843661518304261,,300.2033333333333,,,Audio Array,Microphone Condenser,USB Microphone Kit - Boomarm,,,AM-C42,0
FBA79064,AA-25,B0CJR76Y7G,B0CJR76Y7G,"Audio Array AA-25 Handheld Microphone Interview Adapter for Wireless Lapel Microphones | Supports, Rode Go, DJI, Hollyland mics etc | Foam Cover with Built-in Cold Shoe Mount",193.0,7.0,0.0028,0.004,304.0,9.0,0.0032,0.0037,0.0038,0.2,0,0.0,0.0,0.0,0.0,0.0,0.0,0.0,0,13,Audio_Array,0.0,0.0,0.0,0.0,0.0,,,,,,,,Audio Array,Microphone Accessories,Accessories,,,AA-25,0
FBA79103,AI-10,B0CM6NTWBP,B0CM6NTWBP,"Audio Array AI-10 Professional Live Soundcard|1Ch Mixer |Bluetooth | 3 Condenser Mic Inputs, 2 mobilephones & PC/Mac Outputs | +48V phantom power, 4 Voice Modes, Denoise, built-in FX | Gaming, Karaoke",2270.0,52.0,0.0332,0.0298,3300.0,72.0,0.0349,0.0293,0.1192,0.0698,0,0.0,0.0,0.0,0.0,0.0,0.0,0.0,0,13,Audio_Array,12687.7,1560.0,241015.0,43670.37,19.0,SP_SD,0.2905333753755692,3.441945348644751,,667.7736842105263,,,Audio Array,Audio Interface,Audio Interface,,,AI-10,0
FBA79105,AI-12,B0CM6WH4ZT,B0CM6WH4ZT,"Audio Array AI-12 USB Bluetooth Soundcard | 1Ch Mixer interface | 2 mic inputs, 2 smartphone & PC/Mac outputs | Karaoke Recording, Mobile/PC Streaming, Live Broadcasting | Singing, Recording,Gaming",820.0,15.0,0.012,0.0086,1134.0,21.0,0.012,0.0085,0.0097,0.0,0,0.0,0.0,0.0,0.0,0.0,0.0,0.0,0,13,Audio_Array,5785.88,512.0,69358.0,19270.31,11.0,SP_SD,0.3002484132325843,3.330575469937157,,525.9890909090909,,,Audio Array,Audio Interface,Audio Interface,,,AI-12,0
FBA79109,AM-W18,B0CM9HYVDM,B0CM9HYVDM,"Audio Array AM-W18 Wireless Karaoke Speaker with Microphone | Portable Bluetooth Speaker for Singing & Gifting with Voice Changer | Upto 8+ Hours of Playback | Bluetooth v5.3, SD Card & AUX in (Pink)",396.0,15.0,0.0058,0.0086,568.0,17.0,0.006,0.0069,0.0061,0.0,0,0.0,0.0,0.0,0.0,0.0,0.0,0.0,0,13,Audio_Array,2008.67,100.0,11439.0,7053.4,7.0,SP_SD,0.2847803895993422,3.5114777439798472,,286.9528571428572,,,Audio Array,Speaker Karaoke,Microphone with Speaker,,,AM-W18,0
FBA79106,AM-C44,B0CM9KJZWQ,B0CM9KJZWQ,"Audio Array AM-C44 XLR/USB Professional Dynamic Podcast Microphone | Built-in Monitoring | One Touch Mute & Volume Control | 192kHz/24bit Full Metal Build | 2M XLR & USB Cable | Streaming, Podcasting",269.0,9.0,0.0039,0.0052,385.0,12.0,0.0041,0.0049,0.023,0.0,0,0.0,0.0,0.0,0.0,0.0,0.0,0.0,0,13,Audio_Array,3504.75,120.0,18999.0,25417.78,8.0,SP_SD,0.1378857634301658,7.252380340965832,,438.09375,,,Audio Array,Microphone Dynamic,Dynamic Microphone,,,AM-C44,0
FBA79108,AM-W16,B0CM9L1QZG,B0CM9L1QZG,"Audio Array AM-W16 Solo Wireless Lapel Over Ear Mic|in-Built ANC,Plug N Play,LongBattery Life,Ultra-Low Latency,Upto 30M Range|Compatible with iPhone&Android|Vlogging,Streaming,Teaching,YouTube,Black",137.0,5.0,0.002,0.0029,208.0,5.0,0.0022,0.002,0.0765,0.0,0,0.0,0.0,0.0,0.0,0.0,0.0,0.0,0,13,Audio_Array,1377.78,90.0,31425.0,4572.88,4.0,SP_SD,0.301293714245727,3.3190204531928176,,344.445,,,Audio Array,Microphone Wireless Lapel,Wireless Lapel Microphone,,,AM-W16,0
FBA79230,AM-W46,B0CX1XK5R6,B0CX1XK5R6,Audio Array AM-W46 Groove Wireless Bluetooth 5.3 Bookshelf Speaker 30W | 5400mAh upto 24h Long Battery | 3 EQ Modes | Stylish Premium Metal Body | Superior Bass Quality,57.0,4.0,0.0008,0.0023,67.0,6.0,0.0007,0.0024,0.0164,0.0,0,0.0,0.0,0.0,0.0,0.0,0.0,0.0,0,13,Audio_Array,136.64,17.0,2274.0,0.0,0.0,SP_SD,,0.0,,,,,Audio Array,Speaker Karaoke,Microphone with Speaker,,,AM-W46,0
FBA79379,AM-C45,B0D3LZWTHV,B0D3LZWTHV,"Audio Array AM-C45 XLR/USB Professional RGB Dynamic Podcast Microphone | Built-in Monitoring | One Touch Mute Volume & Noise-Cancellation | 2M USB Cable & Metal Base | Streaming, Podcasting, Singing",339.0,5.0,0.005,0.0029,491.0,5.0,0.0052,0.002,0.0236,0.0,0,0.0,0.0,0.0,0.0,0.0,0.0,0.0,0,13,Audio_Array,1936.98,118.0,18765.0,5930.5,2.0,SP_SD,0.3266132703819239,3.061724953277783,,968.49,,,Audio Array,Microphone Dynamic,Dynamic Microphone,,,AM-C45,0
FBA79380,AM-C46,B0D3M1B4Z8,B0D3M1B4Z8,"Audio Array AM-C46 Professional RGB USB Condenser Microphone Kit | Noise-Cancellation, Mute, Monitoring & Volume Controls | 192kHz/24bit Studio Quality | Gaming, Streaming, Podcast | Mac/PC/Mobile",1896.0,46.0,0.0277,0.0264,2507.0,58.0,0.0265,0.0236,0.0036,0.0,0,0.0,0.0,0.0,0.0,0.0,0.0,0.0,0,13,Audio_Array,11269.83,511.0,118004.0,38606.75,14.0,SP_SD,0.2919134607290176,3.425672791869975,,804.9878571428571,,,Audio Array,Microphone Condenser,Condenser Mic with Boom Arm,,,AM-C46,0
FBA79355,AA-19BL,B0D3M86SH1,B0D3M86SH1,Audio Array AA-19BL RGB Low Profile Boomarm Stand with Riser | 71cm reach & 20 RGB lighting effects & Built-In Cable Management | Matte finish with Flexible adjustments | 2Kg Weight Capacity | Black,387.0,15.0,0.0057,0.0086,445.0,15.0,0.0047,0.0061,0.0166,0.0,0,0.0,0.0,0.0,0.0,0.0,0.0,0.0,0,13,Audio_Array,796.03,48.0,5656.0,12699.16,4.0,SP_SD,0.0626836735658106,15.953117344823688,,199.0075,,,Audio Array,Microphone Accessories,Accessories,,,AA-19BL,0
FBA79356,AA-19WL,B0D3Q2T5XX,B0D3Q2T5XX,Audio Array AA-19WL RGB Low Profile Boomarm Stand with Riser | 71cm reach & 20 RGB lighting effects & Built-In Cable Management | Matte finish with Flexible adjustments | 2Kg Weight Capacity | White,317.0,11.0,0.0046,0.0063,383.0,11.0,0.0041,0.0045,0.4274,0.3333,0,0.0,0.0,0.0,0.0,0.0,0.0,0.0,0,13,Audio_Array,147.55,13.0,1333.0,0.0,0.0,SP_SD,,0.0,,,,,Audio Array,Microphone Accessories,Accessories,,,AA-19WL,0
FBA79448,AM-W35,B0DFMKY4TT,B0DFMKY4TT,"Audio Array AM-W35 UHF Dual Wireless Premium Karaoke Microphones | 800mah 5-6 Hours Battery Backup | Range up to 50M | Karaoke Singing, Wedding, DJ, Church | PA System, Amplifier, Mixer, Party Box",875.0,22.0,0.0128,0.0126,1098.0,27.0,0.0116,0.011,0.3844,0.0,0,0.0,0.0,0.0,0.0,0.0,0.0,0.0,0,13,Audio_Array,924.99,89.0,14554.0,3050.08,1.0,SP_SD,0.3032674552798615,3.2974194315614223,,924.99,,,Audio Array,Microphone Wireless Handheld,Wireless Microphone,,,AM-W35,0
FBA79447,AM-W34,B0DFMLXD9S,B0DFMLXD9S,"Audio Array AM-W34 UHF Dual Wireless Premium Metal Microphones | 800mAh 6-8 Hours Receiver Battery Backup | Range up to 50M | Karaoke Singing, Wedding, Church | PA System, Amplifier, Mixer, Party Box",149.0,7.0,0.0022,0.004,225.0,9.0,0.0024,0.0037,0.0102,0.0,0,0.0,0.0,0.0,0.0,0.0,0.0,0.0,0,13,Audio_Array,2094.79,85.0,5989.0,0.0,0.0,SP_SD,,0.0,,,,,Audio Array,Microphone Wireless Handheld,Wireless Microphone,,,AM-W34,0
FBA79449,AM-W36,B0DFMNGFTD,B0DFMNGFTD,"Audio Array AM-W36 UHF Dual Wireless Premium Metal Microphone with Charging | 2X XLR Outs & 1/4"" Mix Out | 328ft/100M Range | Karaoke Singing, Wedding, Events | PA System, Amplifier, Mixer, Party Box",747.0,29.0,0.0109,0.0166,1019.0,50.0,0.0108,0.0203,0.0212,0.0,0,0.0,0.0,0.0,0.0,0.0,0.0,0.0,0,13,Audio_Array,2125.42,139.0,14321.0,10761.01,2.0,SP_SD,0.1975112001568626,5.063004018029377,,1062.71,,,Audio Array,Microphone Wireless Handheld,Wireless Microphone,,,AM-W36,0
FBA79653,AM-C45 PRO,B0DN6LJZBR,B0DN6LJZBR,"Audio Array AM-C45 XLR/USB Pro RGB Dynamic Microphone Kit | 192kHz/24bit Studio Quality Output | Volume Control, Mute and Noise Cancellation | Realtime Monitoring for Streaming, Gaming & podcasting",54.0,2.0,0.0008,0.0011,62.0,2.0,0.0007,0.0008,0.4314,0.0,0,0.0,0.0,0.0,0.0,0.0,0.0,0.0,0,13,Audio_Array,0.0,0.0,0.0,0.0,0.0,,,,,,,,Audio Array,Bundles,Bundles,,,AM-C45 PRO,0
FBA79655,AM-C44 PRO,B0DN6PFWNK,B0DN6PFWNK,Audio Array AM-C44 Pro XLR/USB Professional Dynamic Microphone Kit | Built-in Monitoring | One Touch Mute & Volume Control | 192kHz/24bit Full Metal Build | 2M XLR & USB Cable | Streaming & Podcasting,139.0,3.0,0.002,0.0017,174.0,3.0,0.0018,0.0012,0.0645,0.0,0,0.0,0.0,0.0,0.0,0.0,0.0,0.0,0,13,Audio_Array,653.7,19.0,4207.0,0.0,0.0,SP_SD,,0.0,,,,,Audio Array,Bundles,Bundles,,,AM-C44 PRO,0
FBA79783,AM-C47,B0FF9R3GKK,B0FF9R3GKK,"Audio Array AM-C47 RGB USB Condenser Mic Kit | AI Noise Cancellation, 192kHz/24Bit Studio Quality, Touch Control, Headphone Monitoring | Podcasting, YouTube, Gaming & Streaming | Mac/PC & Mobile",283.0,7.0,0.0041,0.004,362.0,9.0,0.0038,0.0037,0.0746,0.2,0,0.0,0.0,0.0,0.0,0.0,0.0,0.0,0,13,Audio_Array,1288.3,83.0,22413.0,2456.78,1.0,SP_SD,0.5243855778702203,1.9069937126445704,,1288.3,,,Audio Array,Microphone Condenser,USB Microphone Kit - Boomarm,,,AM-C47,0
FBA79823,PB-01 (AM-C11 + AI-04),B0FJ2HZCVN,B0FJ2HZCVN,"Audio Array Ultimate Podcast Bundle | Dynamic Microphone with USB/XLR Connectivity & 24-Bit/192kHz Audio Interface | Ideal for Podcasting, Streaming, Voice Recording & Content Creation - PB-01",478.0,15.0,0.007,0.0086,515.0,17.0,0.0055,0.0069,0.2557,0.3,0,0.0,0.0,0.0,0.0,0.0,0.0,0.0,0,13,Audio_Array,34.31,2.0,1346.0,0.0,0.0,SP_SD,,0.0,,,,,Audio Array,Bundles,PB-01,,,PB-01 (AM-C11 + AI-04),0
FBA79822,KB-01 (AM-W32 + AI-12),B0FJ2J6MTF,B0FJ2J6MTF,"Audio Array Portable Karaoke Bundle | Dual Wireless UHF Microphones with Rechargeable Battery Receiver & USB Plug n Play BT Soundcard Mixer | Ideal for Parties, Home Karaoke & Live Singing - KB-01",55.0,0.0,0.0008,0.0,76.0,0.0,0.0008,0.0,0.4225,0.0,0,0.0,0.0,0.0,0.0,0.0,0.0,0.0,0,13,Audio_Array,0.0,0.0,0.0,0.0,0.0,,,,,,,,Audio Array,Bundles,KB-01,,,KB-01 (AM-W32 + AI-12),0
FBA79821,"UB-01 (AI-04, AM-S1, AA-21, AM-C2)",B0FJ2JJZL3,B0FJ2JJZL3,"Audio Array Professional Studio Bundle with 24-Bit/192kHz Audio Interface, 4"" Studio Monitors, XLR Condenser Mic & Stands | for Music Production, Podcasting, Dubbing, Recording & Audio Mixing - UB-01",842.0,14.0,0.0123,0.008,1099.0,20.0,0.0116,0.0081,0.6428,0.2222,0,0.0,0.0,0.0,0.0,0.0,0.0,0.0,0,13,Audio_Array,429.52,48.0,5558.0,0.0,0.0,SP_SD,,0.0,,,,,Audio Array,Bundles,UB-01,,,"UB-01 (AI-04, AM-S1, AA-21, AM-C2)",0
FBA79824,GB-01 (AM-C43 +AI-10),B0FJ2K95XT,B0FJ2K95XT,"Audio Array Ultimate Gaming Bundle | Condenser Mic with Boom Arm & Sound Card | Streaming Kit for PC/Mobile with 14 FX, Voice Modes, Loopback, Real Time Monitoring |for YouTube & Live Stream - GB-01",201.0,4.0,0.0029,0.0023,238.0,4.0,0.0025,0.0016,1.0,1.0,0,0.0,0.0,0.0,0.0,0.0,0.0,0.0,0,13,Audio_Array,65.57000000000001,14.0,3030.0,0.0,0.0,SP_SD,,0.0,,,,,Audio Array,Bundles,GB-01,,,GB-01 (AM-C43 +AI-10),0
FBA79826,PB-02 (AI-04 RED + AM-C11 + AA-05),B0FJ2LQT7K,B0FJ2LQT7K,"Audio Array Complete Podcast Bundle | USB/XLR Dynamic Mic with Audio Interface 24bit/192kHz & Boom Arm Stand | Professional Streaming & Recording Kit for PC, Mac & Mobile Devices - PB-02",6.0,0.0,0.0001,0.0,7.0,0.0,0.0001,0.0,0.0,0.0,0,0.0,0.0,0.0,0.0,0.0,0.0,0.0,0,13,Audio_Array,2.13,1.0,569.0,0.0,0.0,SP_SD,,0.0,,,,,Audio Array,Bundles,PB-02,,,PB-02 (AI-04 RED + AM-C11 + AA-05),0
FBA79833,PB-04 (AI-04 RED + AM-C44 X 2),B0FJ8PZ9H7,B0FJ8PZ9H7,"Audio Array Pro Podcasting Bundle | Audio Interface with 48V Phantom Power & Dual USB/XLR Touch-Control Mics | 192kHz/24bit, Mute, Monitor, Volume Control | Recording, Streaming & Podcasting - PB-04",494.0,17.0,0.0072,0.0097,544.0,21.0,0.0058,0.0085,0.3784,0.3636,0,0.0,0.0,0.0,0.0,0.0,0.0,0.0,0,13,Audio_Array,231.16,23.0,2453.0,0.0,0.0,SP_SD,,0.0,,,,,Audio Array,Bundles,PB-04,,,PB-04 (AI-04 RED + AM-C44 X 2),0
FBA79832,GB-05 (AM-C43 + AI-06),B0FJ8S53GW,B0FJ8S53GW,"Audio Array Streaming Bundle Kit | USB Condenser Mic & RGB Sound Card with Phantom Power, Voice Effects, Real-Time Monitoring | for Podcasting, Gaming, YouTube & Live Streaming - GB-05",150.0,4.0,0.0022,0.0023,169.0,4.0,0.0018,0.0016,0.4444,0.0,0,0.0,0.0,0.0,0.0,0.0,0.0,0.0,0,13,Audio_Array,210.18,46.0,7065.0,0.0,0.0,SP_SD,,0.0,,,,,Audio Array,Bundles,GB-05,,,GB-05 (AM-C43 + AI-06),0
FBA79827,PB-03 (AI-04 RED + AM-C11 X 2),B0FJ8S5XJ8,B0FJ8S5XJ8,"Audio Array Complete Podcast Bundle | Dual USB/XLR Dynamic Microphones with Audio Interface 24bit / 192kHz|Metal Body|Pro Streaming & Recording Kit for PC, Mac & Mobile - PB-03",552.0,13.0,0.0081,0.0075,614.0,19.0,0.0065,0.0077,0.0034,0.1429,0,0.0,0.0,0.0,0.0,0.0,0.0,0.0,0,13,Audio_Array,171.59,23.0,4346.0,0.0,0.0,SP_SD,,0.0,,,,,Audio Array,Bundles,PB-03,,,PB-03 (AI-04 RED + AM-C11 X 2),0
FBA79834,PB-05 (AA-05 + AM-C11 + AI-04),B0FJ8T4WXM,B0FJ8T4WXM,"Audio Array Podcast Kit | USB/XLR Dynamic Mic with Boom Arm & Audio Interface 24-Bit/192kHz | Metal Build | Plug & Play | No-Latency Monitoring for Streaming, Recording & Content Creation - PB-05",3.0,0.0,0.0,0.0,4.0,0.0,0.0,0.0,0.75,0.0,0,0.0,0.0,0.0,0.0,0.0,0.0,0.0,0,13,Audio_Array,0.0,0.0,254.0,0.0,0.0,SP_SD,,,,,,,Audio Array,Bundles,PB-05,,,PB-05 (AA-05 + AM-C11 + AI-04),0
FBA79830,GB-03 (AI-12 + AM-C43),B0FJ8TSQK1,B0FJ8TSQK1,"Audio Array Singing Bundle | Condenser Mic with Boom Arm & Sound Card V8 | Voice Effects, Reverb, Bluetooth | Ideal for Podcasting, Karaoke, Live Streaming, YouTube & Singing - GB-03",140.0,3.0,0.002,0.0017,194.0,3.0,0.0021,0.0012,0.4971,1.0,0,0.0,0.0,0.0,0.0,0.0,0.0,0.0,0,13,Audio_Array,64.53,15.0,2757.0,0.0,0.0,SP_SD,,0.0,,,,,Audio Array,Bundles,GB-03,,,GB-03 (AI-12 + AM-C43),0
FBA79835,PB-06 (AA-05 + AM-C44 + AI-04),B0FJ8TWCQZ,B0FJ8TWCQZ,"Audio Array Pro Podcast Bundle | USB/XLR Dynamic Microphone with 24-Bit/192kHz Audio Interface & Boom Arm | Real-Time Monitoring, Plug & Play for Streaming, Recording & Content Creation - PB-06",5.0,0.0,0.0001,0.0,5.0,0.0,0.0001,0.0,0.25,0.0,0,0.0,0.0,0.0,0.0,0.0,0.0,0.0,0,13,Audio_Array,3.45,1.0,96.0,0.0,0.0,SP_SD,,0.0,,,,,Audio Array,Bundles,PB-06,,,PB-06 (AA-05 + AM-C44 + AI-04),0
FBA79831,GB-04 (AM-C45 + AI-06),B0FJ8W5Y9Q,B0FJ8W5Y9Q,"Audio Array RGB Gaming Bundle|RGB USB Dynamic Microphone with Sound Card – Mute, Volume Control, Monitoring, Noise Cancellation, Voice Effects|for Streaming, Podcasting, Gaming, Singing - GB-04",5.0,0.0,0.0001,0.0,7.0,0.0,0.0001,0.0,0.5714,0.0,0,0.0,0.0,0.0,0.0,0.0,0.0,0.0,0,13,Audio_Array,0.0,0.0,0.0,0.0,0.0,,,,,,,,Audio Array,Bundles,GB-04,,,GB-04 (AM-C45 + AI-06),0
FBA79836,PB-07 (AA-05 + AM-C45 + AI-04),B0FJ8Z1W81,B0FJ8Z1W81,"Audio Array RGB Podcast Bundle | Dynamic RGB USB/XLR Mic with 24-Bit/192kHz Audio Interface & Boom Arm | AI Noise Cancelling, Plug & Play Kit for Streaming, Podcasting, Gaming & Recording - PB-07",3.0,0.0,0.0,0.0,4.0,0.0,0.0,0.0,0.25,0.0,0,0.0,0.0,0.0,0.0,0.0,0.0,0.0,0,13,Audio_Array,0.0,0.0,95.0,0.0,0.0,SP_SD,,,,,,,Audio Array,Bundles,PB-07,,,PB-07 (AA-05 + AM-C45 + AI-04),0
FBA79846,AM-C11X PRO,B0FN7C25VS,B0FN7C25VS,"Audio Array AM-C11X Pro XLR Podcast Mic Kit with Dynamic Microphone, 2m XLR Cable & Adjustable Boom Arm | Studio-Quality Sound, 20Hz–20kHz, All-Metal Build for Podcasting, Streaming & Recording",50.0,2.0,0.0007,0.0011,61.0,3.0,0.0006,0.0012,0.2182,0.0,0,0.0,0.0,0.0,0.0,0.0,0.0,0.0,0,13,Audio_Array,0.0,0.0,0.0,0.0,0.0,,,,,,,,Audio Array,Bundles,AM-C11X Pro,,,AM-C11X PRO,0
FBA79847,PB-09 (AM-C45 + AI-06 + AA-05),B0FN7FYZM3,B0FN7FYZM3,"Audio Array RGB Gaming Mic Bundle with USB/XLR Microphone, Boom Arm & Sound Card Mixer | Streaming Mic Kit with Voice Effects, AI Noise Cancel, RGB Lights for Podcasting, Gaming & Recording - PB-09",4.0,0.0,0.0001,0.0,4.0,0.0,0.0,0.0,0.25,0.0,0,0.0,0.0,0.0,0.0,0.0,0.0,0.0,0,13,Audio_Array,11.32,4.0,577.0,0.0,0.0,SP_SD,,0.0,,,,,Audio Array,Bundles,PB-09,,,PB-09 (AM-C45 + AI-06 + AA-05),0
FBA79815,AM-W19,B0FPR7VFCH,B0FPR7VFCH,"Audio Array AM-W19 Wireless Lavalier Microphone|192kHz/24bit |AI Noise Cancellation for iPhone/Android, 32h Charging Case, Plug & Play for Vlogging, Streaming, Meetings, Video Recording",69.0,1.0,0.001,0.0006,88.0,1.0,0.0009,0.0004,0.0649,0.0,0,0.0,0.0,0.0,0.0,0.0,0.0,0.0,0,13,Audio_Array,35.650000000000006,8.0,1963.0,0.0,0.0,SP_SD,,0.0,,,,,Audio Array,Microphone Wireless Lapel,Wireless Lapel Microphone,,,AM-W19,0
FBA79816,AM-W22,B0FPR962YS,B0FPR962YS,"Audio Array AM-W22 | Latest 2026 Edition Wireless Microphone for Camera/iPhone/Android/iPad/Laptop, Lav Mic with Charging Case, AI Noise Reduction, 50H Battery, 230ft Range, for Recording, YouTube",240.0,9.0,0.0035,0.0052,295.0,12.0,0.0031,0.0049,0.022,0.0,0,0.0,0.0,0.0,0.0,0.0,0.0,0.0,0,13,Audio_Array,837.47,60.0,15796.0,0.0,0.0,SP_SD,,0.0,,,,,Audio Array,Microphone Wireless Lapel,Wireless Lapel Microphone,,,AM-W22,0
FBA79820,AC-3XL,B0FQJWWDVK,B0FQJWWDVK,"Audio Array AC-3XL Mic Cable 6.35mm Jack Male to XLR 3PIN Female Cord Wire | Microphone/Guitar Cable | Black, 1pc Pack (3 Meter/10 Feet)",73.0,4.0,0.0011,0.0023,84.0,6.0,0.0009,0.0024,0.0494,0.0,0,0.0,0.0,0.0,0.0,0.0,0.0,0.0,0,13,Audio_Array,0.0,0.0,0.0,0.0,0.0,,,,,,,,Audio Array,Microphone Accessories,Accessories,,,AC-3XL,0
FBA79905,PB-11 (AM-C44+AA-05+AH-45-BK),B0FTVSH458,B0FTVSH458,"Audio Array Professional Dynamic Studio Bundle with Headphones – USB/XLR Dynamic Microphone, Boom Arm, Monitoring Headphones | 24-bit/192kHz, Plug & Play, No-Latency Recording, Monitoring - PB-11",4.0,0.0,0.0001,0.0,4.0,0.0,0.0,0.0,0.0,0.0,0,0.0,0.0,0.0,0.0,0.0,0.0,0.0,0,13,Audio_Array,0.0,0.0,0.0,0.0,0.0,,,,,,,,UNKNOWN,,,,,PB-11 (AM-C44+AA-05+AH-45-BK),0
FBA79908,PB-14 (AM-C43+AH-40-SL+AI-12),B0FTVV1QJY,B0FTVV1QJY,"Audio Array Professional Recording Bundle with BT Soundcard – USB Condenser Microphone, Studio Headphones | Cardioid Mic, Noise Reduction & 6 Sound Modes for Streaming Recording & Podcasting - PB-14",40.0,0.0,0.0006,0.0,54.0,0.0,0.0006,0.0,1.0,0.0,0,0.0,0.0,0.0,0.0,0.0,0.0,0.0,0,13,Audio_Array,494.0700000000001,33.0,3102.0,0.0,0.0,SP_SD,,0.0,,,,,Audio Array,Bundles,PB-14,,,PB-14 (AM-C43+AH-40-SL+AI-12),0
FBA79906,PB-12 (AM-C11+AA-05+AI-04+AH-60-RD),B0FTVVLNS9,B0FTVVLNS9,"Audio Array Professional Dynamic Bundle with Headphones & Audio Interface - USB/XLR Dynamic Microphone, 24-bit/192kHz Interface, Boom Arm & Semi-Open Headphones | Plug & Play Podcast Kit - PB-12",182.0,3.0,0.0027,0.0017,232.0,4.0,0.0025,0.0016,0.2927,1.0,0,0.0,0.0,0.0,0.0,0.0,0.0,0.0,0,13,Audio_Array,627.9,79.0,23572.0,8473.73,1.0,SP_SD,0.0740995995860146,13.495349577958274,,627.9,,,Audio Array,Bundles,PB-12,,,PB-12 (AM-C11+AA-05+AI-04+AH-60-RD),0
FBA79960,AM-W47 WIRELESS,B0G3B152FR,B0G3B152FR,"Audio Array Wireless Voice Amplifier 2026 Edition | Bluetooth 5.3 |10W Speaker With Wireless Mic | For Teachers, Tour Guides |10 Hrs Battery Life |1 Click Monitoring | TWS Connectivity AM-W47 Wireless",90.0,2.0,0.0013,0.0011,129.0,2.0,0.0014,0.0008,0.1038,0.0,0,0.0,0.0,0.0,0.0,0.0,0.0,0.0,0,13,Audio_Array,303.22,28.0,9410.0,0.0,0.0,SP_SD,,0.0,,,,,Audio Array,Voice Amplifier,Wireless Voice Amplifier,,,AM-W47 WIRELESS,0
FBA79957,AM-W23,B0G3Q517Y2,B0G3Q517Y2,"Audio Array AM-W23 Magnetic Wieless Mic with Charging Pouch 2026 Edition 24Bit/ 48Khz, iPhone/Android/iPad/Laptop, AI Noise Reduction, 50H Battery, 230ft Range for Recording, Vlogging",185.0,16.0,0.0027,0.0092,270.0,21.0,0.0029,0.0085,0.0041,0.0,0,0.0,0.0,0.0,0.0,0.0,0.0,0.0,0,13,Audio_Array,1576.64,118.0,29074.0,3007.63,1.0,SP_SD,0.5242134172088987,1.9076200020296328,,1576.64,,,Audio Array,Microphone Wireless Lapel,Wireless Lapel Microphone,,,AM-W23,0
FBA79958,AM-W24,B0G3Q59X8C,B0G3Q59X8C,"Audio Array AM-W24 2026 Edition Magnetic Wireless 5gm Mic with Slide Charging Case for iPhone/Android/iPad, AI Noise Reduction, 30H Battery, 200ft Range, Plug & Play for Recording, Vlogging, Streaming",350.0,15.0,0.0051,0.0086,502.0,21.0,0.0053,0.0085,0.0108,0.0,0,0.0,0.0,0.0,0.0,0.0,0.0,0.0,0,13,Audio_Array,2340.18,199.0,33434.0,13467.79,8.0,SP_SD,0.1737612481335096,5.755023117879822,,292.5225,,,Audio Array,Microphone Wireless Lapel,Wireless Lapel Microphone,,,AM-W24,0
FBA79963,AM-MIX8,B0G53CB72D,B0G53CB72D,"Audio Array AM-Pro8 8-Channel Hybrid USB Mixer 8 Analog+2 Digital Inputs, 48kHz/16-Bit, Built-In Compressor, 6AUX Sends, Group Buses, Insert Points,+24dBu Balanced Outputs for Live, Studio & Broadcast",343.0,5.0,0.005,0.0029,427.0,5.0,0.0045,0.002,0.4517,0.5,0,0.0,0.0,0.0,0.0,0.0,0.0,0.0,0,13,Audio_Array,2113.27,273.0,31594.0,0.0,0.0,SP_SD,,0.0,,,,,Audio Array,Mixers,8 channels Mixer,,,AM-MIX8,0
FBA79964,AM-PRO12,B0G53KWRWH,B0G53KWRWH,"Audio Array AM-Pro12 12-Channel HYBRID USB Mixer 12 channel analog+2 digital 48kHz/16bit,128DSP Fx, Built-In Compressor, 4Group Buses, Inserts,+24dBu Balanced XLR Outs For Live, Studio & Broadcast",442.0,4.0,0.0065,0.0023,575.0,4.0,0.0061,0.0016,0.5029,0.5,0,0.0,0.0,0.0,0.0,0.0,0.0,0.0,0,13,Audio_Array,893.8,242.0,21892.0,0.0,0.0,SP_SD,,0.0,,,,,Audio Array,Mixers,12 channels Mixer,,,AM-PRO12,0
FBA79974,AM-S1,B0GD8JSPB1,B0GD8JSPB1,"Audio Array 60W Bluetooth Bookshelf Speaker Pair | 1.5"" Silk Dome Tweeter, 4"" Sub Woofer | Music & Monitor Mode | Aux, HDMI, USB-C, TRS & RCA Connectivity",85.0,5.0,0.0012,0.0029,122.0,5.0,0.0013,0.002,1.0,1.0,0,0.0,0.0,0.0,0.0,0.0,0.0,0.0,0,13,Audio_Array,0.0,0.0,0.0,0.0,0.0,,,,,,,,Audio Array,Monitor Speakers,Bookshelf Speaker,,,AM-S1,0
FBA80016,AM-W22 DUPLICATE,B0GKPXQ8G3,B0GKPXQ8G3,"Audio Array AM-W22_V2 | Latest 2026 Edition Wireless Microphone for Camera/iPhone/Android/iPad/Laptop, Lav Mic with Charging Case, AI Noise Reduction, 50H Battery, 230ft Range, for Recording, YouTube",238.0,12.0,0.0035,0.0069,363.0,20.0,0.0038,0.0081,0.4633,0.9286,0,0.0,0.0,0.0,0.0,0.0,0.0,0.0,0,13,Audio_Array,3297.96,165.0,30282.0,3237.14,1.0,SP_SD,1.018788189574748,0.981558296643986,,3297.96,,,Audio Array,Microphone,Wireless Lapel Microphone,,,AM-W22 DUPLICATE,0
FBA75684,AA-04,B0B4G7VWXD,B0B4G7VWXD,"Audio Array AA-04 Metal Spider Shock Mount for Condenser Microphone | Anti Vibration, Suspension, Isolation | 4 Size Bottom Screws & Extra Replacement Elastic Bands | Recommended For Rode, Samson, etc",98.0,2.0,0.0007,0.0007,137.0,6.0,0.0007,0.0014,0.3258,0.0,1,0.0,0.0102,0.0,1439.8305084745764,0.0,1.0,0.0,0,13,Audio_Array,0.0,0.0,0.0,0.0,0.0,,,,,,,,Audio Array,Microphone Accessories,Accessories,,,AA-04,1
FBA79108,AM-W16,B0CM9L1QZG,B0CM9L1QZG,"Audio Array AM-W16 Solo Wireless Lapel Over Ear Mic|in-Built ANC,Plug N Play,LongBattery Life,Ultra-Low Latency,Upto 30M Range|Compatible with iPhone&Android|Vlogging,Streaming,Teaching,YouTube,Black",137.0,5.0,0.0009,0.0017,208.0,5.0,0.0011,0.0012,0.0055,0.3333,0,0.0,0.0,0.0,0.0,0.0,0.0,0.0,0,13,Audio_Array,1377.78,90.0,31425.0,4572.88,4.0,SP_SD,0.301293714245727,3.3190204531928176,,344.445,,,Audio Array,Microphone Wireless Lapel,Wireless Lapel Microphone,,,AM-W16,0
FBA79355,AA-19BL,B0D3M86SH1,B0D3M86SH1,Audio Array AA-19BL RGB Low Profile Boomarm Stand with Riser | 71cm reach & 20 RGB lighting effects & Built-In Cable Management | Matte finish with Flexible adjustments | 2Kg Weight Capacity | Black,387.0,15.0,0.0027,0.0051,445.0,15.0,0.0023,0.0036,0.0213,0.0,0,0.0,0.0,0.0,0.0,0.0,0.0,0.0,0,13,Audio_Array,796.03,48.0,5656.0,12699.16,4.0,SP_SD,0.0626836735658106,15.953117344823688,,199.0075,,,Audio Array,Microphone Accessories,Accessories,,,AA-19BL,0
FBA79105,AI-12,B0CM6WH4ZT,B0CM6WH4ZT,"Audio Array AI-12 USB Bluetooth Soundcard | 1Ch Mixer interface | 2 mic inputs, 2 smartphone & PC/Mac outputs | Karaoke Recording, Mobile/PC Streaming, Live Broadcasting | Singing, Recording,Gaming",820.0,15.0,0.0761,0.0459,1134.0,21.0,0.0771,0.0435,0.0077,0.0,1,0.0,0.0012,0.0,1227.966101694915,0.0,1.0,0.0,0,13,Audio_Array,5785.88,512.0,69358.0,19270.31,11.0,SP_SD,0.3002484132325843,3.330575469937157,,525.9890909090909,,,Audio Array,Audio Interface,Audio Interface,,,AI-12,1
FBA76414,AA-05,B0BLJVJ2GN,B0BLJVJ2GN,"Audio Array AA-05 Suspension Boom Scissor Microphone Arm Stand | Universal clamp with mic Holder & 3/8″ to 5/8″ Adapter for Shock mounts | Suitable for Stages, Studios, Broadcasting, TV Stations",0.0,0.0,0.0,0.0,0.0,0.0,0.0,0.0,0.0,0.0,0,0.0,0.0,0.0,0.0,0.0,0.0,0.0,0,13,Audio_Array,2987.97,377.0,90518.0,13800.04,10.0,SP_SD,0.2165189376262677,4.618533653282999,,298.797,,,Audio Array,Microphone Accessories,Accessories,,,AA-05,0
FBA79355,AA-19BL,B0D3M86SH1,B0D3M86SH1,Audio Array AA-19BL RGB Low Profile Boomarm Stand with Riser | 71cm reach & 20 RGB lighting effects & Built-In Cable Management | Matte finish with Flexible adjustments | 2Kg Weight Capacity | Black,387.0,15.0,0.0033,0.0071,445.0,15.0,0.0029,0.0053,0.0024,0.0,0,0.0,0.0,0.0,0.0,0.0,0.0,0.0,0,13,Audio_Array,796.03,48.0,5656.0,12699.16,4.0,SP_SD,0.0626836735658106,15.953117344823688,,199.0075,,,Audio Array,Microphone Accessories,Accessories,,,AA-19BL,0
FBA76864,AI-04 RED,B0BPLZ5CGV,B0BPLZ5CGV,Audio Array,0.0,,,,,,,,,,126,,,,512435.23,,,,0,13,Audio_Array,65122.91,5593.0,883674.0,312602.56,89.0,SP_SD,0.2083249414208252,4.800193357452853,,731.7180898876405,,,Audio Array,Audio Interface,Audio Interface,,,AI-04 RED,126
FBA75673,AM-C1,B0B4DPX2J2,B0B4DPX2J2,Audio Array,0.0,,,,,,,,,,202,,,,453473.84,,,,0,13,Audio_Array,96398.38,5896.0,936839.0,417021.66,180.0,SP_SD,0.2311591680873363,4.326023528611165,,535.5465555555555,,,Audio Array,Microphone Condenser,USB Microphone Kit - Boomarm,,,AM-C1,202
FBA79482,AM-S1,B0DXFPM4N2,B0DXFPM4N2,Audio Array,0.0,,,,,,,,,,40,,,,298271.2,,,,0,13,Audio_Array,31332.42,2928.0,305268.0,230437.29,35.0,SP_SD,0.1359693997442861,7.354595974393296,,895.212,,,Audio Array,Monitor Speakers,Studio Monitor Speaker,,,AM-S1,40
FBA79005,AM-W45,B0CKHVHVQ1,B0CKHVHVQ1,Audio Array,0.0,,,,,,,,,,31,,,,133956.79,,,,0,13,Audio_Array,10964.33,477.0,69187.0,53802.58,13.0,SP_SD,0.2037881826484901,4.9070558802954665,,843.41,,,Audio Array,Microphone Conference,Wireless Conference Microphone,,,AM-W45,31
FBA79813,AH-50,B0FG88HVQ8,B0FG88HVQ8,Audio Array,0.0,,,,,,,,,,73,,,,126760.12,,,,0,13,Audio_Array,22429.89,1432.0,179761.0,108077.93,66.0,SP_SD,0.2075344152131707,4.818477932794143,,339.8468181818181,,,Audio Array,DJ Headphone,DJ Headphone,,,AH-50,73
FBA79380,AM-C46,B0D3M1B4Z8,B0D3M1B4Z8,Audio Array,0.0,,,,,,,,,,37,,,,110341.4,,,,0,13,Audio_Array,11269.83,511.0,118004.0,38606.75,14.0,SP_SD,0.2919134607290176,3.425672791869975,,804.9878571428571,,,Audio Array,Microphone Condenser,Condenser Mic with Boom Arm,,,AM-C46,37
FBA79961,AI-13,B0G53H49BS,B0G53H49BS,Audio Array,0.0,,,,,,,,,,47,,,,107502.58,,,,0,13,Audio_Array,15597.33,1925.0,127206.0,60402.58,25.0,SP_SD,0.2582229103458826,3.8726230707435194,,623.8932,,,Audio Array,Mixers,4 channels Mixer,,,AI-13,47
FBA78973,AA-19,B0CF5R3V95,B0CF5R3V95,Audio Array,0.0,,,,,,,,,,26,,,,84808.36,,,,0,13,Audio_Array,5064.04,298.0,26803.0,32788.12,10.0,SP_SD,0.1544474035107837,6.474696092447927,,506.404,,,Audio Array,Microphone Accessories,Accessories,,,AA-19,26
FBA75674,AM-C2,B0B4G19R58,B0B4G19R58,Audio Array,0.0,,,,,,,,,,20,,,,64389.83,,,,0,13,Audio_Array,1965.78,146.0,28306.0,9421.18,3.0,SP_SD,0.2086553913628653,4.7925912360487954,,655.26,,,Audio Array,Microphone Condenser,XLR Microphone Kit - Boomarm,,,AM-C2,20
FBA76862,AM-C28,B0BPLWW72Y,B0BPLWW72Y,Audio Array,0.0,,,,,,,,,,41,,,,53821.16,,,,0,13,Audio_Array,7226.93,312.0,40484.0,7876.26,6.0,SP_SD,0.9175585874514046,1.089848663263654,,1204.4883333333337,,,Audio Array,Microphone Conference,Conference Microphone,,,AM-C28,41
FBA78975,AA-21,B0CF5TCQKL,B0CF5TCQKL,Audio Array,0.0,,,,,,,,,,17,,,,53290.7,,,,0,13,Audio_Array,2485.02,209.0,14136.0,40751.75,13.0,SP_SD,0.060979467139448,16.398962583802142,,191.1553846153846,,,Audio Array,Microphone Accessories,Accessories,,,AA-21,17
FBA79904,PB-10 (AM-C2+AI-04+AH-60-BL),B0FTVQQVDC,B0FTVQQVDC,Audio Array,0.0,,,,,,,,,,6,,,,50842.36,,,,0,13,Audio_Array,3209.39,308.0,35810.0,0.0,0.0,SP_SD,,0.0,,,,,Audio Array,Bundles,PB-10,,,PB-10 (AM-C2+AI-04+AH-60-BL),6
FBA79972,M8,B0GCP1J2HC,B0GCP1J2HC,Audio Array,0.0,,,,,,,,,,6,,,,40672.87,,,,0,13,Audio_Array,7639.33,1087.0,97769.0,28596.6,6.0,SP_SD,0.2671411986040298,3.743338748293372,,1273.2216666666666,,,Audio Array,Mixers,8 channels Mixer,,,M8,6
FBA79654,AM-C11 PRO,B0DN6MNS1X,B0DN6MNS1X,Audio Array,0.0,,,,,,,,,,8,,,,34511.9,,,,0,13,Audio_Array,2628.12,101.0,19035.0,10550.35,3.0,SP_SD,0.2491026364054273,4.014409539899243,,876.04,,,Audio Array,Bundles,Bundles,,,AM-C11 PRO,8
FBA79103,AI-10,B0CM6NTWBP,B0CM6NTWBP,Audio Array,0.0,,,,,,,,,,13,,,,33039.83,,,,0,13,Audio_Array,12687.7,1560.0,241015.0,43670.37,19.0,SP_SD,0.2905333753755692,3.441945348644751,,667.7736842105263,,,Audio Array,Audio Interface,Audio Interface,,,AI-10,13
FBA79839,AH-45 BK,B0FQBXS6Y2,B0FQBXS6Y2,Audio Array,0.0,,,,,,,,,,25,,,,31758.5,,,,0,13,Audio_Array,6003.98,388.0,57761.0,31368.66,25.0,SP_SD,0.1914005889955133,5.22464431926822,,240.1592,,,Audio Array,DJ Headphone,DJ Headphone,,,AH-45 BK,25
FBA79011,AM-C43,B0CH4RNWJX,B0CH4RNWJX,Audio Array,0.0,,,,,,,,,,15,,,,31703.4,,,,0,13,Audio_Array,10973.97,694.0,99626.0,39566.62,21.0,SP_SD,0.2773542445627147,3.605497372418551,,522.5699999999999,,,Audio Array,Microphone Condenser,XLR Microphone Kit - Boomarm,,,AM-C43,15
FBA79106,AM-C44,B0CM9KJZWQ,B0CM9KJZWQ,Audio Array,0.0,,,,,,,,,,7,,,,27875.4,,,,0,13,Audio_Array,3504.75,120.0,18999.0,25417.78,8.0,SP_SD,0.1378857634301658,7.252380340965832,,438.09375,,,Audio Array,Microphone Dynamic,Dynamic Microphone,,,AM-C44,7
FBA79694,AA-26,B0DT6T6N6B,B0DT6T6N6B,Audio Array,0.0,,,,,,,,,,59,,,,27449.83,,,,0,13,Audio_Array,881.64,90.0,4501.0,4187.25,9.0,SP_SD,0.2105534658785599,4.749387505104124,,97.96,,,Audio Array,Microphone Accessories,Accessories,,,AA-26,59
FBA79109,AM-W18,B0CM9HYVDM,B0CM9HYVDM,Audio Array,0.0,,,,,,,,,,24,,,,24183.02,,,,0,13,Audio_Array,2008.67,100.0,11439.0,7053.4,7.0,SP_SD,0.2847803895993422,3.5114777439798472,,286.9528571428572,,,Audio Array,Speaker Karaoke,Microphone with Speaker,,,AM-W18,24
FBA79833,PB-04 (AI-04 RED + AM-C44 X 2),B0FJ8PZ9H7,B0FJ8PZ9H7,Audio Array,0.0,,,,,,,,,,2,,,,22710.15,,,,0,13,Audio_Array,231.16,23.0,2453.0,0.0,0.0,SP_SD,,0.0,,,,,Audio Array,Bundles,PB-04,,,PB-04 (AI-04 RED + AM-C44 X 2),2
FBA79104,AI-11,B0CM6NVLT9,B0CM6NVLT9,Audio Array,0.0,,,,,,,,,,17,,,,22316.11,,,,0,13,Audio_Array,3993.52,398.0,47661.0,7960.15,7.0,SP_SD,0.5016890385231434,1.993266591878844,,570.5028571428571,,,Audio Array,Audio Interface,Audio Interface,,,AI-11,17
FBA79355,AA-19BL,B0D3M86SH1,B0D3M86SH1,Audio Array,0.0,,,,,,,,,,5,,,,21166.96,,,,0,13,Audio_Array,796.03,48.0,5656.0,12699.16,4.0,SP_SD,0.0626836735658106,15.953117344823688,,199.0075,,,Audio Array,Microphone Accessories,Accessories,,,AA-19BL,5
FBA79838,AH-40 SL,B0FQBX8J17,B0FQBX8J17,Audio Array,0.0,,,,,,,,,,20,,,,20322.0,,,,0,13,Audio_Array,8451.02,498.0,86428.0,13676.26,12.0,SP_SD,0.6179335578586543,1.6182969629701502,,704.2516666666667,,,Audio Array,DJ Headphone,DJ Headphone,,,AH-40 SL,20
FBA75677,AM-C5,B0B4KC7VBM,B0B4KC7VBM,Audio Array,0.0,,,,,,,,,,10,,,,19483.05,,,,0,13,Audio_Array,3067.71,155.0,27246.0,3938.99,2.0,SP_SD,0.7788062422092974,1.2840164161540693,,1533.855,,,Audio Array,Microphone Conference,Conference Microphone,,,AM-C5,10
FBA78960,AM-C39,B0CBCB82MT,B0CBCB82MT,Audio Array,0.0,,,,,,,,,,12,,,,17277.98,,,,0,13,Audio_Array,2628.53,147.0,14103.0,11222.03,8.0,SP_SD,0.2342294575936796,4.269317831639737,,328.56625,,,Audio Array,Microphone Condenser,XLR Microphone Kit - Tripod,,,AM-C39,12
FBA75691,AM-W14,B0B4G5JG4P,B0B4G5JG4P,Audio Array,0.0,,,,,,,,,,3,,,,16522.89,,,,0,13,Audio_Array,311.1,32.0,3719.0,0.0,0.0,SP_SD,,0.0,,,,,Audio Array,Microphone Wireless Handheld,Wireless Microphone,,,AM-W14,3
FBA75690,AM-C10,B0B4K87PR4,B0B4K87PR4,Audio Array,0.0,,,,,,,,,,5,,,,16036.61,,,,0,13,Audio_Array,2435.82,82.0,27326.0,15442.49,7.0,SP_SD,0.157734924872867,6.339750063633601,,347.9742857142857,,,Audio Array,Microphone Conference,Conference Microphone,,,AM-C10,5
FBA79449,AM-W36,B0DFMNGFTD,B0DFMNGFTD,Audio Array,0.0,,,,,,,,,,3,,,,15760.17,,,,0,13,Audio_Array,2125.42,139.0,14321.0,10761.01,2.0,SP_SD,0.1975112001568626,5.063004018029377,,1062.71,,,Audio Array,Microphone Wireless Handheld,Wireless Microphone,,,AM-W36,3
FBA77171,AC-6XL,B0CH4VCD6R,B0CH4VCD6R,Audio Array,0.0,,,,,,,,,,31,,,,14422.91,,,,0,13,Audio_Array,0.0,0.0,0.0,0.0,0.0,,,,,,,,Audio Array,Microphone Accessories,Accessories,,,AC-6XL,31
FBA76863,AI-03,B0BPM2T7BQ,B0BPM2T7BQ,Audio Array,0.0,,,,,,,,,,4,,,,13216.96,,,,0,13,Audio_Array,0.0,0.0,0.0,0.0,0.0,,,,,,,,Audio Array,Audio Interface,Audio Interface,,,AI-03,4
FBA79105,AI-12,B0CM6WH4ZT,B0CM6WH4ZT,Audio Array,0.0,,,,,,,,,,11,,,,13041.53,,,,0,13,Audio_Array,5785.88,512.0,69358.0,19270.31,11.0,SP_SD,0.3002484132325843,3.330575469937157,,525.9890909090909,,,Audio Array,Audio Interface,Audio Interface,,,AI-12,11
FBA75679,AA-02,B0B4JRQP22,B0B4JRQP22,Audio Array,0.0,,,,,,,,,,6,,,,12706.8,,,,0,13,Audio_Array,0.0,0.0,0.0,0.0,0.0,,,,,,,,Audio Array,Microphone Accessories,Accessories,,,AA-02,6
FBA78925,AM-C11X,B0CBC7QMNV,B0CBC7QMNV,Audio Array,0.0,,,,,,,,,,4,,,,12369.48,,,,0,13,Audio_Array,5065.21,191.0,24322.0,9279.17,3.0,SP_SD,0.5458688654265413,1.831941814850717,,1688.4033333333334,,,Audio Array,Microphone Dynamic,XLR Dynamic Mic,,,AM-C11X,4
FBA79379,AM-C45,B0D3LZWTHV,B0D3LZWTHV,Audio Array,0.0,,,,,,,,,,4,,,,11861.0,,,,0,13,Audio_Array,1936.98,118.0,18765.0,5930.5,2.0,SP_SD,0.3266132703819239,3.061724953277783,,968.49,,,Audio Array,Microphone Dynamic,Dynamic Microphone,,,AM-C45,4
FBA79010,AM-C42,B0CH4T2BJD,B0CH4T2BJD,Audio Array,0.0,,,,,,,,,,6,,,,11723.34,,,,0,13,Audio_Array,900.61,60.0,8635.0,5262.860000000001,3.0,SP_SD,0.171125585708151,5.843661518304261,,300.2033333333333,,,Audio Array,Microphone Condenser,USB Microphone Kit - Boomarm,,,AM-C42,6
FBA79841,AH-60 BL,B0FQBTRM28,B0FQBTRM28,Audio Array,0.0,,,,,,,,,,7,,,,11520.32,,,,0,13,Audio_Array,3331.21,184.0,34979.0,11616.93,8.0,SP_SD,0.2867547622306409,3.4873004103614003,,416.40125,,,Audio Array,DJ Headphone,DJ Headphone,,,AH-60 BL,7
FBA79783,AM-C47,B0FF9R3GKK,B0FF9R3GKK,Audio Array,0.0,,,,,,,,,,4,,,,9827.12,,,,0,13,Audio_Array,1288.3,83.0,22413.0,2456.78,1.0,SP_SD,0.5243855778702203,1.9069937126445704,,1288.3,,,Audio Array,Microphone Condenser,USB Microphone Kit - Boomarm,,,AM-C47,4
FBA79969,UB-03 (AM-S1 + AA-22),B0G3B677Z5,B0G3B677Z5,Audio Array,0.0,,,,,,,,,,1,,,,9744.92,,,,0,13,Audio_Array,1448.94,149.0,15543.0,17201.7,2.0,SP_SD,0.0842323723817994,11.871920162325562,,724.47,,,Audio Array,Bundles,UB-03,,,UB-03 (AM-S1 + AA-22),1
FBA78976,AA-22,B0CF5SHL15,B0CF5SHL15,Audio Array,0.0,,,,,,,,,,3,,,,9404.25,,,,0,13,Audio_Array,0.0,0.0,0.0,0.0,0.0,,,,,,,,Audio Array,Microphone Accessories,Accessories,,,AA-22,3
FBA79962,AM-MIX4 OTG,B0G53LZNY3,B0G53LZNY3,Audio Array,0.0,,,,,,,,,,2,,,,9320.34,,,,0,13,Audio_Array,0.0,0.0,0.0,0.0,0.0,,,,,,,,UNKNOWN,,,,,AM-MIX4 OTG,2
FBA79448,AM-W35,B0DFMKY4TT,B0DFMKY4TT,Audio Array,0.0,,,,,,,,,,3,,,,9150.0,,,,0,13,Audio_Array,924.99,89.0,14554.0,3050.08,1.0,SP_SD,0.3032674552798615,3.2974194315614223,,924.99,,,Audio Array,Microphone Wireless Handheld,Wireless Microphone,,,AM-W35,3
FBA75678,AA-01,B0B4G8PH2P,B0B4G8PH2P,Audio Array,0.0,,,,,,,,,,5,,,,9105.93,,,,0,13,Audio_Array,1080.37,46.0,15209.0,9287.75,6.0,SP_SD,0.1163220370918683,8.596823310532503,,180.06166666666664,,,Audio Array,Microphone Accessories,Accessories,,,AA-01,5
FBA75684,AA-04,B0B4G7VWXD,B0B4G7VWXD,Audio Array,0.0,,,,,,,,,,6,,,,8638.98,,,,0,13,Audio_Array,0.0,0.0,0.0,0.0,0.0,,,,,,,,Audio Array,Microphone Accessories,Accessories,,,AA-04,6
FBA79356,AA-19WL,B0D3Q2T5XX,B0D3Q2T5XX,Audio Array,0.0,,,,,,,,,,2,,,,8472.88,,,,0,13,Audio_Array,147.55,13.0,1333.0,0.0,0.0,SP_SD,,0.0,,,,,Audio Array,Microphone Accessories,Accessories,,,AA-19WL,2
FBA75692,AM-C11,B0B4G1HPL5,B0B4G1HPL5,Audio Array,0.0,,,,,,,,,,2,,,,7964.4,,,,0,13,Audio_Array,1700.72,82.0,16578.0,9236.79,3.0,SP_SD,0.1841245714149612,5.431105649372031,,566.9066666666666,,,Audio Array,Microphone Dynamic,USB/XLR Dynamic Mic,,,AM-C11,2
FBA79965,AM-MIX6,B0G53PRM34,B0G53PRM34,Audio Array,0.0,,,,,,,,,,1,,,,7202.54,,,,0,13,Audio_Array,0.0,0.0,0.0,0.0,0.0,,,,,,,,Audio Array,Mixers,6 channels mixer,,,AM-MIX6,1
FBA79064,AA-25,B0CJR76Y7G,B0CJR76Y7G,Audio Array,0.0,,,,,,,,,,10,,,,7194.94,,,,0,13,Audio_Array,0.0,0.0,0.0,0.0,0.0,,,,,,,,Audio Array,Microphone Accessories,Accessories,,,AA-25,10
FBA79108,AM-W16,B0CM9L1QZG,B0CM9L1QZG,Audio Array,0.0,,,,,,,,,,6,,,,6859.32,,,,0,13,Audio_Array,1377.78,90.0,31425.0,4572.88,4.0,SP_SD,0.301293714245727,3.3190204531928176,,344.445,,,Audio Array,Microphone Wireless Lapel,Wireless Lapel Microphone,,,AM-W16,6
FBA79445,AM-W32,B0DFMLS8JG,B0DFMLS8JG,Audio Array,0.0,,,,,,,,,,2,,,,6777.96,,,,0,13,Audio_Array,1577.0,98.0,15607.0,5252.54,2.0,SP_SD,0.3002356954920857,3.330716550412175,,788.5,,,UNKNOWN,,,,,AM-W32,2
FBA79446,AM-W33,B0DFMMTWLY,B0DFMMTWLY,Audio Array,0.0,,,,,,,,,,4,,,,6776.28,,,,0,13,Audio_Array,542.4300000000001,57.0,7187.0,1863.56,1.0,SP_SD,0.2910719268496856,3.435576940803421,,542.4300000000001,,,Audio Array,Microphone Wireless Handheld,Wireless Microphone,,,AM-W33,4
FBA79825,GB-02 (AM-C43 + AI-11),B0FJ2DT13L,B0FJ2DT13L,Audio Array,0.0,,,,,,,,,,2,,,,6608.48,,,,0,13,Audio_Array,0.0,0.0,0.0,0.0,0.0,,,,,,,,Audio Array,Bundles,GB-02,,,GB-02 (AM-C43 + AI-11),2
FBA80016,AM-W22 DUPLICATE,B0GKPXQ8G3,B0GKPXQ8G3,Audio Array,0.0,,,,,,,,,,2,,,,6474.28,,,,0,13,Audio_Array,3297.96,165.0,30282.0,3237.14,1.0,SP_SD,1.018788189574748,0.981558296643986,,3297.96,,,Audio Array,Microphone,Wireless Lapel Microphone,,,AM-W22 DUPLICATE,2
FBA75680,AM-C6,B0B4G1PXWV,B0B4G1PXWV,Audio Array,0.0,,,,,,,,,,4,,,,6437.28,,,,0,13,Audio_Array,717.11,75.0,11920.0,6733.889999999999,4.0,SP_SD,0.106492681050626,9.390316687816371,,179.2775,,,Audio Array,Microphone Condenser,USB Microphone Kit - Tripod,,,AM-C6,4
FBA79958,AM-W24,B0G3Q59X8C,B0G3Q59X8C,Audio Array,0.0,,,,,,,,,,4,,,,6437.28,,,,0,13,Audio_Array,2340.18,199.0,33434.0,13467.79,8.0,SP_SD,0.1737612481335096,5.755023117879822,,292.5225,,,Audio Array,Microphone Wireless Lapel,Wireless Lapel Microphone,,,AM-W24,4
FBA75683,AA-03,B0B4G94VP3,B0B4G94VP3,Audio Array,0.0,,,,,,,,,,15,,,,6343.2,,,,0,13,Audio_Array,860.27,54.0,5999.0,5118.64,10.0,SP_SD,0.1680661269399684,5.950038941262627,,86.027,,,Audio Array,Microphone Accessories,Accessories,,,AA-03,15
FBA79447,AM-W34,B0DFMLXD9S,B0DFMLXD9S,Audio Array,0.0,,,,,,,,,,2,,,,6100.16,,,,0,13,Audio_Array,2094.79,85.0,5989.0,0.0,0.0,SP_SD,,0.0,,,,,Audio Array,Microphone Wireless Handheld,Wireless Microphone,,,AM-W34,2
FBA79968,AI-14,B0G53M9258,B0G53M9258,Audio Array,0.0,,,,,,,,,,1,,,,5507.63,,,,0,13,Audio_Array,0.0,0.0,0.0,0.0,0.0,,,,,,,,Audio Array,Mixers,8 channels Mixer,,,AI-14,1
FBA76597,AA-06,B0BQ7H7418,B0BQ7H7418,Audio Array,0.0,,,,,,,,,,5,,,,5504.23,,,,0,13,Audio_Array,663.22,63.0,7718.0,2201.7,2.0,SP_SD,0.301230867057274,3.319712915774554,,331.61,,,Audio Array,Microphone Accessories,Accessories,,,AA-06,5
FBA79830,GB-03 (AI-12 + AM-C43),B0FJ8TSQK1,B0FJ8TSQK1,Audio Array,0.0,,,,,,,,,,2,,,,5337.28,,,,0,13,Audio_Array,64.53,15.0,2757.0,0.0,0.0,SP_SD,,0.0,,,,,Audio Array,Bundles,GB-03,,,GB-03 (AI-12 + AM-C43),2
FBA79982,AK-61 PRO,B0GN8MPYPG,B0GN8MPYPG,Audio Array,0.0,,,,,,,,,,1,,,,5274.29,,,,0,13,Audio_Array,737.9399999999999,124.0,9170.0,5274.29,1.0,SP_SD,0.1399126707101808,7.147315499905142,,737.9399999999999,,,Audio Array,Electronic Keyboard,,,,AK-61 PRO,1
FBA79815,AM-W19,B0FPR7VFCH,B0FPR7VFCH,Audio Array,0.0,,,,,,,,,,3,,,,5082.2,,,,0,13,Audio_Array,35.650000000000006,8.0,1963.0,0.0,0.0,SP_SD,,0.0,,,,,Audio Array,Microphone Wireless Lapel,Wireless Lapel Microphone,,,AM-W19,3
FBA79840,AH-60 RD,B0FQBWV1ST,B0FQBWV1ST,Audio Array,0.0,,,,,,,,,,3,,,,4955.08,,,,0,13,Audio_Array,1488.7,113.0,17149.0,3382.2,2.0,SP_SD,0.4401572940689492,2.2719150937059176,,744.35,,,Audio Array,DJ Headphone,DJ Headphone,,,AH-60 RD,3
FBA76723,AM-C20,B0BLKF46QG,B0BLKF46QG,Audio Array,0.0,,,,,,,,,,4,,,,4572.88,,,,0,13,Audio_Array,0.0,0.0,0.0,0.0,0.0,SP_SD,,,,,,,Audio Array,Microphone Condenser,USB Microphone Kit - Tripod,,,AM-C20,4
FBA78961,AM-C40,B0CBCB9S14,B0CBCB9S14,Audio Array,0.0,,,,,,,,,,2,,,,4235.6,,,,0,13,Audio_Array,760.91,52.0,11489.0,0.0,0.0,SP_SD,,0.0,,,,,Audio Array,Microphone Condenser,Condenser Mic with Boom Arm,,,AM-C40,2
FBK79010,AM-C42,B0FLYJFC22,B0FLYJFC22,Audio Array,0.0,,,,,,,,,,2,,,,3981.36,,,,0,13,Audio_Array,371.28,24.0,5856.0,5972.04,3.0,SP_SD,0.0621697108525729,16.085003232062057,,123.76,,,Audio Array,Microphone Condenser,USB Microphone Kit - Boomarm,,,AM-C42,2
FBA79979,AK-37-B,B0GN8RQJRG,B0GN8RQJRG,Audio Array,0.0,,,,,,,,,,1,,,,3837.14,,,,0,13,Audio_Array,824.65,132.0,13288.0,3837.14,1.0,SP_SD,0.2149126693318461,4.653052810283151,,824.65,,,Audio Array,Electronic Keyboard,,,,AK-37-B,1
FBA75689,AM-W13,B0B4G59Y8W,B0B4G59Y8W,Audio Array,0.0,,,,,,,,,,2,,,,3727.12,,,,0,13,Audio_Array,3087.63,216.0,38058.0,3050.08,1.0,SP_SD,1.0123111524943609,0.9878385687404254,,3087.63,,,Audio Array,Microphone Wireless Handheld,Wireless Microphone,,,AM-W13,2
FBA79846,AM-C11X PRO,B0FN7C25VS,B0FN7C25VS,Audio Array,0.0,,,,,,,,,,1,,,,3558.47,,,,0,13,Audio_Array,0.0,0.0,0.0,0.0,0.0,,,,,,,,Audio Array,Bundles,AM-C11X Pro,,,AM-C11X PRO,1
FBA75688,AM-W12,B0B4G763WS,B0B4G763WS,Audio Array,0.0,,,,,,,,,,1,,,,3388.98,,,,0,13,Audio_Array,141.43,21.0,2384.0,0.0,0.0,SP_SD,,0.0,,,,,Audio Array,Microphone Wireless Handheld,Wireless Microphone,,,AM-W12,1
FBA75676,AM-C4,B0B4DS678Q,B0B4DS678Q,Audio Array,0.0,,,,,,,,,,2,,,,3218.64,,,,0,13,Audio_Array,343.73,48.0,6192.0,1380.51,1.0,SP_SD,0.2489876929540532,4.016262764379018,,343.73,,,Audio Array,Microphone Condenser,USB Microphone Kit - Tripod,,,AM-C4,2
FBA75675,AM-C3,B0B4G8ZB64,B0B4G8ZB64,Audio Array,0.0,,,,,,,,,,4,,,,3047.44,,,,0,13,Audio_Array,1309.6,132.0,19592.0,3047.44,4.0,SP_SD,0.4297377470926417,2.327000610873549,,327.4,,,Audio Array,Microphone Dynamic,Vocal Microphone,,,AM-C3,4
FBA79816,AM-W22,B0FPR962YS,B0FPR962YS,Audio Array,0.0,,,,,,,,,,1,,,,3007.62,,,,0,13,Audio_Array,837.47,60.0,15796.0,0.0,0.0,SP_SD,,0.0,,,,,Audio Array,Microphone Wireless Lapel,Wireless Lapel Microphone,,,AM-W22,1
FBA79842,AM-C48,B0G4DNF8RZ,B0G4DNF8RZ,Audio Array,0.0,,,,,,,,,,1,,,,2795.76,,,,0,13,Audio_Array,2910.72,118.0,14392.0,2244.92,1.0,SP_SD,1.2965807244801597,0.7712593447669306,,2910.72,,,Audio Array,Microphone Dynamic,Microphone Dynamic,,,AM-C48,1
FBK79009,AM-C41,B0FLYHJ6DK,B0FLYHJ6DK,Audio Array,0.0,,,,,,,,,,2,,,,2761.0,,,,0,13,Audio_Array,0.0,0.0,0.0,0.0,0.0,,,,,,,,Audio Array,Microphone Condenser,USB Microphone Kit - Tripod,,,AM-C41,2
FBA79009,AM-C41,B0CH4PMR8K,B0CH4PMR8K,Audio Array,0.0,,,,,,,,,,2,,,,2710.16,,,,0,13,Audio_Array,536.55,75.0,6901.0,2710.16,2.0,SP_SD,0.1979772411960917,5.051085639735346,,268.275,,,Audio Array,Microphone Condenser,USB Microphone Kit - Tripod,,,AM-C41,2
FBA79465,AM-W21,B0DFMQCGT1,B0DFMQCGT1,Audio Array,0.0,,,,,,,,,,1,,,,2541.53,,,,0,13,Audio_Array,0.0,0.0,3.0,0.0,0.0,SP_SD,,,,,,,Audio Array,Microphone Wireless Lapel,Wireless Lapel Microphone,,,AM-W21,1
FBA79957,AM-W23,B0G3Q517Y2,B0G3Q517Y2,Audio Array,0.0,,,,,,,,,,1,,,,2541.52,,,,0,13,Audio_Array,1576.64,118.0,29074.0,3007.63,1.0,SP_SD,0.5242134172088987,1.9076200020296328,,1576.64,,,Audio Array,Microphone Wireless Lapel,Wireless Lapel Microphone,,,AM-W23,1
FBA79016,AM-C3A,B0CH4R1V6S,B0CH4R1V6S,Audio Array,0.0,,,,,,,,,,4,,,,2539.0,,,,0,13,Audio_Array,0.0,0.0,0.0,0.0,0.0,SP_SD,,,,,,,Audio Array,Microphone Dynamic,Vocal Microphone,,,AM-C3A,4
FBA79820,AC-3XL,B0FQJWWDVK,B0FQJWWDVK,Audio Array,0.0,,,,,,,,,,4,,,,1506.8,,,,0,13,Audio_Array,0.0,0.0,0.0,0.0,0.0,,,,,,,,Audio Array,Microphone Accessories,Accessories,,,AC-3XL,4
FBA79708,SB-01,B0FFB6YJM1,B0FFB6YJM1,Audio Array,0.0,,,,,,,,,,1,,,,1056.72,,,,0,13,Audio_Array,220.85,73.0,7561.0,0.0,0.0,SP_SD,,0.0,,,,,Audio Array,Sound Bar,Sound Bar,,,SB-01,1
FBA79845,UB-02 (AM-S1 + AA-21),B0FN7B3KWS,B0FN7B3KWS,Audio Array,0.0,,,,,,,,,,0,,,,0.0,,,,0,13,Audio_Array,1208.3,138.0,16256.0,9829.66,1.0,SP_SD,0.122923885465011,8.135115451460731,,1208.3,,,Audio Array,Bundles,UB-02,,,UB-02 (AM-S1 + AA-21),0
FBA79008,AI-06,B0CH4RT4P8,B0CH4RT4P8,Audio Array,0.0,,,,,,,,,,0,,,,0.0,,,,0,13,Audio_Array,0.0,0.0,0.0,0.0,0.0,,,,,,,,Audio Array,Audio Interface,Audio Interface,,,AI-06,0
FBA76414,AA-05,B0BLJVJ2GN,B0BLJVJ2GN,Audio Array,0.0,,,,,,,,,,0,,,,0.0,,,,0,13,Audio_Array,2987.97,377.0,90518.0,13800.04,10.0,SP_SD,0.2165189376262677,4.618533653282999,,298.797,,,Audio Array,Microphone Accessories,Accessories,,,AA-05,0
FBA79966,AM-MIX10,B0G53KWRVW,B0G53KWRVW,Audio Array,0.0,,,,,,,,,,0,,,,0.0,,,,0,13,Audio_Array,0.0,0.0,0.0,0.0,0.0,,,,,,,,Audio Array,Mixers,10 channels mixer,,,AM-MIX10,0
FBA79959,AM-W47 WIRED,B0G39ZHDYP,B0G39ZHDYP,Audio Array,0.0,,,,,,,,,,0,,,,0.0,,,,0,13,Audio_Array,387.61,33.0,9731.0,0.0,0.0,SP_SD,,0.0,,,,,Audio Array,Voice Amplifier,Wired Voice Amplifier,,,AM-W47 WIRED,0
FBA79844,PB-08 (AM-C1 + AI-04),B0FN7DYB2M,B0FN7DYB2M,Audio Array,0.0,,,,,,,,,,0,,,,0.0,,,,0,13,Audio_Array,0.0,0.0,0.0,0.0,0.0,,,,,,,,Audio Array,Bundles,PB-08,,,PB-08 (AM-C1 + AI-04),0
FBA79813,AH-50,B0FG88HVQ8,B0FG88HVQ8,"Audio Array AH-50 Professional DJ Headphone | 50mm Drivers | 32Ω | 20Hz-20kHz | Dual Detachable Cables With Mic & Controls | Buddy Share Technology | 105 dB SPL | One Ear Listening | Monitoring,Mixing",2161.0,43.0,0.031,0.0222,3348.0,63.0,0.0347,0.0234,0.5832,0.6818,46,1.0,0.0213,0.0233,79181.3559322034,1999.0,46.0,1.0,0,14,Audio_Array,20695.6,1402.0,176110.0,77420.34,47.0,SP_SD,0.2673147650862809,3.740908212373645,,440.331914893617,,,Audio Array,DJ Headphone,DJ Headphone,,,AH-50,46
FBA75673,AM-C1,B0B4DPX2J2,B0B4DPX2J2,"Audio Array AM-C1 USB Condenser Microphone Kit | for Podcasting, Online Meeting, Gaming, Singing & Live Streaming | Boom Arm, Pop Filter, Mic Cover, Spider Shock Mount, Tripod & 2.5M USB Cable",11372.0,190.0,0.1632,0.098,15847.0,281.0,0.1642,0.1044,0.0542,0.1013,15,2.0,0.0013,0.0105,29826.27118644068,5398.0,14.0,2.0,0,14,Audio_Array,87217.4,6045.0,1164398.0,293136.84,123.0,SP_SD,0.2975313508871828,3.360990352842438,,709.0845528455284,,,Audio Array,Microphone Condenser,USB Microphone Kit - Boomarm,,,AM-C1,15
FBA79972,M8,B0GCP1J2HC,B0GCP1J2HC,"Audio Array M8 Latest 2026 Edition 8-Channel Hybrid USB Summing Mixer (6 Analog + 2 Digital) for Recording & Live, 192kHz/24-Bit OTG, 99 DSP FX, 4 XLR Mic Inputs, Phantom Power, Hi-Z & Monitoring",2922.0,48.0,0.0419,0.0248,4329.0,64.0,0.0449,0.0238,0.5504,0.5789,12,0.0,0.0041,0.0,86862.71186440678,0.0,12.0,0.0,0,14,Audio_Array,5211.39,776.0,63919.0,27962.7,4.0,SP_SD,0.1863693420163289,5.365689384214193,,1302.8475,,,Audio Array,Mixers,8 channels Mixer,,,M8,12
FBA76414,AA-05,B0BLJVJ2GN,B0BLJVJ2GN,"Audio Array AA-05 Suspension Boom Scissor Microphone Arm Stand | Universal clamp with mic Holder & 3/8″ to 5/8″ Adapter for Shock mounts | Suitable for Stages, Studios, Broadcasting, TV Stations",282.0,5.0,0.004,0.0026,403.0,6.0,0.0042,0.0022,0.9178,0.75,11,1.0,0.039,0.2,6951.6949152542375,749.0,10.0,1.0,0,14,Audio_Array,2724.49,318.0,79786.0,21359.35,10.0,SP_SD,0.1275549115492746,7.839760835972971,,272.449,,,Audio Array,Microphone Accessories,Accessories,,,AA-05,11
FBA76864,AI-04 RED,B0BPLZ5CGV,B0BPLZ5CGV,Audio Array AI-04 HD 2x2 Gen 3 Audio Interface | Premium Mic Pre-Amps | 48V Phantom Power | 24bit/192kHz Hi-Fi Recording | XLR/MIC/LINE inputs | Plug & Play-No Drivers | 2 in 3 out | Metal Body | Red,9054.0,238.0,0.1299,0.1228,12522.0,303.0,0.1298,0.1126,0.0596,0.1442,10,2.0,0.0011,0.0084,36983.898305084746,9548.0,10.0,2.0,0,14,Audio_Array,60858.4,6495.0,1170762.0,295566.05,79.0,SP_SD,0.2059045685389103,4.856618806935443,,770.3594936708861,,,Audio Array,Audio Interface,Audio Interface,,,AI-04 RED,10
FBA79967,AM-W19,B0G2C2RCXN,B0G2C2RCXN,"Audio Array Wireless Lavalier Mic with AI Noise Cancellation for iPhone/Android, 32h Charging case and Plug-and-Play Setup for vlogging, Streaming, Meetings, and Video Recording",447.0,25.0,0.0064,0.0129,618.0,33.0,0.0064,0.0123,0.9892,1.0,8,3.0,0.0179,0.12,11858.474576271186,5997.0,8.0,3.0,0,14,Audio_Array,3171.69,385.0,65950.0,14627.13,8.0,SP_SD,0.2168361120739338,4.611777948034013,,396.46125,,,Audio Array,Microphone Wireless Lapel,Wireless Lapel Microphone,,,AM-W19,8
FBA75681,AM-C7,B0B4FZS38V,B0B4FZS38V,"Audio Array AM-C7 USB 2 in 1 Plug & Play Condenser Microphone Kit with Boom Arm | 3.5 mm No Latency Monitoring, Volume Control & Mute Button| for Conference, Gaming, Podcasting & Live Streaming",223.0,5.0,0.0032,0.0026,326.0,19.0,0.0034,0.0071,1.0,1.0,6,0.0,0.0269,0.0,9317.796610169493,0.0,6.0,0.0,0,14,Audio_Array,77.55,11.0,1272.0,0.0,0.0,SP_SD,,0.0,,,,,Audio Array,Microphone Condenser,USB Microphone Kit - Boomarm,,,AM-C7,6
FBA79005,AM-W45,B0CKHVHVQ1,B0CKHVHVQ1,"Audio Array AM-W45 Wireless Conference Microphone with Speaker | Bluetooth, USB & 4 Mics | 360° Pickup Upto 4M | Noise Reduction & Enhanced Voice | Portable Speakerphone for Video Calls/Zoom Meeting",1106.0,119.0,0.0159,0.0614,1473.0,162.0,0.0153,0.0602,0.1185,0.1382,8,3.0,0.0072,0.0252,34513.63559322034,15129.09,6.0,1.0,0,14,Audio_Array,12557.47,566.0,82523.0,112350.94,26.0,SP_SD,0.111770048385888,8.946940745229732,,482.9796153846154,,,Audio Array,Microphone Conference,Wireless Conference Microphone,,,AM-W45,8
FBA79904,PB-10 (AM-C2+AI-04+AH-60-BL),B0FTVQQVDC,B0FTVQQVDC,"Audio Array Professional Studio Recording Bundle – XLR Condenser Mic Kit, 2x2 USB Audio Interface, Closed-Back Headphone, Boom Arm, Pop Filter & 48V Phantom Power| 24-bit/192kHz Podcast Kit - PB-10",873.0,20.0,0.0125,0.0103,1174.0,23.0,0.0122,0.0085,0.2498,0.2632,5,0.0,0.0057,0.0,42368.64406779661,0.0,5.0,0.0,0,14,Audio_Array,2301.63,177.0,23301.0,0.0,0.0,SP_SD,,0.0,,,,,Audio Array,Bundles,PB-10,,,PB-10 (AM-C2+AI-04+AH-60-BL),5
FBA75691,AM-W14,B0B4G5JG4P,B0B4G5JG4P,"Audio Array AM-W14 UHF Dual Wireless Premium Metal Microphone | 2X XLR Outs & 1/4"" Mix Out | Range up to 200ft/60m | Karaoke Singing, Wedding, DJ, Church | PA System, Amplifier, Mixer, Party Box",457.0,13.0,0.0066,0.0067,629.0,18.0,0.0065,0.0067,0.3883,0.1429,4,1.0,0.0088,0.0769,20759.322033898305,5999.0,4.0,1.0,0,14,Audio_Array,427.41,43.0,3574.0,5507.63,1.0,SP_SD,0.0776032522155627,12.886057883531038,,427.41,,,Audio Array,Microphone Wireless Handheld,Wireless Microphone,,,AM-W14,4
FBA78975,AA-21,B0CF5TCQKL,B0CF5TCQKL,"Audio Array AA-21 Desktop Mount Speaker Stands | 15KG Capacity | Height, Tilt & Rotation Adjustable | Smart Cable Management | for Sound Editing, Gaming, Music Production | Black (Set of 2)",893.0,43.0,0.0128,0.0222,1223.0,53.0,0.0127,0.0197,0.1983,0.2162,4,0.0,0.0045,0.0,12772.033898305086,0.0,4.0,0.0,0,14,Audio_Array,3997.56,343.0,23118.0,45220.37,15.0,SP_SD,0.0884017534575679,11.311992815617527,,266.504,,,Audio Array,Microphone Accessories,Accessories,,,AA-21,4
FBK79708,SB-01,B0FJS7JZ4V,B0FJS7JZ4V,"Audio Array SB-01 25W | 2.0 Sound Bar Speaker | BT v5.3 AUX, USB, TF Card, TWS Connectivity | Inbuilt FM Radio | Build in Mics | Dynamic LED Lights",353.0,9.0,0.0051,0.0046,471.0,10.0,0.0049,0.0037,1.0,1.0,4,0.0,0.0113,0.0,3386.4406779661017,0.0,4.0,0.0,0,14,Audio_Array,680.18,201.0,18121.0,1693.22,2.0,SP_SD,0.4017079883299275,2.4893704607603877,,340.09,,,Audio Array,Sound Bar,Sound Bar,,,SB-01,4
FBA79839,AH-45 BK,B0FQBXS6Y2,B0FQBXS6Y2,"Audio Array AH-45-BK Studio Monitoring & Live Recording Headphones | 20-20KHz, 32 Ω, 100dB SPL | 40mm Depp Bass Closed-Back Driver | 3m OFC Cable | 3.5mm + 6.3mm Adapter (Black)",820.0,20.0,0.0118,0.0103,1137.0,34.0,0.0118,0.0126,0.0844,0.1111,4,0.0,0.0049,0.0,5166.949152542373,0.0,4.0,0.0,0,14,Audio_Array,4115.44,341.0,53988.0,17784.739999999998,14.0,SP_SD,0.2314028768483542,4.321467449410027,,293.96,,,Audio Array,DJ Headphone,DJ Headphone,,,AH-45 BK,4
FBA79982,AK-61 PRO,B0GN8MPYPG,B0GN8MPYPG,"Audio Array AK61 Pro Music Production Keyboard 61 Velocity Sensitive Keys, Built-in Stereo Speakers, 200+ Presets, Sustain/Touch, Tempo, Octave/Transpose/Tune, Mic In, Headphone Out, LCD, BT Audio",1011.0,7.0,0.0145,0.0036,1576.0,8.0,0.0163,0.003,0.3947,0.3333,4,0.0,0.004,0.0,18640.67796610169,0.0,4.0,0.0,0,14,Audio_Array,4665.31,1017.0,67606.0,41517.8,9.0,SP_SD,0.1123689116475342,8.899258570170044,,518.3677777777777,,,Audio Array,Electronic Keyboard,,,,AK-61 PRO,4
FBA75689,AM-W13,B0B4G59Y8W,B0B4G59Y8W,"Audio Array AM-W13 UHF Wireless Premium Metal Microphone | 4+ Hours Receiver Battery Backup | Range up to 60m | Karaoke Singing, Wedding, DJ | Compatible with PA System, Amplifier, Mixer, Party Box",298.0,10.0,0.0043,0.0052,393.0,12.0,0.0041,0.0045,0.7457,0.75,3,0.0,0.0101,0.0,5590.677966101695,0.0,3.0,0.0,0,14,Audio_Array,3957.83,242.0,42434.0,10711.86,5.0,SP_SD,0.3694811171915988,2.7064982578837395,,791.566,,,Audio Array,Microphone Wireless Handheld,Wireless Microphone,,,AM-W13,3
FBA75683,AA-03,B0B4G94VP3,B0B4G94VP3,"Audio Array AA-03 Double Layer Professional Pop Filter | Flexible 360° Free Angle Adjustable, Durable Windshield | Metal Gooseneck Stabilizing Arm Holder with 32cm Arm Length | Suitable for Recording.",99.0,3.0,0.0014,0.0015,125.0,3.0,0.0013,0.0011,0.1186,0.0,3,0.0,0.0303,0.0,1277.1186440677966,0.0,3.0,0.0,0,14,Audio_Array,827.77,50.0,6046.0,4408.469999999999,8.0,SP_SD,0.1877680918776809,5.32571849668386,,103.47125,,,Audio Array,Microphone Accessories,Accessories,,,AA-03,3
FBA78973,AA-19,B0CF5R3V95,B0CF5R3V95,"Audio Array AA-19 2in1 High & Low Profile Mic Stand | 71cm reach | Premium Metal design with Built In Cable Management | Flexible Position adjustments | 2Kg Weight Capacity |5/8"" to 3/8"" Screw Adapter",823.0,36.0,0.0118,0.0186,1107.0,50.0,0.0115,0.0186,0.0689,0.1,3,0.0,0.0036,0.0,9912.71186440678,0.0,3.0,0.0,0,14,Audio_Array,4929.1,326.0,30142.0,30538.95,14.0,SP_SD,0.1614037155828867,6.195644235255929,,352.0785714285715,,,Audio Array,Microphone Accessories,Accessories,,,AA-19,3
FBA78974,AA-20,B0CF5RRTDJ,B0CF5RRTDJ,"Audio Array AA-20 Microphone Arm Stand | 81cm Reach | Premium light weight & slick design | Flexible height & position adjustments | 1kg Weight Capacity | 5/8"" to 3/8"" Screw Adapter | Cable Ties",137.0,6.0,0.002,0.0031,191.0,7.0,0.002,0.0026,0.2771,0.25,3,0.0,0.0219,0.0,3557.627118644068,0.0,3.0,0.0,0,14,Audio_Array,101.81,11.0,888.0,0.0,0.0,SP_SD,,0.0,,,,,Audio Array,Microphone Accessories,Accessories,,,AA-20,3
FBA78976,AA-22,B0CF5SHL15,B0CF5SHL15,"Audio Array AA-22 Desktop Mount Speaker Stands | 15KG Capacity | Height, Tilt & Rotation Adjustable | Smart Cable Management | for Sound Editing, Gaming, Music Production | Red (Set of 2)",219.0,12.0,0.0031,0.0062,272.0,23.0,0.0028,0.0085,0.2705,0.3,3,0.0,0.0137,0.0,9531.35593220339,0.0,3.0,0.0,0,14,Audio_Array,0.0,0.0,0.0,0.0,0.0,,,,,,,,Audio Array,Microphone Accessories,Accessories,,,AA-22,3
FBA79694,AA-26,B0DT6T6N6B,B0DT6T6N6B,"Audio Array AA-26 Tabletop Metal Microphone Stand | Extendable height up to 22cm | Studio Sound Recording, Streaming, Podcasting, Singing | Stylish Sturdy Metal Design to last long, flat base",788.0,36.0,0.0113,0.0186,1041.0,49.0,0.0108,0.0182,0.0536,0.0256,5,0.0,0.0063,0.0,2844.06779661017,0.0,3.0,0.0,0,14,Audio_Array,615.36,69.0,4756.0,4103.36,8.0,SP_SD,0.1499649068080792,6.668226729069162,,76.92,,,Audio Array,Microphone Accessories,Accessories,,,AA-26,5
FBA79482,AM-S1,B0DXFPM4N2,B0DXFPM4N2,"Audio Array AM-S1 |Professional 4"" Studio Monitor Speaker Pair| 60W Class D Amplification,Woven Composite Woofer,1.5"" Silk-Dome Tweeter,EQ Controls|Music/Monitor Mode, Aux, HDMI, USB C, TRS, RCA",4938.0,109.0,0.0709,0.0562,6813.0,177.0,0.0706,0.0658,0.08,0.08,3,0.0,0.0006,0.0,23031.35593220339,0.0,3.0,0.0,0,14,Audio_Array,32908.82,3349.0,349200.0,196866.96,27.0,SP_SD,0.1671627377189143,5.982194439059194,,1218.845185185185,,,Audio Array,Monitor Speakers,Studio Monitor Speaker,,,AM-S1,3
FBA79722,AM-W21,B0F2HYY7JF,B0F2HYY7JF,"Audio Array AM-W21 Dual Wireless Lapel Mic | TFT Card Recording, Noise Cancellation & Echo | Android, iOS, DSLR Camera, Laptops | 360° Pickup, Plug n Play, 60M Working Range, 48-Hour Battery Life",102.0,6.0,0.0015,0.0031,172.0,8.0,0.0018,0.003,0.9868,1.0,3,0.0,0.0294,0.0,7590.677966101695,0.0,3.0,0.0,0,14,Audio_Array,423.9,36.0,10608.0,4998.31,2.0,SP_SD,0.0848086653288811,11.791247935833924,,211.95,,,Audio Array,Microphone Wireless Lapel,Wireless Lapel Microphone,,,AM-W21,3
FBA79824,GB-01 (AM-C43 +AI-10),B0FJ2K95XT,B0FJ2K95XT,"Audio Array Ultimate Gaming Bundle | Condenser Mic with Boom Arm & Sound Card | Streaming Kit for PC/Mobile with 14 FX, Voice Modes, Loopback, Real Time Monitoring |for YouTube & Live Stream - GB-01",223.0,5.0,0.0032,0.0026,286.0,5.0,0.003,0.0019,1.0,1.0,3,0.0,0.0135,0.0,14234.745762711866,0.0,3.0,0.0,0,14,Audio_Array,72.25,11.0,3087.0,0.0,0.0,SP_SD,,0.0,,,,,Audio Array,Bundles,GB-01,,,GB-01 (AM-C43 +AI-10),3
FBA79838,AH-40 SL,B0FQBX8J17,B0FQBX8J17,"Audio Array AH-40-SL Wired Over-Ear Headphones | 40mm Drivers, 15-22KHz, 32Ω, 105dB SPL Sound, Studio Monitoring, Gaming, Live Music Headset with 3.5mm + 6.3mm Plug Compatibility",604.0,14.0,0.0087,0.0072,824.0,19.0,0.0085,0.0071,0.0575,0.0,3,0.0,0.005,0.0,3429.661016949153,0.0,3.0,0.0,0,14,Audio_Array,4285.12,345.0,55690.0,16046.58,15.0,SP_SD,0.2670425723113585,3.744721268015832,,285.67466666666667,,,Audio Array,DJ Headphone,DJ Headphone,,,AH-40 SL,3
FBA75676,AM-C4,B0B4DS678Q,B0B4DS678Q,"Audio Array AM-C4 USB Plug & Play Condenser Microphone with Tripod, Pop-Filter & Shock Mount | for Conference, Gaming, Podcasting, Voice Over, YouTube, Skype, Zoom & Live Streaming on iOS,Windows",261.0,6.0,0.0037,0.0031,352.0,6.0,0.0036,0.0022,0.4722,0.5,2,0.0,0.0077,0.0,3250.8474576271187,0.0,2.0,0.0,0,14,Audio_Array,602.2,82.0,11499.0,6469.49,4.0,SP_SD,0.0930830714631292,10.743091996014613,,150.55,,,Audio Array,Microphone Condenser,USB Microphone Kit - Tripod,,,AM-C4,2
FBA75677,AM-C5,B0B4KC7VBM,B0B4KC7VBM,"Audio Array AM-C5 USB Plug & Play Conference Mic for Mac OS & Windows | Conference, Recording, Skype, Online Class with Range Upto 5M | One Touch Mute Button & Light Indicator (NOT A Speaker)",572.0,42.0,0.0082,0.0217,766.0,58.0,0.0079,0.0216,0.1921,0.2444,2,0.0,0.0035,0.0,3977.9661016949153,0.0,2.0,0.0,0,14,Audio_Array,2816.36,142.0,22001.0,17494.08,7.0,SP_SD,0.1609893175291298,6.211592268033916,,402.3371428571429,,,Audio Array,Microphone Conference,Conference Microphone,,,AM-C5,2
FBA79008,AI-06,B0CH4RT4P8,B0CH4RT4P8,"Audio Array AI-06 Streaming Audio Mixer Sound Card | XLR, 1/4"" & line in | PC/Phone RGB Mixer with Volume Fader, Individual Control, Mute and Monitoring, 48V Phantom Power | Stream, Podcast & Karaoke",406.0,15.0,0.0058,0.0077,510.0,21.0,0.0053,0.0078,0.083,0.0,2,0.0,0.0049,0.0,5647.457627118644,0.0,2.0,0.0,0,14,Audio_Array,0.0,0.0,0.0,0.0,0.0,,,,,,,,Audio Array,Audio Interface,Audio Interface,,,AI-06,2
FBA79109,AM-W18,B0CM9HYVDM,B0CM9HYVDM,"Audio Array AM-W18 Wireless Karaoke Speaker with Microphone | Portable Bluetooth Speaker for Singing & Gifting with Voice Changer | Upto 8+ Hours of Playback | Bluetooth v5.3, SD Card & AUX in (Pink)",402.0,17.0,0.0058,0.0088,575.0,25.0,0.006,0.0093,0.0369,0.0,2,0.0,0.005,0.0,1007.627118644068,0.0,2.0,0.0,0,14,Audio_Array,2513.8,144.0,17337.0,4030.52,4.0,SP_SD,0.6236912358703096,1.6033574667833557,,628.45,,,Audio Array,Speaker Karaoke,Microphone with Speaker,,,AM-W18,2
FBA79903,AA-25M,B0FR5DLXH9,B0FR5DLXH9,"Audio Array AA-25 Metal Handheld Microphone Interview Adapter with Wind Shield for Wireless Lapel Microphones | Supports, Rode Go, DJI, Hollyland mics etc | Foam Cover with Built-in Cold Shoe Mount",142.0,6.0,0.002,0.0031,199.0,9.0,0.0021,0.0033,1.0,1.0,2,0.0,0.0141,0.0,1538.9830508474577,0.0,2.0,0.0,0,14,Audio_Array,0.0,0.0,0.0,0.0,0.0,,,,,,,,Audio Array,Microphone Accessories,Accessories,,,AA-25M,2
FBA80016,AM-W22 DUPLICATE,B0GKPXQ8G3,B0GKPXQ8G3,"Audio Array AM-W22_V2 | Latest 2026 Edition Wireless Microphone for Camera/iPhone/Android/iPad/Laptop, Lav Mic with Charging Case, AI Noise Reduction, 50H Battery, 230ft Range, for Recording, YouTube",174.0,10.0,0.0025,0.0052,282.0,16.0,0.0029,0.0059,0.4228,0.7857,2,0.0,0.0115,0.0,5818.64406779661,0.0,2.0,0.0,0,14,Audio_Array,915.97,127.0,24007.0,8480.51,3.0,SP_SD,0.1080088343743477,9.258501916001617,,305.3233333333333,,,Audio Array,Microphone,Wireless Lapel Microphone,,,AM-W22 DUPLICATE,2
FBA79956,A3-XLR,B0GMPGNXX3,B0GMPGNXX3,"Audio Array A3-XLR 3-Pin Male to Female XLR Cable |16 Amp High Current | Professional Audio Plug Silver Plated Contacts | Zinc Diecast Metal Body | Latch Lock Compatible with Mic, Mixer & PA Systems.",18.0,2.0,0.0003,0.001,23.0,3.0,0.0002,0.0011,1.0,1.0,2,0.0,0.1111,0.0,1184.7457627118645,0.0,2.0,0.0,0,14,Audio_Array,0.0,0.0,0.0,0.0,0.0,,,,,,,,Audio Array,Microphone Accessories,Accessories,,,A3-XLR,2
FBA80007,MT-12,B0GN2LHJY4,B0GN2LHJY4,"Audio Array MT-12 12 Analog+2 Digital Channel Hybrid Analog+USB Mixer, 48kHz DSP, 4 XLR & 8 TRS Inputs, 3-Band EQ, +48V Phantom, 24dBu Balanced XLR Out, Graphical EQ, Type-C Power, Studio & Streaming",936.0,10.0,0.0134,0.0052,1288.0,12.0,0.0133,0.0045,0.3172,0.5,2,0.0,0.0021,0.0,7626.271186440678,0.0,2.0,0.0,0,14,Audio_Array,5091.36,727.0,79795.0,10744.11,4.0,SP_SD,0.4738745228781164,2.110263269538984,,1272.84,,,Audio Array,Mixers,12 channels Mixer,,,MT-12,2
FBA75692,AM-C11,B0B4G1HPL5,B0B4G1HPL5,"Audio Array AM-C11 XLR/USB Dynamic Podcast Microphone | Built-in Monitoring | One Touch Mute and Volume Control | Premium Metal Build | 2M XLR & USB Cable | Streaming, Gaming, Podcasting, Singing",159.0,5.0,0.0023,0.0026,215.0,5.0,0.0022,0.0019,0.1762,0.25,2,0.0,0.0126,0.0,7964.406779661017,0.0,1.0,0.0,0,14,Audio_Array,1974.46,75.0,23490.0,0.0,0.0,SP_SD,,0.0,,,,,Audio Array,Microphone Dynamic,USB/XLR Dynamic Mic,,,AM-C11,2
FBA75680,AM-C6,B0B4G1PXWV,B0B4G1PXWV,"Audio Array AM-C6 USB Plug & Play Condenser Microphone Kit | with pop-Filter & Shock Mount | 3.5 mm No Latency Monitoring, Volume Control & Mute Button | Gaming, Podcasting & Streaming",374.0,6.0,0.0054,0.0031,542.0,9.0,0.0056,0.0033,0.1458,0.5,1,0.0,0.0027,0.0,1609.322033898305,0.0,1.0,0.0,0,14,Audio_Array,1717.52,153.0,23322.0,0.0,0.0,SP_SD,,0.0,,,,,Audio Array,Microphone Condenser,USB Microphone Kit - Tripod,,,AM-C6,1
FBA75687,AM-W11,B0B4G5ZLTB,B0B4G5ZLTB,"Audio Array AM-W11 Wireless Mic | Upto 4hr Battery & 60m Range | Volume & Mute Buttons with Indicators | Streaming, Vlogging, YouTube | 1x Lapel mic, Type C Adapter for Plug & Play | 2 Year Warranty",6.0,4.0,0.0001,0.0021,10.0,6.0,0.0001,0.0022,0.8571,0.6667,1,1.0,0.1667,0.25,1863.5593220338983,2199.0,1.0,1.0,0,14,Audio_Array,0.0,0.0,0.0,0.0,0.0,SP_SD,,,,,,,Audio Array,Microphone Wireless Lapel,Wireless Microphone,,,AM-W11,1
FBA75688,AM-W12,B0B4G763WS,B0B4G763WS,"Audio Array AM-W12 UHF Dual Wireless Premium Metal Microphones | 4+ Hours Receiver Battery Backup | Range up to 60m| Karaoke Singing, Wedding, DJ, Church | PA System, Amplifier, Mixer, Party Box, etc",207.0,11.0,0.003,0.0057,293.0,17.0,0.003,0.0063,0.0787,0.0769,1,1.0,0.0048,0.0909,3388.983050847458,3999.0,1.0,1.0,0,14,Audio_Array,67.34,12.0,1324.0,0.0,0.0,SP_SD,,0.0,,,,,Audio Array,Microphone Wireless Handheld,Wireless Microphone,,,AM-W12,1
FBA75684,AA-04,B0B4G7VWXD,B0B4G7VWXD,"Audio Array AA-04 Metal Spider Shock Mount for Condenser Microphone | Anti Vibration, Suspension, Isolation | 4 Size Bottom Screws & Extra Replacement Elastic Bands | Recommended For Rode, Samson, etc",113.0,6.0,0.0016,0.0031,155.0,6.0,0.0016,0.0022,0.2324,0.4,1,0.0,0.0088,0.0,1439.8305084745764,0.0,1.0,0.0,0,14,Audio_Array,0.0,0.0,0.0,0.0,0.0,,,,,,,,Audio Array,Microphone Accessories,Accessories,,,AA-04,1
FBA75678,AA-01,B0B4G8PH2P,B0B4G8PH2P,"Audio Array AA-01 Suspension Boom Scissor Microphone Stand | Double Layer Mesh Pop Filter | 70cm Sturdy Boom Arm with 1.8kg Capacity | 5/8"" to 3/8"" Screw Adapter | Mic Holder, Foam Cover, Cable Ties",210.0,11.0,0.003,0.0057,292.0,17.0,0.003,0.0063,0.3282,0.0,1,0.0,0.0048,0.0,1821.1864406779664,0.0,1.0,0.0,0,14,Audio_Array,1524.53,71.0,22669.0,5463.57,3.0,SP_SD,0.2790355024278997,3.5837733596583865,,508.1766666666667,,,Audio Array,Microphone Accessories,Accessories,,,AA-01,1
FBA75675,AM-C3,B0B4G8ZB64,B0B4G8ZB64,"Audio Array AM-C3 XLR to TRS Dynamic Handheld Karaoke Microphone | Premium Metal Built with 3M Cable | Singing, Public Meetings, Studio Recording, Live Show, Party, Church, Wedding",356.0,9.0,0.0051,0.0046,543.0,9.0,0.0056,0.0033,0.0783,0.0,1,0.0,0.0028,0.0,761.8644067796611,0.0,1.0,0.0,0,14,Audio_Array,1393.48,186.0,18862.0,7489.830000000001,10.0,SP_SD,0.1860496166134611,5.374910296523812,,139.348,,,Audio Array,Microphone Dynamic,Vocal Microphone,,,AM-C3,1
FBA75679,AA-02,B0B4JRQP22,B0B4JRQP22,"Audio Array AA-02 3-Panel Curved Isolation Shield with Insulation, Absorption & Reflection Filter | 3/8"" and 5/8"" Universal Mic Mount for Recording Studio, Podcasts, Singing & Broadcasting",250.0,9.0,0.0036,0.0046,314.0,11.0,0.0033,0.0041,0.1536,0.0,1,0.0,0.004,0.0,2160.169491525424,0.0,1.0,0.0,0,14,Audio_Array,0.0,0.0,0.0,0.0,0.0,,,,,,,,Audio Array,Microphone Accessories,Accessories,,,AA-02,1
FBA76742,AM-K1,B0BLKBJ5HN,B0BLKBJ5HN,"Audio Array AM-K1 Instrument Drum Microphone Kit | Stage Performance & Professional Studio Recording Quality | 1 Kick Drum Mic, 2 Tom Mics, 2 Overhead Condenser Mics with Standard Mounting Accessories",129.0,0.0,0.0019,0.0,164.0,0.0,0.0017,0.0,1.0,0.0,1,0.0,0.0078,0.0,8134.745762711865,0.0,1.0,0.0,0,14,Audio_Array,383.92,53.0,6008.0,8134.75,1.0,SP_SD,0.0471950582378069,21.18865909564493,,383.92,,,Audio Array,Instrument Microphone Kit,Instrument Microphone - Drum Kit,,,AM-K1,1
FBA76597,AA-06,B0BQ7H7418,B0BQ7H7418,"Audio Array AA-06 Microphone Boom Arm with 35cm+35cm=70cm Adjustable Suspension Scissor Arm Stand, Shock Mount, Base Clamp, Pop-Filter, 3/8"" to 5/8"" Universal Screw Adapter, 4x Cable Ties",173.0,7.0,0.0025,0.0036,233.0,10.0,0.0024,0.0037,0.1085,0.0,1,0.0,0.0058,0.0,1122.8813559322034,0.0,1.0,0.0,0,14,Audio_Array,918.97,78.0,11237.0,4403.389999999999,4.0,SP_SD,0.2086960273789058,4.791658051949464,,229.7425,,,Audio Array,Microphone Accessories,Accessories,,,AA-06,1
FBA78960,AM-C39,B0CBCB82MT,B0CBCB82MT,"Audio Array AM-C39 XLR to 3.5mm Condenser Microphone Kit | Tripod, 2M Cable & Foam Filter | Compatible with Audio Interface, Mixer | Recording, Podcast, Streaming, Home Studio (Black)",544.0,8.0,0.0078,0.0041,744.0,10.0,0.0077,0.0037,0.0975,0.0,1,0.0,0.0018,0.0,1468.6440677966102,0.0,1.0,0.0,0,14,Audio_Array,3239.65,210.0,20507.0,5788.13,4.0,SP_SD,0.5597058117215751,1.786652879169046,,809.9125,,,Audio Array,Microphone Condenser,XLR Microphone Kit - Tripod,,,AM-C39,1
FBA78961,AM-C40,B0CBCB9S14,B0CBCB9S14,"Audio Array AM-C40 Large Diaphragm USB Condenser Microphone Kit | Boom Arm & Pop-Filter | 96kHz/24bit No Latency Headphone Monitoring with Mute & Volume Control Knob | Singing, Podcasting & Streaming",95.0,1.0,0.0014,0.0005,142.0,1.0,0.0015,0.0004,0.1641,0.0,1,0.0,0.0105,0.0,2117.7966101694915,0.0,1.0,0.0,0,14,Audio_Array,711.8100000000001,49.0,12786.0,4235.6,2.0,SP_SD,0.168054112758523,5.95046430929602,,355.90500000000003,,,Audio Array,Microphone Condenser,Condenser Mic with Boom Arm,,,AM-C40,1
FBA79105,AI-12,B0CM6WH4ZT,B0CM6WH4ZT,"Audio Array AI-12 USB Bluetooth Soundcard | 1Ch Mixer interface | 2 mic inputs, 2 smartphone & PC/Mac outputs | Karaoke Recording, Mobile/PC Streaming, Live Broadcasting | Singing, Recording,Gaming",830.0,22.0,0.0119,0.0114,1136.0,25.0,0.0118,0.0093,0.0009,0.0,1,0.0,0.0012,0.0,1209.322033898305,0.0,1.0,0.0,0,14,Audio_Array,5144.15,556.0,78556.0,20275.5,13.0,SP_SD,0.2537126088135927,3.941467492199878,,395.7038461538461,,,Audio Array,Audio Interface,Audio Interface,,,AI-12,1
FBA79107,AM-W17,B0CM9P5CCK,B0CM9P5CCK,"Audio Array AM-W17 Dual Wireless Lapel Mic|in-Built ANC, Plug N Play,Long Battery Life, Ultra-Low Latency,Upto 30M Range|Compatible with iPhone & Android|Vlogging, Streaming, Teaching,YouTube, Black",186.0,5.0,0.0027,0.0026,254.0,6.0,0.0026,0.0022,0.569,1.0,1,0.0,0.0054,0.0,1397.457627118644,0.0,1.0,0.0,0,14,Audio_Array,977.74,50.0,9697.0,5335.59,4.0,SP_SD,0.1832487128883591,5.457064250209667,,244.435,,,Audio Array,Microphone Wireless Lapel,Wireless Lapel Microphone,,,AM-W17,1
FBA79380,AM-C46,B0D3M1B4Z8,B0D3M1B4Z8,"Audio Array AM-C46 Professional RGB USB Condenser Microphone Kit | Noise-Cancellation, Mute, Monitoring & Volume Controls | 192kHz/24bit Studio Quality | Gaming, Streaming, Podcast | Mac/PC/Mobile",2307.0,68.0,0.0331,0.0351,3089.0,85.0,0.032,0.0316,0.0334,0.0161,1,0.0,0.0004,0.0,3007.627118644068,0.0,1.0,0.0,0,14,Audio_Array,16864.77,878.0,213537.0,60619.46,19.0,SP_SD,0.2782071961709985,3.594443327718077,,887.6194736842106,,,Audio Array,Microphone Condenser,Condenser Mic with Boom Arm,,,AM-C46,1
FBA79449,AM-W36,B0DFMNGFTD,B0DFMNGFTD,"Audio Array AM-W36 UHF Dual Wireless Premium Metal Microphone with Charging | 2X XLR Outs & 1/4"" Mix Out | 328ft/100M Range | Karaoke Singing, Wedding, Events | PA System, Amplifier, Mixer, Party Box",564.0,19.0,0.0081,0.0098,828.0,28.0,0.0086,0.0104,0.021,0.0,1,0.0,0.0018,0.0,5444.9152542372885,0.0,1.0,0.0,0,14,Audio_Array,1349.12,126.0,17577.0,5253.39,1.0,SP_SD,0.2568094125888236,3.893938270872866,,1349.12,,,Audio Array,Microphone Wireless Handheld,Wireless Microphone,,,AM-W36,1
FBA79825,GB-02 (AM-C43 + AI-11),B0FJ2DT13L,B0FJ2DT13L,"Audio Array All in 1 Pro Bundle | Condenser Mic with USB Bluetooth Soundcard Mixer | Complete Setup for Streaming, Podcasting, Gaming, Singing & Home Studio Recording - GB-02",256.0,3.0,0.0037,0.0015,310.0,3.0,0.0032,0.0011,0.3403,0.0,1,0.0,0.0039,0.0,3304.237288135593,0.0,1.0,0.0,0,14,Audio_Array,31.230000000000004,8.0,2370.0,0.0,0.0,SP_SD,,0.0,,,,,Audio Array,Bundles,GB-02,,,GB-02 (AM-C43 + AI-11),1
FBA79823,PB-01 (AM-C11 + AI-04),B0FJ2HZCVN,B0FJ2HZCVN,"Audio Array Ultimate Podcast Bundle | Dynamic Microphone with USB/XLR Connectivity & 24-Bit/192kHz Audio Interface | Ideal for Podcasting, Streaming, Voice Recording & Content Creation - PB-01",440.0,15.0,0.0063,0.0077,480.0,16.0,0.005,0.0059,0.1655,0.0833,1,0.0,0.0023,0.0,7711.016949152543,0.0,1.0,0.0,0,14,Audio_Array,474.74,31.0,4700.0,0.0,0.0,SP_SD,,0.0,,,,,Audio Array,Bundles,PB-01,,,PB-01 (AM-C11 + AI-04),1
FBA79830,GB-03 (AI-12 + AM-C43),B0FJ8TSQK1,B0FJ8TSQK1,"Audio Array Singing Bundle | Condenser Mic with Boom Arm & Sound Card V8 | Voice Effects, Reverb, Bluetooth | Ideal for Podcasting, Karaoke, Live Streaming, YouTube & Singing - GB-03",138.0,3.0,0.002,0.0015,199.0,3.0,0.0021,0.0011,0.7366,1.0,1,0.0,0.0072,0.0,2668.64406779661,0.0,1.0,0.0,0,14,Audio_Array,73.86,12.0,2758.0,0.0,0.0,SP_SD,,0.0,,,,,Audio Array,Bundles,GB-03,,,GB-03 (AI-12 + AM-C43),1
FBA79820,AC-3XL,B0FQJWWDVK,B0FQJWWDVK,"Audio Array AC-3XL Mic Cable 6.35mm Jack Male to XLR 3PIN Female Cord Wire | Microphone/Guitar Cable | Black, 1pc Pack (3 Meter/10 Feet)",75.0,3.0,0.0011,0.0015,110.0,3.0,0.0011,0.0011,0.0606,0.0,1,0.0,0.0133,0.0,380.5084745762712,0.0,1.0,0.0,0,14,Audio_Array,0.0,0.0,0.0,0.0,0.0,,,,,,,,Audio Array,Microphone Accessories,Accessories,,,AC-3XL,1
FBA79909,AM-W20,B0FVM17Q4W,B0FVM17Q4W,"Audio Array AM-W20 Magnetic Wireless Lapel Microphone Set | One Touch Smart Noise Reduction | 48KHz/24Bit Hi-fi Recording | 50M Range | 800mAh 48Hrs Long Battery Backup | Vlogging, Podcast, Streaming",110.0,8.0,0.0016,0.0041,178.0,15.0,0.0018,0.0056,1.0,1.0,1,0.0,0.0091,0.0,1694.0677966101696,0.0,1.0,0.0,0,14,Audio_Array,1255.17,100.0,11736.0,3388.14,2.0,SP_SD,0.3704598983513078,2.699347498745189,,627.585,,,Audio Array,Microphone Wireless Lapel,Wireless Lapel Microphone,,,AM-W20,1
FBA79959,AM-W47 WIRED,B0G39ZHDYP,B0G39ZHDYP,"Audio Array Wired Voice Amplifier 2026 Edition | Bluetooth 5.3 | Wired Headset Mic with 10W Speaker for Teachers, Tour Guides | 10Hrs Battery Life |1 Click Monitoring | TWS Connectivity AM-W47 Wired",96.0,7.0,0.0014,0.0036,120.0,9.0,0.0012,0.0033,0.2897,0.4286,1,0.0,0.0104,0.0,1016.1016949152544,0.0,1.0,0.0,0,14,Audio_Array,645.87,58.0,13449.0,1016.1,1.0,SP_SD,0.6356362562739888,1.5732268103488318,,645.87,,,Audio Array,Voice Amplifier,Wired Voice Amplifier,,,AM-W47 WIRED,1
FBA79969,UB-03 (AM-S1 + AA-22),B0G3B677Z5,B0G3B677Z5,"Audio Array Studio Monitor Bundle with 60W Powered Speakers & Adjustable Metal Stands | Bluetooth, HDMI ARC, USB-C, RCA Inputs | Professional Studio Monitors for Home Studio, Streaming & Gaming-UB-03",268.0,3.0,0.0038,0.0015,329.0,8.0,0.0034,0.003,0.4237,0.0,1,0.0,0.0037,0.0,9744.915254237289,0.0,1.0,0.0,0,14,Audio_Array,1787.8,146.0,25562.0,7456.78,1.0,SP_SD,0.2397549612567354,4.170925159413804,,1787.8,,,Audio Array,Bundles,UB-03,,,UB-03 (AM-S1 + AA-22),1
FBA79963,AM-MIX8,B0G53CB72D,B0G53CB72D,"Audio Array AM-Pro8 8-Channel Hybrid USB Mixer 8 Analog+2 Digital Inputs, 48kHz/16-Bit, Built-In Compressor, 6AUX Sends, Group Buses, Insert Points,+24dBu Balanced Outputs for Live, Studio & Broadcast",378.0,7.0,0.0054,0.0036,475.0,10.0,0.0049,0.0037,0.3364,0.25,1,0.0,0.0026,0.0,18151.69491525424,0.0,1.0,0.0,0,14,Audio_Array,2038.26,252.0,27074.0,18151.69,1.0,SP_SD,0.1122903707588659,8.905483108141258,,2038.26,,,Audio Array,Mixers,8 channels Mixer,,,AM-MIX8,1
FBA79961,AI-13,B0G53H49BS,B0G53H49BS,"Audio Array AI-13 2026 Edition 4-Channel Hybrid USB Summing Mixer 4 Analog+2 Digital, 48kHz/16-Bit, 2XLR Mic Inputs,TRS Stereo In, 48V Phantom, Hi-Z,2 Band EQ,Monitoring,Amp Out, USB-C Power",240.0,4.0,0.0034,0.0021,335.0,5.0,0.0035,0.0019,0.2131,0.5,1,0.0,0.0042,0.0,2287.2881355932204,0.0,1.0,0.0,0,14,Audio_Array,10764.57,1396.0,109303.0,51337.33,22.0,SP_SD,0.2096830902581026,4.769101784836738,,489.2986363636364,,,Audio Array,Mixers,4 channels Mixer,,,AI-13,1
FBA79974,AM-S1,B0GD8JSPB1,B0GD8JSPB1,"Audio Array 60W Bluetooth Bookshelf Speaker Pair | 1.5"" Silk Dome Tweeter, 4"" Sub Woofer | Music & Monitor Mode | Aux, HDMI, USB-C, TRS & RCA Connectivity",62.0,4.0,0.0009,0.0021,95.0,4.0,0.001,0.0015,1.0,1.0,1,0.0,0.0161,0.0,7033.050847457627,0.0,1.0,0.0,0,14,Audio_Array,0.0,0.0,0.0,0.0,0.0,,,,,,,,Audio Array,Monitor Speakers,Bookshelf Speaker,,,AM-S1,1
FBA75674,AM-C2,B0B4G19R58,B0B4G19R58,"Audio Array AM-C2 XLR Condenser Microphone Kit | Boom Arm, 2M Cable, Pop Filter & Mic Cover | Compatible with Audio Interface, Mixer & preamp | Recording, Podcasting, Streaming, Home Studio (Black)",689.0,9.0,0.0099,0.0046,990.0,15.0,0.0103,0.0056,0.0136,0.0,0,0.0,0.0,0.0,0.0,0.0,0.0,0.0,0,14,Audio_Array,2599.93,219.0,41434.0,6438.98,2.0,SP_SD,0.4037797912091667,2.4765974468543384,,1299.965,,,Audio Array,Microphone Condenser,XLR Microphone Kit - Boomarm,,,AM-C2,0
FBA75690,AM-C10,B0B4K87PR4,B0B4K87PR4,Audio Array AM-C10 USB Plug & Play Conference Microphone with Speaker | Omni Directional Pickup Upto 4M | Speaker and Mic Mute Buttons | Volume Control & Mute Button | Ideal for Meeting & Video Call,296.0,19.0,0.0042,0.0098,422.0,44.0,0.0044,0.0164,0.1306,0.0,0,0.0,0.0,0.0,0.0,0.0,0.0,0.0,0,14,Audio_Array,2218.64,81.0,25294.0,12963.57,3.0,SP_SD,0.1711442141323725,5.843025457036744,,739.5466666666666,,,Audio Array,Microphone Conference,Conference Microphone,,,AM-C10,0
FBA76716,AM-C13,B0BLK8DNPD,B0BLK8DNPD,Audio Array AM-C13 Condenser Lapel Microphone | 6M Shielded Cable | Metal Build | Plug n Play Mobile & DSLR Support | 3.5mm Connector | Omnidirectional Pickup | Hard Case Included | 1 Year Warranty.,8.0,0.0,0.0001,0.0,9.0,0.0,0.0001,0.0,1.0,0.0,0,0.0,0.0,0.0,0.0,0.0,0.0,0.0,0,14,Audio_Array,0.0,0.0,0.0,0.0,0.0,,,,,,,,Audio Array,Microphone Lapel,Lavalier Microphone,,,AM-C13,0
FBA76862,AM-C28,B0BPLWW72Y,B0BPLWW72Y,Audio Array AM-C28 USB Plug & Play Conference Microphone | Omni Directional Pickup Upto 3M | Mic Mute Button | No Drivers Condenser USB Type-C | Ideal for Meetings & Video Calling (Not a Speaker),754.0,71.0,0.0108,0.0366,1001.0,98.0,0.0104,0.0364,0.0928,0.0548,0,0.0,0.0,0.0,0.0,0.0,0.0,0.0,0,14,Audio_Array,5328.74,262.0,24346.0,20581.32,14.0,SP_SD,0.2589114789527591,3.8623239264816815,,380.6242857142857,,,Audio Array,Microphone Conference,Conference Microphone,,,AM-C28,0
FBA76863,AI-03,B0BPM2T7BQ,B0BPM2T7BQ,"Audio Array AI-03 Professional Sound Card with Bluetooth | Podcast Production Setup with 4 mic input & 4 outputs | +48V phantom power, PC/Mac connectivity | 6-8hr Battery | Streaming, Singing & Gaming",514.0,9.0,0.0074,0.0046,697.0,13.0,0.0072,0.0048,0.0032,0.0,0,0.0,0.0,0.0,0.0,0.0,0.0,0.0,0,14,Audio_Array,0.0,0.0,0.0,0.0,0.0,,,,,,,,Audio Array,Audio Interface,Audio Interface,,,AI-03,0
FBA77011,AM-C29,B0BPMN89NG,B0BPMN89NG,"Audio Array AM-C29 4 Pickup Pattern Professional USB Plug & Play Condenser Microphone | 3.5 mm No Latency Monitoring, Volume Control & Mute Button | For Conference, Gaming, Podcasting & Live Streaming",8.0,0.0,0.0001,0.0,9.0,0.0,0.0001,0.0,1.0,0.0,0,0.0,0.0,0.0,0.0,0.0,0.0,0.0,0,14,Audio_Array,0.0,0.0,0.0,0.0,0.0,,,,,,,,Audio Array,Microphone Condenser,USB Microphone Kit - Tripod,,,AM-C29,0
FBA78203,AM-C30,B0C4YTNJG7,B0C4YTNJG7,"Audio Array AM-C30 Metal RGB Professional USB Microphone | One-Touch Mute, Gain & No-Latency Monitoring Controls | Shock Mount and Tripod | for PC/Mobile, Gaming, Streaming, Podcasting & Voiceover",39.0,0.0,0.0006,0.0,56.0,0.0,0.0006,0.0,0.0,0.0,0,0.0,0.0,0.0,0.0,0.0,0.0,0.0,0,14,Audio_Array,98.96,18.0,1381.0,1609.32,1.0,SP_SD,0.0614918102055526,16.262328213419565,,98.96,,,Audio Array,Microphone Condenser,RGB USB Microphone Kit - Tripod,,,AM-C30,0
FBA78420,AM-C33,B0C5957W3P,B0C5957W3P,"Audio Array AM-C33 Lapel Microphone | 1M Long, Strong Cable | 3.5mm TRRS | 3.5mm TRRS Port & TRRS to TRS Adapter | Omnidirectional Pickup | Mic Cover & Leather Carry Bag Included | 1 Year Warranty",8.0,0.0,0.0001,0.0,10.0,0.0,0.0001,0.0,1.0,0.0,0,0.0,0.0,0.0,0.0,0.0,0.0,0.0,0,14,Audio_Array,0.0,0.0,0.0,0.0,0.0,,,,,,,,Audio Array,Microphone Lapel,Lavalier Microphone,,,AM-C33,0
FBA78925,AM-C11X,B0CBC7QMNV,B0CBC7QMNV,"Audio Array AM-C11X XLR Dynamic Microphone | Studio-quality Audio Output | Cardioid Polar Pattern | Premium Metal Build | 2 Meter XLR cable | for Streaming, Gaming, Podcasting, Singing | 2 Yr Warranty",237.0,11.0,0.0034,0.0057,315.0,15.0,0.0033,0.0056,0.1522,0.0,0,0.0,0.0,0.0,0.0,0.0,0.0,0.0,0,14,Audio_Array,2252.75,108.0,12605.0,2937.75,1.0,SP_SD,0.7668283550336141,1.3040727999112196,,2252.75,,,Audio Array,Microphone Dynamic,XLR Dynamic Mic,,,AM-C11X,0
FBA79009,AM-C41,B0CH4PMR8K,B0CH4PMR8K,"Audio Array AM-C41 Plug & Play AI Noise Cancellation USB Condenser Microphone | Mute Button/Echo/Volume Knob | Kit with Tripod, Mic Cover | Gaming, Streaming, Podcast | Mac/PC/Laptop/Mobile",198.0,8.0,0.0028,0.0041,278.0,12.0,0.0029,0.0045,0.3622,0.6667,0,0.0,0.0,0.0,0.0,0.0,0.0,0.0,0,14,Audio_Array,762.29,95.0,5955.0,1380.51,1.0,SP_SD,0.5521799914524342,1.8110036862611345,,762.29,,,Audio Array,Microphone Condenser,USB Microphone Kit - Tripod,,,AM-C41,0
FBA79016,AM-C3A,B0CH4R1V6S,B0CH4R1V6S,"Audio Array AM-C3a Unidirectional Dynamic Handheld Karaoke Microphone | 20Hz - 20kHz Response | Karaoke Singing, Public Meetings, Studio Recording, Live Sound, Party (no Cable Included)",296.0,9.0,0.0042,0.0046,408.0,11.0,0.0042,0.0041,0.2056,0.125,0,0.0,0.0,0.0,0.0,0.0,0.0,0.0,0,14,Audio_Array,0.0,0.0,0.0,0.0,0.0,SP_SD,,,,,,,Audio Array,Microphone Dynamic,Vocal Microphone,,,AM-C3A,0
FBA79011,AM-C43,B0CH4RNWJX,B0CH4RNWJX,"Audio Array AM-C43 XLR to 3.5mm Professional Condenser Microphone Kit | Boom Arm, 2M Cable & Foam Filter | Compatible with Audio Interface, Mixer | Recording, Podcast, Streaming, Home Studio (Black)",1200.0,25.0,0.0172,0.0129,1732.0,35.0,0.0179,0.013,0.009,0.0769,0,0.0,0.0,0.0,0.0,0.0,0.0,0.0,0,14,Audio_Array,12161.12,735.0,103746.0,53224.61,22.0,SP_SD,0.2284867845908124,4.376620738879314,,552.7781818181818,,,Audio Array,Microphone Condenser,XLR Microphone Kit - Boomarm,,,AM-C43,0
FBA79010,AM-C42,B0CH4T2BJD,B0CH4T2BJD,"Audio Array AM-C42 Plug & Play AI Noise Cancelling USB Condenser Microphone | Mute Button/Echo/Volume Knob | Kit with Boom Arm & Pop Filter | Karaoke, Gaming, Streaming, Podcast | Mac/PC/Mobile",168.0,4.0,0.0024,0.0021,228.0,7.0,0.0024,0.0026,0.0347,0.0,0,0.0,0.0,0.0,0.0,0.0,0.0,0.0,0,14,Audio_Array,1011.7,53.0,9170.0,0.0,0.0,SP_SD,,0.0,,,,,Audio Array,Microphone Condenser,USB Microphone Kit - Boomarm,,,AM-C42,0
FBA77171,AC-6XL,B0CH4VCD6R,B0CH4VCD6R,"Audio Array AC-6XL Mic Cable 6.35mm Jack Male to XLR 3PIN Female Cord Wire | Microphone/Guitar Cable | Black, 1pc Pack (6 Meter/19.6 Feet)",289.0,8.0,0.0041,0.0041,427.0,12.0,0.0044,0.0045,0.0344,0.1,0,0.0,0.0,0.0,0.0,0.0,0.0,0.0,0,14,Audio_Array,0.0,0.0,0.0,0.0,0.0,,,,,,,,Audio Array,Microphone Accessories,Accessories,,,AC-6XL,0
FBA79064,AA-25,B0CJR76Y7G,B0CJR76Y7G,"Audio Array AA-25 Handheld Microphone Interview Adapter for Wireless Lapel Microphones | Supports, Rode Go, DJI, Hollyland mics etc | Foam Cover with Built-in Cold Shoe Mount",250.0,10.0,0.0036,0.0052,372.0,11.0,0.0039,0.0041,0.0061,0.3333,0,0.0,0.0,0.0,0.0,0.0,0.0,0.0,0,14,Audio_Array,0.0,0.0,0.0,0.0,0.0,,,,,,,,Audio Array,Microphone Accessories,Accessories,,,AA-25,0
FBA79103,AI-10,B0CM6NTWBP,B0CM6NTWBP,"Audio Array AI-10 Professional Live Soundcard|1Ch Mixer |Bluetooth | 3 Condenser Mic Inputs, 2 mobilephones & PC/Mac Outputs | +48V phantom power, 4 Voice Modes, Denoise, built-in FX | Gaming, Karaoke",2822.0,57.0,0.0405,0.0294,4116.0,82.0,0.0427,0.0305,0.0346,0.0,0,0.0,0.0,0.0,0.0,0.0,0.0,0.0,0,14,Audio_Array,15888.32,2059.0,332084.0,90684.24,33.0,SP_SD,0.1752048647041647,5.707604076453646,,481.4642424242424,,,Audio Array,Audio Interface,Audio Interface,,,AI-10,0
FBA79104,AI-11,B0CM6NVLT9,B0CM6NVLT9,"Audio Array AI-11 USB Bluetooth Soundcard, 1Ch Mixer, Audio Interface | 2 Condenser In, 2 Out |2 Live Out+1 Accompany In | OTG for mobile and PC/MAC | Effects | Streaming, Podcasting, Gaming, Singing",996.0,21.0,0.0143,0.0108,1531.0,30.0,0.0159,0.0111,0.0031,0.12,0,0.0,0.0,0.0,0.0,0.0,0.0,0.0,0,14,Audio_Array,2349.6400000000003,314.0,37022.0,23984.72,16.0,SP_SD,0.0979640371036226,10.207827582097682,,146.85250000000002,,,Audio Array,Audio Interface,Audio Interface,,,AI-11,0
FBA79106,AM-C44,B0CM9KJZWQ,B0CM9KJZWQ,"Audio Array AM-C44 XLR/USB Professional Dynamic Podcast Microphone | Built-in Monitoring | One Touch Mute & Volume Control | 192kHz/24bit Full Metal Build | 2M XLR & USB Cable | Streaming, Podcasting",297.0,8.0,0.0043,0.0041,414.0,9.0,0.0043,0.0033,0.035,0.0,0,0.0,0.0,0.0,0.0,0.0,0.0,0.0,0,14,Audio_Array,2987.2,122.0,22401.0,6227.12,2.0,SP_SD,0.4797081154691093,2.0846009641135512,,1493.6,,,Audio Array,Microphone Dynamic,Dynamic Microphone,,,AM-C44,0
FBA79108,AM-W16,B0CM9L1QZG,B0CM9L1QZG,"Audio Array AM-W16 Solo Wireless Lapel Over Ear Mic|in-Built ANC,Plug N Play,LongBattery Life,Ultra-Low Latency,Upto 30M Range|Compatible with iPhone&Android|Vlogging,Streaming,Teaching,YouTube,Black",166.0,7.0,0.0024,0.0036,201.0,8.0,0.0021,0.003,0.2287,0.0,0,0.0,0.0,0.0,0.0,0.0,0.0,0.0,0,14,Audio_Array,1005.26,146.0,31656.0,2937.75,1.0,SP_SD,0.3421870479108161,2.9223782901935818,,1005.26,,,Audio Array,Microphone Wireless Lapel,Wireless Lapel Microphone,,,AM-W16,0
FBA79230,AM-W46,B0CX1XK5R6,B0CX1XK5R6,Audio Array AM-W46 Groove Wireless Bluetooth 5.3 Bookshelf Speaker 30W | 5400mAh upto 24h Long Battery | 3 EQ Modes | Stylish Premium Metal Body | Superior Bass Quality,69.0,1.0,0.001,0.0005,83.0,1.0,0.0009,0.0004,0.0141,0.0,0,0.0,0.0,0.0,0.0,0.0,0.0,0.0,0,14,Audio_Array,157.52,21.0,3980.0,0.0,0.0,SP_SD,,0.0,,,,,Audio Array,Speaker Karaoke,Microphone with Speaker,,,AM-W46,0
FBA79379,AM-C45,B0D3LZWTHV,B0D3LZWTHV,"Audio Array AM-C45 XLR/USB Professional RGB Dynamic Podcast Microphone | Built-in Monitoring | One Touch Mute Volume & Noise-Cancellation | 2M USB Cable & Metal Base | Streaming, Podcasting, Singing",333.0,15.0,0.0048,0.0077,483.0,19.0,0.005,0.0071,0.0434,0.1333,0,0.0,0.0,0.0,0.0,0.0,0.0,0.0,0,14,Audio_Array,2219.94,143.0,21708.0,6438.98,2.0,SP_SD,0.3447657858853421,2.9005198338693834,,1109.97,,,Audio Array,Microphone Dynamic,Dynamic Microphone,,,AM-C45,0
FBA79355,AA-19BL,B0D3M86SH1,B0D3M86SH1,Audio Array AA-19BL RGB Low Profile Boomarm Stand with Riser | 71cm reach & 20 RGB lighting effects & Built-In Cable Management | Matte finish with Flexible adjustments | 2Kg Weight Capacity | Black,292.0,14.0,0.0042,0.0072,369.0,18.0,0.0038,0.0067,0.0178,0.125,0,0.0,0.0,0.0,0.0,0.0,0.0,0.0,0,14,Audio_Array,1370.83,79.0,7849.0,7493.219999999999,2.0,SP_SD,0.1829427135463792,5.466192015056572,,685.415,,,Audio Array,Microphone Accessories,Accessories,,,AA-19BL,0
FBA79356,AA-19WL,B0D3Q2T5XX,B0D3Q2T5XX,Audio Array AA-19WL RGB Low Profile Boomarm Stand with Riser | 71cm reach & 20 RGB lighting effects & Built-In Cable Management | Matte finish with Flexible adjustments | 2Kg Weight Capacity | White,279.0,11.0,0.004,0.0057,319.0,13.0,0.0033,0.0048,0.5199,0.6667,0,0.0,0.0,0.0,0.0,0.0,0.0,0.0,0,14,Audio_Array,186.56,14.0,1762.0,465.25,1.0,SP_SD,0.4009887157442235,2.4938357632933106,,186.56,,,Audio Array,Microphone Accessories,Accessories,,,AA-19WL,0
FBA79448,AM-W35,B0DFMKY4TT,B0DFMKY4TT,"Audio Array AM-W35 UHF Dual Wireless Premium Karaoke Microphones | 800mah 5-6 Hours Battery Backup | Range up to 50M | Karaoke Singing, Wedding, DJ, Church | PA System, Amplifier, Mixer, Party Box",482.0,13.0,0.0069,0.0067,646.0,27.0,0.0067,0.01,0.3618,0.24,0,0.0,0.0,0.0,0.0,0.0,0.0,0.0,0,14,Audio_Array,1430.4499999999998,132.0,22661.0,8573.77,3.0,SP_SD,0.1668402581361524,5.993757209269812,,476.8166666666666,,,Audio Array,Microphone Wireless Handheld,Wireless Microphone,,,AM-W35,0
FBA79447,AM-W34,B0DFMLXD9S,B0DFMLXD9S,"Audio Array AM-W34 UHF Dual Wireless Premium Metal Microphones | 800mAh 6-8 Hours Receiver Battery Backup | Range up to 50M | Karaoke Singing, Wedding, Church | PA System, Amplifier, Mixer, Party Box",172.0,9.0,0.0025,0.0046,265.0,13.0,0.0027,0.0048,0.0216,0.0,0,0.0,0.0,0.0,0.0,0.0,0.0,0.0,0,14,Audio_Array,903.13,82.0,6151.0,6055.84,2.0,SP_SD,0.1491337287643002,6.705391250429064,,451.565,,,Audio Array,Microphone Wireless Handheld,Wireless Microphone,,,AM-W34,0
FBA79653,AM-C45 PRO,B0DN6LJZBR,B0DN6LJZBR,"Audio Array AM-C45 XLR/USB Pro RGB Dynamic Microphone Kit | 192kHz/24bit Studio Quality Output | Volume Control, Mute and Noise Cancellation | Realtime Monitoring for Streaming, Gaming & podcasting",75.0,0.0,0.0011,0.0,127.0,0.0,0.0013,0.0,0.2931,0.0,0,0.0,0.0,0.0,0.0,0.0,0.0,0.0,0,14,Audio_Array,0.0,0.0,0.0,0.0,0.0,,,,,,,,Audio Array,Bundles,Bundles,,,AM-C45 PRO,0
FBA79654,AM-C11 PRO,B0DN6MNS1X,B0DN6MNS1X,"Audio Array AM-C11 Pro XLR/USB Professional Dynamic Mic Kit | Premium Metal 96kHz/24bit Studio Quality | 2M XLR & USB Cables,Volume Control,Mute & Realtime Monitoring | Streaming,Gaming & podcasting",142.0,7.0,0.002,0.0036,185.0,7.0,0.0019,0.0026,0.0059,0.0,0,0.0,0.0,0.0,0.0,0.0,0.0,0.0,0,14,Audio_Array,915.84,44.0,12849.0,0.0,0.0,SP_SD,,0.0,,,,,Audio Array,Bundles,Bundles,,,AM-C11 PRO,0
FBA79655,AM-C44 PRO,B0DN6PFWNK,B0DN6PFWNK,Audio Array AM-C44 Pro XLR/USB Professional Dynamic Microphone Kit | Built-in Monitoring | One Touch Mute & Volume Control | 192kHz/24bit Full Metal Build | 2M XLR & USB Cable | Streaming & Podcasting,152.0,2.0,0.0022,0.001,196.0,4.0,0.002,0.0015,0.092,0.0,0,0.0,0.0,0.0,0.0,0.0,0.0,0.0,0,14,Audio_Array,417.19,13.0,5029.0,0.0,0.0,SP_SD,,0.0,,,,,Audio Array,Bundles,Bundles,,,AM-C44 PRO,0
FBA79783,AM-C47,B0FF9R3GKK,B0FF9R3GKK,"Audio Array AM-C47 RGB USB Condenser Mic Kit | AI Noise Cancellation, 192kHz/24Bit Studio Quality, Touch Control, Headphone Monitoring | Podcasting, YouTube, Gaming & Streaming | Mac/PC & Mobile",281.0,6.0,0.004,0.0031,348.0,7.0,0.0036,0.0026,0.0997,0.0,0,0.0,0.0,0.0,0.0,0.0,0.0,0.0,0,14,Audio_Array,1973.33,106.0,28539.0,4677.97,2.0,SP_SD,0.4218346847029801,2.3705969097920776,,986.665,,,Audio Array,Microphone Condenser,USB Microphone Kit - Boomarm,,,AM-C47,0
FBA79708,SB-01,B0FFB6YJM1,B0FFB6YJM1,"Audio Array SB-01 | Bluetooth Soundbar 25W, Gaming RGB Lights, AUX, Bluetooth, USB, FM & TWS I Fast Charge Battery, Multiport Connectivity, BT Speaker for TV, Mobile, PC, Laptops, Tablets Black",174.0,6.0,0.0025,0.0031,210.0,6.0,0.0022,0.0022,0.1958,0.0,0,0.0,0.0,0.0,0.0,0.0,0.0,0.0,0,14,Audio_Array,314.93,112.0,12707.0,1022.3,1.0,SP_SD,0.3080602562848479,3.2461181849934904,,314.93,,,Audio Array,Sound Bar,Sound Bar,,,SB-01,0
FBA79822,KB-01 (AM-W32 + AI-12),B0FJ2J6MTF,B0FJ2J6MTF,"Audio Array Portable Karaoke Bundle | Dual Wireless UHF Microphones with Rechargeable Battery Receiver & USB Plug n Play BT Soundcard Mixer | Ideal for Parties, Home Karaoke & Live Singing - KB-01",40.0,4.0,0.0006,0.0021,45.0,7.0,0.0005,0.0026,0.3415,0.0,0,0.0,0.0,0.0,0.0,0.0,0.0,0.0,0,14,Audio_Array,0.0,0.0,0.0,0.0,0.0,,,,,,,,Audio Array,Bundles,KB-01,,,KB-01 (AM-W32 + AI-12),0
FBA79821,"UB-01 (AI-04, AM-S1, AA-21, AM-C2)",B0FJ2JJZL3,B0FJ2JJZL3,"Audio Array Professional Studio Bundle with 24-Bit/192kHz Audio Interface, 4"" Studio Monitors, XLR Condenser Mic & Stands | for Music Production, Podcasting, Dubbing, Recording & Audio Mixing - UB-01",707.0,11.0,0.0101,0.0057,889.0,12.0,0.0092,0.0045,0.5231,0.5,0,0.0,0.0,0.0,0.0,0.0,0.0,0.0,0,14,Audio_Array,1145.67,96.0,11561.0,0.0,0.0,SP_SD,,0.0,,,,,Audio Array,Bundles,UB-01,,,"UB-01 (AI-04, AM-S1, AA-21, AM-C2)",0
FBA79826,PB-02 (AI-04 RED + AM-C11 + AA-05),B0FJ2LQT7K,B0FJ2LQT7K,"Audio Array Complete Podcast Bundle | USB/XLR Dynamic Mic with Audio Interface 24bit/192kHz & Boom Arm Stand | Professional Streaming & Recording Kit for PC, Mac & Mobile Devices - PB-02",15.0,0.0,0.0002,0.0,19.0,0.0,0.0002,0.0,0.1765,0.0,0,0.0,0.0,0.0,0.0,0.0,0.0,0.0,0,14,Audio_Array,23.14,8.0,1440.0,0.0,0.0,SP_SD,,0.0,,,,,Audio Array,Bundles,PB-02,,,PB-02 (AI-04 RED + AM-C11 + AA-05),0
FBA79833,PB-04 (AI-04 RED + AM-C44 X 2),B0FJ8PZ9H7,B0FJ8PZ9H7,"Audio Array Pro Podcasting Bundle | Audio Interface with 48V Phantom Power & Dual USB/XLR Touch-Control Mics | 192kHz/24bit, Mute, Monitor, Volume Control | Recording, Streaming & Podcasting - PB-04",535.0,19.0,0.0077,0.0098,585.0,26.0,0.0061,0.0097,0.3514,0.7857,0,0.0,0.0,0.0,0.0,0.0,0.0,0.0,0,14,Audio_Array,230.4,36.0,5484.0,0.0,0.0,SP_SD,,0.0,,,,,Audio Array,Bundles,PB-04,,,PB-04 (AI-04 RED + AM-C44 X 2),0
FBA79832,GB-05 (AM-C43 + AI-06),B0FJ8S53GW,B0FJ8S53GW,"Audio Array Streaming Bundle Kit | USB Condenser Mic & RGB Sound Card with Phantom Power, Voice Effects, Real-Time Monitoring | for Podcasting, Gaming, YouTube & Live Streaming - GB-05",122.0,8.0,0.0018,0.0041,137.0,10.0,0.0014,0.0037,0.2977,0.625,0,0.0,0.0,0.0,0.0,0.0,0.0,0.0,0,14,Audio_Array,216.23,38.0,6761.0,0.0,0.0,SP_SD,,0.0,,,,,Audio Array,Bundles,GB-05,,,GB-05 (AM-C43 + AI-06),0
FBA79827,PB-03 (AI-04 RED + AM-C11 X 2),B0FJ8S5XJ8,B0FJ8S5XJ8,"Audio Array Complete Podcast Bundle | Dual USB/XLR Dynamic Microphones with Audio Interface 24bit / 192kHz|Metal Body|Pro Streaming & Recording Kit for PC, Mac & Mobile - PB-03",646.0,17.0,0.0093,0.0088,708.0,20.0,0.0073,0.0074,0.0089,0.0,0,0.0,0.0,0.0,0.0,0.0,0.0,0.0,0,14,Audio_Array,671.0,63.0,10320.0,7711.02,1.0,SP_SD,0.0870183192366249,11.49183308494784,,671.0,,,Audio Array,Bundles,PB-03,,,PB-03 (AI-04 RED + AM-C11 X 2),0
FBA79834,PB-05 (AA-05 + AM-C11 + AI-04),B0FJ8T4WXM,B0FJ8T4WXM,"Audio Array Podcast Kit | USB/XLR Dynamic Mic with Boom Arm & Audio Interface 24-Bit/192kHz | Metal Build | Plug & Play | No-Latency Monitoring for Streaming, Recording & Content Creation - PB-05",3.0,0.0,0.0,0.0,3.0,0.0,0.0,0.0,1.0,0.0,0,0.0,0.0,0.0,0.0,0.0,0.0,0.0,0,14,Audio_Array,8.41,3.0,715.0,0.0,0.0,SP_SD,,0.0,,,,,Audio Array,Bundles,PB-05,,,PB-05 (AA-05 + AM-C11 + AI-04),0
FBA79835,PB-06 (AA-05 + AM-C44 + AI-04),B0FJ8TWCQZ,B0FJ8TWCQZ,"Audio Array Pro Podcast Bundle | USB/XLR Dynamic Microphone with 24-Bit/192kHz Audio Interface & Boom Arm | Real-Time Monitoring, Plug & Play for Streaming, Recording & Content Creation - PB-06",10.0,0.0,0.0001,0.0,10.0,0.0,0.0001,0.0,0.6,0.0,0,0.0,0.0,0.0,0.0,0.0,0.0,0.0,0,14,Audio_Array,0.0,0.0,0.0,0.0,0.0,,,,,,,,Audio Array,Bundles,PB-06,,,PB-06 (AA-05 + AM-C44 + AI-04),0
FBA79831,GB-04 (AM-C45 + AI-06),B0FJ8W5Y9Q,B0FJ8W5Y9Q,"Audio Array RGB Gaming Bundle|RGB USB Dynamic Microphone with Sound Card – Mute, Volume Control, Monitoring, Noise Cancellation, Voice Effects|for Streaming, Podcasting, Gaming, Singing - GB-04",7.0,0.0,0.0001,0.0,7.0,0.0,0.0001,0.0,0.0,0.0,0,0.0,0.0,0.0,0.0,0.0,0.0,0.0,0,14,Audio_Array,0.0,0.0,0.0,0.0,0.0,,,,,,,,Audio Array,Bundles,GB-04,,,GB-04 (AM-C45 + AI-06),0
FBA79836,PB-07 (AA-05 + AM-C45 + AI-04),B0FJ8Z1W81,B0FJ8Z1W81,"Audio Array RGB Podcast Bundle | Dynamic RGB USB/XLR Mic with 24-Bit/192kHz Audio Interface & Boom Arm | AI Noise Cancelling, Plug & Play Kit for Streaming, Podcasting, Gaming & Recording - PB-07",5.0,0.0,0.0001,0.0,6.0,0.0,0.0001,0.0,0.5,0.0,0,0.0,0.0,0.0,0.0,0.0,0.0,0.0,0,14,Audio_Array,4.53,2.0,341.0,0.0,0.0,SP_SD,,0.0,,,,,Audio Array,Bundles,PB-07,,,PB-07 (AA-05 + AM-C45 + AI-04),0
FBK79009,AM-C41,B0FLYHJ6DK,B0FLYHJ6DK,"Audio Array AM-C41 Plug & Play AI Noise Cancellation USB Condenser Microphone | Mute Button/Echo/Volume Knob | Kit with Tripod, Mic Cover | Gaming, Streaming, Podcast | Mac/PC/Laptop/Mobile",124.0,3.0,0.0018,0.0015,181.0,3.0,0.0019,0.0011,0.3742,0.0,0,0.0,0.0,0.0,0.0,0.0,0.0,0.0,0,14,Audio_Array,0.0,0.0,0.0,0.0,0.0,,,,,,,,Audio Array,Microphone Condenser,USB Microphone Kit - Tripod,,,AM-C41,0
FBK79010,AM-C42,B0FLYJFC22,B0FLYJFC22,"Audio Array AM-C42 Plug & Play AI Noise Cancelling USB Condenser Microphone | Mute Button/Echo/Volume Knob | Kit with Boom Arm & Pop Filter | Karaoke, Gaming, Streaming, Podcast | Mac/PC/Mobile",61.0,3.0,0.0009,0.0015,80.0,4.0,0.0008,0.0015,0.25,0.0,0,0.0,0.0,0.0,0.0,0.0,0.0,0.0,0,14,Audio_Array,323.62,13.0,4200.0,0.0,0.0,SP_SD,,0.0,,,,,Audio Array,Microphone Condenser,USB Microphone Kit - Boomarm,,,AM-C42,0
FBA79845,UB-02 (AM-S1 + AA-21),B0FN7B3KWS,B0FN7B3KWS,"Audio Array Studio Monitor Bundle with 60W Powered Speakers & Adjustable Metal Stands | Bluetooth, HDMI ARC, USB-C, RCA Inputs | Professional Studio Monitors for Home Studio, Streaming & Gaming-UB-02",339.0,12.0,0.0049,0.0062,404.0,21.0,0.0042,0.0078,1.0,1.0,0,0.0,0.0,0.0,0.0,0.0,0.0,0.0,0,14,Audio_Array,2812.66,267.0,30327.0,22539.83,3.0,SP_SD,0.1247862117859806,8.013705886953987,,937.5533333333332,,,Audio Array,Bundles,UB-02,,,UB-02 (AM-S1 + AA-21),0
FBA79846,AM-C11X PRO,B0FN7C25VS,B0FN7C25VS,"Audio Array AM-C11X Pro XLR Podcast Mic Kit with Dynamic Microphone, 2m XLR Cable & Adjustable Boom Arm | Studio-Quality Sound, 20Hz–20kHz, All-Metal Build for Podcasting, Streaming & Recording",44.0,2.0,0.0006,0.001,60.0,4.0,0.0006,0.0015,0.1818,0.75,0,0.0,0.0,0.0,0.0,0.0,0.0,0.0,0,14,Audio_Array,0.0,0.0,0.0,0.0,0.0,,,,,,,,Audio Array,Bundles,AM-C11X Pro,,,AM-C11X PRO,0
FBA79847,PB-09 (AM-C45 + AI-06 + AA-05),B0FN7FYZM3,B0FN7FYZM3,"Audio Array RGB Gaming Mic Bundle with USB/XLR Microphone, Boom Arm & Sound Card Mixer | Streaming Mic Kit with Voice Effects, AI Noise Cancel, RGB Lights for Podcasting, Gaming & Recording - PB-09",8.0,0.0,0.0001,0.0,10.0,0.0,0.0001,0.0,0.0,0.0,0,0.0,0.0,0.0,0.0,0.0,0.0,0.0,0,14,Audio_Array,12.93,4.0,786.0,0.0,0.0,SP_SD,,0.0,,,,,Audio Array,Bundles,PB-09,,,PB-09 (AM-C45 + AI-06 + AA-05),0
FBA79815,AM-W19,B0FPR7VFCH,B0FPR7VFCH,"Audio Array AM-W19 Wireless Lavalier Microphone|192kHz/24bit |AI Noise Cancellation for iPhone/Android, 32h Charging Case, Plug & Play for Vlogging, Streaming, Meetings, Video Recording",73.0,2.0,0.001,0.001,92.0,2.0,0.001,0.0007,0.1236,0.0,0,0.0,0.0,0.0,0.0,0.0,0.0,0.0,0,14,Audio_Array,185.92,26.0,4259.0,1694.07,1.0,SP_SD,0.1097475310937564,9.111822289156626,,185.92,,,Audio Array,Microphone Wireless Lapel,Wireless Lapel Microphone,,,AM-W19,0
FBA79816,AM-W22,B0FPR962YS,B0FPR962YS,"Audio Array AM-W22 | Latest 2026 Edition Wireless Microphone for Camera/iPhone/Android/iPad/Laptop, Lav Mic with Charging Case, AI Noise Reduction, 50H Battery, 230ft Range, for Recording, YouTube",224.0,13.0,0.0032,0.0067,314.0,19.0,0.0033,0.0071,0.0474,0.0,0,0.0,0.0,0.0,0.0,0.0,0.0,0.0,0,14,Audio_Array,625.98,55.0,10610.0,0.0,0.0,SP_SD,,0.0,,,,,Audio Array,Microphone Wireless Lapel,Wireless Lapel Microphone,,,AM-W22,0
FBA79841,AH-60 BL,B0FQBTRM28,B0FQBTRM28,"Audio Array AH-60-BL, 60Ω, Professional Monitoring Headphones | 53mm Drivers | 10Hz–30KHz | 105dB SPL | Closed-Back, DJ & Studio | 3m Cable with 3.5mm & 6.3mm Plugs (Blue)",343.0,12.0,0.0049,0.0062,483.0,16.0,0.005,0.0059,0.1059,0.125,0,0.0,0.0,0.0,0.0,0.0,0.0,0.0,0,14,Audio_Array,3144.72,185.0,40452.0,6679.66,4.0,SP_SD,0.4707904294529961,2.1240873591289526,,786.18,,,Audio Array,DJ Headphone,DJ Headphone,,,AH-60 BL,0
FBA79840,AH-60 RD,B0FQBWV1ST,B0FQBWV1ST,"Audio Array AH-60-RD Semi-Open Back DJ Headphones | 50mm Drivers Delivers Dynamic Balanced Output | 15Hz–25kHz, 32Ω, 100dB SPL, 1200mW | 3m OFC Single-Sided Cable with Screw-On 3.5mm + 6.3mm Plug",423.0,8.0,0.0061,0.0041,592.0,19.0,0.0061,0.0071,0.0918,0.25,0,0.0,0.0,0.0,0.0,0.0,0.0,0.0,0,14,Audio_Array,2505.16,124.0,13530.0,9650.0,6.0,SP_SD,0.2596020725388601,3.8520493701001137,,417.5266666666666,,,Audio Array,DJ Headphone,DJ Headphone,,,AH-60 RD,0
FBA79908,PB-14 (AM-C43+AH-40-SL+AI-12),B0FTVV1QJY,B0FTVV1QJY,"Audio Array Professional Recording Bundle with BT Soundcard – USB Condenser Microphone, Studio Headphones | Cardioid Mic, Noise Reduction & 6 Sound Modes for Streaming Recording & Podcasting - PB-14",67.0,1.0,0.001,0.0005,80.0,1.0,0.0008,0.0004,0.4605,1.0,0,0.0,0.0,0.0,0.0,0.0,0.0,0.0,0,14,Audio_Array,1129.8000000000002,56.0,4007.0,0.0,0.0,SP_SD,,0.0,,,,,Audio Array,Bundles,PB-14,,,PB-14 (AM-C43+AH-40-SL+AI-12),0
FBA79906,PB-12 (AM-C11+AA-05+AI-04+AH-60-RD),B0FTVVLNS9,B0FTVVLNS9,"Audio Array Professional Dynamic Bundle with Headphones & Audio Interface - USB/XLR Dynamic Microphone, 24-bit/192kHz Interface, Boom Arm & Semi-Open Headphones | Plug & Play Podcast Kit - PB-12",145.0,0.0,0.0021,0.0,171.0,0.0,0.0018,0.0,0.1875,0.0,0,0.0,0.0,0.0,0.0,0.0,0.0,0.0,0,14,Audio_Array,727.16,61.0,12408.0,0.0,0.0,SP_SD,,0.0,,,,,Audio Array,Bundles,PB-12,,,PB-12 (AM-C11+AA-05+AI-04+AH-60-RD),0
FBA79960,AM-W47 WIRELESS,B0G3B152FR,B0G3B152FR,"Audio Array Wireless Voice Amplifier 2026 Edition | Bluetooth 5.3 |10W Speaker With Wireless Mic | For Teachers, Tour Guides |10 Hrs Battery Life |1 Click Monitoring | TWS Connectivity AM-W47 Wireless",93.0,7.0,0.0013,0.0036,118.0,7.0,0.0012,0.0026,0.0476,0.1667,0,0.0,0.0,0.0,0.0,0.0,0.0,0.0,0,14,Audio_Array,405.51,37.0,13183.0,0.0,0.0,SP_SD,,0.0,,,,,Audio Array,Voice Amplifier,Wireless Voice Amplifier,,,AM-W47 WIRELESS,0
FBA79957,AM-W23,B0G3Q517Y2,B0G3Q517Y2,"Audio Array AM-W23 Magnetic Wieless Mic with Charging Pouch 2026 Edition 24Bit/ 48Khz, iPhone/Android/iPad/Laptop, AI Noise Reduction, 50H Battery, 230ft Range for Recording, Vlogging",204.0,16.0,0.0029,0.0083,314.0,26.0,0.0033,0.0097,0.0142,0.0455,0,0.0,0.0,0.0,0.0,0.0,0.0,0.0,0,14,Audio_Array,2609.15,165.0,47550.0,5083.06,2.0,SP_SD,0.5133030103913784,1.9481670275760303,,1304.575,,,Audio Array,Microphone Wireless Lapel,Wireless Lapel Microphone,,,AM-W23,0
FBA79958,AM-W24,B0G3Q59X8C,B0G3Q59X8C,"Audio Array AM-W24 2026 Edition Magnetic Wireless 5gm Mic with Slide Charging Case for iPhone/Android/iPad, AI Noise Reduction, 30H Battery, 200ft Range, Plug & Play for Recording, Vlogging, Streaming",483.0,36.0,0.0069,0.0186,686.0,44.0,0.0071,0.0164,0.0305,0.0714,0,0.0,0.0,0.0,0.0,0.0,0.0,0.0,0,14,Audio_Array,4117.75,410.0,76145.0,3303.39,2.0,SP_SD,1.246522511722806,0.8022318013478235,,2058.875,,,Audio Array,Microphone Wireless Lapel,Wireless Lapel Microphone,,,AM-W24,0
FBA79842,AM-C48,B0G4DNF8RZ,B0G4DNF8RZ,"Audio Array AM-C48 XLR/USB Professional Full RGB Dynamic Microphone Kit | AI Noise Cancellation | Touch & Knob Controls | Built-in Headphone Monitoring | Podcasting, Recording, Streaming, YouTube",339.0,10.0,0.0049,0.0052,532.0,14.0,0.0055,0.0052,0.1292,0.1111,0,0.0,0.0,0.0,0.0,0.0,0.0,0.0,0,14,Audio_Array,3079.04,149.0,15956.0,13046.6,6.0,SP_SD,0.2360032498888599,4.237229785907296,,513.1733333333333,,,Audio Array,Microphone Dynamic,Microphone Dynamic,,,AM-C48,0
FBA79964,AM-PRO12,B0G53KWRWH,B0G53KWRWH,"Audio Array AM-Pro12 12-Channel HYBRID USB Mixer 12 channel analog+2 digital 48kHz/16bit,128DSP Fx, Built-In Compressor, 4Group Buses, Inserts,+24dBu Balanced XLR Outs For Live, Studio & Broadcast",581.0,9.0,0.0083,0.0046,747.0,11.0,0.0077,0.0041,0.2749,0.375,0,0.0,0.0,0.0,0.0,0.0,0.0,0.0,0,14,Audio_Array,1239.0800000000002,359.0,36147.0,6778.81,2.0,SP_SD,0.1827872443688494,5.470841269328856,,619.5400000000001,,,Audio Array,Mixers,12 channels Mixer,,,AM-PRO12,0
FBA79968,AI-14,B0G53M9258,B0G53M9258,"Audio Array AI-14 8-Channel Hybrid USB Audio Mixer with 8 Analog + 2 Digital Inputs, 48kHz/16-Bit Processing, +50dB Gain, Combo XLR, Phantom Power, Hi-Z, 3-Band EQ, 99 DSP FX, Balanced XLR Output",0.0,0.0,0.0,0.0,0.0,0.0,0.0,0.0,0.0,0.0,0,0.0,0.0,0.0,0.0,0.0,0.0,0.0,0,14,Audio_Array,0.0,0.0,0.0,0.0,0.0,,,,,,,,Audio Array,Mixers,8 channels Mixer,,,AI-14,0
FBA79355,AA-19BL,B0D3M86SH1,B0D3M86SH1,Audio Array AA-19BL RGB Low Profile Boomarm Stand with Riser | 71cm reach & 20 RGB lighting effects & Built-In Cable Management | Matte finish with Flexible adjustments | 2Kg Weight Capacity | Black,163.0,6.0,0.001,0.0018,210.0,7.0,0.0009,0.0015,0.2513,0.2857,1,0.0,0.0061,0.0,4066.949152542373,0.0,1.0,0.0,0,14,Audio_Array,1370.83,79.0,7849.0,7493.219999999999,2.0,SP_SD,0.1829427135463792,5.466192015056572,,685.415,,,Audio Array,Microphone Accessories,Accessories,,,AA-19BL,1
FBA79108,AM-W16,B0CM9L1QZG,B0CM9L1QZG,"Audio Array AM-W16 Solo Wireless Lapel Over Ear Mic|in-Built ANC,Plug N Play,LongBattery Life,Ultra-Low Latency,Upto 30M Range|Compatible with iPhone&Android|Vlogging,Streaming,Teaching,YouTube,Black",166.0,7.0,0.001,0.0021,201.0,8.0,0.0009,0.0017,0.1543,0.0,0,0.0,0.0,0.0,0.0,0.0,0.0,0.0,0,14,Audio_Array,1005.26,146.0,31656.0,2937.75,1.0,SP_SD,0.3421870479108161,2.9223782901935818,,1005.26,,,Audio Array,Microphone Wireless Lapel,Wireless Lapel Microphone,,,AM-W16,0
FBA79105,AI-12,B0CM6WH4ZT,B0CM6WH4ZT,"Audio Array AI-12 USB Bluetooth Soundcard | 1Ch Mixer interface | 2 mic inputs, 2 smartphone & PC/Mac outputs | Karaoke Recording, Mobile/PC Streaming, Live Broadcasting | Singing, Recording,Gaming",830.0,22.0,0.0703,0.0634,1136.0,25.0,0.0721,0.0545,0.0009,0.0,0,0.0,0.0,0.0,0.0,0.0,0.0,0.0,0,14,Audio_Array,5144.15,556.0,78556.0,20275.5,13.0,SP_SD,0.2537126088135927,3.941467492199878,,395.7038461538461,,,Audio Array,Audio Interface,Audio Interface,,,AI-12,0
FBA79355,AA-19BL,B0D3M86SH1,B0D3M86SH1,Audio Array AA-19BL RGB Low Profile Boomarm Stand with Riser | 71cm reach & 20 RGB lighting effects & Built-In Cable Management | Matte finish with Flexible adjustments | 2Kg Weight Capacity | Black,292.0,14.0,0.0026,0.0061,369.0,18.0,0.0025,0.0059,0.0326,0.0,1,0.0,0.0034,0.0,4236.440677966102,0.0,1.0,0.0,0,14,Audio_Array,1370.83,79.0,7849.0,7493.219999999999,2.0,SP_SD,0.1829427135463792,5.466192015056572,,685.415,,,Audio Array,Microphone Accessories,Accessories,,,AA-19BL,1
FBA75677,AM-C5,B0B4KC7VBM,B0B4KC7VBM,"Audio Array AM-C5 USB Plug & Play Conference Mic for Mac OS & Windows | Conference, Recording, Skype, Online Class with Range Upto 5M | One Touch Mute Button & Light Indicator (NOT A Speaker)",429.0,29.0,0.0038,0.0127,564.0,43.0,0.0039,0.014,0.0156,0.0,0,0.0,0.0,0.0,0.0,0.0,0.0,0.0,0,14,Audio_Array,2816.36,142.0,22001.0,17494.08,7.0,SP_SD,0.1609893175291298,6.211592268033916,,402.3371428571429,,,Audio Array,Microphone Conference,Conference Microphone,,,AM-C5,0
FBA76723,AM-C20,B0BLKF46QG,B0BLKF46QG,"Audio Array AM-C20 USB Microphone | Unique Tilt Stand & one Touch Mute | Plug n Play, No Latency Cardioid Pickup | for PC, Smartphones, iOS | Gaming, Streaming, Podcasts, Twitch, YouTube, Discord",21.0,0.0,0.0002,0.0,25.0,0.0,0.0002,0.0,0.6957,0.0,0,0.0,0.0,0.0,0.0,0.0,0.0,0.0,0,14,Audio_Array,0.0,0.0,0.0,0.0,0.0,SP_SD,,,,,,,Audio Array,Microphone Condenser,USB Microphone Kit - Tripod,,,AM-C20,0
FBA78423,AM-C36,B0C598Q6PT,B0C598Q6PT,"Audio Array AM-C36 Lapel Microphone | 1M Long & Strong Cable | 3.5mm TRRS| 3.5mm TRRS Port, TRRS to TRS & TRRS to USB Type C adapters | Omnidirectional Pickup | Mic Cover & Leather Bag Included",3.0,0.0,0.0,0.0,3.0,0.0,0.0,0.0,1.0,0.0,0,0.0,0.0,0.0,0.0,0.0,0.0,0.0,0,14,Audio_Array,0.0,0.0,0.0,0.0,0.0,,,,,,,,Audio Array,Microphone Lapel,Lavalier Microphone,,,AM-C36,0
FBA79105,AI-12,B0CM6WH4ZT,B0CM6WH4ZT,"Audio Array AI-12 USB Bluetooth Soundcard | 1Ch Mixer interface | 2 mic inputs, 2 smartphone & PC/Mac outputs | Karaoke Recording, Mobile/PC Streaming, Live Broadcasting | Singing, Recording,Gaming",441.0,15.0,0.0039,0.0066,592.0,18.0,0.0041,0.0059,0.0,0.0,0,0.0,0.0,0.0,0.0,0.0,0.0,0.0,0,14,Audio_Array,5144.15,556.0,78556.0,20275.5,13.0,SP_SD,0.2537126088135927,3.941467492199878,,395.7038461538461,,,Audio Array,Audio Interface,Audio Interface,,,AI-12,0
FBA79444,AM-W20,B0DFMLQBMC,B0DFMLQBMC,"Audio Array AM-W20 Magnetic Wireless Lapel Microphone Set | One Touch Smart Noise Reduction | 48KHz/24Bit Hi-fi Recording | 50M Range | 800mAh 48Hrs Long Battery Backup | Vlogging, Podcast, Streaming",4.0,0.0,0.0,0.0,4.0,0.0,0.0,0.0,0.0,0.0,0,0.0,0.0,0.0,0.0,0.0,0.0,0.0,0,14,Audio_Array,0.0,0.0,0.0,0.0,0.0,SP_SD,,,,,,,Audio Array,Microphone Wireless Lapel,Wireless Lapel Microphone,,,AM-W20,0
FBA79816,AM-W22,B0FPR962YS,B0FPR962YS,"Audio Array AM-W22 | Latest 2026 Edition Wireless Microphone for Camera/iPhone/Android/iPad/Laptop, Lav Mic with Charging Case, AI Noise Reduction, 50H Battery, 230ft Range, for Recording, YouTube",118.0,8.0,0.001,0.0035,157.0,10.0,0.0011,0.0033,0.0,0.0,0,0.0,0.0,0.0,0.0,0.0,0.0,0.0,0,14,Audio_Array,625.98,55.0,10610.0,0.0,0.0,SP_SD,,0.0,,,,,Audio Array,Microphone Wireless Lapel,Wireless Lapel Microphone,,,AM-W22,0
FBA75673,AM-C1,B0B4DPX2J2,B0B4DPX2J2,"Audio Array AM-C1 USB Condenser Microphone Kit | for Podcasting, Online Meeting, Gaming, Singing & Live Streaming | Boom Arm, Pop Filter, Mic Cover, Spider Shock Mount, Tripod & 2.5M USB Cable",0.0,,,,,,,,,,176,,,,396763.27,,,,0,14,Audio_Array,87217.4,6045.0,1164398.0,293136.84,123.0,SP_SD,0.2975313508871828,3.360990352842438,,709.0845528455284,,,Audio Array,Microphone Condenser,USB Microphone Kit - Boomarm,,,AM-C1,176
FBA76864,AI-04 RED,B0BPLZ5CGV,B0BPLZ5CGV,Audio Array AI-04 HD 2x2 Gen 3 Audio Interface | Premium Mic Pre-Amps | 48V Phantom Power | 24bit/192kHz Hi-Fi Recording | XLR/MIC/LINE inputs | Plug & Play-No Drivers | 2 in 3 out | Metal Body | Red,0.0,,,,,,,,,,97,,,,396273.5,,,,0,14,Audio_Array,60858.4,6495.0,1170762.0,295566.05,79.0,SP_SD,0.2059045685389103,4.856618806935443,,770.3594936708861,,,Audio Array,Audio Interface,Audio Interface,,,AI-04 RED,97
FBA79482,AM-S1,B0DXFPM4N2,B0DXFPM4N2,"Audio Array AM-S1 |Professional 4"" Studio Monitor Speaker Pair| 60W Class D Amplification,Woven Composite Woofer,1.5"" Silk-Dome Tweeter,EQ Controls|Music/Monitor Mode, Aux, HDMI, USB C, TRS, RCA",0.0,,,,,,,,,,31,,,,231838.15,,,,0,14,Audio_Array,32908.82,3349.0,349200.0,196866.96,27.0,SP_SD,0.1671627377189143,5.982194439059194,,1218.845185185185,,,Audio Array,Monitor Speakers,Studio Monitor Speaker,,,AM-S1,31
FBA79005,AM-W45,B0CKHVHVQ1,B0CKHVHVQ1,"Audio Array AM-W45 Wireless Conference Microphone with Speaker | Bluetooth, USB & 4 Mics | 360° Pickup Upto 4M | Noise Reduction & Enhanced Voice | Portable Speakerphone for Video Calls/Zoom Meeting",0.0,,,,,,,,,,39,,,,168526.3,,,,0,14,Audio_Array,12557.47,566.0,82523.0,112350.94,26.0,SP_SD,0.111770048385888,8.946940745229732,,482.9796153846154,,,Audio Array,Microphone Conference,Wireless Conference Microphone,,,AM-W45,39
FBA79380,AM-C46,B0D3M1B4Z8,B0D3M1B4Z8,"Audio Array AM-C46 Professional RGB USB Condenser Microphone Kit | Noise-Cancellation, Mute, Monitoring & Volume Controls | 192kHz/24bit Studio Quality | Gaming, Streaming, Podcast | Mac/PC/Mobile",0.0,,,,,,,,,,38,,,,113323.6,,,,0,14,Audio_Array,16864.77,878.0,213537.0,60619.46,19.0,SP_SD,0.2782071961709985,3.594443327718077,,887.6194736842106,,,Audio Array,Microphone Condenser,Condenser Mic with Boom Arm,,,AM-C46,38
FBA79961,AI-13,B0G53H49BS,B0G53H49BS,"Audio Array AI-13 2026 Edition 4-Channel Hybrid USB Summing Mixer 4 Analog+2 Digital, 48kHz/16-Bit, 2XLR Mic Inputs,TRS Stereo In, 48V Phantom, Hi-Z,2 Band EQ,Monitoring,Amp Out, USB-C Power",0.0,,,,,,,,,,35,,,,81199.21,,,,0,14,Audio_Array,10764.57,1396.0,109303.0,51337.33,22.0,SP_SD,0.2096830902581026,4.769101784836738,,489.2986363636364,,,Audio Array,Mixers,4 channels Mixer,,,AI-13,35
FBA78975,AA-21,B0CF5TCQKL,B0CF5TCQKL,"Audio Array AA-21 Desktop Mount Speaker Stands | 15KG Capacity | Height, Tilt & Rotation Adjustable | Smart Cable Management | for Sound Editing, Gaming, Music Production | Black (Set of 2)",0.0,,,,,,,,,,22,,,,69303.4,,,,0,14,Audio_Array,3997.56,343.0,23118.0,45220.37,15.0,SP_SD,0.0884017534575679,11.311992815617527,,266.504,,,Audio Array,Microphone Accessories,Accessories,,,AA-21,22
FBA79103,AI-10,B0CM6NTWBP,B0CM6NTWBP,"Audio Array AI-10 Professional Live Soundcard|1Ch Mixer |Bluetooth | 3 Condenser Mic Inputs, 2 mobilephones & PC/Mac Outputs | +48V phantom power, 4 Voice Modes, Denoise, built-in FX | Gaming, Karaoke",0.0,,,,,,,,,,23,,,,58610.21,,,,0,14,Audio_Array,15888.32,2059.0,332084.0,90684.24,33.0,SP_SD,0.1752048647041647,5.707604076453646,,481.4642424242424,,,Audio Array,Audio Interface,Audio Interface,,,AI-10,23
FBA79972,M8,B0GCP1J2HC,B0GCP1J2HC,"Audio Array M8 Latest 2026 Edition 8-Channel Hybrid USB Summing Mixer (6 Analog + 2 Digital) for Recording & Live, 192kHz/24-Bit OTG, 99 DSP FX, 4 XLR Mic Inputs, Phantom Power, Hi-Z & Monitoring",0.0,,,,,,,,,,8,,,,54230.48,,,,0,14,Audio_Array,5211.39,776.0,63919.0,27962.7,4.0,SP_SD,0.1863693420163289,5.365689384214193,,1302.8475,,,Audio Array,Mixers,8 channels Mixer,,,M8,8
FBA79011,AM-C43,B0CH4RNWJX,B0CH4RNWJX,"Audio Array AM-C43 XLR to 3.5mm Professional Condenser Microphone Kit | Boom Arm, 2M Cable & Foam Filter | Compatible with Audio Interface, Mixer | Recording, Podcast, Streaming, Home Studio (Black)",0.0,,,,,,,,,,25,,,,52877.16,,,,0,14,Audio_Array,12161.12,735.0,103746.0,53224.61,22.0,SP_SD,0.2284867845908124,4.376620738879314,,552.7781818181818,,,Audio Array,Microphone Condenser,XLR Microphone Kit - Boomarm,,,AM-C43,25
FBA78973,AA-19,B0CF5R3V95,B0CF5R3V95,"Audio Array AA-19 2in1 High & Low Profile Mic Stand | 71cm reach | Premium Metal design with Built In Cable Management | Flexible Position adjustments | 2Kg Weight Capacity |5/8"" to 3/8"" Screw Adapter",0.0,,,,,,,,,,13,,,,42446.56,,,,0,14,Audio_Array,4929.1,326.0,30142.0,30538.95,14.0,SP_SD,0.1614037155828867,6.195644235255929,,352.0785714285715,,,Audio Array,Microphone Accessories,Accessories,,,AA-19,13
FBA79104,AI-11,B0CM6NVLT9,B0CM6NVLT9,"Audio Array AI-11 USB Bluetooth Soundcard, 1Ch Mixer, Audio Interface | 2 Condenser In, 2 Out |2 Live Out+1 Accompany In | OTG for mobile and PC/MAC | Effects | Streaming, Podcasting, Gaming, Singing",0.0,,,,,,,,,,29,,,,38212.73,,,,0,14,Audio_Array,2349.6400000000003,314.0,37022.0,23984.72,16.0,SP_SD,0.0979640371036226,10.207827582097682,,146.85250000000002,,,Audio Array,Audio Interface,Audio Interface,,,AI-11,29
FBA79813,AH-50,B0FG88HVQ8,B0FG88HVQ8,"Audio Array AH-50 Professional DJ Headphone | 50mm Drivers | 32Ω | 20Hz-20kHz | Dual Detachable Cables With Mic & Controls | Buddy Share Technology | 105 dB SPL | One Ear Listening | Monitoring,Mixing",0.0,,,,,,,,,,22,,,,37789.84,,,,0,14,Audio_Array,20695.6,1402.0,176110.0,77420.34,47.0,SP_SD,0.2673147650862809,3.740908212373645,,440.331914893617,,,Audio Array,DJ Headphone,DJ Headphone,,,AH-50,22
FBA79839,AH-45 BK,B0FQBXS6Y2,B0FQBXS6Y2,"Audio Array AH-45-BK Studio Monitoring & Live Recording Headphones | 20-20KHz, 32 Ω, 100dB SPL | 40mm Depp Bass Closed-Back Driver | 3m OFC Cable | 3.5mm + 6.3mm Adapter (Black)",0.0,,,,,,,,,,29,,,,37263.56,,,,0,14,Audio_Array,4115.44,341.0,53988.0,17784.739999999998,14.0,SP_SD,0.2314028768483542,4.321467449410027,,293.96,,,Audio Array,DJ Headphone,DJ Headphone,,,AH-45 BK,29
FBA75677,AM-C5,B0B4KC7VBM,B0B4KC7VBM,"Audio Array AM-C5 USB Plug & Play Conference Mic for Mac OS & Windows | Conference, Recording, Skype, Online Class with Range Upto 5M | One Touch Mute Button & Light Indicator (NOT A Speaker)",0.0,,,,,,,,,,19,,,,37017.83,,,,0,14,Audio_Array,2816.36,142.0,22001.0,17494.08,7.0,SP_SD,0.1609893175291298,6.211592268033916,,402.3371428571429,,,Audio Array,Microphone Conference,Conference Microphone,,,AM-C5,19
FBA76862,AM-C28,B0BPLWW72Y,B0BPLWW72Y,Audio Array AM-C28 USB Plug & Play Conference Microphone | Omni Directional Pickup Upto 3M | Mic Mute Button | No Drivers Condenser USB Type-C | Ideal for Meetings & Video Calling (Not a Speaker),0.0,,,,,,,,,,27,,,,35655.08,,,,0,14,Audio_Array,5328.74,262.0,24346.0,20581.32,14.0,SP_SD,0.2589114789527591,3.8623239264816815,,380.6242857142857,,,Audio Array,Microphone Conference,Conference Microphone,,,AM-C28,27
FBA79904,PB-10 (AM-C2+AI-04+AH-60-BL),B0FTVQQVDC,B0FTVQQVDC,"Audio Array Professional Studio Recording Bundle – XLR Condenser Mic Kit, 2x2 USB Audio Interface, Closed-Back Headphone, Boom Arm, Pop Filter & 48V Phantom Power| 24-bit/192kHz Podcast Kit - PB-10",0.0,,,,,,,,,,4,,,,33894.92,,,,0,14,Audio_Array,2301.63,177.0,23301.0,0.0,0.0,SP_SD,,0.0,,,,,Audio Array,Bundles,PB-10,,,PB-10 (AM-C2+AI-04+AH-60-BL),4
FBA75674,AM-C2,B0B4G19R58,B0B4G19R58,"Audio Array AM-C2 XLR Condenser Microphone Kit | Boom Arm, 2M Cable, Pop Filter & Mic Cover | Compatible with Audio Interface, Mixer & preamp | Recording, Podcasting, Streaming, Home Studio (Black)",0.0,,,,,,,,,,10,,,,32194.93,,,,0,14,Audio_Array,2599.93,219.0,41434.0,6438.98,2.0,SP_SD,0.4037797912091667,2.4765974468543384,,1299.965,,,Audio Array,Microphone Condenser,XLR Microphone Kit - Boomarm,,,AM-C2,10
FBA79838,AH-40 SL,B0FQBX8J17,B0FQBX8J17,"Audio Array AH-40-SL Wired Over-Ear Headphones | 40mm Drivers, 15-22KHz, 32Ω, 105dB SPL Sound, Studio Monitoring, Gaming, Live Music Headset with 3.5mm + 6.3mm Plug Compatibility",0.0,,,,,,,,,,28,,,,28450.8,,,,0,14,Audio_Array,4285.12,345.0,55690.0,16046.58,15.0,SP_SD,0.2670425723113585,3.744721268015832,,285.67466666666667,,,Audio Array,DJ Headphone,DJ Headphone,,,AH-40 SL,28
FBA75690,AM-C10,B0B4K87PR4,B0B4K87PR4,Audio Array AM-C10 USB Plug & Play Conference Microphone with Speaker | Omni Directional Pickup Upto 4M | Speaker and Mic Mute Buttons | Volume Control & Mute Button | Ideal for Meeting & Video Call,0.0,,,,,,,,,,8,,,,27111.84,,,,0,14,Audio_Array,2218.64,81.0,25294.0,12963.57,3.0,SP_SD,0.1711442141323725,5.843025457036744,,739.5466666666666,,,Audio Array,Microphone Conference,Conference Microphone,,,AM-C10,8
FBA79449,AM-W36,B0DFMNGFTD,B0DFMNGFTD,"Audio Array AM-W36 UHF Dual Wireless Premium Metal Microphone with Charging | 2X XLR Outs & 1/4"" Mix Out | 328ft/100M Range | Karaoke Singing, Wedding, Events | PA System, Amplifier, Mixer, Party Box",0.0,,,,,,,,,,5,,,,26266.93,,,,0,14,Audio_Array,1349.12,126.0,17577.0,5253.39,1.0,SP_SD,0.2568094125888236,3.893938270872866,,1349.12,,,Audio Array,Microphone Wireless Handheld,Wireless Microphone,,,AM-W36,5
FBA76863,AI-03,B0BPM2T7BQ,B0BPM2T7BQ,"Audio Array AI-03 Professional Sound Card with Bluetooth | Podcast Production Setup with 4 mic input & 4 outputs | +48V phantom power, PC/Mac connectivity | 6-8hr Battery | Streaming, Singing & Gaming",0.0,,,,,,,,,,7,,,,19726.32,,,,0,14,Audio_Array,0.0,0.0,0.0,0.0,0.0,,,,,,,,Audio Array,Audio Interface,Audio Interface,,,AI-03,7
FBA79109,AM-W18,B0CM9HYVDM,B0CM9HYVDM,"Audio Array AM-W18 Wireless Karaoke Speaker with Microphone | Portable Bluetooth Speaker for Singing & Gifting with Voice Changer | Upto 8+ Hours of Playback | Bluetooth v5.3, SD Card & AUX in (Pink)",0.0,,,,,,,,,,19,,,,19144.89,,,,0,14,Audio_Array,2513.8,144.0,17337.0,4030.52,4.0,SP_SD,0.6236912358703096,1.6033574667833557,,628.45,,,Audio Array,Speaker Karaoke,Microphone with Speaker,,,AM-W18,19
FBA79982,AK-61 PRO,B0GN8MPYPG,B0GN8MPYPG,"Audio Array AK61 Pro Music Production Keyboard 61 Velocity Sensitive Keys, Built-in Stereo Speakers, 200+ Presets, Sustain/Touch, Tempo, Octave/Transpose/Tune, Mic In, Headphone Out, LCD, BT Audio",0.0,,,,,,,,,,4,,,,18640.68,,,,0,14,Audio_Array,4665.31,1017.0,67606.0,41517.8,9.0,SP_SD,0.1123689116475342,8.899258570170044,,518.3677777777777,,,Audio Array,Electronic Keyboard,,,,AK-61 PRO,4
FBA79694,AA-26,B0DT6T6N6B,B0DT6T6N6B,"Audio Array AA-26 Tabletop Metal Microphone Stand | Extendable height up to 22cm | Studio Sound Recording, Streaming, Podcasting, Singing | Stylish Sturdy Metal Design to last long, flat base",0.0,,,,,,,,,,37,,,,17214.39,,,,0,14,Audio_Array,615.36,69.0,4756.0,4103.36,8.0,SP_SD,0.1499649068080792,6.668226729069162,,76.92,,,Audio Array,Microphone Accessories,Accessories,,,AA-26,37
FBA79842,AM-C48,B0G4DNF8RZ,B0G4DNF8RZ,"Audio Array AM-C48 XLR/USB Professional Full RGB Dynamic Microphone Kit | AI Noise Cancellation | Touch & Knob Controls | Built-in Headphone Monitoring | Podcasting, Recording, Streaming, YouTube",0.0,,,,,,,,,,6,,,,16774.56,,,,0,14,Audio_Array,3079.04,149.0,15956.0,13046.6,6.0,SP_SD,0.2360032498888599,4.237229785907296,,513.1733333333333,,,Audio Array,Microphone Dynamic,Microphone Dynamic,,,AM-C48,6
FBA79840,AH-60 RD,B0FQBWV1ST,B0FQBWV1ST,"Audio Array AH-60-RD Semi-Open Back DJ Headphones | 50mm Drivers Delivers Dynamic Balanced Output | 15Hz–25kHz, 32Ω, 100dB SPL, 1200mW | 3m OFC Single-Sided Cable with Screw-On 3.5mm + 6.3mm Plug",0.0,,,,,,,,,,10,,,,16644.04,,,,0,14,Audio_Array,2505.16,124.0,13530.0,9650.0,6.0,SP_SD,0.2596020725388601,3.8520493701001137,,417.5266666666666,,,Audio Array,DJ Headphone,DJ Headphone,,,AH-60 RD,10
FBA79821,"UB-01 (AI-04, AM-S1, AA-21, AM-C2)",B0FJ2JJZL3,B0FJ2JJZL3,"Audio Array Professional Studio Bundle with 24-Bit/192kHz Audio Interface, 4"" Studio Monitors, XLR Condenser Mic & Stands | for Music Production, Podcasting, Dubbing, Recording & Audio Mixing - UB-01",0.0,,,,,,,,,,1,,,,16524.58,,,,0,14,Audio_Array,1145.67,96.0,11561.0,0.0,0.0,SP_SD,,0.0,,,,,Audio Array,Bundles,UB-01,,,"UB-01 (AI-04, AM-S1, AA-21, AM-C2)",1
FBA79958,AM-W24,B0G3Q59X8C,B0G3Q59X8C,"Audio Array AM-W24 2026 Edition Magnetic Wireless 5gm Mic with Slide Charging Case for iPhone/Android/iPad, AI Noise Reduction, 30H Battery, 200ft Range, Plug & Play for Recording, Vlogging, Streaming",0.0,,,,,,,,,,10,,,,16093.2,,,,0,14,Audio_Array,4117.75,410.0,76145.0,3303.39,2.0,SP_SD,1.246522511722806,0.8022318013478235,,2058.875,,,Audio Array,Microphone Wireless Lapel,Wireless Lapel Microphone,,,AM-W24,10
FBA78960,AM-C39,B0CBCB82MT,B0CBCB82MT,"Audio Array AM-C39 XLR to 3.5mm Condenser Microphone Kit | Tripod, 2M Cable & Foam Filter | Compatible with Audio Interface, Mixer | Recording, Podcast, Streaming, Home Studio (Black)",0.0,,,,,,,,,,9,,,,12958.48,,,,0,14,Audio_Array,3239.65,210.0,20507.0,5788.13,4.0,SP_SD,0.5597058117215751,1.786652879169046,,809.9125,,,Audio Array,Microphone Condenser,XLR Microphone Kit - Tripod,,,AM-C39,9
FBA79356,AA-19WL,B0D3Q2T5XX,B0D3Q2T5XX,Audio Array AA-19WL RGB Low Profile Boomarm Stand with Riser | 71cm reach & 20 RGB lighting effects & Built-In Cable Management | Matte finish with Flexible adjustments | 2Kg Weight Capacity | White,0.0,,,,,,,,,,3,,,,12709.32,,,,0,14,Audio_Array,186.56,14.0,1762.0,465.25,1.0,SP_SD,0.4009887157442235,2.4938357632933106,,186.56,,,Audio Array,Microphone Accessories,Accessories,,,AA-19WL,3
FBA77171,AC-6XL,B0CH4VCD6R,B0CH4VCD6R,"Audio Array AC-6XL Mic Cable 6.35mm Jack Male to XLR 3PIN Female Cord Wire | Microphone/Guitar Cable | Black, 1pc Pack (6 Meter/19.6 Feet)",0.0,,,,,,,,,,27,,,,12561.86,,,,0,14,Audio_Array,0.0,0.0,0.0,0.0,0.0,,,,,,,,Audio Array,Microphone Accessories,Accessories,,,AC-6XL,27
FBA78976,AA-22,B0CF5SHL15,B0CF5SHL15,"Audio Array AA-22 Desktop Mount Speaker Stands | 15KG Capacity | Height, Tilt & Rotation Adjustable | Smart Cable Management | for Sound Editing, Gaming, Music Production | Red (Set of 2)",0.0,,,,,,,,,,4,,,,12538.99,,,,0,14,Audio_Array,0.0,0.0,0.0,0.0,0.0,,,,,,,,Audio Array,Microphone Accessories,Accessories,,,AA-22,4
FBA78925,AM-C11X,B0CBC7QMNV,B0CBC7QMNV,"Audio Array AM-C11X XLR Dynamic Microphone | Studio-quality Audio Output | Cardioid Polar Pattern | Premium Metal Build | 2 Meter XLR cable | for Streaming, Gaming, Podcasting, Singing | 2 Yr Warranty",0.0,,,,,,,,,,4,,,,12369.48,,,,0,14,Audio_Array,2252.75,108.0,12605.0,2937.75,1.0,SP_SD,0.7668283550336141,1.3040727999112196,,2252.75,,,Audio Array,Microphone Dynamic,XLR Dynamic Mic,,,AM-C11X,4
FBA79816,AM-W22,B0FPR962YS,B0FPR962YS,"Audio Array AM-W22 | Latest 2026 Edition Wireless Microphone for Camera/iPhone/Android/iPad/Laptop, Lav Mic with Charging Case, AI Noise Reduction, 50H Battery, 230ft Range, for Recording, YouTube",0.0,,,,,,,,,,4,,,,12030.51,,,,0,14,Audio_Array,625.98,55.0,10610.0,0.0,0.0,SP_SD,,0.0,,,,,Audio Array,Microphone Wireless Lapel,Wireless Lapel Microphone,,,AM-W22,4
FBA79448,AM-W35,B0DFMKY4TT,B0DFMKY4TT,"Audio Array AM-W35 UHF Dual Wireless Premium Karaoke Microphones | 800mah 5-6 Hours Battery Backup | Range up to 50M | Karaoke Singing, Wedding, DJ, Church | PA System, Amplifier, Mixer, Party Box",0.0,,,,,,,,,,4,,,,11905.88,,,,0,14,Audio_Array,1430.4499999999998,132.0,22661.0,8573.77,3.0,SP_SD,0.1668402581361524,5.993757209269812,,476.8166666666666,,,Audio Array,Microphone Wireless Handheld,Wireless Microphone,,,AM-W35,4
FBA75675,AM-C3,B0B4G8ZB64,B0B4G8ZB64,"Audio Array AM-C3 XLR to TRS Dynamic Handheld Karaoke Microphone | Premium Metal Built with 3M Cable | Singing, Public Meetings, Studio Recording, Live Show, Party, Church, Wedding",0.0,,,,,,,,,,15,,,,11558.43,,,,0,14,Audio_Array,1393.48,186.0,18862.0,7489.830000000001,10.0,SP_SD,0.1860496166134611,5.374910296523812,,139.348,,,Audio Array,Microphone Dynamic,Vocal Microphone,,,AM-C3,15
FBA75679,AA-02,B0B4JRQP22,B0B4JRQP22,"Audio Array AA-02 3-Panel Curved Isolation Shield with Insulation, Absorption & Reflection Filter | 3/8"" and 5/8"" Universal Mic Mount for Recording Studio, Podcasts, Singing & Broadcasting",0.0,,,,,,,,,,5,,,,10589.0,,,,0,14,Audio_Array,0.0,0.0,0.0,0.0,0.0,,,,,,,,Audio Array,Microphone Accessories,Accessories,,,AA-02,5
FBA79969,UB-03 (AM-S1 + AA-22),B0G3B677Z5,B0G3B677Z5,"Audio Array Studio Monitor Bundle with 60W Powered Speakers & Adjustable Metal Stands | Bluetooth, HDMI ARC, USB-C, RCA Inputs | Professional Studio Monitors for Home Studio, Streaming & Gaming-UB-03",0.0,,,,,,,,,,1,,,,9744.92,,,,0,14,Audio_Array,1787.8,146.0,25562.0,7456.78,1.0,SP_SD,0.2397549612567354,4.170925159413804,,1787.8,,,Audio Array,Bundles,UB-03,,,UB-03 (AM-S1 + AA-22),1
FBA75678,AA-01,B0B4G8PH2P,B0B4G8PH2P,"Audio Array AA-01 Suspension Boom Scissor Microphone Stand | Double Layer Mesh Pop Filter | 70cm Sturdy Boom Arm with 1.8kg Capacity | 5/8"" to 3/8"" Screw Adapter | Mic Holder, Foam Cover, Cable Ties",0.0,,,,,,,,,,5,,,,9105.94,,,,0,14,Audio_Array,1524.53,71.0,22669.0,5463.57,3.0,SP_SD,0.2790355024278997,3.5837733596583865,,508.1766666666667,,,Audio Array,Microphone Accessories,Accessories,,,AA-01,5
FBA75684,AA-04,B0B4G7VWXD,B0B4G7VWXD,"Audio Array AA-04 Metal Spider Shock Mount for Condenser Microphone | Anti Vibration, Suspension, Isolation | 4 Size Bottom Screws & Extra Replacement Elastic Bands | Recommended For Rode, Samson, etc",0.0,,,,,,,,,,6,,,,8638.99,,,,0,14,Audio_Array,0.0,0.0,0.0,0.0,0.0,,,,,,,,Audio Array,Microphone Accessories,Accessories,,,AA-04,6
FBA79654,AM-C11 PRO,B0DN6MNS1X,B0DN6MNS1X,"Audio Array AM-C11 Pro XLR/USB Professional Dynamic Mic Kit | Premium Metal 96kHz/24bit Studio Quality | 2M XLR & USB Cables,Volume Control,Mute & Realtime Monitoring | Streaming,Gaming & podcasting",0.0,,,,,,,,,,2,,,,8485.2,,,,0,14,Audio_Array,915.84,44.0,12849.0,0.0,0.0,SP_SD,,0.0,,,,,Audio Array,Bundles,Bundles,,,AM-C11 PRO,2
FBA79355,AA-19BL,B0D3M86SH1,B0D3M86SH1,Audio Array AA-19BL RGB Low Profile Boomarm Stand with Riser | 71cm reach & 20 RGB lighting effects & Built-In Cable Management | Matte finish with Flexible adjustments | 2Kg Weight Capacity | Black,0.0,,,,,,,,,,2,,,,8462.72,,,,0,14,Audio_Array,1370.83,79.0,7849.0,7493.219999999999,2.0,SP_SD,0.1829427135463792,5.466192015056572,,685.415,,,Audio Array,Microphone Accessories,Accessories,,,AA-19BL,2
FBA79105,AI-12,B0CM6WH4ZT,B0CM6WH4ZT,"Audio Array AI-12 USB Bluetooth Soundcard | 1Ch Mixer interface | 2 mic inputs, 2 smartphone & PC/Mac outputs | Karaoke Recording, Mobile/PC Streaming, Live Broadcasting | Singing, Recording,Gaming",0.0,,,,,,,,,,7,,,,8299.15,,,,0,14,Audio_Array,5144.15,556.0,78556.0,20275.5,13.0,SP_SD,0.2537126088135927,3.941467492199878,,395.7038461538461,,,Audio Array,Audio Interface,Audio Interface,,,AI-12,7
FBA79106,AM-C44,B0CM9KJZWQ,B0CM9KJZWQ,"Audio Array AM-C44 XLR/USB Professional Dynamic Podcast Microphone | Built-in Monitoring | One Touch Mute & Volume Control | 192kHz/24bit Full Metal Build | 2M XLR & USB Cable | Streaming, Podcasting",0.0,,,,,,,,,,2,,,,7964.4,,,,0,14,Audio_Array,2987.2,122.0,22401.0,6227.12,2.0,SP_SD,0.4797081154691093,2.0846009641135512,,1493.6,,,Audio Array,Microphone Dynamic,Dynamic Microphone,,,AM-C44,2
FBA79957,AM-W23,B0G3Q517Y2,B0G3Q517Y2,"Audio Array AM-W23 Magnetic Wieless Mic with Charging Pouch 2026 Edition 24Bit/ 48Khz, iPhone/Android/iPad/Laptop, AI Noise Reduction, 50H Battery, 230ft Range for Recording, Vlogging",0.0,,,,,,,,,,3,,,,7624.59,,,,0,14,Audio_Array,2609.15,165.0,47550.0,5083.06,2.0,SP_SD,0.5133030103913784,1.9481670275760303,,1304.575,,,Audio Array,Microphone Wireless Lapel,Wireless Lapel Microphone,,,AM-W23,3
FBA79980,AK-37-W,B0GN8MMKY1,B0GN8MMKY1,"Audio Array AK-37 White MIDI Keyboard 37 Velocity Sensitive Keys, Built-in Speakers, 200 Presets, Sustain & Touch, Tempo, Octave/Transpose/Tune, Master Volume Knob, LED Display BT AA & Type-C Power",0.0,,,,,,,,,,2,,,,6777.96,,,,0,14,Audio_Array,917.19,130.0,22781.0,10166.94,3.0,SP_SD,0.0902129844377954,11.084878814640367,,305.73,,,Audio Array,,,,,AK-37-W,2
FBA75688,AM-W12,B0B4G763WS,B0B4G763WS,"Audio Array AM-W12 UHF Dual Wireless Premium Metal Microphones | 4+ Hours Receiver Battery Backup | Range up to 60m| Karaoke Singing, Wedding, DJ, Church | PA System, Amplifier, Mixer, Party Box, etc",0.0,,,,,,,,,,2,,,,6777.96,,,,0,14,Audio_Array,67.34,12.0,1324.0,0.0,0.0,SP_SD,,0.0,,,,,Audio Array,Microphone Wireless Handheld,Wireless Microphone,,,AM-W12,2
FBA79841,AH-60 BL,B0FQBTRM28,B0FQBTRM28,"Audio Array AH-60-BL, 60Ω, Professional Monitoring Headphones | 53mm Drivers | 10Hz–30KHz | 105dB SPL | Closed-Back, DJ & Studio | 3m Cable with 3.5mm & 6.3mm Plugs (Blue)",0.0,,,,,,,,,,4,,,,6631.35,,,,0,14,Audio_Array,3144.72,185.0,40452.0,6679.66,4.0,SP_SD,0.4707904294529961,2.1240873591289526,,786.18,,,Audio Array,DJ Headphone,DJ Headphone,,,AH-60 BL,4
FBA78961,AM-C40,B0CBCB9S14,B0CBCB9S14,"Audio Array AM-C40 Large Diaphragm USB Condenser Microphone Kit | Boom Arm & Pop-Filter | 96kHz/24bit No Latency Headphone Monitoring with Mute & Volume Control Knob | Singing, Podcasting & Streaming",0.0,,,,,,,,,,3,,,,6353.4,,,,0,14,Audio_Array,711.8100000000001,49.0,12786.0,4235.6,2.0,SP_SD,0.168054112758523,5.95046430929602,,355.90500000000003,,,Audio Array,Microphone Condenser,Condenser Mic with Boom Arm,,,AM-C40,3
FBA79447,AM-W34,B0DFMLXD9S,B0DFMLXD9S,"Audio Array AM-W34 UHF Dual Wireless Premium Metal Microphones | 800mAh 6-8 Hours Receiver Battery Backup | Range up to 50M | Karaoke Singing, Wedding, Church | PA System, Amplifier, Mixer, Party Box",0.0,,,,,,,,,,2,,,,6055.84,,,,0,14,Audio_Array,903.13,82.0,6151.0,6055.84,2.0,SP_SD,0.1491337287643002,6.705391250429064,,451.565,,,Audio Array,Microphone Wireless Handheld,Wireless Microphone,,,AM-W34,2
FBA79844,PB-08 (AM-C1 + AI-04),B0FN7DYB2M,B0FN7DYB2M,"Audio Array Podcast Bundle with USB Condenser Mic Kit, Audio Interface |192kHz/24bit Studio Quality, Plug & Play, Phantom Power, Real-Time Monitoring for Recording, Streaming & Podcasting - PB-08",0.0,,,,,,,,,,1,,,,5931.36,,,,0,14,Audio_Array,0.0,0.0,0.0,0.0,0.0,,,,,,,,Audio Array,Bundles,PB-08,,,PB-08 (AM-C1 + AI-04),1
FBA79379,AM-C45,B0D3LZWTHV,B0D3LZWTHV,"Audio Array AM-C45 XLR/USB Professional RGB Dynamic Podcast Microphone | Built-in Monitoring | One Touch Mute Volume & Noise-Cancellation | 2M USB Cable & Metal Base | Streaming, Podcasting, Singing",0.0,,,,,,,,,,2,,,,5910.17,,,,0,14,Audio_Array,2219.94,143.0,21708.0,6438.98,2.0,SP_SD,0.3447657858853421,2.9005198338693834,,1109.97,,,Audio Array,Microphone Dynamic,Dynamic Microphone,,,AM-C45,2
FBA75691,AM-W14,B0B4G5JG4P,B0B4G5JG4P,"Audio Array AM-W14 UHF Dual Wireless Premium Metal Microphone | 2X XLR Outs & 1/4"" Mix Out | Range up to 200ft/60m | Karaoke Singing, Wedding, DJ, Church | PA System, Amplifier, Mixer, Party Box",0.0,,,,,,,,,,1,,,,5507.62,,,,0,14,Audio_Array,427.41,43.0,3574.0,5507.63,1.0,SP_SD,0.0776032522155627,12.886057883531038,,427.41,,,Audio Array,Microphone Wireless Handheld,Wireless Microphone,,,AM-W14,1
FBA76597,AA-06,B0BQ7H7418,B0BQ7H7418,"Audio Array AA-06 Microphone Boom Arm with 35cm+35cm=70cm Adjustable Suspension Scissor Arm Stand, Shock Mount, Base Clamp, Pop-Filter, 3/8"" to 5/8"" Universal Screw Adapter, 4x Cable Ties",0.0,,,,,,,,,,5,,,,5504.24,,,,0,14,Audio_Array,918.97,78.0,11237.0,4403.389999999999,4.0,SP_SD,0.2086960273789058,4.791658051949464,,229.7425,,,Audio Array,Microphone Accessories,Accessories,,,AA-06,5
FBA79008,AI-06,B0CH4RT4P8,B0CH4RT4P8,"Audio Array AI-06 Streaming Audio Mixer Sound Card | XLR, 1/4"" & line in | PC/Phone RGB Mixer with Volume Fader, Individual Control, Mute and Monitoring, 48V Phantom Power | Stream, Podcast & Karaoke",0.0,,,,,,,,,,2,,,,5032.38,,,,0,14,Audio_Array,0.0,0.0,0.0,0.0,0.0,,,,,,,,Audio Array,Audio Interface,Audio Interface,,,AI-06,2
FBA79981,AK-61 NEO,B0GN8MFDGZ,B0GN8MFDGZ,"Audio Array AK61 Neo Music Production Keyboard 61 Velocity Sensitive Keys, Built-in Speakers, 200+ Presets, Sustain/Touch, Tempo, Octave/Transpose/Tune, Mic In, Headphone Out, LED Screen, BT Audio",0.0,,,,,,,,,,1,,,,4236.44,,,,0,14,Audio_Array,499.18,130.0,14557.0,0.0,0.0,SP_SD,,0.0,,,,,Audio Array,,,,,AK-61 NEO,1
FBA75683,AA-03,B0B4G94VP3,B0B4G94VP3,"Audio Array AA-03 Double Layer Professional Pop Filter | Flexible 360° Free Angle Adjustable, Durable Windshield | Metal Gooseneck Stabilizing Arm Holder with 32cm Arm Length | Suitable for Recording.",0.0,,,,,,,,,,10,,,,4228.8,,,,0,14,Audio_Array,827.77,50.0,6046.0,4408.469999999999,8.0,SP_SD,0.1877680918776809,5.32571849668386,,103.47125,,,Audio Array,Microphone Accessories,Accessories,,,AA-03,10
FBA79064,AA-25,B0CJR76Y7G,B0CJR76Y7G,"Audio Array AA-25 Handheld Microphone Interview Adapter for Wireless Lapel Microphones | Supports, Rode Go, DJI, Hollyland mics etc | Foam Cover with Built-in Cold Shoe Mount",0.0,,,,,,,,,,5,,,,3597.45,,,,0,14,Audio_Array,0.0,0.0,0.0,0.0,0.0,,,,,,,,Audio Array,Microphone Accessories,Accessories,,,AA-25,5
FBA75689,AM-W13,B0B4G59Y8W,B0B4G59Y8W,"Audio Array AM-W13 UHF Wireless Premium Metal Microphone | 4+ Hours Receiver Battery Backup | Range up to 60m | Karaoke Singing, Wedding, DJ | Compatible with PA System, Amplifier, Mixer, Party Box",0.0,,,,,,,,,,2,,,,3595.76,,,,0,14,Audio_Array,3957.83,242.0,42434.0,10711.86,5.0,SP_SD,0.3694811171915988,2.7064982578837395,,791.566,,,Audio Array,Microphone Wireless Handheld,Wireless Microphone,,,AM-W13,2
FBA79653,AM-C45 PRO,B0DN6LJZBR,B0DN6LJZBR,"Audio Array AM-C45 XLR/USB Pro RGB Dynamic Microphone Kit | 192kHz/24bit Studio Quality Output | Volume Control, Mute and Noise Cancellation | Realtime Monitoring for Streaming, Gaming & podcasting",0.0,,,,,,,,,,1,,,,3473.73,,,,0,14,Audio_Array,0.0,0.0,0.0,0.0,0.0,,,,,,,,Audio Array,Bundles,Bundles,,,AM-C45 PRO,1
FBA79979,AK-37-B,B0GN8RQJRG,B0GN8RQJRG,"Audio Array AK-37 Black MIDI Keyboard 37 Velocity Sensitive Keys, Built-in Speakers, 200 Presets, Sustain & Touch, Tempo, Octave/Transpose/Tune, Master Volume Knob, LED Display BT AA & Type-C Power",0.0,,,,,,,,,,1,,,,3388.98,,,,0,14,Audio_Array,1214.68,187.0,18009.0,5218.64,2.0,SP_SD,0.2327579599282571,4.296308492771759,,607.34,,,Audio Array,Electronic Keyboard,,,,AK-37-B,1
FBA75686,AM-W10,B0B4G89VQJ,B0B4G89VQJ,"Audio Array AM-W10 Professional Dual Wireless Lapel Mics | Upto 10hr Battery & 100m Range | 2X Lapel mics, Type C Adapter for Easy Plug&Play | Volume & Mute Function | Vlogging, Streaming, YouTube",0.0,,,,,,,,,,1,,,,3304.24,,,,0,14,Audio_Array,0.0,0.0,0.0,0.0,0.0,SP_SD,,,,,,,Audio Array,Microphone Wireless Lapel,Wireless Microphone,,,AM-W10,1
FBA75676,AM-C4,B0B4DS678Q,B0B4DS678Q,"Audio Array AM-C4 USB Plug & Play Condenser Microphone with Tripod, Pop-Filter & Shock Mount | for Conference, Gaming, Podcasting, Voice Over, YouTube, Skype, Zoom & Live Streaming on iOS,Windows",0.0,,,,,,,,,,2,,,,3218.64,,,,0,14,Audio_Array,602.2,82.0,11499.0,6469.49,4.0,SP_SD,0.0930830714631292,10.743091996014613,,150.55,,,Audio Array,Microphone Condenser,USB Microphone Kit - Tripod,,,AM-C4,2
FBA79960,AM-W47 WIRELESS,B0G3B152FR,B0G3B152FR,"Audio Array Wireless Voice Amplifier 2026 Edition | Bluetooth 5.3 |10W Speaker With Wireless Mic | For Teachers, Tour Guides |10 Hrs Battery Life |1 Click Monitoring | TWS Connectivity AM-W47 Wireless",0.0,,,,,,,,,,2,,,,3218.64,,,,0,14,Audio_Array,405.51,37.0,13183.0,0.0,0.0,SP_SD,,0.0,,,,,Audio Array,Voice Amplifier,Wireless Voice Amplifier,,,AM-W47 WIRELESS,2
FBA78424,AM-C37,B0C55MY66L,B0C55MY66L,"Audio Array AM-C37 Premium USB/XLR Dynamic Podcast Microphone | Volume, Mute Controls & Headphone Monitoring | Premium Metal Build | 2 Meter USB Cable Included | 96kHz/24bit Studio Performance",0.0,,,,,,,,,,1,,,,3134.75,,,,0,14,Audio_Array,0.0,0.0,0.0,0.0,0.0,,,,,,,,Audio Array,Microphone Dynamic,USB/XLR Dynamic Mic,,,AM-C37,1
FBA80016,AM-W22 DUPLICATE,B0GKPXQ8G3,B0GKPXQ8G3,"Audio Array AM-W22_V2 | Latest 2026 Edition Wireless Microphone for Camera/iPhone/Android/iPad/Laptop, Lav Mic with Charging Case, AI Noise Reduction, 50H Battery, 230ft Range, for Recording, YouTube",0.0,,,,,,,,,,1,,,,2880.51,,,,0,14,Audio_Array,915.97,127.0,24007.0,8480.51,3.0,SP_SD,0.1080088343743477,9.258501916001617,,305.3233333333333,,,Audio Array,Microphone,Wireless Lapel Microphone,,,AM-W22 DUPLICATE,1
FBA79107,AM-W17,B0CM9P5CCK,B0CM9P5CCK,"Audio Array AM-W17 Dual Wireless Lapel Mic|in-Built ANC, Plug N Play,Long Battery Life, Ultra-Low Latency,Upto 30M Range|Compatible with iPhone & Android|Vlogging, Streaming, Teaching,YouTube, Black",0.0,,,,,,,,,,2,,,,2850.01,,,,0,14,Audio_Array,977.74,50.0,9697.0,5335.59,4.0,SP_SD,0.1832487128883591,5.457064250209667,,244.435,,,Audio Array,Microphone Wireless Lapel,Wireless Lapel Microphone,,,AM-W17,2
FBA79016,AM-C3A,B0CH4R1V6S,B0CH4R1V6S,"Audio Array AM-C3a Unidirectional Dynamic Handheld Karaoke Microphone | 20Hz - 20kHz Response | Karaoke Singing, Public Meetings, Studio Recording, Live Sound, Party (no Cable Included)",0.0,,,,,,,,,,4,,,,2571.18,,,,0,14,Audio_Array,0.0,0.0,0.0,0.0,0.0,SP_SD,,,,,,,Audio Array,Microphone Dynamic,Vocal Microphone,,,AM-C3A,4
FBA79783,AM-C47,B0FF9R3GKK,B0FF9R3GKK,"Audio Array AM-C47 RGB USB Condenser Mic Kit | AI Noise Cancellation, 192kHz/24Bit Studio Quality, Touch Control, Headphone Monitoring | Podcasting, YouTube, Gaming & Streaming | Mac/PC & Mobile",0.0,,,,,,,,,,1,,,,2433.05,,,,0,14,Audio_Array,1973.33,106.0,28539.0,4677.97,2.0,SP_SD,0.4218346847029801,2.3705969097920776,,986.665,,,Audio Array,Microphone Condenser,USB Microphone Kit - Boomarm,,,AM-C47,1
FBA79108,AM-W16,B0CM9L1QZG,B0CM9L1QZG,"Audio Array AM-W16 Solo Wireless Lapel Over Ear Mic|in-Built ANC,Plug N Play,LongBattery Life,Ultra-Low Latency,Upto 30M Range|Compatible with iPhone&Android|Vlogging,Streaming,Teaching,YouTube,Black",0.0,,,,,,,,,,2,,,,2286.44,,,,0,14,Audio_Array,1005.26,146.0,31656.0,2937.75,1.0,SP_SD,0.3421870479108161,2.9223782901935818,,1005.26,,,Audio Array,Microphone Wireless Lapel,Wireless Lapel Microphone,,,AM-W16,2
FBA76723,AM-C20,B0BLKF46QG,B0BLKF46QG,"Audio Array AM-C20 USB Microphone | Unique Tilt Stand & one Touch Mute | Plug n Play, No Latency Cardioid Pickup | for PC, Smartphones, iOS | Gaming, Streaming, Podcasts, Twitch, YouTube, Discord",0.0,,,,,,,,,,2,,,,2286.44,,,,0,14,Audio_Array,0.0,0.0,0.0,0.0,0.0,SP_SD,,,,,,,Audio Array,Microphone Condenser,USB Microphone Kit - Tripod,,,AM-C20,2
FBA79010,AM-C42,B0CH4T2BJD,B0CH4T2BJD,"Audio Array AM-C42 Plug & Play AI Noise Cancelling USB Condenser Microphone | Mute Button/Echo/Volume Knob | Kit with Boom Arm & Pop Filter | Karaoke, Gaming, Streaming, Podcast | Mac/PC/Mobile",0.0,,,,,,,,,,1,,,,1990.68,,,,0,14,Audio_Array,1011.7,53.0,9170.0,0.0,0.0,SP_SD,,0.0,,,,,Audio Array,Microphone Condenser,USB Microphone Kit - Boomarm,,,AM-C42,1
FBA79820,AC-3XL,B0FQJWWDVK,B0FQJWWDVK,"Audio Array AC-3XL Mic Cable 6.35mm Jack Male to XLR 3PIN Female Cord Wire | Microphone/Guitar Cable | Black, 1pc Pack (3 Meter/10 Feet)",0.0,,,,,,,,,,5,,,,1826.43,,,,0,14,Audio_Array,0.0,0.0,0.0,0.0,0.0,,,,,,,,Audio Array,Microphone Accessories,Accessories,,,AC-3XL,5
FBA78974,AA-20,B0CF5RRTDJ,B0CF5RRTDJ,"Audio Array AA-20 Microphone Arm Stand | 81cm Reach | Premium light weight & slick design | Flexible height & position adjustments | 1kg Weight Capacity | 5/8"" to 3/8"" Screw Adapter | Cable Ties",0.0,,,,,,,,,,1,,,,1778.81,,,,0,14,Audio_Array,101.81,11.0,888.0,0.0,0.0,SP_SD,,0.0,,,,,Audio Array,Microphone Accessories,Accessories,,,AA-20,1
FBA79815,AM-W19,B0FPR7VFCH,B0FPR7VFCH,"Audio Array AM-W19 Wireless Lavalier Microphone|192kHz/24bit |AI Noise Cancellation for iPhone/Android, 32h Charging Case, Plug & Play for Vlogging, Streaming, Meetings, Video Recording",0.0,,,,,,,,,,1,,,,1694.06,,,,0,14,Audio_Array,185.92,26.0,4259.0,1694.07,1.0,SP_SD,0.1097475310937564,9.111822289156626,,185.92,,,Audio Array,Microphone Wireless Lapel,Wireless Lapel Microphone,,,AM-W19,1
FBA75680,AM-C6,B0B4G1PXWV,B0B4G1PXWV,"Audio Array AM-C6 USB Plug & Play Condenser Microphone Kit | with pop-Filter & Shock Mount | 3.5 mm No Latency Monitoring, Volume Control & Mute Button | Gaming, Podcasting & Streaming",0.0,,,,,,,,,,1,,,,1609.32,,,,0,14,Audio_Array,1717.52,153.0,23322.0,0.0,0.0,SP_SD,,0.0,,,,,Audio Array,Microphone Condenser,USB Microphone Kit - Tripod,,,AM-C6,1
FBK79009,AM-C41,B0FLYHJ6DK,B0FLYHJ6DK,"Audio Array AM-C41 Plug & Play AI Noise Cancellation USB Condenser Microphone | Mute Button/Echo/Volume Knob | Kit with Tripod, Mic Cover | Gaming, Streaming, Podcast | Mac/PC/Laptop/Mobile",0.0,,,,,,,,,,1,,,,1380.51,,,,0,14,Audio_Array,0.0,0.0,0.0,0.0,0.0,,,,,,,,Audio Array,Microphone Condenser,USB Microphone Kit - Tripod,,,AM-C41,1
FBA79009,AM-C41,B0CH4PMR8K,B0CH4PMR8K,"Audio Array AM-C41 Plug & Play AI Noise Cancellation USB Condenser Microphone | Mute Button/Echo/Volume Knob | Kit with Tripod, Mic Cover | Gaming, Streaming, Podcast | Mac/PC/Laptop/Mobile",0.0,,,,,,,,,,1,,,,1355.08,,,,0,14,Audio_Array,762.29,95.0,5955.0,1380.51,1.0,SP_SD,0.5521799914524342,1.8110036862611345,,762.29,,,Audio Array,Microphone Condenser,USB Microphone Kit - Tripod,,,AM-C41,1
FBA79708,SB-01,B0FFB6YJM1,B0FFB6YJM1,"Audio Array SB-01 | Bluetooth Soundbar 25W, Gaming RGB Lights, AUX, Bluetooth, USB, FM & TWS I Fast Charge Battery, Multiport Connectivity, BT Speaker for TV, Mobile, PC, Laptops, Tablets Black",0.0,,,,,,,,,,1,,,,1022.3,,,,0,14,Audio_Array,314.93,112.0,12707.0,1022.3,1.0,SP_SD,0.3080602562848479,3.2461181849934904,,314.93,,,Audio Array,Sound Bar,Sound Bar,,,SB-01,1
FBA79830,GB-03 (AI-12 + AM-C43),B0FJ8TSQK1,B0FJ8TSQK1,"Audio Array Singing Bundle | Condenser Mic with Boom Arm & Sound Card V8 | Voice Effects, Reverb, Bluetooth | Ideal for Podcasting, Karaoke, Live Streaming, YouTube & Singing - GB-03",0.0,,,,,,,,,,0,,,,0.0,,,,0,14,Audio_Array,73.86,12.0,2758.0,0.0,0.0,SP_SD,,0.0,,,,,Audio Array,Bundles,GB-03,,,GB-03 (AI-12 + AM-C43),0
FBK79010,AM-C42,B0FLYJFC22,B0FLYJFC22,"Audio Array AM-C42 Plug & Play AI Noise Cancelling USB Condenser Microphone | Mute Button/Echo/Volume Knob | Kit with Boom Arm & Pop Filter | Karaoke, Gaming, Streaming, Podcast | Mac/PC/Mobile",0.0,,,,,,,,,,0,,,,0.0,,,,0,14,Audio_Array,323.62,13.0,4200.0,0.0,0.0,SP_SD,,0.0,,,,,Audio Array,Microphone Condenser,USB Microphone Kit - Boomarm,,,AM-C42,0
FBA79446,AM-W33,B0DFMMTWLY,B0DFMMTWLY,"Audio Array AM-W33 UHF Metal Solo Wireless Microphone Set | Built-in Rechargeable Battery | 6–8 Hours Backup | 50M Range | Karaoke, Wedding, DJ, Church | PA System, Amplifier, Mixer, Party Box",0.0,,,,,,,,,,0,,,,0.0,,,,0,14,Audio_Array,0.0,0.0,0.0,0.0,0.0,SP_SD,,,,,,,Audio Array,Microphone Wireless Handheld,Wireless Microphone,,,AM-W33,0
FBA80007,MT-12,B0GN2LHJY4,B0GN2LHJY4,"Audio Array MT-12 12 Analog+2 Digital Channel Hybrid Analog+USB Mixer, 48kHz DSP, 4 XLR & 8 TRS Inputs, 3-Band EQ, +48V Phantom, 24dBu Balanced XLR Out, Graphical EQ, Type-C Power, Studio & Streaming",0.0,,,,,,,,,,0,,,,0.0,,,,0,14,Audio_Array,5091.36,727.0,79795.0,10744.11,4.0,SP_SD,0.4738745228781164,2.110263269538984,,1272.84,,,Audio Array,Mixers,12 channels Mixer,,,MT-12,0
FBA79965,AM-MIX6,B0G53PRM34,B0G53PRM34,"Audio Array AM-Mix6 6-Channel Hybrid USB Audio Mixer with 6 Analog + 2 Digital Inputs, 48kHz/16-Bit, +50dB Mic Gain, PAD Switch, Dual AUX Sends,128 DSP FX, Balanced XLR Main Output, ≥102dB Max SPL",0.0,,,,,,,,,,0,,,,0.0,,,,0,14,Audio_Array,0.0,0.0,0.0,0.0,0.0,,,,,,,,Audio Array,Mixers,6 channels mixer,,,AM-MIX6,0
FBA79966,AM-MIX10,B0G53KWRVW,B0G53KWRVW,"Audio Array AM-Mix10 10-Channel Hybrid USB Mixer with10 Analog+2 Digital Inputs, 48kHz/16-Bit DSP, Phantom Power, USB-C Powered, AUX Sends, Built-In FX, Balanced XLR Outputs for Live, Studio & Podcast",0.0,,,,,,,,,,0,,,,0.0,,,,0,14,Audio_Array,0.0,0.0,0.0,0.0,0.0,,,,,,,,Audio Array,Mixers,10 channels mixer,,,AM-MIX10,0
FBA79959,AM-W47 WIRED,B0G39ZHDYP,B0G39ZHDYP,"Audio Array Wired Voice Amplifier 2026 Edition | Bluetooth 5.3 | Wired Headset Mic with 10W Speaker for Teachers, Tour Guides | 10Hrs Battery Life |1 Click Monitoring | TWS Connectivity AM-W47 Wired",0.0,,,,,,,,,,0,,,,0.0,,,,0,14,Audio_Array,645.87,58.0,13449.0,1016.1,1.0,SP_SD,0.6356362562739888,1.5732268103488318,,645.87,,,Audio Array,Voice Amplifier,Wired Voice Amplifier,,,AM-W47 WIRED,0
FBA75692,AM-C11,B0B4G1HPL5,B0B4G1HPL5,"Audio Array AM-C11 XLR/USB Dynamic Podcast Microphone | Built-in Monitoring | One Touch Mute and Volume Control | Premium Metal Build | 2M XLR & USB Cable | Streaming, Gaming, Podcasting, Singing",0.0,,,,,,,,,,0,,,,0.0,,,,0,14,Audio_Array,1974.46,75.0,23490.0,0.0,0.0,SP_SD,,0.0,,,,,Audio Array,Microphone Dynamic,USB/XLR Dynamic Mic,,,AM-C11,0
FBA79968,AI-14,B0G53M9258,B0G53M9258,"Audio Array AI-14 8-Channel Hybrid USB Audio Mixer with 8 Analog + 2 Digital Inputs, 48kHz/16-Bit Processing, +50dB Gain, Combo XLR, Phantom Power, Hi-Z, 3-Band EQ, 99 DSP FX, Balanced XLR Output",0.0,,,,,,,,,,0,,,,0.0,,,,0,14,Audio_Array,0.0,0.0,0.0,0.0,0.0,,,,,,,,Audio Array,Mixers,8 channels Mixer,,,AI-14,0
FBA79963,AM-MIX8,B0G53CB72D,B0G53CB72D,"Audio Array AM-Pro8 8-Channel Hybrid USB Mixer 8 Analog+2 Digital Inputs, 48kHz/16-Bit, Built-In Compressor, 6AUX Sends, Group Buses, Insert Points,+24dBu Balanced Outputs for Live, Studio & Broadcast",0.0,,,,,,,,,,0,,,,0.0,,,,0,14,Audio_Array,2038.26,252.0,27074.0,18151.69,1.0,SP_SD,0.1122903707588659,8.905483108141258,,2038.26,,,Audio Array,Mixers,8 channels Mixer,,,AM-MIX8,0
FBA79465,AM-W21,B0DFMQCGT1,B0DFMQCGT1,"Audio Array AM-W21 Wireless Microphone Kit | Built in Recording, Noise Reduction & Echo | Smartphones, Cameras, Laptops | Dual-Channel Recording, 200 feet Transmission Range, 48-Hour Battery Life",0.0,,,,,,,,,,0,,,,0.0,,,,0,14,Audio_Array,0.0,0.0,0.0,0.0,0.0,SP_SD,,,,,,,Audio Array,Microphone Wireless Lapel,Wireless Lapel Microphone,,,AM-W21,0
FBA79833,PB-04 (AI-04 RED + AM-C44 X 2),B0FJ8PZ9H7,B0FJ8PZ9H7,"Audio Array Pro Podcasting Bundle | Audio Interface with 48V Phantom Power & Dual USB/XLR Touch-Control Mics | 192kHz/24bit, Mute, Monitor, Volume Control | Recording, Streaming & Podcasting - PB-04",0.0,,,,,,,,,,0,,,,0.0,,,,0,14,Audio_Array,230.4,36.0,5484.0,0.0,0.0,SP_SD,,0.0,,,,,Audio Array,Bundles,PB-04,,,PB-04 (AI-04 RED + AM-C44 X 2),0
FBA76414,AA-05,B0BLJVJ2GN,B0BLJVJ2GN,"Audio Array AA-05 Suspension Boom Scissor Microphone Arm Stand | Universal clamp with mic Holder & 3/8″ to 5/8″ Adapter for Shock mounts | Suitable for Stages, Studios, Broadcasting, TV Stations",0.0,,,,,,,,,,0,,,,0.0,,,,0,14,Audio_Array,2724.49,318.0,79786.0,21359.35,10.0,SP_SD,0.1275549115492746,7.839760835972971,,272.449,,,Audio Array,Microphone Accessories,Accessories,,,AA-05,0
FBA79827,PB-03 (AI-04 RED + AM-C11 X 2),B0FJ8S5XJ8,B0FJ8S5XJ8,"Audio Array Complete Podcast Bundle | Dual USB/XLR Dynamic Microphones with Audio Interface 24bit / 192kHz|Metal Body|Pro Streaming & Recording Kit for PC, Mac & Mobile - PB-03",0.0,,,,,,,,,,0,,,,0.0,,,,0,14,Audio_Array,671.0,63.0,10320.0,7711.02,1.0,SP_SD,0.0870183192366249,11.49183308494784,,671.0,,,Audio Array,Bundles,PB-03,,,PB-03 (AI-04 RED + AM-C11 X 2),0
FBA79476,WM-GS1M-BK,B0DB5VG39T,B0DB5VG39T,White Mulberry |DIY| Economical Gas Spring Monitor Arm | Desk Mounted Monitor Stand for 15-32 Inch Monitors |9Kg Screen Capacity|VESA 75X75&100X100| Adjustable Metal Desk Monitor Mount-(Single Screen),1243.0,45.0,0.0076,0.0148,1770.0,61.0,0.008,0.0146,0.0006,0.0,0,0.0,0.0,0.0,0.0,0.0,0.0,0.0,0,11,White_Mulberry,12245.36,668.0,97712.0,62688.95,30.0,SP_SD,0.1953352225551712,5.119404411140219,,408.1786666666667,,,White Mulberry,Monitor Arm,Monitor Arm,,,WM-GS1M-BK,0
FBA79617,HDWF1ML,B0DP32F346,B0DP32F346,White Mulberry |DIY| Woodcraft - Premium Wooden Arm | Desk Mounted Monitor arm 15-32 Inch Monitor|9Kg Screen Capacity|Spring Assisted Premium Wooden Metal Desk Mount-(Single Screen),288.0,21.0,0.0018,0.0069,401.0,30.0,0.0018,0.0072,0.0,0.0,0,0.0,0.0,0.0,0.0,0.0,0.0,0.0,0,11,White_Mulberry,4139.89,160.0,28295.0,12792.37,5.0,SP_SD,0.3236218151913992,3.090026546599064,,827.9780000000001,,,White Mulberry,Monitor Arm,Monitor Arm,,,HDWF1ML,0
FBA79167,WM-GD07-CB,B0CPFS24ML,B0CPFS24ML,"White Mulberry Gaming Desk, Computer Desk with Carbon Fiber Surface, Z Shaped Gaming Table, Computer Table, Workstation, Home Office Desk with Cup Holder and Headphone Holder | (110 * 60 * 75 CM)",2430.0,45.0,0.1371,0.097,3513.0,59.0,0.1421,0.0935,0.4159,0.6333,15,0.0,0.0062,0.0,106766.94915254238,0.0,15.0,0.0,0,11,White_Mulberry,731.52,0.0,0.0,0.0,0.0,SP_SD,,0.0,,,,,White Mulberry,Desk,Gaming Desk,,,WM-GD07-CB,15
FBA76417,WM-LOD-WH,B0BFVMDJ2K,B0BFVMDJ2K,White Mulberry L-Shape Corner Desk |DIY Assembly| Monitor Raising Shelf | Engineered Wood & Sturdy Steel Leg|Perfect for Office Home Gaming Study Desk Computer Table|L(130+130)*45 * 77cm|White,1104.0,68.0,0.0623,0.1466,1549.0,93.0,0.0626,0.1474,0.7221,1.0,8,1.0,0.0072,0.0147,56532.63559322034,8265.51,8.0,1.0,0,11,White_Mulberry,11708.86,447.0,96870.0,35391.11,5.0,SP_SD,0.3308418413550748,3.022592293357338,,2341.772,,,White Mulberry,Desk,L-Shaped Desk,,,WM-LOD-WH,8
FBA76416,WM-LOD-BK,B0BFW59TRG,B0BFW59TRG,"White Mulberry L-Shape Corner Desk | Monitor Raising Shelf | Made of P2 Grade Melamine Particle Board & Sturdy Steel Leg | Suitable for Office, Home, Gaming, Streaming | Black |L(130+130)*B45*H77cm",294.0,16.0,0.0166,0.0345,378.0,21.0,0.0153,0.0333,0.649,1.0,4,0.0,0.0136,0.0,28471.186440677968,0.0,4.0,0.0,0,11,White_Mulberry,440.97,22.0,5733.0,7117.8,1.0,SP_SD,0.0619531315856022,16.141234097557657,,440.97,,,White Mulberry,Desk,L-Shaped Desk,,,WM-LOD-BK,4
FBA76415,WM-LOD-CF,B0BFWD6SNF,B0BFWD6SNF,White Mulberry L-Shape Corner Desk |DIY Assembly| Monitor Raising Shelf | Engineered Wood & Sturdy Steel Leg|Perfect for Office Home Gaming Study Desk Computer Table|L(130+130)*45 * 77cm|Carbon Fibre,1114.0,54.0,0.0628,0.1164,1466.0,82.0,0.0593,0.13,0.3362,0.9825,4,0.0,0.0036,0.0,28471.186440677968,0.0,4.0,0.0,0,11,White_Mulberry,6789.73,224.0,135735.0,49753.42,8.0,SP_SD,0.1364676036340818,7.327746464145114,,848.71625,,,White Mulberry,Desk,L-Shaped Desk,,,WM-LOD-CF,4
FBA76418,WM-LOD-IN,B0BFVNS8HS,B0BFVNS8HS,White Mulberry L-Shape Corner Desk |DIY Assembly| Monitor Raising Shelf | Engineered Wood & Sturdy Steel Leg|Perfect for Office Home Gaming Study Desk Computer Table|L(130+130)*45 * 77cm|Industrial,351.0,10.0,0.0198,0.0216,425.0,13.0,0.0172,0.0206,0.9413,1.0,3,1.0,0.0085,0.1,21282.211864406778,8315.01,3.0,1.0,0,11,White_Mulberry,676.5,33.0,7106.0,0.0,0.0,SP_SD,,0.0,,,,,White Mulberry,Desk,L-Shaped Desk,,,WM-LOD-IN,3
FBA76765,WM-SEH04P-CF,B0BMQQQ7YD,B0BMQQQ7YD,"White Mulberry Motorized Height Adjustable Sit-Stand Desk | Electronic Height Adjustable | Motor & Memory Preset Controller | Office, Workstation or Home | Carbon Fibre | 120 * 60*H(75-118) cm",121.0,14.0,0.0068,0.0302,158.0,22.0,0.0064,0.0349,0.6218,1.0,3,0.0,0.0248,0.0,35590.6779661017,0.0,3.0,0.0,0,11,White_Mulberry,1929.13,66.0,7655.0,23727.12,2.0,SP_SD,0.0813048528434972,12.299388843675644,,964.565,,,UNKNOWN,,,,,WM-SEH04P-CF,3
FBA76382,WM-MH05P-BK,B0BF4T7SWK,B0BF4T7SWK,"White Mulberry Alloy Steel Manual Height Adjustable Desk | Ergonomic Design | Ecofriendly Desk | Sit Stand Desk for Office, Home & Study Table| 1200Mm X 600Mm | Black",485.0,6.0,0.0274,0.0129,688.0,6.0,0.0278,0.0095,0.9655,1.0,1,0.0,0.0021,0.0,11016.101694915254,0.0,1.0,0.0,0,11,White_Mulberry,3728.53,316.0,54882.0,28471.2,4.0,SP_SD,0.13095795049032,7.636038867864815,,932.1325,,,UNKNOWN,,,,,WM-MH05P-BK,1
FBA79178,WM-SE08-WH,B0CPT2NY5M,B0CPT2NY5M,"White Mulberry Wooden Motorized Electronic Height Adjustable | Ergonomic Spacious Design Desk | Motor&Memory Preset Controller|Sit Stand Desk for Office, Home & Study Table| 1200mmx600mm | White",188.0,14.0,0.0106,0.0302,243.0,19.0,0.0098,0.0301,0.9194,0.9412,1,0.0,0.0053,0.0,12965.254237288136,0.0,1.0,0.0,0,11,White_Mulberry,1059.44,61.0,7374.0,11863.56,1.0,SP_SD,0.0893020307563665,11.197953635883106,,1059.44,,,UNKNOWN,,,,,WM-SE08-WH,1
FBA79659,WM-MDL-BK,B0DQ1NV8D2,B0DQ1NV8D2,White Mulberry |120X60CM Table Top|Manual Sit Stand Desk|Multi-Purpose Manual Height Adjustable Ergonomic Desk - Office Work Study Table|3 Year Warranty| 80 Kg Weight Carrying Capacity - Black,343.0,25.0,0.0194,0.0539,469.0,27.0,0.019,0.0428,0.7273,1.0,1,0.0,0.0029,0.0,11016.101694915254,0.0,1.0,0.0,0,11,White_Mulberry,4071.49,128.0,30012.0,0.0,0.0,SP_SD,,0.0,,,,,White Mulberry,Desk-Adjustable,Manual,,,WM-MDL-BK,1
FBA79658,WM-MDL-WH,B0DQ1PKNSP,B0DQ1PKNSP,White Mulberry |120X60CM Table Top|Manual Sit Stand Desk|Multi-Purpose Manual Height Adjustable Ergonomic Desk - Office Work Study Table|3 Year Warranty| 80 Kg Weight Carrying Capacity - White,558.0,11.0,0.0315,0.0237,712.0,17.0,0.0288,0.0269,0.4795,1.0,1,0.0,0.0018,0.0,11016.101694915254,0.0,1.0,0.0,0,11,White_Mulberry,5019.02,166.0,142162.0,22032.2,2.0,SP_SD,0.2278038507275714,4.389741423624533,,2509.51,,,White Mulberry,Desk-Adjustable,Manual,,,WM-MDL-WH,1
FBA79662,WM-MODL-WH,B0DQ4YWSMC,B0DQ4YWSMC,White Mulberry |120X60CM Table Top|Motorized Sit Stand Desk|Multi-Purpose Electric Height Adjustable Ergonomic Desk - Office Work study Table|3 Year Warranty|Digital screen Advance Memory Preset-White,237.0,13.0,0.0134,0.028,290.0,14.0,0.0117,0.0222,0.707,1.0,1,0.0,0.0042,0.0,13134.745762711866,0.0,1.0,0.0,0,11,White_Mulberry,1309.66,27.0,21651.0,0.0,0.0,SP_SD,,0.0,,,,,White Mulberry,Desk-Adjustable,Motorized,,,WM-MODL-WH,1
FBK76387,WM-MH05P-WH,B0BF4S7V8C,B0BF4S7V8C,"White Mulberry Alloy Steel Manual Height Adjustable Desk | Ergonomic Design | Ecofriendly Desk | Sit Stand Desk for Office, Home & Study Table| 1200Mm X 600Mm | White",105.0,12.0,0.0059,0.0259,129.0,15.0,0.0052,0.0238,0.5833,1.0,0,0.0,0.0,0.0,0.0,0.0,0.0,0.0,0,11,White_Mulberry,1076.53,29.0,14994.0,0.0,0.0,SP_SD,,0.0,,,,,UNKNOWN,,,,,WM-MH05P-WH,0
FBK76764,WM-MH05P-CF,B0BMV1WPHL,B0BMV1WPHL,"White Mulberry Ergonomic Sit Stand Desk | Standing Desk for Office, Home & Study | Everyday Ergonomic Desk | 1200mm x 600mm | Carbon Fibre",37.0,1.0,0.0021,0.0022,47.0,1.0,0.0019,0.0016,0.9268,1.0,0,0.0,0.0,0.0,0.0,0.0,0.0,0.0,0,11,White_Mulberry,260.12,15.0,2972.0,0.0,0.0,SP_SD,,0.0,,,,,White Mulberry,Desk-Adjustable,Manual,,,WM-MH05P-CF,0
FBA79165,WM-USE06-WH,B0CPFPT6DZ,B0CPFPT6DZ,"White Mulberry Motorized Height Adjustable Desk with USB Charging,Drawer|Spacious Ergonomic Design|Preset Height Controller|Sit Stand Desk for Office,Home Study,Workstation Table|1200X600mm|White",62.0,2.0,0.0035,0.0043,78.0,3.0,0.0032,0.0048,0.2027,1.0,0,0.0,0.0,0.0,0.0,0.0,0.0,0.0,0,11,White_Mulberry,0.0,0.0,5.0,0.0,0.0,SP_SD,,,,,,,White Mulberry,Desk-Adjustable,USB-Motorized,,,WM-USE06-WH,0
FBA79175,WM-LODN-BK,B0CPT2YJX2,B0CPT2YJX2,White Mulberry L-Shape Corner Desk with Shelf|DIY Assembly| Monitor Raising Shelf |Engineered Wood & Sturdy Steel Leg|Perfect for Computer Table Office Home Gaming Study Desk|L(130+130)*45*77cm|Black,144.0,9.0,0.0081,0.0194,166.0,9.0,0.0067,0.0143,0.5909,1.0,0,0.0,0.0,0.0,0.0,0.0,0.0,0.0,0,11,White_Mulberry,1124.95,46.0,6537.0,0.0,0.0,SP_SD,,0.0,,,,,White Mulberry,Desk,L-Shaped Desk,,,WM-LODN-BK,0
FBA79179,WM-SE08-CF,B0CPT3Q25C,B0CPT3Q25C,White Mulberry Wooden Motorized Electronic Height Adjustable | Ergonomic Spacious Design Desk | Motor&Memory Preset Controller|Sit Stand Desk for Office Home & Study Table| 1200mmx600mm | Carbon Fibre,780.0,32.0,0.044,0.069,1013.0,45.0,0.041,0.0713,0.6623,1.0,0,0.0,0.0,0.0,0.0,0.0,0.0,0.0,0,11,White_Mulberry,8700.56,359.0,112705.0,0.0,0.0,SP_SD,,0.0,,,,,White Mulberry,Desk-Adjustable,Motorized,,,WM-SE08-CF,0
FBA79667,WM-LODN-WH,B0DQPK7MFH,B0DQPK7MFH,White Mulberry L-Shape Corner Desk with Shelf|DIY Assembly| Monitor Raising Shelf |Engineered Wood & Sturdy Steel Leg|Perfect for Computer Table Office Home Gaming Study Desk|L(130+130)*45*77cm|White,161.0,18.0,0.0091,0.0388,205.0,25.0,0.0083,0.0396,0.581,1.0,0,0.0,0.0,0.0,0.0,0.0,0.0,0.0,0,11,White_Mulberry,858.28,50.0,10728.0,0.0,0.0,SP_SD,,0.0,,,,,UNKNOWN,,,,,WM-LODN-WH,0
FBA79788,TVCT1ML,B0FN4D3C89,B0FN4D3C89,"White Mulberry Economy Fixed TV Wall Mount Bracket for 13-43 Inches |45kg|LED/LCD/Smart TV's, Universal VESA Compatible 75x75,200x200 mm MAX Slim Wall Mount Stand",439.0,24.0,0.0029,0.0084,612.0,39.0,0.003,0.0099,1.0,1.0,18,2.0,0.041,0.0833,8629.661016949152,1198.0,18.0,2.0,0,11,White_Mulberry,2789.37,185.0,24769.0,5204.25,9.0,SP_SD,0.5359792477302204,1.865743877649792,,309.93,,,White Mulberry,Monitor Arm,TV Wall Mount,,,TVCT1ML,18
FBA79479,WM-HA2M-BK,B0DB5YTQZV,B0DB5YTQZV,White Mulberry |DIY| Height Adjustable Monitor Arm | Desk Mounted Monitor Stand for 17-32 Inch Monitor | 10Kg Screen Load | VESA 75X75 & 100X100 | Adjustable Metal Desk Mount - (Dual Screen),554.0,22.0,0.0036,0.0077,807.0,25.0,0.004,0.0064,0.7015,0.2667,15,1.0,0.0271,0.0455,26046.610169491527,2049.0,15.0,1.0,0,11,White_Mulberry,9636.45,386.0,24068.0,35469.49,19.0,SP_SD,0.2716827899132466,3.6807631441038966,,507.1815789473685,,,White Mulberry,Monitor Arm,Monitor Arm,,,WM-HA2M-BK,15
FBA79791,TVFM1ML,B0FN4HDM6Z,B0FN4HDM6Z,"White Mulberry Premium Full Motion TV Wall Mount Bracket for 23-65Inch |35kg| LED/LCD/OLED/Smart & Curved TV’s, Universal Heavy Duty Wall Mount Stand with Swivel, Tilt",258.0,19.0,0.0017,0.0067,371.0,21.0,0.0018,0.0054,0.9968,0.9474,11,0.0,0.0426,0.0,19566.949152542373,0.0,11.0,0.0,0,11,White_Mulberry,2038.57,102.0,16586.0,8894.06,5.0,SP_SD,0.2292057845348468,4.362891634822449,,407.714,,,White Mulberry,Monitor Arm,TV Wall Mount,,,TVFM1ML,11
FBA79615,VLMS1ML,B0DP2Z5DQ9,B0DP2Z5DQ9,"White Mulberry 10-Step Height Adjustable Single Screen Monitor Stand for 17-32 Inch Monitor, 8 kg Load, VESA 75x75/100x100, DIY Installation (Black)",514.0,32.0,0.0034,0.0112,777.0,46.0,0.0038,0.0117,0.9985,1.0,8,1.0,0.0156,0.0313,13531.86440677966,1992.9,8.0,1.0,0,11,White_Mulberry,8254.89,444.0,48007.0,16051.69,10.0,SP_SD,0.5142692140204551,1.944506831708236,,825.4889999999999,,,White Mulberry,Monitor Arm,Monitor Arm,,,VLMS1ML,8
FBA79789,TVMF1ML,B0FN4DSQ6P,B0FN4DSQ6P,"White Mulberry Premium Economy Fixed TV Wall Mount Bracket for 32-65 Inches |45kg| LED/LCD/OLED/Smart & Curved TV's, VESA 50x50, 400x400 MAX, Slim Wall Stand",215.0,16.0,0.0014,0.0056,317.0,22.0,0.0016,0.0056,0.9888,0.9231,7,0.0,0.0326,0.0,5036.440677966102,0.0,6.0,0.0,0,11,White_Mulberry,1059.8,85.0,15878.0,1227.13,2.0,SP_SD,0.8636411790111886,1.1578882808076998,,529.9,,,White Mulberry,Monitor Arm,TV Wall Mount,,,TVMF1ML,7
FBA79787,TVCF1ML,B0FN4GQ9HT,B0FN4GQ9HT,"White Mulberry Tilt TV Wall Mount Bracket for 13–43 Inch Flat Screen TVs, Low Profile Slim Design, Heavy-Duty Steel, VESA 75x75 to 200x200, Supports up to 99 lbs (45kg), Built-in Bubble Level",189.0,13.0,0.0012,0.0046,239.0,16.0,0.0012,0.0041,0.9954,0.9286,6,1.0,0.0317,0.0769,4311.864406779661,848.0,6.0,1.0,0,11,White_Mulberry,1230.47,76.0,12809.0,1437.28,2.0,SP_SD,0.8561101525102973,1.1680739879883295,,615.235,,,White Mulberry,Monitor Arm,TV Wall Mount,,,TVCF1ML,6
FBA79478,WM-HA1M-BK,B0DB5W4TCP,B0DB5W4TCP,White Mulberry |DIY| Height Adjustable Monitor Arm | Desk Mounted Stand for 15-32 Inch Monitor | 10Kg Screen Load | VESA 75X75 & 100X100 | Adjustable Metal Desk Monitor Mount - (Single Screen),266.0,6.0,0.0017,0.0021,383.0,8.0,0.0019,0.002,1.0,1.0,5,0.0,0.0188,0.0,6987.28813559322,0.0,5.0,0.0,0,11,White_Mulberry,1593.24,86.0,12782.0,6479.66,4.0,SP_SD,0.2458832716531423,4.066970450151891,,398.31,,,White Mulberry,Monitor Arm,Monitor Arm,,,WM-HA1M-BK,5
FBA79477,WM-GS2M-BK,B0DB5VVPSB,B0DB5VVPSB,White Mulberry |DIY| Economical Gas Spring Monitor Arm | Desk Mounted Monitor Stand for 15-32 Inch Monitors |9Kg Screen Capacity| VESA 75X75&100X100 | Adjustable Metal Desk Monitor Mount-(Dual Screen),295.0,18.0,0.0019,0.0063,416.0,20.0,0.0021,0.0051,0.4029,0.125,3,0.0,0.0102,0.0,12327.966101694916,0.0,3.0,0.0,0,11,White_Mulberry,4701.87,173.0,20072.0,28891.52,8.0,SP_SD,0.1627422164012139,6.144687113850447,,587.73375,,,White Mulberry,Monitor Arm,Monitor Arm,,,WM-GS2M-BK,3
FBA79476,WM-GS1M-BK,B0DB5VG39T,B0DB5VG39T,White Mulberry |DIY| Economical Gas Spring Monitor Arm | Desk Mounted Monitor Stand for 15-32 Inch Monitors |9Kg Screen Capacity|VESA 75X75&100X100| Adjustable Metal Desk Monitor Mount-(Single Screen),1243.0,45.0,0.0082,0.0158,1770.0,61.0,0.0087,0.0155,0.0084,0.0244,1,0.0,0.0008,0.0,2372.0338983050847,0.0,1.0,0.0,0,11,White_Mulberry,12245.36,668.0,97712.0,62688.95,30.0,SP_SD,0.1953352225551712,5.119404411140219,,408.1786666666667,,,White Mulberry,Monitor Arm,Monitor Arm,,,WM-GS1M-BK,1
FBA79613,MS1ML,B0DP2VVRND,B0DP2VVRND,White Mulberry |DIY| Height Adjustable Monitor Stand Mount | Supports 17-32 Inch Screens| 10 Kg Screen Load | VESA 75X75 & 100X100 | Freestanding Monitor Mount | Black - (Single Screen),270.0,21.0,0.0018,0.0074,369.0,25.0,0.0018,0.0064,0.9725,1.0,1,0.0,0.0037,0.0,0.0,0.0,1.0,0.0,0,11,White_Mulberry,3620.16,201.0,23181.0,2879.66,2.0,SP_SD,1.2571484133543545,0.7954510297887386,,1810.08,,,White Mulberry,Monitor Arm,Monitor Arm,,,MS1ML,1
Na,NA,B0FHVWHQHR,B0FHVWHQHR,"White Mulberry Fixed TV Wall Mount Bracket for 37–86 Inch LED, LCD & Curved TVs | Heavy Duty Steel Frame, 45kg Max Load, VESA 50x50 to 600x400mm Max, Built-in Bubble Level, 1 Year Warranty",56.0,0.0,0.0004,0.0,67.0,0.0,0.0003,0.0,1.0,0.0,1,0.0,0.0179,0.0,718.6440677966102,0.0,1.0,0.0,0,11,White_Mulberry,0.0,0.0,0.0,0.0,0.0,,,,,,,,White Mulberry,Monitor Arm,TV Wall Mount,,,NA,1
FBA79167,WM-GD07-CB,B0CPFS24ML,B0CPFS24ML,"White Mulberry Gaming Desk, Computer Desk with Carbon Fiber Surface, Z Shaped Gaming Table, Computer Table, Workstation, Home Office Desk with Cup Holder and Headphone Holder | (110 * 60 * 75 CM)",0.0,0.0,0.0,0.0,0.0,0.0,0.0,0.0,0.0,0.0,0,0.0,0.0,0.0,0.0,0.0,0.0,0.0,0,11,White_Mulberry,731.52,0.0,0.0,0.0,0.0,SP_SD,,0.0,,,,,White Mulberry,Desk,Gaming Desk,,,WM-GD07-CB,0
FBA79612,WM1ML,B0DP2WC5VW,B0DP2WC5VW,White Mulberry |DIY| Wall Mounted Monitor Stand Mount | Supports 15-32 Inch Screens| 9 Kg Screen Load | VESA 75X75 & 100X100 | Spring Assisted Wall Mounted Monitor Mount | Black - (Single Screen),1287.0,100.0,0.0085,0.0351,1774.0,135.0,0.0087,0.0344,0.0031,0.0,0,0.0,0.0,0.0,0.0,0.0,0.0,0.0,0,11,White_Mulberry,11919.71,850.0,58462.0,68789.84,28.0,SP_SD,0.1732771874451227,5.771100135825452,,425.70392857142855,,,White Mulberry,Monitor Arm,Monitor Arm,,,WM1ML,0
FBA79617,HDWF1ML,B0DP32F346,B0DP32F346,White Mulberry |DIY| Woodcraft - Premium Wooden Arm | Desk Mounted Monitor arm 15-32 Inch Monitor|9Kg Screen Capacity|Spring Assisted Premium Wooden Metal Desk Mount-(Single Screen),288.0,21.0,0.0019,0.0074,401.0,30.0,0.002,0.0076,0.0056,0.0,0,0.0,0.0,0.0,0.0,0.0,0.0,0.0,0,11,White_Mulberry,4139.89,160.0,28295.0,12792.37,5.0,SP_SD,0.3236218151913992,3.090026546599064,,827.9780000000001,,,White Mulberry,Monitor Arm,Monitor Arm,,,HDWF1ML,0
FBA79784,POS2M,B0FN4FHH5Y,B0FN4FHH5Y,"White Mulberry Dual Screen POS Machine Stand for 17""-32"" Monitors(9kg) w/Card Reader, Printer & Barcode Scanner Holders| VESA 75x75/100x100 Compatible| Adjustable Tilt, Swivel & Rotation| Grommet Base",27.0,2.0,0.0002,0.0007,47.0,3.0,0.0002,0.0008,1.0,0.0,0,0.0,0.0,0.0,0.0,0.0,0.0,0.0,0,11,White_Mulberry,0.0,0.0,0.0,0.0,0.0,,,,,,,,UNKNOWN,,,,,POS2M,0
FBA79786,POSS-01,B0FN4FPJ83,B0FN4FPJ83,"White Mulberry POS Machine Stand Universal Credit Card Machine Stand – 360° Swivel & +45°/-45° Tilt |Fits 2.8""-4.3"" Devices, 6.5"" Panel Size| Heavy-Duty Steel & Bolt-Down Mount with Cable Management",1.0,1.0,0.0,0.0004,1.0,1.0,0.0,0.0003,1.0,1.0,0,0.0,0.0,0.0,0.0,0.0,0.0,0.0,0,11,White_Mulberry,0.0,0.0,19.0,0.0,0.0,SP_SD,,,,,,,White Mulberry,Monitor Arm,POS Stand,,,POSS-01,0
FBA79612,WM1ML,B0DP2WC5VW,B0DP2WC5VW,,0.0,,,,,,,,,,44,,,,108098.32,,,,0,11,White_Mulberry,11919.71,850.0,58462.0,68789.84,28.0,SP_SD,0.1732771874451227,5.771100135825452,,425.70392857142855,,,White Mulberry,Monitor Arm,Monitor Arm,,,WM1ML,44
FBA79476,WM-GS1M-BK,B0DB5VG39T,B0DB5VG39T,,0.0,,,,,,,,,,43,,,,98353.19,,,,0,11,White_Mulberry,12245.36,668.0,97712.0,62688.95,30.0,SP_SD,0.1953352225551712,5.119404411140219,,408.1786666666667,,,White Mulberry,Monitor Arm,Monitor Arm,,,WM-GS1M-BK,43
FBA79617,HDWF1ML,B0DP32F346,B0DP32F346,,0.0,,,,,,,,,,7,,,,18383.91,,,,0,11,White_Mulberry,4139.89,160.0,28295.0,12792.37,5.0,SP_SD,0.3236218151913992,3.090026546599064,,827.9780000000001,,,White Mulberry,Monitor Arm,Monitor Arm,,,HDWF1ML,7
FBA79477,WM-GS2M-BK,B0DB5VVPSB,B0DB5VVPSB,,0.0,,,,,,,,,,1,,,,3982.2,,,,0,11,White_Mulberry,4701.87,173.0,20072.0,28891.52,8.0,SP_SD,0.1627422164012139,6.144687113850447,,587.73375,,,White Mulberry,Monitor Arm,Monitor Arm,,,WM-GS2M-BK,1
FBA79479,WM-HA2M-BK,B0DB5YTQZV,B0DB5YTQZV,,0.0,,,,,,,,,,2,,,,3388.13,,,,0,11,White_Mulberry,9636.45,386.0,24068.0,35469.49,19.0,SP_SD,0.2716827899132466,3.6807631441038966,,507.1815789473685,,,White Mulberry,Monitor Arm,Monitor Arm,,,WM-HA2M-BK,2
FBA79613,MS1ML,B0DP2VVRND,B0DP2VVRND,,0.0,,,,,,,,,,0,,,,0.0,,,,0,11,White_Mulberry,3620.16,201.0,23181.0,2879.66,2.0,SP_SD,1.2571484133543545,0.7954510297887386,,1810.08,,,White Mulberry,Monitor Arm,Monitor Arm,,,MS1ML,0
FBA79476,WM-GS1M-BK,B0DB5VG39T,B0DB5VG39T,White Mulberry |DIY| Economical Gas Spring Monitor Arm | Desk Mounted Monitor Stand for 15-32 Inch Monitors |9Kg Screen Capacity|VESA 75X75&100X100| Adjustable Metal Desk Monitor Mount-(Single Screen),1614.0,81.0,0.0112,0.0287,2209.0,105.0,0.0114,0.0269,0.0015,0.0,0,0.0,0.0,0.0,0.0,0.0,0.0,0.0,0,12,White_Mulberry,17305.45,891.0,116967.0,48922.86,21.0,SP_SD,0.3537293199947836,2.8270203895304657,,824.0690476190476,,,White Mulberry,Monitor Arm,Monitor Arm,,,WM-GS1M-BK,0
FBA79617,HDWF1ML,B0DP32F346,B0DP32F346,White Mulberry |DIY| Woodcraft - Premium Wooden Arm | Desk Mounted Monitor arm 15-32 Inch Monitor|9Kg Screen Capacity|Spring Assisted Premium Wooden Metal Desk Mount-(Single Screen),306.0,25.0,0.0021,0.0088,412.0,30.0,0.0021,0.0077,0.0028,0.0526,0,0.0,0.0,0.0,0.0,0.0,0.0,0.0,0,12,White_Mulberry,3416.07,116.0,21655.0,14740.69,6.0,SP_SD,0.2317442399236399,4.315101856812068,,569.345,,,White Mulberry,Monitor Arm,Monitor Arm,,,HDWF1ML,0
FBA79167,WM-GD07-CB,B0CPFS24ML,B0CPFS24ML,"White Mulberry Gaming Desk, Computer Desk with Carbon Fiber Surface, Z Shaped Gaming Table, Computer Table, Workstation, Home Office Desk with Cup Holder and Headphone Holder | (110 * 60 * 75 CM)",1976.0,37.0,0.1664,0.1028,2598.0,47.0,0.1599,0.0946,0.3639,0.3333,7,0.0,0.0035,0.0,49824.576271186445,0.0,7.0,0.0,0,12,White_Mulberry,0.0,0.0,0.0,0.0,0.0,SP_SD,,,,,,,White Mulberry,Desk,Gaming Desk,,,WM-GD07-CB,7
FBA76415,WM-LOD-CF,B0BFWD6SNF,B0BFWD6SNF,White Mulberry L-Shape Corner Desk |DIY Assembly| Monitor Raising Shelf | Engineered Wood & Sturdy Steel Leg|Perfect for Office Home Gaming Study Desk Computer Table|L(130+130)*45 * 77cm|Carbon Fibre,778.0,34.0,0.0655,0.0944,1055.0,45.0,0.0649,0.0905,0.3257,1.0,5,0.0,0.0064,0.0,35588.98305084746,0.0,5.0,0.0,0,12,White_Mulberry,21353.4,143.0,101330.0,21353.4,3.0,SP_SD,1.0,1.0,,7117.8,,,White Mulberry,Desk,L-Shaped Desk,,,WM-LOD-CF,5
FBA76417,WM-LOD-WH,B0BFVMDJ2K,B0BFVMDJ2K,White Mulberry L-Shape Corner Desk |DIY Assembly| Monitor Raising Shelf | Engineered Wood & Sturdy Steel Leg|Perfect for Office Home Gaming Study Desk Computer Table|L(130+130)*45 * 77cm|White,1026.0,55.0,0.0864,0.1528,1496.0,69.0,0.0921,0.1388,0.9193,1.0,4,0.0,0.0039,0.0,28301.69491525424,0.0,4.0,0.0,0,12,White_Mulberry,35419.48,595.0,74195.0,35419.48,5.0,SP_SD,1.0,1.0,,7083.896000000001,,,White Mulberry,Desk,L-Shaped Desk,,,WM-LOD-WH,4
FBA79178,WM-SE08-WH,B0CPT2NY5M,B0CPT2NY5M,"White Mulberry Wooden Motorized Electronic Height Adjustable | Ergonomic Spacious Design Desk | Motor&Memory Preset Controller|Sit Stand Desk for Office, Home & Study Table| 1200mmx600mm | White",167.0,10.0,0.0141,0.0278,227.0,20.0,0.014,0.0402,0.9082,1.0,2,1.0,0.012,0.1,25800.85593220339,15146.01,2.0,1.0,0,12,White_Mulberry,0.0,66.0,3557.0,0.0,0.0,SP_SD,,,,,,,UNKNOWN,,,,,WM-SE08-WH,2
FBA79659,WM-MDL-BK,B0DQ1NV8D2,B0DQ1NV8D2,White Mulberry |120X60CM Table Top|Manual Sit Stand Desk|Multi-Purpose Manual Height Adjustable Ergonomic Desk - Office Work Study Table|3 Year Warranty| 80 Kg Weight Carrying Capacity - Black,257.0,14.0,0.0216,0.0389,364.0,17.0,0.0224,0.0342,0.4642,1.0,2,1.0,0.0078,0.0714,21922.042372881355,12869.01,2.0,1.0,0,12,White_Mulberry,21922.04,30.0,5540.0,21922.04,2.0,SP_SD,1.0,1.0,,10961.02,,,White Mulberry,Desk-Adjustable,Manual,,,WM-MDL-BK,2
FBA79658,WM-MDL-WH,B0DQ1PKNSP,B0DQ1PKNSP,White Mulberry |120X60CM Table Top|Manual Sit Stand Desk|Multi-Purpose Manual Height Adjustable Ergonomic Desk - Office Work Study Table|3 Year Warranty| 80 Kg Weight Carrying Capacity - White,523.0,27.0,0.044,0.075,740.0,52.0,0.0455,0.1046,0.5844,1.0,2,1.0,0.0038,0.037,21922.042372881355,12869.01,2.0,1.0,0,12,White_Mulberry,0.0,140.0,117186.0,0.0,0.0,SP_SD,,,,,,,White Mulberry,Desk-Adjustable,Manual,,,WM-MDL-WH,2
FBA76382,WM-MH05P-BK,B0BF4T7SWK,B0BF4T7SWK,"White Mulberry Alloy Steel Manual Height Adjustable Desk | Ergonomic Design | Ecofriendly Desk | Sit Stand Desk for Office, Home & Study Table| 1200Mm X 600Mm | Black",1006.0,36.0,0.0847,0.1,1316.0,43.0,0.081,0.0865,0.1609,1.0,1,0.0,0.001,0.0,11016.101694915254,0.0,1.0,0.0,0,12,White_Mulberry,18133.9,160.0,227644.0,18133.9,2.0,SP_SD,1.0,1.0,,9066.95,,,UNKNOWN,,,,,WM-MH05P-BK,1
FBA76416,WM-LOD-BK,B0BFW59TRG,B0BFW59TRG,"White Mulberry L-Shape Corner Desk | Monitor Raising Shelf | Made of P2 Grade Melamine Particle Board & Sturdy Steel Leg | Suitable for Office, Home, Gaming, Streaming | Black |L(130+130)*B45*H77cm",244.0,12.0,0.0205,0.0333,307.0,14.0,0.0189,0.0282,0.5971,1.0,1,0.0,0.0041,0.0,7117.796610169492,0.0,1.0,0.0,0,12,White_Mulberry,0.0,21.0,11333.0,0.0,0.0,SP_SD,,,,,,,White Mulberry,Desk,L-Shaped Desk,,,WM-LOD-BK,1
FBK76764,WM-MH05P-CF,B0BMV1WPHL,B0BMV1WPHL,"White Mulberry Ergonomic Sit Stand Desk | Standing Desk for Office, Home & Study | Everyday Ergonomic Desk | 1200mm x 600mm | Carbon Fibre",59.0,1.0,0.005,0.0028,91.0,1.0,0.0056,0.002,1.0,1.0,1,0.0,0.0169,0.0,10168.644067796611,0.0,1.0,0.0,0,12,White_Mulberry,0.0,39.0,5166.0,0.0,0.0,SP_SD,,,,,,,White Mulberry,Desk-Adjustable,Manual,,,WM-MH05P-CF,1
FBA79177,WM-SE08-BK,B0CPT34B2L,B0CPT34B2L,"White Mulberry Wooden Motorized Electronic Height Adjustable | Ergonomic Spacious Design Desk | Motor&Memory Preset Controller|Sit Stand Desk for Office, Home & Study Table| 1200mmx600mm | Black",41.0,10.0,0.0035,0.0278,67.0,17.0,0.0041,0.0342,0.3659,1.0,1,0.0,0.0244,0.0,11016.101694915254,0.0,1.0,0.0,0,12,White_Mulberry,0.0,10.0,2549.0,0.0,0.0,SP_SD,,,,,,,UNKNOWN,,,,,WM-SE08-BK,1
FBA79179,WM-SE08-CF,B0CPT3Q25C,B0CPT3Q25C,White Mulberry Wooden Motorized Electronic Height Adjustable | Ergonomic Spacious Design Desk | Motor&Memory Preset Controller|Sit Stand Desk for Office Home & Study Table| 1200mmx600mm | Carbon Fibre,612.0,27.0,0.0515,0.075,785.0,35.0,0.0483,0.0704,0.5986,0.95,1,0.0,0.0016,0.0,13134.745762711866,0.0,1.0,0.0,0,12,White_Mulberry,30421.19,254.0,42677.0,30421.19,3.0,SP_SD,1.0,1.0,,10140.396666666666,,,White Mulberry,Desk-Adjustable,Motorized,,,WM-SE08-CF,1
FBK76387,WM-MH05P-WH,B0BF4S7V8C,B0BF4S7V8C,"White Mulberry Alloy Steel Manual Height Adjustable Desk | Ergonomic Design | Ecofriendly Desk | Sit Stand Desk for Office, Home & Study Table| 1200Mm X 600Mm | White",61.0,3.0,0.0051,0.0083,74.0,4.0,0.0046,0.008,0.5,1.0,0,0.0,0.0,0.0,0.0,0.0,0.0,0.0,0,12,White_Mulberry,0.0,5.0,1347.0,0.0,0.0,SP_SD,,,,,,,UNKNOWN,,,,,WM-MH05P-WH,0
FBA76418,WM-LOD-IN,B0BFVNS8HS,B0BFVNS8HS,White Mulberry L-Shape Corner Desk |DIY Assembly| Monitor Raising Shelf | Engineered Wood & Sturdy Steel Leg|Perfect for Office Home Gaming Study Desk Computer Table|L(130+130)*45 * 77cm|Industrial,74.0,11.0,0.0062,0.0306,103.0,22.0,0.0063,0.0443,0.3333,1.0,0,0.0,0.0,0.0,0.0,0.0,0.0,0.0,0,12,White_Mulberry,0.0,3.0,2336.0,0.0,0.0,SP_SD,,,,,,,White Mulberry,Desk,L-Shaped Desk,,,WM-LOD-IN,0
FBA76765,WM-SEH04P-CF,B0BMQQQ7YD,B0BMQQQ7YD,"White Mulberry Motorized Height Adjustable Sit-Stand Desk | Electronic Height Adjustable | Motor & Memory Preset Controller | Office, Workstation or Home | Carbon Fibre | 120 * 60*H(75-118) cm",0.0,0.0,0.0,0.0,0.0,0.0,0.0,0.0,0.0,0.0,0,0.0,0.0,0.0,0.0,0.0,0.0,0.0,0,12,White_Mulberry,0.0,0.0,0.0,0.0,0.0,,,,,,,,UNKNOWN,,,,,WM-SEH04P-CF,0
FBA79165,WM-USE06-WH,B0CPFPT6DZ,B0CPFPT6DZ,"White Mulberry Motorized Height Adjustable Desk with USB Charging,Drawer|Spacious Ergonomic Design|Preset Height Controller|Sit Stand Desk for Office,Home Study,Workstation Table|1200X600mm|White",51.0,1.0,0.0043,0.0028,65.0,1.0,0.004,0.002,0.0645,0.0,0,0.0,0.0,0.0,0.0,0.0,0.0,0.0,0,12,White_Mulberry,0.0,0.0,16.0,0.0,0.0,SP_SD,,,,,,,White Mulberry,Desk-Adjustable,USB-Motorized,,,WM-USE06-WH,0
FBA79175,WM-LODN-BK,B0CPT2YJX2,B0CPT2YJX2,White Mulberry L-Shape Corner Desk with Shelf|DIY Assembly| Monitor Raising Shelf |Engineered Wood & Sturdy Steel Leg|Perfect for Computer Table Office Home Gaming Study Desk|L(130+130)*45*77cm|Black,101.0,4.0,0.0085,0.0111,107.0,4.0,0.0066,0.008,0.52,1.0,0,0.0,0.0,0.0,0.0,0.0,0.0,0.0,0,12,White_Mulberry,0.0,9.0,1934.0,0.0,0.0,SP_SD,,,,,,,White Mulberry,Desk,L-Shaped Desk,,,WM-LODN-BK,0
FBA79662,WM-MODL-WH,B0DQ4YWSMC,B0DQ4YWSMC,White Mulberry |120X60CM Table Top|Motorized Sit Stand Desk|Multi-Purpose Electric Height Adjustable Ergonomic Desk - Office Work study Table|3 Year Warranty|Digital screen Advance Memory Preset-White,146.0,7.0,0.0123,0.0194,176.0,8.0,0.0108,0.0161,0.5633,1.0,0,0.0,0.0,0.0,0.0,0.0,0.0,0.0,0,12,White_Mulberry,0.0,30.0,9793.0,0.0,0.0,SP_SD,,,,,,,White Mulberry,Desk-Adjustable,Motorized,,,WM-MODL-WH,0
FBA79667,WM-LODN-WH,B0DQPK7MFH,B0DQPK7MFH,White Mulberry L-Shape Corner Desk with Shelf|DIY Assembly| Monitor Raising Shelf |Engineered Wood & Sturdy Steel Leg|Perfect for Computer Table Office Home Gaming Study Desk|L(130+130)*45*77cm|White,138.0,7.0,0.0116,0.0194,163.0,11.0,0.01,0.0221,0.5442,1.0,0,0.0,0.0,0.0,0.0,0.0,0.0,0.0,0,12,White_Mulberry,0.0,43.0,5946.0,0.0,0.0,SP_SD,,,,,,,UNKNOWN,,,,,WM-LODN-WH,0
FBA79788,TVCT1ML,B0FN4D3C89,B0FN4D3C89,"White Mulberry Economy Fixed TV Wall Mount Bracket for 13-43 Inches |45kg|LED/LCD/Smart TV's, Universal VESA Compatible 75x75,200x200 mm MAX Slim Wall Mount Stand",583.0,27.0,0.004,0.0102,889.0,34.0,0.0046,0.0096,0.9962,1.0,24,0.0,0.0412,0.0,11030.508474576272,0.0,24.0,0.0,0,12,White_Mulberry,3656.5,238.0,32192.0,6994.92,14.0,SP_SD,0.5227365002030044,1.913009708737864,,261.17857142857144,,,White Mulberry,Monitor Arm,TV Wall Mount,,,TVCT1ML,24
FBA79789,TVMF1ML,B0FN4DSQ6P,B0FN4DSQ6P,"White Mulberry Premium Economy Fixed TV Wall Mount Bracket for 32-65 Inches |45kg| LED/LCD/OLED/Smart & Curved TV's, VESA 50x50, 400x400 MAX, Slim Wall Stand",340.0,17.0,0.0023,0.0064,512.0,24.0,0.0027,0.0068,1.0,1.0,22,0.0,0.0647,0.0,12396.610169491529,0.0,20.0,0.0,0,12,White_Mulberry,1679.51,118.0,14972.0,4255.9400000000005,8.0,SP_SD,0.3946272738807407,2.534036713088937,,209.93875,,,White Mulberry,Monitor Arm,TV Wall Mount,,,TVMF1ML,22
FBA79479,WM-HA2M-BK,B0DB5YTQZV,B0DB5YTQZV,White Mulberry |DIY| Height Adjustable Monitor Arm | Desk Mounted Monitor Stand for 17-32 Inch Monitor | 10Kg Screen Load | VESA 75X75 & 100X100 | Adjustable Metal Desk Mount - (Dual Screen),596.0,28.0,0.0041,0.0106,847.0,42.0,0.0044,0.0118,0.5811,0.2414,16,1.0,0.0268,0.0357,26046.610169491527,2049.0,16.0,1.0,0,12,White_Mulberry,12881.27,413.0,25353.0,46583.89,21.0,SP_SD,0.2765176974271577,3.616405059439015,,613.3938095238095,,,White Mulberry,Monitor Arm,Monitor Arm,,,WM-HA2M-BK,16
FBA79615,VLMS1ML,B0DP2Z5DQ9,B0DP2Z5DQ9,"White Mulberry 10-Step Height Adjustable Single Screen Monitor Stand for 17-32 Inch Monitor, 8 kg Load, VESA 75x75/100x100, DIY Installation (Black)",708.0,61.0,0.0049,0.023,1023.0,79.0,0.0053,0.0222,1.0,1.0,12,4.0,0.0169,0.0656,27786.440677966104,11196.0,11.0,3.0,0,12,White_Mulberry,9533.27,527.0,70624.0,20162.7,8.0,SP_SD,0.4728171326260867,2.1149825820521184,,1191.65875,,,White Mulberry,Monitor Arm,Monitor Arm,,,VLMS1ML,12
FBA79787,TVCF1ML,B0FN4GQ9HT,B0FN4GQ9HT,"White Mulberry Tilt TV Wall Mount Bracket for 13–43 Inch Flat Screen TVs, Low Profile Slim Design, Heavy-Duty Steel, VESA 75x75 to 200x200, Supports up to 99 lbs (45kg), Built-in Bubble Level",279.0,18.0,0.0019,0.0068,377.0,21.0,0.002,0.0059,1.0,1.0,11,0.0,0.0394,0.0,7602.542372881357,0.0,11.0,0.0,0,12,White_Mulberry,1787.16,146.0,23336.0,2655.08,5.0,SP_SD,0.6731096614791269,1.4856420242171935,,357.432,,,White Mulberry,Monitor Arm,TV Wall Mount,,,TVCF1ML,11
FBA79477,WM-GS2M-BK,B0DB5VVPSB,B0DB5VVPSB,White Mulberry |DIY| Economical Gas Spring Monitor Arm | Desk Mounted Monitor Stand for 15-32 Inch Monitors |9Kg Screen Capacity| VESA 75X75&100X100 | Adjustable Metal Desk Monitor Mount-(Dual Screen),345.0,24.0,0.0024,0.009,445.0,43.0,0.0023,0.0121,0.5494,0.65,6,1.0,0.0174,0.0417,24655.93220338983,4849.0,6.0,1.0,0,12,White_Mulberry,4351.35,151.0,18021.0,4151.69,2.0,SP_SD,1.0480912592221483,0.9541153894768288,,2175.675,,,White Mulberry,Monitor Arm,Monitor Arm,,,WM-GS2M-BK,6
FBA79478,WM-HA1M-BK,B0DB5W4TCP,B0DB5W4TCP,White Mulberry |DIY| Height Adjustable Monitor Arm | Desk Mounted Stand for 15-32 Inch Monitor | 10Kg Screen Load | VESA 75X75 & 100X100 | Adjustable Metal Desk Monitor Mount - (Single Screen),274.0,12.0,0.0019,0.0045,370.0,16.0,0.0019,0.0045,1.0,1.0,5,0.0,0.0182,0.0,6987.28813559322,0.0,5.0,0.0,0,12,White_Mulberry,1557.67,101.0,13187.0,5589.84,4.0,SP_SD,0.2786609276830821,3.5885906514216748,,389.4175,,,White Mulberry,Monitor Arm,Monitor Arm,,,WM-HA1M-BK,5
FBA79791,TVFM1ML,B0FN4HDM6Z,B0FN4HDM6Z,"White Mulberry Premium Full Motion TV Wall Mount Bracket for 23-65Inch |35kg| LED/LCD/OLED/Smart & Curved TV’s, Universal Heavy Duty Wall Mount Stand with Swivel, Tilt",297.0,23.0,0.002,0.0087,415.0,26.0,0.0022,0.0073,1.0,1.0,3,0.0,0.0101,0.0,5336.440677966102,0.0,3.0,0.0,0,12,White_Mulberry,1968.47,107.0,13425.0,5793.23,4.0,SP_SD,0.3397879939170377,2.943011577519596,,492.1175,,,White Mulberry,Monitor Arm,TV Wall Mount,,,TVFM1ML,3
FBA79476,WM-GS1M-BK,B0DB5VG39T,B0DB5VG39T,White Mulberry |DIY| Economical Gas Spring Monitor Arm | Desk Mounted Monitor Stand for 15-32 Inch Monitors |9Kg Screen Capacity|VESA 75X75&100X100| Adjustable Metal Desk Monitor Mount-(Single Screen),1614.0,81.0,0.0111,0.0305,2209.0,105.0,0.0115,0.0295,0.1289,0.0909,2,0.0,0.0012,0.0,4744.067796610169,0.0,2.0,0.0,0,12,White_Mulberry,17305.45,891.0,116967.0,48922.86,21.0,SP_SD,0.3537293199947836,2.8270203895304657,,824.0690476190476,,,White Mulberry,Monitor Arm,Monitor Arm,,,WM-GS1M-BK,2
FBA79613,MS1ML,B0DP2VVRND,B0DP2VVRND,White Mulberry |DIY| Height Adjustable Monitor Stand Mount | Supports 17-32 Inch Screens| 10 Kg Screen Load | VESA 75X75 & 100X100 | Freestanding Monitor Mount | Black - (Single Screen),81.0,12.0,0.0006,0.0045,118.0,17.0,0.0006,0.0048,0.8058,0.9167,2,1.0,0.0247,0.0833,3388.135593220339,1999.0,2.0,1.0,0,12,White_Mulberry,629.45,42.0,4684.0,0.0,0.0,SP_SD,,0.0,,,,,White Mulberry,Monitor Arm,Monitor Arm,,,MS1ML,2
FBA79612,WM1ML,B0DP2WC5VW,B0DP2WC5VW,White Mulberry |DIY| Wall Mounted Monitor Stand Mount | Supports 15-32 Inch Screens| 9 Kg Screen Load | VESA 75X75 & 100X100 | Spring Assisted Wall Mounted Monitor Mount | Black - (Single Screen),1488.0,93.0,0.0102,0.0351,2120.0,113.0,0.011,0.0318,0.0381,0.0,2,0.0,0.0013,0.0,5083.050847457627,0.0,2.0,0.0,0,12,White_Mulberry,14546.14,939.0,51692.0,61504.240000000005,26.0,SP_SD,0.2365062961512897,4.228217245262318,,559.4669230769231,,,White Mulberry,Monitor Arm,Monitor Arm,,,WM1ML,2
FBA79790,TVLF1ML,B0FHVWHQHR,B0FHVWHQHR,"White Mulberry Fixed TV Wall Mount Bracket for 37–86 Inch LED, LCD & Curved TVs | Heavy Duty Steel Frame, 45kg Max Load, VESA 50x50 to 600x400mm Max, Built-in Bubble Level, 1 Year Warranty",94.0,4.0,0.0006,0.0015,119.0,4.0,0.0006,0.0011,1.0,1.0,2,1.0,0.0213,0.25,1175.4237288135594,539.0,2.0,1.0,0,12,White_Mulberry,0.0,0.0,0.0,0.0,0.0,,,,,,,,White Mulberry,Monitor Arm,TV Wall Mount,,,TVLF1ML,2
FBA79786,POSS-01,B0FN4FPJ83,B0FN4FPJ83,"White Mulberry POS Machine Stand Universal Credit Card Machine Stand – 360° Swivel & +45°/-45° Tilt |Fits 2.8""-4.3"" Devices, 6.5"" Panel Size| Heavy-Duty Steel & Bolt-Down Mount with Cable Management",52.0,7.0,0.0004,0.0026,81.0,11.0,0.0004,0.0031,1.0,1.0,2,0.0,0.0385,0.0,3388.135593220339,0.0,2.0,0.0,0,12,White_Mulberry,317.48,24.0,1121.0,1694.06,1.0,SP_SD,0.1874077659587028,5.335958170593423,,317.48,,,White Mulberry,Monitor Arm,POS Stand,,,POSS-01,2
FBA79167,WM-GD07-CB,B0CPFS24ML,B0CPFS24ML,"White Mulberry Gaming Desk, Computer Desk with Carbon Fiber Surface, Z Shaped Gaming Table, Computer Table, Workstation, Home Office Desk with Cup Holder and Headphone Holder | (110 * 60 * 75 CM)",0.0,0.0,0.0,0.0,0.0,0.0,0.0,0.0,0.0,0.0,0,0.0,0.0,0.0,0.0,0.0,0.0,0.0,0,12,White_Mulberry,0.0,0.0,0.0,0.0,0.0,SP_SD,,,,,,,White Mulberry,Desk,Gaming Desk,,,WM-GD07-CB,0
FBA79617,HDWF1ML,B0DP32F346,B0DP32F346,White Mulberry |DIY| Woodcraft - Premium Wooden Arm | Desk Mounted Monitor arm 15-32 Inch Monitor|9Kg Screen Capacity|Spring Assisted Premium Wooden Metal Desk Mount-(Single Screen),306.0,25.0,0.0021,0.0094,412.0,30.0,0.0021,0.0084,0.0085,0.0,0,0.0,0.0,0.0,0.0,0.0,0.0,0.0,0,12,White_Mulberry,3416.07,116.0,21655.0,14740.69,6.0,SP_SD,0.2317442399236399,4.315101856812068,,569.345,,,White Mulberry,Monitor Arm,Monitor Arm,,,HDWF1ML,0
FBA79784,POS2M,B0FN4FHH5Y,B0FN4FHH5Y,"White Mulberry Dual Screen POS Machine Stand for 17""-32"" Monitors(9kg) w/Card Reader, Printer & Barcode Scanner Holders| VESA 75x75/100x100 Compatible| Adjustable Tilt, Swivel & Rotation| Grommet Base",17.0,1.0,0.0001,0.0004,20.0,1.0,0.0001,0.0003,1.0,0.0,0,0.0,0.0,0.0,0.0,0.0,0.0,0.0,0,12,White_Mulberry,0.0,0.0,0.0,0.0,0.0,,,,,,,,UNKNOWN,,,,,POS2M,0
FBA79785,POS2MK,B0FN4HDBN5,B0FN4HDBN5,"White Mulberry Single Screen POS Machine Stand w/Keyboard Tray, Card Reader, Printer, Barcode Scanner Holder| Fits 17""-32"" Monitors (9kg), VESA 75x75/100x100| Height Adjustable Pole, Cable Management",8.0,0.0,0.0001,0.0,11.0,0.0,0.0001,0.0,1.0,0.0,0,0.0,0.0,0.0,0.0,0.0,0.0,0.0,0,12,White_Mulberry,0.0,0.0,0.0,0.0,0.0,,,,,,,,White Mulberry,Monitor Arm,POS Stand,,,POS2MK,0
FBA79476,WM-GS1M-BK,B0DB5VG39T,B0DB5VG39T,White Mulberry |DIY| Economical Gas Spring Monitor Arm | Desk Mounted Monitor Stand for 15-32 Inch Monitors |9Kg Screen Capacity|VESA 75X75&100X100| Adjustable Metal Desk Monitor Mount-(Single Screen),1308.0,63.0,0.009,0.0214,1711.0,80.0,0.0087,0.0193,0.0,0.0,0,0.0,0.0,0.0,0.0,0.0,0.0,0.0,0,13,White_Mulberry,8094.679999999999,374.0,57273.0,29232.21,8.0,SP_SD,0.2769096144287414,3.6112866722341095,,1011.835,,,White Mulberry,Monitor Arm,Monitor Arm,,,WM-GS1M-BK,0
FBA79617,HDWF1ML,B0DP32F346,B0DP32F346,White Mulberry |DIY| Woodcraft - Premium Wooden Arm | Desk Mounted Monitor arm 15-32 Inch Monitor|9Kg Screen Capacity|Spring Assisted Premium Wooden Metal Desk Mount-(Single Screen),492.0,32.0,0.0034,0.0109,599.0,40.0,0.0031,0.0097,0.0,0.0,0,0.0,0.0,0.0,0.0,0.0,0.0,0.0,0,13,White_Mulberry,3056.81,104.0,18787.0,0.0,0.0,SP_SD,,0.0,,,,,White Mulberry,Monitor Arm,Monitor Arm,,,HDWF1ML,0
FBA79167,WM-GD07-CB,B0CPFS24ML,B0CPFS24ML,"White Mulberry Gaming Desk, Computer Desk with Carbon Fiber Surface, Z Shaped Gaming Table, Computer Table, Workstation, Home Office Desk with Cup Holder and Headphone Holder | (110 * 60 * 75 CM)",4211.0,99.0,0.3909,0.3028,5940.0,154.0,0.4038,0.3188,0.9469,1.0,35,2.0,0.0083,0.0202,227769.4915254237,16798.0,35.0,2.0,0,13,White_Mulberry,0.0,0.0,0.0,0.0,0.0,SP_SD,,,,,,,White Mulberry,Desk,Gaming Desk,,,WM-GD07-CB,35
FBA76417,WM-LOD-WH,B0BFVMDJ2K,B0BFVMDJ2K,White Mulberry L-Shape Corner Desk |DIY Assembly| Monitor Raising Shelf | Engineered Wood & Sturdy Steel Leg|Perfect for Office Home Gaming Study Desk Computer Table|L(130+130)*45 * 77cm|White,971.0,55.0,0.0901,0.1682,1351.0,88.0,0.0918,0.1822,0.8937,1.0,7,1.0,0.0072,0.0182,49457.21186440678,8265.51,7.0,1.0,0,13,White_Mulberry,11636.0,440.0,45792.0,28230.93,4.0,SP_SD,0.4121720396742154,2.426171364730148,,2909.0,,,White Mulberry,Desk,L-Shaped Desk,,,WM-LOD-WH,7
FBA76415,WM-LOD-CF,B0BFWD6SNF,B0BFWD6SNF,White Mulberry L-Shape Corner Desk |DIY Assembly| Monitor Raising Shelf | Engineered Wood & Sturdy Steel Leg|Perfect for Office Home Gaming Study Desk Computer Table|L(130+130)*45 * 77cm|Carbon Fibre,585.0,39.0,0.0543,0.1193,816.0,53.0,0.0555,0.1097,0.4177,1.0,6,0.0,0.0103,0.0,35588.98305084746,0.0,6.0,0.0,0,13,White_Mulberry,2889.42,118.0,79753.0,28471.2,4.0,SP_SD,0.1014857118772654,9.853603837448349,,722.355,,,White Mulberry,Desk,L-Shaped Desk,,,WM-LOD-CF,6
FBA79179,WM-SE08-CF,B0CPT3Q25C,B0CPT3Q25C,White Mulberry Wooden Motorized Electronic Height Adjustable | Ergonomic Spacious Design Desk | Motor&Memory Preset Controller|Sit Stand Desk for Office Home & Study Table| 1200mmx600mm | Carbon Fibre,463.0,20.0,0.043,0.0612,628.0,40.0,0.0427,0.0828,0.6884,1.0,3,1.0,0.0065,0.05,38138.13559322034,15001.0,3.0,1.0,0,13,White_Mulberry,3973.35,182.0,26757.0,19830.51,2.0,SP_SD,0.2003654974077822,4.990879232889124,,1986.675,,,White Mulberry,Desk-Adjustable,Motorized,,,WM-SE08-CF,3
FBA79658,WM-MDL-WH,B0DQ1PKNSP,B0DQ1PKNSP,White Mulberry |120X60CM Table Top|Manual Sit Stand Desk|Multi-Purpose Manual Height Adjustable Ergonomic Desk - Office Work Study Table|3 Year Warranty| 80 Kg Weight Carrying Capacity - White,393.0,21.0,0.0365,0.0642,539.0,33.0,0.0366,0.0683,0.5066,1.0,3,0.0,0.0076,0.0,33048.30508474576,0.0,3.0,0.0,0,13,White_Mulberry,3488.47,120.0,98954.0,11016.1,1.0,SP_SD,0.316670146422055,3.157860036061655,,3488.47,,,White Mulberry,Desk-Adjustable,Manual,,,WM-MDL-WH,3
FBA76416,WM-LOD-BK,B0BFW59TRG,B0BFW59TRG,"White Mulberry L-Shape Corner Desk | Monitor Raising Shelf | Made of P2 Grade Melamine Particle Board & Sturdy Steel Leg | Suitable for Office, Home, Gaming, Streaming | Black |L(130+130)*B45*H77cm",230.0,15.0,0.0213,0.0459,300.0,15.0,0.0204,0.0311,0.5512,1.0,1,0.0,0.0043,0.0,7117.796610169492,0.0,1.0,0.0,0,13,White_Mulberry,594.63,27.0,9668.0,0.0,0.0,SP_SD,,0.0,,,,,White Mulberry,Desk,L-Shaped Desk,,,WM-LOD-BK,1
FBA79659,WM-MDL-BK,B0DQ1NV8D2,B0DQ1NV8D2,White Mulberry |120X60CM Table Top|Manual Sit Stand Desk|Multi-Purpose Manual Height Adjustable Ergonomic Desk - Office Work Study Table|3 Year Warranty| 80 Kg Weight Carrying Capacity - Black,202.0,14.0,0.0188,0.0428,269.0,17.0,0.0183,0.0352,0.344,1.0,1,0.0,0.005,0.0,11016.101694915254,0.0,1.0,0.0,0,13,White_Mulberry,390.01,15.0,4249.0,0.0,0.0,SP_SD,,0.0,,,,,White Mulberry,Desk-Adjustable,Manual,,,WM-MDL-BK,1
FBA79662,WM-MODL-WH,B0DQ4YWSMC,B0DQ4YWSMC,White Mulberry |120X60CM Table Top|Motorized Sit Stand Desk|Multi-Purpose Electric Height Adjustable Ergonomic Desk - Office Work study Table|3 Year Warranty|Digital screen Advance Memory Preset-White,228.0,17.0,0.0212,0.052,281.0,22.0,0.0191,0.0455,0.5282,1.0,1,1.0,0.0044,0.0588,12712.71186440678,15001.0,1.0,1.0,0,13,White_Mulberry,1111.27,39.0,18585.0,12712.71,1.0,SP_SD,0.0874140918812747,11.439803108155534,,1111.27,,,White Mulberry,Desk-Adjustable,Motorized,,,WM-MODL-WH,1
FBA79667,WM-LODN-WH,B0DQPK7MFH,B0DQPK7MFH,White Mulberry L-Shape Corner Desk with Shelf|DIY Assembly| Monitor Raising Shelf |Engineered Wood & Sturdy Steel Leg|Perfect for Computer Table Office Home Gaming Study Desk|L(130+130)*45*77cm|White,70.0,5.0,0.0065,0.0153,82.0,6.0,0.0056,0.0124,0.6154,1.0,1,0.0,0.0143,0.0,6029.661016949153,0.0,1.0,0.0,0,13,White_Mulberry,307.1,18.0,1816.0,6029.66,1.0,SP_SD,0.0509315616469253,19.634190817323347,,307.1,,,UNKNOWN,,,,,WM-LODN-WH,1
FBA76382,WM-MH05P-BK,B0BF4T7SWK,B0BF4T7SWK,"White Mulberry Alloy Steel Manual Height Adjustable Desk | Ergonomic Design | Ecofriendly Desk | Sit Stand Desk for Office, Home & Study Table| 1200Mm X 600Mm | Black",0.0,0.0,0.0,0.0,0.0,0.0,0.0,0.0,0.0,0.0,0,0.0,0.0,0.0,0.0,0.0,0.0,0.0,0,13,White_Mulberry,0.0,0.0,0.0,0.0,0.0,SP_SD,,,,,,,UNKNOWN,,,,,WM-MH05P-BK,0
FBA76418,WM-LOD-IN,B0BFVNS8HS,B0BFVNS8HS,White Mulberry L-Shape Corner Desk |DIY Assembly| Monitor Raising Shelf | Engineered Wood & Sturdy Steel Leg|Perfect for Office Home Gaming Study Desk Computer Table|L(130+130)*45 * 77cm|Industrial,68.0,10.0,0.0063,0.0306,86.0,12.0,0.0058,0.0248,0.2941,1.0,0,0.0,0.0,0.0,0.0,0.0,0.0,0.0,0,13,White_Mulberry,0.0,0.0,798.0,0.0,0.0,SP_SD,,,,,,,White Mulberry,Desk,L-Shaped Desk,,,WM-LOD-IN,0
FBK76764,WM-MH05P-CF,B0BMV1WPHL,B0BMV1WPHL,"White Mulberry Ergonomic Sit Stand Desk | Standing Desk for Office, Home & Study | Everyday Ergonomic Desk | 1200mm x 600mm | Carbon Fibre",0.0,0.0,0.0,0.0,0.0,0.0,0.0,0.0,0.0,0.0,0,0.0,0.0,0.0,0.0,0.0,0.0,0.0,0,13,White_Mulberry,0.0,0.0,0.0,0.0,0.0,,,,,,,,White Mulberry,Desk-Adjustable,Manual,,,WM-MH05P-CF,0
FBA79165,WM-USE06-WH,B0CPFPT6DZ,B0CPFPT6DZ,"White Mulberry Motorized Height Adjustable Desk with USB Charging,Drawer|Spacious Ergonomic Design|Preset Height Controller|Sit Stand Desk for Office,Home Study,Workstation Table|1200X600mm|White",62.0,1.0,0.0058,0.0031,81.0,1.0,0.0055,0.0021,0.1127,1.0,0,0.0,0.0,0.0,0.0,0.0,0.0,0.0,0,13,White_Mulberry,0.0,0.0,10.0,0.0,0.0,SP_SD,,,,,,,White Mulberry,Desk-Adjustable,USB-Motorized,,,WM-USE06-WH,0
FBA79175,WM-LODN-BK,B0CPT2YJX2,B0CPT2YJX2,White Mulberry L-Shape Corner Desk with Shelf|DIY Assembly| Monitor Raising Shelf |Engineered Wood & Sturdy Steel Leg|Perfect for Computer Table Office Home Gaming Study Desk|L(130+130)*45*77cm|Black,96.0,7.0,0.0089,0.0214,111.0,8.0,0.0075,0.0166,0.4314,1.0,0,0.0,0.0,0.0,0.0,0.0,0.0,0.0,0,13,White_Mulberry,0.0,0.0,133.0,0.0,0.0,SP_SD,,,,,,,White Mulberry,Desk,L-Shaped Desk,,,WM-LODN-BK,0
FBA79789,TVMF1ML,B0FN4DSQ6P,B0FN4DSQ6P,"White Mulberry Premium Economy Fixed TV Wall Mount Bracket for 32-65 Inches |45kg| LED/LCD/OLED/Smart & Curved TV's, VESA 50x50, 400x400 MAX, Slim Wall Stand",638.0,38.0,0.0055,0.018,1085.0,72.0,0.0072,0.0254,1.0,1.0,86,4.0,0.1348,0.1053,40726.27118644068,2316.0,85.0,4.0,0,13,White_Mulberry,1815.51,168.0,17273.0,12233.1,26.0,SP_SD,0.1484096426907325,6.738106647718823,,69.8273076923077,,,White Mulberry,Monitor Arm,TV Wall Mount,,,TVMF1ML,86
FBA79788,TVCT1ML,B0FN4D3C89,B0FN4D3C89,"White Mulberry Economy Fixed TV Wall Mount Bracket for 13-43 Inches |45kg|LED/LCD/Smart TV's, Universal VESA Compatible 75x75,200x200 mm MAX Slim Wall Mount Stand",509.0,37.0,0.0044,0.0175,720.0,47.0,0.0048,0.0166,1.0,1.0,23,3.0,0.0452,0.0811,7271.186440677967,1287.0,22.0,2.0,0,13,White_Mulberry,1973.09,135.0,14705.0,4652.56,10.0,SP_SD,0.4240869542789346,2.3580069839693065,,197.30900000000003,,,White Mulberry,Monitor Arm,TV Wall Mount,,,TVCT1ML,23
FBA79615,VLMS1ML,B0DP2Z5DQ9,B0DP2Z5DQ9,"White Mulberry 10-Step Height Adjustable Single Screen Monitor Stand for 17-32 Inch Monitor, 8 kg Load, VESA 75x75/100x100, DIY Installation (Black)",712.0,44.0,0.0061,0.0208,1090.0,67.0,0.0072,0.0236,1.0,1.0,11,1.0,0.0154,0.0227,26092.37288135593,2799.0,11.0,1.0,0,13,White_Mulberry,8279.51,486.0,51384.0,23720.32,11.0,SP_SD,0.349047146075601,2.864942490558016,,752.6827272727273,,,White Mulberry,Monitor Arm,Monitor Arm,,,VLMS1ML,11
FBA79787,TVCF1ML,B0FN4GQ9HT,B0FN4GQ9HT,"White Mulberry Tilt TV Wall Mount Bracket for 13–43 Inch Flat Screen TVs, Low Profile Slim Design, Heavy-Duty Steel, VESA 75x75 to 200x200, Supports up to 99 lbs (45kg), Built-in Bubble Level",320.0,25.0,0.0027,0.0118,435.0,27.0,0.0029,0.0095,1.0,1.0,13,4.0,0.0406,0.16,6795.762711864407,2916.0,11.0,3.0,0,13,White_Mulberry,1007.93,128.0,17484.0,4052.56,9.0,SP_SD,0.2487143928775884,4.020676039010645,,111.9922222222222,,,White Mulberry,Monitor Arm,TV Wall Mount,,,TVCF1ML,13
FBA79479,WM-HA2M-BK,B0DB5YTQZV,B0DB5YTQZV,White Mulberry |DIY| Height Adjustable Monitor Arm | Desk Mounted Monitor Stand for 17-32 Inch Monitor | 10Kg Screen Load | VESA 75X75 & 100X100 | Adjustable Metal Desk Mount - (Dual Screen),579.0,47.0,0.005,0.0222,844.0,76.0,0.0056,0.0268,0.2211,0.0976,6,0.0,0.0104,0.0,10418.644067796611,0.0,6.0,0.0,0,13,White_Mulberry,9800.59,330.0,19435.0,16213.55,9.0,SP_SD,0.604469101461432,1.6543442792729826,,1088.9544444444446,,,White Mulberry,Monitor Arm,Monitor Arm,,,WM-HA2M-BK,6
FBA79786,POSS-01,B0FN4FPJ83,B0FN4FPJ83,"White Mulberry POS Machine Stand Universal Credit Card Machine Stand – 360° Swivel & +45°/-45° Tilt |Fits 2.8""-4.3"" Devices, 6.5"" Panel Size| Heavy-Duty Steel & Bolt-Down Mount with Cable Management",123.0,13.0,0.0011,0.0061,151.0,14.0,0.001,0.0049,1.0,1.0,6,0.0,0.0488,0.0,10164.406779661018,0.0,6.0,0.0,0,13,White_Mulberry,484.31,23.0,1311.0,3388.14,2.0,SP_SD,0.1429427355422149,6.995808469781751,,242.155,,,White Mulberry,Monitor Arm,POS Stand,,,POSS-01,6
FBA79612,WM1ML,B0DP2WC5VW,B0DP2WC5VW,White Mulberry |DIY| Wall Mounted Monitor Stand Mount | Supports 15-32 Inch Screens| 9 Kg Screen Load | VESA 75X75 & 100X100 | Spring Assisted Wall Mounted Monitor Mount | Black - (Single Screen),1622.0,88.0,0.0139,0.0416,2245.0,116.0,0.0148,0.0409,0.0431,0.0133,5,0.0,0.0031,0.0,12707.627118644068,0.0,5.0,0.0,0,13,White_Mulberry,15614.72,995.0,63004.0,68959.34,29.0,SP_SD,0.2264337216684498,4.416303334289696,,538.4386206896552,,,White Mulberry,Monitor Arm,Monitor Arm,,,WM1ML,5
FBA79476,WM-GS1M-BK,B0DB5VG39T,B0DB5VG39T,White Mulberry |DIY| Economical Gas Spring Monitor Arm | Desk Mounted Monitor Stand for 15-32 Inch Monitors |9Kg Screen Capacity|VESA 75X75&100X100| Adjustable Metal Desk Monitor Mount-(Single Screen),1308.0,63.0,0.0112,0.0298,1711.0,80.0,0.0113,0.0282,0.1442,0.0833,4,0.0,0.0031,0.0,9488.13559322034,0.0,4.0,0.0,0,13,White_Mulberry,8094.679999999999,374.0,57273.0,29232.21,8.0,SP_SD,0.2769096144287414,3.6112866722341095,,1011.835,,,White Mulberry,Monitor Arm,Monitor Arm,,,WM-GS1M-BK,4
FBA79477,WM-GS2M-BK,B0DB5VVPSB,B0DB5VVPSB,White Mulberry |DIY| Economical Gas Spring Monitor Arm | Desk Mounted Monitor Stand for 15-32 Inch Monitors |9Kg Screen Capacity| VESA 75X75&100X100 | Adjustable Metal Desk Monitor Mount-(Dual Screen),316.0,10.0,0.0027,0.0047,416.0,12.0,0.0028,0.0042,0.9944,1.0,4,0.0,0.0127,0.0,15928.813559322034,0.0,4.0,0.0,0,13,White_Mulberry,3502.65,139.0,17087.0,8726.27,3.0,SP_SD,0.4013914307029234,2.491333704480893,,1167.55,,,White Mulberry,Monitor Arm,Monitor Arm,,,WM-GS2M-BK,4
FBA79791,TVFM1ML,B0FN4HDM6Z,B0FN4HDM6Z,"White Mulberry Premium Full Motion TV Wall Mount Bracket for 23-65Inch |35kg| LED/LCD/OLED/Smart & Curved TV’s, Universal Heavy Duty Wall Mount Stand with Swivel, Tilt",346.0,26.0,0.003,0.0123,428.0,33.0,0.0028,0.0116,1.0,1.0,4,1.0,0.0116,0.0385,7115.254237288136,2099.0,4.0,1.0,0,13,White_Mulberry,1046.29,67.0,7144.0,3557.62,2.0,SP_SD,0.2940983016735907,3.400223647363542,,523.145,,,White Mulberry,Monitor Arm,TV Wall Mount,,,TVFM1ML,4
FBA79478,WM-HA1M-BK,B0DB5W4TCP,B0DB5W4TCP,White Mulberry |DIY| Height Adjustable Monitor Arm | Desk Mounted Stand for 15-32 Inch Monitor | 10Kg Screen Load | VESA 75X75 & 100X100 | Adjustable Metal Desk Monitor Mount - (Single Screen),248.0,10.0,0.0021,0.0047,344.0,13.0,0.0023,0.0046,0.9588,1.0,2,0.0,0.0081,0.0,2794.915254237288,0.0,2.0,0.0,0,13,White_Mulberry,1329.47,95.0,15990.0,7075.42,1.0,SP_SD,0.1878997995878689,5.321985452849631,,1329.47,,,White Mulberry,Monitor Arm,Monitor Arm,,,WM-HA1M-BK,2
FBA79790,TVLF1ML,B0FHVWHQHR,B0FHVWHQHR,"White Mulberry Fixed TV Wall Mount Bracket for 37–86 Inch LED, LCD & Curved TVs | Heavy Duty Steel Frame, 45kg Max Load, VESA 50x50 to 600x400mm Max, Built-in Bubble Level, 1 Year Warranty",3.0,1.0,0.0,0.0005,3.0,1.0,0.0,0.0004,1.0,1.0,2,1.0,0.6667,1.0,913.5593220338984,539.0,2.0,1.0,0,13,White_Mulberry,0.0,0.0,0.0,0.0,0.0,,,,,,,,White Mulberry,Monitor Arm,TV Wall Mount,,,TVLF1ML,2
FBA79784,POS2M,B0FN4FHH5Y,B0FN4FHH5Y,"White Mulberry Dual Screen POS Machine Stand for 17""-32"" Monitors(9kg) w/Card Reader, Printer & Barcode Scanner Holders| VESA 75x75/100x100 Compatible| Adjustable Tilt, Swivel & Rotation| Grommet Base",17.0,1.0,0.0001,0.0005,36.0,1.0,0.0002,0.0004,1.0,0.0,1,0.0,0.0588,0.0,4660.169491525424,0.0,1.0,0.0,0,13,White_Mulberry,0.0,0.0,0.0,0.0,0.0,,,,,,,,UNKNOWN,,,,,POS2M,1
FBA79167,WM-GD07-CB,B0CPFS24ML,B0CPFS24ML,"White Mulberry Gaming Desk, Computer Desk with Carbon Fiber Surface, Z Shaped Gaming Table, Computer Table, Workstation, Home Office Desk with Cup Holder and Headphone Holder | (110 * 60 * 75 CM)",0.0,0.0,0.0,0.0,0.0,0.0,0.0,0.0,0.0,0.0,0,0.0,0.0,0.0,0.0,0.0,0.0,0.0,0,13,White_Mulberry,0.0,0.0,0.0,0.0,0.0,SP_SD,,,,,,,White Mulberry,Desk,Gaming Desk,,,WM-GD07-CB,0
FBA79617,HDWF1ML,B0DP32F346,B0DP32F346,White Mulberry |DIY| Woodcraft - Premium Wooden Arm | Desk Mounted Monitor arm 15-32 Inch Monitor|9Kg Screen Capacity|Spring Assisted Premium Wooden Metal Desk Mount-(Single Screen),492.0,32.0,0.0042,0.0151,599.0,40.0,0.004,0.0141,0.0019,0.0,0,0.0,0.0,0.0,0.0,0.0,0.0,0.0,0,13,White_Mulberry,3056.81,104.0,18787.0,0.0,0.0,SP_SD,,0.0,,,,,White Mulberry,Monitor Arm,Monitor Arm,,,HDWF1ML,0
FBA79785,POS2MK,B0FN4HDBN5,B0FN4HDBN5,"White Mulberry Single Screen POS Machine Stand w/Keyboard Tray, Card Reader, Printer, Barcode Scanner Holder| Fits 17""-32"" Monitors (9kg), VESA 75x75/100x100| Height Adjustable Pole, Cable Management",19.0,4.0,0.0002,0.0019,24.0,5.0,0.0002,0.0018,1.0,1.0,0,0.0,0.0,0.0,0.0,0.0,0.0,0.0,0,13,White_Mulberry,0.0,0.0,0.0,0.0,0.0,,,,,,,,White Mulberry,Monitor Arm,POS Stand,,,POS2MK,0
FBA79612,WM1ML,B0DP2WC5VW,B0DP2WC5VW,White Mulberry |DIY| Wall Mounted Monitor Stand Mount | Supports 15-32 Inch Screens| 9 Kg Screen Load | VESA 75X75 & 100X100 | Spring Assisted Wall Mounted Monitor Mount | Black - (Single Screen),0.0,,,,,,,,,,49,,,,120382.22,,,,0,13,White_Mulberry,15614.72,995.0,63004.0,68959.34,29.0,SP_SD,0.2264337216684498,4.416303334289696,,538.4386206896552,,,White Mulberry,Monitor Arm,Monitor Arm,,,WM1ML,49
FBA79476,WM-GS1M-BK,B0DB5VG39T,B0DB5VG39T,White Mulberry |DIY| Economical Gas Spring Monitor Arm | Desk Mounted Monitor Stand for 15-32 Inch Monitors |9Kg Screen Capacity|VESA 75X75&100X100| Adjustable Metal Desk Monitor Mount-(Single Screen),0.0,,,,,,,,,,23,,,,52607.61,,,,0,13,White_Mulberry,8094.679999999999,374.0,57273.0,29232.21,8.0,SP_SD,0.2769096144287414,3.6112866722341095,,1011.835,,,White Mulberry,Monitor Arm,Monitor Arm,,,WM-GS1M-BK,23
FBA79479,WM-HA2M-BK,B0DB5YTQZV,B0DB5YTQZV,White Mulberry |DIY| Height Adjustable Monitor Arm | Desk Mounted Monitor Stand for 17-32 Inch Monitor | 10Kg Screen Load | VESA 75X75 & 100X100 | Adjustable Metal Desk Mount - (Dual Screen),0.0,,,,,,,,,,13,,,,22022.86,,,,0,13,White_Mulberry,9800.59,330.0,19435.0,16213.55,9.0,SP_SD,0.604469101461432,1.6543442792729826,,1088.9544444444446,,,White Mulberry,Monitor Arm,Monitor Arm,,,WM-HA2M-BK,13
FBA79617,HDWF1ML,B0DP32F346,B0DP32F346,White Mulberry |DIY| Woodcraft - Premium Wooden Arm | Desk Mounted Monitor arm 15-32 Inch Monitor|9Kg Screen Capacity|Spring Assisted Premium Wooden Metal Desk Mount-(Single Screen),0.0,,,,,,,,,,5,,,,13131.38,,,,0,13,White_Mulberry,3056.81,104.0,18787.0,0.0,0.0,SP_SD,,0.0,,,,,White Mulberry,Monitor Arm,Monitor Arm,,,HDWF1ML,5
FBA79477,WM-GS2M-BK,B0DB5VVPSB,B0DB5VVPSB,White Mulberry |DIY| Economical Gas Spring Monitor Arm | Desk Mounted Monitor Stand for 15-32 Inch Monitors |9Kg Screen Capacity| VESA 75X75&100X100 | Adjustable Metal Desk Monitor Mount-(Dual Screen),0.0,,,,,,,,,,0,,,,0.0,,,,0,13,White_Mulberry,3502.65,139.0,17087.0,8726.27,3.0,SP_SD,0.4013914307029234,2.491333704480893,,1167.55,,,White Mulberry,Monitor Arm,Monitor Arm,,,WM-GS2M-BK,0
FBA79478,WM-HA1M-BK,B0DB5W4TCP,B0DB5W4TCP,White Mulberry |DIY| Height Adjustable Monitor Arm | Desk Mounted Stand for 15-32 Inch Monitor | 10Kg Screen Load | VESA 75X75 & 100X100 | Adjustable Metal Desk Monitor Mount - (Single Screen),0.0,,,,,,,,,,0,,,,0.0,,,,0,13,White_Mulberry,1329.47,95.0,15990.0,7075.42,1.0,SP_SD,0.1878997995878689,5.321985452849631,,1329.47,,,White Mulberry,Monitor Arm,Monitor Arm,,,WM-HA1M-BK,0
FBA79476,WM-GS1M-BK,B0DB5VG39T,B0DB5VG39T,White Mulberry |DIY| Economical Gas Spring Monitor Arm | Desk Mounted Monitor Stand for 15-32 Inch Monitors |9Kg Screen Capacity|VESA 75X75&100X100| Adjustable Metal Desk Monitor Mount-(Single Screen),1377.0,63.0,0.0084,0.0191,1834.0,75.0,0.0082,0.0162,0.0025,0.0,0,0.0,0.0,0.0,0.0,0.0,0.0,0.0,0,14,White_Mulberry,8328.64,483.0,78797.0,32494.88,14.0,SP_SD,0.256306224242096,3.901582971529566,,594.9028571428571,,,White Mulberry,Monitor Arm,Monitor Arm,,,WM-GS1M-BK,0
FBA79478,WM-HA1M-BK,B0DB5W4TCP,B0DB5W4TCP,White Mulberry |DIY| Height Adjustable Monitor Arm | Desk Mounted Stand for 15-32 Inch Monitor | 10Kg Screen Load | VESA 75X75 & 100X100 | Adjustable Metal Desk Monitor Mount - (Single Screen),175.0,8.0,0.0011,0.0024,231.0,13.0,0.001,0.0028,0.0,0.0,0,0.0,0.0,0.0,0.0,0.0,0.0,0.0,0,14,White_Mulberry,2085.15,145.0,19726.0,2888.05,2.0,SP_SD,0.7219923477779124,1.3850562309665972,,1042.575,,,White Mulberry,Monitor Arm,Monitor Arm,,,WM-HA1M-BK,0
FBA79617,HDWF1ML,B0DP32F346,B0DP32F346,White Mulberry |DIY| Woodcraft - Premium Wooden Arm | Desk Mounted Monitor arm 15-32 Inch Monitor|9Kg Screen Capacity|Spring Assisted Premium Wooden Metal Desk Mount-(Single Screen),419.0,35.0,0.0026,0.0106,514.0,44.0,0.0023,0.0095,0.0086,0.0455,0,0.0,0.0,0.0,0.0,0.0,0.0,0.0,0,14,White_Mulberry,1012.73,56.0,14323.0,2626.27,1.0,SP_SD,0.3856153403876981,2.593257827851451,,1012.73,,,White Mulberry,Monitor Arm,Monitor Arm,,,HDWF1ML,0
FBA79167,WM-GD07-CB,B0CPFS24ML,B0CPFS24ML,"White Mulberry Gaming Desk, Computer Desk with Carbon Fiber Surface, Z Shaped Gaming Table, Computer Table, Workstation, Home Office Desk with Cup Holder and Headphone Holder | (110 * 60 * 75 CM)",2320.0,56.0,0.1964,0.1614,3283.0,70.0,0.2083,0.1525,0.8723,0.8929,11,0.0,0.0047,0.0,64060.16949152543,0.0,11.0,0.0,0,14,White_Mulberry,0.0,0.0,0.0,0.0,0.0,SP_SD,,,,,,,White Mulberry,Desk,Gaming Desk,,,WM-GD07-CB,11
FBA76417,WM-LOD-WH,B0BFVMDJ2K,B0BFVMDJ2K,White Mulberry L-Shape Corner Desk |DIY Assembly| Monitor Raising Shelf | Engineered Wood & Sturdy Steel Leg|Perfect for Office Home Gaming Study Desk Computer Table|L(130+130)*45 * 77cm|White,1613.0,105.0,0.1365,0.3026,2322.0,157.0,0.1474,0.342,0.7899,1.0,10,0.0,0.0062,0.0,70754.2372881356,0.0,10.0,0.0,0,14,White_Mulberry,17246.27,812.0,135899.0,56603.36,8.0,SP_SD,0.3046863295747814,3.282063889757032,,2155.78375,,,White Mulberry,Desk,L-Shaped Desk,,,WM-LOD-WH,10
FBA79179,WM-SE08-CF,B0CPT3Q25C,B0CPT3Q25C,White Mulberry Wooden Motorized Electronic Height Adjustable | Ergonomic Spacious Design Desk | Motor&Memory Preset Controller|Sit Stand Desk for Office Home & Study Table| 1200mmx600mm | Carbon Fibre,962.0,25.0,0.0814,0.072,1313.0,31.0,0.0833,0.0675,0.6764,1.0,6,0.0,0.0062,0.0,74365.25423728814,0.0,6.0,0.0,0,14,White_Mulberry,8734.82,494.0,80723.0,60803.39,5.0,SP_SD,0.1436567928202687,6.961035258883412,,1746.964,,,White Mulberry,Desk-Adjustable,Motorized,,,WM-SE08-CF,6
FBA76416,WM-LOD-BK,B0BFW59TRG,B0BFW59TRG,"White Mulberry L-Shape Corner Desk | Monitor Raising Shelf | Made of P2 Grade Melamine Particle Board & Sturdy Steel Leg | Suitable for Office, Home, Gaming, Streaming | Black |L(130+130)*B45*H77cm",334.0,23.0,0.0283,0.0663,428.0,25.0,0.0272,0.0545,0.6327,1.0,3,0.0,0.009,0.0,21268.644067796613,0.0,3.0,0.0,0,14,White_Mulberry,1065.32,55.0,14858.0,14193.22,2.0,SP_SD,0.0750583729414466,13.322963992039952,,532.66,,,White Mulberry,Desk,L-Shaped Desk,,,WM-LOD-BK,3
FBA76415,WM-LOD-CF,B0BFWD6SNF,B0BFWD6SNF,White Mulberry L-Shape Corner Desk |DIY Assembly| Monitor Raising Shelf | Engineered Wood & Sturdy Steel Leg|Perfect for Office Home Gaming Study Desk Computer Table|L(130+130)*45 * 77cm|Carbon Fibre,691.0,35.0,0.0585,0.1009,968.0,41.0,0.0614,0.0893,0.4346,1.0,3,0.0,0.0043,0.0,21268.644067796613,0.0,3.0,0.0,0,14,White_Mulberry,4721.87,185.0,72618.0,28344.06,4.0,SP_SD,0.1665911658386272,6.0027192616484575,,1180.4675,,,White Mulberry,Desk,L-Shaped Desk,,,WM-LOD-CF,3
FBA79662,WM-MODL-WH,B0DQ4YWSMC,B0DQ4YWSMC,White Mulberry |120X60CM Table Top|Motorized Sit Stand Desk|Multi-Purpose Electric Height Adjustable Ergonomic Desk - Office Work study Table|3 Year Warranty|Digital screen Advance Memory Preset-White,322.0,8.0,0.0273,0.0231,410.0,9.0,0.026,0.0196,0.5113,1.0,3,0.0,0.0093,0.0,36439.83050847458,0.0,3.0,0.0,0,14,White_Mulberry,1388.83,60.0,35560.0,12712.71,1.0,SP_SD,0.1092473595323105,9.153539310066746,,1388.83,,,White Mulberry,Desk-Adjustable,Motorized,,,WM-MODL-WH,3
FBA76418,WM-LOD-IN,B0BFVNS8HS,B0BFVNS8HS,White Mulberry L-Shape Corner Desk |DIY Assembly| Monitor Raising Shelf | Engineered Wood & Sturdy Steel Leg|Perfect for Office Home Gaming Study Desk Computer Table|L(130+130)*45 * 77cm|Industrial,58.0,20.0,0.0049,0.0576,86.0,38.0,0.0055,0.0828,0.5455,1.0,0,0.0,0.0,0.0,0.0,0.0,0.0,0.0,0,14,White_Mulberry,0.0,0.0,0.0,0.0,0.0,,,,,,,,White Mulberry,Desk,L-Shaped Desk,,,WM-LOD-IN,0
FBK76764,WM-MH05P-CF,B0BMV1WPHL,B0BMV1WPHL,"White Mulberry Ergonomic Sit Stand Desk | Standing Desk for Office, Home & Study | Everyday Ergonomic Desk | 1200mm x 600mm | Carbon Fibre",0.0,0.0,0.0,0.0,0.0,0.0,0.0,0.0,0.0,0.0,0,0.0,0.0,0.0,0.0,0.0,0.0,0.0,0,14,White_Mulberry,0.0,0.0,0.0,0.0,0.0,,,,,,,,White Mulberry,Desk-Adjustable,Manual,,,WM-MH05P-CF,0
FBA79165,WM-USE06-WH,B0CPFPT6DZ,B0CPFPT6DZ,"White Mulberry Motorized Height Adjustable Desk with USB Charging,Drawer|Spacious Ergonomic Design|Preset Height Controller|Sit Stand Desk for Office,Home Study,Workstation Table|1200X600mm|White",52.0,2.0,0.0044,0.0058,60.0,2.0,0.0038,0.0044,0.2105,1.0,0,0.0,0.0,0.0,0.0,0.0,0.0,0.0,0,14,White_Mulberry,0.0,0.0,0.0,0.0,0.0,,,,,,,,White Mulberry,Desk-Adjustable,USB-Motorized,,,WM-USE06-WH,0
FBA79175,WM-LODN-BK,B0CPT2YJX2,B0CPT2YJX2,White Mulberry L-Shape Corner Desk with Shelf|DIY Assembly| Monitor Raising Shelf |Engineered Wood & Sturdy Steel Leg|Perfect for Computer Table Office Home Gaming Study Desk|L(130+130)*45*77cm|Black,138.0,7.0,0.0117,0.0202,152.0,7.0,0.0096,0.0153,0.3404,1.0,0,0.0,0.0,0.0,0.0,0.0,0.0,0.0,0,14,White_Mulberry,0.0,0.0,0.0,0.0,0.0,,,,,,,,White Mulberry,Desk,L-Shaped Desk,,,WM-LODN-BK,0
FBA79659,WM-MDL-BK,B0DQ1NV8D2,B0DQ1NV8D2,White Mulberry |120X60CM Table Top|Manual Sit Stand Desk|Multi-Purpose Manual Height Adjustable Ergonomic Desk - Office Work Study Table|3 Year Warranty| 80 Kg Weight Carrying Capacity - Black,174.0,11.0,0.0147,0.0317,208.0,11.0,0.0132,0.024,0.283,1.0,0,0.0,0.0,0.0,0.0,0.0,0.0,0.0,0,14,White_Mulberry,353.73,7.0,1135.0,0.0,0.0,SP_SD,,0.0,,,,,White Mulberry,Desk-Adjustable,Manual,,,WM-MDL-BK,0
FBA79658,WM-MDL-WH,B0DQ1PKNSP,B0DQ1PKNSP,White Mulberry |120X60CM Table Top|Manual Sit Stand Desk|Multi-Purpose Manual Height Adjustable Ergonomic Desk - Office Work Study Table|3 Year Warranty| 80 Kg Weight Carrying Capacity - White,150.0,14.0,0.0127,0.0403,205.0,21.0,0.013,0.0458,0.5322,1.0,0,0.0,0.0,0.0,0.0,0.0,0.0,0.0,0,14,White_Mulberry,538.63,24.0,7856.0,0.0,0.0,SP_SD,,0.0,,,,,White Mulberry,Desk-Adjustable,Manual,,,WM-MDL-WH,0
FBA79789,TVMF1ML,B0FN4DSQ6P,B0FN4DSQ6P,"White Mulberry Premium Economy Fixed TV Wall Mount Bracket for 32-65 Inches |45kg| LED/LCD/OLED/Smart & Curved TV's, VESA 50x50, 400x400 MAX, Slim Wall Stand",576.0,40.0,0.0051,0.0175,938.0,59.0,0.0064,0.0192,0.9988,1.0,54,4.0,0.0938,0.1,25100.0,2316.0,52.0,3.0,0,14,White_Mulberry,1963.51,163.0,21974.0,9092.39,19.0,SP_SD,0.2159509215948722,4.630681789244771,,103.34263157894736,,,White Mulberry,Monitor Arm,TV Wall Mount,,,TVMF1ML,54
FBA79788,TVCT1ML,B0FN4D3C89,B0FN4D3C89,"White Mulberry Economy Fixed TV Wall Mount Bracket for 13-43 Inches |45kg|LED/LCD/Smart TV's, Universal VESA Compatible 75x75,200x200 mm MAX Slim Wall Mount Stand",598.0,23.0,0.0053,0.0101,866.0,28.0,0.0059,0.0091,0.9987,1.0,38,3.0,0.0635,0.1304,13536.440677966102,1291.0,38.0,3.0,0,14,White_Mulberry,4393.28,305.0,36066.0,12321.17,28.0,SP_SD,0.3565635406377803,2.804549220627868,,156.90285714285713,,,White Mulberry,Monitor Arm,TV Wall Mount,,,TVCT1ML,38
FBA79615,VLMS1ML,B0DP2Z5DQ9,B0DP2Z5DQ9,"White Mulberry 10-Step Height Adjustable Single Screen Monitor Stand for 17-32 Inch Monitor, 8 kg Load, VESA 75x75/100x100, DIY Installation (Black)",439.0,43.0,0.0039,0.0188,653.0,69.0,0.0045,0.0225,1.0,1.0,21,2.0,0.0478,0.0465,45068.64406779661,5598.0,21.0,2.0,0,14,White_Mulberry,3449.09,268.0,22811.0,23042.36,11.0,SP_SD,0.1496847545129926,6.680707085057218,,313.5536363636364,,,White Mulberry,Monitor Arm,Monitor Arm,,,VLMS1ML,21
FBA79787,TVCF1ML,B0FN4GQ9HT,B0FN4GQ9HT,"White Mulberry Tilt TV Wall Mount Bracket for 13–43 Inch Flat Screen TVs, Low Profile Slim Design, Heavy-Duty Steel, VESA 75x75 to 200x200, Supports up to 99 lbs (45kg), Built-in Bubble Level",399.0,25.0,0.0035,0.0109,557.0,31.0,0.0038,0.0101,0.996,0.9545,20,1.0,0.0501,0.04,12406.77966101695,729.0,19.0,1.0,0,14,White_Mulberry,1591.68,181.0,29911.0,7416.12,13.0,SP_SD,0.2146243588291451,4.6593033775633295,,122.43692307692308,,,White Mulberry,Monitor Arm,TV Wall Mount,,,TVCF1ML,20
FBA79786,POSS-01,B0FN4FPJ83,B0FN4FPJ83,"White Mulberry POS Machine Stand Universal Credit Card Machine Stand – 360° Swivel & +45°/-45° Tilt |Fits 2.8""-4.3"" Devices, 6.5"" Panel Size| Heavy-Duty Steel & Bolt-Down Mount with Cable Management",102.0,13.0,0.0009,0.0057,136.0,18.0,0.0009,0.0059,1.0,1.0,8,1.0,0.0784,0.0769,11943.220338983052,2099.0,7.0,1.0,0,14,White_Mulberry,548.39,28.0,1059.0,3472.87,3.0,SP_SD,0.1579068608960312,6.33284706139791,,182.79666666666665,,,White Mulberry,Monitor Arm,POS Stand,,,POSS-01,8
FBA79476,WM-GS1M-BK,B0DB5VG39T,B0DB5VG39T,White Mulberry |DIY| Economical Gas Spring Monitor Arm | Desk Mounted Monitor Stand for 15-32 Inch Monitors |9Kg Screen Capacity|VESA 75X75&100X100| Adjustable Metal Desk Monitor Mount-(Single Screen),1377.0,63.0,0.0122,0.0276,1834.0,75.0,0.0126,0.0244,0.0191,0.0,3,0.0,0.0022,0.0,4744.067796610169,0.0,3.0,0.0,0,14,White_Mulberry,8328.64,483.0,78797.0,32494.88,14.0,SP_SD,0.256306224242096,3.901582971529566,,594.9028571428571,,,White Mulberry,Monitor Arm,Monitor Arm,,,WM-GS1M-BK,3
FBA79477,WM-GS2M-BK,B0DB5VVPSB,B0DB5VVPSB,White Mulberry |DIY| Economical Gas Spring Monitor Arm | Desk Mounted Monitor Stand for 15-32 Inch Monitors |9Kg Screen Capacity| VESA 75X75&100X100 | Adjustable Metal Desk Monitor Mount-(Dual Screen),476.0,34.0,0.0042,0.0149,612.0,42.0,0.0042,0.0137,0.6045,0.5,3,0.0,0.0063,0.0,12344.915254237289,0.0,3.0,0.0,0,14,White_Mulberry,3781.29,272.0,43540.0,15733.059999999998,5.0,SP_SD,0.2403404042188869,4.16076524149166,,756.258,,,White Mulberry,Monitor Arm,Monitor Arm,,,WM-GS2M-BK,3
FBA79479,WM-HA2M-BK,B0DB5YTQZV,B0DB5YTQZV,White Mulberry |DIY| Height Adjustable Monitor Arm | Desk Mounted Monitor Stand for 17-32 Inch Monitor | 10Kg Screen Load | VESA 75X75 & 100X100 | Adjustable Metal Desk Mount - (Dual Screen),751.0,47.0,0.0067,0.0206,1053.0,70.0,0.0072,0.0228,0.1043,0.0286,3,0.0,0.004,0.0,5294.067796610169,0.0,3.0,0.0,0,14,White_Mulberry,12775.4,480.0,25642.0,31808.43,19.0,SP_SD,0.4016356670228615,2.489818714091144,,672.3894736842105,,,White Mulberry,Monitor Arm,Monitor Arm,,,WM-HA2M-BK,3
FBA79791,TVFM1ML,B0FN4HDM6Z,B0FN4HDM6Z,"White Mulberry Premium Full Motion TV Wall Mount Bracket for 23-65Inch |35kg| LED/LCD/OLED/Smart & Curved TV’s, Universal Heavy Duty Wall Mount Stand with Swivel, Tilt",349.0,24.0,0.0031,0.0105,427.0,29.0,0.0029,0.0095,0.9974,1.0,3,0.0,0.0086,0.0,5336.440677966102,0.0,3.0,0.0,0,14,White_Mulberry,1551.8,87.0,10608.0,3557.62,2.0,SP_SD,0.4361904868985445,2.292576362933368,,775.9,,,White Mulberry,Monitor Arm,TV Wall Mount,,,TVFM1ML,3
FBA79478,WM-HA1M-BK,B0DB5W4TCP,B0DB5W4TCP,White Mulberry |DIY| Height Adjustable Monitor Arm | Desk Mounted Stand for 15-32 Inch Monitor | 10Kg Screen Load | VESA 75X75 & 100X100 | Adjustable Metal Desk Monitor Mount - (Single Screen),349.0,20.0,0.0031,0.0087,441.0,27.0,0.003,0.0088,0.2835,0.0,1,0.0,0.0029,0.0,1422.8813559322034,0.0,1.0,0.0,0,14,White_Mulberry,2085.15,145.0,19726.0,2888.05,2.0,SP_SD,0.7219923477779124,1.3850562309665972,,1042.575,,,White Mulberry,Monitor Arm,Monitor Arm,,,WM-HA1M-BK,1
FBA79612,WM1ML,B0DP2WC5VW,B0DP2WC5VW,White Mulberry |DIY| Wall Mounted Monitor Stand Mount | Supports 15-32 Inch Screens| 9 Kg Screen Load | VESA 75X75 & 100X100 | Spring Assisted Wall Mounted Monitor Mount | Black - (Single Screen),1779.0,103.0,0.0158,0.0451,2506.0,144.0,0.0172,0.0469,0.029,0.0,0,0.0,0.0,0.0,0.0,0.0,0.0,0.0,0,14,White_Mulberry,16455.81,1065.0,69798.0,72246.7,32.0,SP_SD,0.2277724795734615,4.390346023684035,,514.2440625,,,White Mulberry,Monitor Arm,Monitor Arm,,,WM1ML,0
FBA79617,HDWF1ML,B0DP32F346,B0DP32F346,White Mulberry |DIY| Woodcraft - Premium Wooden Arm | Desk Mounted Monitor arm 15-32 Inch Monitor|9Kg Screen Capacity|Spring Assisted Premium Wooden Metal Desk Mount-(Single Screen),419.0,35.0,0.0037,0.0153,514.0,44.0,0.0035,0.0143,0.0108,0.0,0,0.0,0.0,0.0,0.0,0.0,0.0,0.0,0,14,White_Mulberry,1012.73,56.0,14323.0,2626.27,1.0,SP_SD,0.3856153403876981,2.593257827851451,,1012.73,,,White Mulberry,Monitor Arm,Monitor Arm,,,HDWF1ML,0
FBA79790,TVLF1ML,B0FHVWHQHR,B0FHVWHQHR,"White Mulberry Fixed TV Wall Mount Bracket for 37–86 Inch LED, LCD & Curved TVs | Heavy Duty Steel Frame, 45kg Max Load, VESA 50x50 to 600x400mm Max, Built-in Bubble Level, 1 Year Warranty",16.0,1.0,0.0001,0.0004,19.0,1.0,0.0001,0.0003,1.0,0.0,0,0.0,0.0,0.0,0.0,0.0,0.0,0.0,0,14,White_Mulberry,119.3,7.0,818.0,0.0,0.0,SP_SD,,0.0,,,,,White Mulberry,Monitor Arm,TV Wall Mount,,,TVLF1ML,0
FBA79785,POS2MK,B0FN4HDBN5,B0FN4HDBN5,"White Mulberry Single Screen POS Machine Stand w/Keyboard Tray, Card Reader, Printer, Barcode Scanner Holder| Fits 17""-32"" Monitors (9kg), VESA 75x75/100x100| Height Adjustable Pole, Cable Management",23.0,7.0,0.0002,0.0031,26.0,9.0,0.0002,0.0029,0.913,0.6,0,0.0,0.0,0.0,0.0,0.0,0.0,0.0,0,14,White_Mulberry,58.760000000000005,3.0,498.0,0.0,0.0,SP_SD,,0.0,,,,,White Mulberry,Monitor Arm,POS Stand,,,POS2MK,0
FBA79793,HDGS1ML,B0FN81FD8M,B0FN81FD8M,"White Mulberry Premium Heavy-Duty Gas Spring Monitor Arm for 24-57Inch Flat & Curved Screens| Height Adjustable |27Kg|VESA 75x75, 200x200mm Single Screen Mount with Swivel, Tilt, Rotation",30.0,2.0,0.0003,0.0009,36.0,2.0,0.0002,0.0007,1.0,1.0,0,0.0,0.0,0.0,0.0,0.0,0.0,0.0,0,14,White_Mulberry,0.0,0.0,0.0,0.0,0.0,,,,,,,,White Mulberry,Monitor Arm,Monitor Arm,,,HDGS1ML,0
FBA79612,WM1ML,B0DP2WC5VW,B0DP2WC5VW,White Mulberry |DIY| Wall Mounted Monitor Stand Mount | Supports 15-32 Inch Screens| 9 Kg Screen Load | VESA 75X75 & 100X100 | Spring Assisted Wall Mounted Monitor Mount | Black - (Single Screen),0.0,,,,,,,,,,52,,,,127397.56,,,,0,14,White_Mulberry,16455.81,1065.0,69798.0,72246.7,32.0,SP_SD,0.2277724795734615,4.390346023684035,,514.2440625,,,White Mulberry,Monitor Arm,Monitor Arm,,,WM1ML,52
FBA79476,WM-GS1M-BK,B0DB5VG39T,B0DB5VG39T,White Mulberry |DIY| Economical Gas Spring Monitor Arm | Desk Mounted Monitor Stand for 15-32 Inch Monitors |9Kg Screen Capacity|VESA 75X75&100X100| Adjustable Metal Desk Monitor Mount-(Single Screen),0.0,,,,,,,,,,20,,,,46054.16,,,,0,14,White_Mulberry,8328.64,483.0,78797.0,32494.88,14.0,SP_SD,0.256306224242096,3.901582971529566,,594.9028571428571,,,White Mulberry,Monitor Arm,Monitor Arm,,,WM-GS1M-BK,20
FBA79479,WM-HA2M-BK,B0DB5YTQZV,B0DB5YTQZV,White Mulberry |DIY| Height Adjustable Monitor Arm | Desk Mounted Monitor Stand for 17-32 Inch Monitor | 10Kg Screen Load | VESA 75X75 & 100X100 | Adjustable Metal Desk Mount - (Dual Screen),0.0,,,,,,,,,,21,,,,35575.37,,,,0,14,White_Mulberry,12775.4,480.0,25642.0,31808.43,19.0,SP_SD,0.4016356670228615,2.489818714091144,,672.3894736842105,,,White Mulberry,Monitor Arm,Monitor Arm,,,WM-HA2M-BK,21
FBA79478,WM-HA1M-BK,B0DB5W4TCP,B0DB5W4TCP,White Mulberry |DIY| Height Adjustable Monitor Arm | Desk Mounted Stand for 15-32 Inch Monitor | 10Kg Screen Load | VESA 75X75 & 100X100 | Adjustable Metal Desk Monitor Mount - (Single Screen),0.0,,,,,,,,,,10,,,,13855.83,,,,0,14,White_Mulberry,2085.15,145.0,19726.0,2888.05,2.0,SP_SD,0.7219923477779124,1.3850562309665972,,1042.575,,,White Mulberry,Monitor Arm,Monitor Arm,,,WM-HA1M-BK,10
FBA79617,HDWF1ML,B0DP32F346,B0DP32F346,White Mulberry |DIY| Woodcraft - Premium Wooden Arm | Desk Mounted Monitor arm 15-32 Inch Monitor|9Kg Screen Capacity|Spring Assisted Premium Wooden Metal Desk Mount-(Single Screen),0.0,,,,,,,,,,4,,,,10505.1,,,,0,14,White_Mulberry,1012.73,56.0,14323.0,2626.27,1.0,SP_SD,0.3856153403876981,2.593257827851451,,1012.73,,,White Mulberry,Monitor Arm,Monitor Arm,,,HDWF1ML,4
FBA79616,HD1ML,B0DP3194QN,B0DP3194QN,White Mulberry |DIY| Heavy-Duty Mechanical Spring Monitor Arm | Desk Mounted Monitor Stand for 17-45 Inch Monitor |16Kg Screen Capacity|VESA 75X75&100X100|Adjustable Desk Mount-(Single Screen),0.0,,,,,,,,,,1,,,,2965.25,,,,0,14,White_Mulberry,426.88,18.0,4292.0,2965.25,1.0,SP_SD,0.143960880195599,6.946331521739131,,426.88,,,White Mulberry,Monitor Arm,Monitor Arm,,,HD1ML,1
FBA79613,MS1ML,B0DP2VVRND,B0DP2VVRND,White Mulberry |DIY| Height Adjustable Monitor Stand Mount | Supports 17-32 Inch Screens| 10 Kg Screen Load | VESA 75X75 & 100X100 | Freestanding Monitor Mount | Black - (Single Screen),0.0,,,,,,,,,,1,,,,1694.07,,,,0,14,White_Mulberry,0.0,0.0,0.0,0.0,0.0,SP_SD,,,,,,,White Mulberry,Monitor Arm,Monitor Arm,,,MS1ML,1
FBA77101,TC-777,B07WLWN2ZT,B07WLWN2ZT,"TONOR USB Gaming Microphone, Computer Condenser PC Mic with Tripod Stand & Pop for Streaming, Podcasting, Vocal Recording, Compatible with iMac PC Laptop Desktop Windows Computer, TC-777",158.0,4.0,0.001,0.0013,258.0,4.0,0.0012,0.001,0.3103,0.0,1,0.0,0.0063,0.0,1609.322033898305,0.0,1.0,0.0,0,11,Tonor,1391.88,182.0,17220.0,10079.65,6.0,SP_SD,0.1380881280600021,7.241752162542747,,231.98,,,Tonor,Condenser Microphone,Tripod,,,TC-777,1
FBA77111,TC30,B08CVP2HXP,B08CVP2HXP,"TONOR USB Microphone, Condenser Computer PC Mic with Tripod Stand, Metal,Pop Filter, Shock Mount for Gaming,Streaming,Podcasting,YouTube, Voice Over,Skype, Twitch,Compatible with Laptop Desktop, TC30",361.0,6.0,0.0022,0.002,490.0,8.0,0.0022,0.0019,0.0067,0.0,0,0.0,0.0,0.0,0.0,0.0,0.0,0.0,0,11,Tonor,557.08,42.0,2863.0,0.0,0.0,SP_SD,,0.0,,,,,Tonor,Condenser Microphone,Tripod,,,TC30,0
FBA77113,K1,B01ISNU3X4,B01ISNU3X4,"TONOR Dynamic Karaoke Microphone for Singing with 4.5m XLR Cable, Metal Handheld Mic Compatible with Karaoke Machine/Speaker/Amp/Mixer for Karaoke Singing, Speech, Wedding, Stage and Outdoor Activity",241.0,4.0,0.0016,0.0014,322.0,7.0,0.0016,0.0018,0.3966,0.0,2,0.0,0.0083,0.0,3133.898305084746,0.0,2.0,0.0,0,11,Tonor,418.89,39.0,7422.0,0.0,0.0,SP_SD,,0.0,,,,,Tonor,Dynamic Microphone,Hand held Mic,,,K1,2
FBA77106,T20,B082W4B7SX,B082W4B7SX,"TONOR Microphone Arm Stand, TONOR Adjustable Suspension Boom Scissor Mic Stand with Pop , 3/8"" to 5/8"" Adapter, Mic Clip, Upgraded Heavy Duty Clamp for Blue Yeti Nano Snowball Ice and Other Mics(T20)",49.0,1.0,0.0003,0.0004,73.0,1.0,0.0004,0.0003,0.2188,0.0,2,0.0,0.0408,0.0,4150.847457627119,0.0,2.0,0.0,0,11,Tonor,345.93,21.0,7038.0,6226.26,4.0,SP_SD,0.0555598384905224,17.998612436041974,,86.4825,,,Tonor,Accessories,Boom Arm Kit,,,T20,2
FBA79113,TC310,B0BTCXQQ6M,B0BTCXQQ6M,"TONOR Gaming Mic, USB Microphone for PC Computer, Cardioid Condenser Mic with Adjustable RGB Modes & Brightness, Quick Mute, Gain Control, for Streaming, Podcasting, Recording, PS4/5 Desktop TC310",155.0,5.0,0.001,0.0018,229.0,9.0,0.0011,0.0023,1.0,1.0,1,0.0,0.0065,0.0,2117.7966101694915,0.0,1.0,0.0,0,11,Tonor,389.59,25.0,3960.0,0.0,0.0,SP_SD,,0.0,,,,,Tonor,Condenser Microphone,Tripod - RGB,,,TC310,1
FBA77117,S20,B078WNW4YW,B078WNW4YW,"TONOR Wireless Microphone Isolation Shield, Mic Sound Absorbing Foam Reflector for Any Condenser Recording Equipment Studio (Black)",146.0,2.0,0.001,0.0007,185.0,4.0,0.0009,0.001,0.0178,0.0,0,0.0,0.0,0.0,0.0,0.0,0.0,0.0,0,11,Tonor,378.32,37.0,2178.0,0.0,0.0,SP_SD,,0.0,,,,,Tonor,Accessories,Microphone Isolation Shield,,,S20,0
FBA79260,G11,B07GVGMW59,B07GVGMW59,"TONOR G11 Conference USB Microphone, Omnidirectional Condenser PC Mic for Video Conference, Recording, Skype, Online Class, Court Reporter, Plug & Play Compatible with Mac OS X Windows PC Computer",3.0,0.0,0.0,0.0,3.0,0.0,0.0,0.0,0.6667,0.0,0,0.0,0.0,0.0,0.0,0.0,0.0,0.0,0,11,Tonor,81.01,3.0,1991.0,0.0,0.0,SP_SD,,0.0,,,,,Tonor,Conference Microphone,Wired,,,G11,0
FBA77101,TC-777,B07WLWN2ZT,B07WLWN2ZT,"TONOR USB Gaming Microphone, Computer Condenser PC Mic with Tripod Stand & Pop for Streaming, Podcasting, Vocal Recording, Compatible with iMac PC Laptop Desktop Windows Computer, TC-777",393.0,8.0,0.0026,0.0028,566.0,8.0,0.0028,0.002,0.0961,0.2,0,0.0,0.0,0.0,0.0,0.0,0.0,0.0,0,11,Tonor,1391.88,182.0,17220.0,10079.65,6.0,SP_SD,0.1380881280600021,7.241752162542747,,231.98,,,Tonor,Condenser Microphone,Tripod,,,TC-777,0
FBA77111,TC30,B08CVP2HXP,B08CVP2HXP,"TONOR USB Microphone, Condenser Computer PC Mic with Tripod Stand, Metal,Pop Filter, Shock Mount for Gaming,Streaming,Podcasting,YouTube, Voice Over,Skype, Twitch,Compatible with Laptop Desktop, TC30",361.0,6.0,0.0024,0.0021,490.0,8.0,0.0024,0.002,0.0133,0.0,0,0.0,0.0,0.0,0.0,0.0,0.0,0.0,0,11,Tonor,557.08,42.0,2863.0,0.0,0.0,SP_SD,,0.0,,,,,Tonor,Condenser Microphone,Tripod,,,TC30,0
FBA77110,TM20,B08NDB5NWP,B08NDB5NWP,"TONOR USB Conference Microphone, 360 Omnidirectional PC Computer Condenser Mic with Mute Button for Online Meeting/Class, Zoom Call, Skype Chatting, Plug & Play (TM20,Red)",109.0,8.0,0.0007,0.0028,136.0,10.0,0.0007,0.0025,0.6929,0.5,0,0.0,0.0,0.0,0.0,0.0,0.0,0.0,0,11,Tonor,244.97,28.0,4175.0,0.0,0.0,SP_SD,,0.0,,,,,UNKNOWN,,,,,TM20,0
FBA77115,TC40,B08V1JS3NY,B08V1JS3NY,"TONOR USB Microphone Kit, Streaming Podcast PC Cardioid Condenser Computer Mic for Gaming, YouTube Video, Recording Music, Voice Over, Studio Mic Bundle with Adjustment Arm Stand(TC40)",30.0,1.0,0.0002,0.0004,59.0,1.0,0.0003,0.0003,0.0,0.0,0,0.0,0.0,0.0,0.0,0.0,0.0,0.0,0,11,Tonor,17.04,4.0,2215.0,0.0,0.0,SP_SD,,0.0,,,,,Tonor,Condenser Microphone,Boom Arm Kit - USB,,,TC40,0
FBA77103,ORCA001,B09Z5Q194D,B09Z5Q194D,"TONOR USB Microphone Computer Gaming Condenser Mic, Noise-Canceling Zero Latency Monitoring for Podcast/Recording/Livestreaming/Teleconferencing on PC/Mac/Android Device, Plug and Play, ORCA001",14.0,0.0,0.0001,0.0,18.0,0.0,0.0001,0.0,0.1111,0.0,0,0.0,0.0,0.0,0.0,0.0,0.0,0.0,0,11,Tonor,23.95,2.0,640.0,0.0,0.0,SP_SD,,0.0,,,,,Tonor,Condenser Microphone,Stand,,,ORCA001,0
FBA79574,TC30S,B0B4WTHLX5,B0B4WTHLX5,"TONOR RGB USB Microphone, Cardioid Condenser Computer PC Mic with Tripod Stand, Pop Filter, Shock Mount for Gaming, Streaming, Podcasting, YouTube, Twitch, Compatible with Laptop Desktop,TC30 with RGB",79.0,0.0,0.0005,0.0,108.0,0.0,0.0005,0.0,0.0,0.0,0,0.0,0.0,0.0,0.0,0.0,0.0,0.0,0,11,Tonor,633.03,57.0,11013.0,0.0,0.0,SP_SD,,0.0,,,,,Tonor,Condenser Microphone,Tripod+RGB,,,TC30S,0
FBA77116,TC40S,B0BBL47VR5,B0BBL47VR5,"TONOR RGB USB Gaming Microphone Kit, Podcast Microphone for PC, One-tap Mute for Streaming, Cardioid Condenser Microphone for PS4/5 Gamer Youtuber, Studio Mic Bundle with Adjustment Arm Stand",11.0,0.0,0.0001,0.0,12.0,0.0,0.0001,0.0,0.0,0.0,0,0.0,0.0,0.0,0.0,0.0,0.0,0.0,0,11,Tonor,13.82,4.0,1591.0,0.0,0.0,SP_SD,,0.0,,,,,Tonor,Condenser Microphone,Boom Arm Kit - USB - RGB,,,TC40S,0
FBA79576,TC30S+,B0BRCR2QQ7,B0BRCR2QQ7,"TONOR USB Gaming Microphone, RGB Streaming Microfono Set, PC Podcast Recording Computer Mic for PS4/5, Discord, Twitch, Cardioid Condenser Mic with Adjustable Boom Arm Stand TC30S+",13.0,0.0,0.0001,0.0,22.0,0.0,0.0001,0.0,0.1,0.0,0,0.0,0.0,0.0,0.0,0.0,0.0,0.0,0,11,Tonor,4.59,3.0,229.0,0.0,0.0,SP_SD,,0.0,,,,,Tonor,Condenser Microphone,Boom Arm Kit + RGB,,,TC30S+,0
FBA79112,T90,B0BRKDLXCD,B0BRKDLXCD,"RGB Boom Arm, TONOR Adjustable Mic Stand with RGB Light for HyperX QuadCast/Blue Yeti/Shure SM7B/Rode NT1, Rotatable Suspension Boom Scissor Stand for Gaming Streaming Podcasting YouTube Recording T90",7.0,0.0,0.0,0.0,11.0,0.0,0.0001,0.0,1.0,0.0,0,0.0,0.0,0.0,0.0,0.0,0.0,0.0,0,11,Tonor,122.43,9.0,1484.0,3473.73,1.0,SP_SD,0.0352445354129422,28.37319284489096,,122.43,,,Tonor,Accessories,Boom Arm - RGB,,,T90,0
FBA79111,TD510,B0BRKFP94K,B0BRKFP94K,"TONOR TD510 Dynamic Microphone, USB/XLR PC Microphone for Podcast, Recording, Live Streaming & Gaming, XLR Cardioid Studio Mic Music Voice-Over with Quick Mute, Headphone Output, Volume Control",192.0,6.0,0.0013,0.0021,291.0,8.0,0.0014,0.002,0.0041,0.0,0,0.0,0.0,0.0,0.0,0.0,0.0,0.0,0,11,Tonor,420.59,77.0,10876.0,3388.98,1.0,SP_SD,0.1241051879916671,8.057680876863454,,420.59,,,Tonor,Dynamic Microphone,USB/XLR Mic,,,TD510,0
FBA79116,TC-777 PRO,B0BYHHSLPC,B0BYHHSLPC,"TONOR TC777 Pro Gaming USB Microphone for PC, RGB Condenser Computer Mic with Tripod Stand, Quick Mute, Gain Control, for Gaming, Streaming, Podcasting, Recording, Cardioid Mic Kit for Laptop/PS4/PS5",580.0,3.0,0.0038,0.0011,912.0,5.0,0.0045,0.0013,0.0403,0.0,0,0.0,0.0,0.0,0.0,0.0,0.0,0.0,0,11,Tonor,2510.68,373.0,35191.0,11349.99,7.0,SP_SD,0.2212054812383094,4.52068363949209,,358.6685714285714,,,Tonor,Condenser Microphone,Tripod - RGB,,,TC-777 PRO,0
FBA79114,TC310+,B0CCV74CL7,B0CCV74CL7,"TONOR TC310+ RGB Condenser Mic with Boom Arm Quick Mute, RGB Lighting, Pop Filter, Shock Mount,Gaming USB Microphone Set for PC Gain Control for Streaming Podcasting Recording Discord Twitch YouTube",105.0,3.0,0.0007,0.0011,134.0,13.0,0.0007,0.0033,0.0242,0.0,0,0.0,0.0,0.0,0.0,0.0,0.0,0.0,0,11,Tonor,37.1,5.0,767.0,0.0,0.0,SP_SD,,0.0,,,,,Tonor,Condenser Microphone,Boom Arm Kit - USB - RGB,,,TC310+,0
FBA79586,TRL-20,B0CH9JR3HL,B0CH9JR3HL,"TONOR Top Ring Light Kit, 10 Inch Ring Light with Heavy Duty Bracket Arm and Phone Holder for Video Recording, Live Streaming, Drawing, Nail Makeup",2.0,0.0,0.0,0.0,4.0,0.0,0.0,0.0,1.0,0.0,0,0.0,0.0,0.0,0.0,0.0,0.0,0.0,0,11,Tonor,0.0,0.0,0.0,0.0,0.0,,,,,,,,Tonor,Accessories,Ring Light,,,TRL-20,0
FBA79696,TD310+,B0CQX3VB1R,B0CQX3VB1R,"TONOR Dynamic USB/Type-C Microphone for PC, RGB Podcast Computer Gaming Microphone with Arm Stand for Recording, Live, Streaming, YouTube, Vocals, Studio, Karaoke Microphone, Quick Mute Button, Black",37.0,1.0,0.0002,0.0004,62.0,2.0,0.0003,0.0005,0.0,0.0,0,0.0,0.0,0.0,0.0,0.0,0.0,0.0,0,11,Tonor,3789.56,211.0,54887.0,10037.3,6.0,SP_SD,0.3775477469040479,2.6486716135910235,,631.5933333333334,,,Tonor,Dynamic Microphone,Hand held Mic + Boom Arm,,,TD310+,0
FBA79697,TD310,B0CQX4K9P5,B0CQX4K9P5,"TONOR USB Dynamic Microphone for Podcast Gaming Mic with RGB for Recording, Live Streaming, YouTube, Singing, Studio, Tiktok Microfono with Quick Mute& Stand Compatible with PC/Cellphone TypeC",12.0,1.0,0.0001,0.0004,19.0,1.0,0.0001,0.0003,0.3889,1.0,0,0.0,0.0,0.0,0.0,0.0,0.0,0.0,0,11,Tonor,52.76,5.0,1634.0,0.0,0.0,SP_SD,,0.0,,,,,UNKNOWN,,,,,TD310,0
FBA79577,TM310,B0CSCT63BL,B0CSCT63BL,"TONOR TM310 USB Conference Microphone for Laptop, Adjustable Computer PC Mic with Mute Button & LED Indicator for Video Call Meeting, Mic for Desktop Zoom Skype YouTube, Plug-Play for MacOS Windows",107.0,6.0,0.0007,0.0021,146.0,10.0,0.0007,0.0025,0.0154,0.0,0,0.0,0.0,0.0,0.0,0.0,0.0,0.0,0,11,Tonor,260.6,24.0,2945.0,0.0,0.0,SP_SD,,0.0,,,,,Tonor,Conference Microphone,Wired,,,TM310,0
FBA79260,G11,B0DTYHXMRQ,B0DTYHXMRQ,"TONOR TM20, G11 & TM310 PC Microphone Variation",1.0,0.0,0.0,0.0,1.0,0.0,0.0,0.0,0.0,0.0,0,0.0,0.0,0.0,0.0,0.0,0.0,0.0,0,11,Tonor,0.0,0.0,0.0,0.0,0.0,,,,,,,,UNKNOWN,,,,,G11,0
FBA79116,TC-777 PRO,B0BYHHSLPC,B0BYHHSLPC,,0.0,,,,,,,,,,11,,,,17702.52,,,,0,11,Tonor,2510.68,373.0,35191.0,11349.99,7.0,SP_SD,0.2212054812383094,4.52068363949209,,358.6685714285714,,,Tonor,Condenser Microphone,Tripod - RGB,,,TC-777 PRO,11
FBA79696,TD310+,B0CQX3VB1R,B0CQX3VB1R,,0.0,,,,,,,,,,9,,,,15246.59,,,,0,11,Tonor,3789.56,211.0,54887.0,10037.3,6.0,SP_SD,0.3775477469040479,2.6486716135910235,,631.5933333333334,,,Tonor,Dynamic Microphone,Hand held Mic + Boom Arm,,,TD310+,9
FBA77101,TC-777,B07WLWN2ZT,B07WLWN2ZT,,0.0,,,,,,,,,,5,,,,8470.34,,,,0,11,Tonor,1391.88,182.0,17220.0,10079.65,6.0,SP_SD,0.1380881280600021,7.241752162542747,,231.98,,,Tonor,Condenser Microphone,Tripod,,,TC-777,5
FBA77117,S20,B078WNW4YW,B078WNW4YW,,0.0,,,,,,,,,,3,,,,6607.62,,,,0,11,Tonor,378.32,37.0,2178.0,0.0,0.0,SP_SD,,0.0,,,,,Tonor,Accessories,Microphone Isolation Shield,,,S20,3
FBA79114,TC310+,B0CCV74CL7,B0CCV74CL7,,0.0,,,,,,,,,,2,,,,5083.05,,,,0,11,Tonor,37.1,5.0,767.0,0.0,0.0,SP_SD,,0.0,,,,,Tonor,Condenser Microphone,Boom Arm Kit - USB - RGB,,,TC310+,2
FBA77106,T20,B082W4B7SX,B082W4B7SX,,0.0,,,,,,,,,,2,,,,4150.84,,,,0,11,Tonor,345.93,21.0,7038.0,6226.26,4.0,SP_SD,0.0555598384905224,17.998612436041974,,86.4825,,,Tonor,Accessories,Boom Arm Kit,,,T20,2
FBA77114,TC-2030,B07TSN2H9D,B07TSN2H9D,,0.0,,,,,,,,,,1,,,,3558.47,,,,0,11,Tonor,1.59,1.0,434.0,0.0,0.0,SP_SD,,0.0,,,,,UNKNOWN,,,,,TC-2030,1
FBA79111,TD510,B0BRKFP94K,B0BRKFP94K,,0.0,,,,,,,,,,1,,,,3388.98,,,,0,11,Tonor,420.59,77.0,10876.0,3388.98,1.0,SP_SD,0.1241051879916671,8.057680876863454,,420.59,,,Tonor,Dynamic Microphone,USB/XLR Mic,,,TD510,1
FBA77113,K1,B01ISNU3X4,B01ISNU3X4,,0.0,,,,,,,,,,2,,,,3133.9,,,,0,11,Tonor,418.89,39.0,7422.0,0.0,0.0,SP_SD,,0.0,,,,,Tonor,Dynamic Microphone,Hand held Mic,,,K1,2
FBA77115,TC40,B08V1JS3NY,B08V1JS3NY,,0.0,,,,,,,,,,1,,,,2795.76,,,,0,11,Tonor,17.04,4.0,2215.0,0.0,0.0,SP_SD,,0.0,,,,,Tonor,Condenser Microphone,Boom Arm Kit - USB,,,TC40,1
FBA77110,TM20,B08NDB5NWP,B08NDB5NWP,,0.0,,,,,,,,,,1,,,,2541.53,,,,0,11,Tonor,244.97,28.0,4175.0,0.0,0.0,SP_SD,,0.0,,,,,UNKNOWN,,,,,TM20,1
FBA79575,TC30+,B0BG8CJXHH,B0BG8CJXHH,,0.0,,,,,,,,,,1,,,,2372.03,,,,0,11,Tonor,0.0,0.0,0.0,0.0,0.0,,,,,,,,Tonor,Condenser Microphone,Boom Arm Kit,,,TC30+,1
FBA77111,TC30,B08CVP2HXP,B08CVP2HXP,,0.0,,,,,,,,,,1,,,,1863.56,,,,0,11,Tonor,557.08,42.0,2863.0,0.0,0.0,SP_SD,,0.0,,,,,Tonor,Condenser Microphone,Tripod,,,TC30,1
FBA79576,TC30S+,B0BRCR2QQ7,B0BRCR2QQ7,,0.0,,,,,,,,,,0,,,,0.0,,,,0,11,Tonor,4.59,3.0,229.0,0.0,0.0,SP_SD,,0.0,,,,,Tonor,Condenser Microphone,Boom Arm Kit + RGB,,,TC30S+,0
FBA79577,TM310,B0CSCT63BL,B0CSCT63BL,,0.0,,,,,,,,,,0,,,,0.0,,,,0,11,Tonor,260.6,24.0,2945.0,0.0,0.0,SP_SD,,0.0,,,,,Tonor,Conference Microphone,Wired,,,TM310,0
FBA77111,TC30,B08CVP2HXP,B08CVP2HXP,"TONOR USB Microphone, Condenser Computer PC Mic with Tripod Stand, Metal,Pop Filter, Shock Mount for Gaming,Streaming,Podcasting,YouTube, Voice Over,Skype, Twitch,Compatible with Laptop Desktop, TC30",465.0,14.0,0.0032,0.005,625.0,18.0,0.0032,0.0046,0.0072,0.1,0,0.0,0.0,0.0,0.0,0.0,0.0,0.0,0,12,Tonor,653.94,67.0,6741.0,1863.56,1.0,SP_SD,0.3509090128571122,2.849741566504572,,653.94,,,Tonor,Condenser Microphone,Tripod,,,TC30,0
FBA77113,K1,B01ISNU3X4,B01ISNU3X4,"TONOR Dynamic Karaoke Microphone for Singing with 4.5m XLR Cable, Metal Handheld Mic Compatible with Karaoke Machine/Speaker/Amp/Mixer for Karaoke Singing, Speech, Wedding, Stage and Outdoor Activity",317.0,7.0,0.0022,0.0026,477.0,10.0,0.0025,0.0028,0.6345,1.0,6,0.0,0.0189,0.0,9401.694915254238,0.0,6.0,0.0,0,12,Tonor,215.15,15.0,3428.0,0.0,0.0,SP_SD,,0.0,,,,,Tonor,Dynamic Microphone,Hand held Mic,,,K1,6
FBA79112,T90,B0BRKDLXCD,B0BRKDLXCD,"RGB Boom Arm, TONOR Adjustable Mic Stand with RGB Light for HyperX QuadCast/Blue Yeti/Shure SM7B/Rode NT1, Rotatable Suspension Boom Scissor Stand for Gaming Streaming Podcasting YouTube Recording T90",183.0,7.0,0.0013,0.0026,270.0,11.0,0.0014,0.0031,1.0,1.0,3,0.0,0.0164,0.0,10421.186440677966,0.0,3.0,0.0,0,12,Tonor,2036.47,139.0,20845.0,0.0,0.0,SP_SD,,0.0,,,,,Tonor,Accessories,Boom Arm - RGB,,,T90,3
FBA79260,G11,B07GVGMW59,B07GVGMW59,"TONOR G11 Conference USB Microphone, Omnidirectional Condenser PC Mic for Video Conference, Recording, Skype, Online Class, Court Reporter, Plug & Play Compatible with Mac OS X Windows PC Computer",134.0,10.0,0.0009,0.0038,183.0,12.0,0.001,0.0034,0.9583,0.6364,2,0.0,0.0149,0.0,4574.576271186441,0.0,2.0,0.0,0,12,Tonor,699.38,38.0,5725.0,2287.29,1.0,SP_SD,0.3057679612117396,3.270453830535617,,699.38,,,Tonor,Conference Microphone,Wired,,,G11,2
FBA77101,TC-777,B07WLWN2ZT,B07WLWN2ZT,"TONOR USB Gaming Microphone, Computer Condenser PC Mic with Tripod Stand & Pop for Streaming, Podcasting, Vocal Recording, Compatible with iMac PC Laptop Desktop Windows Computer, TC-777",658.0,5.0,0.0045,0.0019,932.0,9.0,0.0048,0.0025,0.1485,0.0,1,0.0,0.0015,0.0,1736.4406779661017,0.0,1.0,0.0,0,12,Tonor,4754.57,466.0,44126.0,14018.65,9.0,SP_SD,0.3391603328423208,2.9484580098726068,,528.2855555555556,,,Tonor,Condenser Microphone,Tripod,,,TC-777,1
FBA77110,TM20,B08NDB5NWP,B08NDB5NWP,"TONOR USB Conference Microphone, 360 Omnidirectional PC Computer Condenser Mic with Mute Button for Online Meeting/Class, Zoom Call, Skype Chatting, Plug & Play (TM20,Red)",25.0,3.0,0.0002,0.0011,38.0,7.0,0.0002,0.002,0.8438,0.75,1,1.0,0.04,0.3333,2541.5254237288136,2999.0,1.0,1.0,0,12,Tonor,232.74,19.0,2357.0,2541.53,1.0,SP_SD,0.0915747600854603,10.920039529088251,,232.74,,,UNKNOWN,,,,,TM20,1
FBA79113,TC310,B0BTCXQQ6M,B0BTCXQQ6M,"TONOR Gaming Mic, USB Microphone for PC Computer, Cardioid Condenser Mic with Adjustable RGB Modes & Brightness, Quick Mute, Gain Control, for Streaming, Podcasting, Recording, PS4/5 Desktop TC310",198.0,8.0,0.0014,0.003,286.0,10.0,0.0015,0.0028,0.6389,0.7143,1,0.0,0.0051,0.0,2117.7966101694915,0.0,1.0,0.0,0,12,Tonor,613.37,46.0,6491.0,0.0,0.0,SP_SD,,0.0,,,,,Tonor,Condenser Microphone,Tripod - RGB,,,TC310,1
FBA79116,TC-777 PRO,B0BYHHSLPC,B0BYHHSLPC,"TONOR TC777 Pro Gaming USB Microphone for PC, RGB Condenser Computer Mic with Tripod Stand, Quick Mute, Gain Control, for Gaming, Streaming, Podcasting, Recording, Cardioid Mic Kit for Laptop/PS4/PS5",681.0,15.0,0.0047,0.0057,1091.0,25.0,0.0057,0.007,0.0427,0.0,1,0.0,0.0015,0.0,1651.6949152542377,0.0,1.0,0.0,0,12,Tonor,4266.79,401.0,36272.0,11265.24,7.0,SP_SD,0.3787571325599809,2.640214306305208,,609.5414285714286,,,Tonor,Condenser Microphone,Tripod - RGB,,,TC-777 PRO,1
FBA79697,TD310,B0CQX4K9P5,B0CQX4K9P5,"TONOR USB Dynamic Microphone for Podcast Gaming Mic with RGB for Recording, Live Streaming, YouTube, Singing, Studio, Tiktok Microfono with Quick Mute& Stand Compatible with PC/Cellphone TypeC",62.0,1.0,0.0004,0.0004,92.0,2.0,0.0005,0.0006,0.9286,0.0,1,0.0,0.0161,0.0,1609.322033898305,0.0,1.0,0.0,0,12,Tonor,567.52,45.0,7722.0,1609.32,2.0,SP_SD,0.3526458379936867,2.835706230617423,,283.76,,,UNKNOWN,,,,,TD310,1
FBA77117,S20,B078WNW4YW,B078WNW4YW,"TONOR Wireless Microphone Isolation Shield, Mic Sound Absorbing Foam Reflector for Any Condenser Recording Equipment Studio (Black)",133.0,1.0,0.0009,0.0004,197.0,8.0,0.001,0.0023,0.0115,0.0,0,0.0,0.0,0.0,0.0,0.0,0.0,0.0,0,12,Tonor,313.81,48.0,2551.0,2202.54,1.0,SP_SD,0.1424764135952128,7.018705586182722,,313.81,,,Tonor,Accessories,Microphone Isolation Shield,,,S20,0
FBA77106,T20,B082W4B7SX,B082W4B7SX,"TONOR Microphone Arm Stand, TONOR Adjustable Suspension Boom Scissor Mic Stand with Pop , 3/8"" to 5/8"" Adapter, Mic Clip, Upgraded Heavy Duty Clamp for Blue Yeti Nano Snowball Ice and Other Mics(T20)",97.0,5.0,0.0007,0.0019,125.0,6.0,0.0007,0.0017,0.0917,0.0,0,0.0,0.0,0.0,0.0,0.0,0.0,0.0,0,12,Tonor,466.75,30.0,5435.0,2075.42,1.0,SP_SD,0.2248942382746624,4.4465345474022495,,466.75,,,Tonor,Accessories,Boom Arm Kit,,,T20,0
FBA77105,T30,B089FVQD3Z,B089FVQD3Z,"Microphone Stand Extension Arm, TONOR Studio Suspension Scissor Boom Arm with Pop Filter, 3/8"" to 5/8"" Adapter, Mic Clip, Upgraded Heavy Duty Clamp for Blue Yeti Snowball Ice and Other Mics(T30)",71.0,2.0,0.0005,0.0008,80.0,2.0,0.0004,0.0006,0.987,1.0,0,0.0,0.0,0.0,0.0,0.0,0.0,0.0,0,12,Tonor,468.97,22.0,3944.0,0.0,0.0,SP_SD,,0.0,,,,,Tonor,Accessories,Boom Arm Kit,,,T30,0
FBA77111,TC30,B08CVP2HXP,B08CVP2HXP,"TONOR USB Microphone, Condenser Computer PC Mic with Tripod Stand, Metal,Pop Filter, Shock Mount for Gaming,Streaming,Podcasting,YouTube, Voice Over,Skype, Twitch,Compatible with Laptop Desktop, TC30",465.0,14.0,0.0032,0.0053,625.0,18.0,0.0033,0.0051,0.0179,0.0,0,0.0,0.0,0.0,0.0,0.0,0.0,0.0,0,12,Tonor,653.94,67.0,6741.0,1863.56,1.0,SP_SD,0.3509090128571122,2.849741566504572,,653.94,,,Tonor,Condenser Microphone,Tripod,,,TC30,0
FBA77115,TC40,B08V1JS3NY,B08V1JS3NY,"TONOR USB Microphone Kit, Streaming Podcast PC Cardioid Condenser Computer Mic for Gaming, YouTube Video, Recording Music, Voice Over, Studio Mic Bundle with Adjustment Arm Stand(TC40)",21.0,3.0,0.0001,0.0011,26.0,3.0,0.0001,0.0008,0.0,0.0,0,0.0,0.0,0.0,0.0,0.0,0.0,0.0,0,12,Tonor,29.43,7.0,3714.0,0.0,0.0,SP_SD,,0.0,,,,,Tonor,Condenser Microphone,Boom Arm Kit - USB,,,TC40,0
FBA77103,ORCA001,B09Z5Q194D,B09Z5Q194D,"TONOR USB Microphone Computer Gaming Condenser Mic, Noise-Canceling Zero Latency Monitoring for Podcast/Recording/Livestreaming/Teleconferencing on PC/Mac/Android Device, Plug and Play, ORCA001",21.0,0.0,0.0001,0.0,26.0,0.0,0.0001,0.0,0.08,0.0,0,0.0,0.0,0.0,0.0,0.0,0.0,0.0,0,12,Tonor,38.65,5.0,953.0,0.0,0.0,SP_SD,,0.0,,,,,Tonor,Condenser Microphone,Stand,,,ORCA001,0
FBA79574,TC30S,B0B4WTHLX5,B0B4WTHLX5,"TONOR RGB USB Microphone, Cardioid Condenser Computer PC Mic with Tripod Stand, Pop Filter, Shock Mount for Gaming, Streaming, Podcasting, YouTube, Twitch, Compatible with Laptop Desktop,TC30 with RGB",62.0,0.0,0.0004,0.0,98.0,0.0,0.0005,0.0,0.0115,0.0,0,0.0,0.0,0.0,0.0,0.0,0.0,0.0,0,12,Tonor,321.85,32.0,4628.0,0.0,0.0,SP_SD,,0.0,,,,,Tonor,Condenser Microphone,Tripod+RGB,,,TC30S,0
FBA77116,TC40S,B0BBL47VR5,B0BBL47VR5,"TONOR RGB USB Gaming Microphone Kit, Podcast Microphone for PC, One-tap Mute for Streaming, Cardioid Condenser Microphone for PS4/5 Gamer Youtuber, Studio Mic Bundle with Adjustment Arm Stand",22.0,1.0,0.0002,0.0004,29.0,1.0,0.0002,0.0003,0.0,0.0,0,0.0,0.0,0.0,0.0,0.0,0.0,0.0,0,12,Tonor,45.72,10.0,3346.0,2965.25,1.0,SP_SD,0.0154185987690751,64.85673665791776,,45.72,,,Tonor,Condenser Microphone,Boom Arm Kit - USB - RGB,,,TC40S,0
FBA79576,TC30S+,B0BRCR2QQ7,B0BRCR2QQ7,"TONOR USB Gaming Microphone, RGB Streaming Microfono Set, PC Podcast Recording Computer Mic for PS4/5, Discord, Twitch, Cardioid Condenser Mic with Adjustable Boom Arm Stand TC30S+",24.0,2.0,0.0002,0.0008,27.0,3.0,0.0001,0.0008,0.08,0.0,0,0.0,0.0,0.0,0.0,0.0,0.0,0.0,0,12,Tonor,7.09,2.0,854.0,0.0,0.0,SP_SD,,0.0,,,,,Tonor,Condenser Microphone,Boom Arm Kit + RGB,,,TC30S+,0
FBA79111,TD510,B0BRKFP94K,B0BRKFP94K,"TONOR TD510 Dynamic Microphone, USB/XLR PC Microphone for Podcast, Recording, Live Streaming & Gaming, XLR Cardioid Studio Mic Music Voice-Over with Quick Mute, Headphone Output, Volume Control",245.0,5.0,0.0017,0.0019,384.0,5.0,0.002,0.0014,0.0939,0.0,0,0.0,0.0,0.0,0.0,0.0,0.0,0.0,0,12,Tonor,808.8900000000001,118.0,20509.0,3388.98,1.0,SP_SD,0.2386824354230476,4.189667321885547,,808.8900000000001,,,Tonor,Dynamic Microphone,USB/XLR Mic,,,TD510,0
FBA79114,TC310+,B0CCV74CL7,B0CCV74CL7,"TONOR TC310+ RGB Condenser Mic with Boom Arm Quick Mute, RGB Lighting, Pop Filter, Shock Mount,Gaming USB Microphone Set for PC Gain Control for Streaming Podcasting Recording Discord Twitch YouTube",95.0,6.0,0.0007,0.0023,124.0,9.0,0.0006,0.0025,0.0093,0.0,0,0.0,0.0,0.0,0.0,0.0,0.0,0.0,0,12,Tonor,48.4,7.0,1730.0,0.0,0.0,SP_SD,,0.0,,,,,Tonor,Condenser Microphone,Boom Arm Kit - USB - RGB,,,TC310+,0
FBA79586,TRL-20,B0CH9JR3HL,B0CH9JR3HL,"TONOR Top Ring Light Kit, 10 Inch Ring Light with Heavy Duty Bracket Arm and Phone Holder for Video Recording, Live Streaming, Drawing, Nail Makeup",3.0,0.0,0.0,0.0,6.0,0.0,0.0,0.0,1.0,0.0,0,0.0,0.0,0.0,0.0,0.0,0.0,0.0,0,12,Tonor,0.0,0.0,0.0,0.0,0.0,,,,,,,,Tonor,Accessories,Ring Light,,,TRL-20,0
FBA79696,TD310+,B0CQX3VB1R,B0CQX3VB1R,"TONOR Dynamic USB/Type-C Microphone for PC, RGB Podcast Computer Gaming Microphone with Arm Stand for Recording, Live, Streaming, YouTube, Vocals, Studio, Karaoke Microphone, Quick Mute Button, Black",286.0,4.0,0.002,0.0015,446.0,5.0,0.0023,0.0014,0.0,0.0,0,0.0,0.0,0.0,0.0,0.0,0.0,0.0,0,12,Tonor,3180.63,184.0,46746.0,5082.21,3.0,SP_SD,0.625836004415402,1.5978626875807622,,1060.21,,,Tonor,Dynamic Microphone,Hand held Mic + Boom Arm,,,TD310+,0
FBA79577,TM310,B0CSCT63BL,B0CSCT63BL,"TONOR TM310 USB Conference Microphone for Laptop, Adjustable Computer PC Mic with Mute Button & LED Indicator for Video Call Meeting, Mic for Desktop Zoom Skype YouTube, Plug-Play for MacOS Windows",100.0,7.0,0.0007,0.0026,123.0,7.0,0.0006,0.002,0.0263,0.0,0,0.0,0.0,0.0,0.0,0.0,0.0,0.0,0,12,Tonor,366.86,22.0,3241.0,0.0,0.0,SP_SD,,0.0,,,,,Tonor,Conference Microphone,Wired,,,TM310,0
FBA79116,TC-777 PRO,B0BYHHSLPC,B0BYHHSLPC,,0.0,,,,,,,,,,16,,,,25749.12,,,,0,12,Tonor,4266.79,401.0,36272.0,11265.24,7.0,SP_SD,0.3787571325599809,2.640214306305208,,609.5414285714286,,,Tonor,Condenser Microphone,Tripod - RGB,,,TC-777 PRO,16
FBA79111,TD510,B0BRKFP94K,B0BRKFP94K,,0.0,,,,,,,,,,3,,,,10166.94,,,,0,12,Tonor,808.8900000000001,118.0,20509.0,3388.98,1.0,SP_SD,0.2386824354230476,4.189667321885547,,808.8900000000001,,,Tonor,Dynamic Microphone,USB/XLR Mic,,,TD510,3
FBA79696,TD310+,B0CQX3VB1R,B0CQX3VB1R,,0.0,,,,,,,,,,6,,,,10164.41,,,,0,12,Tonor,3180.63,184.0,46746.0,5082.21,3.0,SP_SD,0.625836004415402,1.5978626875807622,,1060.21,,,Tonor,Dynamic Microphone,Hand held Mic + Boom Arm,,,TD310+,6
FBA77111,TC30,B08CVP2HXP,B08CVP2HXP,,0.0,,,,,,,,,,5,,,,9317.8,,,,0,12,Tonor,653.94,67.0,6741.0,1863.56,1.0,SP_SD,0.3509090128571122,2.849741566504572,,653.94,,,Tonor,Condenser Microphone,Tripod,,,TC30,5
FBA77101,TC-777,B07WLWN2ZT,B07WLWN2ZT,,0.0,,,,,,,,,,4,,,,6776.27,,,,0,12,Tonor,4754.57,466.0,44126.0,14018.65,9.0,SP_SD,0.3391603328423208,2.9484580098726068,,528.2855555555556,,,Tonor,Condenser Microphone,Tripod,,,TC-777,4
FBA77117,S20,B078WNW4YW,B078WNW4YW,,0.0,,,,,,,,,,3,,,,6607.62,,,,0,12,Tonor,313.81,48.0,2551.0,2202.54,1.0,SP_SD,0.1424764135952128,7.018705586182722,,313.81,,,Tonor,Accessories,Microphone Isolation Shield,,,S20,3
FBA77106,T20,B082W4B7SX,B082W4B7SX,,0.0,,,,,,,,,,3,,,,6226.26,,,,0,12,Tonor,466.75,30.0,5435.0,2075.42,1.0,SP_SD,0.2248942382746624,4.4465345474022495,,466.75,,,Tonor,Accessories,Boom Arm Kit,,,T20,3
FBA77113,K1,B01ISNU3X4,B01ISNU3X4,,0.0,,,,,,,,,,2,,,,3133.89,,,,0,12,Tonor,215.15,15.0,3428.0,0.0,0.0,SP_SD,,0.0,,,,,Tonor,Dynamic Microphone,Hand held Mic,,,K1,2
FBA79114,TC310+,B0CCV74CL7,B0CCV74CL7,,0.0,,,,,,,,,,1,,,,2541.53,,,,0,12,Tonor,48.4,7.0,1730.0,0.0,0.0,SP_SD,,0.0,,,,,Tonor,Condenser Microphone,Boom Arm Kit - USB - RGB,,,TC310+,1
FBA79113,TC310,B0BTCXQQ6M,B0BTCXQQ6M,,0.0,,,,,,,,,,0,,,,0.0,,,,0,12,Tonor,613.37,46.0,6491.0,0.0,0.0,SP_SD,,0.0,,,,,Tonor,Condenser Microphone,Tripod - RGB,,,TC310,0
FBA79576,TC30S+,B0BRCR2QQ7,B0BRCR2QQ7,,0.0,,,,,,,,,,0,,,,0.0,,,,0,12,Tonor,7.09,2.0,854.0,0.0,0.0,SP_SD,,0.0,,,,,Tonor,Condenser Microphone,Boom Arm Kit + RGB,,,TC30S+,0
FBA77111,TC30,B08CVP2HXP,B08CVP2HXP,"TONOR USB Microphone, Condenser Computer PC Mic with Tripod Stand, Metal,Pop Filter, Shock Mount for Gaming,Streaming,Podcasting,YouTube, Voice Over,Skype, Twitch,Compatible with Laptop Desktop, TC30",525.0,16.0,0.0036,0.0054,748.0,23.0,0.0038,0.0056,0.0497,0.0588,0,0.0,0.0,0.0,0.0,0.0,0.0,0.0,0,13,Tonor,1490.1,170.0,20863.0,5421.19,3.0,SP_SD,0.2748658504867013,3.6381383799744977,,496.7000000000001,,,Tonor,Condenser Microphone,Tripod,,,TC30,0
FBA77113,K1,B01ISNU3X4,B01ISNU3X4,"TONOR Dynamic Karaoke Microphone for Singing with 4.5m XLR Cable, Metal Handheld Mic Compatible with Karaoke Machine/Speaker/Amp/Mixer for Karaoke Singing, Speech, Wedding, Stage and Outdoor Activity",262.0,5.0,0.0023,0.0024,387.0,7.0,0.0026,0.0025,0.8078,1.0,10,1.0,0.0382,0.2,15669.49152542373,1849.0,10.0,1.0,0,13,Tonor,265.89,22.0,4325.0,1566.95,1.0,SP_SD,0.1696863333226969,5.893226522246042,,265.89,,,Tonor,Dynamic Microphone,Hand held Mic,,,K1,10
FBA79260,G11,B07GVGMW59,B07GVGMW59,"TONOR G11 Conference USB Microphone, Omnidirectional Condenser PC Mic for Video Conference, Recording, Skype, Online Class, Court Reporter, Plug & Play Compatible with Mac OS X Windows PC Computer",100.0,7.0,0.0009,0.0033,139.0,10.0,0.0009,0.0035,0.9508,0.7143,7,0.0,0.07,0.0,16011.016949152545,0.0,5.0,0.0,0,13,Tonor,36.22,8.0,2241.0,0.0,0.0,SP_SD,,0.0,,,,,Tonor,Conference Microphone,Wired,,,G11,7
FBA79112,T90,B0BRKDLXCD,B0BRKDLXCD,"RGB Boom Arm, TONOR Adjustable Mic Stand with RGB Light for HyperX QuadCast/Blue Yeti/Shure SM7B/Rode NT1, Rotatable Suspension Boom Scissor Stand for Gaming Streaming Podcasting YouTube Recording T90",130.0,5.0,0.0011,0.0024,188.0,6.0,0.0012,0.0021,1.0,1.0,3,0.0,0.0231,0.0,10421.186440677966,0.0,3.0,0.0,0,13,Tonor,1137.41,93.0,13731.0,3473.73,1.0,SP_SD,0.3274318959734925,3.054070212148653,,1137.41,,,Tonor,Accessories,Boom Arm - RGB,,,T90,3
FBA77101,TC-777,B07WLWN2ZT,B07WLWN2ZT,"TONOR USB Gaming Microphone, Computer Condenser PC Mic with Tripod Stand & Pop for Streaming, Podcasting, Vocal Recording, Compatible with iMac PC Laptop Desktop Windows Computer, TC-777",606.0,10.0,0.0052,0.0047,797.0,13.0,0.0053,0.0046,0.1478,0.0,1,0.0,0.0017,0.0,1694.0677966101696,0.0,1.0,0.0,0,13,Tonor,4584.66,388.0,53452.0,0.0,0.0,SP_SD,,0.0,,,,,Tonor,Condenser Microphone,Tripod,,,TC-777,1
FBA77106,T20,B082W4B7SX,B082W4B7SX,"TONOR Microphone Arm Stand, TONOR Adjustable Suspension Boom Scissor Mic Stand with Pop , 3/8"" to 5/8"" Adapter, Mic Clip, Upgraded Heavy Duty Clamp for Blue Yeti Nano Snowball Ice and Other Mics(T20)",62.0,4.0,0.0005,0.0019,78.0,5.0,0.0005,0.0018,0.3425,0.0,1,0.0,0.0161,0.0,2075.42372881356,0.0,1.0,0.0,0,13,Tonor,331.88,20.0,3040.0,0.0,0.0,SP_SD,,0.0,,,,,Tonor,Accessories,Boom Arm Kit,,,T20,1
FBA79111,TD510,B0BRKFP94K,B0BRKFP94K,"TONOR TD510 Dynamic Microphone, USB/XLR PC Microphone for Podcast, Recording, Live Streaming & Gaming, XLR Cardioid Studio Mic Music Voice-Over with Quick Mute, Headphone Output, Volume Control",302.0,8.0,0.0026,0.0038,465.0,9.0,0.0031,0.0032,0.1193,0.0,1,0.0,0.0033,0.0,3388.983050847458,0.0,1.0,0.0,0,13,Tonor,1480.89,175.0,44784.0,3388.98,1.0,SP_SD,0.436972186321548,2.2884751737131053,,1480.89,,,Tonor,Dynamic Microphone,USB/XLR Mic,,,TD510,1
FBA79113,TC310,B0BTCXQQ6M,B0BTCXQQ6M,"TONOR Gaming Mic, USB Microphone for PC Computer, Cardioid Condenser Mic with Adjustable RGB Modes & Brightness, Quick Mute, Gain Control, for Streaming, Podcasting, Recording, PS4/5 Desktop TC310",170.0,5.0,0.0015,0.0024,234.0,7.0,0.0015,0.0025,0.0235,0.0,1,0.0,0.0059,0.0,2117.7966101694915,0.0,1.0,0.0,0,13,Tonor,266.15,37.0,4612.0,3218.64,2.0,SP_SD,0.082690204558447,12.09333082848018,,133.075,,,Tonor,Condenser Microphone,Tripod - RGB,,,TC310,1
FBA77117,S20,B078WNW4YW,B078WNW4YW,"TONOR Wireless Microphone Isolation Shield, Mic Sound Absorbing Foam Reflector for Any Condenser Recording Equipment Studio (Black)",95.0,1.0,0.0008,0.0005,136.0,4.0,0.0009,0.0014,0.0,0.0,0,0.0,0.0,0.0,0.0,0.0,0.0,0.0,0,13,Tonor,286.8,36.0,3119.0,0.0,0.0,SP_SD,,0.0,,,,,Tonor,Accessories,Microphone Isolation Shield,,,S20,0
FBA77105,T30,B089FVQD3Z,B089FVQD3Z,"Microphone Stand Extension Arm, TONOR Studio Suspension Scissor Boom Arm with Pop Filter, 3/8"" to 5/8"" Adapter, Mic Clip, Upgraded Heavy Duty Clamp for Blue Yeti Snowball Ice and Other Mics(T30)",38.0,6.0,0.0003,0.0028,47.0,7.0,0.0003,0.0025,1.0,1.0,0,0.0,0.0,0.0,0.0,0.0,0.0,0.0,0,13,Tonor,286.93,19.0,2070.0,0.0,0.0,SP_SD,,0.0,,,,,Tonor,Accessories,Boom Arm Kit,,,T30,0
FBA77111,TC30,B08CVP2HXP,B08CVP2HXP,"TONOR USB Microphone, Condenser Computer PC Mic with Tripod Stand, Metal,Pop Filter, Shock Mount for Gaming,Streaming,Podcasting,YouTube, Voice Over,Skype, Twitch,Compatible with Laptop Desktop, TC30",525.0,16.0,0.0045,0.0076,748.0,23.0,0.0049,0.0081,0.1717,0.0588,0,0.0,0.0,0.0,0.0,0.0,0.0,0.0,0,13,Tonor,1490.1,170.0,20863.0,5421.19,3.0,SP_SD,0.2748658504867013,3.6381383799744977,,496.7000000000001,,,Tonor,Condenser Microphone,Tripod,,,TC30,0
FBA77115,TC40,B08V1JS3NY,B08V1JS3NY,"TONOR USB Microphone Kit, Streaming Podcast PC Cardioid Condenser Computer Mic for Gaming, YouTube Video, Recording Music, Voice Over, Studio Mic Bundle with Adjustment Arm Stand(TC40)",36.0,1.0,0.0003,0.0005,59.0,1.0,0.0004,0.0004,0.0,0.0,0,0.0,0.0,0.0,0.0,0.0,0.0,0.0,0,13,Tonor,128.97,18.0,6249.0,0.0,0.0,SP_SD,,0.0,,,,,Tonor,Condenser Microphone,Boom Arm Kit - USB,,,TC40,0
FBA77103,ORCA001,B09Z5Q194D,B09Z5Q194D,"TONOR USB Microphone Computer Gaming Condenser Mic, Noise-Canceling Zero Latency Monitoring for Podcast/Recording/Livestreaming/Teleconferencing on PC/Mac/Android Device, Plug and Play, ORCA001",26.0,1.0,0.0002,0.0005,29.0,3.0,0.0002,0.0011,0.0,0.0,0,0.0,0.0,0.0,0.0,0.0,0.0,0.0,0,13,Tonor,31.58,6.0,1412.0,0.0,0.0,SP_SD,,0.0,,,,,Tonor,Condenser Microphone,Stand,,,ORCA001,0
FBA79574,TC30S,B0B4WTHLX5,B0B4WTHLX5,"TONOR RGB USB Microphone, Cardioid Condenser Computer PC Mic with Tripod Stand, Pop Filter, Shock Mount for Gaming, Streaming, Podcasting, YouTube, Twitch, Compatible with Laptop Desktop,TC30 with RGB",34.0,0.0,0.0003,0.0,48.0,0.0,0.0003,0.0,0.0,0.0,0,0.0,0.0,0.0,0.0,0.0,0.0,0.0,0,13,Tonor,0.0,0.0,0.0,0.0,0.0,SP_SD,,,,,,,Tonor,Condenser Microphone,Tripod+RGB,,,TC30S,0
FBA77116,TC40S,B0BBL47VR5,B0BBL47VR5,"TONOR RGB USB Gaming Microphone Kit, Podcast Microphone for PC, One-tap Mute for Streaming, Cardioid Condenser Microphone for PS4/5 Gamer Youtuber, Studio Mic Bundle with Adjustment Arm Stand",15.0,1.0,0.0001,0.0005,16.0,1.0,0.0001,0.0004,0.0,0.0,0,0.0,0.0,0.0,0.0,0.0,0.0,0.0,0,13,Tonor,68.4,10.0,7196.0,0.0,0.0,SP_SD,,0.0,,,,,Tonor,Condenser Microphone,Boom Arm Kit - USB - RGB,,,TC40S,0
FBA79576,TC30S+,B0BRCR2QQ7,B0BRCR2QQ7,"TONOR USB Gaming Microphone, RGB Streaming Microfono Set, PC Podcast Recording Computer Mic for PS4/5, Discord, Twitch, Cardioid Condenser Mic with Adjustable Boom Arm Stand TC30S+",18.0,1.0,0.0002,0.0005,21.0,1.0,0.0001,0.0004,0.15,0.0,0,0.0,0.0,0.0,0.0,0.0,0.0,0.0,0,13,Tonor,6.17,3.0,691.0,0.0,0.0,SP_SD,,0.0,,,,,Tonor,Condenser Microphone,Boom Arm Kit + RGB,,,TC30S+,0
FBA79116,TC-777 PRO,B0BYHHSLPC,B0BYHHSLPC,"TONOR TC777 Pro Gaming USB Microphone for PC, RGB Condenser Computer Mic with Tripod Stand, Quick Mute, Gain Control, for Gaming, Streaming, Podcasting, Recording, Cardioid Mic Kit for Laptop/PS4/PS5",554.0,14.0,0.0048,0.0066,831.0,17.0,0.0055,0.006,0.0082,0.0,0,0.0,0.0,0.0,0.0,0.0,0.0,0.0,0,13,Tonor,2997.93,303.0,23732.0,7030.51,5.0,SP_SD,0.4264171447021624,2.345121467145664,,599.586,,,Tonor,Condenser Microphone,Tripod - RGB,,,TC-777 PRO,0
FBA79114,TC310+,B0CCV74CL7,B0CCV74CL7,"TONOR TC310+ RGB Condenser Mic with Boom Arm Quick Mute, RGB Lighting, Pop Filter, Shock Mount,Gaming USB Microphone Set for PC Gain Control for Streaming Podcasting Recording Discord Twitch YouTube",110.0,1.0,0.0009,0.0005,146.0,1.0,0.001,0.0004,0.0615,0.0,0,0.0,0.0,0.0,0.0,0.0,0.0,0.0,0,13,Tonor,106.75,13.0,2619.0,0.0,0.0,SP_SD,,0.0,,,,,Tonor,Condenser Microphone,Boom Arm Kit - USB - RGB,,,TC310+,0
FBA79586,TRL-20,B0CH9JR3HL,B0CH9JR3HL,"TONOR Top Ring Light Kit, 10 Inch Ring Light with Heavy Duty Bracket Arm and Phone Holder for Video Recording, Live Streaming, Drawing, Nail Makeup",3.0,0.0,0.0,0.0,5.0,0.0,0.0,0.0,1.0,0.0,0,0.0,0.0,0.0,0.0,0.0,0.0,0.0,0,13,Tonor,0.0,0.0,0.0,0.0,0.0,,,,,,,,Tonor,Accessories,Ring Light,,,TRL-20,0
FBA79696,TD310+,B0CQX3VB1R,B0CQX3VB1R,"TONOR Dynamic USB/Type-C Microphone for PC, RGB Podcast Computer Gaming Microphone with Arm Stand for Recording, Live, Streaming, YouTube, Vocals, Studio, Karaoke Microphone, Quick Mute Button, Black",354.0,8.0,0.003,0.0038,549.0,12.0,0.0036,0.0042,0.0043,0.0,0,0.0,0.0,0.0,0.0,0.0,0.0,0.0,0,13,Tonor,3452.05,165.0,33658.0,8470.35,5.0,SP_SD,0.4075451427626957,2.453715907938761,,690.4100000000001,,,Tonor,Dynamic Microphone,Hand held Mic + Boom Arm,,,TD310+,0
FBA79577,TM310,B0CSCT63BL,B0CSCT63BL,"TONOR TM310 USB Conference Microphone for Laptop, Adjustable Computer PC Mic with Mute Button & LED Indicator for Video Call Meeting, Mic for Desktop Zoom Skype YouTube, Plug-Play for MacOS Windows",95.0,5.0,0.0008,0.0024,121.0,5.0,0.0008,0.0018,0.0098,0.0,0,0.0,0.0,0.0,0.0,0.0,0.0,0.0,0,13,Tonor,688.87,29.0,4623.0,0.0,0.0,SP_SD,,0.0,,,,,Tonor,Conference Microphone,Wired,,,TM310,0
FBA79696,TD310+,B0CQX3VB1R,B0CQX3VB1R,"TONOR Dynamic USB/Type-C Microphone for PC, RGB Podcast Computer Gaming Microphone with Arm Stand for Recording, Live, Streaming, YouTube, Vocals, Studio, Karaoke Microphone, Quick Mute Button, Black",0.0,,,,,,,,,,18,,,,30493.18,,,,0,13,Tonor,3452.05,165.0,33658.0,8470.35,5.0,SP_SD,0.4075451427626957,2.453715907938761,,690.4100000000001,,,Tonor,Dynamic Microphone,Hand held Mic + Boom Arm,,,TD310+,18
FBA79116,TC-777 PRO,B0BYHHSLPC,B0BYHHSLPC,"TONOR TC777 Pro Gaming USB Microphone for PC, RGB Condenser Computer Mic with Tripod Stand, Quick Mute, Gain Control, for Gaming, Streaming, Podcasting, Recording, Cardioid Mic Kit for Laptop/PS4/PS5",0.0,,,,,,,,,,12,,,,19311.84,,,,0,13,Tonor,2997.93,303.0,23732.0,7030.51,5.0,SP_SD,0.4264171447021624,2.345121467145664,,599.586,,,Tonor,Condenser Microphone,Tripod - RGB,,,TC-777 PRO,12
FBA79111,TD510,B0BRKFP94K,B0BRKFP94K,"TONOR TD510 Dynamic Microphone, USB/XLR PC Microphone for Podcast, Recording, Live Streaming & Gaming, XLR Cardioid Studio Mic Music Voice-Over with Quick Mute, Headphone Output, Volume Control",0.0,,,,,,,,,,5,,,,16944.9,,,,0,13,Tonor,1480.89,175.0,44784.0,3388.98,1.0,SP_SD,0.436972186321548,2.2884751737131053,,1480.89,,,Tonor,Dynamic Microphone,USB/XLR Mic,,,TD510,5
FBA77111,TC30,B08CVP2HXP,B08CVP2HXP,"TONOR USB Microphone, Condenser Computer PC Mic with Tripod Stand, Metal,Pop Filter, Shock Mount for Gaming,Streaming,Podcasting,YouTube, Voice Over,Skype, Twitch,Compatible with Laptop Desktop, TC30",0.0,,,,,,,,,,6,,,,11181.36,,,,0,13,Tonor,1490.1,170.0,20863.0,5421.19,3.0,SP_SD,0.2748658504867013,3.6381383799744977,,496.7000000000001,,,Tonor,Condenser Microphone,Tripod,,,TC30,6
FBA79114,TC310+,B0CCV74CL7,B0CCV74CL7,"TONOR TC310+ RGB Condenser Mic with Boom Arm Quick Mute, RGB Lighting, Pop Filter, Shock Mount,Gaming USB Microphone Set for PC Gain Control for Streaming Podcasting Recording Discord Twitch YouTube",0.0,,,,,,,,,,2,,,,5083.05,,,,0,13,Tonor,106.75,13.0,2619.0,0.0,0.0,SP_SD,,0.0,,,,,Tonor,Condenser Microphone,Boom Arm Kit - USB - RGB,,,TC310+,2
FBA77113,K1,B01ISNU3X4,B01ISNU3X4,"TONOR Dynamic Karaoke Microphone for Singing with 4.5m XLR Cable, Metal Handheld Mic Compatible with Karaoke Machine/Speaker/Amp/Mixer for Karaoke Singing, Speech, Wedding, Stage and Outdoor Activity",0.0,,,,,,,,,,3,,,,4700.85,,,,0,13,Tonor,265.89,22.0,4325.0,1566.95,1.0,SP_SD,0.1696863333226969,5.893226522246042,,265.89,,,Tonor,Dynamic Microphone,Hand held Mic,,,K1,3
FBA77117,S20,B078WNW4YW,B078WNW4YW,"TONOR Wireless Microphone Isolation Shield, Mic Sound Absorbing Foam Reflector for Any Condenser Recording Equipment Studio (Black)",0.0,,,,,,,,,,2,,,,4405.08,,,,0,13,Tonor,286.8,36.0,3119.0,0.0,0.0,SP_SD,,0.0,,,,,Tonor,Accessories,Microphone Isolation Shield,,,S20,2
FBA79577,TM310,B0CSCT63BL,B0CSCT63BL,"TONOR TM310 USB Conference Microphone for Laptop, Adjustable Computer PC Mic with Mute Button & LED Indicator for Video Call Meeting, Mic for Desktop Zoom Skype YouTube, Plug-Play for MacOS Windows",0.0,,,,,,,,,,2,,,,4235.6,,,,0,13,Tonor,688.87,29.0,4623.0,0.0,0.0,SP_SD,,0.0,,,,,Tonor,Conference Microphone,Wired,,,TM310,2
FBA77101,TC-777,B07WLWN2ZT,B07WLWN2ZT,"TONOR USB Gaming Microphone, Computer Condenser PC Mic with Tripod Stand & Pop for Streaming, Podcasting, Vocal Recording, Compatible with iMac PC Laptop Desktop Windows Computer, TC-777",0.0,,,,,,,,,,2,,,,3388.13,,,,0,13,Tonor,4584.66,388.0,53452.0,0.0,0.0,SP_SD,,0.0,,,,,Tonor,Condenser Microphone,Tripod,,,TC-777,2
FBA77103,ORCA001,B09Z5Q194D,B09Z5Q194D,"TONOR USB Microphone Computer Gaming Condenser Mic, Noise-Canceling Zero Latency Monitoring for Podcast/Recording/Livestreaming/Teleconferencing on PC/Mac/Android Device, Plug and Play, ORCA001",0.0,,,,,,,,,,1,,,,3304.24,,,,0,13,Tonor,31.58,6.0,1412.0,0.0,0.0,SP_SD,,0.0,,,,,Tonor,Condenser Microphone,Stand,,,ORCA001,1
FBA77115,TC40,B08V1JS3NY,B08V1JS3NY,"TONOR USB Microphone Kit, Streaming Podcast PC Cardioid Condenser Computer Mic for Gaming, YouTube Video, Recording Music, Voice Over, Studio Mic Bundle with Adjustment Arm Stand(TC40)",0.0,,,,,,,,,,1,,,,2795.76,,,,0,13,Tonor,128.97,18.0,6249.0,0.0,0.0,SP_SD,,0.0,,,,,Tonor,Condenser Microphone,Boom Arm Kit - USB,,,TC40,1
FBA79113,TC310,B0BTCXQQ6M,B0BTCXQQ6M,"TONOR Gaming Mic, USB Microphone for PC Computer, Cardioid Condenser Mic with Adjustable RGB Modes & Brightness, Quick Mute, Gain Control, for Streaming, Podcasting, Recording, PS4/5 Desktop TC310",0.0,,,,,,,,,,1,,,,2117.8,,,,0,13,Tonor,266.15,37.0,4612.0,3218.64,2.0,SP_SD,0.082690204558447,12.09333082848018,,133.075,,,Tonor,Condenser Microphone,Tripod - RGB,,,TC310,1
FBA79574,TC30S,B0B4WTHLX5,B0B4WTHLX5,"TONOR RGB USB Microphone, Cardioid Condenser Computer PC Mic with Tripod Stand, Pop Filter, Shock Mount for Gaming, Streaming, Podcasting, YouTube, Twitch, Compatible with Laptop Desktop,TC30 with RGB",0.0,,,,,,,,,,1,,,,2117.8,,,,0,13,Tonor,0.0,0.0,0.0,0.0,0.0,SP_SD,,,,,,,Tonor,Condenser Microphone,Tripod+RGB,,,TC30S,1
FBA77116,TC40S,B0BBL47VR5,B0BBL47VR5,"TONOR RGB USB Gaming Microphone Kit, Podcast Microphone for PC, One-tap Mute for Streaming, Cardioid Condenser Microphone for PS4/5 Gamer Youtuber, Studio Mic Bundle with Adjustment Arm Stand",0.0,,,,,,,,,,0,,,,0.0,,,,0,13,Tonor,68.4,10.0,7196.0,0.0,0.0,SP_SD,,0.0,,,,,Tonor,Condenser Microphone,Boom Arm Kit - USB - RGB,,,TC40S,0
FBA77106,T20,B082W4B7SX,B082W4B7SX,"TONOR Microphone Arm Stand, TONOR Adjustable Suspension Boom Scissor Mic Stand with Pop , 3/8"" to 5/8"" Adapter, Mic Clip, Upgraded Heavy Duty Clamp for Blue Yeti Nano Snowball Ice and Other Mics(T20)",0.0,,,,,,,,,,0,,,,0.0,,,,0,13,Tonor,331.88,20.0,3040.0,0.0,0.0,SP_SD,,0.0,,,,,Tonor,Accessories,Boom Arm Kit,,,T20,0
FBA77111,TC30,B08CVP2HXP,B08CVP2HXP,"TONOR USB Microphone, Condenser Computer PC Mic with Tripod Stand, Metal,Pop Filter, Shock Mount for Gaming,Streaming,Podcasting,YouTube, Voice Over,Skype, Twitch,Compatible with Laptop Desktop, TC30",495.0,10.0,0.003,0.003,685.0,15.0,0.0031,0.0032,0.0472,0.0,0,0.0,0.0,0.0,0.0,0.0,0.0,0.0,0,14,Tonor,1934.58,188.0,22287.0,5082.2,3.0,SP_SD,0.3806579827633702,2.62703015641638,,644.86,,,Tonor,Condenser Microphone,Tripod,,,TC30,0
FBA77113,K1,B01ISNU3X4,B01ISNU3X4,"TONOR Dynamic Karaoke Microphone for Singing with 4.5m XLR Cable, Metal Handheld Mic Compatible with Karaoke Machine/Speaker/Amp/Mixer for Karaoke Singing, Speech, Wedding, Stage and Outdoor Activity",292.0,6.0,0.0026,0.0026,419.0,7.0,0.0029,0.0023,0.7227,0.6,7,0.0,0.024,0.0,9593.220338983052,0.0,7.0,0.0,0,14,Tonor,342.32,43.0,6316.0,0.0,0.0,SP_SD,,0.0,,,,,Tonor,Dynamic Microphone,Hand held Mic,,,K1,7
FBA77106,T20,B082W4B7SX,B082W4B7SX,"TONOR Microphone Arm Stand, TONOR Adjustable Suspension Boom Scissor Mic Stand with Pop , 3/8"" to 5/8"" Adapter, Mic Clip, Upgraded Heavy Duty Clamp for Blue Yeti Nano Snowball Ice and Other Mics(T20)",70.0,4.0,0.0006,0.0017,92.0,6.0,0.0006,0.002,0.2558,0.0,2,0.0,0.0286,0.0,4150.847457627119,0.0,2.0,0.0,0,14,Tonor,453.73,32.0,5189.0,4150.84,2.0,SP_SD,0.1093104046409883,9.148259978401253,,226.865,,,Tonor,Accessories,Boom Arm Kit,,,T20,2
FBA79114,TC310+,B0CCV74CL7,B0CCV74CL7,"TONOR TC310+ RGB Condenser Mic with Boom Arm Quick Mute, RGB Lighting, Pop Filter, Shock Mount,Gaming USB Microphone Set for PC Gain Control for Streaming Podcasting Recording Discord Twitch YouTube",147.0,2.0,0.0013,0.0009,219.0,7.0,0.0015,0.0023,0.3607,0.0,2,0.0,0.0136,0.0,4913.559322033899,0.0,2.0,0.0,0,14,Tonor,707.6899999999999,61.0,5952.0,7455.09,3.0,SP_SD,0.0949270900820781,10.534400655654313,,235.89666666666665,,,Tonor,Condenser Microphone,Boom Arm Kit - USB - RGB,,,TC310+,2
FBA79260,G11,B07GVGMW59,B07GVGMW59,"TONOR G11 Conference USB Microphone, Omnidirectional Condenser PC Mic for Video Conference, Recording, Skype, Online Class, Court Reporter, Plug & Play Compatible with Mac OS X Windows PC Computer",51.0,5.0,0.0005,0.0022,74.0,8.0,0.0005,0.0026,0.5455,0.25,1,0.0,0.0196,0.0,2287.2881355932204,0.0,1.0,0.0,0,14,Tonor,24.24,5.0,1276.0,0.0,0.0,SP_SD,,0.0,,,,,Tonor,Conference Microphone,Wired,,,G11,1
FBA79116,TC-777 PRO,B0BYHHSLPC,B0BYHHSLPC,"TONOR TC777 Pro Gaming USB Microphone for PC, RGB Condenser Computer Mic with Tripod Stand, Quick Mute, Gain Control, for Gaming, Streaming, Podcasting, Recording, Cardioid Mic Kit for Laptop/PS4/PS5",662.0,15.0,0.0059,0.0066,1029.0,20.0,0.0071,0.0065,0.1176,0.0,1,0.0,0.0015,0.0,1609.322033898305,0.0,1.0,0.0,0,14,Tonor,2223.54,294.0,20997.0,11265.24,7.0,SP_SD,0.1973806150601318,5.066353652284196,,317.6485714285714,,,Tonor,Condenser Microphone,Tripod - RGB,,,TC-777 PRO,1
FBA77117,S20,B078WNW4YW,B078WNW4YW,"TONOR Wireless Microphone Isolation Shield, Mic Sound Absorbing Foam Reflector for Any Condenser Recording Equipment Studio (Black)",86.0,2.0,0.0008,0.0009,113.0,6.0,0.0008,0.002,0.0,0.0,0,0.0,0.0,0.0,0.0,0.0,0.0,0.0,0,14,Tonor,250.49,35.0,2760.0,2202.54,1.0,SP_SD,0.1137277870095435,8.792925865304003,,250.49,,,Tonor,Accessories,Microphone Isolation Shield,,,S20,0
FBA77101,TC-777,B07WLWN2ZT,B07WLWN2ZT,"TONOR USB Gaming Microphone, Computer Condenser PC Mic with Tripod Stand & Pop for Streaming, Podcasting, Vocal Recording, Compatible with iMac PC Laptop Desktop Windows Computer, TC-777",577.0,11.0,0.0051,0.0048,826.0,21.0,0.0057,0.0068,0.2116,0.0,0,0.0,0.0,0.0,0.0,0.0,0.0,0.0,0,14,Tonor,3334.98,343.0,26558.0,13806.78,8.0,SP_SD,0.2415465445237774,4.1399888455103175,,416.8725,,,Tonor,Condenser Microphone,Tripod,,,TC-777,0
FBA77105,T30,B089FVQD3Z,B089FVQD3Z,"Microphone Stand Extension Arm, TONOR Studio Suspension Scissor Boom Arm with Pop Filter, 3/8"" to 5/8"" Adapter, Mic Clip, Upgraded Heavy Duty Clamp for Blue Yeti Snowball Ice and Other Mics(T30)",31.0,1.0,0.0003,0.0004,36.0,2.0,0.0002,0.0007,1.0,1.0,0,0.0,0.0,0.0,0.0,0.0,0.0,0.0,0,14,Tonor,214.48,17.0,3329.0,0.0,0.0,SP_SD,,0.0,,,,,Tonor,Accessories,Boom Arm Kit,,,T30,0
FBA77111,TC30,B08CVP2HXP,B08CVP2HXP,"TONOR USB Microphone, Condenser Computer PC Mic with Tripod Stand, Metal,Pop Filter, Shock Mount for Gaming,Streaming,Podcasting,YouTube, Voice Over,Skype, Twitch,Compatible with Laptop Desktop, TC30",495.0,10.0,0.0044,0.0044,685.0,15.0,0.0047,0.0049,0.0407,0.0,0,0.0,0.0,0.0,0.0,0.0,0.0,0.0,0,14,Tonor,1934.58,188.0,22287.0,5082.2,3.0,SP_SD,0.3806579827633702,2.62703015641638,,644.86,,,Tonor,Condenser Microphone,Tripod,,,TC30,0
FBA77115,TC40,B08V1JS3NY,B08V1JS3NY,"TONOR USB Microphone Kit, Streaming Podcast PC Cardioid Condenser Computer Mic for Gaming, YouTube Video, Recording Music, Voice Over, Studio Mic Bundle with Adjustment Arm Stand(TC40)",65.0,2.0,0.0006,0.0009,103.0,2.0,0.0007,0.0007,0.0,0.0,0,0.0,0.0,0.0,0.0,0.0,0.0,0.0,0,14,Tonor,522.8100000000001,52.0,25162.0,5591.52,2.0,SP_SD,0.0935005150656708,10.695128249268375,,261.40500000000003,,,Tonor,Condenser Microphone,Boom Arm Kit - USB,,,TC40,0
FBA77103,ORCA001,B09Z5Q194D,B09Z5Q194D,"TONOR USB Microphone Computer Gaming Condenser Mic, Noise-Canceling Zero Latency Monitoring for Podcast/Recording/Livestreaming/Teleconferencing on PC/Mac/Android Device, Plug and Play, ORCA001",30.0,1.0,0.0003,0.0004,41.0,1.0,0.0003,0.0003,0.0571,0.0,0,0.0,0.0,0.0,0.0,0.0,0.0,0.0,0,14,Tonor,100.45,9.0,1483.0,0.0,0.0,SP_SD,,0.0,,,,,Tonor,Condenser Microphone,Stand,,,ORCA001,0
FBA79574,TC30S,B0B4WTHLX5,B0B4WTHLX5,"TONOR RGB USB Microphone, Cardioid Condenser Computer PC Mic with Tripod Stand, Pop Filter, Shock Mount for Gaming, Streaming, Podcasting, YouTube, Twitch, Compatible with Laptop Desktop,TC30 with RGB",41.0,2.0,0.0004,0.0009,67.0,3.0,0.0005,0.001,0.0,0.0,0,0.0,0.0,0.0,0.0,0.0,0.0,0.0,0,14,Tonor,0.0,0.0,0.0,0.0,0.0,SP_SD,,,,,,,Tonor,Condenser Microphone,Tripod+RGB,,,TC30S,0
FBA77116,TC40S,B0BBL47VR5,B0BBL47VR5,"TONOR RGB USB Gaming Microphone Kit, Podcast Microphone for PC, One-tap Mute for Streaming, Cardioid Condenser Microphone for PS4/5 Gamer Youtuber, Studio Mic Bundle with Adjustment Arm Stand",87.0,8.0,0.0008,0.0035,112.0,8.0,0.0008,0.0026,0.0189,0.0,0,0.0,0.0,0.0,0.0,0.0,0.0,0.0,0,14,Tonor,1020.5,87.0,30432.0,2965.25,1.0,SP_SD,0.3441531068206728,2.9056834884860363,,1020.5,,,Tonor,Condenser Microphone,Boom Arm Kit - USB - RGB,,,TC40S,0
FBA79576,TC30S+,B0BRCR2QQ7,B0BRCR2QQ7,"TONOR USB Gaming Microphone, RGB Streaming Microfono Set, PC Podcast Recording Computer Mic for PS4/5, Discord, Twitch, Cardioid Condenser Mic with Adjustable Boom Arm Stand TC30S+",30.0,0.0,0.0003,0.0,40.0,0.0,0.0003,0.0,0.1714,0.0,0,0.0,0.0,0.0,0.0,0.0,0.0,0.0,0,14,Tonor,91.49,11.0,1690.0,0.0,0.0,SP_SD,,0.0,,,,,Tonor,Condenser Microphone,Boom Arm Kit + RGB,,,TC30S+,0
FBA79112,T90,B0BRKDLXCD,B0BRKDLXCD,"RGB Boom Arm, TONOR Adjustable Mic Stand with RGB Light for HyperX QuadCast/Blue Yeti/Shure SM7B/Rode NT1, Rotatable Suspension Boom Scissor Stand for Gaming Streaming Podcasting YouTube Recording T90",137.0,7.0,0.0012,0.0031,172.0,9.0,0.0012,0.0029,1.0,1.0,0,0.0,0.0,0.0,0.0,0.0,0.0,0.0,0,14,Tonor,1106.5,102.0,17270.0,0.0,0.0,SP_SD,,0.0,,,,,Tonor,Accessories,Boom Arm - RGB,,,T90,0
FBA79111,TD510,B0BRKFP94K,B0BRKFP94K,"TONOR TD510 Dynamic Microphone, USB/XLR PC Microphone for Podcast, Recording, Live Streaming & Gaming, XLR Cardioid Studio Mic Music Voice-Over with Quick Mute, Headphone Output, Volume Control",282.0,12.0,0.0025,0.0052,389.0,13.0,0.0027,0.0042,0.2749,0.0,0,0.0,0.0,0.0,0.0,0.0,0.0,0.0,0,14,Tonor,1787.53,183.0,56157.0,3388.98,2.0,SP_SD,0.5274536881303519,1.895901047814582,,893.765,,,Tonor,Dynamic Microphone,USB/XLR Mic,,,TD510,0
FBA79113,TC310,B0BTCXQQ6M,B0BTCXQQ6M,"TONOR Gaming Mic, USB Microphone for PC Computer, Cardioid Condenser Mic with Adjustable RGB Modes & Brightness, Quick Mute, Gain Control, for Streaming, Podcasting, Recording, PS4/5 Desktop TC310",237.0,5.0,0.0021,0.0022,367.0,11.0,0.0025,0.0036,0.1474,0.0,0,0.0,0.0,0.0,0.0,0.0,0.0,0.0,0,14,Tonor,607.6800000000001,92.0,16328.0,4235.6,2.0,SP_SD,0.1434696383039002,6.970115850447604,,303.84000000000003,,,Tonor,Condenser Microphone,Tripod - RGB,,,TC310,0
FBA79586,TRL-20,B0CH9JR3HL,B0CH9JR3HL,"TONOR Top Ring Light Kit, 10 Inch Ring Light with Heavy Duty Bracket Arm and Phone Holder for Video Recording, Live Streaming, Drawing, Nail Makeup",5.0,0.0,0.0,0.0,5.0,0.0,0.0,0.0,1.0,0.0,0,0.0,0.0,0.0,0.0,0.0,0.0,0.0,0,14,Tonor,0.0,0.0,0.0,0.0,0.0,,,,,,,,Tonor,Accessories,Ring Light,,,TRL-20,0
FBA79696,TD310+,B0CQX3VB1R,B0CQX3VB1R,"TONOR Dynamic USB/Type-C Microphone for PC, RGB Podcast Computer Gaming Microphone with Arm Stand for Recording, Live, Streaming, YouTube, Vocals, Studio, Karaoke Microphone, Quick Mute Button, Black",335.0,6.0,0.003,0.0026,538.0,6.0,0.0037,0.002,0.0154,0.0,0,0.0,0.0,0.0,0.0,0.0,0.0,0.0,0,14,Tonor,3060.9700000000003,180.0,38020.0,13552.55,8.0,SP_SD,0.2258593401241833,4.427534409027203,,382.62125,,,Tonor,Dynamic Microphone,Hand held Mic + Boom Arm,,,TD310+,0
FBA79577,TM310,B0CSCT63BL,B0CSCT63BL,"TONOR TM310 USB Conference Microphone for Laptop, Adjustable Computer PC Mic with Mute Button & LED Indicator for Video Call Meeting, Mic for Desktop Zoom Skype YouTube, Plug-Play for MacOS Windows",135.0,3.0,0.0012,0.0013,176.0,3.0,0.0012,0.001,0.2013,0.0,0,0.0,0.0,0.0,0.0,0.0,0.0,0.0,0,14,Tonor,1009.29,54.0,11757.0,0.0,0.0,SP_SD,,0.0,,,,,Tonor,Conference Microphone,Wired,,,TM310,0
FBA79116,TC-777 PRO,B0BYHHSLPC,B0BYHHSLPC,"TONOR TC777 Pro Gaming USB Microphone for PC, RGB Condenser Computer Mic with Tripod Stand, Quick Mute, Gain Control, for Gaming, Streaming, Podcasting, Recording, Cardioid Mic Kit for Laptop/PS4/PS5",0.0,,,,,,,,,,16,,,,25749.12,,,,0,14,Tonor,2223.54,294.0,20997.0,11265.24,7.0,SP_SD,0.1973806150601318,5.066353652284196,,317.6485714285714,,,Tonor,Condenser Microphone,Tripod - RGB,,,TC-777 PRO,16
FBA79696,TD310+,B0CQX3VB1R,B0CQX3VB1R,"TONOR Dynamic USB/Type-C Microphone for PC, RGB Podcast Computer Gaming Microphone with Arm Stand for Recording, Live, Streaming, YouTube, Vocals, Studio, Karaoke Microphone, Quick Mute Button, Black",0.0,,,,,,,,,,11,,,,18634.74,,,,0,14,Tonor,3060.9700000000003,180.0,38020.0,13552.55,8.0,SP_SD,0.2258593401241833,4.427534409027203,,382.62125,,,Tonor,Dynamic Microphone,Hand held Mic + Boom Arm,,,TD310+,11
FBA77111,TC30,B08CVP2HXP,B08CVP2HXP,"TONOR USB Microphone, Condenser Computer PC Mic with Tripod Stand, Metal,Pop Filter, Shock Mount for Gaming,Streaming,Podcasting,YouTube, Voice Over,Skype, Twitch,Compatible with Laptop Desktop, TC30",0.0,,,,,,,,,,7,,,,13044.92,,,,0,14,Tonor,1934.58,188.0,22287.0,5082.2,3.0,SP_SD,0.3806579827633702,2.62703015641638,,644.86,,,Tonor,Condenser Microphone,Tripod,,,TC30,7
FBA79113,TC310,B0BTCXQQ6M,B0BTCXQQ6M,"TONOR Gaming Mic, USB Microphone for PC Computer, Cardioid Condenser Mic with Adjustable RGB Modes & Brightness, Quick Mute, Gain Control, for Streaming, Podcasting, Recording, PS4/5 Desktop TC310",0.0,,,,,,,,,,4,,,,8471.2,,,,0,14,Tonor,607.6800000000001,92.0,16328.0,4235.6,2.0,SP_SD,0.1434696383039002,6.970115850447604,,303.84000000000003,,,Tonor,Condenser Microphone,Tripod - RGB,,,TC310,4
FBA77101,TC-777,B07WLWN2ZT,B07WLWN2ZT,"TONOR USB Gaming Microphone, Computer Condenser PC Mic with Tripod Stand & Pop for Streaming, Podcasting, Vocal Recording, Compatible with iMac PC Laptop Desktop Windows Computer, TC-777",0.0,,,,,,,,,,5,,,,8470.35,,,,0,14,Tonor,3334.98,343.0,26558.0,13806.78,8.0,SP_SD,0.2415465445237774,4.1399888455103175,,416.8725,,,Tonor,Condenser Microphone,Tripod,,,TC-777,5
FBA77117,S20,B078WNW4YW,B078WNW4YW,"TONOR Wireless Microphone Isolation Shield, Mic Sound Absorbing Foam Reflector for Any Condenser Recording Equipment Studio (Black)",0.0,,,,,,,,,,3,,,,6607.62,,,,0,14,Tonor,250.49,35.0,2760.0,2202.54,1.0,SP_SD,0.1137277870095435,8.792925865304003,,250.49,,,Tonor,Accessories,Microphone Isolation Shield,,,S20,3
FBA77115,TC40,B08V1JS3NY,B08V1JS3NY,"TONOR USB Microphone Kit, Streaming Podcast PC Cardioid Condenser Computer Mic for Gaming, YouTube Video, Recording Music, Voice Over, Studio Mic Bundle with Adjustment Arm Stand(TC40)",0.0,,,,,,,,,,2,,,,5591.52,,,,0,14,Tonor,522.8100000000001,52.0,25162.0,5591.52,2.0,SP_SD,0.0935005150656708,10.695128249268375,,261.40500000000003,,,Tonor,Condenser Microphone,Boom Arm Kit - USB,,,TC40,2
FBA79111,TD510,B0BRKFP94K,B0BRKFP94K,"TONOR TD510 Dynamic Microphone, USB/XLR PC Microphone for Podcast, Recording, Live Streaming & Gaming, XLR Cardioid Studio Mic Music Voice-Over with Quick Mute, Headphone Output, Volume Control",0.0,,,,,,,,,,1,,,,3388.98,,,,0,14,Tonor,1787.53,183.0,56157.0,3388.98,2.0,SP_SD,0.5274536881303519,1.895901047814582,,893.765,,,Tonor,Dynamic Microphone,USB/XLR Mic,,,TD510,1
FBA77116,TC40S,B0BBL47VR5,B0BBL47VR5,"TONOR RGB USB Gaming Microphone Kit, Podcast Microphone for PC, One-tap Mute for Streaming, Cardioid Condenser Microphone for PS4/5 Gamer Youtuber, Studio Mic Bundle with Adjustment Arm Stand",0.0,,,,,,,,,,1,,,,2965.25,,,,0,14,Tonor,1020.5,87.0,30432.0,2965.25,1.0,SP_SD,0.3441531068206728,2.9056834884860363,,1020.5,,,Tonor,Condenser Microphone,Boom Arm Kit - USB - RGB,,,TC40S,1
FBA79114,TC310+,B0CCV74CL7,B0CCV74CL7,"TONOR TC310+ RGB Condenser Mic with Boom Arm Quick Mute, RGB Lighting, Pop Filter, Shock Mount,Gaming USB Microphone Set for PC Gain Control for Streaming Podcasting Recording Discord Twitch YouTube",0.0,,,,,,,,,,1,,,,2541.52,,,,0,14,Tonor,707.6899999999999,61.0,5952.0,7455.09,3.0,SP_SD,0.0949270900820781,10.534400655654313,,235.89666666666665,,,Tonor,Condenser Microphone,Boom Arm Kit - USB - RGB,,,TC310+,1
FBA77106,T20,B082W4B7SX,B082W4B7SX,"TONOR Microphone Arm Stand, TONOR Adjustable Suspension Boom Scissor Mic Stand with Pop , 3/8"" to 5/8"" Adapter, Mic Clip, Upgraded Heavy Duty Clamp for Blue Yeti Nano Snowball Ice and Other Mics(T20)",0.0,,,,,,,,,,1,,,,2075.42,,,,0,14,Tonor,453.73,32.0,5189.0,4150.84,2.0,SP_SD,0.1093104046409883,9.148259978401253,,226.865,,,Tonor,Accessories,Boom Arm Kit,,,T20,1
FBA77113,K1,B01ISNU3X4,B01ISNU3X4,"TONOR Dynamic Karaoke Microphone for Singing with 4.5m XLR Cable, Metal Handheld Mic Compatible with Karaoke Machine/Speaker/Amp/Mixer for Karaoke Singing, Speech, Wedding, Stage and Outdoor Activity",0.0,,,,,,,,,,1,,,,1609.32,,,,0,14,Tonor,342.32,43.0,6316.0,0.0,0.0,SP_SD,,0.0,,,,,Tonor,Dynamic Microphone,Hand held Mic,,,K1,1
FBA79575,TC30+,B0BG8CJXHH,B0BG8CJXHH,"TONOR USB Microphone Kit, PC Podcast Recording Cardioid Condenser Computer Mic Set for Gaming, Streaming, Singing, Voice Over, YouTube, Studio Mic Bundle with Adjustable Arm Stand, TC30+",0.0,,,,,,,,,,0,,,,0.0,,,,0,14,Tonor,0.0,0.0,0.0,0.0,0.0,,,,,,,,Tonor,Condenser Microphone,Boom Arm Kit,,,TC30+,0
FBA79574,TC30S,B0B4WTHLX5,B0B4WTHLX5,"TONOR RGB USB Microphone, Cardioid Condenser Computer PC Mic with Tripod Stand, Pop Filter, Shock Mount for Gaming, Streaming, Podcasting, YouTube, Twitch, Compatible with Laptop Desktop,TC30 with RGB",0.0,,,,,,,,,,0,,,,0.0,,,,0,14,Tonor,0.0,0.0,0.0,0.0,0.0,SP_SD,,,,,,,Tonor,Condenser Microphone,Tripod+RGB,,,TC30S,0
FBA79112,T90,B0BRKDLXCD,B0BRKDLXCD,"RGB Boom Arm, TONOR Adjustable Mic Stand with RGB Light for HyperX QuadCast/Blue Yeti/Shure SM7B/Rode NT1, Rotatable Suspension Boom Scissor Stand for Gaming Streaming Podcasting YouTube Recording T90",0.0,,,,,,,,,,-2,,,,-6947.46,,,,0,14,Tonor,1106.5,102.0,17270.0,0.0,0.0,SP_SD,,0.0,,,,,Tonor,Accessories,Boom Arm - RGB,,,T90,-2
