asin,sku,quantity,item_price_per_unit,shipping_price,gift_wrap_price,shipment_date,fulfillment_center,amazon_order_id,currency,seller_account,gross_sales
B0CDPMX152,FBA78980,1,1787.29,33.9,0.0,2026-09-05T23:42:46+00:00,CCX2,408-3635492-1289934,INR,NEXLEV,1787.29
B0CDPMX152,FBA78980,1,1787.29,33.9,0.0,2026-09-05T23:41:46+00:00,CCX2,408-5524284-0750763,INR,NEXLEV,1787.29
B0D9KDQCCM,FBA79349,1,951.42,0.0,0.0,2026-09-05T23:23:49+00:00,HYD8,407-3173669-9495547,INR,NEXLEV,951.42
B0DQCWRG3H,FBA79493,1,1694.06,33.9,0.0,2026-09-05T23:05:50+00:00,BLR8,171-5525024-3942715,INR,NEXLEV,1694.06
B0FSF1N457,FBA79811,1,448.3,33.9,0.0,2026-09-05T22:55:52+00:00,BLR7,404-9078469-3199539,INR,NEXLEV,448.3
B0DQCWRG3H,FBA79493,1,1694.06,33.9,0.0,2026-09-05T22:52:44+00:00,AMD2,171-6153373-0941951,INR,NEXLEV,1694.06
B0D9KFP4MG,FBA79405,1,1524.58,33.9,0.0,2026-09-05T22:45:50+00:00,DED4,402-8667360-2619566,INR,NEXLEV,1524.58
B0CDPP45BM,FBA78981,1,3388.14,0.0,0.0,2026-09-05T22:29:49+00:00,DEL4,404-8019310-6842701,INR,NEXLEV,3388.14
B0DQCWRG3H,FBA79493,1,1694.06,0.0,0.0,2026-09-05T22:19:56+00:00,PNQ3,402-9731752-7746745,INR,NEXLEV,1694.06
B0DQCWRG3H,FBA79493,1,1694.06,33.9,0.0,2026-09-05T22:12:48+00:00,BLR7,403-4352706-2241145,INR,NEXLEV,1694.06
B0D2LJSQXZ,FBA79276,1,0.0,0.0,0.0,2026-09-05T21:45:46+00:00,BLR7,404-3529792-5132322,INR,NEXLEV,0.0
B0CDPP45BM,FBA78981,1,3388.14,0.0,0.0,2026-09-05T21:41:49+00:00,PNQ3,403-8276567-2221147,INR,NEXLEV,3388.14
B0F43P6D23,FBA79652,1,2964.4,0.0,0.0,2026-09-05T21:35:45+00:00,BOM5,405-0271935-3173165,INR,NEXLEV,2964.4
B0DFCDZWND,FBA79472,1,1189.52,0.0,0.0,2026-09-05T21:00:44+00:00,MAA4,408-8243888-0290714,INR,NEXLEV,1189.52
B0CDPP45BM,FBA78981,1,3388.14,33.9,0.0,2026-09-05T19:47:51+00:00,HYD8,402-1101094-2052325,INR,NEXLEV,3388.14
B0DK9LYT4P,FBA79467,1,0.0,0.0,0.0,2026-09-05T19:37:34+00:00,CJB1,NLshop-11627/26-27,INR,NEXLEV,0.0
B0DCK7ZH5P,FBA79439,1,2880.51,0.0,0.0,2026-09-05T19:34:50+00:00,LKO1,403-3619255-6034700,INR,NEXLEV,2880.51
B0DQCWRG3H,FBA79493,1,1694.07,33.9,0.0,2026-09-05T19:33:47+00:00,DEL5,402-1030705-4828313,INR,NEXLEV,1694.07
B0CDPMX152,FBA78980,1,1787.28,16.1,0.0,2026-09-05T19:26:44+00:00,MAA4,402-6681025-2221159,INR,NEXLEV,1787.28
B0CDPP45BM,FBA78981,1,3388.14,16.1,0.0,2026-09-05T19:25:52+00:00,BLR7,402-9484907-1118764,INR,NEXLEV,3388.14
B0CDPMX152,FBA78980,1,1787.28,33.9,0.0,2026-09-05T19:15:49+00:00,BOM5,403-9423519-8794718,INR,NEXLEV,1787.28
B0CDPP45BM,FBA78981,1,3388.14,0.0,0.0,2026-09-05T19:14:56+00:00,BLR8,406-7863804-1997932,INR,NEXLEV,3388.14
B0CDPMX152,FBA78980,1,0.0,0.0,0.0,2026-09-05T18:52:34+00:00,BOM5,NLshop-11628/26-27,INR,NEXLEV,0.0
B0F43P6D23,FBA79652,1,2964.41,5.36,0.0,2026-09-05T18:51:53+00:00,DED4,402-7143861-9000324,INR,NEXLEV,2964.41
B0F43P6D23,FBA79652,1,2964.41,0.0,0.0,2026-09-05T18:51:53+00:00,DED4,408-7643118-2181903,INR,NEXLEV,2964.41
B0DQCWRG3H,FBA79493,1,1694.07,33.9,0.0,2026-09-05T18:45:46+00:00,DED4,404-9893069-0590752,INR,NEXLEV,1694.07
B0F43P6D23,FBA79652,1,2964.41,0.0,0.0,2026-09-05T18:44:49+00:00,DED4,405-1765738-2091538,INR,NEXLEV,2964.41
B0DCK7ZH5P,FBA79439,1,2880.5,0.0,0.0,2026-09-05T18:21:48+00:00,BLR7,405-9401799-2871538,INR,NEXLEV,2880.5
B0CDPMX152,FBA78980,1,1787.29,33.9,0.0,2026-09-05T18:13:47+00:00,DED4,171-6705291-0585152,INR,NEXLEV,1787.29
B0GGHZWMVW,FBA79971,1,10168.64,0.0,0.0,2026-09-05T18:06:56+00:00,BOM5,404-9495129-9433935,INR,NEXLEV,10168.64
B0D9KFP4MG,FBA79405,1,1524.58,33.9,0.0,2026-09-05T18:04:53+00:00,HYD8,403-0186267-0693947,INR,NEXLEV,1524.58
B0DNJS23HS,FBA79567,1,5083.9,0.0,0.0,2026-09-05T17:56:41+00:00,BOM5,404-0320856-4927557,INR,NEXLEV,5083.9
B0DNJS23HS,FBA79567,1,5083.9,33.9,0.0,2026-09-05T17:55:49+00:00,BOM5,405-9692404-9328368,INR,NEXLEV,5083.9
B0CDPP45BM,FBA78981,1,0.0,0.0,0.0,2026-09-05T17:46:43+00:00,BOM5,405-2473461-0225913,INR,NEXLEV,0.0
B0F43P6D23,FBA79652,1,2964.4,0.0,0.0,2026-09-05T17:37:49+00:00,BLR8,405-8940435-4287505,INR,NEXLEV,2964.4
B0CYSLCRQS,FBA79263,1,2540.68,8.05,0.0,2026-09-05T17:35:50+00:00,DEL5,405-4911032-9593939,INR,NEXLEV,2540.68
B0CDPMX152,FBA78980,1,1787.28,33.9,0.0,2026-09-05T17:34:49+00:00,AMD2,402-8128992-9805917,INR,NEXLEV,1787.28
B0D81DLSFT,FBA79348,1,846.61,0.0,0.0,2026-09-05T17:34:05+00:00,CCX1,171-8268279-5369112,INR,NEXLEV,846.61
B0CDPP45BM,FBA78981,1,3388.14,0.0,0.0,2026-09-05T17:32:50+00:00,BOM5,407-4215750-7669136,INR,NEXLEV,3388.14
B0CDPMX152,FBA78980,1,0.0,0.0,0.0,2026-09-05T17:20:32+00:00,BOM5,NLshop-11630/26-27,INR,NEXLEV,0.0
B0D9KFP4MG,FBA79405,1,1524.58,33.9,0.0,2026-09-05T17:04:47+00:00,DEL5,402-9455562-1639505,INR,NEXLEV,1524.58
B0DQCWRG3H,FBA79493,1,1694.06,66.94,0.0,2026-09-05T16:45:45+00:00,CJB1,405-6606960-1434729,INR,NEXLEV,1694.06
B0D845B2DG,FBA79280,1,1270.34,33.9,0.0,2026-09-05T16:33:55+00:00,BOM5,403-0598110-8580324,INR,NEXLEV,1270.34
B0D8445KJN,FBA79279,1,761.86,0.0,0.0,2026-09-05T16:07:50+00:00,AMD2,408-1379609-7320300,INR,NEXLEV,761.86
B0CYSLCRQS,FBA79263,1,2540.68,0.0,0.0,2026-09-05T16:06:53+00:00,BOM5,171-0618687-7844301,INR,NEXLEV,2540.68
B0F43P6D23,FBA79652,1,2964.4,0.0,0.0,2026-09-05T16:06:44+00:00,BOM5,171-6409745-4793918,INR,NEXLEV,2964.4
B0F43P6D23,FBA79652,1,2964.4,0.0,0.0,2026-09-05T16:03:51+00:00,AMD2,405-1114653-0201123,INR,NEXLEV,2964.4
B0CDPP45BM,FBA78981,1,3388.14,33.9,0.0,2026-09-05T15:46:48+00:00,AMD2,405-2863640-9002752,INR,NEXLEV,3388.14
B0DQCWRG3H,FBA79493,1,1694.07,33.9,0.0,2026-09-05T15:33:51+00:00,BLR8,408-1461752-0849930,INR,NEXLEV,1694.07
B0CDPP45BM,FBA78981,1,3388.14,0.0,0.0,2026-09-05T15:33:49+00:00,HYD8,407-3424198-7913116,INR,NEXLEV,3388.14
B0DQCWRG3H,FBA79493,1,1694.06,66.94,0.0,2026-09-05T15:29:51+00:00,HYD8,171-7798805-6929124,INR,NEXLEV,1694.06
B0D67727VG,FBP79350,1,0.0,0.0,0.0,2026-09-05T15:28:47+00:00,BOM5,404-9282801-2628357,INR,NEXLEV,0.0
B0FSF1N457,FBA79811,1,448.3,16.1,0.0,2026-09-05T15:17:53+00:00,BLR7,404-3789406-0693137,INR,NEXLEV,448.3
B0CDPP45BM,FBA78981,1,3388.14,0.0,0.0,2026-09-05T15:12:55+00:00,BOM5,408-5094921-2670742,INR,NEXLEV,3388.14
B0FS6TB7CP,FBA79812,1,1863.56,16.1,0.0,2026-09-05T15:04:42+00:00,BLR7,171-2715447-8723556,INR,NEXLEV,1863.56
B0F43P6D23,FBA79652,1,2964.4,16.1,0.0,2026-09-05T15:03:51+00:00,BLR8,403-9807196-8501911,INR,NEXLEV,2964.4
B0F43P6D23,FBA79652,1,2964.4,16.1,0.0,2026-09-05T15:03:46+00:00,BLR8,408-5598754-4213137,INR,NEXLEV,2964.4
B0F43P6D23,FBA79652,1,2964.4,33.9,0.0,2026-09-05T15:03:44+00:00,PNQ3,408-4593446-5200367,INR,NEXLEV,2964.4
B0F43P6D23,FBA79652,1,2964.4,0.0,0.0,2026-09-05T14:58:46+00:00,BLR8,407-0867653-0028334,INR,NEXLEV,2964.4
B0DQCWRG3H,FBA79493,1,1694.07,50.0,0.0,2026-09-05T14:53:54+00:00,AMD2,402-5899162-4415565,INR,NEXLEV,1694.07
B0CDPP45BM,FBA78981,1,3388.14,0.0,0.0,2026-09-05T14:49:47+00:00,AMD2,403-3246979-3028308,INR,NEXLEV,3388.14
B0FSF1N457,FBA79811,1,448.31,0.0,0.0,2026-09-05T14:40:49+00:00,BLR8,408-6919469-7791517,INR,NEXLEV,448.31
B0DQCWRG3H,FBA79493,1,1694.07,33.9,0.0,2026-09-05T14:36:53+00:00,BLR8,405-3569123-9363561,INR,NEXLEV,1694.07
B0F43P6D23,FBA79652,1,2964.4,16.1,0.0,2026-09-05T14:28:50+00:00,DED4,405-3157098-5595569,INR,NEXLEV,2964.4
B0DCGHKRXX,FBA79440,1,0.0,0.0,0.0,2026-09-05T14:17:34+00:00,DEL4,NLshop-11625/26-27,INR,NEXLEV,0.0
B0DK9LYT4P,FBA79467,1,0.0,0.0,0.0,2026-09-05T14:08:32+00:00,CJB1,NLshop-11626/26-27,INR,NEXLEV,0.0
B0CDPMX152,FBA78980,1,0.0,0.0,0.0,2026-09-05T14:01:42+00:00,MAA4,404-8950262-8745152,INR,NEXLEV,0.0
B0DNJS23HS,FBA79567,1,5083.9,33.9,0.0,2026-09-05T13:56:47+00:00,BOM5,402-1915098-7059516,INR,NEXLEV,5083.9
B0DNJS23HS,FBA79567,1,5083.9,0.0,0.0,2026-09-05T13:56:47+00:00,BOM5,406-4875438-6908342,INR,NEXLEV,5083.9
B0GGHZWMVW,FBA79971,1,10168.64,0.0,0.0,2026-09-05T13:51:48+00:00,BOM5,171-0117561-3018744,INR,NEXLEV,10168.64
B0GN94YDY2,FBA79992,1,9321.18,0.0,0.0,2026-09-05T13:43:43+00:00,MAA4,402-9527843-5116340,INR,NEXLEV,9321.18
B0CDPMX152,FBA78980,1,0.0,0.0,0.0,2026-09-05T13:39:43+00:00,MAA4,404-1551800-2190715,INR,NEXLEV,0.0
B0DQCWRG3H,FBA79493,1,1694.06,33.9,0.0,2026-09-05T13:27:44+00:00,BLR8,403-2913731-9039557,INR,NEXLEV,1694.06
B0DCK7ZH5P,FBA79439,1,0.0,0.0,0.0,2026-09-05T12:55:45+00:00,BOM5,406-4425583-7192300,INR,NEXLEV,0.0
B0DQCWRG3H,FBA79493,1,1694.07,33.9,0.0,2026-09-05T12:51:47+00:00,HYD8,405-9493534-3913145,INR,NEXLEV,1694.07
B0CDPP45BM,FBA78981,1,3388.14,0.0,0.0,2026-09-05T12:50:44+00:00,BOM7,404-0055117-5607513,INR,NEXLEV,3388.14
B0CDPMX152,FBA78980,1,1787.28,0.0,0.0,2026-09-05T12:45:49+00:00,PNQ3,405-1264391-0336359,INR,NEXLEV,1787.28
B0GGHZWMVW,FBA79971,1,10168.64,0.0,0.0,2026-09-05T12:42:43+00:00,BOM5,404-8956822-6856357,INR,NEXLEV,10168.64
B0CDPMX152,FBA78980,3,1787.29,0.0,0.0,2026-09-05T12:31:47+00:00,HYD8,402-0320162-3350728,INR,NEXLEV,5361.87
B0CYSLCRQS,FBA79263,1,2540.68,16.1,0.0,2026-09-05T12:31:45+00:00,HYD8,404-0273319-9858714,INR,NEXLEV,2540.68
B0F43P6D23,FBA79652,1,2964.4,0.0,0.0,2026-09-05T12:29:49+00:00,BOM5,407-0509137-4874713,INR,NEXLEV,2964.4
B0CYSLCRQS,FBA79263,1,2540.68,33.9,0.0,2026-09-05T12:22:44+00:00,BOM5,405-5747484-4341155,INR,NEXLEV,2540.68
B0D383WQPB,FBA79268,1,1651.69,33.9,0.0,2026-09-05T12:18:54+00:00,HYD8,404-2162870-6069167,INR,NEXLEV,1651.69
B0CDPP45BM,FBA78981,1,3388.14,0.0,0.0,2026-09-05T12:12:51+00:00,BOM7,403-5793849-4781960,INR,NEXLEV,3388.14
B0GGHZWMVW,FBA79971,1,10168.64,33.9,0.0,2026-09-05T12:10:42+00:00,BOM5,405-0203922-8566732,INR,NEXLEV,10168.64
B0FSF1N457,FBA79811,1,448.3,33.9,0.0,2026-09-05T12:05:43+00:00,AMD2,403-7029903-3358751,INR,NEXLEV,448.3
B0F43P6D23,FBA79652,1,2964.41,0.0,0.0,2026-09-05T12:00:59+00:00,LKO1,404-4421690-4564349,INR,NEXLEV,2964.41
B0D83Q7L8W,FBA79271,1,1185.6,33.9,0.0,2026-09-05T11:50:47+00:00,MAA4,403-7942819-0317134,INR,NEXLEV,1185.6
B0DK9LYT4P,FBA79467,1,0.0,0.0,0.0,2026-09-05T11:50:37+00:00,BLR8,NLshop-11621/26-27,INR,NEXLEV,0.0
B0GM1CZC7Y,FBA79984,1,4490.68,0.0,0.0,2026-09-05T11:47:50+00:00,BOM5,402-7400687-8769145,INR,NEXLEV,4490.68
B0DQCWRG3H,FBA79493,1,1694.07,50.0,0.0,2026-09-05T11:32:47+00:00,AMD2,404-5353619-1064313,INR,NEXLEV,1694.07
B0FS6TB7CP,FBA79812,1,1863.56,33.9,0.0,2026-09-05T11:31:49+00:00,CCX1,406-9150829-6216362,INR,NEXLEV,1863.56
B0DQCWRG3H,FBA79493,1,1694.06,66.94,0.0,2026-09-05T11:29:44+00:00,BOM5,408-9945396-8490744,INR,NEXLEV,1694.06
B0CDPP45BM,FBA78981,1,3388.14,16.1,0.0,2026-09-05T11:07:50+00:00,BLR7,408-4167043-2931521,INR,NEXLEV,3388.14
B0DCGHVN81,FBA79452,1,1778.81,0.0,0.0,2026-09-05T10:46:47+00:00,DEL4,404-6268466-7865109,INR,NEXLEV,1778.81
B0CDPP45BM,FBA78981,1,3388.14,0.0,0.0,2026-09-05T10:40:46+00:00,AMD2,402-1413908-6461107,INR,NEXLEV,3388.14
B0F43P6D23,FBA79652,1,2964.41,0.0,0.0,2026-09-05T10:39:48+00:00,DED4,407-6518103-7236330,INR,NEXLEV,2964.41
B0D9KDQCCM,FBA79349,1,951.43,0.0,0.0,2026-09-05T10:32:44+00:00,CJB1,405-9255037-3166753,INR,NEXLEV,951.43
B0CDPMX152,FBA78980,1,1787.29,0.0,0.0,2026-09-05T10:29:52+00:00,DED4,403-5230722-8046738,INR,NEXLEV,1787.29
B0FJ1ZB4G9,FBA79707,1,0.0,0.0,0.0,2026-09-05T09:55:32+00:00,AMD2,NLshop-11624/26-27,INR,NEXLEV,0.0
B0FJ1ZB4G9,FBA79707,1,0.0,0.0,0.0,2026-09-05T09:55:32+00:00,AMD2,NLshop-11624/26-27,INR,NEXLEV,0.0
B0DCK3N2JJ,FBA79406,1,2424.58,0.0,0.0,2026-09-05T09:38:54+00:00,CCX1,171-5110942-9577159,INR,NEXLEV,2424.58
B0D845B2DG,FBA79280,1,1270.34,33.9,0.0,2026-09-05T09:33:46+00:00,DEL4,405-0462716-9918705,INR,NEXLEV,1270.34
B0CYSLCRQS,FBA79263,1,2540.68,33.9,0.0,2026-09-05T09:16:48+00:00,DEL5,402-1085741-7223553,INR,NEXLEV,2540.68
B0F43P6D23,FBA79652,1,2964.4,0.0,0.0,2026-09-05T08:51:54+00:00,BOM5,403-3248883-0435550,INR,NEXLEV,2964.4
B0GGHZWMVW,FBA79971,1,10168.64,0.0,0.0,2026-09-05T08:50:43+00:00,BOM5,408-2852901-3349157,INR,NEXLEV,10168.64
B0GGHZWMVW,FBA79971,1,10168.64,0.0,0.0,2026-09-05T08:49:43+00:00,BOM5,171-4814157-4798733,INR,NEXLEV,10168.64
B0CDPP45BM,FBA78981,1,3388.14,33.9,0.0,2026-09-05T08:47:45+00:00,PNQ3,407-0097722-8374752,INR,NEXLEV,3388.14
B0CDPMX152,FBA78980,1,0.0,0.0,0.0,2026-09-05T08:39:33+00:00,LKO1,NLshop-11622/26-27,INR,NEXLEV,0.0
B0FSF1N457,FBA79811,1,448.3,33.9,0.0,2026-09-05T08:34:43+00:00,AMD2,405-7887288-5141115,INR,NEXLEV,448.3
B0DQCWRG3H,FBA79493,1,1694.06,33.9,0.0,2026-09-05T08:27:45+00:00,BLR7,405-2709181-0533917,INR,NEXLEV,1694.06
B0CDPMX152,FBA78980,1,1787.29,0.0,0.0,2026-09-05T08:13:42+00:00,DED4,404-1353058-9508322,INR,NEXLEV,1787.29
B0D8445KJN,FBA79279,1,761.86,33.9,0.0,2026-09-05T08:00:47+00:00,DEL5,171-1260026-3249158,INR,NEXLEV,761.86
B0DQCWRG3H,FBA79493,1,1694.07,33.9,0.0,2026-09-05T07:49:42+00:00,PNQ3,404-8012107-4720349,INR,NEXLEV,1694.07
B0F43P6D23,FBA79652,1,2964.41,0.0,0.0,2026-09-05T07:40:44+00:00,AMD2,171-6602097-4705943,INR,NEXLEV,2964.41
B0F43P6D23,FBA79652,1,2964.41,0.0,0.0,2026-09-05T07:38:48+00:00,BLR8,407-3573660-8513953,INR,NEXLEV,2964.41
B0CDPP45BM,FBA78981,1,3388.14,0.0,0.0,2026-09-05T07:26:47+00:00,BLR8,408-2143288-7312354,INR,NEXLEV,3388.14
B0F43P6D23,FBA79652,1,2964.41,0.0,0.0,2026-09-05T07:24:48+00:00,BLR8,404-1851903-6321118,INR,NEXLEV,2964.41
B0CYSLCRQS,FBA79263,1,2540.68,33.9,0.0,2026-09-05T07:21:46+00:00,DED4,405-9807337-4829131,INR,NEXLEV,2540.68
B0F43P6D23,FBA79652,1,2964.41,0.0,0.0,2026-09-05T07:11:48+00:00,CCX1,408-7653476-7063508,INR,NEXLEV,2964.41
B0DQCWRG3H,FBA79493,1,1694.06,33.9,0.0,2026-09-05T07:08:47+00:00,DED4,171-3420223-1449114,INR,NEXLEV,1694.06
B0DQCWRG3H,FBA79493,1,1694.07,33.9,0.0,2026-09-05T07:07:48+00:00,DED4,407-3280791-5890752,INR,NEXLEV,1694.07
B0F43P6D23,FBA79652,1,2964.41,33.9,0.0,2026-09-05T07:06:49+00:00,BLR8,407-9200106-7902732,INR,NEXLEV,2964.41
B0DCK7ZH5P,FBA79439,1,2880.5,0.0,0.0,2026-09-05T07:02:49+00:00,LKO1,408-6053509-8559544,INR,NEXLEV,2880.5
B0CDPMX152,FBA78980,1,0.0,0.0,0.0,2026-09-05T06:59:35+00:00,HYD8,NLshop-11623/26-27,INR,NEXLEV,0.0
B0GGHZWMVW,FBA79971,1,10168.64,0.0,0.0,2026-09-05T06:56:42+00:00,BOM5,403-9365916-7449905,INR,NEXLEV,10168.64
B0DQCWRG3H,FBA79493,1,1694.07,0.0,0.0,2026-09-05T06:39:45+00:00,BLR7,402-8163605-5414737,INR,NEXLEV,1694.07
B0F43P6D23,FBA79652,1,2964.4,33.9,0.0,2026-09-05T06:27:44+00:00,CCX1,408-2819180-9358756,INR,NEXLEV,2964.4
B0DNJS23HS,FBA79567,1,5083.9,0.0,0.0,2026-09-05T05:50:49+00:00,CCX1,406-0253961-9229964,INR,NEXLEV,5083.9
B0DNJS23HS,FBA79567,1,5083.9,0.0,0.0,2026-09-05T05:45:43+00:00,CCX1,407-1193748-8478761,INR,NEXLEV,5083.9
B0F43P6D23,FBA79652,1,2964.4,0.0,0.0,2026-09-05T05:36:47+00:00,DED4,408-4660057-5992338,INR,NEXLEV,2964.4
B0CDPP45BM,FBA78981,1,3388.14,0.0,0.0,2026-09-05T05:31:58+00:00,BLR8,407-2080968-3921906,INR,NEXLEV,3388.14
B0CYSLCRQS,FBA79263,1,2540.68,0.0,0.0,2026-09-05T05:21:49+00:00,BLR7,402-7499594-0698702,INR,NEXLEV,2540.68
B0CDPP45BM,FBA78981,1,3388.14,0.0,0.0,2026-09-05T05:12:50+00:00,BLR8,405-3874480-4656306,INR,NEXLEV,3388.14
B0DGTGKPJR,FBA79436,1,253.39,0.0,0.0,2026-09-05T05:11:49+00:00,DEL5,403-2109312-8212303,INR,NEXLEV,253.39
B0FSF1N457,FBA79811,1,448.3,0.0,0.0,2026-09-05T05:01:49+00:00,HYD3,407-1513360-0865915,INR,NEXLEV,448.3
B0CYSLCRQS,FBA79263,1,2540.68,33.9,0.0,2026-09-05T04:59:56+00:00,DEL5,402-5190793-4357951,INR,NEXLEV,2540.68
B0F43P6D23,FBA79652,1,2964.4,0.0,0.0,2026-09-05T04:59:51+00:00,BLR8,405-0439598-1768352,INR,NEXLEV,2964.4
B0FS6TB7CP,FBA79812,1,1863.56,33.9,0.0,2026-09-05T04:59:51+00:00,AMD2,407-2099182-3784361,INR,NEXLEV,1863.56
B0CYSLCRQS,FBA79263,1,2540.68,33.9,0.0,2026-09-05T04:55:53+00:00,DEL5,404-7510123-4125902,INR,NEXLEV,2540.68
B0CDPP45BM,FBA78981,1,3388.14,33.9,0.0,2026-09-05T04:46:48+00:00,DEL5,406-6961685-6585107,INR,NEXLEV,3388.14
B0D9KFZYG8,FBA79404,1,1481.36,0.0,0.0,2026-09-05T04:44:42+00:00,AMD2,408-0099523-4430702,INR,NEXLEV,1481.36
B0DQCWRG3H,FBA79493,1,1694.06,33.9,0.0,2026-09-05T04:42:46+00:00,DED4,403-5571040-8314707,INR,NEXLEV,1694.06
B0DNJS23HS,FBA79567,1,5083.9,0.0,0.0,2026-09-05T04:30:50+00:00,BOM5,405-7806964-5349909,INR,NEXLEV,5083.9
B0DQCWRG3H,FBA79493,1,1694.07,33.9,0.0,2026-09-05T04:24:43+00:00,DED4,407-1599725-0161929,INR,NEXLEV,1694.07
B0CDPMX152,FBA78980,1,1787.28,33.9,0.0,2026-09-05T04:23:43+00:00,MAA4,402-4398998-3609943,INR,NEXLEV,1787.28
B0DQCWRG3H,FBA79493,1,1694.07,33.9,0.0,2026-09-05T04:22:51+00:00,BLR7,405-9413431-6019513,INR,NEXLEV,1694.07
B0CDPMX152,FBA78980,1,0.0,0.0,0.0,2026-09-05T04:19:31+00:00,MAA4,NLshop-11620/26-27,INR,NEXLEV,0.0
B0DQCWRG3H,FBA79493,1,1694.06,33.9,0.0,2026-09-05T04:11:47+00:00,BLR8,406-3273194-9112327,INR,NEXLEV,1694.06
B0DCK7ZH5P,FBA79439,1,2880.5,0.0,0.0,2026-09-05T03:54:47+00:00,BOM5,402-6987012-7954750,INR,NEXLEV,2880.5
B0DCGHVN81,FBA79452,1,1778.82,33.9,0.0,2026-09-05T03:45:47+00:00,HYD8,405-7520195-7580350,INR,NEXLEV,1778.82
B0HDCT9QW5,FBA80253,1,1694.07,0.0,0.0,2026-09-05T03:35:51+00:00,DED4,406-3195921-5529110,INR,NEXLEV,1694.07
B0HDD2LYLZ,FBA80252,1,846.61,0.0,0.0,2026-09-05T03:35:51+00:00,DED4,406-3195921-5529110,INR,NEXLEV,846.61
B0F43P6D23,FBA79652,1,2964.41,0.0,0.0,2026-09-05T03:27:55+00:00,CJB1,403-4689493-9559530,INR,NEXLEV,2964.41
B0DJFH6RTL,FBA79473,1,1355.08,33.9,0.0,2026-09-05T03:25:44+00:00,HYD3,402-3228523-6940338,INR,NEXLEV,1355.08
B0CDPP45BM,FBA78981,1,3388.14,33.9,0.0,2026-09-05T03:19:46+00:00,BLR7,404-2752264-6718731,INR,NEXLEV,3388.14
B0F43P6D23,FBA79652,1,2964.41,0.0,0.0,2026-09-04T23:15:47+00:00,BLR8,405-0149680-1165166,INR,NEXLEV,2964.41
B0CDPMX152,FBA78980,1,1787.29,33.9,0.0,2026-09-04T23:00:58+00:00,CCX1,408-1753209-7909956,INR,NEXLEV,1787.29
B0DQCWRG3H,FBA79493,1,1694.06,33.9,0.0,2026-09-04T22:39:45+00:00,PNQ3,404-9921385-4342739,INR,NEXLEV,1694.06
B0DQCWRG3H,FBA79493,1,1694.07,33.9,0.0,2026-09-04T22:27:50+00:00,CJB1,405-8953740-2306709,INR,NEXLEV,1694.07
B0DQCWRG3H,FBA79493,1,1694.07,33.9,0.0,2026-09-04T22:27:50+00:00,CJB1,405-8953740-2306709,INR,NEXLEV,1694.07
B0GLHC8CB3,FBK80024,1,1100.85,0.0,0.0,2026-09-04T22:02:46+00:00,PNQ3,404-5622626-2377154,INR,NEXLEV,1100.85
B0CDPMX152,FBA78980,1,1787.29,33.9,0.0,2026-09-04T21:52:48+00:00,CCX2,406-3317764-2973144,INR,NEXLEV,1787.29
B0D2LJSQXZ,FBA79276,1,3050.0,0.0,0.0,2026-09-04T21:41:19+00:00,BLR8,403-3195758-7804328,INR,NEXLEV,3050.0
B0CDPP45BM,FBA78981,1,3388.14,33.9,0.0,2026-09-04T21:28:45+00:00,DED4,407-2230529-9210720,INR,NEXLEV,3388.14
B0CDPMX152,FBA78980,1,1787.29,33.9,0.0,2026-09-04T21:26:46+00:00,CCX1,408-0560856-3084328,INR,NEXLEV,1787.29
B0DQCWRG3H,FBA79493,1,1694.07,33.9,0.0,2026-09-04T20:59:54+00:00,DED4,406-0367023-2096349,INR,NEXLEV,1694.07
B0FSF1N457,FBA79811,1,0.0,0.0,0.0,2026-09-04T20:34:41+00:00,BOM7,404-6818887-6599565,INR,NEXLEV,0.0
B0CDPP45BM,FBA78981,1,3388.14,0.0,0.0,2026-09-04T19:55:46+00:00,PNQ3,408-8444353-8278749,INR,NEXLEV,3388.14
B0CDPP45BM,FBA78981,1,3388.14,16.1,0.0,2026-09-04T19:47:46+00:00,HYD3,408-0482138-4790740,INR,NEXLEV,3388.14
B0DQCWRG3H,FBA79493,1,1694.06,0.0,0.0,2026-09-04T19:34:46+00:00,MAA4,406-0443698-2972348,INR,NEXLEV,1694.06
B0DQCWRG3H,FBA79493,1,1694.07,66.95,0.0,2026-09-04T19:32:47+00:00,CJB1,408-7476174-6419540,INR,NEXLEV,1694.07
B0D9KFP4MG,FBA79405,1,1524.58,0.0,0.0,2026-09-04T19:27:49+00:00,HYD8,405-4902542-0372352,INR,NEXLEV,1524.58
B0CDPP45BM,FBA78981,1,3388.14,0.0,0.0,2026-09-04T19:27:48+00:00,PNQ3,171-3512750-1411520,INR,NEXLEV,3388.14
B0DQCWRG3H,FBA79493,1,1694.07,33.9,0.0,2026-09-04T19:21:47+00:00,CJB1,402-3450426-8325966,INR,NEXLEV,1694.07
B0CDPMX152,FBA78980,1,1787.29,0.0,0.0,2026-09-04T19:18:55+00:00,CJB1,408-7660711-1257102,INR,NEXLEV,1787.29
B0D9KFP4MG,FBA79405,1,1524.58,16.1,0.0,2026-09-04T19:12:49+00:00,BLR7,403-3930304-5916311,INR,NEXLEV,1524.58
B0CDPMX152,FBA78980,1,1787.28,0.0,0.0,2026-09-04T19:09:51+00:00,BLR8,406-1357978-8523550,INR,NEXLEV,1787.28
B0GN94YDY2,FBA79992,1,9321.18,16.1,0.0,2026-09-04T19:03:52+00:00,BLR8,405-1867583-3369134,INR,NEXLEV,9321.18
B0GGHZWMVW,FBA79971,1,10168.64,0.0,0.0,2026-09-04T19:03:51+00:00,BOM5,402-9831148-5108354,INR,NEXLEV,10168.64
B0GGHZWMVW,FBA79971,1,10168.64,0.0,0.0,2026-09-04T19:01:45+00:00,BOM5,407-7155410-0107557,INR,NEXLEV,10168.64
B0GGHZWMVW,FBA79971,1,10168.64,0.0,0.0,2026-09-04T19:01:43+00:00,BOM5,404-3746531-2409929,INR,NEXLEV,10168.64
B0D25LNDSY,FBA79346,1,550.0,0.0,0.0,2026-09-04T18:57:49+00:00,DEL4,408-8865039-6260311,INR,NEXLEV,550.0
B0GGHZWMVW,FBA79971,1,10168.64,0.0,0.0,2026-09-04T18:55:44+00:00,BOM5,406-5926098-3597167,INR,NEXLEV,10168.64
B0FSF1N457,FBA79811,1,448.31,33.9,0.0,2026-09-04T18:53:59+00:00,DEL5,404-3464037-8059560,INR,NEXLEV,448.31
B0D2P7WLJB,FBA79374,1,253.39,0.0,0.0,2026-09-04T18:47:47+00:00,DEL5,402-8962178-3734714,INR,NEXLEV,253.39
B0CYSLCRQS,FBA79263,1,2540.68,0.0,0.0,2026-09-04T18:46:54+00:00,BOM5,407-7955294-9279523,INR,NEXLEV,2540.68
B0CDPP45BM,FBA78981,1,3388.14,3.22,0.0,2026-09-04T18:35:56+00:00,HYD8,403-9574731-4421960,INR,NEXLEV,3388.14
B0F43P6D23,FBA79652,1,2964.41,0.0,0.0,2026-09-04T18:35:48+00:00,DED4,402-2662998-7598751,INR,NEXLEV,2964.41
B0F43P6D23,FBA79652,1,2964.41,0.0,0.0,2026-09-04T18:34:49+00:00,DED4,403-1190029-5375552,INR,NEXLEV,2964.41
B0CYSLCRQS,FBA79263,1,2540.68,66.94,0.0,2026-09-04T18:33:50+00:00,BLR7,402-1888958-0817905,INR,NEXLEV,2540.68
B0CYSLCRQS,FBA79263,1,2540.68,66.94,0.0,2026-09-04T18:32:50+00:00,BLR7,407-1407878-4563520,INR,NEXLEV,2540.68
B0DQCWRG3H,FBA79493,1,1694.06,66.94,0.0,2026-09-04T18:26:58+00:00,BLR8,408-0986663-0962727,INR,NEXLEV,1694.06
B0CYSLCRQS,FBA79263,1,2540.68,0.0,0.0,2026-09-04T18:18:47+00:00,DED4,406-9973659-5072351,INR,NEXLEV,2540.68
B0CDPMX152,FBA78980,1,1787.28,0.0,0.0,2026-09-04T18:04:51+00:00,BLR8,402-9377014-8665119,INR,NEXLEV,1787.28
B0D67727VG,FBP79350,1,951.42,18.1,0.0,2026-09-04T18:03:49+00:00,BLR8,405-7798597-8854758,INR,NEXLEV,951.42
B0DQCWRG3H,FBA79493,1,1694.06,50.0,0.0,2026-09-04T18:03:47+00:00,PNQ3,408-6767735-7854719,INR,NEXLEV,1694.06
B0FSF1N457,FBA79811,1,448.31,33.9,0.0,2026-09-04T17:36:44+00:00,BOM5,406-4767580-7259542,INR,NEXLEV,448.31
B0DCGHVN81,FBA79452,1,1778.82,33.9,0.0,2026-09-04T17:34:50+00:00,BLR8,408-7157237-7787532,INR,NEXLEV,1778.82
B0F43P6D23,FBA79652,1,2964.41,0.0,0.0,2026-09-04T17:23:53+00:00,DED4,406-5901387-0208318,INR,NEXLEV,2964.41
B0F43P6D23,FBA79652,1,2964.4,0.0,0.0,2026-09-04T17:03:46+00:00,PNQ3,405-6391156-5632333,INR,NEXLEV,2964.4
B0DCGHVN81,FBA79452,1,1778.81,0.0,0.0,2026-09-04T16:59:00+00:00,DEL4,404-3270955-1868316,INR,NEXLEV,1778.81
B0F43P6D23,FBA79652,1,2964.4,0.0,0.0,2026-09-04T16:57:47+00:00,PNQ3,171-8268854-4001140,INR,NEXLEV,2964.4
B0F43P6D23,FBA79652,1,2964.4,0.0,0.0,2026-09-04T16:54:50+00:00,PNQ3,403-7513229-8269115,INR,NEXLEV,2964.4
B0D67727VG,FBP79350,1,951.43,0.0,0.0,2026-09-04T16:46:48+00:00,BLR7,402-9710200-5157966,INR,NEXLEV,951.43
B0DCK7ZH5P,FBA79439,1,2880.5,66.94,0.0,2026-09-04T16:27:47+00:00,BLR7,402-2649475-8305949,INR,NEXLEV,2880.5
B0DCK7ZH5P,FBA79439,1,2880.51,0.0,0.0,2026-09-04T16:24:45+00:00,LKO1,406-6897103-1449163,INR,NEXLEV,2880.51
B0CDPP45BM,FBA78981,1,3388.14,0.0,0.0,2026-09-04T16:14:52+00:00,DED4,171-2177994-0569134,INR,NEXLEV,3388.14
B0DQCWRG3H,FBA79493,1,1694.06,0.0,0.0,2026-09-04T15:18:57+00:00,BLR7,402-8067001-9589963,INR,NEXLEV,1694.06
B0F43P6D23,FBA79652,1,2964.4,0.0,0.0,2026-09-04T15:01:45+00:00,BOM5,405-5147547-2102711,INR,NEXLEV,2964.4
B0DQCWRG3H,FBA79493,1,1694.06,16.1,0.0,2026-09-04T14:44:50+00:00,HYD8,408-9979042-5120322,INR,NEXLEV,1694.06
B0CDPP45BM,FBA78981,1,3388.14,16.1,0.0,2026-09-04T14:41:48+00:00,HYD8,403-6589673-6932321,INR,NEXLEV,3388.14
B0CYSLCRQS,FBA79263,1,2540.68,66.95,0.0,2026-09-04T14:00:50+00:00,DEL5,403-2900661-9198720,INR,NEXLEV,2540.68
B0F43P6D23,FBA79652,1,2964.41,0.0,0.0,2026-09-04T13:41:50+00:00,BLR8,171-0628756-3562725,INR,NEXLEV,2964.41
B0F43P6D23,FBA79652,1,2964.41,0.0,0.0,2026-09-04T13:41:49+00:00,BLR8,402-6245350-2087553,INR,NEXLEV,2964.41
B0F43P6D23,FBA79652,1,2964.4,16.1,0.0,2026-09-04T13:29:47+00:00,BLR8,404-0801496-2875520,INR,NEXLEV,2964.4
B0CDPP45BM,FBA78981,1,3388.14,33.9,0.0,2026-09-04T12:59:00+00:00,HYD8,408-7057874-7532365,INR,NEXLEV,3388.14
B0DQCWRG3H,FBA79493,1,1694.07,33.9,0.0,2026-09-04T12:08:47+00:00,CJB1,408-7231853-3539518,INR,NEXLEV,1694.07
B0DQCWRG3H,FBA79493,1,1694.06,0.0,25.42,2026-09-04T12:00:52+00:00,MAA4,402-0030360-0417953,INR,NEXLEV,1694.06
B0F43P6D23,FBA79652,1,2964.41,0.0,0.0,2026-09-04T11:50:56+00:00,PNQ3,408-1802121-4977100,INR,NEXLEV,2964.41
B0CDPP45BM,FBA78981,1,3388.14,33.9,0.0,2026-09-04T11:50:54+00:00,DEL4,403-4139969-6743532,INR,NEXLEV,3388.14
B0F43P6D23,FBA79652,1,2964.4,0.0,0.0,2026-09-04T11:46:44+00:00,AMD2,407-3123318-9907515,INR,NEXLEV,2964.4
B0DCK7ZH5P,FBA79439,1,2880.51,33.9,0.0,2026-09-04T11:25:45+00:00,CCX1,406-7731558-8871505,INR,NEXLEV,2880.51
B0DQCWRG3H,FBA79493,1,1694.07,33.9,0.0,2026-09-04T11:16:46+00:00,DED4,406-4503478-5849100,INR,NEXLEV,1694.07
B0D2LD6BYJ,FBA79267,1,846.61,0.0,0.0,2026-09-04T11:08:45+00:00,CJB1,407-3922944-1965120,INR,NEXLEV,846.61
B0F43P6D23,FBA79652,1,2964.41,0.0,0.0,2026-09-04T10:55:48+00:00,PNQ3,408-5107587-4718706,INR,NEXLEV,2964.41
B0DQCWRG3H,FBA79493,1,1694.07,33.9,0.0,2026-09-04T10:26:49+00:00,CJB1,402-0442180-1154711,INR,NEXLEV,1694.07
B0DQCWRG3H,FBA79493,1,1694.06,33.9,0.0,2026-09-04T10:26:48+00:00,CJB1,402-0571005-0427502,INR,NEXLEV,1694.06
B0DQCWRG3H,FBA79493,1,1694.07,33.9,0.0,2026-09-04T10:26:47+00:00,CJB1,408-4296526-4757938,INR,NEXLEV,1694.07
B0DQCWRG3H,FBA79493,1,1694.06,66.94,0.0,2026-09-04T10:19:44+00:00,CJB1,171-4629281-1195569,INR,NEXLEV,1694.06
B0DCGHVN81,FBA79452,1,1778.81,33.9,0.0,2026-09-04T10:12:48+00:00,HYD3,402-4256129-1330745,INR,NEXLEV,1778.81
B0DQCWRG3H,FBA79493,1,1694.06,33.9,0.0,2026-09-04T10:01:52+00:00,MAA4,405-8115451-0761152,INR,NEXLEV,1694.06
B0DQCWRG3H,FBA79493,1,1694.06,33.9,0.0,2026-09-04T10:01:47+00:00,MAA4,405-9029378-7018705,INR,NEXLEV,1694.06
B0F2N11VTN,FBA79607,1,422.88,0.0,0.0,2026-09-04T09:12:44+00:00,DEL4,171-1369035-7846720,INR,NEXLEV,422.88
B0CYSLCRQS,FBA79263,1,2540.68,33.9,0.0,2026-09-04T08:42:53+00:00,CCX2,408-1866032-1953941,INR,NEXLEV,2540.68
B0F43P6D23,FBA79652,1,2964.4,33.9,0.0,2026-09-04T08:40:49+00:00,BOM5,404-0202541-8531566,INR,NEXLEV,2964.4
B0F43P6D23,FBA79652,1,2964.41,0.0,0.0,2026-09-04T08:32:48+00:00,BLR8,407-5421290-5481926,INR,NEXLEV,2964.41
B0CDPP45BM,FBA78981,1,3388.14,33.9,0.0,2026-09-04T08:23:51+00:00,DEL5,402-2326498-1557965,INR,NEXLEV,3388.14
B0D2P5TGWK,FBA79373,1,0.0,0.0,0.0,2026-09-04T08:21:33+00:00,AMD2,Case id - 1000038541,INR,NEXLEV,0.0
B0FJ1ZB4G9,FBA79707,1,550.0,0.0,0.0,2026-09-04T08:12:43+00:00,AMD2,408-0271374-3830730,INR,NEXLEV,550.0
B0D9KFP4MG,FBA79405,1,1524.58,33.9,0.0,2026-09-04T07:46:45+00:00,PNQ3,403-8060118-2441121,INR,NEXLEV,1524.58
B0F43P6D23,FBA79652,1,2964.41,0.0,0.0,2026-09-04T07:41:46+00:00,CJB1,408-1168279-9274737,INR,NEXLEV,2964.41
B0DNJS23HS,FBA79567,1,0.0,0.0,0.0,2026-09-04T07:40:34+00:00,BOM5,exOdAh4CtR-A,INR,NEXLEV,0.0
B0DCGHVN81,FBA79452,1,1778.82,33.9,0.0,2026-09-04T07:29:44+00:00,BOM5,403-6970815-7351516,INR,NEXLEV,1778.82
B0DNJS23HS,FBA79567,1,0.0,0.0,0.0,2026-09-04T07:29:44+00:00,BOM5,404-7687896-5889117,INR,NEXLEV,0.0
B0CDPP45BM,FBA78981,1,3388.14,0.0,0.0,2026-09-04T06:57:47+00:00,HYD3,408-9834886-0368358,INR,NEXLEV,3388.14
B0DNJF1BLS,FBA79484,1,1256.78,0.0,0.0,2026-09-04T06:35:45+00:00,CCX2,402-5771866-9771502,INR,NEXLEV,1256.78
B0CDPP45BM,FBA78981,1,3388.14,0.0,0.0,2026-09-04T06:23:45+00:00,PNQ3,407-4100371-6073155,INR,NEXLEV,3388.14
B0CDPMX152,FBA78980,1,1787.28,0.0,0.0,2026-09-04T06:19:52+00:00,HYD3,402-7283842-1749114,INR,NEXLEV,1787.28
B0DQCWRG3H,FBA79493,1,1694.06,0.0,0.0,2026-09-04T06:15:43+00:00,AMD2,402-7331121-8861140,INR,NEXLEV,1694.06
B0F43P6D23,FBA79652,1,2964.4,0.0,0.0,2026-09-04T05:54:49+00:00,BLR8,402-4578394-8610758,INR,NEXLEV,2964.4
B0CDPMX152,FBA78980,1,1787.29,0.0,0.0,2026-09-04T05:50:49+00:00,CJB1,407-5623966-5025104,INR,NEXLEV,1787.29
B0DQCWRG3H,FBA79493,1,1694.06,33.9,0.0,2026-09-04T05:37:42+00:00,CCX1,408-4667655-3954733,INR,NEXLEV,1694.06
B0DQCWRG3H,FBA79493,1,1694.07,33.9,0.0,2026-09-04T05:15:45+00:00,CCX2,405-9543589-9816302,INR,NEXLEV,1694.07
B0DFCDZWND,FBA79472,1,0.0,0.0,0.0,2026-09-04T05:11:35+00:00,MAA4,NLshop-11610/26-27,INR,NEXLEV,0.0
B0F43P6D23,FBA79652,1,2964.41,0.0,0.0,2026-09-04T04:57:47+00:00,DED4,171-9540082-2867528,INR,NEXLEV,2964.41
B0F43P6D23,FBA79652,1,2964.4,33.9,0.0,2026-09-04T04:57:47+00:00,DED4,407-3356303-2517105,INR,NEXLEV,2964.4
B0F43P6D23,FBA79652,1,2964.4,33.9,0.0,2026-09-04T04:48:45+00:00,PNQ3,408-1681491-9693901,INR,NEXLEV,2964.4
B0D25LNDSY,FBA79346,1,550.0,0.0,0.0,2026-09-04T04:40:43+00:00,AMD2,404-3323173-8427509,INR,NEXLEV,550.0
B0CDPP45BM,FBA78981,1,3388.14,33.9,0.0,2026-09-04T04:32:52+00:00,HYD3,408-9145200-9455502,INR,NEXLEV,3388.14
B0DCGHVN81,FBA79452,1,1778.81,33.9,0.0,2026-09-04T04:19:51+00:00,CCX1,405-3752469-9778717,INR,NEXLEV,1778.81
B0DNJS23HS,FBA79567,1,5083.9,0.0,0.0,2026-09-04T03:47:50+00:00,CCX1,407-8523300-1001908,INR,NEXLEV,5083.9
B0DQCWRG3H,FBA79493,1,1694.07,33.9,0.0,2026-09-04T03:46:53+00:00,BLR7,405-2826194-8853945,INR,NEXLEV,1694.07
B0F43P6D23,FBA79652,1,2964.41,33.9,0.0,2026-09-04T03:33:49+00:00,BOM5,406-1220526-8248336,INR,NEXLEV,2964.41
B0F43P6D23,FBA79652,1,2964.4,33.9,0.0,2026-09-04T03:32:48+00:00,BOM5,171-7886630-9945900,INR,NEXLEV,2964.4
B0CDPMX152,FBA78980,1,0.0,0.0,0.0,2026-09-04T03:24:38+00:00,HYD8,NLshop-11607/26-27,INR,NEXLEV,0.0
B0D2P5TGWK,FBA79373,1,0.0,0.0,0.0,2026-09-04T03:24:36+00:00,BOM5,Muzammil - Gift ET-01,INR,NEXLEV,0.0
B0FJ1ZB4G9,FBA79707,1,550.0,0.0,0.0,2026-09-03T23:00:46+00:00,AMD2,408-2250733-1099516,INR,NEXLEV,550.0
B0DK9LYT4P,FBA79467,1,0.0,0.0,0.0,2026-09-03T22:50:37+00:00,BLR8,NLshop-11616/26-27,INR,NEXLEV,0.0
B0DQCWRG3H,FBA79493,1,1694.06,33.9,0.0,2026-09-03T22:45:43+00:00,MAA4,404-9774633-6759532,INR,NEXLEV,1694.06
B0D81DLSFT,FBA79348,1,846.61,33.9,0.0,2026-09-03T22:37:45+00:00,HYD3,405-1621883-3317168,INR,NEXLEV,846.61
B0D67727VG,FBP79350,1,951.43,0.0,0.0,2026-09-03T22:06:51+00:00,BOM5,403-3308452-4799531,INR,NEXLEV,951.43
B0DK9LYT4P,FBA79467,1,0.0,0.0,0.0,2026-09-03T22:05:36+00:00,HYD8,NLshop-11613/26-27,INR,NEXLEV,0.0
B0FS6TB7CP,FBA79812,1,1863.56,33.9,0.0,2026-09-03T21:42:47+00:00,HYD8,404-1393938-6437902,INR,NEXLEV,1863.56
B0FJG5PFGQ,FBA79673,1,0.0,0.0,0.0,2026-09-03T21:20:33+00:00,BOM5,Case id - 1000039296,INR,NEXLEV,0.0
B0CDPMX152,FBA78980,1,0.0,0.0,0.0,2026-09-03T20:39:41+00:00,HYD8,404-4342369-7266703,INR,NEXLEV,0.0
B0D2P5TGWK,FBA79373,1,0.0,0.0,0.0,2026-09-03T20:35:33+00:00,BOM5,Ashok Mujmule - Gift ET-01,INR,NEXLEV,0.0
B0DQCWRG3H,FBA79493,1,1694.06,66.94,0.0,2026-09-03T20:31:35+00:00,CJB1,408-1154755-2312335,INR,NEXLEV,1694.06
B0CDPMX152,FBA78980,1,1787.28,0.0,0.0,2026-09-03T19:53:46+00:00,HYD3,406-5784104-0161161,INR,NEXLEV,1787.28
B0DQCWRG3H,FBA79493,1,1694.06,0.0,0.0,2026-09-03T19:34:47+00:00,PNQ3,408-5371055-0178725,INR,NEXLEV,1694.06
B0DK9LYT4P,FBA79467,1,0.0,0.0,0.0,2026-09-03T19:32:35+00:00,BLR8,NLshop-11612/26-27,INR,NEXLEV,0.0
B0DK9LYT4P,FBA79467,1,0.0,0.0,0.0,2026-09-03T19:32:34+00:00,BLR8,Case id - 1000038893,INR,NEXLEV,0.0
B0CDPP45BM,FBA78981,1,3388.14,33.9,0.0,2026-09-03T19:18:49+00:00,LKO1,403-9287095-1775560,INR,NEXLEV,3388.14
B0D67727VG,FBP79350,1,951.42,18.1,0.0,2026-09-03T18:51:51+00:00,PNQ3,402-1669788-4795505,INR,NEXLEV,951.42
B0DNJS23HS,FBA79567,1,0.0,0.0,0.0,2026-09-03T18:36:44+00:00,HYD3,404-4769608-7343549,INR,NEXLEV,0.0
B0DQCWRG3H,FBA79493,1,1694.06,16.1,0.0,2026-09-03T18:30:46+00:00,BOM7,405-1389569-5106721,INR,NEXLEV,1694.06
B0F43P6D23,FBA79652,1,2964.41,33.9,0.0,2026-09-03T18:10:56+00:00,CJB1,402-5212295-0989147,INR,NEXLEV,2964.41
B0GM1CZC7Y,FBA79984,1,4490.68,33.9,0.0,2026-09-03T18:09:51+00:00,HYD3,402-2134647-7769137,INR,NEXLEV,4490.68
B0D9KFP4MG,FBA79405,1,1524.58,66.94,0.0,2026-09-03T18:08:46+00:00,BOM5,408-5253454-5241164,INR,NEXLEV,1524.58
B0CDPP45BM,FBA78981,1,3388.14,33.9,0.0,2026-09-03T18:07:52+00:00,BOM5,407-1130826-6758715,INR,NEXLEV,3388.14
B0D63FKYZ5,FBA79332,1,0.0,0.0,0.0,2026-09-03T18:07:34+00:00,CCX1,Case id - 1000039000,INR,NEXLEV,0.0
B0D9KFP4MG,FBA79405,1,1524.58,33.9,0.0,2026-09-03T18:04:53+00:00,BOM5,402-9993252-5252347,INR,NEXLEV,1524.58
B0F43P6D23,FBA79652,1,2964.41,33.9,0.0,2026-09-03T17:59:57+00:00,CCX1,405-3752469-9778717,INR,NEXLEV,2964.41
B0F43P6D23,FBA79652,1,2964.4,16.1,0.0,2026-09-03T17:51:49+00:00,BLR8,404-7922290-7361944,INR,NEXLEV,2964.4
B0DKJZDY72,FBA79565,1,1694.07,33.9,0.0,2026-09-03T17:50:53+00:00,BOM5,407-4495256-5561141,INR,NEXLEV,1694.07
B0DCK7ZH5P,FBA79439,1,2880.51,33.9,0.0,2026-09-03T17:50:53+00:00,BOM5,407-4495256-5561141,INR,NEXLEV,2880.51
B0F43P6D23,FBA79652,1,2964.4,16.1,0.0,2026-09-03T17:50:49+00:00,BLR8,408-2087285-5141969,INR,NEXLEV,2964.4
B0D9KDQCCM,FBA79349,1,0.0,0.0,0.0,2026-09-03T17:30:39+00:00,BLR7,NLshop-11601/26-27,INR,NEXLEV,0.0
B0DQCWRG3H,FBA79493,1,1694.06,33.9,0.0,2026-09-03T17:29:57+00:00,BLR7,402-9931838-0124363,INR,NEXLEV,1694.06
B0CYSLCRQS,FBA79263,1,2540.68,0.0,0.0,2026-09-03T17:27:47+00:00,CJB1,171-1991073-6813129,INR,NEXLEV,2540.68
B0DQCWRG3H,FBA79493,1,1694.07,33.9,0.0,2026-09-03T17:07:50+00:00,DEL5,406-4777109-9518767,INR,NEXLEV,1694.07
B0D2LJSQXZ,FBA79276,1,3050.0,0.0,0.0,2026-09-03T16:50:47+00:00,BLR8,171-9430942-1148317,INR,NEXLEV,3050.0
B0DCK7ZH5P,FBA79439,1,2880.5,0.0,0.0,2026-09-03T16:31:47+00:00,BOM5,402-4338382-8551542,INR,NEXLEV,2880.5
B0DCGHVN81,FBA79452,1,1778.81,33.9,0.0,2026-09-03T16:25:49+00:00,DEL4,171-2354039-9960325,INR,NEXLEV,1778.81
B0DCGHVN81,FBA79452,1,1778.82,0.0,0.0,2026-09-03T15:58:48+00:00,HYD3,403-5532649-9680354,INR,NEXLEV,1778.82
B0DQCWRG3H,FBA79493,1,1694.07,33.9,0.0,2026-09-03T15:58:46+00:00,CCX2,405-4359218-7953916,INR,NEXLEV,1694.07
B0DQCWRG3H,FBA79493,1,1694.07,33.9,0.0,2026-09-03T15:56:48+00:00,CJB1,406-6089958-5311549,INR,NEXLEV,1694.07
B0DQCWRG3H,FBA79493,1,1694.06,66.94,0.0,2026-09-03T15:56:46+00:00,BOM7,407-8323932-9313920,INR,NEXLEV,1694.06
B0DFCG2VGS,FBA79488,1,1355.08,0.0,0.0,2026-09-03T15:52:46+00:00,DEL5,402-2326764-6354731,INR,NEXLEV,1355.08
B0CDPP45BM,FBA78981,1,3388.14,16.1,0.0,2026-09-03T15:50:48+00:00,HYD8,405-1112150-0810717,INR,NEXLEV,3388.14
B0F43P6D23,FBA79652,1,2964.4,0.0,0.0,2026-09-03T15:45:50+00:00,CJB1,408-8239818-8892357,INR,NEXLEV,2964.4
B0CDPMX152,FBA78980,1,1787.28,0.0,0.0,2026-09-03T15:38:49+00:00,PNQ3,407-2671591-9645944,INR,NEXLEV,1787.28
B0CDPP45BM,FBA78981,1,3388.14,0.0,0.0,2026-09-03T15:25:49+00:00,BOM7,404-0749891-7251509,INR,NEXLEV,3388.14
B0CYSLCRQS,FBA79263,1,2540.68,33.9,0.0,2026-09-03T15:22:51+00:00,DEL5,406-5874948-4463550,INR,NEXLEV,2540.68
B0F43P6D23,FBA79652,1,2964.41,33.9,0.0,2026-09-03T15:14:45+00:00,LKO1,171-7585729-0678758,INR,NEXLEV,2964.41
B0DQCWRG3H,FBA79493,1,1694.07,33.9,0.0,2026-09-03T15:05:46+00:00,DED4,403-9424868-7331515,INR,NEXLEV,1694.07
B0DQCWRG3H,FBA79493,1,1694.06,66.94,0.0,2026-09-03T14:59:45+00:00,AMD2,406-8899486-4211522,INR,NEXLEV,1694.06
B0CDPP45BM,FBA78981,1,3388.14,0.0,0.0,2026-09-03T14:39:57+00:00,CJB1,405-7044422-0036353,INR,NEXLEV,3388.14
B0CDPP45BM,FBA78981,1,3388.14,33.9,0.0,2026-09-03T14:35:50+00:00,DEL5,407-1545799-4341939,INR,NEXLEV,3388.14
B0DQCWRG3H,FBA79493,1,1694.06,66.94,0.0,2026-09-03T14:32:43+00:00,CJB1,406-8238172-7686727,INR,NEXLEV,1694.06
B0DQCWRG3H,FBA79493,1,1694.06,0.0,0.0,2026-09-03T14:27:52+00:00,BOM5,408-1330024-6417904,INR,NEXLEV,1694.06
B0CDPP45BM,FBA78981,1,3388.14,0.0,0.0,2026-09-03T14:11:50+00:00,HYD8,407-7501193-7025139,INR,NEXLEV,3388.14
B0GLHC8CB3,FBK80024,1,1526.28,0.0,0.0,2026-09-03T13:46:49+00:00,PNQ3,405-3684948-3180344,INR,NEXLEV,1526.28
B0F43P6D23,FBA79652,1,2964.41,33.9,0.0,2026-09-03T12:53:51+00:00,PNQ3,404-2693608-1357155,INR,NEXLEV,2964.41
B0CYSLCRQS,FBA79263,1,0.0,0.0,0.0,2026-09-03T12:51:46+00:00,BOM7,404-4013329-5675558,INR,NEXLEV,0.0
B0DCGHVN81,FBA79452,1,1778.82,33.9,0.0,2026-09-03T12:47:56+00:00,CCX1,402-7208353-0606768,INR,NEXLEV,1778.82
B0DQCWRG3H,FBA79493,1,1694.07,33.9,0.0,2026-09-03T12:39:48+00:00,DEL5,408-3726980-3544305,INR,NEXLEV,1694.07
B0F43P6D23,FBA79652,1,2964.41,33.9,0.0,2026-09-03T12:36:55+00:00,DED4,405-7922765-0255507,INR,NEXLEV,2964.41
B0CYSLCRQS,FBA79263,1,2540.68,0.0,0.0,2026-09-03T12:28:47+00:00,AMD2,171-4388666-5001130,INR,NEXLEV,2540.68
B0D2P5TGWK,FBA79373,1,0.0,0.0,0.0,2026-09-03T12:24:34+00:00,CCX1,Trishita - Gift ET-01,INR,NEXLEV,0.0
B0F43P6D23,FBA79652,1,2964.4,16.1,0.0,2026-09-03T11:24:53+00:00,BLR8,402-8675979-1106700,INR,NEXLEV,2964.4
B0CDPP45BM,FBA78981,1,3388.14,0.0,0.0,2026-09-03T11:05:47+00:00,BLR7,407-5141293-4713112,INR,NEXLEV,3388.14
B0DQCWRG3H,FBA79493,1,1694.06,66.94,0.0,2026-09-03T10:56:49+00:00,DED4,171-5320765-8293135,INR,NEXLEV,1694.06
B0DQCWRG3H,FBA79493,1,1694.06,33.9,0.0,2026-09-03T10:49:50+00:00,PNQ3,406-1436666-9029111,INR,NEXLEV,1694.06
B0GM1CZC7Y,FBA79984,1,4490.68,0.0,0.0,2026-09-03T10:46:48+00:00,DEL5,404-0887123-0583545,INR,NEXLEV,4490.68
B0F43P6D23,FBA79652,1,2964.41,33.9,0.0,2026-09-03T10:21:49+00:00,DED4,408-0675017-5659526,INR,NEXLEV,2964.41
B0F43P6D23,FBA79652,1,2964.4,0.0,0.0,2026-09-03T10:17:49+00:00,BOM5,171-1461517-3442710,INR,NEXLEV,2964.4
B0CDPMX152,FBA78980,1,1787.28,16.1,0.0,2026-09-03T10:04:47+00:00,HYD8,403-1454868-8160319,INR,NEXLEV,1787.28
B0DQCWRG3H,FBA79493,1,1694.06,33.9,0.0,2026-09-03T09:50:55+00:00,BOM7,171-5056368-2067564,INR,NEXLEV,1694.06
B0DQ8W1RBV,FBK79271,1,0.0,0.0,0.0,2026-09-03T09:27:32+00:00,HYD3,NLshop-11611/26-27,INR,NEXLEV,0.0
B0CYSLCRQS,FBA79263,1,2540.68,33.9,0.0,2026-09-03T09:23:50+00:00,CJB1,404-0343482-4919505,INR,NEXLEV,2540.68
B0DCK56Q85,FBA79463,1,0.0,0.0,0.0,2026-09-03T09:02:36+00:00,HYD8,NLshop-11603/26-27,INR,NEXLEV,0.0
B0D9KDQCCM,FBA79349,1,951.43,38.1,0.0,2026-09-03T08:52:52+00:00,HYD8,403-2528672-7673166,INR,NEXLEV,951.43
B0CDPMX152,FBA78980,1,0.0,0.0,0.0,2026-09-03T08:51:34+00:00,MAA4,NLshop-11606/26-27,INR,NEXLEV,0.0
B0DQCWRG3H,FBA79493,1,1694.07,33.9,0.0,2026-09-03T08:49:44+00:00,CCX2,405-9487116-3221165,INR,NEXLEV,1694.07
B0F43P6D23,FBA79652,1,2964.41,0.0,0.0,2026-09-03T08:46:50+00:00,BOM5,402-7046950-1554754,INR,NEXLEV,2964.41
B0GN85NZQN,FBA79991,1,4939.83,0.0,0.0,2026-09-03T08:23:55+00:00,PNQ3,403-6091768-1974759,INR,NEXLEV,4939.83
B0DQCWRG3H,FBA79493,1,1694.07,33.9,0.0,2026-09-03T08:10:56+00:00,DEL5,402-4082408-3913156,INR,NEXLEV,1694.07
B0F43P6D23,FBA79652,1,2964.41,0.0,0.0,2026-09-03T07:58:51+00:00,BLR8,406-9723422-5923542,INR,NEXLEV,2964.41
B0CDPMX152,FBA78980,1,1787.29,0.0,0.0,2026-09-03T07:51:49+00:00,CCX1,404-7728978-8828305,INR,NEXLEV,1787.29
B0DNJS23HS,FBA79567,1,5083.9,0.0,0.0,2026-09-03T07:47:51+00:00,BLR8,406-3123005-3459548,INR,NEXLEV,5083.9
B0DQCWRG3H,FBA79493,1,1694.07,33.9,0.0,2026-09-03T07:22:47+00:00,HYD8,405-4378109-5317153,INR,NEXLEV,1694.07
B0F43P6D23,FBA79652,1,2964.4,0.0,0.0,2026-09-03T07:08:45+00:00,BOM5,407-5120724-8143500,INR,NEXLEV,2964.4
B0DCGHVN81,FBA79452,1,0.0,0.0,0.0,2026-09-03T07:07:33+00:00,DEL4,NLshop-11608/26-27,INR,NEXLEV,0.0
B0DQCWRG3H,FBA79493,1,1694.06,33.9,0.0,2026-09-03T06:46:45+00:00,CJB1,403-7126672-8615539,INR,NEXLEV,1694.06
B0CYSLCRQS,FBA79263,1,2540.68,33.9,0.0,2026-09-03T06:44:43+00:00,CCX2,403-9297323-0195513,INR,NEXLEV,2540.68
B0F43P6D23,FBA79652,1,2964.4,0.0,0.0,2026-09-03T06:33:49+00:00,BLR8,171-2133642-3661900,INR,NEXLEV,2964.4
B0DQCWRG3H,FBA79493,1,1694.06,0.0,0.0,2026-09-03T06:30:45+00:00,BOM7,171-1940841-7456333,INR,NEXLEV,1694.06
B0DFCDZWND,FBA79472,1,1189.52,0.0,0.0,2026-09-03T06:25:48+00:00,CCX1,406-9385643-4653164,INR,NEXLEV,1189.52
B0F43P6D23,FBA79652,1,2964.4,0.0,0.0,2026-09-03T06:24:58+00:00,BOM5,171-7573916-3172320,INR,NEXLEV,2964.4
B0DNJS23HS,FBA79567,1,5083.9,33.9,0.0,2026-09-03T06:21:51+00:00,CCX1,405-7838422-3413111,INR,NEXLEV,5083.9
B0F43P6D23,FBA79652,1,2964.41,0.0,0.0,2026-09-03T06:21:49+00:00,PNQ3,406-6270467-0244316,INR,NEXLEV,2964.41
B0D2P5TGWK,FBA79373,1,0.0,0.0,0.0,2026-09-03T06:17:29+00:00,DEL4,Vansh Agarwal - Gift ET-01,INR,NEXLEV,0.0
B0D83Q7L8W,FBA79271,1,1185.6,33.9,0.0,2026-09-03T06:14:46+00:00,LKO1,408-0754818-8208328,INR,NEXLEV,1185.6
B0DCGHVN81,FBA79452,1,1778.82,0.0,0.0,2026-09-03T06:09:47+00:00,BOM5,407-7235022-9237168,INR,NEXLEV,1778.82
B0DQCWRG3H,FBA79493,1,1694.06,33.9,0.0,2026-09-03T06:05:51+00:00,CJB1,403-7117990-2159542,INR,NEXLEV,1694.06
B0DQCWRG3H,FBA79493,1,1694.06,33.9,0.0,2026-09-03T06:04:50+00:00,PNQ3,408-8702090-1127557,INR,NEXLEV,1694.06
B0DQCWRG3H,FBA79493,1,1694.06,0.0,0.0,2026-09-03T05:46:42+00:00,AMD2,402-3782839-7793145,INR,NEXLEV,1694.06
B0CDPP45BM,FBA78981,1,3388.14,0.0,0.0,2026-09-03T05:40:43+00:00,BOM5,402-4226786-7647560,INR,NEXLEV,3388.14
B0CDPMX152,FBA78980,1,1787.28,0.0,0.0,2026-09-03T05:11:42+00:00,BOM5,402-0018162-2431538,INR,NEXLEV,1787.28
B0D67727VG,FBP79350,1,951.43,0.0,0.0,2026-09-03T05:02:56+00:00,DEL4,408-5197451-2999508,INR,NEXLEV,951.43
B0D9KFP4MG,FBA79405,1,1524.58,33.9,0.0,2026-09-03T04:55:50+00:00,DEL5,407-0433950-1568330,INR,NEXLEV,1524.58
B0DQCWRG3H,FBA79493,1,1694.07,33.9,0.0,2026-09-03T04:47:50+00:00,CJB1,407-2101038-1520351,INR,NEXLEV,1694.07
B0CDPMX152,FBA78980,1,0.0,0.0,0.0,2026-09-03T04:42:43+00:00,MAA4,404-7923234-5513136,INR,NEXLEV,0.0
B0D2P7WLJB,FBA79374,1,253.39,33.9,0.0,2026-09-03T04:34:49+00:00,DEL5,402-0301125-0808352,INR,NEXLEV,253.39
B0D2P7WLJB,FBA79374,1,253.39,33.9,0.0,2026-09-03T04:33:46+00:00,DEL5,408-0655187-1110765,INR,NEXLEV,253.39
B0CDPP45BM,FBA78981,1,3388.14,0.0,0.0,2026-09-03T04:28:48+00:00,BOM5,171-2675416-4440360,INR,NEXLEV,3388.14
B0F43P6D23,FBA79652,1,2964.41,0.0,0.0,2026-09-03T04:01:51+00:00,BLR8,408-9774761-5535554,INR,NEXLEV,2964.41
B0CDPP45BM,FBA78981,1,3388.14,0.0,0.0,2026-09-03T03:59:50+00:00,BLR7,406-2882787-4854744,INR,NEXLEV,3388.14
B0CDPP45BM,FBA78981,1,3388.14,0.0,0.0,2026-09-03T03:59:47+00:00,BLR7,402-9228777-9670710,INR,NEXLEV,3388.14
B0CDPMX152,FBA78980,1,0.0,0.0,0.0,2026-09-03T03:47:31+00:00,BOM5,NLshop-11602/26-27,INR,NEXLEV,0.0
B0D2P7WLJB,FBA79374,1,0.0,0.0,0.0,2026-09-03T03:46:35+00:00,HYD3,Vijoy Ealias - Gift ET-01-1,INR,NEXLEV,0.0
B0DNJS23HS,FBA79567,1,5083.9,0.0,0.0,2026-09-03T03:45:42+00:00,BOM5,405-4640635-4208322,INR,NEXLEV,5083.9
B0FS7T8151,FBA79810,1,0.0,0.0,0.0,2026-09-03T03:37:33+00:00,CCX1,Rohit Gautam - Gift MF-01,INR,NEXLEV,0.0
B0D2P5TGWK,FBA79373,1,253.38,33.9,0.0,2026-09-03T03:35:47+00:00,BOM5,171-0684236-6349164,INR,NEXLEV,253.38
B0CDPMX152,FBA78980,1,1787.29,33.9,0.0,2026-09-02T22:53:49+00:00,BLR8,407-0289762-9914728,INR,NEXLEV,1787.29
B0DCGHVN81,FBA79452,1,1778.82,33.9,0.0,2026-09-02T22:48:56+00:00,BOM5,402-5560226-1139516,INR,NEXLEV,1778.82
B0DQCWRG3H,FBA79493,1,1694.06,0.0,0.0,2026-09-02T22:34:46+00:00,HYD8,402-1130771-6662718,INR,NEXLEV,1694.06
B0DQCWRG3H,FBA79493,1,1694.06,33.9,0.0,2026-09-02T21:57:46+00:00,LKO1,406-7537150-6693155,INR,NEXLEV,1694.06
B0GM1CZC7Y,FBA79984,1,4490.68,0.0,0.0,2026-09-02T21:34:46+00:00,BLR7,171-2155359-5389148,INR,NEXLEV,4490.68
B0D2P5TGWK,FBA79373,1,0.0,0.0,0.0,2026-09-02T21:29:31+00:00,BOM5,Mukund Gwalani - Gift ET-01,INR,NEXLEV,0.0
B0DCGHVN81,FBA79452,1,1778.81,33.9,0.0,2026-09-02T21:27:48+00:00,BLR8,408-3182964-6328366,INR,NEXLEV,1778.81
B0D2P5TGWK,FBA79373,1,0.0,0.0,0.0,2026-09-02T21:26:37+00:00,BOM5,Rahul - Gift ET-01,INR,NEXLEV,0.0
B0D2P5TGWK,FBA79373,1,0.0,0.0,0.0,2026-09-02T21:26:37+00:00,BOM5,Preran A Raj - Gift ET-01,INR,NEXLEV,0.0
B0DQCWRG3H,FBA79493,1,1694.06,33.9,0.0,2026-09-02T21:25:49+00:00,HYD8,406-2587689-3299518,INR,NEXLEV,1694.06
B0DNJS23HS,FBA79567,1,0.0,0.0,0.0,2026-09-02T21:23:32+00:00,BOM5,NLshop-11579/26-27,INR,NEXLEV,0.0
B0D2P5TGWK,FBA79373,1,0.0,0.0,0.0,2026-09-02T21:20:35+00:00,BOM5,Rajesh Cheruvu - Gift ET-01,INR,NEXLEV,0.0
B0FSF1N457,FBA79811,1,0.0,0.0,0.0,2026-09-02T20:59:36+00:00,BLR7,Suraj Mohite - Gift MC-01,INR,NEXLEV,0.0
B0F43P6D23,FBA79652,1,2964.4,0.0,0.0,2026-09-02T20:48:45+00:00,BOM5,171-7974559-5289141,INR,NEXLEV,2964.4
B0F43P6D23,FBA79652,1,2964.41,33.9,0.0,2026-09-02T20:42:53+00:00,CJB1,408-9627163-0005121,INR,NEXLEV,2964.41
B0FSF1N457,FBA79811,1,448.31,33.9,0.0,2026-09-02T20:31:45+00:00,CJB1,406-5669705-8553140,INR,NEXLEV,448.31
B0CDPMX152,FBA78980,1,1787.29,0.0,0.0,2026-09-02T20:18:48+00:00,CJB1,408-2447432-3720312,INR,NEXLEV,1787.29
B0DQCWRG3H,FBA79493,1,1694.06,0.0,0.0,2026-09-02T20:02:47+00:00,HYD8,402-4764697-3622740,INR,NEXLEV,1694.06
B0CDPP45BM,FBA78981,1,0.0,0.0,0.0,2026-09-02T19:32:38+00:00,BLR7,#NLshop-11551/26-27,INR,NEXLEV,0.0
B0F43P6D23,FBA79652,1,2964.4,16.1,0.0,2026-09-02T19:31:48+00:00,BLR8,407-3965551-4503514,INR,NEXLEV,2964.4
B0CDPMX152,FBA78980,1,1787.28,33.9,0.0,2026-09-02T19:31:47+00:00,AMD2,402-6130662-6474754,INR,NEXLEV,1787.28
B0DQCWRG3H,FBA79493,1,1694.06,66.94,0.0,2026-09-02T19:28:53+00:00,HYD3,402-4116185-5660340,INR,NEXLEV,1694.06
B0D2P5TGWK,FBA79373,1,0.0,0.0,0.0,2026-09-02T19:27:33+00:00,DEL4,Margetto ngln - Gift ET-01,INR,NEXLEV,0.0
B0D2LJSQXZ,FBA79276,1,3050.0,0.0,0.0,2026-09-02T19:14:51+00:00,BLR7,403-3037369-5823557,INR,NEXLEV,3050.0
B0CDPP45BM,FBA78981,1,3388.14,83.9,0.0,2026-09-02T19:12:47+00:00,HYD8,403-3309110-1125116,INR,NEXLEV,3388.14
B0CDPP45BM,FBA78981,1,3388.14,0.0,0.0,2026-09-02T19:12:47+00:00,DEL5,171-9823681-8797134,INR,NEXLEV,3388.14
B0DQCWRG3H,FBA79493,1,0.0,0.0,0.0,2026-09-02T19:09:45+00:00,CJB1,404-1640123-7423522,INR,NEXLEV,0.0
B0D83Q7L8W,FBA79271,1,1185.59,33.9,0.0,2026-09-02T18:52:45+00:00,MAA4,405-1622166-8000322,INR,NEXLEV,1185.59
B0F43P6D23,FBA79652,1,2964.4,1.79,0.0,2026-09-02T18:49:56+00:00,BLR8,406-8561056-5308352,INR,NEXLEV,2964.4
B0GM1CZC7Y,FBA79984,1,4490.68,0.0,0.0,2026-09-02T18:38:47+00:00,DEL5,403-3994348-2664327,INR,NEXLEV,4490.68
B0DQCWRG3H,FBA79493,1,1694.07,33.9,0.0,2026-09-02T18:31:52+00:00,CJB1,405-0425044-8092330,INR,NEXLEV,1694.07
B0CDPP45BM,FBA78981,1,3388.14,66.94,0.0,2026-09-02T18:21:52+00:00,BLR7,402-1920524-3594706,INR,NEXLEV,3388.14
B0CYSLCRQS,FBA79263,1,2540.68,33.9,0.0,2026-09-02T18:15:53+00:00,AMD2,408-8594075-0706769,INR,NEXLEV,2540.68
B0CYSLCRQS,FBA79263,1,2540.68,33.9,0.0,2026-09-02T18:07:52+00:00,CJB1,403-6234552-7061132,INR,NEXLEV,2540.68
B0FSF1N457,FBA79811,1,0.0,0.0,0.0,2026-09-02T17:57:39+00:00,BLR7,Akshara Venkatesh - Gift MC-01-1,INR,NEXLEV,0.0
B0DQCWRG3H,FBA79493,1,1694.07,66.95,0.0,2026-09-02T17:33:45+00:00,DEL5,404-5949213-4397907,INR,NEXLEV,1694.07
B0D2P5TGWK,FBA79373,1,0.0,0.0,0.0,2026-09-02T17:31:31+00:00,DEL5,Vansh Kumar - Gift ET-01,INR,NEXLEV,0.0
B0CDPP45BM,FBA78981,1,3388.14,8.05,0.0,2026-09-02T17:29:51+00:00,DEL4,406-6529977-7170722,INR,NEXLEV,3388.14
B0D2P7WLJB,FBA79374,1,0.0,0.0,0.0,2026-09-02T17:25:37+00:00,BLR8,Vijoy Ealias - Gift ET-01,INR,NEXLEV,0.0
B0CDPMX152,FBA78980,1,1787.28,2.69,0.0,2026-09-02T17:16:57+00:00,BLR8,403-7929274-0213944,INR,NEXLEV,1787.28
B0F43P6D23,FBA79652,1,2964.41,0.0,0.0,2026-09-02T17:15:55+00:00,CJB1,403-0227993-6234702,INR,NEXLEV,2964.41
B0D2P5TGWK,FBA79373,1,0.0,0.0,0.0,2026-09-02T17:09:36+00:00,DEL4,Chandra Mohan - Gift ET-01,INR,NEXLEV,0.0
B0FSF1N457,FBA79811,1,0.0,0.0,0.0,2026-09-02T17:00:37+00:00,BLR7,Sachin Kumaran - Gift MC-01,INR,NEXLEV,0.0
B0FSF1N457,FBA79811,1,0.0,0.0,0.0,2026-09-02T17:00:34+00:00,BLR7,Deepthi Laxmi - Gift MC-01,INR,NEXLEV,0.0
B0FSF1N457,FBA79811,1,0.0,0.0,0.0,2026-09-02T16:59:35+00:00,BLR7,Kannan s - Gift MC-01,INR,NEXLEV,0.0
B0CYSLCRQS,FBA79263,1,2540.68,0.0,0.0,2026-09-02T16:46:49+00:00,PNQ3,404-2745122-1226716,INR,NEXLEV,2540.68
B0D2P5TGWK,FBA79373,1,0.0,0.0,0.0,2026-09-02T16:38:32+00:00,DEL4,BHAGWAN KHATRI - Gift ET-01,INR,NEXLEV,0.0
B0D2P5TGWK,FBA79373,1,0.0,0.0,0.0,2026-09-02T16:36:38+00:00,DEL4,Satheesh VB - Gift ET-01,INR,NEXLEV,0.0
B0D67727VG,FBP79350,1,951.43,18.1,0.0,2026-09-02T16:33:49+00:00,DEL4,405-1494328-3160302,INR,NEXLEV,951.43
B0CDPMX152,FBA78980,1,1787.28,0.0,0.0,2026-09-02T16:25:49+00:00,HYD3,403-0536884-2989118,INR,NEXLEV,1787.28
B0CDPP45BM,FBA78981,1,3388.14,33.9,0.0,2026-09-02T16:19:55+00:00,CJB1,408-5032220-2385145,INR,NEXLEV,3388.14
B0CDPP45BM,FBA78981,1,3388.14,0.0,0.0,2026-09-02T16:12:56+00:00,BLR7,171-1310845-5164339,INR,NEXLEV,3388.14
B0F43P6D23,FBA79652,1,2964.4,16.1,0.0,2026-09-02T16:09:49+00:00,BLR8,171-6505840-0073948,INR,NEXLEV,2964.4
B0D845B2DG,FBA79280,1,1270.34,33.9,0.0,2026-09-02T16:08:50+00:00,BOM5,402-9051979-4769905,INR,NEXLEV,1270.34
B0GM1CZC7Y,FBA79984,1,4490.68,0.0,0.0,2026-09-02T16:01:51+00:00,BOM5,403-5853982-6444367,INR,NEXLEV,4490.68
B0CDPMX152,FBA78980,1,1787.28,16.1,0.0,2026-09-02T15:37:50+00:00,BLR8,407-3445357-4931508,INR,NEXLEV,1787.28
B0CDPP45BM,FBA78981,1,3388.14,66.94,0.0,2026-09-02T15:30:50+00:00,AMD2,404-3041164-5973129,INR,NEXLEV,3388.14
B0CDPP45BM,FBA78981,1,3388.14,0.0,0.0,2026-09-02T15:29:44+00:00,PNQ3,405-1111740-6916309,INR,NEXLEV,3388.14
B0D2P7WLJB,FBA79374,1,253.38,0.0,0.0,2026-09-02T15:27:48+00:00,BOM5,404-6441143-8064363,INR,NEXLEV,253.38
B0D2P7WLJB,FBA79374,1,0.0,0.0,0.0,2026-09-02T15:22:38+00:00,DEL5,Saurav Mukhija - Gift ET-01,INR,NEXLEV,0.0
B0DQCWRG3H,FBA79493,1,1694.06,66.94,0.0,2026-09-02T15:21:47+00:00,BOM5,404-7340807-4232368,INR,NEXLEV,1694.06
B0D2LJSQXZ,FBA79276,1,0.0,0.0,0.0,2026-09-02T15:13:44+00:00,LKO1,404-5550091-4068359,INR,NEXLEV,0.0
B0F43P6D23,FBA79652,1,2964.4,16.1,0.0,2026-09-02T15:10:50+00:00,BLR8,402-8757165-3720305,INR,NEXLEV,2964.4
B0CDPP45BM,FBA78981,1,3388.14,0.0,0.0,2026-09-02T15:10:46+00:00,AMD2,407-7936214-8915541,INR,NEXLEV,3388.14
B0D2P5TGWK,FBA79373,1,0.0,0.0,0.0,2026-09-02T15:03:33+00:00,DEL4,Nishant Sharma - Gift ET-01,INR,NEXLEV,0.0
B0D2P5TGWK,FBA79373,1,0.0,0.0,0.0,2026-09-02T15:01:35+00:00,DEL4,Saumil Dave - Gift ET-01,INR,NEXLEV,0.0
B0F43P6D23,FBA79652,1,2964.4,0.0,0.0,2026-09-02T14:51:54+00:00,BLR8,402-8237379-6594743,INR,NEXLEV,2964.4
B0F43P6D23,FBA79652,1,2964.41,0.0,0.0,2026-09-02T14:48:55+00:00,CJB1,405-9623277-4305112,INR,NEXLEV,2964.41
B0DQCWRG3H,FBA79493,1,1694.07,66.95,0.0,2026-09-02T14:43:46+00:00,DED4,404-9108770-4178731,INR,NEXLEV,1694.07
B0DQCWRG3H,FBA79493,1,1694.06,16.1,0.0,2026-09-02T14:41:47+00:00,HYD8,402-7109438-4160334,INR,NEXLEV,1694.06
B0D2P5TGWK,FBA79373,1,0.0,0.0,0.0,2026-09-02T14:31:32+00:00,DEL4,Mr Saurav - Gift ET-01,INR,NEXLEV,0.0
B0F43P6D23,FBA79652,1,2964.4,0.0,0.0,2026-09-02T14:30:48+00:00,PNQ3,402-9901886-3289112,INR,NEXLEV,2964.4
B0DQCWRG3H,FBA79493,1,1694.06,66.94,0.0,2026-09-02T14:18:52+00:00,PNQ3,408-6054418-3006704,INR,NEXLEV,1694.06
B0D2P5TGWK,FBA79373,1,0.0,0.0,0.0,2026-09-02T14:18:37+00:00,DEL4,Uday Das - Gift ET-01,INR,NEXLEV,0.0
B0D83Q7L8W,FBA79271,1,1185.6,33.9,0.0,2026-09-02T14:14:46+00:00,LKO1,405-9460230-4281948,INR,NEXLEV,1185.6
B0DCK7ZH5P,FBA79439,1,2880.51,0.0,0.0,2026-09-02T13:47:54+00:00,BLR7,402-1238721-5992316,INR,NEXLEV,2880.51
B0D67727VG,FBP79350,1,951.43,38.1,0.0,2026-09-02T13:45:50+00:00,DEL4,403-8368857-9549158,INR,NEXLEV,951.43
B0F43P6D23,FBA79652,1,2964.4,0.0,0.0,2026-09-02T13:03:48+00:00,BLR8,405-0653511-2341901,INR,NEXLEV,2964.4
B0CDPMX152,FBA78980,1,1787.29,33.9,0.0,2026-09-02T13:00:50+00:00,CJB1,402-1992950-2543500,INR,NEXLEV,1787.29
B0DQCWRG3H,FBA79493,1,1694.07,33.9,0.0,2026-09-02T12:44:45+00:00,BOM7,405-0751131-8160307,INR,NEXLEV,1694.07
B0DQCWRG3H,FBA79493,1,1694.06,33.9,0.0,2026-09-02T12:43:46+00:00,HYD8,405-1268884-6541168,INR,NEXLEV,1694.06
B0DQCWRG3H,FBA79493,1,1694.07,33.9,0.0,2026-09-02T12:37:46+00:00,DED4,406-0625105-1495518,INR,NEXLEV,1694.07
B0CDPP45BM,FBA78981,1,3388.14,33.9,0.0,2026-09-02T12:34:49+00:00,CJB1,408-4584370-4463538,INR,NEXLEV,3388.14
B0CDPP45BM,FBA78981,1,3388.14,0.0,0.0,2026-09-02T12:32:45+00:00,BOM7,404-9469293-1303553,INR,NEXLEV,3388.14
B0CDPP45BM,FBA78981,1,3388.14,16.1,0.0,2026-09-02T12:28:51+00:00,HYD8,404-9608643-0031516,INR,NEXLEV,3388.14
B0D2P7WLJB,FBA79374,1,253.39,0.0,0.0,2026-09-02T12:26:51+00:00,DEL5,404-1486380-9904341,INR,NEXLEV,253.39
B0DQCWRG3H,FBA79493,1,1694.06,16.1,0.0,2026-09-02T11:41:48+00:00,BOM5,404-9742539-9247531,INR,NEXLEV,1694.06
B0DQCWRG3H,FBA79493,1,1694.07,33.9,0.0,2026-09-02T11:33:56+00:00,BLR7,406-5545822-8233145,INR,NEXLEV,1694.07
B0DQCWRG3H,FBA79493,1,1694.06,33.9,0.0,2026-09-02T11:31:57+00:00,BLR7,402-5175935-2990725,INR,NEXLEV,1694.06
B0F43P6D23,FBA79652,1,2964.41,0.0,0.0,2026-09-02T11:26:45+00:00,LKO1,405-5873016-1488337,INR,NEXLEV,2964.41
B0DQCWRG3H,FBA79493,1,1694.06,66.94,0.0,2026-09-02T11:02:46+00:00,PNQ3,407-5589053-1786729,INR,NEXLEV,1694.06
B0CDPP45BM,FBA78981,1,3388.14,8.06,0.0,2026-09-02T11:01:50+00:00,BLR7,406-7477890-5164321,INR,NEXLEV,3388.14
B0CDPP45BM,FBA78981,1,3388.14,0.0,0.0,2026-09-02T10:55:50+00:00,CJB1,403-9318102-5201948,INR,NEXLEV,3388.14
B0F43P6D23,FBA79652,1,2964.41,33.9,0.0,2026-09-02T10:50:44+00:00,AMD2,404-1939839-2668312,INR,NEXLEV,2964.41
B0D67727VG,FBP79350,1,951.43,0.0,0.0,2026-09-02T10:47:12+00:00,DEL5,408-5071615-3419566,INR,NEXLEV,951.43
B0GM1CZC7Y,FBA79984,1,4490.68,16.1,0.0,2026-09-02T10:46:51+00:00,BLR7,402-8992733-4175501,INR,NEXLEV,4490.68
B0D9KFP4MG,FBA79405,1,1524.58,33.9,0.0,2026-09-02T10:44:49+00:00,DED4,402-7565372-4053920,INR,NEXLEV,1524.58
B0CDPMX152,FBA78980,1,1787.28,0.0,0.0,2026-09-02T10:16:16+00:00,CJB1,402-3838116-1707561,INR,NEXLEV,1787.28
B0F43P6D23,FBA79652,1,2964.41,33.9,0.0,2026-09-02T10:12:41+00:00,BOM5,407-9568417-4664315,INR,NEXLEV,2964.41
B0CDPP45BM,FBA78981,1,3388.14,0.0,0.0,2026-09-02T10:08:53+00:00,BOM5,402-1244435-5626754,INR,NEXLEV,3388.14
B0F43P6D23,FBA79652,1,2964.4,0.0,0.0,2026-09-02T10:08:45+00:00,BOM5,402-7734571-3603564,INR,NEXLEV,2964.4
B0DNJS23HS,FBA79567,1,5083.9,0.0,0.0,2026-09-02T10:01:49+00:00,BOM5,403-2192596-5746720,INR,NEXLEV,5083.9
B0F43P6D23,FBA79652,1,2964.41,0.0,0.0,2026-09-02T09:57:49+00:00,DED4,402-3031023-9172342,INR,NEXLEV,2964.41
B0CDPMX152,FBA78980,1,1787.29,33.9,0.0,2026-09-02T09:52:46+00:00,LKO1,404-5391891-8424355,INR,NEXLEV,1787.29
B0CYSLCRQS,FBA79263,1,2540.68,0.0,0.0,2026-09-02T09:40:49+00:00,HYD3,403-6116649-4004330,INR,NEXLEV,2540.68
B0DCK7ZH5P,FBA79439,1,2880.5,0.0,0.0,2026-09-02T09:39:49+00:00,LKO1,406-9171839-5175509,INR,NEXLEV,2880.5
B0D67727VG,FBP79350,1,951.43,0.0,0.0,2026-09-02T09:28:48+00:00,MAA4,402-4870148-4977918,INR,NEXLEV,951.43
B0DQCWRG3H,FBA79493,1,1694.07,33.9,0.0,2026-09-02T09:21:53+00:00,BLR8,405-5904107-9921900,INR,NEXLEV,1694.07
B0DCK7ZH5P,FBA79439,1,2880.51,0.0,0.0,2026-09-02T09:14:50+00:00,DED4,402-4063810-5793155,INR,NEXLEV,2880.51
B0F43P6D23,FBA79652,1,2964.41,0.0,0.0,2026-09-02T08:51:25+00:00,LKO1,408-0736816-6357946,INR,NEXLEV,2964.41
B0DQCWRG3H,FBA79493,1,1694.07,66.95,0.0,2026-09-02T08:04:48+00:00,CJB1,406-7132579-8621141,INR,NEXLEV,1694.07
B0DCK7ZH5P,FBA79439,1,2880.5,0.0,0.0,2026-09-02T08:00:44+00:00,AMD2,402-4951187-9640320,INR,NEXLEV,2880.5
B0CDPP45BM,FBA78981,1,3388.14,0.0,0.0,2026-09-02T08:00:44+00:00,AMD2,402-4951187-9640320,INR,NEXLEV,3388.14
B0DJFH6RTL,FBA79473,1,1355.08,33.9,0.0,2026-09-02T07:49:49+00:00,CJB1,407-6497227-6685962,INR,NEXLEV,1355.08
B0CDPP45BM,FBA78981,1,3388.14,16.1,0.0,2026-09-02T07:42:51+00:00,BLR7,402-2638693-7742723,INR,NEXLEV,3388.14
B0CDPP45BM,FBA78981,1,3388.14,0.0,0.0,2026-09-02T07:40:51+00:00,BLR7,404-3085207-1511532,INR,NEXLEV,3388.14
B0CDPP45BM,FBA78981,1,3388.14,0.0,0.0,2026-09-02T07:40:49+00:00,BLR7,171-9960660-5819526,INR,NEXLEV,3388.14
B0D2P5TGWK,FBA79373,1,253.39,33.9,0.0,2026-09-02T07:40:49+00:00,DEL4,402-4789561-9241925,INR,NEXLEV,253.39
B0FSF1N457,FBA79811,1,448.31,33.9,0.0,2026-09-02T07:33:48+00:00,DEL5,404-5951284-1375559,INR,NEXLEV,448.31
B0F43P6D23,FBA79652,1,2964.4,0.0,0.0,2026-09-02T07:22:53+00:00,BLR8,408-6727481-9545133,INR,NEXLEV,2964.4
B0CDPMX152,FBA78980,1,1787.28,0.0,0.0,2026-09-02T07:08:51+00:00,HYD8,407-5728555-5652315,INR,NEXLEV,1787.28
B0DQCWRG3H,FBA79493,1,1694.07,33.9,0.0,2026-09-02T07:05:46+00:00,MAA4,402-5588973-8523535,INR,NEXLEV,1694.07
B0GM1CZC7Y,FBA79984,1,0.0,0.0,0.0,2026-09-02T07:01:37+00:00,BLR7,NLshop-11588/26-27,INR,NEXLEV,0.0
B0DQCWRG3H,FBA79493,1,1694.06,66.94,0.0,2026-09-02T06:49:50+00:00,BLR8,402-5971806-9403508,INR,NEXLEV,1694.06
B0CDPMX152,FBA78980,1,1787.28,33.9,0.0,2026-09-02T06:22:53+00:00,HYD8,406-3241864-0181148,INR,NEXLEV,1787.28
B0DQCWRG3H,FBA79493,1,1694.07,33.9,0.0,2026-09-02T06:09:50+00:00,CCX1,407-9793939-6322764,INR,NEXLEV,1694.07
B0FSF1N457,FBA79811,1,448.31,0.0,0.0,2026-09-02T06:01:59+00:00,CJB1,402-1037314-2675544,INR,NEXLEV,448.31
B0F43P6D23,FBA79652,1,2964.41,0.0,0.0,2026-09-02T05:32:49+00:00,CJB1,404-1720182-1989117,INR,NEXLEV,2964.41
B0CYSLCRQS,FBA79263,1,2540.68,0.0,0.0,2026-09-02T05:13:47+00:00,AMD2,405-7818526-5756348,INR,NEXLEV,2540.68
B0DCGHVN81,FBA79452,1,1778.82,33.9,0.0,2026-09-02T04:50:48+00:00,MAA4,407-5993497-1588356,INR,NEXLEV,1778.82
B0FSF1N457,FBA79811,1,448.3,33.9,0.0,2026-09-02T04:48:50+00:00,CCX1,404-7394663-4621124,INR,NEXLEV,448.3
B0CDPP45BM,FBA78981,1,3388.14,0.0,0.0,2026-09-02T04:48:42+00:00,DEL5,406-5932729-7190739,INR,NEXLEV,3388.14
B0FJ1ZB4G9,FBA79707,1,550.0,0.0,0.0,2026-09-02T04:47:49+00:00,BLR8,404-9408910-6267508,INR,NEXLEV,550.0
B0DCGHVN81,FBA79452,1,0.0,0.0,0.0,2026-09-02T04:40:35+00:00,BLR8,NLshop-11592/26-27,INR,NEXLEV,0.0
B0DCGHVN81,FBA79452,1,0.0,0.0,0.0,2026-09-02T04:35:38+00:00,BLR8,NLshop-11596/26-27,INR,NEXLEV,0.0
B0FS6TB7CP,FBA79812,1,1863.56,0.0,0.0,2026-09-02T04:20:47+00:00,CCX2,406-0142905-5612327,INR,NEXLEV,1863.56
B0D67727VG,FBP79350,1,951.43,38.1,0.0,2026-09-02T04:13:43+00:00,DEL4,406-2961970-5205106,INR,NEXLEV,951.43
B0CDPP45BM,FBA78981,1,3388.14,0.0,0.0,2026-09-02T04:11:52+00:00,CJB1,408-1772592-6741166,INR,NEXLEV,3388.14
B0DNJS23HS,FBA79567,1,5083.9,33.9,0.0,2026-09-02T04:08:44+00:00,BOM5,406-5245901-3425118,INR,NEXLEV,5083.9
B0D2LD6BYJ,FBA79267,1,846.61,0.0,0.0,2026-09-02T04:07:49+00:00,BLR7,405-6943337-6390737,INR,NEXLEV,846.61
B0D25LNDSY,FBA79346,1,550.0,0.0,0.0,2026-09-02T04:01:49+00:00,HYD8,406-8733069-5862704,INR,NEXLEV,550.0
B0GM1CZC7Y,FBA79984,1,4490.68,33.9,0.0,2026-09-02T03:55:46+00:00,DEL4,405-9395784-6066703,INR,NEXLEV,4490.68
B0F43P6D23,FBA79652,1,3143.22,0.0,0.0,2026-09-02T03:48:50+00:00,BOM5,406-8554088-7774722,INR,NEXLEV,3143.22
B0F43P6D23,FBA79652,1,2964.4,33.9,0.0,2026-09-02T03:31:43+00:00,PNQ3,408-0635165-2577924,INR,NEXLEV,2964.4
B0CDPMX152,FBA78980,1,1787.29,33.9,0.0,2026-09-02T03:28:54+00:00,CJB1,403-2387202-7444314,INR,NEXLEV,1787.29
B0CDPP45BM,FBA78981,1,0.0,0.0,0.0,2026-09-02T03:13:37+00:00,BLR7,NLshop-11595/26-27,INR,NEXLEV,0.0
B0D9KFP4MG,FBA79405,1,1524.58,33.9,0.0,2026-09-01T23:12:48+00:00,BLR8,402-7753490-1029124,INR,NEXLEV,1524.58
B0F43P6D23,FBA79652,1,2964.41,0.0,0.0,2026-09-01T23:05:23+00:00,BLR8,171-8960675-8593918,INR,NEXLEV,2964.41
B0CDPMX152,FBA78980,1,0.0,0.0,0.0,2026-09-01T23:04:07+00:00,BLR8,NLshop-11594/26-27,INR,NEXLEV,0.0
B0D2P7WLJB,FBA79374,1,253.38,33.9,0.0,2026-09-01T23:00:51+00:00,BOM5,404-1493900-5164357,INR,NEXLEV,253.38
B0F43P6D23,FBA79652,1,2964.41,0.0,0.0,2026-09-01T22:58:51+00:00,BLR8,407-9394001-3829144,INR,NEXLEV,2964.41
B0D845B2DG,FBA79280,1,1270.34,33.9,0.0,2026-09-01T22:13:49+00:00,BOM5,408-2293606-0536355,INR,NEXLEV,1270.34
B0DQCWRG3H,FBA79493,1,1694.06,33.9,0.0,2026-09-01T22:13:47+00:00,DED4,402-0656492-0457108,INR,NEXLEV,1694.06
B0DK9LYT4P,FBA79467,1,0.0,0.0,0.0,2026-09-01T21:59:35+00:00,BLR8,NLshop-11593/26-27,INR,NEXLEV,0.0
B0CDPMX152,FBA78980,1,1787.28,33.9,0.0,2026-09-01T21:52:47+00:00,BOM5,405-9287966-1217164,INR,NEXLEV,1787.28
B0DQCWRG3H,FBA79493,1,0.0,0.0,0.0,2026-09-01T21:42:43+00:00,HYD8,404-4936648-6070715,INR,NEXLEV,0.0
B0F678L8YT,FBA79771,1,507.62,33.9,0.0,2026-09-01T21:33:46+00:00,BOM5,406-1254575-6545146,INR,NEXLEV,507.62
B0DK9LYT4P,FBA79467,1,0.0,0.0,0.0,2026-09-01T21:29:33+00:00,DED4,NLshop-11599/26-27,INR,NEXLEV,0.0
B0DQCWRG3H,FBA79493,1,1694.06,33.9,0.0,2026-09-01T21:13:52+00:00,BLR7,406-5841095-9764328,INR,NEXLEV,1694.06
B0DQCWRG3H,FBA79493,1,1694.07,33.9,0.0,2026-09-01T21:05:49+00:00,DEL4,402-0684590-2568353,INR,NEXLEV,1694.07
B0DCK56Q85,FBA79463,1,1948.31,33.9,0.0,2026-09-01T21:03:46+00:00,HYD8,403-9613904-2980302,INR,NEXLEV,1948.31
B0CYSLCRQS,FBA79263,1,2540.68,33.9,0.0,2026-09-01T20:37:46+00:00,DED4,171-2794176-6347551,INR,NEXLEV,2540.68
B0DNJS23HS,FBA79567,1,5083.9,0.0,0.0,2026-09-01T19:57:46+00:00,BOM5,171-7517313-6345137,INR,NEXLEV,5083.9
B0DQCWRG3H,FBA79493,1,1694.06,66.94,0.0,2026-09-01T19:33:49+00:00,HYD3,408-1057843-2808366,INR,NEXLEV,1694.06
B0CDPP45BM,FBA78981,1,3388.14,33.9,0.0,2026-09-01T19:33:46+00:00,DEL5,405-8667115-7114751,INR,NEXLEV,3388.14
B0F43P6D23,FBA79652,1,2964.4,0.0,0.0,2026-09-01T19:31:48+00:00,LKO1,408-4215985-6797146,INR,NEXLEV,2964.4
B0F43P6D23,FBA79652,1,2964.4,16.1,0.0,2026-09-01T19:30:50+00:00,HYD8,408-4888856-1729120,INR,NEXLEV,2964.4
B0DQCWRG3H,FBA79493,1,1694.06,33.9,0.0,2026-09-01T19:26:44+00:00,LKO1,406-1069962-5477168,INR,NEXLEV,1694.06
B0D25LNDSY,FBA79346,1,550.0,0.0,0.0,2026-09-01T18:53:50+00:00,DEL5,406-4053779-5104349,INR,NEXLEV,550.0
B0FSF1N457,FBA79811,1,448.31,0.0,0.0,2026-09-01T18:44:46+00:00,BLR8,408-9038414-4595558,INR,NEXLEV,448.31
B0F43P6D23,FBA79652,1,2964.4,0.0,0.0,2026-09-01T18:39:49+00:00,PNQ3,404-9638764-5969118,INR,NEXLEV,2964.4
B0CDPMX152,FBA78980,1,0.0,0.0,0.0,2026-09-01T18:38:37+00:00,BLR8,NLshop-11589/26-27,INR,NEXLEV,0.0
B0DQ8W1RBV,FBK79271,1,1270.34,33.9,0.0,2026-09-01T18:33:44+00:00,BOM5,407-8663434-4497169,INR,NEXLEV,1270.34
B0DQCWRG3H,FBA79493,1,1694.06,16.1,0.0,2026-09-01T18:29:51+00:00,BLR7,402-2093602-0483518,INR,NEXLEV,1694.06
B0CYSLCRQS,FBA79263,1,2540.68,66.94,0.0,2026-09-01T18:18:53+00:00,BLR7,406-5986934-5970767,INR,NEXLEV,2540.68
B0GN94YDY2,FBA79992,1,9321.18,33.9,0.0,2026-09-01T18:14:48+00:00,BOM7,406-1611012-8584340,INR,NEXLEV,9321.18
B0DQCWRG3H,FBA79493,1,1694.06,66.94,0.0,2026-09-01T18:09:47+00:00,CJB1,404-5396452-1196318,INR,NEXLEV,1694.06
B0DQCWRG3H,FBA79493,1,1694.07,0.0,0.0,2026-09-01T18:05:47+00:00,CJB1,402-5626853-8538758,INR,NEXLEV,1694.07
B0DQCWRG3H,FBA79493,1,1694.06,16.1,0.0,2026-09-01T18:03:53+00:00,HYD8,408-2866027-4947524,INR,NEXLEV,1694.06
B0CDPMX152,FBA78980,1,1787.28,66.94,0.0,2026-09-01T18:01:51+00:00,HYD8,403-1376595-2817101,INR,NEXLEV,1787.28
B0DQCWRG3H,FBA79493,1,1694.06,66.94,0.0,2026-09-01T17:56:50+00:00,HYD8,406-8210298-3641123,INR,NEXLEV,1694.06
B0GN94YDY2,FBA79992,1,9321.18,16.1,0.0,2026-09-01T17:44:50+00:00,BLR7,403-5956423-6586729,INR,NEXLEV,9321.18
B0F43P6D23,FBA79652,1,2964.4,0.0,0.0,2026-09-01T17:36:45+00:00,BOM5,403-1698142-5581148,INR,NEXLEV,2964.4
B0DQCWRG3H,FBA79493,1,1694.07,33.9,0.0,2026-09-01T17:26:50+00:00,CCX2,407-1148770-2383557,INR,NEXLEV,1694.07
B0D2P5TGWK,FBA79373,1,253.39,33.9,0.0,2026-09-01T17:23:50+00:00,DEL4,408-9439255-8161101,INR,NEXLEV,253.39
B0F43P6D23,FBA79652,1,2964.4,33.9,0.0,2026-09-01T17:19:53+00:00,BOM5,405-3790118-7188321,INR,NEXLEV,2964.4
B0DCK56Q85,FBA79463,1,1948.31,0.0,0.0,2026-09-01T17:11:45+00:00,BLR8,406-7279548-2169913,INR,NEXLEV,1948.31
B0FSF1N457,FBA79811,1,448.31,16.1,0.0,2026-09-01T17:05:49+00:00,DEL5,407-1597824-1942753,INR,NEXLEV,448.31
B0CYSLCRQS,FBA79263,1,2540.68,0.0,0.0,2026-09-01T16:58:46+00:00,CJB1,405-1919681-7657963,INR,NEXLEV,2540.68
B0DQCWRG3H,FBA79493,1,1694.06,33.9,0.0,2026-09-01T16:35:52+00:00,DEL5,406-5979846-2614701,INR,NEXLEV,1694.06
B0D2P7WLJB,FBA79374,1,253.39,0.0,0.0,2026-09-01T16:32:48+00:00,HYD3,403-9726403-3072347,INR,NEXLEV,253.39
B0FS6TB7CP,FBA79812,1,1863.56,16.1,0.0,2026-09-01T16:23:52+00:00,HYD3,404-2915250-7246743,INR,NEXLEV,1863.56
B0D86ZC9YT,FBA79278,1,0.0,0.0,0.0,2026-09-01T16:23:37+00:00,CCX1,14862,INR,NEXLEV,0.0
B0CDPP45BM,FBA78981,1,3388.14,33.9,0.0,2026-09-01T16:21:56+00:00,BLR7,406-0236782-7224317,INR,NEXLEV,3388.14
B0CYSLCRQS,FBA79263,1,2540.68,0.0,0.0,2026-09-01T16:02:46+00:00,BOM5,408-2879545-5917112,INR,NEXLEV,2540.68
B0CYSLCRQS,FBA79263,1,0.0,0.0,0.0,2026-09-01T15:46:45+00:00,HYD3,404-8738783-7860305,INR,NEXLEV,0.0
B0DQCWRG3H,FBA79493,1,1694.06,66.94,0.0,2026-09-01T15:23:47+00:00,MAA4,402-1437884-6917135,INR,NEXLEV,1694.06
B0D2LJSQXZ,FBA79276,1,3050.0,16.1,0.0,2026-09-01T15:23:47+00:00,HYD3,404-2613470-4908303,INR,NEXLEV,3050.0
B0F43P6D23,FBA79652,1,2964.4,0.0,0.0,2026-09-01T15:16:51+00:00,BOM5,404-5560019-3243529,INR,NEXLEV,2964.4
B0D2LKB4BJ,FBA79273,1,592.37,0.0,0.0,2026-09-01T15:14:48+00:00,HYD3,407-8721351-0206722,INR,NEXLEV,592.37
B0DNJS23HS,FBA79567,1,5083.9,0.0,0.0,2026-09-01T15:14:46+00:00,BOM5,408-6076832-6993919,INR,NEXLEV,5083.9
B0CYSLCRQS,FBA79263,1,2540.68,0.0,0.0,2026-09-01T15:13:52+00:00,BOM5,407-4756674-5818711,INR,NEXLEV,2540.68
B0CYSLCRQS,FBA79263,1,2540.68,0.0,0.0,2026-09-01T15:05:47+00:00,BOM5,407-4068035-5289940,INR,NEXLEV,2540.68
B0DQCWRG3H,FBA79493,1,1694.06,66.94,0.0,2026-09-01T15:01:48+00:00,PNQ3,408-1542095-9736346,INR,NEXLEV,1694.06
B0D83Q7L8W,FBA79271,1,1185.59,33.9,0.0,2026-09-01T14:57:47+00:00,DEL5,171-3508047-9560344,INR,NEXLEV,1185.59
B0CYSLCRQS,FBA79263,1,2540.68,66.95,0.0,2026-09-01T14:51:52+00:00,BLR7,408-6904446-8571535,INR,NEXLEV,2540.68
B0DQCWRG3H,FBA79493,1,1694.07,33.9,0.0,2026-09-01T14:40:52+00:00,CJB1,402-5428693-6972313,INR,NEXLEV,1694.07
B0FS6TB7CP,FBA79812,1,1863.56,0.0,0.0,2026-09-01T14:30:38+00:00,MAA4,403-6302290-5128356,INR,NEXLEV,1863.56
B0FSF1N457,FBA79811,1,448.3,16.1,0.0,2026-09-01T14:28:47+00:00,AMD2,402-9652350-6169136,INR,NEXLEV,448.3
B0DQCWRG3H,FBA79493,1,1694.07,33.9,0.0,2026-09-01T14:07:44+00:00,CJB1,171-5930946-6625137,INR,NEXLEV,1694.07
B0FJG5PFGQ,FBA79673,1,550.0,0.0,0.0,2026-09-01T14:05:50+00:00,BOM5,404-6749642-9556312,INR,NEXLEV,550.0
B0FJG5PFGQ,FBA79673,1,550.0,0.0,0.0,2026-09-01T14:03:49+00:00,BOM5,405-2759613-0808364,INR,NEXLEV,550.0
B0F43P6D23,FBA79652,1,2964.41,0.0,0.0,2026-09-01T13:39:50+00:00,BLR8,408-9929392-1889968,INR,NEXLEV,2964.41
B0DQCWRG3H,FBA79493,1,1694.07,33.9,0.0,2026-09-01T13:39:44+00:00,CJB1,403-8539996-6753925,INR,NEXLEV,1694.07
B0D9KFP4MG,FBA79405,1,1524.58,16.1,0.0,2026-09-01T12:16:47+00:00,DED4,408-7749619-3349926,INR,NEXLEV,1524.58
B0CDPMX152,FBA78980,1,0.0,0.0,0.0,2026-09-01T12:09:43+00:00,AMD2,404-3283876-0925109,INR,NEXLEV,0.0
B0D9KFP4MG,FBA79405,1,1524.58,33.9,0.0,2026-09-01T12:07:47+00:00,PNQ3,406-2189344-8774708,INR,NEXLEV,1524.58
B0CDPMX152,FBA78980,1,1863.56,33.9,0.0,2026-09-01T11:51:48+00:00,PNQ3,404-7706512-2057161,INR,NEXLEV,1863.56
B0GN94YDY2,FBA79992,1,9321.19,33.9,0.0,2026-09-01T11:44:47+00:00,DEL4,171-1119495-7267511,INR,NEXLEV,9321.19
B0CYSLCRQS,FBA79263,1,2540.68,0.0,0.0,2026-09-01T11:41:42+00:00,AMD2,405-9473658-7069911,INR,NEXLEV,2540.68
B0DQCWRG3H,FBA79493,1,1694.06,0.0,0.0,2026-09-01T11:15:53+00:00,HYD8,171-6333777-2932349,INR,NEXLEV,1694.06
B0CDPP45BM,FBA78981,1,3388.14,0.0,0.0,2026-09-01T10:56:52+00:00,BOM5,408-4302411-0365132,INR,NEXLEV,3388.14
B0D2P7WLJB,FBA79374,1,253.38,33.9,0.0,2026-09-01T10:54:20+00:00,BLR7,405-4637856-1101104,INR,NEXLEV,253.38
B0F43P6D23,FBA79652,1,2964.41,0.0,0.0,2026-09-01T10:41:45+00:00,BOM5,406-9724501-1415550,INR,NEXLEV,2964.41
B0DQCWRG3H,FBA79493,1,1694.07,66.95,0.0,2026-09-01T10:38:49+00:00,CJB1,406-7943091-1301934,INR,NEXLEV,1694.07
B0GM1CZC7Y,FBA79984,1,0.0,0.0,0.0,2026-09-01T10:25:38+00:00,BLR7,#NLshop-11588/26-27,INR,NEXLEV,0.0
B0D9KFP4MG,FBA79405,1,1524.58,0.0,0.0,2026-09-01T10:23:49+00:00,CJB1,171-9801146-4477927,INR,NEXLEV,1524.58
B0D2LJSQXZ,FBA79276,1,3219.49,0.0,0.0,2026-09-01T10:17:52+00:00,DEL5,403-5511868-6237942,INR,NEXLEV,3219.49
B0CYSLCRQS,FBA79263,1,2540.68,16.1,0.0,2026-09-01T09:55:45+00:00,AMD2,402-8053624-2009968,INR,NEXLEV,2540.68
B0CYSLCRQS,FBA79263,1,2540.68,0.0,0.0,2026-09-01T09:49:55+00:00,CCX2,403-0031000-7297913,INR,NEXLEV,2540.68
B0CDPP45BM,FBA78981,1,3388.14,33.9,0.0,2026-09-01T09:16:50+00:00,CCX1,171-1940452-5299528,INR,NEXLEV,3388.14
B0DCK7ZH5P,FBA79439,1,2880.51,33.9,0.0,2026-09-01T08:55:46+00:00,AMD2,405-1158823-7913962,INR,NEXLEV,2880.51
B0CDPP45BM,FBA78981,1,3388.14,0.0,0.0,2026-09-01T08:47:47+00:00,CJB1,403-6196124-4932367,INR,NEXLEV,3388.14
B0CYSLCRQS,FBA79263,1,2540.68,0.0,0.0,2026-09-01T08:38:50+00:00,MAA4,408-1641013-8111551,INR,NEXLEV,2540.68
B0DCGHVN81,FBA79452,1,1778.82,33.9,0.0,2026-09-01T08:30:53+00:00,BLR8,402-7819789-8860367,INR,NEXLEV,1778.82
B0CYSLCRQS,FBA79263,1,2540.68,0.0,0.0,2026-09-01T08:26:44+00:00,MAA4,402-2429998-6923510,INR,NEXLEV,2540.68
B0CYSLCRQS,FBA79263,1,2540.68,33.9,0.0,2026-09-01T08:20:46+00:00,CCX2,404-6242518-4649928,INR,NEXLEV,2540.68
B0CYSLCRQS,FBA79263,1,2540.68,33.9,0.0,2026-09-01T08:03:58+00:00,DEL5,404-5182247-2820318,INR,NEXLEV,2540.68
B0D2P5TGWK,FBA79373,1,253.39,0.0,0.0,2026-09-01T07:54:45+00:00,HYD8,403-9869935-0010764,INR,NEXLEV,253.39
B0DQCWRG3H,FBA79493,1,1694.07,33.9,0.0,2026-09-01T07:47:49+00:00,DEL4,404-9940794-4471558,INR,NEXLEV,1694.07
B0DQCWRG3H,FBA79493,1,1694.07,33.9,0.0,2026-09-01T07:45:48+00:00,DEL5,402-8697680-6801154,INR,NEXLEV,1694.07
B0F43P6D23,FBA79652,1,2964.41,0.0,0.0,2026-09-01T07:37:46+00:00,BLR8,402-3903975-6391544,INR,NEXLEV,2964.41
B0DQCWRG3H,FBA79493,1,1694.06,0.0,0.0,2026-09-01T07:31:49+00:00,HYD8,407-3597132-5519505,INR,NEXLEV,1694.06
B0CYSLCRQS,FBA79263,1,2540.68,33.9,0.0,2026-09-01T07:20:48+00:00,DEL5,406-9608151-0332349,INR,NEXLEV,2540.68
B0F43P6D23,FBA79652,1,2964.41,0.0,0.0,2026-09-01T07:19:52+00:00,BOM5,404-1713658-7692310,INR,NEXLEV,2964.41
B0DQCWRG3H,FBA79493,1,1694.06,33.9,0.0,2026-09-01T07:14:45+00:00,BLR7,407-6035117-4121111,INR,NEXLEV,1694.06
B0CDPMX152,FBA78980,1,1863.56,33.9,0.0,2026-09-01T06:17:49+00:00,LKO1,407-4949503-6585141,INR,NEXLEV,1863.56
B0DCK7ZH5P,FBA79439,1,2880.51,0.0,0.0,2026-09-01T06:11:46+00:00,AMD2,408-4579395-1182714,INR,NEXLEV,2880.51
B0FMF1D9NV,FBA79843,1,761.86,0.0,0.0,2026-09-01T05:56:51+00:00,BOM5,406-2061181-6787501,INR,NEXLEV,761.86
B0F43P6D23,FBA79652,1,3143.22,0.0,0.0,2026-09-01T05:56:51+00:00,BOM5,406-2061181-6787501,INR,NEXLEV,3143.22
B0DNJS23HS,FBA79567,1,5083.9,0.0,0.0,2026-09-01T05:56:51+00:00,BOM5,406-2061181-6787501,INR,NEXLEV,5083.9
B0DQCWRG3H,FBA79493,1,1694.07,33.9,0.0,2026-09-01T05:36:52+00:00,HYD8,403-1896836-7269144,INR,NEXLEV,1694.07
B0DQCWRG3H,FBA79493,1,1694.07,33.9,0.0,2026-09-01T05:36:49+00:00,DED4,171-1621773-2981126,INR,NEXLEV,1694.07
B0DV94R4QD,FBA79686,1,760.95,38.1,0.0,2026-09-01T05:23:46+00:00,BOM7,404-1059958-5378756,INR,NEXLEV,760.95
B0CDPP45BM,FBA78981,1,3388.14,66.95,0.0,2026-09-01T05:23:44+00:00,PNQ3,402-3941055-9777109,INR,NEXLEV,3388.14
B0CYSLCRQS,FBA79263,1,2540.68,50.0,0.0,2026-09-01T05:12:43+00:00,CCX2,171-3033554-8039523,INR,NEXLEV,2540.68
B0CYSLCRQS,FBA79263,1,2540.68,0.0,0.0,2026-09-01T05:10:47+00:00,BOM5,406-8037525-9623557,INR,NEXLEV,2540.68
B0CDPP45BM,FBA78981,1,3388.14,33.9,0.0,2026-09-01T05:09:51+00:00,BOM7,407-8934171-4118700,INR,NEXLEV,3388.14
B0CDPMX152,FBA78980,1,0.0,0.0,0.0,2026-09-01T05:02:42+00:00,AMD2,404-5202591-0225101,INR,NEXLEV,0.0
B0CDPMX152,FBA78980,1,1863.56,33.9,0.0,2026-09-01T04:45:50+00:00,LKO1,402-9643398-5612333,INR,NEXLEV,1863.56
B0CDPP45BM,FBA78981,1,3388.14,33.9,0.0,2026-09-01T04:42:48+00:00,DEL4,403-9439086-2839569,INR,NEXLEV,3388.14
B0DCGHVN81,FBA79452,1,1778.82,33.9,0.0,2026-09-01T04:38:47+00:00,HYD3,407-3328308-9461166,INR,NEXLEV,1778.82
B0DCGHVN81,FBA79452,1,1778.81,0.0,0.0,2026-09-01T04:38:45+00:00,HYD3,404-8093962-3235562,INR,NEXLEV,1778.81
B0DCGHVN81,FBA79452,1,1778.81,33.9,0.0,2026-09-01T04:23:46+00:00,DEL4,171-7871221-3774759,INR,NEXLEV,1778.81
B0DQCWRG3H,FBA79493,1,1694.07,66.95,0.0,2026-09-01T04:19:47+00:00,CJB1,406-2318286-9521135,INR,NEXLEV,1694.07
B0CDPP45BM,FBA78981,1,3388.14,0.0,0.0,2026-09-01T03:52:48+00:00,CJB1,171-9576284-3193928,INR,NEXLEV,3388.14
B0D9KDQCCM,FBA79349,1,951.43,0.0,0.0,2026-09-01T03:39:45+00:00,PNQ3,404-0629786-6360323,INR,NEXLEV,951.43
B0D9KCNVNM,FBA79381,1,846.61,0.0,0.0,2026-09-01T03:33:50+00:00,HYD8,405-1283411-2547528,INR,NEXLEV,846.61
B0F43P6D23,FBA79652,1,2964.41,0.0,0.0,2026-09-01T03:28:46+00:00,AMD2,404-2373311-4431563,INR,NEXLEV,2964.41
B0F67BW7SF,FBA79778,1,931.36,0.0,0.0,2026-09-01T03:14:46+00:00,CJB1,402-6576411-4724358,INR,NEXLEV,931.36
B0DQCWRG3H,FBA79493,1,1694.07,33.9,0.0,2026-08-31T23:06:06+00:00,BLR8,171-1314073-3273136,INR,NEXLEV,1694.07
B0FSF1N457,FBA79811,2,506.78,67.8,0.0,2026-08-31T22:25:44+00:00,CCX2,408-2404497-2589969,INR,NEXLEV,1013.56
B0DK9LYT4P,FBA79467,1,1077.12,33.9,0.0,2026-08-31T22:13:44+00:00,BOM7,405-5661764-8309152,INR,NEXLEV,1077.12
B0F43P6D23,FBA79652,1,2964.4,0.0,0.0,2026-08-31T21:12:51+00:00,BLR8,171-5909963-7287540,INR,NEXLEV,2964.4
B0CDPP45BM,FBA78981,1,0.0,0.0,0.0,2026-08-31T21:09:44+00:00,AMD2,404-9921809-7661115,INR,NEXLEV,0.0
B0CDPP45BM,FBA78981,1,3388.14,0.0,0.0,2026-08-31T20:57:46+00:00,DED4,402-3893369-6338714,INR,NEXLEV,3388.14
B0F43P6D23,FBA79652,1,2964.4,0.0,0.0,2026-08-31T20:45:48+00:00,BLR8,402-1001501-3728357,INR,NEXLEV,2964.4
B0DT6Y7KJM,FBA79492,1,1694.06,0.0,0.0,2026-08-31T20:05:17+00:00,HYD8,405-1797516-7793951,INR,NEXLEV,1694.06
B0D2P7WLJB,FBA79374,1,253.39,0.0,0.0,2026-08-31T19:25:50+00:00,DEL5,404-6861669-3541918,INR,NEXLEV,253.39
B0DQCWRG3H,FBA79493,1,1694.07,33.9,0.0,2026-08-31T19:24:49+00:00,HYD8,171-3548540-3661107,INR,NEXLEV,1694.07
B0CYSLCRQS,FBA79263,1,2540.68,16.1,0.0,2026-08-31T19:24:48+00:00,BLR8,407-5844848-0804311,INR,NEXLEV,2540.68
B0DQCWRG3H,FBA79493,1,0.0,0.0,0.0,2026-08-31T19:23:42+00:00,BOM7,404-8809334-8222734,INR,NEXLEV,0.0
B0CDPMX152,FBA78980,1,0.0,0.0,0.0,2026-08-31T19:22:46+00:00,BLR8,NLshop-11590/26-27,INR,NEXLEV,0.0
B0CDPMX152,FBA78980,1,1863.56,0.0,0.0,2026-08-31T19:16:44+00:00,MAA4,405-5990865-5861950,INR,NEXLEV,1863.56
B0D842173P,FBK79347,1,0.0,0.0,0.0,2026-08-31T19:15:34+00:00,DEL5,Case id - 1000029659,INR,NEXLEV,0.0
B0D83Q7L8W,FBA79271,1,1185.59,33.9,0.0,2026-08-31T19:14:48+00:00,DEL5,405-0512645-8818717,INR,NEXLEV,1185.59
B0CDPMX152,FBA78980,1,1863.56,33.9,0.0,2026-08-31T19:10:48+00:00,CJB1,402-0030805-1213101,INR,NEXLEV,1863.56
B0F43P6D23,FBA79652,1,2964.4,16.1,0.0,2026-08-31T19:09:48+00:00,BLR8,408-2733234-3914723,INR,NEXLEV,2964.4
B0DNJS23HS,FBA79567,1,5083.9,33.9,0.0,2026-08-31T18:59:48+00:00,LKO1,171-2150139-4578754,INR,NEXLEV,5083.9
B0CDPMX152,FBA78980,1,1863.56,33.9,0.0,2026-08-31T18:54:59+00:00,BLR8,405-0090101-3680336,INR,NEXLEV,1863.56
B0F43P6D23,FBA79652,1,2964.4,33.9,0.0,2026-08-31T18:54:51+00:00,BLR8,403-9788382-6558714,INR,NEXLEV,2964.4
B0D9KDQCCM,FBA79349,1,951.42,0.0,0.0,2026-08-31T18:35:50+00:00,DEL5,403-0385450-7161927,INR,NEXLEV,951.42
B0DFCG2VGS,FBA79488,1,1355.08,33.9,0.0,2026-08-31T18:28:45+00:00,CCX1,404-7380836-3245964,INR,NEXLEV,1355.08
B0DQCWRG3H,FBA79493,1,1694.06,66.94,0.0,2026-08-31T18:26:51+00:00,HYD3,407-7647941-0526715,INR,NEXLEV,1694.06
B0DCK7ZH5P,FBA79439,1,2880.5,16.1,0.0,2026-08-31T18:23:45+00:00,HYD8,408-9538754-3993118,INR,NEXLEV,2880.5
B0CDPP45BM,FBA78981,1,3388.14,0.0,0.0,2026-08-31T18:18:21+00:00,BOM5,402-2917039-3137946,INR,NEXLEV,3388.14
B0D2P5TGWK,FBA79373,1,0.0,0.0,0.0,2026-08-31T18:14:48+00:00,DEL4,407-4372890-0045153,INR,NEXLEV,0.0
B0CDPMX152,FBA78980,1,0.0,0.0,0.0,2026-08-31T18:03:48+00:00,DED4,404-2236903-9256340,INR,NEXLEV,0.0
B0CYSLCRQS,FBA79263,1,2540.68,0.0,0.0,2026-08-31T17:52:46+00:00,CCX2,408-8976547-5821962,INR,NEXLEV,2540.68
B0DNJS23HS,FBA79567,1,0.0,0.0,0.0,2026-08-31T17:51:50+00:00,BOM5,402-3786050-7105160,INR,NEXLEV,0.0
B0CDPP45BM,FBA78981,1,3388.14,0.0,0.0,2026-08-31T17:51:48+00:00,BLR7,407-8756830-1774752,INR,NEXLEV,3388.14
B0CYSLCRQS,FBA79263,1,2540.68,0.0,0.0,2026-08-31T17:41:49+00:00,BLR7,405-1120572-8161900,INR,NEXLEV,2540.68
B0D83Q7L8W,FBA79271,1,1185.6,33.9,0.0,2026-08-31T17:40:46+00:00,DEL5,405-9585094-0945943,INR,NEXLEV,1185.6
B0DKJZDY72,FBA79565,1,1694.06,0.0,0.0,2026-08-31T17:38:48+00:00,BOM5,405-0375108-3492330,INR,NEXLEV,1694.06
B0D25LNDSY,FBA79346,1,550.0,0.0,0.0,2026-08-31T17:33:48+00:00,HYD8,403-1533207-4436336,INR,NEXLEV,550.0
B0D9KFP4MG,FBA79405,1,1524.58,33.9,0.0,2026-08-31T17:30:45+00:00,DED4,408-2588189-5652360,INR,NEXLEV,1524.58
B0D845B2DG,FBA79280,1,1270.34,33.9,0.0,2026-08-31T17:29:48+00:00,DEL4,406-2436880-7138711,INR,NEXLEV,1270.34
B0CDPP45BM,FBA78981,1,3388.14,33.9,0.0,2026-08-31T17:28:47+00:00,DED4,171-4209930-6417900,INR,NEXLEV,3388.14
B0D9KDQCCM,FBA79349,1,951.42,0.0,0.0,2026-08-31T17:26:54+00:00,BOM5,402-8381565-7825961,INR,NEXLEV,951.42
B0CDPMX152,FBA78980,1,1863.56,0.0,0.0,2026-08-31T17:26:51+00:00,BOM5,407-1379472-1358738,INR,NEXLEV,1863.56
B0CDPP45BM,FBA78981,1,3388.14,66.94,0.0,2026-08-31T17:24:52+00:00,BLR7,408-4715035-2829961,INR,NEXLEV,3388.14
B0D9KFP4MG,FBA79405,1,1524.58,33.9,0.0,2026-08-31T17:23:49+00:00,BLR8,408-4514734-0071543,INR,NEXLEV,1524.58
B0CDPP45BM,FBA78981,1,3388.14,0.0,0.0,2026-08-31T17:22:51+00:00,BLR7,408-9761975-2177165,INR,NEXLEV,3388.14
B0DQCWRG3H,FBA79493,1,1694.06,33.9,0.0,2026-08-31T17:21:53+00:00,BLR8,403-2848519-3061129,INR,NEXLEV,1694.06
B0D25LNDSY,FBA79346,1,550.0,0.0,0.0,2026-08-31T17:13:50+00:00,BLR8,407-6708246-4910709,INR,NEXLEV,550.0
B0CYSLCRQS,FBA79263,1,2540.68,0.0,0.0,2026-08-31T17:12:45+00:00,PNQ3,402-4531150-2197961,INR,NEXLEV,2540.68
B0DCK7ZH5P,FBA79439,1,2880.51,0.0,0.0,2026-08-31T16:36:50+00:00,HYD3,407-8254796-6613912,INR,NEXLEV,2880.51
B0DCK4DR1B,FBA79469,1,846.61,33.9,0.0,2026-08-31T16:33:50+00:00,DEL5,171-2121352-1055514,INR,NEXLEV,846.61
B0CDPP45BM,FBA78981,1,3388.14,33.9,0.0,2026-08-31T16:33:47+00:00,PNQ3,404-0144612-3553170,INR,NEXLEV,3388.14
B0GM1CZC7Y,FBA79984,1,4490.68,0.0,0.0,2026-08-31T16:11:43+00:00,MAA4,407-4401990-4437153,INR,NEXLEV,4490.68
B0CDPP45BM,FBA78981,1,3388.14,0.0,0.0,2026-08-31T16:00:44+00:00,BOM7,405-2441847-2665943,INR,NEXLEV,3388.14
B0DQCWRG3H,FBA79493,1,1694.07,33.9,0.0,2026-08-31T15:50:48+00:00,CJB1,403-0585238-4383552,INR,NEXLEV,1694.07
B0CYSLCRQS,FBA79263,1,2540.68,0.0,0.0,2026-08-31T15:48:50+00:00,PNQ3,403-8604891-0757907,INR,NEXLEV,2540.68
B0DQCWRG3H,FBA79493,1,1694.07,33.9,0.0,2026-08-31T15:43:48+00:00,CJB1,402-8019941-6926731,INR,NEXLEV,1694.07
B0GM1CZC7Y,FBA79984,1,4490.68,0.0,0.0,2026-08-31T15:41:42+00:00,MAA4,404-9004967-2259562,INR,NEXLEV,4490.68
B0DQCWRG3H,FBA79493,1,1694.06,0.0,0.0,2026-08-31T15:37:52+00:00,HYD3,408-8368461-2456339,INR,NEXLEV,1694.06
B0FSF1N457,FBA79811,1,506.78,1.07,0.0,2026-08-31T15:34:56+00:00,CCX2,403-7551503-8815544,INR,NEXLEV,506.78
B0DQCWRG3H,FBA79493,1,1694.06,33.9,0.0,2026-08-31T15:33:48+00:00,AMD2,403-1362241-0933906,INR,NEXLEV,1694.06
B0DKJSCLBD,FBA79566,1,1948.31,0.0,0.0,2026-08-31T15:30:49+00:00,MAA4,402-3669354-4236304,INR,NEXLEV,1948.31
B0CYSLCRQS,FBA79263,1,2540.68,33.9,0.0,2026-08-31T15:24:08+00:00,HYD3,405-4240354-2665965,INR,NEXLEV,2540.68
B0CDPP45BM,FBA78981,1,3388.14,0.0,0.0,2026-08-31T15:15:47+00:00,HYD8,171-5846912-3336343,INR,NEXLEV,3388.14
B0DQCWRG3H,FBA79493,1,1694.06,33.9,0.0,2026-08-31T15:14:45+00:00,PNQ3,403-1442804-5869154,INR,NEXLEV,1694.06
B0F43P6D23,FBA79652,1,2964.41,0.0,0.0,2026-08-31T15:04:45+00:00,BOM5,171-0181814-0753154,INR,NEXLEV,2964.41
B0F43P6D23,FBA79652,1,2964.4,0.0,0.0,2026-08-31T15:02:53+00:00,BOM5,171-3491920-7304309,INR,NEXLEV,2964.4
B0DCGHVN81,FBA79452,1,1778.81,33.9,0.0,2026-08-31T14:50:50+00:00,DEL4,408-0180968-4725905,INR,NEXLEV,1778.81
B0DQCWRG3H,FBA79493,1,1694.06,66.94,0.0,2026-08-31T14:43:52+00:00,BLR7,404-7790788-3126735,INR,NEXLEV,1694.06
B0DCGHVN81,FBA79452,1,1778.82,33.9,0.0,2026-08-31T14:32:50+00:00,HYD3,406-2222084-4647500,INR,NEXLEV,1778.82
B0CYSLCRQS,FBA79263,1,2540.68,33.9,0.0,2026-08-31T14:31:44+00:00,AMD2,406-9894389-2996327,INR,NEXLEV,2540.68
B0CDPP45BM,FBA78981,1,3388.14,0.0,0.0,2026-08-31T14:13:55+00:00,BOM5,171-8390077-9481159,INR,NEXLEV,3388.14
B0FT8R24QM,FBA79819,1,0.0,0.0,0.0,2026-08-31T14:10:44+00:00,BLR7,27131706-1,INR,NEXLEV,0.0
B0CDPP45BM,FBA78981,1,3388.14,0.0,0.0,2026-08-31T14:07:45+00:00,CJB1,406-7812803-5969141,INR,NEXLEV,3388.14
B0F43P6D23,FBA79652,1,2964.4,0.0,0.0,2026-08-31T14:06:47+00:00,BOM5,404-1593074-7673915,INR,NEXLEV,2964.4
B0CDPP45BM,FBA78981,1,3388.14,0.0,0.0,2026-08-31T14:05:50+00:00,BOM7,171-7595920-4929962,INR,NEXLEV,3388.14
B0CDPMX152,FBA78980,1,1863.56,16.1,0.0,2026-08-31T14:04:50+00:00,BLR8,407-4386846-0722748,INR,NEXLEV,1863.56
B0DQCWRG3H,FBA79493,1,1694.06,66.94,0.0,2026-08-31T14:00:44+00:00,BOM5,402-5791740-3920357,INR,NEXLEV,1694.06
B0CDPP45BM,FBA78981,1,3388.14,33.9,0.0,2026-08-31T13:55:47+00:00,DED4,406-4269621-7003547,INR,NEXLEV,3388.14
B0FSF1N457,FBA79811,1,506.78,16.1,0.0,2026-08-31T13:46:55+00:00,BLR7,404-9412454-2301167,INR,NEXLEV,506.78
B0D672NXC8,FBA79277,1,6269.5,0.0,0.0,2026-08-31T13:39:44+00:00,BOM5,171-8153402-2127509,INR,NEXLEV,6269.5
B0D2P5TGWK,FBA79373,1,253.38,33.9,0.0,2026-08-31T13:01:48+00:00,HYD8,171-5516687-9292324,INR,NEXLEV,253.38
B0F43P6D23,FBA79652,1,2964.41,0.0,0.0,2026-08-31T12:45:55+00:00,AMD2,402-0065929-3411576,INR,NEXLEV,2964.41
B0D9KFP4MG,FBA79405,1,1524.58,0.0,0.0,2026-08-31T12:38:45+00:00,PNQ3,402-8588996-2387509,INR,NEXLEV,1524.58
B0DQCWRG3H,FBA79493,1,1694.07,33.9,0.0,2026-08-31T12:31:47+00:00,DEL5,403-6391483-0269151,INR,NEXLEV,1694.07
B0CDPP45BM,FBA78981,1,3388.14,33.9,0.0,2026-08-31T12:29:51+00:00,CJB1,408-7779963-2250729,INR,NEXLEV,3388.14
B0F43P6D23,FBA79652,1,2964.4,33.9,0.0,2026-08-31T12:29:48+00:00,PNQ3,406-8171021-4526743,INR,NEXLEV,2964.4
B0CDPP45BM,FBA78981,1,3388.14,0.0,0.0,2026-08-31T12:19:48+00:00,CJB1,402-4656346-3038755,INR,NEXLEV,3388.14
B0DQCWRG3H,FBA79493,1,1694.06,33.9,0.0,2026-08-31T12:15:47+00:00,BLR7,171-5271818-4385920,INR,NEXLEV,1694.06
B0GM1CZC7Y,FBA79984,1,4490.68,0.0,0.0,2026-08-31T12:10:47+00:00,HYD3,402-1508342-6137932,INR,NEXLEV,4490.68
B0D83Q7L8W,FBA79271,1,1185.6,33.9,0.0,2026-08-31T11:50:49+00:00,LKO1,408-3639089-9343567,INR,NEXLEV,1185.6
B0CYSLCRQS,FBA79263,1,2540.68,0.0,0.0,2026-08-31T11:49:56+00:00,BLR8,405-1773151-4742729,INR,NEXLEV,2540.68
B0CYSLCRQS,FBA79263,1,2540.68,33.9,0.0,2026-08-31T11:49:53+00:00,BLR8,408-1984803-2337949,INR,NEXLEV,2540.68
B0DDC3GVZW,FBA79480,1,0.0,0.0,0.0,2026-08-31T11:47:34+00:00,PNQ3,NLshop-11585/26-27,INR,NEXLEV,0.0
B0D2LJSQXZ,FBA79276,1,3219.49,0.0,0.0,2026-08-31T11:43:47+00:00,LKO1,406-2452019-2162706,INR,NEXLEV,3219.49
B0DCGHVN81,FBA79452,1,0.0,0.0,0.0,2026-08-31T11:11:33+00:00,HYD3,27095282-1,INR,NEXLEV,0.0
B0CYSLCRQS,FBA79263,1,2540.68,0.0,0.0,2026-08-31T11:09:54+00:00,HYD3,402-4393229-4021902,INR,NEXLEV,2540.68
B0D9KFP4MG,FBA79405,1,1524.58,0.0,0.0,2026-08-31T10:50:55+00:00,DEL5,405-8594330-1279541,INR,NEXLEV,1524.58
B0CDPP45BM,FBA78981,1,3388.14,0.0,0.0,2026-08-31T10:49:51+00:00,BLR7,408-1182822-2865156,INR,NEXLEV,3388.14
B0F43P6D23,FBA79652,1,2964.41,0.0,0.0,2026-08-31T10:42:45+00:00,BOM5,403-0101556-3371574,INR,NEXLEV,2964.41
B0F43P6D23,FBA79652,1,2964.41,0.0,0.0,2026-08-31T10:33:45+00:00,BOM5,406-8768374-7738724,INR,NEXLEV,2964.41
B0D9KFP4MG,FBA79405,1,1524.58,33.9,0.0,2026-08-31T09:59:51+00:00,BOM5,408-4758854-9740309,INR,NEXLEV,1524.58
B0FS6TB7CP,FBA79812,1,1863.56,33.9,0.0,2026-08-31T09:31:50+00:00,MAA4,408-6292104-9140309,INR,NEXLEV,1863.56
B0DNJS23HS,FBA79567,1,5083.9,0.0,0.0,2026-08-31T09:31:48+00:00,CCX1,405-9083219-3464308,INR,NEXLEV,5083.9
B0D25LNDSY,FBA79346,1,550.0,0.0,0.0,2026-08-31T09:28:50+00:00,BLR8,408-2453067-8016306,INR,NEXLEV,550.0
B0D25LNDSY,FBA79346,1,550.0,0.0,0.0,2026-08-31T09:10:53+00:00,CCX1,407-4074890-2209965,INR,NEXLEV,550.0
B0CYSLCRQS,FBA79263,1,2540.68,0.0,0.0,2026-08-31T09:08:44+00:00,MAA4,404-5041341-4231502,INR,NEXLEV,2540.68
B0DKJSCLBD,FBA79566,1,0.0,0.0,0.0,2026-08-31T09:08:33+00:00,MAA4,NLshop-11586/26-27,INR,NEXLEV,0.0
B0F43P6D23,FBA79652,1,2964.41,0.0,0.0,2026-08-31T09:01:49+00:00,BOM5,404-0934781-9126713,INR,NEXLEV,2964.41
B0CDPMX152,FBA78980,1,1863.56,33.9,0.0,2026-08-31T08:57:50+00:00,CCX1,408-9190676-4544366,INR,NEXLEV,1863.56
B0D9KFP4MG,FBA79405,1,1524.58,33.9,0.0,2026-08-31T08:54:00+00:00,BOM5,406-1877040-2097929,INR,NEXLEV,1524.58
B0DCK7ZH5P,FBA79439,1,2880.5,33.9,0.0,2026-08-31T08:53:51+00:00,CCX1,405-4789766-9118712,INR,NEXLEV,2880.5
B0DNJS23HS,FBA79567,1,5083.9,0.0,0.0,2026-08-31T08:50:47+00:00,BOM7,403-5495400-4157932,INR,NEXLEV,5083.9
B0DQCWRG3H,FBA79493,1,1694.06,33.9,0.0,2026-08-31T08:46:50+00:00,BOM7,403-4608384-7108349,INR,NEXLEV,1694.06
B0DQCWRG3H,FBA79493,1,1694.07,66.95,0.0,2026-08-31T08:39:48+00:00,CJB1,403-7305116-5352310,INR,NEXLEV,1694.07
B0F43P6D23,FBA79652,1,2964.41,0.0,0.0,2026-08-31T08:37:49+00:00,PNQ3,171-4903119-3128345,INR,NEXLEV,2964.41
B0DFCDZWND,FBA79472,1,1189.52,9.04,0.0,2026-08-31T08:33:46+00:00,CCX1,405-3714112-4721114,INR,NEXLEV,1189.52
B0D2LFMY48,FBA79272,1,0.0,0.0,0.0,2026-08-31T08:14:35+00:00,CCX1,NLshop-11587/26-27,INR,NEXLEV,0.0
B0DNJS23HS,FBA79567,1,5083.9,0.0,0.0,2026-08-31T08:13:50+00:00,CCX1,403-2560260-2635539,INR,NEXLEV,5083.9
B0D9KFP4MG,FBA79405,1,1524.58,33.9,0.0,2026-08-31T08:03:46+00:00,PNQ3,406-0208662-3230768,INR,NEXLEV,1524.58
B0DQCWRG3H,FBA79493,1,1694.07,0.0,0.0,2026-08-31T07:59:00+00:00,CJB1,171-9411135-7883509,INR,NEXLEV,1694.07
B0FSF1N457,FBA79811,1,506.78,33.9,0.0,2026-08-31T07:53:52+00:00,BOM5,171-4594025-7933165,INR,NEXLEV,506.78
B0D2P5TGWK,FBA79373,1,0.0,0.0,0.0,2026-08-31T07:51:39+00:00,BLR8,Anguprasanth - Gift ET-01,INR,NEXLEV,0.0
B0DCK7ZH5P,FBA79439,1,2880.51,33.9,0.0,2026-08-31T07:50:42+00:00,LKO1,171-0701290-6281123,INR,NEXLEV,2880.51
B0DNJS23HS,FBA79567,1,5083.9,0.0,0.0,2026-08-31T07:42:45+00:00,BOM5,406-6221707-0393947,INR,NEXLEV,5083.9
B0DNJS23HS,FBA79567,1,0.0,0.0,0.0,2026-08-31T07:42:43+00:00,BOM5,404-2450518-0793962,INR,NEXLEV,0.0
B0DNJS23HS,FBA79567,1,0.0,0.0,0.0,2026-08-31T07:41:43+00:00,BOM5,404-7965650-1033144,INR,NEXLEV,0.0
B0CYSLCRQS,FBA79263,1,2540.68,0.0,0.0,2026-08-31T07:34:58+00:00,BLR8,407-7157218-5138742,INR,NEXLEV,2540.68
B0DCK7ZH5P,FBA79439,1,2880.5,0.0,0.0,2026-08-31T07:20:59+00:00,BOM5,408-9735195-9939529,INR,NEXLEV,2880.5
B0DQCWRG3H,FBA79493,1,1694.07,66.95,0.0,2026-08-31T07:10:50+00:00,BLR7,408-8788098-4441123,INR,NEXLEV,1694.07
B0F43P6D23,FBA79652,1,2964.41,0.0,0.0,2026-08-31T06:30:42+00:00,PNQ3,407-7639581-6879534,INR,NEXLEV,2964.41
B0CDPMX152,FBA78980,1,1863.56,0.0,0.0,2026-08-31T06:18:47+00:00,CJB1,407-7305733-6615567,INR,NEXLEV,1863.56
B0DK9LYT4P,FBA79467,1,0.0,0.0,0.0,2026-08-31T06:15:31+00:00,BOM7,NLshop-11572/26-27,INR,NEXLEV,0.0
B0DQCWRG3H,FBA79493,1,1694.06,66.94,0.0,2026-08-31T06:09:48+00:00,PNQ3,406-6832752-5365915,INR,NEXLEV,1694.06
B0DQCWRG3H,FBA79493,1,1694.06,33.9,0.0,2026-08-31T06:07:54+00:00,HYD3,407-1541458-3681118,INR,NEXLEV,1694.06
B0DQCWRG3H,FBA79493,1,1694.07,33.9,0.0,2026-08-31T06:04:53+00:00,HYD3,405-4853325-6737915,INR,NEXLEV,1694.07
B0F43P6D23,FBA79652,1,2964.41,0.0,0.0,2026-08-31T06:00:53+00:00,BOM5,404-6186844-3885931,INR,NEXLEV,2964.41
B0F43P6D23,FBA79652,1,2964.41,0.0,0.0,2026-08-31T06:00:47+00:00,PNQ3,171-3162910-1817151,INR,NEXLEV,2964.41
B0CDPP45BM,FBA78981,1,3388.14,0.0,0.0,2026-08-31T05:55:50+00:00,DEL5,402-9434795-8694718,INR,NEXLEV,3388.14
B0FSF1N457,FBA79811,1,506.78,33.9,0.0,2026-08-31T05:45:47+00:00,AMD2,406-4668607-4997913,INR,NEXLEV,506.78
B0CDPP45BM,FBA78981,1,3388.14,33.9,0.0,2026-08-31T05:43:53+00:00,BLR7,408-4312029-4180300,INR,NEXLEV,3388.14
B0D2P5TGWK,FBA79373,1,0.0,0.0,0.0,2026-08-31T05:28:25+00:00,BOM5,Ravi Chauhan - Gift ET-01,INR,NEXLEV,0.0
B0DFCG2VGS,FBA79488,1,1355.08,0.0,0.0,2026-08-31T05:23:48+00:00,AMD2,404-4739985-8369143,INR,NEXLEV,1355.08
B0F43P6D23,FBA79652,1,2964.41,0.0,0.0,2026-08-31T05:21:24+00:00,AMD2,406-0872262-4168349,INR,NEXLEV,2964.41
B0DCK7ZH5P,FBA79439,1,2880.51,33.9,0.0,2026-08-31T05:20:51+00:00,DEL5,405-9973816-2661961,INR,NEXLEV,2880.51
B0DQCWRG3H,FBA79493,1,1694.07,33.9,0.0,2026-08-31T05:16:48+00:00,DED4,407-7901837-2985904,INR,NEXLEV,1694.07
B0CDPMX152,FBA78980,1,1863.56,33.9,0.0,2026-08-31T05:09:46+00:00,MAA4,403-5677373-5920369,INR,NEXLEV,1863.56
B0CDPMX152,FBA78980,1,1863.56,33.9,0.0,2026-08-31T05:08:47+00:00,MAA4,406-8842627-8533924,INR,NEXLEV,1863.56
B0DQCWRG3H,FBA79493,1,1694.06,0.0,0.0,2026-08-31T04:55:49+00:00,DED4,405-7829392-3622752,INR,NEXLEV,1694.06
B0DQCWRG3H,FBA79493,1,1694.06,33.9,0.0,2026-08-31T04:46:48+00:00,BLR8,402-8665451-6589918,INR,NEXLEV,1694.06
B0DQCWRG3H,FBA79493,1,1694.06,33.9,0.0,2026-08-31T04:44:50+00:00,PNQ3,403-0812429-1217932,INR,NEXLEV,1694.06
B0CYSLCRQS,FBA79263,1,2540.68,0.0,0.0,2026-08-31T04:28:49+00:00,PNQ3,171-5838453-9115568,INR,NEXLEV,2540.68
B0CDPMX152,FBA78980,1,0.0,0.0,0.0,2026-08-31T04:15:37+00:00,HYD8,NLshop-11583/26-27,INR,NEXLEV,0.0
B0DQCWRG3H,FBA79493,1,1694.07,33.9,0.0,2026-08-31T04:06:45+00:00,HYD8,404-6604054-7817149,INR,NEXLEV,1694.07
B0D2LJSQXZ,FBA79276,1,3219.5,33.9,0.0,2026-08-31T03:52:52+00:00,HYD3,402-8013475-2674740,INR,NEXLEV,3219.5
B0DVC8NYY2,FBA79682,1,0.0,0.0,0.0,2026-08-31T03:49:35+00:00,BOM5,NLshop-11574/26-27,INR,NEXLEV,0.0
B0D9KFP4MG,FBA79405,1,1524.58,33.9,0.0,2026-08-31T03:40:42+00:00,CJB1,408-3002663-9185102,INR,NEXLEV,1524.58
B0DQCWRG3H,FBA79493,1,1694.06,33.9,0.0,2026-08-31T03:33:42+00:00,BOM5,408-4974953-2345111,INR,NEXLEV,1694.06
B0CDPP45BM,FBA78981,1,3388.14,33.9,0.0,2026-08-31T03:32:48+00:00,MAA4,402-1481071-6937155,INR,NEXLEV,3388.14
B0CYSLCRQS,FBA79263,1,2540.68,0.0,0.0,2026-08-31T03:24:43+00:00,CJB1,408-9829531-7069903,INR,NEXLEV,2540.68
B0DQCWRG3H,FBA79493,1,1694.06,33.9,0.0,2026-08-30T22:56:52+00:00,HYD3,407-7763764-7696325,INR,NEXLEV,1694.06
B0D2P7WLJB,FBA79374,1,253.39,33.9,0.0,2026-08-30T22:55:55+00:00,DEL5,406-8545234-7799568,INR,NEXLEV,253.39
B0DQCWRG3H,FBA79493,1,1694.07,50.0,0.0,2026-08-30T22:48:48+00:00,PNQ3,402-9715091-0879504,INR,NEXLEV,1694.07
B0DQCWRG3H,FBA79493,1,1694.06,33.9,0.0,2026-08-30T22:47:47+00:00,CJB1,405-9640430-6104319,INR,NEXLEV,1694.06
B0CDPMX152,FBA78980,1,1863.56,33.9,0.0,2026-08-30T22:07:46+00:00,LKO1,405-0009819-8034700,INR,NEXLEV,1863.56
B0CDPP45BM,FBA78981,1,3388.14,33.9,0.0,2026-08-30T21:58:48+00:00,CCX1,403-8294998-0520335,INR,NEXLEV,3388.14
B0FJ1ZB4G9,FBA79707,1,550.0,0.0,0.0,2026-08-30T21:56:48+00:00,BLR8,406-7731205-8646708,INR,NEXLEV,550.0
B0D9KFP4MG,FBA79405,1,1524.58,33.9,0.0,2026-08-30T21:32:46+00:00,PNQ3,171-9786577-7159533,INR,NEXLEV,1524.58
B0DQCWRG3H,FBA79493,1,1694.06,33.9,0.0,2026-08-30T21:30:49+00:00,BLR7,408-3358341-9492357,INR,NEXLEV,1694.06
B0F43P6D23,FBA79652,1,2964.4,0.0,0.0,2026-08-30T21:28:48+00:00,PNQ3,402-3882943-8526739,INR,NEXLEV,2964.4
B0CDPMX152,FBA78980,1,1863.56,0.0,0.0,2026-08-30T21:22:51+00:00,BLR8,402-9713740-1825904,INR,NEXLEV,1863.56
B0FJG5PFGQ,FBA79673,1,550.0,0.0,0.0,2026-08-30T21:21:49+00:00,BOM5,404-1450140-0079566,INR,NEXLEV,550.0
B0DNJS23HS,FBA79567,1,0.0,0.0,0.0,2026-08-30T21:09:43+00:00,BOM5,404-5817763-4650728,INR,NEXLEV,0.0
B0D845B2DG,FBA79280,1,1270.34,33.9,0.0,2026-08-30T21:08:47+00:00,DEL4,171-2554456-8034754,INR,NEXLEV,1270.34
B0DNJS23HS,FBA79567,1,0.0,0.0,0.0,2026-08-30T21:06:43+00:00,BOM5,404-7837159-6924341,INR,NEXLEV,0.0
B0FJG5PFGQ,FBA79673,1,550.0,33.9,0.0,2026-08-30T21:01:43+00:00,CCX1,171-2822310-5054768,INR,NEXLEV,550.0
B0DCK7ZH5P,FBA79439,1,2880.5,33.9,0.0,2026-08-30T21:00:51+00:00,LKO1,403-1700795-9396325,INR,NEXLEV,2880.5
B0D2P5TGWK,FBA79373,1,0.0,0.0,0.0,2026-08-30T20:51:33+00:00,BLR8,Adil P A - Gift ET-01,INR,NEXLEV,0.0
B0FJ1ZB4G9,FBA79707,1,550.0,0.0,0.0,2026-08-30T20:27:47+00:00,BOM5,171-3113631-4424355,INR,NEXLEV,550.0
B0F43P6D23,FBA79652,1,2964.41,0.0,0.0,2026-08-30T20:26:45+00:00,BOM5,402-5967740-7833946,INR,NEXLEV,2964.41
B0F43P6D23,FBA79652,1,2964.41,33.9,0.0,2026-08-30T19:36:46+00:00,PNQ3,408-6217991-8019512,INR,NEXLEV,2964.41
B0DQCWRG3H,FBA79493,1,1694.06,33.9,0.0,2026-08-30T19:35:48+00:00,AMD2,406-5082796-1376327,INR,NEXLEV,1694.06
B0CDPP45BM,FBA78981,1,3388.14,0.0,0.0,2026-08-30T19:33:45+00:00,PNQ3,407-7635939-6105149,INR,NEXLEV,3388.14
B0CDPP45BM,FBA78981,1,3388.14,0.0,0.0,2026-08-30T19:32:51+00:00,BLR7,408-3967192-3965147,INR,NEXLEV,3388.14
B0D9KCNVNM,FBA79381,1,846.61,0.0,0.0,2026-08-30T19:22:55+00:00,HYD8,405-0615566-5755549,INR,NEXLEV,846.61
B0CDPP45BM,FBA78981,1,3388.14,0.0,0.0,2026-08-30T19:19:48+00:00,CJB1,406-8019984-5835552,INR,NEXLEV,3388.14
B0CDPP45BM,FBA78981,1,3388.14,0.0,0.0,2026-08-30T19:18:46+00:00,HYD8,403-6199930-7153102,INR,NEXLEV,3388.14
B0DK9LYT4P,FBA79467,1,0.0,0.0,0.0,2026-08-30T19:10:34+00:00,BLR8,NLshop-11584/26-27,INR,NEXLEV,0.0
B0DQCWRG3H,FBA79493,1,1694.06,33.9,0.0,2026-08-30T19:07:44+00:00,PNQ3,407-4862655-2168310,INR,NEXLEV,1694.06
B0CDPMX152,FBA78980,1,1863.56,0.0,0.0,2026-08-30T19:04:49+00:00,HYD8,405-4350473-3174753,INR,NEXLEV,1863.56
B0CDPMX152,FBA78980,1,1863.56,33.9,0.0,2026-08-30T19:02:46+00:00,HYD8,171-2056697-8453136,INR,NEXLEV,1863.56
B0CDPP45BM,FBA78981,1,3388.14,16.1,0.0,2026-08-30T19:01:49+00:00,HYD3,403-9575628-4149123,INR,NEXLEV,3388.14
B0CDPP45BM,FBA78981,1,3388.14,0.0,0.0,2026-08-30T19:00:49+00:00,DEL5,406-7667580-9353127,INR,NEXLEV,3388.14
B0CYSLCRQS,FBA79263,1,2540.68,4.03,0.0,2026-08-30T18:42:50+00:00,DED4,406-3325401-0889107,INR,NEXLEV,2540.68
B0CDPP45BM,FBA78981,1,3388.14,0.0,0.0,2026-08-30T18:42:50+00:00,PNQ3,403-8843355-9461963,INR,NEXLEV,3388.14
B0DCK7ZH5P,FBA79439,1,2880.5,0.0,0.0,2026-08-30T18:42:45+00:00,AMD2,405-1055998-5802756,INR,NEXLEV,2880.5
B0DQCWRG3H,FBA79493,1,1694.06,0.0,0.0,2026-08-30T18:28:13+00:00,MAA4,403-6626056-0187515,INR,NEXLEV,1694.06
B0DFCDZWND,FBA79472,1,1189.52,18.1,0.0,2026-08-30T18:24:51+00:00,BLR7,404-5430449-6611545,INR,NEXLEV,1189.52
B0DQCWRG3H,FBA79493,1,1694.06,33.9,0.0,2026-08-30T18:14:51+00:00,BOM7,403-9965303-4288337,INR,NEXLEV,1694.06
B0DCK3N2JJ,FBA79406,1,2424.58,33.9,0.0,2026-08-30T18:09:53+00:00,CCX1,171-9649578-6467527,INR,NEXLEV,2424.58
B0CDPP45BM,FBA78981,1,3388.14,33.9,0.0,2026-08-30T17:51:00+00:00,BOM7,405-5855846-7778703,INR,NEXLEV,3388.14
B0F74DJYG6,FBA79773,1,210.17,0.0,0.0,2026-08-30T17:49:52+00:00,BLR8,408-0876680-8641960,INR,NEXLEV,210.17
B0CDPP45BM,FBA78981,1,3388.14,16.1,0.0,2026-08-30T17:47:47+00:00,BOM5,403-3653407-2325926,INR,NEXLEV,3388.14
B0D2P5TGWK,FBA79373,1,0.0,0.0,0.0,2026-08-30T17:31:32+00:00,BOM5,Paknaj Gund - Gift ET-01,INR,NEXLEV,0.0
B0CDPMX152,FBA78980,1,0.0,0.0,0.0,2026-08-30T17:26:31+00:00,AMD2,NLshop-11576/26-27,INR,NEXLEV,0.0
B0CDPP45BM,FBA78981,1,3388.14,5.38,0.0,2026-08-30T17:17:52+00:00,BLR7,402-8770671-9304335,INR,NEXLEV,3388.14
B0CYSLCRQS,FBA79263,1,2540.68,0.0,0.0,2026-08-30T16:52:01+00:00,LKO1,406-2774404-3433153,INR,NEXLEV,2540.68
B0CDPMX152,FBA78980,1,0.0,0.0,0.0,2026-08-30T16:49:35+00:00,LKO1,NLshop-11581/26-27,INR,NEXLEV,0.0
B0FSF1N457,FBA79811,1,506.78,0.0,0.0,2026-08-30T16:37:53+00:00,LKO1,403-3857586-6825964,INR,NEXLEV,506.78
B0DQCWRG3H,FBA79493,1,1694.06,33.9,0.0,2026-08-30T16:32:49+00:00,PNQ3,402-8039815-0254751,INR,NEXLEV,1694.06
B0DQCWRG3H,FBA79493,1,1694.06,33.9,0.0,2026-08-30T16:32:49+00:00,MAA4,408-7399496-1861932,INR,NEXLEV,1694.06
B0DCK7ZH5P,FBA79439,1,2880.5,0.0,0.0,2026-08-30T16:28:51+00:00,DEL5,408-9387164-0224335,INR,NEXLEV,2880.5
B0GN94YDY2,FBA79992,1,9321.18,16.1,0.0,2026-08-30T16:21:47+00:00,MAA4,405-5699188-0204306,INR,NEXLEV,9321.18
B0CDPMX152,FBA78980,1,0.0,0.0,0.0,2026-08-30T16:19:32+00:00,LKO1,NLshop-11582/26-27,INR,NEXLEV,0.0
B0GM1CZC7Y,FBA79984,1,4490.68,0.0,0.0,2026-08-30T16:12:54+00:00,HYD3,408-1988630-4645909,INR,NEXLEV,4490.68
B0GM1CZC7Y,FBA79984,1,4490.68,0.0,0.0,2026-08-30T16:11:52+00:00,HYD3,406-8544852-0776349,INR,NEXLEV,4490.68
B0DGTGKPJR,FBA79436,1,253.38,33.9,0.0,2026-08-30T16:09:46+00:00,BOM7,405-2649052-9241121,INR,NEXLEV,253.38
B0GN86G345,FBA79989,1,0.0,0.0,0.0,2026-08-30T16:07:43+00:00,CCX2,404-1143032-9737133,INR,NEXLEV,0.0
B0CDPP45BM,FBA78981,1,3388.14,0.0,0.0,2026-08-30T15:43:51+00:00,BOM7,405-1939921-1304364,INR,NEXLEV,3388.14
B0CDPP45BM,FBA78981,1,3388.14,33.9,0.0,2026-08-30T15:42:47+00:00,BOM7,405-1476352-3309924,INR,NEXLEV,3388.14
B0CYSLCRQS,FBA79263,1,2540.68,33.9,0.0,2026-08-30T15:29:45+00:00,BOM5,171-3712369-8982757,INR,NEXLEV,2540.68
B0CYSLCRQS,FBA79263,1,2540.68,50.0,0.0,2026-08-30T15:12:51+00:00,BLR7,406-1611460-5687548,INR,NEXLEV,2540.68
B0DK9LYT4P,FBA79467,1,0.0,0.0,0.0,2026-08-30T15:08:47+00:00,MAA4,NLshop-11573/26-27,INR,NEXLEV,0.0
B0CDPP45BM,FBA78981,1,3286.49,0.0,0.0,2026-08-30T15:04:50+00:00,BLR7,403-0248858-4532300,INR,NEXLEV,3286.49
B0CDPP45BM,FBA78981,4,3286.49,0.0,0.0,2026-08-30T15:04:50+00:00,BLR7,403-0248858-4532300,INR,NEXLEV,13145.96
B0DQCWRG3H,FBA79493,1,1694.06,66.94,0.0,2026-08-30T14:49:50+00:00,MAA4,407-0030961-5141971,INR,NEXLEV,1694.06
B0DQCWRG3H,FBA79493,1,1694.06,66.94,0.0,2026-08-30T14:49:50+00:00,PNQ3,407-8340632-7466705,INR,NEXLEV,1694.06
B0GN86G345,FBA79989,1,2244.92,0.0,0.0,2026-08-30T14:41:54+00:00,BLR7,403-5089269-8484363,INR,NEXLEV,2244.92
B0FSF1N457,FBA79811,1,506.78,0.0,0.0,2026-08-30T14:41:54+00:00,DEL5,171-1582582-0486746,INR,NEXLEV,506.78
B0D2P5TGWK,FBA79373,1,253.38,0.0,0.0,2026-08-30T14:39:50+00:00,DEL4,405-1328018-1597932,INR,NEXLEV,253.38
B0D9KFP4MG,FBA79405,1,1524.58,16.1,0.0,2026-08-30T14:38:44+00:00,BOM5,408-9743337-8833902,INR,NEXLEV,1524.58
B0DQCWRG3H,FBA79493,1,1694.06,33.9,0.0,2026-08-30T14:33:49+00:00,PNQ3,407-9030041-3713906,INR,NEXLEV,1694.06
B0CDPP45BM,FBA78981,1,3388.14,16.1,0.0,2026-08-30T14:27:48+00:00,DEL4,404-8263594-0308348,INR,NEXLEV,3388.14
B0CDPMX152,FBA78980,1,1863.56,0.0,0.0,2026-08-30T14:09:44+00:00,MAA4,408-5239289-4961162,INR,NEXLEV,1863.56
B0DQCWRG3H,FBA79493,1,1694.07,33.9,0.0,2026-08-30T14:08:48+00:00,DED4,171-7663851-3462757,INR,NEXLEV,1694.07
B0D9KDQCCM,FBA79349,1,951.42,18.1,0.0,2026-08-30T13:35:47+00:00,BOM7,406-6763982-5534710,INR,NEXLEV,951.42
B0FS6TB7CP,FBA79812,1,1863.56,33.9,0.0,2026-08-30T13:33:53+00:00,LKO1,408-8319554-9415511,INR,NEXLEV,1863.56
B0DCGHVN81,FBA79452,1,1778.81,33.9,0.0,2026-08-30T13:25:51+00:00,DEL4,406-4858030-5050743,INR,NEXLEV,1778.81
B0FSF1N457,FBA79811,1,506.78,16.1,0.0,2026-08-30T13:01:45+00:00,MAA4,402-4075045-2746735,INR,NEXLEV,506.78
B0DQCWRG3H,FBA79493,1,1694.07,33.9,0.0,2026-08-30T12:49:50+00:00,DEL5,408-7103650-5284302,INR,NEXLEV,1694.07
B0DNJS23HS,FBA79567,1,5083.9,33.9,0.0,2026-08-30T12:45:00+00:00,CCX1,406-9533155-4777122,INR,NEXLEV,5083.9
B0CDPP45BM,FBA78981,1,3388.14,0.0,0.0,2026-08-30T12:16:53+00:00,DEL5,402-3257266-4583524,INR,NEXLEV,3388.14
B0GM1CZC7Y,FBA79984,1,4490.68,33.9,0.0,2026-08-30T12:12:48+00:00,BLR7,405-4251330-9707515,INR,NEXLEV,4490.68
B0CDPP45BM,FBA78981,1,3388.14,33.9,0.0,2026-08-30T11:57:51+00:00,DEL5,406-9771034-6549112,INR,NEXLEV,3388.14
B0CDPMX152,FBA78980,1,0.0,0.0,0.0,2026-08-30T11:51:35+00:00,BOM7,NLshop-11580/26-27,INR,NEXLEV,0.0
B0DQCWRG3H,FBA79493,1,1694.06,66.94,0.0,2026-08-30T11:33:52+00:00,BLR8,171-4081727-4865961,INR,NEXLEV,1694.06
B0DQCWRG3H,FBA79493,1,1694.06,66.94,0.0,2026-08-30T11:26:48+00:00,AMD2,408-6441956-7839526,INR,NEXLEV,1694.06
B0DTK4FY1G,FBA79698,1,1948.31,0.0,0.0,2026-08-30T11:18:51+00:00,BLR8,407-8142228-5808302,INR,NEXLEV,1948.31
B0GN8WW6BC,FBA79993,1,11862.71,0.0,0.0,2026-08-30T11:11:51+00:00,BOM5,406-7905462-2189942,INR,NEXLEV,11862.71
B0CDPP45BM,FBA78981,1,3388.14,0.0,0.0,2026-08-30T11:09:51+00:00,DED4,171-8702458-2371508,INR,NEXLEV,3388.14
B0D9KFP4MG,FBA79405,1,1524.58,33.9,0.0,2026-08-30T11:08:51+00:00,DED4,406-5272550-0672343,INR,NEXLEV,1524.58
B0F43P6D23,FBA79652,1,2964.41,66.95,0.0,2026-08-30T11:07:52+00:00,BOM5,408-1667150-1982709,INR,NEXLEV,2964.41
B0CDPP45BM,FBA78981,1,3388.14,66.94,0.0,2026-08-30T10:59:54+00:00,BLR7,403-0188111-7885166,INR,NEXLEV,3388.14
B0CDPP45BM,FBA78981,1,3388.14,16.1,0.0,2026-08-30T10:58:52+00:00,HYD8,407-7372522-7530710,INR,NEXLEV,3388.14
B0F43P6D23,FBA79652,1,2964.41,0.0,0.0,2026-08-30T10:39:44+00:00,BOM5,405-9075599-5901936,INR,NEXLEV,2964.41
B0DFCG2VGS,FBA79488,1,1355.08,16.1,0.0,2026-08-30T10:32:49+00:00,BLR7,402-6531641-1341926,INR,NEXLEV,1355.08
B0CDPP45BM,FBA78981,1,3388.14,16.1,0.0,2026-08-30T10:22:51+00:00,PNQ3,404-7842645-5218729,INR,NEXLEV,3388.14
B0D9KFP4MG,FBA79405,1,1524.58,33.9,0.0,2026-08-30T10:20:50+00:00,DEL5,404-2336411-9021960,INR,NEXLEV,1524.58
B0CDPMX152,FBA78980,1,0.0,0.0,0.0,2026-08-30T10:16:31+00:00,PNQ3,NLshop-11577/26-27,INR,NEXLEV,0.0
B0DQCWRG3H,FBA79493,1,1694.07,33.9,0.0,2026-08-30T09:41:46+00:00,DEL5,407-9330715-3097139,INR,NEXLEV,1694.07
B0DKJSCLBD,FBA79566,1,0.0,0.0,0.0,2026-08-30T09:35:32+00:00,CCX1,NLshop-11575/26-27,INR,NEXLEV,0.0
B0D845B2DG,FBA79280,1,1270.34,16.1,0.0,2026-08-30T09:32:46+00:00,CCX2,403-0234037-6787508,INR,NEXLEV,1270.34
B0DCK7ZH5P,FBA79439,1,2880.5,0.0,0.0,2026-08-30T09:12:51+00:00,BLR8,404-7361785-3745161,INR,NEXLEV,2880.5
B0FJG5PFGQ,FBA79673,1,550.0,0.0,0.0,2026-08-30T09:09:46+00:00,CCX1,171-5474668-4060314,INR,NEXLEV,550.0
B0FSF1N457,FBA79811,1,0.0,0.0,0.0,2026-08-30T09:03:38+00:00,BLR7,RAJESH B P  - Gift MC-01,INR,NEXLEV,0.0
B0D2P7WLJB,FBA79374,1,253.38,0.0,0.0,2026-08-30T08:57:50+00:00,DEL5,404-1681502-7452312,INR,NEXLEV,253.38
B0GM1CZC7Y,FBA79984,1,4490.68,0.0,0.0,2026-08-30T08:45:51+00:00,BOM5,402-9069221-9874732,INR,NEXLEV,4490.68
B0GM1CZC7Y,FBA79984,1,4490.68,0.0,0.0,2026-08-30T08:44:51+00:00,BOM5,407-4301765-9553921,INR,NEXLEV,4490.68
B0DJFH6RTL,FBA79473,1,1355.08,33.9,0.0,2026-08-30T08:33:57+00:00,HYD3,402-8122183-5340366,INR,NEXLEV,1355.08
B0CYSLCRQS,FBA79263,1,2540.68,33.9,0.0,2026-08-30T08:32:50+00:00,HYD3,405-0774476-8639527,INR,NEXLEV,2540.68
B0F43P6D23,FBA79652,1,2964.41,0.0,0.0,2026-08-30T08:30:48+00:00,BOM5,402-9478587-0208319,INR,NEXLEV,2964.41
B0D67727VG,FBP79350,1,1045.72,0.0,0.0,2026-08-30T07:53:46+00:00,MAA4,406-8860944-6323528,INR,NEXLEV,1045.72
B0F43P6D23,FBA79652,1,2964.41,0.0,0.0,2026-08-30T07:20:48+00:00,BOM5,404-7322503-8233934,INR,NEXLEV,2964.41
B0CDPMX152,FBA78980,1,1863.56,33.9,0.0,2026-08-30T07:14:48+00:00,HYD8,405-0419230-4231525,INR,NEXLEV,1863.56
B0CYSLCRQS,FBA79263,1,2540.68,33.9,0.0,2026-08-30T07:10:50+00:00,BLR8,171-5870633-8111514,INR,NEXLEV,2540.68
B0D67727VG,FBP79350,1,0.0,0.0,0.0,2026-08-30T06:59:35+00:00,BLR7,14584-1,INR,NEXLEV,0.0
B0DQCWRG3H,FBA79493,1,1694.06,33.9,0.0,2026-08-30T06:53:49+00:00,CJB1,404-5046661-1609143,INR,NEXLEV,1694.06
B0DQCWRG3H,FBA79493,1,1694.07,33.9,0.0,2026-08-30T06:47:44+00:00,CCX1,407-5150967-0466706,INR,NEXLEV,1694.07
B0CDPMX152,FBA78980,1,1863.56,0.0,0.0,2026-08-30T06:40:47+00:00,HYD8,408-1697754-3549108,INR,NEXLEV,1863.56
B0DQCWRG3H,FBA79493,1,1694.07,33.9,0.0,2026-08-30T06:24:55+00:00,MAA4,403-4765009-5827545,INR,NEXLEV,1694.07
B0CYSLCRQS,FBA79263,1,2540.68,0.0,0.0,2026-08-30T06:23:55+00:00,HYD3,404-6311097-3808312,INR,NEXLEV,2540.68
B0D2P5TGWK,FBA79373,1,0.0,0.0,0.0,2026-08-30T06:10:34+00:00,DEL4,Charu kharabanda - Gift ET-01,INR,NEXLEV,0.0
B0DQCWRG3H,FBA79493,1,1694.06,33.9,0.0,2026-08-30T05:52:50+00:00,MAA4,407-1266665-2526765,INR,NEXLEV,1694.06
B0F43P6D23,FBA79652,1,2964.41,0.0,0.0,2026-08-30T05:45:46+00:00,BOM5,408-7363795-5329954,INR,NEXLEV,2964.41
B0CDPMX152,FBA78980,1,1863.56,33.9,0.0,2026-08-30T05:35:47+00:00,CJB1,408-5363660-6783551,INR,NEXLEV,1863.56
B0CDPP45BM,FBA78981,1,3388.14,0.0,0.0,2026-08-30T05:02:50+00:00,BOM7,406-6441582-9002752,INR,NEXLEV,3388.14
B0DQCWRG3H,FBA79493,1,1694.07,33.9,0.0,2026-08-30T05:00:57+00:00,CJB1,404-8679533-4688338,INR,NEXLEV,1694.07
B0DQCWRG3H,FBA79493,1,1694.06,33.9,25.42,2026-08-30T04:22:48+00:00,MAA4,402-2191209-5481157,INR,NEXLEV,1694.06
B0CYSLCRQS,FBA79263,1,2540.68,0.0,0.0,2026-08-30T04:13:43+00:00,CCX2,408-7923630-5658747,INR,NEXLEV,2540.68
B0CDPP45BM,FBA78981,1,3388.14,0.0,0.0,2026-08-30T03:54:49+00:00,BOM7,406-3042723-6380359,INR,NEXLEV,3388.14
B0D2P7WLJB,FBA79374,1,253.39,33.9,0.0,2026-08-30T03:40:46+00:00,HYD3,407-6708395-3613933,INR,NEXLEV,253.39
B0CDPMX152,FBA78980,1,0.0,0.0,0.0,2026-08-30T03:25:34+00:00,BLR7,27100204-1,INR,NEXLEV,0.0
